# 3D Model: tree/canopy/tree_canopy_ov_71b76588-800c-4b51-892d-fb42f7067fb5 (v6 Gemini)
# Style: broadleaf open radial crown | Symmetry: asymmetric
# Dimensions: 6.433 x 8.362 x 6.671 m
# Triangles: 1968 | Vertices: 1191
v 0.7 0 0
v 0.5663 0 0.4114
v 0.2163 0 0.6657
v -0.2163 0 0.6657
v -0.5663 0 0.4114
v -0.7 0 0
v -0.5663 0 -0.4114
v -0.2163 0 -0.6657
v 0.2163 0 -0.6657
v 0.5663 0 -0.4114
v 0.25 6.2153 0
v 0.2023 6.2153 0.1469
v 0.0773 6.2153 0.2378
v -0.0773 6.2153 0.2378
v -0.2023 6.2153 0.1469
v -0.25 6.2153 0
v -0.2023 6.2153 -0.1469
v -0.0773 6.2153 -0.2378
v 0.0773 6.2153 -0.2378
v 0.2023 6.2153 -0.1469
v 0 0 0
v 0 6.2153 0
v 0.78 0 0
v 0.631 0 0.4585
v 0.241 0 0.7418
v -0.241 0 0.7418
v -0.631 0 0.4585
v -0.78 0 0
v -0.631 0 -0.4585
v -0.241 0 -0.7418
v 0.241 0 -0.7418
v 0.631 0 -0.4585
v 0.5616 0.5 0
v 0.4543 0.5 0.3301
v 0.1735 0.5 0.5341
v -0.1735 0.5 0.5341
v -0.4543 0.5 0.3301
v -0.5616 0.5 0
v -0.4543 0.5 -0.3301
v -0.1735 0.5 -0.5341
v 0.1735 0.5 -0.5341
v 0.4543 0.5 -0.3301
v 0 0 0
v 0 0.5 0
v 0.0202 5.6245 -0.1132
v 0.052 5.544 -0.0635
v 0.0446 5.5241 0.034
v 0.0036 5.5798 0.1059
v -0.0401 5.6692 0.0981
v -0.0536 5.7249 0.0164
v -0.0267 5.7051 -0.0776
v 0.4808 5.8597 0.0018
v 0.5036 5.8017 0.0376
v 0.4983 5.7874 0.1078
v 0.4688 5.8275 0.1596
v 0.4374 5.8919 0.154
v 0.4276 5.932 0.0952
v 0.447 5.9177 0.0275
v 0 5.6245 0
v 0.4662 5.8597 0.0833
v 0.4782 5.8597 0.0164
v 0.5002 5.8139 0.0463
v 0.4966 5.8025 0.1041
v 0.4702 5.8342 0.1463
v 0.4407 5.8851 0.141
v 0.4305 5.9168 0.0923
v 0.4471 5.9055 0.0369
v 1.6755 6.5773 0.2498
v 1.6913 6.5443 0.2713
v 1.6888 6.5362 0.3129
v 1.6697 6.559 0.3433
v 1.6485 6.5956 0.3395
v 1.6411 6.6184 0.3044
v 1.6531 6.6103 0.2645
v 0.4662 5.8597 0.0833
v 1.6669 6.5773 0.298
v 1.6689 6.9204 0.3407
v 1.6689 6.9204 0.3407
v 1.6689 6.9204 0.3407
v 1.6689 6.9204 0.3407
v 1.6689 6.9204 0.3407
v 1.6689 6.9204 0.3407
v 1.6689 6.9204 0.3407
v 1.6689 6.9204 0.3407
v 1.6689 6.9204 0.3407
v 1.6689 6.9204 0.3407
v 1.6689 6.9204 0.3407
v 2.0496 6.9004 0.2694
v 2.0114 6.8753 0.4731
v 1.8423 6.8574 0.6251
v 1.6069 6.8536 0.6671
v 1.3952 6.8653 0.5833
v 1.2879 6.8881 0.4055
v 1.3262 6.9133 0.2018
v 1.4953 6.9312 0.0498
v 1.7307 6.935 0.0078
v 1.9424 6.9232 0.0916
v 2.0496 6.9004 0.2694
v 2.3721 6.8313 0.2024
v 2.3014 6.7848 0.5789
v 1.9889 6.7517 0.8596
v 1.554 6.7447 0.9374
v 1.1628 6.7664 0.7824
v 0.9646 6.8085 0.454
v 1.0353 6.855 0.0775
v 1.3478 6.8881 -0.2033
v 1.7827 6.8951 -0.281
v 2.1739 6.8734 -0.1261
v 2.3721 6.8313 0.2024
v 2.5871 6.7235 0.1499
v 2.4948 6.6627 0.6419
v 2.0865 6.6195 1.0087
v 1.5183 6.6103 1.1103
v 1.0071 6.6387 0.9078
v 0.7482 6.6937 0.4787
v 0.8405 6.7544 -0.0132
v 1.2488 6.7977 -0.38
v 1.817 6.8069 -0.4816
v 2.3282 6.7785 -0.2792
v 2.5871 6.7235 0.1499
v 2.6621 6.5934 0.12
v 2.5621 6.5277 0.6525
v 2.1202 6.4809 1.0495
v 1.5052 6.4709 1.1595
v 0.9519 6.5016 0.9404
v 0.6717 6.5612 0.4759
v 0.7716 6.6269 -0.0566
v 1.2135 6.6737 -0.4536
v 1.8286 6.6837 -0.5636
v 2.3819 6.653 -0.3445
v 2.6621 6.5934 0.12
v 2.5855 6.4609 0.1172
v 2.4932 6.4002 0.6091
v 2.0849 6.3569 0.976
v 1.5167 6.3477 1.0776
v 1.0055 6.3761 0.8751
v 0.7466 6.4311 0.446
v 0.8389 6.4919 -0.046
v 1.2472 6.5351 -0.4128
v 1.8154 6.5443 -0.5144
v 2.3266 6.5159 -0.3119
v 2.5855 6.4609 0.1172
v 2.3691 6.3461 0.1419
v 2.2984 6.2996 0.5184
v 1.986 6.2665 0.7992
v 1.551 6.2595 0.8769
v 1.1598 6.2812 0.722
v 0.9617 6.3233 0.3935
v 1.0323 6.3698 0.017
v 1.3448 6.4029 -0.2637
v 1.7797 6.4099 -0.3415
v 2.171 6.3882 -0.1865
v 2.3691 6.3461 0.1419
v 2.0458 6.2665 0.1904
v 2.0075 6.2413 0.3941
v 1.8384 6.2234 0.5461
v 1.603 6.2196 0.5882
v 1.3913 6.2314 0.5043
v 1.2841 6.2542 0.3266
v 1.3223 6.2793 0.1228
v 1.4914 6.2972 -0.0292
v 1.7268 6.301 -0.0712
v 1.9385 6.2893 0.0126
v 2.0458 6.2665 0.1904
v 1.6648 6.2342 0.2552
v 1.6648 6.2342 0.2552
v 1.6648 6.2342 0.2552
v 1.6648 6.2342 0.2552
v 1.6648 6.2342 0.2552
v 1.6648 6.2342 0.2552
v 1.6648 6.2342 0.2552
v 1.6648 6.2342 0.2552
v 1.6648 6.2342 0.2552
v 1.6648 6.2342 0.2552
v 1.6648 6.2342 0.2552
v 0.074 5.6712 -0.0881
v 0.0694 5.5866 -0.0353
v 0.0126 5.5657 0.044
v -0.0537 5.6242 0.0902
v -0.0796 5.7181 0.0685
v -0.0455 5.7767 -0.0048
v 0.0228 5.7558 -0.0745
v 0.6944 5.9727 0.4752
v 0.6912 5.9118 0.5132
v 0.6503 5.8967 0.5703
v 0.6025 5.9389 0.6035
v 0.5839 6.0065 0.5879
v 0.6084 6.0486 0.5351
v 0.6576 6.0336 0.485
v 0 5.6712 0
v 0.6412 5.9727 0.5386
v 0.6849 5.9727 0.4865
v 0.681 5.9221 0.5167
v 0.6471 5.9096 0.5633
v 0.6087 5.9446 0.5914
v 0.5948 6.0008 0.5797
v 0.6158 6.0358 0.5371
v 0.6559 6.0233 0.4956
v 2.0449 6.5526 1.6538
v 2.042 6.5162 1.6755
v 2.0176 6.5072 1.7091
v 1.99 6.5324 1.7293
v 1.98 6.5728 1.7209
v 1.9951 6.598 1.6902
v 2.024 6.589 1.6603
v 0.6412 5.9727 0.5386
v 2.0134 6.5526 1.6913
v 2.0108 6.9053 1.7185
v 2.0108 6.9053 1.7185
v 2.0108 6.9053 1.7185
v 2.0108 6.9053 1.7185
v 2.0108 6.9053 1.7185
v 2.0108 6.9053 1.7185
v 2.0108 6.9053 1.7185
v 2.0108 6.9053 1.7185
v 2.0108 6.9053 1.7185
v 2.0108 6.9053 1.7185
v 2.0108 6.9053 1.7185
v 2.2983 6.8993 1.4744
v 2.3869 6.8833 1.69
v 2.3319 6.8654 1.9156
v 2.1543 6.8526 2.0652
v 1.922 6.8496 2.0816
v 1.7236 6.8577 1.9585
v 1.635 6.8737 1.7429
v 1.69 6.8915 1.5173
v 1.8676 6.9044 1.3677
v 2.1 6.9073 1.3513
v 2.2983 6.8993 1.4744
v 2.5425 6.8405 1.2634
v 2.7062 6.8109 1.6616
v 2.6046 6.7779 2.0786
v 2.2764 6.7542 2.355
v 1.8471 6.7487 2.3852
v 1.4806 6.7636 2.1578
v 1.3169 6.7931 1.7595
v 1.4185 6.8261 1.3425
v 1.7467 6.8499 1.0661
v 2.176 6.8553 1.0359
v 2.5425 6.8405 1.2634
v 2.7061 6.7378 1.1174
v 2.92 6.6992 1.6378
v 2.7872 6.6561 2.1826
v 2.3585 6.6251 2.5437
v 1.7975 6.6179 2.5832
v 1.3186 6.6374 2.286
v 1.1047 6.676 1.7656
v 1.2375 6.719 1.2208
v 1.6663 6.7501 0.8597
v 2.2272 6.7573 0.8202
v 2.7061 6.7378 1.1174
v 2.7643 6.607 1.0589
v 2.9958 6.5652 1.6221
v 2.8521 6.5186 2.2118
v 2.388 6.485 2.6026
v 1.7808 6.4772 2.6454
v 1.2625 6.4982 2.3237
v 1.0309 6.54 1.7605
v 1.1747 6.5867 1.1708
v 1.6388 6.6203 0.7799
v 2.2459 6.628 0.7372
v 2.7643 6.607 1.0589
v 2.7081 6.4679 1.0966
v 2.922 6.4292 1.6169
v 2.7892 6.3862 2.1617
v 2.3605 6.3551 2.5228
v 1.7995 6.348 2.5623
v 1.3206 6.3674 2.2652
v 1.1067 6.406 1.7448
v 1.2395 6.4491 1.2
v 1.6683 6.4801 0.8389
v 2.2292 6.4873 0.7994
v 2.7081 6.4679 1.0966
v 2.5462 6.3416 1.2248
v 2.7099 6.3121 1.6231
v 2.6082 6.2791 2.0401
v 2.2801 6.2554 2.3164
v 1.8508 6.2499 2.3467
v 1.4842 6.2647 2.1192
v 1.3205 6.2943 1.7209
v 1.4222 6.3273 1.304
v 1.7503 6.351 1.0276
v 2.1797 6.3565 0.9974
v 2.5462 6.3416 1.2248
v 2.3031 6.2475 1.4241
v 2.3917 6.2315 1.6396
v 2.3367 6.2137 1.8653
v 2.1591 6.2008 2.0149
v 1.9268 6.1979 2.0312
v 1.7284 6.2059 1.9081
v 1.6398 6.2219 1.6926
v 1.6948 6.2398 1.4669
v 1.8724 6.2526 1.3174
v 2.1048 6.2556 1.301
v 2.3031 6.2475 1.4241
v 2.016 6.1999 1.664
v 2.016 6.1999 1.664
v 2.016 6.1999 1.664
v 2.016 6.1999 1.664
v 2.016 6.1999 1.664
v 2.016 6.1999 1.664
v 2.016 6.1999 1.664
v 2.016 6.1999 1.664
v 2.016 6.1999 1.664
v 2.016 6.1999 1.664
v 2.016 6.1999 1.664
v 0.115 5.4832 -0.0015
v 0.0719 5.395 0.0164
v -0.0253 5.3732 0.0219
v -0.1035 5.4343 0.011
v -0.1037 5.5322 -0.0082
v -0.0259 5.5932 -0.0213
v 0.0715 5.5714 -0.0183
v 0.095 5.6635 0.9171
v 0.064 5.6 0.9299
v -0.006 5.5843 0.934
v -0.0623 5.6283 0.9261
v -0.0625 5.6988 0.9122
v -0.0064 5.7427 0.9029
v 0.0637 5.7271 0.905
v 0 5.4832 0
v 0.0122 5.6635 0.9182
v 0.0802 5.6635 0.9173
v 0.0549 5.615 0.9393
v -0.0025 5.603 0.9455
v -0.0489 5.6366 0.931
v -0.0492 5.6905 0.9069
v -0.0033 5.724 0.8913
v 0.0543 5.7121 0.8959
v 0.0797 6.2858 2.3061
v 0.0615 6.2508 2.322
v 0.0201 6.2422 2.3264
v -0.0133 6.2664 2.316
v -0.0135 6.3051 2.2986
v 0.0196 6.3293 2.2873
v 0.061 6.3207 2.2907
v 0.0122 5.6635 0.9182
v 0.0307 6.2858 2.3067
v 0.0058 6.6043 2.3067
v 0.0058 6.6043 2.3067
v 0.0058 6.6043 2.3067
v 0.0058 6.6043 2.3067
v 0.0058 6.6043 2.3067
v 0.0058 6.6043 2.3067
v 0.0058 6.6043 2.3067
v 0.0058 6.6043 2.3067
v 0.0058 6.6043 2.3067
v 0.0058 6.6043 2.3067
v 0.0058 6.6043 2.3067
v 0.0137 6.5805 1.8547
v 0.1591 6.5919 1.943
v 0.2467 6.5988 2.1702
v 0.243 6.5984 2.4496
v 0.1494 6.5911 2.6744
v 0.0017 6.5795 2.7587
v -0.1438 6.5681 2.6704
v -0.2314 6.5613 2.4432
v -0.2277 6.5616 2.1639
v -0.1341 6.5689 1.9391
v 0.0137 6.5805 1.8547
v 0.0242 6.5119 1.4715
v 0.2929 6.5329 1.6347
v 0.4548 6.5456 2.0545
v 0.4479 6.545 2.5707
v 0.275 6.5315 2.986
v 0.002 6.5101 3.1419
v -0.2668 6.489 2.9788
v -0.4286 6.4763 2.559
v -0.4218 6.4769 2.0428
v -0.2488 6.4905 1.6274
v 0.0242 6.5119 1.4715
v 0.0357 6.4088 1.2155
v 0.3868 6.4364 1.4286
v 0.5983 6.4529 1.9772
v 0.5893 6.4522 2.6516
v 0.3634 6.4344 3.1943
v 0.0067 6.4064 3.3979
v -0.3445 6.3789 3.1848
v -0.5559 6.3624 2.6363
v -0.547 6.3631 1.9619
v -0.321 6.3809 1.4192
v 0.0357 6.4088 1.2155
v 0.0464 6.2871 1.1256
v 0.4265 6.3168 1.3563
v 0.6554 6.3347 1.95
v 0.6457 6.3339 2.68
v 0.4011 6.3147 3.2674
v 0.015 6.2845 3.4878
v -0.365 6.2547 3.2571
v -0.5939 6.2368 2.6634
v -0.5842 6.2376 1.9334
v -0.3397 6.2568 1.346
v 0.0464 6.2871 1.1256
v 0.0548 6.1651 1.2155
v 0.4059 6.1926 1.4286
v 0.6174 6.2091 1.9771
v 0.6084 6.2084 2.6516
v 0.3825 6.1907 3.1943
v 0.0258 6.1627 3.3979
v -0.3253 6.1352 3.1848
v -0.5368 6.1186 2.6363
v -0.5279 6.1194 1.9618
v -0.3019 6.1371 1.4192
v 0.0548 6.1651 1.2155
v 0.0595 6.0615 1.4715
v 0.3282 6.0825 1.6346
v 0.4901 6.0952 2.0545
v 0.4832 6.0946 2.5706
v 0.3103 6.081 2.986
v 0.0373 6.0596 3.1419
v -0.2315 6.0386 2.9788
v -0.3933 6.0259 2.5589
v -0.3865 6.0265 2.0428
v -0.2135 6.0401 1.6274
v 0.0595 6.0615 1.4715
v 0.0598 5.992 1.8547
v 0.2052 6.0034 1.943
v 0.2928 6.0103 2.1702
v 0.2891 6.01 2.4495
v 0.1955 6.0026 2.6743
v 0.0478 5.991 2.7587
v -0.0977 5.9796 2.6704
v -0.1853 5.9728 2.4432
v -0.1815 5.9731 2.1639
v -0.0879 5.9804 1.9391
v 0.0598 5.992 1.8547
v 0.0557 5.9673 2.3067
v 0.0557 5.9673 2.3067
v 0.0557 5.9673 2.3067
v 0.0557 5.9673 2.3067
v 0.0557 5.9673 2.3067
v 0.0557 5.9673 2.3067
v 0.0557 5.9673 2.3067
v 0.0557 5.9673 2.3067
v 0.0557 5.9673 2.3067
v 0.0557 5.9673 2.3067
v 0.0557 5.9673 2.3067
v 0.071 5.4444 0.0904
v 0.0153 5.3624 0.0791
v -0.0519 5.3422 0.0083
v -0.0801 5.3989 -0.0688
v -0.0479 5.4899 -0.0941
v 0.0203 5.5467 -0.0485
v 0.0733 5.5264 0.0336
v -0.4047 5.7048 0.4232
v -0.4448 5.6457 0.415
v -0.4932 5.6311 0.364
v -0.5135 5.672 0.3085
v -0.4903 5.7376 0.2903
v -0.4412 5.7784 0.3231
v -0.4031 5.7638 0.3823
v 0 5.4444 0
v -0.4558 5.7048 0.3581
v -0.4138 5.7048 0.4115
v -0.4372 5.6525 0.3973
v -0.4746 5.6396 0.3535
v -0.4978 5.6758 0.3132
v -0.4895 5.7338 0.3066
v -0.4558 5.77 0.3388
v -0.4221 5.7571 0.3855
v -1.8977 6.0473 1.5529
v -1.9145 6.0096 1.5427
v -1.9414 6.0003 1.5112
v -1.9582 6.0264 1.4821
v -1.9521 6.0682 1.4774
v -1.9279 6.0942 1.5006
v -1.9036 6.0849 1.5342
v -0.4558 5.7048 0.3581
v -1.9279 6.0473 1.5144
v -1.9015 6.3679 1.5268
v -1.9015 6.3679 1.5268
v -1.9015 6.3679 1.5268
v -1.9015 6.3679 1.5268
v -1.9015 6.3679 1.5268
v -1.9015 6.3679 1.5268
v -1.9015 6.3679 1.5268
v -1.9015 6.3679 1.5268
v -1.9015 6.3679 1.5268
v -1.9015 6.3679 1.5268
v -1.9015 6.3679 1.5268
v -2.2496 6.3826 1.2522
v -2.0783 6.3716 1.1709
v -1.8403 6.3499 1.2252
v -1.6264 6.3257 1.3943
v -1.5183 6.3084 1.6137
v -1.5574 6.3044 1.7995
v -1.7287 6.3154 1.8808
v -1.9667 6.3371 1.8265
v -2.1806 6.3613 1.6574
v -2.2887 6.3786 1.438
v -2.2496 6.3826 1.2522
v -2.5488 6.3462 1.0176
v -2.2323 6.3259 0.8674
v -1.7924 6.2858 0.9676
v -1.3971 6.2412 1.2801
v -1.1975 6.2091 1.6854
v -1.2697 6.2018 2.0288
v -1.5862 6.2221 2.179
v -2.026 6.2622 2.0787
v -2.4213 6.3068 1.7662
v -2.621 6.3389 1.3609
v -2.5488 6.3462 1.0176
v -2.7534 6.2643 0.8586
v -2.3399 6.2378 0.6623
v -1.7652 6.1854 0.7933
v -1.2487 6.1271 1.2016
v -0.9878 6.0852 1.7312
v -1.0822 6.0757 2.1797
v -1.4957 6.1022 2.376
v -2.0704 6.1546 2.245
v -2.5869 6.2129 1.8367
v -2.8478 6.2548 1.3072
v -2.7534 6.2643 0.8586
v -2.8324 6.1494 0.7994
v -2.3848 6.1207 0.587
v -1.7627 6.064 0.7288
v -1.2037 6.0009 1.1707
v -0.9213 5.9555 1.7439
v -1.0234 5.9452 2.2294
v -1.471 5.9739 2.4419
v -2.0931 6.0306 2.3001
v -2.6521 6.0937 1.8582
v -2.9345 6.1391 1.285
v -2.8324 6.1494 0.7994
v -2.7736 6.0189 0.8491
v -2.3601 5.9924 0.6528
v -1.7854 5.94 0.7839
v -1.2689 5.8817 1.1921
v -1.008 5.8398 1.7217
v -1.1024 5.8303 2.1703
v -1.5159 5.8568 2.3665
v -2.0906 5.9092 2.2355
v -2.6071 5.9675 1.8273
v -2.868 6.0094 1.2977
v -2.7736 6.0189 0.8491
v -2.5861 5.8928 1.0001
v -2.2697 5.8725 0.8499
v -1.8298 5.8324 0.9502
v -1.4345 5.7878 1.2626
v -1.2348 5.7557 1.6679
v -1.307 5.7484 2.0113
v -1.6235 5.7687 2.1615
v -2.0634 5.8088 2.0612
v -2.4587 5.8534 1.7487
v -2.6583 5.8855 1.3434
v -2.5861 5.8928 1.0001
v -2.2984 5.7902 1.2294
v -2.1272 5.7792 1.1481
v -1.8891 5.7575 1.2024
v -1.6752 5.7333 1.3715
v -1.5671 5.716 1.5908
v -1.6062 5.712 1.7766
v -1.7775 5.723 1.8579
v -2.0155 5.7447 1.8036
v -2.2294 5.7688 1.6345
v -2.3375 5.7862 1.4152
v -2.2984 5.7902 1.2294
v -1.9543 5.7267 1.5021
v -1.9543 5.7267 1.5021
v -1.9543 5.7267 1.5021
v -1.9543 5.7267 1.5021
v -1.9543 5.7267 1.5021
v -1.9543 5.7267 1.5021
v -1.9543 5.7267 1.5021
v -1.9543 5.7267 1.5021
v -1.9543 5.7267 1.5021
v -1.9543 5.7267 1.5021
v -1.9543 5.7267 1.5021
v -0.013 5.7539 0.1143
v -0.0435 5.6713 0.0672
v -0.0413 5.651 -0.0305
v -0.0079 5.7081 -0.1052
v 0.0314 5.7997 -0.1007
v 0.0471 5.8568 -0.0204
v 0.0273 5.8364 0.0753
v -0.6391 6.0276 0.0106
v -0.6611 5.9681 -0.0233
v -0.6595 5.9534 -0.0936
v -0.6355 5.9946 -0.1474
v -0.6072 6.0605 -0.1442
v -0.5959 6.1017 -0.0864
v -0.6101 6.087 -0.0175
v 0 5.7539 0
v -0.6298 6.0276 -0.0717
v -0.6375 6.0276 -0.0041
v -0.6481 5.9762 -0.0311
v -0.6449 5.9635 -0.0886
v -0.6303 5.999 -0.1334
v -0.6154 6.0561 -0.1317
v -0.6112 6.0916 -0.0848
v -0.6211 6.079 -0.028
v -2.5464 6.5361 -0.2405
v -2.5541 6.4991 -0.2599
v -2.5518 6.4899 -0.3014
v -2.5413 6.5155 -0.3336
v -2.5305 6.5566 -0.3324
v -2.5275 6.5822 -0.2986
v -2.5346 6.5731 -0.2577
v -0.6298 6.0276 -0.0717
v -2.5409 6.5361 -0.2892
v -2.589 6.9524 -0.3508
v -2.589 6.9524 -0.3508
v -2.589 6.9524 -0.3508
v -2.589 6.9524 -0.3508
v -2.589 6.9524 -0.3508
v -2.589 6.9524 -0.3508
v -2.589 6.9524 -0.3508
v -2.589 6.9524 -0.3508
v -2.589 6.9524 -0.3508
v -2.589 6.9524 -0.3508
v -2.589 6.9524 -0.3508
v -2.9282 6.8869 -0.3069
v -2.8765 6.8711 -0.4539
v -2.7136 6.8742 -0.5597
v -2.5017 6.8951 -0.584
v -2.3218 6.9258 -0.5173
v -2.2426 6.9545 -0.3853
v -2.2943 6.9703 -0.2383
v -2.4572 6.9671 -0.1325
v -2.669 6.9462 -0.1083
v -2.8489 6.9156 -0.1749
v -2.9282 6.8869 -0.3069
v -3.2083 6.7679 -0.2603
v -3.1128 6.7388 -0.5319
v -2.8118 6.7446 -0.7275
v -2.4203 6.7833 -0.7722
v -2.0879 6.8399 -0.6491
v -1.9415 6.893 -0.4052
v -2.0371 6.9221 -0.1336
v -2.3381 6.9163 0.062
v -2.7295 6.8776 0.1067
v -3.0619 6.821 -0.0164
v -3.2083 6.7679 -0.2603
v -3.3869 6.6137 -0.2181
v -3.2621 6.5756 -0.573
v -2.8688 6.5832 -0.8285
v -2.3573 6.6337 -0.887
v -1.923 6.7078 -0.7261
v -1.7318 6.7771 -0.4074
v -1.8566 6.8152 -0.0525
v -2.2498 6.8075 0.203
v -2.7613 6.7571 0.2614
v -3.1956 6.683 0.1006
v -3.3869 6.6137 -0.2181
v -3.4367 6.4477 -0.1867
v -3.3015 6.4064 -0.5708
v -2.8759 6.4147 -0.8474
v -2.3223 6.4693 -0.9107
v -1.8522 6.5495 -0.7366
v -1.6451 6.6245 -0.3916
v -1.7803 6.6657 -0.0075
v -2.2059 6.6575 0.269
v -2.7595 6.6028 0.3323
v -3.2296 6.5227 0.1583
v -3.4367 6.4477 -0.1867
v -3.3501 6.2951 -0.1709
v -3.2252 6.257 -0.5258
v -2.832 6.2646 -0.7813
v -2.3205 6.3151 -0.8398
v -1.8862 6.3891 -0.6789
v -1.6949 6.4584 -0.3602
v -1.8197 6.4966 -0.0053
v -2.213 6.4889 0.2501
v -2.7245 6.4384 0.3086
v -3.1588 6.3644 0.1478
v -3.3501 6.2951 -0.1709
v -3.1403 6.1792 -0.1731
v -3.0447 6.15 -0.4448
v -2.7437 6.1559 -0.6403
v -2.3523 6.1945 -0.6851
v -2.0199 6.2512 -0.562
v -1.8735 6.3042 -0.318
v -1.969 6.3334 -0.0464
v -2.27 6.3275 0.1491
v -2.6615 6.2889 0.1939
v -2.9939 6.2322 0.0708
v -3.1403 6.1792 -0.1731
v -2.8392 6.1176 -0.193
v -2.7875 6.1019 -0.34
v -2.6246 6.105 -0.4458
v -2.4128 6.1259 -0.4701
v -2.2329 6.1566 -0.4034
v -2.1536 6.1853 -0.2714
v -2.2053 6.2011 -0.1244
v -2.3682 6.1979 -0.0186
v -2.5801 6.177 0.0056
v -2.76 6.1463 -0.061
v -2.8392 6.1176 -0.193
v -2.4928 6.1198 -0.2275
v -2.4928 6.1198 -0.2275
v -2.4928 6.1198 -0.2275
v -2.4928 6.1198 -0.2275
v -2.4928 6.1198 -0.2275
v -2.4928 6.1198 -0.2275
v -2.4928 6.1198 -0.2275
v -2.4928 6.1198 -0.2275
v -2.4928 6.1198 -0.2275
v -2.4928 6.1198 -0.2275
v -2.4928 6.1198 -0.2275
v -0.0791 5.5896 0.0835
v -0.0595 5.5008 0.0424
v 0.005 5.4789 -0.0306
v 0.0656 5.5403 -0.0805
v 0.0769 5.6389 -0.0699
v 0.0303 5.7004 -0.0066
v -0.0392 5.6784 0.0617
v -0.6458 5.7173 -0.498
v -0.6317 5.6533 -0.5275
v -0.5853 5.6375 -0.5801
v -0.5416 5.6818 -0.6161
v -0.5335 5.7528 -0.6084
v -0.5671 5.797 -0.5628
v -0.6171 5.7812 -0.5137
v 0 5.5896 0
v -0.5889 5.7173 -0.5581
v -0.6357 5.7173 -0.5087
v -0.637 5.671 -0.5453
v -0.6022 5.6596 -0.5915
v -0.5573 5.6916 -0.6126
v -0.5362 5.7429 -0.5926
v -0.5548 5.775 -0.5466
v -0.5991 5.7635 -0.5093
v -1.5321 6.426 -1.3846
v -1.5331 6.3927 -1.4109
v -1.508 6.3845 -1.4442
v -1.4757 6.4075 -1.4593
v -1.4605 6.4445 -1.4449
v -1.4739 6.4676 -1.4118
v -1.5058 6.4593 -1.385
v -0.5889 5.7173 -0.5581
v -1.4985 6.426 -1.4201
v -1.5495 6.809 -1.4459
v -1.5495 6.809 -1.4459
v -1.5495 6.809 -1.4459
v -1.5495 6.809 -1.4459
v -1.5495 6.809 -1.4459
v -1.5495 6.809 -1.4459
v -1.5495 6.809 -1.4459
v -1.5495 6.809 -1.4459
v -1.5495 6.809 -1.4459
v -1.5495 6.809 -1.4459
v -1.5495 6.809 -1.4459
v -1.9086 6.7547 -1.099
v -1.9328 6.7403 -1.2647
v -1.809 6.741 -1.4988
v -1.5847 6.7566 -1.712
v -1.3454 6.781 -1.8227
v -1.1825 6.805 -1.7888
v -1.1584 6.8193 -1.6231
v -1.2821 6.8186 -1.389
v -1.5065 6.803 -1.1758
v -1.7458 6.7786 -1.0651
v -1.9086 6.7547 -1.099
v -2.2053 6.6503 -0.8011
v -2.2499 6.6238 -1.1072
v -2.0213 6.6252 -1.5398
v -1.6067 6.6539 -1.9336
v -1.1646 6.699 -2.1383
v -0.8637 6.7433 -2.0755
v -0.8191 6.7698 -1.7694
v -1.0477 6.7684 -1.3368
v -1.4623 6.7397 -0.943
v -1.9045 6.6946 -0.7384
v -2.2053 6.6503 -0.8011
v -2.3944 6.5118 -0.5974
v -2.4527 6.4772 -0.9973
v -2.154 6.4789 -1.5625
v -1.6123 6.5165 -2.0771
v -1.0346 6.5754 -2.3445
v -0.6415 6.6333 -2.2625
v -0.5832 6.6679 -1.8626
v -0.882 6.6662 -1.2974
v -1.4236 6.6286 -0.7828
v -2.0013 6.5697 -0.5154
v -2.3944 6.5118 -0.5974
v -2.4471 6.3603 -0.5189
v -2.5102 6.3228 -0.9518
v -2.1869 6.3247 -1.5636
v -1.6006 6.3653 -2.1206
v -0.9753 6.4291 -2.41
v -0.5498 6.4917 -2.3213
v -0.4867 6.5292 -1.8884
v -0.81 6.5273 -1.2766
v -1.3963 6.4867 -0.7196
v -2.0216 6.4229 -0.4302
v -2.4471 6.3603 -0.5189
v -2.3554 6.2187 -0.5777
v -2.4137 6.1841 -0.9776
v -2.115 6.1858 -1.5428
v -1.5733 6.2234 -2.0574
v -0.9956 6.2823 -2.3248
v -0.6025 6.3402 -2.2428
v -0.5442 6.3748 -1.8429
v -0.8429 6.3731 -1.2777
v -1.3846 6.3355 -0.7631
v -1.9623 6.2766 -0.4957
v -2.3554 6.2187 -0.5777
v -2.1332 6.1087 -0.7647
v -2.1778 6.0822 -1.0708
v -1.9492 6.0836 -1.5034
v -1.5346 6.1123 -1.8972
v -1.0925 6.1574 -2.1018
v -0.7916 6.2017 -2.0391
v -0.747 6.2282 -1.733
v -0.9756 6.2269 -1.3004
v -1.3902 6.1981 -0.9066
v -1.8323 6.153 -0.7019
v -2.1332 6.1087 -0.7647
v -1.8144 6.047 -1.0514
v -1.8385 6.0327 -1.2171
v -1.7148 6.0334 -1.4512
v -1.4904 6.049 -1.6644
v -1.2511 6.0734 -1.7751
v -1.0883 6.0973 -1.7412
v -1.0642 6.1117 -1.5755
v -1.1879 6.111 -1.3414
v -1.4123 6.0954 -1.1282
v -1.6516 6.071 -1.0175
v -1.8144 6.047 -1.0514
v -1.4475 6.043 -1.3943
v -1.4475 6.043 -1.3943
v -1.4475 6.043 -1.3943
v -1.4475 6.043 -1.3943
v -1.4475 6.043 -1.3943
v -1.4475 6.043 -1.3943
v -1.4475 6.043 -1.3943
v -1.4475 6.043 -1.3943
v -1.4475 6.043 -1.3943
v -1.4475 6.043 -1.3943
v -1.4475 6.043 -1.3943
v -0.1146 5.1637 0.01
v -0.0744 5.0806 -0.0278
v 0.0218 5.06 -0.0446
v 0.1016 5.1176 -0.0279
v 0.1049 5.2099 0.0099
v 0.0292 5.2675 0.0402
v -0.0685 5.2469 0.0402
v -0.1351 5.4123 -0.5962
v -0.1062 5.3524 -0.6234
v -0.0369 5.3377 -0.6355
v 0.0205 5.3791 -0.6234
v 0.0229 5.4456 -0.5963
v -0.0316 5.487 -0.5744
v -0.1019 5.4722 -0.5744
v 0 5.1637 0
v -0.0526 5.4123 -0.6034
v -0.1203 5.4123 -0.5975
v -0.0961 5.3612 -0.614
v -0.0391 5.3485 -0.6226
v 0.0078 5.3839 -0.6166
v 0.0091 5.4407 -0.6007
v -0.036 5.4762 -0.5868
v -0.0936 5.4635 -0.5854
v -0.2424 5.8687 -2.2173
v -0.2249 5.8318 -2.2292
v -0.1839 5.8227 -2.2354
v -0.1502 5.8482 -2.2311
v -0.1492 5.8891 -2.2196
v -0.1817 5.9146 -2.2096
v -0.2231 5.9055 -2.2086
v -0.0526 5.4123 -0.6034
v -0.1936 5.8687 -2.2215
v -0.2088 6.2228 -2.2247
v -0.2088 6.2228 -2.2247
v -0.2088 6.2228 -2.2247
v -0.2088 6.2228 -2.2247
v -0.2088 6.2228 -2.2247
v -0.2088 6.2228 -2.2247
v -0.2088 6.2228 -2.2247
v -0.2088 6.2228 -2.2247
v -0.2088 6.2228 -2.2247
v -0.2088 6.2228 -2.2247
v -0.2088 6.2228 -2.2247
v -0.2397 6.1978 -1.8563
v -0.4414 6.1883 -1.9447
v -0.5538 6.1817 -2.1399
v -0.534 6.1805 -2.3674
v -0.3896 6.1852 -2.5404
v -0.1757 6.1939 -2.5926
v 0.026 6.2034 -2.5043
v 0.1384 6.2099 -2.3091
v 0.1186 6.2111 -2.0815
v -0.0258 6.2065 -1.9086
v -0.2397 6.1978 -1.8563
v -0.2636 6.1227 -1.5435
v -0.6362 6.1052 -1.7068
v -0.8439 6.093 -2.0675
v -0.8073 6.0908 -2.4879
v -0.5404 6.0994 -2.8075
v -0.1452 6.1155 -2.9041
v 0.2274 6.133 -2.7408
v 0.4351 6.1451 -2.3801
v 0.3986 6.1474 -1.9597
v 0.1317 6.1388 -1.6401
v -0.2636 6.1227 -1.5435
v -0.2768 6.0089 -1.3339
v -0.7637 5.986 -1.5472
v -1.035 5.9701 -2.0185
v -0.9872 5.9672 -2.5679
v -0.6385 5.9785 -2.9854
v -0.1221 5.9995 -3.1116
v 0.3648 6.0224 -2.8983
v 0.6361 6.0383 -2.427
v 0.5883 6.0412 -1.8777
v 0.2396 6.0299 -1.4602
v -0.2768 6.0089 -1.3339
v -0.2773 5.8738 -1.2595
v -0.8043 5.849 -1.4903
v -1.098 5.8318 -2.0005
v -1.0463 5.8287 -2.5951
v -0.6689 5.8408 -3.047
v -0.1099 5.8636 -3.1836
v 0.4171 5.8883 -2.9527
v 0.7108 5.9056 -2.4426
v 0.6591 5.9087 -1.848
v 0.2816 5.8965 -1.3961
v -0.2773 5.8738 -1.2595
v -0.2651 5.7379 -1.3315
v -0.752 5.715 -1.5448
v -1.0234 5.6991 -2.0161
v -0.9756 5.6962 -2.5654
v -0.6269 5.7074 -2.9829
v -0.1105 5.7285 -3.1091
v 0.3764 5.7513 -2.8959
v 0.6478 5.7672 -2.4246
v 0.6 5.7701 -1.8752
v 0.2513 5.7589 -1.4577
v -0.2651 5.7379 -1.3315
v -0.2421 5.6219 -1.539
v -0.6147 5.6044 -1.7023
v -0.8224 5.5922 -2.063
v -0.7858 5.59 -2.4834
v -0.5189 5.5986 -2.803
v -0.1237 5.6147 -2.8996
v 0.249 5.6322 -2.7363
v 0.4566 5.6444 -2.3756
v 0.4201 5.6466 -1.9552
v 0.1532 5.638 -1.6356
v -0.2421 5.6219 -1.539
v -0.2116 5.5435 -1.8504
v -0.4133 5.534 -1.9388
v -0.5257 5.5274 -2.134
v -0.5059 5.5262 -2.3615
v -0.3614 5.5309 -2.5345
v -0.1475 5.5396 -2.5868
v 0.0541 5.549 -2.4984
v 0.1665 5.5556 -2.3032
v 0.1467 5.5568 -2.0757
v 0.0023 5.5522 -1.9027
v -0.2116 5.5435 -1.8504
v -0.1784 5.5146 -2.2184
v -0.1784 5.5146 -2.2184
v -0.1784 5.5146 -2.2184
v -0.1784 5.5146 -2.2184
v -0.1784 5.5146 -2.2184
v -0.1784 5.5146 -2.2184
v -0.1784 5.5146 -2.2184
v -0.1784 5.5146 -2.2184
v -0.1784 5.5146 -2.2184
v -0.1784 5.5146 -2.2184
v -0.1784 5.5146 -2.2184
v -0.0926 5.1121 -0.0682
v -0.0487 5.0235 -0.0548
v 0.0318 5.0016 0
v 0.0884 5.0629 0.0547
v 0.0784 5.1613 0.0683
v 0.0094 5.2226 0.0304
v -0.0667 5.2007 -0.0303
v 0.387 5.243 -0.6646
v 0.4186 5.1792 -0.6549
v 0.4766 5.1635 -0.6155
v 0.5173 5.2076 -0.5761
v 0.5102 5.2784 -0.5664
v 0.4604 5.3226 -0.5936
v 0.4057 5.3068 -0.6373
v 0 5.1121 0
v 0.4537 5.243 -0.6155
v 0.399 5.243 -0.6558
v 0.436 5.1977 -0.663
v 0.4864 5.1864 -0.6343
v 0.5121 5.2178 -0.5915
v 0.4939 5.2682 -0.5668
v 0.4454 5.2996 -0.5787
v 0.4031 5.2884 -0.6184
v 1.0792 5.9274 -1.5466
v 1.1059 5.8947 -1.5517
v 1.1422 5.8866 -1.5311
v 1.1607 5.9092 -1.5003
v 1.1476 5.9455 -1.4825
v 1.1127 5.9681 -1.4911
v 1.0822 5.96 -1.5196
v 0.4537 5.243 -0.6155
v 1.1186 5.9274 -1.5176
v 1.1818 6.3115 -1.5331
v 1.1818 6.3115 -1.5331
v 1.1818 6.3115 -1.5331
v 1.1818 6.3115 -1.5331
v 1.1818 6.3115 -1.5331
v 1.1818 6.3115 -1.5331
v 1.1818 6.3115 -1.5331
v 1.1818 6.3115 -1.5331
v 1.1818 6.3115 -1.5331
v 1.1818 6.3115 -1.5331
v 1.1818 6.3115 -1.5331
v 1.3848 6.2596 -1.2484
v 1.2363 6.2851 -1.2212
v 1.0652 6.3095 -1.3126
v 0.9368 6.3235 -1.4879
v 0.9001 6.3218 -1.68
v 0.9692 6.3049 -1.8155
v 1.1176 6.2794 -1.8428
v 1.2887 6.255 -1.7513
v 1.4172 6.241 -1.576
v 1.4539 6.2428 -1.3839
v 1.3848 6.2596 -1.2484
v 1.5473 6.1571 -1.0046
v 1.273 6.2043 -0.9543
v 0.9568 6.2494 -1.1233
v 0.7195 6.2753 -1.4472
v 0.6517 6.272 -1.8021
v 0.7793 6.2409 -2.0526
v 1.0536 6.1938 -2.1029
v 1.3698 6.1486 -1.9338
v 1.6071 6.1228 -1.61
v 1.6749 6.126 -1.2551
v 1.5473 6.1571 -1.0046
v 1.6445 6.0197 -0.8389
v 1.2861 6.0812 -0.7732
v 0.873 6.1402 -0.9941
v 0.563 6.174 -1.4172
v 0.4744 6.1698 -1.8809
v 0.6411 6.1291 -2.2081
v 0.9995 6.0675 -2.2739
v 1.4126 6.0086 -2.053
v 1.7227 5.9748 -1.6299
v 1.8112 5.979 -1.1662
v 1.6445 6.0197 -0.8389
v 1.6616 5.8681 -0.7766
v 1.2738 5.9348 -0.7054
v 0.8266 5.9986 -0.9445
v 0.491 6.0352 -1.4025
v 0.3952 6.0306 -1.9044
v 0.5756 5.9866 -2.2586
v 0.9635 5.92 -2.3297
v 1.4107 5.8561 -2.0907
v 1.7463 5.8195 -1.6327
v 1.8421 5.8241 -1.1308
v 1.6616 5.8681 -0.7766
v 1.5961 5.7256 -0.827
v 1.2378 5.7872 -0.7613
v 0.8247 5.8462 -0.9822
v 0.5146 5.88 -1.4053
v 0.4261 5.8758 -1.869
v 0.5928 5.8351 -2.1962
v 0.9512 5.7735 -2.262
v 1.3643 5.7146 -2.0411
v 1.6743 5.6807 -1.618
v 1.7629 5.685 -1.1542
v 1.5961 5.7256 -0.827
v 1.458 5.6139 -0.9826
v 1.1837 5.661 -0.9323
v 0.8675 5.7061 -1.1013
v 0.6302 5.732 -1.4252
v 0.5624 5.7288 -1.7801
v 0.69 5.6976 -2.0305
v 0.9643 5.6505 -2.0809
v 1.2805 5.6054 -1.9118
v 1.5178 5.5795 -1.588
v 1.5856 5.5827 -1.233
v 1.458 5.6139 -0.9826
v 1.2681 5.5498 -1.2196
v 1.1197 5.5753 -1.1924
v 0.9485 5.5997 -1.2839
v 0.8201 5.6137 -1.4591
v 0.7834 5.612 -1.6512
v 0.8525 5.5951 -1.7868
v 1.0009 5.5696 -1.814
v 1.1721 5.5452 -1.7225
v 1.3005 5.5312 -1.5472
v 1.3372 5.533 -1.3552
v 1.2681 5.5498 -1.2196
v 1.0555 5.5432 -1.502
v 1.0555 5.5432 -1.502
v 1.0555 5.5432 -1.502
v 1.0555 5.5432 -1.502
v 1.0555 5.5432 -1.502
v 1.0555 5.5432 -1.502
v 1.0555 5.5432 -1.502
v 1.0555 5.5432 -1.502
v 1.0555 5.5432 -1.502
v 1.0555 5.5432 -1.502
v 1.0555 5.5432 -1.502
v 0 8.3617 0
v 0 8.3617 0
v 0 8.3617 0
v 0 8.3617 0
v 0 8.3617 0
v 0 8.3617 0
v 0 8.3617 0
v 0 8.3617 0
v 0 8.3617 0
v 0 8.3617 0
v 0 8.3617 0
v 0.3827 8.3298 0
v 0.3096 8.3298 0.1889
v 0.1183 8.3298 0.3057
v -0.1183 8.3298 0.3057
v -0.3096 8.3298 0.1889
v -0.3827 8.3298 0
v -0.3096 8.3298 -0.1889
v -0.1183 8.3298 -0.3057
v 0.1183 8.3298 -0.3057
v 0.3096 8.3298 -0.1889
v 0.3827 8.3298 0
v 0.7071 8.2387 0
v 0.5721 8.2387 0.3491
v 0.2185 8.2387 0.5649
v -0.2185 8.2387 0.5649
v -0.5721 8.2387 0.3491
v -0.7071 8.2387 0
v -0.5721 8.2387 -0.3491
v -0.2185 8.2387 -0.5649
v 0.2185 8.2387 -0.5649
v 0.5721 8.2387 -0.3491
v 0.7071 8.2387 0
v 0.9239 8.1025 0
v 0.7474 8.1025 0.4562
v 0.2855 8.1025 0.7381
v -0.2855 8.1025 0.7381
v -0.7474 8.1025 0.4562
v -0.9239 8.1025 0
v -0.7474 8.1025 -0.4562
v -0.2855 8.1025 -0.7381
v 0.2855 8.1025 -0.7381
v 0.7474 8.1025 -0.4562
v 0.9239 8.1025 0
v 1 7.9417 0
v 0.809 7.9417 0.4937
v 0.309 7.9417 0.7989
v -0.309 7.9417 0.7989
v -0.809 7.9417 0.4937
v -1 7.9417 0
v -0.809 7.9417 -0.4937
v -0.309 7.9417 -0.7989
v 0.309 7.9417 -0.7989
v 0.809 7.9417 -0.4937
v 1 7.9417 0
v 0.9239 7.781 0
v 0.7474 7.781 0.4562
v 0.2855 7.781 0.7381
v -0.2855 7.781 0.7381
v -0.7474 7.781 0.4562
v -0.9239 7.781 0
v -0.7474 7.781 -0.4562
v -0.2855 7.781 -0.7381
v 0.2855 7.781 -0.7381
v 0.7474 7.781 -0.4562
v 0.9239 7.781 0
v 0.7071 7.6448 0
v 0.5721 7.6448 0.3491
v 0.2185 7.6448 0.5649
v -0.2185 7.6448 0.5649
v -0.5721 7.6448 0.3491
v -0.7071 7.6448 0
v -0.5721 7.6448 -0.3491
v -0.2185 7.6448 -0.5649
v 0.2185 7.6448 -0.5649
v 0.5721 7.6448 -0.3491
v 0.7071 7.6448 0
v 0.3827 7.5537 0
v 0.3096 7.5537 0.1889
v 0.1183 7.5537 0.3057
v -0.1183 7.5537 0.3057
v -0.3096 7.5537 0.1889
v -0.3827 7.5537 0
v -0.3096 7.5537 -0.1889
v -0.1183 7.5537 -0.3057
v 0.1183 7.5537 -0.3057
v 0.3096 7.5537 -0.1889
v 0.3827 7.5537 0
v 0 7.5217 0
v 0 7.5217 0
v 0 7.5217 0
v 0 7.5217 0
v 0 7.5217 0
v 0 7.5217 0
v 0 7.5217 0
v 0 7.5217 0
v 0 7.5217 0
v 0 7.5217 0
v 0 7.5217 0
vt 0 0
vt 0.1 0
vt 0.2 0
vt 0.3 0
vt 0.4 0
vt 0.5 0
vt 0.6 0
vt 0.7 0
vt 0.8 0
vt 0.9 0
vt 0 1
vt 0.1 1
vt 0.2 1
vt 0.3 1
vt 0.4 1
vt 0.5 1
vt 0.6 1
vt 0.7 1
vt 0.8 1
vt 0.9 1
vt 0.5 0.5
vt 0.5 0.5
vt 0 0
vt 0.1 0
vt 0.2 0
vt 0.3 0
vt 0.4 0
vt 0.5 0
vt 0.6 0
vt 0.7 0
vt 0.8 0
vt 0.9 0
vt 0 1
vt 0.1 1
vt 0.2 1
vt 0.3 1
vt 0.4 1
vt 0.5 1
vt 0.6 1
vt 0.7 1
vt 0.8 1
vt 0.9 1
vt 0.5 0.5
vt 0.5 0.5
vt 0 0
vt 0.14285714285714285 0
vt 0.2857142857142857 0
vt 0.42857142857142855 0
vt 0.5714285714285714 0
vt 0.7142857142857143 0
vt 0.8571428571428571 0
vt 0 1
vt 0.14285714285714285 1
vt 0.2857142857142857 1
vt 0.42857142857142855 1
vt 0.5714285714285714 1
vt 0.7142857142857143 1
vt 0.8571428571428571 1
vt 0.5 0.5
vt 0.5 0.5
vt 0 0
vt 0.14285714285714285 0
vt 0.2857142857142857 0
vt 0.42857142857142855 0
vt 0.5714285714285714 0
vt 0.7142857142857143 0
vt 0.8571428571428571 0
vt 0 1
vt 0.14285714285714285 1
vt 0.2857142857142857 1
vt 0.42857142857142855 1
vt 0.5714285714285714 1
vt 0.7142857142857143 1
vt 0.8571428571428571 1
vt 0.5 0.5
vt 0.5 0.5
vt 0 0
vt 0.1 0
vt 0.2 0
vt 0.3 0
vt 0.4 0
vt 0.5 0
vt 0.6 0
vt 0.7 0
vt 0.8 0
vt 0.9 0
vt 1 0
vt 0 0.125
vt 0.1 0.125
vt 0.2 0.125
vt 0.3 0.125
vt 0.4 0.125
vt 0.5 0.125
vt 0.6 0.125
vt 0.7 0.125
vt 0.8 0.125
vt 0.9 0.125
vt 1 0.125
vt 0 0.25
vt 0.1 0.25
vt 0.2 0.25
vt 0.3 0.25
vt 0.4 0.25
vt 0.5 0.25
vt 0.6 0.25
vt 0.7 0.25
vt 0.8 0.25
vt 0.9 0.25
vt 1 0.25
vt 0 0.375
vt 0.1 0.375
vt 0.2 0.375
vt 0.3 0.375
vt 0.4 0.375
vt 0.5 0.375
vt 0.6 0.375
vt 0.7 0.375
vt 0.8 0.375
vt 0.9 0.375
vt 1 0.375
vt 0 0.5
vt 0.1 0.5
vt 0.2 0.5
vt 0.3 0.5
vt 0.4 0.5
vt 0.5 0.5
vt 0.6 0.5
vt 0.7 0.5
vt 0.8 0.5
vt 0.9 0.5
vt 1 0.5
vt 0 0.625
vt 0.1 0.625
vt 0.2 0.625
vt 0.3 0.625
vt 0.4 0.625
vt 0.5 0.625
vt 0.6 0.625
vt 0.7 0.625
vt 0.8 0.625
vt 0.9 0.625
vt 1 0.625
vt 0 0.75
vt 0.1 0.75
vt 0.2 0.75
vt 0.3 0.75
vt 0.4 0.75
vt 0.5 0.75
vt 0.6 0.75
vt 0.7 0.75
vt 0.8 0.75
vt 0.9 0.75
vt 1 0.75
vt 0 0.875
vt 0.1 0.875
vt 0.2 0.875
vt 0.3 0.875
vt 0.4 0.875
vt 0.5 0.875
vt 0.6 0.875
vt 0.7 0.875
vt 0.8 0.875
vt 0.9 0.875
vt 1 0.875
vt 0 1
vt 0.1 1
vt 0.2 1
vt 0.3 1
vt 0.4 1
vt 0.5 1
vt 0.6 1
vt 0.7 1
vt 0.8 1
vt 0.9 1
vt 1 1
vt 0 0
vt 0.14285714285714285 0
vt 0.2857142857142857 0
vt 0.42857142857142855 0
vt 0.5714285714285714 0
vt 0.7142857142857143 0
vt 0.8571428571428571 0
vt 0 1
vt 0.14285714285714285 1
vt 0.2857142857142857 1
vt 0.42857142857142855 1
vt 0.5714285714285714 1
vt 0.7142857142857143 1
vt 0.8571428571428571 1
vt 0.5 0.5
vt 0.5 0.5
vt 0 0
vt 0.14285714285714285 0
vt 0.2857142857142857 0
vt 0.42857142857142855 0
vt 0.5714285714285714 0
vt 0.7142857142857143 0
vt 0.8571428571428571 0
vt 0 1
vt 0.14285714285714285 1
vt 0.2857142857142857 1
vt 0.42857142857142855 1
vt 0.5714285714285714 1
vt 0.7142857142857143 1
vt 0.8571428571428571 1
vt 0.5 0.5
vt 0.5 0.5
vt 0 0
vt 0.1 0
vt 0.2 0
vt 0.3 0
vt 0.4 0
vt 0.5 0
vt 0.6 0
vt 0.7 0
vt 0.8 0
vt 0.9 0
vt 1 0
vt 0 0.125
vt 0.1 0.125
vt 0.2 0.125
vt 0.3 0.125
vt 0.4 0.125
vt 0.5 0.125
vt 0.6 0.125
vt 0.7 0.125
vt 0.8 0.125
vt 0.9 0.125
vt 1 0.125
vt 0 0.25
vt 0.1 0.25
vt 0.2 0.25
vt 0.3 0.25
vt 0.4 0.25
vt 0.5 0.25
vt 0.6 0.25
vt 0.7 0.25
vt 0.8 0.25
vt 0.9 0.25
vt 1 0.25
vt 0 0.375
vt 0.1 0.375
vt 0.2 0.375
vt 0.3 0.375
vt 0.4 0.375
vt 0.5 0.375
vt 0.6 0.375
vt 0.7 0.375
vt 0.8 0.375
vt 0.9 0.375
vt 1 0.375
vt 0 0.5
vt 0.1 0.5
vt 0.2 0.5
vt 0.3 0.5
vt 0.4 0.5
vt 0.5 0.5
vt 0.6 0.5
vt 0.7 0.5
vt 0.8 0.5
vt 0.9 0.5
vt 1 0.5
vt 0 0.625
vt 0.1 0.625
vt 0.2 0.625
vt 0.3 0.625
vt 0.4 0.625
vt 0.5 0.625
vt 0.6 0.625
vt 0.7 0.625
vt 0.8 0.625
vt 0.9 0.625
vt 1 0.625
vt 0 0.75
vt 0.1 0.75
vt 0.2 0.75
vt 0.3 0.75
vt 0.4 0.75
vt 0.5 0.75
vt 0.6 0.75
vt 0.7 0.75
vt 0.8 0.75
vt 0.9 0.75
vt 1 0.75
vt 0 0.875
vt 0.1 0.875
vt 0.2 0.875
vt 0.3 0.875
vt 0.4 0.875
vt 0.5 0.875
vt 0.6 0.875
vt 0.7 0.875
vt 0.8 0.875
vt 0.9 0.875
vt 1 0.875
vt 0 1
vt 0.1 1
vt 0.2 1
vt 0.3 1
vt 0.4 1
vt 0.5 1
vt 0.6 1
vt 0.7 1
vt 0.8 1
vt 0.9 1
vt 1 1
vt 0 0
vt 0.14285714285714285 0
vt 0.2857142857142857 0
vt 0.42857142857142855 0
vt 0.5714285714285714 0
vt 0.7142857142857143 0
vt 0.8571428571428571 0
vt 0 1
vt 0.14285714285714285 1
vt 0.2857142857142857 1
vt 0.42857142857142855 1
vt 0.5714285714285714 1
vt 0.7142857142857143 1
vt 0.8571428571428571 1
vt 0.5 0.5
vt 0.5 0.5
vt 0 0
vt 0.14285714285714285 0
vt 0.2857142857142857 0
vt 0.42857142857142855 0
vt 0.5714285714285714 0
vt 0.7142857142857143 0
vt 0.8571428571428571 0
vt 0 1
vt 0.14285714285714285 1
vt 0.2857142857142857 1
vt 0.42857142857142855 1
vt 0.5714285714285714 1
vt 0.7142857142857143 1
vt 0.8571428571428571 1
vt 0.5 0.5
vt 0.5 0.5
vt 0 0
vt 0.1 0
vt 0.2 0
vt 0.3 0
vt 0.4 0
vt 0.5 0
vt 0.6 0
vt 0.7 0
vt 0.8 0
vt 0.9 0
vt 1 0
vt 0 0.125
vt 0.1 0.125
vt 0.2 0.125
vt 0.3 0.125
vt 0.4 0.125
vt 0.5 0.125
vt 0.6 0.125
vt 0.7 0.125
vt 0.8 0.125
vt 0.9 0.125
vt 1 0.125
vt 0 0.25
vt 0.1 0.25
vt 0.2 0.25
vt 0.3 0.25
vt 0.4 0.25
vt 0.5 0.25
vt 0.6 0.25
vt 0.7 0.25
vt 0.8 0.25
vt 0.9 0.25
vt 1 0.25
vt 0 0.375
vt 0.1 0.375
vt 0.2 0.375
vt 0.3 0.375
vt 0.4 0.375
vt 0.5 0.375
vt 0.6 0.375
vt 0.7 0.375
vt 0.8 0.375
vt 0.9 0.375
vt 1 0.375
vt 0 0.5
vt 0.1 0.5
vt 0.2 0.5
vt 0.3 0.5
vt 0.4 0.5
vt 0.5 0.5
vt 0.6 0.5
vt 0.7 0.5
vt 0.8 0.5
vt 0.9 0.5
vt 1 0.5
vt 0 0.625
vt 0.1 0.625
vt 0.2 0.625
vt 0.3 0.625
vt 0.4 0.625
vt 0.5 0.625
vt 0.6 0.625
vt 0.7 0.625
vt 0.8 0.625
vt 0.9 0.625
vt 1 0.625
vt 0 0.75
vt 0.1 0.75
vt 0.2 0.75
vt 0.3 0.75
vt 0.4 0.75
vt 0.5 0.75
vt 0.6 0.75
vt 0.7 0.75
vt 0.8 0.75
vt 0.9 0.75
vt 1 0.75
vt 0 0.875
vt 0.1 0.875
vt 0.2 0.875
vt 0.3 0.875
vt 0.4 0.875
vt 0.5 0.875
vt 0.6 0.875
vt 0.7 0.875
vt 0.8 0.875
vt 0.9 0.875
vt 1 0.875
vt 0 1
vt 0.1 1
vt 0.2 1
vt 0.3 1
vt 0.4 1
vt 0.5 1
vt 0.6 1
vt 0.7 1
vt 0.8 1
vt 0.9 1
vt 1 1
vt 0 0
vt 0.14285714285714285 0
vt 0.2857142857142857 0
vt 0.42857142857142855 0
vt 0.5714285714285714 0
vt 0.7142857142857143 0
vt 0.8571428571428571 0
vt 0 1
vt 0.14285714285714285 1
vt 0.2857142857142857 1
vt 0.42857142857142855 1
vt 0.5714285714285714 1
vt 0.7142857142857143 1
vt 0.8571428571428571 1
vt 0.5 0.5
vt 0.5 0.5
vt 0 0
vt 0.14285714285714285 0
vt 0.2857142857142857 0
vt 0.42857142857142855 0
vt 0.5714285714285714 0
vt 0.7142857142857143 0
vt 0.8571428571428571 0
vt 0 1
vt 0.14285714285714285 1
vt 0.2857142857142857 1
vt 0.42857142857142855 1
vt 0.5714285714285714 1
vt 0.7142857142857143 1
vt 0.8571428571428571 1
vt 0.5 0.5
vt 0.5 0.5
vt 0 0
vt 0.1 0
vt 0.2 0
vt 0.3 0
vt 0.4 0
vt 0.5 0
vt 0.6 0
vt 0.7 0
vt 0.8 0
vt 0.9 0
vt 1 0
vt 0 0.125
vt 0.1 0.125
vt 0.2 0.125
vt 0.3 0.125
vt 0.4 0.125
vt 0.5 0.125
vt 0.6 0.125
vt 0.7 0.125
vt 0.8 0.125
vt 0.9 0.125
vt 1 0.125
vt 0 0.25
vt 0.1 0.25
vt 0.2 0.25
vt 0.3 0.25
vt 0.4 0.25
vt 0.5 0.25
vt 0.6 0.25
vt 0.7 0.25
vt 0.8 0.25
vt 0.9 0.25
vt 1 0.25
vt 0 0.375
vt 0.1 0.375
vt 0.2 0.375
vt 0.3 0.375
vt 0.4 0.375
vt 0.5 0.375
vt 0.6 0.375
vt 0.7 0.375
vt 0.8 0.375
vt 0.9 0.375
vt 1 0.375
vt 0 0.5
vt 0.1 0.5
vt 0.2 0.5
vt 0.3 0.5
vt 0.4 0.5
vt 0.5 0.5
vt 0.6 0.5
vt 0.7 0.5
vt 0.8 0.5
vt 0.9 0.5
vt 1 0.5
vt 0 0.625
vt 0.1 0.625
vt 0.2 0.625
vt 0.3 0.625
vt 0.4 0.625
vt 0.5 0.625
vt 0.6 0.625
vt 0.7 0.625
vt 0.8 0.625
vt 0.9 0.625
vt 1 0.625
vt 0 0.75
vt 0.1 0.75
vt 0.2 0.75
vt 0.3 0.75
vt 0.4 0.75
vt 0.5 0.75
vt 0.6 0.75
vt 0.7 0.75
vt 0.8 0.75
vt 0.9 0.75
vt 1 0.75
vt 0 0.875
vt 0.1 0.875
vt 0.2 0.875
vt 0.3 0.875
vt 0.4 0.875
vt 0.5 0.875
vt 0.6 0.875
vt 0.7 0.875
vt 0.8 0.875
vt 0.9 0.875
vt 1 0.875
vt 0 1
vt 0.1 1
vt 0.2 1
vt 0.3 1
vt 0.4 1
vt 0.5 1
vt 0.6 1
vt 0.7 1
vt 0.8 1
vt 0.9 1
vt 1 1
vt 0 0
vt 0.14285714285714285 0
vt 0.2857142857142857 0
vt 0.42857142857142855 0
vt 0.5714285714285714 0
vt 0.7142857142857143 0
vt 0.8571428571428571 0
vt 0 1
vt 0.14285714285714285 1
vt 0.2857142857142857 1
vt 0.42857142857142855 1
vt 0.5714285714285714 1
vt 0.7142857142857143 1
vt 0.8571428571428571 1
vt 0.5 0.5
vt 0.5 0.5
vt 0 0
vt 0.14285714285714285 0
vt 0.2857142857142857 0
vt 0.42857142857142855 0
vt 0.5714285714285714 0
vt 0.7142857142857143 0
vt 0.8571428571428571 0
vt 0 1
vt 0.14285714285714285 1
vt 0.2857142857142857 1
vt 0.42857142857142855 1
vt 0.5714285714285714 1
vt 0.7142857142857143 1
vt 0.8571428571428571 1
vt 0.5 0.5
vt 0.5 0.5
vt 0 0
vt 0.1 0
vt 0.2 0
vt 0.3 0
vt 0.4 0
vt 0.5 0
vt 0.6 0
vt 0.7 0
vt 0.8 0
vt 0.9 0
vt 1 0
vt 0 0.125
vt 0.1 0.125
vt 0.2 0.125
vt 0.3 0.125
vt 0.4 0.125
vt 0.5 0.125
vt 0.6 0.125
vt 0.7 0.125
vt 0.8 0.125
vt 0.9 0.125
vt 1 0.125
vt 0 0.25
vt 0.1 0.25
vt 0.2 0.25
vt 0.3 0.25
vt 0.4 0.25
vt 0.5 0.25
vt 0.6 0.25
vt 0.7 0.25
vt 0.8 0.25
vt 0.9 0.25
vt 1 0.25
vt 0 0.375
vt 0.1 0.375
vt 0.2 0.375
vt 0.3 0.375
vt 0.4 0.375
vt 0.5 0.375
vt 0.6 0.375
vt 0.7 0.375
vt 0.8 0.375
vt 0.9 0.375
vt 1 0.375
vt 0 0.5
vt 0.1 0.5
vt 0.2 0.5
vt 0.3 0.5
vt 0.4 0.5
vt 0.5 0.5
vt 0.6 0.5
vt 0.7 0.5
vt 0.8 0.5
vt 0.9 0.5
vt 1 0.5
vt 0 0.625
vt 0.1 0.625
vt 0.2 0.625
vt 0.3 0.625
vt 0.4 0.625
vt 0.5 0.625
vt 0.6 0.625
vt 0.7 0.625
vt 0.8 0.625
vt 0.9 0.625
vt 1 0.625
vt 0 0.75
vt 0.1 0.75
vt 0.2 0.75
vt 0.3 0.75
vt 0.4 0.75
vt 0.5 0.75
vt 0.6 0.75
vt 0.7 0.75
vt 0.8 0.75
vt 0.9 0.75
vt 1 0.75
vt 0 0.875
vt 0.1 0.875
vt 0.2 0.875
vt 0.3 0.875
vt 0.4 0.875
vt 0.5 0.875
vt 0.6 0.875
vt 0.7 0.875
vt 0.8 0.875
vt 0.9 0.875
vt 1 0.875
vt 0 1
vt 0.1 1
vt 0.2 1
vt 0.3 1
vt 0.4 1
vt 0.5 1
vt 0.6 1
vt 0.7 1
vt 0.8 1
vt 0.9 1
vt 1 1
vt 0 0
vt 0.14285714285714285 0
vt 0.2857142857142857 0
vt 0.42857142857142855 0
vt 0.5714285714285714 0
vt 0.7142857142857143 0
vt 0.8571428571428571 0
vt 0 1
vt 0.14285714285714285 1
vt 0.2857142857142857 1
vt 0.42857142857142855 1
vt 0.5714285714285714 1
vt 0.7142857142857143 1
vt 0.8571428571428571 1
vt 0.5 0.5
vt 0.5 0.5
vt 0 0
vt 0.14285714285714285 0
vt 0.2857142857142857 0
vt 0.42857142857142855 0
vt 0.5714285714285714 0
vt 0.7142857142857143 0
vt 0.8571428571428571 0
vt 0 1
vt 0.14285714285714285 1
vt 0.2857142857142857 1
vt 0.42857142857142855 1
vt 0.5714285714285714 1
vt 0.7142857142857143 1
vt 0.8571428571428571 1
vt 0.5 0.5
vt 0.5 0.5
vt 0 0
vt 0.1 0
vt 0.2 0
vt 0.3 0
vt 0.4 0
vt 0.5 0
vt 0.6 0
vt 0.7 0
vt 0.8 0
vt 0.9 0
vt 1 0
vt 0 0.125
vt 0.1 0.125
vt 0.2 0.125
vt 0.3 0.125
vt 0.4 0.125
vt 0.5 0.125
vt 0.6 0.125
vt 0.7 0.125
vt 0.8 0.125
vt 0.9 0.125
vt 1 0.125
vt 0 0.25
vt 0.1 0.25
vt 0.2 0.25
vt 0.3 0.25
vt 0.4 0.25
vt 0.5 0.25
vt 0.6 0.25
vt 0.7 0.25
vt 0.8 0.25
vt 0.9 0.25
vt 1 0.25
vt 0 0.375
vt 0.1 0.375
vt 0.2 0.375
vt 0.3 0.375
vt 0.4 0.375
vt 0.5 0.375
vt 0.6 0.375
vt 0.7 0.375
vt 0.8 0.375
vt 0.9 0.375
vt 1 0.375
vt 0 0.5
vt 0.1 0.5
vt 0.2 0.5
vt 0.3 0.5
vt 0.4 0.5
vt 0.5 0.5
vt 0.6 0.5
vt 0.7 0.5
vt 0.8 0.5
vt 0.9 0.5
vt 1 0.5
vt 0 0.625
vt 0.1 0.625
vt 0.2 0.625
vt 0.3 0.625
vt 0.4 0.625
vt 0.5 0.625
vt 0.6 0.625
vt 0.7 0.625
vt 0.8 0.625
vt 0.9 0.625
vt 1 0.625
vt 0 0.75
vt 0.1 0.75
vt 0.2 0.75
vt 0.3 0.75
vt 0.4 0.75
vt 0.5 0.75
vt 0.6 0.75
vt 0.7 0.75
vt 0.8 0.75
vt 0.9 0.75
vt 1 0.75
vt 0 0.875
vt 0.1 0.875
vt 0.2 0.875
vt 0.3 0.875
vt 0.4 0.875
vt 0.5 0.875
vt 0.6 0.875
vt 0.7 0.875
vt 0.8 0.875
vt 0.9 0.875
vt 1 0.875
vt 0 1
vt 0.1 1
vt 0.2 1
vt 0.3 1
vt 0.4 1
vt 0.5 1
vt 0.6 1
vt 0.7 1
vt 0.8 1
vt 0.9 1
vt 1 1
vt 0 0
vt 0.14285714285714285 0
vt 0.2857142857142857 0
vt 0.42857142857142855 0
vt 0.5714285714285714 0
vt 0.7142857142857143 0
vt 0.8571428571428571 0
vt 0 1
vt 0.14285714285714285 1
vt 0.2857142857142857 1
vt 0.42857142857142855 1
vt 0.5714285714285714 1
vt 0.7142857142857143 1
vt 0.8571428571428571 1
vt 0.5 0.5
vt 0.5 0.5
vt 0 0
vt 0.14285714285714285 0
vt 0.2857142857142857 0
vt 0.42857142857142855 0
vt 0.5714285714285714 0
vt 0.7142857142857143 0
vt 0.8571428571428571 0
vt 0 1
vt 0.14285714285714285 1
vt 0.2857142857142857 1
vt 0.42857142857142855 1
vt 0.5714285714285714 1
vt 0.7142857142857143 1
vt 0.8571428571428571 1
vt 0.5 0.5
vt 0.5 0.5
vt 0 0
vt 0.1 0
vt 0.2 0
vt 0.3 0
vt 0.4 0
vt 0.5 0
vt 0.6 0
vt 0.7 0
vt 0.8 0
vt 0.9 0
vt 1 0
vt 0 0.125
vt 0.1 0.125
vt 0.2 0.125
vt 0.3 0.125
vt 0.4 0.125
vt 0.5 0.125
vt 0.6 0.125
vt 0.7 0.125
vt 0.8 0.125
vt 0.9 0.125
vt 1 0.125
vt 0 0.25
vt 0.1 0.25
vt 0.2 0.25
vt 0.3 0.25
vt 0.4 0.25
vt 0.5 0.25
vt 0.6 0.25
vt 0.7 0.25
vt 0.8 0.25
vt 0.9 0.25
vt 1 0.25
vt 0 0.375
vt 0.1 0.375
vt 0.2 0.375
vt 0.3 0.375
vt 0.4 0.375
vt 0.5 0.375
vt 0.6 0.375
vt 0.7 0.375
vt 0.8 0.375
vt 0.9 0.375
vt 1 0.375
vt 0 0.5
vt 0.1 0.5
vt 0.2 0.5
vt 0.3 0.5
vt 0.4 0.5
vt 0.5 0.5
vt 0.6 0.5
vt 0.7 0.5
vt 0.8 0.5
vt 0.9 0.5
vt 1 0.5
vt 0 0.625
vt 0.1 0.625
vt 0.2 0.625
vt 0.3 0.625
vt 0.4 0.625
vt 0.5 0.625
vt 0.6 0.625
vt 0.7 0.625
vt 0.8 0.625
vt 0.9 0.625
vt 1 0.625
vt 0 0.75
vt 0.1 0.75
vt 0.2 0.75
vt 0.3 0.75
vt 0.4 0.75
vt 0.5 0.75
vt 0.6 0.75
vt 0.7 0.75
vt 0.8 0.75
vt 0.9 0.75
vt 1 0.75
vt 0 0.875
vt 0.1 0.875
vt 0.2 0.875
vt 0.3 0.875
vt 0.4 0.875
vt 0.5 0.875
vt 0.6 0.875
vt 0.7 0.875
vt 0.8 0.875
vt 0.9 0.875
vt 1 0.875
vt 0 1
vt 0.1 1
vt 0.2 1
vt 0.3 1
vt 0.4 1
vt 0.5 1
vt 0.6 1
vt 0.7 1
vt 0.8 1
vt 0.9 1
vt 1 1
vt 0 0
vt 0.14285714285714285 0
vt 0.2857142857142857 0
vt 0.42857142857142855 0
vt 0.5714285714285714 0
vt 0.7142857142857143 0
vt 0.8571428571428571 0
vt 0 1
vt 0.14285714285714285 1
vt 0.2857142857142857 1
vt 0.42857142857142855 1
vt 0.5714285714285714 1
vt 0.7142857142857143 1
vt 0.8571428571428571 1
vt 0.5 0.5
vt 0.5 0.5
vt 0 0
vt 0.14285714285714285 0
vt 0.2857142857142857 0
vt 0.42857142857142855 0
vt 0.5714285714285714 0
vt 0.7142857142857143 0
vt 0.8571428571428571 0
vt 0 1
vt 0.14285714285714285 1
vt 0.2857142857142857 1
vt 0.42857142857142855 1
vt 0.5714285714285714 1
vt 0.7142857142857143 1
vt 0.8571428571428571 1
vt 0.5 0.5
vt 0.5 0.5
vt 0 0
vt 0.1 0
vt 0.2 0
vt 0.3 0
vt 0.4 0
vt 0.5 0
vt 0.6 0
vt 0.7 0
vt 0.8 0
vt 0.9 0
vt 1 0
vt 0 0.125
vt 0.1 0.125
vt 0.2 0.125
vt 0.3 0.125
vt 0.4 0.125
vt 0.5 0.125
vt 0.6 0.125
vt 0.7 0.125
vt 0.8 0.125
vt 0.9 0.125
vt 1 0.125
vt 0 0.25
vt 0.1 0.25
vt 0.2 0.25
vt 0.3 0.25
vt 0.4 0.25
vt 0.5 0.25
vt 0.6 0.25
vt 0.7 0.25
vt 0.8 0.25
vt 0.9 0.25
vt 1 0.25
vt 0 0.375
vt 0.1 0.375
vt 0.2 0.375
vt 0.3 0.375
vt 0.4 0.375
vt 0.5 0.375
vt 0.6 0.375
vt 0.7 0.375
vt 0.8 0.375
vt 0.9 0.375
vt 1 0.375
vt 0 0.5
vt 0.1 0.5
vt 0.2 0.5
vt 0.3 0.5
vt 0.4 0.5
vt 0.5 0.5
vt 0.6 0.5
vt 0.7 0.5
vt 0.8 0.5
vt 0.9 0.5
vt 1 0.5
vt 0 0.625
vt 0.1 0.625
vt 0.2 0.625
vt 0.3 0.625
vt 0.4 0.625
vt 0.5 0.625
vt 0.6 0.625
vt 0.7 0.625
vt 0.8 0.625
vt 0.9 0.625
vt 1 0.625
vt 0 0.75
vt 0.1 0.75
vt 0.2 0.75
vt 0.3 0.75
vt 0.4 0.75
vt 0.5 0.75
vt 0.6 0.75
vt 0.7 0.75
vt 0.8 0.75
vt 0.9 0.75
vt 1 0.75
vt 0 0.875
vt 0.1 0.875
vt 0.2 0.875
vt 0.3 0.875
vt 0.4 0.875
vt 0.5 0.875
vt 0.6 0.875
vt 0.7 0.875
vt 0.8 0.875
vt 0.9 0.875
vt 1 0.875
vt 0 1
vt 0.1 1
vt 0.2 1
vt 0.3 1
vt 0.4 1
vt 0.5 1
vt 0.6 1
vt 0.7 1
vt 0.8 1
vt 0.9 1
vt 1 1
vt 0 0
vt 0.1 0
vt 0.2 0
vt 0.3 0
vt 0.4 0
vt 0.5 0
vt 0.6 0
vt 0.7 0
vt 0.8 0
vt 0.9 0
vt 1 0
vt 0 0.125
vt 0.1 0.125
vt 0.2 0.125
vt 0.3 0.125
vt 0.4 0.125
vt 0.5 0.125
vt 0.6 0.125
vt 0.7 0.125
vt 0.8 0.125
vt 0.9 0.125
vt 1 0.125
vt 0 0.25
vt 0.1 0.25
vt 0.2 0.25
vt 0.3 0.25
vt 0.4 0.25
vt 0.5 0.25
vt 0.6 0.25
vt 0.7 0.25
vt 0.8 0.25
vt 0.9 0.25
vt 1 0.25
vt 0 0.375
vt 0.1 0.375
vt 0.2 0.375
vt 0.3 0.375
vt 0.4 0.375
vt 0.5 0.375
vt 0.6 0.375
vt 0.7 0.375
vt 0.8 0.375
vt 0.9 0.375
vt 1 0.375
vt 0 0.5
vt 0.1 0.5
vt 0.2 0.5
vt 0.3 0.5
vt 0.4 0.5
vt 0.5 0.5
vt 0.6 0.5
vt 0.7 0.5
vt 0.8 0.5
vt 0.9 0.5
vt 1 0.5
vt 0 0.625
vt 0.1 0.625
vt 0.2 0.625
vt 0.3 0.625
vt 0.4 0.625
vt 0.5 0.625
vt 0.6 0.625
vt 0.7 0.625
vt 0.8 0.625
vt 0.9 0.625
vt 1 0.625
vt 0 0.75
vt 0.1 0.75
vt 0.2 0.75
vt 0.3 0.75
vt 0.4 0.75
vt 0.5 0.75
vt 0.6 0.75
vt 0.7 0.75
vt 0.8 0.75
vt 0.9 0.75
vt 1 0.75
vt 0 0.875
vt 0.1 0.875
vt 0.2 0.875
vt 0.3 0.875
vt 0.4 0.875
vt 0.5 0.875
vt 0.6 0.875
vt 0.7 0.875
vt 0.8 0.875
vt 0.9 0.875
vt 1 0.875
vt 0 1
vt 0.1 1
vt 0.2 1
vt 0.3 1
vt 0.4 1
vt 0.5 1
vt 0.6 1
vt 0.7 1
vt 0.8 1
vt 0.9 1
vt 1 1
vn 0 -1 0
vn 0 -1 0
vn 0 -1 0
vn 0 -1 0
vn 0 -1 0
vn 0 -1 0
vn 0 -1 0
vn 0 -1 0
vn 0 -1 0
vn 0 -1 0
vn 0 1 0
vn 0 1 0
vn 0 1 0
vn 0 1 0
vn 0 1 0
vn 0 1 0
vn 0 1 0
vn 0 1 0
vn 0 1 0
vn 0 1 0
vn 0 -1 0
vn 0 1 0
vn 0 -1 0
vn 0 -1 0
vn 0 -1 0
vn 0 -1 0
vn 0 -1 0
vn 0 -1 0
vn 0 -1 0
vn 0 -1 0
vn 0 -1 0
vn 0 -1 0
vn 0 1 0
vn 0 1 0
vn 0 1 0
vn 0 1 0
vn 0 1 0
vn 0 1 0
vn 0 1 0
vn 0 1 0
vn 0 1 0
vn 0 1 0
vn 0 -1 0
vn 0 1 0
vn 0 -1 0
vn 0 -1 0
vn 0 -1 0
vn 0 -1 0
vn 0 -1 0
vn 0 -1 0
vn 0 -1 0
vn 0 1 0
vn 0 1 0
vn 0 1 0
vn 0 1 0
vn 0 1 0
vn 0 1 0
vn 0 1 0
vn 0 -1 0
vn 0 1 0
vn 0 -1 0
vn 0 -1 0
vn 0 -1 0
vn 0 -1 0
vn 0 -1 0
vn 0 -1 0
vn 0 -1 0
vn 0 1 0
vn 0 1 0
vn 0 1 0
vn 0 1 0
vn 0 1 0
vn 0 1 0
vn 0 1 0
vn 0 -1 0
vn 0 1 0
vn 0 1 0
vn 0 1 0
vn 0 1 0
vn 0 1 0
vn 0 1 0
vn 0 1 0
vn 0 1 0
vn 0 1 0
vn 0 1 0
vn 0 1 0
vn 0 1 0
vn 0.3826834323650898 0.9238795325112866 0
vn 0.30959740024909344 0.9238795325112866 0.22493567784086388
vn 0.11825568406654853 0.9238795325112866 0.3639535720290143
vn -0.11825568406654849 0.9238795325112866 0.36395357202901435
vn -0.3095974002490934 0.9238795325112866 0.22493567784086393
vn -0.3826834323650898 0.9238795325112866 4.6865204053262986e-17
vn -0.30959740024909344 0.9238795325112866 -0.22493567784086382
vn -0.11825568406654857 0.9238795325112866 -0.3639535720290143
vn 0.11825568406654845 0.9238795325112866 -0.36395357202901435
vn 0.3095974002490934 0.9238795325112866 -0.22493567784086396
vn 0.3826834323650898 0.9238795325112866 -9.373040810652597e-17
vn 0.7071067811865475 0.7071067811865476 0
vn 0.5720614028176843 0.7071067811865476 0.4156269377774534
vn 0.21850801222441055 0.7071067811865476 0.6724985119639573
vn -0.21850801222441046 0.7071067811865476 0.6724985119639573
vn -0.5720614028176841 0.7071067811865476 0.41562693777745346
vn -0.7071067811865475 0.7071067811865476 8.659560562354932e-17
vn -0.5720614028176843 0.7071067811865476 -0.4156269377774533
vn -0.2185080122244106 0.7071067811865476 -0.6724985119639573
vn 0.21850801222441038 0.7071067811865476 -0.6724985119639573
vn 0.5720614028176841 0.7071067811865476 -0.4156269377774536
vn 0.7071067811865475 0.7071067811865476 -1.7319121124709863e-16
vn 0.9238795325112867 0.38268343236508984 0
vn 0.7474342425568128 0.38268343236508984 0.5430427641049989
vn 0.28549447630116936 0.38268343236508984 0.8786616496665794
vn -0.28549447630116925 0.38268343236508984 0.8786616496665796
vn -0.7474342425568127 0.38268343236508984 0.543042764104999
vn -0.9238795325112867 0.38268343236508984 1.1314261122877003e-16
vn -0.7474342425568128 0.38268343236508984 -0.5430427641049987
vn -0.2854944763011695 0.38268343236508984 -0.8786616496665794
vn 0.28549447630116914 0.38268343236508984 -0.8786616496665796
vn 0.7474342425568127 0.38268343236508984 -0.543042764104999
vn 0.9238795325112867 0.38268343236508984 -2.2628522245754005e-16
vn 1 6.123233995736766e-17 0
vn 0.8090169943749475 6.123233995736766e-17 0.5877852522924731
vn 0.30901699437494745 6.123233995736766e-17 0.9510565162951535
vn -0.30901699437494734 6.123233995736766e-17 0.9510565162951536
vn -0.8090169943749473 6.123233995736766e-17 0.5877852522924732
vn -1 6.123233995736766e-17 1.2246467991473532e-16
vn -0.8090169943749475 6.123233995736766e-17 -0.587785252292473
vn -0.30901699437494756 6.123233995736766e-17 -0.9510565162951535
vn 0.30901699437494723 6.123233995736766e-17 -0.9510565162951536
vn 0.8090169943749473 6.123233995736766e-17 -0.5877852522924734
vn 1 6.123233995736766e-17 -2.4492935982947064e-16
vn 0.9238795325112867 -0.3826834323650897 0
vn 0.7474342425568128 -0.3826834323650897 0.5430427641049989
vn 0.28549447630116936 -0.3826834323650897 0.8786616496665794
vn -0.28549447630116925 -0.3826834323650897 0.8786616496665796
vn -0.7474342425568127 -0.3826834323650897 0.543042764104999
vn -0.9238795325112867 -0.3826834323650897 1.1314261122877003e-16
vn -0.7474342425568128 -0.3826834323650897 -0.5430427641049987
vn -0.2854944763011695 -0.3826834323650897 -0.8786616496665794
vn 0.28549447630116914 -0.3826834323650897 -0.8786616496665796
vn 0.7474342425568127 -0.3826834323650897 -0.543042764104999
vn 0.9238795325112867 -0.3826834323650897 -2.2628522245754005e-16
vn 0.7071067811865476 -0.7071067811865475 0
vn 0.5720614028176844 -0.7071067811865475 0.41562693777745346
vn 0.21850801222441057 -0.7071067811865475 0.6724985119639574
vn -0.2185080122244105 -0.7071067811865475 0.6724985119639574
vn -0.5720614028176843 -0.7071067811865475 0.41562693777745346
vn -0.7071067811865476 -0.7071067811865475 8.659560562354934e-17
vn -0.5720614028176844 -0.7071067811865475 -0.4156269377774534
vn -0.21850801222441066 -0.7071067811865475 -0.6724985119639574
vn 0.2185080122244104 -0.7071067811865475 -0.6724985119639574
vn 0.5720614028176843 -0.7071067811865475 -0.41562693777745363
vn 0.7071067811865476 -0.7071067811865475 -1.7319121124709868e-16
vn 0.3826834323650899 -0.9238795325112866 0
vn 0.3095974002490935 -0.9238795325112866 0.22493567784086393
vn 0.11825568406654857 -0.9238795325112866 0.3639535720290144
vn -0.11825568406654853 -0.9238795325112866 0.36395357202901446
vn -0.3095974002490935 -0.9238795325112866 0.224935677840864
vn -0.3826834323650899 -0.9238795325112866 4.6865204053263e-17
vn -0.3095974002490935 -0.9238795325112866 -0.22493567784086393
vn -0.11825568406654861 -0.9238795325112866 -0.3639535720290144
vn 0.11825568406654849 -0.9238795325112866 -0.36395357202901446
vn 0.3095974002490935 -0.9238795325112866 -0.22493567784086402
vn 0.3826834323650899 -0.9238795325112866 -9.3730408106526e-17
vn 1.2246467991473532e-16 -1 0
vn 9.907600726170916e-17 -1 7.198293278059966e-17
vn 3.7843667304341506e-17 -1 1.1647083184890923e-16
vn -3.7843667304341493e-17 -1 1.1647083184890926e-16
vn -9.907600726170915e-17 -1 7.198293278059968e-17
vn -1.2246467991473532e-16 -1 1.4997597826618576e-32
vn -9.907600726170916e-17 -1 -7.198293278059965e-17
vn -3.784366730434152e-17 -1 -1.1647083184890923e-16
vn 3.7843667304341475e-17 -1 -1.1647083184890926e-16
vn 9.907600726170915e-17 -1 -7.198293278059971e-17
vn 1.2246467991473532e-16 -1 -2.999519565323715e-32
vn 0 -1 0
vn 0 -1 0
vn 0 -1 0
vn 0 -1 0
vn 0 -1 0
vn 0 -1 0
vn 0 -1 0
vn 0 1 0
vn 0 1 0
vn 0 1 0
vn 0 1 0
vn 0 1 0
vn 0 1 0
vn 0 1 0
vn 0 -1 0
vn 0 1 0
vn 0 -1 0
vn 0 -1 0
vn 0 -1 0
vn 0 -1 0
vn 0 -1 0
vn 0 -1 0
vn 0 -1 0
vn 0 1 0
vn 0 1 0
vn 0 1 0
vn 0 1 0
vn 0 1 0
vn 0 1 0
vn 0 1 0
vn 0 -1 0
vn 0 1 0
vn 0 1 0
vn 0 1 0
vn 0 1 0
vn 0 1 0
vn 0 1 0
vn 0 1 0
vn 0 1 0
vn 0 1 0
vn 0 1 0
vn 0 1 0
vn 0 1 0
vn 0.3826834323650898 0.9238795325112868 0
vn 0.30959740024909344 0.9238795325112868 0.22493567784086388
vn 0.11825568406654853 0.9238795325112868 0.3639535720290143
vn -0.11825568406654847 0.9238795325112868 0.36395357202901435
vn -0.3095974002490934 0.9238795325112868 0.2249356778408639
vn -0.3826834323650898 0.9238795325112868 4.6865204053262986e-17
vn -0.30959740024909344 0.9238795325112868 -0.22493567784086382
vn -0.11825568406654857 0.9238795325112868 -0.3639535720290143
vn 0.11825568406654845 0.9238795325112868 -0.36395357202901435
vn 0.3095974002490934 0.9238795325112868 -0.22493567784086396
vn 0.3826834323650898 0.9238795325112868 -9.373040810652597e-17
vn 0.7071067811865475 0.7071067811865476 0
vn 0.5720614028176843 0.7071067811865476 0.4156269377774534
vn 0.21850801222441055 0.7071067811865476 0.6724985119639573
vn -0.21850801222441046 0.7071067811865476 0.6724985119639573
vn -0.5720614028176841 0.7071067811865476 0.41562693777745346
vn -0.7071067811865475 0.7071067811865476 8.659560562354932e-17
vn -0.5720614028176843 0.7071067811865476 -0.4156269377774533
vn -0.2185080122244106 0.7071067811865476 -0.6724985119639573
vn 0.21850801222441038 0.7071067811865476 -0.6724985119639573
vn 0.5720614028176841 0.7071067811865476 -0.4156269377774536
vn 0.7071067811865475 0.7071067811865476 -1.7319121124709863e-16
vn 0.9238795325112867 0.38268343236508984 0
vn 0.7474342425568128 0.38268343236508984 0.5430427641049989
vn 0.28549447630116936 0.38268343236508984 0.8786616496665794
vn -0.28549447630116925 0.38268343236508984 0.8786616496665796
vn -0.7474342425568127 0.38268343236508984 0.543042764104999
vn -0.9238795325112867 0.38268343236508984 1.1314261122877003e-16
vn -0.7474342425568128 0.38268343236508984 -0.5430427641049987
vn -0.2854944763011695 0.38268343236508984 -0.8786616496665794
vn 0.28549447630116914 0.38268343236508984 -0.8786616496665796
vn 0.7474342425568127 0.38268343236508984 -0.543042764104999
vn 0.9238795325112867 0.38268343236508984 -2.2628522245754005e-16
vn 1 6.123233995736766e-17 0
vn 0.8090169943749475 6.123233995736766e-17 0.5877852522924731
vn 0.30901699437494745 6.123233995736766e-17 0.9510565162951535
vn -0.30901699437494734 6.123233995736766e-17 0.9510565162951536
vn -0.8090169943749473 6.123233995736766e-17 0.5877852522924732
vn -1 6.123233995736766e-17 1.2246467991473532e-16
vn -0.8090169943749475 6.123233995736766e-17 -0.587785252292473
vn -0.30901699437494756 6.123233995736766e-17 -0.9510565162951535
vn 0.30901699437494723 6.123233995736766e-17 -0.9510565162951536
vn 0.8090169943749473 6.123233995736766e-17 -0.5877852522924734
vn 1 6.123233995736766e-17 -2.4492935982947064e-16
vn 0.9238795325112867 -0.3826834323650897 0
vn 0.7474342425568128 -0.3826834323650897 0.5430427641049989
vn 0.28549447630116936 -0.3826834323650897 0.8786616496665794
vn -0.28549447630116925 -0.3826834323650897 0.8786616496665796
vn -0.7474342425568127 -0.3826834323650897 0.543042764104999
vn -0.9238795325112867 -0.3826834323650897 1.1314261122877003e-16
vn -0.7474342425568128 -0.3826834323650897 -0.5430427641049987
vn -0.2854944763011695 -0.3826834323650897 -0.8786616496665794
vn 0.28549447630116914 -0.3826834323650897 -0.8786616496665796
vn 0.7474342425568127 -0.3826834323650897 -0.543042764104999
vn 0.9238795325112867 -0.3826834323650897 -2.2628522245754005e-16
vn 0.7071067811865477 -0.7071067811865475 0
vn 0.5720614028176844 -0.7071067811865475 0.41562693777745346
vn 0.21850801222441057 -0.7071067811865475 0.6724985119639574
vn -0.2185080122244105 -0.7071067811865475 0.6724985119639574
vn -0.5720614028176843 -0.7071067811865475 0.4156269377774535
vn -0.7071067811865477 -0.7071067811865475 8.659560562354934e-17
vn -0.5720614028176844 -0.7071067811865475 -0.4156269377774534
vn -0.21850801222441066 -0.7071067811865475 -0.6724985119639574
vn 0.2185080122244104 -0.7071067811865475 -0.6724985119639574
vn 0.5720614028176843 -0.7071067811865475 -0.41562693777745363
vn 0.7071067811865477 -0.7071067811865475 -1.7319121124709868e-16
vn 0.3826834323650899 -0.9238795325112868 0
vn 0.3095974002490935 -0.9238795325112868 0.22493567784086393
vn 0.11825568406654857 -0.9238795325112868 0.3639535720290144
vn -0.11825568406654853 -0.9238795325112868 0.36395357202901446
vn -0.3095974002490935 -0.9238795325112868 0.224935677840864
vn -0.3826834323650899 -0.9238795325112868 4.6865204053263e-17
vn -0.3095974002490935 -0.9238795325112868 -0.2249356778408639
vn -0.11825568406654861 -0.9238795325112868 -0.3639535720290144
vn 0.11825568406654847 -0.9238795325112868 -0.36395357202901446
vn 0.3095974002490935 -0.9238795325112868 -0.22493567784086402
vn 0.3826834323650899 -0.9238795325112868 -9.3730408106526e-17
vn 1.2246467991473532e-16 -1 0
vn 9.907600726170916e-17 -1 7.198293278059966e-17
vn 3.7843667304341506e-17 -1 1.1647083184890923e-16
vn -3.7843667304341493e-17 -1 1.1647083184890926e-16
vn -9.907600726170915e-17 -1 7.198293278059968e-17
vn -1.2246467991473532e-16 -1 1.4997597826618576e-32
vn -9.907600726170916e-17 -1 -7.198293278059965e-17
vn -3.784366730434152e-17 -1 -1.1647083184890923e-16
vn 3.7843667304341475e-17 -1 -1.1647083184890926e-16
vn 9.907600726170915e-17 -1 -7.19829327805997e-17
vn 1.2246467991473532e-16 -1 -2.999519565323715e-32
vn 0 -1 0
vn 0 -1 0
vn 0 -1 0
vn 0 -1 0
vn 0 -1 0
vn 0 -1 0
vn 0 -1 0
vn 0 1 0
vn 0 1 0
vn 0 1 0
vn 0 1 0
vn 0 1 0
vn 0 1 0
vn 0 1 0
vn 0 -1 0
vn 0 1 0
vn 0 -1 0
vn 0 -1 0
vn 0 -1 0
vn 0 -1 0
vn 0 -1 0
vn 0 -1 0
vn 0 -1 0
vn 0 1 0
vn 0 1 0
vn 0 1 0
vn 0 1 0
vn 0 1 0
vn 0 1 0
vn 0 1 0
vn 0 -1 0
vn 0 1 0
vn 0 1 0
vn 0 1 0
vn 0 1 0
vn 0 1 0
vn 0 1 0
vn 0 1 0
vn 0 1 0
vn 0 1 0
vn 0 1 0
vn 0 1 0
vn 0 1 0
vn 0.3826834323650898 0.9238795325112867 0
vn 0.30959740024909344 0.9238795325112867 0.22493567784086388
vn 0.11825568406654854 0.9238795325112867 0.3639535720290143
vn -0.11825568406654849 0.9238795325112867 0.36395357202901435
vn -0.3095974002490934 0.9238795325112867 0.2249356778408639
vn -0.3826834323650898 0.9238795325112867 4.6865204053262986e-17
vn -0.30959740024909344 0.9238795325112867 -0.22493567784086382
vn -0.11825568406654856 0.9238795325112867 -0.3639535720290143
vn 0.11825568406654845 0.9238795325112867 -0.36395357202901435
vn 0.3095974002490934 0.9238795325112867 -0.22493567784086396
vn 0.3826834323650898 0.9238795325112867 -9.373040810652597e-17
vn 0.7071067811865475 0.7071067811865476 0
vn 0.5720614028176843 0.7071067811865476 0.4156269377774534
vn 0.21850801222441055 0.7071067811865476 0.6724985119639573
vn -0.21850801222441046 0.7071067811865476 0.6724985119639573
vn -0.5720614028176841 0.7071067811865476 0.4156269377774535
vn -0.7071067811865475 0.7071067811865476 8.659560562354932e-17
vn -0.5720614028176843 0.7071067811865476 -0.41562693777745335
vn -0.2185080122244106 0.7071067811865476 -0.6724985119639573
vn 0.21850801222441038 0.7071067811865476 -0.6724985119639573
vn 0.5720614028176841 0.7071067811865476 -0.4156269377774536
vn 0.7071067811865475 0.7071067811865476 -1.7319121124709863e-16
vn 0.9238795325112867 0.38268343236508984 0
vn 0.7474342425568128 0.38268343236508984 0.5430427641049989
vn 0.28549447630116936 0.38268343236508984 0.8786616496665794
vn -0.28549447630116925 0.38268343236508984 0.8786616496665797
vn -0.7474342425568127 0.38268343236508984 0.543042764104999
vn -0.9238795325112867 0.38268343236508984 1.1314261122877003e-16
vn -0.7474342425568128 0.38268343236508984 -0.5430427641049987
vn -0.2854944763011695 0.38268343236508984 -0.8786616496665794
vn 0.28549447630116914 0.38268343236508984 -0.8786616496665797
vn 0.7474342425568127 0.38268343236508984 -0.543042764104999
vn 0.9238795325112867 0.38268343236508984 -2.2628522245754005e-16
vn 1 6.123233995736766e-17 0
vn 0.8090169943749475 6.123233995736766e-17 0.5877852522924731
vn 0.30901699437494745 6.123233995736766e-17 0.9510565162951536
vn -0.30901699437494734 6.123233995736766e-17 0.9510565162951536
vn -0.8090169943749473 6.123233995736766e-17 0.5877852522924732
vn -1 6.123233995736766e-17 1.2246467991473532e-16
vn -0.8090169943749475 6.123233995736766e-17 -0.587785252292473
vn -0.30901699437494756 6.123233995736766e-17 -0.9510565162951536
vn 0.30901699437494723 6.123233995736766e-17 -0.9510565162951536
vn 0.8090169943749473 6.123233995736766e-17 -0.5877852522924734
vn 1 6.123233995736766e-17 -2.4492935982947064e-16
vn 0.9238795325112867 -0.3826834323650897 0
vn 0.7474342425568128 -0.3826834323650897 0.5430427641049989
vn 0.28549447630116936 -0.3826834323650897 0.8786616496665794
vn -0.28549447630116925 -0.3826834323650897 0.8786616496665797
vn -0.7474342425568127 -0.3826834323650897 0.543042764104999
vn -0.9238795325112867 -0.3826834323650897 1.1314261122877003e-16
vn -0.7474342425568128 -0.3826834323650897 -0.5430427641049987
vn -0.2854944763011695 -0.3826834323650897 -0.8786616496665794
vn 0.28549447630116914 -0.3826834323650897 -0.8786616496665797
vn 0.7474342425568127 -0.3826834323650897 -0.543042764104999
vn 0.9238795325112867 -0.3826834323650897 -2.2628522245754005e-16
vn 0.7071067811865476 -0.7071067811865475 0
vn 0.5720614028176844 -0.7071067811865475 0.4156269377774535
vn 0.21850801222441055 -0.7071067811865475 0.6724985119639574
vn -0.21850801222441052 -0.7071067811865475 0.6724985119639574
vn -0.5720614028176843 -0.7071067811865475 0.4156269377774535
vn -0.7071067811865476 -0.7071067811865475 8.659560562354934e-17
vn -0.5720614028176844 -0.7071067811865475 -0.4156269377774534
vn -0.21850801222441066 -0.7071067811865475 -0.6724985119639574
vn 0.2185080122244104 -0.7071067811865475 -0.6724985119639574
vn 0.5720614028176843 -0.7071067811865475 -0.4156269377774536
vn 0.7071067811865476 -0.7071067811865475 -1.7319121124709868e-16
vn 0.3826834323650899 -0.9238795325112867 0
vn 0.3095974002490935 -0.9238795325112867 0.2249356778408639
vn 0.11825568406654856 -0.9238795325112867 0.3639535720290144
vn -0.11825568406654854 -0.9238795325112867 0.36395357202901446
vn -0.3095974002490935 -0.9238795325112867 0.224935677840864
vn -0.3826834323650899 -0.9238795325112867 4.6865204053263e-17
vn -0.3095974002490935 -0.9238795325112867 -0.2249356778408639
vn -0.11825568406654861 -0.9238795325112867 -0.3639535720290144
vn 0.11825568406654849 -0.9238795325112867 -0.36395357202901446
vn 0.3095974002490935 -0.9238795325112867 -0.224935677840864
vn 0.3826834323650899 -0.9238795325112867 -9.3730408106526e-17
vn 1.2246467991473532e-16 -1 0
vn 9.907600726170916e-17 -1 7.198293278059966e-17
vn 3.7843667304341506e-17 -1 1.1647083184890923e-16
vn -3.7843667304341493e-17 -1 1.1647083184890926e-16
vn -9.907600726170915e-17 -1 7.198293278059968e-17
vn -1.2246467991473532e-16 -1 1.4997597826618576e-32
vn -9.907600726170916e-17 -1 -7.198293278059965e-17
vn -3.784366730434152e-17 -1 -1.1647083184890923e-16
vn 3.7843667304341475e-17 -1 -1.1647083184890926e-16
vn 9.907600726170915e-17 -1 -7.19829327805997e-17
vn 1.2246467991473532e-16 -1 -2.999519565323715e-32
vn 0 -1 0
vn 0 -1 0
vn 0 -1 0
vn 0 -1 0
vn 0 -1 0
vn 0 -1 0
vn 0 -1 0
vn 0 1 0
vn 0 1 0
vn 0 1 0
vn 0 1 0
vn 0 1 0
vn 0 1 0
vn 0 1 0
vn 0 -1 0
vn 0 1 0
vn 0 -1 0
vn 0 -1 0
vn 0 -1 0
vn 0 -1 0
vn 0 -1 0
vn 0 -1 0
vn 0 -1 0
vn 0 1 0
vn 0 1 0
vn 0 1 0
vn 0 1 0
vn 0 1 0
vn 0 1 0
vn 0 1 0
vn 0 -1 0
vn 0 1 0
vn 0 1 0
vn 0 1 0
vn 0 1 0
vn 0 1 0
vn 0 1 0
vn 0 1 0
vn 0 1 0
vn 0 1 0
vn 0 1 0
vn 0 1 0
vn 0 1 0
vn 0.3826834323650898 0.9238795325112867 0
vn 0.30959740024909344 0.9238795325112867 0.22493567784086388
vn 0.11825568406654852 0.9238795325112867 0.36395357202901435
vn -0.1182556840665485 0.9238795325112867 0.36395357202901435
vn -0.3095974002490934 0.9238795325112867 0.2249356778408639
vn -0.3826834323650898 0.9238795325112867 4.6865204053262986e-17
vn -0.30959740024909344 0.9238795325112867 -0.22493567784086385
vn -0.11825568406654857 0.9238795325112867 -0.36395357202901435
vn 0.11825568406654845 0.9238795325112867 -0.36395357202901435
vn 0.3095974002490934 0.9238795325112867 -0.22493567784086396
vn 0.3826834323650898 0.9238795325112867 -9.373040810652597e-17
vn 0.7071067811865475 0.7071067811865476 0
vn 0.5720614028176843 0.7071067811865476 0.41562693777745335
vn 0.21850801222441057 0.7071067811865476 0.6724985119639573
vn -0.21850801222441046 0.7071067811865476 0.6724985119639573
vn -0.5720614028176841 0.7071067811865476 0.41562693777745346
vn -0.7071067811865475 0.7071067811865476 8.659560562354932e-17
vn -0.5720614028176843 0.7071067811865476 -0.4156269377774533
vn -0.2185080122244106 0.7071067811865476 -0.6724985119639573
vn 0.21850801222441038 0.7071067811865476 -0.6724985119639573
vn 0.5720614028176841 0.7071067811865476 -0.4156269377774536
vn 0.7071067811865475 0.7071067811865476 -1.7319121124709863e-16
vn 0.9238795325112868 0.38268343236508984 0
vn 0.7474342425568128 0.38268343236508984 0.5430427641049989
vn 0.28549447630116936 0.38268343236508984 0.8786616496665796
vn -0.28549447630116925 0.38268343236508984 0.8786616496665796
vn -0.7474342425568127 0.38268343236508984 0.543042764104999
vn -0.9238795325112868 0.38268343236508984 1.1314261122877003e-16
vn -0.7474342425568128 0.38268343236508984 -0.5430427641049987
vn -0.2854944763011695 0.38268343236508984 -0.8786616496665796
vn 0.28549447630116914 0.38268343236508984 -0.8786616496665796
vn 0.7474342425568127 0.38268343236508984 -0.543042764104999
vn 0.9238795325112868 0.38268343236508984 -2.2628522245754005e-16
vn 1 6.123233995736766e-17 0
vn 0.8090169943749475 6.123233995736766e-17 0.5877852522924731
vn 0.30901699437494745 6.123233995736766e-17 0.9510565162951535
vn -0.30901699437494734 6.123233995736766e-17 0.9510565162951536
vn -0.8090169943749473 6.123233995736766e-17 0.5877852522924732
vn -1 6.123233995736766e-17 1.2246467991473532e-16
vn -0.8090169943749475 6.123233995736766e-17 -0.587785252292473
vn -0.30901699437494756 6.123233995736766e-17 -0.9510565162951535
vn 0.30901699437494723 6.123233995736766e-17 -0.9510565162951536
vn 0.8090169943749473 6.123233995736766e-17 -0.5877852522924734
vn 1 6.123233995736766e-17 -2.4492935982947064e-16
vn 0.9238795325112868 -0.3826834323650897 0
vn 0.7474342425568128 -0.3826834323650897 0.5430427641049989
vn 0.28549447630116936 -0.3826834323650897 0.8786616496665796
vn -0.28549447630116925 -0.3826834323650897 0.8786616496665796
vn -0.7474342425568127 -0.3826834323650897 0.543042764104999
vn -0.9238795325112868 -0.3826834323650897 1.1314261122877003e-16
vn -0.7474342425568128 -0.3826834323650897 -0.5430427641049987
vn -0.2854944763011695 -0.3826834323650897 -0.8786616496665796
vn 0.28549447630116914 -0.3826834323650897 -0.8786616496665796
vn 0.7474342425568127 -0.3826834323650897 -0.543042764104999
vn 0.9238795325112868 -0.3826834323650897 -2.2628522245754005e-16
vn 0.7071067811865476 -0.7071067811865475 0
vn 0.5720614028176844 -0.7071067811865475 0.41562693777745346
vn 0.21850801222441057 -0.7071067811865475 0.6724985119639574
vn -0.21850801222441046 -0.7071067811865475 0.6724985119639574
vn -0.5720614028176843 -0.7071067811865475 0.4156269377774535
vn -0.7071067811865476 -0.7071067811865475 8.659560562354934e-17
vn -0.5720614028176844 -0.7071067811865475 -0.41562693777745335
vn -0.21850801222441066 -0.7071067811865475 -0.6724985119639574
vn 0.2185080122244104 -0.7071067811865475 -0.6724985119639574
vn 0.5720614028176843 -0.7071067811865475 -0.4156269377774536
vn 0.7071067811865476 -0.7071067811865475 -1.7319121124709868e-16
vn 0.3826834323650899 -0.9238795325112867 0
vn 0.3095974002490935 -0.9238795325112867 0.22493567784086396
vn 0.11825568406654857 -0.9238795325112867 0.3639535720290144
vn -0.11825568406654852 -0.9238795325112867 0.36395357202901446
vn -0.3095974002490935 -0.9238795325112867 0.224935677840864
vn -0.3826834323650899 -0.9238795325112867 4.686520405326299e-17
vn -0.3095974002490935 -0.9238795325112867 -0.2249356778408639
vn -0.11825568406654861 -0.9238795325112867 -0.3639535720290144
vn 0.1182556840665485 -0.9238795325112867 -0.36395357202901446
vn 0.3095974002490935 -0.9238795325112867 -0.22493567784086402
vn 0.3826834323650899 -0.9238795325112867 -9.373040810652598e-17
vn 1.2246467991473532e-16 -1 0
vn 9.907600726170917e-17 -1 7.198293278059966e-17
vn 3.7843667304341506e-17 -1 1.1647083184890923e-16
vn -3.7843667304341493e-17 -1 1.1647083184890926e-16
vn -9.907600726170915e-17 -1 7.198293278059968e-17
vn -1.2246467991473532e-16 -1 1.4997597826618576e-32
vn -9.907600726170917e-17 -1 -7.198293278059965e-17
vn -3.784366730434152e-17 -1 -1.1647083184890923e-16
vn 3.7843667304341475e-17 -1 -1.1647083184890926e-16
vn 9.907600726170915e-17 -1 -7.19829327805997e-17
vn 1.2246467991473532e-16 -1 -2.999519565323715e-32
vn 0 -1 0
vn 0 -1 0
vn 0 -1 0
vn 0 -1 0
vn 0 -1 0
vn 0 -1 0
vn 0 -1 0
vn 0 1 0
vn 0 1 0
vn 0 1 0
vn 0 1 0
vn 0 1 0
vn 0 1 0
vn 0 1 0
vn 0 -1 0
vn 0 1 0
vn 0 -1 0
vn 0 -1 0
vn 0 -1 0
vn 0 -1 0
vn 0 -1 0
vn 0 -1 0
vn 0 -1 0
vn 0 1 0
vn 0 1 0
vn 0 1 0
vn 0 1 0
vn 0 1 0
vn 0 1 0
vn 0 1 0
vn 0 -1 0
vn 0 1 0
vn 0 1 0
vn 0 1 0
vn 0 1 0
vn 0 1 0
vn 0 1 0
vn 0 1 0
vn 0 1 0
vn 0 1 0
vn 0 1 0
vn 0 1 0
vn 0 1 0
vn 0.3826834323650898 0.9238795325112867 0
vn 0.30959740024909344 0.9238795325112867 0.22493567784086388
vn 0.11825568406654853 0.9238795325112867 0.3639535720290143
vn -0.11825568406654849 0.9238795325112867 0.36395357202901435
vn -0.3095974002490934 0.9238795325112867 0.22493567784086393
vn -0.3826834323650898 0.9238795325112867 4.686520405326299e-17
vn -0.30959740024909344 0.9238795325112867 -0.22493567784086382
vn -0.11825568406654857 0.9238795325112867 -0.3639535720290143
vn 0.11825568406654845 0.9238795325112867 -0.36395357202901435
vn 0.3095974002490934 0.9238795325112867 -0.22493567784086396
vn 0.3826834323650898 0.9238795325112867 -9.373040810652598e-17
vn 0.7071067811865476 0.7071067811865476 0
vn 0.5720614028176843 0.7071067811865476 0.4156269377774534
vn 0.21850801222441055 0.7071067811865476 0.6724985119639573
vn -0.21850801222441046 0.7071067811865476 0.6724985119639573
vn -0.5720614028176841 0.7071067811865476 0.41562693777745346
vn -0.7071067811865476 0.7071067811865476 8.659560562354932e-17
vn -0.5720614028176843 0.7071067811865476 -0.4156269377774533
vn -0.2185080122244106 0.7071067811865476 -0.6724985119639573
vn 0.21850801222441038 0.7071067811865476 -0.6724985119639573
vn 0.5720614028176841 0.7071067811865476 -0.4156269377774536
vn 0.7071067811865476 0.7071067811865476 -1.7319121124709863e-16
vn 0.9238795325112867 0.38268343236508984 0
vn 0.7474342425568128 0.38268343236508984 0.5430427641049989
vn 0.28549447630116936 0.38268343236508984 0.8786616496665793
vn -0.28549447630116925 0.38268343236508984 0.8786616496665796
vn -0.7474342425568127 0.38268343236508984 0.543042764104999
vn -0.9238795325112867 0.38268343236508984 1.1314261122877003e-16
vn -0.7474342425568128 0.38268343236508984 -0.5430427641049987
vn -0.2854944763011695 0.38268343236508984 -0.8786616496665793
vn 0.28549447630116914 0.38268343236508984 -0.8786616496665796
vn 0.7474342425568127 0.38268343236508984 -0.543042764104999
vn 0.9238795325112867 0.38268343236508984 -2.2628522245754005e-16
vn 1 6.123233995736766e-17 0
vn 0.8090169943749475 6.123233995736766e-17 0.5877852522924731
vn 0.30901699437494745 6.123233995736766e-17 0.9510565162951535
vn -0.30901699437494734 6.123233995736766e-17 0.9510565162951536
vn -0.8090169943749473 6.123233995736766e-17 0.5877852522924732
vn -1 6.123233995736766e-17 1.2246467991473532e-16
vn -0.8090169943749475 6.123233995736766e-17 -0.587785252292473
vn -0.30901699437494756 6.123233995736766e-17 -0.9510565162951535
vn 0.30901699437494723 6.123233995736766e-17 -0.9510565162951536
vn 0.8090169943749473 6.123233995736766e-17 -0.5877852522924734
vn 1 6.123233995736766e-17 -2.4492935982947064e-16
vn 0.9238795325112867 -0.3826834323650897 0
vn 0.7474342425568128 -0.3826834323650897 0.5430427641049989
vn 0.28549447630116936 -0.3826834323650897 0.8786616496665793
vn -0.28549447630116925 -0.3826834323650897 0.8786616496665796
vn -0.7474342425568127 -0.3826834323650897 0.543042764104999
vn -0.9238795325112867 -0.3826834323650897 1.1314261122877003e-16
vn -0.7474342425568128 -0.3826834323650897 -0.5430427641049987
vn -0.2854944763011695 -0.3826834323650897 -0.8786616496665793
vn 0.28549447630116914 -0.3826834323650897 -0.8786616496665796
vn 0.7474342425568127 -0.3826834323650897 -0.543042764104999
vn 0.9238795325112867 -0.3826834323650897 -2.2628522245754005e-16
vn 0.7071067811865476 -0.7071067811865475 0
vn 0.5720614028176844 -0.7071067811865475 0.41562693777745346
vn 0.21850801222441055 -0.7071067811865475 0.6724985119639574
vn -0.2185080122244105 -0.7071067811865475 0.6724985119639574
vn -0.5720614028176843 -0.7071067811865475 0.4156269377774536
vn -0.7071067811865476 -0.7071067811865475 8.659560562354934e-17
vn -0.5720614028176844 -0.7071067811865475 -0.4156269377774534
vn -0.21850801222441066 -0.7071067811865475 -0.6724985119639574
vn 0.2185080122244104 -0.7071067811865475 -0.6724985119639574
vn 0.5720614028176843 -0.7071067811865475 -0.41562693777745363
vn 0.7071067811865476 -0.7071067811865475 -1.7319121124709868e-16
vn 0.3826834323650899 -0.9238795325112867 0
vn 0.30959740024909344 -0.9238795325112867 0.22493567784086393
vn 0.11825568406654857 -0.9238795325112867 0.3639535720290144
vn -0.11825568406654853 -0.9238795325112867 0.36395357202901446
vn -0.30959740024909344 -0.9238795325112867 0.22493567784086402
vn -0.3826834323650899 -0.9238795325112867 4.6865204053263e-17
vn -0.30959740024909344 -0.9238795325112867 -0.22493567784086393
vn -0.11825568406654861 -0.9238795325112867 -0.3639535720290144
vn 0.11825568406654849 -0.9238795325112867 -0.36395357202901446
vn 0.30959740024909344 -0.9238795325112867 -0.22493567784086402
vn 0.3826834323650899 -0.9238795325112867 -9.3730408106526e-17
vn 1.2246467991473532e-16 -1 0
vn 9.907600726170916e-17 -1 7.198293278059966e-17
vn 3.7843667304341506e-17 -1 1.1647083184890923e-16
vn -3.7843667304341493e-17 -1 1.1647083184890926e-16
vn -9.907600726170915e-17 -1 7.198293278059968e-17
vn -1.2246467991473532e-16 -1 1.4997597826618576e-32
vn -9.907600726170916e-17 -1 -7.198293278059965e-17
vn -3.784366730434152e-17 -1 -1.1647083184890923e-16
vn 3.7843667304341475e-17 -1 -1.1647083184890926e-16
vn 9.907600726170915e-17 -1 -7.19829327805997e-17
vn 1.2246467991473532e-16 -1 -2.999519565323715e-32
vn 0 -1 0
vn 0 -1 0
vn 0 -1 0
vn 0 -1 0
vn 0 -1 0
vn 0 -1 0
vn 0 -1 0
vn 0 1 0
vn 0 1 0
vn 0 1 0
vn 0 1 0
vn 0 1 0
vn 0 1 0
vn 0 1 0
vn 0 -1 0
vn 0 1 0
vn 0 -1 0
vn 0 -1 0
vn 0 -1 0
vn 0 -1 0
vn 0 -1 0
vn 0 -1 0
vn 0 -1 0
vn 0 1 0
vn 0 1 0
vn 0 1 0
vn 0 1 0
vn 0 1 0
vn 0 1 0
vn 0 1 0
vn 0 -1 0
vn 0 1 0
vn 0 1 0
vn 0 1 0
vn 0 1 0
vn 0 1 0
vn 0 1 0
vn 0 1 0
vn 0 1 0
vn 0 1 0
vn 0 1 0
vn 0 1 0
vn 0 1 0
vn 0.3826834323650898 0.9238795325112867 0
vn 0.30959740024909344 0.9238795325112867 0.2249356778408639
vn 0.11825568406654852 0.9238795325112867 0.3639535720290143
vn -0.11825568406654847 0.9238795325112867 0.36395357202901435
vn -0.3095974002490934 0.9238795325112867 0.2249356778408639
vn -0.3826834323650898 0.9238795325112867 4.6865204053262986e-17
vn -0.30959740024909344 0.9238795325112867 -0.2249356778408638
vn -0.11825568406654856 0.9238795325112867 -0.3639535720290143
vn 0.11825568406654843 0.9238795325112867 -0.36395357202901435
vn 0.3095974002490934 0.9238795325112867 -0.22493567784086393
vn 0.3826834323650898 0.9238795325112867 -9.373040810652597e-17
vn 0.7071067811865475 0.7071067811865477 0
vn 0.5720614028176843 0.7071067811865477 0.41562693777745346
vn 0.21850801222441055 0.7071067811865477 0.6724985119639573
vn -0.21850801222441046 0.7071067811865477 0.6724985119639573
vn -0.5720614028176841 0.7071067811865477 0.41562693777745346
vn -0.7071067811865475 0.7071067811865477 8.659560562354932e-17
vn -0.5720614028176843 0.7071067811865477 -0.41562693777745324
vn -0.21850801222441057 0.7071067811865477 -0.6724985119639573
vn 0.21850801222441038 0.7071067811865477 -0.6724985119639573
vn 0.5720614028176841 0.7071067811865477 -0.4156269377774535
vn 0.7071067811865475 0.7071067811865477 -1.7319121124709863e-16
vn 0.9238795325112867 0.38268343236508984 0
vn 0.7474342425568128 0.38268343236508984 0.5430427641049989
vn 0.28549447630116936 0.38268343236508984 0.8786616496665796
vn -0.28549447630116925 0.38268343236508984 0.8786616496665796
vn -0.7474342425568127 0.38268343236508984 0.543042764104999
vn -0.9238795325112867 0.38268343236508984 1.1314261122877003e-16
vn -0.7474342425568128 0.38268343236508984 -0.5430427641049987
vn -0.2854944763011695 0.38268343236508984 -0.8786616496665796
vn 0.28549447630116914 0.38268343236508984 -0.8786616496665796
vn 0.7474342425568127 0.38268343236508984 -0.543042764104999
vn 0.9238795325112867 0.38268343236508984 -2.2628522245754005e-16
vn 1 6.123233995736766e-17 0
vn 0.8090169943749475 6.123233995736766e-17 0.5877852522924731
vn 0.30901699437494745 6.123233995736766e-17 0.9510565162951535
vn -0.30901699437494734 6.123233995736766e-17 0.9510565162951536
vn -0.8090169943749475 6.123233995736766e-17 0.5877852522924732
vn -1 6.123233995736766e-17 1.2246467991473532e-16
vn -0.8090169943749475 6.123233995736766e-17 -0.587785252292473
vn -0.30901699437494756 6.123233995736766e-17 -0.9510565162951535
vn 0.30901699437494723 6.123233995736766e-17 -0.9510565162951536
vn 0.8090169943749475 6.123233995736766e-17 -0.5877852522924734
vn 1 6.123233995736766e-17 -2.4492935982947064e-16
vn 0.9238795325112867 -0.38268343236508967 0
vn 0.7474342425568128 -0.38268343236508967 0.5430427641049989
vn 0.28549447630116936 -0.38268343236508967 0.8786616496665796
vn -0.28549447630116925 -0.38268343236508967 0.8786616496665796
vn -0.7474342425568127 -0.38268343236508967 0.543042764104999
vn -0.9238795325112867 -0.38268343236508967 1.1314261122877003e-16
vn -0.7474342425568128 -0.38268343236508967 -0.5430427641049987
vn -0.2854944763011695 -0.38268343236508967 -0.8786616496665796
vn 0.28549447630116914 -0.38268343236508967 -0.8786616496665796
vn 0.7474342425568127 -0.38268343236508967 -0.543042764104999
vn 0.9238795325112867 -0.38268343236508967 -2.2628522245754005e-16
vn 0.7071067811865476 -0.7071067811865475 0
vn 0.5720614028176844 -0.7071067811865475 0.41562693777745346
vn 0.21850801222441057 -0.7071067811865475 0.6724985119639574
vn -0.2185080122244105 -0.7071067811865475 0.6724985119639574
vn -0.5720614028176843 -0.7071067811865475 0.4156269377774535
vn -0.7071067811865476 -0.7071067811865475 8.659560562354934e-17
vn -0.5720614028176844 -0.7071067811865475 -0.41562693777745346
vn -0.21850801222441066 -0.7071067811865475 -0.6724985119639574
vn 0.2185080122244104 -0.7071067811865475 -0.6724985119639574
vn 0.5720614028176843 -0.7071067811865475 -0.41562693777745363
vn 0.7071067811865476 -0.7071067811865475 -1.7319121124709868e-16
vn 0.3826834323650899 -0.9238795325112867 0
vn 0.3095974002490935 -0.9238795325112867 0.22493567784086393
vn 0.11825568406654856 -0.9238795325112867 0.3639535720290144
vn -0.11825568406654852 -0.9238795325112867 0.36395357202901446
vn -0.3095974002490935 -0.9238795325112867 0.224935677840864
vn -0.3826834323650899 -0.9238795325112867 4.686520405326299e-17
vn -0.3095974002490935 -0.9238795325112867 -0.2249356778408639
vn -0.11825568406654861 -0.9238795325112867 -0.3639535720290144
vn 0.11825568406654847 -0.9238795325112867 -0.36395357202901446
vn 0.3095974002490935 -0.9238795325112867 -0.22493567784086405
vn 0.3826834323650899 -0.9238795325112867 -9.373040810652598e-17
vn 1.2246467991473532e-16 -1 0
vn 9.907600726170915e-17 -1 7.198293278059966e-17
vn 3.7843667304341506e-17 -1 1.1647083184890923e-16
vn -3.7843667304341493e-17 -1 1.1647083184890926e-16
vn -9.907600726170915e-17 -1 7.198293278059968e-17
vn -1.2246467991473532e-16 -1 1.4997597826618576e-32
vn -9.907600726170915e-17 -1 -7.198293278059965e-17
vn -3.784366730434152e-17 -1 -1.1647083184890923e-16
vn 3.7843667304341475e-17 -1 -1.1647083184890926e-16
vn 9.907600726170915e-17 -1 -7.19829327805997e-17
vn 1.2246467991473532e-16 -1 -2.999519565323715e-32
vn 0 -1 0
vn 0 -1 0
vn 0 -1 0
vn 0 -1 0
vn 0 -1 0
vn 0 -1 0
vn 0 -1 0
vn 0 1 0
vn 0 1 0
vn 0 1 0
vn 0 1 0
vn 0 1 0
vn 0 1 0
vn 0 1 0
vn 0 -1 0
vn 0 1 0
vn 0 -1 0
vn 0 -1 0
vn 0 -1 0
vn 0 -1 0
vn 0 -1 0
vn 0 -1 0
vn 0 -1 0
vn 0 1 0
vn 0 1 0
vn 0 1 0
vn 0 1 0
vn 0 1 0
vn 0 1 0
vn 0 1 0
vn 0 -1 0
vn 0 1 0
vn 0 1 0
vn 0 1 0
vn 0 1 0
vn 0 1 0
vn 0 1 0
vn 0 1 0
vn 0 1 0
vn 0 1 0
vn 0 1 0
vn 0 1 0
vn 0 1 0
vn 0.3826834323650898 0.9238795325112867 0
vn 0.30959740024909344 0.9238795325112867 0.22493567784086388
vn 0.11825568406654853 0.9238795325112867 0.3639535720290143
vn -0.11825568406654849 0.9238795325112867 0.36395357202901435
vn -0.3095974002490934 0.9238795325112867 0.2249356778408639
vn -0.3826834323650898 0.9238795325112867 4.6865204053262986e-17
vn -0.30959740024909344 0.9238795325112867 -0.22493567784086382
vn -0.11825568406654857 0.9238795325112867 -0.3639535720290143
vn 0.11825568406654845 0.9238795325112867 -0.36395357202901435
vn 0.3095974002490934 0.9238795325112867 -0.22493567784086396
vn 0.3826834323650898 0.9238795325112867 -9.373040810652597e-17
vn 0.7071067811865475 0.7071067811865476 0
vn 0.5720614028176843 0.7071067811865476 0.4156269377774534
vn 0.21850801222441055 0.7071067811865476 0.6724985119639572
vn -0.21850801222441046 0.7071067811865476 0.6724985119639572
vn -0.5720614028176841 0.7071067811865476 0.41562693777745346
vn -0.7071067811865475 0.7071067811865476 8.659560562354932e-17
vn -0.5720614028176843 0.7071067811865476 -0.41562693777745335
vn -0.2185080122244106 0.7071067811865476 -0.6724985119639572
vn 0.21850801222441038 0.7071067811865476 -0.6724985119639572
vn 0.5720614028176841 0.7071067811865476 -0.4156269377774536
vn 0.7071067811865475 0.7071067811865476 -1.7319121124709863e-16
vn 0.9238795325112867 0.38268343236508984 0
vn 0.7474342425568128 0.38268343236508984 0.5430427641049989
vn 0.28549447630116936 0.38268343236508984 0.8786616496665794
vn -0.28549447630116925 0.38268343236508984 0.8786616496665796
vn -0.7474342425568127 0.38268343236508984 0.5430427641049991
vn -0.9238795325112867 0.38268343236508984 1.1314261122877003e-16
vn -0.7474342425568128 0.38268343236508984 -0.5430427641049987
vn -0.2854944763011695 0.38268343236508984 -0.8786616496665794
vn 0.28549447630116914 0.38268343236508984 -0.8786616496665796
vn 0.7474342425568127 0.38268343236508984 -0.5430427641049991
vn 0.9238795325112867 0.38268343236508984 -2.2628522245754005e-16
vn 1 6.123233995736766e-17 0
vn 0.8090169943749475 6.123233995736766e-17 0.5877852522924731
vn 0.30901699437494745 6.123233995736766e-17 0.9510565162951535
vn -0.30901699437494734 6.123233995736766e-17 0.9510565162951536
vn -0.8090169943749473 6.123233995736766e-17 0.5877852522924732
vn -1 6.123233995736766e-17 1.2246467991473532e-16
vn -0.8090169943749475 6.123233995736766e-17 -0.587785252292473
vn -0.30901699437494756 6.123233995736766e-17 -0.9510565162951535
vn 0.30901699437494723 6.123233995736766e-17 -0.9510565162951536
vn 0.8090169943749473 6.123233995736766e-17 -0.5877852522924734
vn 1 6.123233995736766e-17 -2.4492935982947064e-16
vn 0.9238795325112867 -0.3826834323650897 0
vn 0.7474342425568128 -0.3826834323650897 0.5430427641049989
vn 0.28549447630116936 -0.3826834323650897 0.8786616496665794
vn -0.28549447630116925 -0.3826834323650897 0.8786616496665796
vn -0.7474342425568127 -0.3826834323650897 0.5430427641049991
vn -0.9238795325112867 -0.3826834323650897 1.1314261122877003e-16
vn -0.7474342425568128 -0.3826834323650897 -0.5430427641049987
vn -0.2854944763011695 -0.3826834323650897 -0.8786616496665794
vn 0.28549447630116914 -0.3826834323650897 -0.8786616496665796
vn 0.7474342425568127 -0.3826834323650897 -0.5430427641049991
vn 0.9238795325112867 -0.3826834323650897 -2.2628522245754005e-16
vn 0.7071067811865476 -0.7071067811865475 0
vn 0.5720614028176844 -0.7071067811865475 0.41562693777745346
vn 0.21850801222441057 -0.7071067811865475 0.6724985119639574
vn -0.2185080122244105 -0.7071067811865475 0.6724985119639574
vn -0.5720614028176843 -0.7071067811865475 0.4156269377774535
vn -0.7071067811865476 -0.7071067811865475 8.659560562354934e-17
vn -0.5720614028176844 -0.7071067811865475 -0.4156269377774534
vn -0.21850801222441066 -0.7071067811865475 -0.6724985119639574
vn 0.2185080122244104 -0.7071067811865475 -0.6724985119639574
vn 0.5720614028176843 -0.7071067811865475 -0.41562693777745363
vn 0.7071067811865476 -0.7071067811865475 -1.7319121124709868e-16
vn 0.3826834323650899 -0.9238795325112867 0
vn 0.3095974002490935 -0.9238795325112867 0.22493567784086393
vn 0.11825568406654857 -0.9238795325112867 0.3639535720290144
vn -0.11825568406654853 -0.9238795325112867 0.36395357202901446
vn -0.3095974002490935 -0.9238795325112867 0.224935677840864
vn -0.3826834323650899 -0.9238795325112867 4.6865204053263e-17
vn -0.3095974002490935 -0.9238795325112867 -0.2249356778408639
vn -0.11825568406654861 -0.9238795325112867 -0.3639535720290144
vn 0.11825568406654849 -0.9238795325112867 -0.36395357202901446
vn 0.3095974002490935 -0.9238795325112867 -0.22493567784086402
vn 0.3826834323650899 -0.9238795325112867 -9.3730408106526e-17
vn 1.2246467991473532e-16 -1 0
vn 9.907600726170916e-17 -1 7.198293278059966e-17
vn 3.7843667304341506e-17 -1 1.1647083184890923e-16
vn -3.7843667304341493e-17 -1 1.1647083184890926e-16
vn -9.907600726170915e-17 -1 7.198293278059968e-17
vn -1.2246467991473532e-16 -1 1.4997597826618576e-32
vn -9.907600726170916e-17 -1 -7.198293278059965e-17
vn -3.784366730434152e-17 -1 -1.1647083184890923e-16
vn 3.7843667304341475e-17 -1 -1.1647083184890926e-16
vn 9.907600726170915e-17 -1 -7.19829327805997e-17
vn 1.2246467991473532e-16 -1 -2.999519565323715e-32
vn 0 -1 0
vn 0 -1 0
vn 0 -1 0
vn 0 -1 0
vn 0 -1 0
vn 0 -1 0
vn 0 -1 0
vn 0 1 0
vn 0 1 0
vn 0 1 0
vn 0 1 0
vn 0 1 0
vn 0 1 0
vn 0 1 0
vn 0 -1 0
vn 0 1 0
vn 0 -1 0
vn 0 -1 0
vn 0 -1 0
vn 0 -1 0
vn 0 -1 0
vn 0 -1 0
vn 0 -1 0
vn 0 1 0
vn 0 1 0
vn 0 1 0
vn 0 1 0
vn 0 1 0
vn 0 1 0
vn 0 1 0
vn 0 -1 0
vn 0 1 0
vn 0 1 0
vn 0 1 0
vn 0 1 0
vn 0 1 0
vn 0 1 0
vn 0 1 0
vn 0 1 0
vn 0 1 0
vn 0 1 0
vn 0 1 0
vn 0 1 0
vn 0.3826834323650898 0.9238795325112867 0
vn 0.30959740024909344 0.9238795325112867 0.22493567784086388
vn 0.11825568406654853 0.9238795325112867 0.3639535720290143
vn -0.11825568406654849 0.9238795325112867 0.36395357202901435
vn -0.30959740024909344 0.9238795325112867 0.22493567784086388
vn -0.3826834323650898 0.9238795325112867 4.686520405326299e-17
vn -0.30959740024909344 0.9238795325112867 -0.2249356778408638
vn -0.11825568406654857 0.9238795325112867 -0.3639535720290143
vn 0.11825568406654845 0.9238795325112867 -0.36395357202901435
vn 0.30959740024909344 0.9238795325112867 -0.224935677840864
vn 0.3826834323650898 0.9238795325112867 -9.373040810652598e-17
vn 0.7071067811865475 0.7071067811865476 0
vn 0.5720614028176843 0.7071067811865476 0.41562693777745335
vn 0.21850801222441055 0.7071067811865476 0.6724985119639573
vn -0.21850801222441046 0.7071067811865476 0.6724985119639573
vn -0.5720614028176841 0.7071067811865476 0.41562693777745346
vn -0.7071067811865475 0.7071067811865476 8.659560562354932e-17
vn -0.5720614028176843 0.7071067811865476 -0.4156269377774533
vn -0.2185080122244106 0.7071067811865476 -0.6724985119639573
vn 0.21850801222441038 0.7071067811865476 -0.6724985119639573
vn 0.5720614028176841 0.7071067811865476 -0.4156269377774536
vn 0.7071067811865475 0.7071067811865476 -1.7319121124709863e-16
vn 0.9238795325112867 0.38268343236508984 0
vn 0.7474342425568128 0.38268343236508984 0.5430427641049989
vn 0.28549447630116936 0.38268343236508984 0.8786616496665794
vn -0.28549447630116925 0.38268343236508984 0.8786616496665796
vn -0.7474342425568127 0.38268343236508984 0.543042764104999
vn -0.9238795325112867 0.38268343236508984 1.1314261122877003e-16
vn -0.7474342425568128 0.38268343236508984 -0.5430427641049987
vn -0.2854944763011695 0.38268343236508984 -0.8786616496665794
vn 0.2854944763011691 0.38268343236508984 -0.8786616496665796
vn 0.7474342425568127 0.38268343236508984 -0.543042764104999
vn 0.9238795325112867 0.38268343236508984 -2.2628522245754005e-16
vn 1 6.123233995736766e-17 0
vn 0.8090169943749475 6.123233995736766e-17 0.5877852522924731
vn 0.30901699437494745 6.123233995736766e-17 0.9510565162951536
vn -0.3090169943749473 6.123233995736766e-17 0.9510565162951536
vn -0.8090169943749473 6.123233995736766e-17 0.5877852522924732
vn -1 6.123233995736766e-17 1.2246467991473532e-16
vn -0.8090169943749475 6.123233995736766e-17 -0.587785252292473
vn -0.30901699437494756 6.123233995736766e-17 -0.9510565162951536
vn 0.30901699437494723 6.123233995736766e-17 -0.9510565162951536
vn 0.8090169943749473 6.123233995736766e-17 -0.5877852522924734
vn 1 6.123233995736766e-17 -2.4492935982947064e-16
vn 0.9238795325112867 -0.3826834323650897 0
vn 0.7474342425568128 -0.3826834323650897 0.5430427641049989
vn 0.28549447630116936 -0.3826834323650897 0.8786616496665794
vn -0.28549447630116925 -0.3826834323650897 0.8786616496665796
vn -0.7474342425568127 -0.3826834323650897 0.543042764104999
vn -0.9238795325112867 -0.3826834323650897 1.1314261122877003e-16
vn -0.7474342425568128 -0.3826834323650897 -0.5430427641049987
vn -0.2854944763011695 -0.3826834323650897 -0.8786616496665794
vn 0.2854944763011691 -0.3826834323650897 -0.8786616496665796
vn 0.7474342425568127 -0.3826834323650897 -0.543042764104999
vn 0.9238795325112867 -0.3826834323650897 -2.2628522245754005e-16
vn 0.7071067811865476 -0.7071067811865475 0
vn 0.5720614028176844 -0.7071067811865475 0.41562693777745346
vn 0.21850801222441057 -0.7071067811865475 0.6724985119639574
vn -0.21850801222441046 -0.7071067811865475 0.6724985119639574
vn -0.5720614028176843 -0.7071067811865475 0.4156269377774536
vn -0.7071067811865476 -0.7071067811865475 8.659560562354934e-17
vn -0.5720614028176844 -0.7071067811865475 -0.41562693777745335
vn -0.21850801222441066 -0.7071067811865475 -0.6724985119639574
vn 0.2185080122244104 -0.7071067811865475 -0.6724985119639574
vn 0.5720614028176843 -0.7071067811865475 -0.41562693777745363
vn 0.7071067811865476 -0.7071067811865475 -1.7319121124709868e-16
vn 0.3826834323650899 -0.9238795325112867 0
vn 0.3095974002490935 -0.9238795325112867 0.22493567784086393
vn 0.11825568406654857 -0.9238795325112867 0.3639535720290144
vn -0.11825568406654853 -0.9238795325112867 0.36395357202901446
vn -0.3095974002490935 -0.9238795325112867 0.224935677840864
vn -0.3826834323650899 -0.9238795325112867 4.6865204053263e-17
vn -0.3095974002490935 -0.9238795325112867 -0.22493567784086388
vn -0.11825568406654861 -0.9238795325112867 -0.3639535720290144
vn 0.11825568406654849 -0.9238795325112867 -0.36395357202901446
vn 0.3095974002490935 -0.9238795325112867 -0.22493567784086402
vn 0.3826834323650899 -0.9238795325112867 -9.3730408106526e-17
vn 1.2246467991473532e-16 -1 0
vn 9.907600726170916e-17 -1 7.198293278059966e-17
vn 3.7843667304341506e-17 -1 1.1647083184890923e-16
vn -3.7843667304341493e-17 -1 1.1647083184890926e-16
vn -9.907600726170915e-17 -1 7.198293278059968e-17
vn -1.2246467991473532e-16 -1 1.4997597826618576e-32
vn -9.907600726170916e-17 -1 -7.198293278059965e-17
vn -3.7843667304341524e-17 -1 -1.1647083184890923e-16
vn 3.7843667304341475e-17 -1 -1.1647083184890926e-16
vn 9.907600726170915e-17 -1 -7.19829327805997e-17
vn 1.2246467991473532e-16 -1 -2.999519565323715e-32
vn 0 1 0
vn 0 1 0
vn 0 1 0
vn 0 1 0
vn 0 1 0
vn 0 1 0
vn 0 1 0
vn 0 1 0
vn 0 1 0
vn 0 1 0
vn 0 1 0
vn 0.3826834323650898 0.9238795325112867 0
vn 0.30959740024909344 0.9238795325112867 0.22493567784086388
vn 0.11825568406654853 0.9238795325112867 0.3639535720290143
vn -0.11825568406654849 0.9238795325112867 0.36395357202901435
vn -0.3095974002490934 0.9238795325112867 0.2249356778408639
vn -0.3826834323650898 0.9238795325112867 4.6865204053262986e-17
vn -0.30959740024909344 0.9238795325112867 -0.22493567784086382
vn -0.11825568406654857 0.9238795325112867 -0.3639535720290143
vn 0.11825568406654845 0.9238795325112867 -0.36395357202901435
vn 0.3095974002490934 0.9238795325112867 -0.22493567784086396
vn 0.3826834323650898 0.9238795325112867 -9.373040810652597e-17
vn 0.7071067811865475 0.7071067811865476 0
vn 0.5720614028176843 0.7071067811865476 0.4156269377774534
vn 0.21850801222441055 0.7071067811865476 0.6724985119639573
vn -0.21850801222441046 0.7071067811865476 0.6724985119639573
vn -0.5720614028176841 0.7071067811865476 0.41562693777745346
vn -0.7071067811865475 0.7071067811865476 8.659560562354932e-17
vn -0.5720614028176843 0.7071067811865476 -0.4156269377774533
vn -0.2185080122244106 0.7071067811865476 -0.6724985119639573
vn 0.21850801222441038 0.7071067811865476 -0.6724985119639573
vn 0.5720614028176841 0.7071067811865476 -0.4156269377774536
vn 0.7071067811865475 0.7071067811865476 -1.7319121124709863e-16
vn 0.9238795325112867 0.38268343236508984 0
vn 0.7474342425568128 0.38268343236508984 0.5430427641049989
vn 0.28549447630116936 0.38268343236508984 0.8786616496665794
vn -0.28549447630116925 0.38268343236508984 0.8786616496665796
vn -0.7474342425568127 0.38268343236508984 0.543042764104999
vn -0.9238795325112867 0.38268343236508984 1.1314261122877003e-16
vn -0.7474342425568128 0.38268343236508984 -0.5430427641049987
vn -0.2854944763011695 0.38268343236508984 -0.8786616496665794
vn 0.28549447630116914 0.38268343236508984 -0.8786616496665796
vn 0.7474342425568127 0.38268343236508984 -0.543042764104999
vn 0.9238795325112867 0.38268343236508984 -2.2628522245754005e-16
vn 1 6.123233995736766e-17 0
vn 0.8090169943749475 6.123233995736766e-17 0.5877852522924731
vn 0.30901699437494745 6.123233995736766e-17 0.9510565162951535
vn -0.30901699437494734 6.123233995736766e-17 0.9510565162951536
vn -0.8090169943749473 6.123233995736766e-17 0.5877852522924732
vn -1 6.123233995736766e-17 1.2246467991473532e-16
vn -0.8090169943749475 6.123233995736766e-17 -0.587785252292473
vn -0.30901699437494756 6.123233995736766e-17 -0.9510565162951535
vn 0.30901699437494723 6.123233995736766e-17 -0.9510565162951536
vn 0.8090169943749473 6.123233995736766e-17 -0.5877852522924734
vn 1 6.123233995736766e-17 -2.4492935982947064e-16
vn 0.9238795325112867 -0.3826834323650897 0
vn 0.7474342425568128 -0.3826834323650897 0.5430427641049989
vn 0.28549447630116936 -0.3826834323650897 0.8786616496665794
vn -0.28549447630116925 -0.3826834323650897 0.8786616496665796
vn -0.7474342425568127 -0.3826834323650897 0.543042764104999
vn -0.9238795325112867 -0.3826834323650897 1.1314261122877003e-16
vn -0.7474342425568128 -0.3826834323650897 -0.5430427641049987
vn -0.2854944763011695 -0.3826834323650897 -0.8786616496665794
vn 0.28549447630116914 -0.3826834323650897 -0.8786616496665796
vn 0.7474342425568127 -0.3826834323650897 -0.543042764104999
vn 0.9238795325112867 -0.3826834323650897 -2.2628522245754005e-16
vn 0.7071067811865476 -0.7071067811865475 0
vn 0.5720614028176844 -0.7071067811865475 0.41562693777745346
vn 0.21850801222441057 -0.7071067811865475 0.6724985119639575
vn -0.2185080122244105 -0.7071067811865475 0.6724985119639575
vn -0.5720614028176843 -0.7071067811865475 0.4156269377774536
vn -0.7071067811865476 -0.7071067811865475 8.659560562354935e-17
vn -0.5720614028176844 -0.7071067811865475 -0.4156269377774534
vn -0.21850801222441066 -0.7071067811865475 -0.6724985119639575
vn 0.2185080122244104 -0.7071067811865475 -0.6724985119639575
vn 0.5720614028176843 -0.7071067811865475 -0.41562693777745363
vn 0.7071067811865476 -0.7071067811865475 -1.731912112470987e-16
vn 0.3826834323650899 -0.9238795325112867 0
vn 0.3095974002490935 -0.9238795325112867 0.2249356778408639
vn 0.11825568406654857 -0.9238795325112867 0.36395357202901435
vn -0.11825568406654853 -0.9238795325112867 0.36395357202901446
vn -0.3095974002490935 -0.9238795325112867 0.224935677840864
vn -0.3826834323650899 -0.9238795325112867 4.6865204053263e-17
vn -0.3095974002490935 -0.9238795325112867 -0.2249356778408639
vn -0.11825568406654861 -0.9238795325112867 -0.36395357202901435
vn 0.11825568406654849 -0.9238795325112867 -0.36395357202901446
vn 0.3095974002490935 -0.9238795325112867 -0.22493567784086402
vn 0.3826834323650899 -0.9238795325112867 -9.3730408106526e-17
vn 1.2246467991473532e-16 -1 0
vn 9.907600726170916e-17 -1 7.198293278059968e-17
vn 3.7843667304341506e-17 -1 1.1647083184890923e-16
vn -3.7843667304341493e-17 -1 1.1647083184890926e-16
vn -9.907600726170915e-17 -1 7.198293278059968e-17
vn -1.2246467991473532e-16 -1 1.4997597826618576e-32
vn -9.907600726170916e-17 -1 -7.198293278059965e-17
vn -3.784366730434152e-17 -1 -1.1647083184890923e-16
vn 3.7843667304341475e-17 -1 -1.1647083184890926e-16
vn 9.907600726170915e-17 -1 -7.19829327805997e-17
vn 1.2246467991473532e-16 -1 -2.999519565323715e-32
f 1/1/1 12/12/12 2/2/2
f 1/1/1 11/11/11 12/12/12
f 21/21/21 1/1/1 2/2/2
f 22/22/22 12/12/12 11/11/11
f 2/2/2 13/13/13 3/3/3
f 2/2/2 12/12/12 13/13/13
f 21/21/21 2/2/2 3/3/3
f 22/22/22 13/13/13 12/12/12
f 3/3/3 14/14/14 4/4/4
f 3/3/3 13/13/13 14/14/14
f 21/21/21 3/3/3 4/4/4
f 22/22/22 14/14/14 13/13/13
f 4/4/4 15/15/15 5/5/5
f 4/4/4 14/14/14 15/15/15
f 21/21/21 4/4/4 5/5/5
f 22/22/22 15/15/15 14/14/14
f 5/5/5 16/16/16 6/6/6
f 5/5/5 15/15/15 16/16/16
f 21/21/21 5/5/5 6/6/6
f 22/22/22 16/16/16 15/15/15
f 6/6/6 17/17/17 7/7/7
f 6/6/6 16/16/16 17/17/17
f 21/21/21 6/6/6 7/7/7
f 22/22/22 17/17/17 16/16/16
f 7/7/7 18/18/18 8/8/8
f 7/7/7 17/17/17 18/18/18
f 21/21/21 7/7/7 8/8/8
f 22/22/22 18/18/18 17/17/17
f 8/8/8 19/19/19 9/9/9
f 8/8/8 18/18/18 19/19/19
f 21/21/21 8/8/8 9/9/9
f 22/22/22 19/19/19 18/18/18
f 9/9/9 20/20/20 10/10/10
f 9/9/9 19/19/19 20/20/20
f 21/21/21 9/9/9 10/10/10
f 22/22/22 20/20/20 19/19/19
f 10/10/10 11/11/11 1/1/1
f 10/10/10 20/20/20 11/11/11
f 21/21/21 10/10/10 1/1/1
f 22/22/22 11/11/11 20/20/20
f 23/23/23 34/34/34 24/24/24
f 23/23/23 33/33/33 34/34/34
f 43/43/43 23/23/23 24/24/24
f 44/44/44 34/34/34 33/33/33
f 24/24/24 35/35/35 25/25/25
f 24/24/24 34/34/34 35/35/35
f 43/43/43 24/24/24 25/25/25
f 44/44/44 35/35/35 34/34/34
f 25/25/25 36/36/36 26/26/26
f 25/25/25 35/35/35 36/36/36
f 43/43/43 25/25/25 26/26/26
f 44/44/44 36/36/36 35/35/35
f 26/26/26 37/37/37 27/27/27
f 26/26/26 36/36/36 37/37/37
f 43/43/43 26/26/26 27/27/27
f 44/44/44 37/37/37 36/36/36
f 27/27/27 38/38/38 28/28/28
f 27/27/27 37/37/37 38/38/38
f 43/43/43 27/27/27 28/28/28
f 44/44/44 38/38/38 37/37/37
f 28/28/28 39/39/39 29/29/29
f 28/28/28 38/38/38 39/39/39
f 43/43/43 28/28/28 29/29/29
f 44/44/44 39/39/39 38/38/38
f 29/29/29 40/40/40 30/30/30
f 29/29/29 39/39/39 40/40/40
f 43/43/43 29/29/29 30/30/30
f 44/44/44 40/40/40 39/39/39
f 30/30/30 41/41/41 31/31/31
f 30/30/30 40/40/40 41/41/41
f 43/43/43 30/30/30 31/31/31
f 44/44/44 41/41/41 40/40/40
f 31/31/31 42/42/42 32/32/32
f 31/31/31 41/41/41 42/42/42
f 43/43/43 31/31/31 32/32/32
f 44/44/44 42/42/42 41/41/41
f 32/32/32 33/33/33 23/23/23
f 32/32/32 42/42/42 33/33/33
f 43/43/43 32/32/32 23/23/23
f 44/44/44 33/33/33 42/42/42
f 45/45/45 53/53/53 46/46/46
f 45/45/45 52/52/52 53/53/53
f 59/59/59 45/45/45 46/46/46
f 60/60/60 53/53/53 52/52/52
f 46/46/46 54/54/54 47/47/47
f 46/46/46 53/53/53 54/54/54
f 59/59/59 46/46/46 47/47/47
f 60/60/60 54/54/54 53/53/53
f 47/47/47 55/55/55 48/48/48
f 47/47/47 54/54/54 55/55/55
f 59/59/59 47/47/47 48/48/48
f 60/60/60 55/55/55 54/54/54
f 48/48/48 56/56/56 49/49/49
f 48/48/48 55/55/55 56/56/56
f 59/59/59 48/48/48 49/49/49
f 60/60/60 56/56/56 55/55/55
f 49/49/49 57/57/57 50/50/50
f 49/49/49 56/56/56 57/57/57
f 59/59/59 49/49/49 50/50/50
f 60/60/60 57/57/57 56/56/56
f 50/50/50 58/58/58 51/51/51
f 50/50/50 57/57/57 58/58/58
f 59/59/59 50/50/50 51/51/51
f 60/60/60 58/58/58 57/57/57
f 51/51/51 52/52/52 45/45/45
f 51/51/51 58/58/58 52/52/52
f 59/59/59 51/51/51 45/45/45
f 60/60/60 52/52/52 58/58/58
f 61/61/61 69/69/69 62/62/62
f 61/61/61 68/68/68 69/69/69
f 75/75/75 61/61/61 62/62/62
f 76/76/76 69/69/69 68/68/68
f 62/62/62 70/70/70 63/63/63
f 62/62/62 69/69/69 70/70/70
f 75/75/75 62/62/62 63/63/63
f 76/76/76 70/70/70 69/69/69
f 63/63/63 71/71/71 64/64/64
f 63/63/63 70/70/70 71/71/71
f 75/75/75 63/63/63 64/64/64
f 76/76/76 71/71/71 70/70/70
f 64/64/64 72/72/72 65/65/65
f 64/64/64 71/71/71 72/72/72
f 75/75/75 64/64/64 65/65/65
f 76/76/76 72/72/72 71/71/71
f 65/65/65 73/73/73 66/66/66
f 65/65/65 72/72/72 73/73/73
f 75/75/75 65/65/65 66/66/66
f 76/76/76 73/73/73 72/72/72
f 66/66/66 74/74/74 67/67/67
f 66/66/66 73/73/73 74/74/74
f 75/75/75 66/66/66 67/67/67
f 76/76/76 74/74/74 73/73/73
f 67/67/67 68/68/68 61/61/61
f 67/67/67 74/74/74 68/68/68
f 75/75/75 67/67/67 61/61/61
f 76/76/76 68/68/68 74/74/74
f 77/77/77 89/89/89 88/88/88
f 77/77/77 78/78/78 89/89/89
f 78/78/78 90/90/90 89/89/89
f 78/78/78 79/79/79 90/90/90
f 79/79/79 91/91/91 90/90/90
f 79/79/79 80/80/80 91/91/91
f 80/80/80 92/92/92 91/91/91
f 80/80/80 81/81/81 92/92/92
f 81/81/81 93/93/93 92/92/92
f 81/81/81 82/82/82 93/93/93
f 82/82/82 94/94/94 93/93/93
f 82/82/82 83/83/83 94/94/94
f 83/83/83 95/95/95 94/94/94
f 83/83/83 84/84/84 95/95/95
f 84/84/84 96/96/96 95/95/95
f 84/84/84 85/85/85 96/96/96
f 85/85/85 97/97/97 96/96/96
f 85/85/85 86/86/86 97/97/97
f 86/86/86 98/98/98 97/97/97
f 86/86/86 87/87/87 98/98/98
f 88/88/88 100/100/100 99/99/99
f 88/88/88 89/89/89 100/100/100
f 89/89/89 101/101/101 100/100/100
f 89/89/89 90/90/90 101/101/101
f 90/90/90 102/102/102 101/101/101
f 90/90/90 91/91/91 102/102/102
f 91/91/91 103/103/103 102/102/102
f 91/91/91 92/92/92 103/103/103
f 92/92/92 104/104/104 103/103/103
f 92/92/92 93/93/93 104/104/104
f 93/93/93 105/105/105 104/104/104
f 93/93/93 94/94/94 105/105/105
f 94/94/94 106/106/106 105/105/105
f 94/94/94 95/95/95 106/106/106
f 95/95/95 107/107/107 106/106/106
f 95/95/95 96/96/96 107/107/107
f 96/96/96 108/108/108 107/107/107
f 96/96/96 97/97/97 108/108/108
f 97/97/97 109/109/109 108/108/108
f 97/97/97 98/98/98 109/109/109
f 99/99/99 111/111/111 110/110/110
f 99/99/99 100/100/100 111/111/111
f 100/100/100 112/112/112 111/111/111
f 100/100/100 101/101/101 112/112/112
f 101/101/101 113/113/113 112/112/112
f 101/101/101 102/102/102 113/113/113
f 102/102/102 114/114/114 113/113/113
f 102/102/102 103/103/103 114/114/114
f 103/103/103 115/115/115 114/114/114
f 103/103/103 104/104/104 115/115/115
f 104/104/104 116/116/116 115/115/115
f 104/104/104 105/105/105 116/116/116
f 105/105/105 117/117/117 116/116/116
f 105/105/105 106/106/106 117/117/117
f 106/106/106 118/118/118 117/117/117
f 106/106/106 107/107/107 118/118/118
f 107/107/107 119/119/119 118/118/118
f 107/107/107 108/108/108 119/119/119
f 108/108/108 120/120/120 119/119/119
f 108/108/108 109/109/109 120/120/120
f 110/110/110 122/122/122 121/121/121
f 110/110/110 111/111/111 122/122/122
f 111/111/111 123/123/123 122/122/122
f 111/111/111 112/112/112 123/123/123
f 112/112/112 124/124/124 123/123/123
f 112/112/112 113/113/113 124/124/124
f 113/113/113 125/125/125 124/124/124
f 113/113/113 114/114/114 125/125/125
f 114/114/114 126/126/126 125/125/125
f 114/114/114 115/115/115 126/126/126
f 115/115/115 127/127/127 126/126/126
f 115/115/115 116/116/116 127/127/127
f 116/116/116 128/128/128 127/127/127
f 116/116/116 117/117/117 128/128/128
f 117/117/117 129/129/129 128/128/128
f 117/117/117 118/118/118 129/129/129
f 118/118/118 130/130/130 129/129/129
f 118/118/118 119/119/119 130/130/130
f 119/119/119 131/131/131 130/130/130
f 119/119/119 120/120/120 131/131/131
f 121/121/121 133/133/133 132/132/132
f 121/121/121 122/122/122 133/133/133
f 122/122/122 134/134/134 133/133/133
f 122/122/122 123/123/123 134/134/134
f 123/123/123 135/135/135 134/134/134
f 123/123/123 124/124/124 135/135/135
f 124/124/124 136/136/136 135/135/135
f 124/124/124 125/125/125 136/136/136
f 125/125/125 137/137/137 136/136/136
f 125/125/125 126/126/126 137/137/137
f 126/126/126 138/138/138 137/137/137
f 126/126/126 127/127/127 138/138/138
f 127/127/127 139/139/139 138/138/138
f 127/127/127 128/128/128 139/139/139
f 128/128/128 140/140/140 139/139/139
f 128/128/128 129/129/129 140/140/140
f 129/129/129 141/141/141 140/140/140
f 129/129/129 130/130/130 141/141/141
f 130/130/130 142/142/142 141/141/141
f 130/130/130 131/131/131 142/142/142
f 132/132/132 144/144/144 143/143/143
f 132/132/132 133/133/133 144/144/144
f 133/133/133 145/145/145 144/144/144
f 133/133/133 134/134/134 145/145/145
f 134/134/134 146/146/146 145/145/145
f 134/134/134 135/135/135 146/146/146
f 135/135/135 147/147/147 146/146/146
f 135/135/135 136/136/136 147/147/147
f 136/136/136 148/148/148 147/147/147
f 136/136/136 137/137/137 148/148/148
f 137/137/137 149/149/149 148/148/148
f 137/137/137 138/138/138 149/149/149
f 138/138/138 150/150/150 149/149/149
f 138/138/138 139/139/139 150/150/150
f 139/139/139 151/151/151 150/150/150
f 139/139/139 140/140/140 151/151/151
f 140/140/140 152/152/152 151/151/151
f 140/140/140 141/141/141 152/152/152
f 141/141/141 153/153/153 152/152/152
f 141/141/141 142/142/142 153/153/153
f 143/143/143 155/155/155 154/154/154
f 143/143/143 144/144/144 155/155/155
f 144/144/144 156/156/156 155/155/155
f 144/144/144 145/145/145 156/156/156
f 145/145/145 157/157/157 156/156/156
f 145/145/145 146/146/146 157/157/157
f 146/146/146 158/158/158 157/157/157
f 146/146/146 147/147/147 158/158/158
f 147/147/147 159/159/159 158/158/158
f 147/147/147 148/148/148 159/159/159
f 148/148/148 160/160/160 159/159/159
f 148/148/148 149/149/149 160/160/160
f 149/149/149 161/161/161 160/160/160
f 149/149/149 150/150/150 161/161/161
f 150/150/150 162/162/162 161/161/161
f 150/150/150 151/151/151 162/162/162
f 151/151/151 163/163/163 162/162/162
f 151/151/151 152/152/152 163/163/163
f 152/152/152 164/164/164 163/163/163
f 152/152/152 153/153/153 164/164/164
f 154/154/154 166/166/166 165/165/165
f 154/154/154 155/155/155 166/166/166
f 155/155/155 167/167/167 166/166/166
f 155/155/155 156/156/156 167/167/167
f 156/156/156 168/168/168 167/167/167
f 156/156/156 157/157/157 168/168/168
f 157/157/157 169/169/169 168/168/168
f 157/157/157 158/158/158 169/169/169
f 158/158/158 170/170/170 169/169/169
f 158/158/158 159/159/159 170/170/170
f 159/159/159 171/171/171 170/170/170
f 159/159/159 160/160/160 171/171/171
f 160/160/160 172/172/172 171/171/171
f 160/160/160 161/161/161 172/172/172
f 161/161/161 173/173/173 172/172/172
f 161/161/161 162/162/162 173/173/173
f 162/162/162 174/174/174 173/173/173
f 162/162/162 163/163/163 174/174/174
f 163/163/163 175/175/175 174/174/174
f 163/163/163 164/164/164 175/175/175
f 176/176/176 184/184/184 177/177/177
f 176/176/176 183/183/183 184/184/184
f 190/190/190 176/176/176 177/177/177
f 191/191/191 184/184/184 183/183/183
f 177/177/177 185/185/185 178/178/178
f 177/177/177 184/184/184 185/185/185
f 190/190/190 177/177/177 178/178/178
f 191/191/191 185/185/185 184/184/184
f 178/178/178 186/186/186 179/179/179
f 178/178/178 185/185/185 186/186/186
f 190/190/190 178/178/178 179/179/179
f 191/191/191 186/186/186 185/185/185
f 179/179/179 187/187/187 180/180/180
f 179/179/179 186/186/186 187/187/187
f 190/190/190 179/179/179 180/180/180
f 191/191/191 187/187/187 186/186/186
f 180/180/180 188/188/188 181/181/181
f 180/180/180 187/187/187 188/188/188
f 190/190/190 180/180/180 181/181/181
f 191/191/191 188/188/188 187/187/187
f 181/181/181 189/189/189 182/182/182
f 181/181/181 188/188/188 189/189/189
f 190/190/190 181/181/181 182/182/182
f 191/191/191 189/189/189 188/188/188
f 182/182/182 183/183/183 176/176/176
f 182/182/182 189/189/189 183/183/183
f 190/190/190 182/182/182 176/176/176
f 191/191/191 183/183/183 189/189/189
f 192/192/192 200/200/200 193/193/193
f 192/192/192 199/199/199 200/200/200
f 206/206/206 192/192/192 193/193/193
f 207/207/207 200/200/200 199/199/199
f 193/193/193 201/201/201 194/194/194
f 193/193/193 200/200/200 201/201/201
f 206/206/206 193/193/193 194/194/194
f 207/207/207 201/201/201 200/200/200
f 194/194/194 202/202/202 195/195/195
f 194/194/194 201/201/201 202/202/202
f 206/206/206 194/194/194 195/195/195
f 207/207/207 202/202/202 201/201/201
f 195/195/195 203/203/203 196/196/196
f 195/195/195 202/202/202 203/203/203
f 206/206/206 195/195/195 196/196/196
f 207/207/207 203/203/203 202/202/202
f 196/196/196 204/204/204 197/197/197
f 196/196/196 203/203/203 204/204/204
f 206/206/206 196/196/196 197/197/197
f 207/207/207 204/204/204 203/203/203
f 197/197/197 205/205/205 198/198/198
f 197/197/197 204/204/204 205/205/205
f 206/206/206 197/197/197 198/198/198
f 207/207/207 205/205/205 204/204/204
f 198/198/198 199/199/199 192/192/192
f 198/198/198 205/205/205 199/199/199
f 206/206/206 198/198/198 192/192/192
f 207/207/207 199/199/199 205/205/205
f 208/208/208 220/220/220 219/219/219
f 208/208/208 209/209/209 220/220/220
f 209/209/209 221/221/221 220/220/220
f 209/209/209 210/210/210 221/221/221
f 210/210/210 222/222/222 221/221/221
f 210/210/210 211/211/211 222/222/222
f 211/211/211 223/223/223 222/222/222
f 211/211/211 212/212/212 223/223/223
f 212/212/212 224/224/224 223/223/223
f 212/212/212 213/213/213 224/224/224
f 213/213/213 225/225/225 224/224/224
f 213/213/213 214/214/214 225/225/225
f 214/214/214 226/226/226 225/225/225
f 214/214/214 215/215/215 226/226/226
f 215/215/215 227/227/227 226/226/226
f 215/215/215 216/216/216 227/227/227
f 216/216/216 228/228/228 227/227/227
f 216/216/216 217/217/217 228/228/228
f 217/217/217 229/229/229 228/228/228
f 217/217/217 218/218/218 229/229/229
f 219/219/219 231/231/231 230/230/230
f 219/219/219 220/220/220 231/231/231
f 220/220/220 232/232/232 231/231/231
f 220/220/220 221/221/221 232/232/232
f 221/221/221 233/233/233 232/232/232
f 221/221/221 222/222/222 233/233/233
f 222/222/222 234/234/234 233/233/233
f 222/222/222 223/223/223 234/234/234
f 223/223/223 235/235/235 234/234/234
f 223/223/223 224/224/224 235/235/235
f 224/224/224 236/236/236 235/235/235
f 224/224/224 225/225/225 236/236/236
f 225/225/225 237/237/237 236/236/236
f 225/225/225 226/226/226 237/237/237
f 226/226/226 238/238/238 237/237/237
f 226/226/226 227/227/227 238/238/238
f 227/227/227 239/239/239 238/238/238
f 227/227/227 228/228/228 239/239/239
f 228/228/228 240/240/240 239/239/239
f 228/228/228 229/229/229 240/240/240
f 230/230/230 242/242/242 241/241/241
f 230/230/230 231/231/231 242/242/242
f 231/231/231 243/243/243 242/242/242
f 231/231/231 232/232/232 243/243/243
f 232/232/232 244/244/244 243/243/243
f 232/232/232 233/233/233 244/244/244
f 233/233/233 245/245/245 244/244/244
f 233/233/233 234/234/234 245/245/245
f 234/234/234 246/246/246 245/245/245
f 234/234/234 235/235/235 246/246/246
f 235/235/235 247/247/247 246/246/246
f 235/235/235 236/236/236 247/247/247
f 236/236/236 248/248/248 247/247/247
f 236/236/236 237/237/237 248/248/248
f 237/237/237 249/249/249 248/248/248
f 237/237/237 238/238/238 249/249/249
f 238/238/238 250/250/250 249/249/249
f 238/238/238 239/239/239 250/250/250
f 239/239/239 251/251/251 250/250/250
f 239/239/239 240/240/240 251/251/251
f 241/241/241 253/253/253 252/252/252
f 241/241/241 242/242/242 253/253/253
f 242/242/242 254/254/254 253/253/253
f 242/242/242 243/243/243 254/254/254
f 243/243/243 255/255/255 254/254/254
f 243/243/243 244/244/244 255/255/255
f 244/244/244 256/256/256 255/255/255
f 244/244/244 245/245/245 256/256/256
f 245/245/245 257/257/257 256/256/256
f 245/245/245 246/246/246 257/257/257
f 246/246/246 258/258/258 257/257/257
f 246/246/246 247/247/247 258/258/258
f 247/247/247 259/259/259 258/258/258
f 247/247/247 248/248/248 259/259/259
f 248/248/248 260/260/260 259/259/259
f 248/248/248 249/249/249 260/260/260
f 249/249/249 261/261/261 260/260/260
f 249/249/249 250/250/250 261/261/261
f 250/250/250 262/262/262 261/261/261
f 250/250/250 251/251/251 262/262/262
f 252/252/252 264/264/264 263/263/263
f 252/252/252 253/253/253 264/264/264
f 253/253/253 265/265/265 264/264/264
f 253/253/253 254/254/254 265/265/265
f 254/254/254 266/266/266 265/265/265
f 254/254/254 255/255/255 266/266/266
f 255/255/255 267/267/267 266/266/266
f 255/255/255 256/256/256 267/267/267
f 256/256/256 268/268/268 267/267/267
f 256/256/256 257/257/257 268/268/268
f 257/257/257 269/269/269 268/268/268
f 257/257/257 258/258/258 269/269/269
f 258/258/258 270/270/270 269/269/269
f 258/258/258 259/259/259 270/270/270
f 259/259/259 271/271/271 270/270/270
f 259/259/259 260/260/260 271/271/271
f 260/260/260 272/272/272 271/271/271
f 260/260/260 261/261/261 272/272/272
f 261/261/261 273/273/273 272/272/272
f 261/261/261 262/262/262 273/273/273
f 263/263/263 275/275/275 274/274/274
f 263/263/263 264/264/264 275/275/275
f 264/264/264 276/276/276 275/275/275
f 264/264/264 265/265/265 276/276/276
f 265/265/265 277/277/277 276/276/276
f 265/265/265 266/266/266 277/277/277
f 266/266/266 278/278/278 277/277/277
f 266/266/266 267/267/267 278/278/278
f 267/267/267 279/279/279 278/278/278
f 267/267/267 268/268/268 279/279/279
f 268/268/268 280/280/280 279/279/279
f 268/268/268 269/269/269 280/280/280
f 269/269/269 281/281/281 280/280/280
f 269/269/269 270/270/270 281/281/281
f 270/270/270 282/282/282 281/281/281
f 270/270/270 271/271/271 282/282/282
f 271/271/271 283/283/283 282/282/282
f 271/271/271 272/272/272 283/283/283
f 272/272/272 284/284/284 283/283/283
f 272/272/272 273/273/273 284/284/284
f 274/274/274 286/286/286 285/285/285
f 274/274/274 275/275/275 286/286/286
f 275/275/275 287/287/287 286/286/286
f 275/275/275 276/276/276 287/287/287
f 276/276/276 288/288/288 287/287/287
f 276/276/276 277/277/277 288/288/288
f 277/277/277 289/289/289 288/288/288
f 277/277/277 278/278/278 289/289/289
f 278/278/278 290/290/290 289/289/289
f 278/278/278 279/279/279 290/290/290
f 279/279/279 291/291/291 290/290/290
f 279/279/279 280/280/280 291/291/291
f 280/280/280 292/292/292 291/291/291
f 280/280/280 281/281/281 292/292/292
f 281/281/281 293/293/293 292/292/292
f 281/281/281 282/282/282 293/293/293
f 282/282/282 294/294/294 293/293/293
f 282/282/282 283/283/283 294/294/294
f 283/283/283 295/295/295 294/294/294
f 283/283/283 284/284/284 295/295/295
f 285/285/285 297/297/297 296/296/296
f 285/285/285 286/286/286 297/297/297
f 286/286/286 298/298/298 297/297/297
f 286/286/286 287/287/287 298/298/298
f 287/287/287 299/299/299 298/298/298
f 287/287/287 288/288/288 299/299/299
f 288/288/288 300/300/300 299/299/299
f 288/288/288 289/289/289 300/300/300
f 289/289/289 301/301/301 300/300/300
f 289/289/289 290/290/290 301/301/301
f 290/290/290 302/302/302 301/301/301
f 290/290/290 291/291/291 302/302/302
f 291/291/291 303/303/303 302/302/302
f 291/291/291 292/292/292 303/303/303
f 292/292/292 304/304/304 303/303/303
f 292/292/292 293/293/293 304/304/304
f 293/293/293 305/305/305 304/304/304
f 293/293/293 294/294/294 305/305/305
f 294/294/294 306/306/306 305/305/305
f 294/294/294 295/295/295 306/306/306
f 307/307/307 315/315/315 308/308/308
f 307/307/307 314/314/314 315/315/315
f 321/321/321 307/307/307 308/308/308
f 322/322/322 315/315/315 314/314/314
f 308/308/308 316/316/316 309/309/309
f 308/308/308 315/315/315 316/316/316
f 321/321/321 308/308/308 309/309/309
f 322/322/322 316/316/316 315/315/315
f 309/309/309 317/317/317 310/310/310
f 309/309/309 316/316/316 317/317/317
f 321/321/321 309/309/309 310/310/310
f 322/322/322 317/317/317 316/316/316
f 310/310/310 318/318/318 311/311/311
f 310/310/310 317/317/317 318/318/318
f 321/321/321 310/310/310 311/311/311
f 322/322/322 318/318/318 317/317/317
f 311/311/311 319/319/319 312/312/312
f 311/311/311 318/318/318 319/319/319
f 321/321/321 311/311/311 312/312/312
f 322/322/322 319/319/319 318/318/318
f 312/312/312 320/320/320 313/313/313
f 312/312/312 319/319/319 320/320/320
f 321/321/321 312/312/312 313/313/313
f 322/322/322 320/320/320 319/319/319
f 313/313/313 314/314/314 307/307/307
f 313/313/313 320/320/320 314/314/314
f 321/321/321 313/313/313 307/307/307
f 322/322/322 314/314/314 320/320/320
f 323/323/323 331/331/331 324/324/324
f 323/323/323 330/330/330 331/331/331
f 337/337/337 323/323/323 324/324/324
f 338/338/338 331/331/331 330/330/330
f 324/324/324 332/332/332 325/325/325
f 324/324/324 331/331/331 332/332/332
f 337/337/337 324/324/324 325/325/325
f 338/338/338 332/332/332 331/331/331
f 325/325/325 333/333/333 326/326/326
f 325/325/325 332/332/332 333/333/333
f 337/337/337 325/325/325 326/326/326
f 338/338/338 333/333/333 332/332/332
f 326/326/326 334/334/334 327/327/327
f 326/326/326 333/333/333 334/334/334
f 337/337/337 326/326/326 327/327/327
f 338/338/338 334/334/334 333/333/333
f 327/327/327 335/335/335 328/328/328
f 327/327/327 334/334/334 335/335/335
f 337/337/337 327/327/327 328/328/328
f 338/338/338 335/335/335 334/334/334
f 328/328/328 336/336/336 329/329/329
f 328/328/328 335/335/335 336/336/336
f 337/337/337 328/328/328 329/329/329
f 338/338/338 336/336/336 335/335/335
f 329/329/329 330/330/330 323/323/323
f 329/329/329 336/336/336 330/330/330
f 337/337/337 329/329/329 323/323/323
f 338/338/338 330/330/330 336/336/336
f 339/339/339 351/351/351 350/350/350
f 339/339/339 340/340/340 351/351/351
f 340/340/340 352/352/352 351/351/351
f 340/340/340 341/341/341 352/352/352
f 341/341/341 353/353/353 352/352/352
f 341/341/341 342/342/342 353/353/353
f 342/342/342 354/354/354 353/353/353
f 342/342/342 343/343/343 354/354/354
f 343/343/343 355/355/355 354/354/354
f 343/343/343 344/344/344 355/355/355
f 344/344/344 356/356/356 355/355/355
f 344/344/344 345/345/345 356/356/356
f 345/345/345 357/357/357 356/356/356
f 345/345/345 346/346/346 357/357/357
f 346/346/346 358/358/358 357/357/357
f 346/346/346 347/347/347 358/358/358
f 347/347/347 359/359/359 358/358/358
f 347/347/347 348/348/348 359/359/359
f 348/348/348 360/360/360 359/359/359
f 348/348/348 349/349/349 360/360/360
f 350/350/350 362/362/362 361/361/361
f 350/350/350 351/351/351 362/362/362
f 351/351/351 363/363/363 362/362/362
f 351/351/351 352/352/352 363/363/363
f 352/352/352 364/364/364 363/363/363
f 352/352/352 353/353/353 364/364/364
f 353/353/353 365/365/365 364/364/364
f 353/353/353 354/354/354 365/365/365
f 354/354/354 366/366/366 365/365/365
f 354/354/354 355/355/355 366/366/366
f 355/355/355 367/367/367 366/366/366
f 355/355/355 356/356/356 367/367/367
f 356/356/356 368/368/368 367/367/367
f 356/356/356 357/357/357 368/368/368
f 357/357/357 369/369/369 368/368/368
f 357/357/357 358/358/358 369/369/369
f 358/358/358 370/370/370 369/369/369
f 358/358/358 359/359/359 370/370/370
f 359/359/359 371/371/371 370/370/370
f 359/359/359 360/360/360 371/371/371
f 361/361/361 373/373/373 372/372/372
f 361/361/361 362/362/362 373/373/373
f 362/362/362 374/374/374 373/373/373
f 362/362/362 363/363/363 374/374/374
f 363/363/363 375/375/375 374/374/374
f 363/363/363 364/364/364 375/375/375
f 364/364/364 376/376/376 375/375/375
f 364/364/364 365/365/365 376/376/376
f 365/365/365 377/377/377 376/376/376
f 365/365/365 366/366/366 377/377/377
f 366/366/366 378/378/378 377/377/377
f 366/366/366 367/367/367 378/378/378
f 367/367/367 379/379/379 378/378/378
f 367/367/367 368/368/368 379/379/379
f 368/368/368 380/380/380 379/379/379
f 368/368/368 369/369/369 380/380/380
f 369/369/369 381/381/381 380/380/380
f 369/369/369 370/370/370 381/381/381
f 370/370/370 382/382/382 381/381/381
f 370/370/370 371/371/371 382/382/382
f 372/372/372 384/384/384 383/383/383
f 372/372/372 373/373/373 384/384/384
f 373/373/373 385/385/385 384/384/384
f 373/373/373 374/374/374 385/385/385
f 374/374/374 386/386/386 385/385/385
f 374/374/374 375/375/375 386/386/386
f 375/375/375 387/387/387 386/386/386
f 375/375/375 376/376/376 387/387/387
f 376/376/376 388/388/388 387/387/387
f 376/376/376 377/377/377 388/388/388
f 377/377/377 389/389/389 388/388/388
f 377/377/377 378/378/378 389/389/389
f 378/378/378 390/390/390 389/389/389
f 378/378/378 379/379/379 390/390/390
f 379/379/379 391/391/391 390/390/390
f 379/379/379 380/380/380 391/391/391
f 380/380/380 392/392/392 391/391/391
f 380/380/380 381/381/381 392/392/392
f 381/381/381 393/393/393 392/392/392
f 381/381/381 382/382/382 393/393/393
f 383/383/383 395/395/395 394/394/394
f 383/383/383 384/384/384 395/395/395
f 384/384/384 396/396/396 395/395/395
f 384/384/384 385/385/385 396/396/396
f 385/385/385 397/397/397 396/396/396
f 385/385/385 386/386/386 397/397/397
f 386/386/386 398/398/398 397/397/397
f 386/386/386 387/387/387 398/398/398
f 387/387/387 399/399/399 398/398/398
f 387/387/387 388/388/388 399/399/399
f 388/388/388 400/400/400 399/399/399
f 388/388/388 389/389/389 400/400/400
f 389/389/389 401/401/401 400/400/400
f 389/389/389 390/390/390 401/401/401
f 390/390/390 402/402/402 401/401/401
f 390/390/390 391/391/391 402/402/402
f 391/391/391 403/403/403 402/402/402
f 391/391/391 392/392/392 403/403/403
f 392/392/392 404/404/404 403/403/403
f 392/392/392 393/393/393 404/404/404
f 394/394/394 406/406/406 405/405/405
f 394/394/394 395/395/395 406/406/406
f 395/395/395 407/407/407 406/406/406
f 395/395/395 396/396/396 407/407/407
f 396/396/396 408/408/408 407/407/407
f 396/396/396 397/397/397 408/408/408
f 397/397/397 409/409/409 408/408/408
f 397/397/397 398/398/398 409/409/409
f 398/398/398 410/410/410 409/409/409
f 398/398/398 399/399/399 410/410/410
f 399/399/399 411/411/411 410/410/410
f 399/399/399 400/400/400 411/411/411
f 400/400/400 412/412/412 411/411/411
f 400/400/400 401/401/401 412/412/412
f 401/401/401 413/413/413 412/412/412
f 401/401/401 402/402/402 413/413/413
f 402/402/402 414/414/414 413/413/413
f 402/402/402 403/403/403 414/414/414
f 403/403/403 415/415/415 414/414/414
f 403/403/403 404/404/404 415/415/415
f 405/405/405 417/417/417 416/416/416
f 405/405/405 406/406/406 417/417/417
f 406/406/406 418/418/418 417/417/417
f 406/406/406 407/407/407 418/418/418
f 407/407/407 419/419/419 418/418/418
f 407/407/407 408/408/408 419/419/419
f 408/408/408 420/420/420 419/419/419
f 408/408/408 409/409/409 420/420/420
f 409/409/409 421/421/421 420/420/420
f 409/409/409 410/410/410 421/421/421
f 410/410/410 422/422/422 421/421/421
f 410/410/410 411/411/411 422/422/422
f 411/411/411 423/423/423 422/422/422
f 411/411/411 412/412/412 423/423/423
f 412/412/412 424/424/424 423/423/423
f 412/412/412 413/413/413 424/424/424
f 413/413/413 425/425/425 424/424/424
f 413/413/413 414/414/414 425/425/425
f 414/414/414 426/426/426 425/425/425
f 414/414/414 415/415/415 426/426/426
f 416/416/416 428/428/428 427/427/427
f 416/416/416 417/417/417 428/428/428
f 417/417/417 429/429/429 428/428/428
f 417/417/417 418/418/418 429/429/429
f 418/418/418 430/430/430 429/429/429
f 418/418/418 419/419/419 430/430/430
f 419/419/419 431/431/431 430/430/430
f 419/419/419 420/420/420 431/431/431
f 420/420/420 432/432/432 431/431/431
f 420/420/420 421/421/421 432/432/432
f 421/421/421 433/433/433 432/432/432
f 421/421/421 422/422/422 433/433/433
f 422/422/422 434/434/434 433/433/433
f 422/422/422 423/423/423 434/434/434
f 423/423/423 435/435/435 434/434/434
f 423/423/423 424/424/424 435/435/435
f 424/424/424 436/436/436 435/435/435
f 424/424/424 425/425/425 436/436/436
f 425/425/425 437/437/437 436/436/436
f 425/425/425 426/426/426 437/437/437
f 438/438/438 446/446/446 439/439/439
f 438/438/438 445/445/445 446/446/446
f 452/452/452 438/438/438 439/439/439
f 453/453/453 446/446/446 445/445/445
f 439/439/439 447/447/447 440/440/440
f 439/439/439 446/446/446 447/447/447
f 452/452/452 439/439/439 440/440/440
f 453/453/453 447/447/447 446/446/446
f 440/440/440 448/448/448 441/441/441
f 440/440/440 447/447/447 448/448/448
f 452/452/452 440/440/440 441/441/441
f 453/453/453 448/448/448 447/447/447
f 441/441/441 449/449/449 442/442/442
f 441/441/441 448/448/448 449/449/449
f 452/452/452 441/441/441 442/442/442
f 453/453/453 449/449/449 448/448/448
f 442/442/442 450/450/450 443/443/443
f 442/442/442 449/449/449 450/450/450
f 452/452/452 442/442/442 443/443/443
f 453/453/453 450/450/450 449/449/449
f 443/443/443 451/451/451 444/444/444
f 443/443/443 450/450/450 451/451/451
f 452/452/452 443/443/443 444/444/444
f 453/453/453 451/451/451 450/450/450
f 444/444/444 445/445/445 438/438/438
f 444/444/444 451/451/451 445/445/445
f 452/452/452 444/444/444 438/438/438
f 453/453/453 445/445/445 451/451/451
f 454/454/454 462/462/462 455/455/455
f 454/454/454 461/461/461 462/462/462
f 468/468/468 454/454/454 455/455/455
f 469/469/469 462/462/462 461/461/461
f 455/455/455 463/463/463 456/456/456
f 455/455/455 462/462/462 463/463/463
f 468/468/468 455/455/455 456/456/456
f 469/469/469 463/463/463 462/462/462
f 456/456/456 464/464/464 457/457/457
f 456/456/456 463/463/463 464/464/464
f 468/468/468 456/456/456 457/457/457
f 469/469/469 464/464/464 463/463/463
f 457/457/457 465/465/465 458/458/458
f 457/457/457 464/464/464 465/465/465
f 468/468/468 457/457/457 458/458/458
f 469/469/469 465/465/465 464/464/464
f 458/458/458 466/466/466 459/459/459
f 458/458/458 465/465/465 466/466/466
f 468/468/468 458/458/458 459/459/459
f 469/469/469 466/466/466 465/465/465
f 459/459/459 467/467/467 460/460/460
f 459/459/459 466/466/466 467/467/467
f 468/468/468 459/459/459 460/460/460
f 469/469/469 467/467/467 466/466/466
f 460/460/460 461/461/461 454/454/454
f 460/460/460 467/467/467 461/461/461
f 468/468/468 460/460/460 454/454/454
f 469/469/469 461/461/461 467/467/467
f 470/470/470 482/482/482 481/481/481
f 470/470/470 471/471/471 482/482/482
f 471/471/471 483/483/483 482/482/482
f 471/471/471 472/472/472 483/483/483
f 472/472/472 484/484/484 483/483/483
f 472/472/472 473/473/473 484/484/484
f 473/473/473 485/485/485 484/484/484
f 473/473/473 474/474/474 485/485/485
f 474/474/474 486/486/486 485/485/485
f 474/474/474 475/475/475 486/486/486
f 475/475/475 487/487/487 486/486/486
f 475/475/475 476/476/476 487/487/487
f 476/476/476 488/488/488 487/487/487
f 476/476/476 477/477/477 488/488/488
f 477/477/477 489/489/489 488/488/488
f 477/477/477 478/478/478 489/489/489
f 478/478/478 490/490/490 489/489/489
f 478/478/478 479/479/479 490/490/490
f 479/479/479 491/491/491 490/490/490
f 479/479/479 480/480/480 491/491/491
f 481/481/481 493/493/493 492/492/492
f 481/481/481 482/482/482 493/493/493
f 482/482/482 494/494/494 493/493/493
f 482/482/482 483/483/483 494/494/494
f 483/483/483 495/495/495 494/494/494
f 483/483/483 484/484/484 495/495/495
f 484/484/484 496/496/496 495/495/495
f 484/484/484 485/485/485 496/496/496
f 485/485/485 497/497/497 496/496/496
f 485/485/485 486/486/486 497/497/497
f 486/486/486 498/498/498 497/497/497
f 486/486/486 487/487/487 498/498/498
f 487/487/487 499/499/499 498/498/498
f 487/487/487 488/488/488 499/499/499
f 488/488/488 500/500/500 499/499/499
f 488/488/488 489/489/489 500/500/500
f 489/489/489 501/501/501 500/500/500
f 489/489/489 490/490/490 501/501/501
f 490/490/490 502/502/502 501/501/501
f 490/490/490 491/491/491 502/502/502
f 492/492/492 504/504/504 503/503/503
f 492/492/492 493/493/493 504/504/504
f 493/493/493 505/505/505 504/504/504
f 493/493/493 494/494/494 505/505/505
f 494/494/494 506/506/506 505/505/505
f 494/494/494 495/495/495 506/506/506
f 495/495/495 507/507/507 506/506/506
f 495/495/495 496/496/496 507/507/507
f 496/496/496 508/508/508 507/507/507
f 496/496/496 497/497/497 508/508/508
f 497/497/497 509/509/509 508/508/508
f 497/497/497 498/498/498 509/509/509
f 498/498/498 510/510/510 509/509/509
f 498/498/498 499/499/499 510/510/510
f 499/499/499 511/511/511 510/510/510
f 499/499/499 500/500/500 511/511/511
f 500/500/500 512/512/512 511/511/511
f 500/500/500 501/501/501 512/512/512
f 501/501/501 513/513/513 512/512/512
f 501/501/501 502/502/502 513/513/513
f 503/503/503 515/515/515 514/514/514
f 503/503/503 504/504/504 515/515/515
f 504/504/504 516/516/516 515/515/515
f 504/504/504 505/505/505 516/516/516
f 505/505/505 517/517/517 516/516/516
f 505/505/505 506/506/506 517/517/517
f 506/506/506 518/518/518 517/517/517
f 506/506/506 507/507/507 518/518/518
f 507/507/507 519/519/519 518/518/518
f 507/507/507 508/508/508 519/519/519
f 508/508/508 520/520/520 519/519/519
f 508/508/508 509/509/509 520/520/520
f 509/509/509 521/521/521 520/520/520
f 509/509/509 510/510/510 521/521/521
f 510/510/510 522/522/522 521/521/521
f 510/510/510 511/511/511 522/522/522
f 511/511/511 523/523/523 522/522/522
f 511/511/511 512/512/512 523/523/523
f 512/512/512 524/524/524 523/523/523
f 512/512/512 513/513/513 524/524/524
f 514/514/514 526/526/526 525/525/525
f 514/514/514 515/515/515 526/526/526
f 515/515/515 527/527/527 526/526/526
f 515/515/515 516/516/516 527/527/527
f 516/516/516 528/528/528 527/527/527
f 516/516/516 517/517/517 528/528/528
f 517/517/517 529/529/529 528/528/528
f 517/517/517 518/518/518 529/529/529
f 518/518/518 530/530/530 529/529/529
f 518/518/518 519/519/519 530/530/530
f 519/519/519 531/531/531 530/530/530
f 519/519/519 520/520/520 531/531/531
f 520/520/520 532/532/532 531/531/531
f 520/520/520 521/521/521 532/532/532
f 521/521/521 533/533/533 532/532/532
f 521/521/521 522/522/522 533/533/533
f 522/522/522 534/534/534 533/533/533
f 522/522/522 523/523/523 534/534/534
f 523/523/523 535/535/535 534/534/534
f 523/523/523 524/524/524 535/535/535
f 525/525/525 537/537/537 536/536/536
f 525/525/525 526/526/526 537/537/537
f 526/526/526 538/538/538 537/537/537
f 526/526/526 527/527/527 538/538/538
f 527/527/527 539/539/539 538/538/538
f 527/527/527 528/528/528 539/539/539
f 528/528/528 540/540/540 539/539/539
f 528/528/528 529/529/529 540/540/540
f 529/529/529 541/541/541 540/540/540
f 529/529/529 530/530/530 541/541/541
f 530/530/530 542/542/542 541/541/541
f 530/530/530 531/531/531 542/542/542
f 531/531/531 543/543/543 542/542/542
f 531/531/531 532/532/532 543/543/543
f 532/532/532 544/544/544 543/543/543
f 532/532/532 533/533/533 544/544/544
f 533/533/533 545/545/545 544/544/544
f 533/533/533 534/534/534 545/545/545
f 534/534/534 546/546/546 545/545/545
f 534/534/534 535/535/535 546/546/546
f 536/536/536 548/548/548 547/547/547
f 536/536/536 537/537/537 548/548/548
f 537/537/537 549/549/549 548/548/548
f 537/537/537 538/538/538 549/549/549
f 538/538/538 550/550/550 549/549/549
f 538/538/538 539/539/539 550/550/550
f 539/539/539 551/551/551 550/550/550
f 539/539/539 540/540/540 551/551/551
f 540/540/540 552/552/552 551/551/551
f 540/540/540 541/541/541 552/552/552
f 541/541/541 553/553/553 552/552/552
f 541/541/541 542/542/542 553/553/553
f 542/542/542 554/554/554 553/553/553
f 542/542/542 543/543/543 554/554/554
f 543/543/543 555/555/555 554/554/554
f 543/543/543 544/544/544 555/555/555
f 544/544/544 556/556/556 555/555/555
f 544/544/544 545/545/545 556/556/556
f 545/545/545 557/557/557 556/556/556
f 545/545/545 546/546/546 557/557/557
f 547/547/547 559/559/559 558/558/558
f 547/547/547 548/548/548 559/559/559
f 548/548/548 560/560/560 559/559/559
f 548/548/548 549/549/549 560/560/560
f 549/549/549 561/561/561 560/560/560
f 549/549/549 550/550/550 561/561/561
f 550/550/550 562/562/562 561/561/561
f 550/550/550 551/551/551 562/562/562
f 551/551/551 563/563/563 562/562/562
f 551/551/551 552/552/552 563/563/563
f 552/552/552 564/564/564 563/563/563
f 552/552/552 553/553/553 564/564/564
f 553/553/553 565/565/565 564/564/564
f 553/553/553 554/554/554 565/565/565
f 554/554/554 566/566/566 565/565/565
f 554/554/554 555/555/555 566/566/566
f 555/555/555 567/567/567 566/566/566
f 555/555/555 556/556/556 567/567/567
f 556/556/556 568/568/568 567/567/567
f 556/556/556 557/557/557 568/568/568
f 569/569/569 577/577/577 570/570/570
f 569/569/569 576/576/576 577/577/577
f 583/583/583 569/569/569 570/570/570
f 584/584/584 577/577/577 576/576/576
f 570/570/570 578/578/578 571/571/571
f 570/570/570 577/577/577 578/578/578
f 583/583/583 570/570/570 571/571/571
f 584/584/584 578/578/578 577/577/577
f 571/571/571 579/579/579 572/572/572
f 571/571/571 578/578/578 579/579/579
f 583/583/583 571/571/571 572/572/572
f 584/584/584 579/579/579 578/578/578
f 572/572/572 580/580/580 573/573/573
f 572/572/572 579/579/579 580/580/580
f 583/583/583 572/572/572 573/573/573
f 584/584/584 580/580/580 579/579/579
f 573/573/573 581/581/581 574/574/574
f 573/573/573 580/580/580 581/581/581
f 583/583/583 573/573/573 574/574/574
f 584/584/584 581/581/581 580/580/580
f 574/574/574 582/582/582 575/575/575
f 574/574/574 581/581/581 582/582/582
f 583/583/583 574/574/574 575/575/575
f 584/584/584 582/582/582 581/581/581
f 575/575/575 576/576/576 569/569/569
f 575/575/575 582/582/582 576/576/576
f 583/583/583 575/575/575 569/569/569
f 584/584/584 576/576/576 582/582/582
f 585/585/585 593/593/593 586/586/586
f 585/585/585 592/592/592 593/593/593
f 599/599/599 585/585/585 586/586/586
f 600/600/600 593/593/593 592/592/592
f 586/586/586 594/594/594 587/587/587
f 586/586/586 593/593/593 594/594/594
f 599/599/599 586/586/586 587/587/587
f 600/600/600 594/594/594 593/593/593
f 587/587/587 595/595/595 588/588/588
f 587/587/587 594/594/594 595/595/595
f 599/599/599 587/587/587 588/588/588
f 600/600/600 595/595/595 594/594/594
f 588/588/588 596/596/596 589/589/589
f 588/588/588 595/595/595 596/596/596
f 599/599/599 588/588/588 589/589/589
f 600/600/600 596/596/596 595/595/595
f 589/589/589 597/597/597 590/590/590
f 589/589/589 596/596/596 597/597/597
f 599/599/599 589/589/589 590/590/590
f 600/600/600 597/597/597 596/596/596
f 590/590/590 598/598/598 591/591/591
f 590/590/590 597/597/597 598/598/598
f 599/599/599 590/590/590 591/591/591
f 600/600/600 598/598/598 597/597/597
f 591/591/591 592/592/592 585/585/585
f 591/591/591 598/598/598 592/592/592
f 599/599/599 591/591/591 585/585/585
f 600/600/600 592/592/592 598/598/598
f 601/601/601 613/613/613 612/612/612
f 601/601/601 602/602/602 613/613/613
f 602/602/602 614/614/614 613/613/613
f 602/602/602 603/603/603 614/614/614
f 603/603/603 615/615/615 614/614/614
f 603/603/603 604/604/604 615/615/615
f 604/604/604 616/616/616 615/615/615
f 604/604/604 605/605/605 616/616/616
f 605/605/605 617/617/617 616/616/616
f 605/605/605 606/606/606 617/617/617
f 606/606/606 618/618/618 617/617/617
f 606/606/606 607/607/607 618/618/618
f 607/607/607 619/619/619 618/618/618
f 607/607/607 608/608/608 619/619/619
f 608/608/608 620/620/620 619/619/619
f 608/608/608 609/609/609 620/620/620
f 609/609/609 621/621/621 620/620/620
f 609/609/609 610/610/610 621/621/621
f 610/610/610 622/622/622 621/621/621
f 610/610/610 611/611/611 622/622/622
f 612/612/612 624/624/624 623/623/623
f 612/612/612 613/613/613 624/624/624
f 613/613/613 625/625/625 624/624/624
f 613/613/613 614/614/614 625/625/625
f 614/614/614 626/626/626 625/625/625
f 614/614/614 615/615/615 626/626/626
f 615/615/615 627/627/627 626/626/626
f 615/615/615 616/616/616 627/627/627
f 616/616/616 628/628/628 627/627/627
f 616/616/616 617/617/617 628/628/628
f 617/617/617 629/629/629 628/628/628
f 617/617/617 618/618/618 629/629/629
f 618/618/618 630/630/630 629/629/629
f 618/618/618 619/619/619 630/630/630
f 619/619/619 631/631/631 630/630/630
f 619/619/619 620/620/620 631/631/631
f 620/620/620 632/632/632 631/631/631
f 620/620/620 621/621/621 632/632/632
f 621/621/621 633/633/633 632/632/632
f 621/621/621 622/622/622 633/633/633
f 623/623/623 635/635/635 634/634/634
f 623/623/623 624/624/624 635/635/635
f 624/624/624 636/636/636 635/635/635
f 624/624/624 625/625/625 636/636/636
f 625/625/625 637/637/637 636/636/636
f 625/625/625 626/626/626 637/637/637
f 626/626/626 638/638/638 637/637/637
f 626/626/626 627/627/627 638/638/638
f 627/627/627 639/639/639 638/638/638
f 627/627/627 628/628/628 639/639/639
f 628/628/628 640/640/640 639/639/639
f 628/628/628 629/629/629 640/640/640
f 629/629/629 641/641/641 640/640/640
f 629/629/629 630/630/630 641/641/641
f 630/630/630 642/642/642 641/641/641
f 630/630/630 631/631/631 642/642/642
f 631/631/631 643/643/643 642/642/642
f 631/631/631 632/632/632 643/643/643
f 632/632/632 644/644/644 643/643/643
f 632/632/632 633/633/633 644/644/644
f 634/634/634 646/646/646 645/645/645
f 634/634/634 635/635/635 646/646/646
f 635/635/635 647/647/647 646/646/646
f 635/635/635 636/636/636 647/647/647
f 636/636/636 648/648/648 647/647/647
f 636/636/636 637/637/637 648/648/648
f 637/637/637 649/649/649 648/648/648
f 637/637/637 638/638/638 649/649/649
f 638/638/638 650/650/650 649/649/649
f 638/638/638 639/639/639 650/650/650
f 639/639/639 651/651/651 650/650/650
f 639/639/639 640/640/640 651/651/651
f 640/640/640 652/652/652 651/651/651
f 640/640/640 641/641/641 652/652/652
f 641/641/641 653/653/653 652/652/652
f 641/641/641 642/642/642 653/653/653
f 642/642/642 654/654/654 653/653/653
f 642/642/642 643/643/643 654/654/654
f 643/643/643 655/655/655 654/654/654
f 643/643/643 644/644/644 655/655/655
f 645/645/645 657/657/657 656/656/656
f 645/645/645 646/646/646 657/657/657
f 646/646/646 658/658/658 657/657/657
f 646/646/646 647/647/647 658/658/658
f 647/647/647 659/659/659 658/658/658
f 647/647/647 648/648/648 659/659/659
f 648/648/648 660/660/660 659/659/659
f 648/648/648 649/649/649 660/660/660
f 649/649/649 661/661/661 660/660/660
f 649/649/649 650/650/650 661/661/661
f 650/650/650 662/662/662 661/661/661
f 650/650/650 651/651/651 662/662/662
f 651/651/651 663/663/663 662/662/662
f 651/651/651 652/652/652 663/663/663
f 652/652/652 664/664/664 663/663/663
f 652/652/652 653/653/653 664/664/664
f 653/653/653 665/665/665 664/664/664
f 653/653/653 654/654/654 665/665/665
f 654/654/654 666/666/666 665/665/665
f 654/654/654 655/655/655 666/666/666
f 656/656/656 668/668/668 667/667/667
f 656/656/656 657/657/657 668/668/668
f 657/657/657 669/669/669 668/668/668
f 657/657/657 658/658/658 669/669/669
f 658/658/658 670/670/670 669/669/669
f 658/658/658 659/659/659 670/670/670
f 659/659/659 671/671/671 670/670/670
f 659/659/659 660/660/660 671/671/671
f 660/660/660 672/672/672 671/671/671
f 660/660/660 661/661/661 672/672/672
f 661/661/661 673/673/673 672/672/672
f 661/661/661 662/662/662 673/673/673
f 662/662/662 674/674/674 673/673/673
f 662/662/662 663/663/663 674/674/674
f 663/663/663 675/675/675 674/674/674
f 663/663/663 664/664/664 675/675/675
f 664/664/664 676/676/676 675/675/675
f 664/664/664 665/665/665 676/676/676
f 665/665/665 677/677/677 676/676/676
f 665/665/665 666/666/666 677/677/677
f 667/667/667 679/679/679 678/678/678
f 667/667/667 668/668/668 679/679/679
f 668/668/668 680/680/680 679/679/679
f 668/668/668 669/669/669 680/680/680
f 669/669/669 681/681/681 680/680/680
f 669/669/669 670/670/670 681/681/681
f 670/670/670 682/682/682 681/681/681
f 670/670/670 671/671/671 682/682/682
f 671/671/671 683/683/683 682/682/682
f 671/671/671 672/672/672 683/683/683
f 672/672/672 684/684/684 683/683/683
f 672/672/672 673/673/673 684/684/684
f 673/673/673 685/685/685 684/684/684
f 673/673/673 674/674/674 685/685/685
f 674/674/674 686/686/686 685/685/685
f 674/674/674 675/675/675 686/686/686
f 675/675/675 687/687/687 686/686/686
f 675/675/675 676/676/676 687/687/687
f 676/676/676 688/688/688 687/687/687
f 676/676/676 677/677/677 688/688/688
f 678/678/678 690/690/690 689/689/689
f 678/678/678 679/679/679 690/690/690
f 679/679/679 691/691/691 690/690/690
f 679/679/679 680/680/680 691/691/691
f 680/680/680 692/692/692 691/691/691
f 680/680/680 681/681/681 692/692/692
f 681/681/681 693/693/693 692/692/692
f 681/681/681 682/682/682 693/693/693
f 682/682/682 694/694/694 693/693/693
f 682/682/682 683/683/683 694/694/694
f 683/683/683 695/695/695 694/694/694
f 683/683/683 684/684/684 695/695/695
f 684/684/684 696/696/696 695/695/695
f 684/684/684 685/685/685 696/696/696
f 685/685/685 697/697/697 696/696/696
f 685/685/685 686/686/686 697/697/697
f 686/686/686 698/698/698 697/697/697
f 686/686/686 687/687/687 698/698/698
f 687/687/687 699/699/699 698/698/698
f 687/687/687 688/688/688 699/699/699
f 700/700/700 708/708/708 701/701/701
f 700/700/700 707/707/707 708/708/708
f 714/714/714 700/700/700 701/701/701
f 715/715/715 708/708/708 707/707/707
f 701/701/701 709/709/709 702/702/702
f 701/701/701 708/708/708 709/709/709
f 714/714/714 701/701/701 702/702/702
f 715/715/715 709/709/709 708/708/708
f 702/702/702 710/710/710 703/703/703
f 702/702/702 709/709/709 710/710/710
f 714/714/714 702/702/702 703/703/703
f 715/715/715 710/710/710 709/709/709
f 703/703/703 711/711/711 704/704/704
f 703/703/703 710/710/710 711/711/711
f 714/714/714 703/703/703 704/704/704
f 715/715/715 711/711/711 710/710/710
f 704/704/704 712/712/712 705/705/705
f 704/704/704 711/711/711 712/712/712
f 714/714/714 704/704/704 705/705/705
f 715/715/715 712/712/712 711/711/711
f 705/705/705 713/713/713 706/706/706
f 705/705/705 712/712/712 713/713/713
f 714/714/714 705/705/705 706/706/706
f 715/715/715 713/713/713 712/712/712
f 706/706/706 707/707/707 700/700/700
f 706/706/706 713/713/713 707/707/707
f 714/714/714 706/706/706 700/700/700
f 715/715/715 707/707/707 713/713/713
f 716/716/716 724/724/724 717/717/717
f 716/716/716 723/723/723 724/724/724
f 730/730/730 716/716/716 717/717/717
f 731/731/731 724/724/724 723/723/723
f 717/717/717 725/725/725 718/718/718
f 717/717/717 724/724/724 725/725/725
f 730/730/730 717/717/717 718/718/718
f 731/731/731 725/725/725 724/724/724
f 718/718/718 726/726/726 719/719/719
f 718/718/718 725/725/725 726/726/726
f 730/730/730 718/718/718 719/719/719
f 731/731/731 726/726/726 725/725/725
f 719/719/719 727/727/727 720/720/720
f 719/719/719 726/726/726 727/727/727
f 730/730/730 719/719/719 720/720/720
f 731/731/731 727/727/727 726/726/726
f 720/720/720 728/728/728 721/721/721
f 720/720/720 727/727/727 728/728/728
f 730/730/730 720/720/720 721/721/721
f 731/731/731 728/728/728 727/727/727
f 721/721/721 729/729/729 722/722/722
f 721/721/721 728/728/728 729/729/729
f 730/730/730 721/721/721 722/722/722
f 731/731/731 729/729/729 728/728/728
f 722/722/722 723/723/723 716/716/716
f 722/722/722 729/729/729 723/723/723
f 730/730/730 722/722/722 716/716/716
f 731/731/731 723/723/723 729/729/729
f 732/732/732 744/744/744 743/743/743
f 732/732/732 733/733/733 744/744/744
f 733/733/733 745/745/745 744/744/744
f 733/733/733 734/734/734 745/745/745
f 734/734/734 746/746/746 745/745/745
f 734/734/734 735/735/735 746/746/746
f 735/735/735 747/747/747 746/746/746
f 735/735/735 736/736/736 747/747/747
f 736/736/736 748/748/748 747/747/747
f 736/736/736 737/737/737 748/748/748
f 737/737/737 749/749/749 748/748/748
f 737/737/737 738/738/738 749/749/749
f 738/738/738 750/750/750 749/749/749
f 738/738/738 739/739/739 750/750/750
f 739/739/739 751/751/751 750/750/750
f 739/739/739 740/740/740 751/751/751
f 740/740/740 752/752/752 751/751/751
f 740/740/740 741/741/741 752/752/752
f 741/741/741 753/753/753 752/752/752
f 741/741/741 742/742/742 753/753/753
f 743/743/743 755/755/755 754/754/754
f 743/743/743 744/744/744 755/755/755
f 744/744/744 756/756/756 755/755/755
f 744/744/744 745/745/745 756/756/756
f 745/745/745 757/757/757 756/756/756
f 745/745/745 746/746/746 757/757/757
f 746/746/746 758/758/758 757/757/757
f 746/746/746 747/747/747 758/758/758
f 747/747/747 759/759/759 758/758/758
f 747/747/747 748/748/748 759/759/759
f 748/748/748 760/760/760 759/759/759
f 748/748/748 749/749/749 760/760/760
f 749/749/749 761/761/761 760/760/760
f 749/749/749 750/750/750 761/761/761
f 750/750/750 762/762/762 761/761/761
f 750/750/750 751/751/751 762/762/762
f 751/751/751 763/763/763 762/762/762
f 751/751/751 752/752/752 763/763/763
f 752/752/752 764/764/764 763/763/763
f 752/752/752 753/753/753 764/764/764
f 754/754/754 766/766/766 765/765/765
f 754/754/754 755/755/755 766/766/766
f 755/755/755 767/767/767 766/766/766
f 755/755/755 756/756/756 767/767/767
f 756/756/756 768/768/768 767/767/767
f 756/756/756 757/757/757 768/768/768
f 757/757/757 769/769/769 768/768/768
f 757/757/757 758/758/758 769/769/769
f 758/758/758 770/770/770 769/769/769
f 758/758/758 759/759/759 770/770/770
f 759/759/759 771/771/771 770/770/770
f 759/759/759 760/760/760 771/771/771
f 760/760/760 772/772/772 771/771/771
f 760/760/760 761/761/761 772/772/772
f 761/761/761 773/773/773 772/772/772
f 761/761/761 762/762/762 773/773/773
f 762/762/762 774/774/774 773/773/773
f 762/762/762 763/763/763 774/774/774
f 763/763/763 775/775/775 774/774/774
f 763/763/763 764/764/764 775/775/775
f 765/765/765 777/777/777 776/776/776
f 765/765/765 766/766/766 777/777/777
f 766/766/766 778/778/778 777/777/777
f 766/766/766 767/767/767 778/778/778
f 767/767/767 779/779/779 778/778/778
f 767/767/767 768/768/768 779/779/779
f 768/768/768 780/780/780 779/779/779
f 768/768/768 769/769/769 780/780/780
f 769/769/769 781/781/781 780/780/780
f 769/769/769 770/770/770 781/781/781
f 770/770/770 782/782/782 781/781/781
f 770/770/770 771/771/771 782/782/782
f 771/771/771 783/783/783 782/782/782
f 771/771/771 772/772/772 783/783/783
f 772/772/772 784/784/784 783/783/783
f 772/772/772 773/773/773 784/784/784
f 773/773/773 785/785/785 784/784/784
f 773/773/773 774/774/774 785/785/785
f 774/774/774 786/786/786 785/785/785
f 774/774/774 775/775/775 786/786/786
f 776/776/776 788/788/788 787/787/787
f 776/776/776 777/777/777 788/788/788
f 777/777/777 789/789/789 788/788/788
f 777/777/777 778/778/778 789/789/789
f 778/778/778 790/790/790 789/789/789
f 778/778/778 779/779/779 790/790/790
f 779/779/779 791/791/791 790/790/790
f 779/779/779 780/780/780 791/791/791
f 780/780/780 792/792/792 791/791/791
f 780/780/780 781/781/781 792/792/792
f 781/781/781 793/793/793 792/792/792
f 781/781/781 782/782/782 793/793/793
f 782/782/782 794/794/794 793/793/793
f 782/782/782 783/783/783 794/794/794
f 783/783/783 795/795/795 794/794/794
f 783/783/783 784/784/784 795/795/795
f 784/784/784 796/796/796 795/795/795
f 784/784/784 785/785/785 796/796/796
f 785/785/785 797/797/797 796/796/796
f 785/785/785 786/786/786 797/797/797
f 787/787/787 799/799/799 798/798/798
f 787/787/787 788/788/788 799/799/799
f 788/788/788 800/800/800 799/799/799
f 788/788/788 789/789/789 800/800/800
f 789/789/789 801/801/801 800/800/800
f 789/789/789 790/790/790 801/801/801
f 790/790/790 802/802/802 801/801/801
f 790/790/790 791/791/791 802/802/802
f 791/791/791 803/803/803 802/802/802
f 791/791/791 792/792/792 803/803/803
f 792/792/792 804/804/804 803/803/803
f 792/792/792 793/793/793 804/804/804
f 793/793/793 805/805/805 804/804/804
f 793/793/793 794/794/794 805/805/805
f 794/794/794 806/806/806 805/805/805
f 794/794/794 795/795/795 806/806/806
f 795/795/795 807/807/807 806/806/806
f 795/795/795 796/796/796 807/807/807
f 796/796/796 808/808/808 807/807/807
f 796/796/796 797/797/797 808/808/808
f 798/798/798 810/810/810 809/809/809
f 798/798/798 799/799/799 810/810/810
f 799/799/799 811/811/811 810/810/810
f 799/799/799 800/800/800 811/811/811
f 800/800/800 812/812/812 811/811/811
f 800/800/800 801/801/801 812/812/812
f 801/801/801 813/813/813 812/812/812
f 801/801/801 802/802/802 813/813/813
f 802/802/802 814/814/814 813/813/813
f 802/802/802 803/803/803 814/814/814
f 803/803/803 815/815/815 814/814/814
f 803/803/803 804/804/804 815/815/815
f 804/804/804 816/816/816 815/815/815
f 804/804/804 805/805/805 816/816/816
f 805/805/805 817/817/817 816/816/816
f 805/805/805 806/806/806 817/817/817
f 806/806/806 818/818/818 817/817/817
f 806/806/806 807/807/807 818/818/818
f 807/807/807 819/819/819 818/818/818
f 807/807/807 808/808/808 819/819/819
f 809/809/809 821/821/821 820/820/820
f 809/809/809 810/810/810 821/821/821
f 810/810/810 822/822/822 821/821/821
f 810/810/810 811/811/811 822/822/822
f 811/811/811 823/823/823 822/822/822
f 811/811/811 812/812/812 823/823/823
f 812/812/812 824/824/824 823/823/823
f 812/812/812 813/813/813 824/824/824
f 813/813/813 825/825/825 824/824/824
f 813/813/813 814/814/814 825/825/825
f 814/814/814 826/826/826 825/825/825
f 814/814/814 815/815/815 826/826/826
f 815/815/815 827/827/827 826/826/826
f 815/815/815 816/816/816 827/827/827
f 816/816/816 828/828/828 827/827/827
f 816/816/816 817/817/817 828/828/828
f 817/817/817 829/829/829 828/828/828
f 817/817/817 818/818/818 829/829/829
f 818/818/818 830/830/830 829/829/829
f 818/818/818 819/819/819 830/830/830
f 831/831/831 839/839/839 832/832/832
f 831/831/831 838/838/838 839/839/839
f 845/845/845 831/831/831 832/832/832
f 846/846/846 839/839/839 838/838/838
f 832/832/832 840/840/840 833/833/833
f 832/832/832 839/839/839 840/840/840
f 845/845/845 832/832/832 833/833/833
f 846/846/846 840/840/840 839/839/839
f 833/833/833 841/841/841 834/834/834
f 833/833/833 840/840/840 841/841/841
f 845/845/845 833/833/833 834/834/834
f 846/846/846 841/841/841 840/840/840
f 834/834/834 842/842/842 835/835/835
f 834/834/834 841/841/841 842/842/842
f 845/845/845 834/834/834 835/835/835
f 846/846/846 842/842/842 841/841/841
f 835/835/835 843/843/843 836/836/836
f 835/835/835 842/842/842 843/843/843
f 845/845/845 835/835/835 836/836/836
f 846/846/846 843/843/843 842/842/842
f 836/836/836 844/844/844 837/837/837
f 836/836/836 843/843/843 844/844/844
f 845/845/845 836/836/836 837/837/837
f 846/846/846 844/844/844 843/843/843
f 837/837/837 838/838/838 831/831/831
f 837/837/837 844/844/844 838/838/838
f 845/845/845 837/837/837 831/831/831
f 846/846/846 838/838/838 844/844/844
f 847/847/847 855/855/855 848/848/848
f 847/847/847 854/854/854 855/855/855
f 861/861/861 847/847/847 848/848/848
f 862/862/862 855/855/855 854/854/854
f 848/848/848 856/856/856 849/849/849
f 848/848/848 855/855/855 856/856/856
f 861/861/861 848/848/848 849/849/849
f 862/862/862 856/856/856 855/855/855
f 849/849/849 857/857/857 850/850/850
f 849/849/849 856/856/856 857/857/857
f 861/861/861 849/849/849 850/850/850
f 862/862/862 857/857/857 856/856/856
f 850/850/850 858/858/858 851/851/851
f 850/850/850 857/857/857 858/858/858
f 861/861/861 850/850/850 851/851/851
f 862/862/862 858/858/858 857/857/857
f 851/851/851 859/859/859 852/852/852
f 851/851/851 858/858/858 859/859/859
f 861/861/861 851/851/851 852/852/852
f 862/862/862 859/859/859 858/858/858
f 852/852/852 860/860/860 853/853/853
f 852/852/852 859/859/859 860/860/860
f 861/861/861 852/852/852 853/853/853
f 862/862/862 860/860/860 859/859/859
f 853/853/853 854/854/854 847/847/847
f 853/853/853 860/860/860 854/854/854
f 861/861/861 853/853/853 847/847/847
f 862/862/862 854/854/854 860/860/860
f 863/863/863 875/875/875 874/874/874
f 863/863/863 864/864/864 875/875/875
f 864/864/864 876/876/876 875/875/875
f 864/864/864 865/865/865 876/876/876
f 865/865/865 877/877/877 876/876/876
f 865/865/865 866/866/866 877/877/877
f 866/866/866 878/878/878 877/877/877
f 866/866/866 867/867/867 878/878/878
f 867/867/867 879/879/879 878/878/878
f 867/867/867 868/868/868 879/879/879
f 868/868/868 880/880/880 879/879/879
f 868/868/868 869/869/869 880/880/880
f 869/869/869 881/881/881 880/880/880
f 869/869/869 870/870/870 881/881/881
f 870/870/870 882/882/882 881/881/881
f 870/870/870 871/871/871 882/882/882
f 871/871/871 883/883/883 882/882/882
f 871/871/871 872/872/872 883/883/883
f 872/872/872 884/884/884 883/883/883
f 872/872/872 873/873/873 884/884/884
f 874/874/874 886/886/886 885/885/885
f 874/874/874 875/875/875 886/886/886
f 875/875/875 887/887/887 886/886/886
f 875/875/875 876/876/876 887/887/887
f 876/876/876 888/888/888 887/887/887
f 876/876/876 877/877/877 888/888/888
f 877/877/877 889/889/889 888/888/888
f 877/877/877 878/878/878 889/889/889
f 878/878/878 890/890/890 889/889/889
f 878/878/878 879/879/879 890/890/890
f 879/879/879 891/891/891 890/890/890
f 879/879/879 880/880/880 891/891/891
f 880/880/880 892/892/892 891/891/891
f 880/880/880 881/881/881 892/892/892
f 881/881/881 893/893/893 892/892/892
f 881/881/881 882/882/882 893/893/893
f 882/882/882 894/894/894 893/893/893
f 882/882/882 883/883/883 894/894/894
f 883/883/883 895/895/895 894/894/894
f 883/883/883 884/884/884 895/895/895
f 885/885/885 897/897/897 896/896/896
f 885/885/885 886/886/886 897/897/897
f 886/886/886 898/898/898 897/897/897
f 886/886/886 887/887/887 898/898/898
f 887/887/887 899/899/899 898/898/898
f 887/887/887 888/888/888 899/899/899
f 888/888/888 900/900/900 899/899/899
f 888/888/888 889/889/889 900/900/900
f 889/889/889 901/901/901 900/900/900
f 889/889/889 890/890/890 901/901/901
f 890/890/890 902/902/902 901/901/901
f 890/890/890 891/891/891 902/902/902
f 891/891/891 903/903/903 902/902/902
f 891/891/891 892/892/892 903/903/903
f 892/892/892 904/904/904 903/903/903
f 892/892/892 893/893/893 904/904/904
f 893/893/893 905/905/905 904/904/904
f 893/893/893 894/894/894 905/905/905
f 894/894/894 906/906/906 905/905/905
f 894/894/894 895/895/895 906/906/906
f 896/896/896 908/908/908 907/907/907
f 896/896/896 897/897/897 908/908/908
f 897/897/897 909/909/909 908/908/908
f 897/897/897 898/898/898 909/909/909
f 898/898/898 910/910/910 909/909/909
f 898/898/898 899/899/899 910/910/910
f 899/899/899 911/911/911 910/910/910
f 899/899/899 900/900/900 911/911/911
f 900/900/900 912/912/912 911/911/911
f 900/900/900 901/901/901 912/912/912
f 901/901/901 913/913/913 912/912/912
f 901/901/901 902/902/902 913/913/913
f 902/902/902 914/914/914 913/913/913
f 902/902/902 903/903/903 914/914/914
f 903/903/903 915/915/915 914/914/914
f 903/903/903 904/904/904 915/915/915
f 904/904/904 916/916/916 915/915/915
f 904/904/904 905/905/905 916/916/916
f 905/905/905 917/917/917 916/916/916
f 905/905/905 906/906/906 917/917/917
f 907/907/907 919/919/919 918/918/918
f 907/907/907 908/908/908 919/919/919
f 908/908/908 920/920/920 919/919/919
f 908/908/908 909/909/909 920/920/920
f 909/909/909 921/921/921 920/920/920
f 909/909/909 910/910/910 921/921/921
f 910/910/910 922/922/922 921/921/921
f 910/910/910 911/911/911 922/922/922
f 911/911/911 923/923/923 922/922/922
f 911/911/911 912/912/912 923/923/923
f 912/912/912 924/924/924 923/923/923
f 912/912/912 913/913/913 924/924/924
f 913/913/913 925/925/925 924/924/924
f 913/913/913 914/914/914 925/925/925
f 914/914/914 926/926/926 925/925/925
f 914/914/914 915/915/915 926/926/926
f 915/915/915 927/927/927 926/926/926
f 915/915/915 916/916/916 927/927/927
f 916/916/916 928/928/928 927/927/927
f 916/916/916 917/917/917 928/928/928
f 918/918/918 930/930/930 929/929/929
f 918/918/918 919/919/919 930/930/930
f 919/919/919 931/931/931 930/930/930
f 919/919/919 920/920/920 931/931/931
f 920/920/920 932/932/932 931/931/931
f 920/920/920 921/921/921 932/932/932
f 921/921/921 933/933/933 932/932/932
f 921/921/921 922/922/922 933/933/933
f 922/922/922 934/934/934 933/933/933
f 922/922/922 923/923/923 934/934/934
f 923/923/923 935/935/935 934/934/934
f 923/923/923 924/924/924 935/935/935
f 924/924/924 936/936/936 935/935/935
f 924/924/924 925/925/925 936/936/936
f 925/925/925 937/937/937 936/936/936
f 925/925/925 926/926/926 937/937/937
f 926/926/926 938/938/938 937/937/937
f 926/926/926 927/927/927 938/938/938
f 927/927/927 939/939/939 938/938/938
f 927/927/927 928/928/928 939/939/939
f 929/929/929 941/941/941 940/940/940
f 929/929/929 930/930/930 941/941/941
f 930/930/930 942/942/942 941/941/941
f 930/930/930 931/931/931 942/942/942
f 931/931/931 943/943/943 942/942/942
f 931/931/931 932/932/932 943/943/943
f 932/932/932 944/944/944 943/943/943
f 932/932/932 933/933/933 944/944/944
f 933/933/933 945/945/945 944/944/944
f 933/933/933 934/934/934 945/945/945
f 934/934/934 946/946/946 945/945/945
f 934/934/934 935/935/935 946/946/946
f 935/935/935 947/947/947 946/946/946
f 935/935/935 936/936/936 947/947/947
f 936/936/936 948/948/948 947/947/947
f 936/936/936 937/937/937 948/948/948
f 937/937/937 949/949/949 948/948/948
f 937/937/937 938/938/938 949/949/949
f 938/938/938 950/950/950 949/949/949
f 938/938/938 939/939/939 950/950/950
f 940/940/940 952/952/952 951/951/951
f 940/940/940 941/941/941 952/952/952
f 941/941/941 953/953/953 952/952/952
f 941/941/941 942/942/942 953/953/953
f 942/942/942 954/954/954 953/953/953
f 942/942/942 943/943/943 954/954/954
f 943/943/943 955/955/955 954/954/954
f 943/943/943 944/944/944 955/955/955
f 944/944/944 956/956/956 955/955/955
f 944/944/944 945/945/945 956/956/956
f 945/945/945 957/957/957 956/956/956
f 945/945/945 946/946/946 957/957/957
f 946/946/946 958/958/958 957/957/957
f 946/946/946 947/947/947 958/958/958
f 947/947/947 959/959/959 958/958/958
f 947/947/947 948/948/948 959/959/959
f 948/948/948 960/960/960 959/959/959
f 948/948/948 949/949/949 960/960/960
f 949/949/949 961/961/961 960/960/960
f 949/949/949 950/950/950 961/961/961
f 962/962/962 970/970/970 963/963/963
f 962/962/962 969/969/969 970/970/970
f 976/976/976 962/962/962 963/963/963
f 977/977/977 970/970/970 969/969/969
f 963/963/963 971/971/971 964/964/964
f 963/963/963 970/970/970 971/971/971
f 976/976/976 963/963/963 964/964/964
f 977/977/977 971/971/971 970/970/970
f 964/964/964 972/972/972 965/965/965
f 964/964/964 971/971/971 972/972/972
f 976/976/976 964/964/964 965/965/965
f 977/977/977 972/972/972 971/971/971
f 965/965/965 973/973/973 966/966/966
f 965/965/965 972/972/972 973/973/973
f 976/976/976 965/965/965 966/966/966
f 977/977/977 973/973/973 972/972/972
f 966/966/966 974/974/974 967/967/967
f 966/966/966 973/973/973 974/974/974
f 976/976/976 966/966/966 967/967/967
f 977/977/977 974/974/974 973/973/973
f 967/967/967 975/975/975 968/968/968
f 967/967/967 974/974/974 975/975/975
f 976/976/976 967/967/967 968/968/968
f 977/977/977 975/975/975 974/974/974
f 968/968/968 969/969/969 962/962/962
f 968/968/968 975/975/975 969/969/969
f 976/976/976 968/968/968 962/962/962
f 977/977/977 969/969/969 975/975/975
f 978/978/978 986/986/986 979/979/979
f 978/978/978 985/985/985 986/986/986
f 992/992/992 978/978/978 979/979/979
f 993/993/993 986/986/986 985/985/985
f 979/979/979 987/987/987 980/980/980
f 979/979/979 986/986/986 987/987/987
f 992/992/992 979/979/979 980/980/980
f 993/993/993 987/987/987 986/986/986
f 980/980/980 988/988/988 981/981/981
f 980/980/980 987/987/987 988/988/988
f 992/992/992 980/980/980 981/981/981
f 993/993/993 988/988/988 987/987/987
f 981/981/981 989/989/989 982/982/982
f 981/981/981 988/988/988 989/989/989
f 992/992/992 981/981/981 982/982/982
f 993/993/993 989/989/989 988/988/988
f 982/982/982 990/990/990 983/983/983
f 982/982/982 989/989/989 990/990/990
f 992/992/992 982/982/982 983/983/983
f 993/993/993 990/990/990 989/989/989
f 983/983/983 991/991/991 984/984/984
f 983/983/983 990/990/990 991/991/991
f 992/992/992 983/983/983 984/984/984
f 993/993/993 991/991/991 990/990/990
f 984/984/984 985/985/985 978/978/978
f 984/984/984 991/991/991 985/985/985
f 992/992/992 984/984/984 978/978/978
f 993/993/993 985/985/985 991/991/991
f 994/994/994 1006/1006/1006 1005/1005/1005
f 994/994/994 995/995/995 1006/1006/1006
f 995/995/995 1007/1007/1007 1006/1006/1006
f 995/995/995 996/996/996 1007/1007/1007
f 996/996/996 1008/1008/1008 1007/1007/1007
f 996/996/996 997/997/997 1008/1008/1008
f 997/997/997 1009/1009/1009 1008/1008/1008
f 997/997/997 998/998/998 1009/1009/1009
f 998/998/998 1010/1010/1010 1009/1009/1009
f 998/998/998 999/999/999 1010/1010/1010
f 999/999/999 1011/1011/1011 1010/1010/1010
f 999/999/999 1000/1000/1000 1011/1011/1011
f 1000/1000/1000 1012/1012/1012 1011/1011/1011
f 1000/1000/1000 1001/1001/1001 1012/1012/1012
f 1001/1001/1001 1013/1013/1013 1012/1012/1012
f 1001/1001/1001 1002/1002/1002 1013/1013/1013
f 1002/1002/1002 1014/1014/1014 1013/1013/1013
f 1002/1002/1002 1003/1003/1003 1014/1014/1014
f 1003/1003/1003 1015/1015/1015 1014/1014/1014
f 1003/1003/1003 1004/1004/1004 1015/1015/1015
f 1005/1005/1005 1017/1017/1017 1016/1016/1016
f 1005/1005/1005 1006/1006/1006 1017/1017/1017
f 1006/1006/1006 1018/1018/1018 1017/1017/1017
f 1006/1006/1006 1007/1007/1007 1018/1018/1018
f 1007/1007/1007 1019/1019/1019 1018/1018/1018
f 1007/1007/1007 1008/1008/1008 1019/1019/1019
f 1008/1008/1008 1020/1020/1020 1019/1019/1019
f 1008/1008/1008 1009/1009/1009 1020/1020/1020
f 1009/1009/1009 1021/1021/1021 1020/1020/1020
f 1009/1009/1009 1010/1010/1010 1021/1021/1021
f 1010/1010/1010 1022/1022/1022 1021/1021/1021
f 1010/1010/1010 1011/1011/1011 1022/1022/1022
f 1011/1011/1011 1023/1023/1023 1022/1022/1022
f 1011/1011/1011 1012/1012/1012 1023/1023/1023
f 1012/1012/1012 1024/1024/1024 1023/1023/1023
f 1012/1012/1012 1013/1013/1013 1024/1024/1024
f 1013/1013/1013 1025/1025/1025 1024/1024/1024
f 1013/1013/1013 1014/1014/1014 1025/1025/1025
f 1014/1014/1014 1026/1026/1026 1025/1025/1025
f 1014/1014/1014 1015/1015/1015 1026/1026/1026
f 1016/1016/1016 1028/1028/1028 1027/1027/1027
f 1016/1016/1016 1017/1017/1017 1028/1028/1028
f 1017/1017/1017 1029/1029/1029 1028/1028/1028
f 1017/1017/1017 1018/1018/1018 1029/1029/1029
f 1018/1018/1018 1030/1030/1030 1029/1029/1029
f 1018/1018/1018 1019/1019/1019 1030/1030/1030
f 1019/1019/1019 1031/1031/1031 1030/1030/1030
f 1019/1019/1019 1020/1020/1020 1031/1031/1031
f 1020/1020/1020 1032/1032/1032 1031/1031/1031
f 1020/1020/1020 1021/1021/1021 1032/1032/1032
f 1021/1021/1021 1033/1033/1033 1032/1032/1032
f 1021/1021/1021 1022/1022/1022 1033/1033/1033
f 1022/1022/1022 1034/1034/1034 1033/1033/1033
f 1022/1022/1022 1023/1023/1023 1034/1034/1034
f 1023/1023/1023 1035/1035/1035 1034/1034/1034
f 1023/1023/1023 1024/1024/1024 1035/1035/1035
f 1024/1024/1024 1036/1036/1036 1035/1035/1035
f 1024/1024/1024 1025/1025/1025 1036/1036/1036
f 1025/1025/1025 1037/1037/1037 1036/1036/1036
f 1025/1025/1025 1026/1026/1026 1037/1037/1037
f 1027/1027/1027 1039/1039/1039 1038/1038/1038
f 1027/1027/1027 1028/1028/1028 1039/1039/1039
f 1028/1028/1028 1040/1040/1040 1039/1039/1039
f 1028/1028/1028 1029/1029/1029 1040/1040/1040
f 1029/1029/1029 1041/1041/1041 1040/1040/1040
f 1029/1029/1029 1030/1030/1030 1041/1041/1041
f 1030/1030/1030 1042/1042/1042 1041/1041/1041
f 1030/1030/1030 1031/1031/1031 1042/1042/1042
f 1031/1031/1031 1043/1043/1043 1042/1042/1042
f 1031/1031/1031 1032/1032/1032 1043/1043/1043
f 1032/1032/1032 1044/1044/1044 1043/1043/1043
f 1032/1032/1032 1033/1033/1033 1044/1044/1044
f 1033/1033/1033 1045/1045/1045 1044/1044/1044
f 1033/1033/1033 1034/1034/1034 1045/1045/1045
f 1034/1034/1034 1046/1046/1046 1045/1045/1045
f 1034/1034/1034 1035/1035/1035 1046/1046/1046
f 1035/1035/1035 1047/1047/1047 1046/1046/1046
f 1035/1035/1035 1036/1036/1036 1047/1047/1047
f 1036/1036/1036 1048/1048/1048 1047/1047/1047
f 1036/1036/1036 1037/1037/1037 1048/1048/1048
f 1038/1038/1038 1050/1050/1050 1049/1049/1049
f 1038/1038/1038 1039/1039/1039 1050/1050/1050
f 1039/1039/1039 1051/1051/1051 1050/1050/1050
f 1039/1039/1039 1040/1040/1040 1051/1051/1051
f 1040/1040/1040 1052/1052/1052 1051/1051/1051
f 1040/1040/1040 1041/1041/1041 1052/1052/1052
f 1041/1041/1041 1053/1053/1053 1052/1052/1052
f 1041/1041/1041 1042/1042/1042 1053/1053/1053
f 1042/1042/1042 1054/1054/1054 1053/1053/1053
f 1042/1042/1042 1043/1043/1043 1054/1054/1054
f 1043/1043/1043 1055/1055/1055 1054/1054/1054
f 1043/1043/1043 1044/1044/1044 1055/1055/1055
f 1044/1044/1044 1056/1056/1056 1055/1055/1055
f 1044/1044/1044 1045/1045/1045 1056/1056/1056
f 1045/1045/1045 1057/1057/1057 1056/1056/1056
f 1045/1045/1045 1046/1046/1046 1057/1057/1057
f 1046/1046/1046 1058/1058/1058 1057/1057/1057
f 1046/1046/1046 1047/1047/1047 1058/1058/1058
f 1047/1047/1047 1059/1059/1059 1058/1058/1058
f 1047/1047/1047 1048/1048/1048 1059/1059/1059
f 1049/1049/1049 1061/1061/1061 1060/1060/1060
f 1049/1049/1049 1050/1050/1050 1061/1061/1061
f 1050/1050/1050 1062/1062/1062 1061/1061/1061
f 1050/1050/1050 1051/1051/1051 1062/1062/1062
f 1051/1051/1051 1063/1063/1063 1062/1062/1062
f 1051/1051/1051 1052/1052/1052 1063/1063/1063
f 1052/1052/1052 1064/1064/1064 1063/1063/1063
f 1052/1052/1052 1053/1053/1053 1064/1064/1064
f 1053/1053/1053 1065/1065/1065 1064/1064/1064
f 1053/1053/1053 1054/1054/1054 1065/1065/1065
f 1054/1054/1054 1066/1066/1066 1065/1065/1065
f 1054/1054/1054 1055/1055/1055 1066/1066/1066
f 1055/1055/1055 1067/1067/1067 1066/1066/1066
f 1055/1055/1055 1056/1056/1056 1067/1067/1067
f 1056/1056/1056 1068/1068/1068 1067/1067/1067
f 1056/1056/1056 1057/1057/1057 1068/1068/1068
f 1057/1057/1057 1069/1069/1069 1068/1068/1068
f 1057/1057/1057 1058/1058/1058 1069/1069/1069
f 1058/1058/1058 1070/1070/1070 1069/1069/1069
f 1058/1058/1058 1059/1059/1059 1070/1070/1070
f 1060/1060/1060 1072/1072/1072 1071/1071/1071
f 1060/1060/1060 1061/1061/1061 1072/1072/1072
f 1061/1061/1061 1073/1073/1073 1072/1072/1072
f 1061/1061/1061 1062/1062/1062 1073/1073/1073
f 1062/1062/1062 1074/1074/1074 1073/1073/1073
f 1062/1062/1062 1063/1063/1063 1074/1074/1074
f 1063/1063/1063 1075/1075/1075 1074/1074/1074
f 1063/1063/1063 1064/1064/1064 1075/1075/1075
f 1064/1064/1064 1076/1076/1076 1075/1075/1075
f 1064/1064/1064 1065/1065/1065 1076/1076/1076
f 1065/1065/1065 1077/1077/1077 1076/1076/1076
f 1065/1065/1065 1066/1066/1066 1077/1077/1077
f 1066/1066/1066 1078/1078/1078 1077/1077/1077
f 1066/1066/1066 1067/1067/1067 1078/1078/1078
f 1067/1067/1067 1079/1079/1079 1078/1078/1078
f 1067/1067/1067 1068/1068/1068 1079/1079/1079
f 1068/1068/1068 1080/1080/1080 1079/1079/1079
f 1068/1068/1068 1069/1069/1069 1080/1080/1080
f 1069/1069/1069 1081/1081/1081 1080/1080/1080
f 1069/1069/1069 1070/1070/1070 1081/1081/1081
f 1071/1071/1071 1083/1083/1083 1082/1082/1082
f 1071/1071/1071 1072/1072/1072 1083/1083/1083
f 1072/1072/1072 1084/1084/1084 1083/1083/1083
f 1072/1072/1072 1073/1073/1073 1084/1084/1084
f 1073/1073/1073 1085/1085/1085 1084/1084/1084
f 1073/1073/1073 1074/1074/1074 1085/1085/1085
f 1074/1074/1074 1086/1086/1086 1085/1085/1085
f 1074/1074/1074 1075/1075/1075 1086/1086/1086
f 1075/1075/1075 1087/1087/1087 1086/1086/1086
f 1075/1075/1075 1076/1076/1076 1087/1087/1087
f 1076/1076/1076 1088/1088/1088 1087/1087/1087
f 1076/1076/1076 1077/1077/1077 1088/1088/1088
f 1077/1077/1077 1089/1089/1089 1088/1088/1088
f 1077/1077/1077 1078/1078/1078 1089/1089/1089
f 1078/1078/1078 1090/1090/1090 1089/1089/1089
f 1078/1078/1078 1079/1079/1079 1090/1090/1090
f 1079/1079/1079 1091/1091/1091 1090/1090/1090
f 1079/1079/1079 1080/1080/1080 1091/1091/1091
f 1080/1080/1080 1092/1092/1092 1091/1091/1091
f 1080/1080/1080 1081/1081/1081 1092/1092/1092
f 1093/1093/1093 1105/1105/1105 1104/1104/1104
f 1093/1093/1093 1094/1094/1094 1105/1105/1105
f 1094/1094/1094 1106/1106/1106 1105/1105/1105
f 1094/1094/1094 1095/1095/1095 1106/1106/1106
f 1095/1095/1095 1107/1107/1107 1106/1106/1106
f 1095/1095/1095 1096/1096/1096 1107/1107/1107
f 1096/1096/1096 1108/1108/1108 1107/1107/1107
f 1096/1096/1096 1097/1097/1097 1108/1108/1108
f 1097/1097/1097 1109/1109/1109 1108/1108/1108
f 1097/1097/1097 1098/1098/1098 1109/1109/1109
f 1098/1098/1098 1110/1110/1110 1109/1109/1109
f 1098/1098/1098 1099/1099/1099 1110/1110/1110
f 1099/1099/1099 1111/1111/1111 1110/1110/1110
f 1099/1099/1099 1100/1100/1100 1111/1111/1111
f 1100/1100/1100 1112/1112/1112 1111/1111/1111
f 1100/1100/1100 1101/1101/1101 1112/1112/1112
f 1101/1101/1101 1113/1113/1113 1112/1112/1112
f 1101/1101/1101 1102/1102/1102 1113/1113/1113
f 1102/1102/1102 1114/1114/1114 1113/1113/1113
f 1102/1102/1102 1103/1103/1103 1114/1114/1114
f 1104/1104/1104 1116/1116/1116 1115/1115/1115
f 1104/1104/1104 1105/1105/1105 1116/1116/1116
f 1105/1105/1105 1117/1117/1117 1116/1116/1116
f 1105/1105/1105 1106/1106/1106 1117/1117/1117
f 1106/1106/1106 1118/1118/1118 1117/1117/1117
f 1106/1106/1106 1107/1107/1107 1118/1118/1118
f 1107/1107/1107 1119/1119/1119 1118/1118/1118
f 1107/1107/1107 1108/1108/1108 1119/1119/1119
f 1108/1108/1108 1120/1120/1120 1119/1119/1119
f 1108/1108/1108 1109/1109/1109 1120/1120/1120
f 1109/1109/1109 1121/1121/1121 1120/1120/1120
f 1109/1109/1109 1110/1110/1110 1121/1121/1121
f 1110/1110/1110 1122/1122/1122 1121/1121/1121
f 1110/1110/1110 1111/1111/1111 1122/1122/1122
f 1111/1111/1111 1123/1123/1123 1122/1122/1122
f 1111/1111/1111 1112/1112/1112 1123/1123/1123
f 1112/1112/1112 1124/1124/1124 1123/1123/1123
f 1112/1112/1112 1113/1113/1113 1124/1124/1124
f 1113/1113/1113 1125/1125/1125 1124/1124/1124
f 1113/1113/1113 1114/1114/1114 1125/1125/1125
f 1115/1115/1115 1127/1127/1127 1126/1126/1126
f 1115/1115/1115 1116/1116/1116 1127/1127/1127
f 1116/1116/1116 1128/1128/1128 1127/1127/1127
f 1116/1116/1116 1117/1117/1117 1128/1128/1128
f 1117/1117/1117 1129/1129/1129 1128/1128/1128
f 1117/1117/1117 1118/1118/1118 1129/1129/1129
f 1118/1118/1118 1130/1130/1130 1129/1129/1129
f 1118/1118/1118 1119/1119/1119 1130/1130/1130
f 1119/1119/1119 1131/1131/1131 1130/1130/1130
f 1119/1119/1119 1120/1120/1120 1131/1131/1131
f 1120/1120/1120 1132/1132/1132 1131/1131/1131
f 1120/1120/1120 1121/1121/1121 1132/1132/1132
f 1121/1121/1121 1133/1133/1133 1132/1132/1132
f 1121/1121/1121 1122/1122/1122 1133/1133/1133
f 1122/1122/1122 1134/1134/1134 1133/1133/1133
f 1122/1122/1122 1123/1123/1123 1134/1134/1134
f 1123/1123/1123 1135/1135/1135 1134/1134/1134
f 1123/1123/1123 1124/1124/1124 1135/1135/1135
f 1124/1124/1124 1136/1136/1136 1135/1135/1135
f 1124/1124/1124 1125/1125/1125 1136/1136/1136
f 1126/1126/1126 1138/1138/1138 1137/1137/1137
f 1126/1126/1126 1127/1127/1127 1138/1138/1138
f 1127/1127/1127 1139/1139/1139 1138/1138/1138
f 1127/1127/1127 1128/1128/1128 1139/1139/1139
f 1128/1128/1128 1140/1140/1140 1139/1139/1139
f 1128/1128/1128 1129/1129/1129 1140/1140/1140
f 1129/1129/1129 1141/1141/1141 1140/1140/1140
f 1129/1129/1129 1130/1130/1130 1141/1141/1141
f 1130/1130/1130 1142/1142/1142 1141/1141/1141
f 1130/1130/1130 1131/1131/1131 1142/1142/1142
f 1131/1131/1131 1143/1143/1143 1142/1142/1142
f 1131/1131/1131 1132/1132/1132 1143/1143/1143
f 1132/1132/1132 1144/1144/1144 1143/1143/1143
f 1132/1132/1132 1133/1133/1133 1144/1144/1144
f 1133/1133/1133 1145/1145/1145 1144/1144/1144
f 1133/1133/1133 1134/1134/1134 1145/1145/1145
f 1134/1134/1134 1146/1146/1146 1145/1145/1145
f 1134/1134/1134 1135/1135/1135 1146/1146/1146
f 1135/1135/1135 1147/1147/1147 1146/1146/1146
f 1135/1135/1135 1136/1136/1136 1147/1147/1147
f 1137/1137/1137 1149/1149/1149 1148/1148/1148
f 1137/1137/1137 1138/1138/1138 1149/1149/1149
f 1138/1138/1138 1150/1150/1150 1149/1149/1149
f 1138/1138/1138 1139/1139/1139 1150/1150/1150
f 1139/1139/1139 1151/1151/1151 1150/1150/1150
f 1139/1139/1139 1140/1140/1140 1151/1151/1151
f 1140/1140/1140 1152/1152/1152 1151/1151/1151
f 1140/1140/1140 1141/1141/1141 1152/1152/1152
f 1141/1141/1141 1153/1153/1153 1152/1152/1152
f 1141/1141/1141 1142/1142/1142 1153/1153/1153
f 1142/1142/1142 1154/1154/1154 1153/1153/1153
f 1142/1142/1142 1143/1143/1143 1154/1154/1154
f 1143/1143/1143 1155/1155/1155 1154/1154/1154
f 1143/1143/1143 1144/1144/1144 1155/1155/1155
f 1144/1144/1144 1156/1156/1156 1155/1155/1155
f 1144/1144/1144 1145/1145/1145 1156/1156/1156
f 1145/1145/1145 1157/1157/1157 1156/1156/1156
f 1145/1145/1145 1146/1146/1146 1157/1157/1157
f 1146/1146/1146 1158/1158/1158 1157/1157/1157
f 1146/1146/1146 1147/1147/1147 1158/1158/1158
f 1148/1148/1148 1160/1160/1160 1159/1159/1159
f 1148/1148/1148 1149/1149/1149 1160/1160/1160
f 1149/1149/1149 1161/1161/1161 1160/1160/1160
f 1149/1149/1149 1150/1150/1150 1161/1161/1161
f 1150/1150/1150 1162/1162/1162 1161/1161/1161
f 1150/1150/1150 1151/1151/1151 1162/1162/1162
f 1151/1151/1151 1163/1163/1163 1162/1162/1162
f 1151/1151/1151 1152/1152/1152 1163/1163/1163
f 1152/1152/1152 1164/1164/1164 1163/1163/1163
f 1152/1152/1152 1153/1153/1153 1164/1164/1164
f 1153/1153/1153 1165/1165/1165 1164/1164/1164
f 1153/1153/1153 1154/1154/1154 1165/1165/1165
f 1154/1154/1154 1166/1166/1166 1165/1165/1165
f 1154/1154/1154 1155/1155/1155 1166/1166/1166
f 1155/1155/1155 1167/1167/1167 1166/1166/1166
f 1155/1155/1155 1156/1156/1156 1167/1167/1167
f 1156/1156/1156 1168/1168/1168 1167/1167/1167
f 1156/1156/1156 1157/1157/1157 1168/1168/1168
f 1157/1157/1157 1169/1169/1169 1168/1168/1168
f 1157/1157/1157 1158/1158/1158 1169/1169/1169
f 1159/1159/1159 1171/1171/1171 1170/1170/1170
f 1159/1159/1159 1160/1160/1160 1171/1171/1171
f 1160/1160/1160 1172/1172/1172 1171/1171/1171
f 1160/1160/1160 1161/1161/1161 1172/1172/1172
f 1161/1161/1161 1173/1173/1173 1172/1172/1172
f 1161/1161/1161 1162/1162/1162 1173/1173/1173
f 1162/1162/1162 1174/1174/1174 1173/1173/1173
f 1162/1162/1162 1163/1163/1163 1174/1174/1174
f 1163/1163/1163 1175/1175/1175 1174/1174/1174
f 1163/1163/1163 1164/1164/1164 1175/1175/1175
f 1164/1164/1164 1176/1176/1176 1175/1175/1175
f 1164/1164/1164 1165/1165/1165 1176/1176/1176
f 1165/1165/1165 1177/1177/1177 1176/1176/1176
f 1165/1165/1165 1166/1166/1166 1177/1177/1177
f 1166/1166/1166 1178/1178/1178 1177/1177/1177
f 1166/1166/1166 1167/1167/1167 1178/1178/1178
f 1167/1167/1167 1179/1179/1179 1178/1178/1178
f 1167/1167/1167 1168/1168/1168 1179/1179/1179
f 1168/1168/1168 1180/1180/1180 1179/1179/1179
f 1168/1168/1168 1169/1169/1169 1180/1180/1180
f 1170/1170/1170 1182/1182/1182 1181/1181/1181
f 1170/1170/1170 1171/1171/1171 1182/1182/1182
f 1171/1171/1171 1183/1183/1183 1182/1182/1182
f 1171/1171/1171 1172/1172/1172 1183/1183/1183
f 1172/1172/1172 1184/1184/1184 1183/1183/1183
f 1172/1172/1172 1173/1173/1173 1184/1184/1184
f 1173/1173/1173 1185/1185/1185 1184/1184/1184
f 1173/1173/1173 1174/1174/1174 1185/1185/1185
f 1174/1174/1174 1186/1186/1186 1185/1185/1185
f 1174/1174/1174 1175/1175/1175 1186/1186/1186
f 1175/1175/1175 1187/1187/1187 1186/1186/1186
f 1175/1175/1175 1176/1176/1176 1187/1187/1187
f 1176/1176/1176 1188/1188/1188 1187/1187/1187
f 1176/1176/1176 1177/1177/1177 1188/1188/1188
f 1177/1177/1177 1189/1189/1189 1188/1188/1188
f 1177/1177/1177 1178/1178/1178 1189/1189/1189
f 1178/1178/1178 1190/1190/1190 1189/1189/1189
f 1178/1178/1178 1179/1179/1179 1190/1190/1190
f 1179/1179/1179 1191/1191/1191 1190/1190/1190
f 1179/1179/1179 1180/1180/1180 1191/1191/1191