# 3D Model: tree/gt_dragontree/tree_gt_dragontree_wc_119157444 (v6 Gemini)
# Style: dragon tree high candelabra rosettes | Symmetry: asymmetric
# Dimensions: 4.658 x 8.174 x 3.655 m
# Triangles: 4436 | Vertices: 2710
v 0.78 0 0
v 0.631 0 0.4585
v 0.241 0 0.7418
v -0.241 0 0.7418
v -0.631 0 0.4585
v -0.78 0 0
v -0.631 0 -0.4585
v -0.241 0 -0.7418
v 0.241 0 -0.7418
v 0.631 0 -0.4585
v 0.3 5.9599 0
v 0.2427 5.9599 0.1763
v 0.0927 5.9599 0.2853
v -0.0927 5.9599 0.2853
v -0.2427 5.9599 0.1763
v -0.3 5.9599 0
v -0.2427 5.9599 -0.1763
v -0.0927 5.9599 -0.2853
v 0.0927 5.9599 -0.2853
v 0.2427 5.9599 -0.1763
v 0 0 0
v 0 5.9599 0
v 0.85 0 0
v 0.6877 0 0.4996
v 0.2627 0 0.8084
v -0.2627 0 0.8084
v -0.6877 0 0.4996
v -0.85 0 0
v -0.6877 0 -0.4996
v -0.2627 0 -0.8084
v 0.2627 0 -0.8084
v 0.6877 0 -0.4996
v 0.612 0.55 0
v 0.4951 0.55 0.3597
v 0.1891 0.55 0.582
v -0.1891 0.55 0.582
v -0.4951 0.55 0.3597
v -0.612 0.55 0
v -0.4951 0.55 -0.3597
v -0.1891 0.55 -0.582
v 0.1891 0.55 -0.582
v 0.4951 0.55 -0.3597
v 0 0 0
v 0 0.55 0
v 0.0137 4.9595 -0.1293
v 0.0352 4.8712 -0.0887
v 0.0362 4.8347 0.0038
v 0.0159 4.8712 0.0941
v -0.0137 4.9595 0.1293
v -0.0352 5.0477 0.0887
v -0.0362 5.0843 -0.0038
v -0.0159 5.0477 -0.0941
v 0.4971 5.1023 -0.0416
v 0.5127 5.0388 -0.0124
v 0.5133 5.0125 0.0542
v 0.4988 5.0388 0.1192
v 0.4775 5.1023 0.1445
v 0.4619 5.1659 0.1153
v 0.4612 5.1922 0.0487
v 0.4758 5.1659 -0.0163
v 0 4.9595 0
v 0.4873 5.1023 0.0515
v 0.4957 5.1023 -0.0281
v 0.5136 5.0435 0.0041
v 0.5117 5.0289 0.0719
v 0.4914 5.0697 0.1244
v 0.468 5.135 0.1219
v 0.4592 5.1757 0.0664
v 0.4715 5.1612 -0.0004
v 2.1168 5.6894 0.1656
v 2.1296 5.647 0.1888
v 2.1283 5.6366 0.2377
v 2.1137 5.6659 0.2754
v 2.0968 5.7129 0.2736
v 2.0905 5.7423 0.2337
v 2.0993 5.7318 0.1856
v 0.4873 5.1023 0.0515
v 2.1107 5.6894 0.2229
v 1.9893 5.568 0.1016
v 1.9893 5.568 0.3443
v 1.9893 5.8108 0.1016
v 1.9893 5.8108 0.3443
v 2.2321 5.568 0.1016
v 2.2321 5.568 0.3443
v 2.2321 5.8108 0.1016
v 2.2321 5.8108 0.3443
v 2.1107 5.6144 0.0265
v 2.1107 5.6144 0.4193
v 2.1107 5.7644 0.0265
v 2.1107 5.7644 0.4193
v 2.0357 5.493 0.2229
v 2.0357 5.8858 0.2229
v 2.1857 5.493 0.2229
v 2.1857 5.8858 0.2229
v 1.9143 5.6894 0.1479
v 1.9143 5.6894 0.2979
v 2.3071 5.6894 0.1479
v 2.3071 5.6894 0.2979
v 2.314 6.0365 0.2616
v 2.314 6.0365 0.2616
v 2.314 6.0365 0.2616
v 2.314 6.0365 0.2616
v 2.314 6.0365 0.2616
v 2.314 6.0365 0.2616
v 2.314 6.0365 0.2616
v 2.314 6.0365 0.2616
v 2.314 6.0365 0.2616
v 2.314 6.0365 0.2616
v 2.314 6.0365 0.2616
v 2.3651 6.0104 0.2578
v 2.3561 6.0005 0.3465
v 2.3303 5.9959 0.4017
v 2.2976 5.9985 0.4024
v 2.2705 6.0073 0.3484
v 2.2593 6.0189 0.2601
v 2.2683 6.0289 0.1715
v 2.294 6.0335 0.1162
v 2.3267 6.0308 0.1155
v 2.3539 6.022 0.1696
v 2.3651 6.0104 0.2578
v 2.4048 5.9446 0.2493
v 2.3881 5.9262 0.4131
v 2.3405 5.9178 0.5152
v 2.2801 5.9226 0.5165
v 2.2299 5.9389 0.4166
v 2.2092 5.9603 0.2536
v 2.2259 5.9788 0.0898
v 2.2735 5.9872 -0.0123
v 2.334 5.9823 -0.0137
v 2.3841 5.9661 0.0863
v 2.4048 5.9446 0.2493
v 2.427 5.8491 0.2373
v 2.4053 5.825 0.4514
v 2.343 5.8141 0.5848
v 2.2641 5.8204 0.5865
v 2.1986 5.8416 0.456
v 2.1716 5.8696 0.243
v 2.1933 5.8937 0.0289
v 2.2556 5.9047 -0.1044
v 2.3345 5.8984 -0.1062
v 2.4 5.8771 0.0244
v 2.427 5.8491 0.2373
v 2.4285 5.7385 0.2238
v 2.4049 5.7124 0.4555
v 2.3375 5.7005 0.5999
v 2.2521 5.7074 0.6018
v 2.1812 5.7303 0.4605
v 2.1519 5.7607 0.23
v 2.1755 5.7867 -0.0018
v 2.2429 5.7986 -0.1461
v 2.3283 5.7918 -0.148
v 2.3992 5.7688 -0.0067
v 2.4285 5.7385 0.2238
v 2.4088 5.6295 0.2108
v 2.3871 5.6054 0.4248
v 2.3248 5.5944 0.5582
v 2.2459 5.6008 0.56
v 2.1804 5.622 0.4294
v 2.1534 5.65 0.2164
v 2.1751 5.6741 0.0024
v 2.2374 5.6851 -0.131
v 2.3163 5.6787 -0.1328
v 2.3818 5.6575 -0.0022
v 2.4088 5.6295 0.2108
v 2.3712 5.5388 0.2002
v 2.3545 5.5204 0.364
v 2.3069 5.512 0.4661
v 2.2464 5.5168 0.4674
v 2.1963 5.5331 0.3675
v 2.1756 5.5545 0.2045
v 2.1923 5.5729 0.0407
v 2.2399 5.5813 -0.0614
v 2.3003 5.5765 -0.0628
v 2.3505 5.5603 0.0372
v 2.3712 5.5388 0.2002
v 2.3211 5.4802 0.1936
v 2.3121 5.4702 0.2823
v 2.2864 5.4657 0.3376
v 2.2537 5.4683 0.3383
v 2.2265 5.4771 0.2842
v 2.2153 5.4887 0.196
v 2.2243 5.4987 0.1073
v 2.2501 5.5032 0.0521
v 2.2828 5.5006 0.0514
v 2.3099 5.4918 0.1054
v 2.3211 5.4802 0.1936
v 2.2664 5.4626 0.1922
v 2.2664 5.4626 0.1922
v 2.2664 5.4626 0.1922
v 2.2664 5.4626 0.1922
v 2.2664 5.4626 0.1922
v 2.2664 5.4626 0.1922
v 2.2664 5.4626 0.1922
v 2.2664 5.4626 0.1922
v 2.2664 5.4626 0.1922
v 2.2664 5.4626 0.1922
v 2.2664 5.4626 0.1922
v 2.1644 6.0338 0.4017
v 2.1644 6.0338 0.4017
v 2.1644 6.0338 0.4017
v 2.1644 6.0338 0.4017
v 2.1644 6.0338 0.4017
v 2.1644 6.0338 0.4017
v 2.1644 6.0338 0.4017
v 2.1644 6.0338 0.4017
v 2.1644 6.0338 0.4017
v 2.1644 6.0338 0.4017
v 2.1644 6.0338 0.4017
v 2.1588 6.0123 0.3486
v 2.2463 5.9946 0.3568
v 2.3009 5.9836 0.3822
v 2.3016 5.9835 0.415
v 2.2482 5.9944 0.4427
v 2.1611 6.0121 0.4548
v 2.0736 6.0298 0.4466
v 2.0191 6.0408 0.4213
v 2.0183 6.0408 0.3885
v 2.0717 6.03 0.3607
v 2.1588 6.0123 0.3486
v 2.1453 5.9507 0.3038
v 2.3071 5.918 0.3189
v 2.4078 5.8977 0.3657
v 2.4092 5.8976 0.4264
v 2.3105 5.9177 0.4776
v 2.1496 5.9504 0.5
v 1.9879 5.9831 0.4848
v 1.8871 6.0034 0.438
v 1.8858 6.0035 0.3774
v 1.9844 5.9834 0.3261
v 2.1453 5.9507 0.3038
v 2.126 5.8586 0.274
v 2.3373 5.8158 0.2937
v 2.469 5.7893 0.3549
v 2.4707 5.7891 0.4341
v 2.3419 5.8154 0.5011
v 2.1316 5.8581 0.5303
v 1.9203 5.9009 0.5105
v 1.7886 5.9274 0.4494
v 1.7869 5.9276 0.3702
v 1.9157 5.9013 0.3032
v 2.126 5.8586 0.274
v 2.1037 5.7498 0.2637
v 2.3324 5.7035 0.2851
v 2.475 5.6748 0.3513
v 2.4768 5.6746 0.437
v 2.3374 5.7031 0.5095
v 2.1098 5.7493 0.5411
v 1.8811 5.7956 0.5197
v 1.7385 5.8243 0.4535
v 1.7366 5.8245 0.3678
v 1.8761 5.796 0.2953
v 2.1037 5.7498 0.2637
v 2.0819 5.641 0.2746
v 2.2932 5.5982 0.2943
v 2.4249 5.5717 0.3555
v 2.4266 5.5716 0.4347
v 2.2978 5.5979 0.5017
v 2.0875 5.6406 0.5309
v 1.8762 5.6833 0.5111
v 1.7445 5.7099 0.4499
v 1.7428 5.71 0.3707
v 1.8716 5.6837 0.3038
v 2.0819 5.641 0.2746
v 2.0638 5.5487 0.3049
v 2.2256 5.516 0.32
v 2.3264 5.4957 0.3668
v 2.3277 5.4956 0.4274
v 2.2291 5.5157 0.4787
v 2.0682 5.5484 0.501
v 1.9064 5.5811 0.4859
v 1.8056 5.6014 0.4391
v 1.8043 5.6015 0.3785
v 1.9029 5.5814 0.3272
v 2.0638 5.5487 0.3049
v 2.0523 5.4871 0.3501
v 2.1399 5.4693 0.3582
v 2.1944 5.4583 0.3836
v 2.1951 5.4583 0.4164
v 2.1418 5.4692 0.4441
v 2.0547 5.4869 0.4562
v 1.9671 5.5046 0.448
v 1.9126 5.5156 0.4227
v 1.9119 5.5156 0.3899
v 1.9653 5.5047 0.3621
v 2.0523 5.4871 0.3501
v 2.0491 5.4653 0.4032
v 2.0491 5.4653 0.4032
v 2.0491 5.4653 0.4032
v 2.0491 5.4653 0.4032
v 2.0491 5.4653 0.4032
v 2.0491 5.4653 0.4032
v 2.0491 5.4653 0.4032
v 2.0491 5.4653 0.4032
v 2.0491 5.4653 0.4032
v 2.0491 5.4653 0.4032
v 2.0491 5.4653 0.4032
v 1.9535 6.0366 0.1843
v 1.9535 6.0366 0.1843
v 1.9535 6.0366 0.1843
v 1.9535 6.0366 0.1843
v 1.9535 6.0366 0.1843
v 1.9535 6.0366 0.1843
v 1.9535 6.0366 0.1843
v 1.9535 6.0366 0.1843
v 1.9535 6.0366 0.1843
v 1.9535 6.0366 0.1843
v 1.9535 6.0366 0.1843
v 1.8988 6.019 0.1881
v 1.9062 6.0078 0.0994
v 1.9309 5.9992 0.0442
v 1.9636 5.9965 0.0434
v 1.9918 6.0009 0.0975
v 2.0047 6.0106 0.1857
v 1.9974 6.0218 0.2744
v 1.9726 6.0304 0.3296
v 1.9399 6.0331 0.3304
v 1.9118 6.0287 0.2763
v 1.8988 6.019 0.1881
v 1.8492 5.9604 0.1966
v 1.8627 5.9395 0.0327
v 1.9084 5.9237 -0.0693
v 1.9688 5.9188 -0.0707
v 2.0209 5.9269 0.0292
v 2.0447 5.9447 0.1923
v 2.0312 5.9656 0.3561
v 1.9855 5.9815 0.4582
v 1.9251 5.9863 0.4595
v 1.873 5.9783 0.3596
v 1.8492 5.9604 0.1966
v 1.812 5.8697 0.2085
v 1.8296 5.8424 -0.0056
v 1.8893 5.8217 -0.1389
v 1.9683 5.8153 -0.1407
v 2.0363 5.8258 -0.0101
v 2.0675 5.8492 0.2029
v 2.0498 5.8764 0.4169
v 1.9901 5.8972 0.5503
v 1.9112 5.9035 0.552
v 1.8431 5.893 0.4215
v 1.812 5.8697 0.2085
v 1.7929 5.7607 0.222
v 1.812 5.7312 -0.0097
v 1.8766 5.7087 -0.154
v 1.9621 5.7018 -0.1559
v 2.0357 5.7132 -0.0146
v 2.0695 5.7385 0.2159
v 2.0504 5.768 0.4476
v 1.9858 5.7904 0.592
v 1.9003 5.7973 0.5939
v 1.8267 5.7859 0.4526
v 1.7929 5.7607 0.222
v 1.795 5.6499 0.2351
v 1.8126 5.6227 0.021
v 1.8723 5.6019 -0.1124
v 1.9512 5.5956 -0.1141
v 2.0193 5.6061 0.0164
v 2.0504 5.6295 0.2294
v 2.0328 5.6567 0.4435
v 1.9731 5.6775 0.5769
v 1.8941 5.6838 0.5786
v 1.8261 5.6733 0.4481
v 1.795 5.6499 0.2351
v 1.8177 5.5544 0.2457
v 1.8312 5.5336 0.0818
v 1.8769 5.5177 -0.0202
v 1.9373 5.5128 -0.0216
v 1.9894 5.5209 0.0783
v 2.0132 5.5387 0.2413
v 1.9997 5.5596 0.4052
v 1.954 5.5755 0.5073
v 1.8936 5.5803 0.5086
v 1.8415 5.5723 0.4087
v 1.8177 5.5544 0.2457
v 1.8577 5.4886 0.2522
v 1.865 5.4773 0.1635
v 1.8898 5.4687 0.1083
v 1.9225 5.4661 0.1076
v 1.9507 5.4704 0.1616
v 1.9636 5.4801 0.2499
v 1.9563 5.4914 0.3385
v 1.9315 5.5 0.3938
v 1.8988 5.5026 0.3945
v 1.8706 5.4982 0.3404
v 1.8577 5.4886 0.2522
v 1.909 5.4625 0.2537
v 1.909 5.4625 0.2537
v 1.909 5.4625 0.2537
v 1.909 5.4625 0.2537
v 1.909 5.4625 0.2537
v 1.909 5.4625 0.2537
v 1.909 5.4625 0.2537
v 1.909 5.4625 0.2537
v 1.909 5.4625 0.2537
v 1.909 5.4625 0.2537
v 1.909 5.4625 0.2537
v 2.1031 6.0394 0.0442
v 2.1031 6.0394 0.0442
v 2.1031 6.0394 0.0442
v 2.1031 6.0394 0.0442
v 2.1031 6.0394 0.0442
v 2.1031 6.0394 0.0442
v 2.1031 6.0394 0.0442
v 2.1031 6.0394 0.0442
v 2.1031 6.0394 0.0442
v 2.1031 6.0394 0.0442
v 2.1031 6.0394 0.0442
v 2.1051 6.0172 0.0972
v 2.0159 6.0137 0.089
v 1.9603 6.0115 0.0637
v 1.9596 6.0116 0.0309
v 2.014 6.0138 0.0031
v 2.1028 6.0174 -0.0089
v 2.192 6.0209 -0.0008
v 2.2476 6.0231 0.0246
v 2.2483 6.023 0.0574
v 2.1939 6.0208 0.0851
v 2.1051 6.0172 0.0972
v 2.1086 5.9543 0.142
v 1.9437 5.9478 0.1269
v 1.841 5.9438 0.0801
v 1.8397 5.9439 0.0195
v 1.9402 5.948 -0.0318
v 2.1043 5.9547 -0.0541
v 2.2692 5.9612 -0.039
v 2.3719 5.9652 0.0078
v 2.3733 5.9651 0.0684
v 2.2727 5.9609 0.1197
v 2.1086 5.9543 0.142
v 2.113 5.8602 0.1719
v 1.8976 5.8517 0.1521
v 1.7634 5.8465 0.0909
v 1.7616 5.8466 0.0117
v 1.893 5.852 -0.0552
v 2.1074 5.8607 -0.0844
v 2.3228 5.8693 -0.0647
v 2.4571 5.8745 -0.0035
v 2.4588 5.8743 0.0757
v 2.3274 5.8689 0.1427
v 2.113 5.8602 0.1719
v 2.1177 5.7493 0.1821
v 1.8845 5.7401 0.1607
v 1.7392 5.7344 0.0945
v 1.7374 5.7346 0.0088
v 1.8796 5.7404 -0.0637
v 2.1116 5.7498 -0.0953
v 2.3448 5.7591 -0.0739
v 2.4901 5.7647 -0.0077
v 2.492 5.7646 0.078
v 2.3497 5.7587 0.1505
v 2.1177 5.7493 0.1821
v 2.1219 5.6384 0.1713
v 1.9065 5.6299 0.1515
v 1.7723 5.6247 0.0904
v 1.7705 5.6248 0.0112
v 1.9019 5.6302 -0.0558
v 2.1163 5.6389 -0.085
v 2.3317 5.6475 -0.0652
v 2.4659 5.6527 -0.0041
v 2.4677 5.6525 0.0751
v 2.3363 5.6471 0.1421
v 2.1219 5.6384 0.1713
v 2.125 5.5445 0.141
v 1.9601 5.5379 0.1258
v 1.8574 5.5339 0.079
v 1.8561 5.534 0.0184
v 1.9566 5.5382 -0.0329
v 2.1207 5.5448 -0.0552
v 2.2856 5.5514 -0.0401
v 2.3883 5.5554 0.0067
v 2.3897 5.5553 0.0674
v 2.2891 5.5511 0.1186
v 2.125 5.5445 0.141
v 2.1265 5.4817 0.0958
v 2.0373 5.4782 0.0876
v 1.9817 5.476 0.0623
v 1.981 5.4761 0.0295
v 2.0354 5.4783 0.0017
v 2.1242 5.4819 -0.0104
v 2.2134 5.4855 -0.0022
v 2.269 5.4876 0.0232
v 2.2698 5.4876 0.056
v 2.2153 5.4853 0.0837
v 2.1265 5.4817 0.0958
v 2.1263 5.4598 0.0427
v 2.1263 5.4598 0.0427
v 2.1263 5.4598 0.0427
v 2.1263 5.4598 0.0427
v 2.1263 5.4598 0.0427
v 2.1263 5.4598 0.0427
v 2.1263 5.4598 0.0427
v 2.1263 5.4598 0.0427
v 2.1263 5.4598 0.0427
v 2.1263 5.4598 0.0427
v 2.1263 5.4598 0.0427
v 0.1262 5.1104 -0.0312
v 0.0936 5.0203 -0.0046
v 0.0061 4.983 0.0247
v -0.0849 5.0203 0.0395
v -0.1262 5.1104 0.0312
v -0.0936 5.2006 0.0046
v -0.0061 5.2379 -0.0247
v 0.0849 5.2006 -0.0395
v 0.2855 5.2726 0.7661
v 0.262 5.2077 0.7852
v 0.1991 5.1808 0.8063
v 0.1335 5.2077 0.817
v 0.1038 5.2726 0.8109
v 0.1273 5.3375 0.7918
v 0.1903 5.3644 0.7707
v 0.2558 5.3375 0.7601
v 0 5.1104 0
v 0.1947 5.2726 0.7885
v 0.2723 5.2726 0.7693
v 0.2517 5.2215 0.8116
v 0.1882 5.2089 0.8365
v 0.1295 5.2442 0.8252
v 0.1199 5.3009 0.7863
v 0.1666 5.3363 0.7491
v 0.2344 5.3236 0.7415
v 0.4662 5.9084 1.6482
v 0.4514 5.8716 1.6786
v 0.4056 5.8625 1.6965
v 0.3634 5.888 1.6884
v 0.3565 5.9288 1.6604
v 0.3901 5.9542 1.6336
v 0.439 5.9452 1.6281
v 0.1947 5.2726 0.7885
v 0.4103 5.9084 1.662
v 0.3136 5.8116 1.5652
v 0.3136 5.8116 1.7587
v 0.3136 6.0051 1.5652
v 0.3136 6.0051 1.7587
v 0.5071 5.8116 1.5652
v 0.5071 5.8116 1.7587
v 0.5071 6.0051 1.5652
v 0.5071 6.0051 1.7587
v 0.4103 5.8486 1.5054
v 0.4103 5.8486 1.8185
v 0.4103 5.9682 1.5054
v 0.4103 5.9682 1.8185
v 0.3505 5.7518 1.662
v 0.3505 6.0649 1.662
v 0.4701 5.7518 1.662
v 0.4701 6.0649 1.662
v 0.2538 5.9084 1.6022
v 0.2538 5.9084 1.7218
v 0.5669 5.9084 1.6022
v 0.5669 5.9084 1.7218
v 0.5202 6.3119 1.8107
v 0.5202 6.3119 1.8107
v 0.5202 6.3119 1.8107
v 0.5202 6.3119 1.8107
v 0.5202 6.3119 1.8107
v 0.5202 6.3119 1.8107
v 0.5202 6.3119 1.8107
v 0.5202 6.3119 1.8107
v 0.5202 6.3119 1.8107
v 0.5202 6.3119 1.8107
v 0.5202 6.3119 1.8107
v 0.5318 6.2852 1.7589
v 0.594 6.2718 1.7902
v 0.6262 6.264 1.829
v 0.616 6.2648 1.8604
v 0.5673 6.274 1.8725
v 0.4987 6.2879 1.8605
v 0.4365 6.3013 1.8292
v 0.4043 6.3091 1.7904
v 0.4145 6.3083 1.759
v 0.4632 6.2992 1.7469
v 0.5318 6.2852 1.7589
v 0.5316 6.2119 1.713
v 0.6466 6.1871 1.771
v 0.706 6.1727 1.8426
v 0.6871 6.1742 1.9007
v 0.5972 6.1911 1.923
v 0.4705 6.2168 1.9009
v 0.3555 6.2416 1.843
v 0.2961 6.256 1.7713
v 0.315 6.2545 1.7132
v 0.4049 6.2376 1.691
v 0.5316 6.2119 1.713
v 0.5198 6.1031 1.6801
v 0.67 6.0707 1.7558
v 0.7476 6.0519 1.8495
v 0.7229 6.0539 1.9254
v 0.6054 6.0759 1.9544
v 0.4398 6.1095 1.9256
v 0.2896 6.1419 1.8499
v 0.212 6.1607 1.7562
v 0.2367 6.1587 1.6804
v 0.3542 6.1367 1.6513
v 0.5198 6.1031 1.6801
v 0.498 5.9754 1.6652
v 0.6606 5.9403 1.7471
v 0.7446 5.9199 1.8485
v 0.7179 5.9221 1.9306
v 0.5907 5.9459 1.9621
v 0.4115 5.9823 1.9309
v 0.2489 6.0174 1.8489
v 0.1649 6.0377 1.7476
v 0.1916 6.0356 1.6654
v 0.3188 6.0118 1.634
v 0.498 5.9754 1.6652
v 0.4696 5.8482 1.6705
v 0.6199 5.8158 1.7462
v 0.6975 5.7969 1.8398
v 0.6728 5.7989 1.9157
v 0.5553 5.8209 1.9448
v 0.3897 5.8546 1.9159
v 0.2395 5.887 1.8402
v 0.1619 5.9058 1.7466
v 0.1866 5.9038 1.6707
v 0.3041 5.8818 1.6416
v 0.4696 5.8482 1.6705
v 0.439 5.7409 1.6952
v 0.554 5.716 1.7531
v 0.6134 5.7017 1.8248
v 0.5945 5.7032 1.8829
v 0.5045 5.72 1.9051
v 0.3779 5.7458 1.883
v 0.2629 5.7706 1.8251
v 0.2035 5.785 1.7534
v 0.2224 5.7834 1.6954
v 0.3123 5.7666 1.6731
v 0.439 5.7409 1.6952
v 0.4108 5.6698 1.7355
v 0.473 5.6564 1.7669
v 0.5052 5.6486 1.8057
v 0.495 5.6494 1.8371
v 0.4463 5.6585 1.8491
v 0.3777 5.6724 1.8372
v 0.3155 5.6859 1.8058
v 0.2833 5.6936 1.7671
v 0.2935 5.6928 1.7356
v 0.3422 5.6837 1.7236
v 0.4108 5.6698 1.7355
v 0.3893 5.6457 1.7854
v 0.3893 5.6457 1.7854
v 0.3893 5.6457 1.7854
v 0.3893 5.6457 1.7854
v 0.3893 5.6457 1.7854
v 0.3893 5.6457 1.7854
v 0.3893 5.6457 1.7854
v 0.3893 5.6457 1.7854
v 0.3893 5.6457 1.7854
v 0.3893 5.6457 1.7854
v 0.3893 5.6457 1.7854
v 0.3138 6.314 1.6678
v 0.3138 6.314 1.6678
v 0.3138 6.314 1.6678
v 0.3138 6.314 1.6678
v 0.3138 6.314 1.6678
v 0.3138 6.314 1.6678
v 0.3138 6.314 1.6678
v 0.3138 6.314 1.6678
v 0.3138 6.314 1.6678
v 0.3138 6.314 1.6678
v 0.3138 6.314 1.6678
v 0.2601 6.2925 1.6541
v 0.2907 6.2817 1.591
v 0.329 6.2734 1.5583
v 0.3603 6.2709 1.5686
v 0.3727 6.2751 1.6178
v 0.3615 6.2844 1.6873
v 0.3309 6.2953 1.7504
v 0.2926 6.3036 1.7831
v 0.2613 6.3061 1.7728
v 0.2489 6.3019 1.7236
v 0.2601 6.2925 1.6541
v 0.2086 6.2233 1.6484
v 0.2651 6.2032 1.5318
v 0.3358 6.1879 1.4714
v 0.3937 6.1833 1.4904
v 0.4166 6.1911 1.5814
v 0.3959 6.2083 1.7098
v 0.3394 6.2284 1.8264
v 0.2687 6.2437 1.8867
v 0.2108 6.2484 1.8678
v 0.1878 6.2406 1.7767
v 0.2086 6.2233 1.6484
v 0.1671 6.1169 1.6515
v 0.2409 6.0906 1.4992
v 0.3333 6.0706 1.4203
v 0.4089 6.0646 1.4451
v 0.4389 6.0747 1.564
v 0.4118 6.0973 1.7317
v 0.3379 6.1236 1.8841
v 0.2455 6.1436 1.9629
v 0.1699 6.1496 1.9382
v 0.1399 6.1394 1.8192
v 0.1671 6.1169 1.6515
v 0.1418 5.9894 1.663
v 0.2218 5.961 1.4981
v 0.3217 5.9394 1.4127
v 0.4036 5.9328 1.4396
v 0.436 5.9438 1.5683
v 0.4067 5.9682 1.7498
v 0.3268 5.9967 1.9147
v 0.2268 6.0183 2.0001
v 0.145 6.0249 1.9733
v 0.1125 6.0138 1.8445
v 0.1418 5.9894 1.663
v 0.1368 5.8604 1.6811
v 0.2106 5.8341 1.5287
v 0.303 5.8141 1.4499
v 0.3786 5.808 1.4747
v 0.4086 5.8182 1.5936
v 0.3815 5.8408 1.7613
v 0.3077 5.867 1.9137
v 0.2153 5.887 1.9925
v 0.1397 5.8931 1.9678
v 0.1097 5.8829 1.8488
v 0.1368 5.8604 1.6811
v 0.1527 5.7493 1.7031
v 0.2092 5.7292 1.5864
v 0.2799 5.7139 1.5261
v 0.3378 5.7093 1.545
v 0.3607 5.7171 1.6361
v 0.34 5.7343 1.7644
v 0.2834 5.7544 1.881
v 0.2127 5.7697 1.9414
v 0.1549 5.7744 1.9224
v 0.1319 5.7666 1.8314
v 0.1527 5.7493 1.7031
v 0.1871 5.6732 1.7255
v 0.2177 5.6624 1.6624
v 0.2559 5.6541 1.6297
v 0.2872 5.6516 1.64
v 0.2997 5.6558 1.6893
v 0.2884 5.6651 1.7587
v 0.2578 5.676 1.8218
v 0.2196 5.6843 1.8545
v 0.1883 5.6868 1.8442
v 0.1758 5.6826 1.795
v 0.1871 5.6732 1.7255
v 0.2347 5.6437 1.7451
v 0.2347 5.6437 1.7451
v 0.2347 5.6437 1.7451
v 0.2347 5.6437 1.7451
v 0.2347 5.6437 1.7451
v 0.2347 5.6437 1.7451
v 0.2347 5.6437 1.7451
v 0.2347 5.6437 1.7451
v 0.2347 5.6437 1.7451
v 0.2347 5.6437 1.7451
v 0.2347 5.6437 1.7451
v 0.3543 6.3181 1.5133
v 0.3543 6.3181 1.5133
v 0.3543 6.3181 1.5133
v 0.3543 6.3181 1.5133
v 0.3543 6.3181 1.5133
v 0.3543 6.3181 1.5133
v 0.3543 6.3181 1.5133
v 0.3543 6.3181 1.5133
v 0.3543 6.3181 1.5133
v 0.3543 6.3181 1.5133
v 0.3543 6.3181 1.5133
v 0.3386 6.2936 1.5651
v 0.2751 6.2903 1.5338
v 0.2421 6.2877 1.495
v 0.2523 6.2869 1.4635
v 0.3018 6.2881 1.4515
v 0.3717 6.2909 1.4634
v 0.4353 6.2943 1.4948
v 0.4683 6.2968 1.5336
v 0.4581 6.2977 1.565
v 0.4085 6.2964 1.5771
v 0.3386 6.2936 1.5651
v 0.3271 6.2212 1.611
v 0.2096 6.215 1.553
v 0.1487 6.2103 1.4813
v 0.1676 6.2087 1.4233
v 0.2591 6.211 1.401
v 0.3883 6.2163 1.4231
v 0.5058 6.2224 1.481
v 0.5667 6.2272 1.5527
v 0.5478 6.2287 1.6108
v 0.4563 6.2264 1.633
v 0.3271 6.2212 1.611
v 0.3215 6.1119 1.6439
v 0.168 6.1038 1.5681
v 0.0884 6.0976 1.4745
v 0.1131 6.0956 1.3986
v 0.2326 6.0986 1.3695
v 0.4014 6.1055 1.3984
v 0.5549 6.1135 1.4741
v 0.6345 6.1197 1.5677
v 0.6098 6.1217 1.6436
v 0.4903 6.1187 1.6727
v 0.3215 6.1119 1.6439
v 0.3226 5.9823 1.6588
v 0.1565 5.9736 1.5769
v 0.0703 5.9669 1.4755
v 0.097 5.9647 1.3934
v 0.2265 5.968 1.3619
v 0.4091 5.9754 1.3931
v 0.5753 5.9841 1.475
v 0.6615 5.9908 1.5764
v 0.6347 5.9929 1.6585
v 0.5053 5.9897 1.69
v 0.3226 5.9823 1.6588
v 0.3304 5.8522 1.6535
v 0.1769 5.8441 1.5778
v 0.0972 5.8379 1.4841
v 0.1219 5.836 1.4083
v 0.2415 5.839 1.3792
v 0.4103 5.8458 1.408
v 0.5638 5.8539 1.4837
v 0.6434 5.8601 1.5774
v 0.6187 5.862 1.6533
v 0.4991 5.859 1.6823
v 0.3304 5.8522 1.6535
v 0.3435 5.7414 1.6288
v 0.226 5.7352 1.5709
v 0.1651 5.7305 1.4992
v 0.184 5.729 1.4411
v 0.2755 5.7313 1.4189
v 0.4047 5.7365 1.4409
v 0.5221 5.7427 1.4989
v 0.5831 5.7474 1.5706
v 0.5642 5.7489 1.6286
v 0.4727 5.7466 1.6509
v 0.3435 5.7414 1.6288
v 0.36 5.6667 1.5884
v 0.2965 5.6634 1.5571
v 0.2635 5.6608 1.5183
v 0.2737 5.66 1.4869
v 0.3232 5.6612 1.4748
v 0.3931 5.6641 1.4868
v 0.4567 5.6674 1.5181
v 0.4897 5.67 1.5569
v 0.4795 5.6708 1.5883
v 0.4299 5.6696 1.6004
v 0.36 5.6667 1.5884
v 0.3775 5.6396 1.5386
v 0.3775 5.6396 1.5386
v 0.3775 5.6396 1.5386
v 0.3775 5.6396 1.5386
v 0.3775 5.6396 1.5386
v 0.3775 5.6396 1.5386
v 0.3775 5.6396 1.5386
v 0.3775 5.6396 1.5386
v 0.3775 5.6396 1.5386
v 0.3775 5.6396 1.5386
v 0.3775 5.6396 1.5386
v 0.5607 6.316 1.6562
v 0.5607 6.316 1.6562
v 0.5607 6.316 1.6562
v 0.5607 6.316 1.6562
v 0.5607 6.316 1.6562
v 0.5607 6.316 1.6562
v 0.5607 6.316 1.6562
v 0.5607 6.316 1.6562
v 0.5607 6.316 1.6562
v 0.5607 6.316 1.6562
v 0.5607 6.316 1.6562
v 0.6103 6.2863 1.6699
v 0.5784 6.2804 1.733
v 0.5393 6.2783 1.7657
v 0.508 6.2808 1.7554
v 0.4964 6.287 1.7061
v 0.509 6.2944 1.6367
v 0.5409 6.3003 1.5735
v 0.58 6.3024 1.5409
v 0.6113 6.2998 1.5511
v 0.6229 6.2937 1.6004
v 0.6103 6.2863 1.6699
v 0.6502 6.2097 1.6756
v 0.5912 6.1989 1.7922
v 0.5189 6.195 1.8525
v 0.4611 6.1997 1.8336
v 0.4396 6.211 1.7426
v 0.4629 6.2248 1.6142
v 0.5219 6.2356 1.4976
v 0.5941 6.2395 1.4372
v 0.652 6.2348 1.4562
v 0.6734 6.2235 1.5472
v 0.6502 6.2097 1.6756
v 0.6742 6.0981 1.6724
v 0.5971 6.0839 1.8248
v 0.5028 6.0789 1.9037
v 0.4271 6.0849 1.8789
v 0.3992 6.0997 1.7599
v 0.4295 6.1177 1.5923
v 0.5066 6.1319 1.4399
v 0.601 6.1369 1.361
v 0.6766 6.1308 1.3858
v 0.7046 6.116 1.5047
v 0.6742 6.0981 1.6724
v 0.6788 5.9682 1.6609
v 0.5954 5.9529 1.8259
v 0.4932 5.9474 1.9112
v 0.4114 5.954 1.8844
v 0.3811 5.97 1.7557
v 0.4139 5.9894 1.5742
v 0.4974 6.0048 1.4092
v 0.5995 6.0102 1.3239
v 0.6814 6.0037 1.3507
v 0.7116 5.9876 1.4794
v 0.6788 5.9682 1.6609
v 0.6632 5.84 1.6428
v 0.5861 5.8258 1.7952
v 0.4918 5.8208 1.8741
v 0.4161 5.8268 1.8493
v 0.3882 5.8417 1.7304
v 0.4185 5.8596 1.5627
v 0.4956 5.8738 1.4103
v 0.59 5.8788 1.3314
v 0.6656 5.8727 1.3562
v 0.6936 5.8579 1.4752
v 0.6632 5.84 1.6428
v 0.6298 5.7329 1.6209
v 0.5708 5.722 1.7375
v 0.4986 5.7182 1.7979
v 0.4407 5.7228 1.7789
v 0.4193 5.7342 1.6879
v 0.4426 5.7479 1.5595
v 0.5016 5.7588 1.4429
v 0.5738 5.7626 1.3826
v 0.6317 5.758 1.4015
v 0.6531 5.7466 1.4926
v 0.6298 5.7329 1.6209
v 0.5838 5.6633 1.5984
v 0.5518 5.6574 1.6616
v 0.5127 5.6553 1.6942
v 0.4814 5.6578 1.684
v 0.4698 5.664 1.6347
v 0.4824 5.6714 1.5652
v 0.5143 5.6773 1.5021
v 0.5534 5.6793 1.4695
v 0.5847 5.6768 1.4797
v 0.5963 5.6707 1.529
v 0.5838 5.6633 1.5984
v 0.532 5.6417 1.5789
v 0.532 5.6417 1.5789
v 0.532 5.6417 1.5789
v 0.532 5.6417 1.5789
v 0.532 5.6417 1.5789
v 0.532 5.6417 1.5789
v 0.532 5.6417 1.5789
v 0.532 5.6417 1.5789
v 0.532 5.6417 1.5789
v 0.532 5.6417 1.5789
v 0.532 5.6417 1.5789
v 0.0693 4.8839 0.11
v 0.0246 4.7966 0.0932
v -0.0345 4.7604 0.0218
v -0.0734 4.7966 -0.0624
v -0.0693 4.8839 -0.11
v -0.0246 4.9711 -0.0932
v 0.0345 5.0073 -0.0218
v 0.0734 4.9711 0.0624
v -0.4791 5.0906 0.4126
v -0.5113 5.0278 0.4005
v -0.5538 5.0017 0.3491
v -0.5819 5.0278 0.2885
v -0.5789 5.0906 0.2543
v -0.5467 5.1534 0.2664
v -0.5041 5.1795 0.3178
v -0.4761 5.1534 0.3784
v 0 4.8839 0
v -0.529 5.0906 0.3335
v -0.4863 5.0906 0.4011
v -0.5341 5.0405 0.3956
v -0.5781 5.0282 0.3433
v -0.585 5.0628 0.2836
v -0.5498 5.1184 0.2614
v -0.4989 5.153 0.2934
v -0.4707 5.1406 0.3556
v -1.3915 5.882 0.9452
v -1.4259 5.846 0.9413
v -1.4576 5.8371 0.9036
v -1.4626 5.862 0.8606
v -1.4372 5.902 0.8446
v -1.4006 5.9269 0.8677
v -1.3802 5.918 0.9125
v -0.529 5.0906 0.3335
v -1.4222 5.882 0.8965
v -1.5115 5.7927 0.8072
v -1.5115 5.7927 0.9858
v -1.5115 5.9713 0.8072
v -1.5115 5.9713 0.9858
v -1.3329 5.7927 0.8072
v -1.3329 5.7927 0.9858
v -1.3329 5.9713 0.8072
v -1.3329 5.9713 0.9858
v -1.4222 5.8268 0.752
v -1.4222 5.8268 1.041
v -1.4222 5.9372 0.752
v -1.4222 5.9372 1.041
v -1.4774 5.7375 0.8965
v -1.4774 6.0265 0.8965
v -1.3671 5.7375 0.8965
v -1.3671 6.0265 0.8965
v -1.5667 5.882 0.8413
v -1.5667 5.882 0.9517
v -1.2778 5.882 0.8413
v -1.2778 5.882 0.9517
v -1.4843 6.2739 0.937
v -1.4843 6.2739 0.937
v -1.4843 6.2739 0.937
v -1.4843 6.2739 0.937
v -1.4843 6.2739 0.937
v -1.4843 6.2739 0.937
v -1.4843 6.2739 0.937
v -1.4843 6.2739 0.937
v -1.4843 6.2739 0.937
v -1.4843 6.2739 0.937
v -1.4843 6.2739 0.937
v -1.5286 6.2526 0.9123
v -1.4859 6.2413 0.864
v -1.4439 6.2332 0.8445
v -1.4188 6.2312 0.8613
v -1.4201 6.2361 0.908
v -1.4473 6.246 0.9667
v -1.49 6.2572 1.0151
v -1.532 6.2654 1.0346
v -1.5571 6.2674 1.0178
v -1.5558 6.2625 0.9711
v -1.5286 6.2526 0.9123
v -1.5734 6.1851 0.8964
v -1.4945 6.1644 0.807
v -1.417 6.1493 0.771
v -1.3705 6.1456 0.8021
v -1.3729 6.1547 0.8883
v -1.4232 6.1731 0.9969
v -1.5021 6.1938 1.0862
v -1.5796 6.2089 1.1223
v -1.6261 6.2126 1.0912
v -1.6237 6.2036 1.0049
v -1.5734 6.1851 0.8964
v -1.612 6.082 0.8916
v -1.5088 6.0549 0.7749
v -1.4076 6.0352 0.7278
v -1.3469 6.0303 0.7684
v -1.35 6.0422 0.8811
v -1.4157 6.0662 1.0229
v -1.5188 6.0933 1.1397
v -1.6201 6.113 1.1867
v -1.6808 6.1179 1.1462
v -1.6777 6.106 1.0334
v -1.612 6.082 0.8916
v -1.6384 5.9587 0.8987
v -1.5267 5.9294 0.7724
v -1.4171 5.9081 0.7214
v -1.3515 5.9028 0.7653
v -1.3548 5.9157 0.8874
v -1.4259 5.9417 1.0409
v -1.5376 5.971 1.1672
v -1.6472 5.9924 1.2182
v -1.7128 5.9976 1.1743
v -1.7095 5.9848 1.0522
v -1.6384 5.9587 0.8987
v -1.6486 5.8342 0.9167
v -1.5455 5.8071 0.7999
v -1.4442 5.7874 0.7529
v -1.3835 5.7825 0.7934
v -1.3866 5.7944 0.9062
v -1.4523 5.8185 1.048
v -1.5555 5.8455 1.1647
v -1.6567 5.8653 1.2118
v -1.7174 5.8701 1.1712
v -1.7143 5.8583 1.0585
v -1.6486 5.8342 0.9167
v -1.6411 5.7273 0.9427
v -1.5622 5.7066 0.8534
v -1.4847 5.6915 0.8173
v -1.4382 5.6878 0.8484
v -1.4406 5.6969 0.9347
v -1.4909 5.7153 1.0432
v -1.5698 5.736 1.1326
v -1.6473 5.7511 1.1686
v -1.6938 5.7548 1.1375
v -1.6914 5.7458 1.0513
v -1.6411 5.7273 0.9427
v -1.617 5.6544 0.9729
v -1.5743 5.6432 0.9245
v -1.5324 5.635 0.905
v -1.5072 5.633 0.9218
v -1.5085 5.6379 0.9685
v -1.5357 5.6479 1.0273
v -1.5784 5.6591 1.0756
v -1.6204 5.6673 1.0951
v -1.6455 5.6693 1.0783
v -1.6442 5.6644 1.0316
v -1.617 5.6544 0.9729
v -1.58 5.6265 1.0026
v -1.58 5.6265 1.0026
v -1.58 5.6265 1.0026
v -1.58 5.6265 1.0026
v -1.58 5.6265 1.0026
v -1.58 5.6265 1.0026
v -1.58 5.6265 1.0026
v -1.58 5.6265 1.0026
v -1.58 5.6265 1.0026
v -1.58 5.6265 1.0026
v -1.58 5.6265 1.0026
v -1.5021 6.2783 0.7648
v -1.5021 6.2783 0.7648
v -1.5021 6.2783 0.7648
v -1.5021 6.2783 0.7648
v -1.5021 6.2783 0.7648
v -1.5021 6.2783 0.7648
v -1.5021 6.2783 0.7648
v -1.5021 6.2783 0.7648
v -1.5021 6.2783 0.7648
v -1.5021 6.2783 0.7648
v -1.5021 6.2783 0.7648
v -1.5287 6.2555 0.8072
v -1.5775 6.2516 0.7637
v -1.5973 6.2484 0.7213
v -1.5806 6.2471 0.6961
v -1.5337 6.2481 0.6977
v -1.4745 6.2512 0.7256
v -1.4256 6.255 0.7691
v -1.4058 6.2582 0.8116
v -1.4226 6.2596 0.8368
v -1.4695 6.2585 0.8351
v -1.5287 6.2555 0.8072
v -1.5503 6.1862 0.8465
v -1.6405 6.1791 0.7662
v -1.6771 6.1731 0.6877
v -1.6461 6.1706 0.6411
v -1.5594 6.1726 0.6442
v -1.4501 6.1782 0.6958
v -1.3599 6.1853 0.7762
v -1.3232 6.1913 0.8546
v -1.3542 6.1938 0.9012
v -1.4409 6.1918 0.8981
v -1.5503 6.1862 0.8465
v -1.5635 6.081 0.8767
v -1.6814 6.0717 0.7717
v -1.7292 6.0639 0.6692
v -1.6888 6.0606 0.6083
v -1.5755 6.0632 0.6124
v -1.4326 6.0705 0.6798
v -1.3147 6.0799 0.7848
v -1.2669 6.0877 0.8873
v -1.3073 6.0909 0.9482
v -1.4206 6.0884 0.9441
v -1.5635 6.081 0.8767
v -1.5664 5.9559 0.8932
v -1.6939 5.9458 0.7795
v -1.7457 5.9374 0.6686
v -1.702 5.9339 0.6027
v -1.5793 5.9366 0.6071
v -1.4247 5.9445 0.68
v -1.2971 5.9547 0.7937
v -1.2453 5.9631 0.9046
v -1.2891 5.9666 0.9705
v -1.4117 5.9638 0.9661
v -1.5664 5.9559 0.8932
v -1.5585 5.8299 0.8934
v -1.6763 5.8206 0.7884
v -1.7242 5.8128 0.6859
v -1.6837 5.8095 0.6251
v -1.5704 5.8121 0.6291
v -1.4276 5.8194 0.6965
v -1.3097 5.8288 0.8015
v -1.2618 5.8366 0.904
v -1.3023 5.8398 0.9649
v -1.4156 5.8373 0.9608
v -1.5585 5.8299 0.8934
v -1.541 5.7223 0.8774
v -1.6312 5.7151 0.7971
v -1.6678 5.7091 0.7186
v -1.6369 5.7067 0.672
v -1.5501 5.7086 0.6751
v -1.4408 5.7142 0.7267
v -1.3506 5.7214 0.807
v -1.314 5.7273 0.8855
v -1.3449 5.7298 0.9321
v -1.4316 5.7279 0.929
v -1.541 5.7223 0.8774
v -1.5166 5.6493 0.8476
v -1.5654 5.6454 0.8041
v -1.5852 5.6422 0.7616
v -1.5685 5.6409 0.7364
v -1.5215 5.6419 0.7381
v -1.4624 5.6449 0.766
v -1.4135 5.6488 0.8095
v -1.3937 5.652 0.8519
v -1.4105 5.6534 0.8772
v -1.4574 5.6523 0.8755
v -1.5166 5.6493 0.8476
v -1.489 5.6221 0.8084
v -1.489 5.6221 0.8084
v -1.489 5.6221 0.8084
v -1.489 5.6221 0.8084
v -1.489 5.6221 0.8084
v -1.489 5.6221 0.8084
v -1.489 5.6221 0.8084
v -1.489 5.6221 0.8084
v -1.489 5.6221 0.8084
v -1.489 5.6221 0.8084
v -1.489 5.6221 0.8084
v -1.308 6.2774 0.856
v -1.308 6.2774 0.856
v -1.308 6.2774 0.856
v -1.308 6.2774 0.856
v -1.308 6.2774 0.856
v -1.308 6.2774 0.856
v -1.308 6.2774 0.856
v -1.308 6.2774 0.856
v -1.308 6.2774 0.856
v -1.308 6.2774 0.856
v -1.308 6.2774 0.856
v -1.2677 6.2493 0.8807
v -1.3117 6.245 0.9291
v -1.3544 6.2436 0.9486
v -1.3795 6.2456 0.9318
v -1.3774 6.2503 0.8851
v -1.349 6.2558 0.8263
v -1.305 6.26 0.7779
v -1.2623 6.2614 0.7585
v -1.2372 6.2594 0.7753
v -1.2392 6.2548 0.822
v -1.2677 6.2493 0.8807
v -1.2341 6.1756 0.8967
v -1.3154 6.1677 0.986
v -1.3943 6.1651 1.022
v -1.4408 6.1689 0.991
v -1.437 6.1774 0.9047
v -1.3844 6.1876 0.7962
v -1.3032 6.1955 0.7068
v -1.2242 6.1981 0.6708
v -1.1778 6.1943 0.7018
v -1.1816 6.1857 0.7881
v -1.2341 6.1756 0.8967
v -1.2125 6.0676 0.9014
v -1.3187 6.0573 1.0182
v -1.4218 6.0539 1.0653
v -1.4825 6.0588 1.0247
v -1.4775 6.07 0.9119
v -1.4088 6.0833 0.7701
v -1.3027 6.0936 0.6534
v -1.1996 6.0969 0.6063
v -1.1389 6.0921 0.6469
v -1.1438 6.0809 0.7596
v -1.2125 6.0676 0.9014
v -1.2061 5.9417 0.8943
v -1.321 5.9306 1.0207
v -1.4326 5.9269 1.0716
v -1.4983 5.9322 1.0277
v -1.4929 5.9444 0.9057
v -1.4186 5.9587 0.7522
v -1.3037 5.9699 0.6258
v -1.1921 5.9735 0.5749
v -1.1264 5.9682 0.6188
v -1.1318 5.9561 0.7408
v -1.2061 5.9417 0.8943
v -1.2158 5.8171 0.8764
v -1.322 5.8069 0.9931
v -1.4251 5.8035 1.0402
v -1.4858 5.8084 0.9996
v -1.4808 5.8196 0.8869
v -1.4122 5.8329 0.745
v -1.306 5.8432 0.6283
v -1.2029 5.8465 0.5812
v -1.1422 5.8416 0.6218
v -1.1472 5.8304 0.7345
v -1.2158 5.8171 0.8764
v -1.2403 5.7128 0.8503
v -1.3215 5.705 0.9397
v -1.4004 5.7024 0.9757
v -1.4469 5.7061 0.9447
v -1.4431 5.7147 0.8584
v -1.3905 5.7249 0.7498
v -1.3093 5.7327 0.6605
v -1.2304 5.7353 0.6244
v -1.1839 5.7316 0.6555
v -1.1877 5.723 0.7418
v -1.2403 5.7128 0.8503
v -1.2757 5.6447 0.8202
v -1.3196 5.6404 0.8685
v -1.3624 5.639 0.888
v -1.3875 5.641 0.8712
v -1.3854 5.6457 0.8245
v -1.357 5.6512 0.7658
v -1.313 5.6554 0.7174
v -1.2703 5.6568 0.6979
v -1.2452 5.6548 0.7147
v -1.2472 5.6502 0.7614
v -1.2757 5.6447 0.8202
v -1.3167 5.623 0.7905
v -1.3167 5.623 0.7905
v -1.3167 5.623 0.7905
v -1.3167 5.623 0.7905
v -1.3167 5.623 0.7905
v -1.3167 5.623 0.7905
v -1.3167 5.623 0.7905
v -1.3167 5.623 0.7905
v -1.3167 5.623 0.7905
v -1.3167 5.623 0.7905
v -1.3167 5.623 0.7905
v -1.2902 6.2731 1.0283
v -1.2902 6.2731 1.0283
v -1.2902 6.2731 1.0283
v -1.2902 6.2731 1.0283
v -1.2902 6.2731 1.0283
v -1.2902 6.2731 1.0283
v -1.2902 6.2731 1.0283
v -1.2902 6.2731 1.0283
v -1.2902 6.2731 1.0283
v -1.2902 6.2731 1.0283
v -1.2902 6.2731 1.0283
v -1.2676 6.2463 0.9858
v -1.22 6.2347 1.0293
v -1.2009 6.2284 1.0718
v -1.2177 6.2297 1.097
v -1.2639 6.2382 1.0953
v -1.3218 6.2507 1.0674
v -1.3694 6.2623 1.0239
v -1.3884 6.2686 0.9814
v -1.3717 6.2673 0.9562
v -1.3255 6.2587 0.9579
v -1.2676 6.2463 0.9858
v -1.2573 6.1745 0.9465
v -1.1694 6.1531 1.0269
v -1.1342 6.1413 1.1053
v -1.1652 6.1438 1.1519
v -1.2505 6.1596 1.1488
v -1.3575 6.1825 1.0972
v -1.4454 6.204 1.0169
v -1.4807 6.2157 0.9384
v -1.4497 6.2132 0.8918
v -1.3644 6.1975 0.8949
v -1.2573 6.1745 0.9465
v -1.261 6.0685 0.9163
v -1.1462 6.0405 1.0213
v -1.1002 6.0252 1.1238
v -1.1406 6.0285 1.1847
v -1.2521 6.049 1.1807
v -1.3919 6.079 1.1133
v -1.5068 6.107 1.0083
v -1.5528 6.1223 0.9058
v -1.5124 6.1191 0.8449
v -1.4009 6.0985 0.8489
v -1.261 6.0685 0.9163
v -1.2781 5.9445 0.8998
v -1.1538 5.9142 1.0135
v -1.104 5.8977 1.1244
v -1.1478 5.9012 1.1903
v -1.2684 5.9234 1.186
v -1.4198 5.9559 1.113
v -1.5442 5.9862 0.9994
v -1.5939 6.0028 0.8884
v -1.5502 5.9993 0.8225
v -1.4295 5.977 0.8269
v -1.2781 5.9445 0.8998
v -1.306 5.8214 0.8996
v -1.1911 5.7934 1.0046
v -1.1451 5.7781 1.1071
v -1.1856 5.7814 1.168
v -1.297 5.8019 1.1639
v -1.4369 5.8319 1.0966
v -1.5518 5.8599 0.9915
v -1.5978 5.8752 0.889
v -1.5573 5.872 0.8282
v -1.4459 5.8514 0.8322
v -1.306 5.8214 0.8996
v -1.3404 5.7179 0.9156
v -1.2525 5.6965 0.996
v -1.2173 5.6848 1.0744
v -1.2482 5.6873 1.121
v -1.3335 5.703 1.1179
v -1.4406 5.726 1.0664
v -1.5285 5.7474 0.986
v -1.5637 5.7591 0.9075
v -1.5328 5.7566 0.8609
v -1.4475 5.7409 0.864
v -1.3404 5.7179 0.9156
v -1.3761 5.6498 0.9455
v -1.3285 5.6382 0.989
v -1.3095 5.6318 1.0314
v -1.3262 5.6332 1.0566
v -1.3724 5.6417 1.055
v -1.4304 5.6541 1.027
v -1.4779 5.6657 0.9836
v -1.497 5.6721 0.9411
v -1.4802 5.6707 0.9159
v -1.4341 5.6622 0.9175
v -1.3761 5.6498 0.9455
v -1.4077 5.6274 0.9846
v -1.4077 5.6274 0.9846
v -1.4077 5.6274 0.9846
v -1.4077 5.6274 0.9846
v -1.4077 5.6274 0.9846
v -1.4077 5.6274 0.9846
v -1.4077 5.6274 0.9846
v -1.4077 5.6274 0.9846
v -1.4077 5.6274 0.9846
v -1.4077 5.6274 0.9846
v -1.4077 5.6274 0.9846
v -0.0675 5.2672 0.1111
v -0.0665 5.1779 0.0672
v -0.0265 5.1409 -0.0161
v 0.029 5.1779 -0.0899
v 0.0675 5.2672 -0.1111
v 0.0665 5.3564 -0.0672
v 0.0265 5.3934 0.0161
v -0.029 5.3564 0.0899
v -0.5492 5.4111 -0.2242
v -0.5485 5.3468 -0.2559
v -0.5197 5.3202 -0.3158
v -0.4798 5.3468 -0.369
v -0.452 5.4111 -0.3842
v -0.4528 5.4754 -0.3526
v -0.4815 5.502 -0.2926
v -0.5215 5.4754 -0.2395
v 0 5.2672 0
v -0.5006 5.4111 -0.3042
v -0.5422 5.4111 -0.2358
v -0.5539 5.3574 -0.2782
v -0.5255 5.3441 -0.3402
v -0.4784 5.3813 -0.3751
v -0.448 5.4409 -0.3566
v -0.4572 5.4781 -0.2987
v -0.4991 5.4648 -0.2449
v -1.7927 6.2926 -1.022
v -1.8012 6.254 -1.0525
v -1.7808 6.2444 -1.0971
v -1.7468 6.2712 -1.1222
v -1.7249 6.3141 -1.1089
v -1.7316 6.3408 -1.0672
v -1.7618 6.3313 -1.0286
v -0.5006 5.4111 -0.3042
v -1.7628 6.2926 -1.0712
v -1.8769 6.1786 -1.1853
v -1.8769 6.1786 -0.9572
v -1.8769 6.4067 -1.1853
v -1.8769 6.4067 -0.9572
v -1.6488 6.1786 -1.1853
v -1.6488 6.1786 -0.9572
v -1.6488 6.4067 -1.1853
v -1.6488 6.4067 -0.9572
v -1.7628 6.2222 -1.2557
v -1.7628 6.2222 -0.8867
v -1.7628 6.3631 -1.2557
v -1.7628 6.3631 -0.8867
v -1.8333 6.1081 -1.0712
v -1.8333 6.4771 -1.0712
v -1.6924 6.1081 -1.0712
v -1.6924 6.4771 -1.0712
v -1.9473 6.2926 -1.1417
v -1.9473 6.2926 -1.0008
v -1.5783 6.2926 -1.1417
v -1.5783 6.2926 -1.0008
v -1.8979 6.6997 -1.2001
v -1.8979 6.6997 -1.2001
v -1.8979 6.6997 -1.2001
v -1.8979 6.6997 -1.2001
v -1.8979 6.6997 -1.2001
v -1.8979 6.6997 -1.2001
v -1.8979 6.6997 -1.2001
v -1.8979 6.6997 -1.2001
v -1.8979 6.6997 -1.2001
v -1.8979 6.6997 -1.2001
v -1.8979 6.6997 -1.2001
v -1.9432 6.6776 -1.1665
v -1.9818 6.6708 -1.2402
v -1.9884 6.6652 -1.2976
v -1.9606 6.663 -1.3168
v -1.9089 6.665 -1.2904
v -1.8531 6.6704 -1.2286
v -1.8146 6.6773 -1.1549
v -1.808 6.6829 -1.0975
v -1.8358 6.6851 -1.0784
v -1.8875 6.6831 -1.1047
v -1.9432 6.6776 -1.1665
v -1.9823 6.6077 -1.133
v -2.0536 6.595 -1.2691
v -2.0658 6.5847 -1.3752
v -2.0144 6.5805 -1.4106
v -1.9189 6.5842 -1.3619
v -1.8158 6.5943 -1.2477
v -1.7446 6.607 -1.1115
v -1.7323 6.6174 -1.0055
v -1.7838 6.6215 -0.9701
v -1.8793 6.6178 -1.0188
v -1.9823 6.6077 -1.133
v -2.0091 6.5005 -1.1046
v -2.1022 6.4839 -1.2824
v -2.1182 6.4704 -1.421
v -2.051 6.465 -1.4673
v -1.9262 6.4698 -1.4037
v -1.7916 6.483 -1.2544
v -1.6985 6.4996 -1.0766
v -1.6825 6.5131 -0.938
v -1.7497 6.5185 -0.8917
v -1.8745 6.5137 -0.9553
v -2.0091 6.5005 -1.1046
v -2.0196 6.3723 -1.0856
v -2.1204 6.3544 -1.2781
v -2.1377 6.3397 -1.4281
v -2.0649 6.3339 -1.4782
v -1.9299 6.3391 -1.4094
v -1.7842 6.3534 -1.2478
v -1.6834 6.3713 -1.0553
v -1.6661 6.386 -0.9053
v -1.7388 6.3918 -0.8552
v -1.8739 6.3866 -0.9241
v -2.0196 6.3723 -1.0856
v -2.0122 6.2427 -1.079
v -2.1053 6.2261 -1.2569
v -2.1213 6.2126 -1.3954
v -2.0541 6.2072 -1.4417
v -1.9293 6.212 -1.3781
v -1.7946 6.2252 -1.2289
v -1.7015 6.2418 -1.051
v -1.6855 6.2553 -0.9124
v -1.7528 6.2607 -0.8661
v -1.8775 6.2559 -0.9297
v -2.0122 6.2427 -1.079
v -1.9879 6.1313 -1.0857
v -2.0592 6.1187 -1.2219
v -2.0715 6.1083 -1.3279
v -2.02 6.1042 -1.3634
v -1.9245 6.1079 -1.3147
v -1.8215 6.118 -1.2004
v -1.7502 6.1306 -1.0643
v -1.738 6.141 -0.9583
v -1.7894 6.1451 -0.9228
v -1.8849 6.1414 -0.9715
v -1.9879 6.1313 -1.0857
v -1.9506 6.0553 -1.1048
v -1.9892 6.0484 -1.1785
v -1.9958 6.0428 -1.2359
v -1.968 6.0406 -1.2551
v -1.9163 6.0426 -1.2287
v -1.8605 6.048 -1.1669
v -1.822 6.0549 -1.0932
v -1.8153 6.0605 -1.0358
v -1.8432 6.0627 -1.0166
v -1.8948 6.0607 -1.043
v -1.9506 6.0553 -1.1048
v -1.9059 6.026 -1.1333
v -1.9059 6.026 -1.1333
v -1.9059 6.026 -1.1333
v -1.9059 6.026 -1.1333
v -1.9059 6.026 -1.1333
v -1.9059 6.026 -1.1333
v -1.9059 6.026 -1.1333
v -1.9059 6.026 -1.1333
v -1.9059 6.026 -1.1333
v -1.9059 6.026 -1.1333
v -1.9059 6.026 -1.1333
v -1.6738 6.7005 -1.1873
v -1.6738 6.7005 -1.1873
v -1.6738 6.7005 -1.1873
v -1.6738 6.7005 -1.1873
v -1.6738 6.7005 -1.1873
v -1.6738 6.7005 -1.1873
v -1.6738 6.7005 -1.1873
v -1.6738 6.7005 -1.1873
v -1.6738 6.7005 -1.1873
v -1.6738 6.7005 -1.1873
v -1.6738 6.7005 -1.1873
v -1.6424 6.6723 -1.1439
v -1.7166 6.6683 -1.106
v -1.7743 6.6668 -1.0998
v -1.7934 6.6684 -1.1278
v -1.7667 6.6724 -1.1791
v -1.7042 6.6773 -1.2343
v -1.63 6.6813 -1.2722
v -1.5723 6.6828 -1.2783
v -1.5532 6.6813 -1.2504
v -1.5799 6.6773 -1.199
v -1.6424 6.6723 -1.1439
v -1.6147 6.597 -1.1105
v -1.7519 6.5897 -1.0405
v -1.8585 6.5868 -1.0292
v -1.8938 6.5897 -1.0808
v -1.8444 6.5971 -1.1756
v -1.7291 6.6062 -1.2776
v -1.5919 6.6136 -1.3476
v -1.4853 6.6164 -1.359
v -1.45 6.6135 -1.3073
v -1.4994 6.6062 -1.2125
v -1.6147 6.597 -1.1105
v -1.5951 6.4861 -1.0924
v -1.7743 6.4764 -1.0009
v -1.9136 6.4728 -0.986
v -1.9598 6.4765 -1.0535
v -1.8952 6.4861 -1.1774
v -1.7445 6.498 -1.3106
v -1.5653 6.5077 -1.4021
v -1.426 6.5113 -1.417
v -1.3798 6.5076 -1.3495
v -1.4444 6.498 -1.2255
v -1.5951 6.4861 -1.0924
v -1.5865 6.3564 -1.0922
v -1.7805 6.3459 -0.9932
v -1.9313 6.342 -0.9771
v -1.9812 6.346 -1.0501
v -1.9113 6.3564 -1.1842
v -1.7482 6.3693 -1.3284
v -1.5542 6.3797 -1.4274
v -1.4034 6.3837 -1.4435
v -1.3535 6.3797 -1.3705
v -1.4234 6.3693 -1.2363
v -1.5865 6.3564 -1.0922
v -1.5902 6.2276 -1.1099
v -1.7694 6.218 -1.0185
v -1.9087 6.2143 -1.0036
v -1.9549 6.218 -1.071
v -1.8903 6.2277 -1.195
v -1.7396 6.2396 -1.3282
v -1.5603 6.2492 -1.4197
v -1.4211 6.2529 -1.4345
v -1.3749 6.2492 -1.3671
v -1.4395 6.2395 -1.2431
v -1.5902 6.2276 -1.1099
v -1.6056 6.1195 -1.143
v -1.7428 6.1121 -1.073
v -1.8494 6.1093 -1.0616
v -1.8847 6.1121 -1.1132
v -1.8353 6.1195 -1.2081
v -1.72 6.1286 -1.31
v -1.5828 6.136 -1.38
v -1.4762 6.1388 -1.3914
v -1.4408 6.136 -1.3398
v -1.4903 6.1286 -1.2449
v -1.6056 6.1195 -1.143
v -1.6305 6.0484 -1.1863
v -1.7047 6.0444 -1.1484
v -1.7624 6.0429 -1.1422
v -1.7815 6.0444 -1.1702
v -1.7547 6.0484 -1.2215
v -1.6923 6.0533 -1.2767
v -1.6181 6.0573 -1.3146
v -1.5604 6.0589 -1.3207
v -1.5413 6.0573 -1.2928
v -1.568 6.0533 -1.2414
v -1.6305 6.0484 -1.1863
v -1.6609 6.0252 -1.2332
v -1.6609 6.0252 -1.2332
v -1.6609 6.0252 -1.2332
v -1.6609 6.0252 -1.2332
v -1.6609 6.0252 -1.2332
v -1.6609 6.0252 -1.2332
v -1.6609 6.0252 -1.2332
v -1.6609 6.0252 -1.2332
v -1.6609 6.0252 -1.2332
v -1.6609 6.0252 -1.2332
v -1.6609 6.0252 -1.2332
v -1.5741 6.696 -0.9423
v -1.5741 6.696 -0.9423
v -1.5741 6.696 -0.9423
v -1.5741 6.696 -0.9423
v -1.5741 6.696 -0.9423
v -1.5741 6.696 -0.9423
v -1.5741 6.696 -0.9423
v -1.5741 6.696 -0.9423
v -1.5741 6.696 -0.9423
v -1.5741 6.696 -0.9423
v -1.5741 6.696 -0.9423
v -1.5328 6.667 -0.9759
v -1.4958 6.6541 -0.9022
v -1.4902 6.6475 -0.8448
v -1.518 6.6498 -0.8257
v -1.5687 6.66 -0.852
v -1.6229 6.6743 -0.9138
v -1.6599 6.6872 -0.9875
v -1.6655 6.6938 -1.0449
v -1.6377 6.6915 -1.0641
v -1.587 6.6813 -1.0377
v -1.5328 6.667 -0.9759
v -1.5054 6.5918 -1.0095
v -1.437 6.5679 -0.8733
v -1.4266 6.5557 -0.7673
v -1.4781 6.5598 -0.7318
v -1.5717 6.5787 -0.7805
v -1.6719 6.6051 -0.8948
v -1.7402 6.6289 -1.0309
v -1.7506 6.6411 -1.137
v -1.6992 6.637 -1.1724
v -1.6055 6.6182 -1.1237
v -1.5054 6.5918 -1.0095
v -1.496 6.4816 -1.0379
v -1.4067 6.4505 -0.86
v -1.3931 6.4345 -0.7215
v -1.4603 6.4399 -0.6751
v -1.5827 6.4646 -0.7388
v -1.7135 6.4991 -0.888
v -1.8028 6.5302 -1.0659
v -1.8164 6.5461 -1.2045
v -1.7492 6.5408 -1.2508
v -1.6268 6.5161 -1.1871
v -1.496 6.4816 -1.0379
v -1.5061 6.3534 -1.0568
v -1.4094 6.3197 -0.8643
v -1.3947 6.3024 -0.7143
v -1.4674 6.3083 -0.6642
v -1.5999 6.3349 -0.7331
v -1.7415 6.3723 -0.8946
v -1.8381 6.406 -1.0872
v -1.8529 6.4232 -1.2371
v -1.7801 6.4174 -1.2873
v -1.6477 6.3907 -1.2184
v -1.5061 6.3534 -1.0568
v -1.534 6.2266 -1.0635
v -1.4448 6.1955 -0.8856
v -1.4311 6.1795 -0.747
v -1.4984 6.1849 -0.7007
v -1.6208 6.2096 -0.7643
v -1.7516 6.2441 -0.9136
v -1.8409 6.2752 -1.0915
v -1.8545 6.2911 -1.23
v -1.7873 6.2858 -1.2763
v -1.6649 6.2611 -1.2127
v -1.534 6.2266 -1.0635
v -1.5757 6.1206 -1.0567
v -1.5074 6.0967 -0.9206
v -1.4969 6.0845 -0.8145
v -1.5484 6.0887 -0.7791
v -1.6421 6.1075 -0.8278
v -1.7422 6.1339 -0.942
v -1.8105 6.1578 -1.0782
v -1.821 6.17 -1.1842
v -1.7695 6.1658 -1.2196
v -1.6758 6.147 -1.1709
v -1.5757 6.1206 -1.0567
v -1.6247 6.0514 -1.0376
v -1.5877 6.0385 -0.964
v -1.582 6.0319 -0.9066
v -1.6099 6.0341 -0.8874
v -1.6606 6.0444 -0.9137
v -1.7148 6.0586 -0.9756
v -1.7518 6.0715 -1.0492
v -1.7574 6.0781 -1.1066
v -1.7296 6.0759 -1.1258
v -1.6789 6.0657 -1.0995
v -1.6247 6.0514 -1.0376
v -1.6735 6.0297 -1.0091
v -1.6735 6.0297 -1.0091
v -1.6735 6.0297 -1.0091
v -1.6735 6.0297 -1.0091
v -1.6735 6.0297 -1.0091
v -1.6735 6.0297 -1.0091
v -1.6735 6.0297 -1.0091
v -1.6735 6.0297 -1.0091
v -1.6735 6.0297 -1.0091
v -1.6735 6.0297 -1.0091
v -1.6735 6.0297 -1.0091
v -1.7982 6.6952 -0.9551
v -1.7982 6.6952 -0.9551
v -1.7982 6.6952 -0.9551
v -1.7982 6.6952 -0.9551
v -1.7982 6.6952 -0.9551
v -1.7982 6.6952 -0.9551
v -1.7982 6.6952 -0.9551
v -1.7982 6.6952 -0.9551
v -1.7982 6.6952 -0.9551
v -1.7982 6.6952 -0.9551
v -1.7982 6.6952 -0.9551
v -1.8337 6.6724 -0.9986
v -1.761 6.6566 -1.0365
v -1.7043 6.6459 -1.0426
v -1.6852 6.6444 -1.0147
v -1.711 6.6526 -0.9633
v -1.7718 6.6674 -0.9082
v -1.8445 6.6832 -0.8703
v -1.9012 6.6939 -0.8641
v -1.9203 6.6954 -0.8921
v -1.8945 6.6872 -0.9434
v -1.8337 6.6724 -0.9986
v -1.8729 6.6024 -1.0319
v -1.7387 6.5733 -1.1019
v -1.6339 6.5535 -1.1133
v -1.5986 6.5507 -1.0617
v -1.6462 6.5659 -0.9668
v -1.7586 6.5933 -0.8649
v -1.8929 6.6224 -0.7949
v -1.9977 6.6421 -0.7835
v -2.033 6.645 -0.8351
v -1.9854 6.6298 -0.93
v -1.8729 6.6024 -1.0319
v -1.91 6.496 -1.0501
v -1.7346 6.4579 -1.1416
v -1.5977 6.4321 -1.1564
v -1.5515 6.4284 -1.089
v -1.6137 6.4483 -0.965
v -1.7606 6.484 -0.8318
v -1.936 6.5221 -0.7404
v -2.0729 6.5479 -0.7255
v -2.1191 6.5516 -0.7929
v -2.0569 6.5318 -0.9169
v -1.91 6.496 -1.0501
v -1.9392 6.3693 -1.0503
v -1.7493 6.3281 -1.1493
v -1.6011 6.3002 -1.1654
v -1.5511 6.2962 -1.0924
v -1.6185 6.3176 -0.9582
v -1.7775 6.3564 -0.8141
v -1.9673 6.3976 -0.7151
v -2.1155 6.4255 -0.699
v -2.1655 6.4295 -0.772
v -2.0981 6.408 -0.9061
v -1.9392 6.3693 -1.0503
v -1.956 6.2416 -1.0325
v -1.7806 6.2036 -1.124
v -1.6437 6.1778 -1.1389
v -1.5975 6.1741 -1.0714
v -1.6598 6.1939 -0.9474
v -1.8067 6.2297 -0.8143
v -1.982 6.2677 -0.7228
v -2.119 6.2935 -0.7079
v -2.1651 6.2972 -0.7754
v -2.1029 6.2774 -0.8993
v -1.956 6.2416 -1.0325
v -1.958 6.1324 -0.9995
v -1.8238 6.1033 -1.0695
v -1.719 6.0835 -1.0809
v -1.6837 6.0807 -1.0292
v -1.7313 6.0959 -0.9344
v -1.8437 6.1233 -0.8324
v -1.9779 6.1524 -0.7624
v -2.0827 6.1721 -0.751
v -2.1181 6.175 -0.8027
v -2.0704 6.1598 -0.8975
v -1.958 6.1324 -0.9995
v -1.9448 6.0583 -0.9562
v -1.8722 6.0425 -0.9941
v -1.8155 6.0318 -1.0002
v -1.7963 6.0303 -0.9723
v -1.8221 6.0385 -0.9209
v -1.883 6.0533 -0.8658
v -1.9556 6.0691 -0.8279
v -2.0123 6.0798 -0.8217
v -2.0315 6.0813 -0.8497
v -2.0057 6.0731 -0.901
v -1.9448 6.0583 -0.9562
v -1.9185 6.0305 -0.9092
v -1.9185 6.0305 -0.9092
v -1.9185 6.0305 -0.9092
v -1.9185 6.0305 -0.9092
v -1.9185 6.0305 -0.9092
v -1.9185 6.0305 -0.9092
v -1.9185 6.0305 -0.9092
v -1.9185 6.0305 -0.9092
v -1.9185 6.0305 -0.9092
v -1.9185 6.0305 -0.9092
v -1.9185 6.0305 -0.9092
v -0.1171 5.138 -0.0564
v -0.0665 5.0541 -0.0737
v 0.023 5.0193 -0.0478
v 0.0991 5.0541 0.0061
v 0.1171 5.138 0.0564
v 0.0665 5.2219 0.0737
v -0.023 5.2567 0.0478
v -0.0991 5.2219 -0.0061
v 0.1202 5.3485 -0.4652
v 0.1566 5.288 -0.4776
v 0.2211 5.263 -0.4589
v 0.2758 5.288 -0.4201
v 0.2888 5.3485 -0.3839
v 0.2524 5.4089 -0.3715
v 0.1879 5.4339 -0.3902
v 0.1332 5.4089 -0.4289
v 0 5.138 0
v 0.2045 5.3485 -0.4245
v 0.1324 5.3485 -0.4593
v 0.1726 5.2936 -0.4732
v 0.2368 5.28 -0.4505
v 0.2767 5.318 -0.4083
v 0.2622 5.3789 -0.3783
v 0.2043 5.4169 -0.3831
v 0.1465 5.4033 -0.4191
v 0.5535 5.8537 -1.2817
v 0.5824 5.8141 -1.2917
v 0.6286 5.8044 -1.2754
v 0.6573 5.8317 -1.245
v 0.6469 5.8756 -1.2234
v 0.6052 5.9029 -1.2268
v 0.5636 5.8932 -1.2528
v 0.2045 5.3485 -0.4245
v 0.6053 5.8537 -1.2567
v 0.4985 5.7468 -1.3635
v 0.4985 5.7468 -1.1499
v 0.4985 5.9605 -1.3635
v 0.4985 5.9605 -1.1499
v 0.7122 5.7468 -1.3635
v 0.7122 5.7468 -1.1499
v 0.7122 5.9605 -1.3635
v 0.7122 5.9605 -1.1499
v 0.6053 5.7876 -1.4295
v 0.6053 5.7876 -1.0838
v 0.6053 5.9197 -1.4295
v 0.6053 5.9197 -1.0838
v 0.5393 5.6808 -1.2567
v 0.5393 6.0265 -1.2567
v 0.6714 5.6808 -1.2567
v 0.6714 6.0265 -1.2567
v 0.4325 5.8537 -1.3227
v 0.4325 5.8537 -1.1907
v 0.7782 5.8537 -1.3227
v 0.7782 5.8537 -1.1907
v 0.6535 6.2339 -1.3897
v 0.6535 6.2339 -1.3897
v 0.6535 6.2339 -1.3897
v 0.6535 6.2339 -1.3897
v 0.6535 6.2339 -1.3897
v 0.6535 6.2339 -1.3897
v 0.6535 6.2339 -1.3897
v 0.6535 6.2339 -1.3897
v 0.6535 6.2339 -1.3897
v 0.6535 6.2339 -1.3897
v 0.6535 6.2339 -1.3897
v 0.6714 6.2086 -1.3473
v 0.5905 6.2051 -1.3252
v 0.534 6.2034 -1.328
v 0.5234 6.2042 -1.3549
v 0.5628 6.2073 -1.3955
v 0.6371 6.2114 -1.4342
v 0.718 6.2149 -1.4564
v 0.7746 6.2166 -1.4536
v 0.7852 6.2157 -1.4267
v 0.7458 6.2127 -1.3861
v 0.6714 6.2086 -1.3473
v 0.6881 6.1392 -1.3135
v 0.5386 6.1326 -1.2725
v 0.4341 6.1296 -1.2778
v 0.4146 6.1311 -1.3275
v 0.4874 6.1367 -1.4024
v 0.6248 6.1443 -1.4741
v 0.7742 6.1508 -1.5151
v 0.8787 6.1539 -1.5098
v 0.8983 6.1523 -1.4602
v 0.8255 6.1467 -1.3852
v 0.6881 6.1392 -1.3135
v 0.701 6.0362 -1.2934
v 0.5057 6.0277 -1.2398
v 0.3692 6.0237 -1.2468
v 0.3436 6.0257 -1.3116
v 0.4388 6.0331 -1.4096
v 0.6183 6.0429 -1.5032
v 0.8136 6.0514 -1.5568
v 0.9501 6.0554 -1.5498
v 0.9757 6.0534 -1.485
v 0.8805 6.0461 -1.3871
v 0.701 6.0362 -1.2934
v 0.7083 5.9155 -1.2901
v 0.4969 5.9062 -1.2321
v 0.3491 5.9019 -1.2396
v 0.3214 5.9041 -1.3098
v 0.4244 5.912 -1.4158
v 0.6187 5.9227 -1.5172
v 0.8301 5.9319 -1.5752
v 0.9779 5.9363 -1.5676
v 1.0055 5.934 -1.4975
v 0.9025 5.9261 -1.3914
v 0.7083 5.9155 -1.2901
v 0.7087 5.7952 -1.304
v 0.5134 5.7867 -1.2505
v 0.3768 5.7827 -1.2574
v 0.3513 5.7847 -1.3222
v 0.4464 5.7921 -1.4202
v 0.6259 5.8019 -1.5138
v 0.8212 5.8104 -1.5674
v 0.9577 5.8144 -1.5605
v 0.9833 5.8124 -1.4956
v 0.8882 5.8051 -1.3977
v 0.7087 5.7952 -1.304
v 0.7022 5.6939 -1.3332
v 0.5527 5.6873 -1.2922
v 0.4482 5.6843 -1.2975
v 0.4287 5.6858 -1.3471
v 0.5015 5.6914 -1.4221
v 0.6389 5.6989 -1.4937
v 0.7883 5.7055 -1.5347
v 0.8928 5.7086 -1.5294
v 0.9124 5.707 -1.4798
v 0.8396 5.7014 -1.4048
v 0.7022 5.6939 -1.3332
v 0.6898 5.6268 -1.373
v 0.6089 5.6232 -1.3508
v 0.5524 5.6216 -1.3537
v 0.5418 5.6224 -1.3805
v 0.5812 5.6255 -1.4211
v 0.6556 5.6295 -1.4599
v 0.7365 5.6331 -1.4821
v 0.793 5.6347 -1.4792
v 0.8036 5.6339 -1.4524
v 0.7642 5.6308 -1.4118
v 0.6898 5.6268 -1.373
v 0.6734 5.6042 -1.4175
v 0.6734 5.6042 -1.4175
v 0.6734 5.6042 -1.4175
v 0.6734 5.6042 -1.4175
v 0.6734 5.6042 -1.4175
v 0.6734 5.6042 -1.4175
v 0.6734 5.6042 -1.4175
v 0.6734 5.6042 -1.4175
v 0.6734 5.6042 -1.4175
v 0.6734 5.6042 -1.4175
v 0.6734 5.6042 -1.4175
v 0.7911 6.23 -1.1635
v 0.7911 6.23 -1.1635
v 0.7911 6.23 -1.1635
v 0.7911 6.23 -1.1635
v 0.7911 6.23 -1.1635
v 0.7911 6.23 -1.1635
v 0.7911 6.23 -1.1635
v 0.7911 6.23 -1.1635
v 0.7911 6.23 -1.1635
v 0.7911 6.23 -1.1635
v 0.7911 6.23 -1.1635
v 0.8315 6.2029 -1.1833
v 0.8528 6.1912 -1.103
v 0.8495 6.1852 -1.0467
v 0.8227 6.1874 -1.0361
v 0.7827 6.1968 -1.0751
v 0.7449 6.2098 -1.1489
v 0.7236 6.2216 -1.2293
v 0.7269 6.2275 -1.2855
v 0.7537 6.2253 -1.2961
v 0.7936 6.216 -1.2571
v 0.8315 6.2029 -1.1833
v 0.8598 6.1325 -1.2055
v 0.8992 6.1108 -1.057
v 0.893 6.0999 -0.9531
v 0.8435 6.1039 -0.9335
v 0.7697 6.1212 -1.0056
v 0.6997 6.1454 -1.142
v 0.6603 6.1671 -1.2905
v 0.6665 6.178 -1.3944
v 0.716 6.174 -1.414
v 0.7898 6.1567 -1.3418
v 0.8598 6.1325 -1.2055
v 0.8717 6.0297 -1.2266
v 0.9232 6.0013 -1.0326
v 0.9151 5.987 -0.8969
v 0.8505 5.9922 -0.8712
v 0.754 6.0149 -0.9655
v 0.6626 6.0464 -1.1436
v 0.6111 6.0748 -1.3376
v 0.6192 6.0891 -1.4734
v 0.6839 6.0839 -1.499
v 0.7803 6.0612 -1.4048
v 0.8717 6.0297 -1.2266
v 0.8655 5.91 -1.2435
v 0.9212 5.8793 -1.0335
v 0.9124 5.8638 -0.8866
v 0.8424 5.8694 -0.8588
v 0.7381 5.894 -0.9608
v 0.6391 5.9281 -1.1536
v 0.5834 5.9588 -1.3636
v 0.5922 5.9743 -1.5106
v 0.6621 5.9687 -1.5383
v 0.7665 5.9441 -1.4363
v 0.8655 5.91 -1.2435
v 0.842 5.7917 -1.2535
v 0.8935 5.7633 -1.0595
v 0.8853 5.749 -0.9237
v 0.8207 5.7542 -0.8981
v 0.7243 5.7769 -0.9923
v 0.6328 5.8084 -1.1705
v 0.5814 5.8368 -1.3645
v 0.5895 5.8511 -1.5002
v 0.6541 5.8459 -1.5259
v 0.7506 5.8232 -1.4316
v 0.842 5.7917 -1.2535
v 0.8048 5.6928 -1.2551
v 0.8442 5.6711 -1.1067
v 0.838 5.6601 -1.0028
v 0.7886 5.6641 -0.9831
v 0.7147 5.6815 -1.0553
v 0.6448 5.7056 -1.1916
v 0.6054 5.7273 -1.3401
v 0.6116 5.7382 -1.444
v 0.6611 5.7343 -1.4636
v 0.7349 5.7169 -1.3915
v 0.8048 5.6928 -1.2551
v 0.7597 5.6283 -1.2482
v 0.781 5.6166 -1.1678
v 0.7777 5.6106 -1.1116
v 0.7509 5.6128 -1.101
v 0.7109 5.6222 -1.14
v 0.6731 5.6352 -1.2138
v 0.6517 5.647 -1.2942
v 0.6551 5.6529 -1.3504
v 0.6819 5.6508 -1.361
v 0.7218 5.6414 -1.322
v 0.7597 5.6283 -1.2482
v 0.7134 5.6081 -1.2337
v 0.7134 5.6081 -1.2337
v 0.7134 5.6081 -1.2337
v 0.7134 5.6081 -1.2337
v 0.7134 5.6081 -1.2337
v 0.7134 5.6081 -1.2337
v 0.7134 5.6081 -1.2337
v 0.7134 5.6081 -1.2337
v 0.7134 5.6081 -1.2337
v 0.7134 5.6081 -1.2337
v 0.7134 5.6081 -1.2337
v 0.6072 6.2283 -1.1236
v 0.6072 6.2283 -1.1236
v 0.6072 6.2283 -1.1236
v 0.6072 6.2283 -1.1236
v 0.6072 6.2283 -1.1236
v 0.6072 6.2283 -1.1236
v 0.6072 6.2283 -1.1236
v 0.6072 6.2283 -1.1236
v 0.6072 6.2283 -1.1236
v 0.6072 6.2283 -1.1236
v 0.6072 6.2283 -1.1236
v 0.5855 6.2062 -1.166
v 0.6648 6.1898 -1.1882
v 0.7204 6.1791 -1.1853
v 0.731 6.1783 -1.1585
v 0.6925 6.1876 -1.1179
v 0.6198 6.2034 -1.0791
v 0.5405 6.2198 -1.0569
v 0.4849 6.2305 -1.0598
v 0.4743 6.2313 -1.0867
v 0.5128 6.222 -1.1272
v 0.5855 6.2062 -1.166
v 0.558 6.1403 -1.1999
v 0.7045 6.11 -1.2409
v 0.8072 6.0903 -1.2355
v 0.8267 6.0888 -1.1859
v 0.7557 6.1059 -1.111
v 0.6213 6.1352 -1.0393
v 0.4748 6.1655 -0.9983
v 0.3721 6.1852 -1.0036
v 0.3526 6.1867 -1.0532
v 0.4235 6.1696 -1.1282
v 0.558 6.1403 -1.1999
v 0.5288 6.0407 -1.22
v 0.7203 6.0012 -1.2735
v 0.8544 5.9755 -1.2666
v 0.88 5.9734 -1.2018
v 0.7872 5.9958 -1.1038
v 0.6115 6.0341 -1.0102
v 0.4201 6.0737 -0.9566
v 0.286 6.0994 -0.9635
v 0.2604 6.1014 -1.0284
v 0.3532 6.079 -1.1263
v 0.5288 6.0407 -1.22
v 0.5024 5.9227 -1.2233
v 0.7097 5.8798 -1.2813
v 0.8548 5.852 -1.2738
v 0.8825 5.8498 -1.2036
v 0.7821 5.874 -1.0976
v 0.592 5.9155 -0.9962
v 0.3848 5.9583 -0.9382
v 0.2396 5.9861 -0.9457
v 0.2119 5.9883 -1.0159
v 0.3123 5.9641 -1.1219
v 0.5024 5.9227 -1.2233
v 0.4829 5.804 -1.2093
v 0.6743 5.7645 -1.2629
v 0.8085 5.7388 -1.256
v 0.834 5.7367 -1.1911
v 0.7413 5.7591 -1.0932
v 0.5656 5.7974 -0.9995
v 0.3742 5.8369 -0.946
v 0.24 5.8627 -0.9529
v 0.2145 5.8647 -1.0177
v 0.3072 5.8423 -1.1157
v 0.4829 5.804 -1.2093
v 0.4731 5.7029 -1.1802
v 0.6196 5.6726 -1.2212
v 0.7223 5.653 -1.2159
v 0.7419 5.6514 -1.1663
v 0.6709 5.6685 -1.0913
v 0.5364 5.6978 -1.0196
v 0.3899 5.7281 -0.9786
v 0.2873 5.7478 -0.984
v 0.2677 5.7494 -1.0336
v 0.3387 5.7322 -1.1085
v 0.4731 5.7029 -1.1802
v 0.4746 5.6347 -1.1404
v 0.5539 5.6183 -1.1626
v 0.6095 5.6077 -1.1597
v 0.6201 5.6068 -1.1328
v 0.5817 5.6161 -1.0923
v 0.5089 5.632 -1.0535
v 0.4296 5.6483 -1.0313
v 0.374 5.659 -1.0342
v 0.3635 5.6598 -1.061
v 0.4019 5.6506 -1.1016
v 0.4746 5.6347 -1.1404
v 0.4872 5.6098 -1.0959
v 0.4872 5.6098 -1.0959
v 0.4872 5.6098 -1.0959
v 0.4872 5.6098 -1.0959
v 0.4872 5.6098 -1.0959
v 0.4872 5.6098 -1.0959
v 0.4872 5.6098 -1.0959
v 0.4872 5.6098 -1.0959
v 0.4872 5.6098 -1.0959
v 0.4872 5.6098 -1.0959
v 0.4872 5.6098 -1.0959
v 0.4696 6.2323 -1.3499
v 0.4696 6.2323 -1.3499
v 0.4696 6.2323 -1.3499
v 0.4696 6.2323 -1.3499
v 0.4696 6.2323 -1.3499
v 0.4696 6.2323 -1.3499
v 0.4696 6.2323 -1.3499
v 0.4696 6.2323 -1.3499
v 0.4696 6.2323 -1.3499
v 0.4696 6.2323 -1.3499
v 0.4696 6.2323 -1.3499
v 0.4254 6.2119 -1.3301
v 0.4025 6.2037 -1.4104
v 0.4049 6.1973 -1.4666
v 0.4316 6.1952 -1.4773
v 0.4726 6.1981 -1.4382
v 0.512 6.2049 -1.3644
v 0.535 6.2131 -1.2841
v 0.5326 6.2195 -1.2279
v 0.5058 6.2217 -1.2172
v 0.4649 6.2187 -1.2563
v 0.4254 6.2119 -1.3301
v 0.3863 6.1469 -1.3079
v 0.3439 6.1318 -1.4564
v 0.3483 6.12 -1.5603
v 0.3978 6.116 -1.5799
v 0.4734 6.1214 -1.5078
v 0.5463 6.1341 -1.3714
v 0.5887 6.1492 -1.2229
v 0.5843 6.161 -1.119
v 0.5348 6.165 -1.0994
v 0.4592 6.1596 -1.1715
v 0.3863 6.1469 -1.3079
v 0.3581 6.0473 -1.2868
v 0.3028 6.0275 -1.4808
v 0.3085 6.0121 -1.6165
v 0.3731 6.0069 -1.6422
v 0.472 6.014 -1.5479
v 0.5672 6.0305 -1.3698
v 0.6226 6.0503 -1.1758
v 0.6168 6.0657 -1.04
v 0.5522 6.0709 -1.0144
v 0.4534 6.0639 -1.1086
v 0.3581 6.0473 -1.2868
v 0.3452 5.9281 -1.2699
v 0.2853 5.9067 -1.4799
v 0.2915 5.89 -1.6268
v 0.3615 5.8844 -1.6546
v 0.4685 5.8921 -1.5526
v 0.5716 5.91 -1.3597
v 0.6315 5.9314 -1.1498
v 0.6253 5.9481 -1.0028
v 0.5553 5.9537 -0.9751
v 0.4484 5.9461 -1.0771
v 0.3452 5.9281 -1.2699
v 0.3496 5.8076 -1.2599
v 0.2942 5.7878 -1.4539
v 0.3 5.7724 -1.5896
v 0.3646 5.7672 -1.6153
v 0.4634 5.7743 -1.521
v 0.5587 5.7908 -1.3429
v 0.614 5.8106 -1.1489
v 0.6083 5.826 -1.0131
v 0.5437 5.8312 -0.9875
v 0.4448 5.8242 -1.0817
v 0.3496 5.8076 -1.2599
v 0.3705 5.704 -1.2582
v 0.3281 5.6889 -1.4067
v 0.3325 5.6771 -1.5106
v 0.382 5.6731 -1.5302
v 0.4576 5.6785 -1.4581
v 0.5305 5.6912 -1.3218
v 0.5729 5.7063 -1.1733
v 0.5685 5.7181 -1.0694
v 0.519 5.7221 -1.0498
v 0.4434 5.7167 -1.1219
v 0.3705 5.704 -1.2582
v 0.4048 5.6332 -1.2652
v 0.3818 5.625 -1.3456
v 0.3842 5.6186 -1.4018
v 0.411 5.6165 -1.4124
v 0.4519 5.6194 -1.3734
v 0.4914 5.6262 -1.2996
v 0.5143 5.6344 -1.2192
v 0.5119 5.6408 -1.163
v 0.4852 5.643 -1.1524
v 0.4442 5.6401 -1.1914
v 0.4048 5.6332 -1.2652
v 0.4472 5.6059 -1.2797
v 0.4472 5.6059 -1.2797
v 0.4472 5.6059 -1.2797
v 0.4472 5.6059 -1.2797
v 0.4472 5.6059 -1.2797
v 0.4472 5.6059 -1.2797
v 0.4472 5.6059 -1.2797
v 0.4472 5.6059 -1.2797
v 0.4472 5.6059 -1.2797
v 0.4472 5.6059 -1.2797
v 0.4472 5.6059 -1.2797
v -0.1309 7.5543 -0.1309
v -0.1309 7.5543 0.1309
v -0.1309 7.8161 -0.1309
v -0.1309 7.8161 0.1309
v 0.1309 7.5543 -0.1309
v 0.1309 7.5543 0.1309
v 0.1309 7.8161 -0.1309
v 0.1309 7.8161 0.1309
v 0 7.6043 -0.2118
v 0 7.6043 0.2118
v 0 7.7661 -0.2118
v 0 7.7661 0.2118
v -0.0809 7.4734 0
v -0.0809 7.8969 0
v 0.0809 7.4734 0
v 0.0809 7.8969 0
v -0.2118 7.6852 -0.0809
v -0.2118 7.6852 0.0809
v 0.2118 7.6852 -0.0809
v 0.2118 7.6852 0.0809
v 0.2259 8.17 0.0491
v 0.2259 8.17 0.0491
v 0.2259 8.17 0.0491
v 0.2259 8.17 0.0491
v 0.2259 8.17 0.0491
v 0.2259 8.17 0.0491
v 0.2259 8.17 0.0491
v 0.2259 8.17 0.0491
v 0.2259 8.17 0.0491
v 0.2259 8.17 0.0491
v 0.2259 8.17 0.0491
v 0.2818 8.1348 0.0452
v 0.27 8.1243 0.1396
v 0.2404 8.1196 0.1979
v 0.2044 8.1225 0.1981
v 0.1756 8.1319 0.1398
v 0.1651 8.1441 0.0455
v 0.1768 8.1546 -0.0488
v 0.2064 8.1593 -0.1072
v 0.2425 8.1564 -0.1073
v 0.2713 8.147 -0.0491
v 0.2818 8.1348 0.0452
v 0.3243 8.0439 0.0345
v 0.3025 8.0246 0.2089
v 0.2479 8.0159 0.3168
v 0.1812 8.0213 0.317
v 0.128 8.0386 0.2094
v 0.1086 8.0612 0.0352
v 0.1303 8.0806 -0.1392
v 0.185 8.0892 -0.2471
v 0.2516 8.0839 -0.2473
v 0.3048 8.0666 -0.1397
v 0.3243 8.0439 0.0345
v 0.3469 7.9113 0.0187
v 0.3184 7.886 0.2465
v 0.247 7.8747 0.3875
v 0.16 7.8817 0.3877
v 0.0904 7.9043 0.2472
v 0.0651 7.9338 0.0196
v 0.0935 7.9591 -0.2083
v 0.1649 7.9704 -0.3492
v 0.2519 7.9634 -0.3495
v 0.3215 7.9408 -0.2089
v 0.3469 7.9113 0.0187
v 0.3461 7.7569 0.0001
v 0.3153 7.7296 0.2467
v 0.2381 7.7174 0.3993
v 0.1438 7.7249 0.3996
v 0.0686 7.7494 0.2474
v 0.0411 7.7814 0.001
v 0.0719 7.8088 -0.2455
v 0.1491 7.821 -0.3981
v 0.2434 7.8134 -0.3984
v 0.3186 7.789 -0.2463
v 0.3461 7.7569 0.0001
v 0.3221 7.6045 -0.0184
v 0.2937 7.5792 0.2094
v 0.2223 7.5679 0.3504
v 0.1353 7.5749 0.3506
v 0.0657 7.5975 0.2101
v 0.0403 7.6271 -0.0176
v 0.0688 7.6524 -0.2454
v 0.1402 7.6637 -0.3863
v 0.2272 7.6567 -0.3866
v 0.2968 7.6341 -0.246
v 0.3221 7.6045 -0.0184
v 0.2786 7.4771 -0.034
v 0.2569 7.4578 0.1403
v 0.2022 7.4491 0.2482
v 0.1356 7.4545 0.2484
v 0.0824 7.4718 0.1409
v 0.0629 7.4944 -0.0334
v 0.0847 7.5138 -0.2077
v 0.1393 7.5224 -0.3156
v 0.206 7.5171 -0.3158
v 0.2592 7.4998 -0.2083
v 0.2786 7.4771 -0.034
v 0.2221 7.3942 -0.0444
v 0.2104 7.3837 0.05
v 0.1808 7.3791 0.1084
v 0.1447 7.382 0.1085
v 0.1159 7.3913 0.0503
v 0.1054 7.4036 -0.044
v 0.1172 7.414 -0.1384
v 0.1468 7.4187 -0.1968
v 0.1828 7.4158 -0.1969
v 0.2116 7.4065 -0.1387
v 0.2221 7.3942 -0.0444
v 0.1613 7.3684 -0.0479
v 0.1613 7.3684 -0.0479
v 0.1613 7.3684 -0.0479
v 0.1613 7.3684 -0.0479
v 0.1613 7.3684 -0.0479
v 0.1613 7.3684 -0.0479
v 0.1613 7.3684 -0.0479
v 0.1613 7.3684 -0.0479
v 0.1613 7.3684 -0.0479
v 0.1613 7.3684 -0.0479
v 0.1613 7.3684 -0.0479
v 0.0799 8.1661 0.1935
v 0.0799 8.1661 0.1935
v 0.0799 8.1661 0.1935
v 0.0799 8.1661 0.1935
v 0.0799 8.1661 0.1935
v 0.0799 8.1661 0.1935
v 0.0799 8.1661 0.1935
v 0.0799 8.1661 0.1935
v 0.0799 8.1661 0.1935
v 0.0799 8.1661 0.1935
v 0.0799 8.1661 0.1935
v 0.0736 8.1359 0.1349
v 0.1667 8.117 0.1458
v 0.2244 8.1054 0.1749
v 0.2245 8.1053 0.2111
v 0.167 8.117 0.2406
v 0.0739 8.1359 0.252
v -0.0192 8.1548 0.2411
v -0.0769 8.1664 0.212
v -0.077 8.1664 0.1758
v -0.0195 8.1548 0.1464
v 0.0736 8.1359 0.1349
v 0.056 8.0499 0.0853
v 0.2281 8.015 0.1055
v 0.3346 7.9934 0.1592
v 0.3348 7.9934 0.2261
v 0.2286 8.0149 0.2805
v 0.0566 8.0498 0.3017
v -0.1155 8.0847 0.2815
v -0.222 8.1063 0.2278
v -0.2222 8.1063 0.1609
v -0.116 8.0847 0.1065
v 0.056 8.0499 0.0853
v 0.0298 7.9211 0.0522
v 0.2547 7.8755 0.0785
v 0.3938 7.8473 0.1488
v 0.3941 7.8473 0.2361
v 0.2554 7.8755 0.3072
v 0.0306 7.921 0.3349
v -0.1943 7.9666 0.3086
v -0.3334 7.9948 0.2383
v -0.3337 7.9948 0.151
v -0.1949 7.9667 0.0799
v 0.0298 7.9211 0.0522
v -0.001 7.7692 0.0406
v 0.2424 7.7199 0.0691
v 0.393 7.6894 0.1451
v 0.3933 7.6894 0.2397
v 0.2431 7.7198 0.3166
v -0.0001 7.7691 0.3466
v -0.2435 7.8185 0.3181
v -0.3942 7.849 0.2421
v -0.3944 7.849 0.1475
v -0.2443 7.8185 0.0706
v -0.001 7.7692 0.0406
v -0.0318 7.6173 0.0523
v 0.1931 7.5717 0.0786
v 0.3322 7.5436 0.1489
v 0.3325 7.5435 0.2362
v 0.1938 7.5717 0.3073
v -0.0309 7.6172 0.335
v -0.2558 7.6628 0.3087
v -0.395 7.691 0.2384
v -0.3952 7.691 0.1511
v -0.2565 7.6629 0.08
v -0.0318 7.6173 0.0523
v -0.0578 7.4885 0.0855
v 0.1143 7.4536 0.1057
v 0.2208 7.4321 0.1594
v 0.221 7.4321 0.2263
v 0.1148 7.4536 0.2807
v -0.0571 7.4885 0.3019
v -0.2293 7.5234 0.2817
v -0.3358 7.5449 0.228
v -0.336 7.5449 0.1611
v -0.2298 7.5234 0.1067
v -0.0578 7.4885 0.0855
v -0.0751 7.4025 0.1352
v 0.0181 7.3836 0.1461
v 0.0757 7.3719 0.1752
v 0.0758 7.3719 0.2114
v 0.0183 7.3836 0.2408
v -0.0747 7.4024 0.2523
v -0.1679 7.4213 0.2414
v -0.2255 7.433 0.2123
v -0.2256 7.433 0.1761
v -0.1682 7.4214 0.1466
v -0.0751 7.4025 0.1352
v -0.081 7.3722 0.1937
v -0.081 7.3722 0.1937
v -0.081 7.3722 0.1937
v -0.081 7.3722 0.1937
v -0.081 7.3722 0.1937
v -0.081 7.3722 0.1937
v -0.081 7.3722 0.1937
v -0.081 7.3722 0.1937
v -0.081 7.3722 0.1937
v -0.081 7.3722 0.1937
v -0.081 7.3722 0.1937
v -0.1616 8.17 -0.0491
v -0.1616 8.17 -0.0491
v -0.1616 8.17 -0.0491
v -0.1616 8.17 -0.0491
v -0.1616 8.17 -0.0491
v -0.1616 8.17 -0.0491
v -0.1616 8.17 -0.0491
v -0.1616 8.17 -0.0491
v -0.1616 8.17 -0.0491
v -0.1616 8.17 -0.0491
v -0.1616 8.17 -0.0491
v -0.2224 8.1442 -0.0452
v -0.2125 8.1319 -0.1396
v -0.184 8.1226 -0.1979
v -0.1479 8.1197 -0.1981
v -0.118 8.1244 -0.1398
v -0.1057 8.1348 -0.0455
v -0.1156 8.147 0.0488
v -0.1441 8.1563 0.1072
v -0.1802 8.1592 0.1073
v -0.2101 8.1546 0.0491
v -0.2224 8.1442 -0.0452
v -0.2788 8.0612 -0.0345
v -0.2604 8.0387 -0.2089
v -0.2079 8.0214 -0.3168
v -0.1412 8.0161 -0.317
v -0.0859 8.0247 -0.2094
v -0.0631 8.0439 -0.0352
v -0.0815 8.0665 0.1392
v -0.1341 8.0838 0.2471
v -0.2007 8.0891 0.2473
v -0.256 8.0805 0.1397
v -0.2788 8.0612 -0.0345
v -0.3223 7.9339 -0.0187
v -0.2982 7.9044 -0.2465
v -0.2295 7.8819 -0.3875
v -0.1425 7.8749 -0.3877
v -0.0702 7.8861 -0.2472
v -0.0405 7.9113 -0.0196
v -0.0645 7.9407 0.2083
v -0.1332 7.9633 0.3492
v -0.2203 7.9703 0.3495
v -0.2925 7.959 0.2089
v -0.3223 7.9339 -0.0187
v -0.3461 7.7814 -0.0001
v -0.3201 7.7495 -0.2467
v -0.2458 7.7251 -0.3993
v -0.1515 7.7176 -0.3996
v -0.0733 7.7297 -0.2474
v -0.0411 7.7569 -0.001
v -0.0671 7.7889 0.2455
v -0.1414 7.8132 0.3981
v -0.2357 7.8208 0.3984
v -0.3139 7.8086 0.2463
v -0.3461 7.7814 -0.0001
v -0.3467 7.6271 0.0184
v -0.3227 7.5976 -0.2094
v -0.254 7.5751 -0.3504
v -0.1669 7.5681 -0.3506
v -0.0947 7.5793 -0.2101
v -0.0649 7.6045 0.0176
v -0.089 7.634 0.2454
v -0.1577 7.6565 0.3863
v -0.2447 7.6635 0.3866
v -0.317 7.6522 0.246
v -0.3467 7.6271 0.0184
v -0.3241 7.4944 0.034
v -0.3057 7.4718 -0.1403
v -0.2531 7.4546 -0.2482
v -0.1864 7.4493 -0.2484
v -0.1312 7.4579 -0.1409
v -0.1084 7.4771 0.0334
v -0.1268 7.4997 0.2077
v -0.1793 7.5169 0.3156
v -0.246 7.5223 0.3158
v -0.3013 7.5137 0.2083
v -0.3241 7.4944 0.034
v -0.2815 7.4036 0.0444
v -0.2716 7.3913 -0.05
v -0.2431 7.382 -0.1084
v -0.207 7.3791 -0.1085
v -0.1771 7.3838 -0.0503
v -0.1648 7.3942 0.044
v -0.1747 7.4064 0.1384
v -0.2032 7.4157 0.1968
v -0.2393 7.4186 0.1969
v -0.2692 7.414 0.1387
v -0.2815 7.4036 0.0444
v -0.2256 7.3684 0.0479
v -0.2256 7.3684 0.0479
v -0.2256 7.3684 0.0479
v -0.2256 7.3684 0.0479
v -0.2256 7.3684 0.0479
v -0.2256 7.3684 0.0479
v -0.2256 7.3684 0.0479
v -0.2256 7.3684 0.0479
v -0.2256 7.3684 0.0479
v -0.2256 7.3684 0.0479
v -0.2256 7.3684 0.0479
v -0.0156 8.1739 -0.1935
v -0.0156 8.1739 -0.1935
v -0.0156 8.1739 -0.1935
v -0.0156 8.1739 -0.1935
v -0.0156 8.1739 -0.1935
v -0.0156 8.1739 -0.1935
v -0.0156 8.1739 -0.1935
v -0.0156 8.1739 -0.1935
v -0.0156 8.1739 -0.1935
v -0.0156 8.1739 -0.1935
v -0.0156 8.1739 -0.1935
v -0.0142 8.143 -0.1349
v -0.1092 8.1392 -0.1458
v -0.1679 8.1369 -0.1749
v -0.168 8.1369 -0.2111
v -0.1095 8.1393 -0.2406
v -0.0146 8.1431 -0.252
v 0.0804 8.1469 -0.2411
v 0.1392 8.1492 -0.212
v 0.1393 8.1492 -0.1758
v 0.0807 8.1468 -0.1464
v -0.0142 8.143 -0.1349
v -0.0106 8.0553 -0.0853
v -0.186 8.0483 -0.1055
v -0.2946 8.044 -0.1592
v -0.2948 8.044 -0.2261
v -0.1866 8.0483 -0.2805
v -0.0112 8.0554 -0.3017
v 0.1643 8.0624 -0.2815
v 0.2729 8.0667 -0.2278
v 0.2731 8.0667 -0.1609
v 0.1648 8.0623 -0.1065
v -0.0106 8.0553 -0.0853
v -0.0052 7.924 -0.0522
v -0.2345 7.9148 -0.0785
v -0.3763 7.9092 -0.1488
v -0.3766 7.9092 -0.2361
v -0.2352 7.9149 -0.3072
v -0.006 7.9241 -0.3349
v 0.2232 7.9332 -0.3086
v 0.3651 7.9389 -0.2383
v 0.3654 7.9389 -0.151
v 0.2239 7.9332 -0.0799
v -0.0052 7.924 -0.0522
v 0.001 7.7691 -0.0406
v -0.2471 7.7592 -0.0691
v -0.4007 7.7531 -0.1451
v -0.401 7.7531 -0.2397
v -0.2479 7.7593 -0.3166
v 0.0001 7.7692 -0.3466
v 0.2483 7.7791 -0.3181
v 0.4018 7.7853 -0.2421
v 0.4021 7.7852 -0.1475
v 0.249 7.7791 -0.0706
v 0.001 7.7691 -0.0406
v 0.0072 7.6143 -0.0523
v -0.2221 7.6051 -0.0786
v -0.3639 7.5995 -0.1489
v -0.3642 7.5995 -0.2362
v -0.2228 7.6052 -0.3073
v 0.0064 7.6143 -0.335
v 0.2356 7.6235 -0.3087
v 0.3775 7.6292 -0.2384
v 0.3778 7.6291 -0.1511
v 0.2363 7.6235 -0.08
v 0.0072 7.6143 -0.0523
v 0.0124 7.483 -0.0855
v -0.1631 7.476 -0.1057
v -0.2717 7.4717 -0.1594
v -0.2719 7.4717 -0.2263
v -0.1637 7.476 -0.2807
v 0.0117 7.4831 -0.3019
v 0.1872 7.4901 -0.2817
v 0.2958 7.4944 -0.228
v 0.296 7.4944 -0.1611
v 0.1877 7.49 -0.1067
v 0.0124 7.483 -0.0855
v 0.0157 7.3953 -0.1352
v -0.0793 7.3915 -0.1461
v -0.138 7.3892 -0.1752
v -0.1381 7.3892 -0.2114
v -0.0795 7.3915 -0.2408
v 0.0154 7.3953 -0.2523
v 0.1103 7.3991 -0.2414
v 0.1691 7.4015 -0.2123
v 0.1692 7.4014 -0.1761
v 0.1106 7.3991 -0.1466
v 0.0157 7.3953 -0.1352
v 0.0168 7.3645 -0.1937
v 0.0168 7.3645 -0.1937
v 0.0168 7.3645 -0.1937
v 0.0168 7.3645 -0.1937
v 0.0168 7.3645 -0.1937
v 0.0168 7.3645 -0.1937
v 0.0168 7.3645 -0.1937
v 0.0168 7.3645 -0.1937
v 0.0168 7.3645 -0.1937
v 0.0168 7.3645 -0.1937
v 0.0168 7.3645 -0.1937
vt 0 0
vt 0.1 0
vt 0.2 0
vt 0.3 0
vt 0.4 0
vt 0.5 0
vt 0.6 0
vt 0.7 0
vt 0.8 0
vt 0.9 0
vt 0 1
vt 0.1 1
vt 0.2 1
vt 0.3 1
vt 0.4 1
vt 0.5 1
vt 0.6 1
vt 0.7 1
vt 0.8 1
vt 0.9 1
vt 0.5 0.5
vt 0.5 0.5
vt 0 0
vt 0.1 0
vt 0.2 0
vt 0.3 0
vt 0.4 0
vt 0.5 0
vt 0.6 0
vt 0.7 0
vt 0.8 0
vt 0.9 0
vt 0 1
vt 0.1 1
vt 0.2 1
vt 0.3 1
vt 0.4 1
vt 0.5 1
vt 0.6 1
vt 0.7 1
vt 0.8 1
vt 0.9 1
vt 0.5 0.5
vt 0.5 0.5
vt 0 0
vt 0.125 0
vt 0.25 0
vt 0.375 0
vt 0.5 0
vt 0.625 0
vt 0.75 0
vt 0.875 0
vt 0 1
vt 0.125 1
vt 0.25 1
vt 0.375 1
vt 0.5 1
vt 0.625 1
vt 0.75 1
vt 0.875 1
vt 0.5 0.5
vt 0.5 0.5
vt 0 0
vt 0.14285714285714285 0
vt 0.2857142857142857 0
vt 0.42857142857142855 0
vt 0.5714285714285714 0
vt 0.7142857142857143 0
vt 0.8571428571428571 0
vt 0 1
vt 0.14285714285714285 1
vt 0.2857142857142857 1
vt 0.42857142857142855 1
vt 0.5714285714285714 1
vt 0.7142857142857143 1
vt 0.8571428571428571 1
vt 0.5 0.5
vt 0.5 0.5
vt 0.5 0.5
vt 0.5 0.5
vt 0.5 0.5
vt 0.5 0.5
vt 0.5 0.5
vt 0.5 0.5
vt 0.5 0.5
vt 0.5 0.5
vt 0.5 0.5
vt 0.5 0.5
vt 0.5 0.5
vt 0.5 0.5
vt 0.5 0.5
vt 0.5 0.5
vt 0.5 0.5
vt 0.5 0.5
vt 0.5 0.5
vt 0.5 0.5
vt 0.5 0.5
vt 0.5 0.5
vt 0 0
vt 0.1 0
vt 0.2 0
vt 0.3 0
vt 0.4 0
vt 0.5 0
vt 0.6 0
vt 0.7 0
vt 0.8 0
vt 0.9 0
vt 1 0
vt 0 0.125
vt 0.1 0.125
vt 0.2 0.125
vt 0.3 0.125
vt 0.4 0.125
vt 0.5 0.125
vt 0.6 0.125
vt 0.7 0.125
vt 0.8 0.125
vt 0.9 0.125
vt 1 0.125
vt 0 0.25
vt 0.1 0.25
vt 0.2 0.25
vt 0.3 0.25
vt 0.4 0.25
vt 0.5 0.25
vt 0.6 0.25
vt 0.7 0.25
vt 0.8 0.25
vt 0.9 0.25
vt 1 0.25
vt 0 0.375
vt 0.1 0.375
vt 0.2 0.375
vt 0.3 0.375
vt 0.4 0.375
vt 0.5 0.375
vt 0.6 0.375
vt 0.7 0.375
vt 0.8 0.375
vt 0.9 0.375
vt 1 0.375
vt 0 0.5
vt 0.1 0.5
vt 0.2 0.5
vt 0.3 0.5
vt 0.4 0.5
vt 0.5 0.5
vt 0.6 0.5
vt 0.7 0.5
vt 0.8 0.5
vt 0.9 0.5
vt 1 0.5
vt 0 0.625
vt 0.1 0.625
vt 0.2 0.625
vt 0.3 0.625
vt 0.4 0.625
vt 0.5 0.625
vt 0.6 0.625
vt 0.7 0.625
vt 0.8 0.625
vt 0.9 0.625
vt 1 0.625
vt 0 0.75
vt 0.1 0.75
vt 0.2 0.75
vt 0.3 0.75
vt 0.4 0.75
vt 0.5 0.75
vt 0.6 0.75
vt 0.7 0.75
vt 0.8 0.75
vt 0.9 0.75
vt 1 0.75
vt 0 0.875
vt 0.1 0.875
vt 0.2 0.875
vt 0.3 0.875
vt 0.4 0.875
vt 0.5 0.875
vt 0.6 0.875
vt 0.7 0.875
vt 0.8 0.875
vt 0.9 0.875
vt 1 0.875
vt 0 1
vt 0.1 1
vt 0.2 1
vt 0.3 1
vt 0.4 1
vt 0.5 1
vt 0.6 1
vt 0.7 1
vt 0.8 1
vt 0.9 1
vt 1 1
vt 0 0
vt 0.1 0
vt 0.2 0
vt 0.3 0
vt 0.4 0
vt 0.5 0
vt 0.6 0
vt 0.7 0
vt 0.8 0
vt 0.9 0
vt 1 0
vt 0 0.125
vt 0.1 0.125
vt 0.2 0.125
vt 0.3 0.125
vt 0.4 0.125
vt 0.5 0.125
vt 0.6 0.125
vt 0.7 0.125
vt 0.8 0.125
vt 0.9 0.125
vt 1 0.125
vt 0 0.25
vt 0.1 0.25
vt 0.2 0.25
vt 0.3 0.25
vt 0.4 0.25
vt 0.5 0.25
vt 0.6 0.25
vt 0.7 0.25
vt 0.8 0.25
vt 0.9 0.25
vt 1 0.25
vt 0 0.375
vt 0.1 0.375
vt 0.2 0.375
vt 0.3 0.375
vt 0.4 0.375
vt 0.5 0.375
vt 0.6 0.375
vt 0.7 0.375
vt 0.8 0.375
vt 0.9 0.375
vt 1 0.375
vt 0 0.5
vt 0.1 0.5
vt 0.2 0.5
vt 0.3 0.5
vt 0.4 0.5
vt 0.5 0.5
vt 0.6 0.5
vt 0.7 0.5
vt 0.8 0.5
vt 0.9 0.5
vt 1 0.5
vt 0 0.625
vt 0.1 0.625
vt 0.2 0.625
vt 0.3 0.625
vt 0.4 0.625
vt 0.5 0.625
vt 0.6 0.625
vt 0.7 0.625
vt 0.8 0.625
vt 0.9 0.625
vt 1 0.625
vt 0 0.75
vt 0.1 0.75
vt 0.2 0.75
vt 0.3 0.75
vt 0.4 0.75
vt 0.5 0.75
vt 0.6 0.75
vt 0.7 0.75
vt 0.8 0.75
vt 0.9 0.75
vt 1 0.75
vt 0 0.875
vt 0.1 0.875
vt 0.2 0.875
vt 0.3 0.875
vt 0.4 0.875
vt 0.5 0.875
vt 0.6 0.875
vt 0.7 0.875
vt 0.8 0.875
vt 0.9 0.875
vt 1 0.875
vt 0 1
vt 0.1 1
vt 0.2 1
vt 0.3 1
vt 0.4 1
vt 0.5 1
vt 0.6 1
vt 0.7 1
vt 0.8 1
vt 0.9 1
vt 1 1
vt 0 0
vt 0.1 0
vt 0.2 0
vt 0.3 0
vt 0.4 0
vt 0.5 0
vt 0.6 0
vt 0.7 0
vt 0.8 0
vt 0.9 0
vt 1 0
vt 0 0.125
vt 0.1 0.125
vt 0.2 0.125
vt 0.3 0.125
vt 0.4 0.125
vt 0.5 0.125
vt 0.6 0.125
vt 0.7 0.125
vt 0.8 0.125
vt 0.9 0.125
vt 1 0.125
vt 0 0.25
vt 0.1 0.25
vt 0.2 0.25
vt 0.3 0.25
vt 0.4 0.25
vt 0.5 0.25
vt 0.6 0.25
vt 0.7 0.25
vt 0.8 0.25
vt 0.9 0.25
vt 1 0.25
vt 0 0.375
vt 0.1 0.375
vt 0.2 0.375
vt 0.3 0.375
vt 0.4 0.375
vt 0.5 0.375
vt 0.6 0.375
vt 0.7 0.375
vt 0.8 0.375
vt 0.9 0.375
vt 1 0.375
vt 0 0.5
vt 0.1 0.5
vt 0.2 0.5
vt 0.3 0.5
vt 0.4 0.5
vt 0.5 0.5
vt 0.6 0.5
vt 0.7 0.5
vt 0.8 0.5
vt 0.9 0.5
vt 1 0.5
vt 0 0.625
vt 0.1 0.625
vt 0.2 0.625
vt 0.3 0.625
vt 0.4 0.625
vt 0.5 0.625
vt 0.6 0.625
vt 0.7 0.625
vt 0.8 0.625
vt 0.9 0.625
vt 1 0.625
vt 0 0.75
vt 0.1 0.75
vt 0.2 0.75
vt 0.3 0.75
vt 0.4 0.75
vt 0.5 0.75
vt 0.6 0.75
vt 0.7 0.75
vt 0.8 0.75
vt 0.9 0.75
vt 1 0.75
vt 0 0.875
vt 0.1 0.875
vt 0.2 0.875
vt 0.3 0.875
vt 0.4 0.875
vt 0.5 0.875
vt 0.6 0.875
vt 0.7 0.875
vt 0.8 0.875
vt 0.9 0.875
vt 1 0.875
vt 0 1
vt 0.1 1
vt 0.2 1
vt 0.3 1
vt 0.4 1
vt 0.5 1
vt 0.6 1
vt 0.7 1
vt 0.8 1
vt 0.9 1
vt 1 1
vt 0 0
vt 0.1 0
vt 0.2 0
vt 0.3 0
vt 0.4 0
vt 0.5 0
vt 0.6 0
vt 0.7 0
vt 0.8 0
vt 0.9 0
vt 1 0
vt 0 0.125
vt 0.1 0.125
vt 0.2 0.125
vt 0.3 0.125
vt 0.4 0.125
vt 0.5 0.125
vt 0.6 0.125
vt 0.7 0.125
vt 0.8 0.125
vt 0.9 0.125
vt 1 0.125
vt 0 0.25
vt 0.1 0.25
vt 0.2 0.25
vt 0.3 0.25
vt 0.4 0.25
vt 0.5 0.25
vt 0.6 0.25
vt 0.7 0.25
vt 0.8 0.25
vt 0.9 0.25
vt 1 0.25
vt 0 0.375
vt 0.1 0.375
vt 0.2 0.375
vt 0.3 0.375
vt 0.4 0.375
vt 0.5 0.375
vt 0.6 0.375
vt 0.7 0.375
vt 0.8 0.375
vt 0.9 0.375
vt 1 0.375
vt 0 0.5
vt 0.1 0.5
vt 0.2 0.5
vt 0.3 0.5
vt 0.4 0.5
vt 0.5 0.5
vt 0.6 0.5
vt 0.7 0.5
vt 0.8 0.5
vt 0.9 0.5
vt 1 0.5
vt 0 0.625
vt 0.1 0.625
vt 0.2 0.625
vt 0.3 0.625
vt 0.4 0.625
vt 0.5 0.625
vt 0.6 0.625
vt 0.7 0.625
vt 0.8 0.625
vt 0.9 0.625
vt 1 0.625
vt 0 0.75
vt 0.1 0.75
vt 0.2 0.75
vt 0.3 0.75
vt 0.4 0.75
vt 0.5 0.75
vt 0.6 0.75
vt 0.7 0.75
vt 0.8 0.75
vt 0.9 0.75
vt 1 0.75
vt 0 0.875
vt 0.1 0.875
vt 0.2 0.875
vt 0.3 0.875
vt 0.4 0.875
vt 0.5 0.875
vt 0.6 0.875
vt 0.7 0.875
vt 0.8 0.875
vt 0.9 0.875
vt 1 0.875
vt 0 1
vt 0.1 1
vt 0.2 1
vt 0.3 1
vt 0.4 1
vt 0.5 1
vt 0.6 1
vt 0.7 1
vt 0.8 1
vt 0.9 1
vt 1 1
vt 0 0
vt 0.125 0
vt 0.25 0
vt 0.375 0
vt 0.5 0
vt 0.625 0
vt 0.75 0
vt 0.875 0
vt 0 1
vt 0.125 1
vt 0.25 1
vt 0.375 1
vt 0.5 1
vt 0.625 1
vt 0.75 1
vt 0.875 1
vt 0.5 0.5
vt 0.5 0.5
vt 0 0
vt 0.14285714285714285 0
vt 0.2857142857142857 0
vt 0.42857142857142855 0
vt 0.5714285714285714 0
vt 0.7142857142857143 0
vt 0.8571428571428571 0
vt 0 1
vt 0.14285714285714285 1
vt 0.2857142857142857 1
vt 0.42857142857142855 1
vt 0.5714285714285714 1
vt 0.7142857142857143 1
vt 0.8571428571428571 1
vt 0.5 0.5
vt 0.5 0.5
vt 0.5 0.5
vt 0.5 0.5
vt 0.5 0.5
vt 0.5 0.5
vt 0.5 0.5
vt 0.5 0.5
vt 0.5 0.5
vt 0.5 0.5
vt 0.5 0.5
vt 0.5 0.5
vt 0.5 0.5
vt 0.5 0.5
vt 0.5 0.5
vt 0.5 0.5
vt 0.5 0.5
vt 0.5 0.5
vt 0.5 0.5
vt 0.5 0.5
vt 0.5 0.5
vt 0.5 0.5
vt 0 0
vt 0.1 0
vt 0.2 0
vt 0.3 0
vt 0.4 0
vt 0.5 0
vt 0.6 0
vt 0.7 0
vt 0.8 0
vt 0.9 0
vt 1 0
vt 0 0.125
vt 0.1 0.125
vt 0.2 0.125
vt 0.3 0.125
vt 0.4 0.125
vt 0.5 0.125
vt 0.6 0.125
vt 0.7 0.125
vt 0.8 0.125
vt 0.9 0.125
vt 1 0.125
vt 0 0.25
vt 0.1 0.25
vt 0.2 0.25
vt 0.3 0.25
vt 0.4 0.25
vt 0.5 0.25
vt 0.6 0.25
vt 0.7 0.25
vt 0.8 0.25
vt 0.9 0.25
vt 1 0.25
vt 0 0.375
vt 0.1 0.375
vt 0.2 0.375
vt 0.3 0.375
vt 0.4 0.375
vt 0.5 0.375
vt 0.6 0.375
vt 0.7 0.375
vt 0.8 0.375
vt 0.9 0.375
vt 1 0.375
vt 0 0.5
vt 0.1 0.5
vt 0.2 0.5
vt 0.3 0.5
vt 0.4 0.5
vt 0.5 0.5
vt 0.6 0.5
vt 0.7 0.5
vt 0.8 0.5
vt 0.9 0.5
vt 1 0.5
vt 0 0.625
vt 0.1 0.625
vt 0.2 0.625
vt 0.3 0.625
vt 0.4 0.625
vt 0.5 0.625
vt 0.6 0.625
vt 0.7 0.625
vt 0.8 0.625
vt 0.9 0.625
vt 1 0.625
vt 0 0.75
vt 0.1 0.75
vt 0.2 0.75
vt 0.3 0.75
vt 0.4 0.75
vt 0.5 0.75
vt 0.6 0.75
vt 0.7 0.75
vt 0.8 0.75
vt 0.9 0.75
vt 1 0.75
vt 0 0.875
vt 0.1 0.875
vt 0.2 0.875
vt 0.3 0.875
vt 0.4 0.875
vt 0.5 0.875
vt 0.6 0.875
vt 0.7 0.875
vt 0.8 0.875
vt 0.9 0.875
vt 1 0.875
vt 0 1
vt 0.1 1
vt 0.2 1
vt 0.3 1
vt 0.4 1
vt 0.5 1
vt 0.6 1
vt 0.7 1
vt 0.8 1
vt 0.9 1
vt 1 1
vt 0 0
vt 0.1 0
vt 0.2 0
vt 0.3 0
vt 0.4 0
vt 0.5 0
vt 0.6 0
vt 0.7 0
vt 0.8 0
vt 0.9 0
vt 1 0
vt 0 0.125
vt 0.1 0.125
vt 0.2 0.125
vt 0.3 0.125
vt 0.4 0.125
vt 0.5 0.125
vt 0.6 0.125
vt 0.7 0.125
vt 0.8 0.125
vt 0.9 0.125
vt 1 0.125
vt 0 0.25
vt 0.1 0.25
vt 0.2 0.25
vt 0.3 0.25
vt 0.4 0.25
vt 0.5 0.25
vt 0.6 0.25
vt 0.7 0.25
vt 0.8 0.25
vt 0.9 0.25
vt 1 0.25
vt 0 0.375
vt 0.1 0.375
vt 0.2 0.375
vt 0.3 0.375
vt 0.4 0.375
vt 0.5 0.375
vt 0.6 0.375
vt 0.7 0.375
vt 0.8 0.375
vt 0.9 0.375
vt 1 0.375
vt 0 0.5
vt 0.1 0.5
vt 0.2 0.5
vt 0.3 0.5
vt 0.4 0.5
vt 0.5 0.5
vt 0.6 0.5
vt 0.7 0.5
vt 0.8 0.5
vt 0.9 0.5
vt 1 0.5
vt 0 0.625
vt 0.1 0.625
vt 0.2 0.625
vt 0.3 0.625
vt 0.4 0.625
vt 0.5 0.625
vt 0.6 0.625
vt 0.7 0.625
vt 0.8 0.625
vt 0.9 0.625
vt 1 0.625
vt 0 0.75
vt 0.1 0.75
vt 0.2 0.75
vt 0.3 0.75
vt 0.4 0.75
vt 0.5 0.75
vt 0.6 0.75
vt 0.7 0.75
vt 0.8 0.75
vt 0.9 0.75
vt 1 0.75
vt 0 0.875
vt 0.1 0.875
vt 0.2 0.875
vt 0.3 0.875
vt 0.4 0.875
vt 0.5 0.875
vt 0.6 0.875
vt 0.7 0.875
vt 0.8 0.875
vt 0.9 0.875
vt 1 0.875
vt 0 1
vt 0.1 1
vt 0.2 1
vt 0.3 1
vt 0.4 1
vt 0.5 1
vt 0.6 1
vt 0.7 1
vt 0.8 1
vt 0.9 1
vt 1 1
vt 0 0
vt 0.1 0
vt 0.2 0
vt 0.3 0
vt 0.4 0
vt 0.5 0
vt 0.6 0
vt 0.7 0
vt 0.8 0
vt 0.9 0
vt 1 0
vt 0 0.125
vt 0.1 0.125
vt 0.2 0.125
vt 0.3 0.125
vt 0.4 0.125
vt 0.5 0.125
vt 0.6 0.125
vt 0.7 0.125
vt 0.8 0.125
vt 0.9 0.125
vt 1 0.125
vt 0 0.25
vt 0.1 0.25
vt 0.2 0.25
vt 0.3 0.25
vt 0.4 0.25
vt 0.5 0.25
vt 0.6 0.25
vt 0.7 0.25
vt 0.8 0.25
vt 0.9 0.25
vt 1 0.25
vt 0 0.375
vt 0.1 0.375
vt 0.2 0.375
vt 0.3 0.375
vt 0.4 0.375
vt 0.5 0.375
vt 0.6 0.375
vt 0.7 0.375
vt 0.8 0.375
vt 0.9 0.375
vt 1 0.375
vt 0 0.5
vt 0.1 0.5
vt 0.2 0.5
vt 0.3 0.5
vt 0.4 0.5
vt 0.5 0.5
vt 0.6 0.5
vt 0.7 0.5
vt 0.8 0.5
vt 0.9 0.5
vt 1 0.5
vt 0 0.625
vt 0.1 0.625
vt 0.2 0.625
vt 0.3 0.625
vt 0.4 0.625
vt 0.5 0.625
vt 0.6 0.625
vt 0.7 0.625
vt 0.8 0.625
vt 0.9 0.625
vt 1 0.625
vt 0 0.75
vt 0.1 0.75
vt 0.2 0.75
vt 0.3 0.75
vt 0.4 0.75
vt 0.5 0.75
vt 0.6 0.75
vt 0.7 0.75
vt 0.8 0.75
vt 0.9 0.75
vt 1 0.75
vt 0 0.875
vt 0.1 0.875
vt 0.2 0.875
vt 0.3 0.875
vt 0.4 0.875
vt 0.5 0.875
vt 0.6 0.875
vt 0.7 0.875
vt 0.8 0.875
vt 0.9 0.875
vt 1 0.875
vt 0 1
vt 0.1 1
vt 0.2 1
vt 0.3 1
vt 0.4 1
vt 0.5 1
vt 0.6 1
vt 0.7 1
vt 0.8 1
vt 0.9 1
vt 1 1
vt 0 0
vt 0.1 0
vt 0.2 0
vt 0.3 0
vt 0.4 0
vt 0.5 0
vt 0.6 0
vt 0.7 0
vt 0.8 0
vt 0.9 0
vt 1 0
vt 0 0.125
vt 0.1 0.125
vt 0.2 0.125
vt 0.3 0.125
vt 0.4 0.125
vt 0.5 0.125
vt 0.6 0.125
vt 0.7 0.125
vt 0.8 0.125
vt 0.9 0.125
vt 1 0.125
vt 0 0.25
vt 0.1 0.25
vt 0.2 0.25
vt 0.3 0.25
vt 0.4 0.25
vt 0.5 0.25
vt 0.6 0.25
vt 0.7 0.25
vt 0.8 0.25
vt 0.9 0.25
vt 1 0.25
vt 0 0.375
vt 0.1 0.375
vt 0.2 0.375
vt 0.3 0.375
vt 0.4 0.375
vt 0.5 0.375
vt 0.6 0.375
vt 0.7 0.375
vt 0.8 0.375
vt 0.9 0.375
vt 1 0.375
vt 0 0.5
vt 0.1 0.5
vt 0.2 0.5
vt 0.3 0.5
vt 0.4 0.5
vt 0.5 0.5
vt 0.6 0.5
vt 0.7 0.5
vt 0.8 0.5
vt 0.9 0.5
vt 1 0.5
vt 0 0.625
vt 0.1 0.625
vt 0.2 0.625
vt 0.3 0.625
vt 0.4 0.625
vt 0.5 0.625
vt 0.6 0.625
vt 0.7 0.625
vt 0.8 0.625
vt 0.9 0.625
vt 1 0.625
vt 0 0.75
vt 0.1 0.75
vt 0.2 0.75
vt 0.3 0.75
vt 0.4 0.75
vt 0.5 0.75
vt 0.6 0.75
vt 0.7 0.75
vt 0.8 0.75
vt 0.9 0.75
vt 1 0.75
vt 0 0.875
vt 0.1 0.875
vt 0.2 0.875
vt 0.3 0.875
vt 0.4 0.875
vt 0.5 0.875
vt 0.6 0.875
vt 0.7 0.875
vt 0.8 0.875
vt 0.9 0.875
vt 1 0.875
vt 0 1
vt 0.1 1
vt 0.2 1
vt 0.3 1
vt 0.4 1
vt 0.5 1
vt 0.6 1
vt 0.7 1
vt 0.8 1
vt 0.9 1
vt 1 1
vt 0 0
vt 0.125 0
vt 0.25 0
vt 0.375 0
vt 0.5 0
vt 0.625 0
vt 0.75 0
vt 0.875 0
vt 0 1
vt 0.125 1
vt 0.25 1
vt 0.375 1
vt 0.5 1
vt 0.625 1
vt 0.75 1
vt 0.875 1
vt 0.5 0.5
vt 0.5 0.5
vt 0 0
vt 0.14285714285714285 0
vt 0.2857142857142857 0
vt 0.42857142857142855 0
vt 0.5714285714285714 0
vt 0.7142857142857143 0
vt 0.8571428571428571 0
vt 0 1
vt 0.14285714285714285 1
vt 0.2857142857142857 1
vt 0.42857142857142855 1
vt 0.5714285714285714 1
vt 0.7142857142857143 1
vt 0.8571428571428571 1
vt 0.5 0.5
vt 0.5 0.5
vt 0.5 0.5
vt 0.5 0.5
vt 0.5 0.5
vt 0.5 0.5
vt 0.5 0.5
vt 0.5 0.5
vt 0.5 0.5
vt 0.5 0.5
vt 0.5 0.5
vt 0.5 0.5
vt 0.5 0.5
vt 0.5 0.5
vt 0.5 0.5
vt 0.5 0.5
vt 0.5 0.5
vt 0.5 0.5
vt 0.5 0.5
vt 0.5 0.5
vt 0.5 0.5
vt 0.5 0.5
vt 0 0
vt 0.1 0
vt 0.2 0
vt 0.3 0
vt 0.4 0
vt 0.5 0
vt 0.6 0
vt 0.7 0
vt 0.8 0
vt 0.9 0
vt 1 0
vt 0 0.125
vt 0.1 0.125
vt 0.2 0.125
vt 0.3 0.125
vt 0.4 0.125
vt 0.5 0.125
vt 0.6 0.125
vt 0.7 0.125
vt 0.8 0.125
vt 0.9 0.125
vt 1 0.125
vt 0 0.25
vt 0.1 0.25
vt 0.2 0.25
vt 0.3 0.25
vt 0.4 0.25
vt 0.5 0.25
vt 0.6 0.25
vt 0.7 0.25
vt 0.8 0.25
vt 0.9 0.25
vt 1 0.25
vt 0 0.375
vt 0.1 0.375
vt 0.2 0.375
vt 0.3 0.375
vt 0.4 0.375
vt 0.5 0.375
vt 0.6 0.375
vt 0.7 0.375
vt 0.8 0.375
vt 0.9 0.375
vt 1 0.375
vt 0 0.5
vt 0.1 0.5
vt 0.2 0.5
vt 0.3 0.5
vt 0.4 0.5
vt 0.5 0.5
vt 0.6 0.5
vt 0.7 0.5
vt 0.8 0.5
vt 0.9 0.5
vt 1 0.5
vt 0 0.625
vt 0.1 0.625
vt 0.2 0.625
vt 0.3 0.625
vt 0.4 0.625
vt 0.5 0.625
vt 0.6 0.625
vt 0.7 0.625
vt 0.8 0.625
vt 0.9 0.625
vt 1 0.625
vt 0 0.75
vt 0.1 0.75
vt 0.2 0.75
vt 0.3 0.75
vt 0.4 0.75
vt 0.5 0.75
vt 0.6 0.75
vt 0.7 0.75
vt 0.8 0.75
vt 0.9 0.75
vt 1 0.75
vt 0 0.875
vt 0.1 0.875
vt 0.2 0.875
vt 0.3 0.875
vt 0.4 0.875
vt 0.5 0.875
vt 0.6 0.875
vt 0.7 0.875
vt 0.8 0.875
vt 0.9 0.875
vt 1 0.875
vt 0 1
vt 0.1 1
vt 0.2 1
vt 0.3 1
vt 0.4 1
vt 0.5 1
vt 0.6 1
vt 0.7 1
vt 0.8 1
vt 0.9 1
vt 1 1
vt 0 0
vt 0.1 0
vt 0.2 0
vt 0.3 0
vt 0.4 0
vt 0.5 0
vt 0.6 0
vt 0.7 0
vt 0.8 0
vt 0.9 0
vt 1 0
vt 0 0.125
vt 0.1 0.125
vt 0.2 0.125
vt 0.3 0.125
vt 0.4 0.125
vt 0.5 0.125
vt 0.6 0.125
vt 0.7 0.125
vt 0.8 0.125
vt 0.9 0.125
vt 1 0.125
vt 0 0.25
vt 0.1 0.25
vt 0.2 0.25
vt 0.3 0.25
vt 0.4 0.25
vt 0.5 0.25
vt 0.6 0.25
vt 0.7 0.25
vt 0.8 0.25
vt 0.9 0.25
vt 1 0.25
vt 0 0.375
vt 0.1 0.375
vt 0.2 0.375
vt 0.3 0.375
vt 0.4 0.375
vt 0.5 0.375
vt 0.6 0.375
vt 0.7 0.375
vt 0.8 0.375
vt 0.9 0.375
vt 1 0.375
vt 0 0.5
vt 0.1 0.5
vt 0.2 0.5
vt 0.3 0.5
vt 0.4 0.5
vt 0.5 0.5
vt 0.6 0.5
vt 0.7 0.5
vt 0.8 0.5
vt 0.9 0.5
vt 1 0.5
vt 0 0.625
vt 0.1 0.625
vt 0.2 0.625
vt 0.3 0.625
vt 0.4 0.625
vt 0.5 0.625
vt 0.6 0.625
vt 0.7 0.625
vt 0.8 0.625
vt 0.9 0.625
vt 1 0.625
vt 0 0.75
vt 0.1 0.75
vt 0.2 0.75
vt 0.3 0.75
vt 0.4 0.75
vt 0.5 0.75
vt 0.6 0.75
vt 0.7 0.75
vt 0.8 0.75
vt 0.9 0.75
vt 1 0.75
vt 0 0.875
vt 0.1 0.875
vt 0.2 0.875
vt 0.3 0.875
vt 0.4 0.875
vt 0.5 0.875
vt 0.6 0.875
vt 0.7 0.875
vt 0.8 0.875
vt 0.9 0.875
vt 1 0.875
vt 0 1
vt 0.1 1
vt 0.2 1
vt 0.3 1
vt 0.4 1
vt 0.5 1
vt 0.6 1
vt 0.7 1
vt 0.8 1
vt 0.9 1
vt 1 1
vt 0 0
vt 0.1 0
vt 0.2 0
vt 0.3 0
vt 0.4 0
vt 0.5 0
vt 0.6 0
vt 0.7 0
vt 0.8 0
vt 0.9 0
vt 1 0
vt 0 0.125
vt 0.1 0.125
vt 0.2 0.125
vt 0.3 0.125
vt 0.4 0.125
vt 0.5 0.125
vt 0.6 0.125
vt 0.7 0.125
vt 0.8 0.125
vt 0.9 0.125
vt 1 0.125
vt 0 0.25
vt 0.1 0.25
vt 0.2 0.25
vt 0.3 0.25
vt 0.4 0.25
vt 0.5 0.25
vt 0.6 0.25
vt 0.7 0.25
vt 0.8 0.25
vt 0.9 0.25
vt 1 0.25
vt 0 0.375
vt 0.1 0.375
vt 0.2 0.375
vt 0.3 0.375
vt 0.4 0.375
vt 0.5 0.375
vt 0.6 0.375
vt 0.7 0.375
vt 0.8 0.375
vt 0.9 0.375
vt 1 0.375
vt 0 0.5
vt 0.1 0.5
vt 0.2 0.5
vt 0.3 0.5
vt 0.4 0.5
vt 0.5 0.5
vt 0.6 0.5
vt 0.7 0.5
vt 0.8 0.5
vt 0.9 0.5
vt 1 0.5
vt 0 0.625
vt 0.1 0.625
vt 0.2 0.625
vt 0.3 0.625
vt 0.4 0.625
vt 0.5 0.625
vt 0.6 0.625
vt 0.7 0.625
vt 0.8 0.625
vt 0.9 0.625
vt 1 0.625
vt 0 0.75
vt 0.1 0.75
vt 0.2 0.75
vt 0.3 0.75
vt 0.4 0.75
vt 0.5 0.75
vt 0.6 0.75
vt 0.7 0.75
vt 0.8 0.75
vt 0.9 0.75
vt 1 0.75
vt 0 0.875
vt 0.1 0.875
vt 0.2 0.875
vt 0.3 0.875
vt 0.4 0.875
vt 0.5 0.875
vt 0.6 0.875
vt 0.7 0.875
vt 0.8 0.875
vt 0.9 0.875
vt 1 0.875
vt 0 1
vt 0.1 1
vt 0.2 1
vt 0.3 1
vt 0.4 1
vt 0.5 1
vt 0.6 1
vt 0.7 1
vt 0.8 1
vt 0.9 1
vt 1 1
vt 0 0
vt 0.1 0
vt 0.2 0
vt 0.3 0
vt 0.4 0
vt 0.5 0
vt 0.6 0
vt 0.7 0
vt 0.8 0
vt 0.9 0
vt 1 0
vt 0 0.125
vt 0.1 0.125
vt 0.2 0.125
vt 0.3 0.125
vt 0.4 0.125
vt 0.5 0.125
vt 0.6 0.125
vt 0.7 0.125
vt 0.8 0.125
vt 0.9 0.125
vt 1 0.125
vt 0 0.25
vt 0.1 0.25
vt 0.2 0.25
vt 0.3 0.25
vt 0.4 0.25
vt 0.5 0.25
vt 0.6 0.25
vt 0.7 0.25
vt 0.8 0.25
vt 0.9 0.25
vt 1 0.25
vt 0 0.375
vt 0.1 0.375
vt 0.2 0.375
vt 0.3 0.375
vt 0.4 0.375
vt 0.5 0.375
vt 0.6 0.375
vt 0.7 0.375
vt 0.8 0.375
vt 0.9 0.375
vt 1 0.375
vt 0 0.5
vt 0.1 0.5
vt 0.2 0.5
vt 0.3 0.5
vt 0.4 0.5
vt 0.5 0.5
vt 0.6 0.5
vt 0.7 0.5
vt 0.8 0.5
vt 0.9 0.5
vt 1 0.5
vt 0 0.625
vt 0.1 0.625
vt 0.2 0.625
vt 0.3 0.625
vt 0.4 0.625
vt 0.5 0.625
vt 0.6 0.625
vt 0.7 0.625
vt 0.8 0.625
vt 0.9 0.625
vt 1 0.625
vt 0 0.75
vt 0.1 0.75
vt 0.2 0.75
vt 0.3 0.75
vt 0.4 0.75
vt 0.5 0.75
vt 0.6 0.75
vt 0.7 0.75
vt 0.8 0.75
vt 0.9 0.75
vt 1 0.75
vt 0 0.875
vt 0.1 0.875
vt 0.2 0.875
vt 0.3 0.875
vt 0.4 0.875
vt 0.5 0.875
vt 0.6 0.875
vt 0.7 0.875
vt 0.8 0.875
vt 0.9 0.875
vt 1 0.875
vt 0 1
vt 0.1 1
vt 0.2 1
vt 0.3 1
vt 0.4 1
vt 0.5 1
vt 0.6 1
vt 0.7 1
vt 0.8 1
vt 0.9 1
vt 1 1
vt 0 0
vt 0.125 0
vt 0.25 0
vt 0.375 0
vt 0.5 0
vt 0.625 0
vt 0.75 0
vt 0.875 0
vt 0 1
vt 0.125 1
vt 0.25 1
vt 0.375 1
vt 0.5 1
vt 0.625 1
vt 0.75 1
vt 0.875 1
vt 0.5 0.5
vt 0.5 0.5
vt 0 0
vt 0.14285714285714285 0
vt 0.2857142857142857 0
vt 0.42857142857142855 0
vt 0.5714285714285714 0
vt 0.7142857142857143 0
vt 0.8571428571428571 0
vt 0 1
vt 0.14285714285714285 1
vt 0.2857142857142857 1
vt 0.42857142857142855 1
vt 0.5714285714285714 1
vt 0.7142857142857143 1
vt 0.8571428571428571 1
vt 0.5 0.5
vt 0.5 0.5
vt 0.5 0.5
vt 0.5 0.5
vt 0.5 0.5
vt 0.5 0.5
vt 0.5 0.5
vt 0.5 0.5
vt 0.5 0.5
vt 0.5 0.5
vt 0.5 0.5
vt 0.5 0.5
vt 0.5 0.5
vt 0.5 0.5
vt 0.5 0.5
vt 0.5 0.5
vt 0.5 0.5
vt 0.5 0.5
vt 0.5 0.5
vt 0.5 0.5
vt 0.5 0.5
vt 0.5 0.5
vt 0 0
vt 0.1 0
vt 0.2 0
vt 0.3 0
vt 0.4 0
vt 0.5 0
vt 0.6 0
vt 0.7 0
vt 0.8 0
vt 0.9 0
vt 1 0
vt 0 0.125
vt 0.1 0.125
vt 0.2 0.125
vt 0.3 0.125
vt 0.4 0.125
vt 0.5 0.125
vt 0.6 0.125
vt 0.7 0.125
vt 0.8 0.125
vt 0.9 0.125
vt 1 0.125
vt 0 0.25
vt 0.1 0.25
vt 0.2 0.25
vt 0.3 0.25
vt 0.4 0.25
vt 0.5 0.25
vt 0.6 0.25
vt 0.7 0.25
vt 0.8 0.25
vt 0.9 0.25
vt 1 0.25
vt 0 0.375
vt 0.1 0.375
vt 0.2 0.375
vt 0.3 0.375
vt 0.4 0.375
vt 0.5 0.375
vt 0.6 0.375
vt 0.7 0.375
vt 0.8 0.375
vt 0.9 0.375
vt 1 0.375
vt 0 0.5
vt 0.1 0.5
vt 0.2 0.5
vt 0.3 0.5
vt 0.4 0.5
vt 0.5 0.5
vt 0.6 0.5
vt 0.7 0.5
vt 0.8 0.5
vt 0.9 0.5
vt 1 0.5
vt 0 0.625
vt 0.1 0.625
vt 0.2 0.625
vt 0.3 0.625
vt 0.4 0.625
vt 0.5 0.625
vt 0.6 0.625
vt 0.7 0.625
vt 0.8 0.625
vt 0.9 0.625
vt 1 0.625
vt 0 0.75
vt 0.1 0.75
vt 0.2 0.75
vt 0.3 0.75
vt 0.4 0.75
vt 0.5 0.75
vt 0.6 0.75
vt 0.7 0.75
vt 0.8 0.75
vt 0.9 0.75
vt 1 0.75
vt 0 0.875
vt 0.1 0.875
vt 0.2 0.875
vt 0.3 0.875
vt 0.4 0.875
vt 0.5 0.875
vt 0.6 0.875
vt 0.7 0.875
vt 0.8 0.875
vt 0.9 0.875
vt 1 0.875
vt 0 1
vt 0.1 1
vt 0.2 1
vt 0.3 1
vt 0.4 1
vt 0.5 1
vt 0.6 1
vt 0.7 1
vt 0.8 1
vt 0.9 1
vt 1 1
vt 0 0
vt 0.1 0
vt 0.2 0
vt 0.3 0
vt 0.4 0
vt 0.5 0
vt 0.6 0
vt 0.7 0
vt 0.8 0
vt 0.9 0
vt 1 0
vt 0 0.125
vt 0.1 0.125
vt 0.2 0.125
vt 0.3 0.125
vt 0.4 0.125
vt 0.5 0.125
vt 0.6 0.125
vt 0.7 0.125
vt 0.8 0.125
vt 0.9 0.125
vt 1 0.125
vt 0 0.25
vt 0.1 0.25
vt 0.2 0.25
vt 0.3 0.25
vt 0.4 0.25
vt 0.5 0.25
vt 0.6 0.25
vt 0.7 0.25
vt 0.8 0.25
vt 0.9 0.25
vt 1 0.25
vt 0 0.375
vt 0.1 0.375
vt 0.2 0.375
vt 0.3 0.375
vt 0.4 0.375
vt 0.5 0.375
vt 0.6 0.375
vt 0.7 0.375
vt 0.8 0.375
vt 0.9 0.375
vt 1 0.375
vt 0 0.5
vt 0.1 0.5
vt 0.2 0.5
vt 0.3 0.5
vt 0.4 0.5
vt 0.5 0.5
vt 0.6 0.5
vt 0.7 0.5
vt 0.8 0.5
vt 0.9 0.5
vt 1 0.5
vt 0 0.625
vt 0.1 0.625
vt 0.2 0.625
vt 0.3 0.625
vt 0.4 0.625
vt 0.5 0.625
vt 0.6 0.625
vt 0.7 0.625
vt 0.8 0.625
vt 0.9 0.625
vt 1 0.625
vt 0 0.75
vt 0.1 0.75
vt 0.2 0.75
vt 0.3 0.75
vt 0.4 0.75
vt 0.5 0.75
vt 0.6 0.75
vt 0.7 0.75
vt 0.8 0.75
vt 0.9 0.75
vt 1 0.75
vt 0 0.875
vt 0.1 0.875
vt 0.2 0.875
vt 0.3 0.875
vt 0.4 0.875
vt 0.5 0.875
vt 0.6 0.875
vt 0.7 0.875
vt 0.8 0.875
vt 0.9 0.875
vt 1 0.875
vt 0 1
vt 0.1 1
vt 0.2 1
vt 0.3 1
vt 0.4 1
vt 0.5 1
vt 0.6 1
vt 0.7 1
vt 0.8 1
vt 0.9 1
vt 1 1
vt 0 0
vt 0.1 0
vt 0.2 0
vt 0.3 0
vt 0.4 0
vt 0.5 0
vt 0.6 0
vt 0.7 0
vt 0.8 0
vt 0.9 0
vt 1 0
vt 0 0.125
vt 0.1 0.125
vt 0.2 0.125
vt 0.3 0.125
vt 0.4 0.125
vt 0.5 0.125
vt 0.6 0.125
vt 0.7 0.125
vt 0.8 0.125
vt 0.9 0.125
vt 1 0.125
vt 0 0.25
vt 0.1 0.25
vt 0.2 0.25
vt 0.3 0.25
vt 0.4 0.25
vt 0.5 0.25
vt 0.6 0.25
vt 0.7 0.25
vt 0.8 0.25
vt 0.9 0.25
vt 1 0.25
vt 0 0.375
vt 0.1 0.375
vt 0.2 0.375
vt 0.3 0.375
vt 0.4 0.375
vt 0.5 0.375
vt 0.6 0.375
vt 0.7 0.375
vt 0.8 0.375
vt 0.9 0.375
vt 1 0.375
vt 0 0.5
vt 0.1 0.5
vt 0.2 0.5
vt 0.3 0.5
vt 0.4 0.5
vt 0.5 0.5
vt 0.6 0.5
vt 0.7 0.5
vt 0.8 0.5
vt 0.9 0.5
vt 1 0.5
vt 0 0.625
vt 0.1 0.625
vt 0.2 0.625
vt 0.3 0.625
vt 0.4 0.625
vt 0.5 0.625
vt 0.6 0.625
vt 0.7 0.625
vt 0.8 0.625
vt 0.9 0.625
vt 1 0.625
vt 0 0.75
vt 0.1 0.75
vt 0.2 0.75
vt 0.3 0.75
vt 0.4 0.75
vt 0.5 0.75
vt 0.6 0.75
vt 0.7 0.75
vt 0.8 0.75
vt 0.9 0.75
vt 1 0.75
vt 0 0.875
vt 0.1 0.875
vt 0.2 0.875
vt 0.3 0.875
vt 0.4 0.875
vt 0.5 0.875
vt 0.6 0.875
vt 0.7 0.875
vt 0.8 0.875
vt 0.9 0.875
vt 1 0.875
vt 0 1
vt 0.1 1
vt 0.2 1
vt 0.3 1
vt 0.4 1
vt 0.5 1
vt 0.6 1
vt 0.7 1
vt 0.8 1
vt 0.9 1
vt 1 1
vt 0 0
vt 0.1 0
vt 0.2 0
vt 0.3 0
vt 0.4 0
vt 0.5 0
vt 0.6 0
vt 0.7 0
vt 0.8 0
vt 0.9 0
vt 1 0
vt 0 0.125
vt 0.1 0.125
vt 0.2 0.125
vt 0.3 0.125
vt 0.4 0.125
vt 0.5 0.125
vt 0.6 0.125
vt 0.7 0.125
vt 0.8 0.125
vt 0.9 0.125
vt 1 0.125
vt 0 0.25
vt 0.1 0.25
vt 0.2 0.25
vt 0.3 0.25
vt 0.4 0.25
vt 0.5 0.25
vt 0.6 0.25
vt 0.7 0.25
vt 0.8 0.25
vt 0.9 0.25
vt 1 0.25
vt 0 0.375
vt 0.1 0.375
vt 0.2 0.375
vt 0.3 0.375
vt 0.4 0.375
vt 0.5 0.375
vt 0.6 0.375
vt 0.7 0.375
vt 0.8 0.375
vt 0.9 0.375
vt 1 0.375
vt 0 0.5
vt 0.1 0.5
vt 0.2 0.5
vt 0.3 0.5
vt 0.4 0.5
vt 0.5 0.5
vt 0.6 0.5
vt 0.7 0.5
vt 0.8 0.5
vt 0.9 0.5
vt 1 0.5
vt 0 0.625
vt 0.1 0.625
vt 0.2 0.625
vt 0.3 0.625
vt 0.4 0.625
vt 0.5 0.625
vt 0.6 0.625
vt 0.7 0.625
vt 0.8 0.625
vt 0.9 0.625
vt 1 0.625
vt 0 0.75
vt 0.1 0.75
vt 0.2 0.75
vt 0.3 0.75
vt 0.4 0.75
vt 0.5 0.75
vt 0.6 0.75
vt 0.7 0.75
vt 0.8 0.75
vt 0.9 0.75
vt 1 0.75
vt 0 0.875
vt 0.1 0.875
vt 0.2 0.875
vt 0.3 0.875
vt 0.4 0.875
vt 0.5 0.875
vt 0.6 0.875
vt 0.7 0.875
vt 0.8 0.875
vt 0.9 0.875
vt 1 0.875
vt 0 1
vt 0.1 1
vt 0.2 1
vt 0.3 1
vt 0.4 1
vt 0.5 1
vt 0.6 1
vt 0.7 1
vt 0.8 1
vt 0.9 1
vt 1 1
vt 0 0
vt 0.125 0
vt 0.25 0
vt 0.375 0
vt 0.5 0
vt 0.625 0
vt 0.75 0
vt 0.875 0
vt 0 1
vt 0.125 1
vt 0.25 1
vt 0.375 1
vt 0.5 1
vt 0.625 1
vt 0.75 1
vt 0.875 1
vt 0.5 0.5
vt 0.5 0.5
vt 0 0
vt 0.14285714285714285 0
vt 0.2857142857142857 0
vt 0.42857142857142855 0
vt 0.5714285714285714 0
vt 0.7142857142857143 0
vt 0.8571428571428571 0
vt 0 1
vt 0.14285714285714285 1
vt 0.2857142857142857 1
vt 0.42857142857142855 1
vt 0.5714285714285714 1
vt 0.7142857142857143 1
vt 0.8571428571428571 1
vt 0.5 0.5
vt 0.5 0.5
vt 0.5 0.5
vt 0.5 0.5
vt 0.5 0.5
vt 0.5 0.5
vt 0.5 0.5
vt 0.5 0.5
vt 0.5 0.5
vt 0.5 0.5
vt 0.5 0.5
vt 0.5 0.5
vt 0.5 0.5
vt 0.5 0.5
vt 0.5 0.5
vt 0.5 0.5
vt 0.5 0.5
vt 0.5 0.5
vt 0.5 0.5
vt 0.5 0.5
vt 0.5 0.5
vt 0.5 0.5
vt 0 0
vt 0.1 0
vt 0.2 0
vt 0.3 0
vt 0.4 0
vt 0.5 0
vt 0.6 0
vt 0.7 0
vt 0.8 0
vt 0.9 0
vt 1 0
vt 0 0.125
vt 0.1 0.125
vt 0.2 0.125
vt 0.3 0.125
vt 0.4 0.125
vt 0.5 0.125
vt 0.6 0.125
vt 0.7 0.125
vt 0.8 0.125
vt 0.9 0.125
vt 1 0.125
vt 0 0.25
vt 0.1 0.25
vt 0.2 0.25
vt 0.3 0.25
vt 0.4 0.25
vt 0.5 0.25
vt 0.6 0.25
vt 0.7 0.25
vt 0.8 0.25
vt 0.9 0.25
vt 1 0.25
vt 0 0.375
vt 0.1 0.375
vt 0.2 0.375
vt 0.3 0.375
vt 0.4 0.375
vt 0.5 0.375
vt 0.6 0.375
vt 0.7 0.375
vt 0.8 0.375
vt 0.9 0.375
vt 1 0.375
vt 0 0.5
vt 0.1 0.5
vt 0.2 0.5
vt 0.3 0.5
vt 0.4 0.5
vt 0.5 0.5
vt 0.6 0.5
vt 0.7 0.5
vt 0.8 0.5
vt 0.9 0.5
vt 1 0.5
vt 0 0.625
vt 0.1 0.625
vt 0.2 0.625
vt 0.3 0.625
vt 0.4 0.625
vt 0.5 0.625
vt 0.6 0.625
vt 0.7 0.625
vt 0.8 0.625
vt 0.9 0.625
vt 1 0.625
vt 0 0.75
vt 0.1 0.75
vt 0.2 0.75
vt 0.3 0.75
vt 0.4 0.75
vt 0.5 0.75
vt 0.6 0.75
vt 0.7 0.75
vt 0.8 0.75
vt 0.9 0.75
vt 1 0.75
vt 0 0.875
vt 0.1 0.875
vt 0.2 0.875
vt 0.3 0.875
vt 0.4 0.875
vt 0.5 0.875
vt 0.6 0.875
vt 0.7 0.875
vt 0.8 0.875
vt 0.9 0.875
vt 1 0.875
vt 0 1
vt 0.1 1
vt 0.2 1
vt 0.3 1
vt 0.4 1
vt 0.5 1
vt 0.6 1
vt 0.7 1
vt 0.8 1
vt 0.9 1
vt 1 1
vt 0 0
vt 0.1 0
vt 0.2 0
vt 0.3 0
vt 0.4 0
vt 0.5 0
vt 0.6 0
vt 0.7 0
vt 0.8 0
vt 0.9 0
vt 1 0
vt 0 0.125
vt 0.1 0.125
vt 0.2 0.125
vt 0.3 0.125
vt 0.4 0.125
vt 0.5 0.125
vt 0.6 0.125
vt 0.7 0.125
vt 0.8 0.125
vt 0.9 0.125
vt 1 0.125
vt 0 0.25
vt 0.1 0.25
vt 0.2 0.25
vt 0.3 0.25
vt 0.4 0.25
vt 0.5 0.25
vt 0.6 0.25
vt 0.7 0.25
vt 0.8 0.25
vt 0.9 0.25
vt 1 0.25
vt 0 0.375
vt 0.1 0.375
vt 0.2 0.375
vt 0.3 0.375
vt 0.4 0.375
vt 0.5 0.375
vt 0.6 0.375
vt 0.7 0.375
vt 0.8 0.375
vt 0.9 0.375
vt 1 0.375
vt 0 0.5
vt 0.1 0.5
vt 0.2 0.5
vt 0.3 0.5
vt 0.4 0.5
vt 0.5 0.5
vt 0.6 0.5
vt 0.7 0.5
vt 0.8 0.5
vt 0.9 0.5
vt 1 0.5
vt 0 0.625
vt 0.1 0.625
vt 0.2 0.625
vt 0.3 0.625
vt 0.4 0.625
vt 0.5 0.625
vt 0.6 0.625
vt 0.7 0.625
vt 0.8 0.625
vt 0.9 0.625
vt 1 0.625
vt 0 0.75
vt 0.1 0.75
vt 0.2 0.75
vt 0.3 0.75
vt 0.4 0.75
vt 0.5 0.75
vt 0.6 0.75
vt 0.7 0.75
vt 0.8 0.75
vt 0.9 0.75
vt 1 0.75
vt 0 0.875
vt 0.1 0.875
vt 0.2 0.875
vt 0.3 0.875
vt 0.4 0.875
vt 0.5 0.875
vt 0.6 0.875
vt 0.7 0.875
vt 0.8 0.875
vt 0.9 0.875
vt 1 0.875
vt 0 1
vt 0.1 1
vt 0.2 1
vt 0.3 1
vt 0.4 1
vt 0.5 1
vt 0.6 1
vt 0.7 1
vt 0.8 1
vt 0.9 1
vt 1 1
vt 0 0
vt 0.1 0
vt 0.2 0
vt 0.3 0
vt 0.4 0
vt 0.5 0
vt 0.6 0
vt 0.7 0
vt 0.8 0
vt 0.9 0
vt 1 0
vt 0 0.125
vt 0.1 0.125
vt 0.2 0.125
vt 0.3 0.125
vt 0.4 0.125
vt 0.5 0.125
vt 0.6 0.125
vt 0.7 0.125
vt 0.8 0.125
vt 0.9 0.125
vt 1 0.125
vt 0 0.25
vt 0.1 0.25
vt 0.2 0.25
vt 0.3 0.25
vt 0.4 0.25
vt 0.5 0.25
vt 0.6 0.25
vt 0.7 0.25
vt 0.8 0.25
vt 0.9 0.25
vt 1 0.25
vt 0 0.375
vt 0.1 0.375
vt 0.2 0.375
vt 0.3 0.375
vt 0.4 0.375
vt 0.5 0.375
vt 0.6 0.375
vt 0.7 0.375
vt 0.8 0.375
vt 0.9 0.375
vt 1 0.375
vt 0 0.5
vt 0.1 0.5
vt 0.2 0.5
vt 0.3 0.5
vt 0.4 0.5
vt 0.5 0.5
vt 0.6 0.5
vt 0.7 0.5
vt 0.8 0.5
vt 0.9 0.5
vt 1 0.5
vt 0 0.625
vt 0.1 0.625
vt 0.2 0.625
vt 0.3 0.625
vt 0.4 0.625
vt 0.5 0.625
vt 0.6 0.625
vt 0.7 0.625
vt 0.8 0.625
vt 0.9 0.625
vt 1 0.625
vt 0 0.75
vt 0.1 0.75
vt 0.2 0.75
vt 0.3 0.75
vt 0.4 0.75
vt 0.5 0.75
vt 0.6 0.75
vt 0.7 0.75
vt 0.8 0.75
vt 0.9 0.75
vt 1 0.75
vt 0 0.875
vt 0.1 0.875
vt 0.2 0.875
vt 0.3 0.875
vt 0.4 0.875
vt 0.5 0.875
vt 0.6 0.875
vt 0.7 0.875
vt 0.8 0.875
vt 0.9 0.875
vt 1 0.875
vt 0 1
vt 0.1 1
vt 0.2 1
vt 0.3 1
vt 0.4 1
vt 0.5 1
vt 0.6 1
vt 0.7 1
vt 0.8 1
vt 0.9 1
vt 1 1
vt 0 0
vt 0.1 0
vt 0.2 0
vt 0.3 0
vt 0.4 0
vt 0.5 0
vt 0.6 0
vt 0.7 0
vt 0.8 0
vt 0.9 0
vt 1 0
vt 0 0.125
vt 0.1 0.125
vt 0.2 0.125
vt 0.3 0.125
vt 0.4 0.125
vt 0.5 0.125
vt 0.6 0.125
vt 0.7 0.125
vt 0.8 0.125
vt 0.9 0.125
vt 1 0.125
vt 0 0.25
vt 0.1 0.25
vt 0.2 0.25
vt 0.3 0.25
vt 0.4 0.25
vt 0.5 0.25
vt 0.6 0.25
vt 0.7 0.25
vt 0.8 0.25
vt 0.9 0.25
vt 1 0.25
vt 0 0.375
vt 0.1 0.375
vt 0.2 0.375
vt 0.3 0.375
vt 0.4 0.375
vt 0.5 0.375
vt 0.6 0.375
vt 0.7 0.375
vt 0.8 0.375
vt 0.9 0.375
vt 1 0.375
vt 0 0.5
vt 0.1 0.5
vt 0.2 0.5
vt 0.3 0.5
vt 0.4 0.5
vt 0.5 0.5
vt 0.6 0.5
vt 0.7 0.5
vt 0.8 0.5
vt 0.9 0.5
vt 1 0.5
vt 0 0.625
vt 0.1 0.625
vt 0.2 0.625
vt 0.3 0.625
vt 0.4 0.625
vt 0.5 0.625
vt 0.6 0.625
vt 0.7 0.625
vt 0.8 0.625
vt 0.9 0.625
vt 1 0.625
vt 0 0.75
vt 0.1 0.75
vt 0.2 0.75
vt 0.3 0.75
vt 0.4 0.75
vt 0.5 0.75
vt 0.6 0.75
vt 0.7 0.75
vt 0.8 0.75
vt 0.9 0.75
vt 1 0.75
vt 0 0.875
vt 0.1 0.875
vt 0.2 0.875
vt 0.3 0.875
vt 0.4 0.875
vt 0.5 0.875
vt 0.6 0.875
vt 0.7 0.875
vt 0.8 0.875
vt 0.9 0.875
vt 1 0.875
vt 0 1
vt 0.1 1
vt 0.2 1
vt 0.3 1
vt 0.4 1
vt 0.5 1
vt 0.6 1
vt 0.7 1
vt 0.8 1
vt 0.9 1
vt 1 1
vt 0.5 0.5
vt 0.5 0.5
vt 0.5 0.5
vt 0.5 0.5
vt 0.5 0.5
vt 0.5 0.5
vt 0.5 0.5
vt 0.5 0.5
vt 0.5 0.5
vt 0.5 0.5
vt 0.5 0.5
vt 0.5 0.5
vt 0.5 0.5
vt 0.5 0.5
vt 0.5 0.5
vt 0.5 0.5
vt 0.5 0.5
vt 0.5 0.5
vt 0.5 0.5
vt 0.5 0.5
vt 0 0
vt 0.1 0
vt 0.2 0
vt 0.3 0
vt 0.4 0
vt 0.5 0
vt 0.6 0
vt 0.7 0
vt 0.8 0
vt 0.9 0
vt 1 0
vt 0 0.125
vt 0.1 0.125
vt 0.2 0.125
vt 0.3 0.125
vt 0.4 0.125
vt 0.5 0.125
vt 0.6 0.125
vt 0.7 0.125
vt 0.8 0.125
vt 0.9 0.125
vt 1 0.125
vt 0 0.25
vt 0.1 0.25
vt 0.2 0.25
vt 0.3 0.25
vt 0.4 0.25
vt 0.5 0.25
vt 0.6 0.25
vt 0.7 0.25
vt 0.8 0.25
vt 0.9 0.25
vt 1 0.25
vt 0 0.375
vt 0.1 0.375
vt 0.2 0.375
vt 0.3 0.375
vt 0.4 0.375
vt 0.5 0.375
vt 0.6 0.375
vt 0.7 0.375
vt 0.8 0.375
vt 0.9 0.375
vt 1 0.375
vt 0 0.5
vt 0.1 0.5
vt 0.2 0.5
vt 0.3 0.5
vt 0.4 0.5
vt 0.5 0.5
vt 0.6 0.5
vt 0.7 0.5
vt 0.8 0.5
vt 0.9 0.5
vt 1 0.5
vt 0 0.625
vt 0.1 0.625
vt 0.2 0.625
vt 0.3 0.625
vt 0.4 0.625
vt 0.5 0.625
vt 0.6 0.625
vt 0.7 0.625
vt 0.8 0.625
vt 0.9 0.625
vt 1 0.625
vt 0 0.75
vt 0.1 0.75
vt 0.2 0.75
vt 0.3 0.75
vt 0.4 0.75
vt 0.5 0.75
vt 0.6 0.75
vt 0.7 0.75
vt 0.8 0.75
vt 0.9 0.75
vt 1 0.75
vt 0 0.875
vt 0.1 0.875
vt 0.2 0.875
vt 0.3 0.875
vt 0.4 0.875
vt 0.5 0.875
vt 0.6 0.875
vt 0.7 0.875
vt 0.8 0.875
vt 0.9 0.875
vt 1 0.875
vt 0 1
vt 0.1 1
vt 0.2 1
vt 0.3 1
vt 0.4 1
vt 0.5 1
vt 0.6 1
vt 0.7 1
vt 0.8 1
vt 0.9 1
vt 1 1
vt 0 0
vt 0.1 0
vt 0.2 0
vt 0.3 0
vt 0.4 0
vt 0.5 0
vt 0.6 0
vt 0.7 0
vt 0.8 0
vt 0.9 0
vt 1 0
vt 0 0.125
vt 0.1 0.125
vt 0.2 0.125
vt 0.3 0.125
vt 0.4 0.125
vt 0.5 0.125
vt 0.6 0.125
vt 0.7 0.125
vt 0.8 0.125
vt 0.9 0.125
vt 1 0.125
vt 0 0.25
vt 0.1 0.25
vt 0.2 0.25
vt 0.3 0.25
vt 0.4 0.25
vt 0.5 0.25
vt 0.6 0.25
vt 0.7 0.25
vt 0.8 0.25
vt 0.9 0.25
vt 1 0.25
vt 0 0.375
vt 0.1 0.375
vt 0.2 0.375
vt 0.3 0.375
vt 0.4 0.375
vt 0.5 0.375
vt 0.6 0.375
vt 0.7 0.375
vt 0.8 0.375
vt 0.9 0.375
vt 1 0.375
vt 0 0.5
vt 0.1 0.5
vt 0.2 0.5
vt 0.3 0.5
vt 0.4 0.5
vt 0.5 0.5
vt 0.6 0.5
vt 0.7 0.5
vt 0.8 0.5
vt 0.9 0.5
vt 1 0.5
vt 0 0.625
vt 0.1 0.625
vt 0.2 0.625
vt 0.3 0.625
vt 0.4 0.625
vt 0.5 0.625
vt 0.6 0.625
vt 0.7 0.625
vt 0.8 0.625
vt 0.9 0.625
vt 1 0.625
vt 0 0.75
vt 0.1 0.75
vt 0.2 0.75
vt 0.3 0.75
vt 0.4 0.75
vt 0.5 0.75
vt 0.6 0.75
vt 0.7 0.75
vt 0.8 0.75
vt 0.9 0.75
vt 1 0.75
vt 0 0.875
vt 0.1 0.875
vt 0.2 0.875
vt 0.3 0.875
vt 0.4 0.875
vt 0.5 0.875
vt 0.6 0.875
vt 0.7 0.875
vt 0.8 0.875
vt 0.9 0.875
vt 1 0.875
vt 0 1
vt 0.1 1
vt 0.2 1
vt 0.3 1
vt 0.4 1
vt 0.5 1
vt 0.6 1
vt 0.7 1
vt 0.8 1
vt 0.9 1
vt 1 1
vt 0 0
vt 0.1 0
vt 0.2 0
vt 0.3 0
vt 0.4 0
vt 0.5 0
vt 0.6 0
vt 0.7 0
vt 0.8 0
vt 0.9 0
vt 1 0
vt 0 0.125
vt 0.1 0.125
vt 0.2 0.125
vt 0.3 0.125
vt 0.4 0.125
vt 0.5 0.125
vt 0.6 0.125
vt 0.7 0.125
vt 0.8 0.125
vt 0.9 0.125
vt 1 0.125
vt 0 0.25
vt 0.1 0.25
vt 0.2 0.25
vt 0.3 0.25
vt 0.4 0.25
vt 0.5 0.25
vt 0.6 0.25
vt 0.7 0.25
vt 0.8 0.25
vt 0.9 0.25
vt 1 0.25
vt 0 0.375
vt 0.1 0.375
vt 0.2 0.375
vt 0.3 0.375
vt 0.4 0.375
vt 0.5 0.375
vt 0.6 0.375
vt 0.7 0.375
vt 0.8 0.375
vt 0.9 0.375
vt 1 0.375
vt 0 0.5
vt 0.1 0.5
vt 0.2 0.5
vt 0.3 0.5
vt 0.4 0.5
vt 0.5 0.5
vt 0.6 0.5
vt 0.7 0.5
vt 0.8 0.5
vt 0.9 0.5
vt 1 0.5
vt 0 0.625
vt 0.1 0.625
vt 0.2 0.625
vt 0.3 0.625
vt 0.4 0.625
vt 0.5 0.625
vt 0.6 0.625
vt 0.7 0.625
vt 0.8 0.625
vt 0.9 0.625
vt 1 0.625
vt 0 0.75
vt 0.1 0.75
vt 0.2 0.75
vt 0.3 0.75
vt 0.4 0.75
vt 0.5 0.75
vt 0.6 0.75
vt 0.7 0.75
vt 0.8 0.75
vt 0.9 0.75
vt 1 0.75
vt 0 0.875
vt 0.1 0.875
vt 0.2 0.875
vt 0.3 0.875
vt 0.4 0.875
vt 0.5 0.875
vt 0.6 0.875
vt 0.7 0.875
vt 0.8 0.875
vt 0.9 0.875
vt 1 0.875
vt 0 1
vt 0.1 1
vt 0.2 1
vt 0.3 1
vt 0.4 1
vt 0.5 1
vt 0.6 1
vt 0.7 1
vt 0.8 1
vt 0.9 1
vt 1 1
vt 0 0
vt 0.1 0
vt 0.2 0
vt 0.3 0
vt 0.4 0
vt 0.5 0
vt 0.6 0
vt 0.7 0
vt 0.8 0
vt 0.9 0
vt 1 0
vt 0 0.125
vt 0.1 0.125
vt 0.2 0.125
vt 0.3 0.125
vt 0.4 0.125
vt 0.5 0.125
vt 0.6 0.125
vt 0.7 0.125
vt 0.8 0.125
vt 0.9 0.125
vt 1 0.125
vt 0 0.25
vt 0.1 0.25
vt 0.2 0.25
vt 0.3 0.25
vt 0.4 0.25
vt 0.5 0.25
vt 0.6 0.25
vt 0.7 0.25
vt 0.8 0.25
vt 0.9 0.25
vt 1 0.25
vt 0 0.375
vt 0.1 0.375
vt 0.2 0.375
vt 0.3 0.375
vt 0.4 0.375
vt 0.5 0.375
vt 0.6 0.375
vt 0.7 0.375
vt 0.8 0.375
vt 0.9 0.375
vt 1 0.375
vt 0 0.5
vt 0.1 0.5
vt 0.2 0.5
vt 0.3 0.5
vt 0.4 0.5
vt 0.5 0.5
vt 0.6 0.5
vt 0.7 0.5
vt 0.8 0.5
vt 0.9 0.5
vt 1 0.5
vt 0 0.625
vt 0.1 0.625
vt 0.2 0.625
vt 0.3 0.625
vt 0.4 0.625
vt 0.5 0.625
vt 0.6 0.625
vt 0.7 0.625
vt 0.8 0.625
vt 0.9 0.625
vt 1 0.625
vt 0 0.75
vt 0.1 0.75
vt 0.2 0.75
vt 0.3 0.75
vt 0.4 0.75
vt 0.5 0.75
vt 0.6 0.75
vt 0.7 0.75
vt 0.8 0.75
vt 0.9 0.75
vt 1 0.75
vt 0 0.875
vt 0.1 0.875
vt 0.2 0.875
vt 0.3 0.875
vt 0.4 0.875
vt 0.5 0.875
vt 0.6 0.875
vt 0.7 0.875
vt 0.8 0.875
vt 0.9 0.875
vt 1 0.875
vt 0 1
vt 0.1 1
vt 0.2 1
vt 0.3 1
vt 0.4 1
vt 0.5 1
vt 0.6 1
vt 0.7 1
vt 0.8 1
vt 0.9 1
vt 1 1
vn 0 -1 0
vn 0 -1 0
vn 0 -1 0
vn 0 -1 0
vn 0 -1 0
vn 0 -1 0
vn 0 -1 0
vn 0 -1 0
vn 0 -1 0
vn 0 -1 0
vn 0 1 0
vn 0 1 0
vn 0 1 0
vn 0 1 0
vn 0 1 0
vn 0 1 0
vn 0 1 0
vn 0 1 0
vn 0 1 0
vn 0 1 0
vn 0 -1 0
vn 0 1 0
vn 0 -1 0
vn 0 -1 0
vn 0 -1 0
vn 0 -1 0
vn 0 -1 0
vn 0 -1 0
vn 0 -1 0
vn 0 -1 0
vn 0 -1 0
vn 0 -1 0
vn 0 1 0
vn 0 1 0
vn 0 1 0
vn 0 1 0
vn 0 1 0
vn 0 1 0
vn 0 1 0
vn 0 1 0
vn 0 1 0
vn 0 1 0
vn 0 -1 0
vn 0 1 0
vn 0 -1 0
vn 0 -1 0
vn 0 -1 0
vn 0 -1 0
vn 0 -1 0
vn 0 -1 0
vn 0 -1 0
vn 0 -1 0
vn 0 1 0
vn 0 1 0
vn 0 1 0
vn 0 1 0
vn 0 1 0
vn 0 1 0
vn 0 1 0
vn 0 1 0
vn 0 -1 0
vn 0 1 0
vn 0 -1 0
vn 0 -1 0
vn 0 -1 0
vn 0 -1 0
vn 0 -1 0
vn 0 -1 0
vn 0 -1 0
vn 0 1 0
vn 0 1 0
vn 0 1 0
vn 0 1 0
vn 0 1 0
vn 0 1 0
vn 0 1 0
vn 0 -1 0
vn 0 1 0
vn -0.5773502691896257 -0.5773502691896257 -0.5773502691896257
vn -0.5773502691896257 -0.5773502691896257 0.5773502691896257
vn -0.5773502691896257 0.5773502691896257 -0.5773502691896257
vn -0.5773502691896257 0.5773502691896257 0.5773502691896257
vn 0.5773502691896257 -0.5773502691896257 -0.5773502691896257
vn 0.5773502691896257 -0.5773502691896257 0.5773502691896257
vn 0.5773502691896257 0.5773502691896257 -0.5773502691896257
vn 0.5773502691896257 0.5773502691896257 0.5773502691896257
vn 0 -0.35682208977308993 -0.9341723589627158
vn 0 -0.35682208977308993 0.9341723589627158
vn 0 0.35682208977308993 -0.9341723589627158
vn 0 0.35682208977308993 0.9341723589627158
vn -0.35682208977308993 -0.9341723589627158 0
vn -0.35682208977308993 0.9341723589627158 0
vn 0.35682208977308993 -0.9341723589627158 0
vn 0.35682208977308993 0.9341723589627158 0
vn -0.9341723589627158 0 -0.35682208977308993
vn -0.9341723589627158 0 0.35682208977308993
vn 0.9341723589627158 0 -0.35682208977308993
vn 0.9341723589627158 0 0.35682208977308993
vn 0 1 0
vn 0 1 0
vn 0 1 0
vn 0 1 0
vn 0 1 0
vn 0 1 0
vn 0 1 0
vn 0 1 0
vn 0 1 0
vn 0 1 0
vn 0 1 0
vn 0.3826834323650898 0.9238795325112867 0
vn 0.30959740024909344 0.9238795325112867 0.2249356778408639
vn 0.11825568406654854 0.9238795325112867 0.3639535720290143
vn -0.11825568406654849 0.9238795325112867 0.36395357202901435
vn -0.3095974002490934 0.9238795325112867 0.2249356778408639
vn -0.3826834323650898 0.9238795325112867 4.686520405326298e-17
vn -0.30959740024909344 0.9238795325112867 -0.22493567784086382
vn -0.11825568406654857 0.9238795325112867 -0.3639535720290143
vn 0.11825568406654845 0.9238795325112867 -0.36395357202901435
vn 0.3095974002490934 0.9238795325112867 -0.22493567784086396
vn 0.3826834323650898 0.9238795325112867 -9.373040810652596e-17
vn 0.7071067811865475 0.7071067811865476 0
vn 0.5720614028176843 0.7071067811865476 0.4156269377774534
vn 0.21850801222441055 0.7071067811865476 0.6724985119639572
vn -0.21850801222441046 0.7071067811865476 0.6724985119639572
vn -0.5720614028176841 0.7071067811865476 0.41562693777745346
vn -0.7071067811865475 0.7071067811865476 8.659560562354932e-17
vn -0.5720614028176843 0.7071067811865476 -0.4156269377774533
vn -0.2185080122244106 0.7071067811865476 -0.6724985119639572
vn 0.21850801222441038 0.7071067811865476 -0.6724985119639572
vn 0.5720614028176841 0.7071067811865476 -0.4156269377774536
vn 0.7071067811865475 0.7071067811865476 -1.7319121124709863e-16
vn 0.9238795325112868 0.38268343236508984 0
vn 0.7474342425568128 0.38268343236508984 0.5430427641049989
vn 0.28549447630116936 0.38268343236508984 0.8786616496665794
vn -0.28549447630116925 0.38268343236508984 0.8786616496665794
vn -0.7474342425568127 0.38268343236508984 0.543042764104999
vn -0.9238795325112868 0.38268343236508984 1.1314261122877003e-16
vn -0.7474342425568128 0.38268343236508984 -0.5430427641049987
vn -0.2854944763011695 0.38268343236508984 -0.8786616496665794
vn 0.28549447630116914 0.38268343236508984 -0.8786616496665794
vn 0.7474342425568127 0.38268343236508984 -0.543042764104999
vn 0.9238795325112868 0.38268343236508984 -2.2628522245754005e-16
vn 1 6.123233995736766e-17 0
vn 0.8090169943749475 6.123233995736766e-17 0.5877852522924731
vn 0.30901699437494745 6.123233995736766e-17 0.9510565162951535
vn -0.30901699437494734 6.123233995736766e-17 0.9510565162951536
vn -0.8090169943749473 6.123233995736766e-17 0.5877852522924732
vn -1 6.123233995736766e-17 1.2246467991473532e-16
vn -0.8090169943749475 6.123233995736766e-17 -0.587785252292473
vn -0.30901699437494756 6.123233995736766e-17 -0.9510565162951535
vn 0.30901699437494723 6.123233995736766e-17 -0.9510565162951536
vn 0.8090169943749473 6.123233995736766e-17 -0.5877852522924734
vn 1 6.123233995736766e-17 -2.4492935982947064e-16
vn 0.9238795325112868 -0.3826834323650897 0
vn 0.7474342425568128 -0.3826834323650897 0.5430427641049989
vn 0.28549447630116936 -0.3826834323650897 0.8786616496665794
vn -0.28549447630116925 -0.3826834323650897 0.8786616496665794
vn -0.7474342425568127 -0.3826834323650897 0.543042764104999
vn -0.9238795325112868 -0.3826834323650897 1.1314261122877003e-16
vn -0.7474342425568128 -0.3826834323650897 -0.5430427641049987
vn -0.2854944763011695 -0.3826834323650897 -0.8786616496665794
vn 0.28549447630116914 -0.3826834323650897 -0.8786616496665794
vn 0.7474342425568127 -0.3826834323650897 -0.543042764104999
vn 0.9238795325112868 -0.3826834323650897 -2.2628522245754005e-16
vn 0.7071067811865476 -0.7071067811865475 0
vn 0.5720614028176844 -0.7071067811865475 0.41562693777745346
vn 0.21850801222441057 -0.7071067811865475 0.6724985119639574
vn -0.2185080122244105 -0.7071067811865475 0.6724985119639574
vn -0.5720614028176843 -0.7071067811865475 0.4156269377774535
vn -0.7071067811865476 -0.7071067811865475 8.659560562354934e-17
vn -0.5720614028176844 -0.7071067811865475 -0.4156269377774534
vn -0.21850801222441066 -0.7071067811865475 -0.6724985119639574
vn 0.2185080122244104 -0.7071067811865475 -0.6724985119639574
vn 0.5720614028176843 -0.7071067811865475 -0.4156269377774536
vn 0.7071067811865476 -0.7071067811865475 -1.7319121124709868e-16
vn 0.3826834323650899 -0.9238795325112867 0
vn 0.3095974002490935 -0.9238795325112867 0.22493567784086393
vn 0.11825568406654857 -0.9238795325112867 0.3639535720290144
vn -0.11825568406654854 -0.9238795325112867 0.36395357202901446
vn -0.3095974002490935 -0.9238795325112867 0.224935677840864
vn -0.3826834323650899 -0.9238795325112867 4.6865204053263e-17
vn -0.3095974002490935 -0.9238795325112867 -0.2249356778408639
vn -0.11825568406654861 -0.9238795325112867 -0.3639535720290144
vn 0.11825568406654849 -0.9238795325112867 -0.36395357202901446
vn 0.3095974002490935 -0.9238795325112867 -0.22493567784086405
vn 0.3826834323650899 -0.9238795325112867 -9.3730408106526e-17
vn 1.2246467991473532e-16 -1 0
vn 9.907600726170916e-17 -1 7.198293278059968e-17
vn 3.7843667304341506e-17 -1 1.1647083184890923e-16
vn -3.7843667304341493e-17 -1 1.1647083184890926e-16
vn -9.907600726170915e-17 -1 7.198293278059968e-17
vn -1.2246467991473532e-16 -1 1.4997597826618576e-32
vn -9.907600726170916e-17 -1 -7.198293278059965e-17
vn -3.784366730434152e-17 -1 -1.1647083184890923e-16
vn 3.7843667304341475e-17 -1 -1.1647083184890926e-16
vn 9.907600726170915e-17 -1 -7.19829327805997e-17
vn 1.2246467991473532e-16 -1 -2.999519565323715e-32
vn 0 1 0
vn 0 1 0
vn 0 1 0
vn 0 1 0
vn 0 1 0
vn 0 1 0
vn 0 1 0
vn 0 1 0
vn 0 1 0
vn 0 1 0
vn 0 1 0
vn 0.3826834323650898 0.9238795325112867 0
vn 0.30959740024909344 0.9238795325112867 0.2249356778408639
vn 0.11825568406654854 0.9238795325112867 0.3639535720290143
vn -0.11825568406654849 0.9238795325112867 0.36395357202901435
vn -0.3095974002490934 0.9238795325112867 0.2249356778408639
vn -0.3826834323650898 0.9238795325112867 4.686520405326298e-17
vn -0.30959740024909344 0.9238795325112867 -0.22493567784086382
vn -0.11825568406654857 0.9238795325112867 -0.3639535720290143
vn 0.11825568406654845 0.9238795325112867 -0.36395357202901435
vn 0.3095974002490934 0.9238795325112867 -0.22493567784086396
vn 0.3826834323650898 0.9238795325112867 -9.373040810652596e-17
vn 0.7071067811865475 0.7071067811865476 0
vn 0.5720614028176843 0.7071067811865476 0.4156269377774534
vn 0.21850801222441055 0.7071067811865476 0.6724985119639572
vn -0.21850801222441046 0.7071067811865476 0.6724985119639572
vn -0.5720614028176841 0.7071067811865476 0.41562693777745346
vn -0.7071067811865475 0.7071067811865476 8.659560562354932e-17
vn -0.5720614028176843 0.7071067811865476 -0.4156269377774533
vn -0.2185080122244106 0.7071067811865476 -0.6724985119639572
vn 0.21850801222441038 0.7071067811865476 -0.6724985119639572
vn 0.5720614028176841 0.7071067811865476 -0.4156269377774536
vn 0.7071067811865475 0.7071067811865476 -1.7319121124709863e-16
vn 0.9238795325112868 0.38268343236508984 0
vn 0.7474342425568128 0.38268343236508984 0.5430427641049989
vn 0.28549447630116936 0.38268343236508984 0.8786616496665794
vn -0.28549447630116925 0.38268343236508984 0.8786616496665794
vn -0.7474342425568127 0.38268343236508984 0.543042764104999
vn -0.9238795325112868 0.38268343236508984 1.1314261122877003e-16
vn -0.7474342425568128 0.38268343236508984 -0.5430427641049987
vn -0.2854944763011695 0.38268343236508984 -0.8786616496665794
vn 0.28549447630116914 0.38268343236508984 -0.8786616496665794
vn 0.7474342425568127 0.38268343236508984 -0.543042764104999
vn 0.9238795325112868 0.38268343236508984 -2.2628522245754005e-16
vn 1 6.123233995736766e-17 0
vn 0.8090169943749475 6.123233995736766e-17 0.5877852522924731
vn 0.30901699437494745 6.123233995736766e-17 0.9510565162951535
vn -0.30901699437494734 6.123233995736766e-17 0.9510565162951536
vn -0.8090169943749473 6.123233995736766e-17 0.5877852522924732
vn -1 6.123233995736766e-17 1.2246467991473532e-16
vn -0.8090169943749475 6.123233995736766e-17 -0.587785252292473
vn -0.30901699437494756 6.123233995736766e-17 -0.9510565162951535
vn 0.30901699437494723 6.123233995736766e-17 -0.9510565162951536
vn 0.8090169943749473 6.123233995736766e-17 -0.5877852522924734
vn 1 6.123233995736766e-17 -2.4492935982947064e-16
vn 0.9238795325112868 -0.3826834323650897 0
vn 0.7474342425568128 -0.3826834323650897 0.5430427641049989
vn 0.28549447630116936 -0.3826834323650897 0.8786616496665794
vn -0.28549447630116925 -0.3826834323650897 0.8786616496665794
vn -0.7474342425568127 -0.3826834323650897 0.543042764104999
vn -0.9238795325112868 -0.3826834323650897 1.1314261122877003e-16
vn -0.7474342425568128 -0.3826834323650897 -0.5430427641049987
vn -0.2854944763011695 -0.3826834323650897 -0.8786616496665794
vn 0.28549447630116914 -0.3826834323650897 -0.8786616496665794
vn 0.7474342425568127 -0.3826834323650897 -0.543042764104999
vn 0.9238795325112868 -0.3826834323650897 -2.2628522245754005e-16
vn 0.7071067811865476 -0.7071067811865475 0
vn 0.5720614028176844 -0.7071067811865475 0.41562693777745346
vn 0.21850801222441057 -0.7071067811865475 0.6724985119639574
vn -0.2185080122244105 -0.7071067811865475 0.6724985119639574
vn -0.5720614028176843 -0.7071067811865475 0.4156269377774535
vn -0.7071067811865476 -0.7071067811865475 8.659560562354934e-17
vn -0.5720614028176844 -0.7071067811865475 -0.4156269377774534
vn -0.21850801222441066 -0.7071067811865475 -0.6724985119639574
vn 0.2185080122244104 -0.7071067811865475 -0.6724985119639574
vn 0.5720614028176843 -0.7071067811865475 -0.4156269377774536
vn 0.7071067811865476 -0.7071067811865475 -1.7319121124709868e-16
vn 0.3826834323650899 -0.9238795325112867 0
vn 0.3095974002490935 -0.9238795325112867 0.22493567784086393
vn 0.11825568406654857 -0.9238795325112867 0.3639535720290144
vn -0.11825568406654854 -0.9238795325112867 0.36395357202901446
vn -0.3095974002490935 -0.9238795325112867 0.224935677840864
vn -0.3826834323650899 -0.9238795325112867 4.6865204053263e-17
vn -0.3095974002490935 -0.9238795325112867 -0.2249356778408639
vn -0.11825568406654861 -0.9238795325112867 -0.3639535720290144
vn 0.11825568406654849 -0.9238795325112867 -0.36395357202901446
vn 0.3095974002490935 -0.9238795325112867 -0.22493567784086405
vn 0.3826834323650899 -0.9238795325112867 -9.3730408106526e-17
vn 1.2246467991473532e-16 -1 0
vn 9.907600726170916e-17 -1 7.198293278059968e-17
vn 3.7843667304341506e-17 -1 1.1647083184890923e-16
vn -3.7843667304341493e-17 -1 1.1647083184890926e-16
vn -9.907600726170915e-17 -1 7.198293278059968e-17
vn -1.2246467991473532e-16 -1 1.4997597826618576e-32
vn -9.907600726170916e-17 -1 -7.198293278059965e-17
vn -3.784366730434152e-17 -1 -1.1647083184890923e-16
vn 3.7843667304341475e-17 -1 -1.1647083184890926e-16
vn 9.907600726170915e-17 -1 -7.19829327805997e-17
vn 1.2246467991473532e-16 -1 -2.999519565323715e-32
vn 0 1 0
vn 0 1 0
vn 0 1 0
vn 0 1 0
vn 0 1 0
vn 0 1 0
vn 0 1 0
vn 0 1 0
vn 0 1 0
vn 0 1 0
vn 0 1 0
vn 0.3826834323650898 0.9238795325112867 0
vn 0.30959740024909344 0.9238795325112867 0.2249356778408639
vn 0.11825568406654854 0.9238795325112867 0.3639535720290143
vn -0.11825568406654849 0.9238795325112867 0.36395357202901435
vn -0.3095974002490934 0.9238795325112867 0.2249356778408639
vn -0.3826834323650898 0.9238795325112867 4.686520405326298e-17
vn -0.30959740024909344 0.9238795325112867 -0.22493567784086382
vn -0.11825568406654857 0.9238795325112867 -0.3639535720290143
vn 0.11825568406654845 0.9238795325112867 -0.36395357202901435
vn 0.3095974002490934 0.9238795325112867 -0.22493567784086396
vn 0.3826834323650898 0.9238795325112867 -9.373040810652596e-17
vn 0.7071067811865475 0.7071067811865476 0
vn 0.5720614028176843 0.7071067811865476 0.4156269377774534
vn 0.21850801222441055 0.7071067811865476 0.6724985119639572
vn -0.21850801222441046 0.7071067811865476 0.6724985119639572
vn -0.5720614028176841 0.7071067811865476 0.41562693777745346
vn -0.7071067811865475 0.7071067811865476 8.659560562354932e-17
vn -0.5720614028176843 0.7071067811865476 -0.4156269377774533
vn -0.2185080122244106 0.7071067811865476 -0.6724985119639572
vn 0.21850801222441038 0.7071067811865476 -0.6724985119639572
vn 0.5720614028176841 0.7071067811865476 -0.4156269377774536
vn 0.7071067811865475 0.7071067811865476 -1.7319121124709863e-16
vn 0.9238795325112868 0.38268343236508984 0
vn 0.7474342425568128 0.38268343236508984 0.5430427641049989
vn 0.28549447630116936 0.38268343236508984 0.8786616496665794
vn -0.28549447630116925 0.38268343236508984 0.8786616496665794
vn -0.7474342425568127 0.38268343236508984 0.543042764104999
vn -0.9238795325112868 0.38268343236508984 1.1314261122877003e-16
vn -0.7474342425568128 0.38268343236508984 -0.5430427641049987
vn -0.2854944763011695 0.38268343236508984 -0.8786616496665794
vn 0.28549447630116914 0.38268343236508984 -0.8786616496665794
vn 0.7474342425568127 0.38268343236508984 -0.543042764104999
vn 0.9238795325112868 0.38268343236508984 -2.2628522245754005e-16
vn 1 6.123233995736766e-17 0
vn 0.8090169943749475 6.123233995736766e-17 0.5877852522924731
vn 0.30901699437494745 6.123233995736766e-17 0.9510565162951535
vn -0.30901699437494734 6.123233995736766e-17 0.9510565162951536
vn -0.8090169943749473 6.123233995736766e-17 0.5877852522924732
vn -1 6.123233995736766e-17 1.2246467991473532e-16
vn -0.8090169943749475 6.123233995736766e-17 -0.587785252292473
vn -0.30901699437494756 6.123233995736766e-17 -0.9510565162951535
vn 0.30901699437494723 6.123233995736766e-17 -0.9510565162951536
vn 0.8090169943749473 6.123233995736766e-17 -0.5877852522924734
vn 1 6.123233995736766e-17 -2.4492935982947064e-16
vn 0.9238795325112868 -0.3826834323650897 0
vn 0.7474342425568128 -0.3826834323650897 0.5430427641049989
vn 0.28549447630116936 -0.3826834323650897 0.8786616496665794
vn -0.28549447630116925 -0.3826834323650897 0.8786616496665794
vn -0.7474342425568127 -0.3826834323650897 0.543042764104999
vn -0.9238795325112868 -0.3826834323650897 1.1314261122877003e-16
vn -0.7474342425568128 -0.3826834323650897 -0.5430427641049987
vn -0.2854944763011695 -0.3826834323650897 -0.8786616496665794
vn 0.28549447630116914 -0.3826834323650897 -0.8786616496665794
vn 0.7474342425568127 -0.3826834323650897 -0.543042764104999
vn 0.9238795325112868 -0.3826834323650897 -2.2628522245754005e-16
vn 0.7071067811865476 -0.7071067811865475 0
vn 0.5720614028176844 -0.7071067811865475 0.41562693777745346
vn 0.21850801222441057 -0.7071067811865475 0.6724985119639574
vn -0.2185080122244105 -0.7071067811865475 0.6724985119639574
vn -0.5720614028176843 -0.7071067811865475 0.4156269377774535
vn -0.7071067811865476 -0.7071067811865475 8.659560562354934e-17
vn -0.5720614028176844 -0.7071067811865475 -0.4156269377774534
vn -0.21850801222441066 -0.7071067811865475 -0.6724985119639574
vn 0.2185080122244104 -0.7071067811865475 -0.6724985119639574
vn 0.5720614028176843 -0.7071067811865475 -0.4156269377774536
vn 0.7071067811865476 -0.7071067811865475 -1.7319121124709868e-16
vn 0.3826834323650899 -0.9238795325112867 0
vn 0.3095974002490935 -0.9238795325112867 0.22493567784086393
vn 0.11825568406654857 -0.9238795325112867 0.3639535720290144
vn -0.11825568406654854 -0.9238795325112867 0.36395357202901446
vn -0.3095974002490935 -0.9238795325112867 0.224935677840864
vn -0.3826834323650899 -0.9238795325112867 4.6865204053263e-17
vn -0.3095974002490935 -0.9238795325112867 -0.2249356778408639
vn -0.11825568406654861 -0.9238795325112867 -0.3639535720290144
vn 0.11825568406654849 -0.9238795325112867 -0.36395357202901446
vn 0.3095974002490935 -0.9238795325112867 -0.22493567784086405
vn 0.3826834323650899 -0.9238795325112867 -9.3730408106526e-17
vn 1.2246467991473532e-16 -1 0
vn 9.907600726170916e-17 -1 7.198293278059968e-17
vn 3.7843667304341506e-17 -1 1.1647083184890923e-16
vn -3.7843667304341493e-17 -1 1.1647083184890926e-16
vn -9.907600726170915e-17 -1 7.198293278059968e-17
vn -1.2246467991473532e-16 -1 1.4997597826618576e-32
vn -9.907600726170916e-17 -1 -7.198293278059965e-17
vn -3.784366730434152e-17 -1 -1.1647083184890923e-16
vn 3.7843667304341475e-17 -1 -1.1647083184890926e-16
vn 9.907600726170915e-17 -1 -7.19829327805997e-17
vn 1.2246467991473532e-16 -1 -2.999519565323715e-32
vn 0 1 0
vn 0 1 0
vn 0 1 0
vn 0 1 0
vn 0 1 0
vn 0 1 0
vn 0 1 0
vn 0 1 0
vn 0 1 0
vn 0 1 0
vn 0 1 0
vn 0.3826834323650898 0.9238795325112867 0
vn 0.30959740024909344 0.9238795325112867 0.2249356778408639
vn 0.11825568406654854 0.9238795325112867 0.3639535720290143
vn -0.11825568406654849 0.9238795325112867 0.36395357202901435
vn -0.3095974002490934 0.9238795325112867 0.2249356778408639
vn -0.3826834323650898 0.9238795325112867 4.686520405326298e-17
vn -0.30959740024909344 0.9238795325112867 -0.22493567784086382
vn -0.11825568406654857 0.9238795325112867 -0.3639535720290143
vn 0.11825568406654845 0.9238795325112867 -0.36395357202901435
vn 0.3095974002490934 0.9238795325112867 -0.22493567784086396
vn 0.3826834323650898 0.9238795325112867 -9.373040810652596e-17
vn 0.7071067811865475 0.7071067811865476 0
vn 0.5720614028176843 0.7071067811865476 0.4156269377774534
vn 0.21850801222441055 0.7071067811865476 0.6724985119639572
vn -0.21850801222441046 0.7071067811865476 0.6724985119639572
vn -0.5720614028176841 0.7071067811865476 0.41562693777745346
vn -0.7071067811865475 0.7071067811865476 8.659560562354932e-17
vn -0.5720614028176843 0.7071067811865476 -0.4156269377774533
vn -0.2185080122244106 0.7071067811865476 -0.6724985119639572
vn 0.21850801222441038 0.7071067811865476 -0.6724985119639572
vn 0.5720614028176841 0.7071067811865476 -0.4156269377774536
vn 0.7071067811865475 0.7071067811865476 -1.7319121124709863e-16
vn 0.9238795325112868 0.38268343236508984 0
vn 0.7474342425568128 0.38268343236508984 0.5430427641049989
vn 0.28549447630116936 0.38268343236508984 0.8786616496665794
vn -0.28549447630116925 0.38268343236508984 0.8786616496665794
vn -0.7474342425568127 0.38268343236508984 0.543042764104999
vn -0.9238795325112868 0.38268343236508984 1.1314261122877003e-16
vn -0.7474342425568128 0.38268343236508984 -0.5430427641049987
vn -0.2854944763011695 0.38268343236508984 -0.8786616496665794
vn 0.28549447630116914 0.38268343236508984 -0.8786616496665794
vn 0.7474342425568127 0.38268343236508984 -0.543042764104999
vn 0.9238795325112868 0.38268343236508984 -2.2628522245754005e-16
vn 1 6.123233995736766e-17 0
vn 0.8090169943749475 6.123233995736766e-17 0.5877852522924731
vn 0.30901699437494745 6.123233995736766e-17 0.9510565162951535
vn -0.30901699437494734 6.123233995736766e-17 0.9510565162951536
vn -0.8090169943749473 6.123233995736766e-17 0.5877852522924732
vn -1 6.123233995736766e-17 1.2246467991473532e-16
vn -0.8090169943749475 6.123233995736766e-17 -0.587785252292473
vn -0.30901699437494756 6.123233995736766e-17 -0.9510565162951535
vn 0.30901699437494723 6.123233995736766e-17 -0.9510565162951536
vn 0.8090169943749473 6.123233995736766e-17 -0.5877852522924734
vn 1 6.123233995736766e-17 -2.4492935982947064e-16
vn 0.9238795325112868 -0.3826834323650897 0
vn 0.7474342425568128 -0.3826834323650897 0.5430427641049989
vn 0.28549447630116936 -0.3826834323650897 0.8786616496665794
vn -0.28549447630116925 -0.3826834323650897 0.8786616496665794
vn -0.7474342425568127 -0.3826834323650897 0.543042764104999
vn -0.9238795325112868 -0.3826834323650897 1.1314261122877003e-16
vn -0.7474342425568128 -0.3826834323650897 -0.5430427641049987
vn -0.2854944763011695 -0.3826834323650897 -0.8786616496665794
vn 0.28549447630116914 -0.3826834323650897 -0.8786616496665794
vn 0.7474342425568127 -0.3826834323650897 -0.543042764104999
vn 0.9238795325112868 -0.3826834323650897 -2.2628522245754005e-16
vn 0.7071067811865476 -0.7071067811865475 0
vn 0.5720614028176844 -0.7071067811865475 0.41562693777745346
vn 0.21850801222441057 -0.7071067811865475 0.6724985119639574
vn -0.2185080122244105 -0.7071067811865475 0.6724985119639574
vn -0.5720614028176843 -0.7071067811865475 0.4156269377774535
vn -0.7071067811865476 -0.7071067811865475 8.659560562354934e-17
vn -0.5720614028176844 -0.7071067811865475 -0.4156269377774534
vn -0.21850801222441066 -0.7071067811865475 -0.6724985119639574
vn 0.2185080122244104 -0.7071067811865475 -0.6724985119639574
vn 0.5720614028176843 -0.7071067811865475 -0.4156269377774536
vn 0.7071067811865476 -0.7071067811865475 -1.7319121124709868e-16
vn 0.3826834323650899 -0.9238795325112867 0
vn 0.3095974002490935 -0.9238795325112867 0.22493567784086393
vn 0.11825568406654857 -0.9238795325112867 0.3639535720290144
vn -0.11825568406654854 -0.9238795325112867 0.36395357202901446
vn -0.3095974002490935 -0.9238795325112867 0.224935677840864
vn -0.3826834323650899 -0.9238795325112867 4.6865204053263e-17
vn -0.3095974002490935 -0.9238795325112867 -0.2249356778408639
vn -0.11825568406654861 -0.9238795325112867 -0.3639535720290144
vn 0.11825568406654849 -0.9238795325112867 -0.36395357202901446
vn 0.3095974002490935 -0.9238795325112867 -0.22493567784086405
vn 0.3826834323650899 -0.9238795325112867 -9.3730408106526e-17
vn 1.2246467991473532e-16 -1 0
vn 9.907600726170916e-17 -1 7.198293278059968e-17
vn 3.7843667304341506e-17 -1 1.1647083184890923e-16
vn -3.7843667304341493e-17 -1 1.1647083184890926e-16
vn -9.907600726170915e-17 -1 7.198293278059968e-17
vn -1.2246467991473532e-16 -1 1.4997597826618576e-32
vn -9.907600726170916e-17 -1 -7.198293278059965e-17
vn -3.784366730434152e-17 -1 -1.1647083184890923e-16
vn 3.7843667304341475e-17 -1 -1.1647083184890926e-16
vn 9.907600726170915e-17 -1 -7.19829327805997e-17
vn 1.2246467991473532e-16 -1 -2.999519565323715e-32
vn 0 -1 0
vn 0 -1 0
vn 0 -1 0
vn 0 -1 0
vn 0 -1 0
vn 0 -1 0
vn 0 -1 0
vn 0 -1 0
vn 0 1 0
vn 0 1 0
vn 0 1 0
vn 0 1 0
vn 0 1 0
vn 0 1 0
vn 0 1 0
vn 0 1 0
vn 0 -1 0
vn 0 1 0
vn 0 -1 0
vn 0 -1 0
vn 0 -1 0
vn 0 -1 0
vn 0 -1 0
vn 0 -1 0
vn 0 -1 0
vn 0 1 0
vn 0 1 0
vn 0 1 0
vn 0 1 0
vn 0 1 0
vn 0 1 0
vn 0 1 0
vn 0 -1 0
vn 0 1 0
vn -0.5773502691896258 -0.5773502691896258 -0.5773502691896258
vn -0.5773502691896258 -0.5773502691896258 0.5773502691896258
vn -0.5773502691896258 0.5773502691896258 -0.5773502691896258
vn -0.5773502691896258 0.5773502691896258 0.5773502691896258
vn 0.5773502691896258 -0.5773502691896258 -0.5773502691896258
vn 0.5773502691896258 -0.5773502691896258 0.5773502691896258
vn 0.5773502691896258 0.5773502691896258 -0.5773502691896258
vn 0.5773502691896258 0.5773502691896258 0.5773502691896258
vn 0 -0.35682208977309 -0.9341723589627159
vn 0 -0.35682208977309 0.9341723589627159
vn 0 0.35682208977309 -0.9341723589627159
vn 0 0.35682208977309 0.9341723589627159
vn -0.35682208977309 -0.9341723589627159 0
vn -0.35682208977309 0.9341723589627159 0
vn 0.35682208977309 -0.9341723589627159 0
vn 0.35682208977309 0.9341723589627159 0
vn -0.9341723589627159 0 -0.35682208977309
vn -0.9341723589627159 0 0.35682208977309
vn 0.9341723589627159 0 -0.35682208977309
vn 0.9341723589627159 0 0.35682208977309
vn 0 1 0
vn 0 1 0
vn 0 1 0
vn 0 1 0
vn 0 1 0
vn 0 1 0
vn 0 1 0
vn 0 1 0
vn 0 1 0
vn 0 1 0
vn 0 1 0
vn 0.3826834323650898 0.9238795325112867 0
vn 0.30959740024909344 0.9238795325112867 0.22493567784086388
vn 0.11825568406654854 0.9238795325112867 0.3639535720290143
vn -0.11825568406654849 0.9238795325112867 0.36395357202901435
vn -0.3095974002490934 0.9238795325112867 0.2249356778408639
vn -0.3826834323650898 0.9238795325112867 4.6865204053262986e-17
vn -0.30959740024909344 0.9238795325112867 -0.22493567784086382
vn -0.11825568406654856 0.9238795325112867 -0.3639535720290143
vn 0.11825568406654843 0.9238795325112867 -0.36395357202901435
vn 0.3095974002490934 0.9238795325112867 -0.22493567784086396
vn 0.3826834323650898 0.9238795325112867 -9.373040810652597e-17
vn 0.7071067811865475 0.7071067811865476 0
vn 0.5720614028176843 0.7071067811865476 0.4156269377774534
vn 0.21850801222441055 0.7071067811865476 0.6724985119639573
vn -0.21850801222441046 0.7071067811865476 0.6724985119639573
vn -0.5720614028176841 0.7071067811865476 0.41562693777745346
vn -0.7071067811865475 0.7071067811865476 8.659560562354932e-17
vn -0.5720614028176843 0.7071067811865476 -0.4156269377774533
vn -0.2185080122244106 0.7071067811865476 -0.6724985119639573
vn 0.21850801222441038 0.7071067811865476 -0.6724985119639573
vn 0.5720614028176841 0.7071067811865476 -0.4156269377774536
vn 0.7071067811865475 0.7071067811865476 -1.7319121124709863e-16
vn 0.9238795325112866 0.38268343236508984 0
vn 0.7474342425568128 0.38268343236508984 0.5430427641049989
vn 0.28549447630116936 0.38268343236508984 0.8786616496665794
vn -0.28549447630116925 0.38268343236508984 0.8786616496665797
vn -0.7474342425568127 0.38268343236508984 0.543042764104999
vn -0.9238795325112866 0.38268343236508984 1.1314261122877003e-16
vn -0.7474342425568128 0.38268343236508984 -0.5430427641049987
vn -0.2854944763011695 0.38268343236508984 -0.8786616496665794
vn 0.28549447630116914 0.38268343236508984 -0.8786616496665797
vn 0.7474342425568127 0.38268343236508984 -0.543042764104999
vn 0.9238795325112866 0.38268343236508984 -2.2628522245754005e-16
vn 1 6.123233995736766e-17 0
vn 0.8090169943749475 6.123233995736766e-17 0.5877852522924731
vn 0.30901699437494745 6.123233995736766e-17 0.9510565162951536
vn -0.30901699437494734 6.123233995736766e-17 0.9510565162951536
vn -0.8090169943749473 6.123233995736766e-17 0.5877852522924732
vn -1 6.123233995736766e-17 1.2246467991473532e-16
vn -0.8090169943749475 6.123233995736766e-17 -0.587785252292473
vn -0.30901699437494756 6.123233995736766e-17 -0.9510565162951536
vn 0.30901699437494723 6.123233995736766e-17 -0.9510565162951536
vn 0.8090169943749473 6.123233995736766e-17 -0.5877852522924734
vn 1 6.123233995736766e-17 -2.4492935982947064e-16
vn 0.9238795325112866 -0.3826834323650897 0
vn 0.7474342425568128 -0.3826834323650897 0.5430427641049989
vn 0.28549447630116936 -0.3826834323650897 0.8786616496665794
vn -0.28549447630116925 -0.3826834323650897 0.8786616496665797
vn -0.7474342425568127 -0.3826834323650897 0.543042764104999
vn -0.9238795325112866 -0.3826834323650897 1.1314261122877003e-16
vn -0.7474342425568128 -0.3826834323650897 -0.5430427641049987
vn -0.2854944763011695 -0.3826834323650897 -0.8786616496665794
vn 0.28549447630116914 -0.3826834323650897 -0.8786616496665797
vn 0.7474342425568127 -0.3826834323650897 -0.543042764104999
vn 0.9238795325112866 -0.3826834323650897 -2.2628522245754005e-16
vn 0.7071067811865476 -0.7071067811865475 0
vn 0.5720614028176844 -0.7071067811865475 0.41562693777745346
vn 0.21850801222441057 -0.7071067811865475 0.6724985119639574
vn -0.2185080122244105 -0.7071067811865475 0.6724985119639574
vn -0.5720614028176843 -0.7071067811865475 0.41562693777745346
vn -0.7071067811865476 -0.7071067811865475 8.659560562354934e-17
vn -0.5720614028176844 -0.7071067811865475 -0.4156269377774534
vn -0.21850801222441066 -0.7071067811865475 -0.6724985119639574
vn 0.2185080122244104 -0.7071067811865475 -0.6724985119639574
vn 0.5720614028176843 -0.7071067811865475 -0.4156269377774537
vn 0.7071067811865476 -0.7071067811865475 -1.7319121124709868e-16
vn 0.3826834323650899 -0.9238795325112867 0
vn 0.3095974002490935 -0.9238795325112867 0.2249356778408639
vn 0.11825568406654856 -0.9238795325112867 0.3639535720290144
vn -0.11825568406654854 -0.9238795325112867 0.36395357202901446
vn -0.3095974002490935 -0.9238795325112867 0.224935677840864
vn -0.3826834323650899 -0.9238795325112867 4.6865204053263004e-17
vn -0.3095974002490935 -0.9238795325112867 -0.2249356778408639
vn -0.11825568406654861 -0.9238795325112867 -0.3639535720290144
vn 0.11825568406654849 -0.9238795325112867 -0.36395357202901446
vn 0.3095974002490935 -0.9238795325112867 -0.224935677840864
vn 0.3826834323650899 -0.9238795325112867 -9.373040810652601e-17
vn 1.2246467991473532e-16 -1 0
vn 9.907600726170916e-17 -1 7.198293278059966e-17
vn 3.7843667304341506e-17 -1 1.1647083184890923e-16
vn -3.7843667304341493e-17 -1 1.1647083184890926e-16
vn -9.907600726170915e-17 -1 7.198293278059968e-17
vn -1.2246467991473532e-16 -1 1.4997597826618576e-32
vn -9.907600726170916e-17 -1 -7.198293278059965e-17
vn -3.784366730434152e-17 -1 -1.1647083184890923e-16
vn 3.7843667304341475e-17 -1 -1.1647083184890926e-16
vn 9.907600726170915e-17 -1 -7.19829327805997e-17
vn 1.2246467991473532e-16 -1 -2.999519565323715e-32
vn 0 1 0
vn 0 1 0
vn 0 1 0
vn 0 1 0
vn 0 1 0
vn 0 1 0
vn 0 1 0
vn 0 1 0
vn 0 1 0
vn 0 1 0
vn 0 1 0
vn 0.3826834323650898 0.9238795325112867 0
vn 0.30959740024909344 0.9238795325112867 0.22493567784086388
vn 0.11825568406654854 0.9238795325112867 0.3639535720290143
vn -0.11825568406654849 0.9238795325112867 0.36395357202901435
vn -0.3095974002490934 0.9238795325112867 0.2249356778408639
vn -0.3826834323650898 0.9238795325112867 4.6865204053262986e-17
vn -0.30959740024909344 0.9238795325112867 -0.22493567784086382
vn -0.11825568406654856 0.9238795325112867 -0.3639535720290143
vn 0.11825568406654843 0.9238795325112867 -0.36395357202901435
vn 0.3095974002490934 0.9238795325112867 -0.22493567784086396
vn 0.3826834323650898 0.9238795325112867 -9.373040810652597e-17
vn 0.7071067811865475 0.7071067811865476 0
vn 0.5720614028176843 0.7071067811865476 0.4156269377774534
vn 0.21850801222441055 0.7071067811865476 0.6724985119639573
vn -0.21850801222441046 0.7071067811865476 0.6724985119639573
vn -0.5720614028176841 0.7071067811865476 0.41562693777745346
vn -0.7071067811865475 0.7071067811865476 8.659560562354932e-17
vn -0.5720614028176843 0.7071067811865476 -0.4156269377774533
vn -0.2185080122244106 0.7071067811865476 -0.6724985119639573
vn 0.21850801222441038 0.7071067811865476 -0.6724985119639573
vn 0.5720614028176841 0.7071067811865476 -0.4156269377774536
vn 0.7071067811865475 0.7071067811865476 -1.7319121124709863e-16
vn 0.9238795325112866 0.38268343236508984 0
vn 0.7474342425568128 0.38268343236508984 0.5430427641049989
vn 0.28549447630116936 0.38268343236508984 0.8786616496665794
vn -0.28549447630116925 0.38268343236508984 0.8786616496665797
vn -0.7474342425568127 0.38268343236508984 0.543042764104999
vn -0.9238795325112866 0.38268343236508984 1.1314261122877003e-16
vn -0.7474342425568128 0.38268343236508984 -0.5430427641049987
vn -0.2854944763011695 0.38268343236508984 -0.8786616496665794
vn 0.28549447630116914 0.38268343236508984 -0.8786616496665797
vn 0.7474342425568127 0.38268343236508984 -0.543042764104999
vn 0.9238795325112866 0.38268343236508984 -2.2628522245754005e-16
vn 1 6.123233995736766e-17 0
vn 0.8090169943749475 6.123233995736766e-17 0.5877852522924731
vn 0.30901699437494745 6.123233995736766e-17 0.9510565162951536
vn -0.30901699437494734 6.123233995736766e-17 0.9510565162951536
vn -0.8090169943749473 6.123233995736766e-17 0.5877852522924732
vn -1 6.123233995736766e-17 1.2246467991473532e-16
vn -0.8090169943749475 6.123233995736766e-17 -0.587785252292473
vn -0.30901699437494756 6.123233995736766e-17 -0.9510565162951536
vn 0.30901699437494723 6.123233995736766e-17 -0.9510565162951536
vn 0.8090169943749473 6.123233995736766e-17 -0.5877852522924734
vn 1 6.123233995736766e-17 -2.4492935982947064e-16
vn 0.9238795325112866 -0.3826834323650897 0
vn 0.7474342425568128 -0.3826834323650897 0.5430427641049989
vn 0.28549447630116936 -0.3826834323650897 0.8786616496665794
vn -0.28549447630116925 -0.3826834323650897 0.8786616496665797
vn -0.7474342425568127 -0.3826834323650897 0.543042764104999
vn -0.9238795325112866 -0.3826834323650897 1.1314261122877003e-16
vn -0.7474342425568128 -0.3826834323650897 -0.5430427641049987
vn -0.2854944763011695 -0.3826834323650897 -0.8786616496665794
vn 0.28549447630116914 -0.3826834323650897 -0.8786616496665797
vn 0.7474342425568127 -0.3826834323650897 -0.543042764104999
vn 0.9238795325112866 -0.3826834323650897 -2.2628522245754005e-16
vn 0.7071067811865476 -0.7071067811865475 0
vn 0.5720614028176844 -0.7071067811865475 0.41562693777745346
vn 0.21850801222441057 -0.7071067811865475 0.6724985119639574
vn -0.2185080122244105 -0.7071067811865475 0.6724985119639574
vn -0.5720614028176843 -0.7071067811865475 0.41562693777745346
vn -0.7071067811865476 -0.7071067811865475 8.659560562354934e-17
vn -0.5720614028176844 -0.7071067811865475 -0.4156269377774534
vn -0.21850801222441066 -0.7071067811865475 -0.6724985119639574
vn 0.2185080122244104 -0.7071067811865475 -0.6724985119639574
vn 0.5720614028176843 -0.7071067811865475 -0.4156269377774537
vn 0.7071067811865476 -0.7071067811865475 -1.7319121124709868e-16
vn 0.3826834323650899 -0.9238795325112867 0
vn 0.3095974002490935 -0.9238795325112867 0.2249356778408639
vn 0.11825568406654856 -0.9238795325112867 0.3639535720290144
vn -0.11825568406654854 -0.9238795325112867 0.36395357202901446
vn -0.3095974002490935 -0.9238795325112867 0.224935677840864
vn -0.3826834323650899 -0.9238795325112867 4.6865204053263004e-17
vn -0.3095974002490935 -0.9238795325112867 -0.2249356778408639
vn -0.11825568406654861 -0.9238795325112867 -0.3639535720290144
vn 0.11825568406654849 -0.9238795325112867 -0.36395357202901446
vn 0.3095974002490935 -0.9238795325112867 -0.224935677840864
vn 0.3826834323650899 -0.9238795325112867 -9.373040810652601e-17
vn 1.2246467991473532e-16 -1 0
vn 9.907600726170916e-17 -1 7.198293278059966e-17
vn 3.7843667304341506e-17 -1 1.1647083184890923e-16
vn -3.7843667304341493e-17 -1 1.1647083184890926e-16
vn -9.907600726170915e-17 -1 7.198293278059968e-17
vn -1.2246467991473532e-16 -1 1.4997597826618576e-32
vn -9.907600726170916e-17 -1 -7.198293278059965e-17
vn -3.784366730434152e-17 -1 -1.1647083184890923e-16
vn 3.7843667304341475e-17 -1 -1.1647083184890926e-16
vn 9.907600726170915e-17 -1 -7.19829327805997e-17
vn 1.2246467991473532e-16 -1 -2.999519565323715e-32
vn 0 1 0
vn 0 1 0
vn 0 1 0
vn 0 1 0
vn 0 1 0
vn 0 1 0
vn 0 1 0
vn 0 1 0
vn 0 1 0
vn 0 1 0
vn 0 1 0
vn 0.3826834323650898 0.9238795325112867 0
vn 0.30959740024909344 0.9238795325112867 0.22493567784086388
vn 0.11825568406654854 0.9238795325112867 0.3639535720290143
vn -0.11825568406654849 0.9238795325112867 0.36395357202901435
vn -0.3095974002490934 0.9238795325112867 0.2249356778408639
vn -0.3826834323650898 0.9238795325112867 4.6865204053262986e-17
vn -0.30959740024909344 0.9238795325112867 -0.22493567784086382
vn -0.11825568406654856 0.9238795325112867 -0.3639535720290143
vn 0.11825568406654843 0.9238795325112867 -0.36395357202901435
vn 0.3095974002490934 0.9238795325112867 -0.22493567784086396
vn 0.3826834323650898 0.9238795325112867 -9.373040810652597e-17
vn 0.7071067811865475 0.7071067811865476 0
vn 0.5720614028176843 0.7071067811865476 0.4156269377774534
vn 0.21850801222441055 0.7071067811865476 0.6724985119639573
vn -0.21850801222441046 0.7071067811865476 0.6724985119639573
vn -0.5720614028176841 0.7071067811865476 0.41562693777745346
vn -0.7071067811865475 0.7071067811865476 8.659560562354932e-17
vn -0.5720614028176843 0.7071067811865476 -0.4156269377774533
vn -0.2185080122244106 0.7071067811865476 -0.6724985119639573
vn 0.21850801222441038 0.7071067811865476 -0.6724985119639573
vn 0.5720614028176841 0.7071067811865476 -0.4156269377774536
vn 0.7071067811865475 0.7071067811865476 -1.7319121124709863e-16
vn 0.9238795325112866 0.38268343236508984 0
vn 0.7474342425568128 0.38268343236508984 0.5430427641049989
vn 0.28549447630116936 0.38268343236508984 0.8786616496665794
vn -0.28549447630116925 0.38268343236508984 0.8786616496665797
vn -0.7474342425568127 0.38268343236508984 0.543042764104999
vn -0.9238795325112866 0.38268343236508984 1.1314261122877003e-16
vn -0.7474342425568128 0.38268343236508984 -0.5430427641049987
vn -0.2854944763011695 0.38268343236508984 -0.8786616496665794
vn 0.28549447630116914 0.38268343236508984 -0.8786616496665797
vn 0.7474342425568127 0.38268343236508984 -0.543042764104999
vn 0.9238795325112866 0.38268343236508984 -2.2628522245754005e-16
vn 1 6.123233995736766e-17 0
vn 0.8090169943749475 6.123233995736766e-17 0.5877852522924731
vn 0.30901699437494745 6.123233995736766e-17 0.9510565162951536
vn -0.30901699437494734 6.123233995736766e-17 0.9510565162951536
vn -0.8090169943749473 6.123233995736766e-17 0.5877852522924732
vn -1 6.123233995736766e-17 1.2246467991473532e-16
vn -0.8090169943749475 6.123233995736766e-17 -0.587785252292473
vn -0.30901699437494756 6.123233995736766e-17 -0.9510565162951536
vn 0.30901699437494723 6.123233995736766e-17 -0.9510565162951536
vn 0.8090169943749473 6.123233995736766e-17 -0.5877852522924734
vn 1 6.123233995736766e-17 -2.4492935982947064e-16
vn 0.9238795325112866 -0.3826834323650897 0
vn 0.7474342425568128 -0.3826834323650897 0.5430427641049989
vn 0.28549447630116936 -0.3826834323650897 0.8786616496665794
vn -0.28549447630116925 -0.3826834323650897 0.8786616496665797
vn -0.7474342425568127 -0.3826834323650897 0.543042764104999
vn -0.9238795325112866 -0.3826834323650897 1.1314261122877003e-16
vn -0.7474342425568128 -0.3826834323650897 -0.5430427641049987
vn -0.2854944763011695 -0.3826834323650897 -0.8786616496665794
vn 0.28549447630116914 -0.3826834323650897 -0.8786616496665797
vn 0.7474342425568127 -0.3826834323650897 -0.543042764104999
vn 0.9238795325112866 -0.3826834323650897 -2.2628522245754005e-16
vn 0.7071067811865476 -0.7071067811865475 0
vn 0.5720614028176844 -0.7071067811865475 0.41562693777745346
vn 0.21850801222441057 -0.7071067811865475 0.6724985119639574
vn -0.2185080122244105 -0.7071067811865475 0.6724985119639574
vn -0.5720614028176843 -0.7071067811865475 0.41562693777745346
vn -0.7071067811865476 -0.7071067811865475 8.659560562354934e-17
vn -0.5720614028176844 -0.7071067811865475 -0.4156269377774534
vn -0.21850801222441066 -0.7071067811865475 -0.6724985119639574
vn 0.2185080122244104 -0.7071067811865475 -0.6724985119639574
vn 0.5720614028176843 -0.7071067811865475 -0.4156269377774537
vn 0.7071067811865476 -0.7071067811865475 -1.7319121124709868e-16
vn 0.3826834323650899 -0.9238795325112867 0
vn 0.3095974002490935 -0.9238795325112867 0.2249356778408639
vn 0.11825568406654856 -0.9238795325112867 0.3639535720290144
vn -0.11825568406654854 -0.9238795325112867 0.36395357202901446
vn -0.3095974002490935 -0.9238795325112867 0.224935677840864
vn -0.3826834323650899 -0.9238795325112867 4.6865204053263004e-17
vn -0.3095974002490935 -0.9238795325112867 -0.2249356778408639
vn -0.11825568406654861 -0.9238795325112867 -0.3639535720290144
vn 0.11825568406654849 -0.9238795325112867 -0.36395357202901446
vn 0.3095974002490935 -0.9238795325112867 -0.224935677840864
vn 0.3826834323650899 -0.9238795325112867 -9.373040810652601e-17
vn 1.2246467991473532e-16 -1 0
vn 9.907600726170916e-17 -1 7.198293278059966e-17
vn 3.7843667304341506e-17 -1 1.1647083184890923e-16
vn -3.7843667304341493e-17 -1 1.1647083184890926e-16
vn -9.907600726170915e-17 -1 7.198293278059968e-17
vn -1.2246467991473532e-16 -1 1.4997597826618576e-32
vn -9.907600726170916e-17 -1 -7.198293278059965e-17
vn -3.784366730434152e-17 -1 -1.1647083184890923e-16
vn 3.7843667304341475e-17 -1 -1.1647083184890926e-16
vn 9.907600726170915e-17 -1 -7.19829327805997e-17
vn 1.2246467991473532e-16 -1 -2.999519565323715e-32
vn 0 1 0
vn 0 1 0
vn 0 1 0
vn 0 1 0
vn 0 1 0
vn 0 1 0
vn 0 1 0
vn 0 1 0
vn 0 1 0
vn 0 1 0
vn 0 1 0
vn 0.3826834323650898 0.9238795325112867 0
vn 0.30959740024909344 0.9238795325112867 0.22493567784086388
vn 0.11825568406654854 0.9238795325112867 0.3639535720290143
vn -0.11825568406654849 0.9238795325112867 0.36395357202901435
vn -0.3095974002490934 0.9238795325112867 0.2249356778408639
vn -0.3826834323650898 0.9238795325112867 4.6865204053262986e-17
vn -0.30959740024909344 0.9238795325112867 -0.22493567784086382
vn -0.11825568406654856 0.9238795325112867 -0.3639535720290143
vn 0.11825568406654843 0.9238795325112867 -0.36395357202901435
vn 0.3095974002490934 0.9238795325112867 -0.22493567784086396
vn 0.3826834323650898 0.9238795325112867 -9.373040810652597e-17
vn 0.7071067811865475 0.7071067811865476 0
vn 0.5720614028176843 0.7071067811865476 0.4156269377774534
vn 0.21850801222441055 0.7071067811865476 0.6724985119639573
vn -0.21850801222441046 0.7071067811865476 0.6724985119639573
vn -0.5720614028176841 0.7071067811865476 0.41562693777745346
vn -0.7071067811865475 0.7071067811865476 8.659560562354932e-17
vn -0.5720614028176843 0.7071067811865476 -0.4156269377774533
vn -0.2185080122244106 0.7071067811865476 -0.6724985119639573
vn 0.21850801222441038 0.7071067811865476 -0.6724985119639573
vn 0.5720614028176841 0.7071067811865476 -0.4156269377774536
vn 0.7071067811865475 0.7071067811865476 -1.7319121124709863e-16
vn 0.9238795325112866 0.38268343236508984 0
vn 0.7474342425568128 0.38268343236508984 0.5430427641049989
vn 0.28549447630116936 0.38268343236508984 0.8786616496665794
vn -0.28549447630116925 0.38268343236508984 0.8786616496665797
vn -0.7474342425568127 0.38268343236508984 0.543042764104999
vn -0.9238795325112866 0.38268343236508984 1.1314261122877003e-16
vn -0.7474342425568128 0.38268343236508984 -0.5430427641049987
vn -0.2854944763011695 0.38268343236508984 -0.8786616496665794
vn 0.28549447630116914 0.38268343236508984 -0.8786616496665797
vn 0.7474342425568127 0.38268343236508984 -0.543042764104999
vn 0.9238795325112866 0.38268343236508984 -2.2628522245754005e-16
vn 1 6.123233995736766e-17 0
vn 0.8090169943749475 6.123233995736766e-17 0.5877852522924731
vn 0.30901699437494745 6.123233995736766e-17 0.9510565162951536
vn -0.30901699437494734 6.123233995736766e-17 0.9510565162951536
vn -0.8090169943749473 6.123233995736766e-17 0.5877852522924732
vn -1 6.123233995736766e-17 1.2246467991473532e-16
vn -0.8090169943749475 6.123233995736766e-17 -0.587785252292473
vn -0.30901699437494756 6.123233995736766e-17 -0.9510565162951536
vn 0.30901699437494723 6.123233995736766e-17 -0.9510565162951536
vn 0.8090169943749473 6.123233995736766e-17 -0.5877852522924734
vn 1 6.123233995736766e-17 -2.4492935982947064e-16
vn 0.9238795325112866 -0.3826834323650897 0
vn 0.7474342425568128 -0.3826834323650897 0.5430427641049989
vn 0.28549447630116936 -0.3826834323650897 0.8786616496665794
vn -0.28549447630116925 -0.3826834323650897 0.8786616496665797
vn -0.7474342425568127 -0.3826834323650897 0.543042764104999
vn -0.9238795325112866 -0.3826834323650897 1.1314261122877003e-16
vn -0.7474342425568128 -0.3826834323650897 -0.5430427641049987
vn -0.2854944763011695 -0.3826834323650897 -0.8786616496665794
vn 0.28549447630116914 -0.3826834323650897 -0.8786616496665797
vn 0.7474342425568127 -0.3826834323650897 -0.543042764104999
vn 0.9238795325112866 -0.3826834323650897 -2.2628522245754005e-16
vn 0.7071067811865476 -0.7071067811865475 0
vn 0.5720614028176844 -0.7071067811865475 0.41562693777745346
vn 0.21850801222441057 -0.7071067811865475 0.6724985119639574
vn -0.2185080122244105 -0.7071067811865475 0.6724985119639574
vn -0.5720614028176843 -0.7071067811865475 0.41562693777745346
vn -0.7071067811865476 -0.7071067811865475 8.659560562354934e-17
vn -0.5720614028176844 -0.7071067811865475 -0.4156269377774534
vn -0.21850801222441066 -0.7071067811865475 -0.6724985119639574
vn 0.2185080122244104 -0.7071067811865475 -0.6724985119639574
vn 0.5720614028176843 -0.7071067811865475 -0.4156269377774537
vn 0.7071067811865476 -0.7071067811865475 -1.7319121124709868e-16
vn 0.3826834323650899 -0.9238795325112867 0
vn 0.3095974002490935 -0.9238795325112867 0.2249356778408639
vn 0.11825568406654856 -0.9238795325112867 0.3639535720290144
vn -0.11825568406654854 -0.9238795325112867 0.36395357202901446
vn -0.3095974002490935 -0.9238795325112867 0.224935677840864
vn -0.3826834323650899 -0.9238795325112867 4.6865204053263004e-17
vn -0.3095974002490935 -0.9238795325112867 -0.2249356778408639
vn -0.11825568406654861 -0.9238795325112867 -0.3639535720290144
vn 0.11825568406654849 -0.9238795325112867 -0.36395357202901446
vn 0.3095974002490935 -0.9238795325112867 -0.224935677840864
vn 0.3826834323650899 -0.9238795325112867 -9.373040810652601e-17
vn 1.2246467991473532e-16 -1 0
vn 9.907600726170916e-17 -1 7.198293278059966e-17
vn 3.7843667304341506e-17 -1 1.1647083184890923e-16
vn -3.7843667304341493e-17 -1 1.1647083184890926e-16
vn -9.907600726170915e-17 -1 7.198293278059968e-17
vn -1.2246467991473532e-16 -1 1.4997597826618576e-32
vn -9.907600726170916e-17 -1 -7.198293278059965e-17
vn -3.784366730434152e-17 -1 -1.1647083184890923e-16
vn 3.7843667304341475e-17 -1 -1.1647083184890926e-16
vn 9.907600726170915e-17 -1 -7.19829327805997e-17
vn 1.2246467991473532e-16 -1 -2.999519565323715e-32
vn 0 -1 0
vn 0 -1 0
vn 0 -1 0
vn 0 -1 0
vn 0 -1 0
vn 0 -1 0
vn 0 -1 0
vn 0 -1 0
vn 0 1 0
vn 0 1 0
vn 0 1 0
vn 0 1 0
vn 0 1 0
vn 0 1 0
vn 0 1 0
vn 0 1 0
vn 0 -1 0
vn 0 1 0
vn 0 -1 0
vn 0 -1 0
vn 0 -1 0
vn 0 -1 0
vn 0 -1 0
vn 0 -1 0
vn 0 -1 0
vn 0 1 0
vn 0 1 0
vn 0 1 0
vn 0 1 0
vn 0 1 0
vn 0 1 0
vn 0 1 0
vn 0 -1 0
vn 0 1 0
vn -0.5773502691896258 -0.5773502691896258 -0.5773502691896258
vn -0.5773502691896258 -0.5773502691896258 0.5773502691896258
vn -0.5773502691896258 0.5773502691896258 -0.5773502691896258
vn -0.5773502691896258 0.5773502691896258 0.5773502691896258
vn 0.5773502691896258 -0.5773502691896258 -0.5773502691896258
vn 0.5773502691896258 -0.5773502691896258 0.5773502691896258
vn 0.5773502691896258 0.5773502691896258 -0.5773502691896258
vn 0.5773502691896258 0.5773502691896258 0.5773502691896258
vn 0 -0.35682208977308993 -0.9341723589627159
vn 0 -0.35682208977308993 0.9341723589627159
vn 0 0.35682208977308993 -0.9341723589627159
vn 0 0.35682208977308993 0.9341723589627159
vn -0.35682208977308993 -0.9341723589627159 0
vn -0.35682208977308993 0.9341723589627159 0
vn 0.35682208977308993 -0.9341723589627159 0
vn 0.35682208977308993 0.9341723589627159 0
vn -0.9341723589627159 0 -0.35682208977308993
vn -0.9341723589627159 0 0.35682208977308993
vn 0.9341723589627159 0 -0.35682208977308993
vn 0.9341723589627159 0 0.35682208977308993
vn 0 1 0
vn 0 1 0
vn 0 1 0
vn 0 1 0
vn 0 1 0
vn 0 1 0
vn 0 1 0
vn 0 1 0
vn 0 1 0
vn 0 1 0
vn 0 1 0
vn 0.3826834323650898 0.9238795325112866 0
vn 0.30959740024909344 0.9238795325112866 0.22493567784086385
vn 0.11825568406654853 0.9238795325112866 0.3639535720290143
vn -0.11825568406654849 0.9238795325112866 0.36395357202901435
vn -0.3095974002490934 0.9238795325112866 0.2249356778408639
vn -0.3826834323650898 0.9238795325112866 4.6865204053262986e-17
vn -0.30959740024909344 0.9238795325112866 -0.2249356778408638
vn -0.11825568406654857 0.9238795325112866 -0.3639535720290143
vn 0.11825568406654845 0.9238795325112866 -0.36395357202901435
vn 0.3095974002490934 0.9238795325112866 -0.22493567784086396
vn 0.3826834323650898 0.9238795325112866 -9.373040810652597e-17
vn 0.7071067811865475 0.7071067811865476 0
vn 0.5720614028176843 0.7071067811865476 0.4156269377774534
vn 0.21850801222441055 0.7071067811865476 0.6724985119639573
vn -0.21850801222441046 0.7071067811865476 0.6724985119639573
vn -0.5720614028176841 0.7071067811865476 0.41562693777745346
vn -0.7071067811865475 0.7071067811865476 8.659560562354932e-17
vn -0.5720614028176843 0.7071067811865476 -0.4156269377774533
vn -0.2185080122244106 0.7071067811865476 -0.6724985119639573
vn 0.21850801222441038 0.7071067811865476 -0.6724985119639573
vn 0.5720614028176841 0.7071067811865476 -0.4156269377774536
vn 0.7071067811865475 0.7071067811865476 -1.7319121124709863e-16
vn 0.9238795325112867 0.38268343236508984 0
vn 0.7474342425568128 0.38268343236508984 0.5430427641049989
vn 0.28549447630116936 0.38268343236508984 0.8786616496665796
vn -0.28549447630116925 0.38268343236508984 0.8786616496665796
vn -0.7474342425568127 0.38268343236508984 0.543042764104999
vn -0.9238795325112867 0.38268343236508984 1.1314261122877003e-16
vn -0.7474342425568128 0.38268343236508984 -0.5430427641049987
vn -0.2854944763011695 0.38268343236508984 -0.8786616496665796
vn 0.28549447630116914 0.38268343236508984 -0.8786616496665796
vn 0.7474342425568127 0.38268343236508984 -0.543042764104999
vn 0.9238795325112867 0.38268343236508984 -2.2628522245754005e-16
vn 1 6.123233995736766e-17 0
vn 0.8090169943749475 6.123233995736766e-17 0.5877852522924731
vn 0.30901699437494745 6.123233995736766e-17 0.9510565162951534
vn -0.30901699437494734 6.123233995736766e-17 0.9510565162951536
vn -0.8090169943749473 6.123233995736766e-17 0.5877852522924732
vn -1 6.123233995736766e-17 1.2246467991473532e-16
vn -0.8090169943749475 6.123233995736766e-17 -0.587785252292473
vn -0.30901699437494756 6.123233995736766e-17 -0.9510565162951534
vn 0.30901699437494723 6.123233995736766e-17 -0.9510565162951536
vn 0.8090169943749473 6.123233995736766e-17 -0.5877852522924734
vn 1 6.123233995736766e-17 -2.4492935982947064e-16
vn 0.9238795325112867 -0.3826834323650897 0
vn 0.7474342425568128 -0.3826834323650897 0.5430427641049989
vn 0.28549447630116936 -0.3826834323650897 0.8786616496665796
vn -0.28549447630116925 -0.3826834323650897 0.8786616496665796
vn -0.7474342425568127 -0.3826834323650897 0.543042764104999
vn -0.9238795325112867 -0.3826834323650897 1.1314261122877003e-16
vn -0.7474342425568128 -0.3826834323650897 -0.5430427641049987
vn -0.2854944763011695 -0.3826834323650897 -0.8786616496665796
vn 0.28549447630116914 -0.3826834323650897 -0.8786616496665796
vn 0.7474342425568127 -0.3826834323650897 -0.543042764104999
vn 0.9238795325112867 -0.3826834323650897 -2.2628522245754005e-16
vn 0.7071067811865476 -0.7071067811865475 0
vn 0.5720614028176844 -0.7071067811865475 0.41562693777745346
vn 0.21850801222441057 -0.7071067811865475 0.6724985119639574
vn -0.2185080122244105 -0.7071067811865475 0.6724985119639574
vn -0.5720614028176843 -0.7071067811865475 0.4156269377774535
vn -0.7071067811865476 -0.7071067811865475 8.659560562354934e-17
vn -0.5720614028176844 -0.7071067811865475 -0.4156269377774534
vn -0.21850801222441066 -0.7071067811865475 -0.6724985119639574
vn 0.2185080122244104 -0.7071067811865475 -0.6724985119639574
vn 0.5720614028176843 -0.7071067811865475 -0.41562693777745363
vn 0.7071067811865476 -0.7071067811865475 -1.7319121124709868e-16
vn 0.3826834323650899 -0.9238795325112866 0
vn 0.3095974002490935 -0.9238795325112866 0.22493567784086396
vn 0.11825568406654857 -0.9238795325112866 0.3639535720290144
vn -0.11825568406654853 -0.9238795325112866 0.36395357202901446
vn -0.3095974002490935 -0.9238795325112866 0.224935677840864
vn -0.3826834323650899 -0.9238795325112866 4.6865204053263e-17
vn -0.3095974002490935 -0.9238795325112866 -0.2249356778408639
vn -0.11825568406654861 -0.9238795325112866 -0.3639535720290144
vn 0.11825568406654849 -0.9238795325112866 -0.36395357202901446
vn 0.3095974002490935 -0.9238795325112866 -0.224935677840864
vn 0.3826834323650899 -0.9238795325112866 -9.3730408106526e-17
vn 1.2246467991473532e-16 -1 0
vn 9.907600726170916e-17 -1 7.198293278059966e-17
vn 3.7843667304341506e-17 -1 1.1647083184890923e-16
vn -3.7843667304341493e-17 -1 1.1647083184890926e-16
vn -9.907600726170915e-17 -1 7.198293278059968e-17
vn -1.2246467991473532e-16 -1 1.4997597826618576e-32
vn -9.907600726170916e-17 -1 -7.198293278059965e-17
vn -3.784366730434152e-17 -1 -1.1647083184890923e-16
vn 3.7843667304341475e-17 -1 -1.1647083184890926e-16
vn 9.907600726170915e-17 -1 -7.19829327805997e-17
vn 1.2246467991473532e-16 -1 -2.999519565323715e-32
vn 0 1 0
vn 0 1 0
vn 0 1 0
vn 0 1 0
vn 0 1 0
vn 0 1 0
vn 0 1 0
vn 0 1 0
vn 0 1 0
vn 0 1 0
vn 0 1 0
vn 0.3826834323650898 0.9238795325112866 0
vn 0.30959740024909344 0.9238795325112866 0.22493567784086385
vn 0.11825568406654853 0.9238795325112866 0.3639535720290143
vn -0.11825568406654849 0.9238795325112866 0.36395357202901435
vn -0.3095974002490934 0.9238795325112866 0.2249356778408639
vn -0.3826834323650898 0.9238795325112866 4.6865204053262986e-17
vn -0.30959740024909344 0.9238795325112866 -0.2249356778408638
vn -0.11825568406654857 0.9238795325112866 -0.3639535720290143
vn 0.11825568406654845 0.9238795325112866 -0.36395357202901435
vn 0.3095974002490934 0.9238795325112866 -0.22493567784086396
vn 0.3826834323650898 0.9238795325112866 -9.373040810652597e-17
vn 0.7071067811865475 0.7071067811865476 0
vn 0.5720614028176843 0.7071067811865476 0.4156269377774534
vn 0.21850801222441055 0.7071067811865476 0.6724985119639573
vn -0.21850801222441046 0.7071067811865476 0.6724985119639573
vn -0.5720614028176841 0.7071067811865476 0.41562693777745346
vn -0.7071067811865475 0.7071067811865476 8.659560562354932e-17
vn -0.5720614028176843 0.7071067811865476 -0.4156269377774533
vn -0.2185080122244106 0.7071067811865476 -0.6724985119639573
vn 0.21850801222441038 0.7071067811865476 -0.6724985119639573
vn 0.5720614028176841 0.7071067811865476 -0.4156269377774536
vn 0.7071067811865475 0.7071067811865476 -1.7319121124709863e-16
vn 0.9238795325112867 0.38268343236508984 0
vn 0.7474342425568128 0.38268343236508984 0.5430427641049989
vn 0.28549447630116936 0.38268343236508984 0.8786616496665796
vn -0.28549447630116925 0.38268343236508984 0.8786616496665796
vn -0.7474342425568127 0.38268343236508984 0.543042764104999
vn -0.9238795325112867 0.38268343236508984 1.1314261122877003e-16
vn -0.7474342425568128 0.38268343236508984 -0.5430427641049987
vn -0.2854944763011695 0.38268343236508984 -0.8786616496665796
vn 0.28549447630116914 0.38268343236508984 -0.8786616496665796
vn 0.7474342425568127 0.38268343236508984 -0.543042764104999
vn 0.9238795325112867 0.38268343236508984 -2.2628522245754005e-16
vn 1 6.123233995736766e-17 0
vn 0.8090169943749475 6.123233995736766e-17 0.5877852522924731
vn 0.30901699437494745 6.123233995736766e-17 0.9510565162951534
vn -0.30901699437494734 6.123233995736766e-17 0.9510565162951536
vn -0.8090169943749473 6.123233995736766e-17 0.5877852522924732
vn -1 6.123233995736766e-17 1.2246467991473532e-16
vn -0.8090169943749475 6.123233995736766e-17 -0.587785252292473
vn -0.30901699437494756 6.123233995736766e-17 -0.9510565162951534
vn 0.30901699437494723 6.123233995736766e-17 -0.9510565162951536
vn 0.8090169943749473 6.123233995736766e-17 -0.5877852522924734
vn 1 6.123233995736766e-17 -2.4492935982947064e-16
vn 0.9238795325112867 -0.3826834323650897 0
vn 0.7474342425568128 -0.3826834323650897 0.5430427641049989
vn 0.28549447630116936 -0.3826834323650897 0.8786616496665796
vn -0.28549447630116925 -0.3826834323650897 0.8786616496665796
vn -0.7474342425568127 -0.3826834323650897 0.543042764104999
vn -0.9238795325112867 -0.3826834323650897 1.1314261122877003e-16
vn -0.7474342425568128 -0.3826834323650897 -0.5430427641049987
vn -0.2854944763011695 -0.3826834323650897 -0.8786616496665796
vn 0.28549447630116914 -0.3826834323650897 -0.8786616496665796
vn 0.7474342425568127 -0.3826834323650897 -0.543042764104999
vn 0.9238795325112867 -0.3826834323650897 -2.2628522245754005e-16
vn 0.7071067811865476 -0.7071067811865475 0
vn 0.5720614028176844 -0.7071067811865475 0.41562693777745346
vn 0.21850801222441057 -0.7071067811865475 0.6724985119639574
vn -0.2185080122244105 -0.7071067811865475 0.6724985119639574
vn -0.5720614028176843 -0.7071067811865475 0.4156269377774535
vn -0.7071067811865476 -0.7071067811865475 8.659560562354934e-17
vn -0.5720614028176844 -0.7071067811865475 -0.4156269377774534
vn -0.21850801222441066 -0.7071067811865475 -0.6724985119639574
vn 0.2185080122244104 -0.7071067811865475 -0.6724985119639574
vn 0.5720614028176843 -0.7071067811865475 -0.41562693777745363
vn 0.7071067811865476 -0.7071067811865475 -1.7319121124709868e-16
vn 0.3826834323650899 -0.9238795325112866 0
vn 0.3095974002490935 -0.9238795325112866 0.22493567784086396
vn 0.11825568406654857 -0.9238795325112866 0.3639535720290144
vn -0.11825568406654853 -0.9238795325112866 0.36395357202901446
vn -0.3095974002490935 -0.9238795325112866 0.224935677840864
vn -0.3826834323650899 -0.9238795325112866 4.6865204053263e-17
vn -0.3095974002490935 -0.9238795325112866 -0.2249356778408639
vn -0.11825568406654861 -0.9238795325112866 -0.3639535720290144
vn 0.11825568406654849 -0.9238795325112866 -0.36395357202901446
vn 0.3095974002490935 -0.9238795325112866 -0.224935677840864
vn 0.3826834323650899 -0.9238795325112866 -9.3730408106526e-17
vn 1.2246467991473532e-16 -1 0
vn 9.907600726170916e-17 -1 7.198293278059966e-17
vn 3.7843667304341506e-17 -1 1.1647083184890923e-16
vn -3.7843667304341493e-17 -1 1.1647083184890926e-16
vn -9.907600726170915e-17 -1 7.198293278059968e-17
vn -1.2246467991473532e-16 -1 1.4997597826618576e-32
vn -9.907600726170916e-17 -1 -7.198293278059965e-17
vn -3.784366730434152e-17 -1 -1.1647083184890923e-16
vn 3.7843667304341475e-17 -1 -1.1647083184890926e-16
vn 9.907600726170915e-17 -1 -7.19829327805997e-17
vn 1.2246467991473532e-16 -1 -2.999519565323715e-32
vn 0 1 0
vn 0 1 0
vn 0 1 0
vn 0 1 0
vn 0 1 0
vn 0 1 0
vn 0 1 0
vn 0 1 0
vn 0 1 0
vn 0 1 0
vn 0 1 0
vn 0.3826834323650898 0.9238795325112866 0
vn 0.30959740024909344 0.9238795325112866 0.22493567784086385
vn 0.11825568406654853 0.9238795325112866 0.3639535720290143
vn -0.11825568406654849 0.9238795325112866 0.36395357202901435
vn -0.3095974002490934 0.9238795325112866 0.2249356778408639
vn -0.3826834323650898 0.9238795325112866 4.6865204053262986e-17
vn -0.30959740024909344 0.9238795325112866 -0.2249356778408638
vn -0.11825568406654857 0.9238795325112866 -0.3639535720290143
vn 0.11825568406654845 0.9238795325112866 -0.36395357202901435
vn 0.3095974002490934 0.9238795325112866 -0.22493567784086396
vn 0.3826834323650898 0.9238795325112866 -9.373040810652597e-17
vn 0.7071067811865475 0.7071067811865476 0
vn 0.5720614028176843 0.7071067811865476 0.4156269377774534
vn 0.21850801222441055 0.7071067811865476 0.6724985119639573
vn -0.21850801222441046 0.7071067811865476 0.6724985119639573
vn -0.5720614028176841 0.7071067811865476 0.41562693777745346
vn -0.7071067811865475 0.7071067811865476 8.659560562354932e-17
vn -0.5720614028176843 0.7071067811865476 -0.4156269377774533
vn -0.2185080122244106 0.7071067811865476 -0.6724985119639573
vn 0.21850801222441038 0.7071067811865476 -0.6724985119639573
vn 0.5720614028176841 0.7071067811865476 -0.4156269377774536
vn 0.7071067811865475 0.7071067811865476 -1.7319121124709863e-16
vn 0.9238795325112867 0.38268343236508984 0
vn 0.7474342425568128 0.38268343236508984 0.5430427641049989
vn 0.28549447630116936 0.38268343236508984 0.8786616496665796
vn -0.28549447630116925 0.38268343236508984 0.8786616496665796
vn -0.7474342425568127 0.38268343236508984 0.543042764104999
vn -0.9238795325112867 0.38268343236508984 1.1314261122877003e-16
vn -0.7474342425568128 0.38268343236508984 -0.5430427641049987
vn -0.2854944763011695 0.38268343236508984 -0.8786616496665796
vn 0.28549447630116914 0.38268343236508984 -0.8786616496665796
vn 0.7474342425568127 0.38268343236508984 -0.543042764104999
vn 0.9238795325112867 0.38268343236508984 -2.2628522245754005e-16
vn 1 6.123233995736766e-17 0
vn 0.8090169943749475 6.123233995736766e-17 0.5877852522924731
vn 0.30901699437494745 6.123233995736766e-17 0.9510565162951534
vn -0.30901699437494734 6.123233995736766e-17 0.9510565162951536
vn -0.8090169943749473 6.123233995736766e-17 0.5877852522924732
vn -1 6.123233995736766e-17 1.2246467991473532e-16
vn -0.8090169943749475 6.123233995736766e-17 -0.587785252292473
vn -0.30901699437494756 6.123233995736766e-17 -0.9510565162951534
vn 0.30901699437494723 6.123233995736766e-17 -0.9510565162951536
vn 0.8090169943749473 6.123233995736766e-17 -0.5877852522924734
vn 1 6.123233995736766e-17 -2.4492935982947064e-16
vn 0.9238795325112867 -0.3826834323650897 0
vn 0.7474342425568128 -0.3826834323650897 0.5430427641049989
vn 0.28549447630116936 -0.3826834323650897 0.8786616496665796
vn -0.28549447630116925 -0.3826834323650897 0.8786616496665796
vn -0.7474342425568127 -0.3826834323650897 0.543042764104999
vn -0.9238795325112867 -0.3826834323650897 1.1314261122877003e-16
vn -0.7474342425568128 -0.3826834323650897 -0.5430427641049987
vn -0.2854944763011695 -0.3826834323650897 -0.8786616496665796
vn 0.28549447630116914 -0.3826834323650897 -0.8786616496665796
vn 0.7474342425568127 -0.3826834323650897 -0.543042764104999
vn 0.9238795325112867 -0.3826834323650897 -2.2628522245754005e-16
vn 0.7071067811865476 -0.7071067811865475 0
vn 0.5720614028176844 -0.7071067811865475 0.41562693777745346
vn 0.21850801222441057 -0.7071067811865475 0.6724985119639574
vn -0.2185080122244105 -0.7071067811865475 0.6724985119639574
vn -0.5720614028176843 -0.7071067811865475 0.4156269377774535
vn -0.7071067811865476 -0.7071067811865475 8.659560562354934e-17
vn -0.5720614028176844 -0.7071067811865475 -0.4156269377774534
vn -0.21850801222441066 -0.7071067811865475 -0.6724985119639574
vn 0.2185080122244104 -0.7071067811865475 -0.6724985119639574
vn 0.5720614028176843 -0.7071067811865475 -0.41562693777745363
vn 0.7071067811865476 -0.7071067811865475 -1.7319121124709868e-16
vn 0.3826834323650899 -0.9238795325112866 0
vn 0.3095974002490935 -0.9238795325112866 0.22493567784086396
vn 0.11825568406654857 -0.9238795325112866 0.3639535720290144
vn -0.11825568406654853 -0.9238795325112866 0.36395357202901446
vn -0.3095974002490935 -0.9238795325112866 0.224935677840864
vn -0.3826834323650899 -0.9238795325112866 4.6865204053263e-17
vn -0.3095974002490935 -0.9238795325112866 -0.2249356778408639
vn -0.11825568406654861 -0.9238795325112866 -0.3639535720290144
vn 0.11825568406654849 -0.9238795325112866 -0.36395357202901446
vn 0.3095974002490935 -0.9238795325112866 -0.224935677840864
vn 0.3826834323650899 -0.9238795325112866 -9.3730408106526e-17
vn 1.2246467991473532e-16 -1 0
vn 9.907600726170916e-17 -1 7.198293278059966e-17
vn 3.7843667304341506e-17 -1 1.1647083184890923e-16
vn -3.7843667304341493e-17 -1 1.1647083184890926e-16
vn -9.907600726170915e-17 -1 7.198293278059968e-17
vn -1.2246467991473532e-16 -1 1.4997597826618576e-32
vn -9.907600726170916e-17 -1 -7.198293278059965e-17
vn -3.784366730434152e-17 -1 -1.1647083184890923e-16
vn 3.7843667304341475e-17 -1 -1.1647083184890926e-16
vn 9.907600726170915e-17 -1 -7.19829327805997e-17
vn 1.2246467991473532e-16 -1 -2.999519565323715e-32
vn 0 1 0
vn 0 1 0
vn 0 1 0
vn 0 1 0
vn 0 1 0
vn 0 1 0
vn 0 1 0
vn 0 1 0
vn 0 1 0
vn 0 1 0
vn 0 1 0
vn 0.3826834323650898 0.9238795325112866 0
vn 0.30959740024909344 0.9238795325112866 0.22493567784086385
vn 0.11825568406654853 0.9238795325112866 0.3639535720290143
vn -0.11825568406654849 0.9238795325112866 0.36395357202901435
vn -0.3095974002490934 0.9238795325112866 0.2249356778408639
vn -0.3826834323650898 0.9238795325112866 4.6865204053262986e-17
vn -0.30959740024909344 0.9238795325112866 -0.2249356778408638
vn -0.11825568406654857 0.9238795325112866 -0.3639535720290143
vn 0.11825568406654845 0.9238795325112866 -0.36395357202901435
vn 0.3095974002490934 0.9238795325112866 -0.22493567784086396
vn 0.3826834323650898 0.9238795325112866 -9.373040810652597e-17
vn 0.7071067811865475 0.7071067811865476 0
vn 0.5720614028176843 0.7071067811865476 0.4156269377774534
vn 0.21850801222441055 0.7071067811865476 0.6724985119639573
vn -0.21850801222441046 0.7071067811865476 0.6724985119639573
vn -0.5720614028176841 0.7071067811865476 0.41562693777745346
vn -0.7071067811865475 0.7071067811865476 8.659560562354932e-17
vn -0.5720614028176843 0.7071067811865476 -0.4156269377774533
vn -0.2185080122244106 0.7071067811865476 -0.6724985119639573
vn 0.21850801222441038 0.7071067811865476 -0.6724985119639573
vn 0.5720614028176841 0.7071067811865476 -0.4156269377774536
vn 0.7071067811865475 0.7071067811865476 -1.7319121124709863e-16
vn 0.9238795325112867 0.38268343236508984 0
vn 0.7474342425568128 0.38268343236508984 0.5430427641049989
vn 0.28549447630116936 0.38268343236508984 0.8786616496665796
vn -0.28549447630116925 0.38268343236508984 0.8786616496665796
vn -0.7474342425568127 0.38268343236508984 0.543042764104999
vn -0.9238795325112867 0.38268343236508984 1.1314261122877003e-16
vn -0.7474342425568128 0.38268343236508984 -0.5430427641049987
vn -0.2854944763011695 0.38268343236508984 -0.8786616496665796
vn 0.28549447630116914 0.38268343236508984 -0.8786616496665796
vn 0.7474342425568127 0.38268343236508984 -0.543042764104999
vn 0.9238795325112867 0.38268343236508984 -2.2628522245754005e-16
vn 1 6.123233995736766e-17 0
vn 0.8090169943749475 6.123233995736766e-17 0.5877852522924731
vn 0.30901699437494745 6.123233995736766e-17 0.9510565162951534
vn -0.30901699437494734 6.123233995736766e-17 0.9510565162951536
vn -0.8090169943749473 6.123233995736766e-17 0.5877852522924732
vn -1 6.123233995736766e-17 1.2246467991473532e-16
vn -0.8090169943749475 6.123233995736766e-17 -0.587785252292473
vn -0.30901699437494756 6.123233995736766e-17 -0.9510565162951534
vn 0.30901699437494723 6.123233995736766e-17 -0.9510565162951536
vn 0.8090169943749473 6.123233995736766e-17 -0.5877852522924734
vn 1 6.123233995736766e-17 -2.4492935982947064e-16
vn 0.9238795325112867 -0.3826834323650897 0
vn 0.7474342425568128 -0.3826834323650897 0.5430427641049989
vn 0.28549447630116936 -0.3826834323650897 0.8786616496665796
vn -0.28549447630116925 -0.3826834323650897 0.8786616496665796
vn -0.7474342425568127 -0.3826834323650897 0.543042764104999
vn -0.9238795325112867 -0.3826834323650897 1.1314261122877003e-16
vn -0.7474342425568128 -0.3826834323650897 -0.5430427641049987
vn -0.2854944763011695 -0.3826834323650897 -0.8786616496665796
vn 0.28549447630116914 -0.3826834323650897 -0.8786616496665796
vn 0.7474342425568127 -0.3826834323650897 -0.543042764104999
vn 0.9238795325112867 -0.3826834323650897 -2.2628522245754005e-16
vn 0.7071067811865476 -0.7071067811865475 0
vn 0.5720614028176844 -0.7071067811865475 0.41562693777745346
vn 0.21850801222441057 -0.7071067811865475 0.6724985119639574
vn -0.2185080122244105 -0.7071067811865475 0.6724985119639574
vn -0.5720614028176843 -0.7071067811865475 0.4156269377774535
vn -0.7071067811865476 -0.7071067811865475 8.659560562354934e-17
vn -0.5720614028176844 -0.7071067811865475 -0.4156269377774534
vn -0.21850801222441066 -0.7071067811865475 -0.6724985119639574
vn 0.2185080122244104 -0.7071067811865475 -0.6724985119639574
vn 0.5720614028176843 -0.7071067811865475 -0.41562693777745363
vn 0.7071067811865476 -0.7071067811865475 -1.7319121124709868e-16
vn 0.3826834323650899 -0.9238795325112866 0
vn 0.3095974002490935 -0.9238795325112866 0.22493567784086396
vn 0.11825568406654857 -0.9238795325112866 0.3639535720290144
vn -0.11825568406654853 -0.9238795325112866 0.36395357202901446
vn -0.3095974002490935 -0.9238795325112866 0.224935677840864
vn -0.3826834323650899 -0.9238795325112866 4.6865204053263e-17
vn -0.3095974002490935 -0.9238795325112866 -0.2249356778408639
vn -0.11825568406654861 -0.9238795325112866 -0.3639535720290144
vn 0.11825568406654849 -0.9238795325112866 -0.36395357202901446
vn 0.3095974002490935 -0.9238795325112866 -0.224935677840864
vn 0.3826834323650899 -0.9238795325112866 -9.3730408106526e-17
vn 1.2246467991473532e-16 -1 0
vn 9.907600726170916e-17 -1 7.198293278059966e-17
vn 3.7843667304341506e-17 -1 1.1647083184890923e-16
vn -3.7843667304341493e-17 -1 1.1647083184890926e-16
vn -9.907600726170915e-17 -1 7.198293278059968e-17
vn -1.2246467991473532e-16 -1 1.4997597826618576e-32
vn -9.907600726170916e-17 -1 -7.198293278059965e-17
vn -3.784366730434152e-17 -1 -1.1647083184890923e-16
vn 3.7843667304341475e-17 -1 -1.1647083184890926e-16
vn 9.907600726170915e-17 -1 -7.19829327805997e-17
vn 1.2246467991473532e-16 -1 -2.999519565323715e-32
vn 0 -1 0
vn 0 -1 0
vn 0 -1 0
vn 0 -1 0
vn 0 -1 0
vn 0 -1 0
vn 0 -1 0
vn 0 -1 0
vn 0 1 0
vn 0 1 0
vn 0 1 0
vn 0 1 0
vn 0 1 0
vn 0 1 0
vn 0 1 0
vn 0 1 0
vn 0 -1 0
vn 0 1 0
vn 0 -1 0
vn 0 -1 0
vn 0 -1 0
vn 0 -1 0
vn 0 -1 0
vn 0 -1 0
vn 0 -1 0
vn 0 1 0
vn 0 1 0
vn 0 1 0
vn 0 1 0
vn 0 1 0
vn 0 1 0
vn 0 1 0
vn 0 -1 0
vn 0 1 0
vn -0.5773502691896258 -0.5773502691896258 -0.5773502691896258
vn -0.5773502691896258 -0.5773502691896258 0.5773502691896258
vn -0.5773502691896258 0.5773502691896258 -0.5773502691896258
vn -0.5773502691896258 0.5773502691896258 0.5773502691896258
vn 0.5773502691896258 -0.5773502691896258 -0.5773502691896258
vn 0.5773502691896258 -0.5773502691896258 0.5773502691896258
vn 0.5773502691896258 0.5773502691896258 -0.5773502691896258
vn 0.5773502691896258 0.5773502691896258 0.5773502691896258
vn 0 -0.35682208977309 -0.9341723589627158
vn 0 -0.35682208977309 0.9341723589627158
vn 0 0.35682208977309 -0.9341723589627158
vn 0 0.35682208977309 0.9341723589627158
vn -0.35682208977309 -0.9341723589627158 0
vn -0.35682208977309 0.9341723589627158 0
vn 0.35682208977309 -0.9341723589627158 0
vn 0.35682208977309 0.9341723589627158 0
vn -0.9341723589627158 0 -0.35682208977309
vn -0.9341723589627158 0 0.35682208977309
vn 0.9341723589627158 0 -0.35682208977309
vn 0.9341723589627158 0 0.35682208977309
vn 0 1 0
vn 0 1 0
vn 0 1 0
vn 0 1 0
vn 0 1 0
vn 0 1 0
vn 0 1 0
vn 0 1 0
vn 0 1 0
vn 0 1 0
vn 0 1 0
vn 0.3826834323650898 0.9238795325112867 0
vn 0.30959740024909344 0.9238795325112867 0.22493567784086388
vn 0.11825568406654853 0.9238795325112867 0.3639535720290143
vn -0.11825568406654849 0.9238795325112867 0.36395357202901435
vn -0.3095974002490934 0.9238795325112867 0.2249356778408639
vn -0.3826834323650898 0.9238795325112867 4.686520405326298e-17
vn -0.30959740024909344 0.9238795325112867 -0.22493567784086382
vn -0.11825568406654856 0.9238795325112867 -0.3639535720290143
vn 0.11825568406654843 0.9238795325112867 -0.36395357202901435
vn 0.3095974002490934 0.9238795325112867 -0.22493567784086396
vn 0.3826834323650898 0.9238795325112867 -9.373040810652596e-17
vn 0.7071067811865475 0.7071067811865476 0
vn 0.5720614028176843 0.7071067811865476 0.4156269377774534
vn 0.21850801222441057 0.7071067811865476 0.6724985119639573
vn -0.21850801222441046 0.7071067811865476 0.6724985119639573
vn -0.5720614028176841 0.7071067811865476 0.41562693777745346
vn -0.7071067811865475 0.7071067811865476 8.659560562354932e-17
vn -0.5720614028176843 0.7071067811865476 -0.4156269377774533
vn -0.21850801222441063 0.7071067811865476 -0.6724985119639573
vn 0.21850801222441038 0.7071067811865476 -0.6724985119639573
vn 0.5720614028176841 0.7071067811865476 -0.41562693777745363
vn 0.7071067811865475 0.7071067811865476 -1.7319121124709863e-16
vn 0.9238795325112867 0.38268343236508984 0
vn 0.7474342425568128 0.38268343236508984 0.5430427641049989
vn 0.28549447630116936 0.38268343236508984 0.8786616496665796
vn -0.28549447630116925 0.38268343236508984 0.8786616496665796
vn -0.7474342425568127 0.38268343236508984 0.543042764104999
vn -0.9238795325112867 0.38268343236508984 1.1314261122877003e-16
vn -0.7474342425568128 0.38268343236508984 -0.5430427641049987
vn -0.2854944763011695 0.38268343236508984 -0.8786616496665796
vn 0.28549447630116914 0.38268343236508984 -0.8786616496665796
vn 0.7474342425568127 0.38268343236508984 -0.543042764104999
vn 0.9238795325112867 0.38268343236508984 -2.2628522245754005e-16
vn 1 6.123233995736766e-17 0
vn 0.8090169943749475 6.123233995736766e-17 0.5877852522924731
vn 0.30901699437494745 6.123233995736766e-17 0.9510565162951535
vn -0.30901699437494734 6.123233995736766e-17 0.9510565162951535
vn -0.8090169943749473 6.123233995736766e-17 0.5877852522924732
vn -1 6.123233995736766e-17 1.2246467991473532e-16
vn -0.8090169943749475 6.123233995736766e-17 -0.587785252292473
vn -0.30901699437494756 6.123233995736766e-17 -0.9510565162951535
vn 0.30901699437494723 6.123233995736766e-17 -0.9510565162951535
vn 0.8090169943749473 6.123233995736766e-17 -0.5877852522924734
vn 1 6.123233995736766e-17 -2.4492935982947064e-16
vn 0.9238795325112867 -0.38268343236508967 0
vn 0.7474342425568128 -0.38268343236508967 0.5430427641049989
vn 0.28549447630116936 -0.38268343236508967 0.8786616496665796
vn -0.28549447630116925 -0.38268343236508967 0.8786616496665796
vn -0.7474342425568127 -0.38268343236508967 0.543042764104999
vn -0.9238795325112867 -0.38268343236508967 1.1314261122877003e-16
vn -0.7474342425568128 -0.38268343236508967 -0.5430427641049987
vn -0.2854944763011695 -0.38268343236508967 -0.8786616496665796
vn 0.28549447630116914 -0.38268343236508967 -0.8786616496665796
vn 0.7474342425568127 -0.38268343236508967 -0.543042764104999
vn 0.9238795325112867 -0.38268343236508967 -2.2628522245754005e-16
vn 0.7071067811865476 -0.7071067811865475 0
vn 0.5720614028176844 -0.7071067811865475 0.41562693777745346
vn 0.21850801222441057 -0.7071067811865475 0.6724985119639574
vn -0.21850801222441046 -0.7071067811865475 0.6724985119639574
vn -0.5720614028176843 -0.7071067811865475 0.4156269377774535
vn -0.7071067811865476 -0.7071067811865475 8.659560562354934e-17
vn -0.5720614028176844 -0.7071067811865475 -0.4156269377774534
vn -0.21850801222441066 -0.7071067811865475 -0.6724985119639574
vn 0.21850801222441044 -0.7071067811865475 -0.6724985119639574
vn 0.5720614028176843 -0.7071067811865475 -0.41562693777745363
vn 0.7071067811865476 -0.7071067811865475 -1.7319121124709868e-16
vn 0.3826834323650899 -0.9238795325112867 0
vn 0.3095974002490935 -0.9238795325112867 0.22493567784086396
vn 0.11825568406654856 -0.9238795325112867 0.36395357202901446
vn -0.11825568406654853 -0.9238795325112867 0.36395357202901446
vn -0.3095974002490935 -0.9238795325112867 0.224935677840864
vn -0.3826834323650899 -0.9238795325112867 4.6865204053263e-17
vn -0.3095974002490935 -0.9238795325112867 -0.2249356778408639
vn -0.11825568406654861 -0.9238795325112867 -0.36395357202901446
vn 0.11825568406654849 -0.9238795325112867 -0.36395357202901446
vn 0.3095974002490935 -0.9238795325112867 -0.22493567784086402
vn 0.3826834323650899 -0.9238795325112867 -9.3730408106526e-17
vn 1.2246467991473532e-16 -1 0
vn 9.907600726170916e-17 -1 7.198293278059966e-17
vn 3.7843667304341506e-17 -1 1.1647083184890923e-16
vn -3.7843667304341493e-17 -1 1.1647083184890926e-16
vn -9.907600726170915e-17 -1 7.198293278059968e-17
vn -1.2246467991473532e-16 -1 1.4997597826618576e-32
vn -9.907600726170916e-17 -1 -7.198293278059965e-17
vn -3.784366730434152e-17 -1 -1.1647083184890923e-16
vn 3.7843667304341475e-17 -1 -1.1647083184890926e-16
vn 9.907600726170915e-17 -1 -7.19829327805997e-17
vn 1.2246467991473532e-16 -1 -2.999519565323715e-32
vn 0 1 0
vn 0 1 0
vn 0 1 0
vn 0 1 0
vn 0 1 0
vn 0 1 0
vn 0 1 0
vn 0 1 0
vn 0 1 0
vn 0 1 0
vn 0 1 0
vn 0.3826834323650898 0.9238795325112867 0
vn 0.30959740024909344 0.9238795325112867 0.22493567784086388
vn 0.11825568406654853 0.9238795325112867 0.3639535720290143
vn -0.11825568406654849 0.9238795325112867 0.36395357202901435
vn -0.3095974002490934 0.9238795325112867 0.2249356778408639
vn -0.3826834323650898 0.9238795325112867 4.686520405326298e-17
vn -0.30959740024909344 0.9238795325112867 -0.22493567784086382
vn -0.11825568406654856 0.9238795325112867 -0.3639535720290143
vn 0.11825568406654843 0.9238795325112867 -0.36395357202901435
vn 0.3095974002490934 0.9238795325112867 -0.22493567784086396
vn 0.3826834323650898 0.9238795325112867 -9.373040810652596e-17
vn 0.7071067811865475 0.7071067811865476 0
vn 0.5720614028176843 0.7071067811865476 0.4156269377774534
vn 0.21850801222441057 0.7071067811865476 0.6724985119639573
vn -0.21850801222441046 0.7071067811865476 0.6724985119639573
vn -0.5720614028176841 0.7071067811865476 0.41562693777745346
vn -0.7071067811865475 0.7071067811865476 8.659560562354932e-17
vn -0.5720614028176843 0.7071067811865476 -0.4156269377774533
vn -0.21850801222441063 0.7071067811865476 -0.6724985119639573
vn 0.21850801222441038 0.7071067811865476 -0.6724985119639573
vn 0.5720614028176841 0.7071067811865476 -0.41562693777745363
vn 0.7071067811865475 0.7071067811865476 -1.7319121124709863e-16
vn 0.9238795325112867 0.38268343236508984 0
vn 0.7474342425568128 0.38268343236508984 0.5430427641049989
vn 0.28549447630116936 0.38268343236508984 0.8786616496665796
vn -0.28549447630116925 0.38268343236508984 0.8786616496665796
vn -0.7474342425568127 0.38268343236508984 0.543042764104999
vn -0.9238795325112867 0.38268343236508984 1.1314261122877003e-16
vn -0.7474342425568128 0.38268343236508984 -0.5430427641049987
vn -0.2854944763011695 0.38268343236508984 -0.8786616496665796
vn 0.28549447630116914 0.38268343236508984 -0.8786616496665796
vn 0.7474342425568127 0.38268343236508984 -0.543042764104999
vn 0.9238795325112867 0.38268343236508984 -2.2628522245754005e-16
vn 1 6.123233995736766e-17 0
vn 0.8090169943749475 6.123233995736766e-17 0.5877852522924731
vn 0.30901699437494745 6.123233995736766e-17 0.9510565162951535
vn -0.30901699437494734 6.123233995736766e-17 0.9510565162951535
vn -0.8090169943749473 6.123233995736766e-17 0.5877852522924732
vn -1 6.123233995736766e-17 1.2246467991473532e-16
vn -0.8090169943749475 6.123233995736766e-17 -0.587785252292473
vn -0.30901699437494756 6.123233995736766e-17 -0.9510565162951535
vn 0.30901699437494723 6.123233995736766e-17 -0.9510565162951535
vn 0.8090169943749473 6.123233995736766e-17 -0.5877852522924734
vn 1 6.123233995736766e-17 -2.4492935982947064e-16
vn 0.9238795325112867 -0.38268343236508967 0
vn 0.7474342425568128 -0.38268343236508967 0.5430427641049989
vn 0.28549447630116936 -0.38268343236508967 0.8786616496665796
vn -0.28549447630116925 -0.38268343236508967 0.8786616496665796
vn -0.7474342425568127 -0.38268343236508967 0.543042764104999
vn -0.9238795325112867 -0.38268343236508967 1.1314261122877003e-16
vn -0.7474342425568128 -0.38268343236508967 -0.5430427641049987
vn -0.2854944763011695 -0.38268343236508967 -0.8786616496665796
vn 0.28549447630116914 -0.38268343236508967 -0.8786616496665796
vn 0.7474342425568127 -0.38268343236508967 -0.543042764104999
vn 0.9238795325112867 -0.38268343236508967 -2.2628522245754005e-16
vn 0.7071067811865476 -0.7071067811865475 0
vn 0.5720614028176844 -0.7071067811865475 0.41562693777745346
vn 0.21850801222441057 -0.7071067811865475 0.6724985119639574
vn -0.21850801222441046 -0.7071067811865475 0.6724985119639574
vn -0.5720614028176843 -0.7071067811865475 0.4156269377774535
vn -0.7071067811865476 -0.7071067811865475 8.659560562354934e-17
vn -0.5720614028176844 -0.7071067811865475 -0.4156269377774534
vn -0.21850801222441066 -0.7071067811865475 -0.6724985119639574
vn 0.21850801222441044 -0.7071067811865475 -0.6724985119639574
vn 0.5720614028176843 -0.7071067811865475 -0.41562693777745363
vn 0.7071067811865476 -0.7071067811865475 -1.7319121124709868e-16
vn 0.3826834323650899 -0.9238795325112867 0
vn 0.3095974002490935 -0.9238795325112867 0.22493567784086396
vn 0.11825568406654856 -0.9238795325112867 0.36395357202901446
vn -0.11825568406654853 -0.9238795325112867 0.36395357202901446
vn -0.3095974002490935 -0.9238795325112867 0.224935677840864
vn -0.3826834323650899 -0.9238795325112867 4.6865204053263e-17
vn -0.3095974002490935 -0.9238795325112867 -0.2249356778408639
vn -0.11825568406654861 -0.9238795325112867 -0.36395357202901446
vn 0.11825568406654849 -0.9238795325112867 -0.36395357202901446
vn 0.3095974002490935 -0.9238795325112867 -0.22493567784086402
vn 0.3826834323650899 -0.9238795325112867 -9.3730408106526e-17
vn 1.2246467991473532e-16 -1 0
vn 9.907600726170916e-17 -1 7.198293278059966e-17
vn 3.7843667304341506e-17 -1 1.1647083184890923e-16
vn -3.7843667304341493e-17 -1 1.1647083184890926e-16
vn -9.907600726170915e-17 -1 7.198293278059968e-17
vn -1.2246467991473532e-16 -1 1.4997597826618576e-32
vn -9.907600726170916e-17 -1 -7.198293278059965e-17
vn -3.784366730434152e-17 -1 -1.1647083184890923e-16
vn 3.7843667304341475e-17 -1 -1.1647083184890926e-16
vn 9.907600726170915e-17 -1 -7.19829327805997e-17
vn 1.2246467991473532e-16 -1 -2.999519565323715e-32
vn 0 1 0
vn 0 1 0
vn 0 1 0
vn 0 1 0
vn 0 1 0
vn 0 1 0
vn 0 1 0
vn 0 1 0
vn 0 1 0
vn 0 1 0
vn 0 1 0
vn 0.3826834323650898 0.9238795325112867 0
vn 0.30959740024909344 0.9238795325112867 0.22493567784086388
vn 0.11825568406654853 0.9238795325112867 0.3639535720290143
vn -0.11825568406654849 0.9238795325112867 0.36395357202901435
vn -0.3095974002490934 0.9238795325112867 0.2249356778408639
vn -0.3826834323650898 0.9238795325112867 4.686520405326298e-17
vn -0.30959740024909344 0.9238795325112867 -0.22493567784086382
vn -0.11825568406654856 0.9238795325112867 -0.3639535720290143
vn 0.11825568406654843 0.9238795325112867 -0.36395357202901435
vn 0.3095974002490934 0.9238795325112867 -0.22493567784086396
vn 0.3826834323650898 0.9238795325112867 -9.373040810652596e-17
vn 0.7071067811865475 0.7071067811865476 0
vn 0.5720614028176843 0.7071067811865476 0.4156269377774534
vn 0.21850801222441057 0.7071067811865476 0.6724985119639573
vn -0.21850801222441046 0.7071067811865476 0.6724985119639573
vn -0.5720614028176841 0.7071067811865476 0.41562693777745346
vn -0.7071067811865475 0.7071067811865476 8.659560562354932e-17
vn -0.5720614028176843 0.7071067811865476 -0.4156269377774533
vn -0.21850801222441063 0.7071067811865476 -0.6724985119639573
vn 0.21850801222441038 0.7071067811865476 -0.6724985119639573
vn 0.5720614028176841 0.7071067811865476 -0.41562693777745363
vn 0.7071067811865475 0.7071067811865476 -1.7319121124709863e-16
vn 0.9238795325112867 0.38268343236508984 0
vn 0.7474342425568128 0.38268343236508984 0.5430427641049989
vn 0.28549447630116936 0.38268343236508984 0.8786616496665796
vn -0.28549447630116925 0.38268343236508984 0.8786616496665796
vn -0.7474342425568127 0.38268343236508984 0.543042764104999
vn -0.9238795325112867 0.38268343236508984 1.1314261122877003e-16
vn -0.7474342425568128 0.38268343236508984 -0.5430427641049987
vn -0.2854944763011695 0.38268343236508984 -0.8786616496665796
vn 0.28549447630116914 0.38268343236508984 -0.8786616496665796
vn 0.7474342425568127 0.38268343236508984 -0.543042764104999
vn 0.9238795325112867 0.38268343236508984 -2.2628522245754005e-16
vn 1 6.123233995736766e-17 0
vn 0.8090169943749475 6.123233995736766e-17 0.5877852522924731
vn 0.30901699437494745 6.123233995736766e-17 0.9510565162951535
vn -0.30901699437494734 6.123233995736766e-17 0.9510565162951535
vn -0.8090169943749473 6.123233995736766e-17 0.5877852522924732
vn -1 6.123233995736766e-17 1.2246467991473532e-16
vn -0.8090169943749475 6.123233995736766e-17 -0.587785252292473
vn -0.30901699437494756 6.123233995736766e-17 -0.9510565162951535
vn 0.30901699437494723 6.123233995736766e-17 -0.9510565162951535
vn 0.8090169943749473 6.123233995736766e-17 -0.5877852522924734
vn 1 6.123233995736766e-17 -2.4492935982947064e-16
vn 0.9238795325112867 -0.38268343236508967 0
vn 0.7474342425568128 -0.38268343236508967 0.5430427641049989
vn 0.28549447630116936 -0.38268343236508967 0.8786616496665796
vn -0.28549447630116925 -0.38268343236508967 0.8786616496665796
vn -0.7474342425568127 -0.38268343236508967 0.543042764104999
vn -0.9238795325112867 -0.38268343236508967 1.1314261122877003e-16
vn -0.7474342425568128 -0.38268343236508967 -0.5430427641049987
vn -0.2854944763011695 -0.38268343236508967 -0.8786616496665796
vn 0.28549447630116914 -0.38268343236508967 -0.8786616496665796
vn 0.7474342425568127 -0.38268343236508967 -0.543042764104999
vn 0.9238795325112867 -0.38268343236508967 -2.2628522245754005e-16
vn 0.7071067811865476 -0.7071067811865475 0
vn 0.5720614028176844 -0.7071067811865475 0.41562693777745346
vn 0.21850801222441057 -0.7071067811865475 0.6724985119639574
vn -0.21850801222441046 -0.7071067811865475 0.6724985119639574
vn -0.5720614028176843 -0.7071067811865475 0.4156269377774535
vn -0.7071067811865476 -0.7071067811865475 8.659560562354934e-17
vn -0.5720614028176844 -0.7071067811865475 -0.4156269377774534
vn -0.21850801222441066 -0.7071067811865475 -0.6724985119639574
vn 0.21850801222441044 -0.7071067811865475 -0.6724985119639574
vn 0.5720614028176843 -0.7071067811865475 -0.41562693777745363
vn 0.7071067811865476 -0.7071067811865475 -1.7319121124709868e-16
vn 0.3826834323650899 -0.9238795325112867 0
vn 0.3095974002490935 -0.9238795325112867 0.22493567784086396
vn 0.11825568406654856 -0.9238795325112867 0.36395357202901446
vn -0.11825568406654853 -0.9238795325112867 0.36395357202901446
vn -0.3095974002490935 -0.9238795325112867 0.224935677840864
vn -0.3826834323650899 -0.9238795325112867 4.6865204053263e-17
vn -0.3095974002490935 -0.9238795325112867 -0.2249356778408639
vn -0.11825568406654861 -0.9238795325112867 -0.36395357202901446
vn 0.11825568406654849 -0.9238795325112867 -0.36395357202901446
vn 0.3095974002490935 -0.9238795325112867 -0.22493567784086402
vn 0.3826834323650899 -0.9238795325112867 -9.3730408106526e-17
vn 1.2246467991473532e-16 -1 0
vn 9.907600726170916e-17 -1 7.198293278059966e-17
vn 3.7843667304341506e-17 -1 1.1647083184890923e-16
vn -3.7843667304341493e-17 -1 1.1647083184890926e-16
vn -9.907600726170915e-17 -1 7.198293278059968e-17
vn -1.2246467991473532e-16 -1 1.4997597826618576e-32
vn -9.907600726170916e-17 -1 -7.198293278059965e-17
vn -3.784366730434152e-17 -1 -1.1647083184890923e-16
vn 3.7843667304341475e-17 -1 -1.1647083184890926e-16
vn 9.907600726170915e-17 -1 -7.19829327805997e-17
vn 1.2246467991473532e-16 -1 -2.999519565323715e-32
vn 0 1 0
vn 0 1 0
vn 0 1 0
vn 0 1 0
vn 0 1 0
vn 0 1 0
vn 0 1 0
vn 0 1 0
vn 0 1 0
vn 0 1 0
vn 0 1 0
vn 0.3826834323650898 0.9238795325112867 0
vn 0.30959740024909344 0.9238795325112867 0.22493567784086388
vn 0.11825568406654853 0.9238795325112867 0.3639535720290143
vn -0.11825568406654849 0.9238795325112867 0.36395357202901435
vn -0.3095974002490934 0.9238795325112867 0.2249356778408639
vn -0.3826834323650898 0.9238795325112867 4.686520405326298e-17
vn -0.30959740024909344 0.9238795325112867 -0.22493567784086382
vn -0.11825568406654856 0.9238795325112867 -0.3639535720290143
vn 0.11825568406654843 0.9238795325112867 -0.36395357202901435
vn 0.3095974002490934 0.9238795325112867 -0.22493567784086396
vn 0.3826834323650898 0.9238795325112867 -9.373040810652596e-17
vn 0.7071067811865475 0.7071067811865476 0
vn 0.5720614028176843 0.7071067811865476 0.4156269377774534
vn 0.21850801222441057 0.7071067811865476 0.6724985119639573
vn -0.21850801222441046 0.7071067811865476 0.6724985119639573
vn -0.5720614028176841 0.7071067811865476 0.41562693777745346
vn -0.7071067811865475 0.7071067811865476 8.659560562354932e-17
vn -0.5720614028176843 0.7071067811865476 -0.4156269377774533
vn -0.21850801222441063 0.7071067811865476 -0.6724985119639573
vn 0.21850801222441038 0.7071067811865476 -0.6724985119639573
vn 0.5720614028176841 0.7071067811865476 -0.41562693777745363
vn 0.7071067811865475 0.7071067811865476 -1.7319121124709863e-16
vn 0.9238795325112867 0.38268343236508984 0
vn 0.7474342425568128 0.38268343236508984 0.5430427641049989
vn 0.28549447630116936 0.38268343236508984 0.8786616496665796
vn -0.28549447630116925 0.38268343236508984 0.8786616496665796
vn -0.7474342425568127 0.38268343236508984 0.543042764104999
vn -0.9238795325112867 0.38268343236508984 1.1314261122877003e-16
vn -0.7474342425568128 0.38268343236508984 -0.5430427641049987
vn -0.2854944763011695 0.38268343236508984 -0.8786616496665796
vn 0.28549447630116914 0.38268343236508984 -0.8786616496665796
vn 0.7474342425568127 0.38268343236508984 -0.543042764104999
vn 0.9238795325112867 0.38268343236508984 -2.2628522245754005e-16
vn 1 6.123233995736766e-17 0
vn 0.8090169943749475 6.123233995736766e-17 0.5877852522924731
vn 0.30901699437494745 6.123233995736766e-17 0.9510565162951535
vn -0.30901699437494734 6.123233995736766e-17 0.9510565162951535
vn -0.8090169943749473 6.123233995736766e-17 0.5877852522924732
vn -1 6.123233995736766e-17 1.2246467991473532e-16
vn -0.8090169943749475 6.123233995736766e-17 -0.587785252292473
vn -0.30901699437494756 6.123233995736766e-17 -0.9510565162951535
vn 0.30901699437494723 6.123233995736766e-17 -0.9510565162951535
vn 0.8090169943749473 6.123233995736766e-17 -0.5877852522924734
vn 1 6.123233995736766e-17 -2.4492935982947064e-16
vn 0.9238795325112867 -0.38268343236508967 0
vn 0.7474342425568128 -0.38268343236508967 0.5430427641049989
vn 0.28549447630116936 -0.38268343236508967 0.8786616496665796
vn -0.28549447630116925 -0.38268343236508967 0.8786616496665796
vn -0.7474342425568127 -0.38268343236508967 0.543042764104999
vn -0.9238795325112867 -0.38268343236508967 1.1314261122877003e-16
vn -0.7474342425568128 -0.38268343236508967 -0.5430427641049987
vn -0.2854944763011695 -0.38268343236508967 -0.8786616496665796
vn 0.28549447630116914 -0.38268343236508967 -0.8786616496665796
vn 0.7474342425568127 -0.38268343236508967 -0.543042764104999
vn 0.9238795325112867 -0.38268343236508967 -2.2628522245754005e-16
vn 0.7071067811865476 -0.7071067811865475 0
vn 0.5720614028176844 -0.7071067811865475 0.41562693777745346
vn 0.21850801222441057 -0.7071067811865475 0.6724985119639574
vn -0.21850801222441046 -0.7071067811865475 0.6724985119639574
vn -0.5720614028176843 -0.7071067811865475 0.4156269377774535
vn -0.7071067811865476 -0.7071067811865475 8.659560562354934e-17
vn -0.5720614028176844 -0.7071067811865475 -0.4156269377774534
vn -0.21850801222441066 -0.7071067811865475 -0.6724985119639574
vn 0.21850801222441044 -0.7071067811865475 -0.6724985119639574
vn 0.5720614028176843 -0.7071067811865475 -0.41562693777745363
vn 0.7071067811865476 -0.7071067811865475 -1.7319121124709868e-16
vn 0.3826834323650899 -0.9238795325112867 0
vn 0.3095974002490935 -0.9238795325112867 0.22493567784086396
vn 0.11825568406654856 -0.9238795325112867 0.36395357202901446
vn -0.11825568406654853 -0.9238795325112867 0.36395357202901446
vn -0.3095974002490935 -0.9238795325112867 0.224935677840864
vn -0.3826834323650899 -0.9238795325112867 4.6865204053263e-17
vn -0.3095974002490935 -0.9238795325112867 -0.2249356778408639
vn -0.11825568406654861 -0.9238795325112867 -0.36395357202901446
vn 0.11825568406654849 -0.9238795325112867 -0.36395357202901446
vn 0.3095974002490935 -0.9238795325112867 -0.22493567784086402
vn 0.3826834323650899 -0.9238795325112867 -9.3730408106526e-17
vn 1.2246467991473532e-16 -1 0
vn 9.907600726170916e-17 -1 7.198293278059966e-17
vn 3.7843667304341506e-17 -1 1.1647083184890923e-16
vn -3.7843667304341493e-17 -1 1.1647083184890926e-16
vn -9.907600726170915e-17 -1 7.198293278059968e-17
vn -1.2246467991473532e-16 -1 1.4997597826618576e-32
vn -9.907600726170916e-17 -1 -7.198293278059965e-17
vn -3.784366730434152e-17 -1 -1.1647083184890923e-16
vn 3.7843667304341475e-17 -1 -1.1647083184890926e-16
vn 9.907600726170915e-17 -1 -7.19829327805997e-17
vn 1.2246467991473532e-16 -1 -2.999519565323715e-32
vn 0 -1 0
vn 0 -1 0
vn 0 -1 0
vn 0 -1 0
vn 0 -1 0
vn 0 -1 0
vn 0 -1 0
vn 0 -1 0
vn 0 1 0
vn 0 1 0
vn 0 1 0
vn 0 1 0
vn 0 1 0
vn 0 1 0
vn 0 1 0
vn 0 1 0
vn 0 -1 0
vn 0 1 0
vn 0 -1 0
vn 0 -1 0
vn 0 -1 0
vn 0 -1 0
vn 0 -1 0
vn 0 -1 0
vn 0 -1 0
vn 0 1 0
vn 0 1 0
vn 0 1 0
vn 0 1 0
vn 0 1 0
vn 0 1 0
vn 0 1 0
vn 0 -1 0
vn 0 1 0
vn -0.5773502691896257 -0.5773502691896257 -0.5773502691896257
vn -0.5773502691896257 -0.5773502691896257 0.5773502691896257
vn -0.5773502691896257 0.5773502691896257 -0.5773502691896257
vn -0.5773502691896257 0.5773502691896257 0.5773502691896257
vn 0.5773502691896257 -0.5773502691896257 -0.5773502691896257
vn 0.5773502691896257 -0.5773502691896257 0.5773502691896257
vn 0.5773502691896257 0.5773502691896257 -0.5773502691896257
vn 0.5773502691896257 0.5773502691896257 0.5773502691896257
vn 0 -0.35682208977308993 -0.9341723589627157
vn 0 -0.35682208977308993 0.9341723589627157
vn 0 0.35682208977308993 -0.9341723589627157
vn 0 0.35682208977308993 0.9341723589627157
vn -0.35682208977308993 -0.9341723589627157 0
vn -0.35682208977308993 0.9341723589627157 0
vn 0.35682208977308993 -0.9341723589627157 0
vn 0.35682208977308993 0.9341723589627157 0
vn -0.9341723589627157 0 -0.35682208977308993
vn -0.9341723589627157 0 0.35682208977308993
vn 0.9341723589627157 0 -0.35682208977308993
vn 0.9341723589627157 0 0.35682208977308993
vn 0 1 0
vn 0 1 0
vn 0 1 0
vn 0 1 0
vn 0 1 0
vn 0 1 0
vn 0 1 0
vn 0 1 0
vn 0 1 0
vn 0 1 0
vn 0 1 0
vn 0.3826834323650898 0.9238795325112868 0
vn 0.30959740024909344 0.9238795325112868 0.22493567784086385
vn 0.11825568406654853 0.9238795325112868 0.3639535720290143
vn -0.11825568406654849 0.9238795325112868 0.36395357202901435
vn -0.3095974002490934 0.9238795325112868 0.2249356778408639
vn -0.3826834323650898 0.9238795325112868 4.6865204053262986e-17
vn -0.30959740024909344 0.9238795325112868 -0.22493567784086382
vn -0.11825568406654857 0.9238795325112868 -0.3639535720290143
vn 0.11825568406654845 0.9238795325112868 -0.36395357202901435
vn 0.3095974002490934 0.9238795325112868 -0.22493567784086396
vn 0.3826834323650898 0.9238795325112868 -9.373040810652597e-17
vn 0.7071067811865475 0.7071067811865476 0
vn 0.5720614028176843 0.7071067811865476 0.41562693777745335
vn 0.21850801222441055 0.7071067811865476 0.6724985119639573
vn -0.21850801222441046 0.7071067811865476 0.6724985119639573
vn -0.5720614028176841 0.7071067811865476 0.41562693777745346
vn -0.7071067811865475 0.7071067811865476 8.659560562354933e-17
vn -0.5720614028176843 0.7071067811865476 -0.4156269377774533
vn -0.2185080122244106 0.7071067811865476 -0.6724985119639573
vn 0.21850801222441038 0.7071067811865476 -0.6724985119639573
vn 0.5720614028176841 0.7071067811865476 -0.41562693777745363
vn 0.7071067811865475 0.7071067811865476 -1.7319121124709866e-16
vn 0.9238795325112867 0.38268343236508984 0
vn 0.7474342425568128 0.38268343236508984 0.5430427641049989
vn 0.28549447630116936 0.38268343236508984 0.8786616496665796
vn -0.28549447630116925 0.38268343236508984 0.8786616496665796
vn -0.7474342425568127 0.38268343236508984 0.543042764104999
vn -0.9238795325112867 0.38268343236508984 1.1314261122877003e-16
vn -0.7474342425568128 0.38268343236508984 -0.5430427641049987
vn -0.2854944763011695 0.38268343236508984 -0.8786616496665796
vn 0.28549447630116914 0.38268343236508984 -0.8786616496665796
vn 0.7474342425568127 0.38268343236508984 -0.543042764104999
vn 0.9238795325112867 0.38268343236508984 -2.2628522245754005e-16
vn 1 6.123233995736766e-17 0
vn 0.8090169943749475 6.123233995736766e-17 0.5877852522924731
vn 0.30901699437494745 6.123233995736766e-17 0.9510565162951535
vn -0.30901699437494734 6.123233995736766e-17 0.9510565162951536
vn -0.8090169943749473 6.123233995736766e-17 0.5877852522924732
vn -1 6.123233995736766e-17 1.2246467991473532e-16
vn -0.8090169943749475 6.123233995736766e-17 -0.587785252292473
vn -0.30901699437494756 6.123233995736766e-17 -0.9510565162951535
vn 0.30901699437494723 6.123233995736766e-17 -0.9510565162951536
vn 0.8090169943749473 6.123233995736766e-17 -0.5877852522924734
vn 1 6.123233995736766e-17 -2.4492935982947064e-16
vn 0.9238795325112867 -0.3826834323650897 0
vn 0.7474342425568128 -0.3826834323650897 0.5430427641049989
vn 0.28549447630116936 -0.3826834323650897 0.8786616496665796
vn -0.28549447630116925 -0.3826834323650897 0.8786616496665796
vn -0.7474342425568127 -0.3826834323650897 0.543042764104999
vn -0.9238795325112867 -0.3826834323650897 1.1314261122877003e-16
vn -0.7474342425568128 -0.3826834323650897 -0.5430427641049987
vn -0.2854944763011695 -0.3826834323650897 -0.8786616496665796
vn 0.28549447630116914 -0.3826834323650897 -0.8786616496665796
vn 0.7474342425568127 -0.3826834323650897 -0.543042764104999
vn 0.9238795325112867 -0.3826834323650897 -2.2628522245754005e-16
vn 0.7071067811865476 -0.7071067811865475 0
vn 0.5720614028176844 -0.7071067811865475 0.41562693777745346
vn 0.21850801222441057 -0.7071067811865475 0.6724985119639574
vn -0.2185080122244105 -0.7071067811865475 0.6724985119639574
vn -0.5720614028176843 -0.7071067811865475 0.4156269377774535
vn -0.7071067811865476 -0.7071067811865475 8.659560562354934e-17
vn -0.5720614028176844 -0.7071067811865475 -0.41562693777745335
vn -0.21850801222441066 -0.7071067811865475 -0.6724985119639574
vn 0.2185080122244104 -0.7071067811865475 -0.6724985119639574
vn 0.5720614028176843 -0.7071067811865475 -0.41562693777745363
vn 0.7071067811865476 -0.7071067811865475 -1.7319121124709868e-16
vn 0.3826834323650899 -0.9238795325112868 0
vn 0.3095974002490935 -0.9238795325112868 0.22493567784086393
vn 0.11825568406654857 -0.9238795325112868 0.36395357202901446
vn -0.11825568406654853 -0.9238795325112868 0.36395357202901446
vn -0.3095974002490935 -0.9238795325112868 0.22493567784086396
vn -0.3826834323650899 -0.9238795325112868 4.6865204053263004e-17
vn -0.3095974002490935 -0.9238795325112868 -0.2249356778408639
vn -0.11825568406654861 -0.9238795325112868 -0.36395357202901446
vn 0.11825568406654849 -0.9238795325112868 -0.36395357202901446
vn 0.3095974002490935 -0.9238795325112868 -0.22493567784086402
vn 0.3826834323650899 -0.9238795325112868 -9.373040810652601e-17
vn 1.2246467991473532e-16 -1 0
vn 9.907600726170916e-17 -1 7.198293278059966e-17
vn 3.7843667304341506e-17 -1 1.1647083184890923e-16
vn -3.7843667304341493e-17 -1 1.1647083184890926e-16
vn -9.907600726170915e-17 -1 7.198293278059968e-17
vn -1.2246467991473532e-16 -1 1.4997597826618576e-32
vn -9.907600726170916e-17 -1 -7.198293278059965e-17
vn -3.784366730434152e-17 -1 -1.1647083184890923e-16
vn 3.7843667304341475e-17 -1 -1.1647083184890926e-16
vn 9.907600726170915e-17 -1 -7.19829327805997e-17
vn 1.2246467991473532e-16 -1 -2.999519565323715e-32
vn 0 1 0
vn 0 1 0
vn 0 1 0
vn 0 1 0
vn 0 1 0
vn 0 1 0
vn 0 1 0
vn 0 1 0
vn 0 1 0
vn 0 1 0
vn 0 1 0
vn 0.3826834323650898 0.9238795325112868 0
vn 0.30959740024909344 0.9238795325112868 0.22493567784086385
vn 0.11825568406654853 0.9238795325112868 0.3639535720290143
vn -0.11825568406654849 0.9238795325112868 0.36395357202901435
vn -0.3095974002490934 0.9238795325112868 0.2249356778408639
vn -0.3826834323650898 0.9238795325112868 4.6865204053262986e-17
vn -0.30959740024909344 0.9238795325112868 -0.22493567784086382
vn -0.11825568406654857 0.9238795325112868 -0.3639535720290143
vn 0.11825568406654845 0.9238795325112868 -0.36395357202901435
vn 0.3095974002490934 0.9238795325112868 -0.22493567784086396
vn 0.3826834323650898 0.9238795325112868 -9.373040810652597e-17
vn 0.7071067811865475 0.7071067811865476 0
vn 0.5720614028176843 0.7071067811865476 0.41562693777745335
vn 0.21850801222441055 0.7071067811865476 0.6724985119639573
vn -0.21850801222441046 0.7071067811865476 0.6724985119639573
vn -0.5720614028176841 0.7071067811865476 0.41562693777745346
vn -0.7071067811865475 0.7071067811865476 8.659560562354933e-17
vn -0.5720614028176843 0.7071067811865476 -0.4156269377774533
vn -0.2185080122244106 0.7071067811865476 -0.6724985119639573
vn 0.21850801222441038 0.7071067811865476 -0.6724985119639573
vn 0.5720614028176841 0.7071067811865476 -0.41562693777745363
vn 0.7071067811865475 0.7071067811865476 -1.7319121124709866e-16
vn 0.9238795325112867 0.38268343236508984 0
vn 0.7474342425568128 0.38268343236508984 0.5430427641049989
vn 0.28549447630116936 0.38268343236508984 0.8786616496665796
vn -0.28549447630116925 0.38268343236508984 0.8786616496665796
vn -0.7474342425568127 0.38268343236508984 0.543042764104999
vn -0.9238795325112867 0.38268343236508984 1.1314261122877003e-16
vn -0.7474342425568128 0.38268343236508984 -0.5430427641049987
vn -0.2854944763011695 0.38268343236508984 -0.8786616496665796
vn 0.28549447630116914 0.38268343236508984 -0.8786616496665796
vn 0.7474342425568127 0.38268343236508984 -0.543042764104999
vn 0.9238795325112867 0.38268343236508984 -2.2628522245754005e-16
vn 1 6.123233995736766e-17 0
vn 0.8090169943749475 6.123233995736766e-17 0.5877852522924731
vn 0.30901699437494745 6.123233995736766e-17 0.9510565162951535
vn -0.30901699437494734 6.123233995736766e-17 0.9510565162951536
vn -0.8090169943749473 6.123233995736766e-17 0.5877852522924732
vn -1 6.123233995736766e-17 1.2246467991473532e-16
vn -0.8090169943749475 6.123233995736766e-17 -0.587785252292473
vn -0.30901699437494756 6.123233995736766e-17 -0.9510565162951535
vn 0.30901699437494723 6.123233995736766e-17 -0.9510565162951536
vn 0.8090169943749473 6.123233995736766e-17 -0.5877852522924734
vn 1 6.123233995736766e-17 -2.4492935982947064e-16
vn 0.9238795325112867 -0.3826834323650897 0
vn 0.7474342425568128 -0.3826834323650897 0.5430427641049989
vn 0.28549447630116936 -0.3826834323650897 0.8786616496665796
vn -0.28549447630116925 -0.3826834323650897 0.8786616496665796
vn -0.7474342425568127 -0.3826834323650897 0.543042764104999
vn -0.9238795325112867 -0.3826834323650897 1.1314261122877003e-16
vn -0.7474342425568128 -0.3826834323650897 -0.5430427641049987
vn -0.2854944763011695 -0.3826834323650897 -0.8786616496665796
vn 0.28549447630116914 -0.3826834323650897 -0.8786616496665796
vn 0.7474342425568127 -0.3826834323650897 -0.543042764104999
vn 0.9238795325112867 -0.3826834323650897 -2.2628522245754005e-16
vn 0.7071067811865476 -0.7071067811865475 0
vn 0.5720614028176844 -0.7071067811865475 0.41562693777745346
vn 0.21850801222441057 -0.7071067811865475 0.6724985119639574
vn -0.2185080122244105 -0.7071067811865475 0.6724985119639574
vn -0.5720614028176843 -0.7071067811865475 0.4156269377774535
vn -0.7071067811865476 -0.7071067811865475 8.659560562354934e-17
vn -0.5720614028176844 -0.7071067811865475 -0.41562693777745335
vn -0.21850801222441066 -0.7071067811865475 -0.6724985119639574
vn 0.2185080122244104 -0.7071067811865475 -0.6724985119639574
vn 0.5720614028176843 -0.7071067811865475 -0.41562693777745363
vn 0.7071067811865476 -0.7071067811865475 -1.7319121124709868e-16
vn 0.3826834323650899 -0.9238795325112868 0
vn 0.3095974002490935 -0.9238795325112868 0.22493567784086393
vn 0.11825568406654857 -0.9238795325112868 0.36395357202901446
vn -0.11825568406654853 -0.9238795325112868 0.36395357202901446
vn -0.3095974002490935 -0.9238795325112868 0.22493567784086396
vn -0.3826834323650899 -0.9238795325112868 4.6865204053263004e-17
vn -0.3095974002490935 -0.9238795325112868 -0.2249356778408639
vn -0.11825568406654861 -0.9238795325112868 -0.36395357202901446
vn 0.11825568406654849 -0.9238795325112868 -0.36395357202901446
vn 0.3095974002490935 -0.9238795325112868 -0.22493567784086402
vn 0.3826834323650899 -0.9238795325112868 -9.373040810652601e-17
vn 1.2246467991473532e-16 -1 0
vn 9.907600726170916e-17 -1 7.198293278059966e-17
vn 3.7843667304341506e-17 -1 1.1647083184890923e-16
vn -3.7843667304341493e-17 -1 1.1647083184890926e-16
vn -9.907600726170915e-17 -1 7.198293278059968e-17
vn -1.2246467991473532e-16 -1 1.4997597826618576e-32
vn -9.907600726170916e-17 -1 -7.198293278059965e-17
vn -3.784366730434152e-17 -1 -1.1647083184890923e-16
vn 3.7843667304341475e-17 -1 -1.1647083184890926e-16
vn 9.907600726170915e-17 -1 -7.19829327805997e-17
vn 1.2246467991473532e-16 -1 -2.999519565323715e-32
vn 0 1 0
vn 0 1 0
vn 0 1 0
vn 0 1 0
vn 0 1 0
vn 0 1 0
vn 0 1 0
vn 0 1 0
vn 0 1 0
vn 0 1 0
vn 0 1 0
vn 0.3826834323650898 0.9238795325112868 0
vn 0.30959740024909344 0.9238795325112868 0.22493567784086385
vn 0.11825568406654853 0.9238795325112868 0.3639535720290143
vn -0.11825568406654849 0.9238795325112868 0.36395357202901435
vn -0.3095974002490934 0.9238795325112868 0.2249356778408639
vn -0.3826834323650898 0.9238795325112868 4.6865204053262986e-17
vn -0.30959740024909344 0.9238795325112868 -0.22493567784086382
vn -0.11825568406654857 0.9238795325112868 -0.3639535720290143
vn 0.11825568406654845 0.9238795325112868 -0.36395357202901435
vn 0.3095974002490934 0.9238795325112868 -0.22493567784086396
vn 0.3826834323650898 0.9238795325112868 -9.373040810652597e-17
vn 0.7071067811865475 0.7071067811865476 0
vn 0.5720614028176843 0.7071067811865476 0.41562693777745335
vn 0.21850801222441055 0.7071067811865476 0.6724985119639573
vn -0.21850801222441046 0.7071067811865476 0.6724985119639573
vn -0.5720614028176841 0.7071067811865476 0.41562693777745346
vn -0.7071067811865475 0.7071067811865476 8.659560562354933e-17
vn -0.5720614028176843 0.7071067811865476 -0.4156269377774533
vn -0.2185080122244106 0.7071067811865476 -0.6724985119639573
vn 0.21850801222441038 0.7071067811865476 -0.6724985119639573
vn 0.5720614028176841 0.7071067811865476 -0.41562693777745363
vn 0.7071067811865475 0.7071067811865476 -1.7319121124709866e-16
vn 0.9238795325112867 0.38268343236508984 0
vn 0.7474342425568128 0.38268343236508984 0.5430427641049989
vn 0.28549447630116936 0.38268343236508984 0.8786616496665796
vn -0.28549447630116925 0.38268343236508984 0.8786616496665796
vn -0.7474342425568127 0.38268343236508984 0.543042764104999
vn -0.9238795325112867 0.38268343236508984 1.1314261122877003e-16
vn -0.7474342425568128 0.38268343236508984 -0.5430427641049987
vn -0.2854944763011695 0.38268343236508984 -0.8786616496665796
vn 0.28549447630116914 0.38268343236508984 -0.8786616496665796
vn 0.7474342425568127 0.38268343236508984 -0.543042764104999
vn 0.9238795325112867 0.38268343236508984 -2.2628522245754005e-16
vn 1 6.123233995736766e-17 0
vn 0.8090169943749475 6.123233995736766e-17 0.5877852522924731
vn 0.30901699437494745 6.123233995736766e-17 0.9510565162951535
vn -0.30901699437494734 6.123233995736766e-17 0.9510565162951536
vn -0.8090169943749473 6.123233995736766e-17 0.5877852522924732
vn -1 6.123233995736766e-17 1.2246467991473532e-16
vn -0.8090169943749475 6.123233995736766e-17 -0.587785252292473
vn -0.30901699437494756 6.123233995736766e-17 -0.9510565162951535
vn 0.30901699437494723 6.123233995736766e-17 -0.9510565162951536
vn 0.8090169943749473 6.123233995736766e-17 -0.5877852522924734
vn 1 6.123233995736766e-17 -2.4492935982947064e-16
vn 0.9238795325112867 -0.3826834323650897 0
vn 0.7474342425568128 -0.3826834323650897 0.5430427641049989
vn 0.28549447630116936 -0.3826834323650897 0.8786616496665796
vn -0.28549447630116925 -0.3826834323650897 0.8786616496665796
vn -0.7474342425568127 -0.3826834323650897 0.543042764104999
vn -0.9238795325112867 -0.3826834323650897 1.1314261122877003e-16
vn -0.7474342425568128 -0.3826834323650897 -0.5430427641049987
vn -0.2854944763011695 -0.3826834323650897 -0.8786616496665796
vn 0.28549447630116914 -0.3826834323650897 -0.8786616496665796
vn 0.7474342425568127 -0.3826834323650897 -0.543042764104999
vn 0.9238795325112867 -0.3826834323650897 -2.2628522245754005e-16
vn 0.7071067811865476 -0.7071067811865475 0
vn 0.5720614028176844 -0.7071067811865475 0.41562693777745346
vn 0.21850801222441057 -0.7071067811865475 0.6724985119639574
vn -0.2185080122244105 -0.7071067811865475 0.6724985119639574
vn -0.5720614028176843 -0.7071067811865475 0.4156269377774535
vn -0.7071067811865476 -0.7071067811865475 8.659560562354934e-17
vn -0.5720614028176844 -0.7071067811865475 -0.41562693777745335
vn -0.21850801222441066 -0.7071067811865475 -0.6724985119639574
vn 0.2185080122244104 -0.7071067811865475 -0.6724985119639574
vn 0.5720614028176843 -0.7071067811865475 -0.41562693777745363
vn 0.7071067811865476 -0.7071067811865475 -1.7319121124709868e-16
vn 0.3826834323650899 -0.9238795325112868 0
vn 0.3095974002490935 -0.9238795325112868 0.22493567784086393
vn 0.11825568406654857 -0.9238795325112868 0.36395357202901446
vn -0.11825568406654853 -0.9238795325112868 0.36395357202901446
vn -0.3095974002490935 -0.9238795325112868 0.22493567784086396
vn -0.3826834323650899 -0.9238795325112868 4.6865204053263004e-17
vn -0.3095974002490935 -0.9238795325112868 -0.2249356778408639
vn -0.11825568406654861 -0.9238795325112868 -0.36395357202901446
vn 0.11825568406654849 -0.9238795325112868 -0.36395357202901446
vn 0.3095974002490935 -0.9238795325112868 -0.22493567784086402
vn 0.3826834323650899 -0.9238795325112868 -9.373040810652601e-17
vn 1.2246467991473532e-16 -1 0
vn 9.907600726170916e-17 -1 7.198293278059966e-17
vn 3.7843667304341506e-17 -1 1.1647083184890923e-16
vn -3.7843667304341493e-17 -1 1.1647083184890926e-16
vn -9.907600726170915e-17 -1 7.198293278059968e-17
vn -1.2246467991473532e-16 -1 1.4997597826618576e-32
vn -9.907600726170916e-17 -1 -7.198293278059965e-17
vn -3.784366730434152e-17 -1 -1.1647083184890923e-16
vn 3.7843667304341475e-17 -1 -1.1647083184890926e-16
vn 9.907600726170915e-17 -1 -7.19829327805997e-17
vn 1.2246467991473532e-16 -1 -2.999519565323715e-32
vn 0 1 0
vn 0 1 0
vn 0 1 0
vn 0 1 0
vn 0 1 0
vn 0 1 0
vn 0 1 0
vn 0 1 0
vn 0 1 0
vn 0 1 0
vn 0 1 0
vn 0.3826834323650898 0.9238795325112868 0
vn 0.30959740024909344 0.9238795325112868 0.22493567784086385
vn 0.11825568406654853 0.9238795325112868 0.3639535720290143
vn -0.11825568406654849 0.9238795325112868 0.36395357202901435
vn -0.3095974002490934 0.9238795325112868 0.2249356778408639
vn -0.3826834323650898 0.9238795325112868 4.6865204053262986e-17
vn -0.30959740024909344 0.9238795325112868 -0.22493567784086382
vn -0.11825568406654857 0.9238795325112868 -0.3639535720290143
vn 0.11825568406654845 0.9238795325112868 -0.36395357202901435
vn 0.3095974002490934 0.9238795325112868 -0.22493567784086396
vn 0.3826834323650898 0.9238795325112868 -9.373040810652597e-17
vn 0.7071067811865475 0.7071067811865476 0
vn 0.5720614028176843 0.7071067811865476 0.41562693777745335
vn 0.21850801222441055 0.7071067811865476 0.6724985119639573
vn -0.21850801222441046 0.7071067811865476 0.6724985119639573
vn -0.5720614028176841 0.7071067811865476 0.41562693777745346
vn -0.7071067811865475 0.7071067811865476 8.659560562354933e-17
vn -0.5720614028176843 0.7071067811865476 -0.4156269377774533
vn -0.2185080122244106 0.7071067811865476 -0.6724985119639573
vn 0.21850801222441038 0.7071067811865476 -0.6724985119639573
vn 0.5720614028176841 0.7071067811865476 -0.41562693777745363
vn 0.7071067811865475 0.7071067811865476 -1.7319121124709866e-16
vn 0.9238795325112867 0.38268343236508984 0
vn 0.7474342425568128 0.38268343236508984 0.5430427641049989
vn 0.28549447630116936 0.38268343236508984 0.8786616496665796
vn -0.28549447630116925 0.38268343236508984 0.8786616496665796
vn -0.7474342425568127 0.38268343236508984 0.543042764104999
vn -0.9238795325112867 0.38268343236508984 1.1314261122877003e-16
vn -0.7474342425568128 0.38268343236508984 -0.5430427641049987
vn -0.2854944763011695 0.38268343236508984 -0.8786616496665796
vn 0.28549447630116914 0.38268343236508984 -0.8786616496665796
vn 0.7474342425568127 0.38268343236508984 -0.543042764104999
vn 0.9238795325112867 0.38268343236508984 -2.2628522245754005e-16
vn 1 6.123233995736766e-17 0
vn 0.8090169943749475 6.123233995736766e-17 0.5877852522924731
vn 0.30901699437494745 6.123233995736766e-17 0.9510565162951535
vn -0.30901699437494734 6.123233995736766e-17 0.9510565162951536
vn -0.8090169943749473 6.123233995736766e-17 0.5877852522924732
vn -1 6.123233995736766e-17 1.2246467991473532e-16
vn -0.8090169943749475 6.123233995736766e-17 -0.587785252292473
vn -0.30901699437494756 6.123233995736766e-17 -0.9510565162951535
vn 0.30901699437494723 6.123233995736766e-17 -0.9510565162951536
vn 0.8090169943749473 6.123233995736766e-17 -0.5877852522924734
vn 1 6.123233995736766e-17 -2.4492935982947064e-16
vn 0.9238795325112867 -0.3826834323650897 0
vn 0.7474342425568128 -0.3826834323650897 0.5430427641049989
vn 0.28549447630116936 -0.3826834323650897 0.8786616496665796
vn -0.28549447630116925 -0.3826834323650897 0.8786616496665796
vn -0.7474342425568127 -0.3826834323650897 0.543042764104999
vn -0.9238795325112867 -0.3826834323650897 1.1314261122877003e-16
vn -0.7474342425568128 -0.3826834323650897 -0.5430427641049987
vn -0.2854944763011695 -0.3826834323650897 -0.8786616496665796
vn 0.28549447630116914 -0.3826834323650897 -0.8786616496665796
vn 0.7474342425568127 -0.3826834323650897 -0.543042764104999
vn 0.9238795325112867 -0.3826834323650897 -2.2628522245754005e-16
vn 0.7071067811865476 -0.7071067811865475 0
vn 0.5720614028176844 -0.7071067811865475 0.41562693777745346
vn 0.21850801222441057 -0.7071067811865475 0.6724985119639574
vn -0.2185080122244105 -0.7071067811865475 0.6724985119639574
vn -0.5720614028176843 -0.7071067811865475 0.4156269377774535
vn -0.7071067811865476 -0.7071067811865475 8.659560562354934e-17
vn -0.5720614028176844 -0.7071067811865475 -0.41562693777745335
vn -0.21850801222441066 -0.7071067811865475 -0.6724985119639574
vn 0.2185080122244104 -0.7071067811865475 -0.6724985119639574
vn 0.5720614028176843 -0.7071067811865475 -0.41562693777745363
vn 0.7071067811865476 -0.7071067811865475 -1.7319121124709868e-16
vn 0.3826834323650899 -0.9238795325112868 0
vn 0.3095974002490935 -0.9238795325112868 0.22493567784086393
vn 0.11825568406654857 -0.9238795325112868 0.36395357202901446
vn -0.11825568406654853 -0.9238795325112868 0.36395357202901446
vn -0.3095974002490935 -0.9238795325112868 0.22493567784086396
vn -0.3826834323650899 -0.9238795325112868 4.6865204053263004e-17
vn -0.3095974002490935 -0.9238795325112868 -0.2249356778408639
vn -0.11825568406654861 -0.9238795325112868 -0.36395357202901446
vn 0.11825568406654849 -0.9238795325112868 -0.36395357202901446
vn 0.3095974002490935 -0.9238795325112868 -0.22493567784086402
vn 0.3826834323650899 -0.9238795325112868 -9.373040810652601e-17
vn 1.2246467991473532e-16 -1 0
vn 9.907600726170916e-17 -1 7.198293278059966e-17
vn 3.7843667304341506e-17 -1 1.1647083184890923e-16
vn -3.7843667304341493e-17 -1 1.1647083184890926e-16
vn -9.907600726170915e-17 -1 7.198293278059968e-17
vn -1.2246467991473532e-16 -1 1.4997597826618576e-32
vn -9.907600726170916e-17 -1 -7.198293278059965e-17
vn -3.784366730434152e-17 -1 -1.1647083184890923e-16
vn 3.7843667304341475e-17 -1 -1.1647083184890926e-16
vn 9.907600726170915e-17 -1 -7.19829327805997e-17
vn 1.2246467991473532e-16 -1 -2.999519565323715e-32
vn -0.5773502691896257 -0.5773502691896257 -0.5773502691896257
vn -0.5773502691896257 -0.5773502691896257 0.5773502691896257
vn -0.5773502691896257 0.5773502691896257 -0.5773502691896257
vn -0.5773502691896257 0.5773502691896257 0.5773502691896257
vn 0.5773502691896257 -0.5773502691896257 -0.5773502691896257
vn 0.5773502691896257 -0.5773502691896257 0.5773502691896257
vn 0.5773502691896257 0.5773502691896257 -0.5773502691896257
vn 0.5773502691896257 0.5773502691896257 0.5773502691896257
vn 0 -0.3568220897730899 -0.9341723589627157
vn 0 -0.3568220897730899 0.9341723589627157
vn 0 0.3568220897730899 -0.9341723589627157
vn 0 0.3568220897730899 0.9341723589627157
vn -0.3568220897730899 -0.9341723589627157 0
vn -0.3568220897730899 0.9341723589627157 0
vn 0.3568220897730899 -0.9341723589627157 0
vn 0.3568220897730899 0.9341723589627157 0
vn -0.9341723589627157 0 -0.3568220897730899
vn -0.9341723589627157 0 0.3568220897730899
vn 0.9341723589627157 0 -0.3568220897730899
vn 0.9341723589627157 0 0.3568220897730899
vn 0 1 0
vn 0 1 0
vn 0 1 0
vn 0 1 0
vn 0 1 0
vn 0 1 0
vn 0 1 0
vn 0 1 0
vn 0 1 0
vn 0 1 0
vn 0 1 0
vn 0.3826834323650898 0.9238795325112867 0
vn 0.30959740024909344 0.9238795325112867 0.22493567784086385
vn 0.11825568406654853 0.9238795325112867 0.36395357202901435
vn -0.11825568406654849 0.9238795325112867 0.36395357202901435
vn -0.3095974002490934 0.9238795325112867 0.2249356778408639
vn -0.3826834323650898 0.9238795325112867 4.6865204053262986e-17
vn -0.30959740024909344 0.9238795325112867 -0.22493567784086382
vn -0.11825568406654859 0.9238795325112867 -0.36395357202901435
vn 0.11825568406654845 0.9238795325112867 -0.36395357202901435
vn 0.3095974002490934 0.9238795325112867 -0.22493567784086396
vn 0.3826834323650898 0.9238795325112867 -9.373040810652597e-17
vn 0.7071067811865475 0.7071067811865475 0
vn 0.5720614028176843 0.7071067811865475 0.4156269377774534
vn 0.21850801222441055 0.7071067811865475 0.6724985119639574
vn -0.21850801222441046 0.7071067811865475 0.6724985119639574
vn -0.5720614028176841 0.7071067811865475 0.41562693777745346
vn -0.7071067811865475 0.7071067811865475 8.659560562354932e-17
vn -0.5720614028176843 0.7071067811865475 -0.4156269377774533
vn -0.2185080122244106 0.7071067811865475 -0.6724985119639574
vn 0.21850801222441038 0.7071067811865475 -0.6724985119639574
vn 0.5720614028176841 0.7071067811865475 -0.4156269377774535
vn 0.7071067811865475 0.7071067811865475 -1.7319121124709863e-16
vn 0.9238795325112867 0.38268343236508984 0
vn 0.7474342425568128 0.38268343236508984 0.5430427641049989
vn 0.28549447630116936 0.38268343236508984 0.8786616496665793
vn -0.28549447630116925 0.38268343236508984 0.8786616496665796
vn -0.7474342425568127 0.38268343236508984 0.543042764104999
vn -0.9238795325112867 0.38268343236508984 1.1314261122877003e-16
vn -0.7474342425568128 0.38268343236508984 -0.5430427641049987
vn -0.2854944763011695 0.38268343236508984 -0.8786616496665793
vn 0.28549447630116914 0.38268343236508984 -0.8786616496665796
vn 0.7474342425568127 0.38268343236508984 -0.543042764104999
vn 0.9238795325112867 0.38268343236508984 -2.2628522245754005e-16
vn 1 6.123233995736766e-17 0
vn 0.8090169943749475 6.123233995736766e-17 0.5877852522924731
vn 0.30901699437494745 6.123233995736766e-17 0.9510565162951535
vn -0.30901699437494734 6.123233995736766e-17 0.9510565162951536
vn -0.8090169943749473 6.123233995736766e-17 0.5877852522924732
vn -1 6.123233995736766e-17 1.2246467991473532e-16
vn -0.8090169943749475 6.123233995736766e-17 -0.587785252292473
vn -0.30901699437494756 6.123233995736766e-17 -0.9510565162951535
vn 0.30901699437494723 6.123233995736766e-17 -0.9510565162951536
vn 0.8090169943749473 6.123233995736766e-17 -0.5877852522924734
vn 1 6.123233995736766e-17 -2.4492935982947064e-16
vn 0.9238795325112867 -0.3826834323650897 0
vn 0.7474342425568128 -0.3826834323650897 0.5430427641049989
vn 0.28549447630116936 -0.3826834323650897 0.8786616496665793
vn -0.28549447630116925 -0.3826834323650897 0.8786616496665796
vn -0.7474342425568127 -0.3826834323650897 0.543042764104999
vn -0.9238795325112867 -0.3826834323650897 1.1314261122877003e-16
vn -0.7474342425568128 -0.3826834323650897 -0.5430427641049987
vn -0.2854944763011695 -0.3826834323650897 -0.8786616496665793
vn 0.28549447630116914 -0.3826834323650897 -0.8786616496665796
vn 0.7474342425568127 -0.3826834323650897 -0.543042764104999
vn 0.9238795325112867 -0.3826834323650897 -2.2628522245754005e-16
vn 0.7071067811865476 -0.7071067811865475 0
vn 0.5720614028176844 -0.7071067811865475 0.41562693777745346
vn 0.21850801222441055 -0.7071067811865475 0.6724985119639574
vn -0.21850801222441052 -0.7071067811865475 0.6724985119639574
vn -0.5720614028176843 -0.7071067811865475 0.4156269377774535
vn -0.7071067811865476 -0.7071067811865475 8.659560562354933e-17
vn -0.5720614028176844 -0.7071067811865475 -0.4156269377774534
vn -0.21850801222441066 -0.7071067811865475 -0.6724985119639574
vn 0.2185080122244104 -0.7071067811865475 -0.6724985119639574
vn 0.5720614028176843 -0.7071067811865475 -0.41562693777745363
vn 0.7071067811865476 -0.7071067811865475 -1.7319121124709866e-16
vn 0.3826834323650899 -0.9238795325112867 0
vn 0.3095974002490935 -0.9238795325112867 0.22493567784086393
vn 0.11825568406654859 -0.9238795325112867 0.3639535720290144
vn -0.11825568406654853 -0.9238795325112867 0.36395357202901446
vn -0.3095974002490935 -0.9238795325112867 0.224935677840864
vn -0.3826834323650899 -0.9238795325112867 4.6865204053263e-17
vn -0.3095974002490935 -0.9238795325112867 -0.2249356778408639
vn -0.11825568406654863 -0.9238795325112867 -0.3639535720290144
vn 0.11825568406654849 -0.9238795325112867 -0.36395357202901446
vn 0.3095974002490935 -0.9238795325112867 -0.22493567784086402
vn 0.3826834323650899 -0.9238795325112867 -9.3730408106526e-17
vn 1.2246467991473532e-16 -1 0
vn 9.907600726170916e-17 -1 7.198293278059966e-17
vn 3.7843667304341506e-17 -1 1.1647083184890923e-16
vn -3.7843667304341493e-17 -1 1.1647083184890926e-16
vn -9.907600726170915e-17 -1 7.198293278059968e-17
vn -1.2246467991473532e-16 -1 1.499759782661858e-32
vn -9.907600726170916e-17 -1 -7.198293278059965e-17
vn -3.784366730434152e-17 -1 -1.1647083184890923e-16
vn 3.7843667304341475e-17 -1 -1.1647083184890926e-16
vn 9.907600726170915e-17 -1 -7.19829327805997e-17
vn 1.2246467991473532e-16 -1 -2.999519565323716e-32
vn 0 1 0
vn 0 1 0
vn 0 1 0
vn 0 1 0
vn 0 1 0
vn 0 1 0
vn 0 1 0
vn 0 1 0
vn 0 1 0
vn 0 1 0
vn 0 1 0
vn 0.3826834323650898 0.9238795325112867 0
vn 0.30959740024909344 0.9238795325112867 0.22493567784086385
vn 0.11825568406654853 0.9238795325112867 0.36395357202901435
vn -0.11825568406654849 0.9238795325112867 0.36395357202901435
vn -0.3095974002490934 0.9238795325112867 0.2249356778408639
vn -0.3826834323650898 0.9238795325112867 4.6865204053262986e-17
vn -0.30959740024909344 0.9238795325112867 -0.22493567784086382
vn -0.11825568406654859 0.9238795325112867 -0.36395357202901435
vn 0.11825568406654845 0.9238795325112867 -0.36395357202901435
vn 0.3095974002490934 0.9238795325112867 -0.22493567784086396
vn 0.3826834323650898 0.9238795325112867 -9.373040810652597e-17
vn 0.7071067811865475 0.7071067811865475 0
vn 0.5720614028176843 0.7071067811865475 0.4156269377774534
vn 0.21850801222441055 0.7071067811865475 0.6724985119639574
vn -0.21850801222441046 0.7071067811865475 0.6724985119639574
vn -0.5720614028176841 0.7071067811865475 0.41562693777745346
vn -0.7071067811865475 0.7071067811865475 8.659560562354932e-17
vn -0.5720614028176843 0.7071067811865475 -0.4156269377774533
vn -0.2185080122244106 0.7071067811865475 -0.6724985119639574
vn 0.21850801222441038 0.7071067811865475 -0.6724985119639574
vn 0.5720614028176841 0.7071067811865475 -0.4156269377774535
vn 0.7071067811865475 0.7071067811865475 -1.7319121124709863e-16
vn 0.9238795325112867 0.38268343236508984 0
vn 0.7474342425568128 0.38268343236508984 0.5430427641049989
vn 0.28549447630116936 0.38268343236508984 0.8786616496665793
vn -0.28549447630116925 0.38268343236508984 0.8786616496665796
vn -0.7474342425568127 0.38268343236508984 0.543042764104999
vn -0.9238795325112867 0.38268343236508984 1.1314261122877003e-16
vn -0.7474342425568128 0.38268343236508984 -0.5430427641049987
vn -0.2854944763011695 0.38268343236508984 -0.8786616496665793
vn 0.28549447630116914 0.38268343236508984 -0.8786616496665796
vn 0.7474342425568127 0.38268343236508984 -0.543042764104999
vn 0.9238795325112867 0.38268343236508984 -2.2628522245754005e-16
vn 1 6.123233995736766e-17 0
vn 0.8090169943749475 6.123233995736766e-17 0.5877852522924731
vn 0.30901699437494745 6.123233995736766e-17 0.9510565162951535
vn -0.30901699437494734 6.123233995736766e-17 0.9510565162951536
vn -0.8090169943749473 6.123233995736766e-17 0.5877852522924732
vn -1 6.123233995736766e-17 1.2246467991473532e-16
vn -0.8090169943749475 6.123233995736766e-17 -0.587785252292473
vn -0.30901699437494756 6.123233995736766e-17 -0.9510565162951535
vn 0.30901699437494723 6.123233995736766e-17 -0.9510565162951536
vn 0.8090169943749473 6.123233995736766e-17 -0.5877852522924734
vn 1 6.123233995736766e-17 -2.4492935982947064e-16
vn 0.9238795325112867 -0.3826834323650897 0
vn 0.7474342425568128 -0.3826834323650897 0.5430427641049989
vn 0.28549447630116936 -0.3826834323650897 0.8786616496665793
vn -0.28549447630116925 -0.3826834323650897 0.8786616496665796
vn -0.7474342425568127 -0.3826834323650897 0.543042764104999
vn -0.9238795325112867 -0.3826834323650897 1.1314261122877003e-16
vn -0.7474342425568128 -0.3826834323650897 -0.5430427641049987
vn -0.2854944763011695 -0.3826834323650897 -0.8786616496665793
vn 0.28549447630116914 -0.3826834323650897 -0.8786616496665796
vn 0.7474342425568127 -0.3826834323650897 -0.543042764104999
vn 0.9238795325112867 -0.3826834323650897 -2.2628522245754005e-16
vn 0.7071067811865476 -0.7071067811865475 0
vn 0.5720614028176844 -0.7071067811865475 0.41562693777745346
vn 0.21850801222441055 -0.7071067811865475 0.6724985119639574
vn -0.21850801222441052 -0.7071067811865475 0.6724985119639574
vn -0.5720614028176843 -0.7071067811865475 0.4156269377774535
vn -0.7071067811865476 -0.7071067811865475 8.659560562354933e-17
vn -0.5720614028176844 -0.7071067811865475 -0.4156269377774534
vn -0.21850801222441066 -0.7071067811865475 -0.6724985119639574
vn 0.2185080122244104 -0.7071067811865475 -0.6724985119639574
vn 0.5720614028176843 -0.7071067811865475 -0.41562693777745363
vn 0.7071067811865476 -0.7071067811865475 -1.7319121124709866e-16
vn 0.3826834323650899 -0.9238795325112867 0
vn 0.3095974002490935 -0.9238795325112867 0.22493567784086393
vn 0.11825568406654859 -0.9238795325112867 0.3639535720290144
vn -0.11825568406654853 -0.9238795325112867 0.36395357202901446
vn -0.3095974002490935 -0.9238795325112867 0.224935677840864
vn -0.3826834323650899 -0.9238795325112867 4.6865204053263e-17
vn -0.3095974002490935 -0.9238795325112867 -0.2249356778408639
vn -0.11825568406654863 -0.9238795325112867 -0.3639535720290144
vn 0.11825568406654849 -0.9238795325112867 -0.36395357202901446
vn 0.3095974002490935 -0.9238795325112867 -0.22493567784086402
vn 0.3826834323650899 -0.9238795325112867 -9.3730408106526e-17
vn 1.2246467991473532e-16 -1 0
vn 9.907600726170916e-17 -1 7.198293278059966e-17
vn 3.7843667304341506e-17 -1 1.1647083184890923e-16
vn -3.7843667304341493e-17 -1 1.1647083184890926e-16
vn -9.907600726170915e-17 -1 7.198293278059968e-17
vn -1.2246467991473532e-16 -1 1.499759782661858e-32
vn -9.907600726170916e-17 -1 -7.198293278059965e-17
vn -3.784366730434152e-17 -1 -1.1647083184890923e-16
vn 3.7843667304341475e-17 -1 -1.1647083184890926e-16
vn 9.907600726170915e-17 -1 -7.19829327805997e-17
vn 1.2246467991473532e-16 -1 -2.999519565323716e-32
vn 0 1 0
vn 0 1 0
vn 0 1 0
vn 0 1 0
vn 0 1 0
vn 0 1 0
vn 0 1 0
vn 0 1 0
vn 0 1 0
vn 0 1 0
vn 0 1 0
vn 0.3826834323650898 0.9238795325112867 0
vn 0.30959740024909344 0.9238795325112867 0.22493567784086385
vn 0.11825568406654853 0.9238795325112867 0.36395357202901435
vn -0.11825568406654849 0.9238795325112867 0.36395357202901435
vn -0.3095974002490934 0.9238795325112867 0.2249356778408639
vn -0.3826834323650898 0.9238795325112867 4.6865204053262986e-17
vn -0.30959740024909344 0.9238795325112867 -0.22493567784086382
vn -0.11825568406654859 0.9238795325112867 -0.36395357202901435
vn 0.11825568406654845 0.9238795325112867 -0.36395357202901435
vn 0.3095974002490934 0.9238795325112867 -0.22493567784086396
vn 0.3826834323650898 0.9238795325112867 -9.373040810652597e-17
vn 0.7071067811865475 0.7071067811865475 0
vn 0.5720614028176843 0.7071067811865475 0.4156269377774534
vn 0.21850801222441055 0.7071067811865475 0.6724985119639574
vn -0.21850801222441046 0.7071067811865475 0.6724985119639574
vn -0.5720614028176841 0.7071067811865475 0.41562693777745346
vn -0.7071067811865475 0.7071067811865475 8.659560562354932e-17
vn -0.5720614028176843 0.7071067811865475 -0.4156269377774533
vn -0.2185080122244106 0.7071067811865475 -0.6724985119639574
vn 0.21850801222441038 0.7071067811865475 -0.6724985119639574
vn 0.5720614028176841 0.7071067811865475 -0.4156269377774535
vn 0.7071067811865475 0.7071067811865475 -1.7319121124709863e-16
vn 0.9238795325112867 0.38268343236508984 0
vn 0.7474342425568128 0.38268343236508984 0.5430427641049989
vn 0.28549447630116936 0.38268343236508984 0.8786616496665793
vn -0.28549447630116925 0.38268343236508984 0.8786616496665796
vn -0.7474342425568127 0.38268343236508984 0.543042764104999
vn -0.9238795325112867 0.38268343236508984 1.1314261122877003e-16
vn -0.7474342425568128 0.38268343236508984 -0.5430427641049987
vn -0.2854944763011695 0.38268343236508984 -0.8786616496665793
vn 0.28549447630116914 0.38268343236508984 -0.8786616496665796
vn 0.7474342425568127 0.38268343236508984 -0.543042764104999
vn 0.9238795325112867 0.38268343236508984 -2.2628522245754005e-16
vn 1 6.123233995736766e-17 0
vn 0.8090169943749475 6.123233995736766e-17 0.5877852522924731
vn 0.30901699437494745 6.123233995736766e-17 0.9510565162951535
vn -0.30901699437494734 6.123233995736766e-17 0.9510565162951536
vn -0.8090169943749473 6.123233995736766e-17 0.5877852522924732
vn -1 6.123233995736766e-17 1.2246467991473532e-16
vn -0.8090169943749475 6.123233995736766e-17 -0.587785252292473
vn -0.30901699437494756 6.123233995736766e-17 -0.9510565162951535
vn 0.30901699437494723 6.123233995736766e-17 -0.9510565162951536
vn 0.8090169943749473 6.123233995736766e-17 -0.5877852522924734
vn 1 6.123233995736766e-17 -2.4492935982947064e-16
vn 0.9238795325112867 -0.3826834323650897 0
vn 0.7474342425568128 -0.3826834323650897 0.5430427641049989
vn 0.28549447630116936 -0.3826834323650897 0.8786616496665793
vn -0.28549447630116925 -0.3826834323650897 0.8786616496665796
vn -0.7474342425568127 -0.3826834323650897 0.543042764104999
vn -0.9238795325112867 -0.3826834323650897 1.1314261122877003e-16
vn -0.7474342425568128 -0.3826834323650897 -0.5430427641049987
vn -0.2854944763011695 -0.3826834323650897 -0.8786616496665793
vn 0.28549447630116914 -0.3826834323650897 -0.8786616496665796
vn 0.7474342425568127 -0.3826834323650897 -0.543042764104999
vn 0.9238795325112867 -0.3826834323650897 -2.2628522245754005e-16
vn 0.7071067811865476 -0.7071067811865475 0
vn 0.5720614028176844 -0.7071067811865475 0.41562693777745346
vn 0.21850801222441055 -0.7071067811865475 0.6724985119639574
vn -0.21850801222441052 -0.7071067811865475 0.6724985119639574
vn -0.5720614028176843 -0.7071067811865475 0.4156269377774535
vn -0.7071067811865476 -0.7071067811865475 8.659560562354933e-17
vn -0.5720614028176844 -0.7071067811865475 -0.4156269377774534
vn -0.21850801222441066 -0.7071067811865475 -0.6724985119639574
vn 0.2185080122244104 -0.7071067811865475 -0.6724985119639574
vn 0.5720614028176843 -0.7071067811865475 -0.41562693777745363
vn 0.7071067811865476 -0.7071067811865475 -1.7319121124709866e-16
vn 0.3826834323650899 -0.9238795325112867 0
vn 0.3095974002490935 -0.9238795325112867 0.22493567784086393
vn 0.11825568406654859 -0.9238795325112867 0.3639535720290144
vn -0.11825568406654853 -0.9238795325112867 0.36395357202901446
vn -0.3095974002490935 -0.9238795325112867 0.224935677840864
vn -0.3826834323650899 -0.9238795325112867 4.6865204053263e-17
vn -0.3095974002490935 -0.9238795325112867 -0.2249356778408639
vn -0.11825568406654863 -0.9238795325112867 -0.3639535720290144
vn 0.11825568406654849 -0.9238795325112867 -0.36395357202901446
vn 0.3095974002490935 -0.9238795325112867 -0.22493567784086402
vn 0.3826834323650899 -0.9238795325112867 -9.3730408106526e-17
vn 1.2246467991473532e-16 -1 0
vn 9.907600726170916e-17 -1 7.198293278059966e-17
vn 3.7843667304341506e-17 -1 1.1647083184890923e-16
vn -3.7843667304341493e-17 -1 1.1647083184890926e-16
vn -9.907600726170915e-17 -1 7.198293278059968e-17
vn -1.2246467991473532e-16 -1 1.499759782661858e-32
vn -9.907600726170916e-17 -1 -7.198293278059965e-17
vn -3.784366730434152e-17 -1 -1.1647083184890923e-16
vn 3.7843667304341475e-17 -1 -1.1647083184890926e-16
vn 9.907600726170915e-17 -1 -7.19829327805997e-17
vn 1.2246467991473532e-16 -1 -2.999519565323716e-32
vn 0 1 0
vn 0 1 0
vn 0 1 0
vn 0 1 0
vn 0 1 0
vn 0 1 0
vn 0 1 0
vn 0 1 0
vn 0 1 0
vn 0 1 0
vn 0 1 0
vn 0.3826834323650898 0.9238795325112867 0
vn 0.30959740024909344 0.9238795325112867 0.22493567784086385
vn 0.11825568406654853 0.9238795325112867 0.36395357202901435
vn -0.11825568406654849 0.9238795325112867 0.36395357202901435
vn -0.3095974002490934 0.9238795325112867 0.2249356778408639
vn -0.3826834323650898 0.9238795325112867 4.6865204053262986e-17
vn -0.30959740024909344 0.9238795325112867 -0.22493567784086382
vn -0.11825568406654859 0.9238795325112867 -0.36395357202901435
vn 0.11825568406654845 0.9238795325112867 -0.36395357202901435
vn 0.3095974002490934 0.9238795325112867 -0.22493567784086396
vn 0.3826834323650898 0.9238795325112867 -9.373040810652597e-17
vn 0.7071067811865475 0.7071067811865475 0
vn 0.5720614028176843 0.7071067811865475 0.4156269377774534
vn 0.21850801222441055 0.7071067811865475 0.6724985119639574
vn -0.21850801222441046 0.7071067811865475 0.6724985119639574
vn -0.5720614028176841 0.7071067811865475 0.41562693777745346
vn -0.7071067811865475 0.7071067811865475 8.659560562354932e-17
vn -0.5720614028176843 0.7071067811865475 -0.4156269377774533
vn -0.2185080122244106 0.7071067811865475 -0.6724985119639574
vn 0.21850801222441038 0.7071067811865475 -0.6724985119639574
vn 0.5720614028176841 0.7071067811865475 -0.4156269377774535
vn 0.7071067811865475 0.7071067811865475 -1.7319121124709863e-16
vn 0.9238795325112867 0.38268343236508984 0
vn 0.7474342425568128 0.38268343236508984 0.5430427641049989
vn 0.28549447630116936 0.38268343236508984 0.8786616496665793
vn -0.28549447630116925 0.38268343236508984 0.8786616496665796
vn -0.7474342425568127 0.38268343236508984 0.543042764104999
vn -0.9238795325112867 0.38268343236508984 1.1314261122877003e-16
vn -0.7474342425568128 0.38268343236508984 -0.5430427641049987
vn -0.2854944763011695 0.38268343236508984 -0.8786616496665793
vn 0.28549447630116914 0.38268343236508984 -0.8786616496665796
vn 0.7474342425568127 0.38268343236508984 -0.543042764104999
vn 0.9238795325112867 0.38268343236508984 -2.2628522245754005e-16
vn 1 6.123233995736766e-17 0
vn 0.8090169943749475 6.123233995736766e-17 0.5877852522924731
vn 0.30901699437494745 6.123233995736766e-17 0.9510565162951535
vn -0.30901699437494734 6.123233995736766e-17 0.9510565162951536
vn -0.8090169943749473 6.123233995736766e-17 0.5877852522924732
vn -1 6.123233995736766e-17 1.2246467991473532e-16
vn -0.8090169943749475 6.123233995736766e-17 -0.587785252292473
vn -0.30901699437494756 6.123233995736766e-17 -0.9510565162951535
vn 0.30901699437494723 6.123233995736766e-17 -0.9510565162951536
vn 0.8090169943749473 6.123233995736766e-17 -0.5877852522924734
vn 1 6.123233995736766e-17 -2.4492935982947064e-16
vn 0.9238795325112867 -0.3826834323650897 0
vn 0.7474342425568128 -0.3826834323650897 0.5430427641049989
vn 0.28549447630116936 -0.3826834323650897 0.8786616496665793
vn -0.28549447630116925 -0.3826834323650897 0.8786616496665796
vn -0.7474342425568127 -0.3826834323650897 0.543042764104999
vn -0.9238795325112867 -0.3826834323650897 1.1314261122877003e-16
vn -0.7474342425568128 -0.3826834323650897 -0.5430427641049987
vn -0.2854944763011695 -0.3826834323650897 -0.8786616496665793
vn 0.28549447630116914 -0.3826834323650897 -0.8786616496665796
vn 0.7474342425568127 -0.3826834323650897 -0.543042764104999
vn 0.9238795325112867 -0.3826834323650897 -2.2628522245754005e-16
vn 0.7071067811865476 -0.7071067811865475 0
vn 0.5720614028176844 -0.7071067811865475 0.41562693777745346
vn 0.21850801222441055 -0.7071067811865475 0.6724985119639574
vn -0.21850801222441052 -0.7071067811865475 0.6724985119639574
vn -0.5720614028176843 -0.7071067811865475 0.4156269377774535
vn -0.7071067811865476 -0.7071067811865475 8.659560562354933e-17
vn -0.5720614028176844 -0.7071067811865475 -0.4156269377774534
vn -0.21850801222441066 -0.7071067811865475 -0.6724985119639574
vn 0.2185080122244104 -0.7071067811865475 -0.6724985119639574
vn 0.5720614028176843 -0.7071067811865475 -0.41562693777745363
vn 0.7071067811865476 -0.7071067811865475 -1.7319121124709866e-16
vn 0.3826834323650899 -0.9238795325112867 0
vn 0.3095974002490935 -0.9238795325112867 0.22493567784086393
vn 0.11825568406654859 -0.9238795325112867 0.3639535720290144
vn -0.11825568406654853 -0.9238795325112867 0.36395357202901446
vn -0.3095974002490935 -0.9238795325112867 0.224935677840864
vn -0.3826834323650899 -0.9238795325112867 4.6865204053263e-17
vn -0.3095974002490935 -0.9238795325112867 -0.2249356778408639
vn -0.11825568406654863 -0.9238795325112867 -0.3639535720290144
vn 0.11825568406654849 -0.9238795325112867 -0.36395357202901446
vn 0.3095974002490935 -0.9238795325112867 -0.22493567784086402
vn 0.3826834323650899 -0.9238795325112867 -9.3730408106526e-17
vn 1.2246467991473532e-16 -1 0
vn 9.907600726170916e-17 -1 7.198293278059966e-17
vn 3.7843667304341506e-17 -1 1.1647083184890923e-16
vn -3.7843667304341493e-17 -1 1.1647083184890926e-16
vn -9.907600726170915e-17 -1 7.198293278059968e-17
vn -1.2246467991473532e-16 -1 1.499759782661858e-32
vn -9.907600726170916e-17 -1 -7.198293278059965e-17
vn -3.784366730434152e-17 -1 -1.1647083184890923e-16
vn 3.7843667304341475e-17 -1 -1.1647083184890926e-16
vn 9.907600726170915e-17 -1 -7.19829327805997e-17
vn 1.2246467991473532e-16 -1 -2.999519565323716e-32
f 1/1/1 12/12/12 2/2/2
f 1/1/1 11/11/11 12/12/12
f 21/21/21 1/1/1 2/2/2
f 22/22/22 12/12/12 11/11/11
f 2/2/2 13/13/13 3/3/3
f 2/2/2 12/12/12 13/13/13
f 21/21/21 2/2/2 3/3/3
f 22/22/22 13/13/13 12/12/12
f 3/3/3 14/14/14 4/4/4
f 3/3/3 13/13/13 14/14/14
f 21/21/21 3/3/3 4/4/4
f 22/22/22 14/14/14 13/13/13
f 4/4/4 15/15/15 5/5/5
f 4/4/4 14/14/14 15/15/15
f 21/21/21 4/4/4 5/5/5
f 22/22/22 15/15/15 14/14/14
f 5/5/5 16/16/16 6/6/6
f 5/5/5 15/15/15 16/16/16
f 21/21/21 5/5/5 6/6/6
f 22/22/22 16/16/16 15/15/15
f 6/6/6 17/17/17 7/7/7
f 6/6/6 16/16/16 17/17/17
f 21/21/21 6/6/6 7/7/7
f 22/22/22 17/17/17 16/16/16
f 7/7/7 18/18/18 8/8/8
f 7/7/7 17/17/17 18/18/18
f 21/21/21 7/7/7 8/8/8
f 22/22/22 18/18/18 17/17/17
f 8/8/8 19/19/19 9/9/9
f 8/8/8 18/18/18 19/19/19
f 21/21/21 8/8/8 9/9/9
f 22/22/22 19/19/19 18/18/18
f 9/9/9 20/20/20 10/10/10
f 9/9/9 19/19/19 20/20/20
f 21/21/21 9/9/9 10/10/10
f 22/22/22 20/20/20 19/19/19
f 10/10/10 11/11/11 1/1/1
f 10/10/10 20/20/20 11/11/11
f 21/21/21 10/10/10 1/1/1
f 22/22/22 11/11/11 20/20/20
f 23/23/23 34/34/34 24/24/24
f 23/23/23 33/33/33 34/34/34
f 43/43/43 23/23/23 24/24/24
f 44/44/44 34/34/34 33/33/33
f 24/24/24 35/35/35 25/25/25
f 24/24/24 34/34/34 35/35/35
f 43/43/43 24/24/24 25/25/25
f 44/44/44 35/35/35 34/34/34
f 25/25/25 36/36/36 26/26/26
f 25/25/25 35/35/35 36/36/36
f 43/43/43 25/25/25 26/26/26
f 44/44/44 36/36/36 35/35/35
f 26/26/26 37/37/37 27/27/27
f 26/26/26 36/36/36 37/37/37
f 43/43/43 26/26/26 27/27/27
f 44/44/44 37/37/37 36/36/36
f 27/27/27 38/38/38 28/28/28
f 27/27/27 37/37/37 38/38/38
f 43/43/43 27/27/27 28/28/28
f 44/44/44 38/38/38 37/37/37
f 28/28/28 39/39/39 29/29/29
f 28/28/28 38/38/38 39/39/39
f 43/43/43 28/28/28 29/29/29
f 44/44/44 39/39/39 38/38/38
f 29/29/29 40/40/40 30/30/30
f 29/29/29 39/39/39 40/40/40
f 43/43/43 29/29/29 30/30/30
f 44/44/44 40/40/40 39/39/39
f 30/30/30 41/41/41 31/31/31
f 30/30/30 40/40/40 41/41/41
f 43/43/43 30/30/30 31/31/31
f 44/44/44 41/41/41 40/40/40
f 31/31/31 42/42/42 32/32/32
f 31/31/31 41/41/41 42/42/42
f 43/43/43 31/31/31 32/32/32
f 44/44/44 42/42/42 41/41/41
f 32/32/32 33/33/33 23/23/23
f 32/32/32 42/42/42 33/33/33
f 43/43/43 32/32/32 23/23/23
f 44/44/44 33/33/33 42/42/42
f 45/45/45 54/54/54 46/46/46
f 45/45/45 53/53/53 54/54/54
f 61/61/61 45/45/45 46/46/46
f 62/62/62 54/54/54 53/53/53
f 46/46/46 55/55/55 47/47/47
f 46/46/46 54/54/54 55/55/55
f 61/61/61 46/46/46 47/47/47
f 62/62/62 55/55/55 54/54/54
f 47/47/47 56/56/56 48/48/48
f 47/47/47 55/55/55 56/56/56
f 61/61/61 47/47/47 48/48/48
f 62/62/62 56/56/56 55/55/55
f 48/48/48 57/57/57 49/49/49
f 48/48/48 56/56/56 57/57/57
f 61/61/61 48/48/48 49/49/49
f 62/62/62 57/57/57 56/56/56
f 49/49/49 58/58/58 50/50/50
f 49/49/49 57/57/57 58/58/58
f 61/61/61 49/49/49 50/50/50
f 62/62/62 58/58/58 57/57/57
f 50/50/50 59/59/59 51/51/51
f 50/50/50 58/58/58 59/59/59
f 61/61/61 50/50/50 51/51/51
f 62/62/62 59/59/59 58/58/58
f 51/51/51 60/60/60 52/52/52
f 51/51/51 59/59/59 60/60/60
f 61/61/61 51/51/51 52/52/52
f 62/62/62 60/60/60 59/59/59
f 52/52/52 53/53/53 45/45/45
f 52/52/52 60/60/60 53/53/53
f 61/61/61 52/52/52 45/45/45
f 62/62/62 53/53/53 60/60/60
f 63/63/63 71/71/71 64/64/64
f 63/63/63 70/70/70 71/71/71
f 77/77/77 63/63/63 64/64/64
f 78/78/78 71/71/71 70/70/70
f 64/64/64 72/72/72 65/65/65
f 64/64/64 71/71/71 72/72/72
f 77/77/77 64/64/64 65/65/65
f 78/78/78 72/72/72 71/71/71
f 65/65/65 73/73/73 66/66/66
f 65/65/65 72/72/72 73/73/73
f 77/77/77 65/65/65 66/66/66
f 78/78/78 73/73/73 72/72/72
f 66/66/66 74/74/74 67/67/67
f 66/66/66 73/73/73 74/74/74
f 77/77/77 66/66/66 67/67/67
f 78/78/78 74/74/74 73/73/73
f 67/67/67 75/75/75 68/68/68
f 67/67/67 74/74/74 75/75/75
f 77/77/77 67/67/67 68/68/68
f 78/78/78 75/75/75 74/74/74
f 68/68/68 76/76/76 69/69/69
f 68/68/68 75/75/75 76/76/76
f 77/77/77 68/68/68 69/69/69
f 78/78/78 76/76/76 75/75/75
f 69/69/69 70/70/70 63/63/63
f 69/69/69 76/76/76 70/70/70
f 77/77/77 69/69/69 63/63/63
f 78/78/78 70/70/70 76/76/76
f 79/79/79 87/87/87 83/83/83
f 79/79/79 83/83/83 93/93/93
f 79/79/79 93/93/93 91/91/91
f 79/79/79 95/95/95 81/81/81
f 79/79/79 81/81/81 89/89/89
f 79/79/79 89/89/89 87/87/87
f 79/79/79 91/91/91 80/80/80
f 79/79/79 80/80/80 96/96/96
f 79/79/79 96/96/96 95/95/95
f 87/87/87 89/89/89 85/85/85
f 87/87/87 85/85/85 97/97/97
f 87/87/87 97/97/97 83/83/83
f 81/81/81 92/92/92 82/82/82
f 81/81/81 82/82/82 90/90/90
f 81/81/81 90/90/90 89/89/89
f 81/81/81 95/95/95 96/96/96
f 81/81/81 96/96/96 82/82/82
f 81/81/81 82/82/82 92/92/92
f 83/83/83 97/97/97 98/98/98
f 83/83/83 98/98/98 84/84/84
f 83/83/83 84/84/84 93/93/93
f 85/85/85 94/94/94 86/86/86
f 85/85/85 86/86/86 98/98/98
f 85/85/85 98/98/98 97/97/97
f 85/85/85 89/89/89 90/90/90
f 85/85/85 90/90/90 86/86/86
f 85/85/85 86/86/86 94/94/94
f 80/80/80 88/88/88 84/84/84
f 80/80/80 84/84/84 93/93/93
f 80/80/80 93/93/93 91/91/91
f 80/80/80 96/96/96 82/82/82
f 80/80/80 82/82/82 90/90/90
f 80/80/80 90/90/90 88/88/88
f 84/84/84 98/98/98 86/86/86
f 84/84/84 86/86/86 94/94/94
f 84/84/84 94/94/94 88/88/88
f 99/99/99 111/111/111 110/110/110
f 99/99/99 100/100/100 111/111/111
f 100/100/100 112/112/112 111/111/111
f 100/100/100 101/101/101 112/112/112
f 101/101/101 113/113/113 112/112/112
f 101/101/101 102/102/102 113/113/113
f 102/102/102 114/114/114 113/113/113
f 102/102/102 103/103/103 114/114/114
f 103/103/103 115/115/115 114/114/114
f 103/103/103 104/104/104 115/115/115
f 104/104/104 116/116/116 115/115/115
f 104/104/104 105/105/105 116/116/116
f 105/105/105 117/117/117 116/116/116
f 105/105/105 106/106/106 117/117/117
f 106/106/106 118/118/118 117/117/117
f 106/106/106 107/107/107 118/118/118
f 107/107/107 119/119/119 118/118/118
f 107/107/107 108/108/108 119/119/119
f 108/108/108 120/120/120 119/119/119
f 108/108/108 109/109/109 120/120/120
f 110/110/110 122/122/122 121/121/121
f 110/110/110 111/111/111 122/122/122
f 111/111/111 123/123/123 122/122/122
f 111/111/111 112/112/112 123/123/123
f 112/112/112 124/124/124 123/123/123
f 112/112/112 113/113/113 124/124/124
f 113/113/113 125/125/125 124/124/124
f 113/113/113 114/114/114 125/125/125
f 114/114/114 126/126/126 125/125/125
f 114/114/114 115/115/115 126/126/126
f 115/115/115 127/127/127 126/126/126
f 115/115/115 116/116/116 127/127/127
f 116/116/116 128/128/128 127/127/127
f 116/116/116 117/117/117 128/128/128
f 117/117/117 129/129/129 128/128/128
f 117/117/117 118/118/118 129/129/129
f 118/118/118 130/130/130 129/129/129
f 118/118/118 119/119/119 130/130/130
f 119/119/119 131/131/131 130/130/130
f 119/119/119 120/120/120 131/131/131
f 121/121/121 133/133/133 132/132/132
f 121/121/121 122/122/122 133/133/133
f 122/122/122 134/134/134 133/133/133
f 122/122/122 123/123/123 134/134/134
f 123/123/123 135/135/135 134/134/134
f 123/123/123 124/124/124 135/135/135
f 124/124/124 136/136/136 135/135/135
f 124/124/124 125/125/125 136/136/136
f 125/125/125 137/137/137 136/136/136
f 125/125/125 126/126/126 137/137/137
f 126/126/126 138/138/138 137/137/137
f 126/126/126 127/127/127 138/138/138
f 127/127/127 139/139/139 138/138/138
f 127/127/127 128/128/128 139/139/139
f 128/128/128 140/140/140 139/139/139
f 128/128/128 129/129/129 140/140/140
f 129/129/129 141/141/141 140/140/140
f 129/129/129 130/130/130 141/141/141
f 130/130/130 142/142/142 141/141/141
f 130/130/130 131/131/131 142/142/142
f 132/132/132 144/144/144 143/143/143
f 132/132/132 133/133/133 144/144/144
f 133/133/133 145/145/145 144/144/144
f 133/133/133 134/134/134 145/145/145
f 134/134/134 146/146/146 145/145/145
f 134/134/134 135/135/135 146/146/146
f 135/135/135 147/147/147 146/146/146
f 135/135/135 136/136/136 147/147/147
f 136/136/136 148/148/148 147/147/147
f 136/136/136 137/137/137 148/148/148
f 137/137/137 149/149/149 148/148/148
f 137/137/137 138/138/138 149/149/149
f 138/138/138 150/150/150 149/149/149
f 138/138/138 139/139/139 150/150/150
f 139/139/139 151/151/151 150/150/150
f 139/139/139 140/140/140 151/151/151
f 140/140/140 152/152/152 151/151/151
f 140/140/140 141/141/141 152/152/152
f 141/141/141 153/153/153 152/152/152
f 141/141/141 142/142/142 153/153/153
f 143/143/143 155/155/155 154/154/154
f 143/143/143 144/144/144 155/155/155
f 144/144/144 156/156/156 155/155/155
f 144/144/144 145/145/145 156/156/156
f 145/145/145 157/157/157 156/156/156
f 145/145/145 146/146/146 157/157/157
f 146/146/146 158/158/158 157/157/157
f 146/146/146 147/147/147 158/158/158
f 147/147/147 159/159/159 158/158/158
f 147/147/147 148/148/148 159/159/159
f 148/148/148 160/160/160 159/159/159
f 148/148/148 149/149/149 160/160/160
f 149/149/149 161/161/161 160/160/160
f 149/149/149 150/150/150 161/161/161
f 150/150/150 162/162/162 161/161/161
f 150/150/150 151/151/151 162/162/162
f 151/151/151 163/163/163 162/162/162
f 151/151/151 152/152/152 163/163/163
f 152/152/152 164/164/164 163/163/163
f 152/152/152 153/153/153 164/164/164
f 154/154/154 166/166/166 165/165/165
f 154/154/154 155/155/155 166/166/166
f 155/155/155 167/167/167 166/166/166
f 155/155/155 156/156/156 167/167/167
f 156/156/156 168/168/168 167/167/167
f 156/156/156 157/157/157 168/168/168
f 157/157/157 169/169/169 168/168/168
f 157/157/157 158/158/158 169/169/169
f 158/158/158 170/170/170 169/169/169
f 158/158/158 159/159/159 170/170/170
f 159/159/159 171/171/171 170/170/170
f 159/159/159 160/160/160 171/171/171
f 160/160/160 172/172/172 171/171/171
f 160/160/160 161/161/161 172/172/172
f 161/161/161 173/173/173 172/172/172
f 161/161/161 162/162/162 173/173/173
f 162/162/162 174/174/174 173/173/173
f 162/162/162 163/163/163 174/174/174
f 163/163/163 175/175/175 174/174/174
f 163/163/163 164/164/164 175/175/175
f 165/165/165 177/177/177 176/176/176
f 165/165/165 166/166/166 177/177/177
f 166/166/166 178/178/178 177/177/177
f 166/166/166 167/167/167 178/178/178
f 167/167/167 179/179/179 178/178/178
f 167/167/167 168/168/168 179/179/179
f 168/168/168 180/180/180 179/179/179
f 168/168/168 169/169/169 180/180/180
f 169/169/169 181/181/181 180/180/180
f 169/169/169 170/170/170 181/181/181
f 170/170/170 182/182/182 181/181/181
f 170/170/170 171/171/171 182/182/182
f 171/171/171 183/183/183 182/182/182
f 171/171/171 172/172/172 183/183/183
f 172/172/172 184/184/184 183/183/183
f 172/172/172 173/173/173 184/184/184
f 173/173/173 185/185/185 184/184/184
f 173/173/173 174/174/174 185/185/185
f 174/174/174 186/186/186 185/185/185
f 174/174/174 175/175/175 186/186/186
f 176/176/176 188/188/188 187/187/187
f 176/176/176 177/177/177 188/188/188
f 177/177/177 189/189/189 188/188/188
f 177/177/177 178/178/178 189/189/189
f 178/178/178 190/190/190 189/189/189
f 178/178/178 179/179/179 190/190/190
f 179/179/179 191/191/191 190/190/190
f 179/179/179 180/180/180 191/191/191
f 180/180/180 192/192/192 191/191/191
f 180/180/180 181/181/181 192/192/192
f 181/181/181 193/193/193 192/192/192
f 181/181/181 182/182/182 193/193/193
f 182/182/182 194/194/194 193/193/193
f 182/182/182 183/183/183 194/194/194
f 183/183/183 195/195/195 194/194/194
f 183/183/183 184/184/184 195/195/195
f 184/184/184 196/196/196 195/195/195
f 184/184/184 185/185/185 196/196/196
f 185/185/185 197/197/197 196/196/196
f 185/185/185 186/186/186 197/197/197
f 198/198/198 210/210/210 209/209/209
f 198/198/198 199/199/199 210/210/210
f 199/199/199 211/211/211 210/210/210
f 199/199/199 200/200/200 211/211/211
f 200/200/200 212/212/212 211/211/211
f 200/200/200 201/201/201 212/212/212
f 201/201/201 213/213/213 212/212/212
f 201/201/201 202/202/202 213/213/213
f 202/202/202 214/214/214 213/213/213
f 202/202/202 203/203/203 214/214/214
f 203/203/203 215/215/215 214/214/214
f 203/203/203 204/204/204 215/215/215
f 204/204/204 216/216/216 215/215/215
f 204/204/204 205/205/205 216/216/216
f 205/205/205 217/217/217 216/216/216
f 205/205/205 206/206/206 217/217/217
f 206/206/206 218/218/218 217/217/217
f 206/206/206 207/207/207 218/218/218
f 207/207/207 219/219/219 218/218/218
f 207/207/207 208/208/208 219/219/219
f 209/209/209 221/221/221 220/220/220
f 209/209/209 210/210/210 221/221/221
f 210/210/210 222/222/222 221/221/221
f 210/210/210 211/211/211 222/222/222
f 211/211/211 223/223/223 222/222/222
f 211/211/211 212/212/212 223/223/223
f 212/212/212 224/224/224 223/223/223
f 212/212/212 213/213/213 224/224/224
f 213/213/213 225/225/225 224/224/224
f 213/213/213 214/214/214 225/225/225
f 214/214/214 226/226/226 225/225/225
f 214/214/214 215/215/215 226/226/226
f 215/215/215 227/227/227 226/226/226
f 215/215/215 216/216/216 227/227/227
f 216/216/216 228/228/228 227/227/227
f 216/216/216 217/217/217 228/228/228
f 217/217/217 229/229/229 228/228/228
f 217/217/217 218/218/218 229/229/229
f 218/218/218 230/230/230 229/229/229
f 218/218/218 219/219/219 230/230/230
f 220/220/220 232/232/232 231/231/231
f 220/220/220 221/221/221 232/232/232
f 221/221/221 233/233/233 232/232/232
f 221/221/221 222/222/222 233/233/233
f 222/222/222 234/234/234 233/233/233
f 222/222/222 223/223/223 234/234/234
f 223/223/223 235/235/235 234/234/234
f 223/223/223 224/224/224 235/235/235
f 224/224/224 236/236/236 235/235/235
f 224/224/224 225/225/225 236/236/236
f 225/225/225 237/237/237 236/236/236
f 225/225/225 226/226/226 237/237/237
f 226/226/226 238/238/238 237/237/237
f 226/226/226 227/227/227 238/238/238
f 227/227/227 239/239/239 238/238/238
f 227/227/227 228/228/228 239/239/239
f 228/228/228 240/240/240 239/239/239
f 228/228/228 229/229/229 240/240/240
f 229/229/229 241/241/241 240/240/240
f 229/229/229 230/230/230 241/241/241
f 231/231/231 243/243/243 242/242/242
f 231/231/231 232/232/232 243/243/243
f 232/232/232 244/244/244 243/243/243
f 232/232/232 233/233/233 244/244/244
f 233/233/233 245/245/245 244/244/244
f 233/233/233 234/234/234 245/245/245
f 234/234/234 246/246/246 245/245/245
f 234/234/234 235/235/235 246/246/246
f 235/235/235 247/247/247 246/246/246
f 235/235/235 236/236/236 247/247/247
f 236/236/236 248/248/248 247/247/247
f 236/236/236 237/237/237 248/248/248
f 237/237/237 249/249/249 248/248/248
f 237/237/237 238/238/238 249/249/249
f 238/238/238 250/250/250 249/249/249
f 238/238/238 239/239/239 250/250/250
f 239/239/239 251/251/251 250/250/250
f 239/239/239 240/240/240 251/251/251
f 240/240/240 252/252/252 251/251/251
f 240/240/240 241/241/241 252/252/252
f 242/242/242 254/254/254 253/253/253
f 242/242/242 243/243/243 254/254/254
f 243/243/243 255/255/255 254/254/254
f 243/243/243 244/244/244 255/255/255
f 244/244/244 256/256/256 255/255/255
f 244/244/244 245/245/245 256/256/256
f 245/245/245 257/257/257 256/256/256
f 245/245/245 246/246/246 257/257/257
f 246/246/246 258/258/258 257/257/257
f 246/246/246 247/247/247 258/258/258
f 247/247/247 259/259/259 258/258/258
f 247/247/247 248/248/248 259/259/259
f 248/248/248 260/260/260 259/259/259
f 248/248/248 249/249/249 260/260/260
f 249/249/249 261/261/261 260/260/260
f 249/249/249 250/250/250 261/261/261
f 250/250/250 262/262/262 261/261/261
f 250/250/250 251/251/251 262/262/262
f 251/251/251 263/263/263 262/262/262
f 251/251/251 252/252/252 263/263/263
f 253/253/253 265/265/265 264/264/264
f 253/253/253 254/254/254 265/265/265
f 254/254/254 266/266/266 265/265/265
f 254/254/254 255/255/255 266/266/266
f 255/255/255 267/267/267 266/266/266
f 255/255/255 256/256/256 267/267/267
f 256/256/256 268/268/268 267/267/267
f 256/256/256 257/257/257 268/268/268
f 257/257/257 269/269/269 268/268/268
f 257/257/257 258/258/258 269/269/269
f 258/258/258 270/270/270 269/269/269
f 258/258/258 259/259/259 270/270/270
f 259/259/259 271/271/271 270/270/270
f 259/259/259 260/260/260 271/271/271
f 260/260/260 272/272/272 271/271/271
f 260/260/260 261/261/261 272/272/272
f 261/261/261 273/273/273 272/272/272
f 261/261/261 262/262/262 273/273/273
f 262/262/262 274/274/274 273/273/273
f 262/262/262 263/263/263 274/274/274
f 264/264/264 276/276/276 275/275/275
f 264/264/264 265/265/265 276/276/276
f 265/265/265 277/277/277 276/276/276
f 265/265/265 266/266/266 277/277/277
f 266/266/266 278/278/278 277/277/277
f 266/266/266 267/267/267 278/278/278
f 267/267/267 279/279/279 278/278/278
f 267/267/267 268/268/268 279/279/279
f 268/268/268 280/280/280 279/279/279
f 268/268/268 269/269/269 280/280/280
f 269/269/269 281/281/281 280/280/280
f 269/269/269 270/270/270 281/281/281
f 270/270/270 282/282/282 281/281/281
f 270/270/270 271/271/271 282/282/282
f 271/271/271 283/283/283 282/282/282
f 271/271/271 272/272/272 283/283/283
f 272/272/272 284/284/284 283/283/283
f 272/272/272 273/273/273 284/284/284
f 273/273/273 285/285/285 284/284/284
f 273/273/273 274/274/274 285/285/285
f 275/275/275 287/287/287 286/286/286
f 275/275/275 276/276/276 287/287/287
f 276/276/276 288/288/288 287/287/287
f 276/276/276 277/277/277 288/288/288
f 277/277/277 289/289/289 288/288/288
f 277/277/277 278/278/278 289/289/289
f 278/278/278 290/290/290 289/289/289
f 278/278/278 279/279/279 290/290/290
f 279/279/279 291/291/291 290/290/290
f 279/279/279 280/280/280 291/291/291
f 280/280/280 292/292/292 291/291/291
f 280/280/280 281/281/281 292/292/292
f 281/281/281 293/293/293 292/292/292
f 281/281/281 282/282/282 293/293/293
f 282/282/282 294/294/294 293/293/293
f 282/282/282 283/283/283 294/294/294
f 283/283/283 295/295/295 294/294/294
f 283/283/283 284/284/284 295/295/295
f 284/284/284 296/296/296 295/295/295
f 284/284/284 285/285/285 296/296/296
f 297/297/297 309/309/309 308/308/308
f 297/297/297 298/298/298 309/309/309
f 298/298/298 310/310/310 309/309/309
f 298/298/298 299/299/299 310/310/310
f 299/299/299 311/311/311 310/310/310
f 299/299/299 300/300/300 311/311/311
f 300/300/300 312/312/312 311/311/311
f 300/300/300 301/301/301 312/312/312
f 301/301/301 313/313/313 312/312/312
f 301/301/301 302/302/302 313/313/313
f 302/302/302 314/314/314 313/313/313
f 302/302/302 303/303/303 314/314/314
f 303/303/303 315/315/315 314/314/314
f 303/303/303 304/304/304 315/315/315
f 304/304/304 316/316/316 315/315/315
f 304/304/304 305/305/305 316/316/316
f 305/305/305 317/317/317 316/316/316
f 305/305/305 306/306/306 317/317/317
f 306/306/306 318/318/318 317/317/317
f 306/306/306 307/307/307 318/318/318
f 308/308/308 320/320/320 319/319/319
f 308/308/308 309/309/309 320/320/320
f 309/309/309 321/321/321 320/320/320
f 309/309/309 310/310/310 321/321/321
f 310/310/310 322/322/322 321/321/321
f 310/310/310 311/311/311 322/322/322
f 311/311/311 323/323/323 322/322/322
f 311/311/311 312/312/312 323/323/323
f 312/312/312 324/324/324 323/323/323
f 312/312/312 313/313/313 324/324/324
f 313/313/313 325/325/325 324/324/324
f 313/313/313 314/314/314 325/325/325
f 314/314/314 326/326/326 325/325/325
f 314/314/314 315/315/315 326/326/326
f 315/315/315 327/327/327 326/326/326
f 315/315/315 316/316/316 327/327/327
f 316/316/316 328/328/328 327/327/327
f 316/316/316 317/317/317 328/328/328
f 317/317/317 329/329/329 328/328/328
f 317/317/317 318/318/318 329/329/329
f 319/319/319 331/331/331 330/330/330
f 319/319/319 320/320/320 331/331/331
f 320/320/320 332/332/332 331/331/331
f 320/320/320 321/321/321 332/332/332
f 321/321/321 333/333/333 332/332/332
f 321/321/321 322/322/322 333/333/333
f 322/322/322 334/334/334 333/333/333
f 322/322/322 323/323/323 334/334/334
f 323/323/323 335/335/335 334/334/334
f 323/323/323 324/324/324 335/335/335
f 324/324/324 336/336/336 335/335/335
f 324/324/324 325/325/325 336/336/336
f 325/325/325 337/337/337 336/336/336
f 325/325/325 326/326/326 337/337/337
f 326/326/326 338/338/338 337/337/337
f 326/326/326 327/327/327 338/338/338
f 327/327/327 339/339/339 338/338/338
f 327/327/327 328/328/328 339/339/339
f 328/328/328 340/340/340 339/339/339
f 328/328/328 329/329/329 340/340/340
f 330/330/330 342/342/342 341/341/341
f 330/330/330 331/331/331 342/342/342
f 331/331/331 343/343/343 342/342/342
f 331/331/331 332/332/332 343/343/343
f 332/332/332 344/344/344 343/343/343
f 332/332/332 333/333/333 344/344/344
f 333/333/333 345/345/345 344/344/344
f 333/333/333 334/334/334 345/345/345
f 334/334/334 346/346/346 345/345/345
f 334/334/334 335/335/335 346/346/346
f 335/335/335 347/347/347 346/346/346
f 335/335/335 336/336/336 347/347/347
f 336/336/336 348/348/348 347/347/347
f 336/336/336 337/337/337 348/348/348
f 337/337/337 349/349/349 348/348/348
f 337/337/337 338/338/338 349/349/349
f 338/338/338 350/350/350 349/349/349
f 338/338/338 339/339/339 350/350/350
f 339/339/339 351/351/351 350/350/350
f 339/339/339 340/340/340 351/351/351
f 341/341/341 353/353/353 352/352/352
f 341/341/341 342/342/342 353/353/353
f 342/342/342 354/354/354 353/353/353
f 342/342/342 343/343/343 354/354/354
f 343/343/343 355/355/355 354/354/354
f 343/343/343 344/344/344 355/355/355
f 344/344/344 356/356/356 355/355/355
f 344/344/344 345/345/345 356/356/356
f 345/345/345 357/357/357 356/356/356
f 345/345/345 346/346/346 357/357/357
f 346/346/346 358/358/358 357/357/357
f 346/346/346 347/347/347 358/358/358
f 347/347/347 359/359/359 358/358/358
f 347/347/347 348/348/348 359/359/359
f 348/348/348 360/360/360 359/359/359
f 348/348/348 349/349/349 360/360/360
f 349/349/349 361/361/361 360/360/360
f 349/349/349 350/350/350 361/361/361
f 350/350/350 362/362/362 361/361/361
f 350/350/350 351/351/351 362/362/362
f 352/352/352 364/364/364 363/363/363
f 352/352/352 353/353/353 364/364/364
f 353/353/353 365/365/365 364/364/364
f 353/353/353 354/354/354 365/365/365
f 354/354/354 366/366/366 365/365/365
f 354/354/354 355/355/355 366/366/366
f 355/355/355 367/367/367 366/366/366
f 355/355/355 356/356/356 367/367/367
f 356/356/356 368/368/368 367/367/367
f 356/356/356 357/357/357 368/368/368
f 357/357/357 369/369/369 368/368/368
f 357/357/357 358/358/358 369/369/369
f 358/358/358 370/370/370 369/369/369
f 358/358/358 359/359/359 370/370/370
f 359/359/359 371/371/371 370/370/370
f 359/359/359 360/360/360 371/371/371
f 360/360/360 372/372/372 371/371/371
f 360/360/360 361/361/361 372/372/372
f 361/361/361 373/373/373 372/372/372
f 361/361/361 362/362/362 373/373/373
f 363/363/363 375/375/375 374/374/374
f 363/363/363 364/364/364 375/375/375
f 364/364/364 376/376/376 375/375/375
f 364/364/364 365/365/365 376/376/376
f 365/365/365 377/377/377 376/376/376
f 365/365/365 366/366/366 377/377/377
f 366/366/366 378/378/378 377/377/377
f 366/366/366 367/367/367 378/378/378
f 367/367/367 379/379/379 378/378/378
f 367/367/367 368/368/368 379/379/379
f 368/368/368 380/380/380 379/379/379
f 368/368/368 369/369/369 380/380/380
f 369/369/369 381/381/381 380/380/380
f 369/369/369 370/370/370 381/381/381
f 370/370/370 382/382/382 381/381/381
f 370/370/370 371/371/371 382/382/382
f 371/371/371 383/383/383 382/382/382
f 371/371/371 372/372/372 383/383/383
f 372/372/372 384/384/384 383/383/383
f 372/372/372 373/373/373 384/384/384
f 374/374/374 386/386/386 385/385/385
f 374/374/374 375/375/375 386/386/386
f 375/375/375 387/387/387 386/386/386
f 375/375/375 376/376/376 387/387/387
f 376/376/376 388/388/388 387/387/387
f 376/376/376 377/377/377 388/388/388
f 377/377/377 389/389/389 388/388/388
f 377/377/377 378/378/378 389/389/389
f 378/378/378 390/390/390 389/389/389
f 378/378/378 379/379/379 390/390/390
f 379/379/379 391/391/391 390/390/390
f 379/379/379 380/380/380 391/391/391
f 380/380/380 392/392/392 391/391/391
f 380/380/380 381/381/381 392/392/392
f 381/381/381 393/393/393 392/392/392
f 381/381/381 382/382/382 393/393/393
f 382/382/382 394/394/394 393/393/393
f 382/382/382 383/383/383 394/394/394
f 383/383/383 395/395/395 394/394/394
f 383/383/383 384/384/384 395/395/395
f 396/396/396 408/408/408 407/407/407
f 396/396/396 397/397/397 408/408/408
f 397/397/397 409/409/409 408/408/408
f 397/397/397 398/398/398 409/409/409
f 398/398/398 410/410/410 409/409/409
f 398/398/398 399/399/399 410/410/410
f 399/399/399 411/411/411 410/410/410
f 399/399/399 400/400/400 411/411/411
f 400/400/400 412/412/412 411/411/411
f 400/400/400 401/401/401 412/412/412
f 401/401/401 413/413/413 412/412/412
f 401/401/401 402/402/402 413/413/413
f 402/402/402 414/414/414 413/413/413
f 402/402/402 403/403/403 414/414/414
f 403/403/403 415/415/415 414/414/414
f 403/403/403 404/404/404 415/415/415
f 404/404/404 416/416/416 415/415/415
f 404/404/404 405/405/405 416/416/416
f 405/405/405 417/417/417 416/416/416
f 405/405/405 406/406/406 417/417/417
f 407/407/407 419/419/419 418/418/418
f 407/407/407 408/408/408 419/419/419
f 408/408/408 420/420/420 419/419/419
f 408/408/408 409/409/409 420/420/420
f 409/409/409 421/421/421 420/420/420
f 409/409/409 410/410/410 421/421/421
f 410/410/410 422/422/422 421/421/421
f 410/410/410 411/411/411 422/422/422
f 411/411/411 423/423/423 422/422/422
f 411/411/411 412/412/412 423/423/423
f 412/412/412 424/424/424 423/423/423
f 412/412/412 413/413/413 424/424/424
f 413/413/413 425/425/425 424/424/424
f 413/413/413 414/414/414 425/425/425
f 414/414/414 426/426/426 425/425/425
f 414/414/414 415/415/415 426/426/426
f 415/415/415 427/427/427 426/426/426
f 415/415/415 416/416/416 427/427/427
f 416/416/416 428/428/428 427/427/427
f 416/416/416 417/417/417 428/428/428
f 418/418/418 430/430/430 429/429/429
f 418/418/418 419/419/419 430/430/430
f 419/419/419 431/431/431 430/430/430
f 419/419/419 420/420/420 431/431/431
f 420/420/420 432/432/432 431/431/431
f 420/420/420 421/421/421 432/432/432
f 421/421/421 433/433/433 432/432/432
f 421/421/421 422/422/422 433/433/433
f 422/422/422 434/434/434 433/433/433
f 422/422/422 423/423/423 434/434/434
f 423/423/423 435/435/435 434/434/434
f 423/423/423 424/424/424 435/435/435
f 424/424/424 436/436/436 435/435/435
f 424/424/424 425/425/425 436/436/436
f 425/425/425 437/437/437 436/436/436
f 425/425/425 426/426/426 437/437/437
f 426/426/426 438/438/438 437/437/437
f 426/426/426 427/427/427 438/438/438
f 427/427/427 439/439/439 438/438/438
f 427/427/427 428/428/428 439/439/439
f 429/429/429 441/441/441 440/440/440
f 429/429/429 430/430/430 441/441/441
f 430/430/430 442/442/442 441/441/441
f 430/430/430 431/431/431 442/442/442
f 431/431/431 443/443/443 442/442/442
f 431/431/431 432/432/432 443/443/443
f 432/432/432 444/444/444 443/443/443
f 432/432/432 433/433/433 444/444/444
f 433/433/433 445/445/445 444/444/444
f 433/433/433 434/434/434 445/445/445
f 434/434/434 446/446/446 445/445/445
f 434/434/434 435/435/435 446/446/446
f 435/435/435 447/447/447 446/446/446
f 435/435/435 436/436/436 447/447/447
f 436/436/436 448/448/448 447/447/447
f 436/436/436 437/437/437 448/448/448
f 437/437/437 449/449/449 448/448/448
f 437/437/437 438/438/438 449/449/449
f 438/438/438 450/450/450 449/449/449
f 438/438/438 439/439/439 450/450/450
f 440/440/440 452/452/452 451/451/451
f 440/440/440 441/441/441 452/452/452
f 441/441/441 453/453/453 452/452/452
f 441/441/441 442/442/442 453/453/453
f 442/442/442 454/454/454 453/453/453
f 442/442/442 443/443/443 454/454/454
f 443/443/443 455/455/455 454/454/454
f 443/443/443 444/444/444 455/455/455
f 444/444/444 456/456/456 455/455/455
f 444/444/444 445/445/445 456/456/456
f 445/445/445 457/457/457 456/456/456
f 445/445/445 446/446/446 457/457/457
f 446/446/446 458/458/458 457/457/457
f 446/446/446 447/447/447 458/458/458
f 447/447/447 459/459/459 458/458/458
f 447/447/447 448/448/448 459/459/459
f 448/448/448 460/460/460 459/459/459
f 448/448/448 449/449/449 460/460/460
f 449/449/449 461/461/461 460/460/460
f 449/449/449 450/450/450 461/461/461
f 451/451/451 463/463/463 462/462/462
f 451/451/451 452/452/452 463/463/463
f 452/452/452 464/464/464 463/463/463
f 452/452/452 453/453/453 464/464/464
f 453/453/453 465/465/465 464/464/464
f 453/453/453 454/454/454 465/465/465
f 454/454/454 466/466/466 465/465/465
f 454/454/454 455/455/455 466/466/466
f 455/455/455 467/467/467 466/466/466
f 455/455/455 456/456/456 467/467/467
f 456/456/456 468/468/468 467/467/467
f 456/456/456 457/457/457 468/468/468
f 457/457/457 469/469/469 468/468/468
f 457/457/457 458/458/458 469/469/469
f 458/458/458 470/470/470 469/469/469
f 458/458/458 459/459/459 470/470/470
f 459/459/459 471/471/471 470/470/470
f 459/459/459 460/460/460 471/471/471
f 460/460/460 472/472/472 471/471/471
f 460/460/460 461/461/461 472/472/472
f 462/462/462 474/474/474 473/473/473
f 462/462/462 463/463/463 474/474/474
f 463/463/463 475/475/475 474/474/474
f 463/463/463 464/464/464 475/475/475
f 464/464/464 476/476/476 475/475/475
f 464/464/464 465/465/465 476/476/476
f 465/465/465 477/477/477 476/476/476
f 465/465/465 466/466/466 477/477/477
f 466/466/466 478/478/478 477/477/477
f 466/466/466 467/467/467 478/478/478
f 467/467/467 479/479/479 478/478/478
f 467/467/467 468/468/468 479/479/479
f 468/468/468 480/480/480 479/479/479
f 468/468/468 469/469/469 480/480/480
f 469/469/469 481/481/481 480/480/480
f 469/469/469 470/470/470 481/481/481
f 470/470/470 482/482/482 481/481/481
f 470/470/470 471/471/471 482/482/482
f 471/471/471 483/483/483 482/482/482
f 471/471/471 472/472/472 483/483/483
f 473/473/473 485/485/485 484/484/484
f 473/473/473 474/474/474 485/485/485
f 474/474/474 486/486/486 485/485/485
f 474/474/474 475/475/475 486/486/486
f 475/475/475 487/487/487 486/486/486
f 475/475/475 476/476/476 487/487/487
f 476/476/476 488/488/488 487/487/487
f 476/476/476 477/477/477 488/488/488
f 477/477/477 489/489/489 488/488/488
f 477/477/477 478/478/478 489/489/489
f 478/478/478 490/490/490 489/489/489
f 478/478/478 479/479/479 490/490/490
f 479/479/479 491/491/491 490/490/490
f 479/479/479 480/480/480 491/491/491
f 480/480/480 492/492/492 491/491/491
f 480/480/480 481/481/481 492/492/492
f 481/481/481 493/493/493 492/492/492
f 481/481/481 482/482/482 493/493/493
f 482/482/482 494/494/494 493/493/493
f 482/482/482 483/483/483 494/494/494
f 495/495/495 504/504/504 496/496/496
f 495/495/495 503/503/503 504/504/504
f 511/511/511 495/495/495 496/496/496
f 512/512/512 504/504/504 503/503/503
f 496/496/496 505/505/505 497/497/497
f 496/496/496 504/504/504 505/505/505
f 511/511/511 496/496/496 497/497/497
f 512/512/512 505/505/505 504/504/504
f 497/497/497 506/506/506 498/498/498
f 497/497/497 505/505/505 506/506/506
f 511/511/511 497/497/497 498/498/498
f 512/512/512 506/506/506 505/505/505
f 498/498/498 507/507/507 499/499/499
f 498/498/498 506/506/506 507/507/507
f 511/511/511 498/498/498 499/499/499
f 512/512/512 507/507/507 506/506/506
f 499/499/499 508/508/508 500/500/500
f 499/499/499 507/507/507 508/508/508
f 511/511/511 499/499/499 500/500/500
f 512/512/512 508/508/508 507/507/507
f 500/500/500 509/509/509 501/501/501
f 500/500/500 508/508/508 509/509/509
f 511/511/511 500/500/500 501/501/501
f 512/512/512 509/509/509 508/508/508
f 501/501/501 510/510/510 502/502/502
f 501/501/501 509/509/509 510/510/510
f 511/511/511 501/501/501 502/502/502
f 512/512/512 510/510/510 509/509/509
f 502/502/502 503/503/503 495/495/495
f 502/502/502 510/510/510 503/503/503
f 511/511/511 502/502/502 495/495/495
f 512/512/512 503/503/503 510/510/510
f 513/513/513 521/521/521 514/514/514
f 513/513/513 520/520/520 521/521/521
f 527/527/527 513/513/513 514/514/514
f 528/528/528 521/521/521 520/520/520
f 514/514/514 522/522/522 515/515/515
f 514/514/514 521/521/521 522/522/522
f 527/527/527 514/514/514 515/515/515
f 528/528/528 522/522/522 521/521/521
f 515/515/515 523/523/523 516/516/516
f 515/515/515 522/522/522 523/523/523
f 527/527/527 515/515/515 516/516/516
f 528/528/528 523/523/523 522/522/522
f 516/516/516 524/524/524 517/517/517
f 516/516/516 523/523/523 524/524/524
f 527/527/527 516/516/516 517/517/517
f 528/528/528 524/524/524 523/523/523
f 517/517/517 525/525/525 518/518/518
f 517/517/517 524/524/524 525/525/525
f 527/527/527 517/517/517 518/518/518
f 528/528/528 525/525/525 524/524/524
f 518/518/518 526/526/526 519/519/519
f 518/518/518 525/525/525 526/526/526
f 527/527/527 518/518/518 519/519/519
f 528/528/528 526/526/526 525/525/525
f 519/519/519 520/520/520 513/513/513
f 519/519/519 526/526/526 520/520/520
f 527/527/527 519/519/519 513/513/513
f 528/528/528 520/520/520 526/526/526
f 529/529/529 537/537/537 533/533/533
f 529/529/529 533/533/533 543/543/543
f 529/529/529 543/543/543 541/541/541
f 529/529/529 545/545/545 531/531/531
f 529/529/529 531/531/531 539/539/539
f 529/529/529 539/539/539 537/537/537
f 529/529/529 541/541/541 530/530/530
f 529/529/529 530/530/530 546/546/546
f 529/529/529 546/546/546 545/545/545
f 537/537/537 539/539/539 535/535/535
f 537/537/537 535/535/535 547/547/547
f 537/537/537 547/547/547 533/533/533
f 531/531/531 542/542/542 532/532/532
f 531/531/531 532/532/532 540/540/540
f 531/531/531 540/540/540 539/539/539
f 531/531/531 545/545/545 546/546/546
f 531/531/531 546/546/546 532/532/532
f 531/531/531 532/532/532 542/542/542
f 533/533/533 547/547/547 548/548/548
f 533/533/533 548/548/548 534/534/534
f 533/533/533 534/534/534 543/543/543
f 535/535/535 544/544/544 536/536/536
f 535/535/535 536/536/536 548/548/548
f 535/535/535 548/548/548 547/547/547
f 535/535/535 539/539/539 540/540/540
f 535/535/535 540/540/540 536/536/536
f 535/535/535 536/536/536 544/544/544
f 530/530/530 538/538/538 534/534/534
f 530/530/530 534/534/534 543/543/543
f 530/530/530 543/543/543 541/541/541
f 530/530/530 546/546/546 532/532/532
f 530/530/530 532/532/532 540/540/540
f 530/530/530 540/540/540 538/538/538
f 534/534/534 548/548/548 536/536/536
f 534/534/534 536/536/536 544/544/544
f 534/534/534 544/544/544 538/538/538
f 549/549/549 561/561/561 560/560/560
f 549/549/549 550/550/550 561/561/561
f 550/550/550 562/562/562 561/561/561
f 550/550/550 551/551/551 562/562/562
f 551/551/551 563/563/563 562/562/562
f 551/551/551 552/552/552 563/563/563
f 552/552/552 564/564/564 563/563/563
f 552/552/552 553/553/553 564/564/564
f 553/553/553 565/565/565 564/564/564
f 553/553/553 554/554/554 565/565/565
f 554/554/554 566/566/566 565/565/565
f 554/554/554 555/555/555 566/566/566
f 555/555/555 567/567/567 566/566/566
f 555/555/555 556/556/556 567/567/567
f 556/556/556 568/568/568 567/567/567
f 556/556/556 557/557/557 568/568/568
f 557/557/557 569/569/569 568/568/568
f 557/557/557 558/558/558 569/569/569
f 558/558/558 570/570/570 569/569/569
f 558/558/558 559/559/559 570/570/570
f 560/560/560 572/572/572 571/571/571
f 560/560/560 561/561/561 572/572/572
f 561/561/561 573/573/573 572/572/572
f 561/561/561 562/562/562 573/573/573
f 562/562/562 574/574/574 573/573/573
f 562/562/562 563/563/563 574/574/574
f 563/563/563 575/575/575 574/574/574
f 563/563/563 564/564/564 575/575/575
f 564/564/564 576/576/576 575/575/575
f 564/564/564 565/565/565 576/576/576
f 565/565/565 577/577/577 576/576/576
f 565/565/565 566/566/566 577/577/577
f 566/566/566 578/578/578 577/577/577
f 566/566/566 567/567/567 578/578/578
f 567/567/567 579/579/579 578/578/578
f 567/567/567 568/568/568 579/579/579
f 568/568/568 580/580/580 579/579/579
f 568/568/568 569/569/569 580/580/580
f 569/569/569 581/581/581 580/580/580
f 569/569/569 570/570/570 581/581/581
f 571/571/571 583/583/583 582/582/582
f 571/571/571 572/572/572 583/583/583
f 572/572/572 584/584/584 583/583/583
f 572/572/572 573/573/573 584/584/584
f 573/573/573 585/585/585 584/584/584
f 573/573/573 574/574/574 585/585/585
f 574/574/574 586/586/586 585/585/585
f 574/574/574 575/575/575 586/586/586
f 575/575/575 587/587/587 586/586/586
f 575/575/575 576/576/576 587/587/587
f 576/576/576 588/588/588 587/587/587
f 576/576/576 577/577/577 588/588/588
f 577/577/577 589/589/589 588/588/588
f 577/577/577 578/578/578 589/589/589
f 578/578/578 590/590/590 589/589/589
f 578/578/578 579/579/579 590/590/590
f 579/579/579 591/591/591 590/590/590
f 579/579/579 580/580/580 591/591/591
f 580/580/580 592/592/592 591/591/591
f 580/580/580 581/581/581 592/592/592
f 582/582/582 594/594/594 593/593/593
f 582/582/582 583/583/583 594/594/594
f 583/583/583 595/595/595 594/594/594
f 583/583/583 584/584/584 595/595/595
f 584/584/584 596/596/596 595/595/595
f 584/584/584 585/585/585 596/596/596
f 585/585/585 597/597/597 596/596/596
f 585/585/585 586/586/586 597/597/597
f 586/586/586 598/598/598 597/597/597
f 586/586/586 587/587/587 598/598/598
f 587/587/587 599/599/599 598/598/598
f 587/587/587 588/588/588 599/599/599
f 588/588/588 600/600/600 599/599/599
f 588/588/588 589/589/589 600/600/600
f 589/589/589 601/601/601 600/600/600
f 589/589/589 590/590/590 601/601/601
f 590/590/590 602/602/602 601/601/601
f 590/590/590 591/591/591 602/602/602
f 591/591/591 603/603/603 602/602/602
f 591/591/591 592/592/592 603/603/603
f 593/593/593 605/605/605 604/604/604
f 593/593/593 594/594/594 605/605/605
f 594/594/594 606/606/606 605/605/605
f 594/594/594 595/595/595 606/606/606
f 595/595/595 607/607/607 606/606/606
f 595/595/595 596/596/596 607/607/607
f 596/596/596 608/608/608 607/607/607
f 596/596/596 597/597/597 608/608/608
f 597/597/597 609/609/609 608/608/608
f 597/597/597 598/598/598 609/609/609
f 598/598/598 610/610/610 609/609/609
f 598/598/598 599/599/599 610/610/610
f 599/599/599 611/611/611 610/610/610
f 599/599/599 600/600/600 611/611/611
f 600/600/600 612/612/612 611/611/611
f 600/600/600 601/601/601 612/612/612
f 601/601/601 613/613/613 612/612/612
f 601/601/601 602/602/602 613/613/613
f 602/602/602 614/614/614 613/613/613
f 602/602/602 603/603/603 614/614/614
f 604/604/604 616/616/616 615/615/615
f 604/604/604 605/605/605 616/616/616
f 605/605/605 617/617/617 616/616/616
f 605/605/605 606/606/606 617/617/617
f 606/606/606 618/618/618 617/617/617
f 606/606/606 607/607/607 618/618/618
f 607/607/607 619/619/619 618/618/618
f 607/607/607 608/608/608 619/619/619
f 608/608/608 620/620/620 619/619/619
f 608/608/608 609/609/609 620/620/620
f 609/609/609 621/621/621 620/620/620
f 609/609/609 610/610/610 621/621/621
f 610/610/610 622/622/622 621/621/621
f 610/610/610 611/611/611 622/622/622
f 611/611/611 623/623/623 622/622/622
f 611/611/611 612/612/612 623/623/623
f 612/612/612 624/624/624 623/623/623
f 612/612/612 613/613/613 624/624/624
f 613/613/613 625/625/625 624/624/624
f 613/613/613 614/614/614 625/625/625
f 615/615/615 627/627/627 626/626/626
f 615/615/615 616/616/616 627/627/627
f 616/616/616 628/628/628 627/627/627
f 616/616/616 617/617/617 628/628/628
f 617/617/617 629/629/629 628/628/628
f 617/617/617 618/618/618 629/629/629
f 618/618/618 630/630/630 629/629/629
f 618/618/618 619/619/619 630/630/630
f 619/619/619 631/631/631 630/630/630
f 619/619/619 620/620/620 631/631/631
f 620/620/620 632/632/632 631/631/631
f 620/620/620 621/621/621 632/632/632
f 621/621/621 633/633/633 632/632/632
f 621/621/621 622/622/622 633/633/633
f 622/622/622 634/634/634 633/633/633
f 622/622/622 623/623/623 634/634/634
f 623/623/623 635/635/635 634/634/634
f 623/623/623 624/624/624 635/635/635
f 624/624/624 636/636/636 635/635/635
f 624/624/624 625/625/625 636/636/636
f 626/626/626 638/638/638 637/637/637
f 626/626/626 627/627/627 638/638/638
f 627/627/627 639/639/639 638/638/638
f 627/627/627 628/628/628 639/639/639
f 628/628/628 640/640/640 639/639/639
f 628/628/628 629/629/629 640/640/640
f 629/629/629 641/641/641 640/640/640
f 629/629/629 630/630/630 641/641/641
f 630/630/630 642/642/642 641/641/641
f 630/630/630 631/631/631 642/642/642
f 631/631/631 643/643/643 642/642/642
f 631/631/631 632/632/632 643/643/643
f 632/632/632 644/644/644 643/643/643
f 632/632/632 633/633/633 644/644/644
f 633/633/633 645/645/645 644/644/644
f 633/633/633 634/634/634 645/645/645
f 634/634/634 646/646/646 645/645/645
f 634/634/634 635/635/635 646/646/646
f 635/635/635 647/647/647 646/646/646
f 635/635/635 636/636/636 647/647/647
f 648/648/648 660/660/660 659/659/659
f 648/648/648 649/649/649 660/660/660
f 649/649/649 661/661/661 660/660/660
f 649/649/649 650/650/650 661/661/661
f 650/650/650 662/662/662 661/661/661
f 650/650/650 651/651/651 662/662/662
f 651/651/651 663/663/663 662/662/662
f 651/651/651 652/652/652 663/663/663
f 652/652/652 664/664/664 663/663/663
f 652/652/652 653/653/653 664/664/664
f 653/653/653 665/665/665 664/664/664
f 653/653/653 654/654/654 665/665/665
f 654/654/654 666/666/666 665/665/665
f 654/654/654 655/655/655 666/666/666
f 655/655/655 667/667/667 666/666/666
f 655/655/655 656/656/656 667/667/667
f 656/656/656 668/668/668 667/667/667
f 656/656/656 657/657/657 668/668/668
f 657/657/657 669/669/669 668/668/668
f 657/657/657 658/658/658 669/669/669
f 659/659/659 671/671/671 670/670/670
f 659/659/659 660/660/660 671/671/671
f 660/660/660 672/672/672 671/671/671
f 660/660/660 661/661/661 672/672/672
f 661/661/661 673/673/673 672/672/672
f 661/661/661 662/662/662 673/673/673
f 662/662/662 674/674/674 673/673/673
f 662/662/662 663/663/663 674/674/674
f 663/663/663 675/675/675 674/674/674
f 663/663/663 664/664/664 675/675/675
f 664/664/664 676/676/676 675/675/675
f 664/664/664 665/665/665 676/676/676
f 665/665/665 677/677/677 676/676/676
f 665/665/665 666/666/666 677/677/677
f 666/666/666 678/678/678 677/677/677
f 666/666/666 667/667/667 678/678/678
f 667/667/667 679/679/679 678/678/678
f 667/667/667 668/668/668 679/679/679
f 668/668/668 680/680/680 679/679/679
f 668/668/668 669/669/669 680/680/680
f 670/670/670 682/682/682 681/681/681
f 670/670/670 671/671/671 682/682/682
f 671/671/671 683/683/683 682/682/682
f 671/671/671 672/672/672 683/683/683
f 672/672/672 684/684/684 683/683/683
f 672/672/672 673/673/673 684/684/684
f 673/673/673 685/685/685 684/684/684
f 673/673/673 674/674/674 685/685/685
f 674/674/674 686/686/686 685/685/685
f 674/674/674 675/675/675 686/686/686
f 675/675/675 687/687/687 686/686/686
f 675/675/675 676/676/676 687/687/687
f 676/676/676 688/688/688 687/687/687
f 676/676/676 677/677/677 688/688/688
f 677/677/677 689/689/689 688/688/688
f 677/677/677 678/678/678 689/689/689
f 678/678/678 690/690/690 689/689/689
f 678/678/678 679/679/679 690/690/690
f 679/679/679 691/691/691 690/690/690
f 679/679/679 680/680/680 691/691/691
f 681/681/681 693/693/693 692/692/692
f 681/681/681 682/682/682 693/693/693
f 682/682/682 694/694/694 693/693/693
f 682/682/682 683/683/683 694/694/694
f 683/683/683 695/695/695 694/694/694
f 683/683/683 684/684/684 695/695/695
f 684/684/684 696/696/696 695/695/695
f 684/684/684 685/685/685 696/696/696
f 685/685/685 697/697/697 696/696/696
f 685/685/685 686/686/686 697/697/697
f 686/686/686 698/698/698 697/697/697
f 686/686/686 687/687/687 698/698/698
f 687/687/687 699/699/699 698/698/698
f 687/687/687 688/688/688 699/699/699
f 688/688/688 700/700/700 699/699/699
f 688/688/688 689/689/689 700/700/700
f 689/689/689 701/701/701 700/700/700
f 689/689/689 690/690/690 701/701/701
f 690/690/690 702/702/702 701/701/701
f 690/690/690 691/691/691 702/702/702
f 692/692/692 704/704/704 703/703/703
f 692/692/692 693/693/693 704/704/704
f 693/693/693 705/705/705 704/704/704
f 693/693/693 694/694/694 705/705/705
f 694/694/694 706/706/706 705/705/705
f 694/694/694 695/695/695 706/706/706
f 695/695/695 707/707/707 706/706/706
f 695/695/695 696/696/696 707/707/707
f 696/696/696 708/708/708 707/707/707
f 696/696/696 697/697/697 708/708/708
f 697/697/697 709/709/709 708/708/708
f 697/697/697 698/698/698 709/709/709
f 698/698/698 710/710/710 709/709/709
f 698/698/698 699/699/699 710/710/710
f 699/699/699 711/711/711 710/710/710
f 699/699/699 700/700/700 711/711/711
f 700/700/700 712/712/712 711/711/711
f 700/700/700 701/701/701 712/712/712
f 701/701/701 713/713/713 712/712/712
f 701/701/701 702/702/702 713/713/713
f 703/703/703 715/715/715 714/714/714
f 703/703/703 704/704/704 715/715/715
f 704/704/704 716/716/716 715/715/715
f 704/704/704 705/705/705 716/716/716
f 705/705/705 717/717/717 716/716/716
f 705/705/705 706/706/706 717/717/717
f 706/706/706 718/718/718 717/717/717
f 706/706/706 707/707/707 718/718/718
f 707/707/707 719/719/719 718/718/718
f 707/707/707 708/708/708 719/719/719
f 708/708/708 720/720/720 719/719/719
f 708/708/708 709/709/709 720/720/720
f 709/709/709 721/721/721 720/720/720
f 709/709/709 710/710/710 721/721/721
f 710/710/710 722/722/722 721/721/721
f 710/710/710 711/711/711 722/722/722
f 711/711/711 723/723/723 722/722/722
f 711/711/711 712/712/712 723/723/723
f 712/712/712 724/724/724 723/723/723
f 712/712/712 713/713/713 724/724/724
f 714/714/714 726/726/726 725/725/725
f 714/714/714 715/715/715 726/726/726
f 715/715/715 727/727/727 726/726/726
f 715/715/715 716/716/716 727/727/727
f 716/716/716 728/728/728 727/727/727
f 716/716/716 717/717/717 728/728/728
f 717/717/717 729/729/729 728/728/728
f 717/717/717 718/718/718 729/729/729
f 718/718/718 730/730/730 729/729/729
f 718/718/718 719/719/719 730/730/730
f 719/719/719 731/731/731 730/730/730
f 719/719/719 720/720/720 731/731/731
f 720/720/720 732/732/732 731/731/731
f 720/720/720 721/721/721 732/732/732
f 721/721/721 733/733/733 732/732/732
f 721/721/721 722/722/722 733/733/733
f 722/722/722 734/734/734 733/733/733
f 722/722/722 723/723/723 734/734/734
f 723/723/723 735/735/735 734/734/734
f 723/723/723 724/724/724 735/735/735
f 725/725/725 737/737/737 736/736/736
f 725/725/725 726/726/726 737/737/737
f 726/726/726 738/738/738 737/737/737
f 726/726/726 727/727/727 738/738/738
f 727/727/727 739/739/739 738/738/738
f 727/727/727 728/728/728 739/739/739
f 728/728/728 740/740/740 739/739/739
f 728/728/728 729/729/729 740/740/740
f 729/729/729 741/741/741 740/740/740
f 729/729/729 730/730/730 741/741/741
f 730/730/730 742/742/742 741/741/741
f 730/730/730 731/731/731 742/742/742
f 731/731/731 743/743/743 742/742/742
f 731/731/731 732/732/732 743/743/743
f 732/732/732 744/744/744 743/743/743
f 732/732/732 733/733/733 744/744/744
f 733/733/733 745/745/745 744/744/744
f 733/733/733 734/734/734 745/745/745
f 734/734/734 746/746/746 745/745/745
f 734/734/734 735/735/735 746/746/746
f 747/747/747 759/759/759 758/758/758
f 747/747/747 748/748/748 759/759/759
f 748/748/748 760/760/760 759/759/759
f 748/748/748 749/749/749 760/760/760
f 749/749/749 761/761/761 760/760/760
f 749/749/749 750/750/750 761/761/761
f 750/750/750 762/762/762 761/761/761
f 750/750/750 751/751/751 762/762/762
f 751/751/751 763/763/763 762/762/762
f 751/751/751 752/752/752 763/763/763
f 752/752/752 764/764/764 763/763/763
f 752/752/752 753/753/753 764/764/764
f 753/753/753 765/765/765 764/764/764
f 753/753/753 754/754/754 765/765/765
f 754/754/754 766/766/766 765/765/765
f 754/754/754 755/755/755 766/766/766
f 755/755/755 767/767/767 766/766/766
f 755/755/755 756/756/756 767/767/767
f 756/756/756 768/768/768 767/767/767
f 756/756/756 757/757/757 768/768/768
f 758/758/758 770/770/770 769/769/769
f 758/758/758 759/759/759 770/770/770
f 759/759/759 771/771/771 770/770/770
f 759/759/759 760/760/760 771/771/771
f 760/760/760 772/772/772 771/771/771
f 760/760/760 761/761/761 772/772/772
f 761/761/761 773/773/773 772/772/772
f 761/761/761 762/762/762 773/773/773
f 762/762/762 774/774/774 773/773/773
f 762/762/762 763/763/763 774/774/774
f 763/763/763 775/775/775 774/774/774
f 763/763/763 764/764/764 775/775/775
f 764/764/764 776/776/776 775/775/775
f 764/764/764 765/765/765 776/776/776
f 765/765/765 777/777/777 776/776/776
f 765/765/765 766/766/766 777/777/777
f 766/766/766 778/778/778 777/777/777
f 766/766/766 767/767/767 778/778/778
f 767/767/767 779/779/779 778/778/778
f 767/767/767 768/768/768 779/779/779
f 769/769/769 781/781/781 780/780/780
f 769/769/769 770/770/770 781/781/781
f 770/770/770 782/782/782 781/781/781
f 770/770/770 771/771/771 782/782/782
f 771/771/771 783/783/783 782/782/782
f 771/771/771 772/772/772 783/783/783
f 772/772/772 784/784/784 783/783/783
f 772/772/772 773/773/773 784/784/784
f 773/773/773 785/785/785 784/784/784
f 773/773/773 774/774/774 785/785/785
f 774/774/774 786/786/786 785/785/785
f 774/774/774 775/775/775 786/786/786
f 775/775/775 787/787/787 786/786/786
f 775/775/775 776/776/776 787/787/787
f 776/776/776 788/788/788 787/787/787
f 776/776/776 777/777/777 788/788/788
f 777/777/777 789/789/789 788/788/788
f 777/777/777 778/778/778 789/789/789
f 778/778/778 790/790/790 789/789/789
f 778/778/778 779/779/779 790/790/790
f 780/780/780 792/792/792 791/791/791
f 780/780/780 781/781/781 792/792/792
f 781/781/781 793/793/793 792/792/792
f 781/781/781 782/782/782 793/793/793
f 782/782/782 794/794/794 793/793/793
f 782/782/782 783/783/783 794/794/794
f 783/783/783 795/795/795 794/794/794
f 783/783/783 784/784/784 795/795/795
f 784/784/784 796/796/796 795/795/795
f 784/784/784 785/785/785 796/796/796
f 785/785/785 797/797/797 796/796/796
f 785/785/785 786/786/786 797/797/797
f 786/786/786 798/798/798 797/797/797
f 786/786/786 787/787/787 798/798/798
f 787/787/787 799/799/799 798/798/798
f 787/787/787 788/788/788 799/799/799
f 788/788/788 800/800/800 799/799/799
f 788/788/788 789/789/789 800/800/800
f 789/789/789 801/801/801 800/800/800
f 789/789/789 790/790/790 801/801/801
f 791/791/791 803/803/803 802/802/802
f 791/791/791 792/792/792 803/803/803
f 792/792/792 804/804/804 803/803/803
f 792/792/792 793/793/793 804/804/804
f 793/793/793 805/805/805 804/804/804
f 793/793/793 794/794/794 805/805/805
f 794/794/794 806/806/806 805/805/805
f 794/794/794 795/795/795 806/806/806
f 795/795/795 807/807/807 806/806/806
f 795/795/795 796/796/796 807/807/807
f 796/796/796 808/808/808 807/807/807
f 796/796/796 797/797/797 808/808/808
f 797/797/797 809/809/809 808/808/808
f 797/797/797 798/798/798 809/809/809
f 798/798/798 810/810/810 809/809/809
f 798/798/798 799/799/799 810/810/810
f 799/799/799 811/811/811 810/810/810
f 799/799/799 800/800/800 811/811/811
f 800/800/800 812/812/812 811/811/811
f 800/800/800 801/801/801 812/812/812
f 802/802/802 814/814/814 813/813/813
f 802/802/802 803/803/803 814/814/814
f 803/803/803 815/815/815 814/814/814
f 803/803/803 804/804/804 815/815/815
f 804/804/804 816/816/816 815/815/815
f 804/804/804 805/805/805 816/816/816
f 805/805/805 817/817/817 816/816/816
f 805/805/805 806/806/806 817/817/817
f 806/806/806 818/818/818 817/817/817
f 806/806/806 807/807/807 818/818/818
f 807/807/807 819/819/819 818/818/818
f 807/807/807 808/808/808 819/819/819
f 808/808/808 820/820/820 819/819/819
f 808/808/808 809/809/809 820/820/820
f 809/809/809 821/821/821 820/820/820
f 809/809/809 810/810/810 821/821/821
f 810/810/810 822/822/822 821/821/821
f 810/810/810 811/811/811 822/822/822
f 811/811/811 823/823/823 822/822/822
f 811/811/811 812/812/812 823/823/823
f 813/813/813 825/825/825 824/824/824
f 813/813/813 814/814/814 825/825/825
f 814/814/814 826/826/826 825/825/825
f 814/814/814 815/815/815 826/826/826
f 815/815/815 827/827/827 826/826/826
f 815/815/815 816/816/816 827/827/827
f 816/816/816 828/828/828 827/827/827
f 816/816/816 817/817/817 828/828/828
f 817/817/817 829/829/829 828/828/828
f 817/817/817 818/818/818 829/829/829
f 818/818/818 830/830/830 829/829/829
f 818/818/818 819/819/819 830/830/830
f 819/819/819 831/831/831 830/830/830
f 819/819/819 820/820/820 831/831/831
f 820/820/820 832/832/832 831/831/831
f 820/820/820 821/821/821 832/832/832
f 821/821/821 833/833/833 832/832/832
f 821/821/821 822/822/822 833/833/833
f 822/822/822 834/834/834 833/833/833
f 822/822/822 823/823/823 834/834/834
f 824/824/824 836/836/836 835/835/835
f 824/824/824 825/825/825 836/836/836
f 825/825/825 837/837/837 836/836/836
f 825/825/825 826/826/826 837/837/837
f 826/826/826 838/838/838 837/837/837
f 826/826/826 827/827/827 838/838/838
f 827/827/827 839/839/839 838/838/838
f 827/827/827 828/828/828 839/839/839
f 828/828/828 840/840/840 839/839/839
f 828/828/828 829/829/829 840/840/840
f 829/829/829 841/841/841 840/840/840
f 829/829/829 830/830/830 841/841/841
f 830/830/830 842/842/842 841/841/841
f 830/830/830 831/831/831 842/842/842
f 831/831/831 843/843/843 842/842/842
f 831/831/831 832/832/832 843/843/843
f 832/832/832 844/844/844 843/843/843
f 832/832/832 833/833/833 844/844/844
f 833/833/833 845/845/845 844/844/844
f 833/833/833 834/834/834 845/845/845
f 846/846/846 858/858/858 857/857/857
f 846/846/846 847/847/847 858/858/858
f 847/847/847 859/859/859 858/858/858
f 847/847/847 848/848/848 859/859/859
f 848/848/848 860/860/860 859/859/859
f 848/848/848 849/849/849 860/860/860
f 849/849/849 861/861/861 860/860/860
f 849/849/849 850/850/850 861/861/861
f 850/850/850 862/862/862 861/861/861
f 850/850/850 851/851/851 862/862/862
f 851/851/851 863/863/863 862/862/862
f 851/851/851 852/852/852 863/863/863
f 852/852/852 864/864/864 863/863/863
f 852/852/852 853/853/853 864/864/864
f 853/853/853 865/865/865 864/864/864
f 853/853/853 854/854/854 865/865/865
f 854/854/854 866/866/866 865/865/865
f 854/854/854 855/855/855 866/866/866
f 855/855/855 867/867/867 866/866/866
f 855/855/855 856/856/856 867/867/867
f 857/857/857 869/869/869 868/868/868
f 857/857/857 858/858/858 869/869/869
f 858/858/858 870/870/870 869/869/869
f 858/858/858 859/859/859 870/870/870
f 859/859/859 871/871/871 870/870/870
f 859/859/859 860/860/860 871/871/871
f 860/860/860 872/872/872 871/871/871
f 860/860/860 861/861/861 872/872/872
f 861/861/861 873/873/873 872/872/872
f 861/861/861 862/862/862 873/873/873
f 862/862/862 874/874/874 873/873/873
f 862/862/862 863/863/863 874/874/874
f 863/863/863 875/875/875 874/874/874
f 863/863/863 864/864/864 875/875/875
f 864/864/864 876/876/876 875/875/875
f 864/864/864 865/865/865 876/876/876
f 865/865/865 877/877/877 876/876/876
f 865/865/865 866/866/866 877/877/877
f 866/866/866 878/878/878 877/877/877
f 866/866/866 867/867/867 878/878/878
f 868/868/868 880/880/880 879/879/879
f 868/868/868 869/869/869 880/880/880
f 869/869/869 881/881/881 880/880/880
f 869/869/869 870/870/870 881/881/881
f 870/870/870 882/882/882 881/881/881
f 870/870/870 871/871/871 882/882/882
f 871/871/871 883/883/883 882/882/882
f 871/871/871 872/872/872 883/883/883
f 872/872/872 884/884/884 883/883/883
f 872/872/872 873/873/873 884/884/884
f 873/873/873 885/885/885 884/884/884
f 873/873/873 874/874/874 885/885/885
f 874/874/874 886/886/886 885/885/885
f 874/874/874 875/875/875 886/886/886
f 875/875/875 887/887/887 886/886/886
f 875/875/875 876/876/876 887/887/887
f 876/876/876 888/888/888 887/887/887
f 876/876/876 877/877/877 888/888/888
f 877/877/877 889/889/889 888/888/888
f 877/877/877 878/878/878 889/889/889
f 879/879/879 891/891/891 890/890/890
f 879/879/879 880/880/880 891/891/891
f 880/880/880 892/892/892 891/891/891
f 880/880/880 881/881/881 892/892/892
f 881/881/881 893/893/893 892/892/892
f 881/881/881 882/882/882 893/893/893
f 882/882/882 894/894/894 893/893/893
f 882/882/882 883/883/883 894/894/894
f 883/883/883 895/895/895 894/894/894
f 883/883/883 884/884/884 895/895/895
f 884/884/884 896/896/896 895/895/895
f 884/884/884 885/885/885 896/896/896
f 885/885/885 897/897/897 896/896/896
f 885/885/885 886/886/886 897/897/897
f 886/886/886 898/898/898 897/897/897
f 886/886/886 887/887/887 898/898/898
f 887/887/887 899/899/899 898/898/898
f 887/887/887 888/888/888 899/899/899
f 888/888/888 900/900/900 899/899/899
f 888/888/888 889/889/889 900/900/900
f 890/890/890 902/902/902 901/901/901
f 890/890/890 891/891/891 902/902/902
f 891/891/891 903/903/903 902/902/902
f 891/891/891 892/892/892 903/903/903
f 892/892/892 904/904/904 903/903/903
f 892/892/892 893/893/893 904/904/904
f 893/893/893 905/905/905 904/904/904
f 893/893/893 894/894/894 905/905/905
f 894/894/894 906/906/906 905/905/905
f 894/894/894 895/895/895 906/906/906
f 895/895/895 907/907/907 906/906/906
f 895/895/895 896/896/896 907/907/907
f 896/896/896 908/908/908 907/907/907
f 896/896/896 897/897/897 908/908/908
f 897/897/897 909/909/909 908/908/908
f 897/897/897 898/898/898 909/909/909
f 898/898/898 910/910/910 909/909/909
f 898/898/898 899/899/899 910/910/910
f 899/899/899 911/911/911 910/910/910
f 899/899/899 900/900/900 911/911/911
f 901/901/901 913/913/913 912/912/912
f 901/901/901 902/902/902 913/913/913
f 902/902/902 914/914/914 913/913/913
f 902/902/902 903/903/903 914/914/914
f 903/903/903 915/915/915 914/914/914
f 903/903/903 904/904/904 915/915/915
f 904/904/904 916/916/916 915/915/915
f 904/904/904 905/905/905 916/916/916
f 905/905/905 917/917/917 916/916/916
f 905/905/905 906/906/906 917/917/917
f 906/906/906 918/918/918 917/917/917
f 906/906/906 907/907/907 918/918/918
f 907/907/907 919/919/919 918/918/918
f 907/907/907 908/908/908 919/919/919
f 908/908/908 920/920/920 919/919/919
f 908/908/908 909/909/909 920/920/920
f 909/909/909 921/921/921 920/920/920
f 909/909/909 910/910/910 921/921/921
f 910/910/910 922/922/922 921/921/921
f 910/910/910 911/911/911 922/922/922
f 912/912/912 924/924/924 923/923/923
f 912/912/912 913/913/913 924/924/924
f 913/913/913 925/925/925 924/924/924
f 913/913/913 914/914/914 925/925/925
f 914/914/914 926/926/926 925/925/925
f 914/914/914 915/915/915 926/926/926
f 915/915/915 927/927/927 926/926/926
f 915/915/915 916/916/916 927/927/927
f 916/916/916 928/928/928 927/927/927
f 916/916/916 917/917/917 928/928/928
f 917/917/917 929/929/929 928/928/928
f 917/917/917 918/918/918 929/929/929
f 918/918/918 930/930/930 929/929/929
f 918/918/918 919/919/919 930/930/930
f 919/919/919 931/931/931 930/930/930
f 919/919/919 920/920/920 931/931/931
f 920/920/920 932/932/932 931/931/931
f 920/920/920 921/921/921 932/932/932
f 921/921/921 933/933/933 932/932/932
f 921/921/921 922/922/922 933/933/933
f 923/923/923 935/935/935 934/934/934
f 923/923/923 924/924/924 935/935/935
f 924/924/924 936/936/936 935/935/935
f 924/924/924 925/925/925 936/936/936
f 925/925/925 937/937/937 936/936/936
f 925/925/925 926/926/926 937/937/937
f 926/926/926 938/938/938 937/937/937
f 926/926/926 927/927/927 938/938/938
f 927/927/927 939/939/939 938/938/938
f 927/927/927 928/928/928 939/939/939
f 928/928/928 940/940/940 939/939/939
f 928/928/928 929/929/929 940/940/940
f 929/929/929 941/941/941 940/940/940
f 929/929/929 930/930/930 941/941/941
f 930/930/930 942/942/942 941/941/941
f 930/930/930 931/931/931 942/942/942
f 931/931/931 943/943/943 942/942/942
f 931/931/931 932/932/932 943/943/943
f 932/932/932 944/944/944 943/943/943
f 932/932/932 933/933/933 944/944/944
f 945/945/945 954/954/954 946/946/946
f 945/945/945 953/953/953 954/954/954
f 961/961/961 945/945/945 946/946/946
f 962/962/962 954/954/954 953/953/953
f 946/946/946 955/955/955 947/947/947
f 946/946/946 954/954/954 955/955/955
f 961/961/961 946/946/946 947/947/947
f 962/962/962 955/955/955 954/954/954
f 947/947/947 956/956/956 948/948/948
f 947/947/947 955/955/955 956/956/956
f 961/961/961 947/947/947 948/948/948
f 962/962/962 956/956/956 955/955/955
f 948/948/948 957/957/957 949/949/949
f 948/948/948 956/956/956 957/957/957
f 961/961/961 948/948/948 949/949/949
f 962/962/962 957/957/957 956/956/956
f 949/949/949 958/958/958 950/950/950
f 949/949/949 957/957/957 958/958/958
f 961/961/961 949/949/949 950/950/950
f 962/962/962 958/958/958 957/957/957
f 950/950/950 959/959/959 951/951/951
f 950/950/950 958/958/958 959/959/959
f 961/961/961 950/950/950 951/951/951
f 962/962/962 959/959/959 958/958/958
f 951/951/951 960/960/960 952/952/952
f 951/951/951 959/959/959 960/960/960
f 961/961/961 951/951/951 952/952/952
f 962/962/962 960/960/960 959/959/959
f 952/952/952 953/953/953 945/945/945
f 952/952/952 960/960/960 953/953/953
f 961/961/961 952/952/952 945/945/945
f 962/962/962 953/953/953 960/960/960
f 963/963/963 971/971/971 964/964/964
f 963/963/963 970/970/970 971/971/971
f 977/977/977 963/963/963 964/964/964
f 978/978/978 971/971/971 970/970/970
f 964/964/964 972/972/972 965/965/965
f 964/964/964 971/971/971 972/972/972
f 977/977/977 964/964/964 965/965/965
f 978/978/978 972/972/972 971/971/971
f 965/965/965 973/973/973 966/966/966
f 965/965/965 972/972/972 973/973/973
f 977/977/977 965/965/965 966/966/966
f 978/978/978 973/973/973 972/972/972
f 966/966/966 974/974/974 967/967/967
f 966/966/966 973/973/973 974/974/974
f 977/977/977 966/966/966 967/967/967
f 978/978/978 974/974/974 973/973/973
f 967/967/967 975/975/975 968/968/968
f 967/967/967 974/974/974 975/975/975
f 977/977/977 967/967/967 968/968/968
f 978/978/978 975/975/975 974/974/974
f 968/968/968 976/976/976 969/969/969
f 968/968/968 975/975/975 976/976/976
f 977/977/977 968/968/968 969/969/969
f 978/978/978 976/976/976 975/975/975
f 969/969/969 970/970/970 963/963/963
f 969/969/969 976/976/976 970/970/970
f 977/977/977 969/969/969 963/963/963
f 978/978/978 970/970/970 976/976/976
f 979/979/979 987/987/987 983/983/983
f 979/979/979 983/983/983 993/993/993
f 979/979/979 993/993/993 991/991/991
f 979/979/979 995/995/995 981/981/981
f 979/979/979 981/981/981 989/989/989
f 979/979/979 989/989/989 987/987/987
f 979/979/979 991/991/991 980/980/980
f 979/979/979 980/980/980 996/996/996
f 979/979/979 996/996/996 995/995/995
f 987/987/987 989/989/989 985/985/985
f 987/987/987 985/985/985 997/997/997
f 987/987/987 997/997/997 983/983/983
f 981/981/981 992/992/992 982/982/982
f 981/981/981 982/982/982 990/990/990
f 981/981/981 990/990/990 989/989/989
f 981/981/981 995/995/995 996/996/996
f 981/981/981 996/996/996 982/982/982
f 981/981/981 982/982/982 992/992/992
f 983/983/983 997/997/997 998/998/998
f 983/983/983 998/998/998 984/984/984
f 983/983/983 984/984/984 993/993/993
f 985/985/985 994/994/994 986/986/986
f 985/985/985 986/986/986 998/998/998
f 985/985/985 998/998/998 997/997/997
f 985/985/985 989/989/989 990/990/990
f 985/985/985 990/990/990 986/986/986
f 985/985/985 986/986/986 994/994/994
f 980/980/980 988/988/988 984/984/984
f 980/980/980 984/984/984 993/993/993
f 980/980/980 993/993/993 991/991/991
f 980/980/980 996/996/996 982/982/982
f 980/980/980 982/982/982 990/990/990
f 980/980/980 990/990/990 988/988/988
f 984/984/984 998/998/998 986/986/986
f 984/984/984 986/986/986 994/994/994
f 984/984/984 994/994/994 988/988/988
f 999/999/999 1011/1011/1011 1010/1010/1010
f 999/999/999 1000/1000/1000 1011/1011/1011
f 1000/1000/1000 1012/1012/1012 1011/1011/1011
f 1000/1000/1000 1001/1001/1001 1012/1012/1012
f 1001/1001/1001 1013/1013/1013 1012/1012/1012
f 1001/1001/1001 1002/1002/1002 1013/1013/1013
f 1002/1002/1002 1014/1014/1014 1013/1013/1013
f 1002/1002/1002 1003/1003/1003 1014/1014/1014
f 1003/1003/1003 1015/1015/1015 1014/1014/1014
f 1003/1003/1003 1004/1004/1004 1015/1015/1015
f 1004/1004/1004 1016/1016/1016 1015/1015/1015
f 1004/1004/1004 1005/1005/1005 1016/1016/1016
f 1005/1005/1005 1017/1017/1017 1016/1016/1016
f 1005/1005/1005 1006/1006/1006 1017/1017/1017
f 1006/1006/1006 1018/1018/1018 1017/1017/1017
f 1006/1006/1006 1007/1007/1007 1018/1018/1018
f 1007/1007/1007 1019/1019/1019 1018/1018/1018
f 1007/1007/1007 1008/1008/1008 1019/1019/1019
f 1008/1008/1008 1020/1020/1020 1019/1019/1019
f 1008/1008/1008 1009/1009/1009 1020/1020/1020
f 1010/1010/1010 1022/1022/1022 1021/1021/1021
f 1010/1010/1010 1011/1011/1011 1022/1022/1022
f 1011/1011/1011 1023/1023/1023 1022/1022/1022
f 1011/1011/1011 1012/1012/1012 1023/1023/1023
f 1012/1012/1012 1024/1024/1024 1023/1023/1023
f 1012/1012/1012 1013/1013/1013 1024/1024/1024
f 1013/1013/1013 1025/1025/1025 1024/1024/1024
f 1013/1013/1013 1014/1014/1014 1025/1025/1025
f 1014/1014/1014 1026/1026/1026 1025/1025/1025
f 1014/1014/1014 1015/1015/1015 1026/1026/1026
f 1015/1015/1015 1027/1027/1027 1026/1026/1026
f 1015/1015/1015 1016/1016/1016 1027/1027/1027
f 1016/1016/1016 1028/1028/1028 1027/1027/1027
f 1016/1016/1016 1017/1017/1017 1028/1028/1028
f 1017/1017/1017 1029/1029/1029 1028/1028/1028
f 1017/1017/1017 1018/1018/1018 1029/1029/1029
f 1018/1018/1018 1030/1030/1030 1029/1029/1029
f 1018/1018/1018 1019/1019/1019 1030/1030/1030
f 1019/1019/1019 1031/1031/1031 1030/1030/1030
f 1019/1019/1019 1020/1020/1020 1031/1031/1031
f 1021/1021/1021 1033/1033/1033 1032/1032/1032
f 1021/1021/1021 1022/1022/1022 1033/1033/1033
f 1022/1022/1022 1034/1034/1034 1033/1033/1033
f 1022/1022/1022 1023/1023/1023 1034/1034/1034
f 1023/1023/1023 1035/1035/1035 1034/1034/1034
f 1023/1023/1023 1024/1024/1024 1035/1035/1035
f 1024/1024/1024 1036/1036/1036 1035/1035/1035
f 1024/1024/1024 1025/1025/1025 1036/1036/1036
f 1025/1025/1025 1037/1037/1037 1036/1036/1036
f 1025/1025/1025 1026/1026/1026 1037/1037/1037
f 1026/1026/1026 1038/1038/1038 1037/1037/1037
f 1026/1026/1026 1027/1027/1027 1038/1038/1038
f 1027/1027/1027 1039/1039/1039 1038/1038/1038
f 1027/1027/1027 1028/1028/1028 1039/1039/1039
f 1028/1028/1028 1040/1040/1040 1039/1039/1039
f 1028/1028/1028 1029/1029/1029 1040/1040/1040
f 1029/1029/1029 1041/1041/1041 1040/1040/1040
f 1029/1029/1029 1030/1030/1030 1041/1041/1041
f 1030/1030/1030 1042/1042/1042 1041/1041/1041
f 1030/1030/1030 1031/1031/1031 1042/1042/1042
f 1032/1032/1032 1044/1044/1044 1043/1043/1043
f 1032/1032/1032 1033/1033/1033 1044/1044/1044
f 1033/1033/1033 1045/1045/1045 1044/1044/1044
f 1033/1033/1033 1034/1034/1034 1045/1045/1045
f 1034/1034/1034 1046/1046/1046 1045/1045/1045
f 1034/1034/1034 1035/1035/1035 1046/1046/1046
f 1035/1035/1035 1047/1047/1047 1046/1046/1046
f 1035/1035/1035 1036/1036/1036 1047/1047/1047
f 1036/1036/1036 1048/1048/1048 1047/1047/1047
f 1036/1036/1036 1037/1037/1037 1048/1048/1048
f 1037/1037/1037 1049/1049/1049 1048/1048/1048
f 1037/1037/1037 1038/1038/1038 1049/1049/1049
f 1038/1038/1038 1050/1050/1050 1049/1049/1049
f 1038/1038/1038 1039/1039/1039 1050/1050/1050
f 1039/1039/1039 1051/1051/1051 1050/1050/1050
f 1039/1039/1039 1040/1040/1040 1051/1051/1051
f 1040/1040/1040 1052/1052/1052 1051/1051/1051
f 1040/1040/1040 1041/1041/1041 1052/1052/1052
f 1041/1041/1041 1053/1053/1053 1052/1052/1052
f 1041/1041/1041 1042/1042/1042 1053/1053/1053
f 1043/1043/1043 1055/1055/1055 1054/1054/1054
f 1043/1043/1043 1044/1044/1044 1055/1055/1055
f 1044/1044/1044 1056/1056/1056 1055/1055/1055
f 1044/1044/1044 1045/1045/1045 1056/1056/1056
f 1045/1045/1045 1057/1057/1057 1056/1056/1056
f 1045/1045/1045 1046/1046/1046 1057/1057/1057
f 1046/1046/1046 1058/1058/1058 1057/1057/1057
f 1046/1046/1046 1047/1047/1047 1058/1058/1058
f 1047/1047/1047 1059/1059/1059 1058/1058/1058
f 1047/1047/1047 1048/1048/1048 1059/1059/1059
f 1048/1048/1048 1060/1060/1060 1059/1059/1059
f 1048/1048/1048 1049/1049/1049 1060/1060/1060
f 1049/1049/1049 1061/1061/1061 1060/1060/1060
f 1049/1049/1049 1050/1050/1050 1061/1061/1061
f 1050/1050/1050 1062/1062/1062 1061/1061/1061
f 1050/1050/1050 1051/1051/1051 1062/1062/1062
f 1051/1051/1051 1063/1063/1063 1062/1062/1062
f 1051/1051/1051 1052/1052/1052 1063/1063/1063
f 1052/1052/1052 1064/1064/1064 1063/1063/1063
f 1052/1052/1052 1053/1053/1053 1064/1064/1064
f 1054/1054/1054 1066/1066/1066 1065/1065/1065
f 1054/1054/1054 1055/1055/1055 1066/1066/1066
f 1055/1055/1055 1067/1067/1067 1066/1066/1066
f 1055/1055/1055 1056/1056/1056 1067/1067/1067
f 1056/1056/1056 1068/1068/1068 1067/1067/1067
f 1056/1056/1056 1057/1057/1057 1068/1068/1068
f 1057/1057/1057 1069/1069/1069 1068/1068/1068
f 1057/1057/1057 1058/1058/1058 1069/1069/1069
f 1058/1058/1058 1070/1070/1070 1069/1069/1069
f 1058/1058/1058 1059/1059/1059 1070/1070/1070
f 1059/1059/1059 1071/1071/1071 1070/1070/1070
f 1059/1059/1059 1060/1060/1060 1071/1071/1071
f 1060/1060/1060 1072/1072/1072 1071/1071/1071
f 1060/1060/1060 1061/1061/1061 1072/1072/1072
f 1061/1061/1061 1073/1073/1073 1072/1072/1072
f 1061/1061/1061 1062/1062/1062 1073/1073/1073
f 1062/1062/1062 1074/1074/1074 1073/1073/1073
f 1062/1062/1062 1063/1063/1063 1074/1074/1074
f 1063/1063/1063 1075/1075/1075 1074/1074/1074
f 1063/1063/1063 1064/1064/1064 1075/1075/1075
f 1065/1065/1065 1077/1077/1077 1076/1076/1076
f 1065/1065/1065 1066/1066/1066 1077/1077/1077
f 1066/1066/1066 1078/1078/1078 1077/1077/1077
f 1066/1066/1066 1067/1067/1067 1078/1078/1078
f 1067/1067/1067 1079/1079/1079 1078/1078/1078
f 1067/1067/1067 1068/1068/1068 1079/1079/1079
f 1068/1068/1068 1080/1080/1080 1079/1079/1079
f 1068/1068/1068 1069/1069/1069 1080/1080/1080
f 1069/1069/1069 1081/1081/1081 1080/1080/1080
f 1069/1069/1069 1070/1070/1070 1081/1081/1081
f 1070/1070/1070 1082/1082/1082 1081/1081/1081
f 1070/1070/1070 1071/1071/1071 1082/1082/1082
f 1071/1071/1071 1083/1083/1083 1082/1082/1082
f 1071/1071/1071 1072/1072/1072 1083/1083/1083
f 1072/1072/1072 1084/1084/1084 1083/1083/1083
f 1072/1072/1072 1073/1073/1073 1084/1084/1084
f 1073/1073/1073 1085/1085/1085 1084/1084/1084
f 1073/1073/1073 1074/1074/1074 1085/1085/1085
f 1074/1074/1074 1086/1086/1086 1085/1085/1085
f 1074/1074/1074 1075/1075/1075 1086/1086/1086
f 1076/1076/1076 1088/1088/1088 1087/1087/1087
f 1076/1076/1076 1077/1077/1077 1088/1088/1088
f 1077/1077/1077 1089/1089/1089 1088/1088/1088
f 1077/1077/1077 1078/1078/1078 1089/1089/1089
f 1078/1078/1078 1090/1090/1090 1089/1089/1089
f 1078/1078/1078 1079/1079/1079 1090/1090/1090
f 1079/1079/1079 1091/1091/1091 1090/1090/1090
f 1079/1079/1079 1080/1080/1080 1091/1091/1091
f 1080/1080/1080 1092/1092/1092 1091/1091/1091
f 1080/1080/1080 1081/1081/1081 1092/1092/1092
f 1081/1081/1081 1093/1093/1093 1092/1092/1092
f 1081/1081/1081 1082/1082/1082 1093/1093/1093
f 1082/1082/1082 1094/1094/1094 1093/1093/1093
f 1082/1082/1082 1083/1083/1083 1094/1094/1094
f 1083/1083/1083 1095/1095/1095 1094/1094/1094
f 1083/1083/1083 1084/1084/1084 1095/1095/1095
f 1084/1084/1084 1096/1096/1096 1095/1095/1095
f 1084/1084/1084 1085/1085/1085 1096/1096/1096
f 1085/1085/1085 1097/1097/1097 1096/1096/1096
f 1085/1085/1085 1086/1086/1086 1097/1097/1097
f 1098/1098/1098 1110/1110/1110 1109/1109/1109
f 1098/1098/1098 1099/1099/1099 1110/1110/1110
f 1099/1099/1099 1111/1111/1111 1110/1110/1110
f 1099/1099/1099 1100/1100/1100 1111/1111/1111
f 1100/1100/1100 1112/1112/1112 1111/1111/1111
f 1100/1100/1100 1101/1101/1101 1112/1112/1112
f 1101/1101/1101 1113/1113/1113 1112/1112/1112
f 1101/1101/1101 1102/1102/1102 1113/1113/1113
f 1102/1102/1102 1114/1114/1114 1113/1113/1113
f 1102/1102/1102 1103/1103/1103 1114/1114/1114
f 1103/1103/1103 1115/1115/1115 1114/1114/1114
f 1103/1103/1103 1104/1104/1104 1115/1115/1115
f 1104/1104/1104 1116/1116/1116 1115/1115/1115
f 1104/1104/1104 1105/1105/1105 1116/1116/1116
f 1105/1105/1105 1117/1117/1117 1116/1116/1116
f 1105/1105/1105 1106/1106/1106 1117/1117/1117
f 1106/1106/1106 1118/1118/1118 1117/1117/1117
f 1106/1106/1106 1107/1107/1107 1118/1118/1118
f 1107/1107/1107 1119/1119/1119 1118/1118/1118
f 1107/1107/1107 1108/1108/1108 1119/1119/1119
f 1109/1109/1109 1121/1121/1121 1120/1120/1120
f 1109/1109/1109 1110/1110/1110 1121/1121/1121
f 1110/1110/1110 1122/1122/1122 1121/1121/1121
f 1110/1110/1110 1111/1111/1111 1122/1122/1122
f 1111/1111/1111 1123/1123/1123 1122/1122/1122
f 1111/1111/1111 1112/1112/1112 1123/1123/1123
f 1112/1112/1112 1124/1124/1124 1123/1123/1123
f 1112/1112/1112 1113/1113/1113 1124/1124/1124
f 1113/1113/1113 1125/1125/1125 1124/1124/1124
f 1113/1113/1113 1114/1114/1114 1125/1125/1125
f 1114/1114/1114 1126/1126/1126 1125/1125/1125
f 1114/1114/1114 1115/1115/1115 1126/1126/1126
f 1115/1115/1115 1127/1127/1127 1126/1126/1126
f 1115/1115/1115 1116/1116/1116 1127/1127/1127
f 1116/1116/1116 1128/1128/1128 1127/1127/1127
f 1116/1116/1116 1117/1117/1117 1128/1128/1128
f 1117/1117/1117 1129/1129/1129 1128/1128/1128
f 1117/1117/1117 1118/1118/1118 1129/1129/1129
f 1118/1118/1118 1130/1130/1130 1129/1129/1129
f 1118/1118/1118 1119/1119/1119 1130/1130/1130
f 1120/1120/1120 1132/1132/1132 1131/1131/1131
f 1120/1120/1120 1121/1121/1121 1132/1132/1132
f 1121/1121/1121 1133/1133/1133 1132/1132/1132
f 1121/1121/1121 1122/1122/1122 1133/1133/1133
f 1122/1122/1122 1134/1134/1134 1133/1133/1133
f 1122/1122/1122 1123/1123/1123 1134/1134/1134
f 1123/1123/1123 1135/1135/1135 1134/1134/1134
f 1123/1123/1123 1124/1124/1124 1135/1135/1135
f 1124/1124/1124 1136/1136/1136 1135/1135/1135
f 1124/1124/1124 1125/1125/1125 1136/1136/1136
f 1125/1125/1125 1137/1137/1137 1136/1136/1136
f 1125/1125/1125 1126/1126/1126 1137/1137/1137
f 1126/1126/1126 1138/1138/1138 1137/1137/1137
f 1126/1126/1126 1127/1127/1127 1138/1138/1138
f 1127/1127/1127 1139/1139/1139 1138/1138/1138
f 1127/1127/1127 1128/1128/1128 1139/1139/1139
f 1128/1128/1128 1140/1140/1140 1139/1139/1139
f 1128/1128/1128 1129/1129/1129 1140/1140/1140
f 1129/1129/1129 1141/1141/1141 1140/1140/1140
f 1129/1129/1129 1130/1130/1130 1141/1141/1141
f 1131/1131/1131 1143/1143/1143 1142/1142/1142
f 1131/1131/1131 1132/1132/1132 1143/1143/1143
f 1132/1132/1132 1144/1144/1144 1143/1143/1143
f 1132/1132/1132 1133/1133/1133 1144/1144/1144
f 1133/1133/1133 1145/1145/1145 1144/1144/1144
f 1133/1133/1133 1134/1134/1134 1145/1145/1145
f 1134/1134/1134 1146/1146/1146 1145/1145/1145
f 1134/1134/1134 1135/1135/1135 1146/1146/1146
f 1135/1135/1135 1147/1147/1147 1146/1146/1146
f 1135/1135/1135 1136/1136/1136 1147/1147/1147
f 1136/1136/1136 1148/1148/1148 1147/1147/1147
f 1136/1136/1136 1137/1137/1137 1148/1148/1148
f 1137/1137/1137 1149/1149/1149 1148/1148/1148
f 1137/1137/1137 1138/1138/1138 1149/1149/1149
f 1138/1138/1138 1150/1150/1150 1149/1149/1149
f 1138/1138/1138 1139/1139/1139 1150/1150/1150
f 1139/1139/1139 1151/1151/1151 1150/1150/1150
f 1139/1139/1139 1140/1140/1140 1151/1151/1151
f 1140/1140/1140 1152/1152/1152 1151/1151/1151
f 1140/1140/1140 1141/1141/1141 1152/1152/1152
f 1142/1142/1142 1154/1154/1154 1153/1153/1153
f 1142/1142/1142 1143/1143/1143 1154/1154/1154
f 1143/1143/1143 1155/1155/1155 1154/1154/1154
f 1143/1143/1143 1144/1144/1144 1155/1155/1155
f 1144/1144/1144 1156/1156/1156 1155/1155/1155
f 1144/1144/1144 1145/1145/1145 1156/1156/1156
f 1145/1145/1145 1157/1157/1157 1156/1156/1156
f 1145/1145/1145 1146/1146/1146 1157/1157/1157
f 1146/1146/1146 1158/1158/1158 1157/1157/1157
f 1146/1146/1146 1147/1147/1147 1158/1158/1158
f 1147/1147/1147 1159/1159/1159 1158/1158/1158
f 1147/1147/1147 1148/1148/1148 1159/1159/1159
f 1148/1148/1148 1160/1160/1160 1159/1159/1159
f 1148/1148/1148 1149/1149/1149 1160/1160/1160
f 1149/1149/1149 1161/1161/1161 1160/1160/1160
f 1149/1149/1149 1150/1150/1150 1161/1161/1161
f 1150/1150/1150 1162/1162/1162 1161/1161/1161
f 1150/1150/1150 1151/1151/1151 1162/1162/1162
f 1151/1151/1151 1163/1163/1163 1162/1162/1162
f 1151/1151/1151 1152/1152/1152 1163/1163/1163
f 1153/1153/1153 1165/1165/1165 1164/1164/1164
f 1153/1153/1153 1154/1154/1154 1165/1165/1165
f 1154/1154/1154 1166/1166/1166 1165/1165/1165
f 1154/1154/1154 1155/1155/1155 1166/1166/1166
f 1155/1155/1155 1167/1167/1167 1166/1166/1166
f 1155/1155/1155 1156/1156/1156 1167/1167/1167
f 1156/1156/1156 1168/1168/1168 1167/1167/1167
f 1156/1156/1156 1157/1157/1157 1168/1168/1168
f 1157/1157/1157 1169/1169/1169 1168/1168/1168
f 1157/1157/1157 1158/1158/1158 1169/1169/1169
f 1158/1158/1158 1170/1170/1170 1169/1169/1169
f 1158/1158/1158 1159/1159/1159 1170/1170/1170
f 1159/1159/1159 1171/1171/1171 1170/1170/1170
f 1159/1159/1159 1160/1160/1160 1171/1171/1171
f 1160/1160/1160 1172/1172/1172 1171/1171/1171
f 1160/1160/1160 1161/1161/1161 1172/1172/1172
f 1161/1161/1161 1173/1173/1173 1172/1172/1172
f 1161/1161/1161 1162/1162/1162 1173/1173/1173
f 1162/1162/1162 1174/1174/1174 1173/1173/1173
f 1162/1162/1162 1163/1163/1163 1174/1174/1174
f 1164/1164/1164 1176/1176/1176 1175/1175/1175
f 1164/1164/1164 1165/1165/1165 1176/1176/1176
f 1165/1165/1165 1177/1177/1177 1176/1176/1176
f 1165/1165/1165 1166/1166/1166 1177/1177/1177
f 1166/1166/1166 1178/1178/1178 1177/1177/1177
f 1166/1166/1166 1167/1167/1167 1178/1178/1178
f 1167/1167/1167 1179/1179/1179 1178/1178/1178
f 1167/1167/1167 1168/1168/1168 1179/1179/1179
f 1168/1168/1168 1180/1180/1180 1179/1179/1179
f 1168/1168/1168 1169/1169/1169 1180/1180/1180
f 1169/1169/1169 1181/1181/1181 1180/1180/1180
f 1169/1169/1169 1170/1170/1170 1181/1181/1181
f 1170/1170/1170 1182/1182/1182 1181/1181/1181
f 1170/1170/1170 1171/1171/1171 1182/1182/1182
f 1171/1171/1171 1183/1183/1183 1182/1182/1182
f 1171/1171/1171 1172/1172/1172 1183/1183/1183
f 1172/1172/1172 1184/1184/1184 1183/1183/1183
f 1172/1172/1172 1173/1173/1173 1184/1184/1184
f 1173/1173/1173 1185/1185/1185 1184/1184/1184
f 1173/1173/1173 1174/1174/1174 1185/1185/1185
f 1175/1175/1175 1187/1187/1187 1186/1186/1186
f 1175/1175/1175 1176/1176/1176 1187/1187/1187
f 1176/1176/1176 1188/1188/1188 1187/1187/1187
f 1176/1176/1176 1177/1177/1177 1188/1188/1188
f 1177/1177/1177 1189/1189/1189 1188/1188/1188
f 1177/1177/1177 1178/1178/1178 1189/1189/1189
f 1178/1178/1178 1190/1190/1190 1189/1189/1189
f 1178/1178/1178 1179/1179/1179 1190/1190/1190
f 1179/1179/1179 1191/1191/1191 1190/1190/1190
f 1179/1179/1179 1180/1180/1180 1191/1191/1191
f 1180/1180/1180 1192/1192/1192 1191/1191/1191
f 1180/1180/1180 1181/1181/1181 1192/1192/1192
f 1181/1181/1181 1193/1193/1193 1192/1192/1192
f 1181/1181/1181 1182/1182/1182 1193/1193/1193
f 1182/1182/1182 1194/1194/1194 1193/1193/1193
f 1182/1182/1182 1183/1183/1183 1194/1194/1194
f 1183/1183/1183 1195/1195/1195 1194/1194/1194
f 1183/1183/1183 1184/1184/1184 1195/1195/1195
f 1184/1184/1184 1196/1196/1196 1195/1195/1195
f 1184/1184/1184 1185/1185/1185 1196/1196/1196
f 1197/1197/1197 1209/1209/1209 1208/1208/1208
f 1197/1197/1197 1198/1198/1198 1209/1209/1209
f 1198/1198/1198 1210/1210/1210 1209/1209/1209
f 1198/1198/1198 1199/1199/1199 1210/1210/1210
f 1199/1199/1199 1211/1211/1211 1210/1210/1210
f 1199/1199/1199 1200/1200/1200 1211/1211/1211
f 1200/1200/1200 1212/1212/1212 1211/1211/1211
f 1200/1200/1200 1201/1201/1201 1212/1212/1212
f 1201/1201/1201 1213/1213/1213 1212/1212/1212
f 1201/1201/1201 1202/1202/1202 1213/1213/1213
f 1202/1202/1202 1214/1214/1214 1213/1213/1213
f 1202/1202/1202 1203/1203/1203 1214/1214/1214
f 1203/1203/1203 1215/1215/1215 1214/1214/1214
f 1203/1203/1203 1204/1204/1204 1215/1215/1215
f 1204/1204/1204 1216/1216/1216 1215/1215/1215
f 1204/1204/1204 1205/1205/1205 1216/1216/1216
f 1205/1205/1205 1217/1217/1217 1216/1216/1216
f 1205/1205/1205 1206/1206/1206 1217/1217/1217
f 1206/1206/1206 1218/1218/1218 1217/1217/1217
f 1206/1206/1206 1207/1207/1207 1218/1218/1218
f 1208/1208/1208 1220/1220/1220 1219/1219/1219
f 1208/1208/1208 1209/1209/1209 1220/1220/1220
f 1209/1209/1209 1221/1221/1221 1220/1220/1220
f 1209/1209/1209 1210/1210/1210 1221/1221/1221
f 1210/1210/1210 1222/1222/1222 1221/1221/1221
f 1210/1210/1210 1211/1211/1211 1222/1222/1222
f 1211/1211/1211 1223/1223/1223 1222/1222/1222
f 1211/1211/1211 1212/1212/1212 1223/1223/1223
f 1212/1212/1212 1224/1224/1224 1223/1223/1223
f 1212/1212/1212 1213/1213/1213 1224/1224/1224
f 1213/1213/1213 1225/1225/1225 1224/1224/1224
f 1213/1213/1213 1214/1214/1214 1225/1225/1225
f 1214/1214/1214 1226/1226/1226 1225/1225/1225
f 1214/1214/1214 1215/1215/1215 1226/1226/1226
f 1215/1215/1215 1227/1227/1227 1226/1226/1226
f 1215/1215/1215 1216/1216/1216 1227/1227/1227
f 1216/1216/1216 1228/1228/1228 1227/1227/1227
f 1216/1216/1216 1217/1217/1217 1228/1228/1228
f 1217/1217/1217 1229/1229/1229 1228/1228/1228
f 1217/1217/1217 1218/1218/1218 1229/1229/1229
f 1219/1219/1219 1231/1231/1231 1230/1230/1230
f 1219/1219/1219 1220/1220/1220 1231/1231/1231
f 1220/1220/1220 1232/1232/1232 1231/1231/1231
f 1220/1220/1220 1221/1221/1221 1232/1232/1232
f 1221/1221/1221 1233/1233/1233 1232/1232/1232
f 1221/1221/1221 1222/1222/1222 1233/1233/1233
f 1222/1222/1222 1234/1234/1234 1233/1233/1233
f 1222/1222/1222 1223/1223/1223 1234/1234/1234
f 1223/1223/1223 1235/1235/1235 1234/1234/1234
f 1223/1223/1223 1224/1224/1224 1235/1235/1235
f 1224/1224/1224 1236/1236/1236 1235/1235/1235
f 1224/1224/1224 1225/1225/1225 1236/1236/1236
f 1225/1225/1225 1237/1237/1237 1236/1236/1236
f 1225/1225/1225 1226/1226/1226 1237/1237/1237
f 1226/1226/1226 1238/1238/1238 1237/1237/1237
f 1226/1226/1226 1227/1227/1227 1238/1238/1238
f 1227/1227/1227 1239/1239/1239 1238/1238/1238
f 1227/1227/1227 1228/1228/1228 1239/1239/1239
f 1228/1228/1228 1240/1240/1240 1239/1239/1239
f 1228/1228/1228 1229/1229/1229 1240/1240/1240
f 1230/1230/1230 1242/1242/1242 1241/1241/1241
f 1230/1230/1230 1231/1231/1231 1242/1242/1242
f 1231/1231/1231 1243/1243/1243 1242/1242/1242
f 1231/1231/1231 1232/1232/1232 1243/1243/1243
f 1232/1232/1232 1244/1244/1244 1243/1243/1243
f 1232/1232/1232 1233/1233/1233 1244/1244/1244
f 1233/1233/1233 1245/1245/1245 1244/1244/1244
f 1233/1233/1233 1234/1234/1234 1245/1245/1245
f 1234/1234/1234 1246/1246/1246 1245/1245/1245
f 1234/1234/1234 1235/1235/1235 1246/1246/1246
f 1235/1235/1235 1247/1247/1247 1246/1246/1246
f 1235/1235/1235 1236/1236/1236 1247/1247/1247
f 1236/1236/1236 1248/1248/1248 1247/1247/1247
f 1236/1236/1236 1237/1237/1237 1248/1248/1248
f 1237/1237/1237 1249/1249/1249 1248/1248/1248
f 1237/1237/1237 1238/1238/1238 1249/1249/1249
f 1238/1238/1238 1250/1250/1250 1249/1249/1249
f 1238/1238/1238 1239/1239/1239 1250/1250/1250
f 1239/1239/1239 1251/1251/1251 1250/1250/1250
f 1239/1239/1239 1240/1240/1240 1251/1251/1251
f 1241/1241/1241 1253/1253/1253 1252/1252/1252
f 1241/1241/1241 1242/1242/1242 1253/1253/1253
f 1242/1242/1242 1254/1254/1254 1253/1253/1253
f 1242/1242/1242 1243/1243/1243 1254/1254/1254
f 1243/1243/1243 1255/1255/1255 1254/1254/1254
f 1243/1243/1243 1244/1244/1244 1255/1255/1255
f 1244/1244/1244 1256/1256/1256 1255/1255/1255
f 1244/1244/1244 1245/1245/1245 1256/1256/1256
f 1245/1245/1245 1257/1257/1257 1256/1256/1256
f 1245/1245/1245 1246/1246/1246 1257/1257/1257
f 1246/1246/1246 1258/1258/1258 1257/1257/1257
f 1246/1246/1246 1247/1247/1247 1258/1258/1258
f 1247/1247/1247 1259/1259/1259 1258/1258/1258
f 1247/1247/1247 1248/1248/1248 1259/1259/1259
f 1248/1248/1248 1260/1260/1260 1259/1259/1259
f 1248/1248/1248 1249/1249/1249 1260/1260/1260
f 1249/1249/1249 1261/1261/1261 1260/1260/1260
f 1249/1249/1249 1250/1250/1250 1261/1261/1261
f 1250/1250/1250 1262/1262/1262 1261/1261/1261
f 1250/1250/1250 1251/1251/1251 1262/1262/1262
f 1252/1252/1252 1264/1264/1264 1263/1263/1263
f 1252/1252/1252 1253/1253/1253 1264/1264/1264
f 1253/1253/1253 1265/1265/1265 1264/1264/1264
f 1253/1253/1253 1254/1254/1254 1265/1265/1265
f 1254/1254/1254 1266/1266/1266 1265/1265/1265
f 1254/1254/1254 1255/1255/1255 1266/1266/1266
f 1255/1255/1255 1267/1267/1267 1266/1266/1266
f 1255/1255/1255 1256/1256/1256 1267/1267/1267
f 1256/1256/1256 1268/1268/1268 1267/1267/1267
f 1256/1256/1256 1257/1257/1257 1268/1268/1268
f 1257/1257/1257 1269/1269/1269 1268/1268/1268
f 1257/1257/1257 1258/1258/1258 1269/1269/1269
f 1258/1258/1258 1270/1270/1270 1269/1269/1269
f 1258/1258/1258 1259/1259/1259 1270/1270/1270
f 1259/1259/1259 1271/1271/1271 1270/1270/1270
f 1259/1259/1259 1260/1260/1260 1271/1271/1271
f 1260/1260/1260 1272/1272/1272 1271/1271/1271
f 1260/1260/1260 1261/1261/1261 1272/1272/1272
f 1261/1261/1261 1273/1273/1273 1272/1272/1272
f 1261/1261/1261 1262/1262/1262 1273/1273/1273
f 1263/1263/1263 1275/1275/1275 1274/1274/1274
f 1263/1263/1263 1264/1264/1264 1275/1275/1275
f 1264/1264/1264 1276/1276/1276 1275/1275/1275
f 1264/1264/1264 1265/1265/1265 1276/1276/1276
f 1265/1265/1265 1277/1277/1277 1276/1276/1276
f 1265/1265/1265 1266/1266/1266 1277/1277/1277
f 1266/1266/1266 1278/1278/1278 1277/1277/1277
f 1266/1266/1266 1267/1267/1267 1278/1278/1278
f 1267/1267/1267 1279/1279/1279 1278/1278/1278
f 1267/1267/1267 1268/1268/1268 1279/1279/1279
f 1268/1268/1268 1280/1280/1280 1279/1279/1279
f 1268/1268/1268 1269/1269/1269 1280/1280/1280
f 1269/1269/1269 1281/1281/1281 1280/1280/1280
f 1269/1269/1269 1270/1270/1270 1281/1281/1281
f 1270/1270/1270 1282/1282/1282 1281/1281/1281
f 1270/1270/1270 1271/1271/1271 1282/1282/1282
f 1271/1271/1271 1283/1283/1283 1282/1282/1282
f 1271/1271/1271 1272/1272/1272 1283/1283/1283
f 1272/1272/1272 1284/1284/1284 1283/1283/1283
f 1272/1272/1272 1273/1273/1273 1284/1284/1284
f 1274/1274/1274 1286/1286/1286 1285/1285/1285
f 1274/1274/1274 1275/1275/1275 1286/1286/1286
f 1275/1275/1275 1287/1287/1287 1286/1286/1286
f 1275/1275/1275 1276/1276/1276 1287/1287/1287
f 1276/1276/1276 1288/1288/1288 1287/1287/1287
f 1276/1276/1276 1277/1277/1277 1288/1288/1288
f 1277/1277/1277 1289/1289/1289 1288/1288/1288
f 1277/1277/1277 1278/1278/1278 1289/1289/1289
f 1278/1278/1278 1290/1290/1290 1289/1289/1289
f 1278/1278/1278 1279/1279/1279 1290/1290/1290
f 1279/1279/1279 1291/1291/1291 1290/1290/1290
f 1279/1279/1279 1280/1280/1280 1291/1291/1291
f 1280/1280/1280 1292/1292/1292 1291/1291/1291
f 1280/1280/1280 1281/1281/1281 1292/1292/1292
f 1281/1281/1281 1293/1293/1293 1292/1292/1292
f 1281/1281/1281 1282/1282/1282 1293/1293/1293
f 1282/1282/1282 1294/1294/1294 1293/1293/1293
f 1282/1282/1282 1283/1283/1283 1294/1294/1294
f 1283/1283/1283 1295/1295/1295 1294/1294/1294
f 1283/1283/1283 1284/1284/1284 1295/1295/1295
f 1296/1296/1296 1308/1308/1308 1307/1307/1307
f 1296/1296/1296 1297/1297/1297 1308/1308/1308
f 1297/1297/1297 1309/1309/1309 1308/1308/1308
f 1297/1297/1297 1298/1298/1298 1309/1309/1309
f 1298/1298/1298 1310/1310/1310 1309/1309/1309
f 1298/1298/1298 1299/1299/1299 1310/1310/1310
f 1299/1299/1299 1311/1311/1311 1310/1310/1310
f 1299/1299/1299 1300/1300/1300 1311/1311/1311
f 1300/1300/1300 1312/1312/1312 1311/1311/1311
f 1300/1300/1300 1301/1301/1301 1312/1312/1312
f 1301/1301/1301 1313/1313/1313 1312/1312/1312
f 1301/1301/1301 1302/1302/1302 1313/1313/1313
f 1302/1302/1302 1314/1314/1314 1313/1313/1313
f 1302/1302/1302 1303/1303/1303 1314/1314/1314
f 1303/1303/1303 1315/1315/1315 1314/1314/1314
f 1303/1303/1303 1304/1304/1304 1315/1315/1315
f 1304/1304/1304 1316/1316/1316 1315/1315/1315
f 1304/1304/1304 1305/1305/1305 1316/1316/1316
f 1305/1305/1305 1317/1317/1317 1316/1316/1316
f 1305/1305/1305 1306/1306/1306 1317/1317/1317
f 1307/1307/1307 1319/1319/1319 1318/1318/1318
f 1307/1307/1307 1308/1308/1308 1319/1319/1319
f 1308/1308/1308 1320/1320/1320 1319/1319/1319
f 1308/1308/1308 1309/1309/1309 1320/1320/1320
f 1309/1309/1309 1321/1321/1321 1320/1320/1320
f 1309/1309/1309 1310/1310/1310 1321/1321/1321
f 1310/1310/1310 1322/1322/1322 1321/1321/1321
f 1310/1310/1310 1311/1311/1311 1322/1322/1322
f 1311/1311/1311 1323/1323/1323 1322/1322/1322
f 1311/1311/1311 1312/1312/1312 1323/1323/1323
f 1312/1312/1312 1324/1324/1324 1323/1323/1323
f 1312/1312/1312 1313/1313/1313 1324/1324/1324
f 1313/1313/1313 1325/1325/1325 1324/1324/1324
f 1313/1313/1313 1314/1314/1314 1325/1325/1325
f 1314/1314/1314 1326/1326/1326 1325/1325/1325
f 1314/1314/1314 1315/1315/1315 1326/1326/1326
f 1315/1315/1315 1327/1327/1327 1326/1326/1326
f 1315/1315/1315 1316/1316/1316 1327/1327/1327
f 1316/1316/1316 1328/1328/1328 1327/1327/1327
f 1316/1316/1316 1317/1317/1317 1328/1328/1328
f 1318/1318/1318 1330/1330/1330 1329/1329/1329
f 1318/1318/1318 1319/1319/1319 1330/1330/1330
f 1319/1319/1319 1331/1331/1331 1330/1330/1330
f 1319/1319/1319 1320/1320/1320 1331/1331/1331
f 1320/1320/1320 1332/1332/1332 1331/1331/1331
f 1320/1320/1320 1321/1321/1321 1332/1332/1332
f 1321/1321/1321 1333/1333/1333 1332/1332/1332
f 1321/1321/1321 1322/1322/1322 1333/1333/1333
f 1322/1322/1322 1334/1334/1334 1333/1333/1333
f 1322/1322/1322 1323/1323/1323 1334/1334/1334
f 1323/1323/1323 1335/1335/1335 1334/1334/1334
f 1323/1323/1323 1324/1324/1324 1335/1335/1335
f 1324/1324/1324 1336/1336/1336 1335/1335/1335
f 1324/1324/1324 1325/1325/1325 1336/1336/1336
f 1325/1325/1325 1337/1337/1337 1336/1336/1336
f 1325/1325/1325 1326/1326/1326 1337/1337/1337
f 1326/1326/1326 1338/1338/1338 1337/1337/1337
f 1326/1326/1326 1327/1327/1327 1338/1338/1338
f 1327/1327/1327 1339/1339/1339 1338/1338/1338
f 1327/1327/1327 1328/1328/1328 1339/1339/1339
f 1329/1329/1329 1341/1341/1341 1340/1340/1340
f 1329/1329/1329 1330/1330/1330 1341/1341/1341
f 1330/1330/1330 1342/1342/1342 1341/1341/1341
f 1330/1330/1330 1331/1331/1331 1342/1342/1342
f 1331/1331/1331 1343/1343/1343 1342/1342/1342
f 1331/1331/1331 1332/1332/1332 1343/1343/1343
f 1332/1332/1332 1344/1344/1344 1343/1343/1343
f 1332/1332/1332 1333/1333/1333 1344/1344/1344
f 1333/1333/1333 1345/1345/1345 1344/1344/1344
f 1333/1333/1333 1334/1334/1334 1345/1345/1345
f 1334/1334/1334 1346/1346/1346 1345/1345/1345
f 1334/1334/1334 1335/1335/1335 1346/1346/1346
f 1335/1335/1335 1347/1347/1347 1346/1346/1346
f 1335/1335/1335 1336/1336/1336 1347/1347/1347
f 1336/1336/1336 1348/1348/1348 1347/1347/1347
f 1336/1336/1336 1337/1337/1337 1348/1348/1348
f 1337/1337/1337 1349/1349/1349 1348/1348/1348
f 1337/1337/1337 1338/1338/1338 1349/1349/1349
f 1338/1338/1338 1350/1350/1350 1349/1349/1349
f 1338/1338/1338 1339/1339/1339 1350/1350/1350
f 1340/1340/1340 1352/1352/1352 1351/1351/1351
f 1340/1340/1340 1341/1341/1341 1352/1352/1352
f 1341/1341/1341 1353/1353/1353 1352/1352/1352
f 1341/1341/1341 1342/1342/1342 1353/1353/1353
f 1342/1342/1342 1354/1354/1354 1353/1353/1353
f 1342/1342/1342 1343/1343/1343 1354/1354/1354
f 1343/1343/1343 1355/1355/1355 1354/1354/1354
f 1343/1343/1343 1344/1344/1344 1355/1355/1355
f 1344/1344/1344 1356/1356/1356 1355/1355/1355
f 1344/1344/1344 1345/1345/1345 1356/1356/1356
f 1345/1345/1345 1357/1357/1357 1356/1356/1356
f 1345/1345/1345 1346/1346/1346 1357/1357/1357
f 1346/1346/1346 1358/1358/1358 1357/1357/1357
f 1346/1346/1346 1347/1347/1347 1358/1358/1358
f 1347/1347/1347 1359/1359/1359 1358/1358/1358
f 1347/1347/1347 1348/1348/1348 1359/1359/1359
f 1348/1348/1348 1360/1360/1360 1359/1359/1359
f 1348/1348/1348 1349/1349/1349 1360/1360/1360
f 1349/1349/1349 1361/1361/1361 1360/1360/1360
f 1349/1349/1349 1350/1350/1350 1361/1361/1361
f 1351/1351/1351 1363/1363/1363 1362/1362/1362
f 1351/1351/1351 1352/1352/1352 1363/1363/1363
f 1352/1352/1352 1364/1364/1364 1363/1363/1363
f 1352/1352/1352 1353/1353/1353 1364/1364/1364
f 1353/1353/1353 1365/1365/1365 1364/1364/1364
f 1353/1353/1353 1354/1354/1354 1365/1365/1365
f 1354/1354/1354 1366/1366/1366 1365/1365/1365
f 1354/1354/1354 1355/1355/1355 1366/1366/1366
f 1355/1355/1355 1367/1367/1367 1366/1366/1366
f 1355/1355/1355 1356/1356/1356 1367/1367/1367
f 1356/1356/1356 1368/1368/1368 1367/1367/1367
f 1356/1356/1356 1357/1357/1357 1368/1368/1368
f 1357/1357/1357 1369/1369/1369 1368/1368/1368
f 1357/1357/1357 1358/1358/1358 1369/1369/1369
f 1358/1358/1358 1370/1370/1370 1369/1369/1369
f 1358/1358/1358 1359/1359/1359 1370/1370/1370
f 1359/1359/1359 1371/1371/1371 1370/1370/1370
f 1359/1359/1359 1360/1360/1360 1371/1371/1371
f 1360/1360/1360 1372/1372/1372 1371/1371/1371
f 1360/1360/1360 1361/1361/1361 1372/1372/1372
f 1362/1362/1362 1374/1374/1374 1373/1373/1373
f 1362/1362/1362 1363/1363/1363 1374/1374/1374
f 1363/1363/1363 1375/1375/1375 1374/1374/1374
f 1363/1363/1363 1364/1364/1364 1375/1375/1375
f 1364/1364/1364 1376/1376/1376 1375/1375/1375
f 1364/1364/1364 1365/1365/1365 1376/1376/1376
f 1365/1365/1365 1377/1377/1377 1376/1376/1376
f 1365/1365/1365 1366/1366/1366 1377/1377/1377
f 1366/1366/1366 1378/1378/1378 1377/1377/1377
f 1366/1366/1366 1367/1367/1367 1378/1378/1378
f 1367/1367/1367 1379/1379/1379 1378/1378/1378
f 1367/1367/1367 1368/1368/1368 1379/1379/1379
f 1368/1368/1368 1380/1380/1380 1379/1379/1379
f 1368/1368/1368 1369/1369/1369 1380/1380/1380
f 1369/1369/1369 1381/1381/1381 1380/1380/1380
f 1369/1369/1369 1370/1370/1370 1381/1381/1381
f 1370/1370/1370 1382/1382/1382 1381/1381/1381
f 1370/1370/1370 1371/1371/1371 1382/1382/1382
f 1371/1371/1371 1383/1383/1383 1382/1382/1382
f 1371/1371/1371 1372/1372/1372 1383/1383/1383
f 1373/1373/1373 1385/1385/1385 1384/1384/1384
f 1373/1373/1373 1374/1374/1374 1385/1385/1385
f 1374/1374/1374 1386/1386/1386 1385/1385/1385
f 1374/1374/1374 1375/1375/1375 1386/1386/1386
f 1375/1375/1375 1387/1387/1387 1386/1386/1386
f 1375/1375/1375 1376/1376/1376 1387/1387/1387
f 1376/1376/1376 1388/1388/1388 1387/1387/1387
f 1376/1376/1376 1377/1377/1377 1388/1388/1388
f 1377/1377/1377 1389/1389/1389 1388/1388/1388
f 1377/1377/1377 1378/1378/1378 1389/1389/1389
f 1378/1378/1378 1390/1390/1390 1389/1389/1389
f 1378/1378/1378 1379/1379/1379 1390/1390/1390
f 1379/1379/1379 1391/1391/1391 1390/1390/1390
f 1379/1379/1379 1380/1380/1380 1391/1391/1391
f 1380/1380/1380 1392/1392/1392 1391/1391/1391
f 1380/1380/1380 1381/1381/1381 1392/1392/1392
f 1381/1381/1381 1393/1393/1393 1392/1392/1392
f 1381/1381/1381 1382/1382/1382 1393/1393/1393
f 1382/1382/1382 1394/1394/1394 1393/1393/1393
f 1382/1382/1382 1383/1383/1383 1394/1394/1394
f 1395/1395/1395 1404/1404/1404 1396/1396/1396
f 1395/1395/1395 1403/1403/1403 1404/1404/1404
f 1411/1411/1411 1395/1395/1395 1396/1396/1396
f 1412/1412/1412 1404/1404/1404 1403/1403/1403
f 1396/1396/1396 1405/1405/1405 1397/1397/1397
f 1396/1396/1396 1404/1404/1404 1405/1405/1405
f 1411/1411/1411 1396/1396/1396 1397/1397/1397
f 1412/1412/1412 1405/1405/1405 1404/1404/1404
f 1397/1397/1397 1406/1406/1406 1398/1398/1398
f 1397/1397/1397 1405/1405/1405 1406/1406/1406
f 1411/1411/1411 1397/1397/1397 1398/1398/1398
f 1412/1412/1412 1406/1406/1406 1405/1405/1405
f 1398/1398/1398 1407/1407/1407 1399/1399/1399
f 1398/1398/1398 1406/1406/1406 1407/1407/1407
f 1411/1411/1411 1398/1398/1398 1399/1399/1399
f 1412/1412/1412 1407/1407/1407 1406/1406/1406
f 1399/1399/1399 1408/1408/1408 1400/1400/1400
f 1399/1399/1399 1407/1407/1407 1408/1408/1408
f 1411/1411/1411 1399/1399/1399 1400/1400/1400
f 1412/1412/1412 1408/1408/1408 1407/1407/1407
f 1400/1400/1400 1409/1409/1409 1401/1401/1401
f 1400/1400/1400 1408/1408/1408 1409/1409/1409
f 1411/1411/1411 1400/1400/1400 1401/1401/1401
f 1412/1412/1412 1409/1409/1409 1408/1408/1408
f 1401/1401/1401 1410/1410/1410 1402/1402/1402
f 1401/1401/1401 1409/1409/1409 1410/1410/1410
f 1411/1411/1411 1401/1401/1401 1402/1402/1402
f 1412/1412/1412 1410/1410/1410 1409/1409/1409
f 1402/1402/1402 1403/1403/1403 1395/1395/1395
f 1402/1402/1402 1410/1410/1410 1403/1403/1403
f 1411/1411/1411 1402/1402/1402 1395/1395/1395
f 1412/1412/1412 1403/1403/1403 1410/1410/1410
f 1413/1413/1413 1421/1421/1421 1414/1414/1414
f 1413/1413/1413 1420/1420/1420 1421/1421/1421
f 1427/1427/1427 1413/1413/1413 1414/1414/1414
f 1428/1428/1428 1421/1421/1421 1420/1420/1420
f 1414/1414/1414 1422/1422/1422 1415/1415/1415
f 1414/1414/1414 1421/1421/1421 1422/1422/1422
f 1427/1427/1427 1414/1414/1414 1415/1415/1415
f 1428/1428/1428 1422/1422/1422 1421/1421/1421
f 1415/1415/1415 1423/1423/1423 1416/1416/1416
f 1415/1415/1415 1422/1422/1422 1423/1423/1423
f 1427/1427/1427 1415/1415/1415 1416/1416/1416
f 1428/1428/1428 1423/1423/1423 1422/1422/1422
f 1416/1416/1416 1424/1424/1424 1417/1417/1417
f 1416/1416/1416 1423/1423/1423 1424/1424/1424
f 1427/1427/1427 1416/1416/1416 1417/1417/1417
f 1428/1428/1428 1424/1424/1424 1423/1423/1423
f 1417/1417/1417 1425/1425/1425 1418/1418/1418
f 1417/1417/1417 1424/1424/1424 1425/1425/1425
f 1427/1427/1427 1417/1417/1417 1418/1418/1418
f 1428/1428/1428 1425/1425/1425 1424/1424/1424
f 1418/1418/1418 1426/1426/1426 1419/1419/1419
f 1418/1418/1418 1425/1425/1425 1426/1426/1426
f 1427/1427/1427 1418/1418/1418 1419/1419/1419
f 1428/1428/1428 1426/1426/1426 1425/1425/1425
f 1419/1419/1419 1420/1420/1420 1413/1413/1413
f 1419/1419/1419 1426/1426/1426 1420/1420/1420
f 1427/1427/1427 1419/1419/1419 1413/1413/1413
f 1428/1428/1428 1420/1420/1420 1426/1426/1426
f 1429/1429/1429 1437/1437/1437 1433/1433/1433
f 1429/1429/1429 1433/1433/1433 1443/1443/1443
f 1429/1429/1429 1443/1443/1443 1441/1441/1441
f 1429/1429/1429 1445/1445/1445 1431/1431/1431
f 1429/1429/1429 1431/1431/1431 1439/1439/1439
f 1429/1429/1429 1439/1439/1439 1437/1437/1437
f 1429/1429/1429 1441/1441/1441 1430/1430/1430
f 1429/1429/1429 1430/1430/1430 1446/1446/1446
f 1429/1429/1429 1446/1446/1446 1445/1445/1445
f 1437/1437/1437 1439/1439/1439 1435/1435/1435
f 1437/1437/1437 1435/1435/1435 1447/1447/1447
f 1437/1437/1437 1447/1447/1447 1433/1433/1433
f 1431/1431/1431 1442/1442/1442 1432/1432/1432
f 1431/1431/1431 1432/1432/1432 1440/1440/1440
f 1431/1431/1431 1440/1440/1440 1439/1439/1439
f 1431/1431/1431 1445/1445/1445 1446/1446/1446
f 1431/1431/1431 1446/1446/1446 1432/1432/1432
f 1431/1431/1431 1432/1432/1432 1442/1442/1442
f 1433/1433/1433 1447/1447/1447 1448/1448/1448
f 1433/1433/1433 1448/1448/1448 1434/1434/1434
f 1433/1433/1433 1434/1434/1434 1443/1443/1443
f 1435/1435/1435 1444/1444/1444 1436/1436/1436
f 1435/1435/1435 1436/1436/1436 1448/1448/1448
f 1435/1435/1435 1448/1448/1448 1447/1447/1447
f 1435/1435/1435 1439/1439/1439 1440/1440/1440
f 1435/1435/1435 1440/1440/1440 1436/1436/1436
f 1435/1435/1435 1436/1436/1436 1444/1444/1444
f 1430/1430/1430 1438/1438/1438 1434/1434/1434
f 1430/1430/1430 1434/1434/1434 1443/1443/1443
f 1430/1430/1430 1443/1443/1443 1441/1441/1441
f 1430/1430/1430 1446/1446/1446 1432/1432/1432
f 1430/1430/1430 1432/1432/1432 1440/1440/1440
f 1430/1430/1430 1440/1440/1440 1438/1438/1438
f 1434/1434/1434 1448/1448/1448 1436/1436/1436
f 1434/1434/1434 1436/1436/1436 1444/1444/1444
f 1434/1434/1434 1444/1444/1444 1438/1438/1438
f 1449/1449/1449 1461/1461/1461 1460/1460/1460
f 1449/1449/1449 1450/1450/1450 1461/1461/1461
f 1450/1450/1450 1462/1462/1462 1461/1461/1461
f 1450/1450/1450 1451/1451/1451 1462/1462/1462
f 1451/1451/1451 1463/1463/1463 1462/1462/1462
f 1451/1451/1451 1452/1452/1452 1463/1463/1463
f 1452/1452/1452 1464/1464/1464 1463/1463/1463
f 1452/1452/1452 1453/1453/1453 1464/1464/1464
f 1453/1453/1453 1465/1465/1465 1464/1464/1464
f 1453/1453/1453 1454/1454/1454 1465/1465/1465
f 1454/1454/1454 1466/1466/1466 1465/1465/1465
f 1454/1454/1454 1455/1455/1455 1466/1466/1466
f 1455/1455/1455 1467/1467/1467 1466/1466/1466
f 1455/1455/1455 1456/1456/1456 1467/1467/1467
f 1456/1456/1456 1468/1468/1468 1467/1467/1467
f 1456/1456/1456 1457/1457/1457 1468/1468/1468
f 1457/1457/1457 1469/1469/1469 1468/1468/1468
f 1457/1457/1457 1458/1458/1458 1469/1469/1469
f 1458/1458/1458 1470/1470/1470 1469/1469/1469
f 1458/1458/1458 1459/1459/1459 1470/1470/1470
f 1460/1460/1460 1472/1472/1472 1471/1471/1471
f 1460/1460/1460 1461/1461/1461 1472/1472/1472
f 1461/1461/1461 1473/1473/1473 1472/1472/1472
f 1461/1461/1461 1462/1462/1462 1473/1473/1473
f 1462/1462/1462 1474/1474/1474 1473/1473/1473
f 1462/1462/1462 1463/1463/1463 1474/1474/1474
f 1463/1463/1463 1475/1475/1475 1474/1474/1474
f 1463/1463/1463 1464/1464/1464 1475/1475/1475
f 1464/1464/1464 1476/1476/1476 1475/1475/1475
f 1464/1464/1464 1465/1465/1465 1476/1476/1476
f 1465/1465/1465 1477/1477/1477 1476/1476/1476
f 1465/1465/1465 1466/1466/1466 1477/1477/1477
f 1466/1466/1466 1478/1478/1478 1477/1477/1477
f 1466/1466/1466 1467/1467/1467 1478/1478/1478
f 1467/1467/1467 1479/1479/1479 1478/1478/1478
f 1467/1467/1467 1468/1468/1468 1479/1479/1479
f 1468/1468/1468 1480/1480/1480 1479/1479/1479
f 1468/1468/1468 1469/1469/1469 1480/1480/1480
f 1469/1469/1469 1481/1481/1481 1480/1480/1480
f 1469/1469/1469 1470/1470/1470 1481/1481/1481
f 1471/1471/1471 1483/1483/1483 1482/1482/1482
f 1471/1471/1471 1472/1472/1472 1483/1483/1483
f 1472/1472/1472 1484/1484/1484 1483/1483/1483
f 1472/1472/1472 1473/1473/1473 1484/1484/1484
f 1473/1473/1473 1485/1485/1485 1484/1484/1484
f 1473/1473/1473 1474/1474/1474 1485/1485/1485
f 1474/1474/1474 1486/1486/1486 1485/1485/1485
f 1474/1474/1474 1475/1475/1475 1486/1486/1486
f 1475/1475/1475 1487/1487/1487 1486/1486/1486
f 1475/1475/1475 1476/1476/1476 1487/1487/1487
f 1476/1476/1476 1488/1488/1488 1487/1487/1487
f 1476/1476/1476 1477/1477/1477 1488/1488/1488
f 1477/1477/1477 1489/1489/1489 1488/1488/1488
f 1477/1477/1477 1478/1478/1478 1489/1489/1489
f 1478/1478/1478 1490/1490/1490 1489/1489/1489
f 1478/1478/1478 1479/1479/1479 1490/1490/1490
f 1479/1479/1479 1491/1491/1491 1490/1490/1490
f 1479/1479/1479 1480/1480/1480 1491/1491/1491
f 1480/1480/1480 1492/1492/1492 1491/1491/1491
f 1480/1480/1480 1481/1481/1481 1492/1492/1492
f 1482/1482/1482 1494/1494/1494 1493/1493/1493
f 1482/1482/1482 1483/1483/1483 1494/1494/1494
f 1483/1483/1483 1495/1495/1495 1494/1494/1494
f 1483/1483/1483 1484/1484/1484 1495/1495/1495
f 1484/1484/1484 1496/1496/1496 1495/1495/1495
f 1484/1484/1484 1485/1485/1485 1496/1496/1496
f 1485/1485/1485 1497/1497/1497 1496/1496/1496
f 1485/1485/1485 1486/1486/1486 1497/1497/1497
f 1486/1486/1486 1498/1498/1498 1497/1497/1497
f 1486/1486/1486 1487/1487/1487 1498/1498/1498
f 1487/1487/1487 1499/1499/1499 1498/1498/1498
f 1487/1487/1487 1488/1488/1488 1499/1499/1499
f 1488/1488/1488 1500/1500/1500 1499/1499/1499
f 1488/1488/1488 1489/1489/1489 1500/1500/1500
f 1489/1489/1489 1501/1501/1501 1500/1500/1500
f 1489/1489/1489 1490/1490/1490 1501/1501/1501
f 1490/1490/1490 1502/1502/1502 1501/1501/1501
f 1490/1490/1490 1491/1491/1491 1502/1502/1502
f 1491/1491/1491 1503/1503/1503 1502/1502/1502
f 1491/1491/1491 1492/1492/1492 1503/1503/1503
f 1493/1493/1493 1505/1505/1505 1504/1504/1504
f 1493/1493/1493 1494/1494/1494 1505/1505/1505
f 1494/1494/1494 1506/1506/1506 1505/1505/1505
f 1494/1494/1494 1495/1495/1495 1506/1506/1506
f 1495/1495/1495 1507/1507/1507 1506/1506/1506
f 1495/1495/1495 1496/1496/1496 1507/1507/1507
f 1496/1496/1496 1508/1508/1508 1507/1507/1507
f 1496/1496/1496 1497/1497/1497 1508/1508/1508
f 1497/1497/1497 1509/1509/1509 1508/1508/1508
f 1497/1497/1497 1498/1498/1498 1509/1509/1509
f 1498/1498/1498 1510/1510/1510 1509/1509/1509
f 1498/1498/1498 1499/1499/1499 1510/1510/1510
f 1499/1499/1499 1511/1511/1511 1510/1510/1510
f 1499/1499/1499 1500/1500/1500 1511/1511/1511
f 1500/1500/1500 1512/1512/1512 1511/1511/1511
f 1500/1500/1500 1501/1501/1501 1512/1512/1512
f 1501/1501/1501 1513/1513/1513 1512/1512/1512
f 1501/1501/1501 1502/1502/1502 1513/1513/1513
f 1502/1502/1502 1514/1514/1514 1513/1513/1513
f 1502/1502/1502 1503/1503/1503 1514/1514/1514
f 1504/1504/1504 1516/1516/1516 1515/1515/1515
f 1504/1504/1504 1505/1505/1505 1516/1516/1516
f 1505/1505/1505 1517/1517/1517 1516/1516/1516
f 1505/1505/1505 1506/1506/1506 1517/1517/1517
f 1506/1506/1506 1518/1518/1518 1517/1517/1517
f 1506/1506/1506 1507/1507/1507 1518/1518/1518
f 1507/1507/1507 1519/1519/1519 1518/1518/1518
f 1507/1507/1507 1508/1508/1508 1519/1519/1519
f 1508/1508/1508 1520/1520/1520 1519/1519/1519
f 1508/1508/1508 1509/1509/1509 1520/1520/1520
f 1509/1509/1509 1521/1521/1521 1520/1520/1520
f 1509/1509/1509 1510/1510/1510 1521/1521/1521
f 1510/1510/1510 1522/1522/1522 1521/1521/1521
f 1510/1510/1510 1511/1511/1511 1522/1522/1522
f 1511/1511/1511 1523/1523/1523 1522/1522/1522
f 1511/1511/1511 1512/1512/1512 1523/1523/1523
f 1512/1512/1512 1524/1524/1524 1523/1523/1523
f 1512/1512/1512 1513/1513/1513 1524/1524/1524
f 1513/1513/1513 1525/1525/1525 1524/1524/1524
f 1513/1513/1513 1514/1514/1514 1525/1525/1525
f 1515/1515/1515 1527/1527/1527 1526/1526/1526
f 1515/1515/1515 1516/1516/1516 1527/1527/1527
f 1516/1516/1516 1528/1528/1528 1527/1527/1527
f 1516/1516/1516 1517/1517/1517 1528/1528/1528
f 1517/1517/1517 1529/1529/1529 1528/1528/1528
f 1517/1517/1517 1518/1518/1518 1529/1529/1529
f 1518/1518/1518 1530/1530/1530 1529/1529/1529
f 1518/1518/1518 1519/1519/1519 1530/1530/1530
f 1519/1519/1519 1531/1531/1531 1530/1530/1530
f 1519/1519/1519 1520/1520/1520 1531/1531/1531
f 1520/1520/1520 1532/1532/1532 1531/1531/1531
f 1520/1520/1520 1521/1521/1521 1532/1532/1532
f 1521/1521/1521 1533/1533/1533 1532/1532/1532
f 1521/1521/1521 1522/1522/1522 1533/1533/1533
f 1522/1522/1522 1534/1534/1534 1533/1533/1533
f 1522/1522/1522 1523/1523/1523 1534/1534/1534
f 1523/1523/1523 1535/1535/1535 1534/1534/1534
f 1523/1523/1523 1524/1524/1524 1535/1535/1535
f 1524/1524/1524 1536/1536/1536 1535/1535/1535
f 1524/1524/1524 1525/1525/1525 1536/1536/1536
f 1526/1526/1526 1538/1538/1538 1537/1537/1537
f 1526/1526/1526 1527/1527/1527 1538/1538/1538
f 1527/1527/1527 1539/1539/1539 1538/1538/1538
f 1527/1527/1527 1528/1528/1528 1539/1539/1539
f 1528/1528/1528 1540/1540/1540 1539/1539/1539
f 1528/1528/1528 1529/1529/1529 1540/1540/1540
f 1529/1529/1529 1541/1541/1541 1540/1540/1540
f 1529/1529/1529 1530/1530/1530 1541/1541/1541
f 1530/1530/1530 1542/1542/1542 1541/1541/1541
f 1530/1530/1530 1531/1531/1531 1542/1542/1542
f 1531/1531/1531 1543/1543/1543 1542/1542/1542
f 1531/1531/1531 1532/1532/1532 1543/1543/1543
f 1532/1532/1532 1544/1544/1544 1543/1543/1543
f 1532/1532/1532 1533/1533/1533 1544/1544/1544
f 1533/1533/1533 1545/1545/1545 1544/1544/1544
f 1533/1533/1533 1534/1534/1534 1545/1545/1545
f 1534/1534/1534 1546/1546/1546 1545/1545/1545
f 1534/1534/1534 1535/1535/1535 1546/1546/1546
f 1535/1535/1535 1547/1547/1547 1546/1546/1546
f 1535/1535/1535 1536/1536/1536 1547/1547/1547
f 1548/1548/1548 1560/1560/1560 1559/1559/1559
f 1548/1548/1548 1549/1549/1549 1560/1560/1560
f 1549/1549/1549 1561/1561/1561 1560/1560/1560
f 1549/1549/1549 1550/1550/1550 1561/1561/1561
f 1550/1550/1550 1562/1562/1562 1561/1561/1561
f 1550/1550/1550 1551/1551/1551 1562/1562/1562
f 1551/1551/1551 1563/1563/1563 1562/1562/1562
f 1551/1551/1551 1552/1552/1552 1563/1563/1563
f 1552/1552/1552 1564/1564/1564 1563/1563/1563
f 1552/1552/1552 1553/1553/1553 1564/1564/1564
f 1553/1553/1553 1565/1565/1565 1564/1564/1564
f 1553/1553/1553 1554/1554/1554 1565/1565/1565
f 1554/1554/1554 1566/1566/1566 1565/1565/1565
f 1554/1554/1554 1555/1555/1555 1566/1566/1566
f 1555/1555/1555 1567/1567/1567 1566/1566/1566
f 1555/1555/1555 1556/1556/1556 1567/1567/1567
f 1556/1556/1556 1568/1568/1568 1567/1567/1567
f 1556/1556/1556 1557/1557/1557 1568/1568/1568
f 1557/1557/1557 1569/1569/1569 1568/1568/1568
f 1557/1557/1557 1558/1558/1558 1569/1569/1569
f 1559/1559/1559 1571/1571/1571 1570/1570/1570
f 1559/1559/1559 1560/1560/1560 1571/1571/1571
f 1560/1560/1560 1572/1572/1572 1571/1571/1571
f 1560/1560/1560 1561/1561/1561 1572/1572/1572
f 1561/1561/1561 1573/1573/1573 1572/1572/1572
f 1561/1561/1561 1562/1562/1562 1573/1573/1573
f 1562/1562/1562 1574/1574/1574 1573/1573/1573
f 1562/1562/1562 1563/1563/1563 1574/1574/1574
f 1563/1563/1563 1575/1575/1575 1574/1574/1574
f 1563/1563/1563 1564/1564/1564 1575/1575/1575
f 1564/1564/1564 1576/1576/1576 1575/1575/1575
f 1564/1564/1564 1565/1565/1565 1576/1576/1576
f 1565/1565/1565 1577/1577/1577 1576/1576/1576
f 1565/1565/1565 1566/1566/1566 1577/1577/1577
f 1566/1566/1566 1578/1578/1578 1577/1577/1577
f 1566/1566/1566 1567/1567/1567 1578/1578/1578
f 1567/1567/1567 1579/1579/1579 1578/1578/1578
f 1567/1567/1567 1568/1568/1568 1579/1579/1579
f 1568/1568/1568 1580/1580/1580 1579/1579/1579
f 1568/1568/1568 1569/1569/1569 1580/1580/1580
f 1570/1570/1570 1582/1582/1582 1581/1581/1581
f 1570/1570/1570 1571/1571/1571 1582/1582/1582
f 1571/1571/1571 1583/1583/1583 1582/1582/1582
f 1571/1571/1571 1572/1572/1572 1583/1583/1583
f 1572/1572/1572 1584/1584/1584 1583/1583/1583
f 1572/1572/1572 1573/1573/1573 1584/1584/1584
f 1573/1573/1573 1585/1585/1585 1584/1584/1584
f 1573/1573/1573 1574/1574/1574 1585/1585/1585
f 1574/1574/1574 1586/1586/1586 1585/1585/1585
f 1574/1574/1574 1575/1575/1575 1586/1586/1586
f 1575/1575/1575 1587/1587/1587 1586/1586/1586
f 1575/1575/1575 1576/1576/1576 1587/1587/1587
f 1576/1576/1576 1588/1588/1588 1587/1587/1587
f 1576/1576/1576 1577/1577/1577 1588/1588/1588
f 1577/1577/1577 1589/1589/1589 1588/1588/1588
f 1577/1577/1577 1578/1578/1578 1589/1589/1589
f 1578/1578/1578 1590/1590/1590 1589/1589/1589
f 1578/1578/1578 1579/1579/1579 1590/1590/1590
f 1579/1579/1579 1591/1591/1591 1590/1590/1590
f 1579/1579/1579 1580/1580/1580 1591/1591/1591
f 1581/1581/1581 1593/1593/1593 1592/1592/1592
f 1581/1581/1581 1582/1582/1582 1593/1593/1593
f 1582/1582/1582 1594/1594/1594 1593/1593/1593
f 1582/1582/1582 1583/1583/1583 1594/1594/1594
f 1583/1583/1583 1595/1595/1595 1594/1594/1594
f 1583/1583/1583 1584/1584/1584 1595/1595/1595
f 1584/1584/1584 1596/1596/1596 1595/1595/1595
f 1584/1584/1584 1585/1585/1585 1596/1596/1596
f 1585/1585/1585 1597/1597/1597 1596/1596/1596
f 1585/1585/1585 1586/1586/1586 1597/1597/1597
f 1586/1586/1586 1598/1598/1598 1597/1597/1597
f 1586/1586/1586 1587/1587/1587 1598/1598/1598
f 1587/1587/1587 1599/1599/1599 1598/1598/1598
f 1587/1587/1587 1588/1588/1588 1599/1599/1599
f 1588/1588/1588 1600/1600/1600 1599/1599/1599
f 1588/1588/1588 1589/1589/1589 1600/1600/1600
f 1589/1589/1589 1601/1601/1601 1600/1600/1600
f 1589/1589/1589 1590/1590/1590 1601/1601/1601
f 1590/1590/1590 1602/1602/1602 1601/1601/1601
f 1590/1590/1590 1591/1591/1591 1602/1602/1602
f 1592/1592/1592 1604/1604/1604 1603/1603/1603
f 1592/1592/1592 1593/1593/1593 1604/1604/1604
f 1593/1593/1593 1605/1605/1605 1604/1604/1604
f 1593/1593/1593 1594/1594/1594 1605/1605/1605
f 1594/1594/1594 1606/1606/1606 1605/1605/1605
f 1594/1594/1594 1595/1595/1595 1606/1606/1606
f 1595/1595/1595 1607/1607/1607 1606/1606/1606
f 1595/1595/1595 1596/1596/1596 1607/1607/1607
f 1596/1596/1596 1608/1608/1608 1607/1607/1607
f 1596/1596/1596 1597/1597/1597 1608/1608/1608
f 1597/1597/1597 1609/1609/1609 1608/1608/1608
f 1597/1597/1597 1598/1598/1598 1609/1609/1609
f 1598/1598/1598 1610/1610/1610 1609/1609/1609
f 1598/1598/1598 1599/1599/1599 1610/1610/1610
f 1599/1599/1599 1611/1611/1611 1610/1610/1610
f 1599/1599/1599 1600/1600/1600 1611/1611/1611
f 1600/1600/1600 1612/1612/1612 1611/1611/1611
f 1600/1600/1600 1601/1601/1601 1612/1612/1612
f 1601/1601/1601 1613/1613/1613 1612/1612/1612
f 1601/1601/1601 1602/1602/1602 1613/1613/1613
f 1603/1603/1603 1615/1615/1615 1614/1614/1614
f 1603/1603/1603 1604/1604/1604 1615/1615/1615
f 1604/1604/1604 1616/1616/1616 1615/1615/1615
f 1604/1604/1604 1605/1605/1605 1616/1616/1616
f 1605/1605/1605 1617/1617/1617 1616/1616/1616
f 1605/1605/1605 1606/1606/1606 1617/1617/1617
f 1606/1606/1606 1618/1618/1618 1617/1617/1617
f 1606/1606/1606 1607/1607/1607 1618/1618/1618
f 1607/1607/1607 1619/1619/1619 1618/1618/1618
f 1607/1607/1607 1608/1608/1608 1619/1619/1619
f 1608/1608/1608 1620/1620/1620 1619/1619/1619
f 1608/1608/1608 1609/1609/1609 1620/1620/1620
f 1609/1609/1609 1621/1621/1621 1620/1620/1620
f 1609/1609/1609 1610/1610/1610 1621/1621/1621
f 1610/1610/1610 1622/1622/1622 1621/1621/1621
f 1610/1610/1610 1611/1611/1611 1622/1622/1622
f 1611/1611/1611 1623/1623/1623 1622/1622/1622
f 1611/1611/1611 1612/1612/1612 1623/1623/1623
f 1612/1612/1612 1624/1624/1624 1623/1623/1623
f 1612/1612/1612 1613/1613/1613 1624/1624/1624
f 1614/1614/1614 1626/1626/1626 1625/1625/1625
f 1614/1614/1614 1615/1615/1615 1626/1626/1626
f 1615/1615/1615 1627/1627/1627 1626/1626/1626
f 1615/1615/1615 1616/1616/1616 1627/1627/1627
f 1616/1616/1616 1628/1628/1628 1627/1627/1627
f 1616/1616/1616 1617/1617/1617 1628/1628/1628
f 1617/1617/1617 1629/1629/1629 1628/1628/1628
f 1617/1617/1617 1618/1618/1618 1629/1629/1629
f 1618/1618/1618 1630/1630/1630 1629/1629/1629
f 1618/1618/1618 1619/1619/1619 1630/1630/1630
f 1619/1619/1619 1631/1631/1631 1630/1630/1630
f 1619/1619/1619 1620/1620/1620 1631/1631/1631
f 1620/1620/1620 1632/1632/1632 1631/1631/1631
f 1620/1620/1620 1621/1621/1621 1632/1632/1632
f 1621/1621/1621 1633/1633/1633 1632/1632/1632
f 1621/1621/1621 1622/1622/1622 1633/1633/1633
f 1622/1622/1622 1634/1634/1634 1633/1633/1633
f 1622/1622/1622 1623/1623/1623 1634/1634/1634
f 1623/1623/1623 1635/1635/1635 1634/1634/1634
f 1623/1623/1623 1624/1624/1624 1635/1635/1635
f 1625/1625/1625 1637/1637/1637 1636/1636/1636
f 1625/1625/1625 1626/1626/1626 1637/1637/1637
f 1626/1626/1626 1638/1638/1638 1637/1637/1637
f 1626/1626/1626 1627/1627/1627 1638/1638/1638
f 1627/1627/1627 1639/1639/1639 1638/1638/1638
f 1627/1627/1627 1628/1628/1628 1639/1639/1639
f 1628/1628/1628 1640/1640/1640 1639/1639/1639
f 1628/1628/1628 1629/1629/1629 1640/1640/1640
f 1629/1629/1629 1641/1641/1641 1640/1640/1640
f 1629/1629/1629 1630/1630/1630 1641/1641/1641
f 1630/1630/1630 1642/1642/1642 1641/1641/1641
f 1630/1630/1630 1631/1631/1631 1642/1642/1642
f 1631/1631/1631 1643/1643/1643 1642/1642/1642
f 1631/1631/1631 1632/1632/1632 1643/1643/1643
f 1632/1632/1632 1644/1644/1644 1643/1643/1643
f 1632/1632/1632 1633/1633/1633 1644/1644/1644
f 1633/1633/1633 1645/1645/1645 1644/1644/1644
f 1633/1633/1633 1634/1634/1634 1645/1645/1645
f 1634/1634/1634 1646/1646/1646 1645/1645/1645
f 1634/1634/1634 1635/1635/1635 1646/1646/1646
f 1647/1647/1647 1659/1659/1659 1658/1658/1658
f 1647/1647/1647 1648/1648/1648 1659/1659/1659
f 1648/1648/1648 1660/1660/1660 1659/1659/1659
f 1648/1648/1648 1649/1649/1649 1660/1660/1660
f 1649/1649/1649 1661/1661/1661 1660/1660/1660
f 1649/1649/1649 1650/1650/1650 1661/1661/1661
f 1650/1650/1650 1662/1662/1662 1661/1661/1661
f 1650/1650/1650 1651/1651/1651 1662/1662/1662
f 1651/1651/1651 1663/1663/1663 1662/1662/1662
f 1651/1651/1651 1652/1652/1652 1663/1663/1663
f 1652/1652/1652 1664/1664/1664 1663/1663/1663
f 1652/1652/1652 1653/1653/1653 1664/1664/1664
f 1653/1653/1653 1665/1665/1665 1664/1664/1664
f 1653/1653/1653 1654/1654/1654 1665/1665/1665
f 1654/1654/1654 1666/1666/1666 1665/1665/1665
f 1654/1654/1654 1655/1655/1655 1666/1666/1666
f 1655/1655/1655 1667/1667/1667 1666/1666/1666
f 1655/1655/1655 1656/1656/1656 1667/1667/1667
f 1656/1656/1656 1668/1668/1668 1667/1667/1667
f 1656/1656/1656 1657/1657/1657 1668/1668/1668
f 1658/1658/1658 1670/1670/1670 1669/1669/1669
f 1658/1658/1658 1659/1659/1659 1670/1670/1670
f 1659/1659/1659 1671/1671/1671 1670/1670/1670
f 1659/1659/1659 1660/1660/1660 1671/1671/1671
f 1660/1660/1660 1672/1672/1672 1671/1671/1671
f 1660/1660/1660 1661/1661/1661 1672/1672/1672
f 1661/1661/1661 1673/1673/1673 1672/1672/1672
f 1661/1661/1661 1662/1662/1662 1673/1673/1673
f 1662/1662/1662 1674/1674/1674 1673/1673/1673
f 1662/1662/1662 1663/1663/1663 1674/1674/1674
f 1663/1663/1663 1675/1675/1675 1674/1674/1674
f 1663/1663/1663 1664/1664/1664 1675/1675/1675
f 1664/1664/1664 1676/1676/1676 1675/1675/1675
f 1664/1664/1664 1665/1665/1665 1676/1676/1676
f 1665/1665/1665 1677/1677/1677 1676/1676/1676
f 1665/1665/1665 1666/1666/1666 1677/1677/1677
f 1666/1666/1666 1678/1678/1678 1677/1677/1677
f 1666/1666/1666 1667/1667/1667 1678/1678/1678
f 1667/1667/1667 1679/1679/1679 1678/1678/1678
f 1667/1667/1667 1668/1668/1668 1679/1679/1679
f 1669/1669/1669 1681/1681/1681 1680/1680/1680
f 1669/1669/1669 1670/1670/1670 1681/1681/1681
f 1670/1670/1670 1682/1682/1682 1681/1681/1681
f 1670/1670/1670 1671/1671/1671 1682/1682/1682
f 1671/1671/1671 1683/1683/1683 1682/1682/1682
f 1671/1671/1671 1672/1672/1672 1683/1683/1683
f 1672/1672/1672 1684/1684/1684 1683/1683/1683
f 1672/1672/1672 1673/1673/1673 1684/1684/1684
f 1673/1673/1673 1685/1685/1685 1684/1684/1684
f 1673/1673/1673 1674/1674/1674 1685/1685/1685
f 1674/1674/1674 1686/1686/1686 1685/1685/1685
f 1674/1674/1674 1675/1675/1675 1686/1686/1686
f 1675/1675/1675 1687/1687/1687 1686/1686/1686
f 1675/1675/1675 1676/1676/1676 1687/1687/1687
f 1676/1676/1676 1688/1688/1688 1687/1687/1687
f 1676/1676/1676 1677/1677/1677 1688/1688/1688
f 1677/1677/1677 1689/1689/1689 1688/1688/1688
f 1677/1677/1677 1678/1678/1678 1689/1689/1689
f 1678/1678/1678 1690/1690/1690 1689/1689/1689
f 1678/1678/1678 1679/1679/1679 1690/1690/1690
f 1680/1680/1680 1692/1692/1692 1691/1691/1691
f 1680/1680/1680 1681/1681/1681 1692/1692/1692
f 1681/1681/1681 1693/1693/1693 1692/1692/1692
f 1681/1681/1681 1682/1682/1682 1693/1693/1693
f 1682/1682/1682 1694/1694/1694 1693/1693/1693
f 1682/1682/1682 1683/1683/1683 1694/1694/1694
f 1683/1683/1683 1695/1695/1695 1694/1694/1694
f 1683/1683/1683 1684/1684/1684 1695/1695/1695
f 1684/1684/1684 1696/1696/1696 1695/1695/1695
f 1684/1684/1684 1685/1685/1685 1696/1696/1696
f 1685/1685/1685 1697/1697/1697 1696/1696/1696
f 1685/1685/1685 1686/1686/1686 1697/1697/1697
f 1686/1686/1686 1698/1698/1698 1697/1697/1697
f 1686/1686/1686 1687/1687/1687 1698/1698/1698
f 1687/1687/1687 1699/1699/1699 1698/1698/1698
f 1687/1687/1687 1688/1688/1688 1699/1699/1699
f 1688/1688/1688 1700/1700/1700 1699/1699/1699
f 1688/1688/1688 1689/1689/1689 1700/1700/1700
f 1689/1689/1689 1701/1701/1701 1700/1700/1700
f 1689/1689/1689 1690/1690/1690 1701/1701/1701
f 1691/1691/1691 1703/1703/1703 1702/1702/1702
f 1691/1691/1691 1692/1692/1692 1703/1703/1703
f 1692/1692/1692 1704/1704/1704 1703/1703/1703
f 1692/1692/1692 1693/1693/1693 1704/1704/1704
f 1693/1693/1693 1705/1705/1705 1704/1704/1704
f 1693/1693/1693 1694/1694/1694 1705/1705/1705
f 1694/1694/1694 1706/1706/1706 1705/1705/1705
f 1694/1694/1694 1695/1695/1695 1706/1706/1706
f 1695/1695/1695 1707/1707/1707 1706/1706/1706
f 1695/1695/1695 1696/1696/1696 1707/1707/1707
f 1696/1696/1696 1708/1708/1708 1707/1707/1707
f 1696/1696/1696 1697/1697/1697 1708/1708/1708
f 1697/1697/1697 1709/1709/1709 1708/1708/1708
f 1697/1697/1697 1698/1698/1698 1709/1709/1709
f 1698/1698/1698 1710/1710/1710 1709/1709/1709
f 1698/1698/1698 1699/1699/1699 1710/1710/1710
f 1699/1699/1699 1711/1711/1711 1710/1710/1710
f 1699/1699/1699 1700/1700/1700 1711/1711/1711
f 1700/1700/1700 1712/1712/1712 1711/1711/1711
f 1700/1700/1700 1701/1701/1701 1712/1712/1712
f 1702/1702/1702 1714/1714/1714 1713/1713/1713
f 1702/1702/1702 1703/1703/1703 1714/1714/1714
f 1703/1703/1703 1715/1715/1715 1714/1714/1714
f 1703/1703/1703 1704/1704/1704 1715/1715/1715
f 1704/1704/1704 1716/1716/1716 1715/1715/1715
f 1704/1704/1704 1705/1705/1705 1716/1716/1716
f 1705/1705/1705 1717/1717/1717 1716/1716/1716
f 1705/1705/1705 1706/1706/1706 1717/1717/1717
f 1706/1706/1706 1718/1718/1718 1717/1717/1717
f 1706/1706/1706 1707/1707/1707 1718/1718/1718
f 1707/1707/1707 1719/1719/1719 1718/1718/1718
f 1707/1707/1707 1708/1708/1708 1719/1719/1719
f 1708/1708/1708 1720/1720/1720 1719/1719/1719
f 1708/1708/1708 1709/1709/1709 1720/1720/1720
f 1709/1709/1709 1721/1721/1721 1720/1720/1720
f 1709/1709/1709 1710/1710/1710 1721/1721/1721
f 1710/1710/1710 1722/1722/1722 1721/1721/1721
f 1710/1710/1710 1711/1711/1711 1722/1722/1722
f 1711/1711/1711 1723/1723/1723 1722/1722/1722
f 1711/1711/1711 1712/1712/1712 1723/1723/1723
f 1713/1713/1713 1725/1725/1725 1724/1724/1724
f 1713/1713/1713 1714/1714/1714 1725/1725/1725
f 1714/1714/1714 1726/1726/1726 1725/1725/1725
f 1714/1714/1714 1715/1715/1715 1726/1726/1726
f 1715/1715/1715 1727/1727/1727 1726/1726/1726
f 1715/1715/1715 1716/1716/1716 1727/1727/1727
f 1716/1716/1716 1728/1728/1728 1727/1727/1727
f 1716/1716/1716 1717/1717/1717 1728/1728/1728
f 1717/1717/1717 1729/1729/1729 1728/1728/1728
f 1717/1717/1717 1718/1718/1718 1729/1729/1729
f 1718/1718/1718 1730/1730/1730 1729/1729/1729
f 1718/1718/1718 1719/1719/1719 1730/1730/1730
f 1719/1719/1719 1731/1731/1731 1730/1730/1730
f 1719/1719/1719 1720/1720/1720 1731/1731/1731
f 1720/1720/1720 1732/1732/1732 1731/1731/1731
f 1720/1720/1720 1721/1721/1721 1732/1732/1732
f 1721/1721/1721 1733/1733/1733 1732/1732/1732
f 1721/1721/1721 1722/1722/1722 1733/1733/1733
f 1722/1722/1722 1734/1734/1734 1733/1733/1733
f 1722/1722/1722 1723/1723/1723 1734/1734/1734
f 1724/1724/1724 1736/1736/1736 1735/1735/1735
f 1724/1724/1724 1725/1725/1725 1736/1736/1736
f 1725/1725/1725 1737/1737/1737 1736/1736/1736
f 1725/1725/1725 1726/1726/1726 1737/1737/1737
f 1726/1726/1726 1738/1738/1738 1737/1737/1737
f 1726/1726/1726 1727/1727/1727 1738/1738/1738
f 1727/1727/1727 1739/1739/1739 1738/1738/1738
f 1727/1727/1727 1728/1728/1728 1739/1739/1739
f 1728/1728/1728 1740/1740/1740 1739/1739/1739
f 1728/1728/1728 1729/1729/1729 1740/1740/1740
f 1729/1729/1729 1741/1741/1741 1740/1740/1740
f 1729/1729/1729 1730/1730/1730 1741/1741/1741
f 1730/1730/1730 1742/1742/1742 1741/1741/1741
f 1730/1730/1730 1731/1731/1731 1742/1742/1742
f 1731/1731/1731 1743/1743/1743 1742/1742/1742
f 1731/1731/1731 1732/1732/1732 1743/1743/1743
f 1732/1732/1732 1744/1744/1744 1743/1743/1743
f 1732/1732/1732 1733/1733/1733 1744/1744/1744
f 1733/1733/1733 1745/1745/1745 1744/1744/1744
f 1733/1733/1733 1734/1734/1734 1745/1745/1745
f 1746/1746/1746 1758/1758/1758 1757/1757/1757
f 1746/1746/1746 1747/1747/1747 1758/1758/1758
f 1747/1747/1747 1759/1759/1759 1758/1758/1758
f 1747/1747/1747 1748/1748/1748 1759/1759/1759
f 1748/1748/1748 1760/1760/1760 1759/1759/1759
f 1748/1748/1748 1749/1749/1749 1760/1760/1760
f 1749/1749/1749 1761/1761/1761 1760/1760/1760
f 1749/1749/1749 1750/1750/1750 1761/1761/1761
f 1750/1750/1750 1762/1762/1762 1761/1761/1761
f 1750/1750/1750 1751/1751/1751 1762/1762/1762
f 1751/1751/1751 1763/1763/1763 1762/1762/1762
f 1751/1751/1751 1752/1752/1752 1763/1763/1763
f 1752/1752/1752 1764/1764/1764 1763/1763/1763
f 1752/1752/1752 1753/1753/1753 1764/1764/1764
f 1753/1753/1753 1765/1765/1765 1764/1764/1764
f 1753/1753/1753 1754/1754/1754 1765/1765/1765
f 1754/1754/1754 1766/1766/1766 1765/1765/1765
f 1754/1754/1754 1755/1755/1755 1766/1766/1766
f 1755/1755/1755 1767/1767/1767 1766/1766/1766
f 1755/1755/1755 1756/1756/1756 1767/1767/1767
f 1757/1757/1757 1769/1769/1769 1768/1768/1768
f 1757/1757/1757 1758/1758/1758 1769/1769/1769
f 1758/1758/1758 1770/1770/1770 1769/1769/1769
f 1758/1758/1758 1759/1759/1759 1770/1770/1770
f 1759/1759/1759 1771/1771/1771 1770/1770/1770
f 1759/1759/1759 1760/1760/1760 1771/1771/1771
f 1760/1760/1760 1772/1772/1772 1771/1771/1771
f 1760/1760/1760 1761/1761/1761 1772/1772/1772
f 1761/1761/1761 1773/1773/1773 1772/1772/1772
f 1761/1761/1761 1762/1762/1762 1773/1773/1773
f 1762/1762/1762 1774/1774/1774 1773/1773/1773
f 1762/1762/1762 1763/1763/1763 1774/1774/1774
f 1763/1763/1763 1775/1775/1775 1774/1774/1774
f 1763/1763/1763 1764/1764/1764 1775/1775/1775
f 1764/1764/1764 1776/1776/1776 1775/1775/1775
f 1764/1764/1764 1765/1765/1765 1776/1776/1776
f 1765/1765/1765 1777/1777/1777 1776/1776/1776
f 1765/1765/1765 1766/1766/1766 1777/1777/1777
f 1766/1766/1766 1778/1778/1778 1777/1777/1777
f 1766/1766/1766 1767/1767/1767 1778/1778/1778
f 1768/1768/1768 1780/1780/1780 1779/1779/1779
f 1768/1768/1768 1769/1769/1769 1780/1780/1780
f 1769/1769/1769 1781/1781/1781 1780/1780/1780
f 1769/1769/1769 1770/1770/1770 1781/1781/1781
f 1770/1770/1770 1782/1782/1782 1781/1781/1781
f 1770/1770/1770 1771/1771/1771 1782/1782/1782
f 1771/1771/1771 1783/1783/1783 1782/1782/1782
f 1771/1771/1771 1772/1772/1772 1783/1783/1783
f 1772/1772/1772 1784/1784/1784 1783/1783/1783
f 1772/1772/1772 1773/1773/1773 1784/1784/1784
f 1773/1773/1773 1785/1785/1785 1784/1784/1784
f 1773/1773/1773 1774/1774/1774 1785/1785/1785
f 1774/1774/1774 1786/1786/1786 1785/1785/1785
f 1774/1774/1774 1775/1775/1775 1786/1786/1786
f 1775/1775/1775 1787/1787/1787 1786/1786/1786
f 1775/1775/1775 1776/1776/1776 1787/1787/1787
f 1776/1776/1776 1788/1788/1788 1787/1787/1787
f 1776/1776/1776 1777/1777/1777 1788/1788/1788
f 1777/1777/1777 1789/1789/1789 1788/1788/1788
f 1777/1777/1777 1778/1778/1778 1789/1789/1789
f 1779/1779/1779 1791/1791/1791 1790/1790/1790
f 1779/1779/1779 1780/1780/1780 1791/1791/1791
f 1780/1780/1780 1792/1792/1792 1791/1791/1791
f 1780/1780/1780 1781/1781/1781 1792/1792/1792
f 1781/1781/1781 1793/1793/1793 1792/1792/1792
f 1781/1781/1781 1782/1782/1782 1793/1793/1793
f 1782/1782/1782 1794/1794/1794 1793/1793/1793
f 1782/1782/1782 1783/1783/1783 1794/1794/1794
f 1783/1783/1783 1795/1795/1795 1794/1794/1794
f 1783/1783/1783 1784/1784/1784 1795/1795/1795
f 1784/1784/1784 1796/1796/1796 1795/1795/1795
f 1784/1784/1784 1785/1785/1785 1796/1796/1796
f 1785/1785/1785 1797/1797/1797 1796/1796/1796
f 1785/1785/1785 1786/1786/1786 1797/1797/1797
f 1786/1786/1786 1798/1798/1798 1797/1797/1797
f 1786/1786/1786 1787/1787/1787 1798/1798/1798
f 1787/1787/1787 1799/1799/1799 1798/1798/1798
f 1787/1787/1787 1788/1788/1788 1799/1799/1799
f 1788/1788/1788 1800/1800/1800 1799/1799/1799
f 1788/1788/1788 1789/1789/1789 1800/1800/1800
f 1790/1790/1790 1802/1802/1802 1801/1801/1801
f 1790/1790/1790 1791/1791/1791 1802/1802/1802
f 1791/1791/1791 1803/1803/1803 1802/1802/1802
f 1791/1791/1791 1792/1792/1792 1803/1803/1803
f 1792/1792/1792 1804/1804/1804 1803/1803/1803
f 1792/1792/1792 1793/1793/1793 1804/1804/1804
f 1793/1793/1793 1805/1805/1805 1804/1804/1804
f 1793/1793/1793 1794/1794/1794 1805/1805/1805
f 1794/1794/1794 1806/1806/1806 1805/1805/1805
f 1794/1794/1794 1795/1795/1795 1806/1806/1806
f 1795/1795/1795 1807/1807/1807 1806/1806/1806
f 1795/1795/1795 1796/1796/1796 1807/1807/1807
f 1796/1796/1796 1808/1808/1808 1807/1807/1807
f 1796/1796/1796 1797/1797/1797 1808/1808/1808
f 1797/1797/1797 1809/1809/1809 1808/1808/1808
f 1797/1797/1797 1798/1798/1798 1809/1809/1809
f 1798/1798/1798 1810/1810/1810 1809/1809/1809
f 1798/1798/1798 1799/1799/1799 1810/1810/1810
f 1799/1799/1799 1811/1811/1811 1810/1810/1810
f 1799/1799/1799 1800/1800/1800 1811/1811/1811
f 1801/1801/1801 1813/1813/1813 1812/1812/1812
f 1801/1801/1801 1802/1802/1802 1813/1813/1813
f 1802/1802/1802 1814/1814/1814 1813/1813/1813
f 1802/1802/1802 1803/1803/1803 1814/1814/1814
f 1803/1803/1803 1815/1815/1815 1814/1814/1814
f 1803/1803/1803 1804/1804/1804 1815/1815/1815
f 1804/1804/1804 1816/1816/1816 1815/1815/1815
f 1804/1804/1804 1805/1805/1805 1816/1816/1816
f 1805/1805/1805 1817/1817/1817 1816/1816/1816
f 1805/1805/1805 1806/1806/1806 1817/1817/1817
f 1806/1806/1806 1818/1818/1818 1817/1817/1817
f 1806/1806/1806 1807/1807/1807 1818/1818/1818
f 1807/1807/1807 1819/1819/1819 1818/1818/1818
f 1807/1807/1807 1808/1808/1808 1819/1819/1819
f 1808/1808/1808 1820/1820/1820 1819/1819/1819
f 1808/1808/1808 1809/1809/1809 1820/1820/1820
f 1809/1809/1809 1821/1821/1821 1820/1820/1820
f 1809/1809/1809 1810/1810/1810 1821/1821/1821
f 1810/1810/1810 1822/1822/1822 1821/1821/1821
f 1810/1810/1810 1811/1811/1811 1822/1822/1822
f 1812/1812/1812 1824/1824/1824 1823/1823/1823
f 1812/1812/1812 1813/1813/1813 1824/1824/1824
f 1813/1813/1813 1825/1825/1825 1824/1824/1824
f 1813/1813/1813 1814/1814/1814 1825/1825/1825
f 1814/1814/1814 1826/1826/1826 1825/1825/1825
f 1814/1814/1814 1815/1815/1815 1826/1826/1826
f 1815/1815/1815 1827/1827/1827 1826/1826/1826
f 1815/1815/1815 1816/1816/1816 1827/1827/1827
f 1816/1816/1816 1828/1828/1828 1827/1827/1827
f 1816/1816/1816 1817/1817/1817 1828/1828/1828
f 1817/1817/1817 1829/1829/1829 1828/1828/1828
f 1817/1817/1817 1818/1818/1818 1829/1829/1829
f 1818/1818/1818 1830/1830/1830 1829/1829/1829
f 1818/1818/1818 1819/1819/1819 1830/1830/1830
f 1819/1819/1819 1831/1831/1831 1830/1830/1830
f 1819/1819/1819 1820/1820/1820 1831/1831/1831
f 1820/1820/1820 1832/1832/1832 1831/1831/1831
f 1820/1820/1820 1821/1821/1821 1832/1832/1832
f 1821/1821/1821 1833/1833/1833 1832/1832/1832
f 1821/1821/1821 1822/1822/1822 1833/1833/1833
f 1823/1823/1823 1835/1835/1835 1834/1834/1834
f 1823/1823/1823 1824/1824/1824 1835/1835/1835
f 1824/1824/1824 1836/1836/1836 1835/1835/1835
f 1824/1824/1824 1825/1825/1825 1836/1836/1836
f 1825/1825/1825 1837/1837/1837 1836/1836/1836
f 1825/1825/1825 1826/1826/1826 1837/1837/1837
f 1826/1826/1826 1838/1838/1838 1837/1837/1837
f 1826/1826/1826 1827/1827/1827 1838/1838/1838
f 1827/1827/1827 1839/1839/1839 1838/1838/1838
f 1827/1827/1827 1828/1828/1828 1839/1839/1839
f 1828/1828/1828 1840/1840/1840 1839/1839/1839
f 1828/1828/1828 1829/1829/1829 1840/1840/1840
f 1829/1829/1829 1841/1841/1841 1840/1840/1840
f 1829/1829/1829 1830/1830/1830 1841/1841/1841
f 1830/1830/1830 1842/1842/1842 1841/1841/1841
f 1830/1830/1830 1831/1831/1831 1842/1842/1842
f 1831/1831/1831 1843/1843/1843 1842/1842/1842
f 1831/1831/1831 1832/1832/1832 1843/1843/1843
f 1832/1832/1832 1844/1844/1844 1843/1843/1843
f 1832/1832/1832 1833/1833/1833 1844/1844/1844
f 1845/1845/1845 1854/1854/1854 1846/1846/1846
f 1845/1845/1845 1853/1853/1853 1854/1854/1854
f 1861/1861/1861 1845/1845/1845 1846/1846/1846
f 1862/1862/1862 1854/1854/1854 1853/1853/1853
f 1846/1846/1846 1855/1855/1855 1847/1847/1847
f 1846/1846/1846 1854/1854/1854 1855/1855/1855
f 1861/1861/1861 1846/1846/1846 1847/1847/1847
f 1862/1862/1862 1855/1855/1855 1854/1854/1854
f 1847/1847/1847 1856/1856/1856 1848/1848/1848
f 1847/1847/1847 1855/1855/1855 1856/1856/1856
f 1861/1861/1861 1847/1847/1847 1848/1848/1848
f 1862/1862/1862 1856/1856/1856 1855/1855/1855
f 1848/1848/1848 1857/1857/1857 1849/1849/1849
f 1848/1848/1848 1856/1856/1856 1857/1857/1857
f 1861/1861/1861 1848/1848/1848 1849/1849/1849
f 1862/1862/1862 1857/1857/1857 1856/1856/1856
f 1849/1849/1849 1858/1858/1858 1850/1850/1850
f 1849/1849/1849 1857/1857/1857 1858/1858/1858
f 1861/1861/1861 1849/1849/1849 1850/1850/1850
f 1862/1862/1862 1858/1858/1858 1857/1857/1857
f 1850/1850/1850 1859/1859/1859 1851/1851/1851
f 1850/1850/1850 1858/1858/1858 1859/1859/1859
f 1861/1861/1861 1850/1850/1850 1851/1851/1851
f 1862/1862/1862 1859/1859/1859 1858/1858/1858
f 1851/1851/1851 1860/1860/1860 1852/1852/1852
f 1851/1851/1851 1859/1859/1859 1860/1860/1860
f 1861/1861/1861 1851/1851/1851 1852/1852/1852
f 1862/1862/1862 1860/1860/1860 1859/1859/1859
f 1852/1852/1852 1853/1853/1853 1845/1845/1845
f 1852/1852/1852 1860/1860/1860 1853/1853/1853
f 1861/1861/1861 1852/1852/1852 1845/1845/1845
f 1862/1862/1862 1853/1853/1853 1860/1860/1860
f 1863/1863/1863 1871/1871/1871 1864/1864/1864
f 1863/1863/1863 1870/1870/1870 1871/1871/1871
f 1877/1877/1877 1863/1863/1863 1864/1864/1864
f 1878/1878/1878 1871/1871/1871 1870/1870/1870
f 1864/1864/1864 1872/1872/1872 1865/1865/1865
f 1864/1864/1864 1871/1871/1871 1872/1872/1872
f 1877/1877/1877 1864/1864/1864 1865/1865/1865
f 1878/1878/1878 1872/1872/1872 1871/1871/1871
f 1865/1865/1865 1873/1873/1873 1866/1866/1866
f 1865/1865/1865 1872/1872/1872 1873/1873/1873
f 1877/1877/1877 1865/1865/1865 1866/1866/1866
f 1878/1878/1878 1873/1873/1873 1872/1872/1872
f 1866/1866/1866 1874/1874/1874 1867/1867/1867
f 1866/1866/1866 1873/1873/1873 1874/1874/1874
f 1877/1877/1877 1866/1866/1866 1867/1867/1867
f 1878/1878/1878 1874/1874/1874 1873/1873/1873
f 1867/1867/1867 1875/1875/1875 1868/1868/1868
f 1867/1867/1867 1874/1874/1874 1875/1875/1875
f 1877/1877/1877 1867/1867/1867 1868/1868/1868
f 1878/1878/1878 1875/1875/1875 1874/1874/1874
f 1868/1868/1868 1876/1876/1876 1869/1869/1869
f 1868/1868/1868 1875/1875/1875 1876/1876/1876
f 1877/1877/1877 1868/1868/1868 1869/1869/1869
f 1878/1878/1878 1876/1876/1876 1875/1875/1875
f 1869/1869/1869 1870/1870/1870 1863/1863/1863
f 1869/1869/1869 1876/1876/1876 1870/1870/1870
f 1877/1877/1877 1869/1869/1869 1863/1863/1863
f 1878/1878/1878 1870/1870/1870 1876/1876/1876
f 1879/1879/1879 1887/1887/1887 1883/1883/1883
f 1879/1879/1879 1883/1883/1883 1893/1893/1893
f 1879/1879/1879 1893/1893/1893 1891/1891/1891
f 1879/1879/1879 1895/1895/1895 1881/1881/1881
f 1879/1879/1879 1881/1881/1881 1889/1889/1889
f 1879/1879/1879 1889/1889/1889 1887/1887/1887
f 1879/1879/1879 1891/1891/1891 1880/1880/1880
f 1879/1879/1879 1880/1880/1880 1896/1896/1896
f 1879/1879/1879 1896/1896/1896 1895/1895/1895
f 1887/1887/1887 1889/1889/1889 1885/1885/1885
f 1887/1887/1887 1885/1885/1885 1897/1897/1897
f 1887/1887/1887 1897/1897/1897 1883/1883/1883
f 1881/1881/1881 1892/1892/1892 1882/1882/1882
f 1881/1881/1881 1882/1882/1882 1890/1890/1890
f 1881/1881/1881 1890/1890/1890 1889/1889/1889
f 1881/1881/1881 1895/1895/1895 1896/1896/1896
f 1881/1881/1881 1896/1896/1896 1882/1882/1882
f 1881/1881/1881 1882/1882/1882 1892/1892/1892
f 1883/1883/1883 1897/1897/1897 1898/1898/1898
f 1883/1883/1883 1898/1898/1898 1884/1884/1884
f 1883/1883/1883 1884/1884/1884 1893/1893/1893
f 1885/1885/1885 1894/1894/1894 1886/1886/1886
f 1885/1885/1885 1886/1886/1886 1898/1898/1898
f 1885/1885/1885 1898/1898/1898 1897/1897/1897
f 1885/1885/1885 1889/1889/1889 1890/1890/1890
f 1885/1885/1885 1890/1890/1890 1886/1886/1886
f 1885/1885/1885 1886/1886/1886 1894/1894/1894
f 1880/1880/1880 1888/1888/1888 1884/1884/1884
f 1880/1880/1880 1884/1884/1884 1893/1893/1893
f 1880/1880/1880 1893/1893/1893 1891/1891/1891
f 1880/1880/1880 1896/1896/1896 1882/1882/1882
f 1880/1880/1880 1882/1882/1882 1890/1890/1890
f 1880/1880/1880 1890/1890/1890 1888/1888/1888
f 1884/1884/1884 1898/1898/1898 1886/1886/1886
f 1884/1884/1884 1886/1886/1886 1894/1894/1894
f 1884/1884/1884 1894/1894/1894 1888/1888/1888
f 1899/1899/1899 1911/1911/1911 1910/1910/1910
f 1899/1899/1899 1900/1900/1900 1911/1911/1911
f 1900/1900/1900 1912/1912/1912 1911/1911/1911
f 1900/1900/1900 1901/1901/1901 1912/1912/1912
f 1901/1901/1901 1913/1913/1913 1912/1912/1912
f 1901/1901/1901 1902/1902/1902 1913/1913/1913
f 1902/1902/1902 1914/1914/1914 1913/1913/1913
f 1902/1902/1902 1903/1903/1903 1914/1914/1914
f 1903/1903/1903 1915/1915/1915 1914/1914/1914
f 1903/1903/1903 1904/1904/1904 1915/1915/1915
f 1904/1904/1904 1916/1916/1916 1915/1915/1915
f 1904/1904/1904 1905/1905/1905 1916/1916/1916
f 1905/1905/1905 1917/1917/1917 1916/1916/1916
f 1905/1905/1905 1906/1906/1906 1917/1917/1917
f 1906/1906/1906 1918/1918/1918 1917/1917/1917
f 1906/1906/1906 1907/1907/1907 1918/1918/1918
f 1907/1907/1907 1919/1919/1919 1918/1918/1918
f 1907/1907/1907 1908/1908/1908 1919/1919/1919
f 1908/1908/1908 1920/1920/1920 1919/1919/1919
f 1908/1908/1908 1909/1909/1909 1920/1920/1920
f 1910/1910/1910 1922/1922/1922 1921/1921/1921
f 1910/1910/1910 1911/1911/1911 1922/1922/1922
f 1911/1911/1911 1923/1923/1923 1922/1922/1922
f 1911/1911/1911 1912/1912/1912 1923/1923/1923
f 1912/1912/1912 1924/1924/1924 1923/1923/1923
f 1912/1912/1912 1913/1913/1913 1924/1924/1924
f 1913/1913/1913 1925/1925/1925 1924/1924/1924
f 1913/1913/1913 1914/1914/1914 1925/1925/1925
f 1914/1914/1914 1926/1926/1926 1925/1925/1925
f 1914/1914/1914 1915/1915/1915 1926/1926/1926
f 1915/1915/1915 1927/1927/1927 1926/1926/1926
f 1915/1915/1915 1916/1916/1916 1927/1927/1927
f 1916/1916/1916 1928/1928/1928 1927/1927/1927
f 1916/1916/1916 1917/1917/1917 1928/1928/1928
f 1917/1917/1917 1929/1929/1929 1928/1928/1928
f 1917/1917/1917 1918/1918/1918 1929/1929/1929
f 1918/1918/1918 1930/1930/1930 1929/1929/1929
f 1918/1918/1918 1919/1919/1919 1930/1930/1930
f 1919/1919/1919 1931/1931/1931 1930/1930/1930
f 1919/1919/1919 1920/1920/1920 1931/1931/1931
f 1921/1921/1921 1933/1933/1933 1932/1932/1932
f 1921/1921/1921 1922/1922/1922 1933/1933/1933
f 1922/1922/1922 1934/1934/1934 1933/1933/1933
f 1922/1922/1922 1923/1923/1923 1934/1934/1934
f 1923/1923/1923 1935/1935/1935 1934/1934/1934
f 1923/1923/1923 1924/1924/1924 1935/1935/1935
f 1924/1924/1924 1936/1936/1936 1935/1935/1935
f 1924/1924/1924 1925/1925/1925 1936/1936/1936
f 1925/1925/1925 1937/1937/1937 1936/1936/1936
f 1925/1925/1925 1926/1926/1926 1937/1937/1937
f 1926/1926/1926 1938/1938/1938 1937/1937/1937
f 1926/1926/1926 1927/1927/1927 1938/1938/1938
f 1927/1927/1927 1939/1939/1939 1938/1938/1938
f 1927/1927/1927 1928/1928/1928 1939/1939/1939
f 1928/1928/1928 1940/1940/1940 1939/1939/1939
f 1928/1928/1928 1929/1929/1929 1940/1940/1940
f 1929/1929/1929 1941/1941/1941 1940/1940/1940
f 1929/1929/1929 1930/1930/1930 1941/1941/1941
f 1930/1930/1930 1942/1942/1942 1941/1941/1941
f 1930/1930/1930 1931/1931/1931 1942/1942/1942
f 1932/1932/1932 1944/1944/1944 1943/1943/1943
f 1932/1932/1932 1933/1933/1933 1944/1944/1944
f 1933/1933/1933 1945/1945/1945 1944/1944/1944
f 1933/1933/1933 1934/1934/1934 1945/1945/1945
f 1934/1934/1934 1946/1946/1946 1945/1945/1945
f 1934/1934/1934 1935/1935/1935 1946/1946/1946
f 1935/1935/1935 1947/1947/1947 1946/1946/1946
f 1935/1935/1935 1936/1936/1936 1947/1947/1947
f 1936/1936/1936 1948/1948/1948 1947/1947/1947
f 1936/1936/1936 1937/1937/1937 1948/1948/1948
f 1937/1937/1937 1949/1949/1949 1948/1948/1948
f 1937/1937/1937 1938/1938/1938 1949/1949/1949
f 1938/1938/1938 1950/1950/1950 1949/1949/1949
f 1938/1938/1938 1939/1939/1939 1950/1950/1950
f 1939/1939/1939 1951/1951/1951 1950/1950/1950
f 1939/1939/1939 1940/1940/1940 1951/1951/1951
f 1940/1940/1940 1952/1952/1952 1951/1951/1951
f 1940/1940/1940 1941/1941/1941 1952/1952/1952
f 1941/1941/1941 1953/1953/1953 1952/1952/1952
f 1941/1941/1941 1942/1942/1942 1953/1953/1953
f 1943/1943/1943 1955/1955/1955 1954/1954/1954
f 1943/1943/1943 1944/1944/1944 1955/1955/1955
f 1944/1944/1944 1956/1956/1956 1955/1955/1955
f 1944/1944/1944 1945/1945/1945 1956/1956/1956
f 1945/1945/1945 1957/1957/1957 1956/1956/1956
f 1945/1945/1945 1946/1946/1946 1957/1957/1957
f 1946/1946/1946 1958/1958/1958 1957/1957/1957
f 1946/1946/1946 1947/1947/1947 1958/1958/1958
f 1947/1947/1947 1959/1959/1959 1958/1958/1958
f 1947/1947/1947 1948/1948/1948 1959/1959/1959
f 1948/1948/1948 1960/1960/1960 1959/1959/1959
f 1948/1948/1948 1949/1949/1949 1960/1960/1960
f 1949/1949/1949 1961/1961/1961 1960/1960/1960
f 1949/1949/1949 1950/1950/1950 1961/1961/1961
f 1950/1950/1950 1962/1962/1962 1961/1961/1961
f 1950/1950/1950 1951/1951/1951 1962/1962/1962
f 1951/1951/1951 1963/1963/1963 1962/1962/1962
f 1951/1951/1951 1952/1952/1952 1963/1963/1963
f 1952/1952/1952 1964/1964/1964 1963/1963/1963
f 1952/1952/1952 1953/1953/1953 1964/1964/1964
f 1954/1954/1954 1966/1966/1966 1965/1965/1965
f 1954/1954/1954 1955/1955/1955 1966/1966/1966
f 1955/1955/1955 1967/1967/1967 1966/1966/1966
f 1955/1955/1955 1956/1956/1956 1967/1967/1967
f 1956/1956/1956 1968/1968/1968 1967/1967/1967
f 1956/1956/1956 1957/1957/1957 1968/1968/1968
f 1957/1957/1957 1969/1969/1969 1968/1968/1968
f 1957/1957/1957 1958/1958/1958 1969/1969/1969
f 1958/1958/1958 1970/1970/1970 1969/1969/1969
f 1958/1958/1958 1959/1959/1959 1970/1970/1970
f 1959/1959/1959 1971/1971/1971 1970/1970/1970
f 1959/1959/1959 1960/1960/1960 1971/1971/1971
f 1960/1960/1960 1972/1972/1972 1971/1971/1971
f 1960/1960/1960 1961/1961/1961 1972/1972/1972
f 1961/1961/1961 1973/1973/1973 1972/1972/1972
f 1961/1961/1961 1962/1962/1962 1973/1973/1973
f 1962/1962/1962 1974/1974/1974 1973/1973/1973
f 1962/1962/1962 1963/1963/1963 1974/1974/1974
f 1963/1963/1963 1975/1975/1975 1974/1974/1974
f 1963/1963/1963 1964/1964/1964 1975/1975/1975
f 1965/1965/1965 1977/1977/1977 1976/1976/1976
f 1965/1965/1965 1966/1966/1966 1977/1977/1977
f 1966/1966/1966 1978/1978/1978 1977/1977/1977
f 1966/1966/1966 1967/1967/1967 1978/1978/1978
f 1967/1967/1967 1979/1979/1979 1978/1978/1978
f 1967/1967/1967 1968/1968/1968 1979/1979/1979
f 1968/1968/1968 1980/1980/1980 1979/1979/1979
f 1968/1968/1968 1969/1969/1969 1980/1980/1980
f 1969/1969/1969 1981/1981/1981 1980/1980/1980
f 1969/1969/1969 1970/1970/1970 1981/1981/1981
f 1970/1970/1970 1982/1982/1982 1981/1981/1981
f 1970/1970/1970 1971/1971/1971 1982/1982/1982
f 1971/1971/1971 1983/1983/1983 1982/1982/1982
f 1971/1971/1971 1972/1972/1972 1983/1983/1983
f 1972/1972/1972 1984/1984/1984 1983/1983/1983
f 1972/1972/1972 1973/1973/1973 1984/1984/1984
f 1973/1973/1973 1985/1985/1985 1984/1984/1984
f 1973/1973/1973 1974/1974/1974 1985/1985/1985
f 1974/1974/1974 1986/1986/1986 1985/1985/1985
f 1974/1974/1974 1975/1975/1975 1986/1986/1986
f 1976/1976/1976 1988/1988/1988 1987/1987/1987
f 1976/1976/1976 1977/1977/1977 1988/1988/1988
f 1977/1977/1977 1989/1989/1989 1988/1988/1988
f 1977/1977/1977 1978/1978/1978 1989/1989/1989
f 1978/1978/1978 1990/1990/1990 1989/1989/1989
f 1978/1978/1978 1979/1979/1979 1990/1990/1990
f 1979/1979/1979 1991/1991/1991 1990/1990/1990
f 1979/1979/1979 1980/1980/1980 1991/1991/1991
f 1980/1980/1980 1992/1992/1992 1991/1991/1991
f 1980/1980/1980 1981/1981/1981 1992/1992/1992
f 1981/1981/1981 1993/1993/1993 1992/1992/1992
f 1981/1981/1981 1982/1982/1982 1993/1993/1993
f 1982/1982/1982 1994/1994/1994 1993/1993/1993
f 1982/1982/1982 1983/1983/1983 1994/1994/1994
f 1983/1983/1983 1995/1995/1995 1994/1994/1994
f 1983/1983/1983 1984/1984/1984 1995/1995/1995
f 1984/1984/1984 1996/1996/1996 1995/1995/1995
f 1984/1984/1984 1985/1985/1985 1996/1996/1996
f 1985/1985/1985 1997/1997/1997 1996/1996/1996
f 1985/1985/1985 1986/1986/1986 1997/1997/1997
f 1998/1998/1998 2010/2010/2010 2009/2009/2009
f 1998/1998/1998 1999/1999/1999 2010/2010/2010
f 1999/1999/1999 2011/2011/2011 2010/2010/2010
f 1999/1999/1999 2000/2000/2000 2011/2011/2011
f 2000/2000/2000 2012/2012/2012 2011/2011/2011
f 2000/2000/2000 2001/2001/2001 2012/2012/2012
f 2001/2001/2001 2013/2013/2013 2012/2012/2012
f 2001/2001/2001 2002/2002/2002 2013/2013/2013
f 2002/2002/2002 2014/2014/2014 2013/2013/2013
f 2002/2002/2002 2003/2003/2003 2014/2014/2014
f 2003/2003/2003 2015/2015/2015 2014/2014/2014
f 2003/2003/2003 2004/2004/2004 2015/2015/2015
f 2004/2004/2004 2016/2016/2016 2015/2015/2015
f 2004/2004/2004 2005/2005/2005 2016/2016/2016
f 2005/2005/2005 2017/2017/2017 2016/2016/2016
f 2005/2005/2005 2006/2006/2006 2017/2017/2017
f 2006/2006/2006 2018/2018/2018 2017/2017/2017
f 2006/2006/2006 2007/2007/2007 2018/2018/2018
f 2007/2007/2007 2019/2019/2019 2018/2018/2018
f 2007/2007/2007 2008/2008/2008 2019/2019/2019
f 2009/2009/2009 2021/2021/2021 2020/2020/2020
f 2009/2009/2009 2010/2010/2010 2021/2021/2021
f 2010/2010/2010 2022/2022/2022 2021/2021/2021
f 2010/2010/2010 2011/2011/2011 2022/2022/2022
f 2011/2011/2011 2023/2023/2023 2022/2022/2022
f 2011/2011/2011 2012/2012/2012 2023/2023/2023
f 2012/2012/2012 2024/2024/2024 2023/2023/2023
f 2012/2012/2012 2013/2013/2013 2024/2024/2024
f 2013/2013/2013 2025/2025/2025 2024/2024/2024
f 2013/2013/2013 2014/2014/2014 2025/2025/2025
f 2014/2014/2014 2026/2026/2026 2025/2025/2025
f 2014/2014/2014 2015/2015/2015 2026/2026/2026
f 2015/2015/2015 2027/2027/2027 2026/2026/2026
f 2015/2015/2015 2016/2016/2016 2027/2027/2027
f 2016/2016/2016 2028/2028/2028 2027/2027/2027
f 2016/2016/2016 2017/2017/2017 2028/2028/2028
f 2017/2017/2017 2029/2029/2029 2028/2028/2028
f 2017/2017/2017 2018/2018/2018 2029/2029/2029
f 2018/2018/2018 2030/2030/2030 2029/2029/2029
f 2018/2018/2018 2019/2019/2019 2030/2030/2030
f 2020/2020/2020 2032/2032/2032 2031/2031/2031
f 2020/2020/2020 2021/2021/2021 2032/2032/2032
f 2021/2021/2021 2033/2033/2033 2032/2032/2032
f 2021/2021/2021 2022/2022/2022 2033/2033/2033
f 2022/2022/2022 2034/2034/2034 2033/2033/2033
f 2022/2022/2022 2023/2023/2023 2034/2034/2034
f 2023/2023/2023 2035/2035/2035 2034/2034/2034
f 2023/2023/2023 2024/2024/2024 2035/2035/2035
f 2024/2024/2024 2036/2036/2036 2035/2035/2035
f 2024/2024/2024 2025/2025/2025 2036/2036/2036
f 2025/2025/2025 2037/2037/2037 2036/2036/2036
f 2025/2025/2025 2026/2026/2026 2037/2037/2037
f 2026/2026/2026 2038/2038/2038 2037/2037/2037
f 2026/2026/2026 2027/2027/2027 2038/2038/2038
f 2027/2027/2027 2039/2039/2039 2038/2038/2038
f 2027/2027/2027 2028/2028/2028 2039/2039/2039
f 2028/2028/2028 2040/2040/2040 2039/2039/2039
f 2028/2028/2028 2029/2029/2029 2040/2040/2040
f 2029/2029/2029 2041/2041/2041 2040/2040/2040
f 2029/2029/2029 2030/2030/2030 2041/2041/2041
f 2031/2031/2031 2043/2043/2043 2042/2042/2042
f 2031/2031/2031 2032/2032/2032 2043/2043/2043
f 2032/2032/2032 2044/2044/2044 2043/2043/2043
f 2032/2032/2032 2033/2033/2033 2044/2044/2044
f 2033/2033/2033 2045/2045/2045 2044/2044/2044
f 2033/2033/2033 2034/2034/2034 2045/2045/2045
f 2034/2034/2034 2046/2046/2046 2045/2045/2045
f 2034/2034/2034 2035/2035/2035 2046/2046/2046
f 2035/2035/2035 2047/2047/2047 2046/2046/2046
f 2035/2035/2035 2036/2036/2036 2047/2047/2047
f 2036/2036/2036 2048/2048/2048 2047/2047/2047
f 2036/2036/2036 2037/2037/2037 2048/2048/2048
f 2037/2037/2037 2049/2049/2049 2048/2048/2048
f 2037/2037/2037 2038/2038/2038 2049/2049/2049
f 2038/2038/2038 2050/2050/2050 2049/2049/2049
f 2038/2038/2038 2039/2039/2039 2050/2050/2050
f 2039/2039/2039 2051/2051/2051 2050/2050/2050
f 2039/2039/2039 2040/2040/2040 2051/2051/2051
f 2040/2040/2040 2052/2052/2052 2051/2051/2051
f 2040/2040/2040 2041/2041/2041 2052/2052/2052
f 2042/2042/2042 2054/2054/2054 2053/2053/2053
f 2042/2042/2042 2043/2043/2043 2054/2054/2054
f 2043/2043/2043 2055/2055/2055 2054/2054/2054
f 2043/2043/2043 2044/2044/2044 2055/2055/2055
f 2044/2044/2044 2056/2056/2056 2055/2055/2055
f 2044/2044/2044 2045/2045/2045 2056/2056/2056
f 2045/2045/2045 2057/2057/2057 2056/2056/2056
f 2045/2045/2045 2046/2046/2046 2057/2057/2057
f 2046/2046/2046 2058/2058/2058 2057/2057/2057
f 2046/2046/2046 2047/2047/2047 2058/2058/2058
f 2047/2047/2047 2059/2059/2059 2058/2058/2058
f 2047/2047/2047 2048/2048/2048 2059/2059/2059
f 2048/2048/2048 2060/2060/2060 2059/2059/2059
f 2048/2048/2048 2049/2049/2049 2060/2060/2060
f 2049/2049/2049 2061/2061/2061 2060/2060/2060
f 2049/2049/2049 2050/2050/2050 2061/2061/2061
f 2050/2050/2050 2062/2062/2062 2061/2061/2061
f 2050/2050/2050 2051/2051/2051 2062/2062/2062
f 2051/2051/2051 2063/2063/2063 2062/2062/2062
f 2051/2051/2051 2052/2052/2052 2063/2063/2063
f 2053/2053/2053 2065/2065/2065 2064/2064/2064
f 2053/2053/2053 2054/2054/2054 2065/2065/2065
f 2054/2054/2054 2066/2066/2066 2065/2065/2065
f 2054/2054/2054 2055/2055/2055 2066/2066/2066
f 2055/2055/2055 2067/2067/2067 2066/2066/2066
f 2055/2055/2055 2056/2056/2056 2067/2067/2067
f 2056/2056/2056 2068/2068/2068 2067/2067/2067
f 2056/2056/2056 2057/2057/2057 2068/2068/2068
f 2057/2057/2057 2069/2069/2069 2068/2068/2068
f 2057/2057/2057 2058/2058/2058 2069/2069/2069
f 2058/2058/2058 2070/2070/2070 2069/2069/2069
f 2058/2058/2058 2059/2059/2059 2070/2070/2070
f 2059/2059/2059 2071/2071/2071 2070/2070/2070
f 2059/2059/2059 2060/2060/2060 2071/2071/2071
f 2060/2060/2060 2072/2072/2072 2071/2071/2071
f 2060/2060/2060 2061/2061/2061 2072/2072/2072
f 2061/2061/2061 2073/2073/2073 2072/2072/2072
f 2061/2061/2061 2062/2062/2062 2073/2073/2073
f 2062/2062/2062 2074/2074/2074 2073/2073/2073
f 2062/2062/2062 2063/2063/2063 2074/2074/2074
f 2064/2064/2064 2076/2076/2076 2075/2075/2075
f 2064/2064/2064 2065/2065/2065 2076/2076/2076
f 2065/2065/2065 2077/2077/2077 2076/2076/2076
f 2065/2065/2065 2066/2066/2066 2077/2077/2077
f 2066/2066/2066 2078/2078/2078 2077/2077/2077
f 2066/2066/2066 2067/2067/2067 2078/2078/2078
f 2067/2067/2067 2079/2079/2079 2078/2078/2078
f 2067/2067/2067 2068/2068/2068 2079/2079/2079
f 2068/2068/2068 2080/2080/2080 2079/2079/2079
f 2068/2068/2068 2069/2069/2069 2080/2080/2080
f 2069/2069/2069 2081/2081/2081 2080/2080/2080
f 2069/2069/2069 2070/2070/2070 2081/2081/2081
f 2070/2070/2070 2082/2082/2082 2081/2081/2081
f 2070/2070/2070 2071/2071/2071 2082/2082/2082
f 2071/2071/2071 2083/2083/2083 2082/2082/2082
f 2071/2071/2071 2072/2072/2072 2083/2083/2083
f 2072/2072/2072 2084/2084/2084 2083/2083/2083
f 2072/2072/2072 2073/2073/2073 2084/2084/2084
f 2073/2073/2073 2085/2085/2085 2084/2084/2084
f 2073/2073/2073 2074/2074/2074 2085/2085/2085
f 2075/2075/2075 2087/2087/2087 2086/2086/2086
f 2075/2075/2075 2076/2076/2076 2087/2087/2087
f 2076/2076/2076 2088/2088/2088 2087/2087/2087
f 2076/2076/2076 2077/2077/2077 2088/2088/2088
f 2077/2077/2077 2089/2089/2089 2088/2088/2088
f 2077/2077/2077 2078/2078/2078 2089/2089/2089
f 2078/2078/2078 2090/2090/2090 2089/2089/2089
f 2078/2078/2078 2079/2079/2079 2090/2090/2090
f 2079/2079/2079 2091/2091/2091 2090/2090/2090
f 2079/2079/2079 2080/2080/2080 2091/2091/2091
f 2080/2080/2080 2092/2092/2092 2091/2091/2091
f 2080/2080/2080 2081/2081/2081 2092/2092/2092
f 2081/2081/2081 2093/2093/2093 2092/2092/2092
f 2081/2081/2081 2082/2082/2082 2093/2093/2093
f 2082/2082/2082 2094/2094/2094 2093/2093/2093
f 2082/2082/2082 2083/2083/2083 2094/2094/2094
f 2083/2083/2083 2095/2095/2095 2094/2094/2094
f 2083/2083/2083 2084/2084/2084 2095/2095/2095
f 2084/2084/2084 2096/2096/2096 2095/2095/2095
f 2084/2084/2084 2085/2085/2085 2096/2096/2096
f 2097/2097/2097 2109/2109/2109 2108/2108/2108
f 2097/2097/2097 2098/2098/2098 2109/2109/2109
f 2098/2098/2098 2110/2110/2110 2109/2109/2109
f 2098/2098/2098 2099/2099/2099 2110/2110/2110
f 2099/2099/2099 2111/2111/2111 2110/2110/2110
f 2099/2099/2099 2100/2100/2100 2111/2111/2111
f 2100/2100/2100 2112/2112/2112 2111/2111/2111
f 2100/2100/2100 2101/2101/2101 2112/2112/2112
f 2101/2101/2101 2113/2113/2113 2112/2112/2112
f 2101/2101/2101 2102/2102/2102 2113/2113/2113
f 2102/2102/2102 2114/2114/2114 2113/2113/2113
f 2102/2102/2102 2103/2103/2103 2114/2114/2114
f 2103/2103/2103 2115/2115/2115 2114/2114/2114
f 2103/2103/2103 2104/2104/2104 2115/2115/2115
f 2104/2104/2104 2116/2116/2116 2115/2115/2115
f 2104/2104/2104 2105/2105/2105 2116/2116/2116
f 2105/2105/2105 2117/2117/2117 2116/2116/2116
f 2105/2105/2105 2106/2106/2106 2117/2117/2117
f 2106/2106/2106 2118/2118/2118 2117/2117/2117
f 2106/2106/2106 2107/2107/2107 2118/2118/2118
f 2108/2108/2108 2120/2120/2120 2119/2119/2119
f 2108/2108/2108 2109/2109/2109 2120/2120/2120
f 2109/2109/2109 2121/2121/2121 2120/2120/2120
f 2109/2109/2109 2110/2110/2110 2121/2121/2121
f 2110/2110/2110 2122/2122/2122 2121/2121/2121
f 2110/2110/2110 2111/2111/2111 2122/2122/2122
f 2111/2111/2111 2123/2123/2123 2122/2122/2122
f 2111/2111/2111 2112/2112/2112 2123/2123/2123
f 2112/2112/2112 2124/2124/2124 2123/2123/2123
f 2112/2112/2112 2113/2113/2113 2124/2124/2124
f 2113/2113/2113 2125/2125/2125 2124/2124/2124
f 2113/2113/2113 2114/2114/2114 2125/2125/2125
f 2114/2114/2114 2126/2126/2126 2125/2125/2125
f 2114/2114/2114 2115/2115/2115 2126/2126/2126
f 2115/2115/2115 2127/2127/2127 2126/2126/2126
f 2115/2115/2115 2116/2116/2116 2127/2127/2127
f 2116/2116/2116 2128/2128/2128 2127/2127/2127
f 2116/2116/2116 2117/2117/2117 2128/2128/2128
f 2117/2117/2117 2129/2129/2129 2128/2128/2128
f 2117/2117/2117 2118/2118/2118 2129/2129/2129
f 2119/2119/2119 2131/2131/2131 2130/2130/2130
f 2119/2119/2119 2120/2120/2120 2131/2131/2131
f 2120/2120/2120 2132/2132/2132 2131/2131/2131
f 2120/2120/2120 2121/2121/2121 2132/2132/2132
f 2121/2121/2121 2133/2133/2133 2132/2132/2132
f 2121/2121/2121 2122/2122/2122 2133/2133/2133
f 2122/2122/2122 2134/2134/2134 2133/2133/2133
f 2122/2122/2122 2123/2123/2123 2134/2134/2134
f 2123/2123/2123 2135/2135/2135 2134/2134/2134
f 2123/2123/2123 2124/2124/2124 2135/2135/2135
f 2124/2124/2124 2136/2136/2136 2135/2135/2135
f 2124/2124/2124 2125/2125/2125 2136/2136/2136
f 2125/2125/2125 2137/2137/2137 2136/2136/2136
f 2125/2125/2125 2126/2126/2126 2137/2137/2137
f 2126/2126/2126 2138/2138/2138 2137/2137/2137
f 2126/2126/2126 2127/2127/2127 2138/2138/2138
f 2127/2127/2127 2139/2139/2139 2138/2138/2138
f 2127/2127/2127 2128/2128/2128 2139/2139/2139
f 2128/2128/2128 2140/2140/2140 2139/2139/2139
f 2128/2128/2128 2129/2129/2129 2140/2140/2140
f 2130/2130/2130 2142/2142/2142 2141/2141/2141
f 2130/2130/2130 2131/2131/2131 2142/2142/2142
f 2131/2131/2131 2143/2143/2143 2142/2142/2142
f 2131/2131/2131 2132/2132/2132 2143/2143/2143
f 2132/2132/2132 2144/2144/2144 2143/2143/2143
f 2132/2132/2132 2133/2133/2133 2144/2144/2144
f 2133/2133/2133 2145/2145/2145 2144/2144/2144
f 2133/2133/2133 2134/2134/2134 2145/2145/2145
f 2134/2134/2134 2146/2146/2146 2145/2145/2145
f 2134/2134/2134 2135/2135/2135 2146/2146/2146
f 2135/2135/2135 2147/2147/2147 2146/2146/2146
f 2135/2135/2135 2136/2136/2136 2147/2147/2147
f 2136/2136/2136 2148/2148/2148 2147/2147/2147
f 2136/2136/2136 2137/2137/2137 2148/2148/2148
f 2137/2137/2137 2149/2149/2149 2148/2148/2148
f 2137/2137/2137 2138/2138/2138 2149/2149/2149
f 2138/2138/2138 2150/2150/2150 2149/2149/2149
f 2138/2138/2138 2139/2139/2139 2150/2150/2150
f 2139/2139/2139 2151/2151/2151 2150/2150/2150
f 2139/2139/2139 2140/2140/2140 2151/2151/2151
f 2141/2141/2141 2153/2153/2153 2152/2152/2152
f 2141/2141/2141 2142/2142/2142 2153/2153/2153
f 2142/2142/2142 2154/2154/2154 2153/2153/2153
f 2142/2142/2142 2143/2143/2143 2154/2154/2154
f 2143/2143/2143 2155/2155/2155 2154/2154/2154
f 2143/2143/2143 2144/2144/2144 2155/2155/2155
f 2144/2144/2144 2156/2156/2156 2155/2155/2155
f 2144/2144/2144 2145/2145/2145 2156/2156/2156
f 2145/2145/2145 2157/2157/2157 2156/2156/2156
f 2145/2145/2145 2146/2146/2146 2157/2157/2157
f 2146/2146/2146 2158/2158/2158 2157/2157/2157
f 2146/2146/2146 2147/2147/2147 2158/2158/2158
f 2147/2147/2147 2159/2159/2159 2158/2158/2158
f 2147/2147/2147 2148/2148/2148 2159/2159/2159
f 2148/2148/2148 2160/2160/2160 2159/2159/2159
f 2148/2148/2148 2149/2149/2149 2160/2160/2160
f 2149/2149/2149 2161/2161/2161 2160/2160/2160
f 2149/2149/2149 2150/2150/2150 2161/2161/2161
f 2150/2150/2150 2162/2162/2162 2161/2161/2161
f 2150/2150/2150 2151/2151/2151 2162/2162/2162
f 2152/2152/2152 2164/2164/2164 2163/2163/2163
f 2152/2152/2152 2153/2153/2153 2164/2164/2164
f 2153/2153/2153 2165/2165/2165 2164/2164/2164
f 2153/2153/2153 2154/2154/2154 2165/2165/2165
f 2154/2154/2154 2166/2166/2166 2165/2165/2165
f 2154/2154/2154 2155/2155/2155 2166/2166/2166
f 2155/2155/2155 2167/2167/2167 2166/2166/2166
f 2155/2155/2155 2156/2156/2156 2167/2167/2167
f 2156/2156/2156 2168/2168/2168 2167/2167/2167
f 2156/2156/2156 2157/2157/2157 2168/2168/2168
f 2157/2157/2157 2169/2169/2169 2168/2168/2168
f 2157/2157/2157 2158/2158/2158 2169/2169/2169
f 2158/2158/2158 2170/2170/2170 2169/2169/2169
f 2158/2158/2158 2159/2159/2159 2170/2170/2170
f 2159/2159/2159 2171/2171/2171 2170/2170/2170
f 2159/2159/2159 2160/2160/2160 2171/2171/2171
f 2160/2160/2160 2172/2172/2172 2171/2171/2171
f 2160/2160/2160 2161/2161/2161 2172/2172/2172
f 2161/2161/2161 2173/2173/2173 2172/2172/2172
f 2161/2161/2161 2162/2162/2162 2173/2173/2173
f 2163/2163/2163 2175/2175/2175 2174/2174/2174
f 2163/2163/2163 2164/2164/2164 2175/2175/2175
f 2164/2164/2164 2176/2176/2176 2175/2175/2175
f 2164/2164/2164 2165/2165/2165 2176/2176/2176
f 2165/2165/2165 2177/2177/2177 2176/2176/2176
f 2165/2165/2165 2166/2166/2166 2177/2177/2177
f 2166/2166/2166 2178/2178/2178 2177/2177/2177
f 2166/2166/2166 2167/2167/2167 2178/2178/2178
f 2167/2167/2167 2179/2179/2179 2178/2178/2178
f 2167/2167/2167 2168/2168/2168 2179/2179/2179
f 2168/2168/2168 2180/2180/2180 2179/2179/2179
f 2168/2168/2168 2169/2169/2169 2180/2180/2180
f 2169/2169/2169 2181/2181/2181 2180/2180/2180
f 2169/2169/2169 2170/2170/2170 2181/2181/2181
f 2170/2170/2170 2182/2182/2182 2181/2181/2181
f 2170/2170/2170 2171/2171/2171 2182/2182/2182
f 2171/2171/2171 2183/2183/2183 2182/2182/2182
f 2171/2171/2171 2172/2172/2172 2183/2183/2183
f 2172/2172/2172 2184/2184/2184 2183/2183/2183
f 2172/2172/2172 2173/2173/2173 2184/2184/2184
f 2174/2174/2174 2186/2186/2186 2185/2185/2185
f 2174/2174/2174 2175/2175/2175 2186/2186/2186
f 2175/2175/2175 2187/2187/2187 2186/2186/2186
f 2175/2175/2175 2176/2176/2176 2187/2187/2187
f 2176/2176/2176 2188/2188/2188 2187/2187/2187
f 2176/2176/2176 2177/2177/2177 2188/2188/2188
f 2177/2177/2177 2189/2189/2189 2188/2188/2188
f 2177/2177/2177 2178/2178/2178 2189/2189/2189
f 2178/2178/2178 2190/2190/2190 2189/2189/2189
f 2178/2178/2178 2179/2179/2179 2190/2190/2190
f 2179/2179/2179 2191/2191/2191 2190/2190/2190
f 2179/2179/2179 2180/2180/2180 2191/2191/2191
f 2180/2180/2180 2192/2192/2192 2191/2191/2191
f 2180/2180/2180 2181/2181/2181 2192/2192/2192
f 2181/2181/2181 2193/2193/2193 2192/2192/2192
f 2181/2181/2181 2182/2182/2182 2193/2193/2193
f 2182/2182/2182 2194/2194/2194 2193/2193/2193
f 2182/2182/2182 2183/2183/2183 2194/2194/2194
f 2183/2183/2183 2195/2195/2195 2194/2194/2194
f 2183/2183/2183 2184/2184/2184 2195/2195/2195
f 2196/2196/2196 2208/2208/2208 2207/2207/2207
f 2196/2196/2196 2197/2197/2197 2208/2208/2208
f 2197/2197/2197 2209/2209/2209 2208/2208/2208
f 2197/2197/2197 2198/2198/2198 2209/2209/2209
f 2198/2198/2198 2210/2210/2210 2209/2209/2209
f 2198/2198/2198 2199/2199/2199 2210/2210/2210
f 2199/2199/2199 2211/2211/2211 2210/2210/2210
f 2199/2199/2199 2200/2200/2200 2211/2211/2211
f 2200/2200/2200 2212/2212/2212 2211/2211/2211
f 2200/2200/2200 2201/2201/2201 2212/2212/2212
f 2201/2201/2201 2213/2213/2213 2212/2212/2212
f 2201/2201/2201 2202/2202/2202 2213/2213/2213
f 2202/2202/2202 2214/2214/2214 2213/2213/2213
f 2202/2202/2202 2203/2203/2203 2214/2214/2214
f 2203/2203/2203 2215/2215/2215 2214/2214/2214
f 2203/2203/2203 2204/2204/2204 2215/2215/2215
f 2204/2204/2204 2216/2216/2216 2215/2215/2215
f 2204/2204/2204 2205/2205/2205 2216/2216/2216
f 2205/2205/2205 2217/2217/2217 2216/2216/2216
f 2205/2205/2205 2206/2206/2206 2217/2217/2217
f 2207/2207/2207 2219/2219/2219 2218/2218/2218
f 2207/2207/2207 2208/2208/2208 2219/2219/2219
f 2208/2208/2208 2220/2220/2220 2219/2219/2219
f 2208/2208/2208 2209/2209/2209 2220/2220/2220
f 2209/2209/2209 2221/2221/2221 2220/2220/2220
f 2209/2209/2209 2210/2210/2210 2221/2221/2221
f 2210/2210/2210 2222/2222/2222 2221/2221/2221
f 2210/2210/2210 2211/2211/2211 2222/2222/2222
f 2211/2211/2211 2223/2223/2223 2222/2222/2222
f 2211/2211/2211 2212/2212/2212 2223/2223/2223
f 2212/2212/2212 2224/2224/2224 2223/2223/2223
f 2212/2212/2212 2213/2213/2213 2224/2224/2224
f 2213/2213/2213 2225/2225/2225 2224/2224/2224
f 2213/2213/2213 2214/2214/2214 2225/2225/2225
f 2214/2214/2214 2226/2226/2226 2225/2225/2225
f 2214/2214/2214 2215/2215/2215 2226/2226/2226
f 2215/2215/2215 2227/2227/2227 2226/2226/2226
f 2215/2215/2215 2216/2216/2216 2227/2227/2227
f 2216/2216/2216 2228/2228/2228 2227/2227/2227
f 2216/2216/2216 2217/2217/2217 2228/2228/2228
f 2218/2218/2218 2230/2230/2230 2229/2229/2229
f 2218/2218/2218 2219/2219/2219 2230/2230/2230
f 2219/2219/2219 2231/2231/2231 2230/2230/2230
f 2219/2219/2219 2220/2220/2220 2231/2231/2231
f 2220/2220/2220 2232/2232/2232 2231/2231/2231
f 2220/2220/2220 2221/2221/2221 2232/2232/2232
f 2221/2221/2221 2233/2233/2233 2232/2232/2232
f 2221/2221/2221 2222/2222/2222 2233/2233/2233
f 2222/2222/2222 2234/2234/2234 2233/2233/2233
f 2222/2222/2222 2223/2223/2223 2234/2234/2234
f 2223/2223/2223 2235/2235/2235 2234/2234/2234
f 2223/2223/2223 2224/2224/2224 2235/2235/2235
f 2224/2224/2224 2236/2236/2236 2235/2235/2235
f 2224/2224/2224 2225/2225/2225 2236/2236/2236
f 2225/2225/2225 2237/2237/2237 2236/2236/2236
f 2225/2225/2225 2226/2226/2226 2237/2237/2237
f 2226/2226/2226 2238/2238/2238 2237/2237/2237
f 2226/2226/2226 2227/2227/2227 2238/2238/2238
f 2227/2227/2227 2239/2239/2239 2238/2238/2238
f 2227/2227/2227 2228/2228/2228 2239/2239/2239
f 2229/2229/2229 2241/2241/2241 2240/2240/2240
f 2229/2229/2229 2230/2230/2230 2241/2241/2241
f 2230/2230/2230 2242/2242/2242 2241/2241/2241
f 2230/2230/2230 2231/2231/2231 2242/2242/2242
f 2231/2231/2231 2243/2243/2243 2242/2242/2242
f 2231/2231/2231 2232/2232/2232 2243/2243/2243
f 2232/2232/2232 2244/2244/2244 2243/2243/2243
f 2232/2232/2232 2233/2233/2233 2244/2244/2244
f 2233/2233/2233 2245/2245/2245 2244/2244/2244
f 2233/2233/2233 2234/2234/2234 2245/2245/2245
f 2234/2234/2234 2246/2246/2246 2245/2245/2245
f 2234/2234/2234 2235/2235/2235 2246/2246/2246
f 2235/2235/2235 2247/2247/2247 2246/2246/2246
f 2235/2235/2235 2236/2236/2236 2247/2247/2247
f 2236/2236/2236 2248/2248/2248 2247/2247/2247
f 2236/2236/2236 2237/2237/2237 2248/2248/2248
f 2237/2237/2237 2249/2249/2249 2248/2248/2248
f 2237/2237/2237 2238/2238/2238 2249/2249/2249
f 2238/2238/2238 2250/2250/2250 2249/2249/2249
f 2238/2238/2238 2239/2239/2239 2250/2250/2250
f 2240/2240/2240 2252/2252/2252 2251/2251/2251
f 2240/2240/2240 2241/2241/2241 2252/2252/2252
f 2241/2241/2241 2253/2253/2253 2252/2252/2252
f 2241/2241/2241 2242/2242/2242 2253/2253/2253
f 2242/2242/2242 2254/2254/2254 2253/2253/2253
f 2242/2242/2242 2243/2243/2243 2254/2254/2254
f 2243/2243/2243 2255/2255/2255 2254/2254/2254
f 2243/2243/2243 2244/2244/2244 2255/2255/2255
f 2244/2244/2244 2256/2256/2256 2255/2255/2255
f 2244/2244/2244 2245/2245/2245 2256/2256/2256
f 2245/2245/2245 2257/2257/2257 2256/2256/2256
f 2245/2245/2245 2246/2246/2246 2257/2257/2257
f 2246/2246/2246 2258/2258/2258 2257/2257/2257
f 2246/2246/2246 2247/2247/2247 2258/2258/2258
f 2247/2247/2247 2259/2259/2259 2258/2258/2258
f 2247/2247/2247 2248/2248/2248 2259/2259/2259
f 2248/2248/2248 2260/2260/2260 2259/2259/2259
f 2248/2248/2248 2249/2249/2249 2260/2260/2260
f 2249/2249/2249 2261/2261/2261 2260/2260/2260
f 2249/2249/2249 2250/2250/2250 2261/2261/2261
f 2251/2251/2251 2263/2263/2263 2262/2262/2262
f 2251/2251/2251 2252/2252/2252 2263/2263/2263
f 2252/2252/2252 2264/2264/2264 2263/2263/2263
f 2252/2252/2252 2253/2253/2253 2264/2264/2264
f 2253/2253/2253 2265/2265/2265 2264/2264/2264
f 2253/2253/2253 2254/2254/2254 2265/2265/2265
f 2254/2254/2254 2266/2266/2266 2265/2265/2265
f 2254/2254/2254 2255/2255/2255 2266/2266/2266
f 2255/2255/2255 2267/2267/2267 2266/2266/2266
f 2255/2255/2255 2256/2256/2256 2267/2267/2267
f 2256/2256/2256 2268/2268/2268 2267/2267/2267
f 2256/2256/2256 2257/2257/2257 2268/2268/2268
f 2257/2257/2257 2269/2269/2269 2268/2268/2268
f 2257/2257/2257 2258/2258/2258 2269/2269/2269
f 2258/2258/2258 2270/2270/2270 2269/2269/2269
f 2258/2258/2258 2259/2259/2259 2270/2270/2270
f 2259/2259/2259 2271/2271/2271 2270/2270/2270
f 2259/2259/2259 2260/2260/2260 2271/2271/2271
f 2260/2260/2260 2272/2272/2272 2271/2271/2271
f 2260/2260/2260 2261/2261/2261 2272/2272/2272
f 2262/2262/2262 2274/2274/2274 2273/2273/2273
f 2262/2262/2262 2263/2263/2263 2274/2274/2274
f 2263/2263/2263 2275/2275/2275 2274/2274/2274
f 2263/2263/2263 2264/2264/2264 2275/2275/2275
f 2264/2264/2264 2276/2276/2276 2275/2275/2275
f 2264/2264/2264 2265/2265/2265 2276/2276/2276
f 2265/2265/2265 2277/2277/2277 2276/2276/2276
f 2265/2265/2265 2266/2266/2266 2277/2277/2277
f 2266/2266/2266 2278/2278/2278 2277/2277/2277
f 2266/2266/2266 2267/2267/2267 2278/2278/2278
f 2267/2267/2267 2279/2279/2279 2278/2278/2278
f 2267/2267/2267 2268/2268/2268 2279/2279/2279
f 2268/2268/2268 2280/2280/2280 2279/2279/2279
f 2268/2268/2268 2269/2269/2269 2280/2280/2280
f 2269/2269/2269 2281/2281/2281 2280/2280/2280
f 2269/2269/2269 2270/2270/2270 2281/2281/2281
f 2270/2270/2270 2282/2282/2282 2281/2281/2281
f 2270/2270/2270 2271/2271/2271 2282/2282/2282
f 2271/2271/2271 2283/2283/2283 2282/2282/2282
f 2271/2271/2271 2272/2272/2272 2283/2283/2283
f 2273/2273/2273 2285/2285/2285 2284/2284/2284
f 2273/2273/2273 2274/2274/2274 2285/2285/2285
f 2274/2274/2274 2286/2286/2286 2285/2285/2285
f 2274/2274/2274 2275/2275/2275 2286/2286/2286
f 2275/2275/2275 2287/2287/2287 2286/2286/2286
f 2275/2275/2275 2276/2276/2276 2287/2287/2287
f 2276/2276/2276 2288/2288/2288 2287/2287/2287
f 2276/2276/2276 2277/2277/2277 2288/2288/2288
f 2277/2277/2277 2289/2289/2289 2288/2288/2288
f 2277/2277/2277 2278/2278/2278 2289/2289/2289
f 2278/2278/2278 2290/2290/2290 2289/2289/2289
f 2278/2278/2278 2279/2279/2279 2290/2290/2290
f 2279/2279/2279 2291/2291/2291 2290/2290/2290
f 2279/2279/2279 2280/2280/2280 2291/2291/2291
f 2280/2280/2280 2292/2292/2292 2291/2291/2291
f 2280/2280/2280 2281/2281/2281 2292/2292/2292
f 2281/2281/2281 2293/2293/2293 2292/2292/2292
f 2281/2281/2281 2282/2282/2282 2293/2293/2293
f 2282/2282/2282 2294/2294/2294 2293/2293/2293
f 2282/2282/2282 2283/2283/2283 2294/2294/2294
f 2295/2295/2295 2303/2303/2303 2299/2299/2299
f 2295/2295/2295 2299/2299/2299 2309/2309/2309
f 2295/2295/2295 2309/2309/2309 2307/2307/2307
f 2295/2295/2295 2311/2311/2311 2297/2297/2297
f 2295/2295/2295 2297/2297/2297 2305/2305/2305
f 2295/2295/2295 2305/2305/2305 2303/2303/2303
f 2295/2295/2295 2307/2307/2307 2296/2296/2296
f 2295/2295/2295 2296/2296/2296 2312/2312/2312
f 2295/2295/2295 2312/2312/2312 2311/2311/2311
f 2303/2303/2303 2305/2305/2305 2301/2301/2301
f 2303/2303/2303 2301/2301/2301 2313/2313/2313
f 2303/2303/2303 2313/2313/2313 2299/2299/2299
f 2297/2297/2297 2308/2308/2308 2298/2298/2298
f 2297/2297/2297 2298/2298/2298 2306/2306/2306
f 2297/2297/2297 2306/2306/2306 2305/2305/2305
f 2297/2297/2297 2311/2311/2311 2312/2312/2312
f 2297/2297/2297 2312/2312/2312 2298/2298/2298
f 2297/2297/2297 2298/2298/2298 2308/2308/2308
f 2299/2299/2299 2313/2313/2313 2314/2314/2314
f 2299/2299/2299 2314/2314/2314 2300/2300/2300
f 2299/2299/2299 2300/2300/2300 2309/2309/2309
f 2301/2301/2301 2310/2310/2310 2302/2302/2302
f 2301/2301/2301 2302/2302/2302 2314/2314/2314
f 2301/2301/2301 2314/2314/2314 2313/2313/2313
f 2301/2301/2301 2305/2305/2305 2306/2306/2306
f 2301/2301/2301 2306/2306/2306 2302/2302/2302
f 2301/2301/2301 2302/2302/2302 2310/2310/2310
f 2296/2296/2296 2304/2304/2304 2300/2300/2300
f 2296/2296/2296 2300/2300/2300 2309/2309/2309
f 2296/2296/2296 2309/2309/2309 2307/2307/2307
f 2296/2296/2296 2312/2312/2312 2298/2298/2298
f 2296/2296/2296 2298/2298/2298 2306/2306/2306
f 2296/2296/2296 2306/2306/2306 2304/2304/2304
f 2300/2300/2300 2314/2314/2314 2302/2302/2302
f 2300/2300/2300 2302/2302/2302 2310/2310/2310
f 2300/2300/2300 2310/2310/2310 2304/2304/2304
f 2315/2315/2315 2327/2327/2327 2326/2326/2326
f 2315/2315/2315 2316/2316/2316 2327/2327/2327
f 2316/2316/2316 2328/2328/2328 2327/2327/2327
f 2316/2316/2316 2317/2317/2317 2328/2328/2328
f 2317/2317/2317 2329/2329/2329 2328/2328/2328
f 2317/2317/2317 2318/2318/2318 2329/2329/2329
f 2318/2318/2318 2330/2330/2330 2329/2329/2329
f 2318/2318/2318 2319/2319/2319 2330/2330/2330
f 2319/2319/2319 2331/2331/2331 2330/2330/2330
f 2319/2319/2319 2320/2320/2320 2331/2331/2331
f 2320/2320/2320 2332/2332/2332 2331/2331/2331
f 2320/2320/2320 2321/2321/2321 2332/2332/2332
f 2321/2321/2321 2333/2333/2333 2332/2332/2332
f 2321/2321/2321 2322/2322/2322 2333/2333/2333
f 2322/2322/2322 2334/2334/2334 2333/2333/2333
f 2322/2322/2322 2323/2323/2323 2334/2334/2334
f 2323/2323/2323 2335/2335/2335 2334/2334/2334
f 2323/2323/2323 2324/2324/2324 2335/2335/2335
f 2324/2324/2324 2336/2336/2336 2335/2335/2335
f 2324/2324/2324 2325/2325/2325 2336/2336/2336
f 2326/2326/2326 2338/2338/2338 2337/2337/2337
f 2326/2326/2326 2327/2327/2327 2338/2338/2338
f 2327/2327/2327 2339/2339/2339 2338/2338/2338
f 2327/2327/2327 2328/2328/2328 2339/2339/2339
f 2328/2328/2328 2340/2340/2340 2339/2339/2339
f 2328/2328/2328 2329/2329/2329 2340/2340/2340
f 2329/2329/2329 2341/2341/2341 2340/2340/2340
f 2329/2329/2329 2330/2330/2330 2341/2341/2341
f 2330/2330/2330 2342/2342/2342 2341/2341/2341
f 2330/2330/2330 2331/2331/2331 2342/2342/2342
f 2331/2331/2331 2343/2343/2343 2342/2342/2342
f 2331/2331/2331 2332/2332/2332 2343/2343/2343
f 2332/2332/2332 2344/2344/2344 2343/2343/2343
f 2332/2332/2332 2333/2333/2333 2344/2344/2344
f 2333/2333/2333 2345/2345/2345 2344/2344/2344
f 2333/2333/2333 2334/2334/2334 2345/2345/2345
f 2334/2334/2334 2346/2346/2346 2345/2345/2345
f 2334/2334/2334 2335/2335/2335 2346/2346/2346
f 2335/2335/2335 2347/2347/2347 2346/2346/2346
f 2335/2335/2335 2336/2336/2336 2347/2347/2347
f 2337/2337/2337 2349/2349/2349 2348/2348/2348
f 2337/2337/2337 2338/2338/2338 2349/2349/2349
f 2338/2338/2338 2350/2350/2350 2349/2349/2349
f 2338/2338/2338 2339/2339/2339 2350/2350/2350
f 2339/2339/2339 2351/2351/2351 2350/2350/2350
f 2339/2339/2339 2340/2340/2340 2351/2351/2351
f 2340/2340/2340 2352/2352/2352 2351/2351/2351
f 2340/2340/2340 2341/2341/2341 2352/2352/2352
f 2341/2341/2341 2353/2353/2353 2352/2352/2352
f 2341/2341/2341 2342/2342/2342 2353/2353/2353
f 2342/2342/2342 2354/2354/2354 2353/2353/2353
f 2342/2342/2342 2343/2343/2343 2354/2354/2354
f 2343/2343/2343 2355/2355/2355 2354/2354/2354
f 2343/2343/2343 2344/2344/2344 2355/2355/2355
f 2344/2344/2344 2356/2356/2356 2355/2355/2355
f 2344/2344/2344 2345/2345/2345 2356/2356/2356
f 2345/2345/2345 2357/2357/2357 2356/2356/2356
f 2345/2345/2345 2346/2346/2346 2357/2357/2357
f 2346/2346/2346 2358/2358/2358 2357/2357/2357
f 2346/2346/2346 2347/2347/2347 2358/2358/2358
f 2348/2348/2348 2360/2360/2360 2359/2359/2359
f 2348/2348/2348 2349/2349/2349 2360/2360/2360
f 2349/2349/2349 2361/2361/2361 2360/2360/2360
f 2349/2349/2349 2350/2350/2350 2361/2361/2361
f 2350/2350/2350 2362/2362/2362 2361/2361/2361
f 2350/2350/2350 2351/2351/2351 2362/2362/2362
f 2351/2351/2351 2363/2363/2363 2362/2362/2362
f 2351/2351/2351 2352/2352/2352 2363/2363/2363
f 2352/2352/2352 2364/2364/2364 2363/2363/2363
f 2352/2352/2352 2353/2353/2353 2364/2364/2364
f 2353/2353/2353 2365/2365/2365 2364/2364/2364
f 2353/2353/2353 2354/2354/2354 2365/2365/2365
f 2354/2354/2354 2366/2366/2366 2365/2365/2365
f 2354/2354/2354 2355/2355/2355 2366/2366/2366
f 2355/2355/2355 2367/2367/2367 2366/2366/2366
f 2355/2355/2355 2356/2356/2356 2367/2367/2367
f 2356/2356/2356 2368/2368/2368 2367/2367/2367
f 2356/2356/2356 2357/2357/2357 2368/2368/2368
f 2357/2357/2357 2369/2369/2369 2368/2368/2368
f 2357/2357/2357 2358/2358/2358 2369/2369/2369
f 2359/2359/2359 2371/2371/2371 2370/2370/2370
f 2359/2359/2359 2360/2360/2360 2371/2371/2371
f 2360/2360/2360 2372/2372/2372 2371/2371/2371
f 2360/2360/2360 2361/2361/2361 2372/2372/2372
f 2361/2361/2361 2373/2373/2373 2372/2372/2372
f 2361/2361/2361 2362/2362/2362 2373/2373/2373
f 2362/2362/2362 2374/2374/2374 2373/2373/2373
f 2362/2362/2362 2363/2363/2363 2374/2374/2374
f 2363/2363/2363 2375/2375/2375 2374/2374/2374
f 2363/2363/2363 2364/2364/2364 2375/2375/2375
f 2364/2364/2364 2376/2376/2376 2375/2375/2375
f 2364/2364/2364 2365/2365/2365 2376/2376/2376
f 2365/2365/2365 2377/2377/2377 2376/2376/2376
f 2365/2365/2365 2366/2366/2366 2377/2377/2377
f 2366/2366/2366 2378/2378/2378 2377/2377/2377
f 2366/2366/2366 2367/2367/2367 2378/2378/2378
f 2367/2367/2367 2379/2379/2379 2378/2378/2378
f 2367/2367/2367 2368/2368/2368 2379/2379/2379
f 2368/2368/2368 2380/2380/2380 2379/2379/2379
f 2368/2368/2368 2369/2369/2369 2380/2380/2380
f 2370/2370/2370 2382/2382/2382 2381/2381/2381
f 2370/2370/2370 2371/2371/2371 2382/2382/2382
f 2371/2371/2371 2383/2383/2383 2382/2382/2382
f 2371/2371/2371 2372/2372/2372 2383/2383/2383
f 2372/2372/2372 2384/2384/2384 2383/2383/2383
f 2372/2372/2372 2373/2373/2373 2384/2384/2384
f 2373/2373/2373 2385/2385/2385 2384/2384/2384
f 2373/2373/2373 2374/2374/2374 2385/2385/2385
f 2374/2374/2374 2386/2386/2386 2385/2385/2385
f 2374/2374/2374 2375/2375/2375 2386/2386/2386
f 2375/2375/2375 2387/2387/2387 2386/2386/2386
f 2375/2375/2375 2376/2376/2376 2387/2387/2387
f 2376/2376/2376 2388/2388/2388 2387/2387/2387
f 2376/2376/2376 2377/2377/2377 2388/2388/2388
f 2377/2377/2377 2389/2389/2389 2388/2388/2388
f 2377/2377/2377 2378/2378/2378 2389/2389/2389
f 2378/2378/2378 2390/2390/2390 2389/2389/2389
f 2378/2378/2378 2379/2379/2379 2390/2390/2390
f 2379/2379/2379 2391/2391/2391 2390/2390/2390
f 2379/2379/2379 2380/2380/2380 2391/2391/2391
f 2381/2381/2381 2393/2393/2393 2392/2392/2392
f 2381/2381/2381 2382/2382/2382 2393/2393/2393
f 2382/2382/2382 2394/2394/2394 2393/2393/2393
f 2382/2382/2382 2383/2383/2383 2394/2394/2394
f 2383/2383/2383 2395/2395/2395 2394/2394/2394
f 2383/2383/2383 2384/2384/2384 2395/2395/2395
f 2384/2384/2384 2396/2396/2396 2395/2395/2395
f 2384/2384/2384 2385/2385/2385 2396/2396/2396
f 2385/2385/2385 2397/2397/2397 2396/2396/2396
f 2385/2385/2385 2386/2386/2386 2397/2397/2397
f 2386/2386/2386 2398/2398/2398 2397/2397/2397
f 2386/2386/2386 2387/2387/2387 2398/2398/2398
f 2387/2387/2387 2399/2399/2399 2398/2398/2398
f 2387/2387/2387 2388/2388/2388 2399/2399/2399
f 2388/2388/2388 2400/2400/2400 2399/2399/2399
f 2388/2388/2388 2389/2389/2389 2400/2400/2400
f 2389/2389/2389 2401/2401/2401 2400/2400/2400
f 2389/2389/2389 2390/2390/2390 2401/2401/2401
f 2390/2390/2390 2402/2402/2402 2401/2401/2401
f 2390/2390/2390 2391/2391/2391 2402/2402/2402
f 2392/2392/2392 2404/2404/2404 2403/2403/2403
f 2392/2392/2392 2393/2393/2393 2404/2404/2404
f 2393/2393/2393 2405/2405/2405 2404/2404/2404
f 2393/2393/2393 2394/2394/2394 2405/2405/2405
f 2394/2394/2394 2406/2406/2406 2405/2405/2405
f 2394/2394/2394 2395/2395/2395 2406/2406/2406
f 2395/2395/2395 2407/2407/2407 2406/2406/2406
f 2395/2395/2395 2396/2396/2396 2407/2407/2407
f 2396/2396/2396 2408/2408/2408 2407/2407/2407
f 2396/2396/2396 2397/2397/2397 2408/2408/2408
f 2397/2397/2397 2409/2409/2409 2408/2408/2408
f 2397/2397/2397 2398/2398/2398 2409/2409/2409
f 2398/2398/2398 2410/2410/2410 2409/2409/2409
f 2398/2398/2398 2399/2399/2399 2410/2410/2410
f 2399/2399/2399 2411/2411/2411 2410/2410/2410
f 2399/2399/2399 2400/2400/2400 2411/2411/2411
f 2400/2400/2400 2412/2412/2412 2411/2411/2411
f 2400/2400/2400 2401/2401/2401 2412/2412/2412
f 2401/2401/2401 2413/2413/2413 2412/2412/2412
f 2401/2401/2401 2402/2402/2402 2413/2413/2413
f 2414/2414/2414 2426/2426/2426 2425/2425/2425
f 2414/2414/2414 2415/2415/2415 2426/2426/2426
f 2415/2415/2415 2427/2427/2427 2426/2426/2426
f 2415/2415/2415 2416/2416/2416 2427/2427/2427
f 2416/2416/2416 2428/2428/2428 2427/2427/2427
f 2416/2416/2416 2417/2417/2417 2428/2428/2428
f 2417/2417/2417 2429/2429/2429 2428/2428/2428
f 2417/2417/2417 2418/2418/2418 2429/2429/2429
f 2418/2418/2418 2430/2430/2430 2429/2429/2429
f 2418/2418/2418 2419/2419/2419 2430/2430/2430
f 2419/2419/2419 2431/2431/2431 2430/2430/2430
f 2419/2419/2419 2420/2420/2420 2431/2431/2431
f 2420/2420/2420 2432/2432/2432 2431/2431/2431
f 2420/2420/2420 2421/2421/2421 2432/2432/2432
f 2421/2421/2421 2433/2433/2433 2432/2432/2432
f 2421/2421/2421 2422/2422/2422 2433/2433/2433
f 2422/2422/2422 2434/2434/2434 2433/2433/2433
f 2422/2422/2422 2423/2423/2423 2434/2434/2434
f 2423/2423/2423 2435/2435/2435 2434/2434/2434
f 2423/2423/2423 2424/2424/2424 2435/2435/2435
f 2425/2425/2425 2437/2437/2437 2436/2436/2436
f 2425/2425/2425 2426/2426/2426 2437/2437/2437
f 2426/2426/2426 2438/2438/2438 2437/2437/2437
f 2426/2426/2426 2427/2427/2427 2438/2438/2438
f 2427/2427/2427 2439/2439/2439 2438/2438/2438
f 2427/2427/2427 2428/2428/2428 2439/2439/2439
f 2428/2428/2428 2440/2440/2440 2439/2439/2439
f 2428/2428/2428 2429/2429/2429 2440/2440/2440
f 2429/2429/2429 2441/2441/2441 2440/2440/2440
f 2429/2429/2429 2430/2430/2430 2441/2441/2441
f 2430/2430/2430 2442/2442/2442 2441/2441/2441
f 2430/2430/2430 2431/2431/2431 2442/2442/2442
f 2431/2431/2431 2443/2443/2443 2442/2442/2442
f 2431/2431/2431 2432/2432/2432 2443/2443/2443
f 2432/2432/2432 2444/2444/2444 2443/2443/2443
f 2432/2432/2432 2433/2433/2433 2444/2444/2444
f 2433/2433/2433 2445/2445/2445 2444/2444/2444
f 2433/2433/2433 2434/2434/2434 2445/2445/2445
f 2434/2434/2434 2446/2446/2446 2445/2445/2445
f 2434/2434/2434 2435/2435/2435 2446/2446/2446
f 2436/2436/2436 2448/2448/2448 2447/2447/2447
f 2436/2436/2436 2437/2437/2437 2448/2448/2448
f 2437/2437/2437 2449/2449/2449 2448/2448/2448
f 2437/2437/2437 2438/2438/2438 2449/2449/2449
f 2438/2438/2438 2450/2450/2450 2449/2449/2449
f 2438/2438/2438 2439/2439/2439 2450/2450/2450
f 2439/2439/2439 2451/2451/2451 2450/2450/2450
f 2439/2439/2439 2440/2440/2440 2451/2451/2451
f 2440/2440/2440 2452/2452/2452 2451/2451/2451
f 2440/2440/2440 2441/2441/2441 2452/2452/2452
f 2441/2441/2441 2453/2453/2453 2452/2452/2452
f 2441/2441/2441 2442/2442/2442 2453/2453/2453
f 2442/2442/2442 2454/2454/2454 2453/2453/2453
f 2442/2442/2442 2443/2443/2443 2454/2454/2454
f 2443/2443/2443 2455/2455/2455 2454/2454/2454
f 2443/2443/2443 2444/2444/2444 2455/2455/2455
f 2444/2444/2444 2456/2456/2456 2455/2455/2455
f 2444/2444/2444 2445/2445/2445 2456/2456/2456
f 2445/2445/2445 2457/2457/2457 2456/2456/2456
f 2445/2445/2445 2446/2446/2446 2457/2457/2457
f 2447/2447/2447 2459/2459/2459 2458/2458/2458
f 2447/2447/2447 2448/2448/2448 2459/2459/2459
f 2448/2448/2448 2460/2460/2460 2459/2459/2459
f 2448/2448/2448 2449/2449/2449 2460/2460/2460
f 2449/2449/2449 2461/2461/2461 2460/2460/2460
f 2449/2449/2449 2450/2450/2450 2461/2461/2461
f 2450/2450/2450 2462/2462/2462 2461/2461/2461
f 2450/2450/2450 2451/2451/2451 2462/2462/2462
f 2451/2451/2451 2463/2463/2463 2462/2462/2462
f 2451/2451/2451 2452/2452/2452 2463/2463/2463
f 2452/2452/2452 2464/2464/2464 2463/2463/2463
f 2452/2452/2452 2453/2453/2453 2464/2464/2464
f 2453/2453/2453 2465/2465/2465 2464/2464/2464
f 2453/2453/2453 2454/2454/2454 2465/2465/2465
f 2454/2454/2454 2466/2466/2466 2465/2465/2465
f 2454/2454/2454 2455/2455/2455 2466/2466/2466
f 2455/2455/2455 2467/2467/2467 2466/2466/2466
f 2455/2455/2455 2456/2456/2456 2467/2467/2467
f 2456/2456/2456 2468/2468/2468 2467/2467/2467
f 2456/2456/2456 2457/2457/2457 2468/2468/2468
f 2458/2458/2458 2470/2470/2470 2469/2469/2469
f 2458/2458/2458 2459/2459/2459 2470/2470/2470
f 2459/2459/2459 2471/2471/2471 2470/2470/2470
f 2459/2459/2459 2460/2460/2460 2471/2471/2471
f 2460/2460/2460 2472/2472/2472 2471/2471/2471
f 2460/2460/2460 2461/2461/2461 2472/2472/2472
f 2461/2461/2461 2473/2473/2473 2472/2472/2472
f 2461/2461/2461 2462/2462/2462 2473/2473/2473
f 2462/2462/2462 2474/2474/2474 2473/2473/2473
f 2462/2462/2462 2463/2463/2463 2474/2474/2474
f 2463/2463/2463 2475/2475/2475 2474/2474/2474
f 2463/2463/2463 2464/2464/2464 2475/2475/2475
f 2464/2464/2464 2476/2476/2476 2475/2475/2475
f 2464/2464/2464 2465/2465/2465 2476/2476/2476
f 2465/2465/2465 2477/2477/2477 2476/2476/2476
f 2465/2465/2465 2466/2466/2466 2477/2477/2477
f 2466/2466/2466 2478/2478/2478 2477/2477/2477
f 2466/2466/2466 2467/2467/2467 2478/2478/2478
f 2467/2467/2467 2479/2479/2479 2478/2478/2478
f 2467/2467/2467 2468/2468/2468 2479/2479/2479
f 2469/2469/2469 2481/2481/2481 2480/2480/2480
f 2469/2469/2469 2470/2470/2470 2481/2481/2481
f 2470/2470/2470 2482/2482/2482 2481/2481/2481
f 2470/2470/2470 2471/2471/2471 2482/2482/2482
f 2471/2471/2471 2483/2483/2483 2482/2482/2482
f 2471/2471/2471 2472/2472/2472 2483/2483/2483
f 2472/2472/2472 2484/2484/2484 2483/2483/2483
f 2472/2472/2472 2473/2473/2473 2484/2484/2484
f 2473/2473/2473 2485/2485/2485 2484/2484/2484
f 2473/2473/2473 2474/2474/2474 2485/2485/2485
f 2474/2474/2474 2486/2486/2486 2485/2485/2485
f 2474/2474/2474 2475/2475/2475 2486/2486/2486
f 2475/2475/2475 2487/2487/2487 2486/2486/2486
f 2475/2475/2475 2476/2476/2476 2487/2487/2487
f 2476/2476/2476 2488/2488/2488 2487/2487/2487
f 2476/2476/2476 2477/2477/2477 2488/2488/2488
f 2477/2477/2477 2489/2489/2489 2488/2488/2488
f 2477/2477/2477 2478/2478/2478 2489/2489/2489
f 2478/2478/2478 2490/2490/2490 2489/2489/2489
f 2478/2478/2478 2479/2479/2479 2490/2490/2490
f 2480/2480/2480 2492/2492/2492 2491/2491/2491
f 2480/2480/2480 2481/2481/2481 2492/2492/2492
f 2481/2481/2481 2493/2493/2493 2492/2492/2492
f 2481/2481/2481 2482/2482/2482 2493/2493/2493
f 2482/2482/2482 2494/2494/2494 2493/2493/2493
f 2482/2482/2482 2483/2483/2483 2494/2494/2494
f 2483/2483/2483 2495/2495/2495 2494/2494/2494
f 2483/2483/2483 2484/2484/2484 2495/2495/2495
f 2484/2484/2484 2496/2496/2496 2495/2495/2495
f 2484/2484/2484 2485/2485/2485 2496/2496/2496
f 2485/2485/2485 2497/2497/2497 2496/2496/2496
f 2485/2485/2485 2486/2486/2486 2497/2497/2497
f 2486/2486/2486 2498/2498/2498 2497/2497/2497
f 2486/2486/2486 2487/2487/2487 2498/2498/2498
f 2487/2487/2487 2499/2499/2499 2498/2498/2498
f 2487/2487/2487 2488/2488/2488 2499/2499/2499
f 2488/2488/2488 2500/2500/2500 2499/2499/2499
f 2488/2488/2488 2489/2489/2489 2500/2500/2500
f 2489/2489/2489 2501/2501/2501 2500/2500/2500
f 2489/2489/2489 2490/2490/2490 2501/2501/2501
f 2491/2491/2491 2503/2503/2503 2502/2502/2502
f 2491/2491/2491 2492/2492/2492 2503/2503/2503
f 2492/2492/2492 2504/2504/2504 2503/2503/2503
f 2492/2492/2492 2493/2493/2493 2504/2504/2504
f 2493/2493/2493 2505/2505/2505 2504/2504/2504
f 2493/2493/2493 2494/2494/2494 2505/2505/2505
f 2494/2494/2494 2506/2506/2506 2505/2505/2505
f 2494/2494/2494 2495/2495/2495 2506/2506/2506
f 2495/2495/2495 2507/2507/2507 2506/2506/2506
f 2495/2495/2495 2496/2496/2496 2507/2507/2507
f 2496/2496/2496 2508/2508/2508 2507/2507/2507
f 2496/2496/2496 2497/2497/2497 2508/2508/2508
f 2497/2497/2497 2509/2509/2509 2508/2508/2508
f 2497/2497/2497 2498/2498/2498 2509/2509/2509
f 2498/2498/2498 2510/2510/2510 2509/2509/2509
f 2498/2498/2498 2499/2499/2499 2510/2510/2510
f 2499/2499/2499 2511/2511/2511 2510/2510/2510
f 2499/2499/2499 2500/2500/2500 2511/2511/2511
f 2500/2500/2500 2512/2512/2512 2511/2511/2511
f 2500/2500/2500 2501/2501/2501 2512/2512/2512
f 2513/2513/2513 2525/2525/2525 2524/2524/2524
f 2513/2513/2513 2514/2514/2514 2525/2525/2525
f 2514/2514/2514 2526/2526/2526 2525/2525/2525
f 2514/2514/2514 2515/2515/2515 2526/2526/2526
f 2515/2515/2515 2527/2527/2527 2526/2526/2526
f 2515/2515/2515 2516/2516/2516 2527/2527/2527
f 2516/2516/2516 2528/2528/2528 2527/2527/2527
f 2516/2516/2516 2517/2517/2517 2528/2528/2528
f 2517/2517/2517 2529/2529/2529 2528/2528/2528
f 2517/2517/2517 2518/2518/2518 2529/2529/2529
f 2518/2518/2518 2530/2530/2530 2529/2529/2529
f 2518/2518/2518 2519/2519/2519 2530/2530/2530
f 2519/2519/2519 2531/2531/2531 2530/2530/2530
f 2519/2519/2519 2520/2520/2520 2531/2531/2531
f 2520/2520/2520 2532/2532/2532 2531/2531/2531
f 2520/2520/2520 2521/2521/2521 2532/2532/2532
f 2521/2521/2521 2533/2533/2533 2532/2532/2532
f 2521/2521/2521 2522/2522/2522 2533/2533/2533
f 2522/2522/2522 2534/2534/2534 2533/2533/2533
f 2522/2522/2522 2523/2523/2523 2534/2534/2534
f 2524/2524/2524 2536/2536/2536 2535/2535/2535
f 2524/2524/2524 2525/2525/2525 2536/2536/2536
f 2525/2525/2525 2537/2537/2537 2536/2536/2536
f 2525/2525/2525 2526/2526/2526 2537/2537/2537
f 2526/2526/2526 2538/2538/2538 2537/2537/2537
f 2526/2526/2526 2527/2527/2527 2538/2538/2538
f 2527/2527/2527 2539/2539/2539 2538/2538/2538
f 2527/2527/2527 2528/2528/2528 2539/2539/2539
f 2528/2528/2528 2540/2540/2540 2539/2539/2539
f 2528/2528/2528 2529/2529/2529 2540/2540/2540
f 2529/2529/2529 2541/2541/2541 2540/2540/2540
f 2529/2529/2529 2530/2530/2530 2541/2541/2541
f 2530/2530/2530 2542/2542/2542 2541/2541/2541
f 2530/2530/2530 2531/2531/2531 2542/2542/2542
f 2531/2531/2531 2543/2543/2543 2542/2542/2542
f 2531/2531/2531 2532/2532/2532 2543/2543/2543
f 2532/2532/2532 2544/2544/2544 2543/2543/2543
f 2532/2532/2532 2533/2533/2533 2544/2544/2544
f 2533/2533/2533 2545/2545/2545 2544/2544/2544
f 2533/2533/2533 2534/2534/2534 2545/2545/2545
f 2535/2535/2535 2547/2547/2547 2546/2546/2546
f 2535/2535/2535 2536/2536/2536 2547/2547/2547
f 2536/2536/2536 2548/2548/2548 2547/2547/2547
f 2536/2536/2536 2537/2537/2537 2548/2548/2548
f 2537/2537/2537 2549/2549/2549 2548/2548/2548
f 2537/2537/2537 2538/2538/2538 2549/2549/2549
f 2538/2538/2538 2550/2550/2550 2549/2549/2549
f 2538/2538/2538 2539/2539/2539 2550/2550/2550
f 2539/2539/2539 2551/2551/2551 2550/2550/2550
f 2539/2539/2539 2540/2540/2540 2551/2551/2551
f 2540/2540/2540 2552/2552/2552 2551/2551/2551
f 2540/2540/2540 2541/2541/2541 2552/2552/2552
f 2541/2541/2541 2553/2553/2553 2552/2552/2552
f 2541/2541/2541 2542/2542/2542 2553/2553/2553
f 2542/2542/2542 2554/2554/2554 2553/2553/2553
f 2542/2542/2542 2543/2543/2543 2554/2554/2554
f 2543/2543/2543 2555/2555/2555 2554/2554/2554
f 2543/2543/2543 2544/2544/2544 2555/2555/2555
f 2544/2544/2544 2556/2556/2556 2555/2555/2555
f 2544/2544/2544 2545/2545/2545 2556/2556/2556
f 2546/2546/2546 2558/2558/2558 2557/2557/2557
f 2546/2546/2546 2547/2547/2547 2558/2558/2558
f 2547/2547/2547 2559/2559/2559 2558/2558/2558
f 2547/2547/2547 2548/2548/2548 2559/2559/2559
f 2548/2548/2548 2560/2560/2560 2559/2559/2559
f 2548/2548/2548 2549/2549/2549 2560/2560/2560
f 2549/2549/2549 2561/2561/2561 2560/2560/2560
f 2549/2549/2549 2550/2550/2550 2561/2561/2561
f 2550/2550/2550 2562/2562/2562 2561/2561/2561
f 2550/2550/2550 2551/2551/2551 2562/2562/2562
f 2551/2551/2551 2563/2563/2563 2562/2562/2562
f 2551/2551/2551 2552/2552/2552 2563/2563/2563
f 2552/2552/2552 2564/2564/2564 2563/2563/2563
f 2552/2552/2552 2553/2553/2553 2564/2564/2564
f 2553/2553/2553 2565/2565/2565 2564/2564/2564
f 2553/2553/2553 2554/2554/2554 2565/2565/2565
f 2554/2554/2554 2566/2566/2566 2565/2565/2565
f 2554/2554/2554 2555/2555/2555 2566/2566/2566
f 2555/2555/2555 2567/2567/2567 2566/2566/2566
f 2555/2555/2555 2556/2556/2556 2567/2567/2567
f 2557/2557/2557 2569/2569/2569 2568/2568/2568
f 2557/2557/2557 2558/2558/2558 2569/2569/2569
f 2558/2558/2558 2570/2570/2570 2569/2569/2569
f 2558/2558/2558 2559/2559/2559 2570/2570/2570
f 2559/2559/2559 2571/2571/2571 2570/2570/2570
f 2559/2559/2559 2560/2560/2560 2571/2571/2571
f 2560/2560/2560 2572/2572/2572 2571/2571/2571
f 2560/2560/2560 2561/2561/2561 2572/2572/2572
f 2561/2561/2561 2573/2573/2573 2572/2572/2572
f 2561/2561/2561 2562/2562/2562 2573/2573/2573
f 2562/2562/2562 2574/2574/2574 2573/2573/2573
f 2562/2562/2562 2563/2563/2563 2574/2574/2574
f 2563/2563/2563 2575/2575/2575 2574/2574/2574
f 2563/2563/2563 2564/2564/2564 2575/2575/2575
f 2564/2564/2564 2576/2576/2576 2575/2575/2575
f 2564/2564/2564 2565/2565/2565 2576/2576/2576
f 2565/2565/2565 2577/2577/2577 2576/2576/2576
f 2565/2565/2565 2566/2566/2566 2577/2577/2577
f 2566/2566/2566 2578/2578/2578 2577/2577/2577
f 2566/2566/2566 2567/2567/2567 2578/2578/2578
f 2568/2568/2568 2580/2580/2580 2579/2579/2579
f 2568/2568/2568 2569/2569/2569 2580/2580/2580
f 2569/2569/2569 2581/2581/2581 2580/2580/2580
f 2569/2569/2569 2570/2570/2570 2581/2581/2581
f 2570/2570/2570 2582/2582/2582 2581/2581/2581
f 2570/2570/2570 2571/2571/2571 2582/2582/2582
f 2571/2571/2571 2583/2583/2583 2582/2582/2582
f 2571/2571/2571 2572/2572/2572 2583/2583/2583
f 2572/2572/2572 2584/2584/2584 2583/2583/2583
f 2572/2572/2572 2573/2573/2573 2584/2584/2584
f 2573/2573/2573 2585/2585/2585 2584/2584/2584
f 2573/2573/2573 2574/2574/2574 2585/2585/2585
f 2574/2574/2574 2586/2586/2586 2585/2585/2585
f 2574/2574/2574 2575/2575/2575 2586/2586/2586
f 2575/2575/2575 2587/2587/2587 2586/2586/2586
f 2575/2575/2575 2576/2576/2576 2587/2587/2587
f 2576/2576/2576 2588/2588/2588 2587/2587/2587
f 2576/2576/2576 2577/2577/2577 2588/2588/2588
f 2577/2577/2577 2589/2589/2589 2588/2588/2588
f 2577/2577/2577 2578/2578/2578 2589/2589/2589
f 2579/2579/2579 2591/2591/2591 2590/2590/2590
f 2579/2579/2579 2580/2580/2580 2591/2591/2591
f 2580/2580/2580 2592/2592/2592 2591/2591/2591
f 2580/2580/2580 2581/2581/2581 2592/2592/2592
f 2581/2581/2581 2593/2593/2593 2592/2592/2592
f 2581/2581/2581 2582/2582/2582 2593/2593/2593
f 2582/2582/2582 2594/2594/2594 2593/2593/2593
f 2582/2582/2582 2583/2583/2583 2594/2594/2594
f 2583/2583/2583 2595/2595/2595 2594/2594/2594
f 2583/2583/2583 2584/2584/2584 2595/2595/2595
f 2584/2584/2584 2596/2596/2596 2595/2595/2595
f 2584/2584/2584 2585/2585/2585 2596/2596/2596
f 2585/2585/2585 2597/2597/2597 2596/2596/2596
f 2585/2585/2585 2586/2586/2586 2597/2597/2597
f 2586/2586/2586 2598/2598/2598 2597/2597/2597
f 2586/2586/2586 2587/2587/2587 2598/2598/2598
f 2587/2587/2587 2599/2599/2599 2598/2598/2598
f 2587/2587/2587 2588/2588/2588 2599/2599/2599
f 2588/2588/2588 2600/2600/2600 2599/2599/2599
f 2588/2588/2588 2589/2589/2589 2600/2600/2600
f 2590/2590/2590 2602/2602/2602 2601/2601/2601
f 2590/2590/2590 2591/2591/2591 2602/2602/2602
f 2591/2591/2591 2603/2603/2603 2602/2602/2602
f 2591/2591/2591 2592/2592/2592 2603/2603/2603
f 2592/2592/2592 2604/2604/2604 2603/2603/2603
f 2592/2592/2592 2593/2593/2593 2604/2604/2604
f 2593/2593/2593 2605/2605/2605 2604/2604/2604
f 2593/2593/2593 2594/2594/2594 2605/2605/2605
f 2594/2594/2594 2606/2606/2606 2605/2605/2605
f 2594/2594/2594 2595/2595/2595 2606/2606/2606
f 2595/2595/2595 2607/2607/2607 2606/2606/2606
f 2595/2595/2595 2596/2596/2596 2607/2607/2607
f 2596/2596/2596 2608/2608/2608 2607/2607/2607
f 2596/2596/2596 2597/2597/2597 2608/2608/2608
f 2597/2597/2597 2609/2609/2609 2608/2608/2608
f 2597/2597/2597 2598/2598/2598 2609/2609/2609
f 2598/2598/2598 2610/2610/2610 2609/2609/2609
f 2598/2598/2598 2599/2599/2599 2610/2610/2610
f 2599/2599/2599 2611/2611/2611 2610/2610/2610
f 2599/2599/2599 2600/2600/2600 2611/2611/2611
f 2612/2612/2612 2624/2624/2624 2623/2623/2623
f 2612/2612/2612 2613/2613/2613 2624/2624/2624
f 2613/2613/2613 2625/2625/2625 2624/2624/2624
f 2613/2613/2613 2614/2614/2614 2625/2625/2625
f 2614/2614/2614 2626/2626/2626 2625/2625/2625
f 2614/2614/2614 2615/2615/2615 2626/2626/2626
f 2615/2615/2615 2627/2627/2627 2626/2626/2626
f 2615/2615/2615 2616/2616/2616 2627/2627/2627
f 2616/2616/2616 2628/2628/2628 2627/2627/2627
f 2616/2616/2616 2617/2617/2617 2628/2628/2628
f 2617/2617/2617 2629/2629/2629 2628/2628/2628
f 2617/2617/2617 2618/2618/2618 2629/2629/2629
f 2618/2618/2618 2630/2630/2630 2629/2629/2629
f 2618/2618/2618 2619/2619/2619 2630/2630/2630
f 2619/2619/2619 2631/2631/2631 2630/2630/2630
f 2619/2619/2619 2620/2620/2620 2631/2631/2631
f 2620/2620/2620 2632/2632/2632 2631/2631/2631
f 2620/2620/2620 2621/2621/2621 2632/2632/2632
f 2621/2621/2621 2633/2633/2633 2632/2632/2632
f 2621/2621/2621 2622/2622/2622 2633/2633/2633
f 2623/2623/2623 2635/2635/2635 2634/2634/2634
f 2623/2623/2623 2624/2624/2624 2635/2635/2635
f 2624/2624/2624 2636/2636/2636 2635/2635/2635
f 2624/2624/2624 2625/2625/2625 2636/2636/2636
f 2625/2625/2625 2637/2637/2637 2636/2636/2636
f 2625/2625/2625 2626/2626/2626 2637/2637/2637
f 2626/2626/2626 2638/2638/2638 2637/2637/2637
f 2626/2626/2626 2627/2627/2627 2638/2638/2638
f 2627/2627/2627 2639/2639/2639 2638/2638/2638
f 2627/2627/2627 2628/2628/2628 2639/2639/2639
f 2628/2628/2628 2640/2640/2640 2639/2639/2639
f 2628/2628/2628 2629/2629/2629 2640/2640/2640
f 2629/2629/2629 2641/2641/2641 2640/2640/2640
f 2629/2629/2629 2630/2630/2630 2641/2641/2641
f 2630/2630/2630 2642/2642/2642 2641/2641/2641
f 2630/2630/2630 2631/2631/2631 2642/2642/2642
f 2631/2631/2631 2643/2643/2643 2642/2642/2642
f 2631/2631/2631 2632/2632/2632 2643/2643/2643
f 2632/2632/2632 2644/2644/2644 2643/2643/2643
f 2632/2632/2632 2633/2633/2633 2644/2644/2644
f 2634/2634/2634 2646/2646/2646 2645/2645/2645
f 2634/2634/2634 2635/2635/2635 2646/2646/2646
f 2635/2635/2635 2647/2647/2647 2646/2646/2646
f 2635/2635/2635 2636/2636/2636 2647/2647/2647
f 2636/2636/2636 2648/2648/2648 2647/2647/2647
f 2636/2636/2636 2637/2637/2637 2648/2648/2648
f 2637/2637/2637 2649/2649/2649 2648/2648/2648
f 2637/2637/2637 2638/2638/2638 2649/2649/2649
f 2638/2638/2638 2650/2650/2650 2649/2649/2649
f 2638/2638/2638 2639/2639/2639 2650/2650/2650
f 2639/2639/2639 2651/2651/2651 2650/2650/2650
f 2639/2639/2639 2640/2640/2640 2651/2651/2651
f 2640/2640/2640 2652/2652/2652 2651/2651/2651
f 2640/2640/2640 2641/2641/2641 2652/2652/2652
f 2641/2641/2641 2653/2653/2653 2652/2652/2652
f 2641/2641/2641 2642/2642/2642 2653/2653/2653
f 2642/2642/2642 2654/2654/2654 2653/2653/2653
f 2642/2642/2642 2643/2643/2643 2654/2654/2654
f 2643/2643/2643 2655/2655/2655 2654/2654/2654
f 2643/2643/2643 2644/2644/2644 2655/2655/2655
f 2645/2645/2645 2657/2657/2657 2656/2656/2656
f 2645/2645/2645 2646/2646/2646 2657/2657/2657
f 2646/2646/2646 2658/2658/2658 2657/2657/2657
f 2646/2646/2646 2647/2647/2647 2658/2658/2658
f 2647/2647/2647 2659/2659/2659 2658/2658/2658
f 2647/2647/2647 2648/2648/2648 2659/2659/2659
f 2648/2648/2648 2660/2660/2660 2659/2659/2659
f 2648/2648/2648 2649/2649/2649 2660/2660/2660
f 2649/2649/2649 2661/2661/2661 2660/2660/2660
f 2649/2649/2649 2650/2650/2650 2661/2661/2661
f 2650/2650/2650 2662/2662/2662 2661/2661/2661
f 2650/2650/2650 2651/2651/2651 2662/2662/2662
f 2651/2651/2651 2663/2663/2663 2662/2662/2662
f 2651/2651/2651 2652/2652/2652 2663/2663/2663
f 2652/2652/2652 2664/2664/2664 2663/2663/2663
f 2652/2652/2652 2653/2653/2653 2664/2664/2664
f 2653/2653/2653 2665/2665/2665 2664/2664/2664
f 2653/2653/2653 2654/2654/2654 2665/2665/2665
f 2654/2654/2654 2666/2666/2666 2665/2665/2665
f 2654/2654/2654 2655/2655/2655 2666/2666/2666
f 2656/2656/2656 2668/2668/2668 2667/2667/2667
f 2656/2656/2656 2657/2657/2657 2668/2668/2668
f 2657/2657/2657 2669/2669/2669 2668/2668/2668
f 2657/2657/2657 2658/2658/2658 2669/2669/2669
f 2658/2658/2658 2670/2670/2670 2669/2669/2669
f 2658/2658/2658 2659/2659/2659 2670/2670/2670
f 2659/2659/2659 2671/2671/2671 2670/2670/2670
f 2659/2659/2659 2660/2660/2660 2671/2671/2671
f 2660/2660/2660 2672/2672/2672 2671/2671/2671
f 2660/2660/2660 2661/2661/2661 2672/2672/2672
f 2661/2661/2661 2673/2673/2673 2672/2672/2672
f 2661/2661/2661 2662/2662/2662 2673/2673/2673
f 2662/2662/2662 2674/2674/2674 2673/2673/2673
f 2662/2662/2662 2663/2663/2663 2674/2674/2674
f 2663/2663/2663 2675/2675/2675 2674/2674/2674
f 2663/2663/2663 2664/2664/2664 2675/2675/2675
f 2664/2664/2664 2676/2676/2676 2675/2675/2675
f 2664/2664/2664 2665/2665/2665 2676/2676/2676
f 2665/2665/2665 2677/2677/2677 2676/2676/2676
f 2665/2665/2665 2666/2666/2666 2677/2677/2677
f 2667/2667/2667 2679/2679/2679 2678/2678/2678
f 2667/2667/2667 2668/2668/2668 2679/2679/2679
f 2668/2668/2668 2680/2680/2680 2679/2679/2679
f 2668/2668/2668 2669/2669/2669 2680/2680/2680
f 2669/2669/2669 2681/2681/2681 2680/2680/2680
f 2669/2669/2669 2670/2670/2670 2681/2681/2681
f 2670/2670/2670 2682/2682/2682 2681/2681/2681
f 2670/2670/2670 2671/2671/2671 2682/2682/2682
f 2671/2671/2671 2683/2683/2683 2682/2682/2682
f 2671/2671/2671 2672/2672/2672 2683/2683/2683
f 2672/2672/2672 2684/2684/2684 2683/2683/2683
f 2672/2672/2672 2673/2673/2673 2684/2684/2684
f 2673/2673/2673 2685/2685/2685 2684/2684/2684
f 2673/2673/2673 2674/2674/2674 2685/2685/2685
f 2674/2674/2674 2686/2686/2686 2685/2685/2685
f 2674/2674/2674 2675/2675/2675 2686/2686/2686
f 2675/2675/2675 2687/2687/2687 2686/2686/2686
f 2675/2675/2675 2676/2676/2676 2687/2687/2687
f 2676/2676/2676 2688/2688/2688 2687/2687/2687
f 2676/2676/2676 2677/2677/2677 2688/2688/2688
f 2678/2678/2678 2690/2690/2690 2689/2689/2689
f 2678/2678/2678 2679/2679/2679 2690/2690/2690
f 2679/2679/2679 2691/2691/2691 2690/2690/2690
f 2679/2679/2679 2680/2680/2680 2691/2691/2691
f 2680/2680/2680 2692/2692/2692 2691/2691/2691
f 2680/2680/2680 2681/2681/2681 2692/2692/2692
f 2681/2681/2681 2693/2693/2693 2692/2692/2692
f 2681/2681/2681 2682/2682/2682 2693/2693/2693
f 2682/2682/2682 2694/2694/2694 2693/2693/2693
f 2682/2682/2682 2683/2683/2683 2694/2694/2694
f 2683/2683/2683 2695/2695/2695 2694/2694/2694
f 2683/2683/2683 2684/2684/2684 2695/2695/2695
f 2684/2684/2684 2696/2696/2696 2695/2695/2695
f 2684/2684/2684 2685/2685/2685 2696/2696/2696
f 2685/2685/2685 2697/2697/2697 2696/2696/2696
f 2685/2685/2685 2686/2686/2686 2697/2697/2697
f 2686/2686/2686 2698/2698/2698 2697/2697/2697
f 2686/2686/2686 2687/2687/2687 2698/2698/2698
f 2687/2687/2687 2699/2699/2699 2698/2698/2698
f 2687/2687/2687 2688/2688/2688 2699/2699/2699
f 2689/2689/2689 2701/2701/2701 2700/2700/2700
f 2689/2689/2689 2690/2690/2690 2701/2701/2701
f 2690/2690/2690 2702/2702/2702 2701/2701/2701
f 2690/2690/2690 2691/2691/2691 2702/2702/2702
f 2691/2691/2691 2703/2703/2703 2702/2702/2702
f 2691/2691/2691 2692/2692/2692 2703/2703/2703
f 2692/2692/2692 2704/2704/2704 2703/2703/2703
f 2692/2692/2692 2693/2693/2693 2704/2704/2704
f 2693/2693/2693 2705/2705/2705 2704/2704/2704
f 2693/2693/2693 2694/2694/2694 2705/2705/2705
f 2694/2694/2694 2706/2706/2706 2705/2705/2705
f 2694/2694/2694 2695/2695/2695 2706/2706/2706
f 2695/2695/2695 2707/2707/2707 2706/2706/2706
f 2695/2695/2695 2696/2696/2696 2707/2707/2707
f 2696/2696/2696 2708/2708/2708 2707/2707/2707
f 2696/2696/2696 2697/2697/2697 2708/2708/2708
f 2697/2697/2697 2709/2709/2709 2708/2708/2708
f 2697/2697/2697 2698/2698/2698 2709/2709/2709
f 2698/2698/2698 2710/2710/2710 2709/2709/2709
f 2698/2698/2698 2699/2699/2699 2710/2710/2710