# 3D Model: tree/canopy/tree_canopy_imgbin-cedrus-libani-cedar-wood-lebanon-tree-tree-de9Zw3j1fZiEEKVW8Agjijfqi (v6 Gemini)
# Style: conifer layered radial crown | Symmetry: asymmetric
# Dimensions: 6.25 x 10.371 x 5.532 m
# Triangles: 9484 | Vertices: 5796
v 0.62 0 0
v 0.5016 0 0.3644
v 0.1916 0 0.5897
v -0.1916 0 0.5897
v -0.5016 0 0.3644
v -0.62 0 0
v -0.5016 0 -0.3644
v -0.1916 0 -0.5897
v 0.1916 0 -0.5897
v 0.5016 0 -0.3644
v 0.24 7.3259 0
v 0.1942 7.3259 0.1411
v 0.0742 7.3259 0.2283
v -0.0742 7.3259 0.2283
v -0.1942 7.3259 0.1411
v -0.24 7.3259 0
v -0.1942 7.3259 -0.1411
v -0.0742 7.3259 -0.2283
v 0.0742 7.3259 -0.2283
v 0.1942 7.3259 -0.1411
v 0 0 0
v 0 7.3259 0
v 0.24 7.3259 0
v 0.1697 7.3259 0.1697
v 0 7.3259 0.24
v -0.1697 7.3259 0.1697
v -0.24 7.3259 0
v -0.1697 7.3259 -0.1697
v 0 7.3259 -0.24
v 0.1697 7.3259 -0.1697
v 0.108 10.1748 0
v 0.0764 10.1748 0.0764
v 0 10.1748 0.108
v -0.0764 10.1748 0.0764
v -0.108 10.1748 0
v -0.0764 10.1748 -0.0764
v 0 10.1748 -0.108
v 0.0764 10.1748 -0.0764
v 0 7.3259 0
v 0 10.1748 0
v 0.62 0 0
v 0.5016 0 0.3644
v 0.1916 0 0.5897
v -0.1916 0 0.5897
v -0.5016 0 0.3644
v -0.62 0 0
v -0.5016 0 -0.3644
v -0.1916 0 -0.5897
v 0.1916 0 -0.5897
v 0.5016 0 -0.3644
v 0.4464 0.48 0
v 0.3611 0.48 0.2624
v 0.1379 0.48 0.4246
v -0.1379 0.48 0.4246
v -0.3611 0.48 0.2624
v -0.4464 0.48 0
v -0.3611 0.48 -0.2624
v -0.1379 0.48 -0.4246
v 0.1379 0.48 -0.4246
v 0.3611 0.48 -0.2624
v 0 0 0
v 0 0.48 0
v -0.0055 2.3402 -0.0586
v 0.0033 2.2947 -0.0372
v 0.0096 2.2835 0.0123
v 0.0087 2.315 0.0524
v 0.0012 2.3655 0.0531
v -0.0072 2.397 0.0138
v -0.0101 2.3857 -0.0359
v 2.1128 2.6555 -0.2398
v 2.1191 2.6228 -0.2244
v 2.1237 2.6147 -0.1888
v 2.123 2.6373 -0.1599
v 2.1176 2.6737 -0.1594
v 2.1116 2.6964 -0.1877
v 2.1095 2.6883 -0.2235
v 0 2.3402 0
v 2.1167 2.6555 -0.1976
v 2.105 3.1075 -0.1989
v 2.105 3.1075 -0.1989
v 2.105 3.1075 -0.1989
v 2.105 3.1075 -0.1989
v 2.105 3.1075 -0.1989
v 2.105 3.1075 -0.1989
v 2.105 3.1075 -0.1989
v 2.105 3.1075 -0.1989
v 2.105 3.1075 -0.1989
v 2.105 3.1075 -0.1989
v 2.105 3.1075 -0.1989
v 2.527 3.0842 -0.1508
v 2.4281 3.082 0.0019
v 2.2062 3.0765 0.078
v 1.946 3.0696 0.0484
v 1.7468 3.0641 -0.0757
v 1.6848 3.0621 -0.2467
v 1.7837 3.0642 -0.3994
v 2.0056 3.0698 -0.4755
v 2.2659 3.0766 -0.4459
v 2.465 3.0821 -0.3218
v 2.527 3.0842 -0.1508
v 2.8865 2.9956 -0.1099
v 2.7038 2.9916 0.1723
v 2.2938 2.9813 0.3129
v 1.8129 2.9687 0.2581
v 1.4449 2.9585 0.0289
v 1.3304 2.9547 -0.2871
v 1.5131 2.9587 -0.5693
v 1.9231 2.969 -0.7099
v 2.404 2.9816 -0.6551
v 2.772 2.9918 -0.4259
v 2.8865 2.9956 -0.1099
v 3.1288 2.8552 -0.0823
v 2.8902 2.85 0.2864
v 2.3544 2.8366 0.47
v 1.7261 2.8201 0.3985
v 1.2453 2.8068 0.099
v 1.0957 2.8018 -0.3139
v 1.3343 2.807 -0.6826
v 1.8701 2.8204 -0.8662
v 2.4984 2.8369 -0.7947
v 2.9792 2.8502 -0.4952
v 3.1288 2.8552 -0.0823
v 3.2171 2.6844 -0.0723
v 2.9588 2.6788 0.3268
v 2.3788 2.6643 0.5256
v 1.6988 2.6464 0.4481
v 1.1784 2.632 0.124
v 1.0164 2.6266 -0.323
v 1.2747 2.6323 -0.7221
v 1.8547 2.6468 -0.9208
v 2.5347 2.6646 -0.8434
v 3.0551 2.679 -0.5193
v 3.2171 2.6844 -0.0723
v 3.1378 2.5093 -0.0814
v 2.8992 2.504 0.2873
v 2.3634 2.4906 0.471
v 1.7351 2.4741 0.3994
v 1.2543 2.4608 0.1
v 1.1047 2.4558 -0.313
v 1.3433 2.4611 -0.6817
v 1.8791 2.4745 -0.8653
v 2.5074 2.491 -0.7938
v 2.9882 2.5043 -0.4943
v 3.1378 2.5093 -0.0814
v 2.9031 2.3563 -0.1082
v 2.7204 2.3524 0.174
v 2.3104 2.3421 0.3146
v 1.8295 2.3295 0.2598
v 1.4615 2.3193 0.0306
v 1.347 2.3155 -0.2854
v 1.5297 2.3195 -0.5676
v 1.9397 2.3297 -0.7082
v 2.4206 2.3424 -0.6534
v 2.7886 2.3525 -0.4242
v 2.9031 2.3563 -0.1082
v 2.5487 2.249 -0.1486
v 2.4498 2.2468 0.0042
v 2.2279 2.2413 0.0802
v 1.9676 2.2344 0.0506
v 1.7685 2.2289 -0.0734
v 1.7065 2.2269 -0.2445
v 1.8054 2.229 -0.3972
v 2.0273 2.2346 -0.4733
v 2.2875 2.2414 -0.4436
v 2.4867 2.2469 -0.3196
v 2.5487 2.249 -0.1486
v 2.1285 2.2035 -0.1964
v 2.1285 2.2035 -0.1964
v 2.1285 2.2035 -0.1964
v 2.1285 2.2035 -0.1964
v 2.1285 2.2035 -0.1964
v 2.1285 2.2035 -0.1964
v 2.1285 2.2035 -0.1964
v 2.1285 2.2035 -0.1964
v 2.1285 2.2035 -0.1964
v 2.1285 2.2035 -0.1964
v 2.1285 2.2035 -0.1964
v 0.0407 2.3402 -0.0426
v 0.0304 2.2947 -0.0218
v -0.0028 2.2834 0.0154
v -0.0339 2.3149 0.041
v -0.0394 2.3655 0.0357
v -0.0153 2.397 0.0035
v 0.0204 2.3857 -0.0313
v 1.4166 2.631 1.2951
v 1.4092 2.5982 1.3101
v 1.3853 2.5901 1.3369
v 1.3629 2.6128 1.3553
v 1.3589 2.6492 1.3515
v 1.3763 2.6719 1.3283
v 1.402 2.6638 1.3032
v 0 2.3402 0
v 1.3873 2.631 1.3258
v 1.4137 3.0657 1.3274
v 1.4137 3.0657 1.3274
v 1.4137 3.0657 1.3274
v 1.4137 3.0657 1.3274
v 1.4137 3.0657 1.3274
v 1.4137 3.0657 1.3274
v 1.4137 3.0657 1.3274
v 1.4137 3.0657 1.3274
v 1.4137 3.0657 1.3274
v 1.4137 3.0657 1.3274
v 1.4137 3.0657 1.3274
v 1.6873 3.0171 1.0056
v 1.7581 3.0121 1.1731
v 1.6965 3.015 1.3996
v 1.5262 3.0246 1.5984
v 1.3121 3.0372 1.6937
v 1.1361 3.0481 1.6491
v 1.0653 3.053 1.4815
v 1.1268 3.0501 1.2551
v 1.2972 3.0405 1.0562
v 1.5113 3.0279 0.9609
v 1.6873 3.0171 1.0056
v 1.9153 2.9097 0.7325
v 2.046 2.9006 1.042
v 1.9323 2.9059 1.4605
v 1.6175 2.9236 1.8279
v 1.2219 2.947 2.004
v 0.8967 2.967 1.9215
v 0.7659 2.9761 1.6119
v 0.8796 2.9708 1.1935
v 1.1944 2.9531 0.8261
v 1.59 2.9297 0.65
v 1.9153 2.9097 0.7325
v 2.0628 2.7599 0.5497
v 2.2337 2.748 0.9542
v 2.0851 2.7549 1.5008
v 1.6738 2.7781 1.9809
v 1.157 2.8086 2.211
v 0.732 2.8348 2.1032
v 0.5611 2.8467 1.6987
v 0.7097 2.8397 1.152
v 1.121 2.8166 0.672
v 1.6378 2.7861 0.4419
v 2.0628 2.7599 0.5497
v 2.1076 2.5904 0.485
v 2.2925 2.5776 0.9229
v 2.1316 2.5851 1.5146
v 1.6865 2.6101 2.0342
v 1.1271 2.6432 2.2832
v 0.667 2.6715 2.1665
v 0.4821 2.6844 1.7287
v 0.643 2.6769 1.137
v 1.0881 2.6518 0.6174
v 1.6475 2.6188 0.3684
v 2.1076 2.5904 0.485
v 2.0426 2.4272 0.5484
v 2.2135 2.4153 0.9529
v 2.0649 2.4222 1.4996
v 1.6536 2.4454 1.9796
v 1.1368 2.4759 2.2097
v 0.7118 2.5021 2.1019
v 0.5409 2.514 1.6974
v 0.6895 2.5071 1.1508
v 1.1008 2.4839 0.6707
v 1.6176 2.4534 0.4406
v 2.0426 2.4272 0.5484
v 1.8779 2.295 0.7301
v 2.0087 2.2859 1.0397
v 1.895 2.2912 1.4581
v 1.5802 2.3089 1.8255
v 1.1846 2.3323 2.0016
v 0.8593 2.3523 1.9191
v 0.7286 2.3614 1.6096
v 0.8423 2.3561 1.1911
v 1.1571 2.3384 0.8237
v 1.5526 2.315 0.6476
v 1.8779 2.295 0.7301
v 1.6385 2.2139 1.0025
v 1.7093 2.209 1.1701
v 1.6478 2.2119 1.3965
v 1.4774 2.2215 1.5954
v 1.2633 2.2341 1.6907
v 1.0873 2.2449 1.646
v 1.0165 2.2499 1.4785
v 1.0781 2.247 1.252
v 1.2484 2.2374 1.0532
v 1.4625 2.2248 0.9579
v 1.6385 2.2139 1.0025
v 1.3609 2.1963 1.3242
v 1.3609 2.1963 1.3242
v 1.3609 2.1963 1.3242
v 1.3609 2.1963 1.3242
v 1.3609 2.1963 1.3242
v 1.3609 2.1963 1.3242
v 1.3609 2.1963 1.3242
v 1.3609 2.1963 1.3242
v 1.3609 2.1963 1.3242
v 1.3609 2.1963 1.3242
v 1.3609 2.1963 1.3242
v 0.0657 2.3402 0.0097
v 0.0397 2.2891 0.0147
v -0.0162 2.2764 0.0087
v -0.0599 2.3118 -0.0039
v -0.0585 2.3686 -0.0136
v -0.013 2.404 -0.013
v 0.0422 2.3914 -0.0026
v -0.2092 2.6409 1.7412
v -0.2279 2.604 1.7449
v -0.2681 2.5949 1.7405
v -0.2996 2.6204 1.7314
v -0.2985 2.6613 1.7245
v -0.2658 2.6868 1.7249
v -0.226 2.6777 1.7324
v 0 2.3402 0
v -0.2564 2.6409 1.7342
v -0.2319 2.957 1.7328
v -0.2319 2.957 1.7328
v -0.2319 2.957 1.7328
v -0.2319 2.957 1.7328
v -0.2319 2.957 1.7328
v -0.2319 2.957 1.7328
v -0.2319 2.957 1.7328
v -0.2319 2.957 1.7328
v -0.2319 2.957 1.7328
v -0.2319 2.957 1.7328
v -0.2319 2.957 1.7328
v -0.2848 2.935 1.3121
v -0.1138 2.922 1.3729
v 0.0114 2.9131 1.5712
v 0.0429 2.9119 1.8313
v -0.0313 2.9186 2.0538
v -0.1828 2.9308 2.1538
v -0.3538 2.9438 2.093
v -0.4789 2.9527 1.8947
v -0.5104 2.9539 1.6346
v -0.4363 2.9472 1.4121
v -0.2848 2.935 1.3121
v -0.3333 2.8682 0.9556
v -0.0173 2.8442 1.0679
v 0.2139 2.8279 1.4343
v 0.2721 2.8255 1.915
v 0.1351 2.838 2.3262
v -0.1449 2.8605 2.5109
v -0.4608 2.8846 2.3986
v -0.6921 2.9009 2.0322
v -0.7503 2.9033 1.5515
v -0.6133 2.8908 1.1403
v -0.3333 2.8682 0.9556
v -0.3701 2.7669 0.7177
v 0.0427 2.7355 0.8644
v 0.3448 2.7141 1.3432
v 0.4209 2.711 1.9711
v 0.2418 2.7273 2.5084
v -0.124 2.7568 2.7498
v -0.5368 2.7882 2.603
v -0.8389 2.8095 2.1242
v -0.915 2.8126 1.4963
v -0.7359 2.7963 0.959
v -0.3701 2.7669 0.7177
v -0.3897 2.6463 0.6345
v 0.0571 2.6123 0.7933
v 0.3842 2.5892 1.3115
v 0.4665 2.5859 1.9912
v 0.2727 2.6035 2.5728
v -0.1232 2.6354 2.834
v -0.57 2.6694 2.6752
v -0.8971 2.6925 2.157
v -0.9794 2.6959 1.4773
v -0.7856 2.6782 0.8957
v -0.3897 2.6463 0.6345
v -0.3889 2.5249 0.7187
v 0.0239 2.4935 0.8655
v 0.326 2.4722 1.3443
v 0.4021 2.4691 1.9722
v 0.2231 2.4854 2.5095
v -0.1427 2.5149 2.7508
v -0.5556 2.5463 2.6041
v -0.8577 2.5676 2.1253
v -0.9338 2.5707 1.4974
v -0.7547 2.5544 0.9601
v -0.3889 2.5249 0.7187
v -0.368 2.4212 0.9576
v -0.0521 2.3972 1.0699
v 0.1792 2.3809 1.4363
v 0.2374 2.3785 1.917
v 0.1004 2.391 2.3282
v -0.1796 2.4135 2.5129
v -0.4955 2.4376 2.4006
v -0.7268 2.4539 2.0341
v -0.785 2.4563 1.5535
v -0.648 2.4438 1.1423
v -0.368 2.4212 0.9576
v -0.3301 2.3509 1.3147
v -0.1591 2.3379 1.3755
v -0.034 2.3291 1.5738
v -0.0024 2.3278 1.8339
v -0.0766 2.3346 2.0564
v -0.2281 2.3468 2.1564
v -0.3991 2.3598 2.0956
v -0.5243 2.3686 1.8973
v -0.5558 2.3699 1.6372
v -0.4816 2.3632 1.4147
v -0.3301 2.3509 1.3147
v -0.281 2.3248 1.7357
v -0.281 2.3248 1.7357
v -0.281 2.3248 1.7357
v -0.281 2.3248 1.7357
v -0.281 2.3248 1.7357
v -0.281 2.3248 1.7357
v -0.281 2.3248 1.7357
v -0.281 2.3248 1.7357
v -0.281 2.3248 1.7357
v -0.281 2.3248 1.7357
v -0.281 2.3248 1.7357
v 0.0351 2.3402 0.0691
v 0.0135 2.2803 0.0473
v -0.0182 2.2656 -0.0101
v -0.0363 2.307 -0.0599
v -0.027 2.3734 -0.0646
v 0.0026 2.4149 -0.0207
v 0.0303 2.4001 0.0388
v -1.7857 2.6585 0.9698
v -1.8013 2.6154 0.9542
v -1.8241 2.6048 0.9128
v -1.8371 2.6346 0.877
v -1.8304 2.6825 0.8736
v -1.8091 2.7123 0.9052
v -1.7892 2.7016 0.948
v 0 2.3402 0
v -1.811 2.6585 0.9201
v -1.8171 3.1104 0.8863
v -1.8171 3.1104 0.8863
v -1.8171 3.1104 0.8863
v -1.8171 3.1104 0.8863
v -1.8171 3.1104 0.8863
v -1.8171 3.1104 0.8863
v -1.8171 3.1104 0.8863
v -1.8171 3.1104 0.8863
v -1.8171 3.1104 0.8863
v -1.8171 3.1104 0.8863
v -1.8171 3.1104 0.8863
v -2.1764 3.0544 0.6656
v -2.0215 3.0494 0.5702
v -1.7884 3.0545 0.5966
v -1.566 3.0678 0.7346
v -1.4394 3.0843 0.9315
v -1.4569 3.0976 1.1121
v -1.6118 3.1026 1.2074
v -1.8449 3.0975 1.1811
v -2.0673 3.0842 1.0431
v -2.1939 3.0677 0.8462
v -2.1764 3.0544 0.6656
v -2.48 2.9382 0.4836
v -2.1938 2.9289 0.3075
v -1.7631 2.9383 0.3562
v -1.3522 2.963 0.6112
v -1.1183 2.9934 0.975
v -1.1506 3.0179 1.3087
v -1.4368 3.0272 1.4849
v -1.8676 3.0178 1.4361
v -2.2784 2.9931 1.1812
v -2.5123 2.9627 0.8173
v -2.48 2.9382 0.4836
v -2.6818 2.7794 0.3681
v -2.3079 2.7672 0.138
v -1.7451 2.7796 0.2016
v -1.2083 2.8118 0.5348
v -0.9027 2.8515 1.0102
v -0.9449 2.8835 1.4462
v -1.3188 2.8957 1.6763
v -1.8816 2.8833 1.6127
v -2.4184 2.8512 1.2795
v -2.724 2.8114 0.8041
v -2.6818 2.7794 0.3681
v -2.751 2.6022 0.3366
v -2.3463 2.589 0.0875
v -1.7371 2.6024 0.1564
v -1.1561 2.6372 0.517
v -0.8253 2.6802 1.0316
v -0.871 2.7149 1.5035
v -1.2757 2.7281 1.7526
v -1.8849 2.7147 1.6837
v -2.4659 2.6799 1.3231
v -2.7967 2.6369 0.8086
v -2.751 2.6022 0.3366
v -2.6771 2.4335 0.394
v -2.3032 2.4214 0.1638
v -1.7404 2.4337 0.2275
v -1.2036 2.4659 0.5607
v -0.898 2.5056 1.036
v -0.9402 2.5377 1.4721
v -1.3141 2.5499 1.7022
v -1.8769 2.5375 1.6385
v -2.4137 2.5053 1.3054
v -2.7193 2.4656 0.83
v -2.6771 2.4335 0.394
v -2.4714 2.2992 0.5314
v -2.1852 2.2898 0.3553
v -1.7544 2.2993 0.404
v -1.3436 2.324 0.659
v -1.1097 2.3543 1.0228
v -1.142 2.3789 1.3566
v -1.4282 2.3882 1.5327
v -1.8589 2.3787 1.484
v -2.2698 2.3541 1.229
v -2.5037 2.3237 0.8651
v -2.4714 2.2992 0.5314
v -2.1651 2.2195 0.728
v -2.0102 2.2145 0.6327
v -1.7771 2.2196 0.6591
v -1.5547 2.2329 0.7971
v -1.4281 2.2494 0.994
v -1.4456 2.2626 1.1746
v -1.6005 2.2677 1.2699
v -1.8336 2.2626 1.2436
v -2.056 2.2492 1.1056
v -2.1826 2.2328 0.9087
v -2.1651 2.2195 0.728
v -1.8049 2.2067 0.9539
v -1.8049 2.2067 0.9539
v -1.8049 2.2067 0.9539
v -1.8049 2.2067 0.9539
v -1.8049 2.2067 0.9539
v -1.8049 2.2067 0.9539
v -1.8049 2.2067 0.9539
v -1.8049 2.2067 0.9539
v -1.8049 2.2067 0.9539
v -1.8049 2.2067 0.9539
v -1.8049 2.2067 0.9539
v -0.0215 2.3402 0.07
v -0.0192 2.2833 0.0419
v -0.0025 2.2692 -0.0178
v 0.0161 2.3086 -0.0641
v 0.0226 2.3718 -0.0621
v 0.012 2.4112 -0.0134
v -0.0076 2.3972 0.0455
v -2.0111 2.5636 -0.561
v -2.0095 2.5226 -0.5813
v -1.9975 2.5125 -0.6243
v -1.9841 2.5409 -0.6576
v -1.9794 2.5864 -0.6562
v -1.987 2.6148 -0.6211
v -2.0011 2.6046 -0.5787
v 0 2.3402 0
v -1.9957 2.5636 -0.6115
v -1.9874 2.968 -0.6261
v -1.9874 2.968 -0.6261
v -1.9874 2.968 -0.6261
v -1.9874 2.968 -0.6261
v -1.9874 2.968 -0.6261
v -1.9874 2.968 -0.6261
v -1.9874 2.968 -0.6261
v -1.9874 2.968 -0.6261
v -1.9874 2.968 -0.6261
v -1.9874 2.968 -0.6261
v -1.9874 2.968 -0.6261
v -2.3849 2.9507 -0.4766
v -2.3663 2.9438 -0.6575
v -2.2032 2.9343 -0.8259
v -1.9579 2.926 -0.9176
v -1.7241 2.9219 -0.8976
v -1.5911 2.9237 -0.7734
v -1.6098 2.9307 -0.5925
v -1.7729 2.9401 -0.4241
v -2.0182 2.9485 -0.3324
v -2.252 2.9525 -0.3524
v -2.3849 2.9507 -0.4766
v -2.7232 2.8745 -0.3476
v -2.6888 2.8617 -0.6818
v -2.3874 2.8442 -0.9931
v -1.9341 2.8288 -1.1625
v -1.5021 2.8213 -1.1254
v -1.2564 2.8246 -0.896
v -1.2909 2.8374 -0.5618
v -1.5923 2.8549 -0.2506
v -2.0455 2.8703 -0.0811
v -2.4775 2.8778 -0.1182
v -2.7232 2.8745 -0.3476
v -2.9507 2.751 -0.2588
v -2.9057 2.7342 -0.6954
v -2.5119 2.7114 -1.1021
v -1.9197 2.6913 -1.3235
v -1.3553 2.6815 -1.2751
v -1.0343 2.6858 -0.9753
v -1.0793 2.7025 -0.5387
v -1.4731 2.7253 -0.132
v -2.0653 2.7455 0.0894
v -2.6297 2.7553 0.0409
v -2.9507 2.751 -0.2588
v -3.0328 2.5989 -0.2237
v -2.9841 2.5808 -0.6963
v -2.5579 2.5561 -1.1365
v -1.9169 2.5343 -1.3761
v -1.306 2.5237 -1.3237
v -0.9585 2.5283 -0.9992
v -1.0072 2.5465 -0.5266
v -1.4335 2.5712 -0.0864
v -2.0745 2.593 0.1532
v -2.6854 2.6036 0.1008
v -3.0328 2.5989 -0.2237
v -2.957 2.4415 -0.2476
v -2.912 2.4247 -0.6842
v -2.5182 2.4019 -1.0909
v -1.926 2.3818 -1.3123
v -1.3616 2.372 -1.2638
v -1.0406 2.3763 -0.9641
v -1.0856 2.393 -0.5275
v -1.4794 2.4158 -0.1208
v -2.0716 2.436 0.1006
v -2.636 2.4458 0.0522
v -2.957 2.4415 -0.2476
v -2.7349 2.3026 -0.3269
v -2.7005 2.2898 -0.6611
v -2.3991 2.2723 -0.9723
v -1.9458 2.2569 -1.1418
v -1.5138 2.2494 -1.1047
v -1.2681 2.2527 -0.8753
v -1.3026 2.2656 -0.5411
v -1.604 2.283 -0.2298
v -2.0572 2.2984 -0.0604
v -2.4892 2.3059 -0.0975
v -2.7349 2.3026 -0.3269
v -2.4002 2.2035 -0.4495
v -2.3816 2.1966 -0.6304
v -2.2185 2.1871 -0.7988
v -1.9732 2.1788 -0.8905
v -1.7394 2.1747 -0.8705
v -1.6064 2.1765 -0.7463
v -1.625 2.1835 -0.5654
v -1.7882 2.1929 -0.397
v -2.0335 2.2012 -0.3053
v -2.2672 2.2053 -0.3253
v -2.4002 2.2035 -0.4495
v -2.0039 2.1592 -0.5968
v -2.0039 2.1592 -0.5968
v -2.0039 2.1592 -0.5968
v -2.0039 2.1592 -0.5968
v -2.0039 2.1592 -0.5968
v -2.0039 2.1592 -0.5968
v -2.0039 2.1592 -0.5968
v -2.0039 2.1592 -0.5968
v -2.0039 2.1592 -0.5968
v -2.0039 2.1592 -0.5968
v -2.0039 2.1592 -0.5968
v -0.0634 2.3402 0.0268
v -0.0415 2.2867 0.0121
v 0.0117 2.2734 -0.0117
v 0.056 2.3105 -0.0267
v 0.0582 2.3699 -0.0216
v 0.0165 2.407 -0.0002
v -0.0376 2.3938 0.0213
v -0.7426 2.5072 -1.6316
v -0.7268 2.4686 -1.6421
v -0.6885 2.4591 -1.6592
v -0.6566 2.4858 -1.67
v -0.655 2.5286 -1.6663
v -0.685 2.5553 -1.651
v -0.724 2.5458 -1.6355
v 0 2.3402 0
v -0.6969 2.5072 -1.6508
v -0.6631 2.8743 -1.6397
v -0.6631 2.8743 -1.6397
v -0.6631 2.8743 -1.6397
v -0.6631 2.8743 -1.6397
v -0.6631 2.8743 -1.6397
v -0.6631 2.8743 -1.6397
v -0.6631 2.8743 -1.6397
v -0.6631 2.8743 -1.6397
v -0.6631 2.8743 -1.6397
v -0.6631 2.8743 -1.6397
v -0.6631 2.8743 -1.6397
v -0.8044 2.847 -1.2399
v -0.9311 2.8626 -1.3695
v -0.9565 2.872 -1.6026
v -0.8708 2.8716 -1.8502
v -0.7068 2.8616 -2.0177
v -0.527 2.8458 -2.0412
v -0.4003 2.8302 -1.9116
v -0.3749 2.8208 -1.6785
v -0.4606 2.8211 -1.4309
v -0.6247 2.8312 -1.2634
v -0.8044 2.847 -1.2399
v -0.9293 2.7679 -0.9027
v -1.1635 2.7968 -1.1422
v -1.2104 2.8141 -1.5729
v -1.052 2.8134 -2.0304
v -0.7489 2.7949 -2.3399
v -0.4168 2.7656 -2.3832
v -0.1826 2.7368 -2.1438
v -0.1357 2.7195 -1.713
v -0.2941 2.7202 -1.2555
v -0.5972 2.7387 -0.946
v -0.9293 2.7679 -0.9027
v -1.0188 2.6492 -0.6794
v -1.3248 2.6868 -0.9922
v -1.3861 2.7095 -1.555
v -1.1791 2.7086 -2.1528
v -0.7831 2.6844 -2.5572
v -0.3492 2.6462 -2.6138
v -0.0432 2.6085 -2.3009
v 0.0181 2.5858 -1.7381
v -0.1889 2.5868 -1.1404
v -0.5849 2.611 -0.736
v -1.0188 2.6492 -0.6794
v -1.0593 2.5088 -0.604
v -1.3906 2.5496 -0.9426
v -1.4568 2.5741 -1.5517
v -1.2329 2.5731 -2.1987
v -0.8042 2.5469 -2.6365
v -0.3345 2.5056 -2.6977
v -0.0033 2.4648 -2.3591
v 0.063 2.4403 -1.7499
v -0.161 2.4413 -1.1029
v -0.5897 2.4675 -0.6652
v -1.0593 2.5088 -0.604
v -1.0447 2.3682 -0.6879
v -1.3507 2.4059 -1.0008
v -1.4119 2.4286 -1.5635
v -1.205 2.4276 -2.1613
v -0.8089 2.4034 -2.5657
v -0.375 2.3652 -2.6223
v -0.069 2.3276 -2.3094
v -0.0078 2.3049 -1.7466
v -0.2147 2.3058 -1.1489
v -0.6108 2.33 -0.7445
v -1.0447 2.3682 -0.6879
v -0.9771 2.2488 -0.9185
v -1.2113 2.2776 -1.1579
v -1.2582 2.2949 -1.5886
v -1.0998 2.2942 -2.0461
v -0.7967 2.2757 -2.3556
v -0.4646 2.2465 -2.3989
v -0.2304 2.2176 -2.1595
v -0.1835 2.2003 -1.7288
v -0.3419 2.201 -1.2713
v -0.645 2.2195 -0.9618
v -0.9771 2.2488 -0.9185
v -0.8668 2.1686 -1.2605
v -0.9936 2.1842 -1.3901
v -1.019 2.1936 -1.6232
v -0.9332 2.1933 -1.8708
v -0.7692 2.1832 -2.0383
v -0.5895 2.1674 -2.0617
v -0.4627 2.1518 -1.9321
v -0.4373 2.1424 -1.699
v -0.5231 2.1428 -1.4514
v -0.6871 2.1528 -1.2839
v -0.8668 2.1686 -1.2605
v -0.7307 2.1401 -1.662
v -0.7307 2.1401 -1.662
v -0.7307 2.1401 -1.662
v -0.7307 2.1401 -1.662
v -0.7307 2.1401 -1.662
v -0.7307 2.1401 -1.662
v -0.7307 2.1401 -1.662
v -0.7307 2.1401 -1.662
v -0.7307 2.1401 -1.662
v -0.7307 2.1401 -1.662
v -0.7307 2.1401 -1.662
v -0.0602 2.3402 -0.0494
v -0.0356 2.2794 -0.0332
v 0.0158 2.2644 0.008
v 0.0554 2.3065 0.0432
v 0.0532 2.374 0.0458
v 0.011 2.4161 0.014
v -0.0395 2.401 -0.0284
v 1.1451 2.435 -1.4854
v 1.1628 2.3912 -1.4737
v 1.1999 2.3804 -1.4441
v 1.2283 2.4107 -1.4188
v 1.2268 2.4593 -1.4169
v 1.1964 2.4896 -1.4398
v 1.16 2.4788 -1.4703
v 0 2.3402 0
v 1.1885 2.435 -1.4499
v 1.214 2.8924 -1.4456
v 1.214 2.8924 -1.4456
v 1.214 2.8924 -1.4456
v 1.214 2.8924 -1.4456
v 1.214 2.8924 -1.4456
v 1.214 2.8924 -1.4456
v 1.214 2.8924 -1.4456
v 1.214 2.8924 -1.4456
v 1.214 2.8924 -1.4456
v 1.214 2.8924 -1.4456
v 1.214 2.8924 -1.4456
v 1.448 2.8411 -1.094
v 1.2679 2.8509 -1.0704
v 1.0665 2.8633 -1.1901
v 0.9207 2.8735 -1.4076
v 0.8862 2.8776 -1.6397
v 0.9762 2.8741 -1.7977
v 1.1563 2.8642 -1.8214
v 1.3577 2.8519 -1.7017
v 1.5035 2.8417 -1.4842
v 1.538 2.8376 -1.2521
v 1.448 2.8411 -1.094
v 1.6425 2.728 -0.7967
v 1.3097 2.7462 -0.7529
v 0.9375 2.769 -0.9742
v 0.668 2.7879 -1.376
v 0.6043 2.7955 -1.8049
v 0.7706 2.7889 -2.0969
v 1.1034 2.7707 -2.1407
v 1.4757 2.7478 -1.9194
v 1.7451 2.729 -1.5176
v 1.8088 2.7214 -1.0888
v 1.6425 2.728 -0.7967
v 1.7678 2.5702 -0.5988
v 1.333 2.594 -0.5416
v 0.8467 2.6239 -0.8307
v 0.4947 2.6485 -1.3557
v 0.4114 2.6584 -1.916
v 0.6287 2.6499 -2.2976
v 1.0635 2.6261 -2.3548
v 1.5499 2.5962 -2.0657
v 1.9019 2.5716 -1.5407
v 1.9851 2.5617 -0.9804
v 1.7678 2.5702 -0.5988
v 1.805 2.3919 -0.5304
v 1.3343 2.4177 -0.4685
v 0.8079 2.45 -0.7815
v 0.4269 2.4766 -1.3497
v 0.3368 2.4874 -1.9562
v 0.572 2.4781 -2.3693
v 1.0427 2.4524 -2.4312
v 1.569 2.42 -2.1182
v 1.9501 2.3934 -1.55
v 2.0402 2.3827 -0.9435
v 1.805 2.3919 -0.5304
v 1.7483 2.2202 -0.6021
v 1.3134 2.244 -0.5449
v 0.8271 2.2738 -0.834
v 0.4751 2.2985 -1.359
v 0.3918 2.3084 -1.9193
v 0.6091 2.2998 -2.3009
v 1.044 2.276 -2.3581
v 1.5303 2.2461 -2.069
v 1.8823 2.2215 -1.544
v 1.9656 2.2116 -0.9837
v 1.7483 2.2202 -0.6021
v 1.6063 2.0811 -0.8028
v 1.2735 2.0993 -0.759
v 0.9013 2.1222 -0.9803
v 0.6319 2.141 -1.3821
v 0.5682 2.1486 -1.8109
v 0.7345 2.1421 -2.103
v 1.0673 2.1239 -2.1468
v 1.4395 2.101 -1.9255
v 1.7089 2.0822 -1.5237
v 1.7727 2.0746 -1.0949
v 1.6063 2.0811 -0.8028
v 1.4008 1.996 -1.102
v 1.2207 2.0058 -1.0783
v 1.0192 2.0182 -1.198
v 0.8734 2.0284 -1.4155
v 0.8389 2.0325 -1.6476
v 0.9289 2.029 -1.8057
v 1.1091 2.0191 -1.8294
v 1.3105 2.0067 -1.7096
v 1.4563 1.9965 -1.4921
v 1.4908 1.9924 -1.2601
v 1.4008 1.996 -1.102
v 1.1629 1.9776 -1.4541
v 1.1629 1.9776 -1.4541
v 1.1629 1.9776 -1.4541
v 1.1629 1.9776 -1.4541
v 1.1629 1.9776 -1.4541
v 1.1629 1.9776 -1.4541
v 1.1629 1.9776 -1.4541
v 1.1629 1.9776 -1.4541
v 1.1629 1.9776 -1.4541
v 1.1629 1.9776 -1.4541
v 1.1629 1.9776 -1.4541
v 0.009 3.3916 -0.0535
v 0.0084 3.3493 -0.0329
v 0.0016 3.3389 0.0125
v -0.0065 3.3681 0.0484
v -0.0097 3.4151 0.0479
v -0.0055 3.4443 0.0113
v 0.0027 3.4339 -0.0338
v 1.9341 3.5253 0.2845
v 1.9337 3.4949 0.2993
v 1.9288 3.4873 0.332
v 1.923 3.5084 0.3578
v 1.9207 3.5422 0.3575
v 1.9236 3.5633 0.3311
v 1.9296 3.5557 0.2986
v 0 3.3916 0
v 1.9276 3.5253 0.323
v 1.9457 3.9505 0.351
v 1.9457 3.9505 0.351
v 1.9457 3.9505 0.351
v 1.9457 3.9505 0.351
v 1.9457 3.9505 0.351
v 1.9457 3.9505 0.351
v 1.9457 3.9505 0.351
v 1.9457 3.9505 0.351
v 1.9457 3.9505 0.351
v 1.9457 3.9505 0.351
v 1.9457 3.9505 0.351
v 2.3278 3.9069 0.2705
v 2.2843 3.8981 0.4326
v 2.111 3.8969 0.5627
v 1.874 3.9038 0.6111
v 1.6639 3.9161 0.5594
v 1.5609 3.9292 0.4273
v 1.6044 3.9381 0.2652
v 1.7777 3.9393 0.1351
v 2.0147 3.9324 0.0867
v 2.2248 3.92 0.1384
v 2.3278 3.9069 0.2705
v 2.6489 3.8053 0.198
v 2.5686 3.789 0.4974
v 2.2483 3.7868 0.7378
v 1.8104 3.7995 0.8273
v 1.4222 3.8223 0.7317
v 1.232 3.8465 0.4876
v 1.3123 3.8629 0.1882
v 1.6326 3.8651 -0.0522
v 2.0704 3.8524 -0.1417
v 2.4587 3.8295 -0.0462
v 2.6489 3.8053 0.198
v 2.8603 3.6611 0.1445
v 2.7553 3.6397 0.5357
v 2.3368 3.6368 0.8498
v 1.7647 3.6535 0.9667
v 1.2575 3.6833 0.8419
v 1.0089 3.7149 0.5229
v 1.1139 3.7363 0.1317
v 1.5323 3.7392 -0.1824
v 2.1044 3.7225 -0.2993
v 2.6116 3.6927 -0.1745
v 2.8603 3.6611 0.1445
v 2.9296 3.4962 0.1182
v 2.816 3.4731 0.5416
v 2.363 3.4699 0.8816
v 1.7438 3.4879 1.0082
v 1.1948 3.5202 0.873
v 0.9257 3.5544 0.5278
v 1.0393 3.5775 0.1043
v 1.4922 3.5807 -0.2357
v 2.1115 3.5627 -0.3622
v 2.6605 3.5304 -0.2271
v 2.9296 3.4962 0.1182
v 2.8464 3.3357 0.123
v 2.7414 3.3143 0.5143
v 2.323 3.3114 0.8283
v 1.7509 3.3281 0.9453
v 1.2436 3.3579 0.8204
v 0.995 3.3895 0.5014
v 1.1 3.4109 0.1102
v 1.5185 3.4138 -0.2039
v 2.0906 3.3971 -0.3208
v 2.5978 3.3673 -0.196
v 2.8464 3.3357 0.123
v 2.6233 3.2041 0.1583
v 2.543 3.1877 0.4578
v 2.2227 3.1855 0.6981
v 1.7849 3.1982 0.7876
v 1.3966 3.2211 0.6921
v 1.2064 3.2453 0.4479
v 1.2867 3.2616 0.1485
v 1.607 3.2638 -0.0919
v 2.0448 3.2511 -0.1814
v 2.4331 3.2283 -0.0858
v 2.6233 3.2041 0.1583
v 2.2944 3.1214 0.2187
v 2.2509 3.1125 0.3807
v 2.0775 3.1113 0.5108
v 1.8406 3.1182 0.5593
v 1.6305 3.1306 0.5075
v 1.5275 3.1437 0.3754
v 1.571 3.1525 0.2134
v 1.7443 3.1537 0.0833
v 1.9813 3.1468 0.0348
v 2.1914 3.1345 0.0866
v 2.2944 3.1214 0.2187
v 1.9095 3.1001 0.2949
v 1.9095 3.1001 0.2949
v 1.9095 3.1001 0.2949
v 1.9095 3.1001 0.2949
v 1.9095 3.1001 0.2949
v 1.9095 3.1001 0.2949
v 1.9095 3.1001 0.2949
v 1.9095 3.1001 0.2949
v 1.9095 3.1001 0.2949
v 1.9095 3.1001 0.2949
v 1.9095 3.1001 0.2949
v 0.0702 3.3916 -0.0442
v 0.0472 3.3271 -0.022
v -0.0113 3.3112 0.0167
v -0.0613 3.3558 0.0429
v -0.0652 3.4274 0.0367
v -0.02 3.472 0.0029
v 0.0403 3.4561 -0.0331
v 0.9525 3.5635 1.402
v 0.9359 3.517 1.418
v 0.8938 3.5056 1.4459
v 0.8578 3.5377 1.4647
v 0.855 3.5893 1.4602
v 0.8876 3.6214 1.4359
v 0.9309 3.6099 1.41
v 0 3.3916 0
v 0.9019 3.5635 1.4338
v 0.9132 3.867 1.4383
v 0.9132 3.867 1.4383
v 0.9132 3.867 1.4383
v 0.9132 3.867 1.4383
v 0.9132 3.867 1.4383
v 0.9132 3.867 1.4383
v 0.9132 3.867 1.4383
v 0.9132 3.867 1.4383
v 0.9132 3.867 1.4383
v 0.9132 3.867 1.4383
v 0.9132 3.867 1.4383
v 1.0918 3.8424 1.09
v 1.1911 3.8367 1.2254
v 1.184 3.8338 1.442
v 1.0731 3.8347 1.657
v 0.9008 3.8392 1.7884
v 0.7329 3.8454 1.7859
v 0.6335 3.8511 1.6505
v 0.6407 3.8541 1.4339
v 0.7516 3.8531 1.2189
v 0.9239 3.8486 1.0875
v 1.0918 3.8424 1.09
v 1.2415 3.7753 0.794
v 1.4251 3.7648 1.0442
v 1.4118 3.7594 1.4444
v 1.2069 3.7611 1.8418
v 0.8885 3.7694 2.0845
v 0.5783 3.7809 2.0799
v 0.3947 3.7914 1.8297
v 0.408 3.7969 1.4295
v 0.6129 3.7951 1.0322
v 0.9313 3.7869 0.7894
v 1.2415 3.7753 0.794
v 1.3395 3.6759 0.5955
v 1.5793 3.6622 0.9224
v 1.5621 3.6551 1.4453
v 1.2943 3.6574 1.9644
v 0.8783 3.6682 2.2816
v 0.473 3.6833 2.2756
v 0.2331 3.6971 1.9487
v 0.2504 3.7041 1.4258
v 0.5182 3.7018 0.9066
v 0.9342 3.6911 0.5895
v 1.3395 3.6759 0.5955
v 1.3709 3.5595 0.5246
v 1.6305 3.5446 0.8784
v 1.6118 3.537 1.4443
v 1.3219 3.5395 2.0063
v 0.8717 3.5511 2.3496
v 0.4329 3.5675 2.3431
v 0.1734 3.5823 1.9893
v 0.1921 3.59 1.4233
v 0.4819 3.5875 0.8613
v 0.9322 3.5759 0.5181
v 1.3709 3.5595 0.5246
v 1.3309 3.4436 0.5921
v 1.5707 3.4299 0.9189
v 1.5534 3.4228 1.4418
v 1.2856 3.4251 1.961
v 0.8696 3.4359 2.2782
v 0.4643 3.451 2.2721
v 0.2245 3.4648 1.9453
v 0.2418 3.4718 1.4224
v 0.5096 3.4695 0.9032
v 0.9256 3.4588 0.5861
v 1.3309 3.4436 0.5921
v 1.2256 3.346 0.7877
v 1.4091 3.3355 1.0379
v 1.3959 3.3301 1.4381
v 1.1909 3.3319 1.8355
v 0.8726 3.3401 2.0782
v 0.5623 3.3517 2.0736
v 0.3788 3.3622 1.8234
v 0.392 3.3676 1.4232
v 0.597 3.3658 1.0259
v 0.9154 3.3576 0.7831
v 1.2256 3.346 0.7877
v 1.071 3.2815 1.0817
v 1.1703 3.2758 1.2171
v 1.1632 3.2729 1.4337
v 1.0522 3.2739 1.6488
v 0.8799 3.2783 1.7801
v 0.712 3.2846 1.7776
v 0.6127 3.2903 1.6422
v 0.6199 3.2932 1.4257
v 0.7308 3.2923 1.2106
v 0.9031 3.2878 1.0792
v 1.071 3.2815 1.0817
v 0.8907 3.26 1.4293
v 0.8907 3.26 1.4293
v 0.8907 3.26 1.4293
v 0.8907 3.26 1.4293
v 0.8907 3.26 1.4293
v 0.8907 3.26 1.4293
v 0.8907 3.26 1.4293
v 0.8907 3.26 1.4293
v 0.8907 3.26 1.4293
v 0.8907 3.26 1.4293
v 0.8907 3.26 1.4293
v 0.0446 3.3916 0.0232
v 0.0256 3.3526 0.0188
v -0.0127 3.343 0.0002
v -0.0414 3.37 -0.0185
v -0.039 3.4133 -0.0233
v -0.0071 3.4402 -0.0105
v 0.0301 3.4306 0.0101
v -0.7388 3.6003 1.501
v -0.7525 3.5722 1.4978
v -0.78 3.5653 1.4845
v -0.8007 3.5847 1.471
v -0.7989 3.6159 1.4676
v -0.776 3.6353 1.4767
v -0.7492 3.6284 1.4916
v 0 3.3916 0
v -0.7709 3.6003 1.4843
v -0.7776 3.9812 1.4947
v -0.7776 3.9812 1.4947
v -0.7776 3.9812 1.4947
v -0.7776 3.9812 1.4947
v -0.7776 3.9812 1.4947
v -0.7776 3.9812 1.4947
v -0.7776 3.9812 1.4947
v -0.7776 3.9812 1.4947
v -0.7776 3.9812 1.4947
v -0.7776 3.9812 1.4947
v -0.7776 3.9812 1.4947
v -0.9303 3.9593 1.1337
v -0.7626 3.9619 1.1437
v -0.6004 3.9609 1.2874
v -0.5057 3.9565 1.51
v -0.5147 3.9505 1.7265
v -0.6239 3.9451 1.8541
v -0.7916 3.9424 1.8441
v -0.9537 3.9435 1.7004
v -1.0484 3.9478 1.4777
v -1.0395 3.9539 1.2613
v -0.9303 3.9593 1.1337
v -1.0588 3.8827 0.8261
v -0.7489 3.8877 0.8445
v -0.4492 3.8857 1.1101
v -0.2742 3.8776 1.5215
v -0.2908 3.8665 1.9214
v -0.4925 3.8565 2.1572
v -0.8024 3.8516 2.1388
v -1.102 3.8535 1.8732
v -1.277 3.8616 1.4618
v -1.2605 3.8727 1.0618
v -1.0588 3.8827 0.8261
v -1.1434 3.7631 0.6187
v -0.7385 3.7696 0.6428
v -0.347 3.7671 0.9898
v -0.1184 3.7565 1.5273
v -0.1399 3.742 2.0498
v -0.4035 3.729 2.3579
v -0.8084 3.7225 2.3338
v -1.1999 3.725 1.9868
v -1.4286 3.7356 1.4493
v -1.407 3.7501 0.9267
v -1.1434 3.7631 0.6187
v -1.1713 3.6188 0.543
v -0.7331 3.6258 0.5691
v -0.3093 3.6231 0.9448
v -0.0618 3.6116 1.5265
v -0.0852 3.5959 2.0922
v -0.3705 3.5818 2.4256
v -0.8087 3.5748 2.3995
v -1.2325 3.5775 2.0239
v -1.48 3.5889 1.4421
v -1.4566 3.6047 0.8765
v -1.1713 3.6188 0.543
v -1.1383 3.4716 0.6107
v -0.7334 3.4781 0.6348
v -0.3419 3.4756 0.9819
v -0.1132 3.465 1.5194
v -0.1348 3.4505 2.0419
v -0.3984 3.4374 2.35
v -0.8032 3.431 2.3259
v -1.1948 3.4335 1.9788
v -1.4234 3.444 1.4414
v -1.4018 3.4586 0.9188
v -1.1383 3.4716 0.6107
v -1.0493 3.344 0.8114
v -0.7394 3.349 0.8299
v -0.4397 3.3471 1.0955
v -0.2647 3.339 1.5069
v -0.2813 3.3278 1.9068
v -0.483 3.3179 2.1426
v -0.7929 3.3129 2.1242
v -1.0925 3.3148 1.8585
v -1.2675 3.3229 1.4472
v -1.251 3.3341 1.0472
v -1.0493 3.344 0.8114
v -0.9179 3.2555 1.1146
v -0.7502 3.2582 1.1245
v -0.588 3.2571 1.2683
v -0.4933 3.2527 1.4909
v -0.5023 3.2467 1.7074
v -0.6114 3.2413 1.835
v -0.7791 3.2386 1.825
v -0.9413 3.2397 1.6812
v -1.036 3.244 1.4586
v -1.0271 3.2501 1.2422
v -0.9179 3.2555 1.1146
v -0.7642 3.2194 1.474
v -0.7642 3.2194 1.474
v -0.7642 3.2194 1.474
v -0.7642 3.2194 1.474
v -0.7642 3.2194 1.474
v -0.7642 3.2194 1.474
v -0.7642 3.2194 1.474
v -0.7642 3.2194 1.474
v -0.7642 3.2194 1.474
v -0.7642 3.2194 1.474
v -0.7642 3.2194 1.474
v 0.0134 3.3916 0.0655
v 0.0049 3.3395 0.0415
v -0.0073 3.3266 -0.0137
v -0.014 3.3627 -0.0586
v -0.0101 3.4205 -0.0594
v 0.0013 3.4566 -0.0154
v 0.0118 3.4437 0.0401
v -1.8994 3.5236 0.4374
v -1.9055 3.4861 0.4202
v -1.9143 3.4768 0.3804
v -1.9191 3.5028 0.3481
v -1.9163 3.5445 0.3475
v -1.9081 3.5704 0.3791
v -1.9005 3.5612 0.4191
v 0 3.3916 0
v -1.909 3.5236 0.3903
v -1.8986 3.8062 0.393
v -1.8986 3.8062 0.393
v -1.8986 3.8062 0.393
v -1.8986 3.8062 0.393
v -1.8986 3.8062 0.393
v -1.8986 3.8062 0.393
v -1.8986 3.8062 0.393
v -1.8986 3.8062 0.393
v -1.8986 3.8062 0.393
v -1.8986 3.8062 0.393
v -1.8986 3.8062 0.393
v -2.279 3.7996 0.2981
v -2.17 3.7968 0.1702
v -1.9577 3.7894 0.1273
v -1.7231 3.7801 0.1858
v -1.5558 3.7726 0.3234
v -1.5198 3.7697 0.4875
v -1.6287 3.7724 0.6154
v -1.841 3.7799 0.6583
v -2.0756 3.7892 0.5998
v -2.2429 3.7967 0.4622
v -2.279 3.7996 0.2981
v -2.603 3.7511 0.2172
v -2.4018 3.7459 -0.0191
v -2.0095 3.7322 -0.0984
v -1.576 3.715 0.0098
v -1.2669 3.7011 0.264
v -1.2002 3.6957 0.5672
v -1.4015 3.7009 0.8035
v -1.7938 3.7146 0.8828
v -2.2273 3.7318 0.7746
v -2.5364 3.7457 0.5204
v -2.603 3.7511 0.2172
v -2.8215 3.6679 0.1627
v -2.5585 3.6612 -0.1461
v -2.0459 3.6432 -0.2496
v -1.4795 3.6208 -0.1083
v -1.0757 3.6026 0.2238
v -0.9886 3.5956 0.62
v -1.2516 3.6023 0.9287
v -1.7641 3.6203 1.0323
v -2.3305 3.6427 0.8909
v -2.7344 3.6609 0.5588
v -2.8215 3.6679 0.1627
v -2.901 3.5628 0.1428
v -2.6163 3.5555 -0.1915
v -2.0615 3.536 -0.3035
v -1.4485 3.5118 -0.1505
v -1.0114 3.4921 0.209
v -0.9171 3.4845 0.6377
v -1.2017 3.4918 0.972
v -1.7565 3.5112 1.084
v -2.3696 3.5354 0.9311
v -2.8067 3.5552 0.5715
v -2.901 3.5628 0.1428
v -2.8295 3.4517 0.1606
v -2.5665 3.445 -0.1482
v -2.0539 3.427 -0.2517
v -1.4876 3.4046 -0.1104
v -1.0837 3.3864 0.2217
v -0.9966 3.3793 0.6179
v -1.2596 3.3861 0.9266
v -1.7722 3.4041 1.0302
v -2.3385 3.4264 0.8888
v -2.7424 3.4446 0.5567
v -2.8295 3.4517 0.1606
v -2.6178 3.3516 0.2133
v -2.4166 3.3464 -0.023
v -2.0243 3.3326 -0.1022
v -1.5908 3.3155 0.0059
v -1.2817 3.3016 0.2601
v -1.215 3.2962 0.5633
v -1.4163 3.3013 0.7997
v -1.8086 3.3151 0.8789
v -2.2421 3.3322 0.7707
v -2.5512 3.3461 0.5165
v -2.6178 3.3516 0.2133
v -2.2983 3.2776 0.293
v -2.1894 3.2748 0.1651
v -1.9771 3.2674 0.1222
v -1.7425 3.2581 0.1808
v -1.5752 3.2506 0.3184
v -1.5391 3.2476 0.4824
v -1.648 3.2504 0.6103
v -1.8604 3.2579 0.6532
v -2.095 3.2671 0.5947
v -2.2622 3.2747 0.4571
v -2.2983 3.2776 0.293
v -1.9195 3.2411 0.3875
v -1.9195 3.2411 0.3875
v -1.9195 3.2411 0.3875
v -1.9195 3.2411 0.3875
v -1.9195 3.2411 0.3875
v -1.9195 3.2411 0.3875
v -1.9195 3.2411 0.3875
v -1.9195 3.2411 0.3875
v -1.9195 3.2411 0.3875
v -1.9195 3.2411 0.3875
v -1.9195 3.2411 0.3875
v -0.0333 3.3916 0.0546
v -0.0245 3.3418 0.0318
v 0.0028 3.3295 -0.015
v 0.0279 3.364 -0.0504
v 0.0321 3.4192 -0.0479
v 0.0121 3.4537 -0.0093
v -0.017 3.4414 0.0363
v -1.6026 3.554 -0.9236
v -1.5962 3.5182 -0.94
v -1.5766 3.5093 -0.9737
v -1.5585 3.5341 -0.9992
v -1.5555 3.5739 -0.9974
v -1.5699 3.5987 -0.9696
v -1.5909 3.5899 -0.9368
v 0 3.3916 0
v -1.5786 3.554 -0.9629
v -1.5677 3.963 -0.9851
v -1.5677 3.963 -0.9851
v -1.5677 3.963 -0.9851
v -1.5677 3.963 -0.9851
v -1.5677 3.963 -0.9851
v -1.5677 3.963 -0.9851
v -1.5677 3.963 -0.9851
v -1.5677 3.963 -0.9851
v -1.5677 3.963 -0.9851
v -1.5677 3.963 -0.9851
v -1.5677 3.963 -0.9851
v -1.8819 3.9529 -0.7498
v -1.9122 3.9448 -0.9148
v -1.8111 3.9317 -1.1061
v -1.6174 3.9187 -1.2505
v -1.405 3.9107 -1.2929
v -1.2551 3.9108 -1.2171
v -1.2249 3.919 -1.052
v -1.3259 3.932 -0.8608
v -1.5196 3.9451 -0.7163
v -1.732 3.9531 -0.6739
v -1.8819 3.9529 -0.7498
v -2.15 3.8822 -0.5468
v -2.2059 3.8671 -0.8519
v -2.0192 3.8429 -1.2053
v -1.6612 3.8188 -1.4722
v -1.2688 3.8041 -1.5505
v -0.9917 3.8043 -1.4104
v -0.9359 3.8194 -1.1054
v -1.1226 3.8436 -0.7519
v -1.4805 3.8676 -0.4851
v -1.873 3.8824 -0.4067
v -2.15 3.8822 -0.5468
v -2.3311 3.7614 -0.4073
v -2.4041 3.7417 -0.8058
v -2.1601 3.7101 -1.2676
v -1.6925 3.6786 -1.6163
v -1.1797 3.6594 -1.7186
v -0.8177 3.6596 -1.5355
v -0.7448 3.6794 -1.137
v -0.9887 3.711 -0.6752
v -1.4564 3.7424 -0.3266
v -1.9691 3.7617 -0.2242
v -2.3311 3.7614 -0.4073
v -2.3976 3.6091 -0.3523
v -2.4766 3.5878 -0.7837
v -2.2126 3.5535 -1.2835
v -1.7064 3.5195 -1.6609
v -1.1514 3.4986 -1.7717
v -0.7596 3.499 -1.5735
v -0.6806 3.5203 -1.1421
v -0.9446 3.5545 -0.6423
v -1.4508 3.5885 -0.2649
v -2.0058 3.6094 -0.1541
v -2.3976 3.6091 -0.3523
v -2.3395 3.4484 -0.3903
v -2.4124 3.4287 -0.7888
v -2.1685 3.3971 -1.2506
v -1.7008 3.3656 -1.5992
v -1.1881 3.3464 -1.7016
v -0.8261 3.3466 -1.5185
v -0.7531 3.3663 -1.12
v -0.9971 3.398 -0.6582
v -1.4647 3.4294 -0.3095
v -1.9775 3.4487 -0.2072
v -2.3395 3.4484 -0.3903
v -2.1655 3.3038 -0.5154
v -2.2213 3.2887 -0.8204
v -2.0346 3.2645 -1.1739
v -1.6767 3.2404 -1.4407
v -1.2843 3.2257 -1.5191
v -1.0072 3.2259 -1.379
v -0.9514 3.241 -1.0739
v -1.1381 3.2652 -0.7205
v -1.496 3.2893 -0.4536
v -1.8884 3.304 -0.3753
v -2.1655 3.3038 -0.5154
v -1.9021 3.1973 -0.7087
v -1.9324 3.1891 -0.8738
v -1.8313 3.176 -1.0651
v -1.6376 3.163 -1.2095
v -1.4252 3.155 -1.2519
v -1.2753 3.1551 -1.176
v -1.2451 3.1633 -1.011
v -1.3461 3.1764 -0.8197
v -1.5398 3.1894 -0.6753
v -1.7522 3.1974 -0.6329
v -1.9021 3.1973 -0.7087
v -1.5895 3.1451 -0.9407
v -1.5895 3.1451 -0.9407
v -1.5895 3.1451 -0.9407
v -1.5895 3.1451 -0.9407
v -1.5895 3.1451 -0.9407
v -1.5895 3.1451 -0.9407
v -1.5895 3.1451 -0.9407
v -1.5895 3.1451 -0.9407
v -1.5895 3.1451 -0.9407
v -1.5895 3.1451 -0.9407
v -1.5895 3.1451 -0.9407
v -0.0568 3.3916 0.0035
v -0.0357 3.3473 -0.0016
v 0.0124 3.3363 -0.0056
v 0.0511 3.367 -0.0053
v 0.0513 3.4162 -0.001
v 0.0129 3.4469 0.004
v -0.0352 3.436 0.006
v -0.1408 3.5313 -1.6087
v -0.1255 3.4993 -1.6124
v -0.091 3.4915 -1.6152
v -0.0631 3.5136 -1.6151
v -0.0629 3.549 -1.612
v -0.0905 3.5711 -1.6084
v -0.1252 3.5632 -1.6069
v 0 3.3916 0
v -0.0998 3.5313 -1.6112
v -0.0876 3.9563 -1.6119
v -0.0876 3.9563 -1.6119
v -0.0876 3.9563 -1.6119
v -0.0876 3.9563 -1.6119
v -0.0876 3.9563 -1.6119
v -0.0876 3.9563 -1.6119
v -0.0876 3.9563 -1.6119
v -0.0876 3.9563 -1.6119
v -0.0876 3.9563 -1.6119
v -0.0876 3.9563 -1.6119
v -0.0876 3.9563 -1.6119
v -0.1084 3.9251 -1.2208
v -0.2548 3.9292 -1.3031
v -0.3377 3.9313 -1.5034
v -0.3255 3.9306 -1.745
v -0.2227 3.9273 -1.9358
v -0.0687 3.9228 -2.0029
v 0.0777 3.9187 -1.9205
v 0.1606 3.9166 -1.7203
v 0.1484 3.9174 -1.4787
v 0.0456 3.9206 -1.2879
v -0.1084 3.9251 -1.2208
v -0.1279 3.834 -0.8892
v -0.3984 3.8415 -1.0413
v -0.5516 3.8453 -1.4113
v -0.529 3.844 -1.8578
v -0.3391 3.838 -2.2103
v -0.0546 3.8297 -2.3342
v 0.216 3.8221 -2.1821
v 0.3692 3.8183 -1.8121
v 0.3466 3.8196 -1.3656
v 0.1567 3.8256 -1.0131
v -0.1279 3.834 -0.8892
v -0.1431 3.6967 -0.6675
v -0.4966 3.7066 -0.8662
v -0.6967 3.7116 -1.3496
v -0.6672 3.7099 -1.933
v -0.4191 3.702 -2.3936
v -0.0473 3.6911 -2.5555
v 0.3062 3.6813 -2.3568
v 0.5064 3.6763 -1.8734
v 0.4768 3.678 -1.29
v 0.2287 3.6858 -0.8294
v -0.1431 3.6967 -0.6675
v -0.1517 3.5343 -0.5895
v -0.5343 3.545 -0.8046
v -0.751 3.5504 -1.3278
v -0.7189 3.5485 -1.9593
v -0.4504 3.5401 -2.4578
v -0.048 3.5282 -2.633
v 0.3346 3.5176 -2.4179
v 0.5513 3.5122 -1.8947
v 0.5193 3.514 -1.2632
v 0.2508 3.5225 -0.7647
v -0.1517 3.5343 -0.5895
v -0.1524 3.3714 -0.667
v -0.5059 3.3813 -0.8657
v -0.7061 3.3863 -1.3491
v -0.6765 3.3846 -1.9325
v -0.4284 3.3767 -2.3931
v -0.0566 3.3658 -2.555
v 0.2969 3.356 -2.3563
v 0.4971 3.351 -1.8729
v 0.4675 3.3527 -1.2895
v 0.2194 3.3605 -0.8289
v -0.1524 3.3714 -0.667
v -0.1451 3.2329 -0.8883
v -0.4157 3.2404 -1.0404
v -0.5689 3.2443 -1.4103
v -0.5462 3.2429 -1.8569
v -0.3564 3.237 -2.2094
v -0.0718 3.2286 -2.3333
v 0.1987 3.2211 -2.1812
v 0.3519 3.2172 -1.8112
v 0.3293 3.2185 -1.3647
v 0.1394 3.2245 -1.0122
v -0.1451 3.2329 -0.8883
v -0.131 3.1398 -1.2196
v -0.2774 3.1439 -1.3019
v -0.3603 3.1459 -1.5022
v -0.348 3.1452 -1.7438
v -0.2453 3.142 -1.9346
v -0.0913 3.1374 -2.0017
v 0.0551 3.1334 -1.9194
v 0.1381 3.1313 -1.7191
v 0.1258 3.132 -1.4775
v 0.023 3.1352 -1.2867
v -0.131 3.1398 -1.2196
v -0.112 3.1063 -1.6106
v -0.112 3.1063 -1.6106
v -0.112 3.1063 -1.6106
v -0.112 3.1063 -1.6106
v -0.112 3.1063 -1.6106
v -0.112 3.1063 -1.6106
v -0.112 3.1063 -1.6106
v -0.112 3.1063 -1.6106
v -0.112 3.1063 -1.6106
v -0.112 3.1063 -1.6106
v -0.112 3.1063 -1.6106
v -0.0254 3.3916 -0.0384
v -0.0131 3.3557 -0.0258
v 0.0091 3.3469 0.0063
v 0.0245 3.3717 0.0336
v 0.0214 3.4115 0.0357
v 0.0022 3.4364 0.0109
v -0.0187 3.4275 -0.0221
v 1.5125 3.5625 -1.0411
v 1.5214 3.5367 -1.0321
v 1.5374 3.5303 -1.009
v 1.5484 3.5482 -0.9893
v 1.5462 3.5768 -0.9878
v 1.5324 3.5947 -1.0057
v 1.5174 3.5883 -1.0294
v 0 3.3916 0
v 1.5308 3.5625 -1.0135
v 1.4813 3.9292 -0.9859
v 1.4813 3.9292 -0.9859
v 1.4813 3.9292 -0.9859
v 1.4813 3.9292 -0.9859
v 1.4813 3.9292 -0.9859
v 1.4813 3.9292 -0.9859
v 1.4813 3.9292 -0.9859
v 1.4813 3.9292 -0.9859
v 1.4813 3.9292 -0.9859
v 1.4813 3.9292 -0.9859
v 1.4813 3.9292 -0.9859
v 1.7888 3.9238 -0.7421
v 1.6381 3.8982 -0.6725
v 1.4288 3.8738 -0.7234
v 1.2411 3.8599 -0.8755
v 1.1465 3.8617 -1.0705
v 1.1813 3.8787 -1.234
v 1.3321 3.9043 -1.3035
v 1.5413 3.9287 -1.2526
v 1.729 3.9427 -1.1006
v 1.8236 3.9408 -0.9056
v 1.7888 3.9238 -0.7421
v 2.0571 3.8635 -0.5395
v 1.7785 3.8162 -0.411
v 1.3919 3.771 -0.5051
v 1.045 3.7453 -0.786
v 0.8703 3.7487 -1.1463
v 0.9345 3.7801 -1.4484
v 1.2131 3.8274 -1.577
v 1.5997 3.8725 -1.4828
v 1.9466 3.8983 -1.202
v 2.1213 3.8948 -0.8417
v 2.0571 3.8635 -0.5395
v 2.2453 3.7573 -0.4092
v 1.8812 3.6955 -0.2412
v 1.3761 3.6365 -0.3642
v 0.9228 3.6028 -0.7312
v 0.6946 3.6074 -1.2019
v 0.7784 3.6484 -1.5967
v 1.1425 3.7102 -1.7646
v 1.6476 3.7691 -1.6416
v 2.1009 3.8028 -1.2747
v 2.3292 3.7983 -0.8039
v 2.2453 3.7573 -0.4092
v 2.3247 3.6214 -0.3708
v 1.9306 3.5546 -0.189
v 1.3839 3.4907 -0.3221
v 0.8933 3.4543 -0.7193
v 0.6462 3.4592 -1.2289
v 0.737 3.5035 -1.6562
v 1.131 3.5704 -1.8379
v 1.6777 3.6343 -1.7048
v 2.1684 3.6707 -1.3076
v 2.4155 3.6658 -0.7981
v 2.3247 3.6214 -0.3708
v 2.2832 3.4766 -0.4302
v 1.9191 3.4148 -0.2623
v 1.414 3.3559 -0.3853
v 0.9608 3.3222 -0.7523
v 0.7325 3.3267 -1.223
v 0.8164 3.3677 -1.6178
v 1.1804 3.4295 -1.7857
v 1.6855 3.4885 -1.6627
v 2.1388 3.5222 -1.2958
v 2.3671 3.5176 -0.825
v 2.2832 3.4766 -0.4302
v 2.1272 3.3449 -0.5785
v 1.8486 3.2976 -0.45
v 1.4619 3.2525 -0.5441
v 1.115 3.2267 -0.825
v 0.9403 3.2302 -1.1853
v 1.0045 3.2615 -1.4874
v 1.2831 3.3088 -1.6159
v 1.6697 3.354 -1.5218
v 2.0167 3.3797 -1.2409
v 2.1914 3.3763 -0.8806
v 2.1272 3.3449 -0.5785
v 1.8804 3.2463 -0.793
v 1.7296 3.2207 -0.7234
v 1.5204 3.1963 -0.7744
v 1.3326 3.1823 -0.9264
v 1.238 3.1842 -1.1214
v 1.2728 3.2012 -1.2849
v 1.4236 3.2268 -1.3544
v 1.6328 3.2512 -1.3035
v 1.8206 3.2651 -1.1515
v 1.9151 3.2633 -0.9565
v 1.8804 3.2463 -0.793
v 1.5803 3.1958 -1.041
v 1.5803 3.1958 -1.041
v 1.5803 3.1958 -1.041
v 1.5803 3.1958 -1.041
v 1.5803 3.1958 -1.041
v 1.5803 3.1958 -1.041
v 1.5803 3.1958 -1.041
v 1.5803 3.1958 -1.041
v 1.5803 3.1958 -1.041
v 1.5803 3.1958 -1.041
v 1.5803 3.1958 -1.041
v -0.0044 4.443 -0.0511
v 0.003 4.4034 -0.0323
v 0.0081 4.3936 0.0108
v 0.0071 4.421 0.0457
v 0.0008 4.465 0.0463
v -0.0061 4.4925 0.012
v -0.0084 4.4827 -0.0313
v 1.6145 4.6767 -0.175
v 1.6198 4.6481 -0.1615
v 1.6234 4.6411 -0.1305
v 1.6227 4.6608 -0.1053
v 1.6182 4.6925 -0.1049
v 1.6132 4.7123 -0.1296
v 1.6116 4.7052 -0.1608
v 0 4.443 0
v 1.6176 4.6767 -0.1382
v 1.6029 4.9576 -0.1317
v 1.6029 4.9576 -0.1317
v 1.6029 4.9576 -0.1317
v 1.6029 4.9576 -0.1317
v 1.6029 4.9576 -0.1317
v 1.6029 4.9576 -0.1317
v 1.6029 4.9576 -0.1317
v 1.6029 4.9576 -0.1317
v 1.6029 4.9576 -0.1317
v 1.6029 4.9576 -0.1317
v 1.6029 4.9576 -0.1317
v 1.9256 4.9523 -0.0986
v 1.8514 4.9457 0.0186
v 1.6828 4.9354 0.0783
v 1.4841 4.9255 0.0576
v 1.3312 4.9197 -0.0356
v 1.2826 4.9202 -0.1657
v 1.3567 4.9268 -0.283
v 1.5253 4.937 -0.3427
v 1.724 4.9469 -0.3219
v 1.8769 4.9527 -0.2287
v 1.9256 4.9523 -0.0986
v 2.2013 4.9049 -0.0716
v 2.0643 4.8927 0.1451
v 1.7528 4.8739 0.2553
v 1.3856 4.8556 0.217
v 1.1031 4.8448 0.0448
v 1.0132 4.8457 -0.1956
v 1.1502 4.8579 -0.4123
v 1.4617 4.8768 -0.5225
v 1.8289 4.8951 -0.4842
v 2.1114 4.9058 -0.312
v 2.2013 4.9049 -0.0716
v 2.3882 4.8229 -0.0547
v 2.2092 4.8069 0.2284
v 1.8021 4.7823 0.3724
v 1.3224 4.7584 0.3224
v 0.9533 4.7443 0.0973
v 0.8358 4.7455 -0.2167
v 1.0148 4.7615 -0.4998
v 1.4219 4.7861 -0.6439
v 1.9016 4.81 -0.5938
v 2.2707 4.8241 -0.3688
v 2.3882 4.8229 -0.0547
v 2.4578 4.7186 -0.0506
v 2.264 4.7013 0.2559
v 1.8234 4.6746 0.4118
v 1.3042 4.6487 0.3576
v 0.9047 4.6335 0.114
v 0.7775 4.6348 -0.2259
v 0.9712 4.6521 -0.5323
v 1.4118 4.6787 -0.6883
v 1.9311 4.7046 -0.6341
v 2.3306 4.7198 -0.3905
v 2.4578 4.7186 -0.0506
v 2.3994 4.6079 -0.0598
v 2.2205 4.5919 0.2234
v 1.8134 4.5673 0.3674
v 1.3337 4.5434 0.3174
v 0.9646 4.5293 0.0923
v 0.8471 4.5305 -0.2217
v 1.026 4.5464 -0.5049
v 1.4331 4.5711 -0.6489
v 1.9128 4.595 -0.5988
v 2.2819 4.609 -0.3738
v 2.3994 4.6079 -0.0598
v 2.2221 4.5076 -0.0809
v 2.0851 4.4954 0.1358
v 1.7735 4.4766 0.2461
v 1.4064 4.4583 0.2077
v 1.1239 4.4475 0.0355
v 1.034 4.4484 -0.2049
v 1.1709 4.4606 -0.4215
v 1.4825 4.4795 -0.5318
v 1.8496 4.4978 -0.4935
v 2.1321 4.5085 -0.3212
v 2.2221 4.5076 -0.0809
v 1.9527 4.4331 -0.1107
v 1.8786 4.4265 0.0065
v 1.71 4.4163 0.0662
v 1.5113 4.4064 0.0455
v 1.3584 4.4006 -0.0477
v 1.3097 4.4011 -0.1778
v 1.3838 4.4077 -0.2951
v 1.5524 4.4179 -0.3548
v 1.7511 4.4278 -0.334
v 1.904 4.4336 -0.2408
v 1.9527 4.4331 -0.1107
v 1.6323 4.3957 -0.1448
v 1.6323 4.3957 -0.1448
v 1.6323 4.3957 -0.1448
v 1.6323 4.3957 -0.1448
v 1.6323 4.3957 -0.1448
v 1.6323 4.3957 -0.1448
v 1.6323 4.3957 -0.1448
v 1.6323 4.3957 -0.1448
v 1.6323 4.3957 -0.1448
v 1.6323 4.3957 -0.1448
v 1.6323 4.3957 -0.1448
v 0.0468 4.443 -0.0529
v 0.0356 4.3885 -0.0273
v -0.0024 4.375 0.0189
v -0.0386 4.4127 0.0508
v -0.0457 4.4733 0.0445
v -0.0184 4.511 0.0047
v 0.0227 4.4975 -0.0387
v 1.1395 4.6759 0.9399
v 1.1314 4.6367 0.9583
v 1.1041 4.627 0.9916
v 1.078 4.6542 1.0146
v 1.0728 4.6977 1.01
v 1.0925 4.7249 0.9813
v 1.1221 4.7152 0.9501
v 0 4.443 0
v 1.1058 4.6759 0.978
v 1.1102 4.9554 0.9699
v 1.1102 4.9554 0.9699
v 1.1102 4.9554 0.9699
v 1.1102 4.9554 0.9699
v 1.1102 4.9554 0.9699
v 1.1102 4.9554 0.9699
v 1.1102 4.9554 0.9699
v 1.1102 4.9554 0.9699
v 1.1102 4.9554 0.9699
v 1.1102 4.9554 0.9699
v 1.1102 4.9554 0.9699
v 1.3297 4.9237 0.7332
v 1.379 4.9267 0.863
v 1.3255 4.9325 1.0339
v 1.1897 4.9389 1.1805
v 1.0233 4.9435 1.247
v 0.8901 4.9445 1.2078
v 0.8408 4.9415 1.078
v 0.8943 4.9357 0.9071
v 1.0301 4.9293 0.7605
v 1.1964 4.9247 0.694
v 1.3297 4.9237 0.7332
v 1.5151 4.8544 0.5337
v 1.6061 4.8598 0.7736
v 1.5073 4.8706 1.0893
v 1.2563 4.8824 1.3604
v 0.949 4.8909 1.4832
v 0.7028 4.8927 1.4108
v 0.6117 4.8872 1.1709
v 0.7105 4.8765 0.8552
v 0.9615 4.8646 0.5841
v 1.2688 4.8562 0.4614
v 1.5151 4.8544 0.5337
v 1.6381 4.7578 0.4019
v 1.7571 4.765 0.7153
v 1.628 4.779 1.1279
v 1.3001 4.7945 1.482
v 0.8985 4.8055 1.6424
v 0.5768 4.8079 1.5479
v 0.4578 4.8008 1.2344
v 0.5869 4.7868 0.8219
v 0.9149 4.7713 0.4678
v 1.3164 4.7602 0.3074
v 1.6381 4.7578 0.4019
v 1.6801 4.6488 0.3578
v 1.809 4.6566 0.697
v 1.6692 4.6718 1.1436
v 1.3142 4.6885 1.5269
v 0.8796 4.7005 1.7005
v 0.5314 4.7031 1.5982
v 0.4026 4.6953 1.2589
v 0.5423 4.6801 0.8124
v 0.8973 4.6634 0.4291
v 1.3319 4.6514 0.2555
v 1.6801 4.6488 0.3578
v 1.6347 4.544 0.4081
v 1.7537 4.5511 0.7215
v 1.6246 4.5651 1.1341
v 1.2966 4.5806 1.4882
v 0.8951 4.5917 1.6486
v 0.5734 4.5941 1.554
v 0.4544 4.5869 1.2406
v 0.5835 4.5729 0.8281
v 0.9115 4.5574 0.474
v 1.313 4.5464 0.3136
v 1.6347 4.544 0.4081
v 1.5088 4.4592 0.5452
v 1.5998 4.4647 0.785
v 1.501 4.4754 1.1008
v 1.25 4.4872 1.3718
v 0.9427 4.4957 1.4946
v 0.6965 4.4975 1.4222
v 0.6054 4.492 1.1824
v 0.7042 4.4813 0.8666
v 0.9552 4.4695 0.5956
v 1.2625 4.461 0.4728
v 1.5088 4.4592 0.5452
v 1.3214 4.4074 0.7481
v 1.3707 4.4104 0.8779
v 1.3173 4.4162 1.0488
v 1.1814 4.4226 1.1955
v 1.0151 4.4272 1.2619
v 0.8819 4.4282 1.2228
v 0.8326 4.4252 1.093
v 0.886 4.4194 0.9221
v 1.0219 4.413 0.7754
v 1.1882 4.4084 0.709
v 1.3214 4.4074 0.7481
v 1.1013 4.3965 0.9861
v 1.1013 4.3965 0.9861
v 1.1013 4.3965 0.9861
v 1.1013 4.3965 0.9861
v 1.1013 4.3965 0.9861
v 1.1013 4.3965 0.9861
v 1.1013 4.3965 0.9861
v 1.1013 4.3965 0.9861
v 1.1013 4.3965 0.9861
v 1.1013 4.3965 0.9861
v 1.1013 4.3965 0.9861
v 0.0686 4.443 0.0151
v 0.0419 4.3882 0.0131
v -0.0163 4.3747 0.0013
v -0.0622 4.4126 -0.0115
v -0.0613 4.4734 -0.0157
v -0.0142 4.5113 -0.008
v 0.0436 4.4978 0.0057
v -0.2398 4.5367 1.3233
v -0.259 4.4973 1.3219
v -0.3009 4.4875 1.3133
v -0.334 4.5148 1.3041
v -0.3333 4.5586 1.3011
v -0.2994 4.5859 1.3066
v -0.2578 4.5761 1.3165
v 0 4.443 0
v -0.2892 4.5367 1.3124
v -0.2788 4.9346 1.3158
v -0.2788 4.9346 1.3158
v -0.2788 4.9346 1.3158
v -0.2788 4.9346 1.3158
v -0.2788 4.9346 1.3158
v -0.2788 4.9346 1.3158
v -0.2788 4.9346 1.3158
v -0.2788 4.9346 1.3158
v -0.2788 4.9346 1.3158
v -0.2788 4.9346 1.3158
v -0.2788 4.9346 1.3158
v -0.337 4.9086 0.9971
v -0.2037 4.9048 1.0358
v -0.0993 4.9008 1.1814
v -0.0639 4.8982 1.3783
v -0.1108 4.8979 1.5512
v -0.2222 4.9001 1.6341
v -0.3556 4.9039 1.5953
v -0.4599 4.9078 1.4497
v -0.4953 4.9105 1.2529
v -0.4484 4.9107 1.08
v -0.337 4.9086 0.9971
v -0.3879 4.8259 0.7263
v -0.1415 4.8189 0.7979
v 0.0512 4.8116 1.0669
v 0.1168 4.8067 1.4306
v 0.03 4.8062 1.7501
v -0.1758 4.8102 1.9033
v -0.4222 4.8172 1.8317
v -0.6149 4.8246 1.5627
v -0.6805 4.8294 1.199
v -0.5937 4.8299 0.8795
v -0.3879 4.8259 0.7263
v -0.4237 4.6992 0.5448
v -0.1019 4.6901 0.6383
v 0.15 4.6805 0.9898
v 0.2356 4.6741 1.465
v 0.1223 4.6735 1.8824
v -0.1467 4.6787 2.0826
v -0.4686 4.6879 1.9891
v -0.7204 4.6975 1.6376
v -0.806 4.7038 1.1624
v -0.6927 4.7045 0.745
v -0.4237 4.6992 0.5448
v -0.4391 4.5478 0.4801
v -0.0907 4.5379 0.5814
v 0.1819 4.5275 0.9618
v 0.2746 4.5206 1.4762
v 0.1519 4.5199 1.928
v -0.1392 4.5256 2.1446
v -0.4876 4.5355 2.0434
v -0.7602 4.5459 1.663
v -0.8529 4.5528 1.1486
v -0.7302 4.5535 0.6968
v -0.4391 4.5478 0.4801
v -0.4317 4.3947 0.5422
v -0.1098 4.3855 0.6357
v 0.1421 4.3759 0.9872
v 0.2277 4.3696 1.4624
v 0.1144 4.3689 1.8798
v -0.1546 4.3742 2.08
v -0.4765 4.3833 1.9865
v -0.7283 4.3929 1.635
v -0.8139 4.3993 1.1598
v -0.7006 4.3999 0.7423
v -0.4317 4.3947 0.5422
v -0.4025 4.2632 0.7215
v -0.1561 4.2562 0.793
v 0.0366 4.2488 1.0621
v 0.1022 4.244 1.4258
v 0.0154 4.2435 1.7452
v -0.1904 4.2475 1.8984
v -0.4368 4.2545 1.8269
v -0.6296 4.2618 1.5578
v -0.6951 4.2667 1.1941
v -0.6084 4.2672 0.8747
v -0.4025 4.2632 0.7215
v -0.3561 4.1733 0.9907
v -0.2228 4.1695 1.0295
v -0.1184 4.1656 1.1751
v -0.083 4.1629 1.3719
v -0.1299 4.1627 1.5448
v -0.2413 4.1648 1.6277
v -0.3747 4.1686 1.589
v -0.479 4.1726 1.4434
v -0.5144 4.1752 1.2465
v -0.4675 4.1755 1.0736
v -0.3561 4.1733 0.9907
v -0.2995 4.1388 1.3089
v -0.2995 4.1388 1.3089
v -0.2995 4.1388 1.3089
v -0.2995 4.1388 1.3089
v -0.2995 4.1388 1.3089
v -0.2995 4.1388 1.3089
v -0.2995 4.1388 1.3089
v -0.2995 4.1388 1.3089
v -0.2995 4.1388 1.3089
v -0.2995 4.1388 1.3089
v -0.2995 4.1388 1.3089
v 0.0389 4.443 0.075
v 0.0155 4.3777 0.0513
v -0.0195 4.3615 -0.0111
v -0.0399 4.4067 -0.0651
v -0.0302 4.4793 -0.0701
v 0.0022 4.5245 -0.0223
v 0.033 4.5084 0.0423
v -1.3467 4.6758 0.7667
v -1.3635 4.6288 0.7496
v -1.3888 4.6171 0.7047
v -1.4034 4.6497 0.6658
v -1.3965 4.7019 0.6622
v -1.3731 4.7345 0.6966
v -1.351 4.7229 0.7431
v 0 4.443 0
v -1.3747 4.6758 0.7127
v -1.3597 5.0208 0.718
v -1.3597 5.0208 0.718
v -1.3597 5.0208 0.718
v -1.3597 5.0208 0.718
v -1.3597 5.0208 0.718
v -1.3597 5.0208 0.718
v -1.3597 5.0208 0.718
v -1.3597 5.0208 0.718
v -1.3597 5.0208 0.718
v -1.3597 5.0208 0.718
v -1.3597 5.0208 0.718
v -1.634 5.0092 0.5447
v -1.5153 5.0051 0.4726
v -1.3376 4.997 0.4941
v -1.1688 4.988 0.601
v -1.0733 4.9815 0.7524
v -1.0876 4.9799 0.8906
v -1.2063 4.984 0.9627
v -1.384 4.9921 0.9411
v -1.5528 5.0011 0.8343
v -1.6483 5.0076 0.6828
v -1.634 5.0092 0.5447
v -1.8688 4.9468 0.3969
v -1.6496 4.9393 0.2637
v -1.3213 4.9243 0.3034
v -1.0093 4.9076 0.5009
v -0.8329 4.8956 0.7808
v -0.8593 4.8928 1.036
v -1.0786 4.9003 1.1692
v -1.4069 4.9152 1.1295
v -1.7188 4.9319 0.932
v -1.8953 4.9439 0.6522
v -1.8688 4.9468 0.3969
v -2.0284 4.8431 0.2972
v -1.742 4.8333 0.1231
v -1.313 4.8138 0.1751
v -0.9055 4.792 0.4331
v -0.6749 4.7762 0.7987
v -0.7095 4.7726 1.1322
v -0.9959 4.7824 1.3063
v -1.4249 4.8019 1.2544
v -1.8324 4.8237 0.9963
v -2.063 4.8394 0.6307
v -2.0284 4.8431 0.2972
v -2.0885 4.714 0.2607
v -1.7785 4.7034 0.0724
v -1.3142 4.6823 0.1286
v -0.873 4.6587 0.4079
v -0.6235 4.6416 0.8036
v -0.6609 4.6376 1.1646
v -0.9709 4.6482 1.353
v -1.4352 4.6694 1.2968
v -1.8764 4.693 1.0175
v -2.1259 4.71 0.6217
v -2.0885 4.714 0.2607
v -2.04 4.5791 0.2931
v -1.7535 4.5693 0.119
v -1.3246 4.5497 0.171
v -0.917 4.5279 0.429
v -0.6864 4.5122 0.7946
v -0.721 4.5085 1.1281
v -1.0074 4.5183 1.3022
v -1.4364 4.5378 1.2502
v -1.844 4.5596 0.9922
v -2.0745 4.5754 0.6266
v -2.04 4.5791 0.2931
v -1.8901 4.4588 0.3893
v -1.6709 4.4514 0.2561
v -1.3426 4.4364 0.2958
v -1.0306 4.4197 0.4933
v -0.8542 4.4077 0.7732
v -0.8806 4.4049 1.0284
v -1.0998 4.4123 1.1616
v -1.4281 4.4273 1.1219
v -1.7401 4.444 0.9244
v -1.9166 4.456 0.6446
v -1.8901 4.4588 0.3893
v -1.6618 4.3717 0.5348
v -1.5431 4.3676 0.4627
v -1.3655 4.3595 0.4842
v -1.1966 4.3505 0.5911
v -1.1011 4.344 0.7425
v -1.1154 4.3425 0.8806
v -1.2341 4.3465 0.9527
v -1.4118 4.3546 0.9312
v -1.5806 4.3636 0.8243
v -1.6761 4.3701 0.6729
v -1.6618 4.3717 0.5348
v -1.3898 4.3308 0.7073
v -1.3898 4.3308 0.7073
v -1.3898 4.3308 0.7073
v -1.3898 4.3308 0.7073
v -1.3898 4.3308 0.7073
v -1.3898 4.3308 0.7073
v -1.3898 4.3308 0.7073
v -1.3898 4.3308 0.7073
v -1.3898 4.3308 0.7073
v -1.3898 4.3308 0.7073
v -1.3898 4.3308 0.7073
v -0.023 4.443 0.0784
v -0.0204 4.3794 0.0471
v -0.0025 4.3637 -0.0197
v 0.0173 4.4077 -0.0717
v 0.0241 4.4783 -0.0697
v 0.0127 4.5223 -0.0152
v -0.0082 4.5066 0.0507
v -1.5481 4.6029 -0.3922
v -1.5463 4.5571 -0.4148
v -1.5334 4.5458 -0.4629
v -1.5191 4.5775 -0.5003
v -1.5142 4.6283 -0.4989
v -1.5224 4.66 -0.4597
v -1.5375 4.6486 -0.4122
v 0 4.443 0
v -1.5316 4.6029 -0.4487
v -1.5572 4.9888 -0.4741
v -1.5572 4.9888 -0.4741
v -1.5572 4.9888 -0.4741
v -1.5572 4.9888 -0.4741
v -1.5572 4.9888 -0.4741
v -1.5572 4.9888 -0.4741
v -1.5572 4.9888 -0.4741
v -1.5572 4.9888 -0.4741
v -1.5572 4.9888 -0.4741
v -1.5572 4.9888 -0.4741
v -1.5572 4.9888 -0.4741
v -1.8597 4.9464 -0.3633
v -1.8429 4.9384 -0.5009
v -1.7162 4.9385 -0.6276
v -1.528 4.9466 -0.6949
v -1.3502 4.9596 -0.6771
v -1.2507 4.9725 -0.581
v -1.2676 4.9804 -0.4434
v -1.3943 4.9803 -0.3167
v -1.5824 4.9723 -0.2494
v -1.7602 4.9593 -0.2672
v -1.8597 4.9464 -0.3633
v -2.1123 4.8516 -0.2654
v -2.0813 4.837 -0.5198
v -1.8471 4.8371 -0.7538
v -1.4994 4.8521 -0.8782
v -1.1709 4.876 -0.8453
v -0.9871 4.8999 -0.6679
v -1.0181 4.9146 -0.4135
v -1.2522 4.9144 -0.1795
v -1.6 4.8995 -0.0551
v -1.9285 4.8755 -0.088
v -2.1123 4.8516 -0.2654
v -2.2765 4.719 -0.1955
v -2.2359 4.6999 -0.5278
v -1.93 4.7001 -0.8336
v -1.4757 4.7196 -0.9961
v -1.0465 4.7509 -0.9532
v -0.8063 4.7821 -0.7213
v -0.8468 4.8012 -0.389
v -1.1527 4.801 -0.0832
v -1.6071 4.7815 0.0793
v -2.0363 4.7502 0.0364
v -2.2765 4.719 -0.1955
v -2.3273 4.5687 -0.1642
v -2.2833 4.548 -0.5239
v -1.9522 4.5482 -0.8548
v -1.4605 4.5693 -1.0307
v -0.9959 4.6032 -0.9843
v -0.7359 4.637 -0.7333
v -0.7798 4.6577 -0.3736
v -1.1109 4.6575 -0.0426
v -1.6027 4.6364 0.1333
v -2.0673 4.6025 0.0868
v -2.3273 4.5687 -0.1642
v -2.2569 4.4236 -0.1761
v -2.2163 4.4045 -0.5084
v -1.9104 4.4047 -0.8142
v -1.4561 4.4242 -0.9767
v -1.0268 4.4555 -0.9338
v -0.7866 4.4867 -0.7019
v -0.8272 4.5058 -0.3696
v -1.1331 4.5056 -0.0638
v -1.5874 4.4861 0.0987
v -2.0167 4.4548 0.0558
v -2.2569 4.4236 -0.1761
v -2.0761 4.3058 -0.2296
v -2.045 4.2912 -0.4839
v -1.8109 4.2913 -0.718
v -1.4632 4.3062 -0.8423
v -1.1347 4.3302 -0.8095
v -0.9508 4.3541 -0.632
v -0.9819 4.3687 -0.3777
v -1.216 4.3686 -0.1436
v -1.5637 4.3537 -0.0193
v -1.8922 4.3297 -0.0521
v -2.0761 4.3058 -0.2296
v -1.8124 4.2332 -0.3164
v -1.7956 4.2253 -0.454
v -1.6689 4.2254 -0.5807
v -1.4807 4.2335 -0.648
v -1.3029 4.2464 -0.6302
v -1.2034 4.2594 -0.5342
v -1.2202 4.2673 -0.3965
v -1.3469 4.2672 -0.2699
v -1.5351 4.2591 -0.2026
v -1.7129 4.2462 -0.2203
v -1.8124 4.2332 -0.3164
v -1.5059 4.2169 -0.4234
v -1.5059 4.2169 -0.4234
v -1.5059 4.2169 -0.4234
v -1.5059 4.2169 -0.4234
v -1.5059 4.2169 -0.4234
v -1.5059 4.2169 -0.4234
v -1.5059 4.2169 -0.4234
v -1.5059 4.2169 -0.4234
v -1.5059 4.2169 -0.4234
v -1.5059 4.2169 -0.4234
v -1.5059 4.2169 -0.4234
v -0.0641 4.443 0.024
v -0.0415 4.3897 0.0108
v 0.0123 4.3765 -0.0104
v 0.0569 4.4134 -0.0239
v 0.0586 4.4726 -0.0193
v 0.0162 4.5095 -0.0002
v -0.0384 4.4963 0.019
v -0.523 4.5549 -1.2578
v -0.5068 4.5165 -1.2672
v -0.468 4.507 -1.2825
v -0.4359 4.5336 -1.2922
v -0.4347 4.5762 -1.2889
v -0.4652 4.6027 -1.2752
v -0.5045 4.5932 -1.2613
v 0 4.443 0
v -0.4769 4.5549 -1.275
v -0.5166 4.9965 -1.2843
v -0.5166 4.9965 -1.2843
v -0.5166 4.9965 -1.2843
v -0.5166 4.9965 -1.2843
v -0.5166 4.9965 -1.2843
v -0.5166 4.9965 -1.2843
v -0.5166 4.9965 -1.2843
v -0.5166 4.9965 -1.2843
v -0.5166 4.9965 -1.2843
v -0.5166 4.9965 -1.2843
v -0.5166 4.9965 -1.2843
v -0.6084 4.9609 -0.9742
v -0.7087 4.9498 -1.0697
v -0.7344 4.9438 -1.2469
v -0.6758 4.945 -1.4381
v -0.5552 4.9531 -1.5703
v -0.4187 4.9649 -1.593
v -0.3184 4.9759 -1.4976
v -0.2927 4.982 -1.3204
v -0.3513 4.9807 -1.1291
v -0.4719 4.9727 -0.9969
v -0.6084 4.9609 -0.9742
v -0.6803 4.8634 -0.7099
v -0.8655 4.8431 -0.8863
v -0.9131 4.8319 -1.2137
v -0.8048 4.8342 -1.567
v -0.5819 4.8491 -1.8114
v -0.3296 4.8709 -1.8533
v -0.1444 4.8912 -1.6769
v -0.0968 4.9024 -1.3495
v -0.2051 4.9001 -0.9962
v -0.428 4.8852 -0.7518
v -0.6803 4.8634 -0.7099
v -0.7211 4.719 -0.5316
v -0.9632 4.6924 -0.7621
v -1.0253 4.6778 -1.1898
v -0.8838 4.6808 -1.6515
v -0.5926 4.7003 -1.9707
v -0.263 4.7287 -2.0256
v -0.0209 4.7553 -1.7951
v 0.0412 4.7699 -1.3673
v -0.1004 4.7669 -0.9056
v -0.3915 4.7475 -0.5864
v -0.7211 4.719 -0.5316
v -0.7248 4.5496 -0.4665
v -0.9868 4.5208 -0.716
v -1.0541 4.505 -1.179
v -0.9009 4.5082 -1.6787
v -0.5857 4.5293 -2.0242
v -0.229 4.5601 -2.0836
v 0.0331 4.5889 -1.8341
v 0.1003 4.6047 -1.3711
v -0.0529 4.6015 -0.8714
v -0.3681 4.5804 -0.5258
v -0.7248 4.5496 -0.4665
v -0.6907 4.381 -0.5245
v -0.9328 4.3544 -0.7549
v -0.995 4.3398 -1.1827
v -0.8534 4.3428 -1.6444
v -0.5622 4.3622 -1.9636
v -0.2326 4.3907 -2.0185
v 0.0095 4.4173 -1.788
v 0.0716 4.4319 -1.3602
v -0.07 4.4289 -0.8985
v -0.3612 4.4095 -0.5793
v -0.6907 4.381 -0.5245
v -0.6241 4.2388 -0.6967
v -0.8094 4.2185 -0.8731
v -0.857 4.2073 -1.2005
v -0.7486 4.2096 -1.5539
v -0.5257 4.2245 -1.7982
v -0.2735 4.2463 -1.8402
v -0.0882 4.2667 -1.6638
v -0.0407 4.2778 -1.3364
v -0.149 4.2755 -0.983
v -0.3719 4.2606 -0.7387
v -0.6241 4.2388 -0.6967
v -0.5351 4.1448 -0.957
v -0.6354 4.1338 -1.0525
v -0.6611 4.1277 -1.2297
v -0.6025 4.129 -1.4209
v -0.4818 4.1371 -1.5531
v -0.3453 4.1488 -1.5759
v -0.245 4.1599 -1.4804
v -0.2193 4.1659 -1.3032
v -0.2779 4.1647 -1.112
v -0.3986 4.1566 -0.9797
v -0.5351 4.1448 -0.957
v -0.4372 4.1132 -1.2657
v -0.4372 4.1132 -1.2657
v -0.4372 4.1132 -1.2657
v -0.4372 4.1132 -1.2657
v -0.4372 4.1132 -1.2657
v -0.4372 4.1132 -1.2657
v -0.4372 4.1132 -1.2657
v -0.4372 4.1132 -1.2657
v -0.4372 4.1132 -1.2657
v -0.4372 4.1132 -1.2657
v -0.4372 4.1132 -1.2657
v -0.0501 4.443 -0.0449
v -0.0261 4.3909 -0.0338
v 0.0176 4.3781 0.0028
v 0.048 4.4141 0.0373
v 0.0423 4.4719 0.0437
v 0.0047 4.5079 0.0172
v -0.0364 4.4951 -0.0223
v 0.9271 4.6569 -1.1069
v 0.9444 4.6194 -1.0989
v 0.9759 4.6101 -1.0726
v 0.9978 4.6361 -1.0477
v 0.9937 4.6777 -1.0432
v 0.9666 4.7036 -1.0622
v 0.937 4.6944 -1.0906
v 0 4.443 0
v 0.9632 4.6569 -1.0746
v 0.9275 5.0356 -1.066
v 0.9275 5.0356 -1.066
v 0.9275 5.0356 -1.066
v 0.9275 5.0356 -1.066
v 0.9275 5.0356 -1.066
v 0.9275 5.0356 -1.066
v 0.9275 5.0356 -1.066
v 0.9275 5.0356 -1.066
v 0.9275 5.0356 -1.066
v 0.9275 5.0356 -1.066
v 0.9275 5.0356 -1.066
v 1.1215 5.019 -0.8059
v 0.9853 5.0056 -0.7821
v 0.8281 4.9926 -0.867
v 0.7099 4.9851 -1.0282
v 0.6758 4.9859 -1.2041
v 0.7389 4.9946 -1.3275
v 0.8751 5.008 -1.3513
v 1.0323 5.0209 -1.2664
v 1.1506 5.0284 -1.1052
v 1.1846 5.0277 -0.9293
v 1.1215 5.019 -0.8059
v 1.2914 4.9472 -0.5867
v 1.0398 4.9224 -0.5427
v 0.7492 4.8986 -0.6996
v 0.5308 4.8847 -0.9974
v 0.4679 4.8861 -1.3224
v 0.5845 4.9022 -1.5504
v 0.8361 4.927 -1.5944
v 1.1267 4.9508 -1.4375
v 1.3451 4.9647 -1.1397
v 1.408 4.9633 -0.8147
v 1.2914 4.9472 -0.5867
v 1.4114 4.8312 -0.4417
v 1.0826 4.7989 -0.3843
v 0.703 4.7677 -0.5892
v 0.4176 4.7495 -0.9783
v 0.3354 4.7514 -1.4029
v 0.4877 4.7725 -1.7009
v 0.8165 4.8048 -1.7584
v 1.1961 4.836 -1.5534
v 1.4815 4.8541 -1.1643
v 1.5637 4.8523 -0.7397
v 1.4114 4.8312 -0.4417
v 1.4631 4.6887 -0.3931
v 1.1072 4.6537 -0.3309
v 0.6963 4.6199 -0.5528
v 0.3874 4.6003 -0.9739
v 0.2984 4.6023 -1.4335
v 0.4634 4.6251 -1.756
v 0.8192 4.6601 -1.8183
v 1.2301 4.6938 -1.5964
v 1.539 4.7135 -1.1753
v 1.628 4.7115 -0.7156
v 1.4631 4.6887 -0.3931
v 1.4387 4.5413 -0.4483
v 1.1099 4.509 -0.3908
v 0.7303 4.4778 -0.5958
v 0.4449 4.4597 -0.9849
v 0.3627 4.4615 -1.4095
v 0.5151 4.4826 -1.7074
v 0.8439 4.5149 -1.7649
v 1.2234 4.5461 -1.56
v 1.5089 4.5642 -1.1709
v 1.5911 4.5624 -0.7462
v 1.4387 4.5413 -0.4483
v 1.3419 4.4115 -0.5988
v 1.0903 4.3868 -0.5548
v 0.7998 4.3629 -0.7117
v 0.5813 4.3491 -1.0095
v 0.5184 4.3505 -1.3345
v 0.635 4.3666 -1.5625
v 0.8867 4.3913 -1.6065
v 1.1772 4.4152 -1.4496
v 1.3956 4.4291 -1.1518
v 1.4586 4.4277 -0.8268
v 1.3419 4.4115 -0.5988
v 1.1875 4.3191 -0.8217
v 1.0513 4.3058 -0.7979
v 0.8941 4.2928 -0.8828
v 0.7759 4.2853 -1.044
v 0.7418 4.2861 -1.2199
v 0.8049 4.2948 -1.3433
v 0.9411 4.3082 -1.3671
v 1.0984 4.3211 -1.2822
v 1.2166 4.3286 -1.121
v 1.2506 4.3279 -0.9451
v 1.1875 4.3191 -0.8217
v 0.9989 4.2781 -1.0831
v 0.9989 4.2781 -1.0831
v 0.9989 4.2781 -1.0831
v 0.9989 4.2781 -1.0831
v 0.9989 4.2781 -1.0831
v 0.9989 4.2781 -1.0831
v 0.9989 4.2781 -1.0831
v 0.9989 4.2781 -1.0831
v 0.9989 4.2781 -1.0831
v 0.9989 4.2781 -1.0831
v 0.9989 4.2781 -1.0831
v 0.0089 5.4944 -0.0826
v 0.0103 5.4296 -0.051
v 0.004 5.4136 0.019
v -0.0053 5.4585 0.0747
v -0.0107 5.5304 0.0741
v -0.0079 5.5752 0.0177
v 0.0007 5.5592 -0.052
v 1.3179 5.5925 0.0814
v 1.319 5.5458 0.1042
v 1.3144 5.5343 0.1546
v 1.3077 5.5666 0.1947
v 1.3039 5.6184 0.1943
v 1.3058 5.6506 0.1537
v 1.3121 5.6391 0.1035
v 0 5.4944 0
v 1.3116 5.5925 0.1409
v 1.3246 6.0501 0.1741
v 1.3246 6.0501 0.1741
v 1.3246 6.0501 0.1741
v 1.3246 6.0501 0.1741
v 1.3246 6.0501 0.1741
v 1.3246 6.0501 0.1741
v 1.3246 6.0501 0.1741
v 1.3246 6.0501 0.1741
v 1.3246 6.0501 0.1741
v 1.3246 6.0501 0.1741
v 1.3246 6.0501 0.1741
v 1.5845 6.0103 0.1374
v 1.5477 6.0036 0.244
v 1.4252 6.0014 0.3229
v 1.2639 6.0044 0.344
v 1.1254 6.0116 0.2993
v 1.0626 6.0202 0.2058
v 1.0995 6.0269 0.0992
v 1.222 6.0291 0.0203
v 1.3832 6.026 -0.0008
v 1.5217 6.0189 0.0439
v 1.5845 6.0103 0.1374
v 1.8029 5.9069 0.1012
v 1.7348 5.8946 0.2981
v 1.5085 5.8904 0.444
v 1.2105 5.8961 0.483
v 0.9546 5.9093 0.4004
v 0.8386 5.9252 0.2276
v 0.9067 5.9375 0.0307
v 1.133 5.9417 -0.1152
v 1.431 5.936 -0.1542
v 1.6869 5.9227 -0.0716
v 1.8029 5.9069 0.1012
v 1.9465 5.7556 0.0711
v 1.8575 5.7395 0.3283
v 1.5619 5.7341 0.5189
v 1.1725 5.7415 0.5699
v 0.8382 5.7588 0.4619
v 0.6866 5.7795 0.2362
v 0.7756 5.7957 -0.0211
v 1.0712 5.8011 -0.2116
v 1.4606 5.7937 -0.2627
v 1.7949 5.7763 -0.1547
v 1.9465 5.7556 0.0711
v 1.9934 5.5795 0.0516
v 1.8971 5.5621 0.33
v 1.5771 5.5562 0.5363
v 1.1557 5.5642 0.5915
v 0.7938 5.583 0.4746
v 0.6297 5.6054 0.2303
v 0.726 5.6229 -0.0482
v 1.046 5.6287 -0.2544
v 1.4674 5.6207 -0.3097
v 1.8293 5.6019 -0.1928
v 1.9934 5.5795 0.0516
v 1.9366 5.4054 0.0457
v 1.8475 5.3893 0.3029
v 1.5519 5.3839 0.4935
v 1.1625 5.3913 0.5445
v 0.8282 5.4086 0.4365
v 0.6766 5.4293 0.2108
v 0.7656 5.4454 -0.0465
v 1.0612 5.4508 -0.237
v 1.4506 5.4435 -0.2881
v 1.7849 5.4261 -0.1801
v 1.9366 5.4054 0.0457
v 1.7845 5.2598 0.0543
v 1.7164 5.2474 0.2512
v 1.4901 5.2433 0.397
v 1.1921 5.2489 0.4361
v 0.9362 5.2622 0.3534
v 0.8202 5.2781 0.1806
v 0.8883 5.2904 -0.0163
v 1.1146 5.2945 -0.1621
v 1.4126 5.2889 -0.2012
v 1.6685 5.2756 -0.1185
v 1.7845 5.2598 0.0543
v 1.5605 5.1648 0.0761
v 1.5236 5.1581 0.1826
v 1.4011 5.1559 0.2616
v 1.2399 5.1589 0.2827
v 1.1014 5.1661 0.238
v 1.0386 5.1747 0.1445
v 1.0754 5.1814 0.0379
v 1.1979 5.1836 -0.041
v 1.3592 5.1805 -0.0622
v 1.4977 5.1733 -0.0174
v 1.5605 5.1648 0.0761
v 1.2985 5.1349 0.1077
v 1.2985 5.1349 0.1077
v 1.2985 5.1349 0.1077
v 1.2985 5.1349 0.1077
v 1.2985 5.1349 0.1077
v 1.2985 5.1349 0.1077
v 1.2985 5.1349 0.1077
v 1.2985 5.1349 0.1077
v 1.2985 5.1349 0.1077
v 1.2985 5.1349 0.1077
v 1.2985 5.1349 0.1077
v 0.065 5.4944 -0.0416
v 0.0489 5.4361 -0.0128
v -0.004 5.4218 0.0256
v -0.0539 5.4621 0.0447
v -0.0632 5.5267 0.0302
v -0.0249 5.5671 -0.0071
v 0.0321 5.5527 -0.039
v 0.661 5.7989 0.9307
v 0.6494 5.7569 0.9514
v 0.6113 5.7466 0.9791
v 0.5754 5.7756 0.9928
v 0.5687 5.8222 0.9824
v 0.5963 5.8512 0.9555
v 0.6374 5.8408 0.9326
v 0 5.4944 0
v 0.6142 5.7989 0.9606
v 0.6212 6.0962 0.9643
v 0.6212 6.0962 0.9643
v 0.6212 6.0962 0.9643
v 0.6212 6.0962 0.9643
v 0.6212 6.0962 0.9643
v 0.6212 6.0962 0.9643
v 0.6212 6.0962 0.9643
v 0.6212 6.0962 0.9643
v 0.6212 6.0962 0.9643
v 0.6212 6.0962 0.9643
v 0.6212 6.0962 0.9643
v 0.7429 6.0736 0.7309
v 0.8091 6.0709 0.8224
v 0.8033 6.0692 0.968
v 0.7278 6.0692 1.112
v 0.6113 6.0709 1.1996
v 0.4984 6.0736 1.1971
v 0.4322 6.0763 1.1057
v 0.438 6.0779 0.9601
v 0.5135 6.0779 0.816
v 0.63 6.0763 0.7285
v 0.7429 6.0736 0.7309
v 0.845 6.0091 0.5325
v 0.9674 6.0042 0.7015
v 0.9567 6.0011 0.9705
v 0.8171 6.0011 1.2367
v 0.6019 6.0042 1.3985
v 0.3933 6.0091 1.394
v 0.2709 6.0141 1.225
v 0.2816 6.0171 0.956
v 0.4212 6.0171 0.6897
v 0.6364 6.0141 0.528
v 0.845 6.0091 0.5325
v 0.912 5.9127 0.3992
v 1.0718 5.9062 0.6201
v 1.0579 5.9022 0.9716
v 0.8756 5.9022 1.3194
v 0.5944 5.9062 1.5307
v 0.3218 5.9127 1.5249
v 0.1619 5.9191 1.304
v 0.1758 5.9231 0.9525
v 0.3582 5.9231 0.6047
v 0.6394 5.9191 0.3933
v 0.912 5.9127 0.3992
v 0.9336 5.7989 0.3515
v 1.1066 5.7919 0.5905
v 1.0916 5.7876 0.9709
v 0.8942 5.7876 1.3474
v 0.5899 5.7919 1.5762
v 0.2948 5.7989 1.5698
v 0.1218 5.8059 1.3308
v 0.1368 5.8102 0.9504
v 0.3342 5.8102 0.5739
v 0.6386 5.8059 0.3451
v 0.9336 5.7989 0.3515
v 0.9066 5.6851 0.3964
v 1.0665 5.6786 0.6173
v 1.0526 5.6746 0.9688
v 0.8702 5.6746 1.3166
v 0.589 5.6786 1.5279
v 0.3165 5.6851 1.5221
v 0.1566 5.6916 1.3012
v 0.1705 5.6956 0.9497
v 0.3529 5.6956 0.6019
v 0.634 5.6916 0.3906
v 0.9066 5.6851 0.3964
v 0.8351 5.5886 0.5273
v 0.9575 5.5837 0.6963
v 0.9468 5.5806 0.9653
v 0.8073 5.5806 1.2316
v 0.5921 5.5837 1.3933
v 0.3834 5.5887 1.3888
v 0.2611 5.5936 1.2198
v 0.2717 5.5967 0.9508
v 0.4113 5.5967 0.6846
v 0.6265 5.5936 0.5228
v 0.8351 5.5886 0.5273
v 0.73 5.5242 0.7241
v 0.7962 5.5215 0.8156
v 0.7905 5.5199 0.9612
v 0.7149 5.5199 1.1053
v 0.5984 5.5215 1.1928
v 0.4855 5.5242 1.1904
v 0.4193 5.5269 1.0989
v 0.4251 5.5285 0.9533
v 0.5006 5.5285 0.8093
v 0.6171 5.5269 0.7217
v 0.73 5.5242 0.7241
v 0.6072 5.5016 0.957
v 0.6072 5.5016 0.957
v 0.6072 5.5016 0.957
v 0.6072 5.5016 0.957
v 0.6072 5.5016 0.957
v 0.6072 5.5016 0.957
v 0.6072 5.5016 0.957
v 0.6072 5.5016 0.957
v 0.6072 5.5016 0.957
v 0.6072 5.5016 0.957
v 0.6072 5.5016 0.957
v 0.0666 5.4944 0.0329
v 0.0354 5.438 0.0329
v -0.0225 5.4241 0.0082
v -0.0634 5.4631 -0.0227
v -0.0566 5.5257 -0.0365
v -0.0072 5.5647 -0.0228
v 0.0477 5.5508 0.0081
v -0.4479 5.7697 1.0292
v -0.4703 5.7291 1.0293
v -0.512 5.7191 1.0115
v -0.5415 5.7472 0.9892
v -0.5366 5.7922 0.9793
v -0.501 5.8203 0.9892
v -0.4615 5.8103 1.0114
v 0 5.4944 0
v -0.4958 5.7697 1.0056
v -0.5517 6.1658 1.0163
v -0.5517 6.1658 1.0163
v -0.5517 6.1658 1.0163
v -0.5517 6.1658 1.0163
v -0.5517 6.1658 1.0163
v -0.5517 6.1658 1.0163
v -0.5517 6.1658 1.0163
v -0.5517 6.1658 1.0163
v -0.5517 6.1658 1.0163
v -0.5517 6.1658 1.0163
v -0.5517 6.1658 1.0163
v -0.6459 6.1284 0.7715
v -0.5343 6.1439 0.7803
v -0.4278 6.1563 0.8789
v -0.367 6.1608 1.0297
v -0.3751 6.1557 1.1751
v -0.4491 6.1429 1.2595
v -0.5606 6.1274 1.2508
v -0.6671 6.1151 1.1521
v -0.7279 6.1106 1.0013
v -0.7198 6.1157 0.8559
v -0.6459 6.1284 0.7715
v -0.7172 6.0364 0.5623
v -0.511 6.065 0.5785
v -0.3142 6.0878 0.7608
v -0.2018 6.0961 1.0394
v -0.2168 6.0867 1.3081
v -0.3535 6.0632 1.4641
v -0.5596 6.0346 1.4479
v -0.7565 6.0118 1.2656
v -0.8689 6.0035 0.9869
v -0.8538 6.0129 0.7183
v -0.7172 6.0364 0.5623
v -0.7548 5.9038 0.4205
v -0.4855 5.9412 0.4418
v -0.2283 5.971 0.6799
v -0.0815 5.9818 1.044
v -0.1011 5.9695 1.395
v -0.2797 5.9388 1.5988
v -0.549 5.9014 1.5776
v -0.8061 5.8716 1.3395
v -0.953 5.8608 0.9754
v -0.9333 5.873 0.6244
v -0.7548 5.9038 0.4205
v -0.753 5.7507 0.3679
v -0.4615 5.7912 0.3908
v -0.1831 5.8235 0.6486
v -0.0242 5.8352 1.0427
v -0.0454 5.8219 1.4226
v -0.2387 5.7887 1.6433
v -0.5302 5.7482 1.6203
v -0.8086 5.7159 1.3626
v -0.9675 5.7042 0.9684
v -0.9462 5.7175 0.5885
v -0.753 5.7507 0.3679
v -0.712 5.6006 0.4123
v -0.4427 5.638 0.4335
v -0.1855 5.6678 0.6717
v -0.0387 5.6786 1.0358
v -0.0583 5.6664 1.3868
v -0.2369 5.6356 1.5906
v -0.5062 5.5982 1.5694
v -0.7634 5.5684 1.3313
v -0.9102 5.5576 0.9672
v -0.8906 5.5699 0.6162
v -0.712 5.6006 0.4123
v -0.6381 5.4762 0.5471
v -0.432 5.5048 0.5633
v -0.2352 5.5276 0.7456
v -0.1228 5.5359 1.0242
v -0.1378 5.5265 1.2929
v -0.2745 5.503 1.4489
v -0.4806 5.4744 1.4327
v -0.6775 5.4516 1.2504
v -0.7898 5.4433 0.9717
v -0.7748 5.4527 0.7031
v -0.6381 5.4762 0.5471
v -0.5426 5.3965 0.7516
v -0.4311 5.412 0.7604
v -0.3245 5.4243 0.8591
v -0.2637 5.4288 1.0099
v -0.2718 5.4237 1.1553
v -0.3458 5.411 1.2397
v -0.4574 5.3955 1.2309
v -0.5639 5.3831 1.1323
v -0.6247 5.3787 0.9815
v -0.6166 5.3837 0.8361
v -0.5426 5.3965 0.7516
v -0.44 5.3736 0.9948
v -0.44 5.3736 0.9948
v -0.44 5.3736 0.9948
v -0.44 5.3736 0.9948
v -0.44 5.3736 0.9948
v -0.44 5.3736 0.9948
v -0.44 5.3736 0.9948
v -0.44 5.3736 0.9948
v -0.44 5.3736 0.9948
v -0.44 5.3736 0.9948
v -0.44 5.3736 0.9948
v 0.0204 5.4944 0.0744
v 0.0075 5.4343 0.0478
v -0.0111 5.4195 -0.0147
v -0.0213 5.4611 -0.0662
v -0.0155 5.5277 -0.0678
v 0.002 5.5693 -0.0184
v 0.018 5.5545 0.0449
v -1.2396 5.6129 0.398
v -1.249 5.5697 0.3788
v -1.2623 5.559 0.3338
v -1.2697 5.5889 0.2967
v -1.2655 5.6369 0.2955
v -1.2529 5.6669 0.3312
v -1.2414 5.6562 0.3767
v 0 5.4944 0
v -1.2543 5.6129 0.3444
v -1.2571 5.959 0.3704
v -1.2571 5.959 0.3704
v -1.2571 5.959 0.3704
v -1.2571 5.959 0.3704
v -1.2571 5.959 0.3704
v -1.2571 5.959 0.3704
v -1.2571 5.959 0.3704
v -1.2571 5.959 0.3704
v -1.2571 5.959 0.3704
v -1.2571 5.959 0.3704
v -1.2571 5.959 0.3704
v -1.5065 5.9369 0.2849
v -1.4267 5.9436 0.2052
v -1.282 5.946 0.1879
v -1.1278 5.9434 0.2396
v -1.0228 5.9366 0.3404
v -1.0073 5.9284 0.452
v -1.0872 5.9217 0.5317
v -1.2318 5.9192 0.549
v -1.386 5.9219 0.4974
v -1.491 5.9286 0.3965
v -1.5065 5.9369 0.2849
v -1.7174 5.8655 0.2084
v -1.57 5.8778 0.0612
v -1.3027 5.8824 0.0292
v -1.0177 5.8775 0.1246
v -0.8238 5.865 0.311
v -0.7952 5.8497 0.5172
v -0.9426 5.8374 0.6644
v -1.2099 5.8329 0.6964
v -1.4949 5.8378 0.601
v -1.6888 5.8502 0.4146
v -1.7174 5.8655 0.2084
v -1.8579 5.7557 0.1526
v -1.6652 5.7717 -0.0397
v -1.316 5.7777 -0.0815
v -0.9436 5.7713 0.0432
v -0.6903 5.755 0.2867
v -0.6529 5.735 0.5561
v -0.8456 5.719 0.7485
v -1.1948 5.713 0.7903
v -1.5672 5.7194 0.6656
v -1.8205 5.7357 0.422
v -1.8579 5.7557 0.1526
v -1.9065 5.6241 0.126
v -1.6979 5.6415 -0.0822
v -1.3199 5.6479 -0.1274
v -0.9169 5.641 0.0075
v -0.6427 5.6234 0.2712
v -0.6022 5.6017 0.5628
v -0.8107 5.5844 0.7709
v -1.1887 5.5779 0.8162
v -1.5918 5.5848 0.6812
v -1.8659 5.6025 0.4176
v -1.9065 5.6241 0.126
v -1.8558 5.4908 0.1326
v -1.6631 5.5069 -0.0597
v -1.3139 5.5128 -0.1015
v -0.9415 5.5064 0.0232
v -0.6882 5.4901 0.2668
v -0.6507 5.4702 0.5362
v -0.8434 5.4541 0.7285
v -1.1927 5.4481 0.7703
v -1.565 5.4545 0.6456
v -1.8183 5.4708 0.402
v -1.8558 5.4908 0.1326
v -1.7135 5.3761 0.1715
v -1.566 5.3884 0.0243
v -1.2987 5.393 -0.0077
v -1.0137 5.3881 0.0878
v -0.8199 5.3756 0.2742
v -0.7912 5.3603 0.4804
v -0.9387 5.348 0.6276
v -1.206 5.3435 0.6596
v -1.491 5.3484 0.5641
v -1.6848 5.3608 0.3777
v -1.7135 5.3761 0.1715
v -1.5013 5.2975 0.2367
v -1.4215 5.3041 0.1571
v -1.2768 5.3066 0.1398
v -1.1226 5.3039 0.1914
v -1.0177 5.2972 0.2923
v -1.0022 5.2889 0.4039
v -1.082 5.2823 0.4835
v -1.2266 5.2798 0.5009
v -1.3809 5.2824 0.4492
v -1.4858 5.2892 0.3483
v -1.5013 5.2975 0.2367
v -1.2515 5.2669 0.3183
v -1.2515 5.2669 0.3183
v -1.2515 5.2669 0.3183
v -1.2515 5.2669 0.3183
v -1.2515 5.2669 0.3183
v -1.2515 5.2669 0.3183
v -1.2515 5.2669 0.3183
v -1.2515 5.2669 0.3183
v -1.2515 5.2669 0.3183
v -1.2515 5.2669 0.3183
v -1.2515 5.2669 0.3183
v -0.0363 5.4944 0.0616
v -0.0299 5.4391 0.0342
v -0.0009 5.4255 -0.019
v 0.0287 5.4637 -0.0579
v 0.0367 5.5251 -0.0532
v 0.0171 5.5634 -0.0084
v -0.0154 5.5497 0.0427
v -1.1003 5.6835 -0.5886
v -1.0956 5.6437 -0.6084
v -1.0748 5.6339 -0.6467
v -1.0535 5.6614 -0.6747
v -1.0477 5.7056 -0.6713
v -1.0618 5.7332 -0.6391
v -1.0852 5.7233 -0.6023
v 0 5.4944 0
v -1.0741 5.6835 -0.633
v -1.0293 6.1022 -0.6169
v -1.0293 6.1022 -0.6169
v -1.0293 6.1022 -0.6169
v -1.0293 6.1022 -0.6169
v -1.0293 6.1022 -0.6169
v -1.0293 6.1022 -0.6169
v -1.0293 6.1022 -0.6169
v -1.0293 6.1022 -0.6169
v -1.0293 6.1022 -0.6169
v -1.0293 6.1022 -0.6169
v -1.0293 6.1022 -0.6169
v -1.2458 6.0872 -0.4645
v -1.2635 6.0934 -0.5759
v -1.1931 6.0908 -0.7034
v -1.0614 6.0803 -0.7984
v -0.9188 6.0661 -0.8245
v -0.8197 6.0534 -0.7718
v -0.8019 6.0472 -0.6604
v -0.8724 6.0499 -0.5328
v -1.0041 6.0603 -0.4379
v -1.1467 6.0746 -0.4118
v -1.2458 6.0872 -0.4645
v -1.4362 6.0108 -0.3378
v -1.4689 6.0222 -0.5436
v -1.3388 6.0173 -0.7793
v -1.0954 5.998 -0.9547
v -0.8319 5.9717 -1.0029
v -0.6487 5.9483 -0.9055
v -0.616 5.9369 -0.6997
v -0.7461 5.9418 -0.464
v -0.9895 5.9611 -0.2886
v -1.253 5.9874 -0.2404
v -1.4362 6.0108 -0.3378
v -1.5714 5.8845 -0.256
v -1.6142 5.8995 -0.5249
v -1.4441 5.8931 -0.8328
v -1.1262 5.8679 -1.062
v -0.7818 5.8334 -1.125
v -0.5426 5.8029 -0.9977
v -0.4998 5.788 -0.7288
v -0.6698 5.7944 -0.4209
v -0.9878 5.8196 -0.1917
v -1.3321 5.854 -0.1287
v -1.5714 5.8845 -0.256
v -1.6309 5.7277 -0.2316
v -1.6772 5.7438 -0.5227
v -1.4932 5.7369 -0.8559
v -1.1491 5.7097 -1.104
v -0.7763 5.6724 -1.1722
v -0.5173 5.6394 -1.0345
v -0.471 5.6232 -0.7434
v -0.6551 5.6301 -0.4101
v -0.9992 5.6574 -0.162
v -1.372 5.6947 -0.0938
v -1.6309 5.7277 -0.2316
v -1.6057 5.5641 -0.2683
v -1.6485 5.579 -0.5372
v -1.4784 5.5727 -0.8451
v -1.1605 5.5474 -1.0743
v -0.8161 5.513 -1.1373
v -0.5769 5.4825 -1.0101
v -0.5341 5.4676 -0.7411
v -0.7041 5.474 -0.4333
v -1.0221 5.4992 -0.204
v -1.3664 5.5336 -0.141
v -1.6057 5.5641 -0.2683
v -1.4995 5.4187 -0.3606
v -1.5323 5.4301 -0.5664
v -1.4021 5.4253 -0.802
v -1.1588 5.406 -0.9774
v -0.8952 5.3796 -1.0257
v -0.7121 5.3563 -0.9283
v -0.6794 5.3448 -0.7224
v -0.8095 5.3497 -0.4868
v -1.0528 5.369 -0.3114
v -1.3164 5.3954 -0.2631
v -1.4995 5.4187 -0.3606
v -1.3286 5.3136 -0.4943
v -1.3463 5.3198 -0.6057
v -1.2759 5.3172 -0.7332
v -1.1442 5.3067 -0.8281
v -1.0016 5.2925 -0.8542
v -0.9025 5.2798 -0.8015
v -0.8847 5.2736 -0.6901
v -0.9552 5.2763 -0.5626
v -1.0869 5.2867 -0.4677
v -1.2295 5.301 -0.4416
v -1.3286 5.3136 -0.4943
v -1.1189 5.2649 -0.6491
v -1.1189 5.2649 -0.6491
v -1.1189 5.2649 -0.6491
v -1.1189 5.2649 -0.6491
v -1.1189 5.2649 -0.6491
v -1.1189 5.2649 -0.6491
v -1.1189 5.2649 -0.6491
v -1.1189 5.2649 -0.6491
v -1.1189 5.2649 -0.6491
v -1.1189 5.2649 -0.6491
v -1.1189 5.2649 -0.6491
v -0.064 5.4944 0.0037
v -0.0405 5.4452 -0.007
v 0.0136 5.433 -0.0125
v 0.0574 5.4671 -0.0085
v 0.058 5.5217 0.0018
v 0.0149 5.5558 0.0108
v -0.0394 5.5437 0.0117
v -0.109 5.7007 -1.0808
v -0.092 5.6652 -1.0885
v -0.0531 5.6565 -1.0924
v -0.0216 5.681 -1.0896
v -0.0212 5.7204 -1.0821
v -0.0522 5.7449 -1.0756
v -0.0913 5.7361 -1.075
v 0 5.4944 0
v -0.0629 5.7007 -1.0834
v -0.0293 6.006 -1.0821
v -0.0293 6.006 -1.0821
v -0.0293 6.006 -1.0821
v -0.0293 6.006 -1.0821
v -0.0293 6.006 -1.0821
v -0.0293 6.006 -1.0821
v -0.0293 6.006 -1.0821
v -0.0293 6.006 -1.0821
v -0.0293 6.006 -1.0821
v -0.0293 6.006 -1.0821
v -0.0293 6.006 -1.0821
v -0.0444 5.9829 -0.8192
v -0.1424 5.994 -0.8742
v -0.1983 6.0007 -1.0087
v -0.1905 6.0006 -1.1712
v -0.1222 5.9937 -1.2997
v -0.0194 5.9826 -1.3451
v 0.0787 5.9715 -1.2901
v 0.1345 5.9648 -1.1557
v 0.1268 5.9649 -0.9932
v 0.0584 5.9718 -0.8647
v -0.0444 5.9829 -0.8192
v -0.0623 5.9169 -0.5966
v -0.2435 5.9373 -0.6983
v -0.3466 5.9498 -0.9467
v -0.3323 5.9496 -1.2469
v -0.206 5.9368 -1.4844
v -0.016 5.9162 -1.5683
v 0.1652 5.8958 -1.4667
v 0.2683 5.8834 -1.2183
v 0.254 5.8836 -0.918
v 0.1277 5.8964 -0.6806
v -0.0623 5.9169 -0.5966
v -0.0803 5.818 -0.4482
v -0.317 5.8446 -0.5809
v -0.4517 5.8609 -0.9055
v -0.4331 5.8606 -1.2978
v -0.2681 5.8439 -1.608
v -0.0198 5.8171 -1.7177
v 0.2169 5.7904 -1.5849
v 0.3516 5.7741 -1.2604
v 0.333 5.7744 -0.8681
v 0.168 5.7911 -0.5578
v -0.0803 5.818 -0.4482
v -0.0956 5.7012 -0.3964
v -0.3518 5.73 -0.5401
v -0.4977 5.7477 -0.8914
v -0.4775 5.7474 -1.316
v -0.2989 5.7292 -1.6518
v -0.0302 5.7002 -1.7705
v 0.226 5.6714 -1.6268
v 0.3719 5.6537 -1.2755
v 0.3517 5.654 -0.8509
v 0.1731 5.6721 -0.5151
v -0.0956 5.7012 -0.3964
v -0.106 5.5843 -0.4492
v -0.3427 5.6109 -0.582
v -0.4774 5.6272 -0.9065
v -0.4588 5.627 -1.2988
v -0.2938 5.6102 -1.6091
v -0.0455 5.5834 -1.7187
v 0.1912 5.5568 -1.5859
v 0.3259 5.5405 -1.2614
v 0.3072 5.5407 -0.8691
v 0.1423 5.5575 -0.5589
v -0.106 5.5843 -0.4492
v -0.1098 5.4851 -0.5986
v -0.291 5.5055 -0.7002
v -0.3941 5.518 -0.9486
v -0.3798 5.5178 -1.2489
v -0.2535 5.505 -1.4863
v -0.0635 5.4845 -1.5702
v 0.1176 5.4641 -1.4686
v 0.2208 5.4516 -1.2202
v 0.2065 5.4518 -0.92
v 0.0802 5.4646 -0.6825
v -0.1098 5.4851 -0.5986
v -0.1065 5.4188 -0.8218
v -0.2045 5.4298 -0.8768
v -0.2603 5.4366 -1.0112
v -0.2526 5.4365 -1.1737
v -0.1843 5.4295 -1.3022
v -0.0814 5.4184 -1.3476
v 0.0166 5.4074 -1.2926
v 0.0724 5.4006 -1.1582
v 0.0647 5.4008 -0.9957
v -0.0036 5.4077 -0.8672
v -0.1065 5.4188 -0.8218
v -0.0965 5.3954 -1.0848
v -0.0965 5.3954 -1.0848
v -0.0965 5.3954 -1.0848
v -0.0965 5.3954 -1.0848
v -0.0965 5.3954 -1.0848
v -0.0965 5.3954 -1.0848
v -0.0965 5.3954 -1.0848
v -0.0965 5.3954 -1.0848
v -0.0965 5.3954 -1.0848
v -0.0965 5.3954 -1.0848
v -0.0965 5.3954 -1.0848
v -0.0301 5.4944 -0.0419
v -0.0122 5.4549 -0.0308
v 0.0149 5.4451 0.0034
v 0.0308 5.4725 0.0351
v 0.0235 5.5163 0.0404
v -0.0015 5.5437 0.0152
v -0.0253 5.5339 -0.0214
v 0.9731 5.7446 -0.7451
v 0.986 5.7162 -0.7371
v 1.0055 5.7091 -0.7124
v 1.0169 5.7288 -0.6896
v 1.0117 5.7604 -0.6859
v 0.9937 5.7801 -0.704
v 0.9765 5.7731 -0.7303
v 0 5.4944 0
v 0.9948 5.7446 -0.7149
v 1.0103 6.0724 -0.7031
v 1.0103 6.0724 -0.7031
v 1.0103 6.0724 -0.7031
v 1.0103 6.0724 -0.7031
v 1.0103 6.0724 -0.7031
v 1.0103 6.0724 -0.7031
v 1.0103 6.0724 -0.7031
v 1.0103 6.0724 -0.7031
v 1.0103 6.0724 -0.7031
v 1.0103 6.0724 -0.7031
v 1.0103 6.0724 -0.7031
v 1.2065 6.0318 -0.5305
v 1.102 6.0353 -0.4877
v 0.9621 6.0433 -0.5275
v 0.8401 6.053 -0.6347
v 0.7827 6.0605 -0.7684
v 0.8118 6.063 -0.8775
v 0.9163 6.0596 -0.9204
v 1.0562 6.0515 -0.8806
v 1.1782 6.0419 -0.7734
v 1.2356 6.0344 -0.6397
v 1.2065 6.0318 -0.5305
v 1.3704 5.9476 -0.386
v 1.1774 5.9539 -0.3068
v 0.9188 5.9688 -0.3803
v 0.6934 5.9866 -0.5785
v 0.5874 6.0005 -0.8255
v 0.6411 6.0052 -1.0272
v 0.8342 5.9989 -1.1064
v 1.0927 5.984 -1.0329
v 1.3181 5.9662 -0.8347
v 1.4242 5.9523 -0.5877
v 1.3704 5.9476 -0.386
v 1.4772 5.8324 -0.2916
v 1.225 5.8406 -0.1881
v 0.8871 5.8601 -0.2841
v 0.5927 5.8834 -0.543
v 0.4541 5.9015 -0.8658
v 0.5243 5.9077 -1.1293
v 0.7765 5.8994 -1.2327
v 1.1143 5.88 -1.1367
v 1.4088 5.8567 -0.8778
v 1.5474 5.8385 -0.555
v 1.4772 5.8324 -0.2916
v 1.5105 5.7039 -0.2616
v 1.2375 5.7128 -0.1496
v 0.8718 5.7339 -0.2535
v 0.5531 5.759 -0.5337
v 0.4031 5.7787 -0.8831
v 0.4791 5.7853 -1.1683
v 0.7521 5.7764 -1.2803
v 1.1178 5.7554 -1.1763
v 1.4365 5.7302 -0.8961
v 1.5865 5.7105 -0.5467
v 1.5105 5.7039 -0.2616
v 1.4653 5.5815 -0.3006
v 1.2131 5.5898 -0.1971
v 0.8752 5.6092 -0.2931
v 0.5808 5.6325 -0.552
v 0.4422 5.6507 -0.8748
v 0.5124 5.6568 -1.1383
v 0.7646 5.6486 -1.2417
v 1.1025 5.6291 -1.1457
v 1.3969 5.6058 -0.8868
v 1.5355 5.5877 -0.564
v 1.4653 5.5815 -0.3006
v 1.3484 5.484 -0.4027
v 1.1554 5.4903 -0.3235
v 0.8968 5.5052 -0.397
v 0.6715 5.523 -0.5951
v 0.5654 5.5369 -0.8422
v 0.6192 5.5416 -1.0438
v 0.8122 5.5353 -1.123
v 1.0708 5.5204 -1.0495
v 1.2961 5.5026 -0.8514
v 1.4022 5.4887 -0.6043
v 1.3484 5.484 -0.4027
v 1.1778 5.4262 -0.5523
v 1.0733 5.4296 -0.5094
v 0.9334 5.4377 -0.5492
v 0.8114 5.4473 -0.6565
v 0.754 5.4548 -0.7902
v 0.7831 5.4574 -0.8993
v 0.8875 5.454 -0.9422
v 1.0275 5.4459 -0.9024
v 1.1495 5.4363 -0.7951
v 1.2069 5.4287 -0.6614
v 1.1778 5.4262 -0.5523
v 0.9792 5.4168 -0.7267
v 0.9792 5.4168 -0.7267
v 0.9792 5.4168 -0.7267
v 0.9792 5.4168 -0.7267
v 0.9792 5.4168 -0.7267
v 0.9792 5.4168 -0.7267
v 0.9792 5.4168 -0.7267
v 0.9792 5.4168 -0.7267
v 0.9792 5.4168 -0.7267
v 0.9792 5.4168 -0.7267
v 0.9792 5.4168 -0.7267
v -0.0031 6.5458 -0.0748
v 0.01 6.4885 -0.0471
v 0.0155 6.4744 0.016
v 0.0094 6.514 0.0671
v -0.0038 6.5776 0.0676
v -0.0142 6.6172 0.0173
v -0.0139 6.6031 -0.0461
v 1.0271 6.7602 -0.0968
v 1.0365 6.719 -0.0769
v 1.0405 6.7088 -0.0315
v 1.0361 6.7373 0.0053
v 1.0266 6.7831 0.0057
v 1.0191 6.8117 -0.0306
v 1.0193 6.8015 -0.0762
v 0 6.5458 0
v 1.0293 6.7602 -0.043
v 1.0194 7.0631 -0.0547
v 1.0194 7.0631 -0.0547
v 1.0194 7.0631 -0.0547
v 1.0194 7.0631 -0.0547
v 1.0194 7.0631 -0.0547
v 1.0194 7.0631 -0.0547
v 1.0194 7.0631 -0.0547
v 1.0194 7.0631 -0.0547
v 1.0194 7.0631 -0.0547
v 1.0194 7.0631 -0.0547
v 1.0194 7.0631 -0.0547
v 1.2249 7.0471 -0.0434
v 1.1817 7.0487 0.0333
v 1.0768 7.047 0.0767
v 0.9503 7.0426 0.0702
v 0.8505 7.0372 0.0164
v 0.8155 7.033 -0.0643
v 0.8587 7.0314 -0.1409
v 0.9636 7.0332 -0.1843
v 1.0901 7.0375 -0.1779
v 1.1899 7.0429 -0.1241
v 1.2249 7.0471 -0.0434
v 1.4006 6.9875 -0.032
v 1.3207 6.9904 0.1097
v 1.1269 6.9872 0.1898
v 0.8931 6.9791 0.1779
v 0.7087 6.9692 0.0785
v 0.6441 6.9613 -0.0706
v 0.7239 6.9584 -0.2122
v 0.9177 6.9616 -0.2924
v 1.1515 6.9697 -0.2805
v 1.3359 6.9796 -0.181
v 1.4006 6.9875 -0.032
v 1.5197 6.8932 -0.0223
v 1.4154 6.897 0.1628
v 1.1622 6.8928 0.2676
v 0.8568 6.8822 0.252
v 0.6158 6.8693 0.122
v 0.5313 6.859 -0.0727
v 0.6356 6.8553 -0.2578
v 0.8889 6.8595 -0.3625
v 1.1943 6.8701 -0.347
v 1.4353 6.883 -0.217
v 1.5197 6.8932 -0.0223
v 1.5642 6.7787 -0.0157
v 1.4513 6.7828 0.1846
v 1.1772 6.7783 0.298
v 0.8466 6.7668 0.2812
v 0.5858 6.7528 0.1405
v 0.4944 6.7417 -0.0703
v 0.6073 6.7376 -0.2706
v 0.8814 6.7422 -0.384
v 1.212 6.7536 -0.3672
v 1.4728 6.7676 -0.2265
v 1.5642 6.7787 -0.0157
v 1.5273 6.6614 -0.0133
v 1.423 6.6652 0.1718
v 1.1698 6.661 0.2765
v 0.8643 6.6504 0.261
v 0.6234 6.6375 0.131
v 0.5389 6.6272 -0.0637
v 0.6432 6.6234 -0.2488
v 0.8964 6.6277 -0.3536
v 1.2019 6.6382 -0.338
v 1.4428 6.6511 -0.208
v 1.5273 6.6614 -0.0133
v 1.4146 6.5592 -0.0154
v 1.3347 6.562 0.1262
v 1.1409 6.5588 0.2064
v 0.9071 6.5507 0.1945
v 0.7227 6.5408 0.095
v 0.6581 6.533 -0.054
v 0.7379 6.5301 -0.1957
v 0.9317 6.5333 -0.2758
v 1.1655 6.5414 -0.2639
v 1.3499 6.5513 -0.1645
v 1.4146 6.5592 -0.0154
v 1.2432 6.4875 -0.0217
v 1.2 6.489 0.0549
v 1.0951 6.4873 0.0983
v 0.9685 6.4829 0.0919
v 0.8687 6.4776 0.0381
v 0.8337 6.4733 -0.0426
v 0.877 6.4718 -0.1193
v 0.9818 6.4735 -0.1627
v 1.1084 6.4779 -0.1562
v 1.2082 6.4832 -0.1024
v 1.2432 6.4875 -0.0217
v 1.0392 6.4573 -0.0313
v 1.0392 6.4573 -0.0313
v 1.0392 6.4573 -0.0313
v 1.0392 6.4573 -0.0313
v 1.0392 6.4573 -0.0313
v 1.0392 6.4573 -0.0313
v 1.0392 6.4573 -0.0313
v 1.0392 6.4573 -0.0313
v 1.0392 6.4573 -0.0313
v 1.0392 6.4573 -0.0313
v 1.0392 6.4573 -0.0313
v 0.0336 6.5458 -0.0351
v 0.0274 6.5089 -0.0157
v 0.0005 6.4998 0.0155
v -0.0267 6.5253 0.035
v -0.0338 6.5663 0.0282
v -0.0155 6.5919 0.0001
v 0.0145 6.5827 -0.028
v 0.695 6.7696 0.6164
v 0.6905 6.743 0.6303
v 0.6712 6.7364 0.6528
v 0.6516 6.7548 0.6669
v 0.6464 6.7843 0.662
v 0.6596 6.8027 0.6417
v 0.6812 6.7962 0.6215
v 0 6.5458 0
v 0.6708 6.7696 0.6416
v 0.6096 7.1831 0.6166
v 0.6096 7.1831 0.6166
v 0.6096 7.1831 0.6166
v 0.6096 7.1831 0.6166
v 0.6096 7.1831 0.6166
v 0.6096 7.1831 0.6166
v 0.6096 7.1831 0.6166
v 0.6096 7.1831 0.6166
v 0.6096 7.1831 0.6166
v 0.6096 7.1831 0.6166
v 0.6096 7.1831 0.6166
v 0.7474 7.1619 0.4628
v 0.7808 7.1717 0.5437
v 0.7506 7.1739 0.6531
v 0.6684 7.1675 0.7493
v 0.5655 7.1551 0.7956
v 0.4812 7.1414 0.7743
v 0.4477 7.1315 0.6934
v 0.4779 7.1294 0.584
v 0.5602 7.1357 0.4878
v 0.6631 7.1482 0.4415
v 0.7474 7.1619 0.4628
v 0.8734 7.081 0.3362
v 0.9352 7.0991 0.4856
v 0.8795 7.1031 0.6878
v 0.7275 7.0914 0.8656
v 0.5373 7.0684 0.9511
v 0.3816 7.043 0.9117
v 0.3198 7.0248 0.7623
v 0.3756 7.0209 0.5601
v 0.5276 7.0326 0.3823
v 0.7177 7.0555 0.2968
v 0.8734 7.081 0.3362
v 0.9687 6.9526 0.2562
v 1.0494 6.9764 0.4513
v 0.9766 6.9816 0.7155
v 0.778 6.9662 0.9478
v 0.5295 6.9362 1.0595
v 0.3261 6.903 1.008
v 0.2453 6.8793 0.8129
v 0.3182 6.8741 0.5487
v 0.5167 6.8894 0.3164
v 0.7652 6.9194 0.2046
v 0.9687 6.9526 0.2562
v 1.0186 6.7964 0.2347
v 1.1059 6.8221 0.4459
v 1.0271 6.8277 0.7319
v 0.8122 6.8111 0.9834
v 0.5432 6.7787 1.1043
v 0.323 6.7427 1.0485
v 0.2356 6.717 0.8373
v 0.3145 6.7114 0.5514
v 0.5294 6.728 0.2999
v 0.7983 6.7605 0.179
v 1.0186 6.7964 0.2347
v 1.0155 6.6361 0.2753
v 1.0962 6.6598 0.4704
v 1.0234 6.665 0.7346
v 0.8248 6.6497 0.9669
v 0.5764 6.6197 1.0787
v 0.3729 6.5865 1.0271
v 0.2922 6.5628 0.832
v 0.365 6.5576 0.5678
v 0.5636 6.5729 0.3355
v 0.812 6.6029 0.2238
v 1.0155 6.6361 0.2753
v 0.96 6.4961 0.3716
v 1.0217 6.5143 0.5209
v 0.966 6.5183 0.7231
v 0.814 6.5065 0.901
v 0.6238 6.4836 0.9865
v 0.4681 6.4582 0.947
v 0.4063 6.44 0.7977
v 0.4621 6.436 0.5955
v 0.6141 6.4477 0.4177
v 0.8042 6.4707 0.3322
v 0.96 6.4961 0.3716
v 0.8604 6.3978 0.509
v 0.8938 6.4076 0.5899
v 0.8637 6.4097 0.6993
v 0.7814 6.4034 0.7955
v 0.6785 6.391 0.8418
v 0.5942 6.3772 0.8205
v 0.5608 6.3674 0.7396
v 0.5909 6.3652 0.6302
v 0.6732 6.3716 0.534
v 0.7761 6.384 0.4877
v 0.8604 6.3978 0.509
v 0.732 6.356 0.6666
v 0.732 6.356 0.6666
v 0.732 6.356 0.6666
v 0.732 6.356 0.6666
v 0.732 6.356 0.6666
v 0.732 6.356 0.6666
v 0.732 6.356 0.6666
v 0.732 6.356 0.6666
v 0.732 6.356 0.6666
v 0.732 6.356 0.6666
v 0.732 6.356 0.6666
v 0.0809 6.5458 0.0167
v 0.0488 6.4817 0.0182
v -0.02 6.4659 0.006
v -0.0738 6.5102 -0.0107
v -0.072 6.5814 -0.0194
v -0.016 6.6257 -0.0134
v 0.052 6.6099 0.0026
v -0.1138 6.6514 0.8453
v -0.1369 6.6052 0.8464
v -0.1864 6.5938 0.8376
v -0.2251 6.6258 0.8256
v -0.2238 6.677 0.8193
v -0.1835 6.7089 0.8236
v -0.1346 6.6975 0.8352
v 0 6.5458 0
v -0.172 6.6514 0.8333
v -0.1576 7.0185 0.8312
v -0.1576 7.0185 0.8312
v -0.1576 7.0185 0.8312
v -0.1576 7.0185 0.8312
v -0.1576 7.0185 0.8312
v -0.1576 7.0185 0.8312
v -0.1576 7.0185 0.8312
v -0.1576 7.0185 0.8312
v -0.1576 7.0185 0.8312
v -0.1576 7.0185 0.8312
v -0.1576 7.0185 0.8312
v -0.1929 6.9908 0.6292
v -0.1087 6.9876 0.6546
v -0.0436 6.9856 0.7476
v -0.0225 6.9854 0.8726
v -0.0533 6.9873 0.9818
v -0.1244 6.9904 1.0336
v -0.2086 6.9935 1.0081
v -0.2738 6.9956 0.9151
v -0.2949 6.9957 0.7902
v -0.264 6.9939 0.6809
v -0.1929 6.9908 0.6292
v -0.2251 6.9114 0.4582
v -0.0695 6.9055 0.5052
v 0.0508 6.9017 0.677
v 0.0899 6.9015 0.908
v 0.0328 6.9049 1.1098
v -0.0986 6.9106 1.2055
v -0.2541 6.9165 1.1584
v -0.3744 6.9202 0.9866
v -0.4135 6.9205 0.7557
v -0.3565 6.9171 0.5538
v -0.2251 6.9114 0.4582
v -0.2491 6.7924 0.3443
v -0.0459 6.7847 0.4058
v 0.1113 6.7798 0.6303
v 0.1624 6.7795 0.932
v 0.0878 6.7839 1.1957
v -0.0839 6.7914 1.3207
v -0.2871 6.799 1.2592
v -0.4443 6.8039 1.0347
v -0.4954 6.8043 0.733
v -0.4208 6.7998 0.4693
v -0.2491 6.7924 0.3443
v -0.2615 6.6519 0.3049
v -0.0415 6.6436 0.3714
v 0.1287 6.6383 0.6144
v 0.184 6.638 0.941
v 0.1033 6.6428 1.2264
v -0.0826 6.6508 1.3617
v -0.3026 6.6591 1.2951
v -0.4727 6.6644 1.0522
v -0.528 6.6648 0.7256
v -0.4473 6.66 0.4401
v -0.2615 6.6519 0.3049
v -0.2602 6.5114 0.3459
v -0.0569 6.5037 0.4074
v 0.1003 6.4988 0.6318
v 0.1513 6.4985 0.9336
v 0.0768 6.5029 1.1973
v -0.0949 6.5104 1.3223
v -0.2982 6.518 1.2608
v -0.4554 6.523 1.0363
v -0.5064 6.5233 0.7346
v -0.4319 6.5188 0.4709
v -0.2602 6.5114 0.3459
v -0.2455 6.3922 0.4611
v -0.0899 6.3863 0.5082
v 0.0304 6.3825 0.68
v 0.0695 6.3823 0.9109
v 0.0124 6.3857 1.1127
v -0.119 6.3914 1.2084
v -0.2746 6.3972 1.1613
v -0.3949 6.401 0.9895
v -0.4339 6.4013 0.7586
v -0.3769 6.3979 0.5567
v -0.2455 6.3922 0.4611
v -0.2196 6.3124 0.633
v -0.1354 6.3092 0.6584
v -0.0703 6.3072 0.7514
v -0.0491 6.3071 0.8764
v -0.08 6.3089 0.9856
v -0.1511 6.312 1.0374
v -0.2353 6.3152 1.0119
v -0.3004 6.3172 0.919
v -0.3216 6.3173 0.794
v -0.2907 6.3155 0.6847
v -0.2196 6.3124 0.633
v -0.1865 6.2842 0.8353
v -0.1865 6.2842 0.8353
v -0.1865 6.2842 0.8353
v -0.1865 6.2842 0.8353
v -0.1865 6.2842 0.8353
v -0.1865 6.2842 0.8353
v -0.1865 6.2842 0.8353
v -0.1865 6.2842 0.8353
v -0.1865 6.2842 0.8353
v -0.1865 6.2842 0.8353
v -0.1865 6.2842 0.8353
v 0.0294 6.5458 0.0654
v 0.005 6.4916 0.0468
v -0.0231 6.4783 -0.0071
v -0.0339 6.5157 -0.0557
v -0.0191 6.5759 -0.0623
v 0.01 6.6134 -0.022
v 0.0316 6.6 0.0348
v -0.8827 6.8122 0.4532
v -0.9003 6.7732 0.4397
v -0.9205 6.7635 0.4009
v -0.9283 6.7905 0.366
v -0.9177 6.8338 0.3612
v -0.8967 6.8608 0.3902
v -0.8811 6.8512 0.4311
v 0 6.5458 0
v -0.9039 6.8122 0.406
v -0.896 7.0898 0.382
v -0.896 7.0898 0.382
v -0.896 7.0898 0.382
v -0.896 7.0898 0.382
v -0.896 7.0898 0.382
v -0.896 7.0898 0.382
v -0.896 7.0898 0.382
v -0.896 7.0898 0.382
v -0.896 7.0898 0.382
v -0.896 7.0898 0.382
v -0.896 7.0898 0.382
v -1.0764 7.0653 0.2853
v -1.0043 7.0589 0.2353
v -0.891 7.0562 0.2421
v -0.7798 7.0583 0.303
v -0.7133 7.0644 0.3948
v -0.7167 7.0721 0.4824
v -0.7889 7.0784 0.5323
v -0.9022 7.0811 0.5256
v -1.0134 7.079 0.4647
v -1.0799 7.0729 0.3729
v -1.0764 7.0653 0.2853
v -1.2306 7.0022 0.207
v -1.0972 6.9904 0.1146
v -0.8879 6.9855 0.1271
v -0.6825 6.9894 0.2396
v -0.5596 7.0006 0.4092
v -0.566 7.0148 0.5711
v -0.6994 7.0266 0.6635
v -0.9087 7.0315 0.651
v -1.1141 7.0276 0.5385
v -1.237 7.0164 0.3689
v -1.2306 7.0022 0.207
v -1.335 6.9102 0.159
v -1.1608 6.8948 0.0383
v -0.8873 6.8884 0.0546
v -0.6189 6.8935 0.2016
v -0.4583 6.9081 0.4232
v -0.4667 6.9266 0.6347
v -0.6409 6.942 0.7554
v -0.9145 6.9484 0.7391
v -1.1828 6.9434 0.5921
v -1.3434 6.9288 0.3705
v -1.335 6.9102 0.159
v -1.3739 6.8033 0.1486
v -1.1853 6.7866 0.018
v -0.8892 6.7797 0.0356
v -0.5987 6.7852 0.1947
v -0.4249 6.801 0.4346
v -0.434 6.8211 0.6635
v -0.6226 6.8378 0.7941
v -0.9186 6.8447 0.7765
v -1.2091 6.8392 0.6173
v -1.3829 6.8234 0.3775
v -1.3739 6.8033 0.1486
v -1.3411 6.6977 0.1774
v -1.1669 6.6823 0.0567
v -0.8933 6.6759 0.073
v -0.625 6.681 0.22
v -0.4644 6.6956 0.4416
v -0.4728 6.7141 0.6531
v -0.647 6.7296 0.7738
v -0.9205 6.736 0.7575
v -1.1889 6.7309 0.6105
v -1.3495 6.7163 0.3889
v -1.3411 6.6977 0.1774
v -1.2418 6.6096 0.241
v -1.1085 6.5978 0.1486
v -0.8991 6.5929 0.1611
v -0.6937 6.5968 0.2736
v -0.5708 6.608 0.4432
v -0.5772 6.6222 0.6051
v -0.7106 6.634 0.6975
v -0.9199 6.6389 0.685
v -1.1253 6.635 0.5725
v -1.2482 6.6238 0.4029
v -1.2418 6.6096 0.241
v -1.0911 6.5523 0.3297
v -1.0189 6.5459 0.2797
v -0.9056 6.5433 0.2865
v -0.7944 6.5454 0.3474
v -0.7279 6.5514 0.4392
v -0.7314 6.5591 0.5268
v -0.8036 6.5655 0.5768
v -0.9169 6.5681 0.57
v -1.028 6.566 0.5091
v -1.0945 6.56 0.4173
v -1.0911 6.5523 0.3297
v -0.9118 6.5346 0.4301
v -0.9118 6.5346 0.4301
v -0.9118 6.5346 0.4301
v -0.9118 6.5346 0.4301
v -0.9118 6.5346 0.4301
v -0.9118 6.5346 0.4301
v -0.9118 6.5346 0.4301
v -0.9118 6.5346 0.4301
v -0.9118 6.5346 0.4301
v -0.9118 6.5346 0.4301
v -0.9118 6.5346 0.4301
v -0.0147 6.5458 0.0434
v -0.0141 6.5103 0.0254
v -0.0029 6.5016 -0.0117
v 0.0105 6.5261 -0.0401
v 0.016 6.5655 -0.0382
v 0.0094 6.5901 -0.0076
v -0.0043 6.5813 0.0288
v -0.963 6.6931 -0.2917
v -0.9626 6.6675 -0.3047
v -0.9545 6.6612 -0.3314
v -0.9448 6.6789 -0.3518
v -0.9409 6.7072 -0.3505
v -0.9456 6.7249 -0.3284
v -0.9555 6.7186 -0.3023
v 0 6.5458 0
v -0.9524 6.6931 -0.323
v -0.9641 6.9531 -0.3359
v -0.9641 6.9531 -0.3359
v -0.9641 6.9531 -0.3359
v -0.9641 6.9531 -0.3359
v -0.9641 6.9531 -0.3359
v -0.9641 6.9531 -0.3359
v -0.9641 6.9531 -0.3359
v -0.9641 6.9531 -0.3359
v -0.9641 6.9531 -0.3359
v -0.9641 6.9531 -0.3359
v -0.9641 6.9531 -0.3359
v -1.1527 6.9287 -0.2565
v -1.1465 6.9246 -0.3442
v -1.0702 6.9239 -0.4283
v -0.9531 6.9268 -0.4768
v -0.8399 6.9321 -0.471
v -0.7737 6.938 -0.4133
v -0.7799 6.942 -0.3256
v -0.8562 6.9428 -0.2414
v -0.9733 6.9399 -0.193
v -1.0865 6.9345 -0.1987
v -1.1527 6.9287 -0.2565
v -1.3108 6.8684 -0.1873
v -1.2993 6.8609 -0.3493
v -1.1585 6.8595 -0.5048
v -0.9421 6.8648 -0.5943
v -0.7328 6.8747 -0.5837
v -0.6106 6.8855 -0.4769
v -0.6221 6.893 -0.3149
v -0.7629 6.8944 -0.1594
v -0.9793 6.8891 -0.0699
v -1.1885 6.8792 -0.0805
v -1.3108 6.8684 -0.1873
v -1.4143 6.7814 -0.1387
v -1.3993 6.7716 -0.3504
v -1.2153 6.7698 -0.5536
v -0.9326 6.7767 -0.6705
v -0.6592 6.7897 -0.6566
v -0.4995 6.8038 -0.5171
v -0.5145 6.8136 -0.3054
v -0.6985 6.8153 -0.1023
v -0.9812 6.8084 0.0147
v -1.2546 6.7955 0.0008
v -1.4143 6.7814 -0.1387
v -1.4475 6.681 -0.1182
v -1.4313 6.6704 -0.3473
v -1.2321 6.6684 -0.5672
v -0.9261 6.6759 -0.6938
v -0.6302 6.6899 -0.6788
v -0.4573 6.7051 -0.5278
v -0.4736 6.7158 -0.2986
v -0.6727 6.7177 -0.0787
v -0.9787 6.7102 0.0478
v -1.2747 6.6962 0.0328
v -1.4475 6.681 -0.1182
v -1.4054 6.5824 -0.1288
v -1.3904 6.5726 -0.3406
v -1.2064 6.5708 -0.5437
v -0.9237 6.5777 -0.6607
v -0.6502 6.5906 -0.6468
v -0.4905 6.6047 -0.5073
v -0.5055 6.6145 -0.2956
v -0.6895 6.6163 -0.0924
v -0.9722 6.6094 0.0245
v -1.2457 6.5964 0.0106
v -1.4054 6.5824 -0.1288
v -1.2943 6.5006 -0.1691
v -1.2828 6.4931 -0.3311
v -1.1419 6.4917 -0.4866
v -0.9256 6.497 -0.5761
v -0.7163 6.5069 -0.5655
v -0.5941 6.5177 -0.4587
v -0.6056 6.5252 -0.2967
v -0.7464 6.5266 -0.1412
v -0.9627 6.5213 -0.0517
v -1.172 6.5114 -0.0623
v -1.2943 6.5006 -0.1691
v -1.1311 6.4482 -0.2327
v -1.1249 6.4441 -0.3204
v -1.0487 6.4434 -0.4046
v -0.9316 6.4462 -0.453
v -0.8183 6.4516 -0.4472
v -0.7522 6.4574 -0.3895
v -0.7584 6.4615 -0.3018
v -0.8346 6.4622 -0.2176
v -0.9517 6.4594 -0.1692
v -1.0649 6.454 -0.175
v -1.1311 6.4482 -0.2327
v -0.9407 6.433 -0.3101
v -0.9407 6.433 -0.3101
v -0.9407 6.433 -0.3101
v -0.9407 6.433 -0.3101
v -0.9407 6.433 -0.3101
v -0.9407 6.433 -0.3101
v -0.9407 6.433 -0.3101
v -0.9407 6.433 -0.3101
v -0.9407 6.433 -0.3101
v -0.9407 6.433 -0.3101
v -0.9407 6.433 -0.3101
v -0.0752 6.5458 0.0319
v -0.0549 6.4852 0.0011
v 0.0068 6.4703 -0.0305
v 0.0634 6.5122 -0.0392
v 0.0722 6.5794 -0.0183
v 0.0267 6.6213 0.0163
v -0.039 6.6064 0.0387
v -0.3928 6.8376 -0.7752
v -0.3781 6.794 -0.7974
v -0.3337 6.7832 -0.8202
v -0.293 6.8134 -0.8264
v -0.2866 6.8618 -0.8114
v -0.3194 6.892 -0.7865
v -0.3667 6.8812 -0.7704
v 0 6.5458 0
v -0.3386 6.8376 -0.7982
v -0.3462 7.1573 -0.7982
v -0.3462 7.1573 -0.7982
v -0.3462 7.1573 -0.7982
v -0.3462 7.1573 -0.7982
v -0.3462 7.1573 -0.7982
v -0.3462 7.1573 -0.7982
v -0.3462 7.1573 -0.7982
v -0.3462 7.1573 -0.7982
v -0.3462 7.1573 -0.7982
v -0.3462 7.1573 -0.7982
v -0.3462 7.1573 -0.7982
v -0.413 7.1314 -0.6045
v -0.4745 7.1299 -0.6674
v -0.4868 7.1296 -0.7803
v -0.4452 7.1306 -0.9
v -0.3655 7.1325 -0.9809
v -0.2782 7.1345 -0.9919
v -0.2167 7.136 -0.9291
v -0.2044 7.1363 -0.8162
v -0.246 7.1353 -0.6965
v -0.3257 7.1334 -0.6156
v -0.413 7.1314 -0.6045
v -0.4684 7.0607 -0.4403
v -0.5822 7.058 -0.5565
v -0.6049 7.0575 -0.7651
v -0.528 7.0593 -0.9863
v -0.3808 7.0627 -1.1357
v -0.2195 7.0666 -1.1562
v -0.1057 7.0693 -1.04
v -0.083 7.0698 -0.8314
v -0.1599 7.068 -0.6102
v -0.3071 7.0645 -0.4608
v -0.4684 7.0607 -0.4403
v -0.5041 6.9561 -0.3306
v -0.6528 6.9526 -0.4824
v -0.6825 6.9519 -0.7549
v -0.582 6.9542 -1.0439
v -0.3896 6.9588 -1.2391
v -0.1789 6.9637 -1.2659
v -0.0303 6.9673 -1.114
v -0.0005 6.968 -0.8416
v -0.101 6.9656 -0.5526
v -0.2934 6.9611 -0.3574
v -0.5041 6.9561 -0.3306
v -0.5147 6.8335 -0.292
v -0.6755 6.8297 -0.4564
v -0.7077 6.8289 -0.7513
v -0.5989 6.8314 -1.0641
v -0.3907 6.8363 -1.2754
v -0.1626 6.8417 -1.3044
v -0.0017 6.8455 -1.1401
v 0.0305 6.8463 -0.8451
v -0.0783 6.8438 -0.5323
v -0.2866 6.8389 -0.321
v -0.5147 6.8335 -0.292
v -0.4984 6.7115 -0.3306
v -0.647 6.708 -0.4824
v -0.6767 6.7072 -0.7549
v -0.5762 6.7096 -1.0439
v -0.3838 6.7141 -1.2391
v -0.1731 6.7191 -1.2659
v -0.0245 6.7226 -1.114
v 0.0053 6.7233 -0.8416
v -0.0953 6.721 -0.5525
v -0.2876 6.7165 -0.3573
v -0.4984 6.7115 -0.3306
v -0.4578 6.6087 -0.4403
v -0.5715 6.606 -0.5565
v -0.5943 6.6054 -0.765
v -0.5173 6.6072 -0.9862
v -0.3701 6.6107 -1.1356
v -0.2088 6.6145 -1.1561
v -0.0951 6.6172 -1.0399
v -0.0723 6.6177 -0.8314
v -0.1492 6.6159 -0.6102
v -0.2965 6.6125 -0.4608
v -0.4578 6.6087 -0.4403
v -0.399 6.5407 -0.6045
v -0.4606 6.5393 -0.6674
v -0.4729 6.539 -0.7802
v -0.4313 6.5399 -0.9
v -0.3516 6.5418 -0.9808
v -0.2643 6.5439 -0.9919
v -0.2027 6.5453 -0.929
v -0.1904 6.5456 -0.8162
v -0.232 6.5447 -0.6964
v -0.3117 6.5428 -0.6156
v -0.399 6.5407 -0.6045
v -0.3311 6.518 -0.7982
v -0.3311 6.518 -0.7982
v -0.3311 6.518 -0.7982
v -0.3311 6.518 -0.7982
v -0.3311 6.518 -0.7982
v -0.3311 6.518 -0.7982
v -0.3311 6.518 -0.7982
v -0.3311 6.518 -0.7982
v -0.3311 6.518 -0.7982
v -0.3311 6.518 -0.7982
v -0.3311 6.518 -0.7982
v -0.064 6.5458 -0.0533
v -0.027 6.4839 -0.0488
v 0.0304 6.4686 -0.0075
v 0.0648 6.5115 0.0394
v 0.0505 6.5802 0.0566
v -0.0019 6.623 0.0312
v -0.0528 6.6077 -0.0177
v 0.5351 6.8424 -0.7363
v 0.5618 6.7978 -0.733
v 0.6031 6.7868 -0.7033
v 0.6279 6.8177 -0.6696
v 0.6176 6.8672 -0.6571
v 0.5799 6.898 -0.6754
v 0.5432 6.887 -0.7107
v 0 6.5458 0
v 0.5812 6.8424 -0.6979
v 0.587 7.163 -0.7041
v 0.587 7.163 -0.7041
v 0.587 7.163 -0.7041
v 0.587 7.163 -0.7041
v 0.587 7.163 -0.7041
v 0.587 7.163 -0.7041
v 0.587 7.163 -0.7041
v 0.587 7.163 -0.7041
v 0.587 7.163 -0.7041
v 0.587 7.163 -0.7041
v 0.587 7.163 -0.7041
v 0.7022 7.1398 -0.5342
v 0.615 7.1416 -0.5221
v 0.517 7.1422 -0.5794
v 0.4455 7.1415 -0.684
v 0.4279 7.1397 -0.7962
v 0.4709 7.1374 -0.873
v 0.5581 7.1356 -0.885
v 0.6561 7.135 -0.8278
v 0.7276 7.1357 -0.7231
v 0.7452 7.1375 -0.611
v 0.7022 7.1398 -0.5342
v 0.799 7.0712 -0.3893
v 0.6379 7.0746 -0.367
v 0.4568 7.0758 -0.4727
v 0.3247 7.0745 -0.6662
v 0.2922 7.0711 -0.8734
v 0.3716 7.067 -1.0152
v 0.5327 7.0636 -1.0375
v 0.7138 7.0624 -0.9318
v 0.8459 7.0637 -0.7384
v 0.8784 7.0671 -0.5312
v 0.799 7.0712 -0.3893
v 0.8626 6.9679 -0.2914
v 0.6522 6.9722 -0.2622
v 0.4155 6.9739 -0.4004
v 0.2429 6.9721 -0.6531
v 0.2004 6.9677 -0.9238
v 0.3042 6.9623 -1.1092
v 0.5147 6.958 -1.1383
v 0.7514 6.9563 -1.0002
v 0.9239 6.9581 -0.7475
v 0.9664 6.9625 -0.4767
v 0.8626 6.9679 -0.2914
v 0.8834 6.8454 -0.2553
v 0.6557 6.8501 -0.2238
v 0.3994 6.8519 -0.3733
v 0.2127 6.85 -0.6469
v 0.1667 6.8452 -0.9399
v 0.279 6.8394 -1.1405
v 0.5068 6.8347 -1.1721
v 0.763 6.8329 -1.0225
v 0.9498 6.8348 -0.749
v 0.9958 6.8396 -0.456
v 0.8834 6.8454 -0.2553
v 0.8582 6.7225 -0.2867
v 0.6478 6.7269 -0.2575
v 0.4111 6.7285 -0.3957
v 0.2385 6.7268 -0.6484
v 0.196 6.7224 -0.9191
v 0.2998 6.7169 -1.1045
v 0.5102 6.7126 -1.1336
v 0.7469 6.711 -0.9955
v 0.9195 6.7127 -0.7428
v 0.962 6.7171 -0.472
v 0.8582 6.7225 -0.2867
v 0.7908 6.6179 -0.3806
v 0.6298 6.6212 -0.3583
v 0.4486 6.6224 -0.4641
v 0.3165 6.6211 -0.6575
v 0.284 6.6177 -0.8647
v 0.3634 6.6136 -1.0066
v 0.5245 6.6103 -1.0289
v 0.7057 6.609 -0.9231
v 0.8378 6.6104 -0.7297
v 0.8703 6.6137 -0.5225
v 0.7908 6.6179 -0.3806
v 0.6915 6.5474 -0.5229
v 0.6044 6.5492 -0.5108
v 0.5063 6.5499 -0.568
v 0.4349 6.5492 -0.6727
v 0.4172 6.5473 -0.7849
v 0.4602 6.5451 -0.8616
v 0.5474 6.5433 -0.8737
v 0.6455 6.5426 -0.8165
v 0.7169 6.5433 -0.7118
v 0.7345 6.5452 -0.5997
v 0.6915 6.5474 -0.5229
v 0.5755 6.5218 -0.6918
v 0.5755 6.5218 -0.6918
v 0.5755 6.5218 -0.6918
v 0.5755 6.5218 -0.6918
v 0.5755 6.5218 -0.6918
v 0.5755 6.5218 -0.6918
v 0.5755 6.5218 -0.6918
v 0.5755 6.5218 -0.6918
v 0.5755 6.5218 -0.6918
v 0.5755 6.5218 -0.6918
v 0.5755 6.5218 -0.6918
v 0.0126 7.5972 -0.071
v 0.0189 7.542 -0.0423
v 0.011 7.5284 0.0182
v -0.0052 7.5666 0.065
v -0.0175 7.6278 0.0628
v -0.0166 7.6661 0.0133
v -0.0032 7.6524 -0.0462
v 0.7474 7.7503 0.0799
v 0.752 7.7105 0.1006
v 0.7463 7.7007 0.1442
v 0.7346 7.7282 0.1779
v 0.7257 7.7723 0.1763
v 0.7264 7.7998 0.1406
v 0.736 7.79 0.0978
v 0 7.5972 0
v 0.7383 7.7503 0.131
v 0.7338 8.0362 0.1107
v 0.7338 8.0362 0.1107
v 0.7338 8.0362 0.1107
v 0.7338 8.0362 0.1107
v 0.7338 8.0362 0.1107
v 0.7338 8.0362 0.1107
v 0.7338 8.0362 0.1107
v 0.7338 8.0362 0.1107
v 0.7338 8.0362 0.1107
v 0.7338 8.0362 0.1107
v 0.7338 8.0362 0.1107
v 0.8811 8.0145 0.0804
v 0.8652 8.0187 0.1428
v 0.7993 8.0213 0.1935
v 0.7085 8.0212 0.2132
v 0.6275 8.0186 0.1943
v 0.5872 8.0144 0.144
v 0.6031 8.0102 0.0816
v 0.669 8.0076 0.0309
v 0.7598 8.0077 0.0113
v 0.8408 8.0103 0.0302
v 0.8811 8.0145 0.0804
v 1.0066 7.9526 0.0579
v 0.9773 7.9603 0.1732
v 0.8555 7.9651 0.2669
v 0.6877 7.965 0.3032
v 0.538 7.9601 0.2682
v 0.4636 7.9524 0.1754
v 0.493 7.9446 0.0601
v 0.6148 7.9399 -0.0336
v 0.7826 7.94 -0.0699
v 0.9322 7.9448 -0.035
v 1.0066 7.9526 0.0579
v 1.0913 7.8599 0.0465
v 1.053 7.87 0.1971
v 0.8938 7.8762 0.3195
v 0.6746 7.8761 0.367
v 0.4791 7.8697 0.3213
v 0.3819 7.8596 0.2
v 0.4202 7.8494 0.0494
v 0.5794 7.8432 -0.073
v 0.7986 7.8433 -0.1205
v 0.9941 7.8497 -0.0748
v 1.0913 7.8599 0.0465
v 1.1223 7.7504 0.0479
v 1.0808 7.7614 0.211
v 0.9085 7.7681 0.3435
v 0.6712 7.768 0.3948
v 0.4596 7.7611 0.3454
v 0.3544 7.7501 0.2141
v 0.3959 7.7392 0.0511
v 0.5682 7.7325 -0.0814
v 0.8054 7.7326 -0.1328
v 1.0171 7.7394 -0.0834
v 1.1223 7.7504 0.0479
v 1.0948 7.641 0.0621
v 1.0565 7.6511 0.2127
v 0.8973 7.6573 0.3351
v 0.6781 7.6572 0.3825
v 0.4825 7.6509 0.3369
v 0.3854 7.6407 0.2156
v 0.4237 7.6306 0.065
v 0.5828 7.6244 -0.0574
v 0.8021 7.6245 -0.1049
v 0.9976 7.6308 -0.0592
v 1.0948 7.641 0.0621
v 1.013 7.5482 0.0867
v 0.9837 7.5559 0.202
v 0.8619 7.5607 0.2956
v 0.6941 7.5606 0.332
v 0.5444 7.5558 0.297
v 0.4701 7.548 0.2042
v 0.4994 7.5402 0.0889
v 0.6212 7.5355 -0.0048
v 0.789 7.5356 -0.0411
v 0.9386 7.5404 -0.0062
v 1.013 7.5482 0.0867
v 0.8894 7.4862 0.118
v 0.8736 7.4904 0.1804
v 0.8076 7.4929 0.2311
v 0.7168 7.4929 0.2508
v 0.6358 7.4903 0.2319
v 0.5956 7.486 0.1816
v 0.6115 7.4818 0.1192
v 0.6774 7.4793 0.0685
v 0.7682 7.4793 0.0489
v 0.8492 7.482 0.0678
v 0.8894 7.4862 0.118
v 0.7429 7.4643 0.1514
v 0.7429 7.4643 0.1514
v 0.7429 7.4643 0.1514
v 0.7429 7.4643 0.1514
v 0.7429 7.4643 0.1514
v 0.7429 7.4643 0.1514
v 0.7429 7.4643 0.1514
v 0.7429 7.4643 0.1514
v 0.7429 7.4643 0.1514
v 0.7429 7.4643 0.1514
v 0.7429 7.4643 0.1514
v 0.0547 7.5972 -0.0399
v 0.0383 7.5447 -0.0192
v -0.007 7.5318 0.016
v -0.047 7.5681 0.0392
v -0.0516 7.6263 0.0328
v -0.0174 7.6626 0.0017
v 0.0299 7.6497 -0.0306
v 0.4273 7.6862 0.5028
v 0.4154 7.6484 0.5178
v 0.3828 7.6391 0.5431
v 0.354 7.6652 0.5598
v 0.3507 7.7072 0.5552
v 0.3753 7.7333 0.5328
v 0.4094 7.724 0.5095
v 0 7.5972 0
v 0.3879 7.6862 0.5316
v 0.4152 8.0185 0.5336
v 0.4152 8.0185 0.5336
v 0.4152 8.0185 0.5336
v 0.4152 8.0185 0.5336
v 0.4152 8.0185 0.5336
v 0.4152 8.0185 0.5336
v 0.4152 8.0185 0.5336
v 0.4152 8.0185 0.5336
v 0.4152 8.0185 0.5336
v 0.4152 8.0185 0.5336
v 0.4152 8.0185 0.5336
v 0.4901 7.9877 0.4045
v 0.5248 7.9845 0.4588
v 0.5168 7.9846 0.5416
v 0.4692 7.988 0.6213
v 0.4002 7.9934 0.6675
v 0.3361 7.9987 0.6625
v 0.3014 8.0019 0.6082
v 0.3094 8.0018 0.5254
v 0.357 7.9984 0.4456
v 0.426 7.993 0.3995
v 0.4901 7.9877 0.4045
v 0.5494 7.911 0.2947
v 0.6135 7.9051 0.395
v 0.5988 7.9053 0.5481
v 0.5109 7.9116 0.6954
v 0.3834 7.9216 0.7807
v 0.2649 7.9314 0.7714
v 0.2008 7.9373 0.6711
v 0.2155 7.937 0.518
v 0.3035 7.9307 0.3707
v 0.431 7.9208 0.2854
v 0.5494 7.911 0.2947
v 0.5842 7.8 0.2209
v 0.6679 7.7923 0.352
v 0.6487 7.7927 0.552
v 0.5338 7.8009 0.7445
v 0.3672 7.8139 0.8559
v 0.2125 7.8267 0.8438
v 0.1287 7.8344 0.7127
v 0.1479 7.8341 0.5127
v 0.2628 7.8258 0.3203
v 0.4294 7.8128 0.2088
v 0.5842 7.8 0.2209
v 0.589 7.6718 0.1945
v 0.6797 7.6634 0.3364
v 0.6589 7.6638 0.5528
v 0.5345 7.6727 0.7611
v 0.3542 7.6868 0.8818
v 0.1867 7.7006 0.8687
v 0.096 7.709 0.7268
v 0.1168 7.7086 0.5103
v 0.2412 7.6997 0.302
v 0.4215 7.6856 0.1813
v 0.589 7.6718 0.1945
v 0.5633 7.5457 0.2193
v 0.647 7.538 0.3504
v 0.6278 7.5383 0.5504
v 0.5129 7.5466 0.7429
v 0.3463 7.5596 0.8543
v 0.1915 7.5724 0.8422
v 0.1078 7.5801 0.7111
v 0.127 7.5798 0.5112
v 0.2419 7.5715 0.3187
v 0.4085 7.5585 0.2072
v 0.5633 7.5457 0.2193
v 0.5108 7.441 0.2917
v 0.5749 7.4351 0.3921
v 0.5602 7.4354 0.5451
v 0.4723 7.4417 0.6924
v 0.3447 7.4517 0.7777
v 0.2263 7.4615 0.7685
v 0.1622 7.4674 0.6681
v 0.1769 7.4671 0.5151
v 0.2648 7.4608 0.3678
v 0.3923 7.4508 0.2825
v 0.5108 7.441 0.2917
v 0.4396 7.3737 0.4007
v 0.4743 7.3705 0.4549
v 0.4663 7.3706 0.5378
v 0.4187 7.3741 0.6175
v 0.3497 7.3794 0.6637
v 0.2856 7.3847 0.6587
v 0.2509 7.3879 0.6044
v 0.2589 7.3878 0.5215
v 0.3065 7.3844 0.4418
v 0.3755 7.379 0.3956
v 0.4396 7.3737 0.4007
v 0.3605 7.3539 0.5295
v 0.3605 7.3539 0.5295
v 0.3605 7.3539 0.5295
v 0.3605 7.3539 0.5295
v 0.3605 7.3539 0.5295
v 0.3605 7.3539 0.5295
v 0.3605 7.3539 0.5295
v 0.3605 7.3539 0.5295
v 0.3605 7.3539 0.5295
v 0.3605 7.3539 0.5295
v 0.3605 7.3539 0.5295
v 0.0458 7.5972 0.0212
v 0.0225 7.5605 0.0264
v -0.0178 7.5514 0.0116
v -0.0446 7.5768 -0.0119
v -0.0379 7.6176 -0.0264
v -0.0026 7.643 -0.0211
v 0.0346 7.6339 0.0001
v -0.2356 7.8485 0.5943
v -0.2523 7.8221 0.598
v -0.2813 7.8155 0.5874
v -0.3006 7.8338 0.5705
v -0.2958 7.8632 0.56
v -0.2704 7.8815 0.5638
v -0.2436 7.8749 0.5791
v 0 7.5972 0
v -0.2685 7.8485 0.579
v -0.2678 8.1288 0.5837
v -0.2678 8.1288 0.5837
v -0.2678 8.1288 0.5837
v -0.2678 8.1288 0.5837
v -0.2678 8.1288 0.5837
v -0.2678 8.1288 0.5837
v -0.2678 8.1288 0.5837
v -0.2678 8.1288 0.5837
v -0.2678 8.1288 0.5837
v -0.2678 8.1288 0.5837
v -0.2678 8.1288 0.5837
v -0.3212 8.1099 0.4428
v -0.257 8.1097 0.4491
v -0.197 8.1086 0.5067
v -0.164 8.107 0.5935
v -0.1707 8.1057 0.6765
v -0.2145 8.105 0.7238
v -0.2787 8.1053 0.7175
v -0.3388 8.1064 0.6599
v -0.3717 8.1079 0.5731
v -0.3651 8.1093 0.4901
v -0.3212 8.1099 0.4428
v -0.3666 8.0513 0.3227
v -0.248 8.0508 0.3343
v -0.137 8.0487 0.4407
v -0.0761 8.0459 0.6012
v -0.0884 8.0434 0.7544
v -0.1694 8.0421 0.8419
v -0.288 8.0426 0.8302
v -0.399 8.0447 0.7238
v -0.46 8.0475 0.5634
v -0.4476 8.05 0.4101
v -0.3666 8.0513 0.3227
v -0.3971 7.9617 0.2416
v -0.2421 7.9611 0.2568
v -0.0971 7.9584 0.3958
v -0.0175 7.9547 0.6055
v -0.0336 7.9514 0.8057
v -0.1394 7.9498 0.92
v -0.2944 7.9505 0.9047
v -0.4394 7.9531 0.7657
v -0.519 7.9568 0.5561
v -0.5029 7.9601 0.3559
v -0.3971 7.9617 0.2416
v -0.408 7.855 0.2118
v -0.2402 7.8543 0.2283
v -0.0833 7.8514 0.3788
v 0.0029 7.8474 0.6057
v -0.0145 7.8438 0.8224
v -0.129 7.8421 0.9462
v -0.2968 7.8428 0.9296
v -0.4538 7.8456 0.7792
v -0.54 7.8496 0.5523
v -0.5225 7.8532 0.3356
v -0.408 7.855 0.2118
v -0.3976 7.7472 0.238
v -0.2426 7.7466 0.2533
v -0.0976 7.7439 0.3923
v -0.018 7.7402 0.6019
v -0.0341 7.7369 0.8021
v -0.1399 7.7353 0.9164
v -0.2949 7.7359 0.9012
v -0.4399 7.7386 0.7622
v -0.5196 7.7423 0.5525
v -0.5034 7.7456 0.3523
v -0.3976 7.7472 0.238
v -0.3676 7.6549 0.3161
v -0.249 7.6544 0.3278
v -0.138 7.6523 0.4341
v -0.0771 7.6495 0.5946
v -0.0894 7.647 0.7478
v -0.1704 7.6457 0.8353
v -0.289 7.6462 0.8237
v -0.4 7.6483 0.7173
v -0.461 7.6511 0.5568
v -0.4486 7.6536 0.4036
v -0.3676 7.6549 0.3161
v -0.3225 7.592 0.4342
v -0.2583 7.5917 0.4405
v -0.1983 7.5906 0.4981
v -0.1653 7.5891 0.5849
v -0.172 7.5878 0.6679
v -0.2158 7.5871 0.7152
v -0.28 7.5873 0.7089
v -0.3401 7.5885 0.6513
v -0.3731 7.59 0.5645
v -0.3664 7.5913 0.4815
v -0.3225 7.592 0.4342
v -0.2692 7.5682 0.5743
v -0.2692 7.5682 0.5743
v -0.2692 7.5682 0.5743
v -0.2692 7.5682 0.5743
v -0.2692 7.5682 0.5743
v -0.2692 7.5682 0.5743
v -0.2692 7.5682 0.5743
v -0.2692 7.5682 0.5743
v -0.2692 7.5682 0.5743
v -0.2692 7.5682 0.5743
v -0.2692 7.5682 0.5743
v 0.0124 7.5972 0.0443
v 0.0006 7.562 0.0296
v -0.0117 7.5533 -0.0074
v -0.0151 7.5777 -0.0388
v -0.0072 7.6167 -0.041
v 0.0062 7.6411 -0.0123
v 0.0148 7.6324 0.0256
v -0.7062 7.7537 0.2315
v -0.7147 7.7284 0.2209
v -0.7235 7.7222 0.1943
v -0.726 7.7397 0.1717
v -0.7203 7.7678 0.1701
v -0.7107 7.7853 0.1907
v -0.7044 7.7791 0.218
v 0 7.5972 0
v -0.7151 7.7537 0.1996
v -0.72 8.0471 0.217
v -0.72 8.0471 0.217
v -0.72 8.0471 0.217
v -0.72 8.0471 0.217
v -0.72 8.0471 0.217
v -0.72 8.0471 0.217
v -0.72 8.0471 0.217
v -0.72 8.0471 0.217
v -0.72 8.0471 0.217
v -0.72 8.0471 0.217
v -0.72 8.0471 0.217
v -0.8619 8.0253 0.1673
v -0.8162 8.0287 0.1219
v -0.7335 8.0306 0.1124
v -0.6456 8.0303 0.1423
v -0.5859 8.0279 0.2003
v -0.5773 8.0242 0.2641
v -0.6231 8.0208 0.3095
v -0.7057 8.0188 0.319
v -0.7937 8.0191 0.2891
v -0.8533 8.0216 0.2311
v -0.8619 8.0253 0.1673
v -0.9815 7.9621 0.1224
v -0.8969 7.9685 0.0387
v -0.7442 7.9721 0.0211
v -0.5817 7.9715 0.0764
v -0.4715 7.9669 0.1835
v -0.4556 7.9602 0.3014
v -0.5402 7.9538 0.3852
v -0.6929 7.9502 0.4028
v -0.8554 7.9508 0.3475
v -0.9657 7.9554 0.2404
v -0.9815 7.9621 0.1224
v -1.0606 7.8672 0.0893
v -0.9501 7.8756 -0.0201
v -0.7505 7.8802 -0.0431
v -0.5382 7.8795 0.0292
v -0.3942 7.8735 0.1691
v -0.3734 7.8647 0.3232
v -0.4839 7.8564 0.4327
v -0.6835 7.8517 0.4556
v -0.8958 7.8525 0.3834
v -1.0398 7.8584 0.2434
v -1.0606 7.8672 0.0893
v -1.087 7.7551 0.073
v -0.9674 7.7641 -0.0454
v -0.7514 7.7692 -0.0703
v -0.5216 7.7683 0.0079
v -0.3657 7.7619 0.1594
v -0.3433 7.7524 0.3262
v -0.4629 7.7433 0.4446
v -0.6788 7.7383 0.4695
v -0.9087 7.7391 0.3913
v -1.0646 7.7456 0.2398
v -1.087 7.7551 0.073
v -1.0568 7.6427 0.076
v -0.9463 7.6511 -0.0335
v -0.7468 7.6557 -0.0564
v -0.5345 7.655 0.0158
v -0.3904 7.649 0.1558
v -0.3697 7.6402 0.3099
v -0.4802 7.6319 0.4193
v -0.6797 7.6272 0.4423
v -0.8921 7.628 0.37
v -1.0361 7.6339 0.2301
v -1.0568 7.6427 0.076
v -0.9747 7.5473 0.0978
v -0.8901 7.5537 0.014
v -0.7374 7.5572 -0.0036
v -0.5749 7.5566 0.0517
v -0.4646 7.5521 0.1588
v -0.4488 7.5454 0.2768
v -0.5333 7.539 0.3605
v -0.686 7.5354 0.3781
v -0.8485 7.536 0.3228
v -0.9588 7.5405 0.2157
v -0.9747 7.5473 0.0978
v -0.853 7.4833 0.1351
v -0.8072 7.4867 0.0897
v -0.7245 7.4886 0.0802
v -0.6366 7.4883 0.1101
v -0.5769 7.4859 0.1681
v -0.5683 7.4822 0.2319
v -0.6141 7.4788 0.2773
v -0.6968 7.4768 0.2868
v -0.7847 7.4771 0.2568
v -0.8444 7.4796 0.1989
v -0.853 7.4833 0.1351
v -0.7103 7.4604 0.1822
v -0.7103 7.4604 0.1822
v -0.7103 7.4604 0.1822
v -0.7103 7.4604 0.1822
v -0.7103 7.4604 0.1822
v -0.7103 7.4604 0.1822
v -0.7103 7.4604 0.1822
v -0.7103 7.4604 0.1822
v -0.7103 7.4604 0.1822
v -0.7103 7.4604 0.1822
v -0.7103 7.4604 0.1822
v -0.04 7.5972 0.0672
v -0.0379 7.538 0.0341
v -0.0073 7.5234 -0.0246
v 0.0288 7.5644 -0.0648
v 0.0432 7.6301 -0.0562
v 0.0251 7.671 -0.0053
v -0.0119 7.6564 0.0496
v -0.6401 7.779 -0.3155
v -0.6386 7.7364 -0.3393
v -0.6166 7.7258 -0.3816
v -0.5906 7.7553 -0.4106
v -0.5802 7.8026 -0.4044
v -0.5933 7.8321 -0.3677
v -0.6199 7.8216 -0.3282
v 0 7.5972 0
v -0.6113 7.779 -0.3639
v -0.6442 8.0637 -0.3866
v -0.6442 8.0637 -0.3866
v -0.6442 8.0637 -0.3866
v -0.6442 8.0637 -0.3866
v -0.6442 8.0637 -0.3866
v -0.6442 8.0637 -0.3866
v -0.6442 8.0637 -0.3866
v -0.6442 8.0637 -0.3866
v -0.6442 8.0637 -0.3866
v -0.6442 8.0637 -0.3866
v -0.6442 8.0637 -0.3866
v -0.7631 8.035 -0.2966
v -0.7733 8.0288 -0.36
v -0.7333 8.0276 -0.4329
v -0.6582 8.0319 -0.4875
v -0.5768 8.0401 -0.5029
v -0.5202 8.049 -0.4732
v -0.51 8.0552 -0.4098
v -0.5501 8.0564 -0.3369
v -0.6252 8.0521 -0.2823
v -0.7065 8.0439 -0.2669
v -0.7631 8.035 -0.2966
v -0.859 7.9674 -0.2168
v -0.8778 7.9559 -0.3339
v -0.8038 7.9537 -0.4687
v -0.6651 7.9616 -0.5695
v -0.5147 7.9767 -0.598
v -0.4102 7.9932 -0.5432
v -0.3913 8.0047 -0.426
v -0.4654 8.0069 -0.2913
v -0.6041 7.9989 -0.1904
v -0.7544 7.9838 -0.162
v -0.859 7.9674 -0.2168
v -0.9171 7.8711 -0.1594
v -0.9417 7.856 -0.3124
v -0.845 7.8532 -0.4885
v -0.6638 7.8636 -0.6202
v -0.4673 7.8833 -0.6574
v -0.3307 7.9048 -0.5858
v -0.3061 7.9198 -0.4328
v -0.4028 7.9227 -0.2567
v -0.584 7.9123 -0.125
v -0.7805 7.8926 -0.0878
v -0.9171 7.8711 -0.1594
v -0.9287 7.7608 -0.1331
v -0.9554 7.7445 -0.2988
v -0.8506 7.7413 -0.4893
v -0.6545 7.7526 -0.6319
v -0.4418 7.7739 -0.6722
v -0.294 7.7972 -0.5947
v -0.2673 7.8135 -0.429
v -0.372 7.8166 -0.2385
v -0.5682 7.8054 -0.0959
v -0.7808 7.784 -0.0556
v -0.9287 7.7608 -0.1331
v -0.892 7.6532 -0.142
v -0.9166 7.6382 -0.2951
v -0.8198 7.6353 -0.4711
v -0.6386 7.6457 -0.6028
v -0.4422 7.6654 -0.64
v -0.3055 7.6869 -0.5684
v -0.2809 7.7019 -0.4154
v -0.3777 7.7048 -0.2393
v -0.5589 7.6944 -0.1076
v -0.7553 7.6747 -0.0704
v -0.892 7.6532 -0.142
v -0.8125 7.5648 -0.1847
v -0.8314 7.5533 -0.3018
v -0.7573 7.5511 -0.4365
v -0.6186 7.559 -0.5374
v -0.4683 7.5741 -0.5658
v -0.3637 7.5906 -0.511
v -0.3448 7.6021 -0.3939
v -0.4189 7.6043 -0.2591
v -0.5576 7.5963 -0.1583
v -0.7079 7.5813 -0.1298
v -0.8125 7.5648 -0.1847
v -0.7024 7.509 -0.2546
v -0.7126 7.5028 -0.318
v -0.6725 7.5016 -0.3909
v -0.5975 7.5059 -0.4455
v -0.5161 7.514 -0.4609
v -0.4595 7.5229 -0.4312
v -0.4493 7.5292 -0.3678
v -0.4894 7.5304 -0.2949
v -0.5645 7.5261 -0.2403
v -0.6458 7.5179 -0.2249
v -0.7024 7.509 -0.2546
v -0.5785 7.4943 -0.3412
v -0.5785 7.4943 -0.3412
v -0.5785 7.4943 -0.3412
v -0.5785 7.4943 -0.3412
v -0.5785 7.4943 -0.3412
v -0.5785 7.4943 -0.3412
v -0.5785 7.4943 -0.3412
v -0.5785 7.4943 -0.3412
v -0.5785 7.4943 -0.3412
v -0.5785 7.4943 -0.3412
v -0.5785 7.4943 -0.3412
v -0.0828 7.5972 0.0018
v -0.0518 7.5331 -0.0081
v 0.0182 7.5173 -0.012
v 0.0745 7.5616 -0.0068
v 0.0747 7.6328 0.0035
v 0.0187 7.6771 0.0112
v -0.0514 7.6613 0.0104
v -0.0731 7.6869 -0.6181
v -0.0508 7.6407 -0.6252
v -0.0004 7.6293 -0.628
v 0.0402 7.6612 -0.6242
v 0.0403 7.7125 -0.6168
v 0 7.7444 -0.6113
v -0.0505 7.733 -0.6119
v 0 7.5972 0
v -0.0135 7.6869 -0.6194
v 0.0178 8.0433 -0.6189
v 0.0178 8.0433 -0.6189
v 0.0178 8.0433 -0.6189
v 0.0178 8.0433 -0.6189
v 0.0178 8.0433 -0.6189
v 0.0178 8.0433 -0.6189
v 0.0178 8.0433 -0.6189
v 0.0178 8.0433 -0.6189
v 0.0178 8.0433 -0.6189
v 0.0178 8.0433 -0.6189
v 0.0178 8.0433 -0.6189
v 0.0128 8.0163 -0.4686
v -0.0443 8.0213 -0.4984
v -0.0785 8.0244 -0.5741
v -0.0768 8.0244 -0.667
v -0.0399 8.0212 -0.7416
v 0.0181 8.0162 -0.7692
v 0.0752 8.0111 -0.7395
v 0.1094 8.008 -0.6637
v 0.1077 8.008 -0.5708
v 0.0708 8.0112 -0.4963
v 0.0128 8.0163 -0.4686
v 0.0037 7.939 -0.3413
v -0.1017 7.9483 -0.3962
v -0.1649 7.9541 -0.5363
v -0.1618 7.954 -0.7079
v -0.0937 7.9482 -0.8456
v 0.0136 7.9389 -0.8968
v 0.119 7.9295 -0.8418
v 0.1822 7.9238 -0.7018
v 0.1792 7.9238 -0.5301
v 0.111 7.9297 -0.3924
v 0.0037 7.939 -0.3413
v -0.008 7.8234 -0.2563
v -0.1457 7.8356 -0.3281
v -0.2283 7.8431 -0.5111
v -0.2243 7.843 -0.7353
v -0.1352 7.8354 -0.9152
v 0.005 7.8232 -0.982
v 0.1427 7.811 -0.9103
v 0.2253 7.8035 -0.7273
v 0.2213 7.8036 -0.503
v 0.1322 7.8112 -0.3231
v -0.008 7.8234 -0.2563
v -0.0205 7.687 -0.2266
v -0.1695 7.7002 -0.3043
v -0.259 7.7083 -0.5023
v -0.2546 7.7082 -0.7451
v -0.1582 7.7 -0.9398
v -0.0065 7.6867 -1.0121
v 0.1426 7.6736 -0.9344
v 0.232 7.6654 -0.7364
v 0.2276 7.6655 -0.4936
v 0.1312 7.6737 -0.2989
v -0.0205 7.687 -0.2266
v -0.032 7.5505 -0.2567
v -0.1696 7.5627 -0.3284
v -0.2523 7.5702 -0.5114
v -0.2483 7.5702 -0.7357
v -0.1592 7.5626 -0.9156
v -0.019 7.5503 -0.9824
v 0.1187 7.5381 -0.9106
v 0.2013 7.5306 -0.7276
v 0.1973 7.5307 -0.5034
v 0.1082 7.5383 -0.3235
v -0.032 7.5505 -0.2567
v -0.0406 7.4349 -0.342
v -0.146 7.4442 -0.3969
v -0.2092 7.4499 -0.5369
v -0.2061 7.4499 -0.7086
v -0.138 7.4441 -0.8463
v -0.0307 7.4347 -0.8974
v 0.0747 7.4254 -0.8425
v 0.1379 7.4196 -0.7024
v 0.1349 7.4197 -0.5308
v 0.0667 7.4255 -0.3931
v -0.0406 7.4349 -0.342
v -0.0451 7.3576 -0.4695
v -0.1021 7.3626 -0.4992
v -0.1364 7.3657 -0.575
v -0.1347 7.3657 -0.6679
v -0.0978 7.3625 -0.7424
v -0.0397 7.3575 -0.7701
v 0.0173 7.3524 -0.7403
v 0.0515 7.3493 -0.6646
v 0.0498 7.3493 -0.5717
v 0.0129 7.3525 -0.4971
v -0.0451 7.3576 -0.4695
v -0.0448 7.3304 -0.6198
v -0.0448 7.3304 -0.6198
v -0.0448 7.3304 -0.6198
v -0.0448 7.3304 -0.6198
v -0.0448 7.3304 -0.6198
v -0.0448 7.3304 -0.6198
v -0.0448 7.3304 -0.6198
v -0.0448 7.3304 -0.6198
v -0.0448 7.3304 -0.6198
v -0.0448 7.3304 -0.6198
v -0.0448 7.3304 -0.6198
v -0.0483 7.5972 -0.0651
v -0.0106 7.5387 -0.0551
v 0.0351 7.5242 -0.0036
v 0.0544 7.5647 0.0506
v 0.0327 7.6297 0.0667
v -0.0136 7.6702 0.0326
v -0.0497 7.6557 -0.0261
v 0.5251 7.8869 -0.4627
v 0.5522 7.8447 -0.4555
v 0.5851 7.8343 -0.4185
v 0.599 7.8635 -0.3795
v 0.5834 7.9103 -0.3679
v 0.5501 7.9394 -0.3924
v 0.5241 7.929 -0.4347
v 0 7.5972 0
v 0.5599 7.8869 -0.4159
v 0.5446 8.2074 -0.4038
v 0.5446 8.2074 -0.4038
v 0.5446 8.2074 -0.4038
v 0.5446 8.2074 -0.4038
v 0.5446 8.2074 -0.4038
v 0.5446 8.2074 -0.4038
v 0.5446 8.2074 -0.4038
v 0.5446 8.2074 -0.4038
v 0.5446 8.2074 -0.4038
v 0.5446 8.2074 -0.4038
v 0.5446 8.2074 -0.4038
v 0.6571 8.1845 -0.3038
v 0.5972 8.1808 -0.2803
v 0.5175 8.1779 -0.3043
v 0.4487 8.1769 -0.3667
v 0.4169 8.1783 -0.4436
v 0.4343 8.1815 -0.5056
v 0.4943 8.1853 -0.5291
v 0.5739 8.1881 -0.5051
v 0.6428 8.1891 -0.4427
v 0.6745 8.1877 -0.3658
v 0.6571 8.1845 -0.3038
v 0.7549 8.1163 -0.2208
v 0.6441 8.1094 -0.1774
v 0.497 8.104 -0.2219
v 0.3697 8.1023 -0.3371
v 0.311 8.1049 -0.4792
v 0.3432 8.1107 -0.5938
v 0.454 8.1177 -0.6372
v 0.6011 8.123 -0.5928
v 0.7283 8.1247 -0.4775
v 0.7871 8.1222 -0.3355
v 0.7549 8.1163 -0.2208
v 0.8229 8.0132 -0.1676
v 0.6782 8.0041 -0.1109
v 0.486 7.9971 -0.1689
v 0.3197 7.9949 -0.3195
v 0.243 7.9982 -0.5051
v 0.2851 8.0059 -0.6549
v 0.4298 8.015 -0.7116
v 0.622 8.0219 -0.6536
v 0.7883 8.0242 -0.503
v 0.865 8.0208 -0.3174
v 0.8229 8.0132 -0.1676
v 0.851 7.8908 -0.1522
v 0.6943 7.881 -0.0908
v 0.4862 7.8735 -0.1536
v 0.3063 7.871 -0.3166
v 0.2232 7.8746 -0.5175
v 0.2688 7.8829 -0.6796
v 0.4255 7.8927 -0.741
v 0.6335 7.9003 -0.6782
v 0.8134 7.9027 -0.5152
v 0.8965 7.8991 -0.3143
v 0.851 7.8908 -0.1522
v 0.8347 7.7679 -0.1769
v 0.6899 7.7588 -0.1202
v 0.4977 7.7518 -0.1782
v 0.3315 7.7496 -0.3288
v 0.2547 7.7529 -0.5144
v 0.2968 7.7606 -0.6642
v 0.4416 7.7696 -0.7209
v 0.6338 7.7766 -0.6628
v 0.8 7.7789 -0.5123
v 0.8767 7.7755 -0.3266
v 0.8347 7.7679 -0.1769
v 0.7765 7.663 -0.238
v 0.6657 7.6561 -0.1946
v 0.5186 7.6507 -0.239
v 0.3914 7.649 -0.3542
v 0.3327 7.6516 -0.4963
v 0.3648 7.6574 -0.6109
v 0.4756 7.6644 -0.6543
v 0.6228 7.6697 -0.6099
v 0.75 7.6714 -0.4947
v 0.8087 7.6689 -0.3526
v 0.7765 7.663 -0.238
v 0.6854 7.5922 -0.3261
v 0.6254 7.5885 -0.3026
v 0.5458 7.5856 -0.3267
v 0.477 7.5847 -0.3891
v 0.4452 7.5861 -0.466
v 0.4626 7.5892 -0.528
v 0.5226 7.593 -0.5515
v 0.6022 7.5959 -0.5274
v 0.671 7.5968 -0.4651
v 0.7028 7.5954 -0.3882
v 0.6854 7.5922 -0.3261
v 0.5752 7.5663 -0.428
v 0.5752 7.5663 -0.428
v 0.5752 7.5663 -0.428
v 0.5752 7.5663 -0.428
v 0.5752 7.5663 -0.428
v 0.5752 7.5663 -0.428
v 0.5752 7.5663 -0.428
v 0.5752 7.5663 -0.428
v 0.5752 7.5663 -0.428
v 0.5752 7.5663 -0.428
v 0.5752 7.5663 -0.428
v -0.003 8.6486 -0.0688
v 0.0085 8.5958 -0.0434
v 0.0136 8.5827 0.0147
v 0.0085 8.6193 0.0617
v -0.003 8.6779 0.0622
v -0.0123 8.7145 0.0159
v -0.0123 8.7014 -0.0424
v 0.5041 8.7482 -0.0719
v 0.5124 8.7101 -0.0536
v 0.5161 8.7008 -0.0117
v 0.5124 8.7271 0.0221
v 0.5041 8.7693 0.0225
v 0.4975 8.7956 -0.0109
v 0.4975 8.7862 -0.0529
v 0 8.6486 0
v 0.5063 8.7482 -0.0223
v 0.5149 9.0265 -0.0195
v 0.5149 9.0265 -0.0195
v 0.5149 9.0265 -0.0195
v 0.5149 9.0265 -0.0195
v 0.5149 9.0265 -0.0195
v 0.5149 9.0265 -0.0195
v 0.5149 9.0265 -0.0195
v 0.5149 9.0265 -0.0195
v 0.5149 9.0265 -0.0195
v 0.5149 9.0265 -0.0195
v 0.5149 9.0265 -0.0195
v 0.6149 9.0022 -0.0143
v 0.5936 9.0024 0.0234
v 0.542 9.0038 0.0446
v 0.4797 9.0058 0.0413
v 0.4307 9.0076 0.0146
v 0.4135 9.0085 -0.0251
v 0.4349 9.0082 -0.0628
v 0.4865 9.0069 -0.084
v 0.5488 9.0049 -0.0807
v 0.5978 9.0031 -0.054
v 0.6149 9.0022 -0.0143
v 0.6985 8.9392 -0.0103
v 0.659 8.9397 0.0593
v 0.5636 8.9422 0.0985
v 0.4486 8.9458 0.0924
v 0.358 8.9491 0.0431
v 0.3263 8.9508 -0.0303
v 0.3657 8.9503 -0.1
v 0.4611 8.9478 -0.1392
v 0.5761 8.9442 -0.133
v 0.6668 8.9409 -0.0838
v 0.6985 8.9392 -0.0103
v 0.7527 8.8471 -0.0082
v 0.7012 8.8477 0.0828
v 0.5765 8.851 0.1341
v 0.4263 8.8558 0.126
v 0.3078 8.8601 0.0616
v 0.2665 8.8623 -0.0343
v 0.318 8.8617 -0.1253
v 0.4426 8.8584 -0.1765
v 0.5929 8.8536 -0.1684
v 0.7113 8.8493 -0.1041
v 0.7527 8.8471 -0.0082
v 0.7695 8.7399 -0.0082
v 0.7137 8.7406 0.0903
v 0.5788 8.7442 0.1458
v 0.4161 8.7493 0.137
v 0.2879 8.754 0.0674
v 0.2432 8.7564 -0.0365
v 0.2989 8.7557 -0.135
v 0.4338 8.7521 -0.1904
v 0.5965 8.747 -0.1817
v 0.7247 8.7424 -0.1121
v 0.7695 8.7399 -0.0082
v 0.7461 8.634 -0.0103
v 0.6947 8.6347 0.0806
v 0.57 8.638 0.1319
v 0.4197 8.6427 0.1238
v 0.3013 8.647 0.0595
v 0.2599 8.6493 -0.0365
v 0.3114 8.6487 -0.1275
v 0.4361 8.6453 -0.1787
v 0.5863 8.6406 -0.1706
v 0.7048 8.6363 -0.1063
v 0.7461 8.634 -0.0103
v 0.6863 8.5455 -0.0143
v 0.6469 8.546 0.0553
v 0.5515 8.5486 0.0945
v 0.4365 8.5522 0.0883
v 0.3458 8.5555 0.0391
v 0.3142 8.5572 -0.0344
v 0.3536 8.5567 -0.104
v 0.449 8.5542 -0.1432
v 0.564 8.5506 -0.137
v 0.6546 8.5473 -0.0878
v 0.6863 8.5455 -0.0143
v 0.5991 8.4879 -0.0196
v 0.5778 8.4881 0.0181
v 0.5261 8.4895 0.0393
v 0.4639 8.4915 0.036
v 0.4148 8.4933 0.0094
v 0.3977 8.4942 -0.0304
v 0.419 8.4939 -0.0681
v 0.4706 8.4925 -0.0893
v 0.5329 8.4906 -0.086
v 0.5819 8.4888 -0.0593
v 0.5991 8.4879 -0.0196
v 0.4977 8.4698 -0.0252
v 0.4977 8.4698 -0.0252
v 0.4977 8.4698 -0.0252
v 0.4977 8.4698 -0.0252
v 0.4977 8.4698 -0.0252
v 0.4977 8.4698 -0.0252
v 0.4977 8.4698 -0.0252
v 0.4977 8.4698 -0.0252
v 0.4977 8.4698 -0.0252
v 0.4977 8.4698 -0.0252
v 0.4977 8.4698 -0.0252
v 0.036 8.6486 -0.0379
v 0.034 8.611 -0.0127
v 0.0064 8.6017 0.0221
v -0.026 8.6277 0.0402
v -0.0388 8.6695 0.0281
v -0.0224 8.6956 -0.0052
v 0.0109 8.6863 -0.0346
v 0.3577 8.8416 0.2871
v 0.3562 8.8145 0.3053
v 0.3364 8.8078 0.3303
v 0.3131 8.8265 0.3434
v 0.3038 8.8566 0.3347
v 0.3157 8.8754 0.3107
v 0.3396 8.8687 0.2895
v 0 8.6486 0
v 0.3318 8.8416 0.3144
v 0.3411 9.1382 0.333
v 0.3411 9.1382 0.333
v 0.3411 9.1382 0.333
v 0.3411 9.1382 0.333
v 0.3411 9.1382 0.333
v 0.3411 9.1382 0.333
v 0.3411 9.1382 0.333
v 0.3411 9.1382 0.333
v 0.3411 9.1382 0.333
v 0.3411 9.1382 0.333
v 0.3411 9.1382 0.333
v 0.4064 9.1183 0.2553
v 0.4231 9.1153 0.2951
v 0.4082 9.1124 0.3489
v 0.3675 9.1107 0.3961
v 0.3163 9.1109 0.4186
v 0.2744 9.1129 0.4079
v 0.2577 9.1159 0.3681
v 0.2726 9.1188 0.3143
v 0.3133 9.1205 0.2672
v 0.3644 9.1203 0.2446
v 0.4064 9.1183 0.2553
v 0.4603 9.0563 0.1866
v 0.4912 9.0507 0.2602
v 0.4637 9.0454 0.3595
v 0.3884 9.0423 0.4467
v 0.2939 9.0426 0.4883
v 0.2165 9.0463 0.4686
v 0.1856 9.0519 0.395
v 0.2131 9.0573 0.2956
v 0.2884 9.0604 0.2085
v 0.3828 9.06 0.1669
v 0.4603 9.0563 0.1866
v 0.4946 8.9616 0.1373
v 0.535 8.9543 0.2335
v 0.4991 8.9473 0.3633
v 0.4007 8.9433 0.4771
v 0.2773 8.9437 0.5315
v 0.1761 8.9485 0.5057
v 0.1357 8.9558 0.4096
v 0.1716 8.9629 0.2798
v 0.27 8.9669 0.166
v 0.3934 8.9664 0.1115
v 0.4946 8.9616 0.1373
v 0.5042 8.8487 0.115
v 0.5478 8.8408 0.2191
v 0.509 8.8332 0.3596
v 0.4025 8.8288 0.4828
v 0.2689 8.8293 0.5417
v 0.1594 8.8345 0.5138
v 0.1157 8.8424 0.4097
v 0.1546 8.85 0.2692
v 0.2611 8.8544 0.146
v 0.3946 8.8539 0.0871
v 0.5042 8.8487 0.115
v 0.4875 8.7346 0.1231
v 0.5278 8.7273 0.2192
v 0.4919 8.7203 0.349
v 0.3935 8.7162 0.4629
v 0.2701 8.7167 0.5173
v 0.1689 8.7215 0.4915
v 0.1286 8.7288 0.3953
v 0.1645 8.7358 0.2655
v 0.2629 8.7399 0.1517
v 0.3863 8.7394 0.0973
v 0.4875 8.7346 0.1231
v 0.4471 8.6368 0.1603
v 0.478 8.6312 0.2339
v 0.4505 8.6259 0.3332
v 0.3752 8.6228 0.4203
v 0.2807 8.6231 0.462
v 0.2033 8.6268 0.4422
v 0.1724 8.6324 0.3686
v 0.1999 8.6378 0.2693
v 0.2752 8.6409 0.1822
v 0.3696 8.6405 0.1405
v 0.4471 8.6368 0.1603
v 0.3891 8.5702 0.2209
v 0.4058 8.5672 0.2607
v 0.391 8.5643 0.3145
v 0.3502 8.5626 0.3616
v 0.2991 8.5628 0.3842
v 0.2572 8.5648 0.3735
v 0.2405 8.5678 0.3337
v 0.2553 8.5707 0.2799
v 0.2961 8.5724 0.2328
v 0.3472 8.5722 0.2102
v 0.3891 8.5702 0.2209
v 0.3224 8.5449 0.2958
v 0.3224 8.5449 0.2958
v 0.3224 8.5449 0.2958
v 0.3224 8.5449 0.2958
v 0.3224 8.5449 0.2958
v 0.3224 8.5449 0.2958
v 0.3224 8.5449 0.2958
v 0.3224 8.5449 0.2958
v 0.3224 8.5449 0.2958
v 0.3224 8.5449 0.2958
v 0.3224 8.5449 0.2958
v 0.0524 8.6486 0.0103
v 0.0282 8.6139 0.0292
v -0.0172 8.6053 0.026
v -0.0497 8.6293 0.0033
v -0.0447 8.6679 -0.0219
v -0.0061 8.6919 -0.0306
v 0.0371 8.6833 -0.0163
v -0.0431 8.9277 0.4179
v -0.0606 8.9027 0.4314
v -0.0933 8.8965 0.4292
v -0.1166 8.9138 0.4128
v -0.113 8.9416 0.3947
v -0.0852 8.9589 0.3884
v -0.0541 8.9527 0.3987
v 0 8.6486 0
v -0.0808 8.9277 0.4105
v -0.1398 9.3141 0.4162
v -0.1398 9.3141 0.4162
v -0.1398 9.3141 0.4162
v -0.1398 9.3141 0.4162
v -0.1398 9.3141 0.4162
v -0.1398 9.3141 0.4162
v -0.1398 9.3141 0.4162
v -0.1398 9.3141 0.4162
v -0.1398 9.3141 0.4162
v -0.1398 9.3141 0.4162
v -0.1398 9.3141 0.4162
v -0.1514 9.2837 0.3161
v -0.1105 9.2898 0.329
v -0.0791 9.2939 0.375
v -0.0692 9.2945 0.4366
v -0.0845 9.2913 0.4902
v -0.1193 9.2857 0.5153
v -0.1602 9.2796 0.5025
v -0.1916 9.2755 0.4565
v -0.2015 9.2749 0.3949
v -0.1862 9.278 0.3413
v -0.1514 9.2837 0.3161
v -0.1522 9.1991 0.2304
v -0.0767 9.2103 0.2542
v -0.0186 9.2179 0.3392
v -0.0003 9.219 0.453
v -0.0286 9.2132 0.552
v -0.0929 9.2027 0.5985
v -0.1685 9.1915 0.5748
v -0.2265 9.1839 0.4898
v -0.2448 9.1828 0.376
v -0.2165 9.1886 0.277
v -0.1522 9.1991 0.2304
v -0.1422 9.0732 0.1722
v -0.0434 9.0878 0.2032
v 0.0324 9.0977 0.3143
v 0.0563 9.0992 0.4629
v 0.0193 9.0916 0.5923
v -0.0647 9.0779 0.6531
v -0.1634 9.0633 0.6221
v -0.2392 9.0534 0.511
v -0.2632 9.0519 0.3624
v -0.2261 9.0595 0.233
v -0.1422 9.0732 0.1722
v -0.1228 8.9251 0.1502
v -0.0159 8.9409 0.1838
v 0.0662 8.9517 0.304
v 0.0921 8.9533 0.4649
v 0.052 8.9451 0.6049
v -0.0389 8.9302 0.6707
v -0.1458 8.9144 0.6371
v -0.2278 8.9037 0.5169
v -0.2538 8.9021 0.3561
v -0.2137 8.9103 0.216
v -0.1228 8.9251 0.1502
v -0.097 8.7775 0.1678
v 0.0017 8.7921 0.1989
v 0.0775 8.802 0.3099
v 0.1015 8.8035 0.4585
v 0.0644 8.7959 0.588
v -0.0195 8.7822 0.6487
v -0.1182 8.7676 0.6177
v -0.1941 8.7576 0.5066
v -0.218 8.7562 0.358
v -0.181 8.7637 0.2286
v -0.097 8.7775 0.1678
v -0.0688 8.6527 0.2224
v 0.0068 8.6638 0.2461
v 0.0648 8.6714 0.3311
v 0.0831 8.6726 0.4449
v 0.0548 8.6668 0.5439
v -0.0095 8.6563 0.5905
v -0.085 8.6451 0.5667
v -0.1431 8.6375 0.4817
v -0.1614 8.6364 0.3679
v -0.1331 8.6422 0.2689
v -0.0688 8.6527 0.2224
v -0.0424 8.5697 0.3056
v -0.0015 8.5758 0.3184
v 0.0299 8.5799 0.3644
v 0.0398 8.5805 0.426
v 0.0245 8.5774 0.4796
v -0.0103 8.5717 0.5048
v -0.0512 8.5656 0.4919
v -0.0826 8.5615 0.4459
v -0.0925 8.5609 0.3844
v -0.0772 8.564 0.3307
v -0.0424 8.5697 0.3056
v -0.0219 8.5413 0.4047
v -0.0219 8.5413 0.4047
v -0.0219 8.5413 0.4047
v -0.0219 8.5413 0.4047
v -0.0219 8.5413 0.4047
v -0.0219 8.5413 0.4047
v -0.0219 8.5413 0.4047
v -0.0219 8.5413 0.4047
v -0.0219 8.5413 0.4047
v -0.0219 8.5413 0.4047
v -0.0219 8.5413 0.4047
v 0.0366 8.6486 0.0721
v 0.0006 8.5905 0.0562
v -0.0358 8.5761 -0.002
v -0.0453 8.6164 -0.0587
v -0.0207 8.6809 -0.0712
v 0.0195 8.7211 -0.0301
v 0.045 8.7067 0.0337
v -0.4048 8.8556 0.2708
v -0.4307 8.8138 0.2593
v -0.4569 8.8034 0.2174
v -0.4637 8.8324 0.1766
v -0.446 8.8788 0.1676
v -0.4171 8.9078 0.1972
v -0.3987 8.8974 0.2431
v 0 8.6486 0
v -0.4311 8.8556 0.2189
v -0.424 9.1628 0.1931
v -0.424 9.1628 0.1931
v -0.424 9.1628 0.1931
v -0.424 9.1628 0.1931
v -0.424 9.1628 0.1931
v -0.424 9.1628 0.1931
v -0.424 9.1628 0.1931
v -0.424 9.1628 0.1931
v -0.424 9.1628 0.1931
v -0.424 9.1628 0.1931
v -0.424 9.1628 0.1931
v -0.5103 9.1369 0.1419
v -0.4735 9.1342 0.1193
v -0.418 9.1334 0.1255
v -0.365 9.135 0.1584
v -0.3348 9.1382 0.2052
v -0.3388 9.1419 0.2482
v -0.3756 9.1446 0.2708
v -0.4311 9.1454 0.2645
v -0.4841 9.1439 0.2317
v -0.5144 9.1406 0.1849
v -0.5103 9.1369 0.1419
v -0.5846 9.0682 0.1025
v -0.5166 9.0632 0.0606
v -0.414 9.0618 0.0722
v -0.3161 9.0646 0.1329
v -0.2602 9.0706 0.2194
v -0.2677 9.0774 0.2988
v -0.3356 9.0825 0.3407
v -0.4382 9.0839 0.3291
v -0.5361 9.081 0.2684
v -0.592 9.0751 0.1819
v -0.5846 9.0682 0.1025
v -0.6354 8.9672 0.0808
v -0.5466 8.9605 0.026
v -0.4126 8.9587 0.0412
v -0.2847 8.9624 0.1204
v -0.2116 8.9702 0.2335
v -0.2214 8.9791 0.3372
v -0.3102 8.9858 0.3919
v -0.4442 8.9876 0.3768
v -0.5721 8.9839 0.2975
v -0.6452 8.9761 0.1845
v -0.6354 8.9672 0.0808
v -0.6552 8.8491 0.0801
v -0.5591 8.8419 0.0208
v -0.414 8.84 0.0372
v -0.2756 8.844 0.123
v -0.1965 8.8524 0.2454
v -0.207 8.8621 0.3576
v -0.3032 8.8693 0.4169
v -0.4482 8.8712 0.4005
v -0.5867 8.8672 0.3147
v -0.6657 8.8588 0.1923
v -0.6552 8.8491 0.0801
v -0.6408 8.732 0.1005
v -0.552 8.7254 0.0458
v -0.4181 8.7236 0.0609
v -0.2901 8.7273 0.1402
v -0.217 8.7351 0.2532
v -0.2268 8.744 0.3569
v -0.3156 8.7506 0.4117
v -0.4496 8.7525 0.3965
v -0.5775 8.7488 0.3173
v -0.6506 8.741 0.2042
v -0.6408 8.732 0.1005
v -0.5946 8.6338 0.1389
v -0.5266 8.6287 0.0971
v -0.424 8.6273 0.1087
v -0.3261 8.6301 0.1693
v -0.2702 8.6361 0.2558
v -0.2777 8.6429 0.3352
v -0.3456 8.648 0.3771
v -0.4482 8.6494 0.3655
v -0.5461 8.6466 0.3048
v -0.602 8.6406 0.2183
v -0.5946 8.6338 0.1389
v -0.5234 8.5693 0.1895
v -0.4866 8.5665 0.1669
v -0.4311 8.5658 0.1732
v -0.3781 8.5673 0.206
v -0.3479 8.5706 0.2528
v -0.3519 8.5742 0.2958
v -0.3887 8.577 0.3184
v -0.4442 8.5778 0.3122
v -0.4972 8.5762 0.2793
v -0.5274 8.573 0.2325
v -0.5234 8.5693 0.1895
v -0.4382 8.5484 0.2446
v -0.4382 8.5484 0.2446
v -0.4382 8.5484 0.2446
v -0.4382 8.5484 0.2446
v -0.4382 8.5484 0.2446
v -0.4382 8.5484 0.2446
v -0.4382 8.5484 0.2446
v -0.4382 8.5484 0.2446
v -0.4382 8.5484 0.2446
v -0.4382 8.5484 0.2446
v -0.4382 8.5484 0.2446
v -0.0212 8.6486 0.0637
v -0.0297 8.5991 0.0342
v -0.0158 8.5869 -0.021
v 0.01 8.6211 -0.0604
v 0.0282 8.6761 -0.0543
v 0.0252 8.7104 -0.0073
v 0.0032 8.6981 0.0452
v -0.485 8.8219 -0.1107
v -0.4911 8.7863 -0.1319
v -0.4811 8.7775 -0.1717
v -0.4625 8.8022 -0.2001
v -0.4494 8.8417 -0.1957
v -0.4515 8.8664 -0.1619
v -0.4674 8.8576 -0.124
v 0 8.6486 0
v -0.4697 8.8219 -0.1566
v -0.4698 9.1852 -0.1671
v -0.4698 9.1852 -0.1671
v -0.4698 9.1852 -0.1671
v -0.4698 9.1852 -0.1671
v -0.4698 9.1852 -0.1671
v -0.4698 9.1852 -0.1671
v -0.4698 9.1852 -0.1671
v -0.4698 9.1852 -0.1671
v -0.4698 9.1852 -0.1671
v -0.4698 9.1852 -0.1671
v -0.4698 9.1852 -0.1671
v -0.5633 9.1587 -0.1283
v -0.56 9.1574 -0.1714
v -0.5223 9.1562 -0.2126
v -0.4646 9.1556 -0.2361
v -0.4088 9.1557 -0.2329
v -0.3764 9.1565 -0.2043
v -0.3796 9.1578 -0.1611
v -0.4173 9.1589 -0.1199
v -0.4751 9.1596 -0.0964
v -0.5308 9.1595 -0.0996
v -0.5633 9.1587 -0.1283
v -0.6425 9.0808 -0.0938
v -0.6365 9.0785 -0.1735
v -0.5668 9.0763 -0.2496
v -0.4601 9.0751 -0.293
v -0.3571 9.0753 -0.2871
v -0.2971 9.0769 -0.2342
v -0.3031 9.0792 -0.1545
v -0.3727 9.0813 -0.0783
v -0.4795 9.0826 -0.035
v -0.5825 9.0824 -0.0409
v -0.6425 9.0808 -0.0938
v -0.6954 8.9636 -0.0689
v -0.6876 8.9605 -0.1731
v -0.5966 8.9577 -0.2725
v -0.4571 8.9561 -0.3292
v -0.3225 8.9564 -0.3215
v -0.2441 8.9584 -0.2523
v -0.2519 8.9614 -0.1481
v -0.343 8.9642 -0.0487
v -0.4824 8.9658 0.008
v -0.617 8.9656 0.0003
v -0.6954 8.9636 -0.0689
v -0.7139 8.8247 -0.0573
v -0.7055 8.8215 -0.1701
v -0.607 8.8184 -0.2777
v -0.456 8.8167 -0.3391
v -0.3103 8.817 -0.3307
v -0.2255 8.8192 -0.2559
v -0.2339 8.8224 -0.1431
v -0.3325 8.8255 -0.0354
v -0.4834 8.8272 0.0259
v -0.6291 8.8269 0.0176
v -0.7139 8.8247 -0.0573
v -0.6953 8.6855 -0.0608
v -0.6875 8.6825 -0.165
v -0.5965 8.6797 -0.2645
v -0.457 8.6781 -0.3212
v -0.3224 8.6783 -0.3135
v -0.244 8.6803 -0.2443
v -0.2519 8.6834 -0.1401
v -0.3429 8.6862 -0.0406
v -0.4823 8.6878 0.016
v -0.617 8.6875 0.0083
v -0.6953 8.6855 -0.0608
v -0.6423 8.567 -0.0789
v -0.6363 8.5647 -0.1587
v -0.5667 8.5626 -0.2348
v -0.4599 8.5613 -0.2782
v -0.3569 8.5615 -0.2723
v -0.2969 8.5631 -0.2194
v -0.3029 8.5654 -0.1396
v -0.3726 8.5676 -0.0635
v -0.4793 8.5688 -0.0201
v -0.5824 8.5686 -0.026
v -0.6423 8.567 -0.0789
v -0.5631 8.4874 -0.1089
v -0.5598 8.4861 -0.152
v -0.5221 8.485 -0.1932
v -0.4644 8.4843 -0.2167
v -0.4086 8.4844 -0.2135
v -0.3761 8.4852 -0.1849
v -0.3794 8.4865 -0.1417
v -0.4171 8.4877 -0.1005
v -0.4749 8.4883 -0.077
v -0.5306 8.4882 -0.0802
v -0.5631 8.4874 -0.1089
v -0.4696 8.4587 -0.1461
v -0.4696 8.4587 -0.1461
v -0.4696 8.4587 -0.1461
v -0.4696 8.4587 -0.1461
v -0.4696 8.4587 -0.1461
v -0.4696 8.4587 -0.1461
v -0.4696 8.4587 -0.1461
v -0.4696 8.4587 -0.1461
v -0.4696 8.4587 -0.1461
v -0.4696 8.4587 -0.1461
v -0.4696 8.4587 -0.1461
v -0.0619 8.6486 0.0225
v -0.0456 8.6014 -0.0053
v 0.005 8.5898 -0.0292
v 0.0518 8.6224 -0.031
v 0.0597 8.6748 -0.0095
v 0.0226 8.7074 0.0191
v -0.0315 8.6958 0.0334
v -0.1895 8.8338 -0.3822
v -0.1778 8.7998 -0.4023
v -0.1414 8.7914 -0.4194
v -0.1076 8.8149 -0.4208
v -0.102 8.8526 -0.4053
v -0.1287 8.8761 -0.3846
v -0.1677 8.8677 -0.3744
v 0 8.6486 0
v -0.145 8.8338 -0.3984
v -0.1453 9.2019 -0.3987
v -0.1453 9.2019 -0.3987
v -0.1453 9.2019 -0.3987
v -0.1453 9.2019 -0.3987
v -0.1453 9.2019 -0.3987
v -0.1453 9.2019 -0.3987
v -0.1453 9.2019 -0.3987
v -0.1453 9.2019 -0.3987
v -0.1453 9.2019 -0.3987
v -0.1453 9.2019 -0.3987
v -0.1453 9.2019 -0.3987
v -0.1741 9.1739 -0.302
v -0.2057 9.1739 -0.3315
v -0.2143 9.1738 -0.3867
v -0.1964 9.1738 -0.4465
v -0.1591 9.1738 -0.488
v -0.1164 9.1738 -0.4954
v -0.0847 9.1739 -0.4658
v -0.0762 9.1739 -0.4106
v -0.094 9.174 -0.3509
v -0.1314 9.174 -0.3094
v -0.1741 9.1739 -0.302
v -0.1985 9.0942 -0.22
v -0.257 9.0941 -0.2746
v -0.2727 9.094 -0.3766
v -0.2398 9.0939 -0.487
v -0.1707 9.0939 -0.5636
v -0.0919 9.094 -0.5773
v -0.0334 9.0941 -0.5227
v -0.0176 9.0942 -0.4207
v -0.0505 9.0942 -0.3103
v -0.1196 9.0942 -0.2336
v -0.1985 9.0942 -0.22
v -0.2147 8.9748 -0.1651
v -0.2911 8.9747 -0.2364
v -0.3117 8.9745 -0.3697
v -0.2687 8.9745 -0.514
v -0.1784 8.9745 -0.6141
v -0.0754 8.9745 -0.632
v 0.001 8.9746 -0.5606
v 0.0216 8.9748 -0.4274
v -0.0214 8.9748 -0.2831
v -0.1117 8.9749 -0.1829
v -0.2147 8.9748 -0.1651
v -0.2203 8.8339 -0.1458
v -0.303 8.8338 -0.223
v -0.3254 8.8337 -0.3672
v -0.2788 8.8336 -0.5234
v -0.1811 8.8336 -0.6318
v -0.0696 8.8336 -0.6511
v 0.0131 8.8338 -0.5739
v 0.0354 8.8339 -0.4296
v -0.0111 8.834 -0.2735
v -0.1088 8.834 -0.165
v -0.2203 8.8339 -0.1458
v -0.2145 8.693 -0.1649
v -0.2909 8.6929 -0.2362
v -0.3115 8.6928 -0.3695
v -0.2685 8.6927 -0.5137
v -0.1782 8.6927 -0.6139
v -0.0752 8.6928 -0.6317
v 0.0012 8.6929 -0.5604
v 0.0218 8.693 -0.4271
v -0.0212 8.6931 -0.2829
v -0.1115 8.6931 -0.1827
v -0.2145 8.693 -0.1649
v -0.1981 8.5736 -0.2196
v -0.2565 8.5735 -0.2742
v -0.2723 8.5734 -0.3762
v -0.2394 8.5733 -0.4866
v -0.1703 8.5733 -0.5632
v -0.0915 8.5734 -0.5769
v -0.033 8.5735 -0.5223
v -0.0172 8.5736 -0.4203
v -0.0501 8.5736 -0.3099
v -0.1192 8.5736 -0.2332
v -0.1981 8.5736 -0.2196
v -0.1735 8.4937 -0.3015
v -0.2052 8.4937 -0.331
v -0.2137 8.4936 -0.3862
v -0.1959 8.4936 -0.446
v -0.1585 8.4936 -0.4875
v -0.1158 8.4936 -0.4948
v -0.0842 8.4937 -0.4653
v -0.0757 8.4937 -0.4101
v -0.0935 8.4938 -0.3503
v -0.1309 8.4938 -0.3088
v -0.1735 8.4937 -0.3015
v -0.1447 8.4657 -0.3981
v -0.1447 8.4657 -0.3981
v -0.1447 8.4657 -0.3981
v -0.1447 8.4657 -0.3981
v -0.1447 8.4657 -0.3981
v -0.1447 8.4657 -0.3981
v -0.1447 8.4657 -0.3981
v -0.1447 8.4657 -0.3981
v -0.1447 8.4657 -0.3981
v -0.1447 8.4657 -0.3981
v -0.1447 8.4657 -0.3981
v -0.056 8.6486 -0.0429
v -0.0236 8.5967 -0.0415
v 0.0265 8.5838 -0.0088
v 0.0567 8.6198 0.0305
v 0.0442 8.6774 0.0468
v -0.0016 8.7134 0.0279
v -0.0462 8.7005 -0.0121
v 0.2296 8.8068 -0.3829
v 0.2529 8.7694 -0.3818
v 0.289 8.7602 -0.3583
v 0.3107 8.7861 -0.33
v 0.3017 8.8276 -0.3182
v 0.2688 8.8535 -0.3319
v 0.2367 8.8442 -0.3606
v 0 8.6486 0
v 0.2699 8.8068 -0.352
v 0.2499 9.1693 -0.3394
v 0.2499 9.1693 -0.3394
v 0.2499 9.1693 -0.3394
v 0.2499 9.1693 -0.3394
v 0.2499 9.1693 -0.3394
v 0.2499 9.1693 -0.3394
v 0.2499 9.1693 -0.3394
v 0.2499 9.1693 -0.3394
v 0.2499 9.1693 -0.3394
v 0.2499 9.1693 -0.3394
v 0.2499 9.1693 -0.3394
v 0.3051 9.1417 -0.255
v 0.2621 9.1392 -0.2507
v 0.215 9.1376 -0.2807
v 0.1818 9.1376 -0.3334
v 0.1752 9.1391 -0.3889
v 0.1977 9.1416 -0.4258
v 0.2407 9.1442 -0.4301
v 0.2878 9.1457 -0.4001
v 0.321 9.1458 -0.3473
v 0.3276 9.1442 -0.2919
v 0.3051 9.1417 -0.255
v 0.355 9.0631 -0.1853
v 0.2755 9.0585 -0.1774
v 0.1885 9.0556 -0.2327
v 0.1271 9.0555 -0.3303
v 0.1149 9.0584 -0.4327
v 0.1565 9.0631 -0.5009
v 0.236 9.0677 -0.5088
v 0.323 9.0706 -0.4535
v 0.3843 9.0707 -0.3559
v 0.3966 9.0678 -0.2535
v 0.355 9.0631 -0.1853
v 0.3919 8.9456 -0.141
v 0.2881 8.9395 -0.1306
v 0.1744 8.9357 -0.203
v 0.0942 8.9356 -0.3304
v 0.0783 8.9394 -0.4643
v 0.1326 8.9455 -0.5534
v 0.2364 8.9516 -0.5637
v 0.3501 8.9554 -0.4914
v 0.4303 8.9554 -0.3639
v 0.4462 8.9517 -0.2301
v 0.3919 8.9456 -0.141
v 0.4103 8.8069 -0.1288
v 0.2979 8.8003 -0.1176
v 0.1748 8.7962 -0.1959
v 0.0881 8.7961 -0.3338
v 0.0708 8.8002 -0.4787
v 0.1296 8.8068 -0.5752
v 0.242 8.8134 -0.5864
v 0.365 8.8175 -0.508
v 0.4518 8.8175 -0.3701
v 0.4691 8.8135 -0.2252
v 0.4103 8.8069 -0.1288
v 0.4073 8.6682 -0.1506
v 0.3034 8.6621 -0.1402
v 0.1897 8.6583 -0.2126
v 0.1096 8.6582 -0.34
v 0.0936 8.662 -0.4739
v 0.1479 8.6681 -0.563
v 0.2518 8.6742 -0.5733
v 0.3655 8.678 -0.5009
v 0.4456 8.678 -0.3735
v 0.4616 8.6743 -0.2397
v 0.4073 8.6682 -0.1506
v 0.3834 8.5506 -0.203
v 0.3039 8.5459 -0.1951
v 0.2169 8.543 -0.2505
v 0.1555 8.543 -0.348
v 0.1433 8.5458 -0.4504
v 0.1849 8.5505 -0.5186
v 0.2643 8.5552 -0.5266
v 0.3514 8.5581 -0.4712
v 0.4127 8.5581 -0.3736
v 0.4249 8.5552 -0.2712
v 0.3834 8.5506 -0.203
v 0.3422 8.472 -0.2781
v 0.2992 8.4695 -0.2738
v 0.2521 8.4679 -0.3038
v 0.2189 8.4679 -0.3566
v 0.2123 8.4694 -0.412
v 0.2348 8.472 -0.449
v 0.2778 8.4745 -0.4532
v 0.3249 8.4761 -0.4233
v 0.3581 8.4761 -0.3705
v 0.3647 8.4745 -0.315
v 0.3422 8.472 -0.2781
v 0.29 8.4444 -0.3645
v 0.29 8.4444 -0.3645
v 0.29 8.4444 -0.3645
v 0.29 8.4444 -0.3645
v 0.29 8.4444 -0.3645
v 0.29 8.4444 -0.3645
v 0.29 8.4444 -0.3645
v 0.29 8.4444 -0.3645
v 0.29 8.4444 -0.3645
v 0.29 8.4444 -0.3645
v 0.29 8.4444 -0.3645
v 0.0095 10.3713 0.0663
v 0.0095 10.3713 0.0663
v 0.0095 10.3713 0.0663
v 0.0095 10.3713 0.0663
v 0.0095 10.3713 0.0663
v 0.0095 10.3713 0.0663
v 0.0095 10.3713 0.0663
v 0.0095 10.3713 0.0663
v 0.0095 10.3713 0.0663
v 0.0095 10.3713 0.0663
v 0.0095 10.3713 0.0663
v 0.285 10.3409 0.0663
v 0.2324 10.3409 0.2102
v 0.0946 10.3409 0.2992
v -0.0757 10.3409 0.2992
v -0.2134 10.3409 0.2102
v -0.2661 10.3409 0.0663
v -0.2134 10.3409 -0.0777
v -0.0757 10.3409 -0.1667
v 0.0946 10.3409 -0.1667
v 0.2324 10.3409 -0.0777
v 0.285 10.3409 0.0663
v 0.5186 10.2542 0.0663
v 0.4213 10.2542 0.3323
v 0.1668 10.2542 0.4967
v -0.1479 10.2542 0.4967
v -0.4024 10.2542 0.3323
v -0.4997 10.2542 0.0663
v -0.4024 10.2542 -0.1997
v -0.1479 10.2542 -0.3641
v 0.1668 10.2542 -0.3641
v 0.4213 10.2542 -0.1997
v 0.5186 10.2542 0.0663
v 0.6747 10.1244 0.0663
v 0.5476 10.1244 0.4138
v 0.215 10.1244 0.6286
v -0.1961 10.1244 0.6286
v -0.5287 10.1244 0.4138
v -0.6557 10.1244 0.0663
v -0.5287 10.1244 -0.2813
v -0.1961 10.1244 -0.4961
v 0.215 10.1244 -0.4961
v 0.5476 10.1244 -0.2813
v 0.6747 10.1244 0.0663
v 0.7295 9.9713 0.0663
v 0.592 9.9713 0.4424
v 0.232 9.9713 0.6749
v -0.213 9.9713 0.6749
v -0.573 9.9713 0.4424
v -0.7105 9.9713 0.0663
v -0.573 9.9713 -0.3099
v -0.213 9.9713 -0.5424
v 0.232 9.9713 -0.5424
v 0.592 9.9713 -0.3099
v 0.7295 9.9713 0.0663
v 0.6747 9.8183 0.0663
v 0.5476 9.8183 0.4138
v 0.215 9.8183 0.6286
v -0.1961 9.8183 0.6286
v -0.5287 9.8183 0.4138
v -0.6557 9.8183 0.0663
v -0.5287 9.8183 -0.2813
v -0.1961 9.8183 -0.4961
v 0.215 9.8183 -0.4961
v 0.5476 9.8183 -0.2813
v 0.6747 9.8183 0.0663
v 0.5186 9.6885 0.0663
v 0.4213 9.6885 0.3323
v 0.1668 9.6885 0.4967
v -0.1479 9.6885 0.4967
v -0.4024 9.6885 0.3323
v -0.4997 9.6885 0.0663
v -0.4024 9.6885 -0.1997
v -0.1479 9.6885 -0.3641
v 0.1668 9.6885 -0.3641
v 0.4213 9.6885 -0.1997
v 0.5186 9.6885 0.0663
v 0.285 9.6018 0.0663
v 0.2324 9.6018 0.2102
v 0.0946 9.6018 0.2992
v -0.0757 9.6018 0.2992
v -0.2134 9.6018 0.2102
v -0.2661 9.6018 0.0663
v -0.2134 9.6018 -0.0777
v -0.0757 9.6018 -0.1667
v 0.0946 9.6018 -0.1667
v 0.2324 9.6018 -0.0777
v 0.285 9.6018 0.0663
v 0.0095 9.5713 0.0663
v 0.0095 9.5713 0.0663
v 0.0095 9.5713 0.0663
v 0.0095 9.5713 0.0663
v 0.0095 9.5713 0.0663
v 0.0095 9.5713 0.0663
v 0.0095 9.5713 0.0663
v 0.0095 9.5713 0.0663
v 0.0095 9.5713 0.0663
v 0.0095 9.5713 0.0663
v 0.0095 9.5713 0.0663
vt 0 0
vt 0.1 0
vt 0.2 0
vt 0.3 0
vt 0.4 0
vt 0.5 0
vt 0.6 0
vt 0.7 0
vt 0.8 0
vt 0.9 0
vt 0 1
vt 0.1 1
vt 0.2 1
vt 0.3 1
vt 0.4 1
vt 0.5 1
vt 0.6 1
vt 0.7 1
vt 0.8 1
vt 0.9 1
vt 0.5 0.5
vt 0.5 0.5
vt 0 0
vt 0.125 0
vt 0.25 0
vt 0.375 0
vt 0.5 0
vt 0.625 0
vt 0.75 0
vt 0.875 0
vt 0 1
vt 0.125 1
vt 0.25 1
vt 0.375 1
vt 0.5 1
vt 0.625 1
vt 0.75 1
vt 0.875 1
vt 0.5 0.5
vt 0.5 0.5
vt 0 0
vt 0.1 0
vt 0.2 0
vt 0.3 0
vt 0.4 0
vt 0.5 0
vt 0.6 0
vt 0.7 0
vt 0.8 0
vt 0.9 0
vt 0 1
vt 0.1 1
vt 0.2 1
vt 0.3 1
vt 0.4 1
vt 0.5 1
vt 0.6 1
vt 0.7 1
vt 0.8 1
vt 0.9 1
vt 0.5 0.5
vt 0.5 0.5
vt 0 0
vt 0.14285714285714285 0
vt 0.2857142857142857 0
vt 0.42857142857142855 0
vt 0.5714285714285714 0
vt 0.7142857142857143 0
vt 0.8571428571428571 0
vt 0 1
vt 0.14285714285714285 1
vt 0.2857142857142857 1
vt 0.42857142857142855 1
vt 0.5714285714285714 1
vt 0.7142857142857143 1
vt 0.8571428571428571 1
vt 0.5 0.5
vt 0.5 0.5
vt 0 0
vt 0.1 0
vt 0.2 0
vt 0.3 0
vt 0.4 0
vt 0.5 0
vt 0.6 0
vt 0.7 0
vt 0.8 0
vt 0.9 0
vt 1 0
vt 0 0.125
vt 0.1 0.125
vt 0.2 0.125
vt 0.3 0.125
vt 0.4 0.125
vt 0.5 0.125
vt 0.6 0.125
vt 0.7 0.125
vt 0.8 0.125
vt 0.9 0.125
vt 1 0.125
vt 0 0.25
vt 0.1 0.25
vt 0.2 0.25
vt 0.3 0.25
vt 0.4 0.25
vt 0.5 0.25
vt 0.6 0.25
vt 0.7 0.25
vt 0.8 0.25
vt 0.9 0.25
vt 1 0.25
vt 0 0.375
vt 0.1 0.375
vt 0.2 0.375
vt 0.3 0.375
vt 0.4 0.375
vt 0.5 0.375
vt 0.6 0.375
vt 0.7 0.375
vt 0.8 0.375
vt 0.9 0.375
vt 1 0.375
vt 0 0.5
vt 0.1 0.5
vt 0.2 0.5
vt 0.3 0.5
vt 0.4 0.5
vt 0.5 0.5
vt 0.6 0.5
vt 0.7 0.5
vt 0.8 0.5
vt 0.9 0.5
vt 1 0.5
vt 0 0.625
vt 0.1 0.625
vt 0.2 0.625
vt 0.3 0.625
vt 0.4 0.625
vt 0.5 0.625
vt 0.6 0.625
vt 0.7 0.625
vt 0.8 0.625
vt 0.9 0.625
vt 1 0.625
vt 0 0.75
vt 0.1 0.75
vt 0.2 0.75
vt 0.3 0.75
vt 0.4 0.75
vt 0.5 0.75
vt 0.6 0.75
vt 0.7 0.75
vt 0.8 0.75
vt 0.9 0.75
vt 1 0.75
vt 0 0.875
vt 0.1 0.875
vt 0.2 0.875
vt 0.3 0.875
vt 0.4 0.875
vt 0.5 0.875
vt 0.6 0.875
vt 0.7 0.875
vt 0.8 0.875
vt 0.9 0.875
vt 1 0.875
vt 0 1
vt 0.1 1
vt 0.2 1
vt 0.3 1
vt 0.4 1
vt 0.5 1
vt 0.6 1
vt 0.7 1
vt 0.8 1
vt 0.9 1
vt 1 1
vt 0 0
vt 0.14285714285714285 0
vt 0.2857142857142857 0
vt 0.42857142857142855 0
vt 0.5714285714285714 0
vt 0.7142857142857143 0
vt 0.8571428571428571 0
vt 0 1
vt 0.14285714285714285 1
vt 0.2857142857142857 1
vt 0.42857142857142855 1
vt 0.5714285714285714 1
vt 0.7142857142857143 1
vt 0.8571428571428571 1
vt 0.5 0.5
vt 0.5 0.5
vt 0 0
vt 0.1 0
vt 0.2 0
vt 0.3 0
vt 0.4 0
vt 0.5 0
vt 0.6 0
vt 0.7 0
vt 0.8 0
vt 0.9 0
vt 1 0
vt 0 0.125
vt 0.1 0.125
vt 0.2 0.125
vt 0.3 0.125
vt 0.4 0.125
vt 0.5 0.125
vt 0.6 0.125
vt 0.7 0.125
vt 0.8 0.125
vt 0.9 0.125
vt 1 0.125
vt 0 0.25
vt 0.1 0.25
vt 0.2 0.25
vt 0.3 0.25
vt 0.4 0.25
vt 0.5 0.25
vt 0.6 0.25
vt 0.7 0.25
vt 0.8 0.25
vt 0.9 0.25
vt 1 0.25
vt 0 0.375
vt 0.1 0.375
vt 0.2 0.375
vt 0.3 0.375
vt 0.4 0.375
vt 0.5 0.375
vt 0.6 0.375
vt 0.7 0.375
vt 0.8 0.375
vt 0.9 0.375
vt 1 0.375
vt 0 0.5
vt 0.1 0.5
vt 0.2 0.5
vt 0.3 0.5
vt 0.4 0.5
vt 0.5 0.5
vt 0.6 0.5
vt 0.7 0.5
vt 0.8 0.5
vt 0.9 0.5
vt 1 0.5
vt 0 0.625
vt 0.1 0.625
vt 0.2 0.625
vt 0.3 0.625
vt 0.4 0.625
vt 0.5 0.625
vt 0.6 0.625
vt 0.7 0.625
vt 0.8 0.625
vt 0.9 0.625
vt 1 0.625
vt 0 0.75
vt 0.1 0.75
vt 0.2 0.75
vt 0.3 0.75
vt 0.4 0.75
vt 0.5 0.75
vt 0.6 0.75
vt 0.7 0.75
vt 0.8 0.75
vt 0.9 0.75
vt 1 0.75
vt 0 0.875
vt 0.1 0.875
vt 0.2 0.875
vt 0.3 0.875
vt 0.4 0.875
vt 0.5 0.875
vt 0.6 0.875
vt 0.7 0.875
vt 0.8 0.875
vt 0.9 0.875
vt 1 0.875
vt 0 1
vt 0.1 1
vt 0.2 1
vt 0.3 1
vt 0.4 1
vt 0.5 1
vt 0.6 1
vt 0.7 1
vt 0.8 1
vt 0.9 1
vt 1 1
vt 0 0
vt 0.14285714285714285 0
vt 0.2857142857142857 0
vt 0.42857142857142855 0
vt 0.5714285714285714 0
vt 0.7142857142857143 0
vt 0.8571428571428571 0
vt 0 1
vt 0.14285714285714285 1
vt 0.2857142857142857 1
vt 0.42857142857142855 1
vt 0.5714285714285714 1
vt 0.7142857142857143 1
vt 0.8571428571428571 1
vt 0.5 0.5
vt 0.5 0.5
vt 0 0
vt 0.1 0
vt 0.2 0
vt 0.3 0
vt 0.4 0
vt 0.5 0
vt 0.6 0
vt 0.7 0
vt 0.8 0
vt 0.9 0
vt 1 0
vt 0 0.125
vt 0.1 0.125
vt 0.2 0.125
vt 0.3 0.125
vt 0.4 0.125
vt 0.5 0.125
vt 0.6 0.125
vt 0.7 0.125
vt 0.8 0.125
vt 0.9 0.125
vt 1 0.125
vt 0 0.25
vt 0.1 0.25
vt 0.2 0.25
vt 0.3 0.25
vt 0.4 0.25
vt 0.5 0.25
vt 0.6 0.25
vt 0.7 0.25
vt 0.8 0.25
vt 0.9 0.25
vt 1 0.25
vt 0 0.375
vt 0.1 0.375
vt 0.2 0.375
vt 0.3 0.375
vt 0.4 0.375
vt 0.5 0.375
vt 0.6 0.375
vt 0.7 0.375
vt 0.8 0.375
vt 0.9 0.375
vt 1 0.375
vt 0 0.5
vt 0.1 0.5
vt 0.2 0.5
vt 0.3 0.5
vt 0.4 0.5
vt 0.5 0.5
vt 0.6 0.5
vt 0.7 0.5
vt 0.8 0.5
vt 0.9 0.5
vt 1 0.5
vt 0 0.625
vt 0.1 0.625
vt 0.2 0.625
vt 0.3 0.625
vt 0.4 0.625
vt 0.5 0.625
vt 0.6 0.625
vt 0.7 0.625
vt 0.8 0.625
vt 0.9 0.625
vt 1 0.625
vt 0 0.75
vt 0.1 0.75
vt 0.2 0.75
vt 0.3 0.75
vt 0.4 0.75
vt 0.5 0.75
vt 0.6 0.75
vt 0.7 0.75
vt 0.8 0.75
vt 0.9 0.75
vt 1 0.75
vt 0 0.875
vt 0.1 0.875
vt 0.2 0.875
vt 0.3 0.875
vt 0.4 0.875
vt 0.5 0.875
vt 0.6 0.875
vt 0.7 0.875
vt 0.8 0.875
vt 0.9 0.875
vt 1 0.875
vt 0 1
vt 0.1 1
vt 0.2 1
vt 0.3 1
vt 0.4 1
vt 0.5 1
vt 0.6 1
vt 0.7 1
vt 0.8 1
vt 0.9 1
vt 1 1
vt 0 0
vt 0.14285714285714285 0
vt 0.2857142857142857 0
vt 0.42857142857142855 0
vt 0.5714285714285714 0
vt 0.7142857142857143 0
vt 0.8571428571428571 0
vt 0 1
vt 0.14285714285714285 1
vt 0.2857142857142857 1
vt 0.42857142857142855 1
vt 0.5714285714285714 1
vt 0.7142857142857143 1
vt 0.8571428571428571 1
vt 0.5 0.5
vt 0.5 0.5
vt 0 0
vt 0.1 0
vt 0.2 0
vt 0.3 0
vt 0.4 0
vt 0.5 0
vt 0.6 0
vt 0.7 0
vt 0.8 0
vt 0.9 0
vt 1 0
vt 0 0.125
vt 0.1 0.125
vt 0.2 0.125
vt 0.3 0.125
vt 0.4 0.125
vt 0.5 0.125
vt 0.6 0.125
vt 0.7 0.125
vt 0.8 0.125
vt 0.9 0.125
vt 1 0.125
vt 0 0.25
vt 0.1 0.25
vt 0.2 0.25
vt 0.3 0.25
vt 0.4 0.25
vt 0.5 0.25
vt 0.6 0.25
vt 0.7 0.25
vt 0.8 0.25
vt 0.9 0.25
vt 1 0.25
vt 0 0.375
vt 0.1 0.375
vt 0.2 0.375
vt 0.3 0.375
vt 0.4 0.375
vt 0.5 0.375
vt 0.6 0.375
vt 0.7 0.375
vt 0.8 0.375
vt 0.9 0.375
vt 1 0.375
vt 0 0.5
vt 0.1 0.5
vt 0.2 0.5
vt 0.3 0.5
vt 0.4 0.5
vt 0.5 0.5
vt 0.6 0.5
vt 0.7 0.5
vt 0.8 0.5
vt 0.9 0.5
vt 1 0.5
vt 0 0.625
vt 0.1 0.625
vt 0.2 0.625
vt 0.3 0.625
vt 0.4 0.625
vt 0.5 0.625
vt 0.6 0.625
vt 0.7 0.625
vt 0.8 0.625
vt 0.9 0.625
vt 1 0.625
vt 0 0.75
vt 0.1 0.75
vt 0.2 0.75
vt 0.3 0.75
vt 0.4 0.75
vt 0.5 0.75
vt 0.6 0.75
vt 0.7 0.75
vt 0.8 0.75
vt 0.9 0.75
vt 1 0.75
vt 0 0.875
vt 0.1 0.875
vt 0.2 0.875
vt 0.3 0.875
vt 0.4 0.875
vt 0.5 0.875
vt 0.6 0.875
vt 0.7 0.875
vt 0.8 0.875
vt 0.9 0.875
vt 1 0.875
vt 0 1
vt 0.1 1
vt 0.2 1
vt 0.3 1
vt 0.4 1
vt 0.5 1
vt 0.6 1
vt 0.7 1
vt 0.8 1
vt 0.9 1
vt 1 1
vt 0 0
vt 0.14285714285714285 0
vt 0.2857142857142857 0
vt 0.42857142857142855 0
vt 0.5714285714285714 0
vt 0.7142857142857143 0
vt 0.8571428571428571 0
vt 0 1
vt 0.14285714285714285 1
vt 0.2857142857142857 1
vt 0.42857142857142855 1
vt 0.5714285714285714 1
vt 0.7142857142857143 1
vt 0.8571428571428571 1
vt 0.5 0.5
vt 0.5 0.5
vt 0 0
vt 0.1 0
vt 0.2 0
vt 0.3 0
vt 0.4 0
vt 0.5 0
vt 0.6 0
vt 0.7 0
vt 0.8 0
vt 0.9 0
vt 1 0
vt 0 0.125
vt 0.1 0.125
vt 0.2 0.125
vt 0.3 0.125
vt 0.4 0.125
vt 0.5 0.125
vt 0.6 0.125
vt 0.7 0.125
vt 0.8 0.125
vt 0.9 0.125
vt 1 0.125
vt 0 0.25
vt 0.1 0.25
vt 0.2 0.25
vt 0.3 0.25
vt 0.4 0.25
vt 0.5 0.25
vt 0.6 0.25
vt 0.7 0.25
vt 0.8 0.25
vt 0.9 0.25
vt 1 0.25
vt 0 0.375
vt 0.1 0.375
vt 0.2 0.375
vt 0.3 0.375
vt 0.4 0.375
vt 0.5 0.375
vt 0.6 0.375
vt 0.7 0.375
vt 0.8 0.375
vt 0.9 0.375
vt 1 0.375
vt 0 0.5
vt 0.1 0.5
vt 0.2 0.5
vt 0.3 0.5
vt 0.4 0.5
vt 0.5 0.5
vt 0.6 0.5
vt 0.7 0.5
vt 0.8 0.5
vt 0.9 0.5
vt 1 0.5
vt 0 0.625
vt 0.1 0.625
vt 0.2 0.625
vt 0.3 0.625
vt 0.4 0.625
vt 0.5 0.625
vt 0.6 0.625
vt 0.7 0.625
vt 0.8 0.625
vt 0.9 0.625
vt 1 0.625
vt 0 0.75
vt 0.1 0.75
vt 0.2 0.75
vt 0.3 0.75
vt 0.4 0.75
vt 0.5 0.75
vt 0.6 0.75
vt 0.7 0.75
vt 0.8 0.75
vt 0.9 0.75
vt 1 0.75
vt 0 0.875
vt 0.1 0.875
vt 0.2 0.875
vt 0.3 0.875
vt 0.4 0.875
vt 0.5 0.875
vt 0.6 0.875
vt 0.7 0.875
vt 0.8 0.875
vt 0.9 0.875
vt 1 0.875
vt 0 1
vt 0.1 1
vt 0.2 1
vt 0.3 1
vt 0.4 1
vt 0.5 1
vt 0.6 1
vt 0.7 1
vt 0.8 1
vt 0.9 1
vt 1 1
vt 0 0
vt 0.14285714285714285 0
vt 0.2857142857142857 0
vt 0.42857142857142855 0
vt 0.5714285714285714 0
vt 0.7142857142857143 0
vt 0.8571428571428571 0
vt 0 1
vt 0.14285714285714285 1
vt 0.2857142857142857 1
vt 0.42857142857142855 1
vt 0.5714285714285714 1
vt 0.7142857142857143 1
vt 0.8571428571428571 1
vt 0.5 0.5
vt 0.5 0.5
vt 0 0
vt 0.1 0
vt 0.2 0
vt 0.3 0
vt 0.4 0
vt 0.5 0
vt 0.6 0
vt 0.7 0
vt 0.8 0
vt 0.9 0
vt 1 0
vt 0 0.125
vt 0.1 0.125
vt 0.2 0.125
vt 0.3 0.125
vt 0.4 0.125
vt 0.5 0.125
vt 0.6 0.125
vt 0.7 0.125
vt 0.8 0.125
vt 0.9 0.125
vt 1 0.125
vt 0 0.25
vt 0.1 0.25
vt 0.2 0.25
vt 0.3 0.25
vt 0.4 0.25
vt 0.5 0.25
vt 0.6 0.25
vt 0.7 0.25
vt 0.8 0.25
vt 0.9 0.25
vt 1 0.25
vt 0 0.375
vt 0.1 0.375
vt 0.2 0.375
vt 0.3 0.375
vt 0.4 0.375
vt 0.5 0.375
vt 0.6 0.375
vt 0.7 0.375
vt 0.8 0.375
vt 0.9 0.375
vt 1 0.375
vt 0 0.5
vt 0.1 0.5
vt 0.2 0.5
vt 0.3 0.5
vt 0.4 0.5
vt 0.5 0.5
vt 0.6 0.5
vt 0.7 0.5
vt 0.8 0.5
vt 0.9 0.5
vt 1 0.5
vt 0 0.625
vt 0.1 0.625
vt 0.2 0.625
vt 0.3 0.625
vt 0.4 0.625
vt 0.5 0.625
vt 0.6 0.625
vt 0.7 0.625
vt 0.8 0.625
vt 0.9 0.625
vt 1 0.625
vt 0 0.75
vt 0.1 0.75
vt 0.2 0.75
vt 0.3 0.75
vt 0.4 0.75
vt 0.5 0.75
vt 0.6 0.75
vt 0.7 0.75
vt 0.8 0.75
vt 0.9 0.75
vt 1 0.75
vt 0 0.875
vt 0.1 0.875
vt 0.2 0.875
vt 0.3 0.875
vt 0.4 0.875
vt 0.5 0.875
vt 0.6 0.875
vt 0.7 0.875
vt 0.8 0.875
vt 0.9 0.875
vt 1 0.875
vt 0 1
vt 0.1 1
vt 0.2 1
vt 0.3 1
vt 0.4 1
vt 0.5 1
vt 0.6 1
vt 0.7 1
vt 0.8 1
vt 0.9 1
vt 1 1
vt 0 0
vt 0.14285714285714285 0
vt 0.2857142857142857 0
vt 0.42857142857142855 0
vt 0.5714285714285714 0
vt 0.7142857142857143 0
vt 0.8571428571428571 0
vt 0 1
vt 0.14285714285714285 1
vt 0.2857142857142857 1
vt 0.42857142857142855 1
vt 0.5714285714285714 1
vt 0.7142857142857143 1
vt 0.8571428571428571 1
vt 0.5 0.5
vt 0.5 0.5
vt 0 0
vt 0.1 0
vt 0.2 0
vt 0.3 0
vt 0.4 0
vt 0.5 0
vt 0.6 0
vt 0.7 0
vt 0.8 0
vt 0.9 0
vt 1 0
vt 0 0.125
vt 0.1 0.125
vt 0.2 0.125
vt 0.3 0.125
vt 0.4 0.125
vt 0.5 0.125
vt 0.6 0.125
vt 0.7 0.125
vt 0.8 0.125
vt 0.9 0.125
vt 1 0.125
vt 0 0.25
vt 0.1 0.25
vt 0.2 0.25
vt 0.3 0.25
vt 0.4 0.25
vt 0.5 0.25
vt 0.6 0.25
vt 0.7 0.25
vt 0.8 0.25
vt 0.9 0.25
vt 1 0.25
vt 0 0.375
vt 0.1 0.375
vt 0.2 0.375
vt 0.3 0.375
vt 0.4 0.375
vt 0.5 0.375
vt 0.6 0.375
vt 0.7 0.375
vt 0.8 0.375
vt 0.9 0.375
vt 1 0.375
vt 0 0.5
vt 0.1 0.5
vt 0.2 0.5
vt 0.3 0.5
vt 0.4 0.5
vt 0.5 0.5
vt 0.6 0.5
vt 0.7 0.5
vt 0.8 0.5
vt 0.9 0.5
vt 1 0.5
vt 0 0.625
vt 0.1 0.625
vt 0.2 0.625
vt 0.3 0.625
vt 0.4 0.625
vt 0.5 0.625
vt 0.6 0.625
vt 0.7 0.625
vt 0.8 0.625
vt 0.9 0.625
vt 1 0.625
vt 0 0.75
vt 0.1 0.75
vt 0.2 0.75
vt 0.3 0.75
vt 0.4 0.75
vt 0.5 0.75
vt 0.6 0.75
vt 0.7 0.75
vt 0.8 0.75
vt 0.9 0.75
vt 1 0.75
vt 0 0.875
vt 0.1 0.875
vt 0.2 0.875
vt 0.3 0.875
vt 0.4 0.875
vt 0.5 0.875
vt 0.6 0.875
vt 0.7 0.875
vt 0.8 0.875
vt 0.9 0.875
vt 1 0.875
vt 0 1
vt 0.1 1
vt 0.2 1
vt 0.3 1
vt 0.4 1
vt 0.5 1
vt 0.6 1
vt 0.7 1
vt 0.8 1
vt 0.9 1
vt 1 1
vt 0 0
vt 0.14285714285714285 0
vt 0.2857142857142857 0
vt 0.42857142857142855 0
vt 0.5714285714285714 0
vt 0.7142857142857143 0
vt 0.8571428571428571 0
vt 0 1
vt 0.14285714285714285 1
vt 0.2857142857142857 1
vt 0.42857142857142855 1
vt 0.5714285714285714 1
vt 0.7142857142857143 1
vt 0.8571428571428571 1
vt 0.5 0.5
vt 0.5 0.5
vt 0 0
vt 0.1 0
vt 0.2 0
vt 0.3 0
vt 0.4 0
vt 0.5 0
vt 0.6 0
vt 0.7 0
vt 0.8 0
vt 0.9 0
vt 1 0
vt 0 0.125
vt 0.1 0.125
vt 0.2 0.125
vt 0.3 0.125
vt 0.4 0.125
vt 0.5 0.125
vt 0.6 0.125
vt 0.7 0.125
vt 0.8 0.125
vt 0.9 0.125
vt 1 0.125
vt 0 0.25
vt 0.1 0.25
vt 0.2 0.25
vt 0.3 0.25
vt 0.4 0.25
vt 0.5 0.25
vt 0.6 0.25
vt 0.7 0.25
vt 0.8 0.25
vt 0.9 0.25
vt 1 0.25
vt 0 0.375
vt 0.1 0.375
vt 0.2 0.375
vt 0.3 0.375
vt 0.4 0.375
vt 0.5 0.375
vt 0.6 0.375
vt 0.7 0.375
vt 0.8 0.375
vt 0.9 0.375
vt 1 0.375
vt 0 0.5
vt 0.1 0.5
vt 0.2 0.5
vt 0.3 0.5
vt 0.4 0.5
vt 0.5 0.5
vt 0.6 0.5
vt 0.7 0.5
vt 0.8 0.5
vt 0.9 0.5
vt 1 0.5
vt 0 0.625
vt 0.1 0.625
vt 0.2 0.625
vt 0.3 0.625
vt 0.4 0.625
vt 0.5 0.625
vt 0.6 0.625
vt 0.7 0.625
vt 0.8 0.625
vt 0.9 0.625
vt 1 0.625
vt 0 0.75
vt 0.1 0.75
vt 0.2 0.75
vt 0.3 0.75
vt 0.4 0.75
vt 0.5 0.75
vt 0.6 0.75
vt 0.7 0.75
vt 0.8 0.75
vt 0.9 0.75
vt 1 0.75
vt 0 0.875
vt 0.1 0.875
vt 0.2 0.875
vt 0.3 0.875
vt 0.4 0.875
vt 0.5 0.875
vt 0.6 0.875
vt 0.7 0.875
vt 0.8 0.875
vt 0.9 0.875
vt 1 0.875
vt 0 1
vt 0.1 1
vt 0.2 1
vt 0.3 1
vt 0.4 1
vt 0.5 1
vt 0.6 1
vt 0.7 1
vt 0.8 1
vt 0.9 1
vt 1 1
vt 0 0
vt 0.14285714285714285 0
vt 0.2857142857142857 0
vt 0.42857142857142855 0
vt 0.5714285714285714 0
vt 0.7142857142857143 0
vt 0.8571428571428571 0
vt 0 1
vt 0.14285714285714285 1
vt 0.2857142857142857 1
vt 0.42857142857142855 1
vt 0.5714285714285714 1
vt 0.7142857142857143 1
vt 0.8571428571428571 1
vt 0.5 0.5
vt 0.5 0.5
vt 0 0
vt 0.1 0
vt 0.2 0
vt 0.3 0
vt 0.4 0
vt 0.5 0
vt 0.6 0
vt 0.7 0
vt 0.8 0
vt 0.9 0
vt 1 0
vt 0 0.125
vt 0.1 0.125
vt 0.2 0.125
vt 0.3 0.125
vt 0.4 0.125
vt 0.5 0.125
vt 0.6 0.125
vt 0.7 0.125
vt 0.8 0.125
vt 0.9 0.125
vt 1 0.125
vt 0 0.25
vt 0.1 0.25
vt 0.2 0.25
vt 0.3 0.25
vt 0.4 0.25
vt 0.5 0.25
vt 0.6 0.25
vt 0.7 0.25
vt 0.8 0.25
vt 0.9 0.25
vt 1 0.25
vt 0 0.375
vt 0.1 0.375
vt 0.2 0.375
vt 0.3 0.375
vt 0.4 0.375
vt 0.5 0.375
vt 0.6 0.375
vt 0.7 0.375
vt 0.8 0.375
vt 0.9 0.375
vt 1 0.375
vt 0 0.5
vt 0.1 0.5
vt 0.2 0.5
vt 0.3 0.5
vt 0.4 0.5
vt 0.5 0.5
vt 0.6 0.5
vt 0.7 0.5
vt 0.8 0.5
vt 0.9 0.5
vt 1 0.5
vt 0 0.625
vt 0.1 0.625
vt 0.2 0.625
vt 0.3 0.625
vt 0.4 0.625
vt 0.5 0.625
vt 0.6 0.625
vt 0.7 0.625
vt 0.8 0.625
vt 0.9 0.625
vt 1 0.625
vt 0 0.75
vt 0.1 0.75
vt 0.2 0.75
vt 0.3 0.75
vt 0.4 0.75
vt 0.5 0.75
vt 0.6 0.75
vt 0.7 0.75
vt 0.8 0.75
vt 0.9 0.75
vt 1 0.75
vt 0 0.875
vt 0.1 0.875
vt 0.2 0.875
vt 0.3 0.875
vt 0.4 0.875
vt 0.5 0.875
vt 0.6 0.875
vt 0.7 0.875
vt 0.8 0.875
vt 0.9 0.875
vt 1 0.875
vt 0 1
vt 0.1 1
vt 0.2 1
vt 0.3 1
vt 0.4 1
vt 0.5 1
vt 0.6 1
vt 0.7 1
vt 0.8 1
vt 0.9 1
vt 1 1
vt 0 0
vt 0.14285714285714285 0
vt 0.2857142857142857 0
vt 0.42857142857142855 0
vt 0.5714285714285714 0
vt 0.7142857142857143 0
vt 0.8571428571428571 0
vt 0 1
vt 0.14285714285714285 1
vt 0.2857142857142857 1
vt 0.42857142857142855 1
vt 0.5714285714285714 1
vt 0.7142857142857143 1
vt 0.8571428571428571 1
vt 0.5 0.5
vt 0.5 0.5
vt 0 0
vt 0.1 0
vt 0.2 0
vt 0.3 0
vt 0.4 0
vt 0.5 0
vt 0.6 0
vt 0.7 0
vt 0.8 0
vt 0.9 0
vt 1 0
vt 0 0.125
vt 0.1 0.125
vt 0.2 0.125
vt 0.3 0.125
vt 0.4 0.125
vt 0.5 0.125
vt 0.6 0.125
vt 0.7 0.125
vt 0.8 0.125
vt 0.9 0.125
vt 1 0.125
vt 0 0.25
vt 0.1 0.25
vt 0.2 0.25
vt 0.3 0.25
vt 0.4 0.25
vt 0.5 0.25
vt 0.6 0.25
vt 0.7 0.25
vt 0.8 0.25
vt 0.9 0.25
vt 1 0.25
vt 0 0.375
vt 0.1 0.375
vt 0.2 0.375
vt 0.3 0.375
vt 0.4 0.375
vt 0.5 0.375
vt 0.6 0.375
vt 0.7 0.375
vt 0.8 0.375
vt 0.9 0.375
vt 1 0.375
vt 0 0.5
vt 0.1 0.5
vt 0.2 0.5
vt 0.3 0.5
vt 0.4 0.5
vt 0.5 0.5
vt 0.6 0.5
vt 0.7 0.5
vt 0.8 0.5
vt 0.9 0.5
vt 1 0.5
vt 0 0.625
vt 0.1 0.625
vt 0.2 0.625
vt 0.3 0.625
vt 0.4 0.625
vt 0.5 0.625
vt 0.6 0.625
vt 0.7 0.625
vt 0.8 0.625
vt 0.9 0.625
vt 1 0.625
vt 0 0.75
vt 0.1 0.75
vt 0.2 0.75
vt 0.3 0.75
vt 0.4 0.75
vt 0.5 0.75
vt 0.6 0.75
vt 0.7 0.75
vt 0.8 0.75
vt 0.9 0.75
vt 1 0.75
vt 0 0.875
vt 0.1 0.875
vt 0.2 0.875
vt 0.3 0.875
vt 0.4 0.875
vt 0.5 0.875
vt 0.6 0.875
vt 0.7 0.875
vt 0.8 0.875
vt 0.9 0.875
vt 1 0.875
vt 0 1
vt 0.1 1
vt 0.2 1
vt 0.3 1
vt 0.4 1
vt 0.5 1
vt 0.6 1
vt 0.7 1
vt 0.8 1
vt 0.9 1
vt 1 1
vt 0 0
vt 0.14285714285714285 0
vt 0.2857142857142857 0
vt 0.42857142857142855 0
vt 0.5714285714285714 0
vt 0.7142857142857143 0
vt 0.8571428571428571 0
vt 0 1
vt 0.14285714285714285 1
vt 0.2857142857142857 1
vt 0.42857142857142855 1
vt 0.5714285714285714 1
vt 0.7142857142857143 1
vt 0.8571428571428571 1
vt 0.5 0.5
vt 0.5 0.5
vt 0 0
vt 0.1 0
vt 0.2 0
vt 0.3 0
vt 0.4 0
vt 0.5 0
vt 0.6 0
vt 0.7 0
vt 0.8 0
vt 0.9 0
vt 1 0
vt 0 0.125
vt 0.1 0.125
vt 0.2 0.125
vt 0.3 0.125
vt 0.4 0.125
vt 0.5 0.125
vt 0.6 0.125
vt 0.7 0.125
vt 0.8 0.125
vt 0.9 0.125
vt 1 0.125
vt 0 0.25
vt 0.1 0.25
vt 0.2 0.25
vt 0.3 0.25
vt 0.4 0.25
vt 0.5 0.25
vt 0.6 0.25
vt 0.7 0.25
vt 0.8 0.25
vt 0.9 0.25
vt 1 0.25
vt 0 0.375
vt 0.1 0.375
vt 0.2 0.375
vt 0.3 0.375
vt 0.4 0.375
vt 0.5 0.375
vt 0.6 0.375
vt 0.7 0.375
vt 0.8 0.375
vt 0.9 0.375
vt 1 0.375
vt 0 0.5
vt 0.1 0.5
vt 0.2 0.5
vt 0.3 0.5
vt 0.4 0.5
vt 0.5 0.5
vt 0.6 0.5
vt 0.7 0.5
vt 0.8 0.5
vt 0.9 0.5
vt 1 0.5
vt 0 0.625
vt 0.1 0.625
vt 0.2 0.625
vt 0.3 0.625
vt 0.4 0.625
vt 0.5 0.625
vt 0.6 0.625
vt 0.7 0.625
vt 0.8 0.625
vt 0.9 0.625
vt 1 0.625
vt 0 0.75
vt 0.1 0.75
vt 0.2 0.75
vt 0.3 0.75
vt 0.4 0.75
vt 0.5 0.75
vt 0.6 0.75
vt 0.7 0.75
vt 0.8 0.75
vt 0.9 0.75
vt 1 0.75
vt 0 0.875
vt 0.1 0.875
vt 0.2 0.875
vt 0.3 0.875
vt 0.4 0.875
vt 0.5 0.875
vt 0.6 0.875
vt 0.7 0.875
vt 0.8 0.875
vt 0.9 0.875
vt 1 0.875
vt 0 1
vt 0.1 1
vt 0.2 1
vt 0.3 1
vt 0.4 1
vt 0.5 1
vt 0.6 1
vt 0.7 1
vt 0.8 1
vt 0.9 1
vt 1 1
vt 0 0
vt 0.14285714285714285 0
vt 0.2857142857142857 0
vt 0.42857142857142855 0
vt 0.5714285714285714 0
vt 0.7142857142857143 0
vt 0.8571428571428571 0
vt 0 1
vt 0.14285714285714285 1
vt 0.2857142857142857 1
vt 0.42857142857142855 1
vt 0.5714285714285714 1
vt 0.7142857142857143 1
vt 0.8571428571428571 1
vt 0.5 0.5
vt 0.5 0.5
vt 0 0
vt 0.1 0
vt 0.2 0
vt 0.3 0
vt 0.4 0
vt 0.5 0
vt 0.6 0
vt 0.7 0
vt 0.8 0
vt 0.9 0
vt 1 0
vt 0 0.125
vt 0.1 0.125
vt 0.2 0.125
vt 0.3 0.125
vt 0.4 0.125
vt 0.5 0.125
vt 0.6 0.125
vt 0.7 0.125
vt 0.8 0.125
vt 0.9 0.125
vt 1 0.125
vt 0 0.25
vt 0.1 0.25
vt 0.2 0.25
vt 0.3 0.25
vt 0.4 0.25
vt 0.5 0.25
vt 0.6 0.25
vt 0.7 0.25
vt 0.8 0.25
vt 0.9 0.25
vt 1 0.25
vt 0 0.375
vt 0.1 0.375
vt 0.2 0.375
vt 0.3 0.375
vt 0.4 0.375
vt 0.5 0.375
vt 0.6 0.375
vt 0.7 0.375
vt 0.8 0.375
vt 0.9 0.375
vt 1 0.375
vt 0 0.5
vt 0.1 0.5
vt 0.2 0.5
vt 0.3 0.5
vt 0.4 0.5
vt 0.5 0.5
vt 0.6 0.5
vt 0.7 0.5
vt 0.8 0.5
vt 0.9 0.5
vt 1 0.5
vt 0 0.625
vt 0.1 0.625
vt 0.2 0.625
vt 0.3 0.625
vt 0.4 0.625
vt 0.5 0.625
vt 0.6 0.625
vt 0.7 0.625
vt 0.8 0.625
vt 0.9 0.625
vt 1 0.625
vt 0 0.75
vt 0.1 0.75
vt 0.2 0.75
vt 0.3 0.75
vt 0.4 0.75
vt 0.5 0.75
vt 0.6 0.75
vt 0.7 0.75
vt 0.8 0.75
vt 0.9 0.75
vt 1 0.75
vt 0 0.875
vt 0.1 0.875
vt 0.2 0.875
vt 0.3 0.875
vt 0.4 0.875
vt 0.5 0.875
vt 0.6 0.875
vt 0.7 0.875
vt 0.8 0.875
vt 0.9 0.875
vt 1 0.875
vt 0 1
vt 0.1 1
vt 0.2 1
vt 0.3 1
vt 0.4 1
vt 0.5 1
vt 0.6 1
vt 0.7 1
vt 0.8 1
vt 0.9 1
vt 1 1
vt 0 0
vt 0.14285714285714285 0
vt 0.2857142857142857 0
vt 0.42857142857142855 0
vt 0.5714285714285714 0
vt 0.7142857142857143 0
vt 0.8571428571428571 0
vt 0 1
vt 0.14285714285714285 1
vt 0.2857142857142857 1
vt 0.42857142857142855 1
vt 0.5714285714285714 1
vt 0.7142857142857143 1
vt 0.8571428571428571 1
vt 0.5 0.5
vt 0.5 0.5
vt 0 0
vt 0.1 0
vt 0.2 0
vt 0.3 0
vt 0.4 0
vt 0.5 0
vt 0.6 0
vt 0.7 0
vt 0.8 0
vt 0.9 0
vt 1 0
vt 0 0.125
vt 0.1 0.125
vt 0.2 0.125
vt 0.3 0.125
vt 0.4 0.125
vt 0.5 0.125
vt 0.6 0.125
vt 0.7 0.125
vt 0.8 0.125
vt 0.9 0.125
vt 1 0.125
vt 0 0.25
vt 0.1 0.25
vt 0.2 0.25
vt 0.3 0.25
vt 0.4 0.25
vt 0.5 0.25
vt 0.6 0.25
vt 0.7 0.25
vt 0.8 0.25
vt 0.9 0.25
vt 1 0.25
vt 0 0.375
vt 0.1 0.375
vt 0.2 0.375
vt 0.3 0.375
vt 0.4 0.375
vt 0.5 0.375
vt 0.6 0.375
vt 0.7 0.375
vt 0.8 0.375
vt 0.9 0.375
vt 1 0.375
vt 0 0.5
vt 0.1 0.5
vt 0.2 0.5
vt 0.3 0.5
vt 0.4 0.5
vt 0.5 0.5
vt 0.6 0.5
vt 0.7 0.5
vt 0.8 0.5
vt 0.9 0.5
vt 1 0.5
vt 0 0.625
vt 0.1 0.625
vt 0.2 0.625
vt 0.3 0.625
vt 0.4 0.625
vt 0.5 0.625
vt 0.6 0.625
vt 0.7 0.625
vt 0.8 0.625
vt 0.9 0.625
vt 1 0.625
vt 0 0.75
vt 0.1 0.75
vt 0.2 0.75
vt 0.3 0.75
vt 0.4 0.75
vt 0.5 0.75
vt 0.6 0.75
vt 0.7 0.75
vt 0.8 0.75
vt 0.9 0.75
vt 1 0.75
vt 0 0.875
vt 0.1 0.875
vt 0.2 0.875
vt 0.3 0.875
vt 0.4 0.875
vt 0.5 0.875
vt 0.6 0.875
vt 0.7 0.875
vt 0.8 0.875
vt 0.9 0.875
vt 1 0.875
vt 0 1
vt 0.1 1
vt 0.2 1
vt 0.3 1
vt 0.4 1
vt 0.5 1
vt 0.6 1
vt 0.7 1
vt 0.8 1
vt 0.9 1
vt 1 1
vt 0 0
vt 0.14285714285714285 0
vt 0.2857142857142857 0
vt 0.42857142857142855 0
vt 0.5714285714285714 0
vt 0.7142857142857143 0
vt 0.8571428571428571 0
vt 0 1
vt 0.14285714285714285 1
vt 0.2857142857142857 1
vt 0.42857142857142855 1
vt 0.5714285714285714 1
vt 0.7142857142857143 1
vt 0.8571428571428571 1
vt 0.5 0.5
vt 0.5 0.5
vt 0 0
vt 0.1 0
vt 0.2 0
vt 0.3 0
vt 0.4 0
vt 0.5 0
vt 0.6 0
vt 0.7 0
vt 0.8 0
vt 0.9 0
vt 1 0
vt 0 0.125
vt 0.1 0.125
vt 0.2 0.125
vt 0.3 0.125
vt 0.4 0.125
vt 0.5 0.125
vt 0.6 0.125
vt 0.7 0.125
vt 0.8 0.125
vt 0.9 0.125
vt 1 0.125
vt 0 0.25
vt 0.1 0.25
vt 0.2 0.25
vt 0.3 0.25
vt 0.4 0.25
vt 0.5 0.25
vt 0.6 0.25
vt 0.7 0.25
vt 0.8 0.25
vt 0.9 0.25
vt 1 0.25
vt 0 0.375
vt 0.1 0.375
vt 0.2 0.375
vt 0.3 0.375
vt 0.4 0.375
vt 0.5 0.375
vt 0.6 0.375
vt 0.7 0.375
vt 0.8 0.375
vt 0.9 0.375
vt 1 0.375
vt 0 0.5
vt 0.1 0.5
vt 0.2 0.5
vt 0.3 0.5
vt 0.4 0.5
vt 0.5 0.5
vt 0.6 0.5
vt 0.7 0.5
vt 0.8 0.5
vt 0.9 0.5
vt 1 0.5
vt 0 0.625
vt 0.1 0.625
vt 0.2 0.625
vt 0.3 0.625
vt 0.4 0.625
vt 0.5 0.625
vt 0.6 0.625
vt 0.7 0.625
vt 0.8 0.625
vt 0.9 0.625
vt 1 0.625
vt 0 0.75
vt 0.1 0.75
vt 0.2 0.75
vt 0.3 0.75
vt 0.4 0.75
vt 0.5 0.75
vt 0.6 0.75
vt 0.7 0.75
vt 0.8 0.75
vt 0.9 0.75
vt 1 0.75
vt 0 0.875
vt 0.1 0.875
vt 0.2 0.875
vt 0.3 0.875
vt 0.4 0.875
vt 0.5 0.875
vt 0.6 0.875
vt 0.7 0.875
vt 0.8 0.875
vt 0.9 0.875
vt 1 0.875
vt 0 1
vt 0.1 1
vt 0.2 1
vt 0.3 1
vt 0.4 1
vt 0.5 1
vt 0.6 1
vt 0.7 1
vt 0.8 1
vt 0.9 1
vt 1 1
vt 0 0
vt 0.14285714285714285 0
vt 0.2857142857142857 0
vt 0.42857142857142855 0
vt 0.5714285714285714 0
vt 0.7142857142857143 0
vt 0.8571428571428571 0
vt 0 1
vt 0.14285714285714285 1
vt 0.2857142857142857 1
vt 0.42857142857142855 1
vt 0.5714285714285714 1
vt 0.7142857142857143 1
vt 0.8571428571428571 1
vt 0.5 0.5
vt 0.5 0.5
vt 0 0
vt 0.1 0
vt 0.2 0
vt 0.3 0
vt 0.4 0
vt 0.5 0
vt 0.6 0
vt 0.7 0
vt 0.8 0
vt 0.9 0
vt 1 0
vt 0 0.125
vt 0.1 0.125
vt 0.2 0.125
vt 0.3 0.125
vt 0.4 0.125
vt 0.5 0.125
vt 0.6 0.125
vt 0.7 0.125
vt 0.8 0.125
vt 0.9 0.125
vt 1 0.125
vt 0 0.25
vt 0.1 0.25
vt 0.2 0.25
vt 0.3 0.25
vt 0.4 0.25
vt 0.5 0.25
vt 0.6 0.25
vt 0.7 0.25
vt 0.8 0.25
vt 0.9 0.25
vt 1 0.25
vt 0 0.375
vt 0.1 0.375
vt 0.2 0.375
vt 0.3 0.375
vt 0.4 0.375
vt 0.5 0.375
vt 0.6 0.375
vt 0.7 0.375
vt 0.8 0.375
vt 0.9 0.375
vt 1 0.375
vt 0 0.5
vt 0.1 0.5
vt 0.2 0.5
vt 0.3 0.5
vt 0.4 0.5
vt 0.5 0.5
vt 0.6 0.5
vt 0.7 0.5
vt 0.8 0.5
vt 0.9 0.5
vt 1 0.5
vt 0 0.625
vt 0.1 0.625
vt 0.2 0.625
vt 0.3 0.625
vt 0.4 0.625
vt 0.5 0.625
vt 0.6 0.625
vt 0.7 0.625
vt 0.8 0.625
vt 0.9 0.625
vt 1 0.625
vt 0 0.75
vt 0.1 0.75
vt 0.2 0.75
vt 0.3 0.75
vt 0.4 0.75
vt 0.5 0.75
vt 0.6 0.75
vt 0.7 0.75
vt 0.8 0.75
vt 0.9 0.75
vt 1 0.75
vt 0 0.875
vt 0.1 0.875
vt 0.2 0.875
vt 0.3 0.875
vt 0.4 0.875
vt 0.5 0.875
vt 0.6 0.875
vt 0.7 0.875
vt 0.8 0.875
vt 0.9 0.875
vt 1 0.875
vt 0 1
vt 0.1 1
vt 0.2 1
vt 0.3 1
vt 0.4 1
vt 0.5 1
vt 0.6 1
vt 0.7 1
vt 0.8 1
vt 0.9 1
vt 1 1
vt 0 0
vt 0.14285714285714285 0
vt 0.2857142857142857 0
vt 0.42857142857142855 0
vt 0.5714285714285714 0
vt 0.7142857142857143 0
vt 0.8571428571428571 0
vt 0 1
vt 0.14285714285714285 1
vt 0.2857142857142857 1
vt 0.42857142857142855 1
vt 0.5714285714285714 1
vt 0.7142857142857143 1
vt 0.8571428571428571 1
vt 0.5 0.5
vt 0.5 0.5
vt 0 0
vt 0.1 0
vt 0.2 0
vt 0.3 0
vt 0.4 0
vt 0.5 0
vt 0.6 0
vt 0.7 0
vt 0.8 0
vt 0.9 0
vt 1 0
vt 0 0.125
vt 0.1 0.125
vt 0.2 0.125
vt 0.3 0.125
vt 0.4 0.125
vt 0.5 0.125
vt 0.6 0.125
vt 0.7 0.125
vt 0.8 0.125
vt 0.9 0.125
vt 1 0.125
vt 0 0.25
vt 0.1 0.25
vt 0.2 0.25
vt 0.3 0.25
vt 0.4 0.25
vt 0.5 0.25
vt 0.6 0.25
vt 0.7 0.25
vt 0.8 0.25
vt 0.9 0.25
vt 1 0.25
vt 0 0.375
vt 0.1 0.375
vt 0.2 0.375
vt 0.3 0.375
vt 0.4 0.375
vt 0.5 0.375
vt 0.6 0.375
vt 0.7 0.375
vt 0.8 0.375
vt 0.9 0.375
vt 1 0.375
vt 0 0.5
vt 0.1 0.5
vt 0.2 0.5
vt 0.3 0.5
vt 0.4 0.5
vt 0.5 0.5
vt 0.6 0.5
vt 0.7 0.5
vt 0.8 0.5
vt 0.9 0.5
vt 1 0.5
vt 0 0.625
vt 0.1 0.625
vt 0.2 0.625
vt 0.3 0.625
vt 0.4 0.625
vt 0.5 0.625
vt 0.6 0.625
vt 0.7 0.625
vt 0.8 0.625
vt 0.9 0.625
vt 1 0.625
vt 0 0.75
vt 0.1 0.75
vt 0.2 0.75
vt 0.3 0.75
vt 0.4 0.75
vt 0.5 0.75
vt 0.6 0.75
vt 0.7 0.75
vt 0.8 0.75
vt 0.9 0.75
vt 1 0.75
vt 0 0.875
vt 0.1 0.875
vt 0.2 0.875
vt 0.3 0.875
vt 0.4 0.875
vt 0.5 0.875
vt 0.6 0.875
vt 0.7 0.875
vt 0.8 0.875
vt 0.9 0.875
vt 1 0.875
vt 0 1
vt 0.1 1
vt 0.2 1
vt 0.3 1
vt 0.4 1
vt 0.5 1
vt 0.6 1
vt 0.7 1
vt 0.8 1
vt 0.9 1
vt 1 1
vt 0 0
vt 0.14285714285714285 0
vt 0.2857142857142857 0
vt 0.42857142857142855 0
vt 0.5714285714285714 0
vt 0.7142857142857143 0
vt 0.8571428571428571 0
vt 0 1
vt 0.14285714285714285 1
vt 0.2857142857142857 1
vt 0.42857142857142855 1
vt 0.5714285714285714 1
vt 0.7142857142857143 1
vt 0.8571428571428571 1
vt 0.5 0.5
vt 0.5 0.5
vt 0 0
vt 0.1 0
vt 0.2 0
vt 0.3 0
vt 0.4 0
vt 0.5 0
vt 0.6 0
vt 0.7 0
vt 0.8 0
vt 0.9 0
vt 1 0
vt 0 0.125
vt 0.1 0.125
vt 0.2 0.125
vt 0.3 0.125
vt 0.4 0.125
vt 0.5 0.125
vt 0.6 0.125
vt 0.7 0.125
vt 0.8 0.125
vt 0.9 0.125
vt 1 0.125
vt 0 0.25
vt 0.1 0.25
vt 0.2 0.25
vt 0.3 0.25
vt 0.4 0.25
vt 0.5 0.25
vt 0.6 0.25
vt 0.7 0.25
vt 0.8 0.25
vt 0.9 0.25
vt 1 0.25
vt 0 0.375
vt 0.1 0.375
vt 0.2 0.375
vt 0.3 0.375
vt 0.4 0.375
vt 0.5 0.375
vt 0.6 0.375
vt 0.7 0.375
vt 0.8 0.375
vt 0.9 0.375
vt 1 0.375
vt 0 0.5
vt 0.1 0.5
vt 0.2 0.5
vt 0.3 0.5
vt 0.4 0.5
vt 0.5 0.5
vt 0.6 0.5
vt 0.7 0.5
vt 0.8 0.5
vt 0.9 0.5
vt 1 0.5
vt 0 0.625
vt 0.1 0.625
vt 0.2 0.625
vt 0.3 0.625
vt 0.4 0.625
vt 0.5 0.625
vt 0.6 0.625
vt 0.7 0.625
vt 0.8 0.625
vt 0.9 0.625
vt 1 0.625
vt 0 0.75
vt 0.1 0.75
vt 0.2 0.75
vt 0.3 0.75
vt 0.4 0.75
vt 0.5 0.75
vt 0.6 0.75
vt 0.7 0.75
vt 0.8 0.75
vt 0.9 0.75
vt 1 0.75
vt 0 0.875
vt 0.1 0.875
vt 0.2 0.875
vt 0.3 0.875
vt 0.4 0.875
vt 0.5 0.875
vt 0.6 0.875
vt 0.7 0.875
vt 0.8 0.875
vt 0.9 0.875
vt 1 0.875
vt 0 1
vt 0.1 1
vt 0.2 1
vt 0.3 1
vt 0.4 1
vt 0.5 1
vt 0.6 1
vt 0.7 1
vt 0.8 1
vt 0.9 1
vt 1 1
vt 0 0
vt 0.14285714285714285 0
vt 0.2857142857142857 0
vt 0.42857142857142855 0
vt 0.5714285714285714 0
vt 0.7142857142857143 0
vt 0.8571428571428571 0
vt 0 1
vt 0.14285714285714285 1
vt 0.2857142857142857 1
vt 0.42857142857142855 1
vt 0.5714285714285714 1
vt 0.7142857142857143 1
vt 0.8571428571428571 1
vt 0.5 0.5
vt 0.5 0.5
vt 0 0
vt 0.1 0
vt 0.2 0
vt 0.3 0
vt 0.4 0
vt 0.5 0
vt 0.6 0
vt 0.7 0
vt 0.8 0
vt 0.9 0
vt 1 0
vt 0 0.125
vt 0.1 0.125
vt 0.2 0.125
vt 0.3 0.125
vt 0.4 0.125
vt 0.5 0.125
vt 0.6 0.125
vt 0.7 0.125
vt 0.8 0.125
vt 0.9 0.125
vt 1 0.125
vt 0 0.25
vt 0.1 0.25
vt 0.2 0.25
vt 0.3 0.25
vt 0.4 0.25
vt 0.5 0.25
vt 0.6 0.25
vt 0.7 0.25
vt 0.8 0.25
vt 0.9 0.25
vt 1 0.25
vt 0 0.375
vt 0.1 0.375
vt 0.2 0.375
vt 0.3 0.375
vt 0.4 0.375
vt 0.5 0.375
vt 0.6 0.375
vt 0.7 0.375
vt 0.8 0.375
vt 0.9 0.375
vt 1 0.375
vt 0 0.5
vt 0.1 0.5
vt 0.2 0.5
vt 0.3 0.5
vt 0.4 0.5
vt 0.5 0.5
vt 0.6 0.5
vt 0.7 0.5
vt 0.8 0.5
vt 0.9 0.5
vt 1 0.5
vt 0 0.625
vt 0.1 0.625
vt 0.2 0.625
vt 0.3 0.625
vt 0.4 0.625
vt 0.5 0.625
vt 0.6 0.625
vt 0.7 0.625
vt 0.8 0.625
vt 0.9 0.625
vt 1 0.625
vt 0 0.75
vt 0.1 0.75
vt 0.2 0.75
vt 0.3 0.75
vt 0.4 0.75
vt 0.5 0.75
vt 0.6 0.75
vt 0.7 0.75
vt 0.8 0.75
vt 0.9 0.75
vt 1 0.75
vt 0 0.875
vt 0.1 0.875
vt 0.2 0.875
vt 0.3 0.875
vt 0.4 0.875
vt 0.5 0.875
vt 0.6 0.875
vt 0.7 0.875
vt 0.8 0.875
vt 0.9 0.875
vt 1 0.875
vt 0 1
vt 0.1 1
vt 0.2 1
vt 0.3 1
vt 0.4 1
vt 0.5 1
vt 0.6 1
vt 0.7 1
vt 0.8 1
vt 0.9 1
vt 1 1
vt 0 0
vt 0.14285714285714285 0
vt 0.2857142857142857 0
vt 0.42857142857142855 0
vt 0.5714285714285714 0
vt 0.7142857142857143 0
vt 0.8571428571428571 0
vt 0 1
vt 0.14285714285714285 1
vt 0.2857142857142857 1
vt 0.42857142857142855 1
vt 0.5714285714285714 1
vt 0.7142857142857143 1
vt 0.8571428571428571 1
vt 0.5 0.5
vt 0.5 0.5
vt 0 0
vt 0.1 0
vt 0.2 0
vt 0.3 0
vt 0.4 0
vt 0.5 0
vt 0.6 0
vt 0.7 0
vt 0.8 0
vt 0.9 0
vt 1 0
vt 0 0.125
vt 0.1 0.125
vt 0.2 0.125
vt 0.3 0.125
vt 0.4 0.125
vt 0.5 0.125
vt 0.6 0.125
vt 0.7 0.125
vt 0.8 0.125
vt 0.9 0.125
vt 1 0.125
vt 0 0.25
vt 0.1 0.25
vt 0.2 0.25
vt 0.3 0.25
vt 0.4 0.25
vt 0.5 0.25
vt 0.6 0.25
vt 0.7 0.25
vt 0.8 0.25
vt 0.9 0.25
vt 1 0.25
vt 0 0.375
vt 0.1 0.375
vt 0.2 0.375
vt 0.3 0.375
vt 0.4 0.375
vt 0.5 0.375
vt 0.6 0.375
vt 0.7 0.375
vt 0.8 0.375
vt 0.9 0.375
vt 1 0.375
vt 0 0.5
vt 0.1 0.5
vt 0.2 0.5
vt 0.3 0.5
vt 0.4 0.5
vt 0.5 0.5
vt 0.6 0.5
vt 0.7 0.5
vt 0.8 0.5
vt 0.9 0.5
vt 1 0.5
vt 0 0.625
vt 0.1 0.625
vt 0.2 0.625
vt 0.3 0.625
vt 0.4 0.625
vt 0.5 0.625
vt 0.6 0.625
vt 0.7 0.625
vt 0.8 0.625
vt 0.9 0.625
vt 1 0.625
vt 0 0.75
vt 0.1 0.75
vt 0.2 0.75
vt 0.3 0.75
vt 0.4 0.75
vt 0.5 0.75
vt 0.6 0.75
vt 0.7 0.75
vt 0.8 0.75
vt 0.9 0.75
vt 1 0.75
vt 0 0.875
vt 0.1 0.875
vt 0.2 0.875
vt 0.3 0.875
vt 0.4 0.875
vt 0.5 0.875
vt 0.6 0.875
vt 0.7 0.875
vt 0.8 0.875
vt 0.9 0.875
vt 1 0.875
vt 0 1
vt 0.1 1
vt 0.2 1
vt 0.3 1
vt 0.4 1
vt 0.5 1
vt 0.6 1
vt 0.7 1
vt 0.8 1
vt 0.9 1
vt 1 1
vt 0 0
vt 0.14285714285714285 0
vt 0.2857142857142857 0
vt 0.42857142857142855 0
vt 0.5714285714285714 0
vt 0.7142857142857143 0
vt 0.8571428571428571 0
vt 0 1
vt 0.14285714285714285 1
vt 0.2857142857142857 1
vt 0.42857142857142855 1
vt 0.5714285714285714 1
vt 0.7142857142857143 1
vt 0.8571428571428571 1
vt 0.5 0.5
vt 0.5 0.5
vt 0 0
vt 0.1 0
vt 0.2 0
vt 0.3 0
vt 0.4 0
vt 0.5 0
vt 0.6 0
vt 0.7 0
vt 0.8 0
vt 0.9 0
vt 1 0
vt 0 0.125
vt 0.1 0.125
vt 0.2 0.125
vt 0.3 0.125
vt 0.4 0.125
vt 0.5 0.125
vt 0.6 0.125
vt 0.7 0.125
vt 0.8 0.125
vt 0.9 0.125
vt 1 0.125
vt 0 0.25
vt 0.1 0.25
vt 0.2 0.25
vt 0.3 0.25
vt 0.4 0.25
vt 0.5 0.25
vt 0.6 0.25
vt 0.7 0.25
vt 0.8 0.25
vt 0.9 0.25
vt 1 0.25
vt 0 0.375
vt 0.1 0.375
vt 0.2 0.375
vt 0.3 0.375
vt 0.4 0.375
vt 0.5 0.375
vt 0.6 0.375
vt 0.7 0.375
vt 0.8 0.375
vt 0.9 0.375
vt 1 0.375
vt 0 0.5
vt 0.1 0.5
vt 0.2 0.5
vt 0.3 0.5
vt 0.4 0.5
vt 0.5 0.5
vt 0.6 0.5
vt 0.7 0.5
vt 0.8 0.5
vt 0.9 0.5
vt 1 0.5
vt 0 0.625
vt 0.1 0.625
vt 0.2 0.625
vt 0.3 0.625
vt 0.4 0.625
vt 0.5 0.625
vt 0.6 0.625
vt 0.7 0.625
vt 0.8 0.625
vt 0.9 0.625
vt 1 0.625
vt 0 0.75
vt 0.1 0.75
vt 0.2 0.75
vt 0.3 0.75
vt 0.4 0.75
vt 0.5 0.75
vt 0.6 0.75
vt 0.7 0.75
vt 0.8 0.75
vt 0.9 0.75
vt 1 0.75
vt 0 0.875
vt 0.1 0.875
vt 0.2 0.875
vt 0.3 0.875
vt 0.4 0.875
vt 0.5 0.875
vt 0.6 0.875
vt 0.7 0.875
vt 0.8 0.875
vt 0.9 0.875
vt 1 0.875
vt 0 1
vt 0.1 1
vt 0.2 1
vt 0.3 1
vt 0.4 1
vt 0.5 1
vt 0.6 1
vt 0.7 1
vt 0.8 1
vt 0.9 1
vt 1 1
vt 0 0
vt 0.14285714285714285 0
vt 0.2857142857142857 0
vt 0.42857142857142855 0
vt 0.5714285714285714 0
vt 0.7142857142857143 0
vt 0.8571428571428571 0
vt 0 1
vt 0.14285714285714285 1
vt 0.2857142857142857 1
vt 0.42857142857142855 1
vt 0.5714285714285714 1
vt 0.7142857142857143 1
vt 0.8571428571428571 1
vt 0.5 0.5
vt 0.5 0.5
vt 0 0
vt 0.1 0
vt 0.2 0
vt 0.3 0
vt 0.4 0
vt 0.5 0
vt 0.6 0
vt 0.7 0
vt 0.8 0
vt 0.9 0
vt 1 0
vt 0 0.125
vt 0.1 0.125
vt 0.2 0.125
vt 0.3 0.125
vt 0.4 0.125
vt 0.5 0.125
vt 0.6 0.125
vt 0.7 0.125
vt 0.8 0.125
vt 0.9 0.125
vt 1 0.125
vt 0 0.25
vt 0.1 0.25
vt 0.2 0.25
vt 0.3 0.25
vt 0.4 0.25
vt 0.5 0.25
vt 0.6 0.25
vt 0.7 0.25
vt 0.8 0.25
vt 0.9 0.25
vt 1 0.25
vt 0 0.375
vt 0.1 0.375
vt 0.2 0.375
vt 0.3 0.375
vt 0.4 0.375
vt 0.5 0.375
vt 0.6 0.375
vt 0.7 0.375
vt 0.8 0.375
vt 0.9 0.375
vt 1 0.375
vt 0 0.5
vt 0.1 0.5
vt 0.2 0.5
vt 0.3 0.5
vt 0.4 0.5
vt 0.5 0.5
vt 0.6 0.5
vt 0.7 0.5
vt 0.8 0.5
vt 0.9 0.5
vt 1 0.5
vt 0 0.625
vt 0.1 0.625
vt 0.2 0.625
vt 0.3 0.625
vt 0.4 0.625
vt 0.5 0.625
vt 0.6 0.625
vt 0.7 0.625
vt 0.8 0.625
vt 0.9 0.625
vt 1 0.625
vt 0 0.75
vt 0.1 0.75
vt 0.2 0.75
vt 0.3 0.75
vt 0.4 0.75
vt 0.5 0.75
vt 0.6 0.75
vt 0.7 0.75
vt 0.8 0.75
vt 0.9 0.75
vt 1 0.75
vt 0 0.875
vt 0.1 0.875
vt 0.2 0.875
vt 0.3 0.875
vt 0.4 0.875
vt 0.5 0.875
vt 0.6 0.875
vt 0.7 0.875
vt 0.8 0.875
vt 0.9 0.875
vt 1 0.875
vt 0 1
vt 0.1 1
vt 0.2 1
vt 0.3 1
vt 0.4 1
vt 0.5 1
vt 0.6 1
vt 0.7 1
vt 0.8 1
vt 0.9 1
vt 1 1
vt 0 0
vt 0.14285714285714285 0
vt 0.2857142857142857 0
vt 0.42857142857142855 0
vt 0.5714285714285714 0
vt 0.7142857142857143 0
vt 0.8571428571428571 0
vt 0 1
vt 0.14285714285714285 1
vt 0.2857142857142857 1
vt 0.42857142857142855 1
vt 0.5714285714285714 1
vt 0.7142857142857143 1
vt 0.8571428571428571 1
vt 0.5 0.5
vt 0.5 0.5
vt 0 0
vt 0.1 0
vt 0.2 0
vt 0.3 0
vt 0.4 0
vt 0.5 0
vt 0.6 0
vt 0.7 0
vt 0.8 0
vt 0.9 0
vt 1 0
vt 0 0.125
vt 0.1 0.125
vt 0.2 0.125
vt 0.3 0.125
vt 0.4 0.125
vt 0.5 0.125
vt 0.6 0.125
vt 0.7 0.125
vt 0.8 0.125
vt 0.9 0.125
vt 1 0.125
vt 0 0.25
vt 0.1 0.25
vt 0.2 0.25
vt 0.3 0.25
vt 0.4 0.25
vt 0.5 0.25
vt 0.6 0.25
vt 0.7 0.25
vt 0.8 0.25
vt 0.9 0.25
vt 1 0.25
vt 0 0.375
vt 0.1 0.375
vt 0.2 0.375
vt 0.3 0.375
vt 0.4 0.375
vt 0.5 0.375
vt 0.6 0.375
vt 0.7 0.375
vt 0.8 0.375
vt 0.9 0.375
vt 1 0.375
vt 0 0.5
vt 0.1 0.5
vt 0.2 0.5
vt 0.3 0.5
vt 0.4 0.5
vt 0.5 0.5
vt 0.6 0.5
vt 0.7 0.5
vt 0.8 0.5
vt 0.9 0.5
vt 1 0.5
vt 0 0.625
vt 0.1 0.625
vt 0.2 0.625
vt 0.3 0.625
vt 0.4 0.625
vt 0.5 0.625
vt 0.6 0.625
vt 0.7 0.625
vt 0.8 0.625
vt 0.9 0.625
vt 1 0.625
vt 0 0.75
vt 0.1 0.75
vt 0.2 0.75
vt 0.3 0.75
vt 0.4 0.75
vt 0.5 0.75
vt 0.6 0.75
vt 0.7 0.75
vt 0.8 0.75
vt 0.9 0.75
vt 1 0.75
vt 0 0.875
vt 0.1 0.875
vt 0.2 0.875
vt 0.3 0.875
vt 0.4 0.875
vt 0.5 0.875
vt 0.6 0.875
vt 0.7 0.875
vt 0.8 0.875
vt 0.9 0.875
vt 1 0.875
vt 0 1
vt 0.1 1
vt 0.2 1
vt 0.3 1
vt 0.4 1
vt 0.5 1
vt 0.6 1
vt 0.7 1
vt 0.8 1
vt 0.9 1
vt 1 1
vt 0 0
vt 0.14285714285714285 0
vt 0.2857142857142857 0
vt 0.42857142857142855 0
vt 0.5714285714285714 0
vt 0.7142857142857143 0
vt 0.8571428571428571 0
vt 0 1
vt 0.14285714285714285 1
vt 0.2857142857142857 1
vt 0.42857142857142855 1
vt 0.5714285714285714 1
vt 0.7142857142857143 1
vt 0.8571428571428571 1
vt 0.5 0.5
vt 0.5 0.5
vt 0 0
vt 0.1 0
vt 0.2 0
vt 0.3 0
vt 0.4 0
vt 0.5 0
vt 0.6 0
vt 0.7 0
vt 0.8 0
vt 0.9 0
vt 1 0
vt 0 0.125
vt 0.1 0.125
vt 0.2 0.125
vt 0.3 0.125
vt 0.4 0.125
vt 0.5 0.125
vt 0.6 0.125
vt 0.7 0.125
vt 0.8 0.125
vt 0.9 0.125
vt 1 0.125
vt 0 0.25
vt 0.1 0.25
vt 0.2 0.25
vt 0.3 0.25
vt 0.4 0.25
vt 0.5 0.25
vt 0.6 0.25
vt 0.7 0.25
vt 0.8 0.25
vt 0.9 0.25
vt 1 0.25
vt 0 0.375
vt 0.1 0.375
vt 0.2 0.375
vt 0.3 0.375
vt 0.4 0.375
vt 0.5 0.375
vt 0.6 0.375
vt 0.7 0.375
vt 0.8 0.375
vt 0.9 0.375
vt 1 0.375
vt 0 0.5
vt 0.1 0.5
vt 0.2 0.5
vt 0.3 0.5
vt 0.4 0.5
vt 0.5 0.5
vt 0.6 0.5
vt 0.7 0.5
vt 0.8 0.5
vt 0.9 0.5
vt 1 0.5
vt 0 0.625
vt 0.1 0.625
vt 0.2 0.625
vt 0.3 0.625
vt 0.4 0.625
vt 0.5 0.625
vt 0.6 0.625
vt 0.7 0.625
vt 0.8 0.625
vt 0.9 0.625
vt 1 0.625
vt 0 0.75
vt 0.1 0.75
vt 0.2 0.75
vt 0.3 0.75
vt 0.4 0.75
vt 0.5 0.75
vt 0.6 0.75
vt 0.7 0.75
vt 0.8 0.75
vt 0.9 0.75
vt 1 0.75
vt 0 0.875
vt 0.1 0.875
vt 0.2 0.875
vt 0.3 0.875
vt 0.4 0.875
vt 0.5 0.875
vt 0.6 0.875
vt 0.7 0.875
vt 0.8 0.875
vt 0.9 0.875
vt 1 0.875
vt 0 1
vt 0.1 1
vt 0.2 1
vt 0.3 1
vt 0.4 1
vt 0.5 1
vt 0.6 1
vt 0.7 1
vt 0.8 1
vt 0.9 1
vt 1 1
vt 0 0
vt 0.14285714285714285 0
vt 0.2857142857142857 0
vt 0.42857142857142855 0
vt 0.5714285714285714 0
vt 0.7142857142857143 0
vt 0.8571428571428571 0
vt 0 1
vt 0.14285714285714285 1
vt 0.2857142857142857 1
vt 0.42857142857142855 1
vt 0.5714285714285714 1
vt 0.7142857142857143 1
vt 0.8571428571428571 1
vt 0.5 0.5
vt 0.5 0.5
vt 0 0
vt 0.1 0
vt 0.2 0
vt 0.3 0
vt 0.4 0
vt 0.5 0
vt 0.6 0
vt 0.7 0
vt 0.8 0
vt 0.9 0
vt 1 0
vt 0 0.125
vt 0.1 0.125
vt 0.2 0.125
vt 0.3 0.125
vt 0.4 0.125
vt 0.5 0.125
vt 0.6 0.125
vt 0.7 0.125
vt 0.8 0.125
vt 0.9 0.125
vt 1 0.125
vt 0 0.25
vt 0.1 0.25
vt 0.2 0.25
vt 0.3 0.25
vt 0.4 0.25
vt 0.5 0.25
vt 0.6 0.25
vt 0.7 0.25
vt 0.8 0.25
vt 0.9 0.25
vt 1 0.25
vt 0 0.375
vt 0.1 0.375
vt 0.2 0.375
vt 0.3 0.375
vt 0.4 0.375
vt 0.5 0.375
vt 0.6 0.375
vt 0.7 0.375
vt 0.8 0.375
vt 0.9 0.375
vt 1 0.375
vt 0 0.5
vt 0.1 0.5
vt 0.2 0.5
vt 0.3 0.5
vt 0.4 0.5
vt 0.5 0.5
vt 0.6 0.5
vt 0.7 0.5
vt 0.8 0.5
vt 0.9 0.5
vt 1 0.5
vt 0 0.625
vt 0.1 0.625
vt 0.2 0.625
vt 0.3 0.625
vt 0.4 0.625
vt 0.5 0.625
vt 0.6 0.625
vt 0.7 0.625
vt 0.8 0.625
vt 0.9 0.625
vt 1 0.625
vt 0 0.75
vt 0.1 0.75
vt 0.2 0.75
vt 0.3 0.75
vt 0.4 0.75
vt 0.5 0.75
vt 0.6 0.75
vt 0.7 0.75
vt 0.8 0.75
vt 0.9 0.75
vt 1 0.75
vt 0 0.875
vt 0.1 0.875
vt 0.2 0.875
vt 0.3 0.875
vt 0.4 0.875
vt 0.5 0.875
vt 0.6 0.875
vt 0.7 0.875
vt 0.8 0.875
vt 0.9 0.875
vt 1 0.875
vt 0 1
vt 0.1 1
vt 0.2 1
vt 0.3 1
vt 0.4 1
vt 0.5 1
vt 0.6 1
vt 0.7 1
vt 0.8 1
vt 0.9 1
vt 1 1
vt 0 0
vt 0.14285714285714285 0
vt 0.2857142857142857 0
vt 0.42857142857142855 0
vt 0.5714285714285714 0
vt 0.7142857142857143 0
vt 0.8571428571428571 0
vt 0 1
vt 0.14285714285714285 1
vt 0.2857142857142857 1
vt 0.42857142857142855 1
vt 0.5714285714285714 1
vt 0.7142857142857143 1
vt 0.8571428571428571 1
vt 0.5 0.5
vt 0.5 0.5
vt 0 0
vt 0.1 0
vt 0.2 0
vt 0.3 0
vt 0.4 0
vt 0.5 0
vt 0.6 0
vt 0.7 0
vt 0.8 0
vt 0.9 0
vt 1 0
vt 0 0.125
vt 0.1 0.125
vt 0.2 0.125
vt 0.3 0.125
vt 0.4 0.125
vt 0.5 0.125
vt 0.6 0.125
vt 0.7 0.125
vt 0.8 0.125
vt 0.9 0.125
vt 1 0.125
vt 0 0.25
vt 0.1 0.25
vt 0.2 0.25
vt 0.3 0.25
vt 0.4 0.25
vt 0.5 0.25
vt 0.6 0.25
vt 0.7 0.25
vt 0.8 0.25
vt 0.9 0.25
vt 1 0.25
vt 0 0.375
vt 0.1 0.375
vt 0.2 0.375
vt 0.3 0.375
vt 0.4 0.375
vt 0.5 0.375
vt 0.6 0.375
vt 0.7 0.375
vt 0.8 0.375
vt 0.9 0.375
vt 1 0.375
vt 0 0.5
vt 0.1 0.5
vt 0.2 0.5
vt 0.3 0.5
vt 0.4 0.5
vt 0.5 0.5
vt 0.6 0.5
vt 0.7 0.5
vt 0.8 0.5
vt 0.9 0.5
vt 1 0.5
vt 0 0.625
vt 0.1 0.625
vt 0.2 0.625
vt 0.3 0.625
vt 0.4 0.625
vt 0.5 0.625
vt 0.6 0.625
vt 0.7 0.625
vt 0.8 0.625
vt 0.9 0.625
vt 1 0.625
vt 0 0.75
vt 0.1 0.75
vt 0.2 0.75
vt 0.3 0.75
vt 0.4 0.75
vt 0.5 0.75
vt 0.6 0.75
vt 0.7 0.75
vt 0.8 0.75
vt 0.9 0.75
vt 1 0.75
vt 0 0.875
vt 0.1 0.875
vt 0.2 0.875
vt 0.3 0.875
vt 0.4 0.875
vt 0.5 0.875
vt 0.6 0.875
vt 0.7 0.875
vt 0.8 0.875
vt 0.9 0.875
vt 1 0.875
vt 0 1
vt 0.1 1
vt 0.2 1
vt 0.3 1
vt 0.4 1
vt 0.5 1
vt 0.6 1
vt 0.7 1
vt 0.8 1
vt 0.9 1
vt 1 1
vt 0 0
vt 0.14285714285714285 0
vt 0.2857142857142857 0
vt 0.42857142857142855 0
vt 0.5714285714285714 0
vt 0.7142857142857143 0
vt 0.8571428571428571 0
vt 0 1
vt 0.14285714285714285 1
vt 0.2857142857142857 1
vt 0.42857142857142855 1
vt 0.5714285714285714 1
vt 0.7142857142857143 1
vt 0.8571428571428571 1
vt 0.5 0.5
vt 0.5 0.5
vt 0 0
vt 0.1 0
vt 0.2 0
vt 0.3 0
vt 0.4 0
vt 0.5 0
vt 0.6 0
vt 0.7 0
vt 0.8 0
vt 0.9 0
vt 1 0
vt 0 0.125
vt 0.1 0.125
vt 0.2 0.125
vt 0.3 0.125
vt 0.4 0.125
vt 0.5 0.125
vt 0.6 0.125
vt 0.7 0.125
vt 0.8 0.125
vt 0.9 0.125
vt 1 0.125
vt 0 0.25
vt 0.1 0.25
vt 0.2 0.25
vt 0.3 0.25
vt 0.4 0.25
vt 0.5 0.25
vt 0.6 0.25
vt 0.7 0.25
vt 0.8 0.25
vt 0.9 0.25
vt 1 0.25
vt 0 0.375
vt 0.1 0.375
vt 0.2 0.375
vt 0.3 0.375
vt 0.4 0.375
vt 0.5 0.375
vt 0.6 0.375
vt 0.7 0.375
vt 0.8 0.375
vt 0.9 0.375
vt 1 0.375
vt 0 0.5
vt 0.1 0.5
vt 0.2 0.5
vt 0.3 0.5
vt 0.4 0.5
vt 0.5 0.5
vt 0.6 0.5
vt 0.7 0.5
vt 0.8 0.5
vt 0.9 0.5
vt 1 0.5
vt 0 0.625
vt 0.1 0.625
vt 0.2 0.625
vt 0.3 0.625
vt 0.4 0.625
vt 0.5 0.625
vt 0.6 0.625
vt 0.7 0.625
vt 0.8 0.625
vt 0.9 0.625
vt 1 0.625
vt 0 0.75
vt 0.1 0.75
vt 0.2 0.75
vt 0.3 0.75
vt 0.4 0.75
vt 0.5 0.75
vt 0.6 0.75
vt 0.7 0.75
vt 0.8 0.75
vt 0.9 0.75
vt 1 0.75
vt 0 0.875
vt 0.1 0.875
vt 0.2 0.875
vt 0.3 0.875
vt 0.4 0.875
vt 0.5 0.875
vt 0.6 0.875
vt 0.7 0.875
vt 0.8 0.875
vt 0.9 0.875
vt 1 0.875
vt 0 1
vt 0.1 1
vt 0.2 1
vt 0.3 1
vt 0.4 1
vt 0.5 1
vt 0.6 1
vt 0.7 1
vt 0.8 1
vt 0.9 1
vt 1 1
vt 0 0
vt 0.14285714285714285 0
vt 0.2857142857142857 0
vt 0.42857142857142855 0
vt 0.5714285714285714 0
vt 0.7142857142857143 0
vt 0.8571428571428571 0
vt 0 1
vt 0.14285714285714285 1
vt 0.2857142857142857 1
vt 0.42857142857142855 1
vt 0.5714285714285714 1
vt 0.7142857142857143 1
vt 0.8571428571428571 1
vt 0.5 0.5
vt 0.5 0.5
vt 0 0
vt 0.1 0
vt 0.2 0
vt 0.3 0
vt 0.4 0
vt 0.5 0
vt 0.6 0
vt 0.7 0
vt 0.8 0
vt 0.9 0
vt 1 0
vt 0 0.125
vt 0.1 0.125
vt 0.2 0.125
vt 0.3 0.125
vt 0.4 0.125
vt 0.5 0.125
vt 0.6 0.125
vt 0.7 0.125
vt 0.8 0.125
vt 0.9 0.125
vt 1 0.125
vt 0 0.25
vt 0.1 0.25
vt 0.2 0.25
vt 0.3 0.25
vt 0.4 0.25
vt 0.5 0.25
vt 0.6 0.25
vt 0.7 0.25
vt 0.8 0.25
vt 0.9 0.25
vt 1 0.25
vt 0 0.375
vt 0.1 0.375
vt 0.2 0.375
vt 0.3 0.375
vt 0.4 0.375
vt 0.5 0.375
vt 0.6 0.375
vt 0.7 0.375
vt 0.8 0.375
vt 0.9 0.375
vt 1 0.375
vt 0 0.5
vt 0.1 0.5
vt 0.2 0.5
vt 0.3 0.5
vt 0.4 0.5
vt 0.5 0.5
vt 0.6 0.5
vt 0.7 0.5
vt 0.8 0.5
vt 0.9 0.5
vt 1 0.5
vt 0 0.625
vt 0.1 0.625
vt 0.2 0.625
vt 0.3 0.625
vt 0.4 0.625
vt 0.5 0.625
vt 0.6 0.625
vt 0.7 0.625
vt 0.8 0.625
vt 0.9 0.625
vt 1 0.625
vt 0 0.75
vt 0.1 0.75
vt 0.2 0.75
vt 0.3 0.75
vt 0.4 0.75
vt 0.5 0.75
vt 0.6 0.75
vt 0.7 0.75
vt 0.8 0.75
vt 0.9 0.75
vt 1 0.75
vt 0 0.875
vt 0.1 0.875
vt 0.2 0.875
vt 0.3 0.875
vt 0.4 0.875
vt 0.5 0.875
vt 0.6 0.875
vt 0.7 0.875
vt 0.8 0.875
vt 0.9 0.875
vt 1 0.875
vt 0 1
vt 0.1 1
vt 0.2 1
vt 0.3 1
vt 0.4 1
vt 0.5 1
vt 0.6 1
vt 0.7 1
vt 0.8 1
vt 0.9 1
vt 1 1
vt 0 0
vt 0.14285714285714285 0
vt 0.2857142857142857 0
vt 0.42857142857142855 0
vt 0.5714285714285714 0
vt 0.7142857142857143 0
vt 0.8571428571428571 0
vt 0 1
vt 0.14285714285714285 1
vt 0.2857142857142857 1
vt 0.42857142857142855 1
vt 0.5714285714285714 1
vt 0.7142857142857143 1
vt 0.8571428571428571 1
vt 0.5 0.5
vt 0.5 0.5
vt 0 0
vt 0.1 0
vt 0.2 0
vt 0.3 0
vt 0.4 0
vt 0.5 0
vt 0.6 0
vt 0.7 0
vt 0.8 0
vt 0.9 0
vt 1 0
vt 0 0.125
vt 0.1 0.125
vt 0.2 0.125
vt 0.3 0.125
vt 0.4 0.125
vt 0.5 0.125
vt 0.6 0.125
vt 0.7 0.125
vt 0.8 0.125
vt 0.9 0.125
vt 1 0.125
vt 0 0.25
vt 0.1 0.25
vt 0.2 0.25
vt 0.3 0.25
vt 0.4 0.25
vt 0.5 0.25
vt 0.6 0.25
vt 0.7 0.25
vt 0.8 0.25
vt 0.9 0.25
vt 1 0.25
vt 0 0.375
vt 0.1 0.375
vt 0.2 0.375
vt 0.3 0.375
vt 0.4 0.375
vt 0.5 0.375
vt 0.6 0.375
vt 0.7 0.375
vt 0.8 0.375
vt 0.9 0.375
vt 1 0.375
vt 0 0.5
vt 0.1 0.5
vt 0.2 0.5
vt 0.3 0.5
vt 0.4 0.5
vt 0.5 0.5
vt 0.6 0.5
vt 0.7 0.5
vt 0.8 0.5
vt 0.9 0.5
vt 1 0.5
vt 0 0.625
vt 0.1 0.625
vt 0.2 0.625
vt 0.3 0.625
vt 0.4 0.625
vt 0.5 0.625
vt 0.6 0.625
vt 0.7 0.625
vt 0.8 0.625
vt 0.9 0.625
vt 1 0.625
vt 0 0.75
vt 0.1 0.75
vt 0.2 0.75
vt 0.3 0.75
vt 0.4 0.75
vt 0.5 0.75
vt 0.6 0.75
vt 0.7 0.75
vt 0.8 0.75
vt 0.9 0.75
vt 1 0.75
vt 0 0.875
vt 0.1 0.875
vt 0.2 0.875
vt 0.3 0.875
vt 0.4 0.875
vt 0.5 0.875
vt 0.6 0.875
vt 0.7 0.875
vt 0.8 0.875
vt 0.9 0.875
vt 1 0.875
vt 0 1
vt 0.1 1
vt 0.2 1
vt 0.3 1
vt 0.4 1
vt 0.5 1
vt 0.6 1
vt 0.7 1
vt 0.8 1
vt 0.9 1
vt 1 1
vt 0 0
vt 0.14285714285714285 0
vt 0.2857142857142857 0
vt 0.42857142857142855 0
vt 0.5714285714285714 0
vt 0.7142857142857143 0
vt 0.8571428571428571 0
vt 0 1
vt 0.14285714285714285 1
vt 0.2857142857142857 1
vt 0.42857142857142855 1
vt 0.5714285714285714 1
vt 0.7142857142857143 1
vt 0.8571428571428571 1
vt 0.5 0.5
vt 0.5 0.5
vt 0 0
vt 0.1 0
vt 0.2 0
vt 0.3 0
vt 0.4 0
vt 0.5 0
vt 0.6 0
vt 0.7 0
vt 0.8 0
vt 0.9 0
vt 1 0
vt 0 0.125
vt 0.1 0.125
vt 0.2 0.125
vt 0.3 0.125
vt 0.4 0.125
vt 0.5 0.125
vt 0.6 0.125
vt 0.7 0.125
vt 0.8 0.125
vt 0.9 0.125
vt 1 0.125
vt 0 0.25
vt 0.1 0.25
vt 0.2 0.25
vt 0.3 0.25
vt 0.4 0.25
vt 0.5 0.25
vt 0.6 0.25
vt 0.7 0.25
vt 0.8 0.25
vt 0.9 0.25
vt 1 0.25
vt 0 0.375
vt 0.1 0.375
vt 0.2 0.375
vt 0.3 0.375
vt 0.4 0.375
vt 0.5 0.375
vt 0.6 0.375
vt 0.7 0.375
vt 0.8 0.375
vt 0.9 0.375
vt 1 0.375
vt 0 0.5
vt 0.1 0.5
vt 0.2 0.5
vt 0.3 0.5
vt 0.4 0.5
vt 0.5 0.5
vt 0.6 0.5
vt 0.7 0.5
vt 0.8 0.5
vt 0.9 0.5
vt 1 0.5
vt 0 0.625
vt 0.1 0.625
vt 0.2 0.625
vt 0.3 0.625
vt 0.4 0.625
vt 0.5 0.625
vt 0.6 0.625
vt 0.7 0.625
vt 0.8 0.625
vt 0.9 0.625
vt 1 0.625
vt 0 0.75
vt 0.1 0.75
vt 0.2 0.75
vt 0.3 0.75
vt 0.4 0.75
vt 0.5 0.75
vt 0.6 0.75
vt 0.7 0.75
vt 0.8 0.75
vt 0.9 0.75
vt 1 0.75
vt 0 0.875
vt 0.1 0.875
vt 0.2 0.875
vt 0.3 0.875
vt 0.4 0.875
vt 0.5 0.875
vt 0.6 0.875
vt 0.7 0.875
vt 0.8 0.875
vt 0.9 0.875
vt 1 0.875
vt 0 1
vt 0.1 1
vt 0.2 1
vt 0.3 1
vt 0.4 1
vt 0.5 1
vt 0.6 1
vt 0.7 1
vt 0.8 1
vt 0.9 1
vt 1 1
vt 0 0
vt 0.14285714285714285 0
vt 0.2857142857142857 0
vt 0.42857142857142855 0
vt 0.5714285714285714 0
vt 0.7142857142857143 0
vt 0.8571428571428571 0
vt 0 1
vt 0.14285714285714285 1
vt 0.2857142857142857 1
vt 0.42857142857142855 1
vt 0.5714285714285714 1
vt 0.7142857142857143 1
vt 0.8571428571428571 1
vt 0.5 0.5
vt 0.5 0.5
vt 0 0
vt 0.1 0
vt 0.2 0
vt 0.3 0
vt 0.4 0
vt 0.5 0
vt 0.6 0
vt 0.7 0
vt 0.8 0
vt 0.9 0
vt 1 0
vt 0 0.125
vt 0.1 0.125
vt 0.2 0.125
vt 0.3 0.125
vt 0.4 0.125
vt 0.5 0.125
vt 0.6 0.125
vt 0.7 0.125
vt 0.8 0.125
vt 0.9 0.125
vt 1 0.125
vt 0 0.25
vt 0.1 0.25
vt 0.2 0.25
vt 0.3 0.25
vt 0.4 0.25
vt 0.5 0.25
vt 0.6 0.25
vt 0.7 0.25
vt 0.8 0.25
vt 0.9 0.25
vt 1 0.25
vt 0 0.375
vt 0.1 0.375
vt 0.2 0.375
vt 0.3 0.375
vt 0.4 0.375
vt 0.5 0.375
vt 0.6 0.375
vt 0.7 0.375
vt 0.8 0.375
vt 0.9 0.375
vt 1 0.375
vt 0 0.5
vt 0.1 0.5
vt 0.2 0.5
vt 0.3 0.5
vt 0.4 0.5
vt 0.5 0.5
vt 0.6 0.5
vt 0.7 0.5
vt 0.8 0.5
vt 0.9 0.5
vt 1 0.5
vt 0 0.625
vt 0.1 0.625
vt 0.2 0.625
vt 0.3 0.625
vt 0.4 0.625
vt 0.5 0.625
vt 0.6 0.625
vt 0.7 0.625
vt 0.8 0.625
vt 0.9 0.625
vt 1 0.625
vt 0 0.75
vt 0.1 0.75
vt 0.2 0.75
vt 0.3 0.75
vt 0.4 0.75
vt 0.5 0.75
vt 0.6 0.75
vt 0.7 0.75
vt 0.8 0.75
vt 0.9 0.75
vt 1 0.75
vt 0 0.875
vt 0.1 0.875
vt 0.2 0.875
vt 0.3 0.875
vt 0.4 0.875
vt 0.5 0.875
vt 0.6 0.875
vt 0.7 0.875
vt 0.8 0.875
vt 0.9 0.875
vt 1 0.875
vt 0 1
vt 0.1 1
vt 0.2 1
vt 0.3 1
vt 0.4 1
vt 0.5 1
vt 0.6 1
vt 0.7 1
vt 0.8 1
vt 0.9 1
vt 1 1
vt 0 0
vt 0.14285714285714285 0
vt 0.2857142857142857 0
vt 0.42857142857142855 0
vt 0.5714285714285714 0
vt 0.7142857142857143 0
vt 0.8571428571428571 0
vt 0 1
vt 0.14285714285714285 1
vt 0.2857142857142857 1
vt 0.42857142857142855 1
vt 0.5714285714285714 1
vt 0.7142857142857143 1
vt 0.8571428571428571 1
vt 0.5 0.5
vt 0.5 0.5
vt 0 0
vt 0.1 0
vt 0.2 0
vt 0.3 0
vt 0.4 0
vt 0.5 0
vt 0.6 0
vt 0.7 0
vt 0.8 0
vt 0.9 0
vt 1 0
vt 0 0.125
vt 0.1 0.125
vt 0.2 0.125
vt 0.3 0.125
vt 0.4 0.125
vt 0.5 0.125
vt 0.6 0.125
vt 0.7 0.125
vt 0.8 0.125
vt 0.9 0.125
vt 1 0.125
vt 0 0.25
vt 0.1 0.25
vt 0.2 0.25
vt 0.3 0.25
vt 0.4 0.25
vt 0.5 0.25
vt 0.6 0.25
vt 0.7 0.25
vt 0.8 0.25
vt 0.9 0.25
vt 1 0.25
vt 0 0.375
vt 0.1 0.375
vt 0.2 0.375
vt 0.3 0.375
vt 0.4 0.375
vt 0.5 0.375
vt 0.6 0.375
vt 0.7 0.375
vt 0.8 0.375
vt 0.9 0.375
vt 1 0.375
vt 0 0.5
vt 0.1 0.5
vt 0.2 0.5
vt 0.3 0.5
vt 0.4 0.5
vt 0.5 0.5
vt 0.6 0.5
vt 0.7 0.5
vt 0.8 0.5
vt 0.9 0.5
vt 1 0.5
vt 0 0.625
vt 0.1 0.625
vt 0.2 0.625
vt 0.3 0.625
vt 0.4 0.625
vt 0.5 0.625
vt 0.6 0.625
vt 0.7 0.625
vt 0.8 0.625
vt 0.9 0.625
vt 1 0.625
vt 0 0.75
vt 0.1 0.75
vt 0.2 0.75
vt 0.3 0.75
vt 0.4 0.75
vt 0.5 0.75
vt 0.6 0.75
vt 0.7 0.75
vt 0.8 0.75
vt 0.9 0.75
vt 1 0.75
vt 0 0.875
vt 0.1 0.875
vt 0.2 0.875
vt 0.3 0.875
vt 0.4 0.875
vt 0.5 0.875
vt 0.6 0.875
vt 0.7 0.875
vt 0.8 0.875
vt 0.9 0.875
vt 1 0.875
vt 0 1
vt 0.1 1
vt 0.2 1
vt 0.3 1
vt 0.4 1
vt 0.5 1
vt 0.6 1
vt 0.7 1
vt 0.8 1
vt 0.9 1
vt 1 1
vt 0 0
vt 0.14285714285714285 0
vt 0.2857142857142857 0
vt 0.42857142857142855 0
vt 0.5714285714285714 0
vt 0.7142857142857143 0
vt 0.8571428571428571 0
vt 0 1
vt 0.14285714285714285 1
vt 0.2857142857142857 1
vt 0.42857142857142855 1
vt 0.5714285714285714 1
vt 0.7142857142857143 1
vt 0.8571428571428571 1
vt 0.5 0.5
vt 0.5 0.5
vt 0 0
vt 0.1 0
vt 0.2 0
vt 0.3 0
vt 0.4 0
vt 0.5 0
vt 0.6 0
vt 0.7 0
vt 0.8 0
vt 0.9 0
vt 1 0
vt 0 0.125
vt 0.1 0.125
vt 0.2 0.125
vt 0.3 0.125
vt 0.4 0.125
vt 0.5 0.125
vt 0.6 0.125
vt 0.7 0.125
vt 0.8 0.125
vt 0.9 0.125
vt 1 0.125
vt 0 0.25
vt 0.1 0.25
vt 0.2 0.25
vt 0.3 0.25
vt 0.4 0.25
vt 0.5 0.25
vt 0.6 0.25
vt 0.7 0.25
vt 0.8 0.25
vt 0.9 0.25
vt 1 0.25
vt 0 0.375
vt 0.1 0.375
vt 0.2 0.375
vt 0.3 0.375
vt 0.4 0.375
vt 0.5 0.375
vt 0.6 0.375
vt 0.7 0.375
vt 0.8 0.375
vt 0.9 0.375
vt 1 0.375
vt 0 0.5
vt 0.1 0.5
vt 0.2 0.5
vt 0.3 0.5
vt 0.4 0.5
vt 0.5 0.5
vt 0.6 0.5
vt 0.7 0.5
vt 0.8 0.5
vt 0.9 0.5
vt 1 0.5
vt 0 0.625
vt 0.1 0.625
vt 0.2 0.625
vt 0.3 0.625
vt 0.4 0.625
vt 0.5 0.625
vt 0.6 0.625
vt 0.7 0.625
vt 0.8 0.625
vt 0.9 0.625
vt 1 0.625
vt 0 0.75
vt 0.1 0.75
vt 0.2 0.75
vt 0.3 0.75
vt 0.4 0.75
vt 0.5 0.75
vt 0.6 0.75
vt 0.7 0.75
vt 0.8 0.75
vt 0.9 0.75
vt 1 0.75
vt 0 0.875
vt 0.1 0.875
vt 0.2 0.875
vt 0.3 0.875
vt 0.4 0.875
vt 0.5 0.875
vt 0.6 0.875
vt 0.7 0.875
vt 0.8 0.875
vt 0.9 0.875
vt 1 0.875
vt 0 1
vt 0.1 1
vt 0.2 1
vt 0.3 1
vt 0.4 1
vt 0.5 1
vt 0.6 1
vt 0.7 1
vt 0.8 1
vt 0.9 1
vt 1 1
vt 0 0
vt 0.14285714285714285 0
vt 0.2857142857142857 0
vt 0.42857142857142855 0
vt 0.5714285714285714 0
vt 0.7142857142857143 0
vt 0.8571428571428571 0
vt 0 1
vt 0.14285714285714285 1
vt 0.2857142857142857 1
vt 0.42857142857142855 1
vt 0.5714285714285714 1
vt 0.7142857142857143 1
vt 0.8571428571428571 1
vt 0.5 0.5
vt 0.5 0.5
vt 0 0
vt 0.1 0
vt 0.2 0
vt 0.3 0
vt 0.4 0
vt 0.5 0
vt 0.6 0
vt 0.7 0
vt 0.8 0
vt 0.9 0
vt 1 0
vt 0 0.125
vt 0.1 0.125
vt 0.2 0.125
vt 0.3 0.125
vt 0.4 0.125
vt 0.5 0.125
vt 0.6 0.125
vt 0.7 0.125
vt 0.8 0.125
vt 0.9 0.125
vt 1 0.125
vt 0 0.25
vt 0.1 0.25
vt 0.2 0.25
vt 0.3 0.25
vt 0.4 0.25
vt 0.5 0.25
vt 0.6 0.25
vt 0.7 0.25
vt 0.8 0.25
vt 0.9 0.25
vt 1 0.25
vt 0 0.375
vt 0.1 0.375
vt 0.2 0.375
vt 0.3 0.375
vt 0.4 0.375
vt 0.5 0.375
vt 0.6 0.375
vt 0.7 0.375
vt 0.8 0.375
vt 0.9 0.375
vt 1 0.375
vt 0 0.5
vt 0.1 0.5
vt 0.2 0.5
vt 0.3 0.5
vt 0.4 0.5
vt 0.5 0.5
vt 0.6 0.5
vt 0.7 0.5
vt 0.8 0.5
vt 0.9 0.5
vt 1 0.5
vt 0 0.625
vt 0.1 0.625
vt 0.2 0.625
vt 0.3 0.625
vt 0.4 0.625
vt 0.5 0.625
vt 0.6 0.625
vt 0.7 0.625
vt 0.8 0.625
vt 0.9 0.625
vt 1 0.625
vt 0 0.75
vt 0.1 0.75
vt 0.2 0.75
vt 0.3 0.75
vt 0.4 0.75
vt 0.5 0.75
vt 0.6 0.75
vt 0.7 0.75
vt 0.8 0.75
vt 0.9 0.75
vt 1 0.75
vt 0 0.875
vt 0.1 0.875
vt 0.2 0.875
vt 0.3 0.875
vt 0.4 0.875
vt 0.5 0.875
vt 0.6 0.875
vt 0.7 0.875
vt 0.8 0.875
vt 0.9 0.875
vt 1 0.875
vt 0 1
vt 0.1 1
vt 0.2 1
vt 0.3 1
vt 0.4 1
vt 0.5 1
vt 0.6 1
vt 0.7 1
vt 0.8 1
vt 0.9 1
vt 1 1
vt 0 0
vt 0.14285714285714285 0
vt 0.2857142857142857 0
vt 0.42857142857142855 0
vt 0.5714285714285714 0
vt 0.7142857142857143 0
vt 0.8571428571428571 0
vt 0 1
vt 0.14285714285714285 1
vt 0.2857142857142857 1
vt 0.42857142857142855 1
vt 0.5714285714285714 1
vt 0.7142857142857143 1
vt 0.8571428571428571 1
vt 0.5 0.5
vt 0.5 0.5
vt 0 0
vt 0.1 0
vt 0.2 0
vt 0.3 0
vt 0.4 0
vt 0.5 0
vt 0.6 0
vt 0.7 0
vt 0.8 0
vt 0.9 0
vt 1 0
vt 0 0.125
vt 0.1 0.125
vt 0.2 0.125
vt 0.3 0.125
vt 0.4 0.125
vt 0.5 0.125
vt 0.6 0.125
vt 0.7 0.125
vt 0.8 0.125
vt 0.9 0.125
vt 1 0.125
vt 0 0.25
vt 0.1 0.25
vt 0.2 0.25
vt 0.3 0.25
vt 0.4 0.25
vt 0.5 0.25
vt 0.6 0.25
vt 0.7 0.25
vt 0.8 0.25
vt 0.9 0.25
vt 1 0.25
vt 0 0.375
vt 0.1 0.375
vt 0.2 0.375
vt 0.3 0.375
vt 0.4 0.375
vt 0.5 0.375
vt 0.6 0.375
vt 0.7 0.375
vt 0.8 0.375
vt 0.9 0.375
vt 1 0.375
vt 0 0.5
vt 0.1 0.5
vt 0.2 0.5
vt 0.3 0.5
vt 0.4 0.5
vt 0.5 0.5
vt 0.6 0.5
vt 0.7 0.5
vt 0.8 0.5
vt 0.9 0.5
vt 1 0.5
vt 0 0.625
vt 0.1 0.625
vt 0.2 0.625
vt 0.3 0.625
vt 0.4 0.625
vt 0.5 0.625
vt 0.6 0.625
vt 0.7 0.625
vt 0.8 0.625
vt 0.9 0.625
vt 1 0.625
vt 0 0.75
vt 0.1 0.75
vt 0.2 0.75
vt 0.3 0.75
vt 0.4 0.75
vt 0.5 0.75
vt 0.6 0.75
vt 0.7 0.75
vt 0.8 0.75
vt 0.9 0.75
vt 1 0.75
vt 0 0.875
vt 0.1 0.875
vt 0.2 0.875
vt 0.3 0.875
vt 0.4 0.875
vt 0.5 0.875
vt 0.6 0.875
vt 0.7 0.875
vt 0.8 0.875
vt 0.9 0.875
vt 1 0.875
vt 0 1
vt 0.1 1
vt 0.2 1
vt 0.3 1
vt 0.4 1
vt 0.5 1
vt 0.6 1
vt 0.7 1
vt 0.8 1
vt 0.9 1
vt 1 1
vt 0 0
vt 0.14285714285714285 0
vt 0.2857142857142857 0
vt 0.42857142857142855 0
vt 0.5714285714285714 0
vt 0.7142857142857143 0
vt 0.8571428571428571 0
vt 0 1
vt 0.14285714285714285 1
vt 0.2857142857142857 1
vt 0.42857142857142855 1
vt 0.5714285714285714 1
vt 0.7142857142857143 1
vt 0.8571428571428571 1
vt 0.5 0.5
vt 0.5 0.5
vt 0 0
vt 0.1 0
vt 0.2 0
vt 0.3 0
vt 0.4 0
vt 0.5 0
vt 0.6 0
vt 0.7 0
vt 0.8 0
vt 0.9 0
vt 1 0
vt 0 0.125
vt 0.1 0.125
vt 0.2 0.125
vt 0.3 0.125
vt 0.4 0.125
vt 0.5 0.125
vt 0.6 0.125
vt 0.7 0.125
vt 0.8 0.125
vt 0.9 0.125
vt 1 0.125
vt 0 0.25
vt 0.1 0.25
vt 0.2 0.25
vt 0.3 0.25
vt 0.4 0.25
vt 0.5 0.25
vt 0.6 0.25
vt 0.7 0.25
vt 0.8 0.25
vt 0.9 0.25
vt 1 0.25
vt 0 0.375
vt 0.1 0.375
vt 0.2 0.375
vt 0.3 0.375
vt 0.4 0.375
vt 0.5 0.375
vt 0.6 0.375
vt 0.7 0.375
vt 0.8 0.375
vt 0.9 0.375
vt 1 0.375
vt 0 0.5
vt 0.1 0.5
vt 0.2 0.5
vt 0.3 0.5
vt 0.4 0.5
vt 0.5 0.5
vt 0.6 0.5
vt 0.7 0.5
vt 0.8 0.5
vt 0.9 0.5
vt 1 0.5
vt 0 0.625
vt 0.1 0.625
vt 0.2 0.625
vt 0.3 0.625
vt 0.4 0.625
vt 0.5 0.625
vt 0.6 0.625
vt 0.7 0.625
vt 0.8 0.625
vt 0.9 0.625
vt 1 0.625
vt 0 0.75
vt 0.1 0.75
vt 0.2 0.75
vt 0.3 0.75
vt 0.4 0.75
vt 0.5 0.75
vt 0.6 0.75
vt 0.7 0.75
vt 0.8 0.75
vt 0.9 0.75
vt 1 0.75
vt 0 0.875
vt 0.1 0.875
vt 0.2 0.875
vt 0.3 0.875
vt 0.4 0.875
vt 0.5 0.875
vt 0.6 0.875
vt 0.7 0.875
vt 0.8 0.875
vt 0.9 0.875
vt 1 0.875
vt 0 1
vt 0.1 1
vt 0.2 1
vt 0.3 1
vt 0.4 1
vt 0.5 1
vt 0.6 1
vt 0.7 1
vt 0.8 1
vt 0.9 1
vt 1 1
vt 0 0
vt 0.14285714285714285 0
vt 0.2857142857142857 0
vt 0.42857142857142855 0
vt 0.5714285714285714 0
vt 0.7142857142857143 0
vt 0.8571428571428571 0
vt 0 1
vt 0.14285714285714285 1
vt 0.2857142857142857 1
vt 0.42857142857142855 1
vt 0.5714285714285714 1
vt 0.7142857142857143 1
vt 0.8571428571428571 1
vt 0.5 0.5
vt 0.5 0.5
vt 0 0
vt 0.1 0
vt 0.2 0
vt 0.3 0
vt 0.4 0
vt 0.5 0
vt 0.6 0
vt 0.7 0
vt 0.8 0
vt 0.9 0
vt 1 0
vt 0 0.125
vt 0.1 0.125
vt 0.2 0.125
vt 0.3 0.125
vt 0.4 0.125
vt 0.5 0.125
vt 0.6 0.125
vt 0.7 0.125
vt 0.8 0.125
vt 0.9 0.125
vt 1 0.125
vt 0 0.25
vt 0.1 0.25
vt 0.2 0.25
vt 0.3 0.25
vt 0.4 0.25
vt 0.5 0.25
vt 0.6 0.25
vt 0.7 0.25
vt 0.8 0.25
vt 0.9 0.25
vt 1 0.25
vt 0 0.375
vt 0.1 0.375
vt 0.2 0.375
vt 0.3 0.375
vt 0.4 0.375
vt 0.5 0.375
vt 0.6 0.375
vt 0.7 0.375
vt 0.8 0.375
vt 0.9 0.375
vt 1 0.375
vt 0 0.5
vt 0.1 0.5
vt 0.2 0.5
vt 0.3 0.5
vt 0.4 0.5
vt 0.5 0.5
vt 0.6 0.5
vt 0.7 0.5
vt 0.8 0.5
vt 0.9 0.5
vt 1 0.5
vt 0 0.625
vt 0.1 0.625
vt 0.2 0.625
vt 0.3 0.625
vt 0.4 0.625
vt 0.5 0.625
vt 0.6 0.625
vt 0.7 0.625
vt 0.8 0.625
vt 0.9 0.625
vt 1 0.625
vt 0 0.75
vt 0.1 0.75
vt 0.2 0.75
vt 0.3 0.75
vt 0.4 0.75
vt 0.5 0.75
vt 0.6 0.75
vt 0.7 0.75
vt 0.8 0.75
vt 0.9 0.75
vt 1 0.75
vt 0 0.875
vt 0.1 0.875
vt 0.2 0.875
vt 0.3 0.875
vt 0.4 0.875
vt 0.5 0.875
vt 0.6 0.875
vt 0.7 0.875
vt 0.8 0.875
vt 0.9 0.875
vt 1 0.875
vt 0 1
vt 0.1 1
vt 0.2 1
vt 0.3 1
vt 0.4 1
vt 0.5 1
vt 0.6 1
vt 0.7 1
vt 0.8 1
vt 0.9 1
vt 1 1
vt 0 0
vt 0.14285714285714285 0
vt 0.2857142857142857 0
vt 0.42857142857142855 0
vt 0.5714285714285714 0
vt 0.7142857142857143 0
vt 0.8571428571428571 0
vt 0 1
vt 0.14285714285714285 1
vt 0.2857142857142857 1
vt 0.42857142857142855 1
vt 0.5714285714285714 1
vt 0.7142857142857143 1
vt 0.8571428571428571 1
vt 0.5 0.5
vt 0.5 0.5
vt 0 0
vt 0.1 0
vt 0.2 0
vt 0.3 0
vt 0.4 0
vt 0.5 0
vt 0.6 0
vt 0.7 0
vt 0.8 0
vt 0.9 0
vt 1 0
vt 0 0.125
vt 0.1 0.125
vt 0.2 0.125
vt 0.3 0.125
vt 0.4 0.125
vt 0.5 0.125
vt 0.6 0.125
vt 0.7 0.125
vt 0.8 0.125
vt 0.9 0.125
vt 1 0.125
vt 0 0.25
vt 0.1 0.25
vt 0.2 0.25
vt 0.3 0.25
vt 0.4 0.25
vt 0.5 0.25
vt 0.6 0.25
vt 0.7 0.25
vt 0.8 0.25
vt 0.9 0.25
vt 1 0.25
vt 0 0.375
vt 0.1 0.375
vt 0.2 0.375
vt 0.3 0.375
vt 0.4 0.375
vt 0.5 0.375
vt 0.6 0.375
vt 0.7 0.375
vt 0.8 0.375
vt 0.9 0.375
vt 1 0.375
vt 0 0.5
vt 0.1 0.5
vt 0.2 0.5
vt 0.3 0.5
vt 0.4 0.5
vt 0.5 0.5
vt 0.6 0.5
vt 0.7 0.5
vt 0.8 0.5
vt 0.9 0.5
vt 1 0.5
vt 0 0.625
vt 0.1 0.625
vt 0.2 0.625
vt 0.3 0.625
vt 0.4 0.625
vt 0.5 0.625
vt 0.6 0.625
vt 0.7 0.625
vt 0.8 0.625
vt 0.9 0.625
vt 1 0.625
vt 0 0.75
vt 0.1 0.75
vt 0.2 0.75
vt 0.3 0.75
vt 0.4 0.75
vt 0.5 0.75
vt 0.6 0.75
vt 0.7 0.75
vt 0.8 0.75
vt 0.9 0.75
vt 1 0.75
vt 0 0.875
vt 0.1 0.875
vt 0.2 0.875
vt 0.3 0.875
vt 0.4 0.875
vt 0.5 0.875
vt 0.6 0.875
vt 0.7 0.875
vt 0.8 0.875
vt 0.9 0.875
vt 1 0.875
vt 0 1
vt 0.1 1
vt 0.2 1
vt 0.3 1
vt 0.4 1
vt 0.5 1
vt 0.6 1
vt 0.7 1
vt 0.8 1
vt 0.9 1
vt 1 1
vt 0 0
vt 0.14285714285714285 0
vt 0.2857142857142857 0
vt 0.42857142857142855 0
vt 0.5714285714285714 0
vt 0.7142857142857143 0
vt 0.8571428571428571 0
vt 0 1
vt 0.14285714285714285 1
vt 0.2857142857142857 1
vt 0.42857142857142855 1
vt 0.5714285714285714 1
vt 0.7142857142857143 1
vt 0.8571428571428571 1
vt 0.5 0.5
vt 0.5 0.5
vt 0 0
vt 0.1 0
vt 0.2 0
vt 0.3 0
vt 0.4 0
vt 0.5 0
vt 0.6 0
vt 0.7 0
vt 0.8 0
vt 0.9 0
vt 1 0
vt 0 0.125
vt 0.1 0.125
vt 0.2 0.125
vt 0.3 0.125
vt 0.4 0.125
vt 0.5 0.125
vt 0.6 0.125
vt 0.7 0.125
vt 0.8 0.125
vt 0.9 0.125
vt 1 0.125
vt 0 0.25
vt 0.1 0.25
vt 0.2 0.25
vt 0.3 0.25
vt 0.4 0.25
vt 0.5 0.25
vt 0.6 0.25
vt 0.7 0.25
vt 0.8 0.25
vt 0.9 0.25
vt 1 0.25
vt 0 0.375
vt 0.1 0.375
vt 0.2 0.375
vt 0.3 0.375
vt 0.4 0.375
vt 0.5 0.375
vt 0.6 0.375
vt 0.7 0.375
vt 0.8 0.375
vt 0.9 0.375
vt 1 0.375
vt 0 0.5
vt 0.1 0.5
vt 0.2 0.5
vt 0.3 0.5
vt 0.4 0.5
vt 0.5 0.5
vt 0.6 0.5
vt 0.7 0.5
vt 0.8 0.5
vt 0.9 0.5
vt 1 0.5
vt 0 0.625
vt 0.1 0.625
vt 0.2 0.625
vt 0.3 0.625
vt 0.4 0.625
vt 0.5 0.625
vt 0.6 0.625
vt 0.7 0.625
vt 0.8 0.625
vt 0.9 0.625
vt 1 0.625
vt 0 0.75
vt 0.1 0.75
vt 0.2 0.75
vt 0.3 0.75
vt 0.4 0.75
vt 0.5 0.75
vt 0.6 0.75
vt 0.7 0.75
vt 0.8 0.75
vt 0.9 0.75
vt 1 0.75
vt 0 0.875
vt 0.1 0.875
vt 0.2 0.875
vt 0.3 0.875
vt 0.4 0.875
vt 0.5 0.875
vt 0.6 0.875
vt 0.7 0.875
vt 0.8 0.875
vt 0.9 0.875
vt 1 0.875
vt 0 1
vt 0.1 1
vt 0.2 1
vt 0.3 1
vt 0.4 1
vt 0.5 1
vt 0.6 1
vt 0.7 1
vt 0.8 1
vt 0.9 1
vt 1 1
vt 0 0
vt 0.14285714285714285 0
vt 0.2857142857142857 0
vt 0.42857142857142855 0
vt 0.5714285714285714 0
vt 0.7142857142857143 0
vt 0.8571428571428571 0
vt 0 1
vt 0.14285714285714285 1
vt 0.2857142857142857 1
vt 0.42857142857142855 1
vt 0.5714285714285714 1
vt 0.7142857142857143 1
vt 0.8571428571428571 1
vt 0.5 0.5
vt 0.5 0.5
vt 0 0
vt 0.1 0
vt 0.2 0
vt 0.3 0
vt 0.4 0
vt 0.5 0
vt 0.6 0
vt 0.7 0
vt 0.8 0
vt 0.9 0
vt 1 0
vt 0 0.125
vt 0.1 0.125
vt 0.2 0.125
vt 0.3 0.125
vt 0.4 0.125
vt 0.5 0.125
vt 0.6 0.125
vt 0.7 0.125
vt 0.8 0.125
vt 0.9 0.125
vt 1 0.125
vt 0 0.25
vt 0.1 0.25
vt 0.2 0.25
vt 0.3 0.25
vt 0.4 0.25
vt 0.5 0.25
vt 0.6 0.25
vt 0.7 0.25
vt 0.8 0.25
vt 0.9 0.25
vt 1 0.25
vt 0 0.375
vt 0.1 0.375
vt 0.2 0.375
vt 0.3 0.375
vt 0.4 0.375
vt 0.5 0.375
vt 0.6 0.375
vt 0.7 0.375
vt 0.8 0.375
vt 0.9 0.375
vt 1 0.375
vt 0 0.5
vt 0.1 0.5
vt 0.2 0.5
vt 0.3 0.5
vt 0.4 0.5
vt 0.5 0.5
vt 0.6 0.5
vt 0.7 0.5
vt 0.8 0.5
vt 0.9 0.5
vt 1 0.5
vt 0 0.625
vt 0.1 0.625
vt 0.2 0.625
vt 0.3 0.625
vt 0.4 0.625
vt 0.5 0.625
vt 0.6 0.625
vt 0.7 0.625
vt 0.8 0.625
vt 0.9 0.625
vt 1 0.625
vt 0 0.75
vt 0.1 0.75
vt 0.2 0.75
vt 0.3 0.75
vt 0.4 0.75
vt 0.5 0.75
vt 0.6 0.75
vt 0.7 0.75
vt 0.8 0.75
vt 0.9 0.75
vt 1 0.75
vt 0 0.875
vt 0.1 0.875
vt 0.2 0.875
vt 0.3 0.875
vt 0.4 0.875
vt 0.5 0.875
vt 0.6 0.875
vt 0.7 0.875
vt 0.8 0.875
vt 0.9 0.875
vt 1 0.875
vt 0 1
vt 0.1 1
vt 0.2 1
vt 0.3 1
vt 0.4 1
vt 0.5 1
vt 0.6 1
vt 0.7 1
vt 0.8 1
vt 0.9 1
vt 1 1
vt 0 0
vt 0.14285714285714285 0
vt 0.2857142857142857 0
vt 0.42857142857142855 0
vt 0.5714285714285714 0
vt 0.7142857142857143 0
vt 0.8571428571428571 0
vt 0 1
vt 0.14285714285714285 1
vt 0.2857142857142857 1
vt 0.42857142857142855 1
vt 0.5714285714285714 1
vt 0.7142857142857143 1
vt 0.8571428571428571 1
vt 0.5 0.5
vt 0.5 0.5
vt 0 0
vt 0.1 0
vt 0.2 0
vt 0.3 0
vt 0.4 0
vt 0.5 0
vt 0.6 0
vt 0.7 0
vt 0.8 0
vt 0.9 0
vt 1 0
vt 0 0.125
vt 0.1 0.125
vt 0.2 0.125
vt 0.3 0.125
vt 0.4 0.125
vt 0.5 0.125
vt 0.6 0.125
vt 0.7 0.125
vt 0.8 0.125
vt 0.9 0.125
vt 1 0.125
vt 0 0.25
vt 0.1 0.25
vt 0.2 0.25
vt 0.3 0.25
vt 0.4 0.25
vt 0.5 0.25
vt 0.6 0.25
vt 0.7 0.25
vt 0.8 0.25
vt 0.9 0.25
vt 1 0.25
vt 0 0.375
vt 0.1 0.375
vt 0.2 0.375
vt 0.3 0.375
vt 0.4 0.375
vt 0.5 0.375
vt 0.6 0.375
vt 0.7 0.375
vt 0.8 0.375
vt 0.9 0.375
vt 1 0.375
vt 0 0.5
vt 0.1 0.5
vt 0.2 0.5
vt 0.3 0.5
vt 0.4 0.5
vt 0.5 0.5
vt 0.6 0.5
vt 0.7 0.5
vt 0.8 0.5
vt 0.9 0.5
vt 1 0.5
vt 0 0.625
vt 0.1 0.625
vt 0.2 0.625
vt 0.3 0.625
vt 0.4 0.625
vt 0.5 0.625
vt 0.6 0.625
vt 0.7 0.625
vt 0.8 0.625
vt 0.9 0.625
vt 1 0.625
vt 0 0.75
vt 0.1 0.75
vt 0.2 0.75
vt 0.3 0.75
vt 0.4 0.75
vt 0.5 0.75
vt 0.6 0.75
vt 0.7 0.75
vt 0.8 0.75
vt 0.9 0.75
vt 1 0.75
vt 0 0.875
vt 0.1 0.875
vt 0.2 0.875
vt 0.3 0.875
vt 0.4 0.875
vt 0.5 0.875
vt 0.6 0.875
vt 0.7 0.875
vt 0.8 0.875
vt 0.9 0.875
vt 1 0.875
vt 0 1
vt 0.1 1
vt 0.2 1
vt 0.3 1
vt 0.4 1
vt 0.5 1
vt 0.6 1
vt 0.7 1
vt 0.8 1
vt 0.9 1
vt 1 1
vt 0 0
vt 0.14285714285714285 0
vt 0.2857142857142857 0
vt 0.42857142857142855 0
vt 0.5714285714285714 0
vt 0.7142857142857143 0
vt 0.8571428571428571 0
vt 0 1
vt 0.14285714285714285 1
vt 0.2857142857142857 1
vt 0.42857142857142855 1
vt 0.5714285714285714 1
vt 0.7142857142857143 1
vt 0.8571428571428571 1
vt 0.5 0.5
vt 0.5 0.5
vt 0 0
vt 0.1 0
vt 0.2 0
vt 0.3 0
vt 0.4 0
vt 0.5 0
vt 0.6 0
vt 0.7 0
vt 0.8 0
vt 0.9 0
vt 1 0
vt 0 0.125
vt 0.1 0.125
vt 0.2 0.125
vt 0.3 0.125
vt 0.4 0.125
vt 0.5 0.125
vt 0.6 0.125
vt 0.7 0.125
vt 0.8 0.125
vt 0.9 0.125
vt 1 0.125
vt 0 0.25
vt 0.1 0.25
vt 0.2 0.25
vt 0.3 0.25
vt 0.4 0.25
vt 0.5 0.25
vt 0.6 0.25
vt 0.7 0.25
vt 0.8 0.25
vt 0.9 0.25
vt 1 0.25
vt 0 0.375
vt 0.1 0.375
vt 0.2 0.375
vt 0.3 0.375
vt 0.4 0.375
vt 0.5 0.375
vt 0.6 0.375
vt 0.7 0.375
vt 0.8 0.375
vt 0.9 0.375
vt 1 0.375
vt 0 0.5
vt 0.1 0.5
vt 0.2 0.5
vt 0.3 0.5
vt 0.4 0.5
vt 0.5 0.5
vt 0.6 0.5
vt 0.7 0.5
vt 0.8 0.5
vt 0.9 0.5
vt 1 0.5
vt 0 0.625
vt 0.1 0.625
vt 0.2 0.625
vt 0.3 0.625
vt 0.4 0.625
vt 0.5 0.625
vt 0.6 0.625
vt 0.7 0.625
vt 0.8 0.625
vt 0.9 0.625
vt 1 0.625
vt 0 0.75
vt 0.1 0.75
vt 0.2 0.75
vt 0.3 0.75
vt 0.4 0.75
vt 0.5 0.75
vt 0.6 0.75
vt 0.7 0.75
vt 0.8 0.75
vt 0.9 0.75
vt 1 0.75
vt 0 0.875
vt 0.1 0.875
vt 0.2 0.875
vt 0.3 0.875
vt 0.4 0.875
vt 0.5 0.875
vt 0.6 0.875
vt 0.7 0.875
vt 0.8 0.875
vt 0.9 0.875
vt 1 0.875
vt 0 1
vt 0.1 1
vt 0.2 1
vt 0.3 1
vt 0.4 1
vt 0.5 1
vt 0.6 1
vt 0.7 1
vt 0.8 1
vt 0.9 1
vt 1 1
vt 0 0
vt 0.14285714285714285 0
vt 0.2857142857142857 0
vt 0.42857142857142855 0
vt 0.5714285714285714 0
vt 0.7142857142857143 0
vt 0.8571428571428571 0
vt 0 1
vt 0.14285714285714285 1
vt 0.2857142857142857 1
vt 0.42857142857142855 1
vt 0.5714285714285714 1
vt 0.7142857142857143 1
vt 0.8571428571428571 1
vt 0.5 0.5
vt 0.5 0.5
vt 0 0
vt 0.1 0
vt 0.2 0
vt 0.3 0
vt 0.4 0
vt 0.5 0
vt 0.6 0
vt 0.7 0
vt 0.8 0
vt 0.9 0
vt 1 0
vt 0 0.125
vt 0.1 0.125
vt 0.2 0.125
vt 0.3 0.125
vt 0.4 0.125
vt 0.5 0.125
vt 0.6 0.125
vt 0.7 0.125
vt 0.8 0.125
vt 0.9 0.125
vt 1 0.125
vt 0 0.25
vt 0.1 0.25
vt 0.2 0.25
vt 0.3 0.25
vt 0.4 0.25
vt 0.5 0.25
vt 0.6 0.25
vt 0.7 0.25
vt 0.8 0.25
vt 0.9 0.25
vt 1 0.25
vt 0 0.375
vt 0.1 0.375
vt 0.2 0.375
vt 0.3 0.375
vt 0.4 0.375
vt 0.5 0.375
vt 0.6 0.375
vt 0.7 0.375
vt 0.8 0.375
vt 0.9 0.375
vt 1 0.375
vt 0 0.5
vt 0.1 0.5
vt 0.2 0.5
vt 0.3 0.5
vt 0.4 0.5
vt 0.5 0.5
vt 0.6 0.5
vt 0.7 0.5
vt 0.8 0.5
vt 0.9 0.5
vt 1 0.5
vt 0 0.625
vt 0.1 0.625
vt 0.2 0.625
vt 0.3 0.625
vt 0.4 0.625
vt 0.5 0.625
vt 0.6 0.625
vt 0.7 0.625
vt 0.8 0.625
vt 0.9 0.625
vt 1 0.625
vt 0 0.75
vt 0.1 0.75
vt 0.2 0.75
vt 0.3 0.75
vt 0.4 0.75
vt 0.5 0.75
vt 0.6 0.75
vt 0.7 0.75
vt 0.8 0.75
vt 0.9 0.75
vt 1 0.75
vt 0 0.875
vt 0.1 0.875
vt 0.2 0.875
vt 0.3 0.875
vt 0.4 0.875
vt 0.5 0.875
vt 0.6 0.875
vt 0.7 0.875
vt 0.8 0.875
vt 0.9 0.875
vt 1 0.875
vt 0 1
vt 0.1 1
vt 0.2 1
vt 0.3 1
vt 0.4 1
vt 0.5 1
vt 0.6 1
vt 0.7 1
vt 0.8 1
vt 0.9 1
vt 1 1
vt 0 0
vt 0.14285714285714285 0
vt 0.2857142857142857 0
vt 0.42857142857142855 0
vt 0.5714285714285714 0
vt 0.7142857142857143 0
vt 0.8571428571428571 0
vt 0 1
vt 0.14285714285714285 1
vt 0.2857142857142857 1
vt 0.42857142857142855 1
vt 0.5714285714285714 1
vt 0.7142857142857143 1
vt 0.8571428571428571 1
vt 0.5 0.5
vt 0.5 0.5
vt 0 0
vt 0.1 0
vt 0.2 0
vt 0.3 0
vt 0.4 0
vt 0.5 0
vt 0.6 0
vt 0.7 0
vt 0.8 0
vt 0.9 0
vt 1 0
vt 0 0.125
vt 0.1 0.125
vt 0.2 0.125
vt 0.3 0.125
vt 0.4 0.125
vt 0.5 0.125
vt 0.6 0.125
vt 0.7 0.125
vt 0.8 0.125
vt 0.9 0.125
vt 1 0.125
vt 0 0.25
vt 0.1 0.25
vt 0.2 0.25
vt 0.3 0.25
vt 0.4 0.25
vt 0.5 0.25
vt 0.6 0.25
vt 0.7 0.25
vt 0.8 0.25
vt 0.9 0.25
vt 1 0.25
vt 0 0.375
vt 0.1 0.375
vt 0.2 0.375
vt 0.3 0.375
vt 0.4 0.375
vt 0.5 0.375
vt 0.6 0.375
vt 0.7 0.375
vt 0.8 0.375
vt 0.9 0.375
vt 1 0.375
vt 0 0.5
vt 0.1 0.5
vt 0.2 0.5
vt 0.3 0.5
vt 0.4 0.5
vt 0.5 0.5
vt 0.6 0.5
vt 0.7 0.5
vt 0.8 0.5
vt 0.9 0.5
vt 1 0.5
vt 0 0.625
vt 0.1 0.625
vt 0.2 0.625
vt 0.3 0.625
vt 0.4 0.625
vt 0.5 0.625
vt 0.6 0.625
vt 0.7 0.625
vt 0.8 0.625
vt 0.9 0.625
vt 1 0.625
vt 0 0.75
vt 0.1 0.75
vt 0.2 0.75
vt 0.3 0.75
vt 0.4 0.75
vt 0.5 0.75
vt 0.6 0.75
vt 0.7 0.75
vt 0.8 0.75
vt 0.9 0.75
vt 1 0.75
vt 0 0.875
vt 0.1 0.875
vt 0.2 0.875
vt 0.3 0.875
vt 0.4 0.875
vt 0.5 0.875
vt 0.6 0.875
vt 0.7 0.875
vt 0.8 0.875
vt 0.9 0.875
vt 1 0.875
vt 0 1
vt 0.1 1
vt 0.2 1
vt 0.3 1
vt 0.4 1
vt 0.5 1
vt 0.6 1
vt 0.7 1
vt 0.8 1
vt 0.9 1
vt 1 1
vt 0 0
vt 0.14285714285714285 0
vt 0.2857142857142857 0
vt 0.42857142857142855 0
vt 0.5714285714285714 0
vt 0.7142857142857143 0
vt 0.8571428571428571 0
vt 0 1
vt 0.14285714285714285 1
vt 0.2857142857142857 1
vt 0.42857142857142855 1
vt 0.5714285714285714 1
vt 0.7142857142857143 1
vt 0.8571428571428571 1
vt 0.5 0.5
vt 0.5 0.5
vt 0 0
vt 0.1 0
vt 0.2 0
vt 0.3 0
vt 0.4 0
vt 0.5 0
vt 0.6 0
vt 0.7 0
vt 0.8 0
vt 0.9 0
vt 1 0
vt 0 0.125
vt 0.1 0.125
vt 0.2 0.125
vt 0.3 0.125
vt 0.4 0.125
vt 0.5 0.125
vt 0.6 0.125
vt 0.7 0.125
vt 0.8 0.125
vt 0.9 0.125
vt 1 0.125
vt 0 0.25
vt 0.1 0.25
vt 0.2 0.25
vt 0.3 0.25
vt 0.4 0.25
vt 0.5 0.25
vt 0.6 0.25
vt 0.7 0.25
vt 0.8 0.25
vt 0.9 0.25
vt 1 0.25
vt 0 0.375
vt 0.1 0.375
vt 0.2 0.375
vt 0.3 0.375
vt 0.4 0.375
vt 0.5 0.375
vt 0.6 0.375
vt 0.7 0.375
vt 0.8 0.375
vt 0.9 0.375
vt 1 0.375
vt 0 0.5
vt 0.1 0.5
vt 0.2 0.5
vt 0.3 0.5
vt 0.4 0.5
vt 0.5 0.5
vt 0.6 0.5
vt 0.7 0.5
vt 0.8 0.5
vt 0.9 0.5
vt 1 0.5
vt 0 0.625
vt 0.1 0.625
vt 0.2 0.625
vt 0.3 0.625
vt 0.4 0.625
vt 0.5 0.625
vt 0.6 0.625
vt 0.7 0.625
vt 0.8 0.625
vt 0.9 0.625
vt 1 0.625
vt 0 0.75
vt 0.1 0.75
vt 0.2 0.75
vt 0.3 0.75
vt 0.4 0.75
vt 0.5 0.75
vt 0.6 0.75
vt 0.7 0.75
vt 0.8 0.75
vt 0.9 0.75
vt 1 0.75
vt 0 0.875
vt 0.1 0.875
vt 0.2 0.875
vt 0.3 0.875
vt 0.4 0.875
vt 0.5 0.875
vt 0.6 0.875
vt 0.7 0.875
vt 0.8 0.875
vt 0.9 0.875
vt 1 0.875
vt 0 1
vt 0.1 1
vt 0.2 1
vt 0.3 1
vt 0.4 1
vt 0.5 1
vt 0.6 1
vt 0.7 1
vt 0.8 1
vt 0.9 1
vt 1 1
vt 0 0
vt 0.14285714285714285 0
vt 0.2857142857142857 0
vt 0.42857142857142855 0
vt 0.5714285714285714 0
vt 0.7142857142857143 0
vt 0.8571428571428571 0
vt 0 1
vt 0.14285714285714285 1
vt 0.2857142857142857 1
vt 0.42857142857142855 1
vt 0.5714285714285714 1
vt 0.7142857142857143 1
vt 0.8571428571428571 1
vt 0.5 0.5
vt 0.5 0.5
vt 0 0
vt 0.1 0
vt 0.2 0
vt 0.3 0
vt 0.4 0
vt 0.5 0
vt 0.6 0
vt 0.7 0
vt 0.8 0
vt 0.9 0
vt 1 0
vt 0 0.125
vt 0.1 0.125
vt 0.2 0.125
vt 0.3 0.125
vt 0.4 0.125
vt 0.5 0.125
vt 0.6 0.125
vt 0.7 0.125
vt 0.8 0.125
vt 0.9 0.125
vt 1 0.125
vt 0 0.25
vt 0.1 0.25
vt 0.2 0.25
vt 0.3 0.25
vt 0.4 0.25
vt 0.5 0.25
vt 0.6 0.25
vt 0.7 0.25
vt 0.8 0.25
vt 0.9 0.25
vt 1 0.25
vt 0 0.375
vt 0.1 0.375
vt 0.2 0.375
vt 0.3 0.375
vt 0.4 0.375
vt 0.5 0.375
vt 0.6 0.375
vt 0.7 0.375
vt 0.8 0.375
vt 0.9 0.375
vt 1 0.375
vt 0 0.5
vt 0.1 0.5
vt 0.2 0.5
vt 0.3 0.5
vt 0.4 0.5
vt 0.5 0.5
vt 0.6 0.5
vt 0.7 0.5
vt 0.8 0.5
vt 0.9 0.5
vt 1 0.5
vt 0 0.625
vt 0.1 0.625
vt 0.2 0.625
vt 0.3 0.625
vt 0.4 0.625
vt 0.5 0.625
vt 0.6 0.625
vt 0.7 0.625
vt 0.8 0.625
vt 0.9 0.625
vt 1 0.625
vt 0 0.75
vt 0.1 0.75
vt 0.2 0.75
vt 0.3 0.75
vt 0.4 0.75
vt 0.5 0.75
vt 0.6 0.75
vt 0.7 0.75
vt 0.8 0.75
vt 0.9 0.75
vt 1 0.75
vt 0 0.875
vt 0.1 0.875
vt 0.2 0.875
vt 0.3 0.875
vt 0.4 0.875
vt 0.5 0.875
vt 0.6 0.875
vt 0.7 0.875
vt 0.8 0.875
vt 0.9 0.875
vt 1 0.875
vt 0 1
vt 0.1 1
vt 0.2 1
vt 0.3 1
vt 0.4 1
vt 0.5 1
vt 0.6 1
vt 0.7 1
vt 0.8 1
vt 0.9 1
vt 1 1
vt 0 0
vt 0.14285714285714285 0
vt 0.2857142857142857 0
vt 0.42857142857142855 0
vt 0.5714285714285714 0
vt 0.7142857142857143 0
vt 0.8571428571428571 0
vt 0 1
vt 0.14285714285714285 1
vt 0.2857142857142857 1
vt 0.42857142857142855 1
vt 0.5714285714285714 1
vt 0.7142857142857143 1
vt 0.8571428571428571 1
vt 0.5 0.5
vt 0.5 0.5
vt 0 0
vt 0.1 0
vt 0.2 0
vt 0.3 0
vt 0.4 0
vt 0.5 0
vt 0.6 0
vt 0.7 0
vt 0.8 0
vt 0.9 0
vt 1 0
vt 0 0.125
vt 0.1 0.125
vt 0.2 0.125
vt 0.3 0.125
vt 0.4 0.125
vt 0.5 0.125
vt 0.6 0.125
vt 0.7 0.125
vt 0.8 0.125
vt 0.9 0.125
vt 1 0.125
vt 0 0.25
vt 0.1 0.25
vt 0.2 0.25
vt 0.3 0.25
vt 0.4 0.25
vt 0.5 0.25
vt 0.6 0.25
vt 0.7 0.25
vt 0.8 0.25
vt 0.9 0.25
vt 1 0.25
vt 0 0.375
vt 0.1 0.375
vt 0.2 0.375
vt 0.3 0.375
vt 0.4 0.375
vt 0.5 0.375
vt 0.6 0.375
vt 0.7 0.375
vt 0.8 0.375
vt 0.9 0.375
vt 1 0.375
vt 0 0.5
vt 0.1 0.5
vt 0.2 0.5
vt 0.3 0.5
vt 0.4 0.5
vt 0.5 0.5
vt 0.6 0.5
vt 0.7 0.5
vt 0.8 0.5
vt 0.9 0.5
vt 1 0.5
vt 0 0.625
vt 0.1 0.625
vt 0.2 0.625
vt 0.3 0.625
vt 0.4 0.625
vt 0.5 0.625
vt 0.6 0.625
vt 0.7 0.625
vt 0.8 0.625
vt 0.9 0.625
vt 1 0.625
vt 0 0.75
vt 0.1 0.75
vt 0.2 0.75
vt 0.3 0.75
vt 0.4 0.75
vt 0.5 0.75
vt 0.6 0.75
vt 0.7 0.75
vt 0.8 0.75
vt 0.9 0.75
vt 1 0.75
vt 0 0.875
vt 0.1 0.875
vt 0.2 0.875
vt 0.3 0.875
vt 0.4 0.875
vt 0.5 0.875
vt 0.6 0.875
vt 0.7 0.875
vt 0.8 0.875
vt 0.9 0.875
vt 1 0.875
vt 0 1
vt 0.1 1
vt 0.2 1
vt 0.3 1
vt 0.4 1
vt 0.5 1
vt 0.6 1
vt 0.7 1
vt 0.8 1
vt 0.9 1
vt 1 1
vt 0 0
vt 0.14285714285714285 0
vt 0.2857142857142857 0
vt 0.42857142857142855 0
vt 0.5714285714285714 0
vt 0.7142857142857143 0
vt 0.8571428571428571 0
vt 0 1
vt 0.14285714285714285 1
vt 0.2857142857142857 1
vt 0.42857142857142855 1
vt 0.5714285714285714 1
vt 0.7142857142857143 1
vt 0.8571428571428571 1
vt 0.5 0.5
vt 0.5 0.5
vt 0 0
vt 0.1 0
vt 0.2 0
vt 0.3 0
vt 0.4 0
vt 0.5 0
vt 0.6 0
vt 0.7 0
vt 0.8 0
vt 0.9 0
vt 1 0
vt 0 0.125
vt 0.1 0.125
vt 0.2 0.125
vt 0.3 0.125
vt 0.4 0.125
vt 0.5 0.125
vt 0.6 0.125
vt 0.7 0.125
vt 0.8 0.125
vt 0.9 0.125
vt 1 0.125
vt 0 0.25
vt 0.1 0.25
vt 0.2 0.25
vt 0.3 0.25
vt 0.4 0.25
vt 0.5 0.25
vt 0.6 0.25
vt 0.7 0.25
vt 0.8 0.25
vt 0.9 0.25
vt 1 0.25
vt 0 0.375
vt 0.1 0.375
vt 0.2 0.375
vt 0.3 0.375
vt 0.4 0.375
vt 0.5 0.375
vt 0.6 0.375
vt 0.7 0.375
vt 0.8 0.375
vt 0.9 0.375
vt 1 0.375
vt 0 0.5
vt 0.1 0.5
vt 0.2 0.5
vt 0.3 0.5
vt 0.4 0.5
vt 0.5 0.5
vt 0.6 0.5
vt 0.7 0.5
vt 0.8 0.5
vt 0.9 0.5
vt 1 0.5
vt 0 0.625
vt 0.1 0.625
vt 0.2 0.625
vt 0.3 0.625
vt 0.4 0.625
vt 0.5 0.625
vt 0.6 0.625
vt 0.7 0.625
vt 0.8 0.625
vt 0.9 0.625
vt 1 0.625
vt 0 0.75
vt 0.1 0.75
vt 0.2 0.75
vt 0.3 0.75
vt 0.4 0.75
vt 0.5 0.75
vt 0.6 0.75
vt 0.7 0.75
vt 0.8 0.75
vt 0.9 0.75
vt 1 0.75
vt 0 0.875
vt 0.1 0.875
vt 0.2 0.875
vt 0.3 0.875
vt 0.4 0.875
vt 0.5 0.875
vt 0.6 0.875
vt 0.7 0.875
vt 0.8 0.875
vt 0.9 0.875
vt 1 0.875
vt 0 1
vt 0.1 1
vt 0.2 1
vt 0.3 1
vt 0.4 1
vt 0.5 1
vt 0.6 1
vt 0.7 1
vt 0.8 1
vt 0.9 1
vt 1 1
vt 0 0
vt 0.14285714285714285 0
vt 0.2857142857142857 0
vt 0.42857142857142855 0
vt 0.5714285714285714 0
vt 0.7142857142857143 0
vt 0.8571428571428571 0
vt 0 1
vt 0.14285714285714285 1
vt 0.2857142857142857 1
vt 0.42857142857142855 1
vt 0.5714285714285714 1
vt 0.7142857142857143 1
vt 0.8571428571428571 1
vt 0.5 0.5
vt 0.5 0.5
vt 0 0
vt 0.1 0
vt 0.2 0
vt 0.3 0
vt 0.4 0
vt 0.5 0
vt 0.6 0
vt 0.7 0
vt 0.8 0
vt 0.9 0
vt 1 0
vt 0 0.125
vt 0.1 0.125
vt 0.2 0.125
vt 0.3 0.125
vt 0.4 0.125
vt 0.5 0.125
vt 0.6 0.125
vt 0.7 0.125
vt 0.8 0.125
vt 0.9 0.125
vt 1 0.125
vt 0 0.25
vt 0.1 0.25
vt 0.2 0.25
vt 0.3 0.25
vt 0.4 0.25
vt 0.5 0.25
vt 0.6 0.25
vt 0.7 0.25
vt 0.8 0.25
vt 0.9 0.25
vt 1 0.25
vt 0 0.375
vt 0.1 0.375
vt 0.2 0.375
vt 0.3 0.375
vt 0.4 0.375
vt 0.5 0.375
vt 0.6 0.375
vt 0.7 0.375
vt 0.8 0.375
vt 0.9 0.375
vt 1 0.375
vt 0 0.5
vt 0.1 0.5
vt 0.2 0.5
vt 0.3 0.5
vt 0.4 0.5
vt 0.5 0.5
vt 0.6 0.5
vt 0.7 0.5
vt 0.8 0.5
vt 0.9 0.5
vt 1 0.5
vt 0 0.625
vt 0.1 0.625
vt 0.2 0.625
vt 0.3 0.625
vt 0.4 0.625
vt 0.5 0.625
vt 0.6 0.625
vt 0.7 0.625
vt 0.8 0.625
vt 0.9 0.625
vt 1 0.625
vt 0 0.75
vt 0.1 0.75
vt 0.2 0.75
vt 0.3 0.75
vt 0.4 0.75
vt 0.5 0.75
vt 0.6 0.75
vt 0.7 0.75
vt 0.8 0.75
vt 0.9 0.75
vt 1 0.75
vt 0 0.875
vt 0.1 0.875
vt 0.2 0.875
vt 0.3 0.875
vt 0.4 0.875
vt 0.5 0.875
vt 0.6 0.875
vt 0.7 0.875
vt 0.8 0.875
vt 0.9 0.875
vt 1 0.875
vt 0 1
vt 0.1 1
vt 0.2 1
vt 0.3 1
vt 0.4 1
vt 0.5 1
vt 0.6 1
vt 0.7 1
vt 0.8 1
vt 0.9 1
vt 1 1
vt 0 0
vt 0.14285714285714285 0
vt 0.2857142857142857 0
vt 0.42857142857142855 0
vt 0.5714285714285714 0
vt 0.7142857142857143 0
vt 0.8571428571428571 0
vt 0 1
vt 0.14285714285714285 1
vt 0.2857142857142857 1
vt 0.42857142857142855 1
vt 0.5714285714285714 1
vt 0.7142857142857143 1
vt 0.8571428571428571 1
vt 0.5 0.5
vt 0.5 0.5
vt 0 0
vt 0.1 0
vt 0.2 0
vt 0.3 0
vt 0.4 0
vt 0.5 0
vt 0.6 0
vt 0.7 0
vt 0.8 0
vt 0.9 0
vt 1 0
vt 0 0.125
vt 0.1 0.125
vt 0.2 0.125
vt 0.3 0.125
vt 0.4 0.125
vt 0.5 0.125
vt 0.6 0.125
vt 0.7 0.125
vt 0.8 0.125
vt 0.9 0.125
vt 1 0.125
vt 0 0.25
vt 0.1 0.25
vt 0.2 0.25
vt 0.3 0.25
vt 0.4 0.25
vt 0.5 0.25
vt 0.6 0.25
vt 0.7 0.25
vt 0.8 0.25
vt 0.9 0.25
vt 1 0.25
vt 0 0.375
vt 0.1 0.375
vt 0.2 0.375
vt 0.3 0.375
vt 0.4 0.375
vt 0.5 0.375
vt 0.6 0.375
vt 0.7 0.375
vt 0.8 0.375
vt 0.9 0.375
vt 1 0.375
vt 0 0.5
vt 0.1 0.5
vt 0.2 0.5
vt 0.3 0.5
vt 0.4 0.5
vt 0.5 0.5
vt 0.6 0.5
vt 0.7 0.5
vt 0.8 0.5
vt 0.9 0.5
vt 1 0.5
vt 0 0.625
vt 0.1 0.625
vt 0.2 0.625
vt 0.3 0.625
vt 0.4 0.625
vt 0.5 0.625
vt 0.6 0.625
vt 0.7 0.625
vt 0.8 0.625
vt 0.9 0.625
vt 1 0.625
vt 0 0.75
vt 0.1 0.75
vt 0.2 0.75
vt 0.3 0.75
vt 0.4 0.75
vt 0.5 0.75
vt 0.6 0.75
vt 0.7 0.75
vt 0.8 0.75
vt 0.9 0.75
vt 1 0.75
vt 0 0.875
vt 0.1 0.875
vt 0.2 0.875
vt 0.3 0.875
vt 0.4 0.875
vt 0.5 0.875
vt 0.6 0.875
vt 0.7 0.875
vt 0.8 0.875
vt 0.9 0.875
vt 1 0.875
vt 0 1
vt 0.1 1
vt 0.2 1
vt 0.3 1
vt 0.4 1
vt 0.5 1
vt 0.6 1
vt 0.7 1
vt 0.8 1
vt 0.9 1
vt 1 1
vt 0 0
vt 0.1 0
vt 0.2 0
vt 0.3 0
vt 0.4 0
vt 0.5 0
vt 0.6 0
vt 0.7 0
vt 0.8 0
vt 0.9 0
vt 1 0
vt 0 0.125
vt 0.1 0.125
vt 0.2 0.125
vt 0.3 0.125
vt 0.4 0.125
vt 0.5 0.125
vt 0.6 0.125
vt 0.7 0.125
vt 0.8 0.125
vt 0.9 0.125
vt 1 0.125
vt 0 0.25
vt 0.1 0.25
vt 0.2 0.25
vt 0.3 0.25
vt 0.4 0.25
vt 0.5 0.25
vt 0.6 0.25
vt 0.7 0.25
vt 0.8 0.25
vt 0.9 0.25
vt 1 0.25
vt 0 0.375
vt 0.1 0.375
vt 0.2 0.375
vt 0.3 0.375
vt 0.4 0.375
vt 0.5 0.375
vt 0.6 0.375
vt 0.7 0.375
vt 0.8 0.375
vt 0.9 0.375
vt 1 0.375
vt 0 0.5
vt 0.1 0.5
vt 0.2 0.5
vt 0.3 0.5
vt 0.4 0.5
vt 0.5 0.5
vt 0.6 0.5
vt 0.7 0.5
vt 0.8 0.5
vt 0.9 0.5
vt 1 0.5
vt 0 0.625
vt 0.1 0.625
vt 0.2 0.625
vt 0.3 0.625
vt 0.4 0.625
vt 0.5 0.625
vt 0.6 0.625
vt 0.7 0.625
vt 0.8 0.625
vt 0.9 0.625
vt 1 0.625
vt 0 0.75
vt 0.1 0.75
vt 0.2 0.75
vt 0.3 0.75
vt 0.4 0.75
vt 0.5 0.75
vt 0.6 0.75
vt 0.7 0.75
vt 0.8 0.75
vt 0.9 0.75
vt 1 0.75
vt 0 0.875
vt 0.1 0.875
vt 0.2 0.875
vt 0.3 0.875
vt 0.4 0.875
vt 0.5 0.875
vt 0.6 0.875
vt 0.7 0.875
vt 0.8 0.875
vt 0.9 0.875
vt 1 0.875
vt 0 1
vt 0.1 1
vt 0.2 1
vt 0.3 1
vt 0.4 1
vt 0.5 1
vt 0.6 1
vt 0.7 1
vt 0.8 1
vt 0.9 1
vt 1 1
vn 0 -1 0
vn 0 -1 0
vn 0 -1 0
vn 0 -1 0
vn 0 -1 0
vn 0 -1 0
vn 0 -1 0
vn 0 -1 0
vn 0 -1 0
vn 0 -1 0
vn 0 1 0
vn 0 1 0
vn 0 1 0
vn 0 1 0
vn 0 1 0
vn 0 1 0
vn 0 1 0
vn 0 1 0
vn 0 1 0
vn 0 1 0
vn 0 -1 0
vn 0 1 0
vn 0 -1 0
vn 0 -1 0
vn 0 -1 0
vn 0 -1 0
vn 0 -1 0
vn 0 -1 0
vn 0 -1 0
vn 0 -1 0
vn 0 1 0
vn 0 1 0
vn 0 1 0
vn 0 1 0
vn 0 1 0
vn 0 1 0
vn 0 1 0
vn 0 1 0
vn 0 -1 0
vn 0 1 0
vn 0 -1 0
vn 0 -1 0
vn 0 -1 0
vn 0 -1 0
vn 0 -1 0
vn 0 -1 0
vn 0 -1 0
vn 0 -1 0
vn 0 -1 0
vn 0 -1 0
vn 0 1 0
vn 0 1 0
vn 0 1 0
vn 0 1 0
vn 0 1 0
vn 0 1 0
vn 0 1 0
vn 0 1 0
vn 0 1 0
vn 0 1 0
vn 0 -1 0
vn 0 1 0
vn 0 -1 0
vn 0 -1 0
vn 0 -1 0
vn 0 -1 0
vn 0 -1 0
vn 0 -1 0
vn 0 -1 0
vn 0 1 0
vn 0 1 0
vn 0 1 0
vn 0 1 0
vn 0 1 0
vn 0 1 0
vn 0 1 0
vn 0 -1 0
vn 0 1 0
vn 0 1 0
vn 0 1 0
vn 0 1 0
vn 0 1 0
vn 0 1 0
vn 0 1 0
vn 0 1 0
vn 0 1 0
vn 0 1 0
vn 0 1 0
vn 0 1 0
vn 0.3826834323650898 0.9238795325112867 0
vn 0.30959740024909344 0.9238795325112867 0.22493567784086385
vn 0.11825568406654853 0.9238795325112867 0.3639535720290143
vn -0.1182556840665485 0.9238795325112867 0.36395357202901435
vn -0.3095974002490934 0.9238795325112867 0.2249356778408639
vn -0.3826834323650898 0.9238795325112867 4.686520405326298e-17
vn -0.30959740024909344 0.9238795325112867 -0.22493567784086382
vn -0.11825568406654857 0.9238795325112867 -0.3639535720290143
vn 0.11825568406654845 0.9238795325112867 -0.36395357202901435
vn 0.3095974002490934 0.9238795325112867 -0.224935677840864
vn 0.3826834323650898 0.9238795325112867 -9.373040810652596e-17
vn 0.7071067811865475 0.7071067811865476 0
vn 0.5720614028176843 0.7071067811865476 0.41562693777745335
vn 0.21850801222441055 0.7071067811865476 0.6724985119639573
vn -0.21850801222441046 0.7071067811865476 0.6724985119639573
vn -0.5720614028176841 0.7071067811865476 0.41562693777745346
vn -0.7071067811865475 0.7071067811865476 8.659560562354932e-17
vn -0.5720614028176843 0.7071067811865476 -0.4156269377774533
vn -0.2185080122244106 0.7071067811865476 -0.6724985119639573
vn 0.21850801222441038 0.7071067811865476 -0.6724985119639573
vn 0.5720614028176841 0.7071067811865476 -0.41562693777745363
vn 0.7071067811865475 0.7071067811865476 -1.7319121124709863e-16
vn 0.9238795325112868 0.38268343236508984 0
vn 0.7474342425568128 0.38268343236508984 0.5430427641049989
vn 0.28549447630116936 0.38268343236508984 0.8786616496665793
vn -0.28549447630116925 0.38268343236508984 0.8786616496665796
vn -0.7474342425568127 0.38268343236508984 0.543042764104999
vn -0.9238795325112868 0.38268343236508984 1.1314261122877003e-16
vn -0.7474342425568128 0.38268343236508984 -0.5430427641049987
vn -0.2854944763011695 0.38268343236508984 -0.8786616496665793
vn 0.28549447630116914 0.38268343236508984 -0.8786616496665796
vn 0.7474342425568127 0.38268343236508984 -0.543042764104999
vn 0.9238795325112868 0.38268343236508984 -2.2628522245754005e-16
vn 1 6.123233995736766e-17 0
vn 0.8090169943749475 6.123233995736766e-17 0.5877852522924731
vn 0.30901699437494745 6.123233995736766e-17 0.9510565162951536
vn -0.30901699437494734 6.123233995736766e-17 0.9510565162951536
vn -0.8090169943749473 6.123233995736766e-17 0.5877852522924732
vn -1 6.123233995736766e-17 1.2246467991473532e-16
vn -0.8090169943749475 6.123233995736766e-17 -0.587785252292473
vn -0.30901699437494756 6.123233995736766e-17 -0.9510565162951536
vn 0.30901699437494723 6.123233995736766e-17 -0.9510565162951536
vn 0.8090169943749473 6.123233995736766e-17 -0.5877852522924734
vn 1 6.123233995736766e-17 -2.4492935982947064e-16
vn 0.9238795325112868 -0.3826834323650897 0
vn 0.7474342425568128 -0.3826834323650897 0.5430427641049989
vn 0.28549447630116936 -0.3826834323650897 0.8786616496665793
vn -0.28549447630116925 -0.3826834323650897 0.8786616496665796
vn -0.7474342425568127 -0.3826834323650897 0.543042764104999
vn -0.9238795325112868 -0.3826834323650897 1.1314261122877003e-16
vn -0.7474342425568128 -0.3826834323650897 -0.5430427641049987
vn -0.2854944763011695 -0.3826834323650897 -0.8786616496665793
vn 0.28549447630116914 -0.3826834323650897 -0.8786616496665796
vn 0.7474342425568127 -0.3826834323650897 -0.543042764104999
vn 0.9238795325112868 -0.3826834323650897 -2.2628522245754005e-16
vn 0.7071067811865476 -0.7071067811865475 0
vn 0.5720614028176844 -0.7071067811865475 0.41562693777745346
vn 0.21850801222441057 -0.7071067811865475 0.6724985119639574
vn -0.2185080122244105 -0.7071067811865475 0.6724985119639574
vn -0.5720614028176843 -0.7071067811865475 0.4156269377774535
vn -0.7071067811865476 -0.7071067811865475 8.659560562354934e-17
vn -0.5720614028176844 -0.7071067811865475 -0.41562693777745335
vn -0.21850801222441066 -0.7071067811865475 -0.6724985119639574
vn 0.2185080122244104 -0.7071067811865475 -0.6724985119639574
vn 0.5720614028176843 -0.7071067811865475 -0.41562693777745363
vn 0.7071067811865476 -0.7071067811865475 -1.7319121124709868e-16
vn 0.3826834323650899 -0.9238795325112867 0
vn 0.3095974002490935 -0.9238795325112867 0.22493567784086393
vn 0.11825568406654857 -0.9238795325112867 0.3639535720290144
vn -0.11825568406654853 -0.9238795325112867 0.3639535720290144
vn -0.3095974002490935 -0.9238795325112867 0.224935677840864
vn -0.3826834323650899 -0.9238795325112867 4.6865204053263e-17
vn -0.3095974002490935 -0.9238795325112867 -0.2249356778408639
vn -0.11825568406654863 -0.9238795325112867 -0.3639535720290144
vn 0.1182556840665485 -0.9238795325112867 -0.3639535720290144
vn 0.3095974002490935 -0.9238795325112867 -0.22493567784086402
vn 0.3826834323650899 -0.9238795325112867 -9.3730408106526e-17
vn 1.2246467991473532e-16 -1 0
vn 9.907600726170916e-17 -1 7.198293278059966e-17
vn 3.7843667304341506e-17 -1 1.1647083184890923e-16
vn -3.7843667304341493e-17 -1 1.1647083184890926e-16
vn -9.907600726170915e-17 -1 7.198293278059968e-17
vn -1.2246467991473532e-16 -1 1.4997597826618576e-32
vn -9.907600726170916e-17 -1 -7.198293278059965e-17
vn -3.784366730434152e-17 -1 -1.1647083184890923e-16
vn 3.7843667304341475e-17 -1 -1.1647083184890926e-16
vn 9.907600726170915e-17 -1 -7.19829327805997e-17
vn 1.2246467991473532e-16 -1 -2.999519565323715e-32
vn 0 -1 0
vn 0 -1 0
vn 0 -1 0
vn 0 -1 0
vn 0 -1 0
vn 0 -1 0
vn 0 -1 0
vn 0 1 0
vn 0 1 0
vn 0 1 0
vn 0 1 0
vn 0 1 0
vn 0 1 0
vn 0 1 0
vn 0 -1 0
vn 0 1 0
vn 0 1 0
vn 0 1 0
vn 0 1 0
vn 0 1 0
vn 0 1 0
vn 0 1 0
vn 0 1 0
vn 0 1 0
vn 0 1 0
vn 0 1 0
vn 0 1 0
vn 0.3826834323650898 0.9238795325112867 0
vn 0.30959740024909344 0.9238795325112867 0.22493567784086385
vn 0.11825568406654853 0.9238795325112867 0.3639535720290143
vn -0.1182556840665485 0.9238795325112867 0.36395357202901435
vn -0.3095974002490934 0.9238795325112867 0.2249356778408639
vn -0.3826834323650898 0.9238795325112867 4.686520405326298e-17
vn -0.30959740024909344 0.9238795325112867 -0.22493567784086382
vn -0.11825568406654857 0.9238795325112867 -0.3639535720290143
vn 0.11825568406654845 0.9238795325112867 -0.36395357202901435
vn 0.3095974002490934 0.9238795325112867 -0.224935677840864
vn 0.3826834323650898 0.9238795325112867 -9.373040810652596e-17
vn 0.7071067811865475 0.7071067811865476 0
vn 0.5720614028176843 0.7071067811865476 0.41562693777745335
vn 0.21850801222441055 0.7071067811865476 0.6724985119639573
vn -0.21850801222441046 0.7071067811865476 0.6724985119639573
vn -0.5720614028176841 0.7071067811865476 0.41562693777745346
vn -0.7071067811865475 0.7071067811865476 8.659560562354932e-17
vn -0.5720614028176843 0.7071067811865476 -0.4156269377774533
vn -0.2185080122244106 0.7071067811865476 -0.6724985119639573
vn 0.21850801222441038 0.7071067811865476 -0.6724985119639573
vn 0.5720614028176841 0.7071067811865476 -0.41562693777745363
vn 0.7071067811865475 0.7071067811865476 -1.7319121124709863e-16
vn 0.9238795325112868 0.38268343236508984 0
vn 0.7474342425568128 0.38268343236508984 0.5430427641049989
vn 0.28549447630116936 0.38268343236508984 0.8786616496665793
vn -0.28549447630116925 0.38268343236508984 0.8786616496665796
vn -0.7474342425568127 0.38268343236508984 0.543042764104999
vn -0.9238795325112868 0.38268343236508984 1.1314261122877003e-16
vn -0.7474342425568128 0.38268343236508984 -0.5430427641049987
vn -0.2854944763011695 0.38268343236508984 -0.8786616496665793
vn 0.28549447630116914 0.38268343236508984 -0.8786616496665796
vn 0.7474342425568127 0.38268343236508984 -0.543042764104999
vn 0.9238795325112868 0.38268343236508984 -2.2628522245754005e-16
vn 1 6.123233995736766e-17 0
vn 0.8090169943749475 6.123233995736766e-17 0.5877852522924731
vn 0.30901699437494745 6.123233995736766e-17 0.9510565162951536
vn -0.30901699437494734 6.123233995736766e-17 0.9510565162951536
vn -0.8090169943749473 6.123233995736766e-17 0.5877852522924732
vn -1 6.123233995736766e-17 1.2246467991473532e-16
vn -0.8090169943749475 6.123233995736766e-17 -0.587785252292473
vn -0.30901699437494756 6.123233995736766e-17 -0.9510565162951536
vn 0.30901699437494723 6.123233995736766e-17 -0.9510565162951536
vn 0.8090169943749473 6.123233995736766e-17 -0.5877852522924734
vn 1 6.123233995736766e-17 -2.4492935982947064e-16
vn 0.9238795325112868 -0.3826834323650897 0
vn 0.7474342425568128 -0.3826834323650897 0.5430427641049989
vn 0.28549447630116936 -0.3826834323650897 0.8786616496665793
vn -0.28549447630116925 -0.3826834323650897 0.8786616496665796
vn -0.7474342425568127 -0.3826834323650897 0.543042764104999
vn -0.9238795325112868 -0.3826834323650897 1.1314261122877003e-16
vn -0.7474342425568128 -0.3826834323650897 -0.5430427641049987
vn -0.2854944763011695 -0.3826834323650897 -0.8786616496665793
vn 0.28549447630116914 -0.3826834323650897 -0.8786616496665796
vn 0.7474342425568127 -0.3826834323650897 -0.543042764104999
vn 0.9238795325112868 -0.3826834323650897 -2.2628522245754005e-16
vn 0.7071067811865476 -0.7071067811865475 0
vn 0.5720614028176844 -0.7071067811865475 0.41562693777745346
vn 0.21850801222441057 -0.7071067811865475 0.6724985119639574
vn -0.2185080122244105 -0.7071067811865475 0.6724985119639574
vn -0.5720614028176843 -0.7071067811865475 0.4156269377774535
vn -0.7071067811865476 -0.7071067811865475 8.659560562354934e-17
vn -0.5720614028176844 -0.7071067811865475 -0.41562693777745335
vn -0.21850801222441066 -0.7071067811865475 -0.6724985119639574
vn 0.2185080122244104 -0.7071067811865475 -0.6724985119639574
vn 0.5720614028176843 -0.7071067811865475 -0.41562693777745363
vn 0.7071067811865476 -0.7071067811865475 -1.7319121124709868e-16
vn 0.3826834323650899 -0.9238795325112867 0
vn 0.3095974002490935 -0.9238795325112867 0.22493567784086393
vn 0.11825568406654857 -0.9238795325112867 0.3639535720290144
vn -0.11825568406654853 -0.9238795325112867 0.3639535720290144
vn -0.3095974002490935 -0.9238795325112867 0.224935677840864
vn -0.3826834323650899 -0.9238795325112867 4.6865204053263e-17
vn -0.3095974002490935 -0.9238795325112867 -0.2249356778408639
vn -0.11825568406654863 -0.9238795325112867 -0.3639535720290144
vn 0.1182556840665485 -0.9238795325112867 -0.3639535720290144
vn 0.3095974002490935 -0.9238795325112867 -0.22493567784086402
vn 0.3826834323650899 -0.9238795325112867 -9.3730408106526e-17
vn 1.2246467991473532e-16 -1 0
vn 9.907600726170916e-17 -1 7.198293278059966e-17
vn 3.7843667304341506e-17 -1 1.1647083184890923e-16
vn -3.7843667304341493e-17 -1 1.1647083184890926e-16
vn -9.907600726170915e-17 -1 7.198293278059968e-17
vn -1.2246467991473532e-16 -1 1.4997597826618576e-32
vn -9.907600726170916e-17 -1 -7.198293278059965e-17
vn -3.784366730434152e-17 -1 -1.1647083184890923e-16
vn 3.7843667304341475e-17 -1 -1.1647083184890926e-16
vn 9.907600726170915e-17 -1 -7.19829327805997e-17
vn 1.2246467991473532e-16 -1 -2.999519565323715e-32
vn 0 -1 0
vn 0 -1 0
vn 0 -1 0
vn 0 -1 0
vn 0 -1 0
vn 0 -1 0
vn 0 -1 0
vn 0 1 0
vn 0 1 0
vn 0 1 0
vn 0 1 0
vn 0 1 0
vn 0 1 0
vn 0 1 0
vn 0 -1 0
vn 0 1 0
vn 0 1 0
vn 0 1 0
vn 0 1 0
vn 0 1 0
vn 0 1 0
vn 0 1 0
vn 0 1 0
vn 0 1 0
vn 0 1 0
vn 0 1 0
vn 0 1 0
vn 0.3826834323650898 0.9238795325112866 0
vn 0.30959740024909344 0.9238795325112866 0.22493567784086385
vn 0.11825568406654853 0.9238795325112866 0.3639535720290143
vn -0.1182556840665485 0.9238795325112866 0.36395357202901435
vn -0.3095974002490934 0.9238795325112866 0.2249356778408639
vn -0.3826834323650898 0.9238795325112866 4.686520405326298e-17
vn -0.30959740024909344 0.9238795325112866 -0.22493567784086382
vn -0.11825568406654857 0.9238795325112866 -0.3639535720290143
vn 0.11825568406654845 0.9238795325112866 -0.36395357202901435
vn 0.3095974002490934 0.9238795325112866 -0.224935677840864
vn 0.3826834323650898 0.9238795325112866 -9.373040810652596e-17
vn 0.7071067811865475 0.7071067811865476 0
vn 0.5720614028176843 0.7071067811865476 0.41562693777745335
vn 0.21850801222441055 0.7071067811865476 0.6724985119639573
vn -0.21850801222441046 0.7071067811865476 0.6724985119639573
vn -0.5720614028176841 0.7071067811865476 0.41562693777745346
vn -0.7071067811865475 0.7071067811865476 8.659560562354932e-17
vn -0.5720614028176843 0.7071067811865476 -0.4156269377774533
vn -0.2185080122244106 0.7071067811865476 -0.6724985119639573
vn 0.21850801222441038 0.7071067811865476 -0.6724985119639573
vn 0.5720614028176841 0.7071067811865476 -0.41562693777745363
vn 0.7071067811865475 0.7071067811865476 -1.7319121124709863e-16
vn 0.9238795325112868 0.38268343236508984 0
vn 0.7474342425568128 0.38268343236508984 0.5430427641049989
vn 0.28549447630116936 0.38268343236508984 0.8786616496665793
vn -0.28549447630116925 0.38268343236508984 0.8786616496665796
vn -0.7474342425568127 0.38268343236508984 0.543042764104999
vn -0.9238795325112868 0.38268343236508984 1.1314261122877003e-16
vn -0.7474342425568128 0.38268343236508984 -0.5430427641049987
vn -0.2854944763011695 0.38268343236508984 -0.8786616496665793
vn 0.28549447630116914 0.38268343236508984 -0.8786616496665796
vn 0.7474342425568127 0.38268343236508984 -0.543042764104999
vn 0.9238795325112868 0.38268343236508984 -2.2628522245754005e-16
vn 1 6.123233995736766e-17 0
vn 0.8090169943749475 6.123233995736766e-17 0.5877852522924731
vn 0.30901699437494745 6.123233995736766e-17 0.9510565162951536
vn -0.30901699437494734 6.123233995736766e-17 0.9510565162951536
vn -0.8090169943749473 6.123233995736766e-17 0.5877852522924732
vn -1 6.123233995736766e-17 1.2246467991473532e-16
vn -0.8090169943749475 6.123233995736766e-17 -0.587785252292473
vn -0.30901699437494756 6.123233995736766e-17 -0.9510565162951536
vn 0.30901699437494723 6.123233995736766e-17 -0.9510565162951536
vn 0.8090169943749473 6.123233995736766e-17 -0.5877852522924734
vn 1 6.123233995736766e-17 -2.4492935982947064e-16
vn 0.9238795325112868 -0.3826834323650897 0
vn 0.7474342425568128 -0.3826834323650897 0.5430427641049989
vn 0.28549447630116936 -0.3826834323650897 0.8786616496665793
vn -0.28549447630116925 -0.3826834323650897 0.8786616496665796
vn -0.7474342425568127 -0.3826834323650897 0.543042764104999
vn -0.9238795325112868 -0.3826834323650897 1.1314261122877003e-16
vn -0.7474342425568128 -0.3826834323650897 -0.5430427641049987
vn -0.2854944763011695 -0.3826834323650897 -0.8786616496665793
vn 0.28549447630116914 -0.3826834323650897 -0.8786616496665796
vn 0.7474342425568127 -0.3826834323650897 -0.543042764104999
vn 0.9238795325112868 -0.3826834323650897 -2.2628522245754005e-16
vn 0.7071067811865476 -0.7071067811865475 0
vn 0.5720614028176844 -0.7071067811865475 0.41562693777745346
vn 0.21850801222441057 -0.7071067811865475 0.6724985119639574
vn -0.2185080122244105 -0.7071067811865475 0.6724985119639574
vn -0.5720614028176843 -0.7071067811865475 0.4156269377774535
vn -0.7071067811865476 -0.7071067811865475 8.659560562354934e-17
vn -0.5720614028176844 -0.7071067811865475 -0.41562693777745335
vn -0.21850801222441066 -0.7071067811865475 -0.6724985119639574
vn 0.2185080122244104 -0.7071067811865475 -0.6724985119639574
vn 0.5720614028176843 -0.7071067811865475 -0.41562693777745363
vn 0.7071067811865476 -0.7071067811865475 -1.7319121124709868e-16
vn 0.3826834323650899 -0.9238795325112866 0
vn 0.3095974002490935 -0.9238795325112866 0.22493567784086393
vn 0.11825568406654857 -0.9238795325112866 0.3639535720290144
vn -0.11825568406654853 -0.9238795325112866 0.3639535720290144
vn -0.3095974002490935 -0.9238795325112866 0.224935677840864
vn -0.3826834323650899 -0.9238795325112866 4.6865204053263e-17
vn -0.3095974002490935 -0.9238795325112866 -0.2249356778408639
vn -0.11825568406654863 -0.9238795325112866 -0.3639535720290144
vn 0.1182556840665485 -0.9238795325112866 -0.3639535720290144
vn 0.3095974002490935 -0.9238795325112866 -0.22493567784086402
vn 0.3826834323650899 -0.9238795325112866 -9.3730408106526e-17
vn 1.2246467991473532e-16 -1 0
vn 9.907600726170916e-17 -1 7.198293278059966e-17
vn 3.7843667304341506e-17 -1 1.1647083184890923e-16
vn -3.7843667304341493e-17 -1 1.1647083184890926e-16
vn -9.907600726170915e-17 -1 7.198293278059968e-17
vn -1.2246467991473532e-16 -1 1.4997597826618576e-32
vn -9.907600726170916e-17 -1 -7.198293278059965e-17
vn -3.784366730434152e-17 -1 -1.1647083184890923e-16
vn 3.7843667304341475e-17 -1 -1.1647083184890926e-16
vn 9.907600726170915e-17 -1 -7.19829327805997e-17
vn 1.2246467991473532e-16 -1 -2.999519565323715e-32
vn 0 -1 0
vn 0 -1 0
vn 0 -1 0
vn 0 -1 0
vn 0 -1 0
vn 0 -1 0
vn 0 -1 0
vn 0 1 0
vn 0 1 0
vn 0 1 0
vn 0 1 0
vn 0 1 0
vn 0 1 0
vn 0 1 0
vn 0 -1 0
vn 0 1 0
vn 0 1 0
vn 0 1 0
vn 0 1 0
vn 0 1 0
vn 0 1 0
vn 0 1 0
vn 0 1 0
vn 0 1 0
vn 0 1 0
vn 0 1 0
vn 0 1 0
vn 0.3826834323650898 0.9238795325112867 0
vn 0.30959740024909344 0.9238795325112867 0.22493567784086385
vn 0.11825568406654853 0.9238795325112867 0.3639535720290143
vn -0.1182556840665485 0.9238795325112867 0.36395357202901435
vn -0.3095974002490934 0.9238795325112867 0.2249356778408639
vn -0.3826834323650898 0.9238795325112867 4.686520405326298e-17
vn -0.30959740024909344 0.9238795325112867 -0.22493567784086382
vn -0.11825568406654857 0.9238795325112867 -0.3639535720290143
vn 0.11825568406654845 0.9238795325112867 -0.36395357202901435
vn 0.3095974002490934 0.9238795325112867 -0.224935677840864
vn 0.3826834323650898 0.9238795325112867 -9.373040810652596e-17
vn 0.7071067811865475 0.7071067811865476 0
vn 0.5720614028176843 0.7071067811865476 0.41562693777745335
vn 0.21850801222441055 0.7071067811865476 0.6724985119639573
vn -0.21850801222441046 0.7071067811865476 0.6724985119639573
vn -0.5720614028176841 0.7071067811865476 0.41562693777745346
vn -0.7071067811865475 0.7071067811865476 8.659560562354932e-17
vn -0.5720614028176843 0.7071067811865476 -0.4156269377774533
vn -0.2185080122244106 0.7071067811865476 -0.6724985119639573
vn 0.21850801222441038 0.7071067811865476 -0.6724985119639573
vn 0.5720614028176841 0.7071067811865476 -0.41562693777745363
vn 0.7071067811865475 0.7071067811865476 -1.7319121124709863e-16
vn 0.9238795325112868 0.38268343236508984 0
vn 0.7474342425568128 0.38268343236508984 0.5430427641049989
vn 0.28549447630116936 0.38268343236508984 0.8786616496665793
vn -0.28549447630116925 0.38268343236508984 0.8786616496665796
vn -0.7474342425568127 0.38268343236508984 0.543042764104999
vn -0.9238795325112868 0.38268343236508984 1.1314261122877003e-16
vn -0.7474342425568128 0.38268343236508984 -0.5430427641049987
vn -0.2854944763011695 0.38268343236508984 -0.8786616496665793
vn 0.28549447630116914 0.38268343236508984 -0.8786616496665796
vn 0.7474342425568127 0.38268343236508984 -0.543042764104999
vn 0.9238795325112868 0.38268343236508984 -2.2628522245754005e-16
vn 1 6.123233995736766e-17 0
vn 0.8090169943749475 6.123233995736766e-17 0.5877852522924731
vn 0.30901699437494745 6.123233995736766e-17 0.9510565162951536
vn -0.30901699437494734 6.123233995736766e-17 0.9510565162951536
vn -0.8090169943749473 6.123233995736766e-17 0.5877852522924732
vn -1 6.123233995736766e-17 1.2246467991473532e-16
vn -0.8090169943749475 6.123233995736766e-17 -0.587785252292473
vn -0.30901699437494756 6.123233995736766e-17 -0.9510565162951536
vn 0.30901699437494723 6.123233995736766e-17 -0.9510565162951536
vn 0.8090169943749473 6.123233995736766e-17 -0.5877852522924734
vn 1 6.123233995736766e-17 -2.4492935982947064e-16
vn 0.9238795325112868 -0.3826834323650897 0
vn 0.7474342425568128 -0.3826834323650897 0.5430427641049989
vn 0.28549447630116936 -0.3826834323650897 0.8786616496665793
vn -0.28549447630116925 -0.3826834323650897 0.8786616496665796
vn -0.7474342425568127 -0.3826834323650897 0.543042764104999
vn -0.9238795325112868 -0.3826834323650897 1.1314261122877003e-16
vn -0.7474342425568128 -0.3826834323650897 -0.5430427641049987
vn -0.2854944763011695 -0.3826834323650897 -0.8786616496665793
vn 0.28549447630116914 -0.3826834323650897 -0.8786616496665796
vn 0.7474342425568127 -0.3826834323650897 -0.543042764104999
vn 0.9238795325112868 -0.3826834323650897 -2.2628522245754005e-16
vn 0.7071067811865476 -0.7071067811865475 0
vn 0.5720614028176844 -0.7071067811865475 0.41562693777745346
vn 0.21850801222441057 -0.7071067811865475 0.6724985119639574
vn -0.2185080122244105 -0.7071067811865475 0.6724985119639574
vn -0.5720614028176843 -0.7071067811865475 0.4156269377774535
vn -0.7071067811865476 -0.7071067811865475 8.659560562354934e-17
vn -0.5720614028176844 -0.7071067811865475 -0.41562693777745335
vn -0.21850801222441066 -0.7071067811865475 -0.6724985119639574
vn 0.2185080122244104 -0.7071067811865475 -0.6724985119639574
vn 0.5720614028176843 -0.7071067811865475 -0.41562693777745363
vn 0.7071067811865476 -0.7071067811865475 -1.7319121124709868e-16
vn 0.3826834323650899 -0.9238795325112867 0
vn 0.3095974002490935 -0.9238795325112867 0.22493567784086393
vn 0.11825568406654857 -0.9238795325112867 0.3639535720290144
vn -0.11825568406654853 -0.9238795325112867 0.3639535720290144
vn -0.3095974002490935 -0.9238795325112867 0.224935677840864
vn -0.3826834323650899 -0.9238795325112867 4.6865204053263e-17
vn -0.3095974002490935 -0.9238795325112867 -0.2249356778408639
vn -0.11825568406654863 -0.9238795325112867 -0.3639535720290144
vn 0.1182556840665485 -0.9238795325112867 -0.3639535720290144
vn 0.3095974002490935 -0.9238795325112867 -0.22493567784086402
vn 0.3826834323650899 -0.9238795325112867 -9.3730408106526e-17
vn 1.2246467991473532e-16 -1 0
vn 9.907600726170916e-17 -1 7.198293278059966e-17
vn 3.7843667304341506e-17 -1 1.1647083184890923e-16
vn -3.7843667304341493e-17 -1 1.1647083184890926e-16
vn -9.907600726170915e-17 -1 7.198293278059968e-17
vn -1.2246467991473532e-16 -1 1.4997597826618576e-32
vn -9.907600726170916e-17 -1 -7.198293278059965e-17
vn -3.784366730434152e-17 -1 -1.1647083184890923e-16
vn 3.7843667304341475e-17 -1 -1.1647083184890926e-16
vn 9.907600726170915e-17 -1 -7.19829327805997e-17
vn 1.2246467991473532e-16 -1 -2.999519565323715e-32
vn 0 -1 0
vn 0 -1 0
vn 0 -1 0
vn 0 -1 0
vn 0 -1 0
vn 0 -1 0
vn 0 -1 0
vn 0 1 0
vn 0 1 0
vn 0 1 0
vn 0 1 0
vn 0 1 0
vn 0 1 0
vn 0 1 0
vn 0 -1 0
vn 0 1 0
vn 0 1 0
vn 0 1 0
vn 0 1 0
vn 0 1 0
vn 0 1 0
vn 0 1 0
vn 0 1 0
vn 0 1 0
vn 0 1 0
vn 0 1 0
vn 0 1 0
vn 0.3826834323650898 0.9238795325112867 0
vn 0.30959740024909344 0.9238795325112867 0.22493567784086385
vn 0.11825568406654853 0.9238795325112867 0.3639535720290143
vn -0.1182556840665485 0.9238795325112867 0.36395357202901435
vn -0.3095974002490934 0.9238795325112867 0.2249356778408639
vn -0.3826834323650898 0.9238795325112867 4.686520405326298e-17
vn -0.30959740024909344 0.9238795325112867 -0.22493567784086382
vn -0.11825568406654857 0.9238795325112867 -0.3639535720290143
vn 0.11825568406654845 0.9238795325112867 -0.36395357202901435
vn 0.3095974002490934 0.9238795325112867 -0.224935677840864
vn 0.3826834323650898 0.9238795325112867 -9.373040810652596e-17
vn 0.7071067811865475 0.7071067811865476 0
vn 0.5720614028176843 0.7071067811865476 0.41562693777745335
vn 0.21850801222441055 0.7071067811865476 0.6724985119639573
vn -0.21850801222441046 0.7071067811865476 0.6724985119639573
vn -0.5720614028176841 0.7071067811865476 0.41562693777745346
vn -0.7071067811865475 0.7071067811865476 8.659560562354932e-17
vn -0.5720614028176843 0.7071067811865476 -0.4156269377774533
vn -0.2185080122244106 0.7071067811865476 -0.6724985119639573
vn 0.21850801222441038 0.7071067811865476 -0.6724985119639573
vn 0.5720614028176841 0.7071067811865476 -0.41562693777745363
vn 0.7071067811865475 0.7071067811865476 -1.7319121124709863e-16
vn 0.9238795325112868 0.38268343236508984 0
vn 0.7474342425568128 0.38268343236508984 0.5430427641049989
vn 0.28549447630116936 0.38268343236508984 0.8786616496665793
vn -0.28549447630116925 0.38268343236508984 0.8786616496665796
vn -0.7474342425568127 0.38268343236508984 0.543042764104999
vn -0.9238795325112868 0.38268343236508984 1.1314261122877003e-16
vn -0.7474342425568128 0.38268343236508984 -0.5430427641049987
vn -0.2854944763011695 0.38268343236508984 -0.8786616496665793
vn 0.28549447630116914 0.38268343236508984 -0.8786616496665796
vn 0.7474342425568127 0.38268343236508984 -0.543042764104999
vn 0.9238795325112868 0.38268343236508984 -2.2628522245754005e-16
vn 1 6.123233995736766e-17 0
vn 0.8090169943749475 6.123233995736766e-17 0.5877852522924731
vn 0.30901699437494745 6.123233995736766e-17 0.9510565162951536
vn -0.30901699437494734 6.123233995736766e-17 0.9510565162951536
vn -0.8090169943749473 6.123233995736766e-17 0.5877852522924732
vn -1 6.123233995736766e-17 1.2246467991473532e-16
vn -0.8090169943749475 6.123233995736766e-17 -0.587785252292473
vn -0.30901699437494756 6.123233995736766e-17 -0.9510565162951536
vn 0.30901699437494723 6.123233995736766e-17 -0.9510565162951536
vn 0.8090169943749473 6.123233995736766e-17 -0.5877852522924734
vn 1 6.123233995736766e-17 -2.4492935982947064e-16
vn 0.9238795325112868 -0.3826834323650897 0
vn 0.7474342425568128 -0.3826834323650897 0.5430427641049989
vn 0.28549447630116936 -0.3826834323650897 0.8786616496665793
vn -0.28549447630116925 -0.3826834323650897 0.8786616496665796
vn -0.7474342425568127 -0.3826834323650897 0.543042764104999
vn -0.9238795325112868 -0.3826834323650897 1.1314261122877003e-16
vn -0.7474342425568128 -0.3826834323650897 -0.5430427641049987
vn -0.2854944763011695 -0.3826834323650897 -0.8786616496665793
vn 0.28549447630116914 -0.3826834323650897 -0.8786616496665796
vn 0.7474342425568127 -0.3826834323650897 -0.543042764104999
vn 0.9238795325112868 -0.3826834323650897 -2.2628522245754005e-16
vn 0.7071067811865476 -0.7071067811865475 0
vn 0.5720614028176844 -0.7071067811865475 0.41562693777745346
vn 0.21850801222441057 -0.7071067811865475 0.6724985119639574
vn -0.2185080122244105 -0.7071067811865475 0.6724985119639574
vn -0.5720614028176843 -0.7071067811865475 0.4156269377774535
vn -0.7071067811865476 -0.7071067811865475 8.659560562354934e-17
vn -0.5720614028176844 -0.7071067811865475 -0.41562693777745335
vn -0.21850801222441066 -0.7071067811865475 -0.6724985119639574
vn 0.2185080122244104 -0.7071067811865475 -0.6724985119639574
vn 0.5720614028176843 -0.7071067811865475 -0.41562693777745363
vn 0.7071067811865476 -0.7071067811865475 -1.7319121124709868e-16
vn 0.3826834323650899 -0.9238795325112867 0
vn 0.3095974002490935 -0.9238795325112867 0.22493567784086393
vn 0.11825568406654857 -0.9238795325112867 0.3639535720290144
vn -0.11825568406654853 -0.9238795325112867 0.3639535720290144
vn -0.3095974002490935 -0.9238795325112867 0.224935677840864
vn -0.3826834323650899 -0.9238795325112867 4.6865204053263e-17
vn -0.3095974002490935 -0.9238795325112867 -0.2249356778408639
vn -0.11825568406654863 -0.9238795325112867 -0.3639535720290144
vn 0.1182556840665485 -0.9238795325112867 -0.3639535720290144
vn 0.3095974002490935 -0.9238795325112867 -0.22493567784086402
vn 0.3826834323650899 -0.9238795325112867 -9.3730408106526e-17
vn 1.2246467991473532e-16 -1 0
vn 9.907600726170916e-17 -1 7.198293278059966e-17
vn 3.7843667304341506e-17 -1 1.1647083184890923e-16
vn -3.7843667304341493e-17 -1 1.1647083184890926e-16
vn -9.907600726170915e-17 -1 7.198293278059968e-17
vn -1.2246467991473532e-16 -1 1.4997597826618576e-32
vn -9.907600726170916e-17 -1 -7.198293278059965e-17
vn -3.784366730434152e-17 -1 -1.1647083184890923e-16
vn 3.7843667304341475e-17 -1 -1.1647083184890926e-16
vn 9.907600726170915e-17 -1 -7.19829327805997e-17
vn 1.2246467991473532e-16 -1 -2.999519565323715e-32
vn 0 -1 0
vn 0 -1 0
vn 0 -1 0
vn 0 -1 0
vn 0 -1 0
vn 0 -1 0
vn 0 -1 0
vn 0 1 0
vn 0 1 0
vn 0 1 0
vn 0 1 0
vn 0 1 0
vn 0 1 0
vn 0 1 0
vn 0 -1 0
vn 0 1 0
vn 0 1 0
vn 0 1 0
vn 0 1 0
vn 0 1 0
vn 0 1 0
vn 0 1 0
vn 0 1 0
vn 0 1 0
vn 0 1 0
vn 0 1 0
vn 0 1 0
vn 0.3826834323650898 0.9238795325112867 0
vn 0.30959740024909344 0.9238795325112867 0.22493567784086385
vn 0.11825568406654853 0.9238795325112867 0.3639535720290143
vn -0.1182556840665485 0.9238795325112867 0.36395357202901435
vn -0.3095974002490934 0.9238795325112867 0.2249356778408639
vn -0.3826834323650898 0.9238795325112867 4.686520405326298e-17
vn -0.30959740024909344 0.9238795325112867 -0.22493567784086382
vn -0.11825568406654857 0.9238795325112867 -0.3639535720290143
vn 0.11825568406654845 0.9238795325112867 -0.36395357202901435
vn 0.3095974002490934 0.9238795325112867 -0.224935677840864
vn 0.3826834323650898 0.9238795325112867 -9.373040810652596e-17
vn 0.7071067811865475 0.7071067811865476 0
vn 0.5720614028176843 0.7071067811865476 0.41562693777745335
vn 0.21850801222441055 0.7071067811865476 0.6724985119639573
vn -0.21850801222441046 0.7071067811865476 0.6724985119639573
vn -0.5720614028176841 0.7071067811865476 0.41562693777745346
vn -0.7071067811865475 0.7071067811865476 8.659560562354932e-17
vn -0.5720614028176843 0.7071067811865476 -0.4156269377774533
vn -0.2185080122244106 0.7071067811865476 -0.6724985119639573
vn 0.21850801222441038 0.7071067811865476 -0.6724985119639573
vn 0.5720614028176841 0.7071067811865476 -0.41562693777745363
vn 0.7071067811865475 0.7071067811865476 -1.7319121124709863e-16
vn 0.9238795325112868 0.38268343236508984 0
vn 0.7474342425568128 0.38268343236508984 0.5430427641049989
vn 0.28549447630116936 0.38268343236508984 0.8786616496665793
vn -0.28549447630116925 0.38268343236508984 0.8786616496665796
vn -0.7474342425568127 0.38268343236508984 0.543042764104999
vn -0.9238795325112868 0.38268343236508984 1.1314261122877003e-16
vn -0.7474342425568128 0.38268343236508984 -0.5430427641049987
vn -0.2854944763011695 0.38268343236508984 -0.8786616496665793
vn 0.28549447630116914 0.38268343236508984 -0.8786616496665796
vn 0.7474342425568127 0.38268343236508984 -0.543042764104999
vn 0.9238795325112868 0.38268343236508984 -2.2628522245754005e-16
vn 1 6.123233995736766e-17 0
vn 0.8090169943749475 6.123233995736766e-17 0.5877852522924731
vn 0.30901699437494745 6.123233995736766e-17 0.9510565162951536
vn -0.30901699437494734 6.123233995736766e-17 0.9510565162951536
vn -0.8090169943749473 6.123233995736766e-17 0.5877852522924732
vn -1 6.123233995736766e-17 1.2246467991473532e-16
vn -0.8090169943749475 6.123233995736766e-17 -0.587785252292473
vn -0.30901699437494756 6.123233995736766e-17 -0.9510565162951536
vn 0.30901699437494723 6.123233995736766e-17 -0.9510565162951536
vn 0.8090169943749473 6.123233995736766e-17 -0.5877852522924734
vn 1 6.123233995736766e-17 -2.4492935982947064e-16
vn 0.9238795325112868 -0.3826834323650898 0
vn 0.7474342425568128 -0.3826834323650898 0.5430427641049989
vn 0.28549447630116936 -0.3826834323650898 0.8786616496665793
vn -0.28549447630116925 -0.3826834323650898 0.8786616496665796
vn -0.7474342425568127 -0.3826834323650898 0.543042764104999
vn -0.9238795325112868 -0.3826834323650898 1.1314261122877003e-16
vn -0.7474342425568128 -0.3826834323650898 -0.5430427641049987
vn -0.2854944763011695 -0.3826834323650898 -0.8786616496665793
vn 0.28549447630116914 -0.3826834323650898 -0.8786616496665796
vn 0.7474342425568127 -0.3826834323650898 -0.543042764104999
vn 0.9238795325112868 -0.3826834323650898 -2.2628522245754005e-16
vn 0.7071067811865476 -0.7071067811865475 0
vn 0.5720614028176844 -0.7071067811865475 0.41562693777745346
vn 0.21850801222441057 -0.7071067811865475 0.6724985119639574
vn -0.2185080122244105 -0.7071067811865475 0.6724985119639574
vn -0.5720614028176843 -0.7071067811865475 0.4156269377774535
vn -0.7071067811865476 -0.7071067811865475 8.659560562354934e-17
vn -0.5720614028176844 -0.7071067811865475 -0.41562693777745335
vn -0.21850801222441066 -0.7071067811865475 -0.6724985119639574
vn 0.2185080122244104 -0.7071067811865475 -0.6724985119639574
vn 0.5720614028176843 -0.7071067811865475 -0.41562693777745363
vn 0.7071067811865476 -0.7071067811865475 -1.7319121124709868e-16
vn 0.3826834323650899 -0.9238795325112867 0
vn 0.3095974002490935 -0.9238795325112867 0.22493567784086393
vn 0.11825568406654857 -0.9238795325112867 0.3639535720290144
vn -0.11825568406654853 -0.9238795325112867 0.3639535720290144
vn -0.3095974002490935 -0.9238795325112867 0.224935677840864
vn -0.3826834323650899 -0.9238795325112867 4.6865204053263e-17
vn -0.3095974002490935 -0.9238795325112867 -0.2249356778408639
vn -0.11825568406654863 -0.9238795325112867 -0.3639535720290144
vn 0.1182556840665485 -0.9238795325112867 -0.3639535720290144
vn 0.3095974002490935 -0.9238795325112867 -0.22493567784086402
vn 0.3826834323650899 -0.9238795325112867 -9.3730408106526e-17
vn 1.2246467991473532e-16 -1 0
vn 9.907600726170916e-17 -1 7.198293278059966e-17
vn 3.7843667304341506e-17 -1 1.1647083184890923e-16
vn -3.7843667304341493e-17 -1 1.1647083184890926e-16
vn -9.907600726170915e-17 -1 7.198293278059968e-17
vn -1.2246467991473532e-16 -1 1.4997597826618576e-32
vn -9.907600726170916e-17 -1 -7.198293278059965e-17
vn -3.784366730434152e-17 -1 -1.1647083184890923e-16
vn 3.7843667304341475e-17 -1 -1.1647083184890926e-16
vn 9.907600726170915e-17 -1 -7.19829327805997e-17
vn 1.2246467991473532e-16 -1 -2.999519565323715e-32
vn 0 -1 0
vn 0 -1 0
vn 0 -1 0
vn 0 -1 0
vn 0 -1 0
vn 0 -1 0
vn 0 -1 0
vn 0 1 0
vn 0 1 0
vn 0 1 0
vn 0 1 0
vn 0 1 0
vn 0 1 0
vn 0 1 0
vn 0 -1 0
vn 0 1 0
vn 0 1 0
vn 0 1 0
vn 0 1 0
vn 0 1 0
vn 0 1 0
vn 0 1 0
vn 0 1 0
vn 0 1 0
vn 0 1 0
vn 0 1 0
vn 0 1 0
vn 0.3826834323650898 0.9238795325112867 0
vn 0.30959740024909344 0.9238795325112867 0.22493567784086385
vn 0.11825568406654853 0.9238795325112867 0.3639535720290143
vn -0.1182556840665485 0.9238795325112867 0.36395357202901435
vn -0.3095974002490934 0.9238795325112867 0.2249356778408639
vn -0.3826834323650898 0.9238795325112867 4.686520405326298e-17
vn -0.30959740024909344 0.9238795325112867 -0.22493567784086382
vn -0.11825568406654857 0.9238795325112867 -0.3639535720290143
vn 0.11825568406654845 0.9238795325112867 -0.36395357202901435
vn 0.3095974002490934 0.9238795325112867 -0.224935677840864
vn 0.3826834323650898 0.9238795325112867 -9.373040810652596e-17
vn 0.7071067811865475 0.7071067811865476 0
vn 0.5720614028176843 0.7071067811865476 0.41562693777745335
vn 0.21850801222441055 0.7071067811865476 0.6724985119639573
vn -0.21850801222441046 0.7071067811865476 0.6724985119639573
vn -0.5720614028176841 0.7071067811865476 0.41562693777745346
vn -0.7071067811865475 0.7071067811865476 8.659560562354932e-17
vn -0.5720614028176843 0.7071067811865476 -0.4156269377774533
vn -0.2185080122244106 0.7071067811865476 -0.6724985119639573
vn 0.21850801222441038 0.7071067811865476 -0.6724985119639573
vn 0.5720614028176841 0.7071067811865476 -0.41562693777745363
vn 0.7071067811865475 0.7071067811865476 -1.7319121124709863e-16
vn 0.9238795325112868 0.38268343236508984 0
vn 0.7474342425568128 0.38268343236508984 0.5430427641049989
vn 0.28549447630116936 0.38268343236508984 0.8786616496665793
vn -0.28549447630116925 0.38268343236508984 0.8786616496665796
vn -0.7474342425568127 0.38268343236508984 0.543042764104999
vn -0.9238795325112868 0.38268343236508984 1.1314261122877003e-16
vn -0.7474342425568128 0.38268343236508984 -0.5430427641049987
vn -0.2854944763011695 0.38268343236508984 -0.8786616496665793
vn 0.28549447630116914 0.38268343236508984 -0.8786616496665796
vn 0.7474342425568127 0.38268343236508984 -0.543042764104999
vn 0.9238795325112868 0.38268343236508984 -2.2628522245754005e-16
vn 1 6.123233995736766e-17 0
vn 0.8090169943749475 6.123233995736766e-17 0.5877852522924731
vn 0.30901699437494745 6.123233995736766e-17 0.9510565162951536
vn -0.30901699437494734 6.123233995736766e-17 0.9510565162951536
vn -0.8090169943749473 6.123233995736766e-17 0.5877852522924732
vn -1 6.123233995736766e-17 1.2246467991473532e-16
vn -0.8090169943749475 6.123233995736766e-17 -0.587785252292473
vn -0.30901699437494756 6.123233995736766e-17 -0.9510565162951536
vn 0.30901699437494723 6.123233995736766e-17 -0.9510565162951536
vn 0.8090169943749473 6.123233995736766e-17 -0.5877852522924734
vn 1 6.123233995736766e-17 -2.4492935982947064e-16
vn 0.9238795325112868 -0.3826834323650897 0
vn 0.7474342425568128 -0.3826834323650897 0.5430427641049989
vn 0.28549447630116936 -0.3826834323650897 0.8786616496665793
vn -0.28549447630116925 -0.3826834323650897 0.8786616496665796
vn -0.7474342425568127 -0.3826834323650897 0.543042764104999
vn -0.9238795325112868 -0.3826834323650897 1.1314261122877003e-16
vn -0.7474342425568128 -0.3826834323650897 -0.5430427641049987
vn -0.2854944763011695 -0.3826834323650897 -0.8786616496665793
vn 0.28549447630116914 -0.3826834323650897 -0.8786616496665796
vn 0.7474342425568127 -0.3826834323650897 -0.543042764104999
vn 0.9238795325112868 -0.3826834323650897 -2.2628522245754005e-16
vn 0.7071067811865476 -0.7071067811865475 0
vn 0.5720614028176844 -0.7071067811865475 0.41562693777745346
vn 0.21850801222441057 -0.7071067811865475 0.6724985119639574
vn -0.2185080122244105 -0.7071067811865475 0.6724985119639574
vn -0.5720614028176843 -0.7071067811865475 0.4156269377774535
vn -0.7071067811865476 -0.7071067811865475 8.659560562354934e-17
vn -0.5720614028176844 -0.7071067811865475 -0.41562693777745335
vn -0.21850801222441066 -0.7071067811865475 -0.6724985119639574
vn 0.2185080122244104 -0.7071067811865475 -0.6724985119639574
vn 0.5720614028176843 -0.7071067811865475 -0.41562693777745363
vn 0.7071067811865476 -0.7071067811865475 -1.7319121124709868e-16
vn 0.3826834323650899 -0.9238795325112867 0
vn 0.3095974002490935 -0.9238795325112867 0.22493567784086393
vn 0.11825568406654857 -0.9238795325112867 0.3639535720290144
vn -0.11825568406654853 -0.9238795325112867 0.3639535720290144
vn -0.3095974002490935 -0.9238795325112867 0.224935677840864
vn -0.3826834323650899 -0.9238795325112867 4.6865204053263e-17
vn -0.3095974002490935 -0.9238795325112867 -0.2249356778408639
vn -0.11825568406654863 -0.9238795325112867 -0.3639535720290144
vn 0.1182556840665485 -0.9238795325112867 -0.3639535720290144
vn 0.3095974002490935 -0.9238795325112867 -0.22493567784086402
vn 0.3826834323650899 -0.9238795325112867 -9.3730408106526e-17
vn 1.2246467991473532e-16 -1 0
vn 9.907600726170916e-17 -1 7.198293278059966e-17
vn 3.7843667304341506e-17 -1 1.1647083184890923e-16
vn -3.7843667304341493e-17 -1 1.1647083184890926e-16
vn -9.907600726170915e-17 -1 7.198293278059968e-17
vn -1.2246467991473532e-16 -1 1.4997597826618576e-32
vn -9.907600726170916e-17 -1 -7.198293278059965e-17
vn -3.784366730434152e-17 -1 -1.1647083184890923e-16
vn 3.7843667304341475e-17 -1 -1.1647083184890926e-16
vn 9.907600726170915e-17 -1 -7.19829327805997e-17
vn 1.2246467991473532e-16 -1 -2.999519565323715e-32
vn 0 -1 0
vn 0 -1 0
vn 0 -1 0
vn 0 -1 0
vn 0 -1 0
vn 0 -1 0
vn 0 -1 0
vn 0 1 0
vn 0 1 0
vn 0 1 0
vn 0 1 0
vn 0 1 0
vn 0 1 0
vn 0 1 0
vn 0 -1 0
vn 0 1 0
vn 0 1 0
vn 0 1 0
vn 0 1 0
vn 0 1 0
vn 0 1 0
vn 0 1 0
vn 0 1 0
vn 0 1 0
vn 0 1 0
vn 0 1 0
vn 0 1 0
vn 0.3826834323650898 0.9238795325112866 0
vn 0.30959740024909344 0.9238795325112866 0.22493567784086385
vn 0.11825568406654853 0.9238795325112866 0.3639535720290143
vn -0.11825568406654849 0.9238795325112866 0.36395357202901435
vn -0.3095974002490934 0.9238795325112866 0.2249356778408639
vn -0.3826834323650898 0.9238795325112866 4.6865204053262986e-17
vn -0.30959740024909344 0.9238795325112866 -0.22493567784086382
vn -0.11825568406654857 0.9238795325112866 -0.3639535720290143
vn 0.11825568406654845 0.9238795325112866 -0.36395357202901435
vn 0.3095974002490934 0.9238795325112866 -0.22493567784086393
vn 0.3826834323650898 0.9238795325112866 -9.373040810652597e-17
vn 0.7071067811865475 0.7071067811865476 0
vn 0.5720614028176843 0.7071067811865476 0.41562693777745335
vn 0.21850801222441055 0.7071067811865476 0.6724985119639573
vn -0.21850801222441046 0.7071067811865476 0.6724985119639573
vn -0.5720614028176841 0.7071067811865476 0.41562693777745346
vn -0.7071067811865475 0.7071067811865476 8.659560562354932e-17
vn -0.5720614028176843 0.7071067811865476 -0.4156269377774533
vn -0.2185080122244106 0.7071067811865476 -0.6724985119639573
vn 0.21850801222441038 0.7071067811865476 -0.6724985119639573
vn 0.5720614028176841 0.7071067811865476 -0.4156269377774535
vn 0.7071067811865475 0.7071067811865476 -1.7319121124709863e-16
vn 0.9238795325112867 0.38268343236508984 0
vn 0.7474342425568128 0.38268343236508984 0.5430427641049989
vn 0.28549447630116936 0.38268343236508984 0.8786616496665794
vn -0.28549447630116925 0.38268343236508984 0.8786616496665797
vn -0.7474342425568127 0.38268343236508984 0.543042764104999
vn -0.9238795325112867 0.38268343236508984 1.1314261122877003e-16
vn -0.7474342425568128 0.38268343236508984 -0.5430427641049987
vn -0.2854944763011695 0.38268343236508984 -0.8786616496665794
vn 0.28549447630116914 0.38268343236508984 -0.8786616496665797
vn 0.7474342425568127 0.38268343236508984 -0.543042764104999
vn 0.9238795325112867 0.38268343236508984 -2.2628522245754005e-16
vn 1 6.123233995736766e-17 0
vn 0.8090169943749475 6.123233995736766e-17 0.5877852522924731
vn 0.30901699437494745 6.123233995736766e-17 0.9510565162951536
vn -0.30901699437494734 6.123233995736766e-17 0.9510565162951536
vn -0.8090169943749473 6.123233995736766e-17 0.5877852522924732
vn -1 6.123233995736766e-17 1.2246467991473532e-16
vn -0.8090169943749475 6.123233995736766e-17 -0.587785252292473
vn -0.30901699437494756 6.123233995736766e-17 -0.9510565162951536
vn 0.30901699437494723 6.123233995736766e-17 -0.9510565162951536
vn 0.8090169943749473 6.123233995736766e-17 -0.5877852522924734
vn 1 6.123233995736766e-17 -2.4492935982947064e-16
vn 0.9238795325112867 -0.3826834323650897 0
vn 0.7474342425568128 -0.3826834323650897 0.5430427641049989
vn 0.28549447630116936 -0.3826834323650897 0.8786616496665794
vn -0.28549447630116925 -0.3826834323650897 0.8786616496665797
vn -0.7474342425568127 -0.3826834323650897 0.543042764104999
vn -0.9238795325112867 -0.3826834323650897 1.1314261122877003e-16
vn -0.7474342425568128 -0.3826834323650897 -0.5430427641049987
vn -0.2854944763011695 -0.3826834323650897 -0.8786616496665794
vn 0.28549447630116914 -0.3826834323650897 -0.8786616496665797
vn 0.7474342425568127 -0.3826834323650897 -0.543042764104999
vn 0.9238795325112867 -0.3826834323650897 -2.2628522245754005e-16
vn 0.7071067811865476 -0.7071067811865475 0
vn 0.5720614028176844 -0.7071067811865475 0.41562693777745346
vn 0.21850801222441057 -0.7071067811865475 0.6724985119639574
vn -0.2185080122244105 -0.7071067811865475 0.6724985119639574
vn -0.5720614028176843 -0.7071067811865475 0.4156269377774535
vn -0.7071067811865476 -0.7071067811865475 8.659560562354934e-17
vn -0.5720614028176844 -0.7071067811865475 -0.41562693777745335
vn -0.21850801222441066 -0.7071067811865475 -0.6724985119639574
vn 0.2185080122244104 -0.7071067811865475 -0.6724985119639574
vn 0.5720614028176843 -0.7071067811865475 -0.41562693777745363
vn 0.7071067811865476 -0.7071067811865475 -1.7319121124709868e-16
vn 0.3826834323650899 -0.9238795325112866 0
vn 0.3095974002490935 -0.9238795325112866 0.22493567784086393
vn 0.11825568406654857 -0.9238795325112866 0.3639535720290144
vn -0.11825568406654853 -0.9238795325112866 0.36395357202901446
vn -0.3095974002490935 -0.9238795325112866 0.224935677840864
vn -0.3826834323650899 -0.9238795325112866 4.6865204053263004e-17
vn -0.3095974002490935 -0.9238795325112866 -0.2249356778408639
vn -0.11825568406654861 -0.9238795325112866 -0.3639535720290144
vn 0.11825568406654849 -0.9238795325112866 -0.36395357202901446
vn 0.3095974002490935 -0.9238795325112866 -0.22493567784086402
vn 0.3826834323650899 -0.9238795325112866 -9.373040810652601e-17
vn 1.2246467991473532e-16 -1 0
vn 9.907600726170916e-17 -1 7.198293278059966e-17
vn 3.7843667304341506e-17 -1 1.1647083184890923e-16
vn -3.7843667304341493e-17 -1 1.1647083184890926e-16
vn -9.907600726170915e-17 -1 7.198293278059968e-17
vn -1.2246467991473532e-16 -1 1.4997597826618576e-32
vn -9.907600726170916e-17 -1 -7.198293278059965e-17
vn -3.784366730434152e-17 -1 -1.1647083184890923e-16
vn 3.7843667304341475e-17 -1 -1.1647083184890926e-16
vn 9.907600726170915e-17 -1 -7.19829327805997e-17
vn 1.2246467991473532e-16 -1 -2.999519565323715e-32
vn 0 -1 0
vn 0 -1 0
vn 0 -1 0
vn 0 -1 0
vn 0 -1 0
vn 0 -1 0
vn 0 -1 0
vn 0 1 0
vn 0 1 0
vn 0 1 0
vn 0 1 0
vn 0 1 0
vn 0 1 0
vn 0 1 0
vn 0 -1 0
vn 0 1 0
vn 0 1 0
vn 0 1 0
vn 0 1 0
vn 0 1 0
vn 0 1 0
vn 0 1 0
vn 0 1 0
vn 0 1 0
vn 0 1 0
vn 0 1 0
vn 0 1 0
vn 0.3826834323650898 0.9238795325112866 0
vn 0.30959740024909344 0.9238795325112866 0.22493567784086385
vn 0.11825568406654853 0.9238795325112866 0.3639535720290143
vn -0.11825568406654849 0.9238795325112866 0.36395357202901435
vn -0.3095974002490934 0.9238795325112866 0.2249356778408639
vn -0.3826834323650898 0.9238795325112866 4.6865204053262986e-17
vn -0.30959740024909344 0.9238795325112866 -0.22493567784086382
vn -0.11825568406654857 0.9238795325112866 -0.3639535720290143
vn 0.11825568406654845 0.9238795325112866 -0.36395357202901435
vn 0.3095974002490934 0.9238795325112866 -0.22493567784086393
vn 0.3826834323650898 0.9238795325112866 -9.373040810652597e-17
vn 0.7071067811865475 0.7071067811865476 0
vn 0.5720614028176843 0.7071067811865476 0.41562693777745335
vn 0.21850801222441055 0.7071067811865476 0.6724985119639573
vn -0.21850801222441046 0.7071067811865476 0.6724985119639573
vn -0.5720614028176841 0.7071067811865476 0.41562693777745346
vn -0.7071067811865475 0.7071067811865476 8.659560562354932e-17
vn -0.5720614028176843 0.7071067811865476 -0.4156269377774533
vn -0.2185080122244106 0.7071067811865476 -0.6724985119639573
vn 0.21850801222441038 0.7071067811865476 -0.6724985119639573
vn 0.5720614028176841 0.7071067811865476 -0.4156269377774535
vn 0.7071067811865475 0.7071067811865476 -1.7319121124709863e-16
vn 0.9238795325112867 0.38268343236508984 0
vn 0.7474342425568128 0.38268343236508984 0.5430427641049989
vn 0.28549447630116936 0.38268343236508984 0.8786616496665794
vn -0.28549447630116925 0.38268343236508984 0.8786616496665797
vn -0.7474342425568127 0.38268343236508984 0.543042764104999
vn -0.9238795325112867 0.38268343236508984 1.1314261122877003e-16
vn -0.7474342425568128 0.38268343236508984 -0.5430427641049987
vn -0.2854944763011695 0.38268343236508984 -0.8786616496665794
vn 0.28549447630116914 0.38268343236508984 -0.8786616496665797
vn 0.7474342425568127 0.38268343236508984 -0.543042764104999
vn 0.9238795325112867 0.38268343236508984 -2.2628522245754005e-16
vn 1 6.123233995736766e-17 0
vn 0.8090169943749475 6.123233995736766e-17 0.5877852522924731
vn 0.30901699437494745 6.123233995736766e-17 0.9510565162951536
vn -0.30901699437494734 6.123233995736766e-17 0.9510565162951536
vn -0.8090169943749473 6.123233995736766e-17 0.5877852522924732
vn -1 6.123233995736766e-17 1.2246467991473532e-16
vn -0.8090169943749475 6.123233995736766e-17 -0.587785252292473
vn -0.30901699437494756 6.123233995736766e-17 -0.9510565162951536
vn 0.30901699437494723 6.123233995736766e-17 -0.9510565162951536
vn 0.8090169943749473 6.123233995736766e-17 -0.5877852522924734
vn 1 6.123233995736766e-17 -2.4492935982947064e-16
vn 0.9238795325112867 -0.3826834323650897 0
vn 0.7474342425568128 -0.3826834323650897 0.5430427641049989
vn 0.28549447630116936 -0.3826834323650897 0.8786616496665794
vn -0.28549447630116925 -0.3826834323650897 0.8786616496665797
vn -0.7474342425568127 -0.3826834323650897 0.543042764104999
vn -0.9238795325112867 -0.3826834323650897 1.1314261122877003e-16
vn -0.7474342425568128 -0.3826834323650897 -0.5430427641049987
vn -0.2854944763011695 -0.3826834323650897 -0.8786616496665794
vn 0.28549447630116914 -0.3826834323650897 -0.8786616496665797
vn 0.7474342425568127 -0.3826834323650897 -0.543042764104999
vn 0.9238795325112867 -0.3826834323650897 -2.2628522245754005e-16
vn 0.7071067811865476 -0.7071067811865475 0
vn 0.5720614028176844 -0.7071067811865475 0.41562693777745346
vn 0.21850801222441057 -0.7071067811865475 0.6724985119639574
vn -0.2185080122244105 -0.7071067811865475 0.6724985119639574
vn -0.5720614028176843 -0.7071067811865475 0.4156269377774535
vn -0.7071067811865476 -0.7071067811865475 8.659560562354934e-17
vn -0.5720614028176844 -0.7071067811865475 -0.41562693777745335
vn -0.21850801222441066 -0.7071067811865475 -0.6724985119639574
vn 0.2185080122244104 -0.7071067811865475 -0.6724985119639574
vn 0.5720614028176843 -0.7071067811865475 -0.41562693777745363
vn 0.7071067811865476 -0.7071067811865475 -1.7319121124709868e-16
vn 0.3826834323650899 -0.9238795325112866 0
vn 0.3095974002490935 -0.9238795325112866 0.22493567784086393
vn 0.11825568406654857 -0.9238795325112866 0.3639535720290144
vn -0.11825568406654853 -0.9238795325112866 0.36395357202901446
vn -0.3095974002490935 -0.9238795325112866 0.224935677840864
vn -0.3826834323650899 -0.9238795325112866 4.6865204053263004e-17
vn -0.3095974002490935 -0.9238795325112866 -0.2249356778408639
vn -0.11825568406654861 -0.9238795325112866 -0.3639535720290144
vn 0.11825568406654849 -0.9238795325112866 -0.36395357202901446
vn 0.3095974002490935 -0.9238795325112866 -0.22493567784086402
vn 0.3826834323650899 -0.9238795325112866 -9.373040810652601e-17
vn 1.2246467991473532e-16 -1 0
vn 9.907600726170916e-17 -1 7.198293278059966e-17
vn 3.7843667304341506e-17 -1 1.1647083184890923e-16
vn -3.7843667304341493e-17 -1 1.1647083184890926e-16
vn -9.907600726170915e-17 -1 7.198293278059968e-17
vn -1.2246467991473532e-16 -1 1.4997597826618576e-32
vn -9.907600726170916e-17 -1 -7.198293278059965e-17
vn -3.784366730434152e-17 -1 -1.1647083184890923e-16
vn 3.7843667304341475e-17 -1 -1.1647083184890926e-16
vn 9.907600726170915e-17 -1 -7.19829327805997e-17
vn 1.2246467991473532e-16 -1 -2.999519565323715e-32
vn 0 -1 0
vn 0 -1 0
vn 0 -1 0
vn 0 -1 0
vn 0 -1 0
vn 0 -1 0
vn 0 -1 0
vn 0 1 0
vn 0 1 0
vn 0 1 0
vn 0 1 0
vn 0 1 0
vn 0 1 0
vn 0 1 0
vn 0 -1 0
vn 0 1 0
vn 0 1 0
vn 0 1 0
vn 0 1 0
vn 0 1 0
vn 0 1 0
vn 0 1 0
vn 0 1 0
vn 0 1 0
vn 0 1 0
vn 0 1 0
vn 0 1 0
vn 0.3826834323650898 0.9238795325112867 0
vn 0.30959740024909344 0.9238795325112867 0.22493567784086385
vn 0.11825568406654853 0.9238795325112867 0.3639535720290143
vn -0.11825568406654849 0.9238795325112867 0.36395357202901435
vn -0.3095974002490934 0.9238795325112867 0.2249356778408639
vn -0.3826834323650898 0.9238795325112867 4.6865204053262986e-17
vn -0.30959740024909344 0.9238795325112867 -0.22493567784086382
vn -0.11825568406654857 0.9238795325112867 -0.3639535720290143
vn 0.11825568406654845 0.9238795325112867 -0.36395357202901435
vn 0.3095974002490934 0.9238795325112867 -0.22493567784086393
vn 0.3826834323650898 0.9238795325112867 -9.373040810652597e-17
vn 0.7071067811865475 0.7071067811865476 0
vn 0.5720614028176843 0.7071067811865476 0.41562693777745335
vn 0.21850801222441055 0.7071067811865476 0.6724985119639573
vn -0.21850801222441046 0.7071067811865476 0.6724985119639573
vn -0.5720614028176841 0.7071067811865476 0.41562693777745346
vn -0.7071067811865475 0.7071067811865476 8.659560562354932e-17
vn -0.5720614028176843 0.7071067811865476 -0.4156269377774533
vn -0.2185080122244106 0.7071067811865476 -0.6724985119639573
vn 0.21850801222441038 0.7071067811865476 -0.6724985119639573
vn 0.5720614028176841 0.7071067811865476 -0.4156269377774535
vn 0.7071067811865475 0.7071067811865476 -1.7319121124709863e-16
vn 0.9238795325112867 0.38268343236508984 0
vn 0.7474342425568128 0.38268343236508984 0.5430427641049989
vn 0.28549447630116936 0.38268343236508984 0.8786616496665794
vn -0.28549447630116925 0.38268343236508984 0.8786616496665797
vn -0.7474342425568127 0.38268343236508984 0.543042764104999
vn -0.9238795325112867 0.38268343236508984 1.1314261122877003e-16
vn -0.7474342425568128 0.38268343236508984 -0.5430427641049987
vn -0.2854944763011695 0.38268343236508984 -0.8786616496665794
vn 0.28549447630116914 0.38268343236508984 -0.8786616496665797
vn 0.7474342425568127 0.38268343236508984 -0.543042764104999
vn 0.9238795325112867 0.38268343236508984 -2.2628522245754005e-16
vn 1 6.123233995736766e-17 0
vn 0.8090169943749475 6.123233995736766e-17 0.5877852522924731
vn 0.30901699437494745 6.123233995736766e-17 0.9510565162951536
vn -0.30901699437494734 6.123233995736766e-17 0.9510565162951536
vn -0.8090169943749473 6.123233995736766e-17 0.5877852522924732
vn -1 6.123233995736766e-17 1.2246467991473532e-16
vn -0.8090169943749475 6.123233995736766e-17 -0.587785252292473
vn -0.30901699437494756 6.123233995736766e-17 -0.9510565162951536
vn 0.30901699437494723 6.123233995736766e-17 -0.9510565162951536
vn 0.8090169943749473 6.123233995736766e-17 -0.5877852522924734
vn 1 6.123233995736766e-17 -2.4492935982947064e-16
vn 0.9238795325112867 -0.3826834323650897 0
vn 0.7474342425568128 -0.3826834323650897 0.5430427641049989
vn 0.28549447630116936 -0.3826834323650897 0.8786616496665794
vn -0.28549447630116925 -0.3826834323650897 0.8786616496665797
vn -0.7474342425568127 -0.3826834323650897 0.543042764104999
vn -0.9238795325112867 -0.3826834323650897 1.1314261122877003e-16
vn -0.7474342425568128 -0.3826834323650897 -0.5430427641049987
vn -0.2854944763011695 -0.3826834323650897 -0.8786616496665794
vn 0.28549447630116914 -0.3826834323650897 -0.8786616496665797
vn 0.7474342425568127 -0.3826834323650897 -0.543042764104999
vn 0.9238795325112867 -0.3826834323650897 -2.2628522245754005e-16
vn 0.7071067811865476 -0.7071067811865474 0
vn 0.5720614028176844 -0.7071067811865474 0.41562693777745346
vn 0.21850801222441057 -0.7071067811865474 0.6724985119639574
vn -0.2185080122244105 -0.7071067811865474 0.6724985119639574
vn -0.5720614028176843 -0.7071067811865474 0.4156269377774535
vn -0.7071067811865476 -0.7071067811865474 8.659560562354934e-17
vn -0.5720614028176844 -0.7071067811865474 -0.41562693777745335
vn -0.21850801222441066 -0.7071067811865474 -0.6724985119639574
vn 0.2185080122244104 -0.7071067811865474 -0.6724985119639574
vn 0.5720614028176843 -0.7071067811865474 -0.41562693777745363
vn 0.7071067811865476 -0.7071067811865474 -1.7319121124709868e-16
vn 0.3826834323650899 -0.9238795325112867 0
vn 0.3095974002490935 -0.9238795325112867 0.22493567784086393
vn 0.11825568406654857 -0.9238795325112867 0.3639535720290144
vn -0.11825568406654853 -0.9238795325112867 0.36395357202901446
vn -0.3095974002490935 -0.9238795325112867 0.224935677840864
vn -0.3826834323650899 -0.9238795325112867 4.6865204053263004e-17
vn -0.3095974002490935 -0.9238795325112867 -0.2249356778408639
vn -0.11825568406654861 -0.9238795325112867 -0.3639535720290144
vn 0.11825568406654849 -0.9238795325112867 -0.36395357202901446
vn 0.3095974002490935 -0.9238795325112867 -0.22493567784086402
vn 0.3826834323650899 -0.9238795325112867 -9.373040810652601e-17
vn 1.2246467991473532e-16 -1 0
vn 9.907600726170916e-17 -1 7.198293278059966e-17
vn 3.7843667304341506e-17 -1 1.1647083184890923e-16
vn -3.7843667304341493e-17 -1 1.1647083184890926e-16
vn -9.907600726170915e-17 -1 7.198293278059968e-17
vn -1.2246467991473532e-16 -1 1.4997597826618576e-32
vn -9.907600726170916e-17 -1 -7.198293278059965e-17
vn -3.784366730434152e-17 -1 -1.1647083184890923e-16
vn 3.7843667304341475e-17 -1 -1.1647083184890926e-16
vn 9.907600726170915e-17 -1 -7.19829327805997e-17
vn 1.2246467991473532e-16 -1 -2.999519565323715e-32
vn 0 -1 0
vn 0 -1 0
vn 0 -1 0
vn 0 -1 0
vn 0 -1 0
vn 0 -1 0
vn 0 -1 0
vn 0 1 0
vn 0 1 0
vn 0 1 0
vn 0 1 0
vn 0 1 0
vn 0 1 0
vn 0 1 0
vn 0 -1 0
vn 0 1 0
vn 0 1 0
vn 0 1 0
vn 0 1 0
vn 0 1 0
vn 0 1 0
vn 0 1 0
vn 0 1 0
vn 0 1 0
vn 0 1 0
vn 0 1 0
vn 0 1 0
vn 0.3826834323650898 0.9238795325112867 0
vn 0.30959740024909344 0.9238795325112867 0.22493567784086385
vn 0.11825568406654853 0.9238795325112867 0.3639535720290143
vn -0.11825568406654849 0.9238795325112867 0.36395357202901435
vn -0.3095974002490934 0.9238795325112867 0.2249356778408639
vn -0.3826834323650898 0.9238795325112867 4.6865204053262986e-17
vn -0.30959740024909344 0.9238795325112867 -0.22493567784086382
vn -0.11825568406654857 0.9238795325112867 -0.3639535720290143
vn 0.11825568406654845 0.9238795325112867 -0.36395357202901435
vn 0.3095974002490934 0.9238795325112867 -0.22493567784086393
vn 0.3826834323650898 0.9238795325112867 -9.373040810652597e-17
vn 0.7071067811865475 0.7071067811865476 0
vn 0.5720614028176843 0.7071067811865476 0.41562693777745335
vn 0.21850801222441055 0.7071067811865476 0.6724985119639573
vn -0.21850801222441046 0.7071067811865476 0.6724985119639573
vn -0.5720614028176841 0.7071067811865476 0.41562693777745346
vn -0.7071067811865475 0.7071067811865476 8.659560562354932e-17
vn -0.5720614028176843 0.7071067811865476 -0.4156269377774533
vn -0.2185080122244106 0.7071067811865476 -0.6724985119639573
vn 0.21850801222441038 0.7071067811865476 -0.6724985119639573
vn 0.5720614028176841 0.7071067811865476 -0.4156269377774535
vn 0.7071067811865475 0.7071067811865476 -1.7319121124709863e-16
vn 0.9238795325112867 0.38268343236508984 0
vn 0.7474342425568128 0.38268343236508984 0.5430427641049989
vn 0.28549447630116936 0.38268343236508984 0.8786616496665794
vn -0.28549447630116925 0.38268343236508984 0.8786616496665797
vn -0.7474342425568127 0.38268343236508984 0.543042764104999
vn -0.9238795325112867 0.38268343236508984 1.1314261122877003e-16
vn -0.7474342425568128 0.38268343236508984 -0.5430427641049987
vn -0.2854944763011695 0.38268343236508984 -0.8786616496665794
vn 0.28549447630116914 0.38268343236508984 -0.8786616496665797
vn 0.7474342425568127 0.38268343236508984 -0.543042764104999
vn 0.9238795325112867 0.38268343236508984 -2.2628522245754005e-16
vn 1 6.123233995736766e-17 0
vn 0.8090169943749475 6.123233995736766e-17 0.5877852522924731
vn 0.30901699437494745 6.123233995736766e-17 0.9510565162951536
vn -0.30901699437494734 6.123233995736766e-17 0.9510565162951536
vn -0.8090169943749473 6.123233995736766e-17 0.5877852522924732
vn -1 6.123233995736766e-17 1.2246467991473532e-16
vn -0.8090169943749475 6.123233995736766e-17 -0.587785252292473
vn -0.30901699437494756 6.123233995736766e-17 -0.9510565162951536
vn 0.30901699437494723 6.123233995736766e-17 -0.9510565162951536
vn 0.8090169943749473 6.123233995736766e-17 -0.5877852522924734
vn 1 6.123233995736766e-17 -2.4492935982947064e-16
vn 0.9238795325112867 -0.3826834323650897 0
vn 0.7474342425568128 -0.3826834323650897 0.5430427641049989
vn 0.28549447630116936 -0.3826834323650897 0.8786616496665794
vn -0.28549447630116925 -0.3826834323650897 0.8786616496665797
vn -0.7474342425568127 -0.3826834323650897 0.543042764104999
vn -0.9238795325112867 -0.3826834323650897 1.1314261122877003e-16
vn -0.7474342425568128 -0.3826834323650897 -0.5430427641049987
vn -0.2854944763011695 -0.3826834323650897 -0.8786616496665794
vn 0.28549447630116914 -0.3826834323650897 -0.8786616496665797
vn 0.7474342425568127 -0.3826834323650897 -0.543042764104999
vn 0.9238795325112867 -0.3826834323650897 -2.2628522245754005e-16
vn 0.7071067811865476 -0.7071067811865475 0
vn 0.5720614028176844 -0.7071067811865475 0.41562693777745346
vn 0.21850801222441057 -0.7071067811865475 0.6724985119639574
vn -0.2185080122244105 -0.7071067811865475 0.6724985119639574
vn -0.5720614028176843 -0.7071067811865475 0.4156269377774535
vn -0.7071067811865476 -0.7071067811865475 8.659560562354934e-17
vn -0.5720614028176844 -0.7071067811865475 -0.41562693777745335
vn -0.21850801222441066 -0.7071067811865475 -0.6724985119639574
vn 0.2185080122244104 -0.7071067811865475 -0.6724985119639574
vn 0.5720614028176843 -0.7071067811865475 -0.41562693777745363
vn 0.7071067811865476 -0.7071067811865475 -1.7319121124709868e-16
vn 0.3826834323650899 -0.9238795325112867 0
vn 0.3095974002490935 -0.9238795325112867 0.22493567784086393
vn 0.11825568406654857 -0.9238795325112867 0.3639535720290144
vn -0.11825568406654853 -0.9238795325112867 0.36395357202901446
vn -0.3095974002490935 -0.9238795325112867 0.224935677840864
vn -0.3826834323650899 -0.9238795325112867 4.6865204053263004e-17
vn -0.3095974002490935 -0.9238795325112867 -0.2249356778408639
vn -0.11825568406654861 -0.9238795325112867 -0.3639535720290144
vn 0.11825568406654849 -0.9238795325112867 -0.36395357202901446
vn 0.3095974002490935 -0.9238795325112867 -0.22493567784086402
vn 0.3826834323650899 -0.9238795325112867 -9.373040810652601e-17
vn 1.2246467991473532e-16 -1 0
vn 9.907600726170916e-17 -1 7.198293278059966e-17
vn 3.7843667304341506e-17 -1 1.1647083184890923e-16
vn -3.7843667304341493e-17 -1 1.1647083184890926e-16
vn -9.907600726170915e-17 -1 7.198293278059968e-17
vn -1.2246467991473532e-16 -1 1.4997597826618576e-32
vn -9.907600726170916e-17 -1 -7.198293278059965e-17
vn -3.784366730434152e-17 -1 -1.1647083184890923e-16
vn 3.7843667304341475e-17 -1 -1.1647083184890926e-16
vn 9.907600726170915e-17 -1 -7.19829327805997e-17
vn 1.2246467991473532e-16 -1 -2.999519565323715e-32
vn 0 -1 0
vn 0 -1 0
vn 0 -1 0
vn 0 -1 0
vn 0 -1 0
vn 0 -1 0
vn 0 -1 0
vn 0 1 0
vn 0 1 0
vn 0 1 0
vn 0 1 0
vn 0 1 0
vn 0 1 0
vn 0 1 0
vn 0 -1 0
vn 0 1 0
vn 0 1 0
vn 0 1 0
vn 0 1 0
vn 0 1 0
vn 0 1 0
vn 0 1 0
vn 0 1 0
vn 0 1 0
vn 0 1 0
vn 0 1 0
vn 0 1 0
vn 0.3826834323650898 0.9238795325112867 0
vn 0.30959740024909344 0.9238795325112867 0.22493567784086385
vn 0.11825568406654853 0.9238795325112867 0.3639535720290143
vn -0.11825568406654849 0.9238795325112867 0.36395357202901435
vn -0.3095974002490934 0.9238795325112867 0.2249356778408639
vn -0.3826834323650898 0.9238795325112867 4.6865204053262986e-17
vn -0.30959740024909344 0.9238795325112867 -0.22493567784086382
vn -0.11825568406654857 0.9238795325112867 -0.3639535720290143
vn 0.11825568406654845 0.9238795325112867 -0.36395357202901435
vn 0.3095974002490934 0.9238795325112867 -0.22493567784086393
vn 0.3826834323650898 0.9238795325112867 -9.373040810652597e-17
vn 0.7071067811865475 0.7071067811865476 0
vn 0.5720614028176843 0.7071067811865476 0.41562693777745335
vn 0.21850801222441055 0.7071067811865476 0.6724985119639573
vn -0.21850801222441046 0.7071067811865476 0.6724985119639573
vn -0.5720614028176841 0.7071067811865476 0.41562693777745346
vn -0.7071067811865475 0.7071067811865476 8.659560562354932e-17
vn -0.5720614028176843 0.7071067811865476 -0.4156269377774533
vn -0.2185080122244106 0.7071067811865476 -0.6724985119639573
vn 0.21850801222441038 0.7071067811865476 -0.6724985119639573
vn 0.5720614028176841 0.7071067811865476 -0.4156269377774535
vn 0.7071067811865475 0.7071067811865476 -1.7319121124709863e-16
vn 0.9238795325112867 0.3826834323650898 0
vn 0.7474342425568128 0.3826834323650898 0.5430427641049989
vn 0.28549447630116936 0.3826834323650898 0.8786616496665794
vn -0.28549447630116925 0.3826834323650898 0.8786616496665797
vn -0.7474342425568127 0.3826834323650898 0.543042764104999
vn -0.9238795325112867 0.3826834323650898 1.1314261122877003e-16
vn -0.7474342425568128 0.3826834323650898 -0.5430427641049987
vn -0.2854944763011695 0.3826834323650898 -0.8786616496665794
vn 0.28549447630116914 0.3826834323650898 -0.8786616496665797
vn 0.7474342425568127 0.3826834323650898 -0.543042764104999
vn 0.9238795325112867 0.3826834323650898 -2.2628522245754005e-16
vn 1 6.123233995736766e-17 0
vn 0.8090169943749475 6.123233995736766e-17 0.5877852522924731
vn 0.30901699437494745 6.123233995736766e-17 0.9510565162951536
vn -0.30901699437494734 6.123233995736766e-17 0.9510565162951536
vn -0.8090169943749473 6.123233995736766e-17 0.5877852522924732
vn -1 6.123233995736766e-17 1.2246467991473532e-16
vn -0.8090169943749475 6.123233995736766e-17 -0.587785252292473
vn -0.30901699437494756 6.123233995736766e-17 -0.9510565162951536
vn 0.30901699437494723 6.123233995736766e-17 -0.9510565162951536
vn 0.8090169943749473 6.123233995736766e-17 -0.5877852522924734
vn 1 6.123233995736766e-17 -2.4492935982947064e-16
vn 0.9238795325112867 -0.3826834323650897 0
vn 0.7474342425568128 -0.3826834323650897 0.5430427641049989
vn 0.28549447630116936 -0.3826834323650897 0.8786616496665794
vn -0.28549447630116925 -0.3826834323650897 0.8786616496665797
vn -0.7474342425568127 -0.3826834323650897 0.543042764104999
vn -0.9238795325112867 -0.3826834323650897 1.1314261122877003e-16
vn -0.7474342425568128 -0.3826834323650897 -0.5430427641049987
vn -0.2854944763011695 -0.3826834323650897 -0.8786616496665794
vn 0.28549447630116914 -0.3826834323650897 -0.8786616496665797
vn 0.7474342425568127 -0.3826834323650897 -0.543042764104999
vn 0.9238795325112867 -0.3826834323650897 -2.2628522245754005e-16
vn 0.7071067811865476 -0.7071067811865476 0
vn 0.5720614028176844 -0.7071067811865476 0.41562693777745346
vn 0.21850801222441057 -0.7071067811865476 0.6724985119639574
vn -0.2185080122244105 -0.7071067811865476 0.6724985119639574
vn -0.5720614028176843 -0.7071067811865476 0.4156269377774535
vn -0.7071067811865476 -0.7071067811865476 8.659560562354934e-17
vn -0.5720614028176844 -0.7071067811865476 -0.41562693777745335
vn -0.21850801222441066 -0.7071067811865476 -0.6724985119639574
vn 0.2185080122244104 -0.7071067811865476 -0.6724985119639574
vn 0.5720614028176843 -0.7071067811865476 -0.41562693777745363
vn 0.7071067811865476 -0.7071067811865476 -1.7319121124709868e-16
vn 0.3826834323650899 -0.9238795325112867 0
vn 0.3095974002490935 -0.9238795325112867 0.22493567784086393
vn 0.11825568406654857 -0.9238795325112867 0.3639535720290144
vn -0.11825568406654853 -0.9238795325112867 0.36395357202901446
vn -0.3095974002490935 -0.9238795325112867 0.224935677840864
vn -0.3826834323650899 -0.9238795325112867 4.6865204053263004e-17
vn -0.3095974002490935 -0.9238795325112867 -0.2249356778408639
vn -0.11825568406654861 -0.9238795325112867 -0.3639535720290144
vn 0.11825568406654849 -0.9238795325112867 -0.36395357202901446
vn 0.3095974002490935 -0.9238795325112867 -0.22493567784086402
vn 0.3826834323650899 -0.9238795325112867 -9.373040810652601e-17
vn 1.2246467991473532e-16 -1 0
vn 9.907600726170916e-17 -1 7.198293278059966e-17
vn 3.7843667304341506e-17 -1 1.1647083184890923e-16
vn -3.7843667304341493e-17 -1 1.1647083184890926e-16
vn -9.907600726170915e-17 -1 7.198293278059968e-17
vn -1.2246467991473532e-16 -1 1.4997597826618576e-32
vn -9.907600726170916e-17 -1 -7.198293278059965e-17
vn -3.784366730434152e-17 -1 -1.1647083184890923e-16
vn 3.7843667304341475e-17 -1 -1.1647083184890926e-16
vn 9.907600726170915e-17 -1 -7.19829327805997e-17
vn 1.2246467991473532e-16 -1 -2.999519565323715e-32
vn 0 -1 0
vn 0 -1 0
vn 0 -1 0
vn 0 -1 0
vn 0 -1 0
vn 0 -1 0
vn 0 -1 0
vn 0 1 0
vn 0 1 0
vn 0 1 0
vn 0 1 0
vn 0 1 0
vn 0 1 0
vn 0 1 0
vn 0 -1 0
vn 0 1 0
vn 0 1 0
vn 0 1 0
vn 0 1 0
vn 0 1 0
vn 0 1 0
vn 0 1 0
vn 0 1 0
vn 0 1 0
vn 0 1 0
vn 0 1 0
vn 0 1 0
vn 0.3826834323650898 0.9238795325112867 0
vn 0.30959740024909344 0.9238795325112867 0.22493567784086385
vn 0.11825568406654853 0.9238795325112867 0.3639535720290143
vn -0.11825568406654849 0.9238795325112867 0.36395357202901435
vn -0.3095974002490934 0.9238795325112867 0.2249356778408639
vn -0.3826834323650898 0.9238795325112867 4.6865204053262986e-17
vn -0.30959740024909344 0.9238795325112867 -0.22493567784086382
vn -0.11825568406654857 0.9238795325112867 -0.3639535720290143
vn 0.11825568406654845 0.9238795325112867 -0.36395357202901435
vn 0.3095974002490934 0.9238795325112867 -0.22493567784086393
vn 0.3826834323650898 0.9238795325112867 -9.373040810652597e-17
vn 0.7071067811865475 0.7071067811865476 0
vn 0.5720614028176843 0.7071067811865476 0.41562693777745335
vn 0.21850801222441055 0.7071067811865476 0.6724985119639573
vn -0.21850801222441046 0.7071067811865476 0.6724985119639573
vn -0.5720614028176841 0.7071067811865476 0.41562693777745346
vn -0.7071067811865475 0.7071067811865476 8.659560562354932e-17
vn -0.5720614028176843 0.7071067811865476 -0.4156269377774533
vn -0.2185080122244106 0.7071067811865476 -0.6724985119639573
vn 0.21850801222441038 0.7071067811865476 -0.6724985119639573
vn 0.5720614028176841 0.7071067811865476 -0.4156269377774535
vn 0.7071067811865475 0.7071067811865476 -1.7319121124709863e-16
vn 0.9238795325112867 0.38268343236508984 0
vn 0.7474342425568128 0.38268343236508984 0.5430427641049989
vn 0.28549447630116936 0.38268343236508984 0.8786616496665794
vn -0.28549447630116925 0.38268343236508984 0.8786616496665797
vn -0.7474342425568127 0.38268343236508984 0.543042764104999
vn -0.9238795325112867 0.38268343236508984 1.1314261122877003e-16
vn -0.7474342425568128 0.38268343236508984 -0.5430427641049987
vn -0.2854944763011695 0.38268343236508984 -0.8786616496665794
vn 0.28549447630116914 0.38268343236508984 -0.8786616496665797
vn 0.7474342425568127 0.38268343236508984 -0.543042764104999
vn 0.9238795325112867 0.38268343236508984 -2.2628522245754005e-16
vn 1 6.123233995736766e-17 0
vn 0.8090169943749475 6.123233995736766e-17 0.5877852522924731
vn 0.30901699437494745 6.123233995736766e-17 0.9510565162951536
vn -0.30901699437494734 6.123233995736766e-17 0.9510565162951536
vn -0.8090169943749473 6.123233995736766e-17 0.5877852522924732
vn -1 6.123233995736766e-17 1.2246467991473532e-16
vn -0.8090169943749475 6.123233995736766e-17 -0.587785252292473
vn -0.30901699437494756 6.123233995736766e-17 -0.9510565162951536
vn 0.30901699437494723 6.123233995736766e-17 -0.9510565162951536
vn 0.8090169943749473 6.123233995736766e-17 -0.5877852522924734
vn 1 6.123233995736766e-17 -2.4492935982947064e-16
vn 0.9238795325112867 -0.3826834323650897 0
vn 0.7474342425568128 -0.3826834323650897 0.5430427641049989
vn 0.28549447630116936 -0.3826834323650897 0.8786616496665794
vn -0.28549447630116925 -0.3826834323650897 0.8786616496665797
vn -0.7474342425568127 -0.3826834323650897 0.543042764104999
vn -0.9238795325112867 -0.3826834323650897 1.1314261122877003e-16
vn -0.7474342425568128 -0.3826834323650897 -0.5430427641049987
vn -0.2854944763011695 -0.3826834323650897 -0.8786616496665794
vn 0.28549447630116914 -0.3826834323650897 -0.8786616496665797
vn 0.7474342425568127 -0.3826834323650897 -0.543042764104999
vn 0.9238795325112867 -0.3826834323650897 -2.2628522245754005e-16
vn 0.7071067811865476 -0.7071067811865475 0
vn 0.5720614028176844 -0.7071067811865475 0.41562693777745346
vn 0.21850801222441057 -0.7071067811865475 0.6724985119639574
vn -0.2185080122244105 -0.7071067811865475 0.6724985119639574
vn -0.5720614028176843 -0.7071067811865475 0.4156269377774535
vn -0.7071067811865476 -0.7071067811865475 8.659560562354934e-17
vn -0.5720614028176844 -0.7071067811865475 -0.41562693777745335
vn -0.21850801222441066 -0.7071067811865475 -0.6724985119639574
vn 0.2185080122244104 -0.7071067811865475 -0.6724985119639574
vn 0.5720614028176843 -0.7071067811865475 -0.41562693777745363
vn 0.7071067811865476 -0.7071067811865475 -1.7319121124709868e-16
vn 0.3826834323650899 -0.9238795325112867 0
vn 0.3095974002490935 -0.9238795325112867 0.22493567784086393
vn 0.11825568406654857 -0.9238795325112867 0.3639535720290144
vn -0.11825568406654853 -0.9238795325112867 0.36395357202901446
vn -0.3095974002490935 -0.9238795325112867 0.224935677840864
vn -0.3826834323650899 -0.9238795325112867 4.6865204053263004e-17
vn -0.3095974002490935 -0.9238795325112867 -0.2249356778408639
vn -0.11825568406654861 -0.9238795325112867 -0.3639535720290144
vn 0.11825568406654849 -0.9238795325112867 -0.36395357202901446
vn 0.3095974002490935 -0.9238795325112867 -0.22493567784086402
vn 0.3826834323650899 -0.9238795325112867 -9.373040810652601e-17
vn 1.2246467991473532e-16 -1 0
vn 9.907600726170916e-17 -1 7.198293278059966e-17
vn 3.7843667304341506e-17 -1 1.1647083184890923e-16
vn -3.7843667304341493e-17 -1 1.1647083184890926e-16
vn -9.907600726170915e-17 -1 7.198293278059968e-17
vn -1.2246467991473532e-16 -1 1.4997597826618576e-32
vn -9.907600726170916e-17 -1 -7.198293278059965e-17
vn -3.784366730434152e-17 -1 -1.1647083184890923e-16
vn 3.7843667304341475e-17 -1 -1.1647083184890926e-16
vn 9.907600726170915e-17 -1 -7.19829327805997e-17
vn 1.2246467991473532e-16 -1 -2.999519565323715e-32
vn 0 -1 0
vn 0 -1 0
vn 0 -1 0
vn 0 -1 0
vn 0 -1 0
vn 0 -1 0
vn 0 -1 0
vn 0 1 0
vn 0 1 0
vn 0 1 0
vn 0 1 0
vn 0 1 0
vn 0 1 0
vn 0 1 0
vn 0 -1 0
vn 0 1 0
vn 0 1 0
vn 0 1 0
vn 0 1 0
vn 0 1 0
vn 0 1 0
vn 0 1 0
vn 0 1 0
vn 0 1 0
vn 0 1 0
vn 0 1 0
vn 0 1 0
vn 0.3826834323650898 0.9238795325112867 0
vn 0.30959740024909344 0.9238795325112867 0.22493567784086385
vn 0.11825568406654853 0.9238795325112867 0.3639535720290143
vn -0.11825568406654849 0.9238795325112867 0.36395357202901435
vn -0.3095974002490934 0.9238795325112867 0.2249356778408639
vn -0.3826834323650898 0.9238795325112867 4.6865204053262986e-17
vn -0.30959740024909344 0.9238795325112867 -0.22493567784086382
vn -0.11825568406654857 0.9238795325112867 -0.3639535720290143
vn 0.11825568406654845 0.9238795325112867 -0.36395357202901435
vn 0.3095974002490934 0.9238795325112867 -0.22493567784086393
vn 0.3826834323650898 0.9238795325112867 -9.373040810652597e-17
vn 0.7071067811865475 0.7071067811865476 0
vn 0.5720614028176843 0.7071067811865476 0.41562693777745335
vn 0.21850801222441055 0.7071067811865476 0.6724985119639573
vn -0.21850801222441046 0.7071067811865476 0.6724985119639573
vn -0.5720614028176841 0.7071067811865476 0.41562693777745346
vn -0.7071067811865475 0.7071067811865476 8.659560562354932e-17
vn -0.5720614028176843 0.7071067811865476 -0.4156269377774533
vn -0.2185080122244106 0.7071067811865476 -0.6724985119639573
vn 0.21850801222441038 0.7071067811865476 -0.6724985119639573
vn 0.5720614028176841 0.7071067811865476 -0.4156269377774535
vn 0.7071067811865475 0.7071067811865476 -1.7319121124709863e-16
vn 0.9238795325112867 0.38268343236508984 0
vn 0.7474342425568128 0.38268343236508984 0.5430427641049989
vn 0.28549447630116936 0.38268343236508984 0.8786616496665794
vn -0.28549447630116925 0.38268343236508984 0.8786616496665797
vn -0.7474342425568127 0.38268343236508984 0.543042764104999
vn -0.9238795325112867 0.38268343236508984 1.1314261122877003e-16
vn -0.7474342425568128 0.38268343236508984 -0.5430427641049987
vn -0.2854944763011695 0.38268343236508984 -0.8786616496665794
vn 0.28549447630116914 0.38268343236508984 -0.8786616496665797
vn 0.7474342425568127 0.38268343236508984 -0.543042764104999
vn 0.9238795325112867 0.38268343236508984 -2.2628522245754005e-16
vn 1 6.123233995736766e-17 0
vn 0.8090169943749475 6.123233995736766e-17 0.5877852522924731
vn 0.30901699437494745 6.123233995736766e-17 0.9510565162951536
vn -0.30901699437494734 6.123233995736766e-17 0.9510565162951536
vn -0.8090169943749473 6.123233995736766e-17 0.5877852522924732
vn -1 6.123233995736766e-17 1.2246467991473532e-16
vn -0.8090169943749475 6.123233995736766e-17 -0.587785252292473
vn -0.30901699437494756 6.123233995736766e-17 -0.9510565162951536
vn 0.30901699437494723 6.123233995736766e-17 -0.9510565162951536
vn 0.8090169943749473 6.123233995736766e-17 -0.5877852522924734
vn 1 6.123233995736766e-17 -2.4492935982947064e-16
vn 0.9238795325112867 -0.3826834323650897 0
vn 0.7474342425568128 -0.3826834323650897 0.5430427641049989
vn 0.28549447630116936 -0.3826834323650897 0.8786616496665794
vn -0.28549447630116925 -0.3826834323650897 0.8786616496665797
vn -0.7474342425568127 -0.3826834323650897 0.543042764104999
vn -0.9238795325112867 -0.3826834323650897 1.1314261122877003e-16
vn -0.7474342425568128 -0.3826834323650897 -0.5430427641049987
vn -0.2854944763011695 -0.3826834323650897 -0.8786616496665794
vn 0.28549447630116914 -0.3826834323650897 -0.8786616496665797
vn 0.7474342425568127 -0.3826834323650897 -0.543042764104999
vn 0.9238795325112867 -0.3826834323650897 -2.2628522245754005e-16
vn 0.7071067811865476 -0.7071067811865475 0
vn 0.5720614028176844 -0.7071067811865475 0.41562693777745346
vn 0.21850801222441057 -0.7071067811865475 0.6724985119639574
vn -0.2185080122244105 -0.7071067811865475 0.6724985119639574
vn -0.5720614028176843 -0.7071067811865475 0.4156269377774535
vn -0.7071067811865476 -0.7071067811865475 8.659560562354934e-17
vn -0.5720614028176844 -0.7071067811865475 -0.41562693777745335
vn -0.21850801222441066 -0.7071067811865475 -0.6724985119639574
vn 0.2185080122244104 -0.7071067811865475 -0.6724985119639574
vn 0.5720614028176843 -0.7071067811865475 -0.41562693777745363
vn 0.7071067811865476 -0.7071067811865475 -1.7319121124709868e-16
vn 0.3826834323650899 -0.9238795325112867 0
vn 0.3095974002490935 -0.9238795325112867 0.22493567784086393
vn 0.11825568406654857 -0.9238795325112867 0.3639535720290144
vn -0.11825568406654853 -0.9238795325112867 0.36395357202901446
vn -0.3095974002490935 -0.9238795325112867 0.224935677840864
vn -0.3826834323650899 -0.9238795325112867 4.6865204053263004e-17
vn -0.3095974002490935 -0.9238795325112867 -0.2249356778408639
vn -0.11825568406654861 -0.9238795325112867 -0.3639535720290144
vn 0.11825568406654849 -0.9238795325112867 -0.36395357202901446
vn 0.3095974002490935 -0.9238795325112867 -0.22493567784086402
vn 0.3826834323650899 -0.9238795325112867 -9.373040810652601e-17
vn 1.2246467991473532e-16 -1 0
vn 9.907600726170916e-17 -1 7.198293278059966e-17
vn 3.7843667304341506e-17 -1 1.1647083184890923e-16
vn -3.7843667304341493e-17 -1 1.1647083184890926e-16
vn -9.907600726170915e-17 -1 7.198293278059968e-17
vn -1.2246467991473532e-16 -1 1.4997597826618576e-32
vn -9.907600726170916e-17 -1 -7.198293278059965e-17
vn -3.784366730434152e-17 -1 -1.1647083184890923e-16
vn 3.7843667304341475e-17 -1 -1.1647083184890926e-16
vn 9.907600726170915e-17 -1 -7.19829327805997e-17
vn 1.2246467991473532e-16 -1 -2.999519565323715e-32
vn 0 -1 0
vn 0 -1 0
vn 0 -1 0
vn 0 -1 0
vn 0 -1 0
vn 0 -1 0
vn 0 -1 0
vn 0 1 0
vn 0 1 0
vn 0 1 0
vn 0 1 0
vn 0 1 0
vn 0 1 0
vn 0 1 0
vn 0 -1 0
vn 0 1 0
vn 0 1 0
vn 0 1 0
vn 0 1 0
vn 0 1 0
vn 0 1 0
vn 0 1 0
vn 0 1 0
vn 0 1 0
vn 0 1 0
vn 0 1 0
vn 0 1 0
vn 0.3826834323650898 0.9238795325112866 0
vn 0.30959740024909344 0.9238795325112866 0.22493567784086388
vn 0.11825568406654853 0.9238795325112866 0.3639535720290143
vn -0.1182556840665485 0.9238795325112866 0.36395357202901435
vn -0.3095974002490934 0.9238795325112866 0.2249356778408639
vn -0.3826834323650898 0.9238795325112866 4.6865204053262986e-17
vn -0.30959740024909344 0.9238795325112866 -0.22493567784086382
vn -0.11825568406654857 0.9238795325112866 -0.3639535720290143
vn 0.11825568406654845 0.9238795325112866 -0.36395357202901435
vn 0.3095974002490934 0.9238795325112866 -0.22493567784086396
vn 0.3826834323650898 0.9238795325112866 -9.373040810652597e-17
vn 0.7071067811865475 0.7071067811865476 0
vn 0.5720614028176843 0.7071067811865476 0.4156269377774534
vn 0.21850801222441055 0.7071067811865476 0.6724985119639573
vn -0.2185080122244105 0.7071067811865476 0.6724985119639573
vn -0.5720614028176841 0.7071067811865476 0.41562693777745346
vn -0.7071067811865475 0.7071067811865476 8.659560562354932e-17
vn -0.5720614028176843 0.7071067811865476 -0.4156269377774533
vn -0.2185080122244106 0.7071067811865476 -0.6724985119639573
vn 0.21850801222441038 0.7071067811865476 -0.6724985119639573
vn 0.5720614028176841 0.7071067811865476 -0.4156269377774536
vn 0.7071067811865475 0.7071067811865476 -1.7319121124709863e-16
vn 0.9238795325112867 0.38268343236508984 0
vn 0.7474342425568128 0.38268343236508984 0.5430427641049989
vn 0.28549447630116936 0.38268343236508984 0.8786616496665794
vn -0.28549447630116925 0.38268343236508984 0.8786616496665796
vn -0.7474342425568127 0.38268343236508984 0.543042764104999
vn -0.9238795325112867 0.38268343236508984 1.1314261122877003e-16
vn -0.7474342425568128 0.38268343236508984 -0.5430427641049987
vn -0.2854944763011695 0.38268343236508984 -0.8786616496665794
vn 0.28549447630116914 0.38268343236508984 -0.8786616496665796
vn 0.7474342425568127 0.38268343236508984 -0.543042764104999
vn 0.9238795325112867 0.38268343236508984 -2.2628522245754005e-16
vn 1 6.123233995736766e-17 0
vn 0.8090169943749475 6.123233995736766e-17 0.5877852522924731
vn 0.30901699437494745 6.123233995736766e-17 0.9510565162951535
vn -0.30901699437494734 6.123233995736766e-17 0.9510565162951535
vn -0.8090169943749473 6.123233995736766e-17 0.5877852522924732
vn -1 6.123233995736766e-17 1.2246467991473532e-16
vn -0.8090169943749475 6.123233995736766e-17 -0.587785252292473
vn -0.30901699437494756 6.123233995736766e-17 -0.9510565162951535
vn 0.30901699437494723 6.123233995736766e-17 -0.9510565162951535
vn 0.8090169943749473 6.123233995736766e-17 -0.5877852522924734
vn 1 6.123233995736766e-17 -2.4492935982947064e-16
vn 0.9238795325112867 -0.3826834323650897 0
vn 0.7474342425568128 -0.3826834323650897 0.5430427641049989
vn 0.28549447630116936 -0.3826834323650897 0.8786616496665794
vn -0.28549447630116925 -0.3826834323650897 0.8786616496665796
vn -0.7474342425568127 -0.3826834323650897 0.543042764104999
vn -0.9238795325112867 -0.3826834323650897 1.1314261122877003e-16
vn -0.7474342425568128 -0.3826834323650897 -0.5430427641049987
vn -0.2854944763011695 -0.3826834323650897 -0.8786616496665794
vn 0.28549447630116914 -0.3826834323650897 -0.8786616496665796
vn 0.7474342425568127 -0.3826834323650897 -0.543042764104999
vn 0.9238795325112867 -0.3826834323650897 -2.2628522245754005e-16
vn 0.7071067811865477 -0.7071067811865475 0
vn 0.5720614028176844 -0.7071067811865475 0.41562693777745346
vn 0.21850801222441057 -0.7071067811865475 0.6724985119639574
vn -0.2185080122244105 -0.7071067811865475 0.6724985119639574
vn -0.5720614028176843 -0.7071067811865475 0.4156269377774535
vn -0.7071067811865477 -0.7071067811865475 8.659560562354934e-17
vn -0.5720614028176844 -0.7071067811865475 -0.4156269377774534
vn -0.21850801222441063 -0.7071067811865475 -0.6724985119639574
vn 0.2185080122244104 -0.7071067811865475 -0.6724985119639574
vn 0.5720614028176843 -0.7071067811865475 -0.41562693777745363
vn 0.7071067811865477 -0.7071067811865475 -1.7319121124709868e-16
vn 0.38268343236508984 -0.9238795325112866 0
vn 0.3095974002490935 -0.9238795325112866 0.22493567784086393
vn 0.11825568406654857 -0.9238795325112866 0.3639535720290144
vn -0.11825568406654853 -0.9238795325112866 0.36395357202901446
vn -0.3095974002490935 -0.9238795325112866 0.224935677840864
vn -0.38268343236508984 -0.9238795325112866 4.6865204053263e-17
vn -0.3095974002490935 -0.9238795325112866 -0.2249356778408639
vn -0.11825568406654861 -0.9238795325112866 -0.3639535720290144
vn 0.1182556840665485 -0.9238795325112866 -0.36395357202901446
vn 0.3095974002490935 -0.9238795325112866 -0.22493567784086402
vn 0.38268343236508984 -0.9238795325112866 -9.3730408106526e-17
vn 1.2246467991473532e-16 -1 0
vn 9.907600726170916e-17 -1 7.198293278059966e-17
vn 3.7843667304341506e-17 -1 1.1647083184890923e-16
vn -3.7843667304341493e-17 -1 1.1647083184890926e-16
vn -9.907600726170915e-17 -1 7.198293278059968e-17
vn -1.2246467991473532e-16 -1 1.4997597826618576e-32
vn -9.907600726170916e-17 -1 -7.198293278059965e-17
vn -3.784366730434152e-17 -1 -1.1647083184890923e-16
vn 3.7843667304341475e-17 -1 -1.1647083184890926e-16
vn 9.907600726170915e-17 -1 -7.19829327805997e-17
vn 1.2246467991473532e-16 -1 -2.999519565323715e-32
vn 0 -1 0
vn 0 -1 0
vn 0 -1 0
vn 0 -1 0
vn 0 -1 0
vn 0 -1 0
vn 0 -1 0
vn 0 1 0
vn 0 1 0
vn 0 1 0
vn 0 1 0
vn 0 1 0
vn 0 1 0
vn 0 1 0
vn 0 -1 0
vn 0 1 0
vn 0 1 0
vn 0 1 0
vn 0 1 0
vn 0 1 0
vn 0 1 0
vn 0 1 0
vn 0 1 0
vn 0 1 0
vn 0 1 0
vn 0 1 0
vn 0 1 0
vn 0.3826834323650898 0.9238795325112866 0
vn 0.30959740024909344 0.9238795325112866 0.22493567784086388
vn 0.11825568406654853 0.9238795325112866 0.3639535720290143
vn -0.1182556840665485 0.9238795325112866 0.36395357202901435
vn -0.3095974002490934 0.9238795325112866 0.2249356778408639
vn -0.3826834323650898 0.9238795325112866 4.6865204053262986e-17
vn -0.30959740024909344 0.9238795325112866 -0.22493567784086382
vn -0.11825568406654857 0.9238795325112866 -0.3639535720290143
vn 0.11825568406654845 0.9238795325112866 -0.36395357202901435
vn 0.3095974002490934 0.9238795325112866 -0.22493567784086396
vn 0.3826834323650898 0.9238795325112866 -9.373040810652597e-17
vn 0.7071067811865475 0.7071067811865476 0
vn 0.5720614028176843 0.7071067811865476 0.4156269377774534
vn 0.21850801222441055 0.7071067811865476 0.6724985119639573
vn -0.2185080122244105 0.7071067811865476 0.6724985119639573
vn -0.5720614028176841 0.7071067811865476 0.41562693777745346
vn -0.7071067811865475 0.7071067811865476 8.659560562354932e-17
vn -0.5720614028176843 0.7071067811865476 -0.4156269377774533
vn -0.2185080122244106 0.7071067811865476 -0.6724985119639573
vn 0.21850801222441038 0.7071067811865476 -0.6724985119639573
vn 0.5720614028176841 0.7071067811865476 -0.4156269377774536
vn 0.7071067811865475 0.7071067811865476 -1.7319121124709863e-16
vn 0.9238795325112867 0.38268343236508984 0
vn 0.7474342425568128 0.38268343236508984 0.5430427641049989
vn 0.28549447630116936 0.38268343236508984 0.8786616496665794
vn -0.28549447630116925 0.38268343236508984 0.8786616496665796
vn -0.7474342425568127 0.38268343236508984 0.543042764104999
vn -0.9238795325112867 0.38268343236508984 1.1314261122877003e-16
vn -0.7474342425568128 0.38268343236508984 -0.5430427641049987
vn -0.2854944763011695 0.38268343236508984 -0.8786616496665794
vn 0.28549447630116914 0.38268343236508984 -0.8786616496665796
vn 0.7474342425568127 0.38268343236508984 -0.543042764104999
vn 0.9238795325112867 0.38268343236508984 -2.2628522245754005e-16
vn 1 6.123233995736766e-17 0
vn 0.8090169943749475 6.123233995736766e-17 0.5877852522924731
vn 0.30901699437494745 6.123233995736766e-17 0.9510565162951535
vn -0.30901699437494734 6.123233995736766e-17 0.9510565162951535
vn -0.8090169943749473 6.123233995736766e-17 0.5877852522924732
vn -1 6.123233995736766e-17 1.2246467991473532e-16
vn -0.8090169943749475 6.123233995736766e-17 -0.587785252292473
vn -0.30901699437494756 6.123233995736766e-17 -0.9510565162951535
vn 0.30901699437494723 6.123233995736766e-17 -0.9510565162951535
vn 0.8090169943749473 6.123233995736766e-17 -0.5877852522924734
vn 1 6.123233995736766e-17 -2.4492935982947064e-16
vn 0.9238795325112867 -0.3826834323650897 0
vn 0.7474342425568128 -0.3826834323650897 0.5430427641049989
vn 0.28549447630116936 -0.3826834323650897 0.8786616496665794
vn -0.28549447630116925 -0.3826834323650897 0.8786616496665796
vn -0.7474342425568127 -0.3826834323650897 0.543042764104999
vn -0.9238795325112867 -0.3826834323650897 1.1314261122877003e-16
vn -0.7474342425568128 -0.3826834323650897 -0.5430427641049987
vn -0.2854944763011695 -0.3826834323650897 -0.8786616496665794
vn 0.28549447630116914 -0.3826834323650897 -0.8786616496665796
vn 0.7474342425568127 -0.3826834323650897 -0.543042764104999
vn 0.9238795325112867 -0.3826834323650897 -2.2628522245754005e-16
vn 0.7071067811865477 -0.7071067811865475 0
vn 0.5720614028176844 -0.7071067811865475 0.41562693777745346
vn 0.21850801222441057 -0.7071067811865475 0.6724985119639574
vn -0.2185080122244105 -0.7071067811865475 0.6724985119639574
vn -0.5720614028176843 -0.7071067811865475 0.4156269377774535
vn -0.7071067811865477 -0.7071067811865475 8.659560562354934e-17
vn -0.5720614028176844 -0.7071067811865475 -0.4156269377774534
vn -0.21850801222441063 -0.7071067811865475 -0.6724985119639574
vn 0.2185080122244104 -0.7071067811865475 -0.6724985119639574
vn 0.5720614028176843 -0.7071067811865475 -0.41562693777745363
vn 0.7071067811865477 -0.7071067811865475 -1.7319121124709868e-16
vn 0.38268343236508984 -0.9238795325112866 0
vn 0.3095974002490935 -0.9238795325112866 0.22493567784086393
vn 0.11825568406654857 -0.9238795325112866 0.3639535720290144
vn -0.11825568406654853 -0.9238795325112866 0.36395357202901446
vn -0.3095974002490935 -0.9238795325112866 0.224935677840864
vn -0.38268343236508984 -0.9238795325112866 4.6865204053263e-17
vn -0.3095974002490935 -0.9238795325112866 -0.2249356778408639
vn -0.11825568406654861 -0.9238795325112866 -0.3639535720290144
vn 0.1182556840665485 -0.9238795325112866 -0.36395357202901446
vn 0.3095974002490935 -0.9238795325112866 -0.22493567784086402
vn 0.38268343236508984 -0.9238795325112866 -9.3730408106526e-17
vn 1.2246467991473532e-16 -1 0
vn 9.907600726170916e-17 -1 7.198293278059966e-17
vn 3.7843667304341506e-17 -1 1.1647083184890923e-16
vn -3.7843667304341493e-17 -1 1.1647083184890926e-16
vn -9.907600726170915e-17 -1 7.198293278059968e-17
vn -1.2246467991473532e-16 -1 1.4997597826618576e-32
vn -9.907600726170916e-17 -1 -7.198293278059965e-17
vn -3.784366730434152e-17 -1 -1.1647083184890923e-16
vn 3.7843667304341475e-17 -1 -1.1647083184890926e-16
vn 9.907600726170915e-17 -1 -7.19829327805997e-17
vn 1.2246467991473532e-16 -1 -2.999519565323715e-32
vn 0 -1 0
vn 0 -1 0
vn 0 -1 0
vn 0 -1 0
vn 0 -1 0
vn 0 -1 0
vn 0 -1 0
vn 0 1 0
vn 0 1 0
vn 0 1 0
vn 0 1 0
vn 0 1 0
vn 0 1 0
vn 0 1 0
vn 0 -1 0
vn 0 1 0
vn 0 1 0
vn 0 1 0
vn 0 1 0
vn 0 1 0
vn 0 1 0
vn 0 1 0
vn 0 1 0
vn 0 1 0
vn 0 1 0
vn 0 1 0
vn 0 1 0
vn 0.3826834323650898 0.9238795325112867 0
vn 0.30959740024909344 0.9238795325112867 0.22493567784086388
vn 0.11825568406654853 0.9238795325112867 0.3639535720290143
vn -0.1182556840665485 0.9238795325112867 0.36395357202901435
vn -0.3095974002490934 0.9238795325112867 0.2249356778408639
vn -0.3826834323650898 0.9238795325112867 4.6865204053262986e-17
vn -0.30959740024909344 0.9238795325112867 -0.22493567784086382
vn -0.11825568406654857 0.9238795325112867 -0.3639535720290143
vn 0.11825568406654845 0.9238795325112867 -0.36395357202901435
vn 0.3095974002490934 0.9238795325112867 -0.22493567784086396
vn 0.3826834323650898 0.9238795325112867 -9.373040810652597e-17
vn 0.7071067811865475 0.7071067811865476 0
vn 0.5720614028176843 0.7071067811865476 0.4156269377774534
vn 0.21850801222441055 0.7071067811865476 0.6724985119639573
vn -0.2185080122244105 0.7071067811865476 0.6724985119639573
vn -0.5720614028176841 0.7071067811865476 0.41562693777745346
vn -0.7071067811865475 0.7071067811865476 8.659560562354932e-17
vn -0.5720614028176843 0.7071067811865476 -0.4156269377774533
vn -0.2185080122244106 0.7071067811865476 -0.6724985119639573
vn 0.21850801222441038 0.7071067811865476 -0.6724985119639573
vn 0.5720614028176841 0.7071067811865476 -0.4156269377774536
vn 0.7071067811865475 0.7071067811865476 -1.7319121124709863e-16
vn 0.9238795325112867 0.38268343236508984 0
vn 0.7474342425568128 0.38268343236508984 0.5430427641049989
vn 0.28549447630116936 0.38268343236508984 0.8786616496665794
vn -0.28549447630116925 0.38268343236508984 0.8786616496665796
vn -0.7474342425568127 0.38268343236508984 0.543042764104999
vn -0.9238795325112867 0.38268343236508984 1.1314261122877003e-16
vn -0.7474342425568128 0.38268343236508984 -0.5430427641049987
vn -0.2854944763011695 0.38268343236508984 -0.8786616496665794
vn 0.28549447630116914 0.38268343236508984 -0.8786616496665796
vn 0.7474342425568127 0.38268343236508984 -0.543042764104999
vn 0.9238795325112867 0.38268343236508984 -2.2628522245754005e-16
vn 1 6.123233995736766e-17 0
vn 0.8090169943749475 6.123233995736766e-17 0.5877852522924731
vn 0.30901699437494745 6.123233995736766e-17 0.9510565162951535
vn -0.30901699437494734 6.123233995736766e-17 0.9510565162951535
vn -0.8090169943749473 6.123233995736766e-17 0.5877852522924732
vn -1 6.123233995736766e-17 1.2246467991473532e-16
vn -0.8090169943749475 6.123233995736766e-17 -0.587785252292473
vn -0.30901699437494756 6.123233995736766e-17 -0.9510565162951535
vn 0.30901699437494723 6.123233995736766e-17 -0.9510565162951535
vn 0.8090169943749473 6.123233995736766e-17 -0.5877852522924734
vn 1 6.123233995736766e-17 -2.4492935982947064e-16
vn 0.9238795325112867 -0.3826834323650897 0
vn 0.7474342425568128 -0.3826834323650897 0.5430427641049989
vn 0.28549447630116936 -0.3826834323650897 0.8786616496665794
vn -0.28549447630116925 -0.3826834323650897 0.8786616496665796
vn -0.7474342425568127 -0.3826834323650897 0.543042764104999
vn -0.9238795325112867 -0.3826834323650897 1.1314261122877003e-16
vn -0.7474342425568128 -0.3826834323650897 -0.5430427641049987
vn -0.2854944763011695 -0.3826834323650897 -0.8786616496665794
vn 0.28549447630116914 -0.3826834323650897 -0.8786616496665796
vn 0.7474342425568127 -0.3826834323650897 -0.543042764104999
vn 0.9238795325112867 -0.3826834323650897 -2.2628522245754005e-16
vn 0.7071067811865477 -0.7071067811865476 0
vn 0.5720614028176844 -0.7071067811865476 0.41562693777745346
vn 0.21850801222441057 -0.7071067811865476 0.6724985119639574
vn -0.2185080122244105 -0.7071067811865476 0.6724985119639574
vn -0.5720614028176843 -0.7071067811865476 0.4156269377774535
vn -0.7071067811865477 -0.7071067811865476 8.659560562354934e-17
vn -0.5720614028176844 -0.7071067811865476 -0.4156269377774534
vn -0.21850801222441063 -0.7071067811865476 -0.6724985119639574
vn 0.2185080122244104 -0.7071067811865476 -0.6724985119639574
vn 0.5720614028176843 -0.7071067811865476 -0.41562693777745363
vn 0.7071067811865477 -0.7071067811865476 -1.7319121124709868e-16
vn 0.38268343236508984 -0.9238795325112867 0
vn 0.3095974002490935 -0.9238795325112867 0.22493567784086393
vn 0.11825568406654857 -0.9238795325112867 0.3639535720290144
vn -0.11825568406654853 -0.9238795325112867 0.36395357202901446
vn -0.3095974002490935 -0.9238795325112867 0.224935677840864
vn -0.38268343236508984 -0.9238795325112867 4.6865204053263e-17
vn -0.3095974002490935 -0.9238795325112867 -0.2249356778408639
vn -0.11825568406654861 -0.9238795325112867 -0.3639535720290144
vn 0.1182556840665485 -0.9238795325112867 -0.36395357202901446
vn 0.3095974002490935 -0.9238795325112867 -0.22493567784086402
vn 0.38268343236508984 -0.9238795325112867 -9.3730408106526e-17
vn 1.2246467991473532e-16 -1 0
vn 9.907600726170916e-17 -1 7.198293278059966e-17
vn 3.7843667304341506e-17 -1 1.1647083184890923e-16
vn -3.7843667304341493e-17 -1 1.1647083184890926e-16
vn -9.907600726170915e-17 -1 7.198293278059968e-17
vn -1.2246467991473532e-16 -1 1.4997597826618576e-32
vn -9.907600726170916e-17 -1 -7.198293278059965e-17
vn -3.784366730434152e-17 -1 -1.1647083184890923e-16
vn 3.7843667304341475e-17 -1 -1.1647083184890926e-16
vn 9.907600726170915e-17 -1 -7.19829327805997e-17
vn 1.2246467991473532e-16 -1 -2.999519565323715e-32
vn 0 -1 0
vn 0 -1 0
vn 0 -1 0
vn 0 -1 0
vn 0 -1 0
vn 0 -1 0
vn 0 -1 0
vn 0 1 0
vn 0 1 0
vn 0 1 0
vn 0 1 0
vn 0 1 0
vn 0 1 0
vn 0 1 0
vn 0 -1 0
vn 0 1 0
vn 0 1 0
vn 0 1 0
vn 0 1 0
vn 0 1 0
vn 0 1 0
vn 0 1 0
vn 0 1 0
vn 0 1 0
vn 0 1 0
vn 0 1 0
vn 0 1 0
vn 0.3826834323650898 0.9238795325112867 0
vn 0.30959740024909344 0.9238795325112867 0.22493567784086388
vn 0.11825568406654853 0.9238795325112867 0.3639535720290143
vn -0.1182556840665485 0.9238795325112867 0.36395357202901435
vn -0.3095974002490934 0.9238795325112867 0.2249356778408639
vn -0.3826834323650898 0.9238795325112867 4.6865204053262986e-17
vn -0.30959740024909344 0.9238795325112867 -0.22493567784086382
vn -0.11825568406654857 0.9238795325112867 -0.3639535720290143
vn 0.11825568406654845 0.9238795325112867 -0.36395357202901435
vn 0.3095974002490934 0.9238795325112867 -0.22493567784086396
vn 0.3826834323650898 0.9238795325112867 -9.373040810652597e-17
vn 0.7071067811865475 0.7071067811865476 0
vn 0.5720614028176843 0.7071067811865476 0.4156269377774534
vn 0.21850801222441055 0.7071067811865476 0.6724985119639573
vn -0.2185080122244105 0.7071067811865476 0.6724985119639573
vn -0.5720614028176841 0.7071067811865476 0.41562693777745346
vn -0.7071067811865475 0.7071067811865476 8.659560562354932e-17
vn -0.5720614028176843 0.7071067811865476 -0.4156269377774533
vn -0.2185080122244106 0.7071067811865476 -0.6724985119639573
vn 0.21850801222441038 0.7071067811865476 -0.6724985119639573
vn 0.5720614028176841 0.7071067811865476 -0.4156269377774536
vn 0.7071067811865475 0.7071067811865476 -1.7319121124709863e-16
vn 0.9238795325112867 0.3826834323650899 0
vn 0.7474342425568128 0.3826834323650899 0.5430427641049989
vn 0.28549447630116936 0.3826834323650899 0.8786616496665794
vn -0.28549447630116925 0.3826834323650899 0.8786616496665796
vn -0.7474342425568127 0.3826834323650899 0.543042764104999
vn -0.9238795325112867 0.3826834323650899 1.1314261122877003e-16
vn -0.7474342425568128 0.3826834323650899 -0.5430427641049987
vn -0.2854944763011695 0.3826834323650899 -0.8786616496665794
vn 0.28549447630116914 0.3826834323650899 -0.8786616496665796
vn 0.7474342425568127 0.3826834323650899 -0.543042764104999
vn 0.9238795325112867 0.3826834323650899 -2.2628522245754005e-16
vn 1 6.123233995736766e-17 0
vn 0.8090169943749475 6.123233995736766e-17 0.5877852522924731
vn 0.30901699437494745 6.123233995736766e-17 0.9510565162951535
vn -0.30901699437494734 6.123233995736766e-17 0.9510565162951535
vn -0.8090169943749473 6.123233995736766e-17 0.5877852522924732
vn -1 6.123233995736766e-17 1.2246467991473532e-16
vn -0.8090169943749475 6.123233995736766e-17 -0.587785252292473
vn -0.30901699437494756 6.123233995736766e-17 -0.9510565162951535
vn 0.30901699437494723 6.123233995736766e-17 -0.9510565162951535
vn 0.8090169943749473 6.123233995736766e-17 -0.5877852522924734
vn 1 6.123233995736766e-17 -2.4492935982947064e-16
vn 0.9238795325112867 -0.3826834323650897 0
vn 0.7474342425568128 -0.3826834323650897 0.5430427641049989
vn 0.28549447630116936 -0.3826834323650897 0.8786616496665794
vn -0.28549447630116925 -0.3826834323650897 0.8786616496665796
vn -0.7474342425568127 -0.3826834323650897 0.543042764104999
vn -0.9238795325112867 -0.3826834323650897 1.1314261122877003e-16
vn -0.7474342425568128 -0.3826834323650897 -0.5430427641049987
vn -0.2854944763011695 -0.3826834323650897 -0.8786616496665794
vn 0.28549447630116914 -0.3826834323650897 -0.8786616496665796
vn 0.7474342425568127 -0.3826834323650897 -0.543042764104999
vn 0.9238795325112867 -0.3826834323650897 -2.2628522245754005e-16
vn 0.7071067811865477 -0.7071067811865475 0
vn 0.5720614028176844 -0.7071067811865475 0.41562693777745346
vn 0.21850801222441057 -0.7071067811865475 0.6724985119639574
vn -0.2185080122244105 -0.7071067811865475 0.6724985119639574
vn -0.5720614028176843 -0.7071067811865475 0.4156269377774535
vn -0.7071067811865477 -0.7071067811865475 8.659560562354934e-17
vn -0.5720614028176844 -0.7071067811865475 -0.4156269377774534
vn -0.21850801222441063 -0.7071067811865475 -0.6724985119639574
vn 0.2185080122244104 -0.7071067811865475 -0.6724985119639574
vn 0.5720614028176843 -0.7071067811865475 -0.41562693777745363
vn 0.7071067811865477 -0.7071067811865475 -1.7319121124709868e-16
vn 0.38268343236508984 -0.9238795325112867 0
vn 0.3095974002490935 -0.9238795325112867 0.22493567784086393
vn 0.11825568406654857 -0.9238795325112867 0.3639535720290144
vn -0.11825568406654853 -0.9238795325112867 0.36395357202901446
vn -0.3095974002490935 -0.9238795325112867 0.224935677840864
vn -0.38268343236508984 -0.9238795325112867 4.6865204053263e-17
vn -0.3095974002490935 -0.9238795325112867 -0.2249356778408639
vn -0.11825568406654861 -0.9238795325112867 -0.3639535720290144
vn 0.1182556840665485 -0.9238795325112867 -0.36395357202901446
vn 0.3095974002490935 -0.9238795325112867 -0.22493567784086402
vn 0.38268343236508984 -0.9238795325112867 -9.3730408106526e-17
vn 1.2246467991473532e-16 -1 0
vn 9.907600726170916e-17 -1 7.198293278059966e-17
vn 3.7843667304341506e-17 -1 1.1647083184890923e-16
vn -3.7843667304341493e-17 -1 1.1647083184890926e-16
vn -9.907600726170915e-17 -1 7.198293278059968e-17
vn -1.2246467991473532e-16 -1 1.4997597826618576e-32
vn -9.907600726170916e-17 -1 -7.198293278059965e-17
vn -3.784366730434152e-17 -1 -1.1647083184890923e-16
vn 3.7843667304341475e-17 -1 -1.1647083184890926e-16
vn 9.907600726170915e-17 -1 -7.19829327805997e-17
vn 1.2246467991473532e-16 -1 -2.999519565323715e-32
vn 0 -1 0
vn 0 -1 0
vn 0 -1 0
vn 0 -1 0
vn 0 -1 0
vn 0 -1 0
vn 0 -1 0
vn 0 1 0
vn 0 1 0
vn 0 1 0
vn 0 1 0
vn 0 1 0
vn 0 1 0
vn 0 1 0
vn 0 -1 0
vn 0 1 0
vn 0 1 0
vn 0 1 0
vn 0 1 0
vn 0 1 0
vn 0 1 0
vn 0 1 0
vn 0 1 0
vn 0 1 0
vn 0 1 0
vn 0 1 0
vn 0 1 0
vn 0.3826834323650898 0.9238795325112867 0
vn 0.30959740024909344 0.9238795325112867 0.22493567784086388
vn 0.11825568406654853 0.9238795325112867 0.3639535720290143
vn -0.1182556840665485 0.9238795325112867 0.36395357202901435
vn -0.3095974002490934 0.9238795325112867 0.2249356778408639
vn -0.3826834323650898 0.9238795325112867 4.6865204053262986e-17
vn -0.30959740024909344 0.9238795325112867 -0.22493567784086382
vn -0.11825568406654857 0.9238795325112867 -0.3639535720290143
vn 0.11825568406654845 0.9238795325112867 -0.36395357202901435
vn 0.3095974002490934 0.9238795325112867 -0.22493567784086396
vn 0.3826834323650898 0.9238795325112867 -9.373040810652597e-17
vn 0.7071067811865475 0.7071067811865476 0
vn 0.5720614028176843 0.7071067811865476 0.4156269377774534
vn 0.21850801222441055 0.7071067811865476 0.6724985119639573
vn -0.2185080122244105 0.7071067811865476 0.6724985119639573
vn -0.5720614028176841 0.7071067811865476 0.41562693777745346
vn -0.7071067811865475 0.7071067811865476 8.659560562354932e-17
vn -0.5720614028176843 0.7071067811865476 -0.4156269377774533
vn -0.2185080122244106 0.7071067811865476 -0.6724985119639573
vn 0.21850801222441038 0.7071067811865476 -0.6724985119639573
vn 0.5720614028176841 0.7071067811865476 -0.4156269377774536
vn 0.7071067811865475 0.7071067811865476 -1.7319121124709863e-16
vn 0.9238795325112867 0.38268343236508984 0
vn 0.7474342425568128 0.38268343236508984 0.5430427641049989
vn 0.28549447630116936 0.38268343236508984 0.8786616496665794
vn -0.28549447630116925 0.38268343236508984 0.8786616496665796
vn -0.7474342425568127 0.38268343236508984 0.543042764104999
vn -0.9238795325112867 0.38268343236508984 1.1314261122877003e-16
vn -0.7474342425568128 0.38268343236508984 -0.5430427641049987
vn -0.2854944763011695 0.38268343236508984 -0.8786616496665794
vn 0.28549447630116914 0.38268343236508984 -0.8786616496665796
vn 0.7474342425568127 0.38268343236508984 -0.543042764104999
vn 0.9238795325112867 0.38268343236508984 -2.2628522245754005e-16
vn 1 6.123233995736766e-17 0
vn 0.8090169943749475 6.123233995736766e-17 0.5877852522924731
vn 0.30901699437494745 6.123233995736766e-17 0.9510565162951535
vn -0.30901699437494734 6.123233995736766e-17 0.9510565162951535
vn -0.8090169943749473 6.123233995736766e-17 0.5877852522924732
vn -1 6.123233995736766e-17 1.2246467991473532e-16
vn -0.8090169943749475 6.123233995736766e-17 -0.587785252292473
vn -0.30901699437494756 6.123233995736766e-17 -0.9510565162951535
vn 0.30901699437494723 6.123233995736766e-17 -0.9510565162951535
vn 0.8090169943749473 6.123233995736766e-17 -0.5877852522924734
vn 1 6.123233995736766e-17 -2.4492935982947064e-16
vn 0.9238795325112867 -0.38268343236508967 0
vn 0.7474342425568128 -0.38268343236508967 0.5430427641049989
vn 0.28549447630116936 -0.38268343236508967 0.8786616496665794
vn -0.28549447630116925 -0.38268343236508967 0.8786616496665796
vn -0.7474342425568127 -0.38268343236508967 0.543042764104999
vn -0.9238795325112867 -0.38268343236508967 1.1314261122877003e-16
vn -0.7474342425568128 -0.38268343236508967 -0.5430427641049987
vn -0.2854944763011695 -0.38268343236508967 -0.8786616496665794
vn 0.28549447630116914 -0.38268343236508967 -0.8786616496665796
vn 0.7474342425568127 -0.38268343236508967 -0.543042764104999
vn 0.9238795325112867 -0.38268343236508967 -2.2628522245754005e-16
vn 0.7071067811865477 -0.7071067811865475 0
vn 0.5720614028176844 -0.7071067811865475 0.41562693777745346
vn 0.21850801222441057 -0.7071067811865475 0.6724985119639574
vn -0.2185080122244105 -0.7071067811865475 0.6724985119639574
vn -0.5720614028176843 -0.7071067811865475 0.4156269377774535
vn -0.7071067811865477 -0.7071067811865475 8.659560562354934e-17
vn -0.5720614028176844 -0.7071067811865475 -0.4156269377774534
vn -0.21850801222441063 -0.7071067811865475 -0.6724985119639574
vn 0.2185080122244104 -0.7071067811865475 -0.6724985119639574
vn 0.5720614028176843 -0.7071067811865475 -0.41562693777745363
vn 0.7071067811865477 -0.7071067811865475 -1.7319121124709868e-16
vn 0.38268343236508984 -0.9238795325112867 0
vn 0.3095974002490935 -0.9238795325112867 0.22493567784086393
vn 0.11825568406654857 -0.9238795325112867 0.3639535720290144
vn -0.11825568406654853 -0.9238795325112867 0.36395357202901446
vn -0.3095974002490935 -0.9238795325112867 0.224935677840864
vn -0.38268343236508984 -0.9238795325112867 4.6865204053263e-17
vn -0.3095974002490935 -0.9238795325112867 -0.2249356778408639
vn -0.11825568406654861 -0.9238795325112867 -0.3639535720290144
vn 0.1182556840665485 -0.9238795325112867 -0.36395357202901446
vn 0.3095974002490935 -0.9238795325112867 -0.22493567784086402
vn 0.38268343236508984 -0.9238795325112867 -9.3730408106526e-17
vn 1.2246467991473532e-16 -1 0
vn 9.907600726170916e-17 -1 7.198293278059966e-17
vn 3.7843667304341506e-17 -1 1.1647083184890923e-16
vn -3.7843667304341493e-17 -1 1.1647083184890926e-16
vn -9.907600726170915e-17 -1 7.198293278059968e-17
vn -1.2246467991473532e-16 -1 1.4997597826618576e-32
vn -9.907600726170916e-17 -1 -7.198293278059965e-17
vn -3.784366730434152e-17 -1 -1.1647083184890923e-16
vn 3.7843667304341475e-17 -1 -1.1647083184890926e-16
vn 9.907600726170915e-17 -1 -7.19829327805997e-17
vn 1.2246467991473532e-16 -1 -2.999519565323715e-32
vn 0 -1 0
vn 0 -1 0
vn 0 -1 0
vn 0 -1 0
vn 0 -1 0
vn 0 -1 0
vn 0 -1 0
vn 0 1 0
vn 0 1 0
vn 0 1 0
vn 0 1 0
vn 0 1 0
vn 0 1 0
vn 0 1 0
vn 0 -1 0
vn 0 1 0
vn 0 1 0
vn 0 1 0
vn 0 1 0
vn 0 1 0
vn 0 1 0
vn 0 1 0
vn 0 1 0
vn 0 1 0
vn 0 1 0
vn 0 1 0
vn 0 1 0
vn 0.3826834323650898 0.9238795325112867 0
vn 0.30959740024909344 0.9238795325112867 0.22493567784086388
vn 0.11825568406654853 0.9238795325112867 0.3639535720290143
vn -0.1182556840665485 0.9238795325112867 0.36395357202901435
vn -0.3095974002490934 0.9238795325112867 0.2249356778408639
vn -0.3826834323650898 0.9238795325112867 4.6865204053262986e-17
vn -0.30959740024909344 0.9238795325112867 -0.22493567784086382
vn -0.11825568406654857 0.9238795325112867 -0.3639535720290143
vn 0.11825568406654845 0.9238795325112867 -0.36395357202901435
vn 0.3095974002490934 0.9238795325112867 -0.22493567784086396
vn 0.3826834323650898 0.9238795325112867 -9.373040810652597e-17
vn 0.7071067811865475 0.7071067811865475 0
vn 0.5720614028176843 0.7071067811865475 0.4156269377774534
vn 0.21850801222441055 0.7071067811865475 0.6724985119639573
vn -0.2185080122244105 0.7071067811865475 0.6724985119639573
vn -0.5720614028176841 0.7071067811865475 0.41562693777745346
vn -0.7071067811865475 0.7071067811865475 8.659560562354932e-17
vn -0.5720614028176843 0.7071067811865475 -0.4156269377774533
vn -0.2185080122244106 0.7071067811865475 -0.6724985119639573
vn 0.21850801222441038 0.7071067811865475 -0.6724985119639573
vn 0.5720614028176841 0.7071067811865475 -0.4156269377774536
vn 0.7071067811865475 0.7071067811865475 -1.7319121124709863e-16
vn 0.9238795325112867 0.38268343236508984 0
vn 0.7474342425568128 0.38268343236508984 0.5430427641049989
vn 0.28549447630116936 0.38268343236508984 0.8786616496665794
vn -0.28549447630116925 0.38268343236508984 0.8786616496665796
vn -0.7474342425568127 0.38268343236508984 0.543042764104999
vn -0.9238795325112867 0.38268343236508984 1.1314261122877003e-16
vn -0.7474342425568128 0.38268343236508984 -0.5430427641049987
vn -0.2854944763011695 0.38268343236508984 -0.8786616496665794
vn 0.28549447630116914 0.38268343236508984 -0.8786616496665796
vn 0.7474342425568127 0.38268343236508984 -0.543042764104999
vn 0.9238795325112867 0.38268343236508984 -2.2628522245754005e-16
vn 1 6.123233995736766e-17 0
vn 0.8090169943749475 6.123233995736766e-17 0.5877852522924731
vn 0.30901699437494745 6.123233995736766e-17 0.9510565162951535
vn -0.30901699437494734 6.123233995736766e-17 0.9510565162951535
vn -0.8090169943749473 6.123233995736766e-17 0.5877852522924732
vn -1 6.123233995736766e-17 1.2246467991473532e-16
vn -0.8090169943749475 6.123233995736766e-17 -0.587785252292473
vn -0.30901699437494756 6.123233995736766e-17 -0.9510565162951535
vn 0.30901699437494723 6.123233995736766e-17 -0.9510565162951535
vn 0.8090169943749473 6.123233995736766e-17 -0.5877852522924734
vn 1 6.123233995736766e-17 -2.4492935982947064e-16
vn 0.9238795325112867 -0.3826834323650897 0
vn 0.7474342425568128 -0.3826834323650897 0.5430427641049989
vn 0.28549447630116936 -0.3826834323650897 0.8786616496665794
vn -0.28549447630116925 -0.3826834323650897 0.8786616496665796
vn -0.7474342425568127 -0.3826834323650897 0.543042764104999
vn -0.9238795325112867 -0.3826834323650897 1.1314261122877003e-16
vn -0.7474342425568128 -0.3826834323650897 -0.5430427641049987
vn -0.2854944763011695 -0.3826834323650897 -0.8786616496665794
vn 0.28549447630116914 -0.3826834323650897 -0.8786616496665796
vn 0.7474342425568127 -0.3826834323650897 -0.543042764104999
vn 0.9238795325112867 -0.3826834323650897 -2.2628522245754005e-16
vn 0.7071067811865477 -0.7071067811865475 0
vn 0.5720614028176844 -0.7071067811865475 0.41562693777745346
vn 0.21850801222441057 -0.7071067811865475 0.6724985119639574
vn -0.2185080122244105 -0.7071067811865475 0.6724985119639574
vn -0.5720614028176843 -0.7071067811865475 0.4156269377774535
vn -0.7071067811865477 -0.7071067811865475 8.659560562354934e-17
vn -0.5720614028176844 -0.7071067811865475 -0.4156269377774534
vn -0.21850801222441063 -0.7071067811865475 -0.6724985119639574
vn 0.2185080122244104 -0.7071067811865475 -0.6724985119639574
vn 0.5720614028176843 -0.7071067811865475 -0.41562693777745363
vn 0.7071067811865477 -0.7071067811865475 -1.7319121124709868e-16
vn 0.38268343236508984 -0.9238795325112867 0
vn 0.3095974002490935 -0.9238795325112867 0.22493567784086393
vn 0.11825568406654857 -0.9238795325112867 0.3639535720290144
vn -0.11825568406654853 -0.9238795325112867 0.36395357202901446
vn -0.3095974002490935 -0.9238795325112867 0.224935677840864
vn -0.38268343236508984 -0.9238795325112867 4.6865204053263e-17
vn -0.3095974002490935 -0.9238795325112867 -0.2249356778408639
vn -0.11825568406654861 -0.9238795325112867 -0.3639535720290144
vn 0.1182556840665485 -0.9238795325112867 -0.36395357202901446
vn 0.3095974002490935 -0.9238795325112867 -0.22493567784086402
vn 0.38268343236508984 -0.9238795325112867 -9.3730408106526e-17
vn 1.2246467991473532e-16 -1 0
vn 9.907600726170916e-17 -1 7.198293278059966e-17
vn 3.7843667304341506e-17 -1 1.1647083184890923e-16
vn -3.7843667304341493e-17 -1 1.1647083184890926e-16
vn -9.907600726170915e-17 -1 7.198293278059968e-17
vn -1.2246467991473532e-16 -1 1.4997597826618576e-32
vn -9.907600726170916e-17 -1 -7.198293278059965e-17
vn -3.784366730434152e-17 -1 -1.1647083184890923e-16
vn 3.7843667304341475e-17 -1 -1.1647083184890926e-16
vn 9.907600726170915e-17 -1 -7.19829327805997e-17
vn 1.2246467991473532e-16 -1 -2.999519565323715e-32
vn 0 -1 0
vn 0 -1 0
vn 0 -1 0
vn 0 -1 0
vn 0 -1 0
vn 0 -1 0
vn 0 -1 0
vn 0 1 0
vn 0 1 0
vn 0 1 0
vn 0 1 0
vn 0 1 0
vn 0 1 0
vn 0 1 0
vn 0 -1 0
vn 0 1 0
vn 0 1 0
vn 0 1 0
vn 0 1 0
vn 0 1 0
vn 0 1 0
vn 0 1 0
vn 0 1 0
vn 0 1 0
vn 0 1 0
vn 0 1 0
vn 0 1 0
vn 0.3826834323650898 0.9238795325112867 0
vn 0.30959740024909344 0.9238795325112867 0.22493567784086388
vn 0.11825568406654853 0.9238795325112867 0.3639535720290143
vn -0.1182556840665485 0.9238795325112867 0.36395357202901435
vn -0.3095974002490934 0.9238795325112867 0.2249356778408639
vn -0.3826834323650898 0.9238795325112867 4.6865204053262986e-17
vn -0.30959740024909344 0.9238795325112867 -0.22493567784086382
vn -0.11825568406654857 0.9238795325112867 -0.3639535720290143
vn 0.11825568406654845 0.9238795325112867 -0.36395357202901435
vn 0.3095974002490934 0.9238795325112867 -0.22493567784086396
vn 0.3826834323650898 0.9238795325112867 -9.373040810652597e-17
vn 0.7071067811865475 0.7071067811865476 0
vn 0.5720614028176843 0.7071067811865476 0.4156269377774534
vn 0.21850801222441055 0.7071067811865476 0.6724985119639573
vn -0.2185080122244105 0.7071067811865476 0.6724985119639573
vn -0.5720614028176841 0.7071067811865476 0.41562693777745346
vn -0.7071067811865475 0.7071067811865476 8.659560562354932e-17
vn -0.5720614028176843 0.7071067811865476 -0.4156269377774533
vn -0.2185080122244106 0.7071067811865476 -0.6724985119639573
vn 0.21850801222441038 0.7071067811865476 -0.6724985119639573
vn 0.5720614028176841 0.7071067811865476 -0.4156269377774536
vn 0.7071067811865475 0.7071067811865476 -1.7319121124709863e-16
vn 0.9238795325112867 0.38268343236508984 0
vn 0.7474342425568128 0.38268343236508984 0.5430427641049989
vn 0.28549447630116936 0.38268343236508984 0.8786616496665794
vn -0.28549447630116925 0.38268343236508984 0.8786616496665796
vn -0.7474342425568127 0.38268343236508984 0.543042764104999
vn -0.9238795325112867 0.38268343236508984 1.1314261122877003e-16
vn -0.7474342425568128 0.38268343236508984 -0.5430427641049987
vn -0.2854944763011695 0.38268343236508984 -0.8786616496665794
vn 0.28549447630116914 0.38268343236508984 -0.8786616496665796
vn 0.7474342425568127 0.38268343236508984 -0.543042764104999
vn 0.9238795325112867 0.38268343236508984 -2.2628522245754005e-16
vn 1 6.123233995736766e-17 0
vn 0.8090169943749475 6.123233995736766e-17 0.5877852522924731
vn 0.30901699437494745 6.123233995736766e-17 0.9510565162951535
vn -0.30901699437494734 6.123233995736766e-17 0.9510565162951535
vn -0.8090169943749473 6.123233995736766e-17 0.5877852522924732
vn -1 6.123233995736766e-17 1.2246467991473532e-16
vn -0.8090169943749475 6.123233995736766e-17 -0.587785252292473
vn -0.30901699437494756 6.123233995736766e-17 -0.9510565162951535
vn 0.30901699437494723 6.123233995736766e-17 -0.9510565162951535
vn 0.8090169943749473 6.123233995736766e-17 -0.5877852522924734
vn 1 6.123233995736766e-17 -2.4492935982947064e-16
vn 0.9238795325112867 -0.3826834323650898 0
vn 0.7474342425568128 -0.3826834323650898 0.5430427641049989
vn 0.28549447630116936 -0.3826834323650898 0.8786616496665794
vn -0.28549447630116925 -0.3826834323650898 0.8786616496665796
vn -0.7474342425568127 -0.3826834323650898 0.543042764104999
vn -0.9238795325112867 -0.3826834323650898 1.1314261122877003e-16
vn -0.7474342425568128 -0.3826834323650898 -0.5430427641049987
vn -0.2854944763011695 -0.3826834323650898 -0.8786616496665794
vn 0.28549447630116914 -0.3826834323650898 -0.8786616496665796
vn 0.7474342425568127 -0.3826834323650898 -0.543042764104999
vn 0.9238795325112867 -0.3826834323650898 -2.2628522245754005e-16
vn 0.7071067811865477 -0.7071067811865475 0
vn 0.5720614028176844 -0.7071067811865475 0.41562693777745346
vn 0.21850801222441057 -0.7071067811865475 0.6724985119639574
vn -0.2185080122244105 -0.7071067811865475 0.6724985119639574
vn -0.5720614028176843 -0.7071067811865475 0.4156269377774535
vn -0.7071067811865477 -0.7071067811865475 8.659560562354934e-17
vn -0.5720614028176844 -0.7071067811865475 -0.4156269377774534
vn -0.21850801222441063 -0.7071067811865475 -0.6724985119639574
vn 0.2185080122244104 -0.7071067811865475 -0.6724985119639574
vn 0.5720614028176843 -0.7071067811865475 -0.41562693777745363
vn 0.7071067811865477 -0.7071067811865475 -1.7319121124709868e-16
vn 0.38268343236508984 -0.9238795325112867 0
vn 0.3095974002490935 -0.9238795325112867 0.22493567784086393
vn 0.11825568406654857 -0.9238795325112867 0.3639535720290144
vn -0.11825568406654853 -0.9238795325112867 0.36395357202901446
vn -0.3095974002490935 -0.9238795325112867 0.224935677840864
vn -0.38268343236508984 -0.9238795325112867 4.6865204053263e-17
vn -0.3095974002490935 -0.9238795325112867 -0.2249356778408639
vn -0.11825568406654861 -0.9238795325112867 -0.3639535720290144
vn 0.1182556840665485 -0.9238795325112867 -0.36395357202901446
vn 0.3095974002490935 -0.9238795325112867 -0.22493567784086402
vn 0.38268343236508984 -0.9238795325112867 -9.3730408106526e-17
vn 1.2246467991473532e-16 -1 0
vn 9.907600726170916e-17 -1 7.198293278059966e-17
vn 3.7843667304341506e-17 -1 1.1647083184890923e-16
vn -3.7843667304341493e-17 -1 1.1647083184890926e-16
vn -9.907600726170915e-17 -1 7.198293278059968e-17
vn -1.2246467991473532e-16 -1 1.4997597826618576e-32
vn -9.907600726170916e-17 -1 -7.198293278059965e-17
vn -3.784366730434152e-17 -1 -1.1647083184890923e-16
vn 3.7843667304341475e-17 -1 -1.1647083184890926e-16
vn 9.907600726170915e-17 -1 -7.19829327805997e-17
vn 1.2246467991473532e-16 -1 -2.999519565323715e-32
vn 0 -1 0
vn 0 -1 0
vn 0 -1 0
vn 0 -1 0
vn 0 -1 0
vn 0 -1 0
vn 0 -1 0
vn 0 1 0
vn 0 1 0
vn 0 1 0
vn 0 1 0
vn 0 1 0
vn 0 1 0
vn 0 1 0
vn 0 -1 0
vn 0 1 0
vn 0 1 0
vn 0 1 0
vn 0 1 0
vn 0 1 0
vn 0 1 0
vn 0 1 0
vn 0 1 0
vn 0 1 0
vn 0 1 0
vn 0 1 0
vn 0 1 0
vn 0.3826834323650898 0.9238795325112867 0
vn 0.30959740024909344 0.9238795325112867 0.22493567784086388
vn 0.11825568406654853 0.9238795325112867 0.3639535720290143
vn -0.1182556840665485 0.9238795325112867 0.36395357202901435
vn -0.3095974002490934 0.9238795325112867 0.2249356778408639
vn -0.3826834323650898 0.9238795325112867 4.686520405326299e-17
vn -0.30959740024909344 0.9238795325112867 -0.22493567784086382
vn -0.11825568406654857 0.9238795325112867 -0.3639535720290143
vn 0.11825568406654846 0.9238795325112867 -0.36395357202901435
vn 0.3095974002490934 0.9238795325112867 -0.22493567784086396
vn 0.3826834323650898 0.9238795325112867 -9.373040810652598e-17
vn 0.7071067811865475 0.7071067811865476 0
vn 0.5720614028176843 0.7071067811865476 0.4156269377774534
vn 0.21850801222441052 0.7071067811865476 0.6724985119639573
vn -0.21850801222441046 0.7071067811865476 0.6724985119639573
vn -0.5720614028176841 0.7071067811865476 0.41562693777745346
vn -0.7071067811865475 0.7071067811865476 8.659560562354932e-17
vn -0.5720614028176843 0.7071067811865476 -0.41562693777745324
vn -0.2185080122244106 0.7071067811865476 -0.6724985119639573
vn 0.21850801222441038 0.7071067811865476 -0.6724985119639573
vn 0.5720614028176841 0.7071067811865476 -0.4156269377774536
vn 0.7071067811865475 0.7071067811865476 -1.7319121124709863e-16
vn 0.9238795325112867 0.38268343236508984 0
vn 0.7474342425568127 0.38268343236508984 0.5430427641049989
vn 0.28549447630116936 0.38268343236508984 0.8786616496665794
vn -0.28549447630116925 0.38268343236508984 0.8786616496665796
vn -0.7474342425568127 0.38268343236508984 0.543042764104999
vn -0.9238795325112867 0.38268343236508984 1.1314261122877003e-16
vn -0.7474342425568127 0.38268343236508984 -0.5430427641049987
vn -0.2854944763011695 0.38268343236508984 -0.8786616496665794
vn 0.28549447630116914 0.38268343236508984 -0.8786616496665796
vn 0.7474342425568127 0.38268343236508984 -0.543042764104999
vn 0.9238795325112867 0.38268343236508984 -2.2628522245754005e-16
vn 1 6.123233995736766e-17 0
vn 0.8090169943749475 6.123233995736766e-17 0.5877852522924731
vn 0.30901699437494745 6.123233995736766e-17 0.9510565162951535
vn -0.30901699437494734 6.123233995736766e-17 0.9510565162951536
vn -0.8090169943749473 6.123233995736766e-17 0.5877852522924732
vn -1 6.123233995736766e-17 1.2246467991473532e-16
vn -0.8090169943749475 6.123233995736766e-17 -0.5877852522924729
vn -0.30901699437494756 6.123233995736766e-17 -0.9510565162951535
vn 0.30901699437494723 6.123233995736766e-17 -0.9510565162951536
vn 0.8090169943749473 6.123233995736766e-17 -0.5877852522924734
vn 1 6.123233995736766e-17 -2.4492935982947064e-16
vn 0.9238795325112867 -0.3826834323650897 0
vn 0.7474342425568127 -0.3826834323650897 0.5430427641049989
vn 0.28549447630116936 -0.3826834323650897 0.8786616496665794
vn -0.28549447630116925 -0.3826834323650897 0.8786616496665796
vn -0.7474342425568127 -0.3826834323650897 0.543042764104999
vn -0.9238795325112867 -0.3826834323650897 1.1314261122877003e-16
vn -0.7474342425568127 -0.3826834323650897 -0.5430427641049987
vn -0.2854944763011695 -0.3826834323650897 -0.8786616496665794
vn 0.28549447630116914 -0.3826834323650897 -0.8786616496665796
vn 0.7474342425568127 -0.3826834323650897 -0.543042764104999
vn 0.9238795325112867 -0.3826834323650897 -2.2628522245754005e-16
vn 0.7071067811865476 -0.7071067811865475 0
vn 0.5720614028176844 -0.7071067811865475 0.41562693777745346
vn 0.21850801222441057 -0.7071067811865475 0.6724985119639575
vn -0.2185080122244105 -0.7071067811865475 0.6724985119639575
vn -0.5720614028176843 -0.7071067811865475 0.4156269377774535
vn -0.7071067811865476 -0.7071067811865475 8.659560562354934e-17
vn -0.5720614028176844 -0.7071067811865475 -0.4156269377774534
vn -0.21850801222441066 -0.7071067811865475 -0.6724985119639575
vn 0.2185080122244104 -0.7071067811865475 -0.6724985119639575
vn 0.5720614028176843 -0.7071067811865475 -0.41562693777745363
vn 0.7071067811865476 -0.7071067811865475 -1.7319121124709868e-16
vn 0.38268343236508995 -0.9238795325112867 0
vn 0.3095974002490935 -0.9238795325112867 0.2249356778408639
vn 0.11825568406654857 -0.9238795325112867 0.3639535720290144
vn -0.11825568406654853 -0.9238795325112867 0.36395357202901446
vn -0.3095974002490935 -0.9238795325112867 0.224935677840864
vn -0.38268343236508995 -0.9238795325112867 4.6865204053263e-17
vn -0.3095974002490935 -0.9238795325112867 -0.2249356778408639
vn -0.11825568406654861 -0.9238795325112867 -0.3639535720290144
vn 0.1182556840665485 -0.9238795325112867 -0.36395357202901446
vn 0.3095974002490935 -0.9238795325112867 -0.22493567784086402
vn 0.38268343236508995 -0.9238795325112867 -9.3730408106526e-17
vn 1.2246467991473532e-16 -1 0
vn 9.907600726170916e-17 -1 7.198293278059966e-17
vn 3.7843667304341506e-17 -1 1.1647083184890923e-16
vn -3.7843667304341493e-17 -1 1.1647083184890926e-16
vn -9.907600726170916e-17 -1 7.198293278059968e-17
vn -1.2246467991473532e-16 -1 1.4997597826618576e-32
vn -9.907600726170916e-17 -1 -7.198293278059965e-17
vn -3.784366730434152e-17 -1 -1.1647083184890923e-16
vn 3.7843667304341475e-17 -1 -1.1647083184890926e-16
vn 9.907600726170916e-17 -1 -7.19829327805997e-17
vn 1.2246467991473532e-16 -1 -2.999519565323715e-32
vn 0 -1 0
vn 0 -1 0
vn 0 -1 0
vn 0 -1 0
vn 0 -1 0
vn 0 -1 0
vn 0 -1 0
vn 0 1 0
vn 0 1 0
vn 0 1 0
vn 0 1 0
vn 0 1 0
vn 0 1 0
vn 0 1 0
vn 0 -1 0
vn 0 1 0
vn 0 1 0
vn 0 1 0
vn 0 1 0
vn 0 1 0
vn 0 1 0
vn 0 1 0
vn 0 1 0
vn 0 1 0
vn 0 1 0
vn 0 1 0
vn 0 1 0
vn 0.3826834323650898 0.9238795325112866 0
vn 0.30959740024909344 0.9238795325112866 0.22493567784086388
vn 0.11825568406654853 0.9238795325112866 0.3639535720290143
vn -0.1182556840665485 0.9238795325112866 0.36395357202901435
vn -0.3095974002490934 0.9238795325112866 0.2249356778408639
vn -0.3826834323650898 0.9238795325112866 4.686520405326299e-17
vn -0.30959740024909344 0.9238795325112866 -0.22493567784086382
vn -0.11825568406654857 0.9238795325112866 -0.3639535720290143
vn 0.11825568406654846 0.9238795325112866 -0.36395357202901435
vn 0.3095974002490934 0.9238795325112866 -0.22493567784086396
vn 0.3826834323650898 0.9238795325112866 -9.373040810652598e-17
vn 0.7071067811865475 0.7071067811865476 0
vn 0.5720614028176843 0.7071067811865476 0.4156269377774534
vn 0.21850801222441052 0.7071067811865476 0.6724985119639573
vn -0.21850801222441046 0.7071067811865476 0.6724985119639573
vn -0.5720614028176841 0.7071067811865476 0.41562693777745346
vn -0.7071067811865475 0.7071067811865476 8.659560562354932e-17
vn -0.5720614028176843 0.7071067811865476 -0.41562693777745324
vn -0.2185080122244106 0.7071067811865476 -0.6724985119639573
vn 0.21850801222441038 0.7071067811865476 -0.6724985119639573
vn 0.5720614028176841 0.7071067811865476 -0.4156269377774536
vn 0.7071067811865475 0.7071067811865476 -1.7319121124709863e-16
vn 0.9238795325112867 0.38268343236508984 0
vn 0.7474342425568127 0.38268343236508984 0.5430427641049989
vn 0.28549447630116936 0.38268343236508984 0.8786616496665794
vn -0.28549447630116925 0.38268343236508984 0.8786616496665796
vn -0.7474342425568127 0.38268343236508984 0.543042764104999
vn -0.9238795325112867 0.38268343236508984 1.1314261122877003e-16
vn -0.7474342425568127 0.38268343236508984 -0.5430427641049987
vn -0.2854944763011695 0.38268343236508984 -0.8786616496665794
vn 0.28549447630116914 0.38268343236508984 -0.8786616496665796
vn 0.7474342425568127 0.38268343236508984 -0.543042764104999
vn 0.9238795325112867 0.38268343236508984 -2.2628522245754005e-16
vn 1 6.123233995736766e-17 0
vn 0.8090169943749475 6.123233995736766e-17 0.5877852522924731
vn 0.30901699437494745 6.123233995736766e-17 0.9510565162951535
vn -0.30901699437494734 6.123233995736766e-17 0.9510565162951536
vn -0.8090169943749473 6.123233995736766e-17 0.5877852522924732
vn -1 6.123233995736766e-17 1.2246467991473532e-16
vn -0.8090169943749475 6.123233995736766e-17 -0.5877852522924729
vn -0.30901699437494756 6.123233995736766e-17 -0.9510565162951535
vn 0.30901699437494723 6.123233995736766e-17 -0.9510565162951536
vn 0.8090169943749473 6.123233995736766e-17 -0.5877852522924734
vn 1 6.123233995736766e-17 -2.4492935982947064e-16
vn 0.9238795325112867 -0.3826834323650897 0
vn 0.7474342425568127 -0.3826834323650897 0.5430427641049989
vn 0.28549447630116936 -0.3826834323650897 0.8786616496665794
vn -0.28549447630116925 -0.3826834323650897 0.8786616496665796
vn -0.7474342425568127 -0.3826834323650897 0.543042764104999
vn -0.9238795325112867 -0.3826834323650897 1.1314261122877003e-16
vn -0.7474342425568127 -0.3826834323650897 -0.5430427641049987
vn -0.2854944763011695 -0.3826834323650897 -0.8786616496665794
vn 0.28549447630116914 -0.3826834323650897 -0.8786616496665796
vn 0.7474342425568127 -0.3826834323650897 -0.543042764104999
vn 0.9238795325112867 -0.3826834323650897 -2.2628522245754005e-16
vn 0.7071067811865476 -0.7071067811865475 0
vn 0.5720614028176844 -0.7071067811865475 0.41562693777745346
vn 0.21850801222441057 -0.7071067811865475 0.6724985119639575
vn -0.2185080122244105 -0.7071067811865475 0.6724985119639575
vn -0.5720614028176843 -0.7071067811865475 0.4156269377774535
vn -0.7071067811865476 -0.7071067811865475 8.659560562354934e-17
vn -0.5720614028176844 -0.7071067811865475 -0.4156269377774534
vn -0.21850801222441066 -0.7071067811865475 -0.6724985119639575
vn 0.2185080122244104 -0.7071067811865475 -0.6724985119639575
vn 0.5720614028176843 -0.7071067811865475 -0.41562693777745363
vn 0.7071067811865476 -0.7071067811865475 -1.7319121124709868e-16
vn 0.38268343236508995 -0.9238795325112866 0
vn 0.3095974002490935 -0.9238795325112866 0.2249356778408639
vn 0.11825568406654857 -0.9238795325112866 0.3639535720290144
vn -0.11825568406654853 -0.9238795325112866 0.36395357202901446
vn -0.3095974002490935 -0.9238795325112866 0.224935677840864
vn -0.38268343236508995 -0.9238795325112866 4.6865204053263e-17
vn -0.3095974002490935 -0.9238795325112866 -0.2249356778408639
vn -0.11825568406654861 -0.9238795325112866 -0.3639535720290144
vn 0.1182556840665485 -0.9238795325112866 -0.36395357202901446
vn 0.3095974002490935 -0.9238795325112866 -0.22493567784086402
vn 0.38268343236508995 -0.9238795325112866 -9.3730408106526e-17
vn 1.2246467991473532e-16 -1 0
vn 9.907600726170916e-17 -1 7.198293278059966e-17
vn 3.7843667304341506e-17 -1 1.1647083184890923e-16
vn -3.7843667304341493e-17 -1 1.1647083184890926e-16
vn -9.907600726170916e-17 -1 7.198293278059968e-17
vn -1.2246467991473532e-16 -1 1.4997597826618576e-32
vn -9.907600726170916e-17 -1 -7.198293278059965e-17
vn -3.784366730434152e-17 -1 -1.1647083184890923e-16
vn 3.7843667304341475e-17 -1 -1.1647083184890926e-16
vn 9.907600726170916e-17 -1 -7.19829327805997e-17
vn 1.2246467991473532e-16 -1 -2.999519565323715e-32
vn 0 -1 0
vn 0 -1 0
vn 0 -1 0
vn 0 -1 0
vn 0 -1 0
vn 0 -1 0
vn 0 -1 0
vn 0 1 0
vn 0 1 0
vn 0 1 0
vn 0 1 0
vn 0 1 0
vn 0 1 0
vn 0 1 0
vn 0 -1 0
vn 0 1 0
vn 0 1 0
vn 0 1 0
vn 0 1 0
vn 0 1 0
vn 0 1 0
vn 0 1 0
vn 0 1 0
vn 0 1 0
vn 0 1 0
vn 0 1 0
vn 0 1 0
vn 0.3826834323650898 0.9238795325112867 0
vn 0.30959740024909344 0.9238795325112867 0.22493567784086388
vn 0.11825568406654853 0.9238795325112867 0.3639535720290143
vn -0.1182556840665485 0.9238795325112867 0.36395357202901435
vn -0.3095974002490934 0.9238795325112867 0.2249356778408639
vn -0.3826834323650898 0.9238795325112867 4.686520405326299e-17
vn -0.30959740024909344 0.9238795325112867 -0.22493567784086382
vn -0.11825568406654857 0.9238795325112867 -0.3639535720290143
vn 0.11825568406654846 0.9238795325112867 -0.36395357202901435
vn 0.3095974002490934 0.9238795325112867 -0.22493567784086396
vn 0.3826834323650898 0.9238795325112867 -9.373040810652598e-17
vn 0.7071067811865475 0.7071067811865476 0
vn 0.5720614028176843 0.7071067811865476 0.4156269377774534
vn 0.21850801222441052 0.7071067811865476 0.6724985119639573
vn -0.21850801222441046 0.7071067811865476 0.6724985119639573
vn -0.5720614028176841 0.7071067811865476 0.41562693777745346
vn -0.7071067811865475 0.7071067811865476 8.659560562354932e-17
vn -0.5720614028176843 0.7071067811865476 -0.41562693777745324
vn -0.2185080122244106 0.7071067811865476 -0.6724985119639573
vn 0.21850801222441038 0.7071067811865476 -0.6724985119639573
vn 0.5720614028176841 0.7071067811865476 -0.4156269377774536
vn 0.7071067811865475 0.7071067811865476 -1.7319121124709863e-16
vn 0.9238795325112867 0.38268343236508984 0
vn 0.7474342425568127 0.38268343236508984 0.5430427641049989
vn 0.28549447630116936 0.38268343236508984 0.8786616496665794
vn -0.28549447630116925 0.38268343236508984 0.8786616496665796
vn -0.7474342425568127 0.38268343236508984 0.543042764104999
vn -0.9238795325112867 0.38268343236508984 1.1314261122877003e-16
vn -0.7474342425568127 0.38268343236508984 -0.5430427641049987
vn -0.2854944763011695 0.38268343236508984 -0.8786616496665794
vn 0.28549447630116914 0.38268343236508984 -0.8786616496665796
vn 0.7474342425568127 0.38268343236508984 -0.543042764104999
vn 0.9238795325112867 0.38268343236508984 -2.2628522245754005e-16
vn 1 6.123233995736766e-17 0
vn 0.8090169943749475 6.123233995736766e-17 0.5877852522924731
vn 0.30901699437494745 6.123233995736766e-17 0.9510565162951535
vn -0.30901699437494734 6.123233995736766e-17 0.9510565162951536
vn -0.8090169943749473 6.123233995736766e-17 0.5877852522924732
vn -1 6.123233995736766e-17 1.2246467991473532e-16
vn -0.8090169943749475 6.123233995736766e-17 -0.5877852522924729
vn -0.30901699437494756 6.123233995736766e-17 -0.9510565162951535
vn 0.30901699437494723 6.123233995736766e-17 -0.9510565162951536
vn 0.8090169943749473 6.123233995736766e-17 -0.5877852522924734
vn 1 6.123233995736766e-17 -2.4492935982947064e-16
vn 0.9238795325112867 -0.3826834323650897 0
vn 0.7474342425568127 -0.3826834323650897 0.5430427641049989
vn 0.28549447630116936 -0.3826834323650897 0.8786616496665794
vn -0.28549447630116925 -0.3826834323650897 0.8786616496665796
vn -0.7474342425568127 -0.3826834323650897 0.543042764104999
vn -0.9238795325112867 -0.3826834323650897 1.1314261122877003e-16
vn -0.7474342425568127 -0.3826834323650897 -0.5430427641049987
vn -0.2854944763011695 -0.3826834323650897 -0.8786616496665794
vn 0.28549447630116914 -0.3826834323650897 -0.8786616496665796
vn 0.7474342425568127 -0.3826834323650897 -0.543042764104999
vn 0.9238795325112867 -0.3826834323650897 -2.2628522245754005e-16
vn 0.7071067811865476 -0.7071067811865474 0
vn 0.5720614028176844 -0.7071067811865474 0.41562693777745346
vn 0.21850801222441057 -0.7071067811865474 0.6724985119639575
vn -0.2185080122244105 -0.7071067811865474 0.6724985119639575
vn -0.5720614028176843 -0.7071067811865474 0.4156269377774535
vn -0.7071067811865476 -0.7071067811865474 8.659560562354934e-17
vn -0.5720614028176844 -0.7071067811865474 -0.4156269377774534
vn -0.21850801222441066 -0.7071067811865474 -0.6724985119639575
vn 0.2185080122244104 -0.7071067811865474 -0.6724985119639575
vn 0.5720614028176843 -0.7071067811865474 -0.41562693777745363
vn 0.7071067811865476 -0.7071067811865474 -1.7319121124709868e-16
vn 0.38268343236508995 -0.9238795325112867 0
vn 0.3095974002490935 -0.9238795325112867 0.2249356778408639
vn 0.11825568406654857 -0.9238795325112867 0.3639535720290144
vn -0.11825568406654853 -0.9238795325112867 0.36395357202901446
vn -0.3095974002490935 -0.9238795325112867 0.224935677840864
vn -0.38268343236508995 -0.9238795325112867 4.6865204053263e-17
vn -0.3095974002490935 -0.9238795325112867 -0.2249356778408639
vn -0.11825568406654861 -0.9238795325112867 -0.3639535720290144
vn 0.1182556840665485 -0.9238795325112867 -0.36395357202901446
vn 0.3095974002490935 -0.9238795325112867 -0.22493567784086402
vn 0.38268343236508995 -0.9238795325112867 -9.3730408106526e-17
vn 1.2246467991473532e-16 -1 0
vn 9.907600726170916e-17 -1 7.198293278059966e-17
vn 3.7843667304341506e-17 -1 1.1647083184890923e-16
vn -3.7843667304341493e-17 -1 1.1647083184890926e-16
vn -9.907600726170916e-17 -1 7.198293278059968e-17
vn -1.2246467991473532e-16 -1 1.4997597826618576e-32
vn -9.907600726170916e-17 -1 -7.198293278059965e-17
vn -3.784366730434152e-17 -1 -1.1647083184890923e-16
vn 3.7843667304341475e-17 -1 -1.1647083184890926e-16
vn 9.907600726170916e-17 -1 -7.19829327805997e-17
vn 1.2246467991473532e-16 -1 -2.999519565323715e-32
vn 0 -1 0
vn 0 -1 0
vn 0 -1 0
vn 0 -1 0
vn 0 -1 0
vn 0 -1 0
vn 0 -1 0
vn 0 1 0
vn 0 1 0
vn 0 1 0
vn 0 1 0
vn 0 1 0
vn 0 1 0
vn 0 1 0
vn 0 -1 0
vn 0 1 0
vn 0 1 0
vn 0 1 0
vn 0 1 0
vn 0 1 0
vn 0 1 0
vn 0 1 0
vn 0 1 0
vn 0 1 0
vn 0 1 0
vn 0 1 0
vn 0 1 0
vn 0.3826834323650898 0.9238795325112866 0
vn 0.30959740024909344 0.9238795325112866 0.22493567784086388
vn 0.11825568406654853 0.9238795325112866 0.3639535720290143
vn -0.1182556840665485 0.9238795325112866 0.36395357202901435
vn -0.3095974002490934 0.9238795325112866 0.2249356778408639
vn -0.3826834323650898 0.9238795325112866 4.686520405326299e-17
vn -0.30959740024909344 0.9238795325112866 -0.22493567784086382
vn -0.11825568406654857 0.9238795325112866 -0.3639535720290143
vn 0.11825568406654846 0.9238795325112866 -0.36395357202901435
vn 0.3095974002490934 0.9238795325112866 -0.22493567784086396
vn 0.3826834323650898 0.9238795325112866 -9.373040810652598e-17
vn 0.7071067811865475 0.7071067811865476 0
vn 0.5720614028176843 0.7071067811865476 0.4156269377774534
vn 0.21850801222441052 0.7071067811865476 0.6724985119639573
vn -0.21850801222441046 0.7071067811865476 0.6724985119639573
vn -0.5720614028176841 0.7071067811865476 0.41562693777745346
vn -0.7071067811865475 0.7071067811865476 8.659560562354932e-17
vn -0.5720614028176843 0.7071067811865476 -0.41562693777745324
vn -0.2185080122244106 0.7071067811865476 -0.6724985119639573
vn 0.21850801222441038 0.7071067811865476 -0.6724985119639573
vn 0.5720614028176841 0.7071067811865476 -0.4156269377774536
vn 0.7071067811865475 0.7071067811865476 -1.7319121124709863e-16
vn 0.9238795325112867 0.3826834323650899 0
vn 0.7474342425568127 0.3826834323650899 0.5430427641049989
vn 0.28549447630116936 0.3826834323650899 0.8786616496665794
vn -0.28549447630116925 0.3826834323650899 0.8786616496665796
vn -0.7474342425568127 0.3826834323650899 0.543042764104999
vn -0.9238795325112867 0.3826834323650899 1.1314261122877003e-16
vn -0.7474342425568127 0.3826834323650899 -0.5430427641049987
vn -0.2854944763011695 0.3826834323650899 -0.8786616496665794
vn 0.28549447630116914 0.3826834323650899 -0.8786616496665796
vn 0.7474342425568127 0.3826834323650899 -0.543042764104999
vn 0.9238795325112867 0.3826834323650899 -2.2628522245754005e-16
vn 1 6.123233995736766e-17 0
vn 0.8090169943749475 6.123233995736766e-17 0.5877852522924731
vn 0.30901699437494745 6.123233995736766e-17 0.9510565162951535
vn -0.30901699437494734 6.123233995736766e-17 0.9510565162951536
vn -0.8090169943749473 6.123233995736766e-17 0.5877852522924732
vn -1 6.123233995736766e-17 1.2246467991473532e-16
vn -0.8090169943749475 6.123233995736766e-17 -0.5877852522924729
vn -0.30901699437494756 6.123233995736766e-17 -0.9510565162951535
vn 0.30901699437494723 6.123233995736766e-17 -0.9510565162951536
vn 0.8090169943749473 6.123233995736766e-17 -0.5877852522924734
vn 1 6.123233995736766e-17 -2.4492935982947064e-16
vn 0.9238795325112867 -0.3826834323650897 0
vn 0.7474342425568127 -0.3826834323650897 0.5430427641049989
vn 0.28549447630116936 -0.3826834323650897 0.8786616496665794
vn -0.28549447630116925 -0.3826834323650897 0.8786616496665796
vn -0.7474342425568127 -0.3826834323650897 0.543042764104999
vn -0.9238795325112867 -0.3826834323650897 1.1314261122877003e-16
vn -0.7474342425568127 -0.3826834323650897 -0.5430427641049987
vn -0.2854944763011695 -0.3826834323650897 -0.8786616496665794
vn 0.28549447630116914 -0.3826834323650897 -0.8786616496665796
vn 0.7474342425568127 -0.3826834323650897 -0.543042764104999
vn 0.9238795325112867 -0.3826834323650897 -2.2628522245754005e-16
vn 0.7071067811865476 -0.7071067811865475 0
vn 0.5720614028176844 -0.7071067811865475 0.41562693777745346
vn 0.21850801222441057 -0.7071067811865475 0.6724985119639575
vn -0.2185080122244105 -0.7071067811865475 0.6724985119639575
vn -0.5720614028176843 -0.7071067811865475 0.4156269377774535
vn -0.7071067811865476 -0.7071067811865475 8.659560562354934e-17
vn -0.5720614028176844 -0.7071067811865475 -0.4156269377774534
vn -0.21850801222441066 -0.7071067811865475 -0.6724985119639575
vn 0.2185080122244104 -0.7071067811865475 -0.6724985119639575
vn 0.5720614028176843 -0.7071067811865475 -0.41562693777745363
vn 0.7071067811865476 -0.7071067811865475 -1.7319121124709868e-16
vn 0.38268343236508995 -0.9238795325112866 0
vn 0.3095974002490935 -0.9238795325112866 0.2249356778408639
vn 0.11825568406654857 -0.9238795325112866 0.3639535720290144
vn -0.11825568406654853 -0.9238795325112866 0.36395357202901446
vn -0.3095974002490935 -0.9238795325112866 0.224935677840864
vn -0.38268343236508995 -0.9238795325112866 4.6865204053263e-17
vn -0.3095974002490935 -0.9238795325112866 -0.2249356778408639
vn -0.11825568406654861 -0.9238795325112866 -0.3639535720290144
vn 0.1182556840665485 -0.9238795325112866 -0.36395357202901446
vn 0.3095974002490935 -0.9238795325112866 -0.22493567784086402
vn 0.38268343236508995 -0.9238795325112866 -9.3730408106526e-17
vn 1.2246467991473532e-16 -1 0
vn 9.907600726170916e-17 -1 7.198293278059966e-17
vn 3.7843667304341506e-17 -1 1.1647083184890923e-16
vn -3.7843667304341493e-17 -1 1.1647083184890926e-16
vn -9.907600726170916e-17 -1 7.198293278059968e-17
vn -1.2246467991473532e-16 -1 1.4997597826618576e-32
vn -9.907600726170916e-17 -1 -7.198293278059965e-17
vn -3.784366730434152e-17 -1 -1.1647083184890923e-16
vn 3.7843667304341475e-17 -1 -1.1647083184890926e-16
vn 9.907600726170916e-17 -1 -7.19829327805997e-17
vn 1.2246467991473532e-16 -1 -2.999519565323715e-32
vn 0 -1 0
vn 0 -1 0
vn 0 -1 0
vn 0 -1 0
vn 0 -1 0
vn 0 -1 0
vn 0 -1 0
vn 0 1 0
vn 0 1 0
vn 0 1 0
vn 0 1 0
vn 0 1 0
vn 0 1 0
vn 0 1 0
vn 0 -1 0
vn 0 1 0
vn 0 1 0
vn 0 1 0
vn 0 1 0
vn 0 1 0
vn 0 1 0
vn 0 1 0
vn 0 1 0
vn 0 1 0
vn 0 1 0
vn 0 1 0
vn 0 1 0
vn 0.3826834323650898 0.9238795325112867 0
vn 0.30959740024909344 0.9238795325112867 0.22493567784086388
vn 0.11825568406654853 0.9238795325112867 0.3639535720290143
vn -0.1182556840665485 0.9238795325112867 0.36395357202901435
vn -0.3095974002490934 0.9238795325112867 0.2249356778408639
vn -0.3826834323650898 0.9238795325112867 4.686520405326299e-17
vn -0.30959740024909344 0.9238795325112867 -0.22493567784086382
vn -0.11825568406654857 0.9238795325112867 -0.3639535720290143
vn 0.11825568406654846 0.9238795325112867 -0.36395357202901435
vn 0.3095974002490934 0.9238795325112867 -0.22493567784086396
vn 0.3826834323650898 0.9238795325112867 -9.373040810652598e-17
vn 0.7071067811865475 0.7071067811865476 0
vn 0.5720614028176843 0.7071067811865476 0.4156269377774534
vn 0.21850801222441052 0.7071067811865476 0.6724985119639573
vn -0.21850801222441046 0.7071067811865476 0.6724985119639573
vn -0.5720614028176841 0.7071067811865476 0.41562693777745346
vn -0.7071067811865475 0.7071067811865476 8.659560562354932e-17
vn -0.5720614028176843 0.7071067811865476 -0.41562693777745324
vn -0.2185080122244106 0.7071067811865476 -0.6724985119639573
vn 0.21850801222441038 0.7071067811865476 -0.6724985119639573
vn 0.5720614028176841 0.7071067811865476 -0.4156269377774536
vn 0.7071067811865475 0.7071067811865476 -1.7319121124709863e-16
vn 0.9238795325112867 0.3826834323650898 0
vn 0.7474342425568127 0.3826834323650898 0.5430427641049989
vn 0.28549447630116936 0.3826834323650898 0.8786616496665794
vn -0.28549447630116925 0.3826834323650898 0.8786616496665796
vn -0.7474342425568127 0.3826834323650898 0.543042764104999
vn -0.9238795325112867 0.3826834323650898 1.1314261122877003e-16
vn -0.7474342425568127 0.3826834323650898 -0.5430427641049987
vn -0.2854944763011695 0.3826834323650898 -0.8786616496665794
vn 0.28549447630116914 0.3826834323650898 -0.8786616496665796
vn 0.7474342425568127 0.3826834323650898 -0.543042764104999
vn 0.9238795325112867 0.3826834323650898 -2.2628522245754005e-16
vn 1 6.123233995736766e-17 0
vn 0.8090169943749475 6.123233995736766e-17 0.5877852522924731
vn 0.30901699437494745 6.123233995736766e-17 0.9510565162951535
vn -0.30901699437494734 6.123233995736766e-17 0.9510565162951536
vn -0.8090169943749473 6.123233995736766e-17 0.5877852522924732
vn -1 6.123233995736766e-17 1.2246467991473532e-16
vn -0.8090169943749475 6.123233995736766e-17 -0.5877852522924729
vn -0.30901699437494756 6.123233995736766e-17 -0.9510565162951535
vn 0.30901699437494723 6.123233995736766e-17 -0.9510565162951536
vn 0.8090169943749473 6.123233995736766e-17 -0.5877852522924734
vn 1 6.123233995736766e-17 -2.4492935982947064e-16
vn 0.9238795325112867 -0.3826834323650897 0
vn 0.7474342425568127 -0.3826834323650897 0.5430427641049989
vn 0.28549447630116936 -0.3826834323650897 0.8786616496665794
vn -0.28549447630116925 -0.3826834323650897 0.8786616496665796
vn -0.7474342425568127 -0.3826834323650897 0.543042764104999
vn -0.9238795325112867 -0.3826834323650897 1.1314261122877003e-16
vn -0.7474342425568127 -0.3826834323650897 -0.5430427641049987
vn -0.2854944763011695 -0.3826834323650897 -0.8786616496665794
vn 0.28549447630116914 -0.3826834323650897 -0.8786616496665796
vn 0.7474342425568127 -0.3826834323650897 -0.543042764104999
vn 0.9238795325112867 -0.3826834323650897 -2.2628522245754005e-16
vn 0.7071067811865476 -0.7071067811865475 0
vn 0.5720614028176844 -0.7071067811865475 0.41562693777745346
vn 0.21850801222441057 -0.7071067811865475 0.6724985119639575
vn -0.2185080122244105 -0.7071067811865475 0.6724985119639575
vn -0.5720614028176843 -0.7071067811865475 0.4156269377774535
vn -0.7071067811865476 -0.7071067811865475 8.659560562354934e-17
vn -0.5720614028176844 -0.7071067811865475 -0.4156269377774534
vn -0.21850801222441066 -0.7071067811865475 -0.6724985119639575
vn 0.2185080122244104 -0.7071067811865475 -0.6724985119639575
vn 0.5720614028176843 -0.7071067811865475 -0.41562693777745363
vn 0.7071067811865476 -0.7071067811865475 -1.7319121124709868e-16
vn 0.38268343236508995 -0.9238795325112867 0
vn 0.3095974002490935 -0.9238795325112867 0.2249356778408639
vn 0.11825568406654857 -0.9238795325112867 0.3639535720290144
vn -0.11825568406654853 -0.9238795325112867 0.36395357202901446
vn -0.3095974002490935 -0.9238795325112867 0.224935677840864
vn -0.38268343236508995 -0.9238795325112867 4.6865204053263e-17
vn -0.3095974002490935 -0.9238795325112867 -0.2249356778408639
vn -0.11825568406654861 -0.9238795325112867 -0.3639535720290144
vn 0.1182556840665485 -0.9238795325112867 -0.36395357202901446
vn 0.3095974002490935 -0.9238795325112867 -0.22493567784086402
vn 0.38268343236508995 -0.9238795325112867 -9.3730408106526e-17
vn 1.2246467991473532e-16 -1 0
vn 9.907600726170916e-17 -1 7.198293278059966e-17
vn 3.7843667304341506e-17 -1 1.1647083184890923e-16
vn -3.7843667304341493e-17 -1 1.1647083184890926e-16
vn -9.907600726170916e-17 -1 7.198293278059968e-17
vn -1.2246467991473532e-16 -1 1.4997597826618576e-32
vn -9.907600726170916e-17 -1 -7.198293278059965e-17
vn -3.784366730434152e-17 -1 -1.1647083184890923e-16
vn 3.7843667304341475e-17 -1 -1.1647083184890926e-16
vn 9.907600726170916e-17 -1 -7.19829327805997e-17
vn 1.2246467991473532e-16 -1 -2.999519565323715e-32
vn 0 -1 0
vn 0 -1 0
vn 0 -1 0
vn 0 -1 0
vn 0 -1 0
vn 0 -1 0
vn 0 -1 0
vn 0 1 0
vn 0 1 0
vn 0 1 0
vn 0 1 0
vn 0 1 0
vn 0 1 0
vn 0 1 0
vn 0 -1 0
vn 0 1 0
vn 0 1 0
vn 0 1 0
vn 0 1 0
vn 0 1 0
vn 0 1 0
vn 0 1 0
vn 0 1 0
vn 0 1 0
vn 0 1 0
vn 0 1 0
vn 0 1 0
vn 0.3826834323650898 0.9238795325112866 0
vn 0.30959740024909344 0.9238795325112866 0.22493567784086388
vn 0.11825568406654853 0.9238795325112866 0.3639535720290143
vn -0.1182556840665485 0.9238795325112866 0.36395357202901435
vn -0.3095974002490934 0.9238795325112866 0.2249356778408639
vn -0.3826834323650898 0.9238795325112866 4.686520405326299e-17
vn -0.30959740024909344 0.9238795325112866 -0.22493567784086382
vn -0.11825568406654857 0.9238795325112866 -0.3639535720290143
vn 0.11825568406654846 0.9238795325112866 -0.36395357202901435
vn 0.3095974002490934 0.9238795325112866 -0.22493567784086396
vn 0.3826834323650898 0.9238795325112866 -9.373040810652598e-17
vn 0.7071067811865475 0.7071067811865476 0
vn 0.5720614028176843 0.7071067811865476 0.4156269377774534
vn 0.21850801222441052 0.7071067811865476 0.6724985119639573
vn -0.21850801222441046 0.7071067811865476 0.6724985119639573
vn -0.5720614028176841 0.7071067811865476 0.41562693777745346
vn -0.7071067811865475 0.7071067811865476 8.659560562354932e-17
vn -0.5720614028176843 0.7071067811865476 -0.41562693777745324
vn -0.2185080122244106 0.7071067811865476 -0.6724985119639573
vn 0.21850801222441038 0.7071067811865476 -0.6724985119639573
vn 0.5720614028176841 0.7071067811865476 -0.4156269377774536
vn 0.7071067811865475 0.7071067811865476 -1.7319121124709863e-16
vn 0.9238795325112867 0.38268343236508984 0
vn 0.7474342425568127 0.38268343236508984 0.5430427641049989
vn 0.28549447630116936 0.38268343236508984 0.8786616496665794
vn -0.28549447630116925 0.38268343236508984 0.8786616496665796
vn -0.7474342425568127 0.38268343236508984 0.543042764104999
vn -0.9238795325112867 0.38268343236508984 1.1314261122877003e-16
vn -0.7474342425568127 0.38268343236508984 -0.5430427641049987
vn -0.2854944763011695 0.38268343236508984 -0.8786616496665794
vn 0.28549447630116914 0.38268343236508984 -0.8786616496665796
vn 0.7474342425568127 0.38268343236508984 -0.543042764104999
vn 0.9238795325112867 0.38268343236508984 -2.2628522245754005e-16
vn 1 6.123233995736766e-17 0
vn 0.8090169943749475 6.123233995736766e-17 0.5877852522924731
vn 0.30901699437494745 6.123233995736766e-17 0.9510565162951535
vn -0.30901699437494734 6.123233995736766e-17 0.9510565162951536
vn -0.8090169943749473 6.123233995736766e-17 0.5877852522924732
vn -1 6.123233995736766e-17 1.2246467991473532e-16
vn -0.8090169943749475 6.123233995736766e-17 -0.5877852522924729
vn -0.30901699437494756 6.123233995736766e-17 -0.9510565162951535
vn 0.30901699437494723 6.123233995736766e-17 -0.9510565162951536
vn 0.8090169943749473 6.123233995736766e-17 -0.5877852522924734
vn 1 6.123233995736766e-17 -2.4492935982947064e-16
vn 0.9238795325112867 -0.3826834323650897 0
vn 0.7474342425568127 -0.3826834323650897 0.5430427641049989
vn 0.28549447630116936 -0.3826834323650897 0.8786616496665794
vn -0.28549447630116925 -0.3826834323650897 0.8786616496665796
vn -0.7474342425568127 -0.3826834323650897 0.543042764104999
vn -0.9238795325112867 -0.3826834323650897 1.1314261122877003e-16
vn -0.7474342425568127 -0.3826834323650897 -0.5430427641049987
vn -0.2854944763011695 -0.3826834323650897 -0.8786616496665794
vn 0.28549447630116914 -0.3826834323650897 -0.8786616496665796
vn 0.7474342425568127 -0.3826834323650897 -0.543042764104999
vn 0.9238795325112867 -0.3826834323650897 -2.2628522245754005e-16
vn 0.7071067811865476 -0.7071067811865475 0
vn 0.5720614028176844 -0.7071067811865475 0.41562693777745346
vn 0.21850801222441057 -0.7071067811865475 0.6724985119639575
vn -0.2185080122244105 -0.7071067811865475 0.6724985119639575
vn -0.5720614028176843 -0.7071067811865475 0.4156269377774535
vn -0.7071067811865476 -0.7071067811865475 8.659560562354934e-17
vn -0.5720614028176844 -0.7071067811865475 -0.4156269377774534
vn -0.21850801222441066 -0.7071067811865475 -0.6724985119639575
vn 0.2185080122244104 -0.7071067811865475 -0.6724985119639575
vn 0.5720614028176843 -0.7071067811865475 -0.41562693777745363
vn 0.7071067811865476 -0.7071067811865475 -1.7319121124709868e-16
vn 0.38268343236508995 -0.9238795325112866 0
vn 0.3095974002490935 -0.9238795325112866 0.2249356778408639
vn 0.11825568406654857 -0.9238795325112866 0.3639535720290144
vn -0.11825568406654853 -0.9238795325112866 0.36395357202901446
vn -0.3095974002490935 -0.9238795325112866 0.224935677840864
vn -0.38268343236508995 -0.9238795325112866 4.6865204053263e-17
vn -0.3095974002490935 -0.9238795325112866 -0.2249356778408639
vn -0.11825568406654861 -0.9238795325112866 -0.3639535720290144
vn 0.1182556840665485 -0.9238795325112866 -0.36395357202901446
vn 0.3095974002490935 -0.9238795325112866 -0.22493567784086402
vn 0.38268343236508995 -0.9238795325112866 -9.3730408106526e-17
vn 1.2246467991473532e-16 -1 0
vn 9.907600726170916e-17 -1 7.198293278059966e-17
vn 3.7843667304341506e-17 -1 1.1647083184890923e-16
vn -3.7843667304341493e-17 -1 1.1647083184890926e-16
vn -9.907600726170916e-17 -1 7.198293278059968e-17
vn -1.2246467991473532e-16 -1 1.4997597826618576e-32
vn -9.907600726170916e-17 -1 -7.198293278059965e-17
vn -3.784366730434152e-17 -1 -1.1647083184890923e-16
vn 3.7843667304341475e-17 -1 -1.1647083184890926e-16
vn 9.907600726170916e-17 -1 -7.19829327805997e-17
vn 1.2246467991473532e-16 -1 -2.999519565323715e-32
vn 0 -1 0
vn 0 -1 0
vn 0 -1 0
vn 0 -1 0
vn 0 -1 0
vn 0 -1 0
vn 0 -1 0
vn 0 1 0
vn 0 1 0
vn 0 1 0
vn 0 1 0
vn 0 1 0
vn 0 1 0
vn 0 1 0
vn 0 -1 0
vn 0 1 0
vn 0 1 0
vn 0 1 0
vn 0 1 0
vn 0 1 0
vn 0 1 0
vn 0 1 0
vn 0 1 0
vn 0 1 0
vn 0 1 0
vn 0 1 0
vn 0 1 0
vn 0.3826834323650898 0.9238795325112868 0
vn 0.30959740024909344 0.9238795325112868 0.22493567784086388
vn 0.11825568406654853 0.9238795325112868 0.3639535720290143
vn -0.1182556840665485 0.9238795325112868 0.36395357202901435
vn -0.3095974002490934 0.9238795325112868 0.2249356778408639
vn -0.3826834323650898 0.9238795325112868 4.686520405326299e-17
vn -0.30959740024909344 0.9238795325112868 -0.22493567784086382
vn -0.11825568406654857 0.9238795325112868 -0.3639535720290143
vn 0.11825568406654846 0.9238795325112868 -0.36395357202901435
vn 0.3095974002490934 0.9238795325112868 -0.22493567784086396
vn 0.3826834323650898 0.9238795325112868 -9.373040810652598e-17
vn 0.7071067811865475 0.7071067811865476 0
vn 0.5720614028176843 0.7071067811865476 0.4156269377774534
vn 0.21850801222441052 0.7071067811865476 0.6724985119639573
vn -0.21850801222441046 0.7071067811865476 0.6724985119639573
vn -0.5720614028176841 0.7071067811865476 0.41562693777745346
vn -0.7071067811865475 0.7071067811865476 8.659560562354932e-17
vn -0.5720614028176843 0.7071067811865476 -0.41562693777745324
vn -0.2185080122244106 0.7071067811865476 -0.6724985119639573
vn 0.21850801222441038 0.7071067811865476 -0.6724985119639573
vn 0.5720614028176841 0.7071067811865476 -0.4156269377774536
vn 0.7071067811865475 0.7071067811865476 -1.7319121124709863e-16
vn 0.9238795325112867 0.38268343236508984 0
vn 0.7474342425568127 0.38268343236508984 0.5430427641049989
vn 0.28549447630116936 0.38268343236508984 0.8786616496665794
vn -0.28549447630116925 0.38268343236508984 0.8786616496665796
vn -0.7474342425568127 0.38268343236508984 0.543042764104999
vn -0.9238795325112867 0.38268343236508984 1.1314261122877003e-16
vn -0.7474342425568127 0.38268343236508984 -0.5430427641049987
vn -0.2854944763011695 0.38268343236508984 -0.8786616496665794
vn 0.28549447630116914 0.38268343236508984 -0.8786616496665796
vn 0.7474342425568127 0.38268343236508984 -0.543042764104999
vn 0.9238795325112867 0.38268343236508984 -2.2628522245754005e-16
vn 1 6.123233995736766e-17 0
vn 0.8090169943749475 6.123233995736766e-17 0.5877852522924731
vn 0.30901699437494745 6.123233995736766e-17 0.9510565162951535
vn -0.30901699437494734 6.123233995736766e-17 0.9510565162951536
vn -0.8090169943749473 6.123233995736766e-17 0.5877852522924732
vn -1 6.123233995736766e-17 1.2246467991473532e-16
vn -0.8090169943749475 6.123233995736766e-17 -0.5877852522924729
vn -0.30901699437494756 6.123233995736766e-17 -0.9510565162951535
vn 0.30901699437494723 6.123233995736766e-17 -0.9510565162951536
vn 0.8090169943749473 6.123233995736766e-17 -0.5877852522924734
vn 1 6.123233995736766e-17 -2.4492935982947064e-16
vn 0.9238795325112867 -0.38268343236508967 0
vn 0.7474342425568127 -0.38268343236508967 0.5430427641049989
vn 0.28549447630116936 -0.38268343236508967 0.8786616496665794
vn -0.28549447630116925 -0.38268343236508967 0.8786616496665796
vn -0.7474342425568127 -0.38268343236508967 0.543042764104999
vn -0.9238795325112867 -0.38268343236508967 1.1314261122877003e-16
vn -0.7474342425568127 -0.38268343236508967 -0.5430427641049987
vn -0.2854944763011695 -0.38268343236508967 -0.8786616496665794
vn 0.28549447630116914 -0.38268343236508967 -0.8786616496665796
vn 0.7474342425568127 -0.38268343236508967 -0.543042764104999
vn 0.9238795325112867 -0.38268343236508967 -2.2628522245754005e-16
vn 0.7071067811865476 -0.7071067811865475 0
vn 0.5720614028176844 -0.7071067811865475 0.41562693777745346
vn 0.21850801222441057 -0.7071067811865475 0.6724985119639575
vn -0.2185080122244105 -0.7071067811865475 0.6724985119639575
vn -0.5720614028176843 -0.7071067811865475 0.4156269377774535
vn -0.7071067811865476 -0.7071067811865475 8.659560562354934e-17
vn -0.5720614028176844 -0.7071067811865475 -0.4156269377774534
vn -0.21850801222441066 -0.7071067811865475 -0.6724985119639575
vn 0.2185080122244104 -0.7071067811865475 -0.6724985119639575
vn 0.5720614028176843 -0.7071067811865475 -0.41562693777745363
vn 0.7071067811865476 -0.7071067811865475 -1.7319121124709868e-16
vn 0.38268343236508995 -0.9238795325112868 0
vn 0.3095974002490935 -0.9238795325112868 0.2249356778408639
vn 0.11825568406654857 -0.9238795325112868 0.3639535720290144
vn -0.11825568406654853 -0.9238795325112868 0.36395357202901446
vn -0.3095974002490935 -0.9238795325112868 0.224935677840864
vn -0.38268343236508995 -0.9238795325112868 4.6865204053263e-17
vn -0.3095974002490935 -0.9238795325112868 -0.2249356778408639
vn -0.11825568406654861 -0.9238795325112868 -0.3639535720290144
vn 0.1182556840665485 -0.9238795325112868 -0.36395357202901446
vn 0.3095974002490935 -0.9238795325112868 -0.22493567784086402
vn 0.38268343236508995 -0.9238795325112868 -9.3730408106526e-17
vn 1.2246467991473532e-16 -1 0
vn 9.907600726170916e-17 -1 7.198293278059966e-17
vn 3.7843667304341506e-17 -1 1.1647083184890923e-16
vn -3.7843667304341493e-17 -1 1.1647083184890926e-16
vn -9.907600726170916e-17 -1 7.198293278059968e-17
vn -1.2246467991473532e-16 -1 1.4997597826618576e-32
vn -9.907600726170916e-17 -1 -7.198293278059965e-17
vn -3.784366730434152e-17 -1 -1.1647083184890923e-16
vn 3.7843667304341475e-17 -1 -1.1647083184890926e-16
vn 9.907600726170916e-17 -1 -7.19829327805997e-17
vn 1.2246467991473532e-16 -1 -2.999519565323715e-32
vn 0 -1 0
vn 0 -1 0
vn 0 -1 0
vn 0 -1 0
vn 0 -1 0
vn 0 -1 0
vn 0 -1 0
vn 0 1 0
vn 0 1 0
vn 0 1 0
vn 0 1 0
vn 0 1 0
vn 0 1 0
vn 0 1 0
vn 0 -1 0
vn 0 1 0
vn 0 1 0
vn 0 1 0
vn 0 1 0
vn 0 1 0
vn 0 1 0
vn 0 1 0
vn 0 1 0
vn 0 1 0
vn 0 1 0
vn 0 1 0
vn 0 1 0
vn 0.3826834323650898 0.9238795325112866 0
vn 0.30959740024909344 0.9238795325112866 0.22493567784086388
vn 0.11825568406654854 0.9238795325112866 0.3639535720290143
vn -0.11825568406654849 0.9238795325112866 0.36395357202901435
vn -0.3095974002490934 0.9238795325112866 0.2249356778408639
vn -0.3826834323650898 0.9238795325112866 4.686520405326298e-17
vn -0.30959740024909344 0.9238795325112866 -0.22493567784086382
vn -0.11825568406654857 0.9238795325112866 -0.3639535720290143
vn 0.11825568406654843 0.9238795325112866 -0.36395357202901435
vn 0.3095974002490934 0.9238795325112866 -0.22493567784086396
vn 0.3826834323650898 0.9238795325112866 -9.373040810652596e-17
vn 0.7071067811865475 0.7071067811865476 0
vn 0.5720614028176843 0.7071067811865476 0.41562693777745335
vn 0.21850801222441055 0.7071067811865476 0.6724985119639573
vn -0.21850801222441046 0.7071067811865476 0.6724985119639573
vn -0.5720614028176841 0.7071067811865476 0.41562693777745346
vn -0.7071067811865475 0.7071067811865476 8.659560562354932e-17
vn -0.5720614028176843 0.7071067811865476 -0.4156269377774533
vn -0.2185080122244106 0.7071067811865476 -0.6724985119639573
vn 0.21850801222441038 0.7071067811865476 -0.6724985119639573
vn 0.5720614028176841 0.7071067811865476 -0.41562693777745363
vn 0.7071067811865475 0.7071067811865476 -1.7319121124709863e-16
vn 0.9238795325112867 0.38268343236508984 0
vn 0.7474342425568128 0.38268343236508984 0.5430427641049989
vn 0.28549447630116936 0.38268343236508984 0.8786616496665794
vn -0.28549447630116925 0.38268343236508984 0.8786616496665797
vn -0.7474342425568127 0.38268343236508984 0.543042764104999
vn -0.9238795325112867 0.38268343236508984 1.1314261122877003e-16
vn -0.7474342425568128 0.38268343236508984 -0.5430427641049987
vn -0.2854944763011695 0.38268343236508984 -0.8786616496665794
vn 0.28549447630116914 0.38268343236508984 -0.8786616496665797
vn 0.7474342425568127 0.38268343236508984 -0.543042764104999
vn 0.9238795325112867 0.38268343236508984 -2.2628522245754005e-16
vn 1 6.123233995736766e-17 0
vn 0.8090169943749475 6.123233995736766e-17 0.5877852522924731
vn 0.30901699437494745 6.123233995736766e-17 0.9510565162951535
vn -0.30901699437494734 6.123233995736766e-17 0.9510565162951535
vn -0.8090169943749473 6.123233995736766e-17 0.5877852522924732
vn -1 6.123233995736766e-17 1.2246467991473532e-16
vn -0.8090169943749475 6.123233995736766e-17 -0.587785252292473
vn -0.30901699437494756 6.123233995736766e-17 -0.9510565162951535
vn 0.30901699437494723 6.123233995736766e-17 -0.9510565162951535
vn 0.8090169943749473 6.123233995736766e-17 -0.5877852522924734
vn 1 6.123233995736766e-17 -2.4492935982947064e-16
vn 0.9238795325112867 -0.3826834323650897 0
vn 0.7474342425568128 -0.3826834323650897 0.5430427641049989
vn 0.28549447630116936 -0.3826834323650897 0.8786616496665794
vn -0.28549447630116925 -0.3826834323650897 0.8786616496665797
vn -0.7474342425568127 -0.3826834323650897 0.543042764104999
vn -0.9238795325112867 -0.3826834323650897 1.1314261122877003e-16
vn -0.7474342425568128 -0.3826834323650897 -0.5430427641049987
vn -0.2854944763011695 -0.3826834323650897 -0.8786616496665794
vn 0.28549447630116914 -0.3826834323650897 -0.8786616496665797
vn 0.7474342425568127 -0.3826834323650897 -0.543042764104999
vn 0.9238795325112867 -0.3826834323650897 -2.2628522245754005e-16
vn 0.7071067811865476 -0.7071067811865475 0
vn 0.5720614028176844 -0.7071067811865475 0.41562693777745346
vn 0.21850801222441057 -0.7071067811865475 0.6724985119639574
vn -0.2185080122244105 -0.7071067811865475 0.6724985119639574
vn -0.5720614028176843 -0.7071067811865475 0.4156269377774535
vn -0.7071067811865476 -0.7071067811865475 8.659560562354934e-17
vn -0.5720614028176844 -0.7071067811865475 -0.41562693777745335
vn -0.21850801222441066 -0.7071067811865475 -0.6724985119639574
vn 0.2185080122244104 -0.7071067811865475 -0.6724985119639574
vn 0.5720614028176843 -0.7071067811865475 -0.41562693777745363
vn 0.7071067811865476 -0.7071067811865475 -1.7319121124709868e-16
vn 0.3826834323650899 -0.9238795325112866 0
vn 0.3095974002490935 -0.9238795325112866 0.22493567784086396
vn 0.11825568406654857 -0.9238795325112866 0.36395357202901446
vn -0.11825568406654854 -0.9238795325112866 0.36395357202901446
vn -0.3095974002490935 -0.9238795325112866 0.224935677840864
vn -0.3826834323650899 -0.9238795325112866 4.6865204053263e-17
vn -0.3095974002490935 -0.9238795325112866 -0.2249356778408639
vn -0.11825568406654861 -0.9238795325112866 -0.36395357202901446
vn 0.11825568406654849 -0.9238795325112866 -0.36395357202901446
vn 0.3095974002490935 -0.9238795325112866 -0.22493567784086402
vn 0.3826834323650899 -0.9238795325112866 -9.3730408106526e-17
vn 1.2246467991473532e-16 -1 0
vn 9.907600726170916e-17 -1 7.198293278059966e-17
vn 3.7843667304341506e-17 -1 1.1647083184890923e-16
vn -3.7843667304341493e-17 -1 1.1647083184890926e-16
vn -9.907600726170915e-17 -1 7.198293278059968e-17
vn -1.2246467991473532e-16 -1 1.4997597826618576e-32
vn -9.907600726170916e-17 -1 -7.198293278059965e-17
vn -3.784366730434152e-17 -1 -1.1647083184890923e-16
vn 3.7843667304341475e-17 -1 -1.1647083184890926e-16
vn 9.907600726170915e-17 -1 -7.19829327805997e-17
vn 1.2246467991473532e-16 -1 -2.999519565323715e-32
vn 0 -1 0
vn 0 -1 0
vn 0 -1 0
vn 0 -1 0
vn 0 -1 0
vn 0 -1 0
vn 0 -1 0
vn 0 1 0
vn 0 1 0
vn 0 1 0
vn 0 1 0
vn 0 1 0
vn 0 1 0
vn 0 1 0
vn 0 -1 0
vn 0 1 0
vn 0 1 0
vn 0 1 0
vn 0 1 0
vn 0 1 0
vn 0 1 0
vn 0 1 0
vn 0 1 0
vn 0 1 0
vn 0 1 0
vn 0 1 0
vn 0 1 0
vn 0.3826834323650898 0.9238795325112867 0
vn 0.30959740024909344 0.9238795325112867 0.22493567784086388
vn 0.11825568406654854 0.9238795325112867 0.3639535720290143
vn -0.11825568406654849 0.9238795325112867 0.36395357202901435
vn -0.3095974002490934 0.9238795325112867 0.2249356778408639
vn -0.3826834323650898 0.9238795325112867 4.686520405326298e-17
vn -0.30959740024909344 0.9238795325112867 -0.22493567784086382
vn -0.11825568406654857 0.9238795325112867 -0.3639535720290143
vn 0.11825568406654843 0.9238795325112867 -0.36395357202901435
vn 0.3095974002490934 0.9238795325112867 -0.22493567784086396
vn 0.3826834323650898 0.9238795325112867 -9.373040810652596e-17
vn 0.7071067811865475 0.7071067811865476 0
vn 0.5720614028176843 0.7071067811865476 0.41562693777745335
vn 0.21850801222441055 0.7071067811865476 0.6724985119639573
vn -0.21850801222441046 0.7071067811865476 0.6724985119639573
vn -0.5720614028176841 0.7071067811865476 0.41562693777745346
vn -0.7071067811865475 0.7071067811865476 8.659560562354932e-17
vn -0.5720614028176843 0.7071067811865476 -0.4156269377774533
vn -0.2185080122244106 0.7071067811865476 -0.6724985119639573
vn 0.21850801222441038 0.7071067811865476 -0.6724985119639573
vn 0.5720614028176841 0.7071067811865476 -0.41562693777745363
vn 0.7071067811865475 0.7071067811865476 -1.7319121124709863e-16
vn 0.9238795325112867 0.38268343236508984 0
vn 0.7474342425568128 0.38268343236508984 0.5430427641049989
vn 0.28549447630116936 0.38268343236508984 0.8786616496665794
vn -0.28549447630116925 0.38268343236508984 0.8786616496665797
vn -0.7474342425568127 0.38268343236508984 0.543042764104999
vn -0.9238795325112867 0.38268343236508984 1.1314261122877003e-16
vn -0.7474342425568128 0.38268343236508984 -0.5430427641049987
vn -0.2854944763011695 0.38268343236508984 -0.8786616496665794
vn 0.28549447630116914 0.38268343236508984 -0.8786616496665797
vn 0.7474342425568127 0.38268343236508984 -0.543042764104999
vn 0.9238795325112867 0.38268343236508984 -2.2628522245754005e-16
vn 1 6.123233995736766e-17 0
vn 0.8090169943749475 6.123233995736766e-17 0.5877852522924731
vn 0.30901699437494745 6.123233995736766e-17 0.9510565162951535
vn -0.30901699437494734 6.123233995736766e-17 0.9510565162951535
vn -0.8090169943749473 6.123233995736766e-17 0.5877852522924732
vn -1 6.123233995736766e-17 1.2246467991473532e-16
vn -0.8090169943749475 6.123233995736766e-17 -0.587785252292473
vn -0.30901699437494756 6.123233995736766e-17 -0.9510565162951535
vn 0.30901699437494723 6.123233995736766e-17 -0.9510565162951535
vn 0.8090169943749473 6.123233995736766e-17 -0.5877852522924734
vn 1 6.123233995736766e-17 -2.4492935982947064e-16
vn 0.9238795325112867 -0.3826834323650897 0
vn 0.7474342425568128 -0.3826834323650897 0.5430427641049989
vn 0.28549447630116936 -0.3826834323650897 0.8786616496665794
vn -0.28549447630116925 -0.3826834323650897 0.8786616496665797
vn -0.7474342425568127 -0.3826834323650897 0.543042764104999
vn -0.9238795325112867 -0.3826834323650897 1.1314261122877003e-16
vn -0.7474342425568128 -0.3826834323650897 -0.5430427641049987
vn -0.2854944763011695 -0.3826834323650897 -0.8786616496665794
vn 0.28549447630116914 -0.3826834323650897 -0.8786616496665797
vn 0.7474342425568127 -0.3826834323650897 -0.543042764104999
vn 0.9238795325112867 -0.3826834323650897 -2.2628522245754005e-16
vn 0.7071067811865476 -0.7071067811865475 0
vn 0.5720614028176844 -0.7071067811865475 0.41562693777745346
vn 0.21850801222441057 -0.7071067811865475 0.6724985119639574
vn -0.2185080122244105 -0.7071067811865475 0.6724985119639574
vn -0.5720614028176843 -0.7071067811865475 0.4156269377774535
vn -0.7071067811865476 -0.7071067811865475 8.659560562354934e-17
vn -0.5720614028176844 -0.7071067811865475 -0.41562693777745335
vn -0.21850801222441066 -0.7071067811865475 -0.6724985119639574
vn 0.2185080122244104 -0.7071067811865475 -0.6724985119639574
vn 0.5720614028176843 -0.7071067811865475 -0.41562693777745363
vn 0.7071067811865476 -0.7071067811865475 -1.7319121124709868e-16
vn 0.3826834323650899 -0.9238795325112867 0
vn 0.3095974002490935 -0.9238795325112867 0.22493567784086396
vn 0.11825568406654857 -0.9238795325112867 0.36395357202901446
vn -0.11825568406654854 -0.9238795325112867 0.36395357202901446
vn -0.3095974002490935 -0.9238795325112867 0.224935677840864
vn -0.3826834323650899 -0.9238795325112867 4.6865204053263e-17
vn -0.3095974002490935 -0.9238795325112867 -0.2249356778408639
vn -0.11825568406654861 -0.9238795325112867 -0.36395357202901446
vn 0.11825568406654849 -0.9238795325112867 -0.36395357202901446
vn 0.3095974002490935 -0.9238795325112867 -0.22493567784086402
vn 0.3826834323650899 -0.9238795325112867 -9.3730408106526e-17
vn 1.2246467991473532e-16 -1 0
vn 9.907600726170916e-17 -1 7.198293278059966e-17
vn 3.7843667304341506e-17 -1 1.1647083184890923e-16
vn -3.7843667304341493e-17 -1 1.1647083184890926e-16
vn -9.907600726170915e-17 -1 7.198293278059968e-17
vn -1.2246467991473532e-16 -1 1.4997597826618576e-32
vn -9.907600726170916e-17 -1 -7.198293278059965e-17
vn -3.784366730434152e-17 -1 -1.1647083184890923e-16
vn 3.7843667304341475e-17 -1 -1.1647083184890926e-16
vn 9.907600726170915e-17 -1 -7.19829327805997e-17
vn 1.2246467991473532e-16 -1 -2.999519565323715e-32
vn 0 -1 0
vn 0 -1 0
vn 0 -1 0
vn 0 -1 0
vn 0 -1 0
vn 0 -1 0
vn 0 -1 0
vn 0 1 0
vn 0 1 0
vn 0 1 0
vn 0 1 0
vn 0 1 0
vn 0 1 0
vn 0 1 0
vn 0 -1 0
vn 0 1 0
vn 0 1 0
vn 0 1 0
vn 0 1 0
vn 0 1 0
vn 0 1 0
vn 0 1 0
vn 0 1 0
vn 0 1 0
vn 0 1 0
vn 0 1 0
vn 0 1 0
vn 0.3826834323650898 0.9238795325112867 0
vn 0.30959740024909344 0.9238795325112867 0.22493567784086388
vn 0.11825568406654854 0.9238795325112867 0.3639535720290143
vn -0.11825568406654849 0.9238795325112867 0.36395357202901435
vn -0.3095974002490934 0.9238795325112867 0.2249356778408639
vn -0.3826834323650898 0.9238795325112867 4.686520405326298e-17
vn -0.30959740024909344 0.9238795325112867 -0.22493567784086382
vn -0.11825568406654857 0.9238795325112867 -0.3639535720290143
vn 0.11825568406654843 0.9238795325112867 -0.36395357202901435
vn 0.3095974002490934 0.9238795325112867 -0.22493567784086396
vn 0.3826834323650898 0.9238795325112867 -9.373040810652596e-17
vn 0.7071067811865475 0.7071067811865476 0
vn 0.5720614028176843 0.7071067811865476 0.41562693777745335
vn 0.21850801222441055 0.7071067811865476 0.6724985119639573
vn -0.21850801222441046 0.7071067811865476 0.6724985119639573
vn -0.5720614028176841 0.7071067811865476 0.41562693777745346
vn -0.7071067811865475 0.7071067811865476 8.659560562354932e-17
vn -0.5720614028176843 0.7071067811865476 -0.4156269377774533
vn -0.2185080122244106 0.7071067811865476 -0.6724985119639573
vn 0.21850801222441038 0.7071067811865476 -0.6724985119639573
vn 0.5720614028176841 0.7071067811865476 -0.41562693777745363
vn 0.7071067811865475 0.7071067811865476 -1.7319121124709863e-16
vn 0.9238795325112867 0.38268343236508984 0
vn 0.7474342425568128 0.38268343236508984 0.5430427641049989
vn 0.28549447630116936 0.38268343236508984 0.8786616496665794
vn -0.28549447630116925 0.38268343236508984 0.8786616496665797
vn -0.7474342425568127 0.38268343236508984 0.543042764104999
vn -0.9238795325112867 0.38268343236508984 1.1314261122877003e-16
vn -0.7474342425568128 0.38268343236508984 -0.5430427641049987
vn -0.2854944763011695 0.38268343236508984 -0.8786616496665794
vn 0.28549447630116914 0.38268343236508984 -0.8786616496665797
vn 0.7474342425568127 0.38268343236508984 -0.543042764104999
vn 0.9238795325112867 0.38268343236508984 -2.2628522245754005e-16
vn 1 6.123233995736766e-17 0
vn 0.8090169943749475 6.123233995736766e-17 0.5877852522924731
vn 0.30901699437494745 6.123233995736766e-17 0.9510565162951535
vn -0.30901699437494734 6.123233995736766e-17 0.9510565162951535
vn -0.8090169943749473 6.123233995736766e-17 0.5877852522924732
vn -1 6.123233995736766e-17 1.2246467991473532e-16
vn -0.8090169943749475 6.123233995736766e-17 -0.587785252292473
vn -0.30901699437494756 6.123233995736766e-17 -0.9510565162951535
vn 0.30901699437494723 6.123233995736766e-17 -0.9510565162951535
vn 0.8090169943749473 6.123233995736766e-17 -0.5877852522924734
vn 1 6.123233995736766e-17 -2.4492935982947064e-16
vn 0.9238795325112867 -0.3826834323650897 0
vn 0.7474342425568128 -0.3826834323650897 0.5430427641049989
vn 0.28549447630116936 -0.3826834323650897 0.8786616496665794
vn -0.28549447630116925 -0.3826834323650897 0.8786616496665797
vn -0.7474342425568127 -0.3826834323650897 0.543042764104999
vn -0.9238795325112867 -0.3826834323650897 1.1314261122877003e-16
vn -0.7474342425568128 -0.3826834323650897 -0.5430427641049987
vn -0.2854944763011695 -0.3826834323650897 -0.8786616496665794
vn 0.28549447630116914 -0.3826834323650897 -0.8786616496665797
vn 0.7474342425568127 -0.3826834323650897 -0.543042764104999
vn 0.9238795325112867 -0.3826834323650897 -2.2628522245754005e-16
vn 0.7071067811865476 -0.7071067811865476 0
vn 0.5720614028176844 -0.7071067811865476 0.41562693777745346
vn 0.21850801222441057 -0.7071067811865476 0.6724985119639574
vn -0.2185080122244105 -0.7071067811865476 0.6724985119639574
vn -0.5720614028176843 -0.7071067811865476 0.4156269377774535
vn -0.7071067811865476 -0.7071067811865476 8.659560562354934e-17
vn -0.5720614028176844 -0.7071067811865476 -0.41562693777745335
vn -0.21850801222441066 -0.7071067811865476 -0.6724985119639574
vn 0.2185080122244104 -0.7071067811865476 -0.6724985119639574
vn 0.5720614028176843 -0.7071067811865476 -0.41562693777745363
vn 0.7071067811865476 -0.7071067811865476 -1.7319121124709868e-16
vn 0.3826834323650899 -0.9238795325112867 0
vn 0.3095974002490935 -0.9238795325112867 0.22493567784086396
vn 0.11825568406654857 -0.9238795325112867 0.36395357202901446
vn -0.11825568406654854 -0.9238795325112867 0.36395357202901446
vn -0.3095974002490935 -0.9238795325112867 0.224935677840864
vn -0.3826834323650899 -0.9238795325112867 4.6865204053263e-17
vn -0.3095974002490935 -0.9238795325112867 -0.2249356778408639
vn -0.11825568406654861 -0.9238795325112867 -0.36395357202901446
vn 0.11825568406654849 -0.9238795325112867 -0.36395357202901446
vn 0.3095974002490935 -0.9238795325112867 -0.22493567784086402
vn 0.3826834323650899 -0.9238795325112867 -9.3730408106526e-17
vn 1.2246467991473532e-16 -1 0
vn 9.907600726170916e-17 -1 7.198293278059966e-17
vn 3.7843667304341506e-17 -1 1.1647083184890923e-16
vn -3.7843667304341493e-17 -1 1.1647083184890926e-16
vn -9.907600726170915e-17 -1 7.198293278059968e-17
vn -1.2246467991473532e-16 -1 1.4997597826618576e-32
vn -9.907600726170916e-17 -1 -7.198293278059965e-17
vn -3.784366730434152e-17 -1 -1.1647083184890923e-16
vn 3.7843667304341475e-17 -1 -1.1647083184890926e-16
vn 9.907600726170915e-17 -1 -7.19829327805997e-17
vn 1.2246467991473532e-16 -1 -2.999519565323715e-32
vn 0 -1 0
vn 0 -1 0
vn 0 -1 0
vn 0 -1 0
vn 0 -1 0
vn 0 -1 0
vn 0 -1 0
vn 0 1 0
vn 0 1 0
vn 0 1 0
vn 0 1 0
vn 0 1 0
vn 0 1 0
vn 0 1 0
vn 0 -1 0
vn 0 1 0
vn 0 1 0
vn 0 1 0
vn 0 1 0
vn 0 1 0
vn 0 1 0
vn 0 1 0
vn 0 1 0
vn 0 1 0
vn 0 1 0
vn 0 1 0
vn 0 1 0
vn 0.3826834323650898 0.9238795325112866 0
vn 0.30959740024909344 0.9238795325112866 0.22493567784086388
vn 0.11825568406654854 0.9238795325112866 0.3639535720290143
vn -0.11825568406654849 0.9238795325112866 0.36395357202901435
vn -0.3095974002490934 0.9238795325112866 0.2249356778408639
vn -0.3826834323650898 0.9238795325112866 4.686520405326298e-17
vn -0.30959740024909344 0.9238795325112866 -0.22493567784086382
vn -0.11825568406654857 0.9238795325112866 -0.3639535720290143
vn 0.11825568406654843 0.9238795325112866 -0.36395357202901435
vn 0.3095974002490934 0.9238795325112866 -0.22493567784086396
vn 0.3826834323650898 0.9238795325112866 -9.373040810652596e-17
vn 0.7071067811865475 0.7071067811865476 0
vn 0.5720614028176843 0.7071067811865476 0.41562693777745335
vn 0.21850801222441055 0.7071067811865476 0.6724985119639573
vn -0.21850801222441046 0.7071067811865476 0.6724985119639573
vn -0.5720614028176841 0.7071067811865476 0.41562693777745346
vn -0.7071067811865475 0.7071067811865476 8.659560562354932e-17
vn -0.5720614028176843 0.7071067811865476 -0.4156269377774533
vn -0.2185080122244106 0.7071067811865476 -0.6724985119639573
vn 0.21850801222441038 0.7071067811865476 -0.6724985119639573
vn 0.5720614028176841 0.7071067811865476 -0.41562693777745363
vn 0.7071067811865475 0.7071067811865476 -1.7319121124709863e-16
vn 0.9238795325112867 0.38268343236508984 0
vn 0.7474342425568128 0.38268343236508984 0.5430427641049989
vn 0.28549447630116936 0.38268343236508984 0.8786616496665794
vn -0.28549447630116925 0.38268343236508984 0.8786616496665797
vn -0.7474342425568127 0.38268343236508984 0.543042764104999
vn -0.9238795325112867 0.38268343236508984 1.1314261122877003e-16
vn -0.7474342425568128 0.38268343236508984 -0.5430427641049987
vn -0.2854944763011695 0.38268343236508984 -0.8786616496665794
vn 0.28549447630116914 0.38268343236508984 -0.8786616496665797
vn 0.7474342425568127 0.38268343236508984 -0.543042764104999
vn 0.9238795325112867 0.38268343236508984 -2.2628522245754005e-16
vn 1 6.123233995736766e-17 0
vn 0.8090169943749475 6.123233995736766e-17 0.5877852522924731
vn 0.30901699437494745 6.123233995736766e-17 0.9510565162951535
vn -0.30901699437494734 6.123233995736766e-17 0.9510565162951535
vn -0.8090169943749473 6.123233995736766e-17 0.5877852522924732
vn -1 6.123233995736766e-17 1.2246467991473532e-16
vn -0.8090169943749475 6.123233995736766e-17 -0.587785252292473
vn -0.30901699437494756 6.123233995736766e-17 -0.9510565162951535
vn 0.30901699437494723 6.123233995736766e-17 -0.9510565162951535
vn 0.8090169943749473 6.123233995736766e-17 -0.5877852522924734
vn 1 6.123233995736766e-17 -2.4492935982947064e-16
vn 0.9238795325112867 -0.3826834323650897 0
vn 0.7474342425568128 -0.3826834323650897 0.5430427641049989
vn 0.28549447630116936 -0.3826834323650897 0.8786616496665794
vn -0.28549447630116925 -0.3826834323650897 0.8786616496665797
vn -0.7474342425568127 -0.3826834323650897 0.543042764104999
vn -0.9238795325112867 -0.3826834323650897 1.1314261122877003e-16
vn -0.7474342425568128 -0.3826834323650897 -0.5430427641049987
vn -0.2854944763011695 -0.3826834323650897 -0.8786616496665794
vn 0.28549447630116914 -0.3826834323650897 -0.8786616496665797
vn 0.7474342425568127 -0.3826834323650897 -0.543042764104999
vn 0.9238795325112867 -0.3826834323650897 -2.2628522245754005e-16
vn 0.7071067811865476 -0.7071067811865475 0
vn 0.5720614028176844 -0.7071067811865475 0.41562693777745346
vn 0.21850801222441057 -0.7071067811865475 0.6724985119639574
vn -0.2185080122244105 -0.7071067811865475 0.6724985119639574
vn -0.5720614028176843 -0.7071067811865475 0.4156269377774535
vn -0.7071067811865476 -0.7071067811865475 8.659560562354934e-17
vn -0.5720614028176844 -0.7071067811865475 -0.41562693777745335
vn -0.21850801222441066 -0.7071067811865475 -0.6724985119639574
vn 0.2185080122244104 -0.7071067811865475 -0.6724985119639574
vn 0.5720614028176843 -0.7071067811865475 -0.41562693777745363
vn 0.7071067811865476 -0.7071067811865475 -1.7319121124709868e-16
vn 0.3826834323650899 -0.9238795325112866 0
vn 0.3095974002490935 -0.9238795325112866 0.22493567784086396
vn 0.11825568406654857 -0.9238795325112866 0.36395357202901446
vn -0.11825568406654854 -0.9238795325112866 0.36395357202901446
vn -0.3095974002490935 -0.9238795325112866 0.224935677840864
vn -0.3826834323650899 -0.9238795325112866 4.6865204053263e-17
vn -0.3095974002490935 -0.9238795325112866 -0.2249356778408639
vn -0.11825568406654861 -0.9238795325112866 -0.36395357202901446
vn 0.11825568406654849 -0.9238795325112866 -0.36395357202901446
vn 0.3095974002490935 -0.9238795325112866 -0.22493567784086402
vn 0.3826834323650899 -0.9238795325112866 -9.3730408106526e-17
vn 1.2246467991473532e-16 -1 0
vn 9.907600726170916e-17 -1 7.198293278059966e-17
vn 3.7843667304341506e-17 -1 1.1647083184890923e-16
vn -3.7843667304341493e-17 -1 1.1647083184890926e-16
vn -9.907600726170915e-17 -1 7.198293278059968e-17
vn -1.2246467991473532e-16 -1 1.4997597826618576e-32
vn -9.907600726170916e-17 -1 -7.198293278059965e-17
vn -3.784366730434152e-17 -1 -1.1647083184890923e-16
vn 3.7843667304341475e-17 -1 -1.1647083184890926e-16
vn 9.907600726170915e-17 -1 -7.19829327805997e-17
vn 1.2246467991473532e-16 -1 -2.999519565323715e-32
vn 0 -1 0
vn 0 -1 0
vn 0 -1 0
vn 0 -1 0
vn 0 -1 0
vn 0 -1 0
vn 0 -1 0
vn 0 1 0
vn 0 1 0
vn 0 1 0
vn 0 1 0
vn 0 1 0
vn 0 1 0
vn 0 1 0
vn 0 -1 0
vn 0 1 0
vn 0 1 0
vn 0 1 0
vn 0 1 0
vn 0 1 0
vn 0 1 0
vn 0 1 0
vn 0 1 0
vn 0 1 0
vn 0 1 0
vn 0 1 0
vn 0 1 0
vn 0.3826834323650898 0.9238795325112867 0
vn 0.30959740024909344 0.9238795325112867 0.22493567784086388
vn 0.11825568406654854 0.9238795325112867 0.3639535720290143
vn -0.11825568406654849 0.9238795325112867 0.36395357202901435
vn -0.3095974002490934 0.9238795325112867 0.2249356778408639
vn -0.3826834323650898 0.9238795325112867 4.686520405326298e-17
vn -0.30959740024909344 0.9238795325112867 -0.22493567784086382
vn -0.11825568406654857 0.9238795325112867 -0.3639535720290143
vn 0.11825568406654843 0.9238795325112867 -0.36395357202901435
vn 0.3095974002490934 0.9238795325112867 -0.22493567784086396
vn 0.3826834323650898 0.9238795325112867 -9.373040810652596e-17
vn 0.7071067811865475 0.7071067811865476 0
vn 0.5720614028176843 0.7071067811865476 0.41562693777745335
vn 0.21850801222441055 0.7071067811865476 0.6724985119639573
vn -0.21850801222441046 0.7071067811865476 0.6724985119639573
vn -0.5720614028176841 0.7071067811865476 0.41562693777745346
vn -0.7071067811865475 0.7071067811865476 8.659560562354932e-17
vn -0.5720614028176843 0.7071067811865476 -0.4156269377774533
vn -0.2185080122244106 0.7071067811865476 -0.6724985119639573
vn 0.21850801222441038 0.7071067811865476 -0.6724985119639573
vn 0.5720614028176841 0.7071067811865476 -0.41562693777745363
vn 0.7071067811865475 0.7071067811865476 -1.7319121124709863e-16
vn 0.9238795325112867 0.38268343236508984 0
vn 0.7474342425568128 0.38268343236508984 0.5430427641049989
vn 0.28549447630116936 0.38268343236508984 0.8786616496665794
vn -0.28549447630116925 0.38268343236508984 0.8786616496665797
vn -0.7474342425568127 0.38268343236508984 0.543042764104999
vn -0.9238795325112867 0.38268343236508984 1.1314261122877003e-16
vn -0.7474342425568128 0.38268343236508984 -0.5430427641049987
vn -0.2854944763011695 0.38268343236508984 -0.8786616496665794
vn 0.28549447630116914 0.38268343236508984 -0.8786616496665797
vn 0.7474342425568127 0.38268343236508984 -0.543042764104999
vn 0.9238795325112867 0.38268343236508984 -2.2628522245754005e-16
vn 1 6.123233995736766e-17 0
vn 0.8090169943749475 6.123233995736766e-17 0.5877852522924731
vn 0.30901699437494745 6.123233995736766e-17 0.9510565162951535
vn -0.30901699437494734 6.123233995736766e-17 0.9510565162951535
vn -0.8090169943749473 6.123233995736766e-17 0.5877852522924732
vn -1 6.123233995736766e-17 1.2246467991473532e-16
vn -0.8090169943749475 6.123233995736766e-17 -0.587785252292473
vn -0.30901699437494756 6.123233995736766e-17 -0.9510565162951535
vn 0.30901699437494723 6.123233995736766e-17 -0.9510565162951535
vn 0.8090169943749473 6.123233995736766e-17 -0.5877852522924734
vn 1 6.123233995736766e-17 -2.4492935982947064e-16
vn 0.9238795325112867 -0.3826834323650897 0
vn 0.7474342425568128 -0.3826834323650897 0.5430427641049989
vn 0.28549447630116936 -0.3826834323650897 0.8786616496665794
vn -0.28549447630116925 -0.3826834323650897 0.8786616496665797
vn -0.7474342425568127 -0.3826834323650897 0.543042764104999
vn -0.9238795325112867 -0.3826834323650897 1.1314261122877003e-16
vn -0.7474342425568128 -0.3826834323650897 -0.5430427641049987
vn -0.2854944763011695 -0.3826834323650897 -0.8786616496665794
vn 0.28549447630116914 -0.3826834323650897 -0.8786616496665797
vn 0.7474342425568127 -0.3826834323650897 -0.543042764104999
vn 0.9238795325112867 -0.3826834323650897 -2.2628522245754005e-16
vn 0.7071067811865476 -0.7071067811865475 0
vn 0.5720614028176844 -0.7071067811865475 0.41562693777745346
vn 0.21850801222441057 -0.7071067811865475 0.6724985119639574
vn -0.2185080122244105 -0.7071067811865475 0.6724985119639574
vn -0.5720614028176843 -0.7071067811865475 0.4156269377774535
vn -0.7071067811865476 -0.7071067811865475 8.659560562354934e-17
vn -0.5720614028176844 -0.7071067811865475 -0.41562693777745335
vn -0.21850801222441066 -0.7071067811865475 -0.6724985119639574
vn 0.2185080122244104 -0.7071067811865475 -0.6724985119639574
vn 0.5720614028176843 -0.7071067811865475 -0.41562693777745363
vn 0.7071067811865476 -0.7071067811865475 -1.7319121124709868e-16
vn 0.3826834323650899 -0.9238795325112867 0
vn 0.3095974002490935 -0.9238795325112867 0.22493567784086396
vn 0.11825568406654857 -0.9238795325112867 0.36395357202901446
vn -0.11825568406654854 -0.9238795325112867 0.36395357202901446
vn -0.3095974002490935 -0.9238795325112867 0.224935677840864
vn -0.3826834323650899 -0.9238795325112867 4.6865204053263e-17
vn -0.3095974002490935 -0.9238795325112867 -0.2249356778408639
vn -0.11825568406654861 -0.9238795325112867 -0.36395357202901446
vn 0.11825568406654849 -0.9238795325112867 -0.36395357202901446
vn 0.3095974002490935 -0.9238795325112867 -0.22493567784086402
vn 0.3826834323650899 -0.9238795325112867 -9.3730408106526e-17
vn 1.2246467991473532e-16 -1 0
vn 9.907600726170916e-17 -1 7.198293278059966e-17
vn 3.7843667304341506e-17 -1 1.1647083184890923e-16
vn -3.7843667304341493e-17 -1 1.1647083184890926e-16
vn -9.907600726170915e-17 -1 7.198293278059968e-17
vn -1.2246467991473532e-16 -1 1.4997597826618576e-32
vn -9.907600726170916e-17 -1 -7.198293278059965e-17
vn -3.784366730434152e-17 -1 -1.1647083184890923e-16
vn 3.7843667304341475e-17 -1 -1.1647083184890926e-16
vn 9.907600726170915e-17 -1 -7.19829327805997e-17
vn 1.2246467991473532e-16 -1 -2.999519565323715e-32
vn 0 -1 0
vn 0 -1 0
vn 0 -1 0
vn 0 -1 0
vn 0 -1 0
vn 0 -1 0
vn 0 -1 0
vn 0 1 0
vn 0 1 0
vn 0 1 0
vn 0 1 0
vn 0 1 0
vn 0 1 0
vn 0 1 0
vn 0 -1 0
vn 0 1 0
vn 0 1 0
vn 0 1 0
vn 0 1 0
vn 0 1 0
vn 0 1 0
vn 0 1 0
vn 0 1 0
vn 0 1 0
vn 0 1 0
vn 0 1 0
vn 0 1 0
vn 0.3826834323650898 0.9238795325112867 0
vn 0.30959740024909344 0.9238795325112867 0.22493567784086388
vn 0.11825568406654854 0.9238795325112867 0.3639535720290143
vn -0.11825568406654849 0.9238795325112867 0.36395357202901435
vn -0.3095974002490934 0.9238795325112867 0.2249356778408639
vn -0.3826834323650898 0.9238795325112867 4.686520405326298e-17
vn -0.30959740024909344 0.9238795325112867 -0.22493567784086382
vn -0.11825568406654857 0.9238795325112867 -0.3639535720290143
vn 0.11825568406654843 0.9238795325112867 -0.36395357202901435
vn 0.3095974002490934 0.9238795325112867 -0.22493567784086396
vn 0.3826834323650898 0.9238795325112867 -9.373040810652596e-17
vn 0.7071067811865475 0.7071067811865476 0
vn 0.5720614028176843 0.7071067811865476 0.41562693777745335
vn 0.21850801222441055 0.7071067811865476 0.6724985119639573
vn -0.21850801222441046 0.7071067811865476 0.6724985119639573
vn -0.5720614028176841 0.7071067811865476 0.41562693777745346
vn -0.7071067811865475 0.7071067811865476 8.659560562354932e-17
vn -0.5720614028176843 0.7071067811865476 -0.4156269377774533
vn -0.2185080122244106 0.7071067811865476 -0.6724985119639573
vn 0.21850801222441038 0.7071067811865476 -0.6724985119639573
vn 0.5720614028176841 0.7071067811865476 -0.41562693777745363
vn 0.7071067811865475 0.7071067811865476 -1.7319121124709863e-16
vn 0.9238795325112867 0.38268343236508984 0
vn 0.7474342425568128 0.38268343236508984 0.5430427641049989
vn 0.28549447630116936 0.38268343236508984 0.8786616496665794
vn -0.28549447630116925 0.38268343236508984 0.8786616496665797
vn -0.7474342425568127 0.38268343236508984 0.543042764104999
vn -0.9238795325112867 0.38268343236508984 1.1314261122877003e-16
vn -0.7474342425568128 0.38268343236508984 -0.5430427641049987
vn -0.2854944763011695 0.38268343236508984 -0.8786616496665794
vn 0.28549447630116914 0.38268343236508984 -0.8786616496665797
vn 0.7474342425568127 0.38268343236508984 -0.543042764104999
vn 0.9238795325112867 0.38268343236508984 -2.2628522245754005e-16
vn 1 6.123233995736766e-17 0
vn 0.8090169943749475 6.123233995736766e-17 0.5877852522924731
vn 0.30901699437494745 6.123233995736766e-17 0.9510565162951535
vn -0.30901699437494734 6.123233995736766e-17 0.9510565162951535
vn -0.8090169943749473 6.123233995736766e-17 0.5877852522924732
vn -1 6.123233995736766e-17 1.2246467991473532e-16
vn -0.8090169943749475 6.123233995736766e-17 -0.587785252292473
vn -0.30901699437494756 6.123233995736766e-17 -0.9510565162951535
vn 0.30901699437494723 6.123233995736766e-17 -0.9510565162951535
vn 0.8090169943749473 6.123233995736766e-17 -0.5877852522924734
vn 1 6.123233995736766e-17 -2.4492935982947064e-16
vn 0.9238795325112867 -0.3826834323650897 0
vn 0.7474342425568128 -0.3826834323650897 0.5430427641049989
vn 0.28549447630116936 -0.3826834323650897 0.8786616496665794
vn -0.28549447630116925 -0.3826834323650897 0.8786616496665797
vn -0.7474342425568127 -0.3826834323650897 0.543042764104999
vn -0.9238795325112867 -0.3826834323650897 1.1314261122877003e-16
vn -0.7474342425568128 -0.3826834323650897 -0.5430427641049987
vn -0.2854944763011695 -0.3826834323650897 -0.8786616496665794
vn 0.28549447630116914 -0.3826834323650897 -0.8786616496665797
vn 0.7474342425568127 -0.3826834323650897 -0.543042764104999
vn 0.9238795325112867 -0.3826834323650897 -2.2628522245754005e-16
vn 0.7071067811865476 -0.7071067811865475 0
vn 0.5720614028176844 -0.7071067811865475 0.41562693777745346
vn 0.21850801222441057 -0.7071067811865475 0.6724985119639574
vn -0.2185080122244105 -0.7071067811865475 0.6724985119639574
vn -0.5720614028176843 -0.7071067811865475 0.4156269377774535
vn -0.7071067811865476 -0.7071067811865475 8.659560562354934e-17
vn -0.5720614028176844 -0.7071067811865475 -0.41562693777745335
vn -0.21850801222441066 -0.7071067811865475 -0.6724985119639574
vn 0.2185080122244104 -0.7071067811865475 -0.6724985119639574
vn 0.5720614028176843 -0.7071067811865475 -0.41562693777745363
vn 0.7071067811865476 -0.7071067811865475 -1.7319121124709868e-16
vn 0.3826834323650899 -0.9238795325112867 0
vn 0.3095974002490935 -0.9238795325112867 0.22493567784086396
vn 0.11825568406654857 -0.9238795325112867 0.36395357202901446
vn -0.11825568406654854 -0.9238795325112867 0.36395357202901446
vn -0.3095974002490935 -0.9238795325112867 0.224935677840864
vn -0.3826834323650899 -0.9238795325112867 4.6865204053263e-17
vn -0.3095974002490935 -0.9238795325112867 -0.2249356778408639
vn -0.11825568406654861 -0.9238795325112867 -0.36395357202901446
vn 0.11825568406654849 -0.9238795325112867 -0.36395357202901446
vn 0.3095974002490935 -0.9238795325112867 -0.22493567784086402
vn 0.3826834323650899 -0.9238795325112867 -9.3730408106526e-17
vn 1.2246467991473532e-16 -1 0
vn 9.907600726170916e-17 -1 7.198293278059966e-17
vn 3.7843667304341506e-17 -1 1.1647083184890923e-16
vn -3.7843667304341493e-17 -1 1.1647083184890926e-16
vn -9.907600726170915e-17 -1 7.198293278059968e-17
vn -1.2246467991473532e-16 -1 1.4997597826618576e-32
vn -9.907600726170916e-17 -1 -7.198293278059965e-17
vn -3.784366730434152e-17 -1 -1.1647083184890923e-16
vn 3.7843667304341475e-17 -1 -1.1647083184890926e-16
vn 9.907600726170915e-17 -1 -7.19829327805997e-17
vn 1.2246467991473532e-16 -1 -2.999519565323715e-32
vn 0 -1 0
vn 0 -1 0
vn 0 -1 0
vn 0 -1 0
vn 0 -1 0
vn 0 -1 0
vn 0 -1 0
vn 0 1 0
vn 0 1 0
vn 0 1 0
vn 0 1 0
vn 0 1 0
vn 0 1 0
vn 0 1 0
vn 0 -1 0
vn 0 1 0
vn 0 1 0
vn 0 1 0
vn 0 1 0
vn 0 1 0
vn 0 1 0
vn 0 1 0
vn 0 1 0
vn 0 1 0
vn 0 1 0
vn 0 1 0
vn 0 1 0
vn 0.3826834323650898 0.9238795325112867 0
vn 0.30959740024909344 0.9238795325112867 0.22493567784086388
vn 0.11825568406654854 0.9238795325112867 0.3639535720290143
vn -0.11825568406654849 0.9238795325112867 0.36395357202901435
vn -0.3095974002490934 0.9238795325112867 0.2249356778408639
vn -0.3826834323650898 0.9238795325112867 4.686520405326298e-17
vn -0.30959740024909344 0.9238795325112867 -0.22493567784086382
vn -0.11825568406654857 0.9238795325112867 -0.3639535720290143
vn 0.11825568406654843 0.9238795325112867 -0.36395357202901435
vn 0.3095974002490934 0.9238795325112867 -0.22493567784086396
vn 0.3826834323650898 0.9238795325112867 -9.373040810652596e-17
vn 0.7071067811865475 0.7071067811865476 0
vn 0.5720614028176843 0.7071067811865476 0.41562693777745335
vn 0.21850801222441055 0.7071067811865476 0.6724985119639573
vn -0.21850801222441046 0.7071067811865476 0.6724985119639573
vn -0.5720614028176841 0.7071067811865476 0.41562693777745346
vn -0.7071067811865475 0.7071067811865476 8.659560562354932e-17
vn -0.5720614028176843 0.7071067811865476 -0.4156269377774533
vn -0.2185080122244106 0.7071067811865476 -0.6724985119639573
vn 0.21850801222441038 0.7071067811865476 -0.6724985119639573
vn 0.5720614028176841 0.7071067811865476 -0.41562693777745363
vn 0.7071067811865475 0.7071067811865476 -1.7319121124709863e-16
vn 0.9238795325112867 0.38268343236508984 0
vn 0.7474342425568128 0.38268343236508984 0.5430427641049989
vn 0.28549447630116936 0.38268343236508984 0.8786616496665794
vn -0.28549447630116925 0.38268343236508984 0.8786616496665797
vn -0.7474342425568127 0.38268343236508984 0.543042764104999
vn -0.9238795325112867 0.38268343236508984 1.1314261122877003e-16
vn -0.7474342425568128 0.38268343236508984 -0.5430427641049987
vn -0.2854944763011695 0.38268343236508984 -0.8786616496665794
vn 0.28549447630116914 0.38268343236508984 -0.8786616496665797
vn 0.7474342425568127 0.38268343236508984 -0.543042764104999
vn 0.9238795325112867 0.38268343236508984 -2.2628522245754005e-16
vn 1 6.123233995736766e-17 0
vn 0.8090169943749475 6.123233995736766e-17 0.5877852522924731
vn 0.30901699437494745 6.123233995736766e-17 0.9510565162951535
vn -0.30901699437494734 6.123233995736766e-17 0.9510565162951535
vn -0.8090169943749473 6.123233995736766e-17 0.5877852522924732
vn -1 6.123233995736766e-17 1.2246467991473532e-16
vn -0.8090169943749475 6.123233995736766e-17 -0.587785252292473
vn -0.30901699437494756 6.123233995736766e-17 -0.9510565162951535
vn 0.30901699437494723 6.123233995736766e-17 -0.9510565162951535
vn 0.8090169943749473 6.123233995736766e-17 -0.5877852522924734
vn 1 6.123233995736766e-17 -2.4492935982947064e-16
vn 0.9238795325112867 -0.3826834323650897 0
vn 0.7474342425568128 -0.3826834323650897 0.5430427641049989
vn 0.28549447630116936 -0.3826834323650897 0.8786616496665794
vn -0.28549447630116925 -0.3826834323650897 0.8786616496665797
vn -0.7474342425568127 -0.3826834323650897 0.543042764104999
vn -0.9238795325112867 -0.3826834323650897 1.1314261122877003e-16
vn -0.7474342425568128 -0.3826834323650897 -0.5430427641049987
vn -0.2854944763011695 -0.3826834323650897 -0.8786616496665794
vn 0.28549447630116914 -0.3826834323650897 -0.8786616496665797
vn 0.7474342425568127 -0.3826834323650897 -0.543042764104999
vn 0.9238795325112867 -0.3826834323650897 -2.2628522245754005e-16
vn 0.7071067811865476 -0.7071067811865475 0
vn 0.5720614028176844 -0.7071067811865475 0.41562693777745346
vn 0.21850801222441057 -0.7071067811865475 0.6724985119639574
vn -0.2185080122244105 -0.7071067811865475 0.6724985119639574
vn -0.5720614028176843 -0.7071067811865475 0.4156269377774535
vn -0.7071067811865476 -0.7071067811865475 8.659560562354934e-17
vn -0.5720614028176844 -0.7071067811865475 -0.41562693777745335
vn -0.21850801222441066 -0.7071067811865475 -0.6724985119639574
vn 0.2185080122244104 -0.7071067811865475 -0.6724985119639574
vn 0.5720614028176843 -0.7071067811865475 -0.41562693777745363
vn 0.7071067811865476 -0.7071067811865475 -1.7319121124709868e-16
vn 0.3826834323650899 -0.9238795325112867 0
vn 0.3095974002490935 -0.9238795325112867 0.22493567784086396
vn 0.11825568406654857 -0.9238795325112867 0.36395357202901446
vn -0.11825568406654854 -0.9238795325112867 0.36395357202901446
vn -0.3095974002490935 -0.9238795325112867 0.224935677840864
vn -0.3826834323650899 -0.9238795325112867 4.6865204053263e-17
vn -0.3095974002490935 -0.9238795325112867 -0.2249356778408639
vn -0.11825568406654861 -0.9238795325112867 -0.36395357202901446
vn 0.11825568406654849 -0.9238795325112867 -0.36395357202901446
vn 0.3095974002490935 -0.9238795325112867 -0.22493567784086402
vn 0.3826834323650899 -0.9238795325112867 -9.3730408106526e-17
vn 1.2246467991473532e-16 -1 0
vn 9.907600726170916e-17 -1 7.198293278059966e-17
vn 3.7843667304341506e-17 -1 1.1647083184890923e-16
vn -3.7843667304341493e-17 -1 1.1647083184890926e-16
vn -9.907600726170915e-17 -1 7.198293278059968e-17
vn -1.2246467991473532e-16 -1 1.4997597826618576e-32
vn -9.907600726170916e-17 -1 -7.198293278059965e-17
vn -3.784366730434152e-17 -1 -1.1647083184890923e-16
vn 3.7843667304341475e-17 -1 -1.1647083184890926e-16
vn 9.907600726170915e-17 -1 -7.19829327805997e-17
vn 1.2246467991473532e-16 -1 -2.999519565323715e-32
vn 0 -1 0
vn 0 -1 0
vn 0 -1 0
vn 0 -1 0
vn 0 -1 0
vn 0 -1 0
vn 0 -1 0
vn 0 1 0
vn 0 1 0
vn 0 1 0
vn 0 1 0
vn 0 1 0
vn 0 1 0
vn 0 1 0
vn 0 -1 0
vn 0 1 0
vn 0 1 0
vn 0 1 0
vn 0 1 0
vn 0 1 0
vn 0 1 0
vn 0 1 0
vn 0 1 0
vn 0 1 0
vn 0 1 0
vn 0 1 0
vn 0 1 0
vn 0.3826834323650898 0.9238795325112867 0
vn 0.30959740024909344 0.9238795325112867 0.22493567784086388
vn 0.11825568406654852 0.9238795325112867 0.3639535720290143
vn -0.11825568406654849 0.9238795325112867 0.36395357202901435
vn -0.3095974002490934 0.9238795325112867 0.2249356778408639
vn -0.3826834323650898 0.9238795325112867 4.6865204053262986e-17
vn -0.30959740024909344 0.9238795325112867 -0.22493567784086382
vn -0.11825568406654857 0.9238795325112867 -0.3639535720290143
vn 0.11825568406654845 0.9238795325112867 -0.36395357202901435
vn 0.3095974002490934 0.9238795325112867 -0.22493567784086396
vn 0.3826834323650898 0.9238795325112867 -9.373040810652597e-17
vn 0.7071067811865475 0.7071067811865476 0
vn 0.5720614028176843 0.7071067811865476 0.4156269377774534
vn 0.21850801222441055 0.7071067811865476 0.6724985119639573
vn -0.21850801222441044 0.7071067811865476 0.6724985119639573
vn -0.5720614028176841 0.7071067811865476 0.41562693777745346
vn -0.7071067811865475 0.7071067811865476 8.659560562354932e-17
vn -0.5720614028176843 0.7071067811865476 -0.4156269377774533
vn -0.2185080122244106 0.7071067811865476 -0.6724985119639573
vn 0.21850801222441038 0.7071067811865476 -0.6724985119639573
vn 0.5720614028176841 0.7071067811865476 -0.4156269377774536
vn 0.7071067811865475 0.7071067811865476 -1.7319121124709863e-16
vn 0.9238795325112867 0.38268343236508984 0
vn 0.7474342425568128 0.38268343236508984 0.5430427641049989
vn 0.28549447630116936 0.38268343236508984 0.8786616496665794
vn -0.28549447630116925 0.38268343236508984 0.8786616496665796
vn -0.7474342425568127 0.38268343236508984 0.543042764104999
vn -0.9238795325112867 0.38268343236508984 1.1314261122877003e-16
vn -0.7474342425568128 0.38268343236508984 -0.5430427641049987
vn -0.2854944763011695 0.38268343236508984 -0.8786616496665794
vn 0.28549447630116914 0.38268343236508984 -0.8786616496665796
vn 0.7474342425568127 0.38268343236508984 -0.543042764104999
vn 0.9238795325112867 0.38268343236508984 -2.2628522245754005e-16
vn 1 6.123233995736766e-17 0
vn 0.8090169943749475 6.123233995736766e-17 0.5877852522924731
vn 0.30901699437494745 6.123233995736766e-17 0.9510565162951535
vn -0.30901699437494734 6.123233995736766e-17 0.9510565162951536
vn -0.8090169943749472 6.123233995736766e-17 0.5877852522924732
vn -1 6.123233995736766e-17 1.2246467991473532e-16
vn -0.8090169943749475 6.123233995736766e-17 -0.587785252292473
vn -0.30901699437494756 6.123233995736766e-17 -0.9510565162951535
vn 0.30901699437494723 6.123233995736766e-17 -0.9510565162951536
vn 0.8090169943749472 6.123233995736766e-17 -0.5877852522924734
vn 1 6.123233995736766e-17 -2.4492935982947064e-16
vn 0.9238795325112867 -0.3826834323650897 0
vn 0.7474342425568128 -0.3826834323650897 0.5430427641049989
vn 0.28549447630116936 -0.3826834323650897 0.8786616496665794
vn -0.28549447630116925 -0.3826834323650897 0.8786616496665796
vn -0.7474342425568127 -0.3826834323650897 0.543042764104999
vn -0.9238795325112867 -0.3826834323650897 1.1314261122877003e-16
vn -0.7474342425568128 -0.3826834323650897 -0.5430427641049987
vn -0.2854944763011695 -0.3826834323650897 -0.8786616496665794
vn 0.28549447630116914 -0.3826834323650897 -0.8786616496665796
vn 0.7474342425568127 -0.3826834323650897 -0.543042764104999
vn 0.9238795325112867 -0.3826834323650897 -2.2628522245754005e-16
vn 0.7071067811865476 -0.7071067811865475 0
vn 0.5720614028176844 -0.7071067811865475 0.41562693777745346
vn 0.2185080122244106 -0.7071067811865475 0.6724985119639574
vn -0.2185080122244105 -0.7071067811865475 0.6724985119639574
vn -0.5720614028176843 -0.7071067811865475 0.4156269377774535
vn -0.7071067811865476 -0.7071067811865475 8.659560562354934e-17
vn -0.5720614028176844 -0.7071067811865475 -0.4156269377774534
vn -0.21850801222441066 -0.7071067811865475 -0.6724985119639574
vn 0.2185080122244104 -0.7071067811865475 -0.6724985119639574
vn 0.5720614028176843 -0.7071067811865475 -0.41562693777745363
vn 0.7071067811865476 -0.7071067811865475 -1.7319121124709868e-16
vn 0.38268343236508995 -0.9238795325112867 0
vn 0.3095974002490935 -0.9238795325112867 0.22493567784086393
vn 0.11825568406654857 -0.9238795325112867 0.3639535720290144
vn -0.11825568406654852 -0.9238795325112867 0.36395357202901446
vn -0.3095974002490935 -0.9238795325112867 0.224935677840864
vn -0.38268343236508995 -0.9238795325112867 4.6865204053263e-17
vn -0.3095974002490935 -0.9238795325112867 -0.2249356778408639
vn -0.11825568406654861 -0.9238795325112867 -0.3639535720290144
vn 0.11825568406654849 -0.9238795325112867 -0.36395357202901446
vn 0.3095974002490935 -0.9238795325112867 -0.22493567784086402
vn 0.38268343236508995 -0.9238795325112867 -9.3730408106526e-17
vn 1.2246467991473532e-16 -1 0
vn 9.907600726170916e-17 -1 7.198293278059966e-17
vn 3.78436673043415e-17 -1 1.1647083184890923e-16
vn -3.7843667304341493e-17 -1 1.1647083184890926e-16
vn -9.907600726170915e-17 -1 7.198293278059968e-17
vn -1.2246467991473532e-16 -1 1.4997597826618576e-32
vn -9.907600726170916e-17 -1 -7.198293278059965e-17
vn -3.784366730434152e-17 -1 -1.1647083184890923e-16
vn 3.784366730434147e-17 -1 -1.1647083184890926e-16
vn 9.907600726170915e-17 -1 -7.19829327805997e-17
vn 1.2246467991473532e-16 -1 -2.999519565323715e-32
vn 0 -1 0
vn 0 -1 0
vn 0 -1 0
vn 0 -1 0
vn 0 -1 0
vn 0 -1 0
vn 0 -1 0
vn 0 1 0
vn 0 1 0
vn 0 1 0
vn 0 1 0
vn 0 1 0
vn 0 1 0
vn 0 1 0
vn 0 -1 0
vn 0 1 0
vn 0 1 0
vn 0 1 0
vn 0 1 0
vn 0 1 0
vn 0 1 0
vn 0 1 0
vn 0 1 0
vn 0 1 0
vn 0 1 0
vn 0 1 0
vn 0 1 0
vn 0.3826834323650898 0.9238795325112867 0
vn 0.30959740024909344 0.9238795325112867 0.22493567784086388
vn 0.11825568406654852 0.9238795325112867 0.3639535720290143
vn -0.11825568406654849 0.9238795325112867 0.36395357202901435
vn -0.3095974002490934 0.9238795325112867 0.2249356778408639
vn -0.3826834323650898 0.9238795325112867 4.6865204053262986e-17
vn -0.30959740024909344 0.9238795325112867 -0.22493567784086382
vn -0.11825568406654857 0.9238795325112867 -0.3639535720290143
vn 0.11825568406654845 0.9238795325112867 -0.36395357202901435
vn 0.3095974002490934 0.9238795325112867 -0.22493567784086396
vn 0.3826834323650898 0.9238795325112867 -9.373040810652597e-17
vn 0.7071067811865475 0.7071067811865476 0
vn 0.5720614028176843 0.7071067811865476 0.4156269377774534
vn 0.21850801222441055 0.7071067811865476 0.6724985119639573
vn -0.21850801222441044 0.7071067811865476 0.6724985119639573
vn -0.5720614028176841 0.7071067811865476 0.41562693777745346
vn -0.7071067811865475 0.7071067811865476 8.659560562354932e-17
vn -0.5720614028176843 0.7071067811865476 -0.4156269377774533
vn -0.2185080122244106 0.7071067811865476 -0.6724985119639573
vn 0.21850801222441038 0.7071067811865476 -0.6724985119639573
vn 0.5720614028176841 0.7071067811865476 -0.4156269377774536
vn 0.7071067811865475 0.7071067811865476 -1.7319121124709863e-16
vn 0.9238795325112867 0.38268343236508984 0
vn 0.7474342425568128 0.38268343236508984 0.5430427641049989
vn 0.28549447630116936 0.38268343236508984 0.8786616496665794
vn -0.28549447630116925 0.38268343236508984 0.8786616496665796
vn -0.7474342425568127 0.38268343236508984 0.543042764104999
vn -0.9238795325112867 0.38268343236508984 1.1314261122877003e-16
vn -0.7474342425568128 0.38268343236508984 -0.5430427641049987
vn -0.2854944763011695 0.38268343236508984 -0.8786616496665794
vn 0.28549447630116914 0.38268343236508984 -0.8786616496665796
vn 0.7474342425568127 0.38268343236508984 -0.543042764104999
vn 0.9238795325112867 0.38268343236508984 -2.2628522245754005e-16
vn 1 6.123233995736766e-17 0
vn 0.8090169943749475 6.123233995736766e-17 0.5877852522924731
vn 0.30901699437494745 6.123233995736766e-17 0.9510565162951535
vn -0.30901699437494734 6.123233995736766e-17 0.9510565162951536
vn -0.8090169943749472 6.123233995736766e-17 0.5877852522924732
vn -1 6.123233995736766e-17 1.2246467991473532e-16
vn -0.8090169943749475 6.123233995736766e-17 -0.587785252292473
vn -0.30901699437494756 6.123233995736766e-17 -0.9510565162951535
vn 0.30901699437494723 6.123233995736766e-17 -0.9510565162951536
vn 0.8090169943749472 6.123233995736766e-17 -0.5877852522924734
vn 1 6.123233995736766e-17 -2.4492935982947064e-16
vn 0.9238795325112867 -0.38268343236508967 0
vn 0.7474342425568128 -0.38268343236508967 0.5430427641049989
vn 0.28549447630116936 -0.38268343236508967 0.8786616496665794
vn -0.28549447630116925 -0.38268343236508967 0.8786616496665796
vn -0.7474342425568127 -0.38268343236508967 0.543042764104999
vn -0.9238795325112867 -0.38268343236508967 1.1314261122877003e-16
vn -0.7474342425568128 -0.38268343236508967 -0.5430427641049987
vn -0.2854944763011695 -0.38268343236508967 -0.8786616496665794
vn 0.28549447630116914 -0.38268343236508967 -0.8786616496665796
vn 0.7474342425568127 -0.38268343236508967 -0.543042764104999
vn 0.9238795325112867 -0.38268343236508967 -2.2628522245754005e-16
vn 0.7071067811865476 -0.7071067811865475 0
vn 0.5720614028176844 -0.7071067811865475 0.41562693777745346
vn 0.2185080122244106 -0.7071067811865475 0.6724985119639574
vn -0.2185080122244105 -0.7071067811865475 0.6724985119639574
vn -0.5720614028176843 -0.7071067811865475 0.4156269377774535
vn -0.7071067811865476 -0.7071067811865475 8.659560562354934e-17
vn -0.5720614028176844 -0.7071067811865475 -0.4156269377774534
vn -0.21850801222441066 -0.7071067811865475 -0.6724985119639574
vn 0.2185080122244104 -0.7071067811865475 -0.6724985119639574
vn 0.5720614028176843 -0.7071067811865475 -0.41562693777745363
vn 0.7071067811865476 -0.7071067811865475 -1.7319121124709868e-16
vn 0.38268343236508995 -0.9238795325112867 0
vn 0.3095974002490935 -0.9238795325112867 0.22493567784086393
vn 0.11825568406654857 -0.9238795325112867 0.3639535720290144
vn -0.11825568406654852 -0.9238795325112867 0.36395357202901446
vn -0.3095974002490935 -0.9238795325112867 0.224935677840864
vn -0.38268343236508995 -0.9238795325112867 4.6865204053263e-17
vn -0.3095974002490935 -0.9238795325112867 -0.2249356778408639
vn -0.11825568406654861 -0.9238795325112867 -0.3639535720290144
vn 0.11825568406654849 -0.9238795325112867 -0.36395357202901446
vn 0.3095974002490935 -0.9238795325112867 -0.22493567784086402
vn 0.38268343236508995 -0.9238795325112867 -9.3730408106526e-17
vn 1.2246467991473532e-16 -1 0
vn 9.907600726170916e-17 -1 7.198293278059966e-17
vn 3.78436673043415e-17 -1 1.1647083184890923e-16
vn -3.7843667304341493e-17 -1 1.1647083184890926e-16
vn -9.907600726170915e-17 -1 7.198293278059968e-17
vn -1.2246467991473532e-16 -1 1.4997597826618576e-32
vn -9.907600726170916e-17 -1 -7.198293278059965e-17
vn -3.784366730434152e-17 -1 -1.1647083184890923e-16
vn 3.784366730434147e-17 -1 -1.1647083184890926e-16
vn 9.907600726170915e-17 -1 -7.19829327805997e-17
vn 1.2246467991473532e-16 -1 -2.999519565323715e-32
vn 0 -1 0
vn 0 -1 0
vn 0 -1 0
vn 0 -1 0
vn 0 -1 0
vn 0 -1 0
vn 0 -1 0
vn 0 1 0
vn 0 1 0
vn 0 1 0
vn 0 1 0
vn 0 1 0
vn 0 1 0
vn 0 1 0
vn 0 -1 0
vn 0 1 0
vn 0 1 0
vn 0 1 0
vn 0 1 0
vn 0 1 0
vn 0 1 0
vn 0 1 0
vn 0 1 0
vn 0 1 0
vn 0 1 0
vn 0 1 0
vn 0 1 0
vn 0.3826834323650898 0.9238795325112867 0
vn 0.30959740024909344 0.9238795325112867 0.22493567784086388
vn 0.11825568406654852 0.9238795325112867 0.3639535720290143
vn -0.11825568406654849 0.9238795325112867 0.36395357202901435
vn -0.3095974002490934 0.9238795325112867 0.2249356778408639
vn -0.3826834323650898 0.9238795325112867 4.6865204053262986e-17
vn -0.30959740024909344 0.9238795325112867 -0.22493567784086382
vn -0.11825568406654857 0.9238795325112867 -0.3639535720290143
vn 0.11825568406654845 0.9238795325112867 -0.36395357202901435
vn 0.3095974002490934 0.9238795325112867 -0.22493567784086396
vn 0.3826834323650898 0.9238795325112867 -9.373040810652597e-17
vn 0.7071067811865475 0.7071067811865476 0
vn 0.5720614028176843 0.7071067811865476 0.4156269377774534
vn 0.21850801222441055 0.7071067811865476 0.6724985119639573
vn -0.21850801222441044 0.7071067811865476 0.6724985119639573
vn -0.5720614028176841 0.7071067811865476 0.41562693777745346
vn -0.7071067811865475 0.7071067811865476 8.659560562354932e-17
vn -0.5720614028176843 0.7071067811865476 -0.4156269377774533
vn -0.2185080122244106 0.7071067811865476 -0.6724985119639573
vn 0.21850801222441038 0.7071067811865476 -0.6724985119639573
vn 0.5720614028176841 0.7071067811865476 -0.4156269377774536
vn 0.7071067811865475 0.7071067811865476 -1.7319121124709863e-16
vn 0.9238795325112867 0.38268343236508984 0
vn 0.7474342425568128 0.38268343236508984 0.5430427641049989
vn 0.28549447630116936 0.38268343236508984 0.8786616496665794
vn -0.28549447630116925 0.38268343236508984 0.8786616496665796
vn -0.7474342425568127 0.38268343236508984 0.543042764104999
vn -0.9238795325112867 0.38268343236508984 1.1314261122877003e-16
vn -0.7474342425568128 0.38268343236508984 -0.5430427641049987
vn -0.2854944763011695 0.38268343236508984 -0.8786616496665794
vn 0.28549447630116914 0.38268343236508984 -0.8786616496665796
vn 0.7474342425568127 0.38268343236508984 -0.543042764104999
vn 0.9238795325112867 0.38268343236508984 -2.2628522245754005e-16
vn 1 6.123233995736766e-17 0
vn 0.8090169943749475 6.123233995736766e-17 0.5877852522924731
vn 0.30901699437494745 6.123233995736766e-17 0.9510565162951535
vn -0.30901699437494734 6.123233995736766e-17 0.9510565162951536
vn -0.8090169943749472 6.123233995736766e-17 0.5877852522924732
vn -1 6.123233995736766e-17 1.2246467991473532e-16
vn -0.8090169943749475 6.123233995736766e-17 -0.587785252292473
vn -0.30901699437494756 6.123233995736766e-17 -0.9510565162951535
vn 0.30901699437494723 6.123233995736766e-17 -0.9510565162951536
vn 0.8090169943749472 6.123233995736766e-17 -0.5877852522924734
vn 1 6.123233995736766e-17 -2.4492935982947064e-16
vn 0.9238795325112867 -0.3826834323650897 0
vn 0.7474342425568128 -0.3826834323650897 0.5430427641049989
vn 0.28549447630116936 -0.3826834323650897 0.8786616496665794
vn -0.28549447630116925 -0.3826834323650897 0.8786616496665796
vn -0.7474342425568127 -0.3826834323650897 0.543042764104999
vn -0.9238795325112867 -0.3826834323650897 1.1314261122877003e-16
vn -0.7474342425568128 -0.3826834323650897 -0.5430427641049987
vn -0.2854944763011695 -0.3826834323650897 -0.8786616496665794
vn 0.28549447630116914 -0.3826834323650897 -0.8786616496665796
vn 0.7474342425568127 -0.3826834323650897 -0.543042764104999
vn 0.9238795325112867 -0.3826834323650897 -2.2628522245754005e-16
vn 0.7071067811865476 -0.7071067811865475 0
vn 0.5720614028176844 -0.7071067811865475 0.41562693777745346
vn 0.2185080122244106 -0.7071067811865475 0.6724985119639574
vn -0.2185080122244105 -0.7071067811865475 0.6724985119639574
vn -0.5720614028176843 -0.7071067811865475 0.4156269377774535
vn -0.7071067811865476 -0.7071067811865475 8.659560562354934e-17
vn -0.5720614028176844 -0.7071067811865475 -0.4156269377774534
vn -0.21850801222441066 -0.7071067811865475 -0.6724985119639574
vn 0.2185080122244104 -0.7071067811865475 -0.6724985119639574
vn 0.5720614028176843 -0.7071067811865475 -0.41562693777745363
vn 0.7071067811865476 -0.7071067811865475 -1.7319121124709868e-16
vn 0.38268343236508995 -0.9238795325112867 0
vn 0.3095974002490935 -0.9238795325112867 0.22493567784086393
vn 0.11825568406654857 -0.9238795325112867 0.3639535720290144
vn -0.11825568406654852 -0.9238795325112867 0.36395357202901446
vn -0.3095974002490935 -0.9238795325112867 0.224935677840864
vn -0.38268343236508995 -0.9238795325112867 4.6865204053263e-17
vn -0.3095974002490935 -0.9238795325112867 -0.2249356778408639
vn -0.11825568406654861 -0.9238795325112867 -0.3639535720290144
vn 0.11825568406654849 -0.9238795325112867 -0.36395357202901446
vn 0.3095974002490935 -0.9238795325112867 -0.22493567784086402
vn 0.38268343236508995 -0.9238795325112867 -9.3730408106526e-17
vn 1.2246467991473532e-16 -1 0
vn 9.907600726170916e-17 -1 7.198293278059966e-17
vn 3.78436673043415e-17 -1 1.1647083184890923e-16
vn -3.7843667304341493e-17 -1 1.1647083184890926e-16
vn -9.907600726170915e-17 -1 7.198293278059968e-17
vn -1.2246467991473532e-16 -1 1.4997597826618576e-32
vn -9.907600726170916e-17 -1 -7.198293278059965e-17
vn -3.784366730434152e-17 -1 -1.1647083184890923e-16
vn 3.784366730434147e-17 -1 -1.1647083184890926e-16
vn 9.907600726170915e-17 -1 -7.19829327805997e-17
vn 1.2246467991473532e-16 -1 -2.999519565323715e-32
vn 0 -1 0
vn 0 -1 0
vn 0 -1 0
vn 0 -1 0
vn 0 -1 0
vn 0 -1 0
vn 0 -1 0
vn 0 1 0
vn 0 1 0
vn 0 1 0
vn 0 1 0
vn 0 1 0
vn 0 1 0
vn 0 1 0
vn 0 -1 0
vn 0 1 0
vn 0 1 0
vn 0 1 0
vn 0 1 0
vn 0 1 0
vn 0 1 0
vn 0 1 0
vn 0 1 0
vn 0 1 0
vn 0 1 0
vn 0 1 0
vn 0 1 0
vn 0.3826834323650898 0.9238795325112868 0
vn 0.30959740024909344 0.9238795325112868 0.22493567784086388
vn 0.11825568406654852 0.9238795325112868 0.3639535720290143
vn -0.11825568406654849 0.9238795325112868 0.36395357202901435
vn -0.3095974002490934 0.9238795325112868 0.2249356778408639
vn -0.3826834323650898 0.9238795325112868 4.6865204053262986e-17
vn -0.30959740024909344 0.9238795325112868 -0.22493567784086382
vn -0.11825568406654857 0.9238795325112868 -0.3639535720290143
vn 0.11825568406654845 0.9238795325112868 -0.36395357202901435
vn 0.3095974002490934 0.9238795325112868 -0.22493567784086396
vn 0.3826834323650898 0.9238795325112868 -9.373040810652597e-17
vn 0.7071067811865475 0.7071067811865476 0
vn 0.5720614028176843 0.7071067811865476 0.4156269377774534
vn 0.21850801222441055 0.7071067811865476 0.6724985119639573
vn -0.21850801222441044 0.7071067811865476 0.6724985119639573
vn -0.5720614028176841 0.7071067811865476 0.41562693777745346
vn -0.7071067811865475 0.7071067811865476 8.659560562354932e-17
vn -0.5720614028176843 0.7071067811865476 -0.4156269377774533
vn -0.2185080122244106 0.7071067811865476 -0.6724985119639573
vn 0.21850801222441038 0.7071067811865476 -0.6724985119639573
vn 0.5720614028176841 0.7071067811865476 -0.4156269377774536
vn 0.7071067811865475 0.7071067811865476 -1.7319121124709863e-16
vn 0.9238795325112867 0.38268343236508984 0
vn 0.7474342425568128 0.38268343236508984 0.5430427641049989
vn 0.28549447630116936 0.38268343236508984 0.8786616496665794
vn -0.28549447630116925 0.38268343236508984 0.8786616496665796
vn -0.7474342425568127 0.38268343236508984 0.543042764104999
vn -0.9238795325112867 0.38268343236508984 1.1314261122877003e-16
vn -0.7474342425568128 0.38268343236508984 -0.5430427641049987
vn -0.2854944763011695 0.38268343236508984 -0.8786616496665794
vn 0.28549447630116914 0.38268343236508984 -0.8786616496665796
vn 0.7474342425568127 0.38268343236508984 -0.543042764104999
vn 0.9238795325112867 0.38268343236508984 -2.2628522245754005e-16
vn 1 6.123233995736766e-17 0
vn 0.8090169943749475 6.123233995736766e-17 0.5877852522924731
vn 0.30901699437494745 6.123233995736766e-17 0.9510565162951535
vn -0.30901699437494734 6.123233995736766e-17 0.9510565162951536
vn -0.8090169943749472 6.123233995736766e-17 0.5877852522924732
vn -1 6.123233995736766e-17 1.2246467991473532e-16
vn -0.8090169943749475 6.123233995736766e-17 -0.587785252292473
vn -0.30901699437494756 6.123233995736766e-17 -0.9510565162951535
vn 0.30901699437494723 6.123233995736766e-17 -0.9510565162951536
vn 0.8090169943749472 6.123233995736766e-17 -0.5877852522924734
vn 1 6.123233995736766e-17 -2.4492935982947064e-16
vn 0.9238795325112867 -0.3826834323650897 0
vn 0.7474342425568128 -0.3826834323650897 0.5430427641049989
vn 0.28549447630116936 -0.3826834323650897 0.8786616496665794
vn -0.28549447630116925 -0.3826834323650897 0.8786616496665796
vn -0.7474342425568127 -0.3826834323650897 0.543042764104999
vn -0.9238795325112867 -0.3826834323650897 1.1314261122877003e-16
vn -0.7474342425568128 -0.3826834323650897 -0.5430427641049987
vn -0.2854944763011695 -0.3826834323650897 -0.8786616496665794
vn 0.28549447630116914 -0.3826834323650897 -0.8786616496665796
vn 0.7474342425568127 -0.3826834323650897 -0.543042764104999
vn 0.9238795325112867 -0.3826834323650897 -2.2628522245754005e-16
vn 0.7071067811865476 -0.7071067811865475 0
vn 0.5720614028176844 -0.7071067811865475 0.41562693777745346
vn 0.2185080122244106 -0.7071067811865475 0.6724985119639574
vn -0.2185080122244105 -0.7071067811865475 0.6724985119639574
vn -0.5720614028176843 -0.7071067811865475 0.4156269377774535
vn -0.7071067811865476 -0.7071067811865475 8.659560562354934e-17
vn -0.5720614028176844 -0.7071067811865475 -0.4156269377774534
vn -0.21850801222441066 -0.7071067811865475 -0.6724985119639574
vn 0.2185080122244104 -0.7071067811865475 -0.6724985119639574
vn 0.5720614028176843 -0.7071067811865475 -0.41562693777745363
vn 0.7071067811865476 -0.7071067811865475 -1.7319121124709868e-16
vn 0.38268343236508995 -0.9238795325112868 0
vn 0.3095974002490935 -0.9238795325112868 0.22493567784086393
vn 0.11825568406654857 -0.9238795325112868 0.3639535720290144
vn -0.11825568406654852 -0.9238795325112868 0.36395357202901446
vn -0.3095974002490935 -0.9238795325112868 0.224935677840864
vn -0.38268343236508995 -0.9238795325112868 4.6865204053263e-17
vn -0.3095974002490935 -0.9238795325112868 -0.2249356778408639
vn -0.11825568406654861 -0.9238795325112868 -0.3639535720290144
vn 0.11825568406654849 -0.9238795325112868 -0.36395357202901446
vn 0.3095974002490935 -0.9238795325112868 -0.22493567784086402
vn 0.38268343236508995 -0.9238795325112868 -9.3730408106526e-17
vn 1.2246467991473532e-16 -1 0
vn 9.907600726170916e-17 -1 7.198293278059966e-17
vn 3.78436673043415e-17 -1 1.1647083184890923e-16
vn -3.7843667304341493e-17 -1 1.1647083184890926e-16
vn -9.907600726170915e-17 -1 7.198293278059968e-17
vn -1.2246467991473532e-16 -1 1.4997597826618576e-32
vn -9.907600726170916e-17 -1 -7.198293278059965e-17
vn -3.784366730434152e-17 -1 -1.1647083184890923e-16
vn 3.784366730434147e-17 -1 -1.1647083184890926e-16
vn 9.907600726170915e-17 -1 -7.19829327805997e-17
vn 1.2246467991473532e-16 -1 -2.999519565323715e-32
vn 0 -1 0
vn 0 -1 0
vn 0 -1 0
vn 0 -1 0
vn 0 -1 0
vn 0 -1 0
vn 0 -1 0
vn 0 1 0
vn 0 1 0
vn 0 1 0
vn 0 1 0
vn 0 1 0
vn 0 1 0
vn 0 1 0
vn 0 -1 0
vn 0 1 0
vn 0 1 0
vn 0 1 0
vn 0 1 0
vn 0 1 0
vn 0 1 0
vn 0 1 0
vn 0 1 0
vn 0 1 0
vn 0 1 0
vn 0 1 0
vn 0 1 0
vn 0.3826834323650898 0.9238795325112866 0
vn 0.30959740024909344 0.9238795325112866 0.22493567784086388
vn 0.11825568406654852 0.9238795325112866 0.3639535720290143
vn -0.11825568406654849 0.9238795325112866 0.36395357202901435
vn -0.3095974002490934 0.9238795325112866 0.2249356778408639
vn -0.3826834323650898 0.9238795325112866 4.6865204053262986e-17
vn -0.30959740024909344 0.9238795325112866 -0.22493567784086382
vn -0.11825568406654857 0.9238795325112866 -0.3639535720290143
vn 0.11825568406654845 0.9238795325112866 -0.36395357202901435
vn 0.3095974002490934 0.9238795325112866 -0.22493567784086396
vn 0.3826834323650898 0.9238795325112866 -9.373040810652597e-17
vn 0.7071067811865475 0.7071067811865476 0
vn 0.5720614028176843 0.7071067811865476 0.4156269377774534
vn 0.21850801222441055 0.7071067811865476 0.6724985119639573
vn -0.21850801222441044 0.7071067811865476 0.6724985119639573
vn -0.5720614028176841 0.7071067811865476 0.41562693777745346
vn -0.7071067811865475 0.7071067811865476 8.659560562354932e-17
vn -0.5720614028176843 0.7071067811865476 -0.4156269377774533
vn -0.2185080122244106 0.7071067811865476 -0.6724985119639573
vn 0.21850801222441038 0.7071067811865476 -0.6724985119639573
vn 0.5720614028176841 0.7071067811865476 -0.4156269377774536
vn 0.7071067811865475 0.7071067811865476 -1.7319121124709863e-16
vn 0.9238795325112867 0.38268343236508984 0
vn 0.7474342425568128 0.38268343236508984 0.5430427641049989
vn 0.28549447630116936 0.38268343236508984 0.8786616496665794
vn -0.28549447630116925 0.38268343236508984 0.8786616496665796
vn -0.7474342425568127 0.38268343236508984 0.543042764104999
vn -0.9238795325112867 0.38268343236508984 1.1314261122877003e-16
vn -0.7474342425568128 0.38268343236508984 -0.5430427641049987
vn -0.2854944763011695 0.38268343236508984 -0.8786616496665794
vn 0.28549447630116914 0.38268343236508984 -0.8786616496665796
vn 0.7474342425568127 0.38268343236508984 -0.543042764104999
vn 0.9238795325112867 0.38268343236508984 -2.2628522245754005e-16
vn 1 6.123233995736766e-17 0
vn 0.8090169943749475 6.123233995736766e-17 0.5877852522924731
vn 0.30901699437494745 6.123233995736766e-17 0.9510565162951535
vn -0.30901699437494734 6.123233995736766e-17 0.9510565162951536
vn -0.8090169943749472 6.123233995736766e-17 0.5877852522924732
vn -1 6.123233995736766e-17 1.2246467991473532e-16
vn -0.8090169943749475 6.123233995736766e-17 -0.587785252292473
vn -0.30901699437494756 6.123233995736766e-17 -0.9510565162951535
vn 0.30901699437494723 6.123233995736766e-17 -0.9510565162951536
vn 0.8090169943749472 6.123233995736766e-17 -0.5877852522924734
vn 1 6.123233995736766e-17 -2.4492935982947064e-16
vn 0.9238795325112867 -0.3826834323650897 0
vn 0.7474342425568128 -0.3826834323650897 0.5430427641049989
vn 0.28549447630116936 -0.3826834323650897 0.8786616496665794
vn -0.28549447630116925 -0.3826834323650897 0.8786616496665796
vn -0.7474342425568127 -0.3826834323650897 0.543042764104999
vn -0.9238795325112867 -0.3826834323650897 1.1314261122877003e-16
vn -0.7474342425568128 -0.3826834323650897 -0.5430427641049987
vn -0.2854944763011695 -0.3826834323650897 -0.8786616496665794
vn 0.28549447630116914 -0.3826834323650897 -0.8786616496665796
vn 0.7474342425568127 -0.3826834323650897 -0.543042764104999
vn 0.9238795325112867 -0.3826834323650897 -2.2628522245754005e-16
vn 0.7071067811865476 -0.7071067811865475 0
vn 0.5720614028176844 -0.7071067811865475 0.41562693777745346
vn 0.2185080122244106 -0.7071067811865475 0.6724985119639574
vn -0.2185080122244105 -0.7071067811865475 0.6724985119639574
vn -0.5720614028176843 -0.7071067811865475 0.4156269377774535
vn -0.7071067811865476 -0.7071067811865475 8.659560562354934e-17
vn -0.5720614028176844 -0.7071067811865475 -0.4156269377774534
vn -0.21850801222441066 -0.7071067811865475 -0.6724985119639574
vn 0.2185080122244104 -0.7071067811865475 -0.6724985119639574
vn 0.5720614028176843 -0.7071067811865475 -0.41562693777745363
vn 0.7071067811865476 -0.7071067811865475 -1.7319121124709868e-16
vn 0.38268343236508995 -0.9238795325112866 0
vn 0.3095974002490935 -0.9238795325112866 0.22493567784086393
vn 0.11825568406654857 -0.9238795325112866 0.3639535720290144
vn -0.11825568406654852 -0.9238795325112866 0.36395357202901446
vn -0.3095974002490935 -0.9238795325112866 0.224935677840864
vn -0.38268343236508995 -0.9238795325112866 4.6865204053263e-17
vn -0.3095974002490935 -0.9238795325112866 -0.2249356778408639
vn -0.11825568406654861 -0.9238795325112866 -0.3639535720290144
vn 0.11825568406654849 -0.9238795325112866 -0.36395357202901446
vn 0.3095974002490935 -0.9238795325112866 -0.22493567784086402
vn 0.38268343236508995 -0.9238795325112866 -9.3730408106526e-17
vn 1.2246467991473532e-16 -1 0
vn 9.907600726170916e-17 -1 7.198293278059966e-17
vn 3.78436673043415e-17 -1 1.1647083184890923e-16
vn -3.7843667304341493e-17 -1 1.1647083184890926e-16
vn -9.907600726170915e-17 -1 7.198293278059968e-17
vn -1.2246467991473532e-16 -1 1.4997597826618576e-32
vn -9.907600726170916e-17 -1 -7.198293278059965e-17
vn -3.784366730434152e-17 -1 -1.1647083184890923e-16
vn 3.784366730434147e-17 -1 -1.1647083184890926e-16
vn 9.907600726170915e-17 -1 -7.19829327805997e-17
vn 1.2246467991473532e-16 -1 -2.999519565323715e-32
vn 0 -1 0
vn 0 -1 0
vn 0 -1 0
vn 0 -1 0
vn 0 -1 0
vn 0 -1 0
vn 0 -1 0
vn 0 1 0
vn 0 1 0
vn 0 1 0
vn 0 1 0
vn 0 1 0
vn 0 1 0
vn 0 1 0
vn 0 -1 0
vn 0 1 0
vn 0 1 0
vn 0 1 0
vn 0 1 0
vn 0 1 0
vn 0 1 0
vn 0 1 0
vn 0 1 0
vn 0 1 0
vn 0 1 0
vn 0 1 0
vn 0 1 0
vn 0.3826834323650898 0.9238795325112866 0
vn 0.30959740024909344 0.9238795325112866 0.22493567784086388
vn 0.11825568406654852 0.9238795325112866 0.3639535720290143
vn -0.11825568406654849 0.9238795325112866 0.36395357202901435
vn -0.3095974002490934 0.9238795325112866 0.2249356778408639
vn -0.3826834323650898 0.9238795325112866 4.6865204053262986e-17
vn -0.30959740024909344 0.9238795325112866 -0.22493567784086382
vn -0.11825568406654857 0.9238795325112866 -0.3639535720290143
vn 0.11825568406654845 0.9238795325112866 -0.36395357202901435
vn 0.3095974002490934 0.9238795325112866 -0.22493567784086396
vn 0.3826834323650898 0.9238795325112866 -9.373040810652597e-17
vn 0.7071067811865475 0.7071067811865476 0
vn 0.5720614028176843 0.7071067811865476 0.4156269377774534
vn 0.21850801222441055 0.7071067811865476 0.6724985119639573
vn -0.21850801222441044 0.7071067811865476 0.6724985119639573
vn -0.5720614028176841 0.7071067811865476 0.41562693777745346
vn -0.7071067811865475 0.7071067811865476 8.659560562354932e-17
vn -0.5720614028176843 0.7071067811865476 -0.4156269377774533
vn -0.2185080122244106 0.7071067811865476 -0.6724985119639573
vn 0.21850801222441038 0.7071067811865476 -0.6724985119639573
vn 0.5720614028176841 0.7071067811865476 -0.4156269377774536
vn 0.7071067811865475 0.7071067811865476 -1.7319121124709863e-16
vn 0.9238795325112867 0.3826834323650899 0
vn 0.7474342425568128 0.3826834323650899 0.5430427641049989
vn 0.28549447630116936 0.3826834323650899 0.8786616496665794
vn -0.28549447630116925 0.3826834323650899 0.8786616496665796
vn -0.7474342425568127 0.3826834323650899 0.543042764104999
vn -0.9238795325112867 0.3826834323650899 1.1314261122877003e-16
vn -0.7474342425568128 0.3826834323650899 -0.5430427641049987
vn -0.2854944763011695 0.3826834323650899 -0.8786616496665794
vn 0.28549447630116914 0.3826834323650899 -0.8786616496665796
vn 0.7474342425568127 0.3826834323650899 -0.543042764104999
vn 0.9238795325112867 0.3826834323650899 -2.2628522245754005e-16
vn 1 6.123233995736766e-17 0
vn 0.8090169943749475 6.123233995736766e-17 0.5877852522924731
vn 0.30901699437494745 6.123233995736766e-17 0.9510565162951535
vn -0.30901699437494734 6.123233995736766e-17 0.9510565162951536
vn -0.8090169943749472 6.123233995736766e-17 0.5877852522924732
vn -1 6.123233995736766e-17 1.2246467991473532e-16
vn -0.8090169943749475 6.123233995736766e-17 -0.587785252292473
vn -0.30901699437494756 6.123233995736766e-17 -0.9510565162951535
vn 0.30901699437494723 6.123233995736766e-17 -0.9510565162951536
vn 0.8090169943749472 6.123233995736766e-17 -0.5877852522924734
vn 1 6.123233995736766e-17 -2.4492935982947064e-16
vn 0.9238795325112867 -0.3826834323650897 0
vn 0.7474342425568128 -0.3826834323650897 0.5430427641049989
vn 0.28549447630116936 -0.3826834323650897 0.8786616496665794
vn -0.28549447630116925 -0.3826834323650897 0.8786616496665796
vn -0.7474342425568127 -0.3826834323650897 0.543042764104999
vn -0.9238795325112867 -0.3826834323650897 1.1314261122877003e-16
vn -0.7474342425568128 -0.3826834323650897 -0.5430427641049987
vn -0.2854944763011695 -0.3826834323650897 -0.8786616496665794
vn 0.28549447630116914 -0.3826834323650897 -0.8786616496665796
vn 0.7474342425568127 -0.3826834323650897 -0.543042764104999
vn 0.9238795325112867 -0.3826834323650897 -2.2628522245754005e-16
vn 0.7071067811865476 -0.7071067811865475 0
vn 0.5720614028176844 -0.7071067811865475 0.41562693777745346
vn 0.2185080122244106 -0.7071067811865475 0.6724985119639574
vn -0.2185080122244105 -0.7071067811865475 0.6724985119639574
vn -0.5720614028176843 -0.7071067811865475 0.4156269377774535
vn -0.7071067811865476 -0.7071067811865475 8.659560562354934e-17
vn -0.5720614028176844 -0.7071067811865475 -0.4156269377774534
vn -0.21850801222441066 -0.7071067811865475 -0.6724985119639574
vn 0.2185080122244104 -0.7071067811865475 -0.6724985119639574
vn 0.5720614028176843 -0.7071067811865475 -0.41562693777745363
vn 0.7071067811865476 -0.7071067811865475 -1.7319121124709868e-16
vn 0.38268343236508995 -0.9238795325112866 0
vn 0.3095974002490935 -0.9238795325112866 0.22493567784086393
vn 0.11825568406654857 -0.9238795325112866 0.3639535720290144
vn -0.11825568406654852 -0.9238795325112866 0.36395357202901446
vn -0.3095974002490935 -0.9238795325112866 0.224935677840864
vn -0.38268343236508995 -0.9238795325112866 4.6865204053263e-17
vn -0.3095974002490935 -0.9238795325112866 -0.2249356778408639
vn -0.11825568406654861 -0.9238795325112866 -0.3639535720290144
vn 0.11825568406654849 -0.9238795325112866 -0.36395357202901446
vn 0.3095974002490935 -0.9238795325112866 -0.22493567784086402
vn 0.38268343236508995 -0.9238795325112866 -9.3730408106526e-17
vn 1.2246467991473532e-16 -1 0
vn 9.907600726170916e-17 -1 7.198293278059966e-17
vn 3.78436673043415e-17 -1 1.1647083184890923e-16
vn -3.7843667304341493e-17 -1 1.1647083184890926e-16
vn -9.907600726170915e-17 -1 7.198293278059968e-17
vn -1.2246467991473532e-16 -1 1.4997597826618576e-32
vn -9.907600726170916e-17 -1 -7.198293278059965e-17
vn -3.784366730434152e-17 -1 -1.1647083184890923e-16
vn 3.784366730434147e-17 -1 -1.1647083184890926e-16
vn 9.907600726170915e-17 -1 -7.19829327805997e-17
vn 1.2246467991473532e-16 -1 -2.999519565323715e-32
vn 0 -1 0
vn 0 -1 0
vn 0 -1 0
vn 0 -1 0
vn 0 -1 0
vn 0 -1 0
vn 0 -1 0
vn 0 1 0
vn 0 1 0
vn 0 1 0
vn 0 1 0
vn 0 1 0
vn 0 1 0
vn 0 1 0
vn 0 -1 0
vn 0 1 0
vn 0 1 0
vn 0 1 0
vn 0 1 0
vn 0 1 0
vn 0 1 0
vn 0 1 0
vn 0 1 0
vn 0 1 0
vn 0 1 0
vn 0 1 0
vn 0 1 0
vn 0.3826834323650898 0.9238795325112868 0
vn 0.30959740024909344 0.9238795325112868 0.22493567784086388
vn 0.11825568406654852 0.9238795325112868 0.3639535720290143
vn -0.11825568406654849 0.9238795325112868 0.36395357202901435
vn -0.3095974002490934 0.9238795325112868 0.2249356778408639
vn -0.3826834323650898 0.9238795325112868 4.6865204053262986e-17
vn -0.30959740024909344 0.9238795325112868 -0.22493567784086382
vn -0.11825568406654857 0.9238795325112868 -0.3639535720290143
vn 0.11825568406654845 0.9238795325112868 -0.36395357202901435
vn 0.3095974002490934 0.9238795325112868 -0.22493567784086396
vn 0.3826834323650898 0.9238795325112868 -9.373040810652597e-17
vn 0.7071067811865475 0.7071067811865476 0
vn 0.5720614028176843 0.7071067811865476 0.4156269377774534
vn 0.21850801222441055 0.7071067811865476 0.6724985119639573
vn -0.21850801222441044 0.7071067811865476 0.6724985119639573
vn -0.5720614028176841 0.7071067811865476 0.41562693777745346
vn -0.7071067811865475 0.7071067811865476 8.659560562354932e-17
vn -0.5720614028176843 0.7071067811865476 -0.4156269377774533
vn -0.2185080122244106 0.7071067811865476 -0.6724985119639573
vn 0.21850801222441038 0.7071067811865476 -0.6724985119639573
vn 0.5720614028176841 0.7071067811865476 -0.4156269377774536
vn 0.7071067811865475 0.7071067811865476 -1.7319121124709863e-16
vn 0.9238795325112867 0.38268343236508984 0
vn 0.7474342425568128 0.38268343236508984 0.5430427641049989
vn 0.28549447630116936 0.38268343236508984 0.8786616496665794
vn -0.28549447630116925 0.38268343236508984 0.8786616496665796
vn -0.7474342425568127 0.38268343236508984 0.543042764104999
vn -0.9238795325112867 0.38268343236508984 1.1314261122877003e-16
vn -0.7474342425568128 0.38268343236508984 -0.5430427641049987
vn -0.2854944763011695 0.38268343236508984 -0.8786616496665794
vn 0.28549447630116914 0.38268343236508984 -0.8786616496665796
vn 0.7474342425568127 0.38268343236508984 -0.543042764104999
vn 0.9238795325112867 0.38268343236508984 -2.2628522245754005e-16
vn 1 6.123233995736766e-17 0
vn 0.8090169943749475 6.123233995736766e-17 0.5877852522924731
vn 0.30901699437494745 6.123233995736766e-17 0.9510565162951535
vn -0.30901699437494734 6.123233995736766e-17 0.9510565162951536
vn -0.8090169943749472 6.123233995736766e-17 0.5877852522924732
vn -1 6.123233995736766e-17 1.2246467991473532e-16
vn -0.8090169943749475 6.123233995736766e-17 -0.587785252292473
vn -0.30901699437494756 6.123233995736766e-17 -0.9510565162951535
vn 0.30901699437494723 6.123233995736766e-17 -0.9510565162951536
vn 0.8090169943749472 6.123233995736766e-17 -0.5877852522924734
vn 1 6.123233995736766e-17 -2.4492935982947064e-16
vn 0.9238795325112867 -0.3826834323650897 0
vn 0.7474342425568128 -0.3826834323650897 0.5430427641049989
vn 0.28549447630116936 -0.3826834323650897 0.8786616496665794
vn -0.28549447630116925 -0.3826834323650897 0.8786616496665796
vn -0.7474342425568127 -0.3826834323650897 0.543042764104999
vn -0.9238795325112867 -0.3826834323650897 1.1314261122877003e-16
vn -0.7474342425568128 -0.3826834323650897 -0.5430427641049987
vn -0.2854944763011695 -0.3826834323650897 -0.8786616496665794
vn 0.28549447630116914 -0.3826834323650897 -0.8786616496665796
vn 0.7474342425568127 -0.3826834323650897 -0.543042764104999
vn 0.9238795325112867 -0.3826834323650897 -2.2628522245754005e-16
vn 0.7071067811865476 -0.7071067811865475 0
vn 0.5720614028176844 -0.7071067811865475 0.41562693777745346
vn 0.2185080122244106 -0.7071067811865475 0.6724985119639574
vn -0.2185080122244105 -0.7071067811865475 0.6724985119639574
vn -0.5720614028176843 -0.7071067811865475 0.4156269377774535
vn -0.7071067811865476 -0.7071067811865475 8.659560562354934e-17
vn -0.5720614028176844 -0.7071067811865475 -0.4156269377774534
vn -0.21850801222441066 -0.7071067811865475 -0.6724985119639574
vn 0.2185080122244104 -0.7071067811865475 -0.6724985119639574
vn 0.5720614028176843 -0.7071067811865475 -0.41562693777745363
vn 0.7071067811865476 -0.7071067811865475 -1.7319121124709868e-16
vn 0.38268343236508995 -0.9238795325112868 0
vn 0.3095974002490935 -0.9238795325112868 0.22493567784086393
vn 0.11825568406654857 -0.9238795325112868 0.3639535720290144
vn -0.11825568406654852 -0.9238795325112868 0.36395357202901446
vn -0.3095974002490935 -0.9238795325112868 0.224935677840864
vn -0.38268343236508995 -0.9238795325112868 4.6865204053263e-17
vn -0.3095974002490935 -0.9238795325112868 -0.2249356778408639
vn -0.11825568406654861 -0.9238795325112868 -0.3639535720290144
vn 0.11825568406654849 -0.9238795325112868 -0.36395357202901446
vn 0.3095974002490935 -0.9238795325112868 -0.22493567784086402
vn 0.38268343236508995 -0.9238795325112868 -9.3730408106526e-17
vn 1.2246467991473532e-16 -1 0
vn 9.907600726170916e-17 -1 7.198293278059966e-17
vn 3.78436673043415e-17 -1 1.1647083184890923e-16
vn -3.7843667304341493e-17 -1 1.1647083184890926e-16
vn -9.907600726170915e-17 -1 7.198293278059968e-17
vn -1.2246467991473532e-16 -1 1.4997597826618576e-32
vn -9.907600726170916e-17 -1 -7.198293278059965e-17
vn -3.784366730434152e-17 -1 -1.1647083184890923e-16
vn 3.784366730434147e-17 -1 -1.1647083184890926e-16
vn 9.907600726170915e-17 -1 -7.19829327805997e-17
vn 1.2246467991473532e-16 -1 -2.999519565323715e-32
vn 0 -1 0
vn 0 -1 0
vn 0 -1 0
vn 0 -1 0
vn 0 -1 0
vn 0 -1 0
vn 0 -1 0
vn 0 1 0
vn 0 1 0
vn 0 1 0
vn 0 1 0
vn 0 1 0
vn 0 1 0
vn 0 1 0
vn 0 -1 0
vn 0 1 0
vn 0 1 0
vn 0 1 0
vn 0 1 0
vn 0 1 0
vn 0 1 0
vn 0 1 0
vn 0 1 0
vn 0 1 0
vn 0 1 0
vn 0 1 0
vn 0 1 0
vn 0.3826834323650898 0.9238795325112867 0
vn 0.30959740024909344 0.9238795325112867 0.22493567784086388
vn 0.11825568406654853 0.9238795325112867 0.3639535720290143
vn -0.11825568406654849 0.9238795325112867 0.36395357202901435
vn -0.3095974002490934 0.9238795325112867 0.22493567784086388
vn -0.3826834323650898 0.9238795325112867 4.6865204053262986e-17
vn -0.30959740024909344 0.9238795325112867 -0.22493567784086382
vn -0.11825568406654857 0.9238795325112867 -0.3639535720290143
vn 0.11825568406654845 0.9238795325112867 -0.36395357202901435
vn 0.3095974002490934 0.9238795325112867 -0.22493567784086396
vn 0.3826834323650898 0.9238795325112867 -9.373040810652597e-17
vn 0.7071067811865475 0.7071067811865476 0
vn 0.5720614028176843 0.7071067811865476 0.4156269377774534
vn 0.21850801222441055 0.7071067811865476 0.6724985119639573
vn -0.21850801222441046 0.7071067811865476 0.6724985119639573
vn -0.5720614028176841 0.7071067811865476 0.4156269377774535
vn -0.7071067811865475 0.7071067811865476 8.659560562354932e-17
vn -0.5720614028176843 0.7071067811865476 -0.41562693777745324
vn -0.2185080122244106 0.7071067811865476 -0.6724985119639573
vn 0.21850801222441038 0.7071067811865476 -0.6724985119639573
vn 0.5720614028176841 0.7071067811865476 -0.4156269377774536
vn 0.7071067811865475 0.7071067811865476 -1.7319121124709863e-16
vn 0.9238795325112867 0.38268343236508984 0
vn 0.7474342425568128 0.38268343236508984 0.5430427641049989
vn 0.28549447630116936 0.38268343236508984 0.8786616496665794
vn -0.28549447630116925 0.38268343236508984 0.8786616496665796
vn -0.7474342425568127 0.38268343236508984 0.543042764104999
vn -0.9238795325112867 0.38268343236508984 1.1314261122877003e-16
vn -0.7474342425568128 0.38268343236508984 -0.5430427641049987
vn -0.2854944763011695 0.38268343236508984 -0.8786616496665794
vn 0.28549447630116914 0.38268343236508984 -0.8786616496665796
vn 0.7474342425568127 0.38268343236508984 -0.543042764104999
vn 0.9238795325112867 0.38268343236508984 -2.2628522245754005e-16
vn 1 6.123233995736766e-17 0
vn 0.8090169943749475 6.123233995736766e-17 0.5877852522924731
vn 0.30901699437494745 6.123233995736766e-17 0.9510565162951535
vn -0.30901699437494734 6.123233995736766e-17 0.9510565162951538
vn -0.8090169943749473 6.123233995736766e-17 0.5877852522924732
vn -1 6.123233995736766e-17 1.2246467991473532e-16
vn -0.8090169943749475 6.123233995736766e-17 -0.587785252292473
vn -0.30901699437494756 6.123233995736766e-17 -0.9510565162951535
vn 0.30901699437494723 6.123233995736766e-17 -0.9510565162951538
vn 0.8090169943749473 6.123233995736766e-17 -0.5877852522924734
vn 1 6.123233995736766e-17 -2.4492935982947064e-16
vn 0.9238795325112867 -0.3826834323650897 0
vn 0.7474342425568128 -0.3826834323650897 0.5430427641049989
vn 0.28549447630116936 -0.3826834323650897 0.8786616496665794
vn -0.28549447630116925 -0.3826834323650897 0.8786616496665796
vn -0.7474342425568127 -0.3826834323650897 0.543042764104999
vn -0.9238795325112867 -0.3826834323650897 1.1314261122877003e-16
vn -0.7474342425568128 -0.3826834323650897 -0.5430427641049987
vn -0.2854944763011695 -0.3826834323650897 -0.8786616496665794
vn 0.28549447630116914 -0.3826834323650897 -0.8786616496665796
vn 0.7474342425568127 -0.3826834323650897 -0.543042764104999
vn 0.9238795325112867 -0.3826834323650897 -2.2628522245754005e-16
vn 0.7071067811865476 -0.7071067811865475 0
vn 0.5720614028176844 -0.7071067811865475 0.4156269377774535
vn 0.21850801222441057 -0.7071067811865475 0.6724985119639574
vn -0.2185080122244105 -0.7071067811865475 0.6724985119639574
vn -0.5720614028176843 -0.7071067811865475 0.4156269377774535
vn -0.7071067811865476 -0.7071067811865475 8.659560562354935e-17
vn -0.5720614028176844 -0.7071067811865475 -0.4156269377774534
vn -0.21850801222441066 -0.7071067811865475 -0.6724985119639574
vn 0.2185080122244104 -0.7071067811865475 -0.6724985119639574
vn 0.5720614028176843 -0.7071067811865475 -0.4156269377774537
vn 0.7071067811865476 -0.7071067811865475 -1.731912112470987e-16
vn 0.3826834323650899 -0.9238795325112867 0
vn 0.3095974002490935 -0.9238795325112867 0.22493567784086393
vn 0.11825568406654857 -0.9238795325112867 0.36395357202901446
vn -0.11825568406654853 -0.9238795325112867 0.36395357202901446
vn -0.3095974002490935 -0.9238795325112867 0.22493567784086396
vn -0.3826834323650899 -0.9238795325112867 4.6865204053263e-17
vn -0.3095974002490935 -0.9238795325112867 -0.22493567784086388
vn -0.11825568406654861 -0.9238795325112867 -0.36395357202901446
vn 0.11825568406654849 -0.9238795325112867 -0.36395357202901446
vn 0.3095974002490935 -0.9238795325112867 -0.22493567784086402
vn 0.3826834323650899 -0.9238795325112867 -9.3730408106526e-17
vn 1.2246467991473532e-16 -1 0
vn 9.907600726170916e-17 -1 7.198293278059966e-17
vn 3.7843667304341506e-17 -1 1.1647083184890923e-16
vn -3.7843667304341493e-17 -1 1.1647083184890926e-16
vn -9.907600726170915e-17 -1 7.198293278059968e-17
vn -1.2246467991473532e-16 -1 1.4997597826618576e-32
vn -9.907600726170916e-17 -1 -7.198293278059965e-17
vn -3.784366730434152e-17 -1 -1.1647083184890923e-16
vn 3.7843667304341475e-17 -1 -1.1647083184890926e-16
vn 9.907600726170915e-17 -1 -7.19829327805997e-17
vn 1.2246467991473532e-16 -1 -2.999519565323715e-32
vn 0 -1 0
vn 0 -1 0
vn 0 -1 0
vn 0 -1 0
vn 0 -1 0
vn 0 -1 0
vn 0 -1 0
vn 0 1 0
vn 0 1 0
vn 0 1 0
vn 0 1 0
vn 0 1 0
vn 0 1 0
vn 0 1 0
vn 0 -1 0
vn 0 1 0
vn 0 1 0
vn 0 1 0
vn 0 1 0
vn 0 1 0
vn 0 1 0
vn 0 1 0
vn 0 1 0
vn 0 1 0
vn 0 1 0
vn 0 1 0
vn 0 1 0
vn 0.3826834323650898 0.9238795325112867 0
vn 0.30959740024909344 0.9238795325112867 0.22493567784086388
vn 0.11825568406654853 0.9238795325112867 0.3639535720290143
vn -0.11825568406654849 0.9238795325112867 0.36395357202901435
vn -0.3095974002490934 0.9238795325112867 0.22493567784086388
vn -0.3826834323650898 0.9238795325112867 4.6865204053262986e-17
vn -0.30959740024909344 0.9238795325112867 -0.22493567784086382
vn -0.11825568406654857 0.9238795325112867 -0.3639535720290143
vn 0.11825568406654845 0.9238795325112867 -0.36395357202901435
vn 0.3095974002490934 0.9238795325112867 -0.22493567784086396
vn 0.3826834323650898 0.9238795325112867 -9.373040810652597e-17
vn 0.7071067811865475 0.7071067811865476 0
vn 0.5720614028176843 0.7071067811865476 0.4156269377774534
vn 0.21850801222441055 0.7071067811865476 0.6724985119639573
vn -0.21850801222441046 0.7071067811865476 0.6724985119639573
vn -0.5720614028176841 0.7071067811865476 0.4156269377774535
vn -0.7071067811865475 0.7071067811865476 8.659560562354932e-17
vn -0.5720614028176843 0.7071067811865476 -0.41562693777745324
vn -0.2185080122244106 0.7071067811865476 -0.6724985119639573
vn 0.21850801222441038 0.7071067811865476 -0.6724985119639573
vn 0.5720614028176841 0.7071067811865476 -0.4156269377774536
vn 0.7071067811865475 0.7071067811865476 -1.7319121124709863e-16
vn 0.9238795325112867 0.38268343236508984 0
vn 0.7474342425568128 0.38268343236508984 0.5430427641049989
vn 0.28549447630116936 0.38268343236508984 0.8786616496665794
vn -0.28549447630116925 0.38268343236508984 0.8786616496665796
vn -0.7474342425568127 0.38268343236508984 0.543042764104999
vn -0.9238795325112867 0.38268343236508984 1.1314261122877003e-16
vn -0.7474342425568128 0.38268343236508984 -0.5430427641049987
vn -0.2854944763011695 0.38268343236508984 -0.8786616496665794
vn 0.28549447630116914 0.38268343236508984 -0.8786616496665796
vn 0.7474342425568127 0.38268343236508984 -0.543042764104999
vn 0.9238795325112867 0.38268343236508984 -2.2628522245754005e-16
vn 1 6.123233995736766e-17 0
vn 0.8090169943749475 6.123233995736766e-17 0.5877852522924731
vn 0.30901699437494745 6.123233995736766e-17 0.9510565162951535
vn -0.30901699437494734 6.123233995736766e-17 0.9510565162951538
vn -0.8090169943749473 6.123233995736766e-17 0.5877852522924732
vn -1 6.123233995736766e-17 1.2246467991473532e-16
vn -0.8090169943749475 6.123233995736766e-17 -0.587785252292473
vn -0.30901699437494756 6.123233995736766e-17 -0.9510565162951535
vn 0.30901699437494723 6.123233995736766e-17 -0.9510565162951538
vn 0.8090169943749473 6.123233995736766e-17 -0.5877852522924734
vn 1 6.123233995736766e-17 -2.4492935982947064e-16
vn 0.9238795325112867 -0.3826834323650897 0
vn 0.7474342425568128 -0.3826834323650897 0.5430427641049989
vn 0.28549447630116936 -0.3826834323650897 0.8786616496665794
vn -0.28549447630116925 -0.3826834323650897 0.8786616496665796
vn -0.7474342425568127 -0.3826834323650897 0.543042764104999
vn -0.9238795325112867 -0.3826834323650897 1.1314261122877003e-16
vn -0.7474342425568128 -0.3826834323650897 -0.5430427641049987
vn -0.2854944763011695 -0.3826834323650897 -0.8786616496665794
vn 0.28549447630116914 -0.3826834323650897 -0.8786616496665796
vn 0.7474342425568127 -0.3826834323650897 -0.543042764104999
vn 0.9238795325112867 -0.3826834323650897 -2.2628522245754005e-16
vn 0.7071067811865476 -0.7071067811865475 0
vn 0.5720614028176844 -0.7071067811865475 0.4156269377774535
vn 0.21850801222441057 -0.7071067811865475 0.6724985119639574
vn -0.2185080122244105 -0.7071067811865475 0.6724985119639574
vn -0.5720614028176843 -0.7071067811865475 0.4156269377774535
vn -0.7071067811865476 -0.7071067811865475 8.659560562354935e-17
vn -0.5720614028176844 -0.7071067811865475 -0.4156269377774534
vn -0.21850801222441066 -0.7071067811865475 -0.6724985119639574
vn 0.2185080122244104 -0.7071067811865475 -0.6724985119639574
vn 0.5720614028176843 -0.7071067811865475 -0.4156269377774537
vn 0.7071067811865476 -0.7071067811865475 -1.731912112470987e-16
vn 0.3826834323650899 -0.9238795325112867 0
vn 0.3095974002490935 -0.9238795325112867 0.22493567784086393
vn 0.11825568406654857 -0.9238795325112867 0.36395357202901446
vn -0.11825568406654853 -0.9238795325112867 0.36395357202901446
vn -0.3095974002490935 -0.9238795325112867 0.22493567784086396
vn -0.3826834323650899 -0.9238795325112867 4.6865204053263e-17
vn -0.3095974002490935 -0.9238795325112867 -0.22493567784086388
vn -0.11825568406654861 -0.9238795325112867 -0.36395357202901446
vn 0.11825568406654849 -0.9238795325112867 -0.36395357202901446
vn 0.3095974002490935 -0.9238795325112867 -0.22493567784086402
vn 0.3826834323650899 -0.9238795325112867 -9.3730408106526e-17
vn 1.2246467991473532e-16 -1 0
vn 9.907600726170916e-17 -1 7.198293278059966e-17
vn 3.7843667304341506e-17 -1 1.1647083184890923e-16
vn -3.7843667304341493e-17 -1 1.1647083184890926e-16
vn -9.907600726170915e-17 -1 7.198293278059968e-17
vn -1.2246467991473532e-16 -1 1.4997597826618576e-32
vn -9.907600726170916e-17 -1 -7.198293278059965e-17
vn -3.784366730434152e-17 -1 -1.1647083184890923e-16
vn 3.7843667304341475e-17 -1 -1.1647083184890926e-16
vn 9.907600726170915e-17 -1 -7.19829327805997e-17
vn 1.2246467991473532e-16 -1 -2.999519565323715e-32
vn 0 -1 0
vn 0 -1 0
vn 0 -1 0
vn 0 -1 0
vn 0 -1 0
vn 0 -1 0
vn 0 -1 0
vn 0 1 0
vn 0 1 0
vn 0 1 0
vn 0 1 0
vn 0 1 0
vn 0 1 0
vn 0 1 0
vn 0 -1 0
vn 0 1 0
vn 0 1 0
vn 0 1 0
vn 0 1 0
vn 0 1 0
vn 0 1 0
vn 0 1 0
vn 0 1 0
vn 0 1 0
vn 0 1 0
vn 0 1 0
vn 0 1 0
vn 0.3826834323650898 0.9238795325112867 0
vn 0.30959740024909344 0.9238795325112867 0.22493567784086388
vn 0.11825568406654853 0.9238795325112867 0.3639535720290143
vn -0.11825568406654849 0.9238795325112867 0.36395357202901435
vn -0.3095974002490934 0.9238795325112867 0.22493567784086388
vn -0.3826834323650898 0.9238795325112867 4.6865204053262986e-17
vn -0.30959740024909344 0.9238795325112867 -0.22493567784086382
vn -0.11825568406654857 0.9238795325112867 -0.3639535720290143
vn 0.11825568406654845 0.9238795325112867 -0.36395357202901435
vn 0.3095974002490934 0.9238795325112867 -0.22493567784086396
vn 0.3826834323650898 0.9238795325112867 -9.373040810652597e-17
vn 0.7071067811865475 0.7071067811865476 0
vn 0.5720614028176843 0.7071067811865476 0.4156269377774534
vn 0.21850801222441055 0.7071067811865476 0.6724985119639573
vn -0.21850801222441046 0.7071067811865476 0.6724985119639573
vn -0.5720614028176841 0.7071067811865476 0.4156269377774535
vn -0.7071067811865475 0.7071067811865476 8.659560562354932e-17
vn -0.5720614028176843 0.7071067811865476 -0.41562693777745324
vn -0.2185080122244106 0.7071067811865476 -0.6724985119639573
vn 0.21850801222441038 0.7071067811865476 -0.6724985119639573
vn 0.5720614028176841 0.7071067811865476 -0.4156269377774536
vn 0.7071067811865475 0.7071067811865476 -1.7319121124709863e-16
vn 0.9238795325112867 0.38268343236508984 0
vn 0.7474342425568128 0.38268343236508984 0.5430427641049989
vn 0.28549447630116936 0.38268343236508984 0.8786616496665794
vn -0.28549447630116925 0.38268343236508984 0.8786616496665796
vn -0.7474342425568127 0.38268343236508984 0.543042764104999
vn -0.9238795325112867 0.38268343236508984 1.1314261122877003e-16
vn -0.7474342425568128 0.38268343236508984 -0.5430427641049987
vn -0.2854944763011695 0.38268343236508984 -0.8786616496665794
vn 0.28549447630116914 0.38268343236508984 -0.8786616496665796
vn 0.7474342425568127 0.38268343236508984 -0.543042764104999
vn 0.9238795325112867 0.38268343236508984 -2.2628522245754005e-16
vn 1 6.123233995736766e-17 0
vn 0.8090169943749475 6.123233995736766e-17 0.5877852522924731
vn 0.30901699437494745 6.123233995736766e-17 0.9510565162951535
vn -0.30901699437494734 6.123233995736766e-17 0.9510565162951538
vn -0.8090169943749473 6.123233995736766e-17 0.5877852522924732
vn -1 6.123233995736766e-17 1.2246467991473532e-16
vn -0.8090169943749475 6.123233995736766e-17 -0.587785252292473
vn -0.30901699437494756 6.123233995736766e-17 -0.9510565162951535
vn 0.30901699437494723 6.123233995736766e-17 -0.9510565162951538
vn 0.8090169943749473 6.123233995736766e-17 -0.5877852522924734
vn 1 6.123233995736766e-17 -2.4492935982947064e-16
vn 0.9238795325112867 -0.3826834323650897 0
vn 0.7474342425568128 -0.3826834323650897 0.5430427641049989
vn 0.28549447630116936 -0.3826834323650897 0.8786616496665794
vn -0.28549447630116925 -0.3826834323650897 0.8786616496665796
vn -0.7474342425568127 -0.3826834323650897 0.543042764104999
vn -0.9238795325112867 -0.3826834323650897 1.1314261122877003e-16
vn -0.7474342425568128 -0.3826834323650897 -0.5430427641049987
vn -0.2854944763011695 -0.3826834323650897 -0.8786616496665794
vn 0.28549447630116914 -0.3826834323650897 -0.8786616496665796
vn 0.7474342425568127 -0.3826834323650897 -0.543042764104999
vn 0.9238795325112867 -0.3826834323650897 -2.2628522245754005e-16
vn 0.7071067811865476 -0.7071067811865475 0
vn 0.5720614028176844 -0.7071067811865475 0.4156269377774535
vn 0.21850801222441057 -0.7071067811865475 0.6724985119639574
vn -0.2185080122244105 -0.7071067811865475 0.6724985119639574
vn -0.5720614028176843 -0.7071067811865475 0.4156269377774535
vn -0.7071067811865476 -0.7071067811865475 8.659560562354935e-17
vn -0.5720614028176844 -0.7071067811865475 -0.4156269377774534
vn -0.21850801222441066 -0.7071067811865475 -0.6724985119639574
vn 0.2185080122244104 -0.7071067811865475 -0.6724985119639574
vn 0.5720614028176843 -0.7071067811865475 -0.4156269377774537
vn 0.7071067811865476 -0.7071067811865475 -1.731912112470987e-16
vn 0.3826834323650899 -0.9238795325112867 0
vn 0.3095974002490935 -0.9238795325112867 0.22493567784086393
vn 0.11825568406654857 -0.9238795325112867 0.36395357202901446
vn -0.11825568406654853 -0.9238795325112867 0.36395357202901446
vn -0.3095974002490935 -0.9238795325112867 0.22493567784086396
vn -0.3826834323650899 -0.9238795325112867 4.6865204053263e-17
vn -0.3095974002490935 -0.9238795325112867 -0.22493567784086388
vn -0.11825568406654861 -0.9238795325112867 -0.36395357202901446
vn 0.11825568406654849 -0.9238795325112867 -0.36395357202901446
vn 0.3095974002490935 -0.9238795325112867 -0.22493567784086402
vn 0.3826834323650899 -0.9238795325112867 -9.3730408106526e-17
vn 1.2246467991473532e-16 -1 0
vn 9.907600726170916e-17 -1 7.198293278059966e-17
vn 3.7843667304341506e-17 -1 1.1647083184890923e-16
vn -3.7843667304341493e-17 -1 1.1647083184890926e-16
vn -9.907600726170915e-17 -1 7.198293278059968e-17
vn -1.2246467991473532e-16 -1 1.4997597826618576e-32
vn -9.907600726170916e-17 -1 -7.198293278059965e-17
vn -3.784366730434152e-17 -1 -1.1647083184890923e-16
vn 3.7843667304341475e-17 -1 -1.1647083184890926e-16
vn 9.907600726170915e-17 -1 -7.19829327805997e-17
vn 1.2246467991473532e-16 -1 -2.999519565323715e-32
vn 0 -1 0
vn 0 -1 0
vn 0 -1 0
vn 0 -1 0
vn 0 -1 0
vn 0 -1 0
vn 0 -1 0
vn 0 1 0
vn 0 1 0
vn 0 1 0
vn 0 1 0
vn 0 1 0
vn 0 1 0
vn 0 1 0
vn 0 -1 0
vn 0 1 0
vn 0 1 0
vn 0 1 0
vn 0 1 0
vn 0 1 0
vn 0 1 0
vn 0 1 0
vn 0 1 0
vn 0 1 0
vn 0 1 0
vn 0 1 0
vn 0 1 0
vn 0.3826834323650898 0.9238795325112867 0
vn 0.30959740024909344 0.9238795325112867 0.22493567784086388
vn 0.11825568406654853 0.9238795325112867 0.3639535720290143
vn -0.11825568406654849 0.9238795325112867 0.36395357202901435
vn -0.3095974002490934 0.9238795325112867 0.22493567784086388
vn -0.3826834323650898 0.9238795325112867 4.6865204053262986e-17
vn -0.30959740024909344 0.9238795325112867 -0.22493567784086382
vn -0.11825568406654857 0.9238795325112867 -0.3639535720290143
vn 0.11825568406654845 0.9238795325112867 -0.36395357202901435
vn 0.3095974002490934 0.9238795325112867 -0.22493567784086396
vn 0.3826834323650898 0.9238795325112867 -9.373040810652597e-17
vn 0.7071067811865475 0.7071067811865476 0
vn 0.5720614028176843 0.7071067811865476 0.4156269377774534
vn 0.21850801222441055 0.7071067811865476 0.6724985119639573
vn -0.21850801222441046 0.7071067811865476 0.6724985119639573
vn -0.5720614028176841 0.7071067811865476 0.4156269377774535
vn -0.7071067811865475 0.7071067811865476 8.659560562354932e-17
vn -0.5720614028176843 0.7071067811865476 -0.41562693777745324
vn -0.2185080122244106 0.7071067811865476 -0.6724985119639573
vn 0.21850801222441038 0.7071067811865476 -0.6724985119639573
vn 0.5720614028176841 0.7071067811865476 -0.4156269377774536
vn 0.7071067811865475 0.7071067811865476 -1.7319121124709863e-16
vn 0.9238795325112867 0.38268343236508984 0
vn 0.7474342425568128 0.38268343236508984 0.5430427641049989
vn 0.28549447630116936 0.38268343236508984 0.8786616496665794
vn -0.28549447630116925 0.38268343236508984 0.8786616496665796
vn -0.7474342425568127 0.38268343236508984 0.543042764104999
vn -0.9238795325112867 0.38268343236508984 1.1314261122877003e-16
vn -0.7474342425568128 0.38268343236508984 -0.5430427641049987
vn -0.2854944763011695 0.38268343236508984 -0.8786616496665794
vn 0.28549447630116914 0.38268343236508984 -0.8786616496665796
vn 0.7474342425568127 0.38268343236508984 -0.543042764104999
vn 0.9238795325112867 0.38268343236508984 -2.2628522245754005e-16
vn 1 6.123233995736766e-17 0
vn 0.8090169943749475 6.123233995736766e-17 0.5877852522924731
vn 0.30901699437494745 6.123233995736766e-17 0.9510565162951535
vn -0.30901699437494734 6.123233995736766e-17 0.9510565162951538
vn -0.8090169943749473 6.123233995736766e-17 0.5877852522924732
vn -1 6.123233995736766e-17 1.2246467991473532e-16
vn -0.8090169943749475 6.123233995736766e-17 -0.587785252292473
vn -0.30901699437494756 6.123233995736766e-17 -0.9510565162951535
vn 0.30901699437494723 6.123233995736766e-17 -0.9510565162951538
vn 0.8090169943749473 6.123233995736766e-17 -0.5877852522924734
vn 1 6.123233995736766e-17 -2.4492935982947064e-16
vn 0.9238795325112867 -0.3826834323650897 0
vn 0.7474342425568128 -0.3826834323650897 0.5430427641049989
vn 0.28549447630116936 -0.3826834323650897 0.8786616496665794
vn -0.28549447630116925 -0.3826834323650897 0.8786616496665796
vn -0.7474342425568127 -0.3826834323650897 0.543042764104999
vn -0.9238795325112867 -0.3826834323650897 1.1314261122877003e-16
vn -0.7474342425568128 -0.3826834323650897 -0.5430427641049987
vn -0.2854944763011695 -0.3826834323650897 -0.8786616496665794
vn 0.28549447630116914 -0.3826834323650897 -0.8786616496665796
vn 0.7474342425568127 -0.3826834323650897 -0.543042764104999
vn 0.9238795325112867 -0.3826834323650897 -2.2628522245754005e-16
vn 0.7071067811865476 -0.7071067811865475 0
vn 0.5720614028176844 -0.7071067811865475 0.4156269377774535
vn 0.21850801222441057 -0.7071067811865475 0.6724985119639574
vn -0.2185080122244105 -0.7071067811865475 0.6724985119639574
vn -0.5720614028176843 -0.7071067811865475 0.4156269377774535
vn -0.7071067811865476 -0.7071067811865475 8.659560562354935e-17
vn -0.5720614028176844 -0.7071067811865475 -0.4156269377774534
vn -0.21850801222441066 -0.7071067811865475 -0.6724985119639574
vn 0.2185080122244104 -0.7071067811865475 -0.6724985119639574
vn 0.5720614028176843 -0.7071067811865475 -0.4156269377774537
vn 0.7071067811865476 -0.7071067811865475 -1.731912112470987e-16
vn 0.3826834323650899 -0.9238795325112867 0
vn 0.3095974002490935 -0.9238795325112867 0.22493567784086393
vn 0.11825568406654857 -0.9238795325112867 0.36395357202901446
vn -0.11825568406654853 -0.9238795325112867 0.36395357202901446
vn -0.3095974002490935 -0.9238795325112867 0.22493567784086396
vn -0.3826834323650899 -0.9238795325112867 4.6865204053263e-17
vn -0.3095974002490935 -0.9238795325112867 -0.22493567784086388
vn -0.11825568406654861 -0.9238795325112867 -0.36395357202901446
vn 0.11825568406654849 -0.9238795325112867 -0.36395357202901446
vn 0.3095974002490935 -0.9238795325112867 -0.22493567784086402
vn 0.3826834323650899 -0.9238795325112867 -9.3730408106526e-17
vn 1.2246467991473532e-16 -1 0
vn 9.907600726170916e-17 -1 7.198293278059966e-17
vn 3.7843667304341506e-17 -1 1.1647083184890923e-16
vn -3.7843667304341493e-17 -1 1.1647083184890926e-16
vn -9.907600726170915e-17 -1 7.198293278059968e-17
vn -1.2246467991473532e-16 -1 1.4997597826618576e-32
vn -9.907600726170916e-17 -1 -7.198293278059965e-17
vn -3.784366730434152e-17 -1 -1.1647083184890923e-16
vn 3.7843667304341475e-17 -1 -1.1647083184890926e-16
vn 9.907600726170915e-17 -1 -7.19829327805997e-17
vn 1.2246467991473532e-16 -1 -2.999519565323715e-32
vn 0 -1 0
vn 0 -1 0
vn 0 -1 0
vn 0 -1 0
vn 0 -1 0
vn 0 -1 0
vn 0 -1 0
vn 0 1 0
vn 0 1 0
vn 0 1 0
vn 0 1 0
vn 0 1 0
vn 0 1 0
vn 0 1 0
vn 0 -1 0
vn 0 1 0
vn 0 1 0
vn 0 1 0
vn 0 1 0
vn 0 1 0
vn 0 1 0
vn 0 1 0
vn 0 1 0
vn 0 1 0
vn 0 1 0
vn 0 1 0
vn 0 1 0
vn 0.3826834323650898 0.9238795325112867 0
vn 0.30959740024909344 0.9238795325112867 0.22493567784086388
vn 0.11825568406654853 0.9238795325112867 0.3639535720290143
vn -0.11825568406654849 0.9238795325112867 0.36395357202901435
vn -0.3095974002490934 0.9238795325112867 0.22493567784086388
vn -0.3826834323650898 0.9238795325112867 4.6865204053262986e-17
vn -0.30959740024909344 0.9238795325112867 -0.22493567784086382
vn -0.11825568406654857 0.9238795325112867 -0.3639535720290143
vn 0.11825568406654845 0.9238795325112867 -0.36395357202901435
vn 0.3095974002490934 0.9238795325112867 -0.22493567784086396
vn 0.3826834323650898 0.9238795325112867 -9.373040810652597e-17
vn 0.7071067811865475 0.7071067811865475 0
vn 0.5720614028176843 0.7071067811865475 0.4156269377774534
vn 0.21850801222441055 0.7071067811865475 0.6724985119639573
vn -0.21850801222441046 0.7071067811865475 0.6724985119639573
vn -0.5720614028176841 0.7071067811865475 0.4156269377774535
vn -0.7071067811865475 0.7071067811865475 8.659560562354932e-17
vn -0.5720614028176843 0.7071067811865475 -0.41562693777745324
vn -0.2185080122244106 0.7071067811865475 -0.6724985119639573
vn 0.21850801222441038 0.7071067811865475 -0.6724985119639573
vn 0.5720614028176841 0.7071067811865475 -0.4156269377774536
vn 0.7071067811865475 0.7071067811865475 -1.7319121124709863e-16
vn 0.9238795325112867 0.38268343236508984 0
vn 0.7474342425568128 0.38268343236508984 0.5430427641049989
vn 0.28549447630116936 0.38268343236508984 0.8786616496665794
vn -0.28549447630116925 0.38268343236508984 0.8786616496665796
vn -0.7474342425568127 0.38268343236508984 0.543042764104999
vn -0.9238795325112867 0.38268343236508984 1.1314261122877003e-16
vn -0.7474342425568128 0.38268343236508984 -0.5430427641049987
vn -0.2854944763011695 0.38268343236508984 -0.8786616496665794
vn 0.28549447630116914 0.38268343236508984 -0.8786616496665796
vn 0.7474342425568127 0.38268343236508984 -0.543042764104999
vn 0.9238795325112867 0.38268343236508984 -2.2628522245754005e-16
vn 1 6.123233995736766e-17 0
vn 0.8090169943749475 6.123233995736766e-17 0.5877852522924731
vn 0.30901699437494745 6.123233995736766e-17 0.9510565162951535
vn -0.30901699437494734 6.123233995736766e-17 0.9510565162951538
vn -0.8090169943749473 6.123233995736766e-17 0.5877852522924732
vn -1 6.123233995736766e-17 1.2246467991473532e-16
vn -0.8090169943749475 6.123233995736766e-17 -0.587785252292473
vn -0.30901699437494756 6.123233995736766e-17 -0.9510565162951535
vn 0.30901699437494723 6.123233995736766e-17 -0.9510565162951538
vn 0.8090169943749473 6.123233995736766e-17 -0.5877852522924734
vn 1 6.123233995736766e-17 -2.4492935982947064e-16
vn 0.9238795325112867 -0.3826834323650897 0
vn 0.7474342425568128 -0.3826834323650897 0.5430427641049989
vn 0.28549447630116936 -0.3826834323650897 0.8786616496665794
vn -0.28549447630116925 -0.3826834323650897 0.8786616496665796
vn -0.7474342425568127 -0.3826834323650897 0.543042764104999
vn -0.9238795325112867 -0.3826834323650897 1.1314261122877003e-16
vn -0.7474342425568128 -0.3826834323650897 -0.5430427641049987
vn -0.2854944763011695 -0.3826834323650897 -0.8786616496665794
vn 0.28549447630116914 -0.3826834323650897 -0.8786616496665796
vn 0.7474342425568127 -0.3826834323650897 -0.543042764104999
vn 0.9238795325112867 -0.3826834323650897 -2.2628522245754005e-16
vn 0.7071067811865476 -0.7071067811865475 0
vn 0.5720614028176844 -0.7071067811865475 0.4156269377774535
vn 0.21850801222441057 -0.7071067811865475 0.6724985119639574
vn -0.2185080122244105 -0.7071067811865475 0.6724985119639574
vn -0.5720614028176843 -0.7071067811865475 0.4156269377774535
vn -0.7071067811865476 -0.7071067811865475 8.659560562354935e-17
vn -0.5720614028176844 -0.7071067811865475 -0.4156269377774534
vn -0.21850801222441066 -0.7071067811865475 -0.6724985119639574
vn 0.2185080122244104 -0.7071067811865475 -0.6724985119639574
vn 0.5720614028176843 -0.7071067811865475 -0.4156269377774537
vn 0.7071067811865476 -0.7071067811865475 -1.731912112470987e-16
vn 0.3826834323650899 -0.9238795325112867 0
vn 0.3095974002490935 -0.9238795325112867 0.22493567784086393
vn 0.11825568406654857 -0.9238795325112867 0.36395357202901446
vn -0.11825568406654853 -0.9238795325112867 0.36395357202901446
vn -0.3095974002490935 -0.9238795325112867 0.22493567784086396
vn -0.3826834323650899 -0.9238795325112867 4.6865204053263e-17
vn -0.3095974002490935 -0.9238795325112867 -0.22493567784086388
vn -0.11825568406654861 -0.9238795325112867 -0.36395357202901446
vn 0.11825568406654849 -0.9238795325112867 -0.36395357202901446
vn 0.3095974002490935 -0.9238795325112867 -0.22493567784086402
vn 0.3826834323650899 -0.9238795325112867 -9.3730408106526e-17
vn 1.2246467991473532e-16 -1 0
vn 9.907600726170916e-17 -1 7.198293278059966e-17
vn 3.7843667304341506e-17 -1 1.1647083184890923e-16
vn -3.7843667304341493e-17 -1 1.1647083184890926e-16
vn -9.907600726170915e-17 -1 7.198293278059968e-17
vn -1.2246467991473532e-16 -1 1.4997597826618576e-32
vn -9.907600726170916e-17 -1 -7.198293278059965e-17
vn -3.784366730434152e-17 -1 -1.1647083184890923e-16
vn 3.7843667304341475e-17 -1 -1.1647083184890926e-16
vn 9.907600726170915e-17 -1 -7.19829327805997e-17
vn 1.2246467991473532e-16 -1 -2.999519565323715e-32
vn 0 -1 0
vn 0 -1 0
vn 0 -1 0
vn 0 -1 0
vn 0 -1 0
vn 0 -1 0
vn 0 -1 0
vn 0 1 0
vn 0 1 0
vn 0 1 0
vn 0 1 0
vn 0 1 0
vn 0 1 0
vn 0 1 0
vn 0 -1 0
vn 0 1 0
vn 0 1 0
vn 0 1 0
vn 0 1 0
vn 0 1 0
vn 0 1 0
vn 0 1 0
vn 0 1 0
vn 0 1 0
vn 0 1 0
vn 0 1 0
vn 0 1 0
vn 0.3826834323650898 0.9238795325112867 0
vn 0.30959740024909344 0.9238795325112867 0.22493567784086388
vn 0.11825568406654853 0.9238795325112867 0.3639535720290143
vn -0.11825568406654849 0.9238795325112867 0.36395357202901435
vn -0.3095974002490934 0.9238795325112867 0.22493567784086388
vn -0.3826834323650898 0.9238795325112867 4.6865204053262986e-17
vn -0.30959740024909344 0.9238795325112867 -0.22493567784086382
vn -0.11825568406654857 0.9238795325112867 -0.3639535720290143
vn 0.11825568406654845 0.9238795325112867 -0.36395357202901435
vn 0.3095974002490934 0.9238795325112867 -0.22493567784086396
vn 0.3826834323650898 0.9238795325112867 -9.373040810652597e-17
vn 0.7071067811865475 0.7071067811865476 0
vn 0.5720614028176843 0.7071067811865476 0.4156269377774534
vn 0.21850801222441055 0.7071067811865476 0.6724985119639573
vn -0.21850801222441046 0.7071067811865476 0.6724985119639573
vn -0.5720614028176841 0.7071067811865476 0.4156269377774535
vn -0.7071067811865475 0.7071067811865476 8.659560562354932e-17
vn -0.5720614028176843 0.7071067811865476 -0.41562693777745324
vn -0.2185080122244106 0.7071067811865476 -0.6724985119639573
vn 0.21850801222441038 0.7071067811865476 -0.6724985119639573
vn 0.5720614028176841 0.7071067811865476 -0.4156269377774536
vn 0.7071067811865475 0.7071067811865476 -1.7319121124709863e-16
vn 0.9238795325112867 0.38268343236508984 0
vn 0.7474342425568128 0.38268343236508984 0.5430427641049989
vn 0.28549447630116936 0.38268343236508984 0.8786616496665794
vn -0.28549447630116925 0.38268343236508984 0.8786616496665796
vn -0.7474342425568127 0.38268343236508984 0.543042764104999
vn -0.9238795325112867 0.38268343236508984 1.1314261122877003e-16
vn -0.7474342425568128 0.38268343236508984 -0.5430427641049987
vn -0.2854944763011695 0.38268343236508984 -0.8786616496665794
vn 0.28549447630116914 0.38268343236508984 -0.8786616496665796
vn 0.7474342425568127 0.38268343236508984 -0.543042764104999
vn 0.9238795325112867 0.38268343236508984 -2.2628522245754005e-16
vn 1 6.123233995736766e-17 0
vn 0.8090169943749475 6.123233995736766e-17 0.5877852522924731
vn 0.30901699437494745 6.123233995736766e-17 0.9510565162951535
vn -0.30901699437494734 6.123233995736766e-17 0.9510565162951538
vn -0.8090169943749473 6.123233995736766e-17 0.5877852522924732
vn -1 6.123233995736766e-17 1.2246467991473532e-16
vn -0.8090169943749475 6.123233995736766e-17 -0.587785252292473
vn -0.30901699437494756 6.123233995736766e-17 -0.9510565162951535
vn 0.30901699437494723 6.123233995736766e-17 -0.9510565162951538
vn 0.8090169943749473 6.123233995736766e-17 -0.5877852522924734
vn 1 6.123233995736766e-17 -2.4492935982947064e-16
vn 0.9238795325112867 -0.3826834323650897 0
vn 0.7474342425568128 -0.3826834323650897 0.5430427641049989
vn 0.28549447630116936 -0.3826834323650897 0.8786616496665794
vn -0.28549447630116925 -0.3826834323650897 0.8786616496665796
vn -0.7474342425568127 -0.3826834323650897 0.543042764104999
vn -0.9238795325112867 -0.3826834323650897 1.1314261122877003e-16
vn -0.7474342425568128 -0.3826834323650897 -0.5430427641049987
vn -0.2854944763011695 -0.3826834323650897 -0.8786616496665794
vn 0.28549447630116914 -0.3826834323650897 -0.8786616496665796
vn 0.7474342425568127 -0.3826834323650897 -0.543042764104999
vn 0.9238795325112867 -0.3826834323650897 -2.2628522245754005e-16
vn 0.7071067811865476 -0.7071067811865476 0
vn 0.5720614028176844 -0.7071067811865476 0.4156269377774535
vn 0.21850801222441057 -0.7071067811865476 0.6724985119639574
vn -0.2185080122244105 -0.7071067811865476 0.6724985119639574
vn -0.5720614028176843 -0.7071067811865476 0.4156269377774535
vn -0.7071067811865476 -0.7071067811865476 8.659560562354935e-17
vn -0.5720614028176844 -0.7071067811865476 -0.4156269377774534
vn -0.21850801222441066 -0.7071067811865476 -0.6724985119639574
vn 0.2185080122244104 -0.7071067811865476 -0.6724985119639574
vn 0.5720614028176843 -0.7071067811865476 -0.4156269377774537
vn 0.7071067811865476 -0.7071067811865476 -1.731912112470987e-16
vn 0.3826834323650899 -0.9238795325112867 0
vn 0.3095974002490935 -0.9238795325112867 0.22493567784086393
vn 0.11825568406654857 -0.9238795325112867 0.36395357202901446
vn -0.11825568406654853 -0.9238795325112867 0.36395357202901446
vn -0.3095974002490935 -0.9238795325112867 0.22493567784086396
vn -0.3826834323650899 -0.9238795325112867 4.6865204053263e-17
vn -0.3095974002490935 -0.9238795325112867 -0.22493567784086388
vn -0.11825568406654861 -0.9238795325112867 -0.36395357202901446
vn 0.11825568406654849 -0.9238795325112867 -0.36395357202901446
vn 0.3095974002490935 -0.9238795325112867 -0.22493567784086402
vn 0.3826834323650899 -0.9238795325112867 -9.3730408106526e-17
vn 1.2246467991473532e-16 -1 0
vn 9.907600726170916e-17 -1 7.198293278059966e-17
vn 3.7843667304341506e-17 -1 1.1647083184890923e-16
vn -3.7843667304341493e-17 -1 1.1647083184890926e-16
vn -9.907600726170915e-17 -1 7.198293278059968e-17
vn -1.2246467991473532e-16 -1 1.4997597826618576e-32
vn -9.907600726170916e-17 -1 -7.198293278059965e-17
vn -3.784366730434152e-17 -1 -1.1647083184890923e-16
vn 3.7843667304341475e-17 -1 -1.1647083184890926e-16
vn 9.907600726170915e-17 -1 -7.19829327805997e-17
vn 1.2246467991473532e-16 -1 -2.999519565323715e-32
vn 0 -1 0
vn 0 -1 0
vn 0 -1 0
vn 0 -1 0
vn 0 -1 0
vn 0 -1 0
vn 0 -1 0
vn 0 1 0
vn 0 1 0
vn 0 1 0
vn 0 1 0
vn 0 1 0
vn 0 1 0
vn 0 1 0
vn 0 -1 0
vn 0 1 0
vn 0 1 0
vn 0 1 0
vn 0 1 0
vn 0 1 0
vn 0 1 0
vn 0 1 0
vn 0 1 0
vn 0 1 0
vn 0 1 0
vn 0 1 0
vn 0 1 0
vn 0.3826834323650898 0.9238795325112867 0
vn 0.30959740024909344 0.9238795325112867 0.22493567784086388
vn 0.11825568406654853 0.9238795325112867 0.3639535720290143
vn -0.11825568406654849 0.9238795325112867 0.36395357202901435
vn -0.3095974002490934 0.9238795325112867 0.22493567784086388
vn -0.3826834323650898 0.9238795325112867 4.6865204053262986e-17
vn -0.30959740024909344 0.9238795325112867 -0.22493567784086382
vn -0.11825568406654857 0.9238795325112867 -0.3639535720290143
vn 0.11825568406654845 0.9238795325112867 -0.36395357202901435
vn 0.3095974002490934 0.9238795325112867 -0.22493567784086396
vn 0.3826834323650898 0.9238795325112867 -9.373040810652597e-17
vn 0.7071067811865475 0.7071067811865476 0
vn 0.5720614028176843 0.7071067811865476 0.4156269377774534
vn 0.21850801222441055 0.7071067811865476 0.6724985119639573
vn -0.21850801222441046 0.7071067811865476 0.6724985119639573
vn -0.5720614028176841 0.7071067811865476 0.4156269377774535
vn -0.7071067811865475 0.7071067811865476 8.659560562354932e-17
vn -0.5720614028176843 0.7071067811865476 -0.41562693777745324
vn -0.2185080122244106 0.7071067811865476 -0.6724985119639573
vn 0.21850801222441038 0.7071067811865476 -0.6724985119639573
vn 0.5720614028176841 0.7071067811865476 -0.4156269377774536
vn 0.7071067811865475 0.7071067811865476 -1.7319121124709863e-16
vn 0.9238795325112867 0.3826834323650898 0
vn 0.7474342425568128 0.3826834323650898 0.5430427641049989
vn 0.28549447630116936 0.3826834323650898 0.8786616496665794
vn -0.28549447630116925 0.3826834323650898 0.8786616496665796
vn -0.7474342425568127 0.3826834323650898 0.543042764104999
vn -0.9238795325112867 0.3826834323650898 1.1314261122877003e-16
vn -0.7474342425568128 0.3826834323650898 -0.5430427641049987
vn -0.2854944763011695 0.3826834323650898 -0.8786616496665794
vn 0.28549447630116914 0.3826834323650898 -0.8786616496665796
vn 0.7474342425568127 0.3826834323650898 -0.543042764104999
vn 0.9238795325112867 0.3826834323650898 -2.2628522245754005e-16
vn 1 6.123233995736766e-17 0
vn 0.8090169943749475 6.123233995736766e-17 0.5877852522924731
vn 0.30901699437494745 6.123233995736766e-17 0.9510565162951535
vn -0.30901699437494734 6.123233995736766e-17 0.9510565162951538
vn -0.8090169943749473 6.123233995736766e-17 0.5877852522924732
vn -1 6.123233995736766e-17 1.2246467991473532e-16
vn -0.8090169943749475 6.123233995736766e-17 -0.587785252292473
vn -0.30901699437494756 6.123233995736766e-17 -0.9510565162951535
vn 0.30901699437494723 6.123233995736766e-17 -0.9510565162951538
vn 0.8090169943749473 6.123233995736766e-17 -0.5877852522924734
vn 1 6.123233995736766e-17 -2.4492935982947064e-16
vn 0.9238795325112867 -0.3826834323650897 0
vn 0.7474342425568128 -0.3826834323650897 0.5430427641049989
vn 0.28549447630116936 -0.3826834323650897 0.8786616496665794
vn -0.28549447630116925 -0.3826834323650897 0.8786616496665796
vn -0.7474342425568127 -0.3826834323650897 0.543042764104999
vn -0.9238795325112867 -0.3826834323650897 1.1314261122877003e-16
vn -0.7474342425568128 -0.3826834323650897 -0.5430427641049987
vn -0.2854944763011695 -0.3826834323650897 -0.8786616496665794
vn 0.28549447630116914 -0.3826834323650897 -0.8786616496665796
vn 0.7474342425568127 -0.3826834323650897 -0.543042764104999
vn 0.9238795325112867 -0.3826834323650897 -2.2628522245754005e-16
vn 0.7071067811865476 -0.7071067811865476 0
vn 0.5720614028176844 -0.7071067811865476 0.4156269377774535
vn 0.21850801222441057 -0.7071067811865476 0.6724985119639574
vn -0.2185080122244105 -0.7071067811865476 0.6724985119639574
vn -0.5720614028176843 -0.7071067811865476 0.4156269377774535
vn -0.7071067811865476 -0.7071067811865476 8.659560562354935e-17
vn -0.5720614028176844 -0.7071067811865476 -0.4156269377774534
vn -0.21850801222441066 -0.7071067811865476 -0.6724985119639574
vn 0.2185080122244104 -0.7071067811865476 -0.6724985119639574
vn 0.5720614028176843 -0.7071067811865476 -0.4156269377774537
vn 0.7071067811865476 -0.7071067811865476 -1.731912112470987e-16
vn 0.3826834323650899 -0.9238795325112867 0
vn 0.3095974002490935 -0.9238795325112867 0.22493567784086393
vn 0.11825568406654857 -0.9238795325112867 0.36395357202901446
vn -0.11825568406654853 -0.9238795325112867 0.36395357202901446
vn -0.3095974002490935 -0.9238795325112867 0.22493567784086396
vn -0.3826834323650899 -0.9238795325112867 4.6865204053263e-17
vn -0.3095974002490935 -0.9238795325112867 -0.22493567784086388
vn -0.11825568406654861 -0.9238795325112867 -0.36395357202901446
vn 0.11825568406654849 -0.9238795325112867 -0.36395357202901446
vn 0.3095974002490935 -0.9238795325112867 -0.22493567784086402
vn 0.3826834323650899 -0.9238795325112867 -9.3730408106526e-17
vn 1.2246467991473532e-16 -1 0
vn 9.907600726170916e-17 -1 7.198293278059966e-17
vn 3.7843667304341506e-17 -1 1.1647083184890923e-16
vn -3.7843667304341493e-17 -1 1.1647083184890926e-16
vn -9.907600726170915e-17 -1 7.198293278059968e-17
vn -1.2246467991473532e-16 -1 1.4997597826618576e-32
vn -9.907600726170916e-17 -1 -7.198293278059965e-17
vn -3.784366730434152e-17 -1 -1.1647083184890923e-16
vn 3.7843667304341475e-17 -1 -1.1647083184890926e-16
vn 9.907600726170915e-17 -1 -7.19829327805997e-17
vn 1.2246467991473532e-16 -1 -2.999519565323715e-32
vn 0 1 0
vn 0 1 0
vn 0 1 0
vn 0 1 0
vn 0 1 0
vn 0 1 0
vn 0 1 0
vn 0 1 0
vn 0 1 0
vn 0 1 0
vn 0 1 0
vn 0.3826834323650897 0.9238795325112867 0
vn 0.30959740024909344 0.9238795325112867 0.22493567784086388
vn 0.11825568406654853 0.9238795325112867 0.3639535720290143
vn -0.11825568406654849 0.9238795325112867 0.36395357202901435
vn -0.3095974002490934 0.9238795325112867 0.22493567784086393
vn -0.3826834323650897 0.9238795325112867 4.686520405326299e-17
vn -0.30959740024909344 0.9238795325112867 -0.22493567784086385
vn -0.11825568406654857 0.9238795325112867 -0.3639535720290143
vn 0.11825568406654845 0.9238795325112867 -0.36395357202901435
vn 0.3095974002490934 0.9238795325112867 -0.22493567784086396
vn 0.3826834323650897 0.9238795325112867 -9.373040810652598e-17
vn 0.7071067811865475 0.7071067811865476 0
vn 0.5720614028176843 0.7071067811865476 0.41562693777745346
vn 0.21850801222441055 0.7071067811865476 0.6724985119639573
vn -0.21850801222441046 0.7071067811865476 0.6724985119639573
vn -0.5720614028176841 0.7071067811865476 0.41562693777745346
vn -0.7071067811865475 0.7071067811865476 8.659560562354932e-17
vn -0.5720614028176843 0.7071067811865476 -0.41562693777745324
vn -0.21850801222441057 0.7071067811865476 -0.6724985119639573
vn 0.21850801222441038 0.7071067811865476 -0.6724985119639573
vn 0.5720614028176841 0.7071067811865476 -0.41562693777745363
vn 0.7071067811865475 0.7071067811865476 -1.7319121124709863e-16
vn 0.9238795325112867 0.3826834323650899 0
vn 0.7474342425568128 0.3826834323650899 0.5430427641049989
vn 0.28549447630116936 0.3826834323650899 0.8786616496665794
vn -0.28549447630116925 0.3826834323650899 0.8786616496665796
vn -0.7474342425568127 0.3826834323650899 0.543042764104999
vn -0.9238795325112867 0.3826834323650899 1.1314261122877003e-16
vn -0.7474342425568128 0.3826834323650899 -0.5430427641049987
vn -0.2854944763011695 0.3826834323650899 -0.8786616496665794
vn 0.28549447630116914 0.3826834323650899 -0.8786616496665796
vn 0.7474342425568127 0.3826834323650899 -0.543042764104999
vn 0.9238795325112867 0.3826834323650899 -2.2628522245754005e-16
vn 1 6.123233995736766e-17 0
vn 0.8090169943749475 6.123233995736766e-17 0.5877852522924731
vn 0.30901699437494745 6.123233995736766e-17 0.9510565162951536
vn -0.30901699437494734 6.123233995736766e-17 0.9510565162951536
vn -0.8090169943749472 6.123233995736766e-17 0.5877852522924732
vn -1 6.123233995736766e-17 1.2246467991473532e-16
vn -0.8090169943749475 6.123233995736766e-17 -0.587785252292473
vn -0.30901699437494756 6.123233995736766e-17 -0.9510565162951536
vn 0.30901699437494723 6.123233995736766e-17 -0.9510565162951536
vn 0.8090169943749472 6.123233995736766e-17 -0.5877852522924734
vn 1 6.123233995736766e-17 -2.4492935982947064e-16
vn 0.9238795325112867 -0.3826834323650897 0
vn 0.7474342425568128 -0.3826834323650897 0.5430427641049989
vn 0.28549447630116936 -0.3826834323650897 0.8786616496665794
vn -0.28549447630116925 -0.3826834323650897 0.8786616496665796
vn -0.7474342425568127 -0.3826834323650897 0.543042764104999
vn -0.9238795325112867 -0.3826834323650897 1.1314261122877003e-16
vn -0.7474342425568128 -0.3826834323650897 -0.5430427641049987
vn -0.2854944763011695 -0.3826834323650897 -0.8786616496665794
vn 0.28549447630116914 -0.3826834323650897 -0.8786616496665796
vn 0.7474342425568127 -0.3826834323650897 -0.543042764104999
vn 0.9238795325112867 -0.3826834323650897 -2.2628522245754005e-16
vn 0.7071067811865475 -0.7071067811865475 0
vn 0.5720614028176844 -0.7071067811865475 0.41562693777745346
vn 0.21850801222441057 -0.7071067811865475 0.6724985119639574
vn -0.21850801222441052 -0.7071067811865475 0.6724985119639574
vn -0.5720614028176843 -0.7071067811865475 0.4156269377774535
vn -0.7071067811865475 -0.7071067811865475 8.659560562354934e-17
vn -0.5720614028176844 -0.7071067811865475 -0.41562693777745346
vn -0.21850801222441066 -0.7071067811865475 -0.6724985119639574
vn 0.21850801222441038 -0.7071067811865475 -0.6724985119639574
vn 0.5720614028176843 -0.7071067811865475 -0.41562693777745363
vn 0.7071067811865475 -0.7071067811865475 -1.7319121124709868e-16
vn 0.3826834323650899 -0.9238795325112867 0
vn 0.3095974002490935 -0.9238795325112867 0.22493567784086393
vn 0.11825568406654857 -0.9238795325112867 0.3639535720290144
vn -0.11825568406654853 -0.9238795325112867 0.36395357202901446
vn -0.3095974002490935 -0.9238795325112867 0.22493567784086402
vn -0.3826834323650899 -0.9238795325112867 4.6865204053263e-17
vn -0.3095974002490935 -0.9238795325112867 -0.22493567784086393
vn -0.11825568406654861 -0.9238795325112867 -0.3639535720290144
vn 0.11825568406654849 -0.9238795325112867 -0.36395357202901446
vn 0.3095974002490935 -0.9238795325112867 -0.22493567784086402
vn 0.3826834323650899 -0.9238795325112867 -9.3730408106526e-17
vn 1.2246467991473532e-16 -1 0
vn 9.907600726170916e-17 -1 7.198293278059966e-17
vn 3.7843667304341506e-17 -1 1.1647083184890923e-16
vn -3.7843667304341493e-17 -1 1.1647083184890926e-16
vn -9.907600726170915e-17 -1 7.198293278059968e-17
vn -1.2246467991473532e-16 -1 1.4997597826618576e-32
vn -9.907600726170916e-17 -1 -7.198293278059965e-17
vn -3.784366730434152e-17 -1 -1.1647083184890923e-16
vn 3.7843667304341475e-17 -1 -1.1647083184890926e-16
vn 9.907600726170915e-17 -1 -7.19829327805997e-17
vn 1.2246467991473532e-16 -1 -2.999519565323715e-32
f 1/1/1 12/12/12 2/2/2
f 1/1/1 11/11/11 12/12/12
f 21/21/21 1/1/1 2/2/2
f 22/22/22 12/12/12 11/11/11
f 2/2/2 13/13/13 3/3/3
f 2/2/2 12/12/12 13/13/13
f 21/21/21 2/2/2 3/3/3
f 22/22/22 13/13/13 12/12/12
f 3/3/3 14/14/14 4/4/4
f 3/3/3 13/13/13 14/14/14
f 21/21/21 3/3/3 4/4/4
f 22/22/22 14/14/14 13/13/13
f 4/4/4 15/15/15 5/5/5
f 4/4/4 14/14/14 15/15/15
f 21/21/21 4/4/4 5/5/5
f 22/22/22 15/15/15 14/14/14
f 5/5/5 16/16/16 6/6/6
f 5/5/5 15/15/15 16/16/16
f 21/21/21 5/5/5 6/6/6
f 22/22/22 16/16/16 15/15/15
f 6/6/6 17/17/17 7/7/7
f 6/6/6 16/16/16 17/17/17
f 21/21/21 6/6/6 7/7/7
f 22/22/22 17/17/17 16/16/16
f 7/7/7 18/18/18 8/8/8
f 7/7/7 17/17/17 18/18/18
f 21/21/21 7/7/7 8/8/8
f 22/22/22 18/18/18 17/17/17
f 8/8/8 19/19/19 9/9/9
f 8/8/8 18/18/18 19/19/19
f 21/21/21 8/8/8 9/9/9
f 22/22/22 19/19/19 18/18/18
f 9/9/9 20/20/20 10/10/10
f 9/9/9 19/19/19 20/20/20
f 21/21/21 9/9/9 10/10/10
f 22/22/22 20/20/20 19/19/19
f 10/10/10 11/11/11 1/1/1
f 10/10/10 20/20/20 11/11/11
f 21/21/21 10/10/10 1/1/1
f 22/22/22 11/11/11 20/20/20
f 23/23/23 32/32/32 24/24/24
f 23/23/23 31/31/31 32/32/32
f 39/39/39 23/23/23 24/24/24
f 40/40/40 32/32/32 31/31/31
f 24/24/24 33/33/33 25/25/25
f 24/24/24 32/32/32 33/33/33
f 39/39/39 24/24/24 25/25/25
f 40/40/40 33/33/33 32/32/32
f 25/25/25 34/34/34 26/26/26
f 25/25/25 33/33/33 34/34/34
f 39/39/39 25/25/25 26/26/26
f 40/40/40 34/34/34 33/33/33
f 26/26/26 35/35/35 27/27/27
f 26/26/26 34/34/34 35/35/35
f 39/39/39 26/26/26 27/27/27
f 40/40/40 35/35/35 34/34/34
f 27/27/27 36/36/36 28/28/28
f 27/27/27 35/35/35 36/36/36
f 39/39/39 27/27/27 28/28/28
f 40/40/40 36/36/36 35/35/35
f 28/28/28 37/37/37 29/29/29
f 28/28/28 36/36/36 37/37/37
f 39/39/39 28/28/28 29/29/29
f 40/40/40 37/37/37 36/36/36
f 29/29/29 38/38/38 30/30/30
f 29/29/29 37/37/37 38/38/38
f 39/39/39 29/29/29 30/30/30
f 40/40/40 38/38/38 37/37/37
f 30/30/30 31/31/31 23/23/23
f 30/30/30 38/38/38 31/31/31
f 39/39/39 30/30/30 23/23/23
f 40/40/40 31/31/31 38/38/38
f 41/41/41 52/52/52 42/42/42
f 41/41/41 51/51/51 52/52/52
f 61/61/61 41/41/41 42/42/42
f 62/62/62 52/52/52 51/51/51
f 42/42/42 53/53/53 43/43/43
f 42/42/42 52/52/52 53/53/53
f 61/61/61 42/42/42 43/43/43
f 62/62/62 53/53/53 52/52/52
f 43/43/43 54/54/54 44/44/44
f 43/43/43 53/53/53 54/54/54
f 61/61/61 43/43/43 44/44/44
f 62/62/62 54/54/54 53/53/53
f 44/44/44 55/55/55 45/45/45
f 44/44/44 54/54/54 55/55/55
f 61/61/61 44/44/44 45/45/45
f 62/62/62 55/55/55 54/54/54
f 45/45/45 56/56/56 46/46/46
f 45/45/45 55/55/55 56/56/56
f 61/61/61 45/45/45 46/46/46
f 62/62/62 56/56/56 55/55/55
f 46/46/46 57/57/57 47/47/47
f 46/46/46 56/56/56 57/57/57
f 61/61/61 46/46/46 47/47/47
f 62/62/62 57/57/57 56/56/56
f 47/47/47 58/58/58 48/48/48
f 47/47/47 57/57/57 58/58/58
f 61/61/61 47/47/47 48/48/48
f 62/62/62 58/58/58 57/57/57
f 48/48/48 59/59/59 49/49/49
f 48/48/48 58/58/58 59/59/59
f 61/61/61 48/48/48 49/49/49
f 62/62/62 59/59/59 58/58/58
f 49/49/49 60/60/60 50/50/50
f 49/49/49 59/59/59 60/60/60
f 61/61/61 49/49/49 50/50/50
f 62/62/62 60/60/60 59/59/59
f 50/50/50 51/51/51 41/41/41
f 50/50/50 60/60/60 51/51/51
f 61/61/61 50/50/50 41/41/41
f 62/62/62 51/51/51 60/60/60
f 63/63/63 71/71/71 64/64/64
f 63/63/63 70/70/70 71/71/71
f 77/77/77 63/63/63 64/64/64
f 78/78/78 71/71/71 70/70/70
f 64/64/64 72/72/72 65/65/65
f 64/64/64 71/71/71 72/72/72
f 77/77/77 64/64/64 65/65/65
f 78/78/78 72/72/72 71/71/71
f 65/65/65 73/73/73 66/66/66
f 65/65/65 72/72/72 73/73/73
f 77/77/77 65/65/65 66/66/66
f 78/78/78 73/73/73 72/72/72
f 66/66/66 74/74/74 67/67/67
f 66/66/66 73/73/73 74/74/74
f 77/77/77 66/66/66 67/67/67
f 78/78/78 74/74/74 73/73/73
f 67/67/67 75/75/75 68/68/68
f 67/67/67 74/74/74 75/75/75
f 77/77/77 67/67/67 68/68/68
f 78/78/78 75/75/75 74/74/74
f 68/68/68 76/76/76 69/69/69
f 68/68/68 75/75/75 76/76/76
f 77/77/77 68/68/68 69/69/69
f 78/78/78 76/76/76 75/75/75
f 69/69/69 70/70/70 63/63/63
f 69/69/69 76/76/76 70/70/70
f 77/77/77 69/69/69 63/63/63
f 78/78/78 70/70/70 76/76/76
f 79/79/79 91/91/91 90/90/90
f 79/79/79 80/80/80 91/91/91
f 80/80/80 92/92/92 91/91/91
f 80/80/80 81/81/81 92/92/92
f 81/81/81 93/93/93 92/92/92
f 81/81/81 82/82/82 93/93/93
f 82/82/82 94/94/94 93/93/93
f 82/82/82 83/83/83 94/94/94
f 83/83/83 95/95/95 94/94/94
f 83/83/83 84/84/84 95/95/95
f 84/84/84 96/96/96 95/95/95
f 84/84/84 85/85/85 96/96/96
f 85/85/85 97/97/97 96/96/96
f 85/85/85 86/86/86 97/97/97
f 86/86/86 98/98/98 97/97/97
f 86/86/86 87/87/87 98/98/98
f 87/87/87 99/99/99 98/98/98
f 87/87/87 88/88/88 99/99/99
f 88/88/88 100/100/100 99/99/99
f 88/88/88 89/89/89 100/100/100
f 90/90/90 102/102/102 101/101/101
f 90/90/90 91/91/91 102/102/102
f 91/91/91 103/103/103 102/102/102
f 91/91/91 92/92/92 103/103/103
f 92/92/92 104/104/104 103/103/103
f 92/92/92 93/93/93 104/104/104
f 93/93/93 105/105/105 104/104/104
f 93/93/93 94/94/94 105/105/105
f 94/94/94 106/106/106 105/105/105
f 94/94/94 95/95/95 106/106/106
f 95/95/95 107/107/107 106/106/106
f 95/95/95 96/96/96 107/107/107
f 96/96/96 108/108/108 107/107/107
f 96/96/96 97/97/97 108/108/108
f 97/97/97 109/109/109 108/108/108
f 97/97/97 98/98/98 109/109/109
f 98/98/98 110/110/110 109/109/109
f 98/98/98 99/99/99 110/110/110
f 99/99/99 111/111/111 110/110/110
f 99/99/99 100/100/100 111/111/111
f 101/101/101 113/113/113 112/112/112
f 101/101/101 102/102/102 113/113/113
f 102/102/102 114/114/114 113/113/113
f 102/102/102 103/103/103 114/114/114
f 103/103/103 115/115/115 114/114/114
f 103/103/103 104/104/104 115/115/115
f 104/104/104 116/116/116 115/115/115
f 104/104/104 105/105/105 116/116/116
f 105/105/105 117/117/117 116/116/116
f 105/105/105 106/106/106 117/117/117
f 106/106/106 118/118/118 117/117/117
f 106/106/106 107/107/107 118/118/118
f 107/107/107 119/119/119 118/118/118
f 107/107/107 108/108/108 119/119/119
f 108/108/108 120/120/120 119/119/119
f 108/108/108 109/109/109 120/120/120
f 109/109/109 121/121/121 120/120/120
f 109/109/109 110/110/110 121/121/121
f 110/110/110 122/122/122 121/121/121
f 110/110/110 111/111/111 122/122/122
f 112/112/112 124/124/124 123/123/123
f 112/112/112 113/113/113 124/124/124
f 113/113/113 125/125/125 124/124/124
f 113/113/113 114/114/114 125/125/125
f 114/114/114 126/126/126 125/125/125
f 114/114/114 115/115/115 126/126/126
f 115/115/115 127/127/127 126/126/126
f 115/115/115 116/116/116 127/127/127
f 116/116/116 128/128/128 127/127/127
f 116/116/116 117/117/117 128/128/128
f 117/117/117 129/129/129 128/128/128
f 117/117/117 118/118/118 129/129/129
f 118/118/118 130/130/130 129/129/129
f 118/118/118 119/119/119 130/130/130
f 119/119/119 131/131/131 130/130/130
f 119/119/119 120/120/120 131/131/131
f 120/120/120 132/132/132 131/131/131
f 120/120/120 121/121/121 132/132/132
f 121/121/121 133/133/133 132/132/132
f 121/121/121 122/122/122 133/133/133
f 123/123/123 135/135/135 134/134/134
f 123/123/123 124/124/124 135/135/135
f 124/124/124 136/136/136 135/135/135
f 124/124/124 125/125/125 136/136/136
f 125/125/125 137/137/137 136/136/136
f 125/125/125 126/126/126 137/137/137
f 126/126/126 138/138/138 137/137/137
f 126/126/126 127/127/127 138/138/138
f 127/127/127 139/139/139 138/138/138
f 127/127/127 128/128/128 139/139/139
f 128/128/128 140/140/140 139/139/139
f 128/128/128 129/129/129 140/140/140
f 129/129/129 141/141/141 140/140/140
f 129/129/129 130/130/130 141/141/141
f 130/130/130 142/142/142 141/141/141
f 130/130/130 131/131/131 142/142/142
f 131/131/131 143/143/143 142/142/142
f 131/131/131 132/132/132 143/143/143
f 132/132/132 144/144/144 143/143/143
f 132/132/132 133/133/133 144/144/144
f 134/134/134 146/146/146 145/145/145
f 134/134/134 135/135/135 146/146/146
f 135/135/135 147/147/147 146/146/146
f 135/135/135 136/136/136 147/147/147
f 136/136/136 148/148/148 147/147/147
f 136/136/136 137/137/137 148/148/148
f 137/137/137 149/149/149 148/148/148
f 137/137/137 138/138/138 149/149/149
f 138/138/138 150/150/150 149/149/149
f 138/138/138 139/139/139 150/150/150
f 139/139/139 151/151/151 150/150/150
f 139/139/139 140/140/140 151/151/151
f 140/140/140 152/152/152 151/151/151
f 140/140/140 141/141/141 152/152/152
f 141/141/141 153/153/153 152/152/152
f 141/141/141 142/142/142 153/153/153
f 142/142/142 154/154/154 153/153/153
f 142/142/142 143/143/143 154/154/154
f 143/143/143 155/155/155 154/154/154
f 143/143/143 144/144/144 155/155/155
f 145/145/145 157/157/157 156/156/156
f 145/145/145 146/146/146 157/157/157
f 146/146/146 158/158/158 157/157/157
f 146/146/146 147/147/147 158/158/158
f 147/147/147 159/159/159 158/158/158
f 147/147/147 148/148/148 159/159/159
f 148/148/148 160/160/160 159/159/159
f 148/148/148 149/149/149 160/160/160
f 149/149/149 161/161/161 160/160/160
f 149/149/149 150/150/150 161/161/161
f 150/150/150 162/162/162 161/161/161
f 150/150/150 151/151/151 162/162/162
f 151/151/151 163/163/163 162/162/162
f 151/151/151 152/152/152 163/163/163
f 152/152/152 164/164/164 163/163/163
f 152/152/152 153/153/153 164/164/164
f 153/153/153 165/165/165 164/164/164
f 153/153/153 154/154/154 165/165/165
f 154/154/154 166/166/166 165/165/165
f 154/154/154 155/155/155 166/166/166
f 156/156/156 168/168/168 167/167/167
f 156/156/156 157/157/157 168/168/168
f 157/157/157 169/169/169 168/168/168
f 157/157/157 158/158/158 169/169/169
f 158/158/158 170/170/170 169/169/169
f 158/158/158 159/159/159 170/170/170
f 159/159/159 171/171/171 170/170/170
f 159/159/159 160/160/160 171/171/171
f 160/160/160 172/172/172 171/171/171
f 160/160/160 161/161/161 172/172/172
f 161/161/161 173/173/173 172/172/172
f 161/161/161 162/162/162 173/173/173
f 162/162/162 174/174/174 173/173/173
f 162/162/162 163/163/163 174/174/174
f 163/163/163 175/175/175 174/174/174
f 163/163/163 164/164/164 175/175/175
f 164/164/164 176/176/176 175/175/175
f 164/164/164 165/165/165 176/176/176
f 165/165/165 177/177/177 176/176/176
f 165/165/165 166/166/166 177/177/177
f 178/178/178 186/186/186 179/179/179
f 178/178/178 185/185/185 186/186/186
f 192/192/192 178/178/178 179/179/179
f 193/193/193 186/186/186 185/185/185
f 179/179/179 187/187/187 180/180/180
f 179/179/179 186/186/186 187/187/187
f 192/192/192 179/179/179 180/180/180
f 193/193/193 187/187/187 186/186/186
f 180/180/180 188/188/188 181/181/181
f 180/180/180 187/187/187 188/188/188
f 192/192/192 180/180/180 181/181/181
f 193/193/193 188/188/188 187/187/187
f 181/181/181 189/189/189 182/182/182
f 181/181/181 188/188/188 189/189/189
f 192/192/192 181/181/181 182/182/182
f 193/193/193 189/189/189 188/188/188
f 182/182/182 190/190/190 183/183/183
f 182/182/182 189/189/189 190/190/190
f 192/192/192 182/182/182 183/183/183
f 193/193/193 190/190/190 189/189/189
f 183/183/183 191/191/191 184/184/184
f 183/183/183 190/190/190 191/191/191
f 192/192/192 183/183/183 184/184/184
f 193/193/193 191/191/191 190/190/190
f 184/184/184 185/185/185 178/178/178
f 184/184/184 191/191/191 185/185/185
f 192/192/192 184/184/184 178/178/178
f 193/193/193 185/185/185 191/191/191
f 194/194/194 206/206/206 205/205/205
f 194/194/194 195/195/195 206/206/206
f 195/195/195 207/207/207 206/206/206
f 195/195/195 196/196/196 207/207/207
f 196/196/196 208/208/208 207/207/207
f 196/196/196 197/197/197 208/208/208
f 197/197/197 209/209/209 208/208/208
f 197/197/197 198/198/198 209/209/209
f 198/198/198 210/210/210 209/209/209
f 198/198/198 199/199/199 210/210/210
f 199/199/199 211/211/211 210/210/210
f 199/199/199 200/200/200 211/211/211
f 200/200/200 212/212/212 211/211/211
f 200/200/200 201/201/201 212/212/212
f 201/201/201 213/213/213 212/212/212
f 201/201/201 202/202/202 213/213/213
f 202/202/202 214/214/214 213/213/213
f 202/202/202 203/203/203 214/214/214
f 203/203/203 215/215/215 214/214/214
f 203/203/203 204/204/204 215/215/215
f 205/205/205 217/217/217 216/216/216
f 205/205/205 206/206/206 217/217/217
f 206/206/206 218/218/218 217/217/217
f 206/206/206 207/207/207 218/218/218
f 207/207/207 219/219/219 218/218/218
f 207/207/207 208/208/208 219/219/219
f 208/208/208 220/220/220 219/219/219
f 208/208/208 209/209/209 220/220/220
f 209/209/209 221/221/221 220/220/220
f 209/209/209 210/210/210 221/221/221
f 210/210/210 222/222/222 221/221/221
f 210/210/210 211/211/211 222/222/222
f 211/211/211 223/223/223 222/222/222
f 211/211/211 212/212/212 223/223/223
f 212/212/212 224/224/224 223/223/223
f 212/212/212 213/213/213 224/224/224
f 213/213/213 225/225/225 224/224/224
f 213/213/213 214/214/214 225/225/225
f 214/214/214 226/226/226 225/225/225
f 214/214/214 215/215/215 226/226/226
f 216/216/216 228/228/228 227/227/227
f 216/216/216 217/217/217 228/228/228
f 217/217/217 229/229/229 228/228/228
f 217/217/217 218/218/218 229/229/229
f 218/218/218 230/230/230 229/229/229
f 218/218/218 219/219/219 230/230/230
f 219/219/219 231/231/231 230/230/230
f 219/219/219 220/220/220 231/231/231
f 220/220/220 232/232/232 231/231/231
f 220/220/220 221/221/221 232/232/232
f 221/221/221 233/233/233 232/232/232
f 221/221/221 222/222/222 233/233/233
f 222/222/222 234/234/234 233/233/233
f 222/222/222 223/223/223 234/234/234
f 223/223/223 235/235/235 234/234/234
f 223/223/223 224/224/224 235/235/235
f 224/224/224 236/236/236 235/235/235
f 224/224/224 225/225/225 236/236/236
f 225/225/225 237/237/237 236/236/236
f 225/225/225 226/226/226 237/237/237
f 227/227/227 239/239/239 238/238/238
f 227/227/227 228/228/228 239/239/239
f 228/228/228 240/240/240 239/239/239
f 228/228/228 229/229/229 240/240/240
f 229/229/229 241/241/241 240/240/240
f 229/229/229 230/230/230 241/241/241
f 230/230/230 242/242/242 241/241/241
f 230/230/230 231/231/231 242/242/242
f 231/231/231 243/243/243 242/242/242
f 231/231/231 232/232/232 243/243/243
f 232/232/232 244/244/244 243/243/243
f 232/232/232 233/233/233 244/244/244
f 233/233/233 245/245/245 244/244/244
f 233/233/233 234/234/234 245/245/245
f 234/234/234 246/246/246 245/245/245
f 234/234/234 235/235/235 246/246/246
f 235/235/235 247/247/247 246/246/246
f 235/235/235 236/236/236 247/247/247
f 236/236/236 248/248/248 247/247/247
f 236/236/236 237/237/237 248/248/248
f 238/238/238 250/250/250 249/249/249
f 238/238/238 239/239/239 250/250/250
f 239/239/239 251/251/251 250/250/250
f 239/239/239 240/240/240 251/251/251
f 240/240/240 252/252/252 251/251/251
f 240/240/240 241/241/241 252/252/252
f 241/241/241 253/253/253 252/252/252
f 241/241/241 242/242/242 253/253/253
f 242/242/242 254/254/254 253/253/253
f 242/242/242 243/243/243 254/254/254
f 243/243/243 255/255/255 254/254/254
f 243/243/243 244/244/244 255/255/255
f 244/244/244 256/256/256 255/255/255
f 244/244/244 245/245/245 256/256/256
f 245/245/245 257/257/257 256/256/256
f 245/245/245 246/246/246 257/257/257
f 246/246/246 258/258/258 257/257/257
f 246/246/246 247/247/247 258/258/258
f 247/247/247 259/259/259 258/258/258
f 247/247/247 248/248/248 259/259/259
f 249/249/249 261/261/261 260/260/260
f 249/249/249 250/250/250 261/261/261
f 250/250/250 262/262/262 261/261/261
f 250/250/250 251/251/251 262/262/262
f 251/251/251 263/263/263 262/262/262
f 251/251/251 252/252/252 263/263/263
f 252/252/252 264/264/264 263/263/263
f 252/252/252 253/253/253 264/264/264
f 253/253/253 265/265/265 264/264/264
f 253/253/253 254/254/254 265/265/265
f 254/254/254 266/266/266 265/265/265
f 254/254/254 255/255/255 266/266/266
f 255/255/255 267/267/267 266/266/266
f 255/255/255 256/256/256 267/267/267
f 256/256/256 268/268/268 267/267/267
f 256/256/256 257/257/257 268/268/268
f 257/257/257 269/269/269 268/268/268
f 257/257/257 258/258/258 269/269/269
f 258/258/258 270/270/270 269/269/269
f 258/258/258 259/259/259 270/270/270
f 260/260/260 272/272/272 271/271/271
f 260/260/260 261/261/261 272/272/272
f 261/261/261 273/273/273 272/272/272
f 261/261/261 262/262/262 273/273/273
f 262/262/262 274/274/274 273/273/273
f 262/262/262 263/263/263 274/274/274
f 263/263/263 275/275/275 274/274/274
f 263/263/263 264/264/264 275/275/275
f 264/264/264 276/276/276 275/275/275
f 264/264/264 265/265/265 276/276/276
f 265/265/265 277/277/277 276/276/276
f 265/265/265 266/266/266 277/277/277
f 266/266/266 278/278/278 277/277/277
f 266/266/266 267/267/267 278/278/278
f 267/267/267 279/279/279 278/278/278
f 267/267/267 268/268/268 279/279/279
f 268/268/268 280/280/280 279/279/279
f 268/268/268 269/269/269 280/280/280
f 269/269/269 281/281/281 280/280/280
f 269/269/269 270/270/270 281/281/281
f 271/271/271 283/283/283 282/282/282
f 271/271/271 272/272/272 283/283/283
f 272/272/272 284/284/284 283/283/283
f 272/272/272 273/273/273 284/284/284
f 273/273/273 285/285/285 284/284/284
f 273/273/273 274/274/274 285/285/285
f 274/274/274 286/286/286 285/285/285
f 274/274/274 275/275/275 286/286/286
f 275/275/275 287/287/287 286/286/286
f 275/275/275 276/276/276 287/287/287
f 276/276/276 288/288/288 287/287/287
f 276/276/276 277/277/277 288/288/288
f 277/277/277 289/289/289 288/288/288
f 277/277/277 278/278/278 289/289/289
f 278/278/278 290/290/290 289/289/289
f 278/278/278 279/279/279 290/290/290
f 279/279/279 291/291/291 290/290/290
f 279/279/279 280/280/280 291/291/291
f 280/280/280 292/292/292 291/291/291
f 280/280/280 281/281/281 292/292/292
f 293/293/293 301/301/301 294/294/294
f 293/293/293 300/300/300 301/301/301
f 307/307/307 293/293/293 294/294/294
f 308/308/308 301/301/301 300/300/300
f 294/294/294 302/302/302 295/295/295
f 294/294/294 301/301/301 302/302/302
f 307/307/307 294/294/294 295/295/295
f 308/308/308 302/302/302 301/301/301
f 295/295/295 303/303/303 296/296/296
f 295/295/295 302/302/302 303/303/303
f 307/307/307 295/295/295 296/296/296
f 308/308/308 303/303/303 302/302/302
f 296/296/296 304/304/304 297/297/297
f 296/296/296 303/303/303 304/304/304
f 307/307/307 296/296/296 297/297/297
f 308/308/308 304/304/304 303/303/303
f 297/297/297 305/305/305 298/298/298
f 297/297/297 304/304/304 305/305/305
f 307/307/307 297/297/297 298/298/298
f 308/308/308 305/305/305 304/304/304
f 298/298/298 306/306/306 299/299/299
f 298/298/298 305/305/305 306/306/306
f 307/307/307 298/298/298 299/299/299
f 308/308/308 306/306/306 305/305/305
f 299/299/299 300/300/300 293/293/293
f 299/299/299 306/306/306 300/300/300
f 307/307/307 299/299/299 293/293/293
f 308/308/308 300/300/300 306/306/306
f 309/309/309 321/321/321 320/320/320
f 309/309/309 310/310/310 321/321/321
f 310/310/310 322/322/322 321/321/321
f 310/310/310 311/311/311 322/322/322
f 311/311/311 323/323/323 322/322/322
f 311/311/311 312/312/312 323/323/323
f 312/312/312 324/324/324 323/323/323
f 312/312/312 313/313/313 324/324/324
f 313/313/313 325/325/325 324/324/324
f 313/313/313 314/314/314 325/325/325
f 314/314/314 326/326/326 325/325/325
f 314/314/314 315/315/315 326/326/326
f 315/315/315 327/327/327 326/326/326
f 315/315/315 316/316/316 327/327/327
f 316/316/316 328/328/328 327/327/327
f 316/316/316 317/317/317 328/328/328
f 317/317/317 329/329/329 328/328/328
f 317/317/317 318/318/318 329/329/329
f 318/318/318 330/330/330 329/329/329
f 318/318/318 319/319/319 330/330/330
f 320/320/320 332/332/332 331/331/331
f 320/320/320 321/321/321 332/332/332
f 321/321/321 333/333/333 332/332/332
f 321/321/321 322/322/322 333/333/333
f 322/322/322 334/334/334 333/333/333
f 322/322/322 323/323/323 334/334/334
f 323/323/323 335/335/335 334/334/334
f 323/323/323 324/324/324 335/335/335
f 324/324/324 336/336/336 335/335/335
f 324/324/324 325/325/325 336/336/336
f 325/325/325 337/337/337 336/336/336
f 325/325/325 326/326/326 337/337/337
f 326/326/326 338/338/338 337/337/337
f 326/326/326 327/327/327 338/338/338
f 327/327/327 339/339/339 338/338/338
f 327/327/327 328/328/328 339/339/339
f 328/328/328 340/340/340 339/339/339
f 328/328/328 329/329/329 340/340/340
f 329/329/329 341/341/341 340/340/340
f 329/329/329 330/330/330 341/341/341
f 331/331/331 343/343/343 342/342/342
f 331/331/331 332/332/332 343/343/343
f 332/332/332 344/344/344 343/343/343
f 332/332/332 333/333/333 344/344/344
f 333/333/333 345/345/345 344/344/344
f 333/333/333 334/334/334 345/345/345
f 334/334/334 346/346/346 345/345/345
f 334/334/334 335/335/335 346/346/346
f 335/335/335 347/347/347 346/346/346
f 335/335/335 336/336/336 347/347/347
f 336/336/336 348/348/348 347/347/347
f 336/336/336 337/337/337 348/348/348
f 337/337/337 349/349/349 348/348/348
f 337/337/337 338/338/338 349/349/349
f 338/338/338 350/350/350 349/349/349
f 338/338/338 339/339/339 350/350/350
f 339/339/339 351/351/351 350/350/350
f 339/339/339 340/340/340 351/351/351
f 340/340/340 352/352/352 351/351/351
f 340/340/340 341/341/341 352/352/352
f 342/342/342 354/354/354 353/353/353
f 342/342/342 343/343/343 354/354/354
f 343/343/343 355/355/355 354/354/354
f 343/343/343 344/344/344 355/355/355
f 344/344/344 356/356/356 355/355/355
f 344/344/344 345/345/345 356/356/356
f 345/345/345 357/357/357 356/356/356
f 345/345/345 346/346/346 357/357/357
f 346/346/346 358/358/358 357/357/357
f 346/346/346 347/347/347 358/358/358
f 347/347/347 359/359/359 358/358/358
f 347/347/347 348/348/348 359/359/359
f 348/348/348 360/360/360 359/359/359
f 348/348/348 349/349/349 360/360/360
f 349/349/349 361/361/361 360/360/360
f 349/349/349 350/350/350 361/361/361
f 350/350/350 362/362/362 361/361/361
f 350/350/350 351/351/351 362/362/362
f 351/351/351 363/363/363 362/362/362
f 351/351/351 352/352/352 363/363/363
f 353/353/353 365/365/365 364/364/364
f 353/353/353 354/354/354 365/365/365
f 354/354/354 366/366/366 365/365/365
f 354/354/354 355/355/355 366/366/366
f 355/355/355 367/367/367 366/366/366
f 355/355/355 356/356/356 367/367/367
f 356/356/356 368/368/368 367/367/367
f 356/356/356 357/357/357 368/368/368
f 357/357/357 369/369/369 368/368/368
f 357/357/357 358/358/358 369/369/369
f 358/358/358 370/370/370 369/369/369
f 358/358/358 359/359/359 370/370/370
f 359/359/359 371/371/371 370/370/370
f 359/359/359 360/360/360 371/371/371
f 360/360/360 372/372/372 371/371/371
f 360/360/360 361/361/361 372/372/372
f 361/361/361 373/373/373 372/372/372
f 361/361/361 362/362/362 373/373/373
f 362/362/362 374/374/374 373/373/373
f 362/362/362 363/363/363 374/374/374
f 364/364/364 376/376/376 375/375/375
f 364/364/364 365/365/365 376/376/376
f 365/365/365 377/377/377 376/376/376
f 365/365/365 366/366/366 377/377/377
f 366/366/366 378/378/378 377/377/377
f 366/366/366 367/367/367 378/378/378
f 367/367/367 379/379/379 378/378/378
f 367/367/367 368/368/368 379/379/379
f 368/368/368 380/380/380 379/379/379
f 368/368/368 369/369/369 380/380/380
f 369/369/369 381/381/381 380/380/380
f 369/369/369 370/370/370 381/381/381
f 370/370/370 382/382/382 381/381/381
f 370/370/370 371/371/371 382/382/382
f 371/371/371 383/383/383 382/382/382
f 371/371/371 372/372/372 383/383/383
f 372/372/372 384/384/384 383/383/383
f 372/372/372 373/373/373 384/384/384
f 373/373/373 385/385/385 384/384/384
f 373/373/373 374/374/374 385/385/385
f 375/375/375 387/387/387 386/386/386
f 375/375/375 376/376/376 387/387/387
f 376/376/376 388/388/388 387/387/387
f 376/376/376 377/377/377 388/388/388
f 377/377/377 389/389/389 388/388/388
f 377/377/377 378/378/378 389/389/389
f 378/378/378 390/390/390 389/389/389
f 378/378/378 379/379/379 390/390/390
f 379/379/379 391/391/391 390/390/390
f 379/379/379 380/380/380 391/391/391
f 380/380/380 392/392/392 391/391/391
f 380/380/380 381/381/381 392/392/392
f 381/381/381 393/393/393 392/392/392
f 381/381/381 382/382/382 393/393/393
f 382/382/382 394/394/394 393/393/393
f 382/382/382 383/383/383 394/394/394
f 383/383/383 395/395/395 394/394/394
f 383/383/383 384/384/384 395/395/395
f 384/384/384 396/396/396 395/395/395
f 384/384/384 385/385/385 396/396/396
f 386/386/386 398/398/398 397/397/397
f 386/386/386 387/387/387 398/398/398
f 387/387/387 399/399/399 398/398/398
f 387/387/387 388/388/388 399/399/399
f 388/388/388 400/400/400 399/399/399
f 388/388/388 389/389/389 400/400/400
f 389/389/389 401/401/401 400/400/400
f 389/389/389 390/390/390 401/401/401
f 390/390/390 402/402/402 401/401/401
f 390/390/390 391/391/391 402/402/402
f 391/391/391 403/403/403 402/402/402
f 391/391/391 392/392/392 403/403/403
f 392/392/392 404/404/404 403/403/403
f 392/392/392 393/393/393 404/404/404
f 393/393/393 405/405/405 404/404/404
f 393/393/393 394/394/394 405/405/405
f 394/394/394 406/406/406 405/405/405
f 394/394/394 395/395/395 406/406/406
f 395/395/395 407/407/407 406/406/406
f 395/395/395 396/396/396 407/407/407
f 408/408/408 416/416/416 409/409/409
f 408/408/408 415/415/415 416/416/416
f 422/422/422 408/408/408 409/409/409
f 423/423/423 416/416/416 415/415/415
f 409/409/409 417/417/417 410/410/410
f 409/409/409 416/416/416 417/417/417
f 422/422/422 409/409/409 410/410/410
f 423/423/423 417/417/417 416/416/416
f 410/410/410 418/418/418 411/411/411
f 410/410/410 417/417/417 418/418/418
f 422/422/422 410/410/410 411/411/411
f 423/423/423 418/418/418 417/417/417
f 411/411/411 419/419/419 412/412/412
f 411/411/411 418/418/418 419/419/419
f 422/422/422 411/411/411 412/412/412
f 423/423/423 419/419/419 418/418/418
f 412/412/412 420/420/420 413/413/413
f 412/412/412 419/419/419 420/420/420
f 422/422/422 412/412/412 413/413/413
f 423/423/423 420/420/420 419/419/419
f 413/413/413 421/421/421 414/414/414
f 413/413/413 420/420/420 421/421/421
f 422/422/422 413/413/413 414/414/414
f 423/423/423 421/421/421 420/420/420
f 414/414/414 415/415/415 408/408/408
f 414/414/414 421/421/421 415/415/415
f 422/422/422 414/414/414 408/408/408
f 423/423/423 415/415/415 421/421/421
f 424/424/424 436/436/436 435/435/435
f 424/424/424 425/425/425 436/436/436
f 425/425/425 437/437/437 436/436/436
f 425/425/425 426/426/426 437/437/437
f 426/426/426 438/438/438 437/437/437
f 426/426/426 427/427/427 438/438/438
f 427/427/427 439/439/439 438/438/438
f 427/427/427 428/428/428 439/439/439
f 428/428/428 440/440/440 439/439/439
f 428/428/428 429/429/429 440/440/440
f 429/429/429 441/441/441 440/440/440
f 429/429/429 430/430/430 441/441/441
f 430/430/430 442/442/442 441/441/441
f 430/430/430 431/431/431 442/442/442
f 431/431/431 443/443/443 442/442/442
f 431/431/431 432/432/432 443/443/443
f 432/432/432 444/444/444 443/443/443
f 432/432/432 433/433/433 444/444/444
f 433/433/433 445/445/445 444/444/444
f 433/433/433 434/434/434 445/445/445
f 435/435/435 447/447/447 446/446/446
f 435/435/435 436/436/436 447/447/447
f 436/436/436 448/448/448 447/447/447
f 436/436/436 437/437/437 448/448/448
f 437/437/437 449/449/449 448/448/448
f 437/437/437 438/438/438 449/449/449
f 438/438/438 450/450/450 449/449/449
f 438/438/438 439/439/439 450/450/450
f 439/439/439 451/451/451 450/450/450
f 439/439/439 440/440/440 451/451/451
f 440/440/440 452/452/452 451/451/451
f 440/440/440 441/441/441 452/452/452
f 441/441/441 453/453/453 452/452/452
f 441/441/441 442/442/442 453/453/453
f 442/442/442 454/454/454 453/453/453
f 442/442/442 443/443/443 454/454/454
f 443/443/443 455/455/455 454/454/454
f 443/443/443 444/444/444 455/455/455
f 444/444/444 456/456/456 455/455/455
f 444/444/444 445/445/445 456/456/456
f 446/446/446 458/458/458 457/457/457
f 446/446/446 447/447/447 458/458/458
f 447/447/447 459/459/459 458/458/458
f 447/447/447 448/448/448 459/459/459
f 448/448/448 460/460/460 459/459/459
f 448/448/448 449/449/449 460/460/460
f 449/449/449 461/461/461 460/460/460
f 449/449/449 450/450/450 461/461/461
f 450/450/450 462/462/462 461/461/461
f 450/450/450 451/451/451 462/462/462
f 451/451/451 463/463/463 462/462/462
f 451/451/451 452/452/452 463/463/463
f 452/452/452 464/464/464 463/463/463
f 452/452/452 453/453/453 464/464/464
f 453/453/453 465/465/465 464/464/464
f 453/453/453 454/454/454 465/465/465
f 454/454/454 466/466/466 465/465/465
f 454/454/454 455/455/455 466/466/466
f 455/455/455 467/467/467 466/466/466
f 455/455/455 456/456/456 467/467/467
f 457/457/457 469/469/469 468/468/468
f 457/457/457 458/458/458 469/469/469
f 458/458/458 470/470/470 469/469/469
f 458/458/458 459/459/459 470/470/470
f 459/459/459 471/471/471 470/470/470
f 459/459/459 460/460/460 471/471/471
f 460/460/460 472/472/472 471/471/471
f 460/460/460 461/461/461 472/472/472
f 461/461/461 473/473/473 472/472/472
f 461/461/461 462/462/462 473/473/473
f 462/462/462 474/474/474 473/473/473
f 462/462/462 463/463/463 474/474/474
f 463/463/463 475/475/475 474/474/474
f 463/463/463 464/464/464 475/475/475
f 464/464/464 476/476/476 475/475/475
f 464/464/464 465/465/465 476/476/476
f 465/465/465 477/477/477 476/476/476
f 465/465/465 466/466/466 477/477/477
f 466/466/466 478/478/478 477/477/477
f 466/466/466 467/467/467 478/478/478
f 468/468/468 480/480/480 479/479/479
f 468/468/468 469/469/469 480/480/480
f 469/469/469 481/481/481 480/480/480
f 469/469/469 470/470/470 481/481/481
f 470/470/470 482/482/482 481/481/481
f 470/470/470 471/471/471 482/482/482
f 471/471/471 483/483/483 482/482/482
f 471/471/471 472/472/472 483/483/483
f 472/472/472 484/484/484 483/483/483
f 472/472/472 473/473/473 484/484/484
f 473/473/473 485/485/485 484/484/484
f 473/473/473 474/474/474 485/485/485
f 474/474/474 486/486/486 485/485/485
f 474/474/474 475/475/475 486/486/486
f 475/475/475 487/487/487 486/486/486
f 475/475/475 476/476/476 487/487/487
f 476/476/476 488/488/488 487/487/487
f 476/476/476 477/477/477 488/488/488
f 477/477/477 489/489/489 488/488/488
f 477/477/477 478/478/478 489/489/489
f 479/479/479 491/491/491 490/490/490
f 479/479/479 480/480/480 491/491/491
f 480/480/480 492/492/492 491/491/491
f 480/480/480 481/481/481 492/492/492
f 481/481/481 493/493/493 492/492/492
f 481/481/481 482/482/482 493/493/493
f 482/482/482 494/494/494 493/493/493
f 482/482/482 483/483/483 494/494/494
f 483/483/483 495/495/495 494/494/494
f 483/483/483 484/484/484 495/495/495
f 484/484/484 496/496/496 495/495/495
f 484/484/484 485/485/485 496/496/496
f 485/485/485 497/497/497 496/496/496
f 485/485/485 486/486/486 497/497/497
f 486/486/486 498/498/498 497/497/497
f 486/486/486 487/487/487 498/498/498
f 487/487/487 499/499/499 498/498/498
f 487/487/487 488/488/488 499/499/499
f 488/488/488 500/500/500 499/499/499
f 488/488/488 489/489/489 500/500/500
f 490/490/490 502/502/502 501/501/501
f 490/490/490 491/491/491 502/502/502
f 491/491/491 503/503/503 502/502/502
f 491/491/491 492/492/492 503/503/503
f 492/492/492 504/504/504 503/503/503
f 492/492/492 493/493/493 504/504/504
f 493/493/493 505/505/505 504/504/504
f 493/493/493 494/494/494 505/505/505
f 494/494/494 506/506/506 505/505/505
f 494/494/494 495/495/495 506/506/506
f 495/495/495 507/507/507 506/506/506
f 495/495/495 496/496/496 507/507/507
f 496/496/496 508/508/508 507/507/507
f 496/496/496 497/497/497 508/508/508
f 497/497/497 509/509/509 508/508/508
f 497/497/497 498/498/498 509/509/509
f 498/498/498 510/510/510 509/509/509
f 498/498/498 499/499/499 510/510/510
f 499/499/499 511/511/511 510/510/510
f 499/499/499 500/500/500 511/511/511
f 501/501/501 513/513/513 512/512/512
f 501/501/501 502/502/502 513/513/513
f 502/502/502 514/514/514 513/513/513
f 502/502/502 503/503/503 514/514/514
f 503/503/503 515/515/515 514/514/514
f 503/503/503 504/504/504 515/515/515
f 504/504/504 516/516/516 515/515/515
f 504/504/504 505/505/505 516/516/516
f 505/505/505 517/517/517 516/516/516
f 505/505/505 506/506/506 517/517/517
f 506/506/506 518/518/518 517/517/517
f 506/506/506 507/507/507 518/518/518
f 507/507/507 519/519/519 518/518/518
f 507/507/507 508/508/508 519/519/519
f 508/508/508 520/520/520 519/519/519
f 508/508/508 509/509/509 520/520/520
f 509/509/509 521/521/521 520/520/520
f 509/509/509 510/510/510 521/521/521
f 510/510/510 522/522/522 521/521/521
f 510/510/510 511/511/511 522/522/522
f 523/523/523 531/531/531 524/524/524
f 523/523/523 530/530/530 531/531/531
f 537/537/537 523/523/523 524/524/524
f 538/538/538 531/531/531 530/530/530
f 524/524/524 532/532/532 525/525/525
f 524/524/524 531/531/531 532/532/532
f 537/537/537 524/524/524 525/525/525
f 538/538/538 532/532/532 531/531/531
f 525/525/525 533/533/533 526/526/526
f 525/525/525 532/532/532 533/533/533
f 537/537/537 525/525/525 526/526/526
f 538/538/538 533/533/533 532/532/532
f 526/526/526 534/534/534 527/527/527
f 526/526/526 533/533/533 534/534/534
f 537/537/537 526/526/526 527/527/527
f 538/538/538 534/534/534 533/533/533
f 527/527/527 535/535/535 528/528/528
f 527/527/527 534/534/534 535/535/535
f 537/537/537 527/527/527 528/528/528
f 538/538/538 535/535/535 534/534/534
f 528/528/528 536/536/536 529/529/529
f 528/528/528 535/535/535 536/536/536
f 537/537/537 528/528/528 529/529/529
f 538/538/538 536/536/536 535/535/535
f 529/529/529 530/530/530 523/523/523
f 529/529/529 536/536/536 530/530/530
f 537/537/537 529/529/529 523/523/523
f 538/538/538 530/530/530 536/536/536
f 539/539/539 551/551/551 550/550/550
f 539/539/539 540/540/540 551/551/551
f 540/540/540 552/552/552 551/551/551
f 540/540/540 541/541/541 552/552/552
f 541/541/541 553/553/553 552/552/552
f 541/541/541 542/542/542 553/553/553
f 542/542/542 554/554/554 553/553/553
f 542/542/542 543/543/543 554/554/554
f 543/543/543 555/555/555 554/554/554
f 543/543/543 544/544/544 555/555/555
f 544/544/544 556/556/556 555/555/555
f 544/544/544 545/545/545 556/556/556
f 545/545/545 557/557/557 556/556/556
f 545/545/545 546/546/546 557/557/557
f 546/546/546 558/558/558 557/557/557
f 546/546/546 547/547/547 558/558/558
f 547/547/547 559/559/559 558/558/558
f 547/547/547 548/548/548 559/559/559
f 548/548/548 560/560/560 559/559/559
f 548/548/548 549/549/549 560/560/560
f 550/550/550 562/562/562 561/561/561
f 550/550/550 551/551/551 562/562/562
f 551/551/551 563/563/563 562/562/562
f 551/551/551 552/552/552 563/563/563
f 552/552/552 564/564/564 563/563/563
f 552/552/552 553/553/553 564/564/564
f 553/553/553 565/565/565 564/564/564
f 553/553/553 554/554/554 565/565/565
f 554/554/554 566/566/566 565/565/565
f 554/554/554 555/555/555 566/566/566
f 555/555/555 567/567/567 566/566/566
f 555/555/555 556/556/556 567/567/567
f 556/556/556 568/568/568 567/567/567
f 556/556/556 557/557/557 568/568/568
f 557/557/557 569/569/569 568/568/568
f 557/557/557 558/558/558 569/569/569
f 558/558/558 570/570/570 569/569/569
f 558/558/558 559/559/559 570/570/570
f 559/559/559 571/571/571 570/570/570
f 559/559/559 560/560/560 571/571/571
f 561/561/561 573/573/573 572/572/572
f 561/561/561 562/562/562 573/573/573
f 562/562/562 574/574/574 573/573/573
f 562/562/562 563/563/563 574/574/574
f 563/563/563 575/575/575 574/574/574
f 563/563/563 564/564/564 575/575/575
f 564/564/564 576/576/576 575/575/575
f 564/564/564 565/565/565 576/576/576
f 565/565/565 577/577/577 576/576/576
f 565/565/565 566/566/566 577/577/577
f 566/566/566 578/578/578 577/577/577
f 566/566/566 567/567/567 578/578/578
f 567/567/567 579/579/579 578/578/578
f 567/567/567 568/568/568 579/579/579
f 568/568/568 580/580/580 579/579/579
f 568/568/568 569/569/569 580/580/580
f 569/569/569 581/581/581 580/580/580
f 569/569/569 570/570/570 581/581/581
f 570/570/570 582/582/582 581/581/581
f 570/570/570 571/571/571 582/582/582
f 572/572/572 584/584/584 583/583/583
f 572/572/572 573/573/573 584/584/584
f 573/573/573 585/585/585 584/584/584
f 573/573/573 574/574/574 585/585/585
f 574/574/574 586/586/586 585/585/585
f 574/574/574 575/575/575 586/586/586
f 575/575/575 587/587/587 586/586/586
f 575/575/575 576/576/576 587/587/587
f 576/576/576 588/588/588 587/587/587
f 576/576/576 577/577/577 588/588/588
f 577/577/577 589/589/589 588/588/588
f 577/577/577 578/578/578 589/589/589
f 578/578/578 590/590/590 589/589/589
f 578/578/578 579/579/579 590/590/590
f 579/579/579 591/591/591 590/590/590
f 579/579/579 580/580/580 591/591/591
f 580/580/580 592/592/592 591/591/591
f 580/580/580 581/581/581 592/592/592
f 581/581/581 593/593/593 592/592/592
f 581/581/581 582/582/582 593/593/593
f 583/583/583 595/595/595 594/594/594
f 583/583/583 584/584/584 595/595/595
f 584/584/584 596/596/596 595/595/595
f 584/584/584 585/585/585 596/596/596
f 585/585/585 597/597/597 596/596/596
f 585/585/585 586/586/586 597/597/597
f 586/586/586 598/598/598 597/597/597
f 586/586/586 587/587/587 598/598/598
f 587/587/587 599/599/599 598/598/598
f 587/587/587 588/588/588 599/599/599
f 588/588/588 600/600/600 599/599/599
f 588/588/588 589/589/589 600/600/600
f 589/589/589 601/601/601 600/600/600
f 589/589/589 590/590/590 601/601/601
f 590/590/590 602/602/602 601/601/601
f 590/590/590 591/591/591 602/602/602
f 591/591/591 603/603/603 602/602/602
f 591/591/591 592/592/592 603/603/603
f 592/592/592 604/604/604 603/603/603
f 592/592/592 593/593/593 604/604/604
f 594/594/594 606/606/606 605/605/605
f 594/594/594 595/595/595 606/606/606
f 595/595/595 607/607/607 606/606/606
f 595/595/595 596/596/596 607/607/607
f 596/596/596 608/608/608 607/607/607
f 596/596/596 597/597/597 608/608/608
f 597/597/597 609/609/609 608/608/608
f 597/597/597 598/598/598 609/609/609
f 598/598/598 610/610/610 609/609/609
f 598/598/598 599/599/599 610/610/610
f 599/599/599 611/611/611 610/610/610
f 599/599/599 600/600/600 611/611/611
f 600/600/600 612/612/612 611/611/611
f 600/600/600 601/601/601 612/612/612
f 601/601/601 613/613/613 612/612/612
f 601/601/601 602/602/602 613/613/613
f 602/602/602 614/614/614 613/613/613
f 602/602/602 603/603/603 614/614/614
f 603/603/603 615/615/615 614/614/614
f 603/603/603 604/604/604 615/615/615
f 605/605/605 617/617/617 616/616/616
f 605/605/605 606/606/606 617/617/617
f 606/606/606 618/618/618 617/617/617
f 606/606/606 607/607/607 618/618/618
f 607/607/607 619/619/619 618/618/618
f 607/607/607 608/608/608 619/619/619
f 608/608/608 620/620/620 619/619/619
f 608/608/608 609/609/609 620/620/620
f 609/609/609 621/621/621 620/620/620
f 609/609/609 610/610/610 621/621/621
f 610/610/610 622/622/622 621/621/621
f 610/610/610 611/611/611 622/622/622
f 611/611/611 623/623/623 622/622/622
f 611/611/611 612/612/612 623/623/623
f 612/612/612 624/624/624 623/623/623
f 612/612/612 613/613/613 624/624/624
f 613/613/613 625/625/625 624/624/624
f 613/613/613 614/614/614 625/625/625
f 614/614/614 626/626/626 625/625/625
f 614/614/614 615/615/615 626/626/626
f 616/616/616 628/628/628 627/627/627
f 616/616/616 617/617/617 628/628/628
f 617/617/617 629/629/629 628/628/628
f 617/617/617 618/618/618 629/629/629
f 618/618/618 630/630/630 629/629/629
f 618/618/618 619/619/619 630/630/630
f 619/619/619 631/631/631 630/630/630
f 619/619/619 620/620/620 631/631/631
f 620/620/620 632/632/632 631/631/631
f 620/620/620 621/621/621 632/632/632
f 621/621/621 633/633/633 632/632/632
f 621/621/621 622/622/622 633/633/633
f 622/622/622 634/634/634 633/633/633
f 622/622/622 623/623/623 634/634/634
f 623/623/623 635/635/635 634/634/634
f 623/623/623 624/624/624 635/635/635
f 624/624/624 636/636/636 635/635/635
f 624/624/624 625/625/625 636/636/636
f 625/625/625 637/637/637 636/636/636
f 625/625/625 626/626/626 637/637/637
f 638/638/638 646/646/646 639/639/639
f 638/638/638 645/645/645 646/646/646
f 652/652/652 638/638/638 639/639/639
f 653/653/653 646/646/646 645/645/645
f 639/639/639 647/647/647 640/640/640
f 639/639/639 646/646/646 647/647/647
f 652/652/652 639/639/639 640/640/640
f 653/653/653 647/647/647 646/646/646
f 640/640/640 648/648/648 641/641/641
f 640/640/640 647/647/647 648/648/648
f 652/652/652 640/640/640 641/641/641
f 653/653/653 648/648/648 647/647/647
f 641/641/641 649/649/649 642/642/642
f 641/641/641 648/648/648 649/649/649
f 652/652/652 641/641/641 642/642/642
f 653/653/653 649/649/649 648/648/648
f 642/642/642 650/650/650 643/643/643
f 642/642/642 649/649/649 650/650/650
f 652/652/652 642/642/642 643/643/643
f 653/653/653 650/650/650 649/649/649
f 643/643/643 651/651/651 644/644/644
f 643/643/643 650/650/650 651/651/651
f 652/652/652 643/643/643 644/644/644
f 653/653/653 651/651/651 650/650/650
f 644/644/644 645/645/645 638/638/638
f 644/644/644 651/651/651 645/645/645
f 652/652/652 644/644/644 638/638/638
f 653/653/653 645/645/645 651/651/651
f 654/654/654 666/666/666 665/665/665
f 654/654/654 655/655/655 666/666/666
f 655/655/655 667/667/667 666/666/666
f 655/655/655 656/656/656 667/667/667
f 656/656/656 668/668/668 667/667/667
f 656/656/656 657/657/657 668/668/668
f 657/657/657 669/669/669 668/668/668
f 657/657/657 658/658/658 669/669/669
f 658/658/658 670/670/670 669/669/669
f 658/658/658 659/659/659 670/670/670
f 659/659/659 671/671/671 670/670/670
f 659/659/659 660/660/660 671/671/671
f 660/660/660 672/672/672 671/671/671
f 660/660/660 661/661/661 672/672/672
f 661/661/661 673/673/673 672/672/672
f 661/661/661 662/662/662 673/673/673
f 662/662/662 674/674/674 673/673/673
f 662/662/662 663/663/663 674/674/674
f 663/663/663 675/675/675 674/674/674
f 663/663/663 664/664/664 675/675/675
f 665/665/665 677/677/677 676/676/676
f 665/665/665 666/666/666 677/677/677
f 666/666/666 678/678/678 677/677/677
f 666/666/666 667/667/667 678/678/678
f 667/667/667 679/679/679 678/678/678
f 667/667/667 668/668/668 679/679/679
f 668/668/668 680/680/680 679/679/679
f 668/668/668 669/669/669 680/680/680
f 669/669/669 681/681/681 680/680/680
f 669/669/669 670/670/670 681/681/681
f 670/670/670 682/682/682 681/681/681
f 670/670/670 671/671/671 682/682/682
f 671/671/671 683/683/683 682/682/682
f 671/671/671 672/672/672 683/683/683
f 672/672/672 684/684/684 683/683/683
f 672/672/672 673/673/673 684/684/684
f 673/673/673 685/685/685 684/684/684
f 673/673/673 674/674/674 685/685/685
f 674/674/674 686/686/686 685/685/685
f 674/674/674 675/675/675 686/686/686
f 676/676/676 688/688/688 687/687/687
f 676/676/676 677/677/677 688/688/688
f 677/677/677 689/689/689 688/688/688
f 677/677/677 678/678/678 689/689/689
f 678/678/678 690/690/690 689/689/689
f 678/678/678 679/679/679 690/690/690
f 679/679/679 691/691/691 690/690/690
f 679/679/679 680/680/680 691/691/691
f 680/680/680 692/692/692 691/691/691
f 680/680/680 681/681/681 692/692/692
f 681/681/681 693/693/693 692/692/692
f 681/681/681 682/682/682 693/693/693
f 682/682/682 694/694/694 693/693/693
f 682/682/682 683/683/683 694/694/694
f 683/683/683 695/695/695 694/694/694
f 683/683/683 684/684/684 695/695/695
f 684/684/684 696/696/696 695/695/695
f 684/684/684 685/685/685 696/696/696
f 685/685/685 697/697/697 696/696/696
f 685/685/685 686/686/686 697/697/697
f 687/687/687 699/699/699 698/698/698
f 687/687/687 688/688/688 699/699/699
f 688/688/688 700/700/700 699/699/699
f 688/688/688 689/689/689 700/700/700
f 689/689/689 701/701/701 700/700/700
f 689/689/689 690/690/690 701/701/701
f 690/690/690 702/702/702 701/701/701
f 690/690/690 691/691/691 702/702/702
f 691/691/691 703/703/703 702/702/702
f 691/691/691 692/692/692 703/703/703
f 692/692/692 704/704/704 703/703/703
f 692/692/692 693/693/693 704/704/704
f 693/693/693 705/705/705 704/704/704
f 693/693/693 694/694/694 705/705/705
f 694/694/694 706/706/706 705/705/705
f 694/694/694 695/695/695 706/706/706
f 695/695/695 707/707/707 706/706/706
f 695/695/695 696/696/696 707/707/707
f 696/696/696 708/708/708 707/707/707
f 696/696/696 697/697/697 708/708/708
f 698/698/698 710/710/710 709/709/709
f 698/698/698 699/699/699 710/710/710
f 699/699/699 711/711/711 710/710/710
f 699/699/699 700/700/700 711/711/711
f 700/700/700 712/712/712 711/711/711
f 700/700/700 701/701/701 712/712/712
f 701/701/701 713/713/713 712/712/712
f 701/701/701 702/702/702 713/713/713
f 702/702/702 714/714/714 713/713/713
f 702/702/702 703/703/703 714/714/714
f 703/703/703 715/715/715 714/714/714
f 703/703/703 704/704/704 715/715/715
f 704/704/704 716/716/716 715/715/715
f 704/704/704 705/705/705 716/716/716
f 705/705/705 717/717/717 716/716/716
f 705/705/705 706/706/706 717/717/717
f 706/706/706 718/718/718 717/717/717
f 706/706/706 707/707/707 718/718/718
f 707/707/707 719/719/719 718/718/718
f 707/707/707 708/708/708 719/719/719
f 709/709/709 721/721/721 720/720/720
f 709/709/709 710/710/710 721/721/721
f 710/710/710 722/722/722 721/721/721
f 710/710/710 711/711/711 722/722/722
f 711/711/711 723/723/723 722/722/722
f 711/711/711 712/712/712 723/723/723
f 712/712/712 724/724/724 723/723/723
f 712/712/712 713/713/713 724/724/724
f 713/713/713 725/725/725 724/724/724
f 713/713/713 714/714/714 725/725/725
f 714/714/714 726/726/726 725/725/725
f 714/714/714 715/715/715 726/726/726
f 715/715/715 727/727/727 726/726/726
f 715/715/715 716/716/716 727/727/727
f 716/716/716 728/728/728 727/727/727
f 716/716/716 717/717/717 728/728/728
f 717/717/717 729/729/729 728/728/728
f 717/717/717 718/718/718 729/729/729
f 718/718/718 730/730/730 729/729/729
f 718/718/718 719/719/719 730/730/730
f 720/720/720 732/732/732 731/731/731
f 720/720/720 721/721/721 732/732/732
f 721/721/721 733/733/733 732/732/732
f 721/721/721 722/722/722 733/733/733
f 722/722/722 734/734/734 733/733/733
f 722/722/722 723/723/723 734/734/734
f 723/723/723 735/735/735 734/734/734
f 723/723/723 724/724/724 735/735/735
f 724/724/724 736/736/736 735/735/735
f 724/724/724 725/725/725 736/736/736
f 725/725/725 737/737/737 736/736/736
f 725/725/725 726/726/726 737/737/737
f 726/726/726 738/738/738 737/737/737
f 726/726/726 727/727/727 738/738/738
f 727/727/727 739/739/739 738/738/738
f 727/727/727 728/728/728 739/739/739
f 728/728/728 740/740/740 739/739/739
f 728/728/728 729/729/729 740/740/740
f 729/729/729 741/741/741 740/740/740
f 729/729/729 730/730/730 741/741/741
f 731/731/731 743/743/743 742/742/742
f 731/731/731 732/732/732 743/743/743
f 732/732/732 744/744/744 743/743/743
f 732/732/732 733/733/733 744/744/744
f 733/733/733 745/745/745 744/744/744
f 733/733/733 734/734/734 745/745/745
f 734/734/734 746/746/746 745/745/745
f 734/734/734 735/735/735 746/746/746
f 735/735/735 747/747/747 746/746/746
f 735/735/735 736/736/736 747/747/747
f 736/736/736 748/748/748 747/747/747
f 736/736/736 737/737/737 748/748/748
f 737/737/737 749/749/749 748/748/748
f 737/737/737 738/738/738 749/749/749
f 738/738/738 750/750/750 749/749/749
f 738/738/738 739/739/739 750/750/750
f 739/739/739 751/751/751 750/750/750
f 739/739/739 740/740/740 751/751/751
f 740/740/740 752/752/752 751/751/751
f 740/740/740 741/741/741 752/752/752
f 753/753/753 761/761/761 754/754/754
f 753/753/753 760/760/760 761/761/761
f 767/767/767 753/753/753 754/754/754
f 768/768/768 761/761/761 760/760/760
f 754/754/754 762/762/762 755/755/755
f 754/754/754 761/761/761 762/762/762
f 767/767/767 754/754/754 755/755/755
f 768/768/768 762/762/762 761/761/761
f 755/755/755 763/763/763 756/756/756
f 755/755/755 762/762/762 763/763/763
f 767/767/767 755/755/755 756/756/756
f 768/768/768 763/763/763 762/762/762
f 756/756/756 764/764/764 757/757/757
f 756/756/756 763/763/763 764/764/764
f 767/767/767 756/756/756 757/757/757
f 768/768/768 764/764/764 763/763/763
f 757/757/757 765/765/765 758/758/758
f 757/757/757 764/764/764 765/765/765
f 767/767/767 757/757/757 758/758/758
f 768/768/768 765/765/765 764/764/764
f 758/758/758 766/766/766 759/759/759
f 758/758/758 765/765/765 766/766/766
f 767/767/767 758/758/758 759/759/759
f 768/768/768 766/766/766 765/765/765
f 759/759/759 760/760/760 753/753/753
f 759/759/759 766/766/766 760/760/760
f 767/767/767 759/759/759 753/753/753
f 768/768/768 760/760/760 766/766/766
f 769/769/769 781/781/781 780/780/780
f 769/769/769 770/770/770 781/781/781
f 770/770/770 782/782/782 781/781/781
f 770/770/770 771/771/771 782/782/782
f 771/771/771 783/783/783 782/782/782
f 771/771/771 772/772/772 783/783/783
f 772/772/772 784/784/784 783/783/783
f 772/772/772 773/773/773 784/784/784
f 773/773/773 785/785/785 784/784/784
f 773/773/773 774/774/774 785/785/785
f 774/774/774 786/786/786 785/785/785
f 774/774/774 775/775/775 786/786/786
f 775/775/775 787/787/787 786/786/786
f 775/775/775 776/776/776 787/787/787
f 776/776/776 788/788/788 787/787/787
f 776/776/776 777/777/777 788/788/788
f 777/777/777 789/789/789 788/788/788
f 777/777/777 778/778/778 789/789/789
f 778/778/778 790/790/790 789/789/789
f 778/778/778 779/779/779 790/790/790
f 780/780/780 792/792/792 791/791/791
f 780/780/780 781/781/781 792/792/792
f 781/781/781 793/793/793 792/792/792
f 781/781/781 782/782/782 793/793/793
f 782/782/782 794/794/794 793/793/793
f 782/782/782 783/783/783 794/794/794
f 783/783/783 795/795/795 794/794/794
f 783/783/783 784/784/784 795/795/795
f 784/784/784 796/796/796 795/795/795
f 784/784/784 785/785/785 796/796/796
f 785/785/785 797/797/797 796/796/796
f 785/785/785 786/786/786 797/797/797
f 786/786/786 798/798/798 797/797/797
f 786/786/786 787/787/787 798/798/798
f 787/787/787 799/799/799 798/798/798
f 787/787/787 788/788/788 799/799/799
f 788/788/788 800/800/800 799/799/799
f 788/788/788 789/789/789 800/800/800
f 789/789/789 801/801/801 800/800/800
f 789/789/789 790/790/790 801/801/801
f 791/791/791 803/803/803 802/802/802
f 791/791/791 792/792/792 803/803/803
f 792/792/792 804/804/804 803/803/803
f 792/792/792 793/793/793 804/804/804
f 793/793/793 805/805/805 804/804/804
f 793/793/793 794/794/794 805/805/805
f 794/794/794 806/806/806 805/805/805
f 794/794/794 795/795/795 806/806/806
f 795/795/795 807/807/807 806/806/806
f 795/795/795 796/796/796 807/807/807
f 796/796/796 808/808/808 807/807/807
f 796/796/796 797/797/797 808/808/808
f 797/797/797 809/809/809 808/808/808
f 797/797/797 798/798/798 809/809/809
f 798/798/798 810/810/810 809/809/809
f 798/798/798 799/799/799 810/810/810
f 799/799/799 811/811/811 810/810/810
f 799/799/799 800/800/800 811/811/811
f 800/800/800 812/812/812 811/811/811
f 800/800/800 801/801/801 812/812/812
f 802/802/802 814/814/814 813/813/813
f 802/802/802 803/803/803 814/814/814
f 803/803/803 815/815/815 814/814/814
f 803/803/803 804/804/804 815/815/815
f 804/804/804 816/816/816 815/815/815
f 804/804/804 805/805/805 816/816/816
f 805/805/805 817/817/817 816/816/816
f 805/805/805 806/806/806 817/817/817
f 806/806/806 818/818/818 817/817/817
f 806/806/806 807/807/807 818/818/818
f 807/807/807 819/819/819 818/818/818
f 807/807/807 808/808/808 819/819/819
f 808/808/808 820/820/820 819/819/819
f 808/808/808 809/809/809 820/820/820
f 809/809/809 821/821/821 820/820/820
f 809/809/809 810/810/810 821/821/821
f 810/810/810 822/822/822 821/821/821
f 810/810/810 811/811/811 822/822/822
f 811/811/811 823/823/823 822/822/822
f 811/811/811 812/812/812 823/823/823
f 813/813/813 825/825/825 824/824/824
f 813/813/813 814/814/814 825/825/825
f 814/814/814 826/826/826 825/825/825
f 814/814/814 815/815/815 826/826/826
f 815/815/815 827/827/827 826/826/826
f 815/815/815 816/816/816 827/827/827
f 816/816/816 828/828/828 827/827/827
f 816/816/816 817/817/817 828/828/828
f 817/817/817 829/829/829 828/828/828
f 817/817/817 818/818/818 829/829/829
f 818/818/818 830/830/830 829/829/829
f 818/818/818 819/819/819 830/830/830
f 819/819/819 831/831/831 830/830/830
f 819/819/819 820/820/820 831/831/831
f 820/820/820 832/832/832 831/831/831
f 820/820/820 821/821/821 832/832/832
f 821/821/821 833/833/833 832/832/832
f 821/821/821 822/822/822 833/833/833
f 822/822/822 834/834/834 833/833/833
f 822/822/822 823/823/823 834/834/834
f 824/824/824 836/836/836 835/835/835
f 824/824/824 825/825/825 836/836/836
f 825/825/825 837/837/837 836/836/836
f 825/825/825 826/826/826 837/837/837
f 826/826/826 838/838/838 837/837/837
f 826/826/826 827/827/827 838/838/838
f 827/827/827 839/839/839 838/838/838
f 827/827/827 828/828/828 839/839/839
f 828/828/828 840/840/840 839/839/839
f 828/828/828 829/829/829 840/840/840
f 829/829/829 841/841/841 840/840/840
f 829/829/829 830/830/830 841/841/841
f 830/830/830 842/842/842 841/841/841
f 830/830/830 831/831/831 842/842/842
f 831/831/831 843/843/843 842/842/842
f 831/831/831 832/832/832 843/843/843
f 832/832/832 844/844/844 843/843/843
f 832/832/832 833/833/833 844/844/844
f 833/833/833 845/845/845 844/844/844
f 833/833/833 834/834/834 845/845/845
f 835/835/835 847/847/847 846/846/846
f 835/835/835 836/836/836 847/847/847
f 836/836/836 848/848/848 847/847/847
f 836/836/836 837/837/837 848/848/848
f 837/837/837 849/849/849 848/848/848
f 837/837/837 838/838/838 849/849/849
f 838/838/838 850/850/850 849/849/849
f 838/838/838 839/839/839 850/850/850
f 839/839/839 851/851/851 850/850/850
f 839/839/839 840/840/840 851/851/851
f 840/840/840 852/852/852 851/851/851
f 840/840/840 841/841/841 852/852/852
f 841/841/841 853/853/853 852/852/852
f 841/841/841 842/842/842 853/853/853
f 842/842/842 854/854/854 853/853/853
f 842/842/842 843/843/843 854/854/854
f 843/843/843 855/855/855 854/854/854
f 843/843/843 844/844/844 855/855/855
f 844/844/844 856/856/856 855/855/855
f 844/844/844 845/845/845 856/856/856
f 846/846/846 858/858/858 857/857/857
f 846/846/846 847/847/847 858/858/858
f 847/847/847 859/859/859 858/858/858
f 847/847/847 848/848/848 859/859/859
f 848/848/848 860/860/860 859/859/859
f 848/848/848 849/849/849 860/860/860
f 849/849/849 861/861/861 860/860/860
f 849/849/849 850/850/850 861/861/861
f 850/850/850 862/862/862 861/861/861
f 850/850/850 851/851/851 862/862/862
f 851/851/851 863/863/863 862/862/862
f 851/851/851 852/852/852 863/863/863
f 852/852/852 864/864/864 863/863/863
f 852/852/852 853/853/853 864/864/864
f 853/853/853 865/865/865 864/864/864
f 853/853/853 854/854/854 865/865/865
f 854/854/854 866/866/866 865/865/865
f 854/854/854 855/855/855 866/866/866
f 855/855/855 867/867/867 866/866/866
f 855/855/855 856/856/856 867/867/867
f 868/868/868 876/876/876 869/869/869
f 868/868/868 875/875/875 876/876/876
f 882/882/882 868/868/868 869/869/869
f 883/883/883 876/876/876 875/875/875
f 869/869/869 877/877/877 870/870/870
f 869/869/869 876/876/876 877/877/877
f 882/882/882 869/869/869 870/870/870
f 883/883/883 877/877/877 876/876/876
f 870/870/870 878/878/878 871/871/871
f 870/870/870 877/877/877 878/878/878
f 882/882/882 870/870/870 871/871/871
f 883/883/883 878/878/878 877/877/877
f 871/871/871 879/879/879 872/872/872
f 871/871/871 878/878/878 879/879/879
f 882/882/882 871/871/871 872/872/872
f 883/883/883 879/879/879 878/878/878
f 872/872/872 880/880/880 873/873/873
f 872/872/872 879/879/879 880/880/880
f 882/882/882 872/872/872 873/873/873
f 883/883/883 880/880/880 879/879/879
f 873/873/873 881/881/881 874/874/874
f 873/873/873 880/880/880 881/881/881
f 882/882/882 873/873/873 874/874/874
f 883/883/883 881/881/881 880/880/880
f 874/874/874 875/875/875 868/868/868
f 874/874/874 881/881/881 875/875/875
f 882/882/882 874/874/874 868/868/868
f 883/883/883 875/875/875 881/881/881
f 884/884/884 896/896/896 895/895/895
f 884/884/884 885/885/885 896/896/896
f 885/885/885 897/897/897 896/896/896
f 885/885/885 886/886/886 897/897/897
f 886/886/886 898/898/898 897/897/897
f 886/886/886 887/887/887 898/898/898
f 887/887/887 899/899/899 898/898/898
f 887/887/887 888/888/888 899/899/899
f 888/888/888 900/900/900 899/899/899
f 888/888/888 889/889/889 900/900/900
f 889/889/889 901/901/901 900/900/900
f 889/889/889 890/890/890 901/901/901
f 890/890/890 902/902/902 901/901/901
f 890/890/890 891/891/891 902/902/902
f 891/891/891 903/903/903 902/902/902
f 891/891/891 892/892/892 903/903/903
f 892/892/892 904/904/904 903/903/903
f 892/892/892 893/893/893 904/904/904
f 893/893/893 905/905/905 904/904/904
f 893/893/893 894/894/894 905/905/905
f 895/895/895 907/907/907 906/906/906
f 895/895/895 896/896/896 907/907/907
f 896/896/896 908/908/908 907/907/907
f 896/896/896 897/897/897 908/908/908
f 897/897/897 909/909/909 908/908/908
f 897/897/897 898/898/898 909/909/909
f 898/898/898 910/910/910 909/909/909
f 898/898/898 899/899/899 910/910/910
f 899/899/899 911/911/911 910/910/910
f 899/899/899 900/900/900 911/911/911
f 900/900/900 912/912/912 911/911/911
f 900/900/900 901/901/901 912/912/912
f 901/901/901 913/913/913 912/912/912
f 901/901/901 902/902/902 913/913/913
f 902/902/902 914/914/914 913/913/913
f 902/902/902 903/903/903 914/914/914
f 903/903/903 915/915/915 914/914/914
f 903/903/903 904/904/904 915/915/915
f 904/904/904 916/916/916 915/915/915
f 904/904/904 905/905/905 916/916/916
f 906/906/906 918/918/918 917/917/917
f 906/906/906 907/907/907 918/918/918
f 907/907/907 919/919/919 918/918/918
f 907/907/907 908/908/908 919/919/919
f 908/908/908 920/920/920 919/919/919
f 908/908/908 909/909/909 920/920/920
f 909/909/909 921/921/921 920/920/920
f 909/909/909 910/910/910 921/921/921
f 910/910/910 922/922/922 921/921/921
f 910/910/910 911/911/911 922/922/922
f 911/911/911 923/923/923 922/922/922
f 911/911/911 912/912/912 923/923/923
f 912/912/912 924/924/924 923/923/923
f 912/912/912 913/913/913 924/924/924
f 913/913/913 925/925/925 924/924/924
f 913/913/913 914/914/914 925/925/925
f 914/914/914 926/926/926 925/925/925
f 914/914/914 915/915/915 926/926/926
f 915/915/915 927/927/927 926/926/926
f 915/915/915 916/916/916 927/927/927
f 917/917/917 929/929/929 928/928/928
f 917/917/917 918/918/918 929/929/929
f 918/918/918 930/930/930 929/929/929
f 918/918/918 919/919/919 930/930/930
f 919/919/919 931/931/931 930/930/930
f 919/919/919 920/920/920 931/931/931
f 920/920/920 932/932/932 931/931/931
f 920/920/920 921/921/921 932/932/932
f 921/921/921 933/933/933 932/932/932
f 921/921/921 922/922/922 933/933/933
f 922/922/922 934/934/934 933/933/933
f 922/922/922 923/923/923 934/934/934
f 923/923/923 935/935/935 934/934/934
f 923/923/923 924/924/924 935/935/935
f 924/924/924 936/936/936 935/935/935
f 924/924/924 925/925/925 936/936/936
f 925/925/925 937/937/937 936/936/936
f 925/925/925 926/926/926 937/937/937
f 926/926/926 938/938/938 937/937/937
f 926/926/926 927/927/927 938/938/938
f 928/928/928 940/940/940 939/939/939
f 928/928/928 929/929/929 940/940/940
f 929/929/929 941/941/941 940/940/940
f 929/929/929 930/930/930 941/941/941
f 930/930/930 942/942/942 941/941/941
f 930/930/930 931/931/931 942/942/942
f 931/931/931 943/943/943 942/942/942
f 931/931/931 932/932/932 943/943/943
f 932/932/932 944/944/944 943/943/943
f 932/932/932 933/933/933 944/944/944
f 933/933/933 945/945/945 944/944/944
f 933/933/933 934/934/934 945/945/945
f 934/934/934 946/946/946 945/945/945
f 934/934/934 935/935/935 946/946/946
f 935/935/935 947/947/947 946/946/946
f 935/935/935 936/936/936 947/947/947
f 936/936/936 948/948/948 947/947/947
f 936/936/936 937/937/937 948/948/948
f 937/937/937 949/949/949 948/948/948
f 937/937/937 938/938/938 949/949/949
f 939/939/939 951/951/951 950/950/950
f 939/939/939 940/940/940 951/951/951
f 940/940/940 952/952/952 951/951/951
f 940/940/940 941/941/941 952/952/952
f 941/941/941 953/953/953 952/952/952
f 941/941/941 942/942/942 953/953/953
f 942/942/942 954/954/954 953/953/953
f 942/942/942 943/943/943 954/954/954
f 943/943/943 955/955/955 954/954/954
f 943/943/943 944/944/944 955/955/955
f 944/944/944 956/956/956 955/955/955
f 944/944/944 945/945/945 956/956/956
f 945/945/945 957/957/957 956/956/956
f 945/945/945 946/946/946 957/957/957
f 946/946/946 958/958/958 957/957/957
f 946/946/946 947/947/947 958/958/958
f 947/947/947 959/959/959 958/958/958
f 947/947/947 948/948/948 959/959/959
f 948/948/948 960/960/960 959/959/959
f 948/948/948 949/949/949 960/960/960
f 950/950/950 962/962/962 961/961/961
f 950/950/950 951/951/951 962/962/962
f 951/951/951 963/963/963 962/962/962
f 951/951/951 952/952/952 963/963/963
f 952/952/952 964/964/964 963/963/963
f 952/952/952 953/953/953 964/964/964
f 953/953/953 965/965/965 964/964/964
f 953/953/953 954/954/954 965/965/965
f 954/954/954 966/966/966 965/965/965
f 954/954/954 955/955/955 966/966/966
f 955/955/955 967/967/967 966/966/966
f 955/955/955 956/956/956 967/967/967
f 956/956/956 968/968/968 967/967/967
f 956/956/956 957/957/957 968/968/968
f 957/957/957 969/969/969 968/968/968
f 957/957/957 958/958/958 969/969/969
f 958/958/958 970/970/970 969/969/969
f 958/958/958 959/959/959 970/970/970
f 959/959/959 971/971/971 970/970/970
f 959/959/959 960/960/960 971/971/971
f 961/961/961 973/973/973 972/972/972
f 961/961/961 962/962/962 973/973/973
f 962/962/962 974/974/974 973/973/973
f 962/962/962 963/963/963 974/974/974
f 963/963/963 975/975/975 974/974/974
f 963/963/963 964/964/964 975/975/975
f 964/964/964 976/976/976 975/975/975
f 964/964/964 965/965/965 976/976/976
f 965/965/965 977/977/977 976/976/976
f 965/965/965 966/966/966 977/977/977
f 966/966/966 978/978/978 977/977/977
f 966/966/966 967/967/967 978/978/978
f 967/967/967 979/979/979 978/978/978
f 967/967/967 968/968/968 979/979/979
f 968/968/968 980/980/980 979/979/979
f 968/968/968 969/969/969 980/980/980
f 969/969/969 981/981/981 980/980/980
f 969/969/969 970/970/970 981/981/981
f 970/970/970 982/982/982 981/981/981
f 970/970/970 971/971/971 982/982/982
f 983/983/983 991/991/991 984/984/984
f 983/983/983 990/990/990 991/991/991
f 997/997/997 983/983/983 984/984/984
f 998/998/998 991/991/991 990/990/990
f 984/984/984 992/992/992 985/985/985
f 984/984/984 991/991/991 992/992/992
f 997/997/997 984/984/984 985/985/985
f 998/998/998 992/992/992 991/991/991
f 985/985/985 993/993/993 986/986/986
f 985/985/985 992/992/992 993/993/993
f 997/997/997 985/985/985 986/986/986
f 998/998/998 993/993/993 992/992/992
f 986/986/986 994/994/994 987/987/987
f 986/986/986 993/993/993 994/994/994
f 997/997/997 986/986/986 987/987/987
f 998/998/998 994/994/994 993/993/993
f 987/987/987 995/995/995 988/988/988
f 987/987/987 994/994/994 995/995/995
f 997/997/997 987/987/987 988/988/988
f 998/998/998 995/995/995 994/994/994
f 988/988/988 996/996/996 989/989/989
f 988/988/988 995/995/995 996/996/996
f 997/997/997 988/988/988 989/989/989
f 998/998/998 996/996/996 995/995/995
f 989/989/989 990/990/990 983/983/983
f 989/989/989 996/996/996 990/990/990
f 997/997/997 989/989/989 983/983/983
f 998/998/998 990/990/990 996/996/996
f 999/999/999 1011/1011/1011 1010/1010/1010
f 999/999/999 1000/1000/1000 1011/1011/1011
f 1000/1000/1000 1012/1012/1012 1011/1011/1011
f 1000/1000/1000 1001/1001/1001 1012/1012/1012
f 1001/1001/1001 1013/1013/1013 1012/1012/1012
f 1001/1001/1001 1002/1002/1002 1013/1013/1013
f 1002/1002/1002 1014/1014/1014 1013/1013/1013
f 1002/1002/1002 1003/1003/1003 1014/1014/1014
f 1003/1003/1003 1015/1015/1015 1014/1014/1014
f 1003/1003/1003 1004/1004/1004 1015/1015/1015
f 1004/1004/1004 1016/1016/1016 1015/1015/1015
f 1004/1004/1004 1005/1005/1005 1016/1016/1016
f 1005/1005/1005 1017/1017/1017 1016/1016/1016
f 1005/1005/1005 1006/1006/1006 1017/1017/1017
f 1006/1006/1006 1018/1018/1018 1017/1017/1017
f 1006/1006/1006 1007/1007/1007 1018/1018/1018
f 1007/1007/1007 1019/1019/1019 1018/1018/1018
f 1007/1007/1007 1008/1008/1008 1019/1019/1019
f 1008/1008/1008 1020/1020/1020 1019/1019/1019
f 1008/1008/1008 1009/1009/1009 1020/1020/1020
f 1010/1010/1010 1022/1022/1022 1021/1021/1021
f 1010/1010/1010 1011/1011/1011 1022/1022/1022
f 1011/1011/1011 1023/1023/1023 1022/1022/1022
f 1011/1011/1011 1012/1012/1012 1023/1023/1023
f 1012/1012/1012 1024/1024/1024 1023/1023/1023
f 1012/1012/1012 1013/1013/1013 1024/1024/1024
f 1013/1013/1013 1025/1025/1025 1024/1024/1024
f 1013/1013/1013 1014/1014/1014 1025/1025/1025
f 1014/1014/1014 1026/1026/1026 1025/1025/1025
f 1014/1014/1014 1015/1015/1015 1026/1026/1026
f 1015/1015/1015 1027/1027/1027 1026/1026/1026
f 1015/1015/1015 1016/1016/1016 1027/1027/1027
f 1016/1016/1016 1028/1028/1028 1027/1027/1027
f 1016/1016/1016 1017/1017/1017 1028/1028/1028
f 1017/1017/1017 1029/1029/1029 1028/1028/1028
f 1017/1017/1017 1018/1018/1018 1029/1029/1029
f 1018/1018/1018 1030/1030/1030 1029/1029/1029
f 1018/1018/1018 1019/1019/1019 1030/1030/1030
f 1019/1019/1019 1031/1031/1031 1030/1030/1030
f 1019/1019/1019 1020/1020/1020 1031/1031/1031
f 1021/1021/1021 1033/1033/1033 1032/1032/1032
f 1021/1021/1021 1022/1022/1022 1033/1033/1033
f 1022/1022/1022 1034/1034/1034 1033/1033/1033
f 1022/1022/1022 1023/1023/1023 1034/1034/1034
f 1023/1023/1023 1035/1035/1035 1034/1034/1034
f 1023/1023/1023 1024/1024/1024 1035/1035/1035
f 1024/1024/1024 1036/1036/1036 1035/1035/1035
f 1024/1024/1024 1025/1025/1025 1036/1036/1036
f 1025/1025/1025 1037/1037/1037 1036/1036/1036
f 1025/1025/1025 1026/1026/1026 1037/1037/1037
f 1026/1026/1026 1038/1038/1038 1037/1037/1037
f 1026/1026/1026 1027/1027/1027 1038/1038/1038
f 1027/1027/1027 1039/1039/1039 1038/1038/1038
f 1027/1027/1027 1028/1028/1028 1039/1039/1039
f 1028/1028/1028 1040/1040/1040 1039/1039/1039
f 1028/1028/1028 1029/1029/1029 1040/1040/1040
f 1029/1029/1029 1041/1041/1041 1040/1040/1040
f 1029/1029/1029 1030/1030/1030 1041/1041/1041
f 1030/1030/1030 1042/1042/1042 1041/1041/1041
f 1030/1030/1030 1031/1031/1031 1042/1042/1042
f 1032/1032/1032 1044/1044/1044 1043/1043/1043
f 1032/1032/1032 1033/1033/1033 1044/1044/1044
f 1033/1033/1033 1045/1045/1045 1044/1044/1044
f 1033/1033/1033 1034/1034/1034 1045/1045/1045
f 1034/1034/1034 1046/1046/1046 1045/1045/1045
f 1034/1034/1034 1035/1035/1035 1046/1046/1046
f 1035/1035/1035 1047/1047/1047 1046/1046/1046
f 1035/1035/1035 1036/1036/1036 1047/1047/1047
f 1036/1036/1036 1048/1048/1048 1047/1047/1047
f 1036/1036/1036 1037/1037/1037 1048/1048/1048
f 1037/1037/1037 1049/1049/1049 1048/1048/1048
f 1037/1037/1037 1038/1038/1038 1049/1049/1049
f 1038/1038/1038 1050/1050/1050 1049/1049/1049
f 1038/1038/1038 1039/1039/1039 1050/1050/1050
f 1039/1039/1039 1051/1051/1051 1050/1050/1050
f 1039/1039/1039 1040/1040/1040 1051/1051/1051
f 1040/1040/1040 1052/1052/1052 1051/1051/1051
f 1040/1040/1040 1041/1041/1041 1052/1052/1052
f 1041/1041/1041 1053/1053/1053 1052/1052/1052
f 1041/1041/1041 1042/1042/1042 1053/1053/1053
f 1043/1043/1043 1055/1055/1055 1054/1054/1054
f 1043/1043/1043 1044/1044/1044 1055/1055/1055
f 1044/1044/1044 1056/1056/1056 1055/1055/1055
f 1044/1044/1044 1045/1045/1045 1056/1056/1056
f 1045/1045/1045 1057/1057/1057 1056/1056/1056
f 1045/1045/1045 1046/1046/1046 1057/1057/1057
f 1046/1046/1046 1058/1058/1058 1057/1057/1057
f 1046/1046/1046 1047/1047/1047 1058/1058/1058
f 1047/1047/1047 1059/1059/1059 1058/1058/1058
f 1047/1047/1047 1048/1048/1048 1059/1059/1059
f 1048/1048/1048 1060/1060/1060 1059/1059/1059
f 1048/1048/1048 1049/1049/1049 1060/1060/1060
f 1049/1049/1049 1061/1061/1061 1060/1060/1060
f 1049/1049/1049 1050/1050/1050 1061/1061/1061
f 1050/1050/1050 1062/1062/1062 1061/1061/1061
f 1050/1050/1050 1051/1051/1051 1062/1062/1062
f 1051/1051/1051 1063/1063/1063 1062/1062/1062
f 1051/1051/1051 1052/1052/1052 1063/1063/1063
f 1052/1052/1052 1064/1064/1064 1063/1063/1063
f 1052/1052/1052 1053/1053/1053 1064/1064/1064
f 1054/1054/1054 1066/1066/1066 1065/1065/1065
f 1054/1054/1054 1055/1055/1055 1066/1066/1066
f 1055/1055/1055 1067/1067/1067 1066/1066/1066
f 1055/1055/1055 1056/1056/1056 1067/1067/1067
f 1056/1056/1056 1068/1068/1068 1067/1067/1067
f 1056/1056/1056 1057/1057/1057 1068/1068/1068
f 1057/1057/1057 1069/1069/1069 1068/1068/1068
f 1057/1057/1057 1058/1058/1058 1069/1069/1069
f 1058/1058/1058 1070/1070/1070 1069/1069/1069
f 1058/1058/1058 1059/1059/1059 1070/1070/1070
f 1059/1059/1059 1071/1071/1071 1070/1070/1070
f 1059/1059/1059 1060/1060/1060 1071/1071/1071
f 1060/1060/1060 1072/1072/1072 1071/1071/1071
f 1060/1060/1060 1061/1061/1061 1072/1072/1072
f 1061/1061/1061 1073/1073/1073 1072/1072/1072
f 1061/1061/1061 1062/1062/1062 1073/1073/1073
f 1062/1062/1062 1074/1074/1074 1073/1073/1073
f 1062/1062/1062 1063/1063/1063 1074/1074/1074
f 1063/1063/1063 1075/1075/1075 1074/1074/1074
f 1063/1063/1063 1064/1064/1064 1075/1075/1075
f 1065/1065/1065 1077/1077/1077 1076/1076/1076
f 1065/1065/1065 1066/1066/1066 1077/1077/1077
f 1066/1066/1066 1078/1078/1078 1077/1077/1077
f 1066/1066/1066 1067/1067/1067 1078/1078/1078
f 1067/1067/1067 1079/1079/1079 1078/1078/1078
f 1067/1067/1067 1068/1068/1068 1079/1079/1079
f 1068/1068/1068 1080/1080/1080 1079/1079/1079
f 1068/1068/1068 1069/1069/1069 1080/1080/1080
f 1069/1069/1069 1081/1081/1081 1080/1080/1080
f 1069/1069/1069 1070/1070/1070 1081/1081/1081
f 1070/1070/1070 1082/1082/1082 1081/1081/1081
f 1070/1070/1070 1071/1071/1071 1082/1082/1082
f 1071/1071/1071 1083/1083/1083 1082/1082/1082
f 1071/1071/1071 1072/1072/1072 1083/1083/1083
f 1072/1072/1072 1084/1084/1084 1083/1083/1083
f 1072/1072/1072 1073/1073/1073 1084/1084/1084
f 1073/1073/1073 1085/1085/1085 1084/1084/1084
f 1073/1073/1073 1074/1074/1074 1085/1085/1085
f 1074/1074/1074 1086/1086/1086 1085/1085/1085
f 1074/1074/1074 1075/1075/1075 1086/1086/1086
f 1076/1076/1076 1088/1088/1088 1087/1087/1087
f 1076/1076/1076 1077/1077/1077 1088/1088/1088
f 1077/1077/1077 1089/1089/1089 1088/1088/1088
f 1077/1077/1077 1078/1078/1078 1089/1089/1089
f 1078/1078/1078 1090/1090/1090 1089/1089/1089
f 1078/1078/1078 1079/1079/1079 1090/1090/1090
f 1079/1079/1079 1091/1091/1091 1090/1090/1090
f 1079/1079/1079 1080/1080/1080 1091/1091/1091
f 1080/1080/1080 1092/1092/1092 1091/1091/1091
f 1080/1080/1080 1081/1081/1081 1092/1092/1092
f 1081/1081/1081 1093/1093/1093 1092/1092/1092
f 1081/1081/1081 1082/1082/1082 1093/1093/1093
f 1082/1082/1082 1094/1094/1094 1093/1093/1093
f 1082/1082/1082 1083/1083/1083 1094/1094/1094
f 1083/1083/1083 1095/1095/1095 1094/1094/1094
f 1083/1083/1083 1084/1084/1084 1095/1095/1095
f 1084/1084/1084 1096/1096/1096 1095/1095/1095
f 1084/1084/1084 1085/1085/1085 1096/1096/1096
f 1085/1085/1085 1097/1097/1097 1096/1096/1096
f 1085/1085/1085 1086/1086/1086 1097/1097/1097
f 1098/1098/1098 1106/1106/1106 1099/1099/1099
f 1098/1098/1098 1105/1105/1105 1106/1106/1106
f 1112/1112/1112 1098/1098/1098 1099/1099/1099
f 1113/1113/1113 1106/1106/1106 1105/1105/1105
f 1099/1099/1099 1107/1107/1107 1100/1100/1100
f 1099/1099/1099 1106/1106/1106 1107/1107/1107
f 1112/1112/1112 1099/1099/1099 1100/1100/1100
f 1113/1113/1113 1107/1107/1107 1106/1106/1106
f 1100/1100/1100 1108/1108/1108 1101/1101/1101
f 1100/1100/1100 1107/1107/1107 1108/1108/1108
f 1112/1112/1112 1100/1100/1100 1101/1101/1101
f 1113/1113/1113 1108/1108/1108 1107/1107/1107
f 1101/1101/1101 1109/1109/1109 1102/1102/1102
f 1101/1101/1101 1108/1108/1108 1109/1109/1109
f 1112/1112/1112 1101/1101/1101 1102/1102/1102
f 1113/1113/1113 1109/1109/1109 1108/1108/1108
f 1102/1102/1102 1110/1110/1110 1103/1103/1103
f 1102/1102/1102 1109/1109/1109 1110/1110/1110
f 1112/1112/1112 1102/1102/1102 1103/1103/1103
f 1113/1113/1113 1110/1110/1110 1109/1109/1109
f 1103/1103/1103 1111/1111/1111 1104/1104/1104
f 1103/1103/1103 1110/1110/1110 1111/1111/1111
f 1112/1112/1112 1103/1103/1103 1104/1104/1104
f 1113/1113/1113 1111/1111/1111 1110/1110/1110
f 1104/1104/1104 1105/1105/1105 1098/1098/1098
f 1104/1104/1104 1111/1111/1111 1105/1105/1105
f 1112/1112/1112 1104/1104/1104 1098/1098/1098
f 1113/1113/1113 1105/1105/1105 1111/1111/1111
f 1114/1114/1114 1126/1126/1126 1125/1125/1125
f 1114/1114/1114 1115/1115/1115 1126/1126/1126
f 1115/1115/1115 1127/1127/1127 1126/1126/1126
f 1115/1115/1115 1116/1116/1116 1127/1127/1127
f 1116/1116/1116 1128/1128/1128 1127/1127/1127
f 1116/1116/1116 1117/1117/1117 1128/1128/1128
f 1117/1117/1117 1129/1129/1129 1128/1128/1128
f 1117/1117/1117 1118/1118/1118 1129/1129/1129
f 1118/1118/1118 1130/1130/1130 1129/1129/1129
f 1118/1118/1118 1119/1119/1119 1130/1130/1130
f 1119/1119/1119 1131/1131/1131 1130/1130/1130
f 1119/1119/1119 1120/1120/1120 1131/1131/1131
f 1120/1120/1120 1132/1132/1132 1131/1131/1131
f 1120/1120/1120 1121/1121/1121 1132/1132/1132
f 1121/1121/1121 1133/1133/1133 1132/1132/1132
f 1121/1121/1121 1122/1122/1122 1133/1133/1133
f 1122/1122/1122 1134/1134/1134 1133/1133/1133
f 1122/1122/1122 1123/1123/1123 1134/1134/1134
f 1123/1123/1123 1135/1135/1135 1134/1134/1134
f 1123/1123/1123 1124/1124/1124 1135/1135/1135
f 1125/1125/1125 1137/1137/1137 1136/1136/1136
f 1125/1125/1125 1126/1126/1126 1137/1137/1137
f 1126/1126/1126 1138/1138/1138 1137/1137/1137
f 1126/1126/1126 1127/1127/1127 1138/1138/1138
f 1127/1127/1127 1139/1139/1139 1138/1138/1138
f 1127/1127/1127 1128/1128/1128 1139/1139/1139
f 1128/1128/1128 1140/1140/1140 1139/1139/1139
f 1128/1128/1128 1129/1129/1129 1140/1140/1140
f 1129/1129/1129 1141/1141/1141 1140/1140/1140
f 1129/1129/1129 1130/1130/1130 1141/1141/1141
f 1130/1130/1130 1142/1142/1142 1141/1141/1141
f 1130/1130/1130 1131/1131/1131 1142/1142/1142
f 1131/1131/1131 1143/1143/1143 1142/1142/1142
f 1131/1131/1131 1132/1132/1132 1143/1143/1143
f 1132/1132/1132 1144/1144/1144 1143/1143/1143
f 1132/1132/1132 1133/1133/1133 1144/1144/1144
f 1133/1133/1133 1145/1145/1145 1144/1144/1144
f 1133/1133/1133 1134/1134/1134 1145/1145/1145
f 1134/1134/1134 1146/1146/1146 1145/1145/1145
f 1134/1134/1134 1135/1135/1135 1146/1146/1146
f 1136/1136/1136 1148/1148/1148 1147/1147/1147
f 1136/1136/1136 1137/1137/1137 1148/1148/1148
f 1137/1137/1137 1149/1149/1149 1148/1148/1148
f 1137/1137/1137 1138/1138/1138 1149/1149/1149
f 1138/1138/1138 1150/1150/1150 1149/1149/1149
f 1138/1138/1138 1139/1139/1139 1150/1150/1150
f 1139/1139/1139 1151/1151/1151 1150/1150/1150
f 1139/1139/1139 1140/1140/1140 1151/1151/1151
f 1140/1140/1140 1152/1152/1152 1151/1151/1151
f 1140/1140/1140 1141/1141/1141 1152/1152/1152
f 1141/1141/1141 1153/1153/1153 1152/1152/1152
f 1141/1141/1141 1142/1142/1142 1153/1153/1153
f 1142/1142/1142 1154/1154/1154 1153/1153/1153
f 1142/1142/1142 1143/1143/1143 1154/1154/1154
f 1143/1143/1143 1155/1155/1155 1154/1154/1154
f 1143/1143/1143 1144/1144/1144 1155/1155/1155
f 1144/1144/1144 1156/1156/1156 1155/1155/1155
f 1144/1144/1144 1145/1145/1145 1156/1156/1156
f 1145/1145/1145 1157/1157/1157 1156/1156/1156
f 1145/1145/1145 1146/1146/1146 1157/1157/1157
f 1147/1147/1147 1159/1159/1159 1158/1158/1158
f 1147/1147/1147 1148/1148/1148 1159/1159/1159
f 1148/1148/1148 1160/1160/1160 1159/1159/1159
f 1148/1148/1148 1149/1149/1149 1160/1160/1160
f 1149/1149/1149 1161/1161/1161 1160/1160/1160
f 1149/1149/1149 1150/1150/1150 1161/1161/1161
f 1150/1150/1150 1162/1162/1162 1161/1161/1161
f 1150/1150/1150 1151/1151/1151 1162/1162/1162
f 1151/1151/1151 1163/1163/1163 1162/1162/1162
f 1151/1151/1151 1152/1152/1152 1163/1163/1163
f 1152/1152/1152 1164/1164/1164 1163/1163/1163
f 1152/1152/1152 1153/1153/1153 1164/1164/1164
f 1153/1153/1153 1165/1165/1165 1164/1164/1164
f 1153/1153/1153 1154/1154/1154 1165/1165/1165
f 1154/1154/1154 1166/1166/1166 1165/1165/1165
f 1154/1154/1154 1155/1155/1155 1166/1166/1166
f 1155/1155/1155 1167/1167/1167 1166/1166/1166
f 1155/1155/1155 1156/1156/1156 1167/1167/1167
f 1156/1156/1156 1168/1168/1168 1167/1167/1167
f 1156/1156/1156 1157/1157/1157 1168/1168/1168
f 1158/1158/1158 1170/1170/1170 1169/1169/1169
f 1158/1158/1158 1159/1159/1159 1170/1170/1170
f 1159/1159/1159 1171/1171/1171 1170/1170/1170
f 1159/1159/1159 1160/1160/1160 1171/1171/1171
f 1160/1160/1160 1172/1172/1172 1171/1171/1171
f 1160/1160/1160 1161/1161/1161 1172/1172/1172
f 1161/1161/1161 1173/1173/1173 1172/1172/1172
f 1161/1161/1161 1162/1162/1162 1173/1173/1173
f 1162/1162/1162 1174/1174/1174 1173/1173/1173
f 1162/1162/1162 1163/1163/1163 1174/1174/1174
f 1163/1163/1163 1175/1175/1175 1174/1174/1174
f 1163/1163/1163 1164/1164/1164 1175/1175/1175
f 1164/1164/1164 1176/1176/1176 1175/1175/1175
f 1164/1164/1164 1165/1165/1165 1176/1176/1176
f 1165/1165/1165 1177/1177/1177 1176/1176/1176
f 1165/1165/1165 1166/1166/1166 1177/1177/1177
f 1166/1166/1166 1178/1178/1178 1177/1177/1177
f 1166/1166/1166 1167/1167/1167 1178/1178/1178
f 1167/1167/1167 1179/1179/1179 1178/1178/1178
f 1167/1167/1167 1168/1168/1168 1179/1179/1179
f 1169/1169/1169 1181/1181/1181 1180/1180/1180
f 1169/1169/1169 1170/1170/1170 1181/1181/1181
f 1170/1170/1170 1182/1182/1182 1181/1181/1181
f 1170/1170/1170 1171/1171/1171 1182/1182/1182
f 1171/1171/1171 1183/1183/1183 1182/1182/1182
f 1171/1171/1171 1172/1172/1172 1183/1183/1183
f 1172/1172/1172 1184/1184/1184 1183/1183/1183
f 1172/1172/1172 1173/1173/1173 1184/1184/1184
f 1173/1173/1173 1185/1185/1185 1184/1184/1184
f 1173/1173/1173 1174/1174/1174 1185/1185/1185
f 1174/1174/1174 1186/1186/1186 1185/1185/1185
f 1174/1174/1174 1175/1175/1175 1186/1186/1186
f 1175/1175/1175 1187/1187/1187 1186/1186/1186
f 1175/1175/1175 1176/1176/1176 1187/1187/1187
f 1176/1176/1176 1188/1188/1188 1187/1187/1187
f 1176/1176/1176 1177/1177/1177 1188/1188/1188
f 1177/1177/1177 1189/1189/1189 1188/1188/1188
f 1177/1177/1177 1178/1178/1178 1189/1189/1189
f 1178/1178/1178 1190/1190/1190 1189/1189/1189
f 1178/1178/1178 1179/1179/1179 1190/1190/1190
f 1180/1180/1180 1192/1192/1192 1191/1191/1191
f 1180/1180/1180 1181/1181/1181 1192/1192/1192
f 1181/1181/1181 1193/1193/1193 1192/1192/1192
f 1181/1181/1181 1182/1182/1182 1193/1193/1193
f 1182/1182/1182 1194/1194/1194 1193/1193/1193
f 1182/1182/1182 1183/1183/1183 1194/1194/1194
f 1183/1183/1183 1195/1195/1195 1194/1194/1194
f 1183/1183/1183 1184/1184/1184 1195/1195/1195
f 1184/1184/1184 1196/1196/1196 1195/1195/1195
f 1184/1184/1184 1185/1185/1185 1196/1196/1196
f 1185/1185/1185 1197/1197/1197 1196/1196/1196
f 1185/1185/1185 1186/1186/1186 1197/1197/1197
f 1186/1186/1186 1198/1198/1198 1197/1197/1197
f 1186/1186/1186 1187/1187/1187 1198/1198/1198
f 1187/1187/1187 1199/1199/1199 1198/1198/1198
f 1187/1187/1187 1188/1188/1188 1199/1199/1199
f 1188/1188/1188 1200/1200/1200 1199/1199/1199
f 1188/1188/1188 1189/1189/1189 1200/1200/1200
f 1189/1189/1189 1201/1201/1201 1200/1200/1200
f 1189/1189/1189 1190/1190/1190 1201/1201/1201
f 1191/1191/1191 1203/1203/1203 1202/1202/1202
f 1191/1191/1191 1192/1192/1192 1203/1203/1203
f 1192/1192/1192 1204/1204/1204 1203/1203/1203
f 1192/1192/1192 1193/1193/1193 1204/1204/1204
f 1193/1193/1193 1205/1205/1205 1204/1204/1204
f 1193/1193/1193 1194/1194/1194 1205/1205/1205
f 1194/1194/1194 1206/1206/1206 1205/1205/1205
f 1194/1194/1194 1195/1195/1195 1206/1206/1206
f 1195/1195/1195 1207/1207/1207 1206/1206/1206
f 1195/1195/1195 1196/1196/1196 1207/1207/1207
f 1196/1196/1196 1208/1208/1208 1207/1207/1207
f 1196/1196/1196 1197/1197/1197 1208/1208/1208
f 1197/1197/1197 1209/1209/1209 1208/1208/1208
f 1197/1197/1197 1198/1198/1198 1209/1209/1209
f 1198/1198/1198 1210/1210/1210 1209/1209/1209
f 1198/1198/1198 1199/1199/1199 1210/1210/1210
f 1199/1199/1199 1211/1211/1211 1210/1210/1210
f 1199/1199/1199 1200/1200/1200 1211/1211/1211
f 1200/1200/1200 1212/1212/1212 1211/1211/1211
f 1200/1200/1200 1201/1201/1201 1212/1212/1212
f 1213/1213/1213 1221/1221/1221 1214/1214/1214
f 1213/1213/1213 1220/1220/1220 1221/1221/1221
f 1227/1227/1227 1213/1213/1213 1214/1214/1214
f 1228/1228/1228 1221/1221/1221 1220/1220/1220
f 1214/1214/1214 1222/1222/1222 1215/1215/1215
f 1214/1214/1214 1221/1221/1221 1222/1222/1222
f 1227/1227/1227 1214/1214/1214 1215/1215/1215
f 1228/1228/1228 1222/1222/1222 1221/1221/1221
f 1215/1215/1215 1223/1223/1223 1216/1216/1216
f 1215/1215/1215 1222/1222/1222 1223/1223/1223
f 1227/1227/1227 1215/1215/1215 1216/1216/1216
f 1228/1228/1228 1223/1223/1223 1222/1222/1222
f 1216/1216/1216 1224/1224/1224 1217/1217/1217
f 1216/1216/1216 1223/1223/1223 1224/1224/1224
f 1227/1227/1227 1216/1216/1216 1217/1217/1217
f 1228/1228/1228 1224/1224/1224 1223/1223/1223
f 1217/1217/1217 1225/1225/1225 1218/1218/1218
f 1217/1217/1217 1224/1224/1224 1225/1225/1225
f 1227/1227/1227 1217/1217/1217 1218/1218/1218
f 1228/1228/1228 1225/1225/1225 1224/1224/1224
f 1218/1218/1218 1226/1226/1226 1219/1219/1219
f 1218/1218/1218 1225/1225/1225 1226/1226/1226
f 1227/1227/1227 1218/1218/1218 1219/1219/1219
f 1228/1228/1228 1226/1226/1226 1225/1225/1225
f 1219/1219/1219 1220/1220/1220 1213/1213/1213
f 1219/1219/1219 1226/1226/1226 1220/1220/1220
f 1227/1227/1227 1219/1219/1219 1213/1213/1213
f 1228/1228/1228 1220/1220/1220 1226/1226/1226
f 1229/1229/1229 1241/1241/1241 1240/1240/1240
f 1229/1229/1229 1230/1230/1230 1241/1241/1241
f 1230/1230/1230 1242/1242/1242 1241/1241/1241
f 1230/1230/1230 1231/1231/1231 1242/1242/1242
f 1231/1231/1231 1243/1243/1243 1242/1242/1242
f 1231/1231/1231 1232/1232/1232 1243/1243/1243
f 1232/1232/1232 1244/1244/1244 1243/1243/1243
f 1232/1232/1232 1233/1233/1233 1244/1244/1244
f 1233/1233/1233 1245/1245/1245 1244/1244/1244
f 1233/1233/1233 1234/1234/1234 1245/1245/1245
f 1234/1234/1234 1246/1246/1246 1245/1245/1245
f 1234/1234/1234 1235/1235/1235 1246/1246/1246
f 1235/1235/1235 1247/1247/1247 1246/1246/1246
f 1235/1235/1235 1236/1236/1236 1247/1247/1247
f 1236/1236/1236 1248/1248/1248 1247/1247/1247
f 1236/1236/1236 1237/1237/1237 1248/1248/1248
f 1237/1237/1237 1249/1249/1249 1248/1248/1248
f 1237/1237/1237 1238/1238/1238 1249/1249/1249
f 1238/1238/1238 1250/1250/1250 1249/1249/1249
f 1238/1238/1238 1239/1239/1239 1250/1250/1250
f 1240/1240/1240 1252/1252/1252 1251/1251/1251
f 1240/1240/1240 1241/1241/1241 1252/1252/1252
f 1241/1241/1241 1253/1253/1253 1252/1252/1252
f 1241/1241/1241 1242/1242/1242 1253/1253/1253
f 1242/1242/1242 1254/1254/1254 1253/1253/1253
f 1242/1242/1242 1243/1243/1243 1254/1254/1254
f 1243/1243/1243 1255/1255/1255 1254/1254/1254
f 1243/1243/1243 1244/1244/1244 1255/1255/1255
f 1244/1244/1244 1256/1256/1256 1255/1255/1255
f 1244/1244/1244 1245/1245/1245 1256/1256/1256
f 1245/1245/1245 1257/1257/1257 1256/1256/1256
f 1245/1245/1245 1246/1246/1246 1257/1257/1257
f 1246/1246/1246 1258/1258/1258 1257/1257/1257
f 1246/1246/1246 1247/1247/1247 1258/1258/1258
f 1247/1247/1247 1259/1259/1259 1258/1258/1258
f 1247/1247/1247 1248/1248/1248 1259/1259/1259
f 1248/1248/1248 1260/1260/1260 1259/1259/1259
f 1248/1248/1248 1249/1249/1249 1260/1260/1260
f 1249/1249/1249 1261/1261/1261 1260/1260/1260
f 1249/1249/1249 1250/1250/1250 1261/1261/1261
f 1251/1251/1251 1263/1263/1263 1262/1262/1262
f 1251/1251/1251 1252/1252/1252 1263/1263/1263
f 1252/1252/1252 1264/1264/1264 1263/1263/1263
f 1252/1252/1252 1253/1253/1253 1264/1264/1264
f 1253/1253/1253 1265/1265/1265 1264/1264/1264
f 1253/1253/1253 1254/1254/1254 1265/1265/1265
f 1254/1254/1254 1266/1266/1266 1265/1265/1265
f 1254/1254/1254 1255/1255/1255 1266/1266/1266
f 1255/1255/1255 1267/1267/1267 1266/1266/1266
f 1255/1255/1255 1256/1256/1256 1267/1267/1267
f 1256/1256/1256 1268/1268/1268 1267/1267/1267
f 1256/1256/1256 1257/1257/1257 1268/1268/1268
f 1257/1257/1257 1269/1269/1269 1268/1268/1268
f 1257/1257/1257 1258/1258/1258 1269/1269/1269
f 1258/1258/1258 1270/1270/1270 1269/1269/1269
f 1258/1258/1258 1259/1259/1259 1270/1270/1270
f 1259/1259/1259 1271/1271/1271 1270/1270/1270
f 1259/1259/1259 1260/1260/1260 1271/1271/1271
f 1260/1260/1260 1272/1272/1272 1271/1271/1271
f 1260/1260/1260 1261/1261/1261 1272/1272/1272
f 1262/1262/1262 1274/1274/1274 1273/1273/1273
f 1262/1262/1262 1263/1263/1263 1274/1274/1274
f 1263/1263/1263 1275/1275/1275 1274/1274/1274
f 1263/1263/1263 1264/1264/1264 1275/1275/1275
f 1264/1264/1264 1276/1276/1276 1275/1275/1275
f 1264/1264/1264 1265/1265/1265 1276/1276/1276
f 1265/1265/1265 1277/1277/1277 1276/1276/1276
f 1265/1265/1265 1266/1266/1266 1277/1277/1277
f 1266/1266/1266 1278/1278/1278 1277/1277/1277
f 1266/1266/1266 1267/1267/1267 1278/1278/1278
f 1267/1267/1267 1279/1279/1279 1278/1278/1278
f 1267/1267/1267 1268/1268/1268 1279/1279/1279
f 1268/1268/1268 1280/1280/1280 1279/1279/1279
f 1268/1268/1268 1269/1269/1269 1280/1280/1280
f 1269/1269/1269 1281/1281/1281 1280/1280/1280
f 1269/1269/1269 1270/1270/1270 1281/1281/1281
f 1270/1270/1270 1282/1282/1282 1281/1281/1281
f 1270/1270/1270 1271/1271/1271 1282/1282/1282
f 1271/1271/1271 1283/1283/1283 1282/1282/1282
f 1271/1271/1271 1272/1272/1272 1283/1283/1283
f 1273/1273/1273 1285/1285/1285 1284/1284/1284
f 1273/1273/1273 1274/1274/1274 1285/1285/1285
f 1274/1274/1274 1286/1286/1286 1285/1285/1285
f 1274/1274/1274 1275/1275/1275 1286/1286/1286
f 1275/1275/1275 1287/1287/1287 1286/1286/1286
f 1275/1275/1275 1276/1276/1276 1287/1287/1287
f 1276/1276/1276 1288/1288/1288 1287/1287/1287
f 1276/1276/1276 1277/1277/1277 1288/1288/1288
f 1277/1277/1277 1289/1289/1289 1288/1288/1288
f 1277/1277/1277 1278/1278/1278 1289/1289/1289
f 1278/1278/1278 1290/1290/1290 1289/1289/1289
f 1278/1278/1278 1279/1279/1279 1290/1290/1290
f 1279/1279/1279 1291/1291/1291 1290/1290/1290
f 1279/1279/1279 1280/1280/1280 1291/1291/1291
f 1280/1280/1280 1292/1292/1292 1291/1291/1291
f 1280/1280/1280 1281/1281/1281 1292/1292/1292
f 1281/1281/1281 1293/1293/1293 1292/1292/1292
f 1281/1281/1281 1282/1282/1282 1293/1293/1293
f 1282/1282/1282 1294/1294/1294 1293/1293/1293
f 1282/1282/1282 1283/1283/1283 1294/1294/1294
f 1284/1284/1284 1296/1296/1296 1295/1295/1295
f 1284/1284/1284 1285/1285/1285 1296/1296/1296
f 1285/1285/1285 1297/1297/1297 1296/1296/1296
f 1285/1285/1285 1286/1286/1286 1297/1297/1297
f 1286/1286/1286 1298/1298/1298 1297/1297/1297
f 1286/1286/1286 1287/1287/1287 1298/1298/1298
f 1287/1287/1287 1299/1299/1299 1298/1298/1298
f 1287/1287/1287 1288/1288/1288 1299/1299/1299
f 1288/1288/1288 1300/1300/1300 1299/1299/1299
f 1288/1288/1288 1289/1289/1289 1300/1300/1300
f 1289/1289/1289 1301/1301/1301 1300/1300/1300
f 1289/1289/1289 1290/1290/1290 1301/1301/1301
f 1290/1290/1290 1302/1302/1302 1301/1301/1301
f 1290/1290/1290 1291/1291/1291 1302/1302/1302
f 1291/1291/1291 1303/1303/1303 1302/1302/1302
f 1291/1291/1291 1292/1292/1292 1303/1303/1303
f 1292/1292/1292 1304/1304/1304 1303/1303/1303
f 1292/1292/1292 1293/1293/1293 1304/1304/1304
f 1293/1293/1293 1305/1305/1305 1304/1304/1304
f 1293/1293/1293 1294/1294/1294 1305/1305/1305
f 1295/1295/1295 1307/1307/1307 1306/1306/1306
f 1295/1295/1295 1296/1296/1296 1307/1307/1307
f 1296/1296/1296 1308/1308/1308 1307/1307/1307
f 1296/1296/1296 1297/1297/1297 1308/1308/1308
f 1297/1297/1297 1309/1309/1309 1308/1308/1308
f 1297/1297/1297 1298/1298/1298 1309/1309/1309
f 1298/1298/1298 1310/1310/1310 1309/1309/1309
f 1298/1298/1298 1299/1299/1299 1310/1310/1310
f 1299/1299/1299 1311/1311/1311 1310/1310/1310
f 1299/1299/1299 1300/1300/1300 1311/1311/1311
f 1300/1300/1300 1312/1312/1312 1311/1311/1311
f 1300/1300/1300 1301/1301/1301 1312/1312/1312
f 1301/1301/1301 1313/1313/1313 1312/1312/1312
f 1301/1301/1301 1302/1302/1302 1313/1313/1313
f 1302/1302/1302 1314/1314/1314 1313/1313/1313
f 1302/1302/1302 1303/1303/1303 1314/1314/1314
f 1303/1303/1303 1315/1315/1315 1314/1314/1314
f 1303/1303/1303 1304/1304/1304 1315/1315/1315
f 1304/1304/1304 1316/1316/1316 1315/1315/1315
f 1304/1304/1304 1305/1305/1305 1316/1316/1316
f 1306/1306/1306 1318/1318/1318 1317/1317/1317
f 1306/1306/1306 1307/1307/1307 1318/1318/1318
f 1307/1307/1307 1319/1319/1319 1318/1318/1318
f 1307/1307/1307 1308/1308/1308 1319/1319/1319
f 1308/1308/1308 1320/1320/1320 1319/1319/1319
f 1308/1308/1308 1309/1309/1309 1320/1320/1320
f 1309/1309/1309 1321/1321/1321 1320/1320/1320
f 1309/1309/1309 1310/1310/1310 1321/1321/1321
f 1310/1310/1310 1322/1322/1322 1321/1321/1321
f 1310/1310/1310 1311/1311/1311 1322/1322/1322
f 1311/1311/1311 1323/1323/1323 1322/1322/1322
f 1311/1311/1311 1312/1312/1312 1323/1323/1323
f 1312/1312/1312 1324/1324/1324 1323/1323/1323
f 1312/1312/1312 1313/1313/1313 1324/1324/1324
f 1313/1313/1313 1325/1325/1325 1324/1324/1324
f 1313/1313/1313 1314/1314/1314 1325/1325/1325
f 1314/1314/1314 1326/1326/1326 1325/1325/1325
f 1314/1314/1314 1315/1315/1315 1326/1326/1326
f 1315/1315/1315 1327/1327/1327 1326/1326/1326
f 1315/1315/1315 1316/1316/1316 1327/1327/1327
f 1328/1328/1328 1336/1336/1336 1329/1329/1329
f 1328/1328/1328 1335/1335/1335 1336/1336/1336
f 1342/1342/1342 1328/1328/1328 1329/1329/1329
f 1343/1343/1343 1336/1336/1336 1335/1335/1335
f 1329/1329/1329 1337/1337/1337 1330/1330/1330
f 1329/1329/1329 1336/1336/1336 1337/1337/1337
f 1342/1342/1342 1329/1329/1329 1330/1330/1330
f 1343/1343/1343 1337/1337/1337 1336/1336/1336
f 1330/1330/1330 1338/1338/1338 1331/1331/1331
f 1330/1330/1330 1337/1337/1337 1338/1338/1338
f 1342/1342/1342 1330/1330/1330 1331/1331/1331
f 1343/1343/1343 1338/1338/1338 1337/1337/1337
f 1331/1331/1331 1339/1339/1339 1332/1332/1332
f 1331/1331/1331 1338/1338/1338 1339/1339/1339
f 1342/1342/1342 1331/1331/1331 1332/1332/1332
f 1343/1343/1343 1339/1339/1339 1338/1338/1338
f 1332/1332/1332 1340/1340/1340 1333/1333/1333
f 1332/1332/1332 1339/1339/1339 1340/1340/1340
f 1342/1342/1342 1332/1332/1332 1333/1333/1333
f 1343/1343/1343 1340/1340/1340 1339/1339/1339
f 1333/1333/1333 1341/1341/1341 1334/1334/1334
f 1333/1333/1333 1340/1340/1340 1341/1341/1341
f 1342/1342/1342 1333/1333/1333 1334/1334/1334
f 1343/1343/1343 1341/1341/1341 1340/1340/1340
f 1334/1334/1334 1335/1335/1335 1328/1328/1328
f 1334/1334/1334 1341/1341/1341 1335/1335/1335
f 1342/1342/1342 1334/1334/1334 1328/1328/1328
f 1343/1343/1343 1335/1335/1335 1341/1341/1341
f 1344/1344/1344 1356/1356/1356 1355/1355/1355
f 1344/1344/1344 1345/1345/1345 1356/1356/1356
f 1345/1345/1345 1357/1357/1357 1356/1356/1356
f 1345/1345/1345 1346/1346/1346 1357/1357/1357
f 1346/1346/1346 1358/1358/1358 1357/1357/1357
f 1346/1346/1346 1347/1347/1347 1358/1358/1358
f 1347/1347/1347 1359/1359/1359 1358/1358/1358
f 1347/1347/1347 1348/1348/1348 1359/1359/1359
f 1348/1348/1348 1360/1360/1360 1359/1359/1359
f 1348/1348/1348 1349/1349/1349 1360/1360/1360
f 1349/1349/1349 1361/1361/1361 1360/1360/1360
f 1349/1349/1349 1350/1350/1350 1361/1361/1361
f 1350/1350/1350 1362/1362/1362 1361/1361/1361
f 1350/1350/1350 1351/1351/1351 1362/1362/1362
f 1351/1351/1351 1363/1363/1363 1362/1362/1362
f 1351/1351/1351 1352/1352/1352 1363/1363/1363
f 1352/1352/1352 1364/1364/1364 1363/1363/1363
f 1352/1352/1352 1353/1353/1353 1364/1364/1364
f 1353/1353/1353 1365/1365/1365 1364/1364/1364
f 1353/1353/1353 1354/1354/1354 1365/1365/1365
f 1355/1355/1355 1367/1367/1367 1366/1366/1366
f 1355/1355/1355 1356/1356/1356 1367/1367/1367
f 1356/1356/1356 1368/1368/1368 1367/1367/1367
f 1356/1356/1356 1357/1357/1357 1368/1368/1368
f 1357/1357/1357 1369/1369/1369 1368/1368/1368
f 1357/1357/1357 1358/1358/1358 1369/1369/1369
f 1358/1358/1358 1370/1370/1370 1369/1369/1369
f 1358/1358/1358 1359/1359/1359 1370/1370/1370
f 1359/1359/1359 1371/1371/1371 1370/1370/1370
f 1359/1359/1359 1360/1360/1360 1371/1371/1371
f 1360/1360/1360 1372/1372/1372 1371/1371/1371
f 1360/1360/1360 1361/1361/1361 1372/1372/1372
f 1361/1361/1361 1373/1373/1373 1372/1372/1372
f 1361/1361/1361 1362/1362/1362 1373/1373/1373
f 1362/1362/1362 1374/1374/1374 1373/1373/1373
f 1362/1362/1362 1363/1363/1363 1374/1374/1374
f 1363/1363/1363 1375/1375/1375 1374/1374/1374
f 1363/1363/1363 1364/1364/1364 1375/1375/1375
f 1364/1364/1364 1376/1376/1376 1375/1375/1375
f 1364/1364/1364 1365/1365/1365 1376/1376/1376
f 1366/1366/1366 1378/1378/1378 1377/1377/1377
f 1366/1366/1366 1367/1367/1367 1378/1378/1378
f 1367/1367/1367 1379/1379/1379 1378/1378/1378
f 1367/1367/1367 1368/1368/1368 1379/1379/1379
f 1368/1368/1368 1380/1380/1380 1379/1379/1379
f 1368/1368/1368 1369/1369/1369 1380/1380/1380
f 1369/1369/1369 1381/1381/1381 1380/1380/1380
f 1369/1369/1369 1370/1370/1370 1381/1381/1381
f 1370/1370/1370 1382/1382/1382 1381/1381/1381
f 1370/1370/1370 1371/1371/1371 1382/1382/1382
f 1371/1371/1371 1383/1383/1383 1382/1382/1382
f 1371/1371/1371 1372/1372/1372 1383/1383/1383
f 1372/1372/1372 1384/1384/1384 1383/1383/1383
f 1372/1372/1372 1373/1373/1373 1384/1384/1384
f 1373/1373/1373 1385/1385/1385 1384/1384/1384
f 1373/1373/1373 1374/1374/1374 1385/1385/1385
f 1374/1374/1374 1386/1386/1386 1385/1385/1385
f 1374/1374/1374 1375/1375/1375 1386/1386/1386
f 1375/1375/1375 1387/1387/1387 1386/1386/1386
f 1375/1375/1375 1376/1376/1376 1387/1387/1387
f 1377/1377/1377 1389/1389/1389 1388/1388/1388
f 1377/1377/1377 1378/1378/1378 1389/1389/1389
f 1378/1378/1378 1390/1390/1390 1389/1389/1389
f 1378/1378/1378 1379/1379/1379 1390/1390/1390
f 1379/1379/1379 1391/1391/1391 1390/1390/1390
f 1379/1379/1379 1380/1380/1380 1391/1391/1391
f 1380/1380/1380 1392/1392/1392 1391/1391/1391
f 1380/1380/1380 1381/1381/1381 1392/1392/1392
f 1381/1381/1381 1393/1393/1393 1392/1392/1392
f 1381/1381/1381 1382/1382/1382 1393/1393/1393
f 1382/1382/1382 1394/1394/1394 1393/1393/1393
f 1382/1382/1382 1383/1383/1383 1394/1394/1394
f 1383/1383/1383 1395/1395/1395 1394/1394/1394
f 1383/1383/1383 1384/1384/1384 1395/1395/1395
f 1384/1384/1384 1396/1396/1396 1395/1395/1395
f 1384/1384/1384 1385/1385/1385 1396/1396/1396
f 1385/1385/1385 1397/1397/1397 1396/1396/1396
f 1385/1385/1385 1386/1386/1386 1397/1397/1397
f 1386/1386/1386 1398/1398/1398 1397/1397/1397
f 1386/1386/1386 1387/1387/1387 1398/1398/1398
f 1388/1388/1388 1400/1400/1400 1399/1399/1399
f 1388/1388/1388 1389/1389/1389 1400/1400/1400
f 1389/1389/1389 1401/1401/1401 1400/1400/1400
f 1389/1389/1389 1390/1390/1390 1401/1401/1401
f 1390/1390/1390 1402/1402/1402 1401/1401/1401
f 1390/1390/1390 1391/1391/1391 1402/1402/1402
f 1391/1391/1391 1403/1403/1403 1402/1402/1402
f 1391/1391/1391 1392/1392/1392 1403/1403/1403
f 1392/1392/1392 1404/1404/1404 1403/1403/1403
f 1392/1392/1392 1393/1393/1393 1404/1404/1404
f 1393/1393/1393 1405/1405/1405 1404/1404/1404
f 1393/1393/1393 1394/1394/1394 1405/1405/1405
f 1394/1394/1394 1406/1406/1406 1405/1405/1405
f 1394/1394/1394 1395/1395/1395 1406/1406/1406
f 1395/1395/1395 1407/1407/1407 1406/1406/1406
f 1395/1395/1395 1396/1396/1396 1407/1407/1407
f 1396/1396/1396 1408/1408/1408 1407/1407/1407
f 1396/1396/1396 1397/1397/1397 1408/1408/1408
f 1397/1397/1397 1409/1409/1409 1408/1408/1408
f 1397/1397/1397 1398/1398/1398 1409/1409/1409
f 1399/1399/1399 1411/1411/1411 1410/1410/1410
f 1399/1399/1399 1400/1400/1400 1411/1411/1411
f 1400/1400/1400 1412/1412/1412 1411/1411/1411
f 1400/1400/1400 1401/1401/1401 1412/1412/1412
f 1401/1401/1401 1413/1413/1413 1412/1412/1412
f 1401/1401/1401 1402/1402/1402 1413/1413/1413
f 1402/1402/1402 1414/1414/1414 1413/1413/1413
f 1402/1402/1402 1403/1403/1403 1414/1414/1414
f 1403/1403/1403 1415/1415/1415 1414/1414/1414
f 1403/1403/1403 1404/1404/1404 1415/1415/1415
f 1404/1404/1404 1416/1416/1416 1415/1415/1415
f 1404/1404/1404 1405/1405/1405 1416/1416/1416
f 1405/1405/1405 1417/1417/1417 1416/1416/1416
f 1405/1405/1405 1406/1406/1406 1417/1417/1417
f 1406/1406/1406 1418/1418/1418 1417/1417/1417
f 1406/1406/1406 1407/1407/1407 1418/1418/1418
f 1407/1407/1407 1419/1419/1419 1418/1418/1418
f 1407/1407/1407 1408/1408/1408 1419/1419/1419
f 1408/1408/1408 1420/1420/1420 1419/1419/1419
f 1408/1408/1408 1409/1409/1409 1420/1420/1420
f 1410/1410/1410 1422/1422/1422 1421/1421/1421
f 1410/1410/1410 1411/1411/1411 1422/1422/1422
f 1411/1411/1411 1423/1423/1423 1422/1422/1422
f 1411/1411/1411 1412/1412/1412 1423/1423/1423
f 1412/1412/1412 1424/1424/1424 1423/1423/1423
f 1412/1412/1412 1413/1413/1413 1424/1424/1424
f 1413/1413/1413 1425/1425/1425 1424/1424/1424
f 1413/1413/1413 1414/1414/1414 1425/1425/1425
f 1414/1414/1414 1426/1426/1426 1425/1425/1425
f 1414/1414/1414 1415/1415/1415 1426/1426/1426
f 1415/1415/1415 1427/1427/1427 1426/1426/1426
f 1415/1415/1415 1416/1416/1416 1427/1427/1427
f 1416/1416/1416 1428/1428/1428 1427/1427/1427
f 1416/1416/1416 1417/1417/1417 1428/1428/1428
f 1417/1417/1417 1429/1429/1429 1428/1428/1428
f 1417/1417/1417 1418/1418/1418 1429/1429/1429
f 1418/1418/1418 1430/1430/1430 1429/1429/1429
f 1418/1418/1418 1419/1419/1419 1430/1430/1430
f 1419/1419/1419 1431/1431/1431 1430/1430/1430
f 1419/1419/1419 1420/1420/1420 1431/1431/1431
f 1421/1421/1421 1433/1433/1433 1432/1432/1432
f 1421/1421/1421 1422/1422/1422 1433/1433/1433
f 1422/1422/1422 1434/1434/1434 1433/1433/1433
f 1422/1422/1422 1423/1423/1423 1434/1434/1434
f 1423/1423/1423 1435/1435/1435 1434/1434/1434
f 1423/1423/1423 1424/1424/1424 1435/1435/1435
f 1424/1424/1424 1436/1436/1436 1435/1435/1435
f 1424/1424/1424 1425/1425/1425 1436/1436/1436
f 1425/1425/1425 1437/1437/1437 1436/1436/1436
f 1425/1425/1425 1426/1426/1426 1437/1437/1437
f 1426/1426/1426 1438/1438/1438 1437/1437/1437
f 1426/1426/1426 1427/1427/1427 1438/1438/1438
f 1427/1427/1427 1439/1439/1439 1438/1438/1438
f 1427/1427/1427 1428/1428/1428 1439/1439/1439
f 1428/1428/1428 1440/1440/1440 1439/1439/1439
f 1428/1428/1428 1429/1429/1429 1440/1440/1440
f 1429/1429/1429 1441/1441/1441 1440/1440/1440
f 1429/1429/1429 1430/1430/1430 1441/1441/1441
f 1430/1430/1430 1442/1442/1442 1441/1441/1441
f 1430/1430/1430 1431/1431/1431 1442/1442/1442
f 1443/1443/1443 1451/1451/1451 1444/1444/1444
f 1443/1443/1443 1450/1450/1450 1451/1451/1451
f 1457/1457/1457 1443/1443/1443 1444/1444/1444
f 1458/1458/1458 1451/1451/1451 1450/1450/1450
f 1444/1444/1444 1452/1452/1452 1445/1445/1445
f 1444/1444/1444 1451/1451/1451 1452/1452/1452
f 1457/1457/1457 1444/1444/1444 1445/1445/1445
f 1458/1458/1458 1452/1452/1452 1451/1451/1451
f 1445/1445/1445 1453/1453/1453 1446/1446/1446
f 1445/1445/1445 1452/1452/1452 1453/1453/1453
f 1457/1457/1457 1445/1445/1445 1446/1446/1446
f 1458/1458/1458 1453/1453/1453 1452/1452/1452
f 1446/1446/1446 1454/1454/1454 1447/1447/1447
f 1446/1446/1446 1453/1453/1453 1454/1454/1454
f 1457/1457/1457 1446/1446/1446 1447/1447/1447
f 1458/1458/1458 1454/1454/1454 1453/1453/1453
f 1447/1447/1447 1455/1455/1455 1448/1448/1448
f 1447/1447/1447 1454/1454/1454 1455/1455/1455
f 1457/1457/1457 1447/1447/1447 1448/1448/1448
f 1458/1458/1458 1455/1455/1455 1454/1454/1454
f 1448/1448/1448 1456/1456/1456 1449/1449/1449
f 1448/1448/1448 1455/1455/1455 1456/1456/1456
f 1457/1457/1457 1448/1448/1448 1449/1449/1449
f 1458/1458/1458 1456/1456/1456 1455/1455/1455
f 1449/1449/1449 1450/1450/1450 1443/1443/1443
f 1449/1449/1449 1456/1456/1456 1450/1450/1450
f 1457/1457/1457 1449/1449/1449 1443/1443/1443
f 1458/1458/1458 1450/1450/1450 1456/1456/1456
f 1459/1459/1459 1471/1471/1471 1470/1470/1470
f 1459/1459/1459 1460/1460/1460 1471/1471/1471
f 1460/1460/1460 1472/1472/1472 1471/1471/1471
f 1460/1460/1460 1461/1461/1461 1472/1472/1472
f 1461/1461/1461 1473/1473/1473 1472/1472/1472
f 1461/1461/1461 1462/1462/1462 1473/1473/1473
f 1462/1462/1462 1474/1474/1474 1473/1473/1473
f 1462/1462/1462 1463/1463/1463 1474/1474/1474
f 1463/1463/1463 1475/1475/1475 1474/1474/1474
f 1463/1463/1463 1464/1464/1464 1475/1475/1475
f 1464/1464/1464 1476/1476/1476 1475/1475/1475
f 1464/1464/1464 1465/1465/1465 1476/1476/1476
f 1465/1465/1465 1477/1477/1477 1476/1476/1476
f 1465/1465/1465 1466/1466/1466 1477/1477/1477
f 1466/1466/1466 1478/1478/1478 1477/1477/1477
f 1466/1466/1466 1467/1467/1467 1478/1478/1478
f 1467/1467/1467 1479/1479/1479 1478/1478/1478
f 1467/1467/1467 1468/1468/1468 1479/1479/1479
f 1468/1468/1468 1480/1480/1480 1479/1479/1479
f 1468/1468/1468 1469/1469/1469 1480/1480/1480
f 1470/1470/1470 1482/1482/1482 1481/1481/1481
f 1470/1470/1470 1471/1471/1471 1482/1482/1482
f 1471/1471/1471 1483/1483/1483 1482/1482/1482
f 1471/1471/1471 1472/1472/1472 1483/1483/1483
f 1472/1472/1472 1484/1484/1484 1483/1483/1483
f 1472/1472/1472 1473/1473/1473 1484/1484/1484
f 1473/1473/1473 1485/1485/1485 1484/1484/1484
f 1473/1473/1473 1474/1474/1474 1485/1485/1485
f 1474/1474/1474 1486/1486/1486 1485/1485/1485
f 1474/1474/1474 1475/1475/1475 1486/1486/1486
f 1475/1475/1475 1487/1487/1487 1486/1486/1486
f 1475/1475/1475 1476/1476/1476 1487/1487/1487
f 1476/1476/1476 1488/1488/1488 1487/1487/1487
f 1476/1476/1476 1477/1477/1477 1488/1488/1488
f 1477/1477/1477 1489/1489/1489 1488/1488/1488
f 1477/1477/1477 1478/1478/1478 1489/1489/1489
f 1478/1478/1478 1490/1490/1490 1489/1489/1489
f 1478/1478/1478 1479/1479/1479 1490/1490/1490
f 1479/1479/1479 1491/1491/1491 1490/1490/1490
f 1479/1479/1479 1480/1480/1480 1491/1491/1491
f 1481/1481/1481 1493/1493/1493 1492/1492/1492
f 1481/1481/1481 1482/1482/1482 1493/1493/1493
f 1482/1482/1482 1494/1494/1494 1493/1493/1493
f 1482/1482/1482 1483/1483/1483 1494/1494/1494
f 1483/1483/1483 1495/1495/1495 1494/1494/1494
f 1483/1483/1483 1484/1484/1484 1495/1495/1495
f 1484/1484/1484 1496/1496/1496 1495/1495/1495
f 1484/1484/1484 1485/1485/1485 1496/1496/1496
f 1485/1485/1485 1497/1497/1497 1496/1496/1496
f 1485/1485/1485 1486/1486/1486 1497/1497/1497
f 1486/1486/1486 1498/1498/1498 1497/1497/1497
f 1486/1486/1486 1487/1487/1487 1498/1498/1498
f 1487/1487/1487 1499/1499/1499 1498/1498/1498
f 1487/1487/1487 1488/1488/1488 1499/1499/1499
f 1488/1488/1488 1500/1500/1500 1499/1499/1499
f 1488/1488/1488 1489/1489/1489 1500/1500/1500
f 1489/1489/1489 1501/1501/1501 1500/1500/1500
f 1489/1489/1489 1490/1490/1490 1501/1501/1501
f 1490/1490/1490 1502/1502/1502 1501/1501/1501
f 1490/1490/1490 1491/1491/1491 1502/1502/1502
f 1492/1492/1492 1504/1504/1504 1503/1503/1503
f 1492/1492/1492 1493/1493/1493 1504/1504/1504
f 1493/1493/1493 1505/1505/1505 1504/1504/1504
f 1493/1493/1493 1494/1494/1494 1505/1505/1505
f 1494/1494/1494 1506/1506/1506 1505/1505/1505
f 1494/1494/1494 1495/1495/1495 1506/1506/1506
f 1495/1495/1495 1507/1507/1507 1506/1506/1506
f 1495/1495/1495 1496/1496/1496 1507/1507/1507
f 1496/1496/1496 1508/1508/1508 1507/1507/1507
f 1496/1496/1496 1497/1497/1497 1508/1508/1508
f 1497/1497/1497 1509/1509/1509 1508/1508/1508
f 1497/1497/1497 1498/1498/1498 1509/1509/1509
f 1498/1498/1498 1510/1510/1510 1509/1509/1509
f 1498/1498/1498 1499/1499/1499 1510/1510/1510
f 1499/1499/1499 1511/1511/1511 1510/1510/1510
f 1499/1499/1499 1500/1500/1500 1511/1511/1511
f 1500/1500/1500 1512/1512/1512 1511/1511/1511
f 1500/1500/1500 1501/1501/1501 1512/1512/1512
f 1501/1501/1501 1513/1513/1513 1512/1512/1512
f 1501/1501/1501 1502/1502/1502 1513/1513/1513
f 1503/1503/1503 1515/1515/1515 1514/1514/1514
f 1503/1503/1503 1504/1504/1504 1515/1515/1515
f 1504/1504/1504 1516/1516/1516 1515/1515/1515
f 1504/1504/1504 1505/1505/1505 1516/1516/1516
f 1505/1505/1505 1517/1517/1517 1516/1516/1516
f 1505/1505/1505 1506/1506/1506 1517/1517/1517
f 1506/1506/1506 1518/1518/1518 1517/1517/1517
f 1506/1506/1506 1507/1507/1507 1518/1518/1518
f 1507/1507/1507 1519/1519/1519 1518/1518/1518
f 1507/1507/1507 1508/1508/1508 1519/1519/1519
f 1508/1508/1508 1520/1520/1520 1519/1519/1519
f 1508/1508/1508 1509/1509/1509 1520/1520/1520
f 1509/1509/1509 1521/1521/1521 1520/1520/1520
f 1509/1509/1509 1510/1510/1510 1521/1521/1521
f 1510/1510/1510 1522/1522/1522 1521/1521/1521
f 1510/1510/1510 1511/1511/1511 1522/1522/1522
f 1511/1511/1511 1523/1523/1523 1522/1522/1522
f 1511/1511/1511 1512/1512/1512 1523/1523/1523
f 1512/1512/1512 1524/1524/1524 1523/1523/1523
f 1512/1512/1512 1513/1513/1513 1524/1524/1524
f 1514/1514/1514 1526/1526/1526 1525/1525/1525
f 1514/1514/1514 1515/1515/1515 1526/1526/1526
f 1515/1515/1515 1527/1527/1527 1526/1526/1526
f 1515/1515/1515 1516/1516/1516 1527/1527/1527
f 1516/1516/1516 1528/1528/1528 1527/1527/1527
f 1516/1516/1516 1517/1517/1517 1528/1528/1528
f 1517/1517/1517 1529/1529/1529 1528/1528/1528
f 1517/1517/1517 1518/1518/1518 1529/1529/1529
f 1518/1518/1518 1530/1530/1530 1529/1529/1529
f 1518/1518/1518 1519/1519/1519 1530/1530/1530
f 1519/1519/1519 1531/1531/1531 1530/1530/1530
f 1519/1519/1519 1520/1520/1520 1531/1531/1531
f 1520/1520/1520 1532/1532/1532 1531/1531/1531
f 1520/1520/1520 1521/1521/1521 1532/1532/1532
f 1521/1521/1521 1533/1533/1533 1532/1532/1532
f 1521/1521/1521 1522/1522/1522 1533/1533/1533
f 1522/1522/1522 1534/1534/1534 1533/1533/1533
f 1522/1522/1522 1523/1523/1523 1534/1534/1534
f 1523/1523/1523 1535/1535/1535 1534/1534/1534
f 1523/1523/1523 1524/1524/1524 1535/1535/1535
f 1525/1525/1525 1537/1537/1537 1536/1536/1536
f 1525/1525/1525 1526/1526/1526 1537/1537/1537
f 1526/1526/1526 1538/1538/1538 1537/1537/1537
f 1526/1526/1526 1527/1527/1527 1538/1538/1538
f 1527/1527/1527 1539/1539/1539 1538/1538/1538
f 1527/1527/1527 1528/1528/1528 1539/1539/1539
f 1528/1528/1528 1540/1540/1540 1539/1539/1539
f 1528/1528/1528 1529/1529/1529 1540/1540/1540
f 1529/1529/1529 1541/1541/1541 1540/1540/1540
f 1529/1529/1529 1530/1530/1530 1541/1541/1541
f 1530/1530/1530 1542/1542/1542 1541/1541/1541
f 1530/1530/1530 1531/1531/1531 1542/1542/1542
f 1531/1531/1531 1543/1543/1543 1542/1542/1542
f 1531/1531/1531 1532/1532/1532 1543/1543/1543
f 1532/1532/1532 1544/1544/1544 1543/1543/1543
f 1532/1532/1532 1533/1533/1533 1544/1544/1544
f 1533/1533/1533 1545/1545/1545 1544/1544/1544
f 1533/1533/1533 1534/1534/1534 1545/1545/1545
f 1534/1534/1534 1546/1546/1546 1545/1545/1545
f 1534/1534/1534 1535/1535/1535 1546/1546/1546
f 1536/1536/1536 1548/1548/1548 1547/1547/1547
f 1536/1536/1536 1537/1537/1537 1548/1548/1548
f 1537/1537/1537 1549/1549/1549 1548/1548/1548
f 1537/1537/1537 1538/1538/1538 1549/1549/1549
f 1538/1538/1538 1550/1550/1550 1549/1549/1549
f 1538/1538/1538 1539/1539/1539 1550/1550/1550
f 1539/1539/1539 1551/1551/1551 1550/1550/1550
f 1539/1539/1539 1540/1540/1540 1551/1551/1551
f 1540/1540/1540 1552/1552/1552 1551/1551/1551
f 1540/1540/1540 1541/1541/1541 1552/1552/1552
f 1541/1541/1541 1553/1553/1553 1552/1552/1552
f 1541/1541/1541 1542/1542/1542 1553/1553/1553
f 1542/1542/1542 1554/1554/1554 1553/1553/1553
f 1542/1542/1542 1543/1543/1543 1554/1554/1554
f 1543/1543/1543 1555/1555/1555 1554/1554/1554
f 1543/1543/1543 1544/1544/1544 1555/1555/1555
f 1544/1544/1544 1556/1556/1556 1555/1555/1555
f 1544/1544/1544 1545/1545/1545 1556/1556/1556
f 1545/1545/1545 1557/1557/1557 1556/1556/1556
f 1545/1545/1545 1546/1546/1546 1557/1557/1557
f 1558/1558/1558 1566/1566/1566 1559/1559/1559
f 1558/1558/1558 1565/1565/1565 1566/1566/1566
f 1572/1572/1572 1558/1558/1558 1559/1559/1559
f 1573/1573/1573 1566/1566/1566 1565/1565/1565
f 1559/1559/1559 1567/1567/1567 1560/1560/1560
f 1559/1559/1559 1566/1566/1566 1567/1567/1567
f 1572/1572/1572 1559/1559/1559 1560/1560/1560
f 1573/1573/1573 1567/1567/1567 1566/1566/1566
f 1560/1560/1560 1568/1568/1568 1561/1561/1561
f 1560/1560/1560 1567/1567/1567 1568/1568/1568
f 1572/1572/1572 1560/1560/1560 1561/1561/1561
f 1573/1573/1573 1568/1568/1568 1567/1567/1567
f 1561/1561/1561 1569/1569/1569 1562/1562/1562
f 1561/1561/1561 1568/1568/1568 1569/1569/1569
f 1572/1572/1572 1561/1561/1561 1562/1562/1562
f 1573/1573/1573 1569/1569/1569 1568/1568/1568
f 1562/1562/1562 1570/1570/1570 1563/1563/1563
f 1562/1562/1562 1569/1569/1569 1570/1570/1570
f 1572/1572/1572 1562/1562/1562 1563/1563/1563
f 1573/1573/1573 1570/1570/1570 1569/1569/1569
f 1563/1563/1563 1571/1571/1571 1564/1564/1564
f 1563/1563/1563 1570/1570/1570 1571/1571/1571
f 1572/1572/1572 1563/1563/1563 1564/1564/1564
f 1573/1573/1573 1571/1571/1571 1570/1570/1570
f 1564/1564/1564 1565/1565/1565 1558/1558/1558
f 1564/1564/1564 1571/1571/1571 1565/1565/1565
f 1572/1572/1572 1564/1564/1564 1558/1558/1558
f 1573/1573/1573 1565/1565/1565 1571/1571/1571
f 1574/1574/1574 1586/1586/1586 1585/1585/1585
f 1574/1574/1574 1575/1575/1575 1586/1586/1586
f 1575/1575/1575 1587/1587/1587 1586/1586/1586
f 1575/1575/1575 1576/1576/1576 1587/1587/1587
f 1576/1576/1576 1588/1588/1588 1587/1587/1587
f 1576/1576/1576 1577/1577/1577 1588/1588/1588
f 1577/1577/1577 1589/1589/1589 1588/1588/1588
f 1577/1577/1577 1578/1578/1578 1589/1589/1589
f 1578/1578/1578 1590/1590/1590 1589/1589/1589
f 1578/1578/1578 1579/1579/1579 1590/1590/1590
f 1579/1579/1579 1591/1591/1591 1590/1590/1590
f 1579/1579/1579 1580/1580/1580 1591/1591/1591
f 1580/1580/1580 1592/1592/1592 1591/1591/1591
f 1580/1580/1580 1581/1581/1581 1592/1592/1592
f 1581/1581/1581 1593/1593/1593 1592/1592/1592
f 1581/1581/1581 1582/1582/1582 1593/1593/1593
f 1582/1582/1582 1594/1594/1594 1593/1593/1593
f 1582/1582/1582 1583/1583/1583 1594/1594/1594
f 1583/1583/1583 1595/1595/1595 1594/1594/1594
f 1583/1583/1583 1584/1584/1584 1595/1595/1595
f 1585/1585/1585 1597/1597/1597 1596/1596/1596
f 1585/1585/1585 1586/1586/1586 1597/1597/1597
f 1586/1586/1586 1598/1598/1598 1597/1597/1597
f 1586/1586/1586 1587/1587/1587 1598/1598/1598
f 1587/1587/1587 1599/1599/1599 1598/1598/1598
f 1587/1587/1587 1588/1588/1588 1599/1599/1599
f 1588/1588/1588 1600/1600/1600 1599/1599/1599
f 1588/1588/1588 1589/1589/1589 1600/1600/1600
f 1589/1589/1589 1601/1601/1601 1600/1600/1600
f 1589/1589/1589 1590/1590/1590 1601/1601/1601
f 1590/1590/1590 1602/1602/1602 1601/1601/1601
f 1590/1590/1590 1591/1591/1591 1602/1602/1602
f 1591/1591/1591 1603/1603/1603 1602/1602/1602
f 1591/1591/1591 1592/1592/1592 1603/1603/1603
f 1592/1592/1592 1604/1604/1604 1603/1603/1603
f 1592/1592/1592 1593/1593/1593 1604/1604/1604
f 1593/1593/1593 1605/1605/1605 1604/1604/1604
f 1593/1593/1593 1594/1594/1594 1605/1605/1605
f 1594/1594/1594 1606/1606/1606 1605/1605/1605
f 1594/1594/1594 1595/1595/1595 1606/1606/1606
f 1596/1596/1596 1608/1608/1608 1607/1607/1607
f 1596/1596/1596 1597/1597/1597 1608/1608/1608
f 1597/1597/1597 1609/1609/1609 1608/1608/1608
f 1597/1597/1597 1598/1598/1598 1609/1609/1609
f 1598/1598/1598 1610/1610/1610 1609/1609/1609
f 1598/1598/1598 1599/1599/1599 1610/1610/1610
f 1599/1599/1599 1611/1611/1611 1610/1610/1610
f 1599/1599/1599 1600/1600/1600 1611/1611/1611
f 1600/1600/1600 1612/1612/1612 1611/1611/1611
f 1600/1600/1600 1601/1601/1601 1612/1612/1612
f 1601/1601/1601 1613/1613/1613 1612/1612/1612
f 1601/1601/1601 1602/1602/1602 1613/1613/1613
f 1602/1602/1602 1614/1614/1614 1613/1613/1613
f 1602/1602/1602 1603/1603/1603 1614/1614/1614
f 1603/1603/1603 1615/1615/1615 1614/1614/1614
f 1603/1603/1603 1604/1604/1604 1615/1615/1615
f 1604/1604/1604 1616/1616/1616 1615/1615/1615
f 1604/1604/1604 1605/1605/1605 1616/1616/1616
f 1605/1605/1605 1617/1617/1617 1616/1616/1616
f 1605/1605/1605 1606/1606/1606 1617/1617/1617
f 1607/1607/1607 1619/1619/1619 1618/1618/1618
f 1607/1607/1607 1608/1608/1608 1619/1619/1619
f 1608/1608/1608 1620/1620/1620 1619/1619/1619
f 1608/1608/1608 1609/1609/1609 1620/1620/1620
f 1609/1609/1609 1621/1621/1621 1620/1620/1620
f 1609/1609/1609 1610/1610/1610 1621/1621/1621
f 1610/1610/1610 1622/1622/1622 1621/1621/1621
f 1610/1610/1610 1611/1611/1611 1622/1622/1622
f 1611/1611/1611 1623/1623/1623 1622/1622/1622
f 1611/1611/1611 1612/1612/1612 1623/1623/1623
f 1612/1612/1612 1624/1624/1624 1623/1623/1623
f 1612/1612/1612 1613/1613/1613 1624/1624/1624
f 1613/1613/1613 1625/1625/1625 1624/1624/1624
f 1613/1613/1613 1614/1614/1614 1625/1625/1625
f 1614/1614/1614 1626/1626/1626 1625/1625/1625
f 1614/1614/1614 1615/1615/1615 1626/1626/1626
f 1615/1615/1615 1627/1627/1627 1626/1626/1626
f 1615/1615/1615 1616/1616/1616 1627/1627/1627
f 1616/1616/1616 1628/1628/1628 1627/1627/1627
f 1616/1616/1616 1617/1617/1617 1628/1628/1628
f 1618/1618/1618 1630/1630/1630 1629/1629/1629
f 1618/1618/1618 1619/1619/1619 1630/1630/1630
f 1619/1619/1619 1631/1631/1631 1630/1630/1630
f 1619/1619/1619 1620/1620/1620 1631/1631/1631
f 1620/1620/1620 1632/1632/1632 1631/1631/1631
f 1620/1620/1620 1621/1621/1621 1632/1632/1632
f 1621/1621/1621 1633/1633/1633 1632/1632/1632
f 1621/1621/1621 1622/1622/1622 1633/1633/1633
f 1622/1622/1622 1634/1634/1634 1633/1633/1633
f 1622/1622/1622 1623/1623/1623 1634/1634/1634
f 1623/1623/1623 1635/1635/1635 1634/1634/1634
f 1623/1623/1623 1624/1624/1624 1635/1635/1635
f 1624/1624/1624 1636/1636/1636 1635/1635/1635
f 1624/1624/1624 1625/1625/1625 1636/1636/1636
f 1625/1625/1625 1637/1637/1637 1636/1636/1636
f 1625/1625/1625 1626/1626/1626 1637/1637/1637
f 1626/1626/1626 1638/1638/1638 1637/1637/1637
f 1626/1626/1626 1627/1627/1627 1638/1638/1638
f 1627/1627/1627 1639/1639/1639 1638/1638/1638
f 1627/1627/1627 1628/1628/1628 1639/1639/1639
f 1629/1629/1629 1641/1641/1641 1640/1640/1640
f 1629/1629/1629 1630/1630/1630 1641/1641/1641
f 1630/1630/1630 1642/1642/1642 1641/1641/1641
f 1630/1630/1630 1631/1631/1631 1642/1642/1642
f 1631/1631/1631 1643/1643/1643 1642/1642/1642
f 1631/1631/1631 1632/1632/1632 1643/1643/1643
f 1632/1632/1632 1644/1644/1644 1643/1643/1643
f 1632/1632/1632 1633/1633/1633 1644/1644/1644
f 1633/1633/1633 1645/1645/1645 1644/1644/1644
f 1633/1633/1633 1634/1634/1634 1645/1645/1645
f 1634/1634/1634 1646/1646/1646 1645/1645/1645
f 1634/1634/1634 1635/1635/1635 1646/1646/1646
f 1635/1635/1635 1647/1647/1647 1646/1646/1646
f 1635/1635/1635 1636/1636/1636 1647/1647/1647
f 1636/1636/1636 1648/1648/1648 1647/1647/1647
f 1636/1636/1636 1637/1637/1637 1648/1648/1648
f 1637/1637/1637 1649/1649/1649 1648/1648/1648
f 1637/1637/1637 1638/1638/1638 1649/1649/1649
f 1638/1638/1638 1650/1650/1650 1649/1649/1649
f 1638/1638/1638 1639/1639/1639 1650/1650/1650
f 1640/1640/1640 1652/1652/1652 1651/1651/1651
f 1640/1640/1640 1641/1641/1641 1652/1652/1652
f 1641/1641/1641 1653/1653/1653 1652/1652/1652
f 1641/1641/1641 1642/1642/1642 1653/1653/1653
f 1642/1642/1642 1654/1654/1654 1653/1653/1653
f 1642/1642/1642 1643/1643/1643 1654/1654/1654
f 1643/1643/1643 1655/1655/1655 1654/1654/1654
f 1643/1643/1643 1644/1644/1644 1655/1655/1655
f 1644/1644/1644 1656/1656/1656 1655/1655/1655
f 1644/1644/1644 1645/1645/1645 1656/1656/1656
f 1645/1645/1645 1657/1657/1657 1656/1656/1656
f 1645/1645/1645 1646/1646/1646 1657/1657/1657
f 1646/1646/1646 1658/1658/1658 1657/1657/1657
f 1646/1646/1646 1647/1647/1647 1658/1658/1658
f 1647/1647/1647 1659/1659/1659 1658/1658/1658
f 1647/1647/1647 1648/1648/1648 1659/1659/1659
f 1648/1648/1648 1660/1660/1660 1659/1659/1659
f 1648/1648/1648 1649/1649/1649 1660/1660/1660
f 1649/1649/1649 1661/1661/1661 1660/1660/1660
f 1649/1649/1649 1650/1650/1650 1661/1661/1661
f 1651/1651/1651 1663/1663/1663 1662/1662/1662
f 1651/1651/1651 1652/1652/1652 1663/1663/1663
f 1652/1652/1652 1664/1664/1664 1663/1663/1663
f 1652/1652/1652 1653/1653/1653 1664/1664/1664
f 1653/1653/1653 1665/1665/1665 1664/1664/1664
f 1653/1653/1653 1654/1654/1654 1665/1665/1665
f 1654/1654/1654 1666/1666/1666 1665/1665/1665
f 1654/1654/1654 1655/1655/1655 1666/1666/1666
f 1655/1655/1655 1667/1667/1667 1666/1666/1666
f 1655/1655/1655 1656/1656/1656 1667/1667/1667
f 1656/1656/1656 1668/1668/1668 1667/1667/1667
f 1656/1656/1656 1657/1657/1657 1668/1668/1668
f 1657/1657/1657 1669/1669/1669 1668/1668/1668
f 1657/1657/1657 1658/1658/1658 1669/1669/1669
f 1658/1658/1658 1670/1670/1670 1669/1669/1669
f 1658/1658/1658 1659/1659/1659 1670/1670/1670
f 1659/1659/1659 1671/1671/1671 1670/1670/1670
f 1659/1659/1659 1660/1660/1660 1671/1671/1671
f 1660/1660/1660 1672/1672/1672 1671/1671/1671
f 1660/1660/1660 1661/1661/1661 1672/1672/1672
f 1673/1673/1673 1681/1681/1681 1674/1674/1674
f 1673/1673/1673 1680/1680/1680 1681/1681/1681
f 1687/1687/1687 1673/1673/1673 1674/1674/1674
f 1688/1688/1688 1681/1681/1681 1680/1680/1680
f 1674/1674/1674 1682/1682/1682 1675/1675/1675
f 1674/1674/1674 1681/1681/1681 1682/1682/1682
f 1687/1687/1687 1674/1674/1674 1675/1675/1675
f 1688/1688/1688 1682/1682/1682 1681/1681/1681
f 1675/1675/1675 1683/1683/1683 1676/1676/1676
f 1675/1675/1675 1682/1682/1682 1683/1683/1683
f 1687/1687/1687 1675/1675/1675 1676/1676/1676
f 1688/1688/1688 1683/1683/1683 1682/1682/1682
f 1676/1676/1676 1684/1684/1684 1677/1677/1677
f 1676/1676/1676 1683/1683/1683 1684/1684/1684
f 1687/1687/1687 1676/1676/1676 1677/1677/1677
f 1688/1688/1688 1684/1684/1684 1683/1683/1683
f 1677/1677/1677 1685/1685/1685 1678/1678/1678
f 1677/1677/1677 1684/1684/1684 1685/1685/1685
f 1687/1687/1687 1677/1677/1677 1678/1678/1678
f 1688/1688/1688 1685/1685/1685 1684/1684/1684
f 1678/1678/1678 1686/1686/1686 1679/1679/1679
f 1678/1678/1678 1685/1685/1685 1686/1686/1686
f 1687/1687/1687 1678/1678/1678 1679/1679/1679
f 1688/1688/1688 1686/1686/1686 1685/1685/1685
f 1679/1679/1679 1680/1680/1680 1673/1673/1673
f 1679/1679/1679 1686/1686/1686 1680/1680/1680
f 1687/1687/1687 1679/1679/1679 1673/1673/1673
f 1688/1688/1688 1680/1680/1680 1686/1686/1686
f 1689/1689/1689 1701/1701/1701 1700/1700/1700
f 1689/1689/1689 1690/1690/1690 1701/1701/1701
f 1690/1690/1690 1702/1702/1702 1701/1701/1701
f 1690/1690/1690 1691/1691/1691 1702/1702/1702
f 1691/1691/1691 1703/1703/1703 1702/1702/1702
f 1691/1691/1691 1692/1692/1692 1703/1703/1703
f 1692/1692/1692 1704/1704/1704 1703/1703/1703
f 1692/1692/1692 1693/1693/1693 1704/1704/1704
f 1693/1693/1693 1705/1705/1705 1704/1704/1704
f 1693/1693/1693 1694/1694/1694 1705/1705/1705
f 1694/1694/1694 1706/1706/1706 1705/1705/1705
f 1694/1694/1694 1695/1695/1695 1706/1706/1706
f 1695/1695/1695 1707/1707/1707 1706/1706/1706
f 1695/1695/1695 1696/1696/1696 1707/1707/1707
f 1696/1696/1696 1708/1708/1708 1707/1707/1707
f 1696/1696/1696 1697/1697/1697 1708/1708/1708
f 1697/1697/1697 1709/1709/1709 1708/1708/1708
f 1697/1697/1697 1698/1698/1698 1709/1709/1709
f 1698/1698/1698 1710/1710/1710 1709/1709/1709
f 1698/1698/1698 1699/1699/1699 1710/1710/1710
f 1700/1700/1700 1712/1712/1712 1711/1711/1711
f 1700/1700/1700 1701/1701/1701 1712/1712/1712
f 1701/1701/1701 1713/1713/1713 1712/1712/1712
f 1701/1701/1701 1702/1702/1702 1713/1713/1713
f 1702/1702/1702 1714/1714/1714 1713/1713/1713
f 1702/1702/1702 1703/1703/1703 1714/1714/1714
f 1703/1703/1703 1715/1715/1715 1714/1714/1714
f 1703/1703/1703 1704/1704/1704 1715/1715/1715
f 1704/1704/1704 1716/1716/1716 1715/1715/1715
f 1704/1704/1704 1705/1705/1705 1716/1716/1716
f 1705/1705/1705 1717/1717/1717 1716/1716/1716
f 1705/1705/1705 1706/1706/1706 1717/1717/1717
f 1706/1706/1706 1718/1718/1718 1717/1717/1717
f 1706/1706/1706 1707/1707/1707 1718/1718/1718
f 1707/1707/1707 1719/1719/1719 1718/1718/1718
f 1707/1707/1707 1708/1708/1708 1719/1719/1719
f 1708/1708/1708 1720/1720/1720 1719/1719/1719
f 1708/1708/1708 1709/1709/1709 1720/1720/1720
f 1709/1709/1709 1721/1721/1721 1720/1720/1720
f 1709/1709/1709 1710/1710/1710 1721/1721/1721
f 1711/1711/1711 1723/1723/1723 1722/1722/1722
f 1711/1711/1711 1712/1712/1712 1723/1723/1723
f 1712/1712/1712 1724/1724/1724 1723/1723/1723
f 1712/1712/1712 1713/1713/1713 1724/1724/1724
f 1713/1713/1713 1725/1725/1725 1724/1724/1724
f 1713/1713/1713 1714/1714/1714 1725/1725/1725
f 1714/1714/1714 1726/1726/1726 1725/1725/1725
f 1714/1714/1714 1715/1715/1715 1726/1726/1726
f 1715/1715/1715 1727/1727/1727 1726/1726/1726
f 1715/1715/1715 1716/1716/1716 1727/1727/1727
f 1716/1716/1716 1728/1728/1728 1727/1727/1727
f 1716/1716/1716 1717/1717/1717 1728/1728/1728
f 1717/1717/1717 1729/1729/1729 1728/1728/1728
f 1717/1717/1717 1718/1718/1718 1729/1729/1729
f 1718/1718/1718 1730/1730/1730 1729/1729/1729
f 1718/1718/1718 1719/1719/1719 1730/1730/1730
f 1719/1719/1719 1731/1731/1731 1730/1730/1730
f 1719/1719/1719 1720/1720/1720 1731/1731/1731
f 1720/1720/1720 1732/1732/1732 1731/1731/1731
f 1720/1720/1720 1721/1721/1721 1732/1732/1732
f 1722/1722/1722 1734/1734/1734 1733/1733/1733
f 1722/1722/1722 1723/1723/1723 1734/1734/1734
f 1723/1723/1723 1735/1735/1735 1734/1734/1734
f 1723/1723/1723 1724/1724/1724 1735/1735/1735
f 1724/1724/1724 1736/1736/1736 1735/1735/1735
f 1724/1724/1724 1725/1725/1725 1736/1736/1736
f 1725/1725/1725 1737/1737/1737 1736/1736/1736
f 1725/1725/1725 1726/1726/1726 1737/1737/1737
f 1726/1726/1726 1738/1738/1738 1737/1737/1737
f 1726/1726/1726 1727/1727/1727 1738/1738/1738
f 1727/1727/1727 1739/1739/1739 1738/1738/1738
f 1727/1727/1727 1728/1728/1728 1739/1739/1739
f 1728/1728/1728 1740/1740/1740 1739/1739/1739
f 1728/1728/1728 1729/1729/1729 1740/1740/1740
f 1729/1729/1729 1741/1741/1741 1740/1740/1740
f 1729/1729/1729 1730/1730/1730 1741/1741/1741
f 1730/1730/1730 1742/1742/1742 1741/1741/1741
f 1730/1730/1730 1731/1731/1731 1742/1742/1742
f 1731/1731/1731 1743/1743/1743 1742/1742/1742
f 1731/1731/1731 1732/1732/1732 1743/1743/1743
f 1733/1733/1733 1745/1745/1745 1744/1744/1744
f 1733/1733/1733 1734/1734/1734 1745/1745/1745
f 1734/1734/1734 1746/1746/1746 1745/1745/1745
f 1734/1734/1734 1735/1735/1735 1746/1746/1746
f 1735/1735/1735 1747/1747/1747 1746/1746/1746
f 1735/1735/1735 1736/1736/1736 1747/1747/1747
f 1736/1736/1736 1748/1748/1748 1747/1747/1747
f 1736/1736/1736 1737/1737/1737 1748/1748/1748
f 1737/1737/1737 1749/1749/1749 1748/1748/1748
f 1737/1737/1737 1738/1738/1738 1749/1749/1749
f 1738/1738/1738 1750/1750/1750 1749/1749/1749
f 1738/1738/1738 1739/1739/1739 1750/1750/1750
f 1739/1739/1739 1751/1751/1751 1750/1750/1750
f 1739/1739/1739 1740/1740/1740 1751/1751/1751
f 1740/1740/1740 1752/1752/1752 1751/1751/1751
f 1740/1740/1740 1741/1741/1741 1752/1752/1752
f 1741/1741/1741 1753/1753/1753 1752/1752/1752
f 1741/1741/1741 1742/1742/1742 1753/1753/1753
f 1742/1742/1742 1754/1754/1754 1753/1753/1753
f 1742/1742/1742 1743/1743/1743 1754/1754/1754
f 1744/1744/1744 1756/1756/1756 1755/1755/1755
f 1744/1744/1744 1745/1745/1745 1756/1756/1756
f 1745/1745/1745 1757/1757/1757 1756/1756/1756
f 1745/1745/1745 1746/1746/1746 1757/1757/1757
f 1746/1746/1746 1758/1758/1758 1757/1757/1757
f 1746/1746/1746 1747/1747/1747 1758/1758/1758
f 1747/1747/1747 1759/1759/1759 1758/1758/1758
f 1747/1747/1747 1748/1748/1748 1759/1759/1759
f 1748/1748/1748 1760/1760/1760 1759/1759/1759
f 1748/1748/1748 1749/1749/1749 1760/1760/1760
f 1749/1749/1749 1761/1761/1761 1760/1760/1760
f 1749/1749/1749 1750/1750/1750 1761/1761/1761
f 1750/1750/1750 1762/1762/1762 1761/1761/1761
f 1750/1750/1750 1751/1751/1751 1762/1762/1762
f 1751/1751/1751 1763/1763/1763 1762/1762/1762
f 1751/1751/1751 1752/1752/1752 1763/1763/1763
f 1752/1752/1752 1764/1764/1764 1763/1763/1763
f 1752/1752/1752 1753/1753/1753 1764/1764/1764
f 1753/1753/1753 1765/1765/1765 1764/1764/1764
f 1753/1753/1753 1754/1754/1754 1765/1765/1765
f 1755/1755/1755 1767/1767/1767 1766/1766/1766
f 1755/1755/1755 1756/1756/1756 1767/1767/1767
f 1756/1756/1756 1768/1768/1768 1767/1767/1767
f 1756/1756/1756 1757/1757/1757 1768/1768/1768
f 1757/1757/1757 1769/1769/1769 1768/1768/1768
f 1757/1757/1757 1758/1758/1758 1769/1769/1769
f 1758/1758/1758 1770/1770/1770 1769/1769/1769
f 1758/1758/1758 1759/1759/1759 1770/1770/1770
f 1759/1759/1759 1771/1771/1771 1770/1770/1770
f 1759/1759/1759 1760/1760/1760 1771/1771/1771
f 1760/1760/1760 1772/1772/1772 1771/1771/1771
f 1760/1760/1760 1761/1761/1761 1772/1772/1772
f 1761/1761/1761 1773/1773/1773 1772/1772/1772
f 1761/1761/1761 1762/1762/1762 1773/1773/1773
f 1762/1762/1762 1774/1774/1774 1773/1773/1773
f 1762/1762/1762 1763/1763/1763 1774/1774/1774
f 1763/1763/1763 1775/1775/1775 1774/1774/1774
f 1763/1763/1763 1764/1764/1764 1775/1775/1775
f 1764/1764/1764 1776/1776/1776 1775/1775/1775
f 1764/1764/1764 1765/1765/1765 1776/1776/1776
f 1766/1766/1766 1778/1778/1778 1777/1777/1777
f 1766/1766/1766 1767/1767/1767 1778/1778/1778
f 1767/1767/1767 1779/1779/1779 1778/1778/1778
f 1767/1767/1767 1768/1768/1768 1779/1779/1779
f 1768/1768/1768 1780/1780/1780 1779/1779/1779
f 1768/1768/1768 1769/1769/1769 1780/1780/1780
f 1769/1769/1769 1781/1781/1781 1780/1780/1780
f 1769/1769/1769 1770/1770/1770 1781/1781/1781
f 1770/1770/1770 1782/1782/1782 1781/1781/1781
f 1770/1770/1770 1771/1771/1771 1782/1782/1782
f 1771/1771/1771 1783/1783/1783 1782/1782/1782
f 1771/1771/1771 1772/1772/1772 1783/1783/1783
f 1772/1772/1772 1784/1784/1784 1783/1783/1783
f 1772/1772/1772 1773/1773/1773 1784/1784/1784
f 1773/1773/1773 1785/1785/1785 1784/1784/1784
f 1773/1773/1773 1774/1774/1774 1785/1785/1785
f 1774/1774/1774 1786/1786/1786 1785/1785/1785
f 1774/1774/1774 1775/1775/1775 1786/1786/1786
f 1775/1775/1775 1787/1787/1787 1786/1786/1786
f 1775/1775/1775 1776/1776/1776 1787/1787/1787
f 1788/1788/1788 1796/1796/1796 1789/1789/1789
f 1788/1788/1788 1795/1795/1795 1796/1796/1796
f 1802/1802/1802 1788/1788/1788 1789/1789/1789
f 1803/1803/1803 1796/1796/1796 1795/1795/1795
f 1789/1789/1789 1797/1797/1797 1790/1790/1790
f 1789/1789/1789 1796/1796/1796 1797/1797/1797
f 1802/1802/1802 1789/1789/1789 1790/1790/1790
f 1803/1803/1803 1797/1797/1797 1796/1796/1796
f 1790/1790/1790 1798/1798/1798 1791/1791/1791
f 1790/1790/1790 1797/1797/1797 1798/1798/1798
f 1802/1802/1802 1790/1790/1790 1791/1791/1791
f 1803/1803/1803 1798/1798/1798 1797/1797/1797
f 1791/1791/1791 1799/1799/1799 1792/1792/1792
f 1791/1791/1791 1798/1798/1798 1799/1799/1799
f 1802/1802/1802 1791/1791/1791 1792/1792/1792
f 1803/1803/1803 1799/1799/1799 1798/1798/1798
f 1792/1792/1792 1800/1800/1800 1793/1793/1793
f 1792/1792/1792 1799/1799/1799 1800/1800/1800
f 1802/1802/1802 1792/1792/1792 1793/1793/1793
f 1803/1803/1803 1800/1800/1800 1799/1799/1799
f 1793/1793/1793 1801/1801/1801 1794/1794/1794
f 1793/1793/1793 1800/1800/1800 1801/1801/1801
f 1802/1802/1802 1793/1793/1793 1794/1794/1794
f 1803/1803/1803 1801/1801/1801 1800/1800/1800
f 1794/1794/1794 1795/1795/1795 1788/1788/1788
f 1794/1794/1794 1801/1801/1801 1795/1795/1795
f 1802/1802/1802 1794/1794/1794 1788/1788/1788
f 1803/1803/1803 1795/1795/1795 1801/1801/1801
f 1804/1804/1804 1816/1816/1816 1815/1815/1815
f 1804/1804/1804 1805/1805/1805 1816/1816/1816
f 1805/1805/1805 1817/1817/1817 1816/1816/1816
f 1805/1805/1805 1806/1806/1806 1817/1817/1817
f 1806/1806/1806 1818/1818/1818 1817/1817/1817
f 1806/1806/1806 1807/1807/1807 1818/1818/1818
f 1807/1807/1807 1819/1819/1819 1818/1818/1818
f 1807/1807/1807 1808/1808/1808 1819/1819/1819
f 1808/1808/1808 1820/1820/1820 1819/1819/1819
f 1808/1808/1808 1809/1809/1809 1820/1820/1820
f 1809/1809/1809 1821/1821/1821 1820/1820/1820
f 1809/1809/1809 1810/1810/1810 1821/1821/1821
f 1810/1810/1810 1822/1822/1822 1821/1821/1821
f 1810/1810/1810 1811/1811/1811 1822/1822/1822
f 1811/1811/1811 1823/1823/1823 1822/1822/1822
f 1811/1811/1811 1812/1812/1812 1823/1823/1823
f 1812/1812/1812 1824/1824/1824 1823/1823/1823
f 1812/1812/1812 1813/1813/1813 1824/1824/1824
f 1813/1813/1813 1825/1825/1825 1824/1824/1824
f 1813/1813/1813 1814/1814/1814 1825/1825/1825
f 1815/1815/1815 1827/1827/1827 1826/1826/1826
f 1815/1815/1815 1816/1816/1816 1827/1827/1827
f 1816/1816/1816 1828/1828/1828 1827/1827/1827
f 1816/1816/1816 1817/1817/1817 1828/1828/1828
f 1817/1817/1817 1829/1829/1829 1828/1828/1828
f 1817/1817/1817 1818/1818/1818 1829/1829/1829
f 1818/1818/1818 1830/1830/1830 1829/1829/1829
f 1818/1818/1818 1819/1819/1819 1830/1830/1830
f 1819/1819/1819 1831/1831/1831 1830/1830/1830
f 1819/1819/1819 1820/1820/1820 1831/1831/1831
f 1820/1820/1820 1832/1832/1832 1831/1831/1831
f 1820/1820/1820 1821/1821/1821 1832/1832/1832
f 1821/1821/1821 1833/1833/1833 1832/1832/1832
f 1821/1821/1821 1822/1822/1822 1833/1833/1833
f 1822/1822/1822 1834/1834/1834 1833/1833/1833
f 1822/1822/1822 1823/1823/1823 1834/1834/1834
f 1823/1823/1823 1835/1835/1835 1834/1834/1834
f 1823/1823/1823 1824/1824/1824 1835/1835/1835
f 1824/1824/1824 1836/1836/1836 1835/1835/1835
f 1824/1824/1824 1825/1825/1825 1836/1836/1836
f 1826/1826/1826 1838/1838/1838 1837/1837/1837
f 1826/1826/1826 1827/1827/1827 1838/1838/1838
f 1827/1827/1827 1839/1839/1839 1838/1838/1838
f 1827/1827/1827 1828/1828/1828 1839/1839/1839
f 1828/1828/1828 1840/1840/1840 1839/1839/1839
f 1828/1828/1828 1829/1829/1829 1840/1840/1840
f 1829/1829/1829 1841/1841/1841 1840/1840/1840
f 1829/1829/1829 1830/1830/1830 1841/1841/1841
f 1830/1830/1830 1842/1842/1842 1841/1841/1841
f 1830/1830/1830 1831/1831/1831 1842/1842/1842
f 1831/1831/1831 1843/1843/1843 1842/1842/1842
f 1831/1831/1831 1832/1832/1832 1843/1843/1843
f 1832/1832/1832 1844/1844/1844 1843/1843/1843
f 1832/1832/1832 1833/1833/1833 1844/1844/1844
f 1833/1833/1833 1845/1845/1845 1844/1844/1844
f 1833/1833/1833 1834/1834/1834 1845/1845/1845
f 1834/1834/1834 1846/1846/1846 1845/1845/1845
f 1834/1834/1834 1835/1835/1835 1846/1846/1846
f 1835/1835/1835 1847/1847/1847 1846/1846/1846
f 1835/1835/1835 1836/1836/1836 1847/1847/1847
f 1837/1837/1837 1849/1849/1849 1848/1848/1848
f 1837/1837/1837 1838/1838/1838 1849/1849/1849
f 1838/1838/1838 1850/1850/1850 1849/1849/1849
f 1838/1838/1838 1839/1839/1839 1850/1850/1850
f 1839/1839/1839 1851/1851/1851 1850/1850/1850
f 1839/1839/1839 1840/1840/1840 1851/1851/1851
f 1840/1840/1840 1852/1852/1852 1851/1851/1851
f 1840/1840/1840 1841/1841/1841 1852/1852/1852
f 1841/1841/1841 1853/1853/1853 1852/1852/1852
f 1841/1841/1841 1842/1842/1842 1853/1853/1853
f 1842/1842/1842 1854/1854/1854 1853/1853/1853
f 1842/1842/1842 1843/1843/1843 1854/1854/1854
f 1843/1843/1843 1855/1855/1855 1854/1854/1854
f 1843/1843/1843 1844/1844/1844 1855/1855/1855
f 1844/1844/1844 1856/1856/1856 1855/1855/1855
f 1844/1844/1844 1845/1845/1845 1856/1856/1856
f 1845/1845/1845 1857/1857/1857 1856/1856/1856
f 1845/1845/1845 1846/1846/1846 1857/1857/1857
f 1846/1846/1846 1858/1858/1858 1857/1857/1857
f 1846/1846/1846 1847/1847/1847 1858/1858/1858
f 1848/1848/1848 1860/1860/1860 1859/1859/1859
f 1848/1848/1848 1849/1849/1849 1860/1860/1860
f 1849/1849/1849 1861/1861/1861 1860/1860/1860
f 1849/1849/1849 1850/1850/1850 1861/1861/1861
f 1850/1850/1850 1862/1862/1862 1861/1861/1861
f 1850/1850/1850 1851/1851/1851 1862/1862/1862
f 1851/1851/1851 1863/1863/1863 1862/1862/1862
f 1851/1851/1851 1852/1852/1852 1863/1863/1863
f 1852/1852/1852 1864/1864/1864 1863/1863/1863
f 1852/1852/1852 1853/1853/1853 1864/1864/1864
f 1853/1853/1853 1865/1865/1865 1864/1864/1864
f 1853/1853/1853 1854/1854/1854 1865/1865/1865
f 1854/1854/1854 1866/1866/1866 1865/1865/1865
f 1854/1854/1854 1855/1855/1855 1866/1866/1866
f 1855/1855/1855 1867/1867/1867 1866/1866/1866
f 1855/1855/1855 1856/1856/1856 1867/1867/1867
f 1856/1856/1856 1868/1868/1868 1867/1867/1867
f 1856/1856/1856 1857/1857/1857 1868/1868/1868
f 1857/1857/1857 1869/1869/1869 1868/1868/1868
f 1857/1857/1857 1858/1858/1858 1869/1869/1869
f 1859/1859/1859 1871/1871/1871 1870/1870/1870
f 1859/1859/1859 1860/1860/1860 1871/1871/1871
f 1860/1860/1860 1872/1872/1872 1871/1871/1871
f 1860/1860/1860 1861/1861/1861 1872/1872/1872
f 1861/1861/1861 1873/1873/1873 1872/1872/1872
f 1861/1861/1861 1862/1862/1862 1873/1873/1873
f 1862/1862/1862 1874/1874/1874 1873/1873/1873
f 1862/1862/1862 1863/1863/1863 1874/1874/1874
f 1863/1863/1863 1875/1875/1875 1874/1874/1874
f 1863/1863/1863 1864/1864/1864 1875/1875/1875
f 1864/1864/1864 1876/1876/1876 1875/1875/1875
f 1864/1864/1864 1865/1865/1865 1876/1876/1876
f 1865/1865/1865 1877/1877/1877 1876/1876/1876
f 1865/1865/1865 1866/1866/1866 1877/1877/1877
f 1866/1866/1866 1878/1878/1878 1877/1877/1877
f 1866/1866/1866 1867/1867/1867 1878/1878/1878
f 1867/1867/1867 1879/1879/1879 1878/1878/1878
f 1867/1867/1867 1868/1868/1868 1879/1879/1879
f 1868/1868/1868 1880/1880/1880 1879/1879/1879
f 1868/1868/1868 1869/1869/1869 1880/1880/1880
f 1870/1870/1870 1882/1882/1882 1881/1881/1881
f 1870/1870/1870 1871/1871/1871 1882/1882/1882
f 1871/1871/1871 1883/1883/1883 1882/1882/1882
f 1871/1871/1871 1872/1872/1872 1883/1883/1883
f 1872/1872/1872 1884/1884/1884 1883/1883/1883
f 1872/1872/1872 1873/1873/1873 1884/1884/1884
f 1873/1873/1873 1885/1885/1885 1884/1884/1884
f 1873/1873/1873 1874/1874/1874 1885/1885/1885
f 1874/1874/1874 1886/1886/1886 1885/1885/1885
f 1874/1874/1874 1875/1875/1875 1886/1886/1886
f 1875/1875/1875 1887/1887/1887 1886/1886/1886
f 1875/1875/1875 1876/1876/1876 1887/1887/1887
f 1876/1876/1876 1888/1888/1888 1887/1887/1887
f 1876/1876/1876 1877/1877/1877 1888/1888/1888
f 1877/1877/1877 1889/1889/1889 1888/1888/1888
f 1877/1877/1877 1878/1878/1878 1889/1889/1889
f 1878/1878/1878 1890/1890/1890 1889/1889/1889
f 1878/1878/1878 1879/1879/1879 1890/1890/1890
f 1879/1879/1879 1891/1891/1891 1890/1890/1890
f 1879/1879/1879 1880/1880/1880 1891/1891/1891
f 1881/1881/1881 1893/1893/1893 1892/1892/1892
f 1881/1881/1881 1882/1882/1882 1893/1893/1893
f 1882/1882/1882 1894/1894/1894 1893/1893/1893
f 1882/1882/1882 1883/1883/1883 1894/1894/1894
f 1883/1883/1883 1895/1895/1895 1894/1894/1894
f 1883/1883/1883 1884/1884/1884 1895/1895/1895
f 1884/1884/1884 1896/1896/1896 1895/1895/1895
f 1884/1884/1884 1885/1885/1885 1896/1896/1896
f 1885/1885/1885 1897/1897/1897 1896/1896/1896
f 1885/1885/1885 1886/1886/1886 1897/1897/1897
f 1886/1886/1886 1898/1898/1898 1897/1897/1897
f 1886/1886/1886 1887/1887/1887 1898/1898/1898
f 1887/1887/1887 1899/1899/1899 1898/1898/1898
f 1887/1887/1887 1888/1888/1888 1899/1899/1899
f 1888/1888/1888 1900/1900/1900 1899/1899/1899
f 1888/1888/1888 1889/1889/1889 1900/1900/1900
f 1889/1889/1889 1901/1901/1901 1900/1900/1900
f 1889/1889/1889 1890/1890/1890 1901/1901/1901
f 1890/1890/1890 1902/1902/1902 1901/1901/1901
f 1890/1890/1890 1891/1891/1891 1902/1902/1902
f 1903/1903/1903 1911/1911/1911 1904/1904/1904
f 1903/1903/1903 1910/1910/1910 1911/1911/1911
f 1917/1917/1917 1903/1903/1903 1904/1904/1904
f 1918/1918/1918 1911/1911/1911 1910/1910/1910
f 1904/1904/1904 1912/1912/1912 1905/1905/1905
f 1904/1904/1904 1911/1911/1911 1912/1912/1912
f 1917/1917/1917 1904/1904/1904 1905/1905/1905
f 1918/1918/1918 1912/1912/1912 1911/1911/1911
f 1905/1905/1905 1913/1913/1913 1906/1906/1906
f 1905/1905/1905 1912/1912/1912 1913/1913/1913
f 1917/1917/1917 1905/1905/1905 1906/1906/1906
f 1918/1918/1918 1913/1913/1913 1912/1912/1912
f 1906/1906/1906 1914/1914/1914 1907/1907/1907
f 1906/1906/1906 1913/1913/1913 1914/1914/1914
f 1917/1917/1917 1906/1906/1906 1907/1907/1907
f 1918/1918/1918 1914/1914/1914 1913/1913/1913
f 1907/1907/1907 1915/1915/1915 1908/1908/1908
f 1907/1907/1907 1914/1914/1914 1915/1915/1915
f 1917/1917/1917 1907/1907/1907 1908/1908/1908
f 1918/1918/1918 1915/1915/1915 1914/1914/1914
f 1908/1908/1908 1916/1916/1916 1909/1909/1909
f 1908/1908/1908 1915/1915/1915 1916/1916/1916
f 1917/1917/1917 1908/1908/1908 1909/1909/1909
f 1918/1918/1918 1916/1916/1916 1915/1915/1915
f 1909/1909/1909 1910/1910/1910 1903/1903/1903
f 1909/1909/1909 1916/1916/1916 1910/1910/1910
f 1917/1917/1917 1909/1909/1909 1903/1903/1903
f 1918/1918/1918 1910/1910/1910 1916/1916/1916
f 1919/1919/1919 1931/1931/1931 1930/1930/1930
f 1919/1919/1919 1920/1920/1920 1931/1931/1931
f 1920/1920/1920 1932/1932/1932 1931/1931/1931
f 1920/1920/1920 1921/1921/1921 1932/1932/1932
f 1921/1921/1921 1933/1933/1933 1932/1932/1932
f 1921/1921/1921 1922/1922/1922 1933/1933/1933
f 1922/1922/1922 1934/1934/1934 1933/1933/1933
f 1922/1922/1922 1923/1923/1923 1934/1934/1934
f 1923/1923/1923 1935/1935/1935 1934/1934/1934
f 1923/1923/1923 1924/1924/1924 1935/1935/1935
f 1924/1924/1924 1936/1936/1936 1935/1935/1935
f 1924/1924/1924 1925/1925/1925 1936/1936/1936
f 1925/1925/1925 1937/1937/1937 1936/1936/1936
f 1925/1925/1925 1926/1926/1926 1937/1937/1937
f 1926/1926/1926 1938/1938/1938 1937/1937/1937
f 1926/1926/1926 1927/1927/1927 1938/1938/1938
f 1927/1927/1927 1939/1939/1939 1938/1938/1938
f 1927/1927/1927 1928/1928/1928 1939/1939/1939
f 1928/1928/1928 1940/1940/1940 1939/1939/1939
f 1928/1928/1928 1929/1929/1929 1940/1940/1940
f 1930/1930/1930 1942/1942/1942 1941/1941/1941
f 1930/1930/1930 1931/1931/1931 1942/1942/1942
f 1931/1931/1931 1943/1943/1943 1942/1942/1942
f 1931/1931/1931 1932/1932/1932 1943/1943/1943
f 1932/1932/1932 1944/1944/1944 1943/1943/1943
f 1932/1932/1932 1933/1933/1933 1944/1944/1944
f 1933/1933/1933 1945/1945/1945 1944/1944/1944
f 1933/1933/1933 1934/1934/1934 1945/1945/1945
f 1934/1934/1934 1946/1946/1946 1945/1945/1945
f 1934/1934/1934 1935/1935/1935 1946/1946/1946
f 1935/1935/1935 1947/1947/1947 1946/1946/1946
f 1935/1935/1935 1936/1936/1936 1947/1947/1947
f 1936/1936/1936 1948/1948/1948 1947/1947/1947
f 1936/1936/1936 1937/1937/1937 1948/1948/1948
f 1937/1937/1937 1949/1949/1949 1948/1948/1948
f 1937/1937/1937 1938/1938/1938 1949/1949/1949
f 1938/1938/1938 1950/1950/1950 1949/1949/1949
f 1938/1938/1938 1939/1939/1939 1950/1950/1950
f 1939/1939/1939 1951/1951/1951 1950/1950/1950
f 1939/1939/1939 1940/1940/1940 1951/1951/1951
f 1941/1941/1941 1953/1953/1953 1952/1952/1952
f 1941/1941/1941 1942/1942/1942 1953/1953/1953
f 1942/1942/1942 1954/1954/1954 1953/1953/1953
f 1942/1942/1942 1943/1943/1943 1954/1954/1954
f 1943/1943/1943 1955/1955/1955 1954/1954/1954
f 1943/1943/1943 1944/1944/1944 1955/1955/1955
f 1944/1944/1944 1956/1956/1956 1955/1955/1955
f 1944/1944/1944 1945/1945/1945 1956/1956/1956
f 1945/1945/1945 1957/1957/1957 1956/1956/1956
f 1945/1945/1945 1946/1946/1946 1957/1957/1957
f 1946/1946/1946 1958/1958/1958 1957/1957/1957
f 1946/1946/1946 1947/1947/1947 1958/1958/1958
f 1947/1947/1947 1959/1959/1959 1958/1958/1958
f 1947/1947/1947 1948/1948/1948 1959/1959/1959
f 1948/1948/1948 1960/1960/1960 1959/1959/1959
f 1948/1948/1948 1949/1949/1949 1960/1960/1960
f 1949/1949/1949 1961/1961/1961 1960/1960/1960
f 1949/1949/1949 1950/1950/1950 1961/1961/1961
f 1950/1950/1950 1962/1962/1962 1961/1961/1961
f 1950/1950/1950 1951/1951/1951 1962/1962/1962
f 1952/1952/1952 1964/1964/1964 1963/1963/1963
f 1952/1952/1952 1953/1953/1953 1964/1964/1964
f 1953/1953/1953 1965/1965/1965 1964/1964/1964
f 1953/1953/1953 1954/1954/1954 1965/1965/1965
f 1954/1954/1954 1966/1966/1966 1965/1965/1965
f 1954/1954/1954 1955/1955/1955 1966/1966/1966
f 1955/1955/1955 1967/1967/1967 1966/1966/1966
f 1955/1955/1955 1956/1956/1956 1967/1967/1967
f 1956/1956/1956 1968/1968/1968 1967/1967/1967
f 1956/1956/1956 1957/1957/1957 1968/1968/1968
f 1957/1957/1957 1969/1969/1969 1968/1968/1968
f 1957/1957/1957 1958/1958/1958 1969/1969/1969
f 1958/1958/1958 1970/1970/1970 1969/1969/1969
f 1958/1958/1958 1959/1959/1959 1970/1970/1970
f 1959/1959/1959 1971/1971/1971 1970/1970/1970
f 1959/1959/1959 1960/1960/1960 1971/1971/1971
f 1960/1960/1960 1972/1972/1972 1971/1971/1971
f 1960/1960/1960 1961/1961/1961 1972/1972/1972
f 1961/1961/1961 1973/1973/1973 1972/1972/1972
f 1961/1961/1961 1962/1962/1962 1973/1973/1973
f 1963/1963/1963 1975/1975/1975 1974/1974/1974
f 1963/1963/1963 1964/1964/1964 1975/1975/1975
f 1964/1964/1964 1976/1976/1976 1975/1975/1975
f 1964/1964/1964 1965/1965/1965 1976/1976/1976
f 1965/1965/1965 1977/1977/1977 1976/1976/1976
f 1965/1965/1965 1966/1966/1966 1977/1977/1977
f 1966/1966/1966 1978/1978/1978 1977/1977/1977
f 1966/1966/1966 1967/1967/1967 1978/1978/1978
f 1967/1967/1967 1979/1979/1979 1978/1978/1978
f 1967/1967/1967 1968/1968/1968 1979/1979/1979
f 1968/1968/1968 1980/1980/1980 1979/1979/1979
f 1968/1968/1968 1969/1969/1969 1980/1980/1980
f 1969/1969/1969 1981/1981/1981 1980/1980/1980
f 1969/1969/1969 1970/1970/1970 1981/1981/1981
f 1970/1970/1970 1982/1982/1982 1981/1981/1981
f 1970/1970/1970 1971/1971/1971 1982/1982/1982
f 1971/1971/1971 1983/1983/1983 1982/1982/1982
f 1971/1971/1971 1972/1972/1972 1983/1983/1983
f 1972/1972/1972 1984/1984/1984 1983/1983/1983
f 1972/1972/1972 1973/1973/1973 1984/1984/1984
f 1974/1974/1974 1986/1986/1986 1985/1985/1985
f 1974/1974/1974 1975/1975/1975 1986/1986/1986
f 1975/1975/1975 1987/1987/1987 1986/1986/1986
f 1975/1975/1975 1976/1976/1976 1987/1987/1987
f 1976/1976/1976 1988/1988/1988 1987/1987/1987
f 1976/1976/1976 1977/1977/1977 1988/1988/1988
f 1977/1977/1977 1989/1989/1989 1988/1988/1988
f 1977/1977/1977 1978/1978/1978 1989/1989/1989
f 1978/1978/1978 1990/1990/1990 1989/1989/1989
f 1978/1978/1978 1979/1979/1979 1990/1990/1990
f 1979/1979/1979 1991/1991/1991 1990/1990/1990
f 1979/1979/1979 1980/1980/1980 1991/1991/1991
f 1980/1980/1980 1992/1992/1992 1991/1991/1991
f 1980/1980/1980 1981/1981/1981 1992/1992/1992
f 1981/1981/1981 1993/1993/1993 1992/1992/1992
f 1981/1981/1981 1982/1982/1982 1993/1993/1993
f 1982/1982/1982 1994/1994/1994 1993/1993/1993
f 1982/1982/1982 1983/1983/1983 1994/1994/1994
f 1983/1983/1983 1995/1995/1995 1994/1994/1994
f 1983/1983/1983 1984/1984/1984 1995/1995/1995
f 1985/1985/1985 1997/1997/1997 1996/1996/1996
f 1985/1985/1985 1986/1986/1986 1997/1997/1997
f 1986/1986/1986 1998/1998/1998 1997/1997/1997
f 1986/1986/1986 1987/1987/1987 1998/1998/1998
f 1987/1987/1987 1999/1999/1999 1998/1998/1998
f 1987/1987/1987 1988/1988/1988 1999/1999/1999
f 1988/1988/1988 2000/2000/2000 1999/1999/1999
f 1988/1988/1988 1989/1989/1989 2000/2000/2000
f 1989/1989/1989 2001/2001/2001 2000/2000/2000
f 1989/1989/1989 1990/1990/1990 2001/2001/2001
f 1990/1990/1990 2002/2002/2002 2001/2001/2001
f 1990/1990/1990 1991/1991/1991 2002/2002/2002
f 1991/1991/1991 2003/2003/2003 2002/2002/2002
f 1991/1991/1991 1992/1992/1992 2003/2003/2003
f 1992/1992/1992 2004/2004/2004 2003/2003/2003
f 1992/1992/1992 1993/1993/1993 2004/2004/2004
f 1993/1993/1993 2005/2005/2005 2004/2004/2004
f 1993/1993/1993 1994/1994/1994 2005/2005/2005
f 1994/1994/1994 2006/2006/2006 2005/2005/2005
f 1994/1994/1994 1995/1995/1995 2006/2006/2006
f 1996/1996/1996 2008/2008/2008 2007/2007/2007
f 1996/1996/1996 1997/1997/1997 2008/2008/2008
f 1997/1997/1997 2009/2009/2009 2008/2008/2008
f 1997/1997/1997 1998/1998/1998 2009/2009/2009
f 1998/1998/1998 2010/2010/2010 2009/2009/2009
f 1998/1998/1998 1999/1999/1999 2010/2010/2010
f 1999/1999/1999 2011/2011/2011 2010/2010/2010
f 1999/1999/1999 2000/2000/2000 2011/2011/2011
f 2000/2000/2000 2012/2012/2012 2011/2011/2011
f 2000/2000/2000 2001/2001/2001 2012/2012/2012
f 2001/2001/2001 2013/2013/2013 2012/2012/2012
f 2001/2001/2001 2002/2002/2002 2013/2013/2013
f 2002/2002/2002 2014/2014/2014 2013/2013/2013
f 2002/2002/2002 2003/2003/2003 2014/2014/2014
f 2003/2003/2003 2015/2015/2015 2014/2014/2014
f 2003/2003/2003 2004/2004/2004 2015/2015/2015
f 2004/2004/2004 2016/2016/2016 2015/2015/2015
f 2004/2004/2004 2005/2005/2005 2016/2016/2016
f 2005/2005/2005 2017/2017/2017 2016/2016/2016
f 2005/2005/2005 2006/2006/2006 2017/2017/2017
f 2018/2018/2018 2026/2026/2026 2019/2019/2019
f 2018/2018/2018 2025/2025/2025 2026/2026/2026
f 2032/2032/2032 2018/2018/2018 2019/2019/2019
f 2033/2033/2033 2026/2026/2026 2025/2025/2025
f 2019/2019/2019 2027/2027/2027 2020/2020/2020
f 2019/2019/2019 2026/2026/2026 2027/2027/2027
f 2032/2032/2032 2019/2019/2019 2020/2020/2020
f 2033/2033/2033 2027/2027/2027 2026/2026/2026
f 2020/2020/2020 2028/2028/2028 2021/2021/2021
f 2020/2020/2020 2027/2027/2027 2028/2028/2028
f 2032/2032/2032 2020/2020/2020 2021/2021/2021
f 2033/2033/2033 2028/2028/2028 2027/2027/2027
f 2021/2021/2021 2029/2029/2029 2022/2022/2022
f 2021/2021/2021 2028/2028/2028 2029/2029/2029
f 2032/2032/2032 2021/2021/2021 2022/2022/2022
f 2033/2033/2033 2029/2029/2029 2028/2028/2028
f 2022/2022/2022 2030/2030/2030 2023/2023/2023
f 2022/2022/2022 2029/2029/2029 2030/2030/2030
f 2032/2032/2032 2022/2022/2022 2023/2023/2023
f 2033/2033/2033 2030/2030/2030 2029/2029/2029
f 2023/2023/2023 2031/2031/2031 2024/2024/2024
f 2023/2023/2023 2030/2030/2030 2031/2031/2031
f 2032/2032/2032 2023/2023/2023 2024/2024/2024
f 2033/2033/2033 2031/2031/2031 2030/2030/2030
f 2024/2024/2024 2025/2025/2025 2018/2018/2018
f 2024/2024/2024 2031/2031/2031 2025/2025/2025
f 2032/2032/2032 2024/2024/2024 2018/2018/2018
f 2033/2033/2033 2025/2025/2025 2031/2031/2031
f 2034/2034/2034 2046/2046/2046 2045/2045/2045
f 2034/2034/2034 2035/2035/2035 2046/2046/2046
f 2035/2035/2035 2047/2047/2047 2046/2046/2046
f 2035/2035/2035 2036/2036/2036 2047/2047/2047
f 2036/2036/2036 2048/2048/2048 2047/2047/2047
f 2036/2036/2036 2037/2037/2037 2048/2048/2048
f 2037/2037/2037 2049/2049/2049 2048/2048/2048
f 2037/2037/2037 2038/2038/2038 2049/2049/2049
f 2038/2038/2038 2050/2050/2050 2049/2049/2049
f 2038/2038/2038 2039/2039/2039 2050/2050/2050
f 2039/2039/2039 2051/2051/2051 2050/2050/2050
f 2039/2039/2039 2040/2040/2040 2051/2051/2051
f 2040/2040/2040 2052/2052/2052 2051/2051/2051
f 2040/2040/2040 2041/2041/2041 2052/2052/2052
f 2041/2041/2041 2053/2053/2053 2052/2052/2052
f 2041/2041/2041 2042/2042/2042 2053/2053/2053
f 2042/2042/2042 2054/2054/2054 2053/2053/2053
f 2042/2042/2042 2043/2043/2043 2054/2054/2054
f 2043/2043/2043 2055/2055/2055 2054/2054/2054
f 2043/2043/2043 2044/2044/2044 2055/2055/2055
f 2045/2045/2045 2057/2057/2057 2056/2056/2056
f 2045/2045/2045 2046/2046/2046 2057/2057/2057
f 2046/2046/2046 2058/2058/2058 2057/2057/2057
f 2046/2046/2046 2047/2047/2047 2058/2058/2058
f 2047/2047/2047 2059/2059/2059 2058/2058/2058
f 2047/2047/2047 2048/2048/2048 2059/2059/2059
f 2048/2048/2048 2060/2060/2060 2059/2059/2059
f 2048/2048/2048 2049/2049/2049 2060/2060/2060
f 2049/2049/2049 2061/2061/2061 2060/2060/2060
f 2049/2049/2049 2050/2050/2050 2061/2061/2061
f 2050/2050/2050 2062/2062/2062 2061/2061/2061
f 2050/2050/2050 2051/2051/2051 2062/2062/2062
f 2051/2051/2051 2063/2063/2063 2062/2062/2062
f 2051/2051/2051 2052/2052/2052 2063/2063/2063
f 2052/2052/2052 2064/2064/2064 2063/2063/2063
f 2052/2052/2052 2053/2053/2053 2064/2064/2064
f 2053/2053/2053 2065/2065/2065 2064/2064/2064
f 2053/2053/2053 2054/2054/2054 2065/2065/2065
f 2054/2054/2054 2066/2066/2066 2065/2065/2065
f 2054/2054/2054 2055/2055/2055 2066/2066/2066
f 2056/2056/2056 2068/2068/2068 2067/2067/2067
f 2056/2056/2056 2057/2057/2057 2068/2068/2068
f 2057/2057/2057 2069/2069/2069 2068/2068/2068
f 2057/2057/2057 2058/2058/2058 2069/2069/2069
f 2058/2058/2058 2070/2070/2070 2069/2069/2069
f 2058/2058/2058 2059/2059/2059 2070/2070/2070
f 2059/2059/2059 2071/2071/2071 2070/2070/2070
f 2059/2059/2059 2060/2060/2060 2071/2071/2071
f 2060/2060/2060 2072/2072/2072 2071/2071/2071
f 2060/2060/2060 2061/2061/2061 2072/2072/2072
f 2061/2061/2061 2073/2073/2073 2072/2072/2072
f 2061/2061/2061 2062/2062/2062 2073/2073/2073
f 2062/2062/2062 2074/2074/2074 2073/2073/2073
f 2062/2062/2062 2063/2063/2063 2074/2074/2074
f 2063/2063/2063 2075/2075/2075 2074/2074/2074
f 2063/2063/2063 2064/2064/2064 2075/2075/2075
f 2064/2064/2064 2076/2076/2076 2075/2075/2075
f 2064/2064/2064 2065/2065/2065 2076/2076/2076
f 2065/2065/2065 2077/2077/2077 2076/2076/2076
f 2065/2065/2065 2066/2066/2066 2077/2077/2077
f 2067/2067/2067 2079/2079/2079 2078/2078/2078
f 2067/2067/2067 2068/2068/2068 2079/2079/2079
f 2068/2068/2068 2080/2080/2080 2079/2079/2079
f 2068/2068/2068 2069/2069/2069 2080/2080/2080
f 2069/2069/2069 2081/2081/2081 2080/2080/2080
f 2069/2069/2069 2070/2070/2070 2081/2081/2081
f 2070/2070/2070 2082/2082/2082 2081/2081/2081
f 2070/2070/2070 2071/2071/2071 2082/2082/2082
f 2071/2071/2071 2083/2083/2083 2082/2082/2082
f 2071/2071/2071 2072/2072/2072 2083/2083/2083
f 2072/2072/2072 2084/2084/2084 2083/2083/2083
f 2072/2072/2072 2073/2073/2073 2084/2084/2084
f 2073/2073/2073 2085/2085/2085 2084/2084/2084
f 2073/2073/2073 2074/2074/2074 2085/2085/2085
f 2074/2074/2074 2086/2086/2086 2085/2085/2085
f 2074/2074/2074 2075/2075/2075 2086/2086/2086
f 2075/2075/2075 2087/2087/2087 2086/2086/2086
f 2075/2075/2075 2076/2076/2076 2087/2087/2087
f 2076/2076/2076 2088/2088/2088 2087/2087/2087
f 2076/2076/2076 2077/2077/2077 2088/2088/2088
f 2078/2078/2078 2090/2090/2090 2089/2089/2089
f 2078/2078/2078 2079/2079/2079 2090/2090/2090
f 2079/2079/2079 2091/2091/2091 2090/2090/2090
f 2079/2079/2079 2080/2080/2080 2091/2091/2091
f 2080/2080/2080 2092/2092/2092 2091/2091/2091
f 2080/2080/2080 2081/2081/2081 2092/2092/2092
f 2081/2081/2081 2093/2093/2093 2092/2092/2092
f 2081/2081/2081 2082/2082/2082 2093/2093/2093
f 2082/2082/2082 2094/2094/2094 2093/2093/2093
f 2082/2082/2082 2083/2083/2083 2094/2094/2094
f 2083/2083/2083 2095/2095/2095 2094/2094/2094
f 2083/2083/2083 2084/2084/2084 2095/2095/2095
f 2084/2084/2084 2096/2096/2096 2095/2095/2095
f 2084/2084/2084 2085/2085/2085 2096/2096/2096
f 2085/2085/2085 2097/2097/2097 2096/2096/2096
f 2085/2085/2085 2086/2086/2086 2097/2097/2097
f 2086/2086/2086 2098/2098/2098 2097/2097/2097
f 2086/2086/2086 2087/2087/2087 2098/2098/2098
f 2087/2087/2087 2099/2099/2099 2098/2098/2098
f 2087/2087/2087 2088/2088/2088 2099/2099/2099
f 2089/2089/2089 2101/2101/2101 2100/2100/2100
f 2089/2089/2089 2090/2090/2090 2101/2101/2101
f 2090/2090/2090 2102/2102/2102 2101/2101/2101
f 2090/2090/2090 2091/2091/2091 2102/2102/2102
f 2091/2091/2091 2103/2103/2103 2102/2102/2102
f 2091/2091/2091 2092/2092/2092 2103/2103/2103
f 2092/2092/2092 2104/2104/2104 2103/2103/2103
f 2092/2092/2092 2093/2093/2093 2104/2104/2104
f 2093/2093/2093 2105/2105/2105 2104/2104/2104
f 2093/2093/2093 2094/2094/2094 2105/2105/2105
f 2094/2094/2094 2106/2106/2106 2105/2105/2105
f 2094/2094/2094 2095/2095/2095 2106/2106/2106
f 2095/2095/2095 2107/2107/2107 2106/2106/2106
f 2095/2095/2095 2096/2096/2096 2107/2107/2107
f 2096/2096/2096 2108/2108/2108 2107/2107/2107
f 2096/2096/2096 2097/2097/2097 2108/2108/2108
f 2097/2097/2097 2109/2109/2109 2108/2108/2108
f 2097/2097/2097 2098/2098/2098 2109/2109/2109
f 2098/2098/2098 2110/2110/2110 2109/2109/2109
f 2098/2098/2098 2099/2099/2099 2110/2110/2110
f 2100/2100/2100 2112/2112/2112 2111/2111/2111
f 2100/2100/2100 2101/2101/2101 2112/2112/2112
f 2101/2101/2101 2113/2113/2113 2112/2112/2112
f 2101/2101/2101 2102/2102/2102 2113/2113/2113
f 2102/2102/2102 2114/2114/2114 2113/2113/2113
f 2102/2102/2102 2103/2103/2103 2114/2114/2114
f 2103/2103/2103 2115/2115/2115 2114/2114/2114
f 2103/2103/2103 2104/2104/2104 2115/2115/2115
f 2104/2104/2104 2116/2116/2116 2115/2115/2115
f 2104/2104/2104 2105/2105/2105 2116/2116/2116
f 2105/2105/2105 2117/2117/2117 2116/2116/2116
f 2105/2105/2105 2106/2106/2106 2117/2117/2117
f 2106/2106/2106 2118/2118/2118 2117/2117/2117
f 2106/2106/2106 2107/2107/2107 2118/2118/2118
f 2107/2107/2107 2119/2119/2119 2118/2118/2118
f 2107/2107/2107 2108/2108/2108 2119/2119/2119
f 2108/2108/2108 2120/2120/2120 2119/2119/2119
f 2108/2108/2108 2109/2109/2109 2120/2120/2120
f 2109/2109/2109 2121/2121/2121 2120/2120/2120
f 2109/2109/2109 2110/2110/2110 2121/2121/2121
f 2111/2111/2111 2123/2123/2123 2122/2122/2122
f 2111/2111/2111 2112/2112/2112 2123/2123/2123
f 2112/2112/2112 2124/2124/2124 2123/2123/2123
f 2112/2112/2112 2113/2113/2113 2124/2124/2124
f 2113/2113/2113 2125/2125/2125 2124/2124/2124
f 2113/2113/2113 2114/2114/2114 2125/2125/2125
f 2114/2114/2114 2126/2126/2126 2125/2125/2125
f 2114/2114/2114 2115/2115/2115 2126/2126/2126
f 2115/2115/2115 2127/2127/2127 2126/2126/2126
f 2115/2115/2115 2116/2116/2116 2127/2127/2127
f 2116/2116/2116 2128/2128/2128 2127/2127/2127
f 2116/2116/2116 2117/2117/2117 2128/2128/2128
f 2117/2117/2117 2129/2129/2129 2128/2128/2128
f 2117/2117/2117 2118/2118/2118 2129/2129/2129
f 2118/2118/2118 2130/2130/2130 2129/2129/2129
f 2118/2118/2118 2119/2119/2119 2130/2130/2130
f 2119/2119/2119 2131/2131/2131 2130/2130/2130
f 2119/2119/2119 2120/2120/2120 2131/2131/2131
f 2120/2120/2120 2132/2132/2132 2131/2131/2131
f 2120/2120/2120 2121/2121/2121 2132/2132/2132
f 2133/2133/2133 2141/2141/2141 2134/2134/2134
f 2133/2133/2133 2140/2140/2140 2141/2141/2141
f 2147/2147/2147 2133/2133/2133 2134/2134/2134
f 2148/2148/2148 2141/2141/2141 2140/2140/2140
f 2134/2134/2134 2142/2142/2142 2135/2135/2135
f 2134/2134/2134 2141/2141/2141 2142/2142/2142
f 2147/2147/2147 2134/2134/2134 2135/2135/2135
f 2148/2148/2148 2142/2142/2142 2141/2141/2141
f 2135/2135/2135 2143/2143/2143 2136/2136/2136
f 2135/2135/2135 2142/2142/2142 2143/2143/2143
f 2147/2147/2147 2135/2135/2135 2136/2136/2136
f 2148/2148/2148 2143/2143/2143 2142/2142/2142
f 2136/2136/2136 2144/2144/2144 2137/2137/2137
f 2136/2136/2136 2143/2143/2143 2144/2144/2144
f 2147/2147/2147 2136/2136/2136 2137/2137/2137
f 2148/2148/2148 2144/2144/2144 2143/2143/2143
f 2137/2137/2137 2145/2145/2145 2138/2138/2138
f 2137/2137/2137 2144/2144/2144 2145/2145/2145
f 2147/2147/2147 2137/2137/2137 2138/2138/2138
f 2148/2148/2148 2145/2145/2145 2144/2144/2144
f 2138/2138/2138 2146/2146/2146 2139/2139/2139
f 2138/2138/2138 2145/2145/2145 2146/2146/2146
f 2147/2147/2147 2138/2138/2138 2139/2139/2139
f 2148/2148/2148 2146/2146/2146 2145/2145/2145
f 2139/2139/2139 2140/2140/2140 2133/2133/2133
f 2139/2139/2139 2146/2146/2146 2140/2140/2140
f 2147/2147/2147 2139/2139/2139 2133/2133/2133
f 2148/2148/2148 2140/2140/2140 2146/2146/2146
f 2149/2149/2149 2161/2161/2161 2160/2160/2160
f 2149/2149/2149 2150/2150/2150 2161/2161/2161
f 2150/2150/2150 2162/2162/2162 2161/2161/2161
f 2150/2150/2150 2151/2151/2151 2162/2162/2162
f 2151/2151/2151 2163/2163/2163 2162/2162/2162
f 2151/2151/2151 2152/2152/2152 2163/2163/2163
f 2152/2152/2152 2164/2164/2164 2163/2163/2163
f 2152/2152/2152 2153/2153/2153 2164/2164/2164
f 2153/2153/2153 2165/2165/2165 2164/2164/2164
f 2153/2153/2153 2154/2154/2154 2165/2165/2165
f 2154/2154/2154 2166/2166/2166 2165/2165/2165
f 2154/2154/2154 2155/2155/2155 2166/2166/2166
f 2155/2155/2155 2167/2167/2167 2166/2166/2166
f 2155/2155/2155 2156/2156/2156 2167/2167/2167
f 2156/2156/2156 2168/2168/2168 2167/2167/2167
f 2156/2156/2156 2157/2157/2157 2168/2168/2168
f 2157/2157/2157 2169/2169/2169 2168/2168/2168
f 2157/2157/2157 2158/2158/2158 2169/2169/2169
f 2158/2158/2158 2170/2170/2170 2169/2169/2169
f 2158/2158/2158 2159/2159/2159 2170/2170/2170
f 2160/2160/2160 2172/2172/2172 2171/2171/2171
f 2160/2160/2160 2161/2161/2161 2172/2172/2172
f 2161/2161/2161 2173/2173/2173 2172/2172/2172
f 2161/2161/2161 2162/2162/2162 2173/2173/2173
f 2162/2162/2162 2174/2174/2174 2173/2173/2173
f 2162/2162/2162 2163/2163/2163 2174/2174/2174
f 2163/2163/2163 2175/2175/2175 2174/2174/2174
f 2163/2163/2163 2164/2164/2164 2175/2175/2175
f 2164/2164/2164 2176/2176/2176 2175/2175/2175
f 2164/2164/2164 2165/2165/2165 2176/2176/2176
f 2165/2165/2165 2177/2177/2177 2176/2176/2176
f 2165/2165/2165 2166/2166/2166 2177/2177/2177
f 2166/2166/2166 2178/2178/2178 2177/2177/2177
f 2166/2166/2166 2167/2167/2167 2178/2178/2178
f 2167/2167/2167 2179/2179/2179 2178/2178/2178
f 2167/2167/2167 2168/2168/2168 2179/2179/2179
f 2168/2168/2168 2180/2180/2180 2179/2179/2179
f 2168/2168/2168 2169/2169/2169 2180/2180/2180
f 2169/2169/2169 2181/2181/2181 2180/2180/2180
f 2169/2169/2169 2170/2170/2170 2181/2181/2181
f 2171/2171/2171 2183/2183/2183 2182/2182/2182
f 2171/2171/2171 2172/2172/2172 2183/2183/2183
f 2172/2172/2172 2184/2184/2184 2183/2183/2183
f 2172/2172/2172 2173/2173/2173 2184/2184/2184
f 2173/2173/2173 2185/2185/2185 2184/2184/2184
f 2173/2173/2173 2174/2174/2174 2185/2185/2185
f 2174/2174/2174 2186/2186/2186 2185/2185/2185
f 2174/2174/2174 2175/2175/2175 2186/2186/2186
f 2175/2175/2175 2187/2187/2187 2186/2186/2186
f 2175/2175/2175 2176/2176/2176 2187/2187/2187
f 2176/2176/2176 2188/2188/2188 2187/2187/2187
f 2176/2176/2176 2177/2177/2177 2188/2188/2188
f 2177/2177/2177 2189/2189/2189 2188/2188/2188
f 2177/2177/2177 2178/2178/2178 2189/2189/2189
f 2178/2178/2178 2190/2190/2190 2189/2189/2189
f 2178/2178/2178 2179/2179/2179 2190/2190/2190
f 2179/2179/2179 2191/2191/2191 2190/2190/2190
f 2179/2179/2179 2180/2180/2180 2191/2191/2191
f 2180/2180/2180 2192/2192/2192 2191/2191/2191
f 2180/2180/2180 2181/2181/2181 2192/2192/2192
f 2182/2182/2182 2194/2194/2194 2193/2193/2193
f 2182/2182/2182 2183/2183/2183 2194/2194/2194
f 2183/2183/2183 2195/2195/2195 2194/2194/2194
f 2183/2183/2183 2184/2184/2184 2195/2195/2195
f 2184/2184/2184 2196/2196/2196 2195/2195/2195
f 2184/2184/2184 2185/2185/2185 2196/2196/2196
f 2185/2185/2185 2197/2197/2197 2196/2196/2196
f 2185/2185/2185 2186/2186/2186 2197/2197/2197
f 2186/2186/2186 2198/2198/2198 2197/2197/2197
f 2186/2186/2186 2187/2187/2187 2198/2198/2198
f 2187/2187/2187 2199/2199/2199 2198/2198/2198
f 2187/2187/2187 2188/2188/2188 2199/2199/2199
f 2188/2188/2188 2200/2200/2200 2199/2199/2199
f 2188/2188/2188 2189/2189/2189 2200/2200/2200
f 2189/2189/2189 2201/2201/2201 2200/2200/2200
f 2189/2189/2189 2190/2190/2190 2201/2201/2201
f 2190/2190/2190 2202/2202/2202 2201/2201/2201
f 2190/2190/2190 2191/2191/2191 2202/2202/2202
f 2191/2191/2191 2203/2203/2203 2202/2202/2202
f 2191/2191/2191 2192/2192/2192 2203/2203/2203
f 2193/2193/2193 2205/2205/2205 2204/2204/2204
f 2193/2193/2193 2194/2194/2194 2205/2205/2205
f 2194/2194/2194 2206/2206/2206 2205/2205/2205
f 2194/2194/2194 2195/2195/2195 2206/2206/2206
f 2195/2195/2195 2207/2207/2207 2206/2206/2206
f 2195/2195/2195 2196/2196/2196 2207/2207/2207
f 2196/2196/2196 2208/2208/2208 2207/2207/2207
f 2196/2196/2196 2197/2197/2197 2208/2208/2208
f 2197/2197/2197 2209/2209/2209 2208/2208/2208
f 2197/2197/2197 2198/2198/2198 2209/2209/2209
f 2198/2198/2198 2210/2210/2210 2209/2209/2209
f 2198/2198/2198 2199/2199/2199 2210/2210/2210
f 2199/2199/2199 2211/2211/2211 2210/2210/2210
f 2199/2199/2199 2200/2200/2200 2211/2211/2211
f 2200/2200/2200 2212/2212/2212 2211/2211/2211
f 2200/2200/2200 2201/2201/2201 2212/2212/2212
f 2201/2201/2201 2213/2213/2213 2212/2212/2212
f 2201/2201/2201 2202/2202/2202 2213/2213/2213
f 2202/2202/2202 2214/2214/2214 2213/2213/2213
f 2202/2202/2202 2203/2203/2203 2214/2214/2214
f 2204/2204/2204 2216/2216/2216 2215/2215/2215
f 2204/2204/2204 2205/2205/2205 2216/2216/2216
f 2205/2205/2205 2217/2217/2217 2216/2216/2216
f 2205/2205/2205 2206/2206/2206 2217/2217/2217
f 2206/2206/2206 2218/2218/2218 2217/2217/2217
f 2206/2206/2206 2207/2207/2207 2218/2218/2218
f 2207/2207/2207 2219/2219/2219 2218/2218/2218
f 2207/2207/2207 2208/2208/2208 2219/2219/2219
f 2208/2208/2208 2220/2220/2220 2219/2219/2219
f 2208/2208/2208 2209/2209/2209 2220/2220/2220
f 2209/2209/2209 2221/2221/2221 2220/2220/2220
f 2209/2209/2209 2210/2210/2210 2221/2221/2221
f 2210/2210/2210 2222/2222/2222 2221/2221/2221
f 2210/2210/2210 2211/2211/2211 2222/2222/2222
f 2211/2211/2211 2223/2223/2223 2222/2222/2222
f 2211/2211/2211 2212/2212/2212 2223/2223/2223
f 2212/2212/2212 2224/2224/2224 2223/2223/2223
f 2212/2212/2212 2213/2213/2213 2224/2224/2224
f 2213/2213/2213 2225/2225/2225 2224/2224/2224
f 2213/2213/2213 2214/2214/2214 2225/2225/2225
f 2215/2215/2215 2227/2227/2227 2226/2226/2226
f 2215/2215/2215 2216/2216/2216 2227/2227/2227
f 2216/2216/2216 2228/2228/2228 2227/2227/2227
f 2216/2216/2216 2217/2217/2217 2228/2228/2228
f 2217/2217/2217 2229/2229/2229 2228/2228/2228
f 2217/2217/2217 2218/2218/2218 2229/2229/2229
f 2218/2218/2218 2230/2230/2230 2229/2229/2229
f 2218/2218/2218 2219/2219/2219 2230/2230/2230
f 2219/2219/2219 2231/2231/2231 2230/2230/2230
f 2219/2219/2219 2220/2220/2220 2231/2231/2231
f 2220/2220/2220 2232/2232/2232 2231/2231/2231
f 2220/2220/2220 2221/2221/2221 2232/2232/2232
f 2221/2221/2221 2233/2233/2233 2232/2232/2232
f 2221/2221/2221 2222/2222/2222 2233/2233/2233
f 2222/2222/2222 2234/2234/2234 2233/2233/2233
f 2222/2222/2222 2223/2223/2223 2234/2234/2234
f 2223/2223/2223 2235/2235/2235 2234/2234/2234
f 2223/2223/2223 2224/2224/2224 2235/2235/2235
f 2224/2224/2224 2236/2236/2236 2235/2235/2235
f 2224/2224/2224 2225/2225/2225 2236/2236/2236
f 2226/2226/2226 2238/2238/2238 2237/2237/2237
f 2226/2226/2226 2227/2227/2227 2238/2238/2238
f 2227/2227/2227 2239/2239/2239 2238/2238/2238
f 2227/2227/2227 2228/2228/2228 2239/2239/2239
f 2228/2228/2228 2240/2240/2240 2239/2239/2239
f 2228/2228/2228 2229/2229/2229 2240/2240/2240
f 2229/2229/2229 2241/2241/2241 2240/2240/2240
f 2229/2229/2229 2230/2230/2230 2241/2241/2241
f 2230/2230/2230 2242/2242/2242 2241/2241/2241
f 2230/2230/2230 2231/2231/2231 2242/2242/2242
f 2231/2231/2231 2243/2243/2243 2242/2242/2242
f 2231/2231/2231 2232/2232/2232 2243/2243/2243
f 2232/2232/2232 2244/2244/2244 2243/2243/2243
f 2232/2232/2232 2233/2233/2233 2244/2244/2244
f 2233/2233/2233 2245/2245/2245 2244/2244/2244
f 2233/2233/2233 2234/2234/2234 2245/2245/2245
f 2234/2234/2234 2246/2246/2246 2245/2245/2245
f 2234/2234/2234 2235/2235/2235 2246/2246/2246
f 2235/2235/2235 2247/2247/2247 2246/2246/2246
f 2235/2235/2235 2236/2236/2236 2247/2247/2247
f 2248/2248/2248 2256/2256/2256 2249/2249/2249
f 2248/2248/2248 2255/2255/2255 2256/2256/2256
f 2262/2262/2262 2248/2248/2248 2249/2249/2249
f 2263/2263/2263 2256/2256/2256 2255/2255/2255
f 2249/2249/2249 2257/2257/2257 2250/2250/2250
f 2249/2249/2249 2256/2256/2256 2257/2257/2257
f 2262/2262/2262 2249/2249/2249 2250/2250/2250
f 2263/2263/2263 2257/2257/2257 2256/2256/2256
f 2250/2250/2250 2258/2258/2258 2251/2251/2251
f 2250/2250/2250 2257/2257/2257 2258/2258/2258
f 2262/2262/2262 2250/2250/2250 2251/2251/2251
f 2263/2263/2263 2258/2258/2258 2257/2257/2257
f 2251/2251/2251 2259/2259/2259 2252/2252/2252
f 2251/2251/2251 2258/2258/2258 2259/2259/2259
f 2262/2262/2262 2251/2251/2251 2252/2252/2252
f 2263/2263/2263 2259/2259/2259 2258/2258/2258
f 2252/2252/2252 2260/2260/2260 2253/2253/2253
f 2252/2252/2252 2259/2259/2259 2260/2260/2260
f 2262/2262/2262 2252/2252/2252 2253/2253/2253
f 2263/2263/2263 2260/2260/2260 2259/2259/2259
f 2253/2253/2253 2261/2261/2261 2254/2254/2254
f 2253/2253/2253 2260/2260/2260 2261/2261/2261
f 2262/2262/2262 2253/2253/2253 2254/2254/2254
f 2263/2263/2263 2261/2261/2261 2260/2260/2260
f 2254/2254/2254 2255/2255/2255 2248/2248/2248
f 2254/2254/2254 2261/2261/2261 2255/2255/2255
f 2262/2262/2262 2254/2254/2254 2248/2248/2248
f 2263/2263/2263 2255/2255/2255 2261/2261/2261
f 2264/2264/2264 2276/2276/2276 2275/2275/2275
f 2264/2264/2264 2265/2265/2265 2276/2276/2276
f 2265/2265/2265 2277/2277/2277 2276/2276/2276
f 2265/2265/2265 2266/2266/2266 2277/2277/2277
f 2266/2266/2266 2278/2278/2278 2277/2277/2277
f 2266/2266/2266 2267/2267/2267 2278/2278/2278
f 2267/2267/2267 2279/2279/2279 2278/2278/2278
f 2267/2267/2267 2268/2268/2268 2279/2279/2279
f 2268/2268/2268 2280/2280/2280 2279/2279/2279
f 2268/2268/2268 2269/2269/2269 2280/2280/2280
f 2269/2269/2269 2281/2281/2281 2280/2280/2280
f 2269/2269/2269 2270/2270/2270 2281/2281/2281
f 2270/2270/2270 2282/2282/2282 2281/2281/2281
f 2270/2270/2270 2271/2271/2271 2282/2282/2282
f 2271/2271/2271 2283/2283/2283 2282/2282/2282
f 2271/2271/2271 2272/2272/2272 2283/2283/2283
f 2272/2272/2272 2284/2284/2284 2283/2283/2283
f 2272/2272/2272 2273/2273/2273 2284/2284/2284
f 2273/2273/2273 2285/2285/2285 2284/2284/2284
f 2273/2273/2273 2274/2274/2274 2285/2285/2285
f 2275/2275/2275 2287/2287/2287 2286/2286/2286
f 2275/2275/2275 2276/2276/2276 2287/2287/2287
f 2276/2276/2276 2288/2288/2288 2287/2287/2287
f 2276/2276/2276 2277/2277/2277 2288/2288/2288
f 2277/2277/2277 2289/2289/2289 2288/2288/2288
f 2277/2277/2277 2278/2278/2278 2289/2289/2289
f 2278/2278/2278 2290/2290/2290 2289/2289/2289
f 2278/2278/2278 2279/2279/2279 2290/2290/2290
f 2279/2279/2279 2291/2291/2291 2290/2290/2290
f 2279/2279/2279 2280/2280/2280 2291/2291/2291
f 2280/2280/2280 2292/2292/2292 2291/2291/2291
f 2280/2280/2280 2281/2281/2281 2292/2292/2292
f 2281/2281/2281 2293/2293/2293 2292/2292/2292
f 2281/2281/2281 2282/2282/2282 2293/2293/2293
f 2282/2282/2282 2294/2294/2294 2293/2293/2293
f 2282/2282/2282 2283/2283/2283 2294/2294/2294
f 2283/2283/2283 2295/2295/2295 2294/2294/2294
f 2283/2283/2283 2284/2284/2284 2295/2295/2295
f 2284/2284/2284 2296/2296/2296 2295/2295/2295
f 2284/2284/2284 2285/2285/2285 2296/2296/2296
f 2286/2286/2286 2298/2298/2298 2297/2297/2297
f 2286/2286/2286 2287/2287/2287 2298/2298/2298
f 2287/2287/2287 2299/2299/2299 2298/2298/2298
f 2287/2287/2287 2288/2288/2288 2299/2299/2299
f 2288/2288/2288 2300/2300/2300 2299/2299/2299
f 2288/2288/2288 2289/2289/2289 2300/2300/2300
f 2289/2289/2289 2301/2301/2301 2300/2300/2300
f 2289/2289/2289 2290/2290/2290 2301/2301/2301
f 2290/2290/2290 2302/2302/2302 2301/2301/2301
f 2290/2290/2290 2291/2291/2291 2302/2302/2302
f 2291/2291/2291 2303/2303/2303 2302/2302/2302
f 2291/2291/2291 2292/2292/2292 2303/2303/2303
f 2292/2292/2292 2304/2304/2304 2303/2303/2303
f 2292/2292/2292 2293/2293/2293 2304/2304/2304
f 2293/2293/2293 2305/2305/2305 2304/2304/2304
f 2293/2293/2293 2294/2294/2294 2305/2305/2305
f 2294/2294/2294 2306/2306/2306 2305/2305/2305
f 2294/2294/2294 2295/2295/2295 2306/2306/2306
f 2295/2295/2295 2307/2307/2307 2306/2306/2306
f 2295/2295/2295 2296/2296/2296 2307/2307/2307
f 2297/2297/2297 2309/2309/2309 2308/2308/2308
f 2297/2297/2297 2298/2298/2298 2309/2309/2309
f 2298/2298/2298 2310/2310/2310 2309/2309/2309
f 2298/2298/2298 2299/2299/2299 2310/2310/2310
f 2299/2299/2299 2311/2311/2311 2310/2310/2310
f 2299/2299/2299 2300/2300/2300 2311/2311/2311
f 2300/2300/2300 2312/2312/2312 2311/2311/2311
f 2300/2300/2300 2301/2301/2301 2312/2312/2312
f 2301/2301/2301 2313/2313/2313 2312/2312/2312
f 2301/2301/2301 2302/2302/2302 2313/2313/2313
f 2302/2302/2302 2314/2314/2314 2313/2313/2313
f 2302/2302/2302 2303/2303/2303 2314/2314/2314
f 2303/2303/2303 2315/2315/2315 2314/2314/2314
f 2303/2303/2303 2304/2304/2304 2315/2315/2315
f 2304/2304/2304 2316/2316/2316 2315/2315/2315
f 2304/2304/2304 2305/2305/2305 2316/2316/2316
f 2305/2305/2305 2317/2317/2317 2316/2316/2316
f 2305/2305/2305 2306/2306/2306 2317/2317/2317
f 2306/2306/2306 2318/2318/2318 2317/2317/2317
f 2306/2306/2306 2307/2307/2307 2318/2318/2318
f 2308/2308/2308 2320/2320/2320 2319/2319/2319
f 2308/2308/2308 2309/2309/2309 2320/2320/2320
f 2309/2309/2309 2321/2321/2321 2320/2320/2320
f 2309/2309/2309 2310/2310/2310 2321/2321/2321
f 2310/2310/2310 2322/2322/2322 2321/2321/2321
f 2310/2310/2310 2311/2311/2311 2322/2322/2322
f 2311/2311/2311 2323/2323/2323 2322/2322/2322
f 2311/2311/2311 2312/2312/2312 2323/2323/2323
f 2312/2312/2312 2324/2324/2324 2323/2323/2323
f 2312/2312/2312 2313/2313/2313 2324/2324/2324
f 2313/2313/2313 2325/2325/2325 2324/2324/2324
f 2313/2313/2313 2314/2314/2314 2325/2325/2325
f 2314/2314/2314 2326/2326/2326 2325/2325/2325
f 2314/2314/2314 2315/2315/2315 2326/2326/2326
f 2315/2315/2315 2327/2327/2327 2326/2326/2326
f 2315/2315/2315 2316/2316/2316 2327/2327/2327
f 2316/2316/2316 2328/2328/2328 2327/2327/2327
f 2316/2316/2316 2317/2317/2317 2328/2328/2328
f 2317/2317/2317 2329/2329/2329 2328/2328/2328
f 2317/2317/2317 2318/2318/2318 2329/2329/2329
f 2319/2319/2319 2331/2331/2331 2330/2330/2330
f 2319/2319/2319 2320/2320/2320 2331/2331/2331
f 2320/2320/2320 2332/2332/2332 2331/2331/2331
f 2320/2320/2320 2321/2321/2321 2332/2332/2332
f 2321/2321/2321 2333/2333/2333 2332/2332/2332
f 2321/2321/2321 2322/2322/2322 2333/2333/2333
f 2322/2322/2322 2334/2334/2334 2333/2333/2333
f 2322/2322/2322 2323/2323/2323 2334/2334/2334
f 2323/2323/2323 2335/2335/2335 2334/2334/2334
f 2323/2323/2323 2324/2324/2324 2335/2335/2335
f 2324/2324/2324 2336/2336/2336 2335/2335/2335
f 2324/2324/2324 2325/2325/2325 2336/2336/2336
f 2325/2325/2325 2337/2337/2337 2336/2336/2336
f 2325/2325/2325 2326/2326/2326 2337/2337/2337
f 2326/2326/2326 2338/2338/2338 2337/2337/2337
f 2326/2326/2326 2327/2327/2327 2338/2338/2338
f 2327/2327/2327 2339/2339/2339 2338/2338/2338
f 2327/2327/2327 2328/2328/2328 2339/2339/2339
f 2328/2328/2328 2340/2340/2340 2339/2339/2339
f 2328/2328/2328 2329/2329/2329 2340/2340/2340
f 2330/2330/2330 2342/2342/2342 2341/2341/2341
f 2330/2330/2330 2331/2331/2331 2342/2342/2342
f 2331/2331/2331 2343/2343/2343 2342/2342/2342
f 2331/2331/2331 2332/2332/2332 2343/2343/2343
f 2332/2332/2332 2344/2344/2344 2343/2343/2343
f 2332/2332/2332 2333/2333/2333 2344/2344/2344
f 2333/2333/2333 2345/2345/2345 2344/2344/2344
f 2333/2333/2333 2334/2334/2334 2345/2345/2345
f 2334/2334/2334 2346/2346/2346 2345/2345/2345
f 2334/2334/2334 2335/2335/2335 2346/2346/2346
f 2335/2335/2335 2347/2347/2347 2346/2346/2346
f 2335/2335/2335 2336/2336/2336 2347/2347/2347
f 2336/2336/2336 2348/2348/2348 2347/2347/2347
f 2336/2336/2336 2337/2337/2337 2348/2348/2348
f 2337/2337/2337 2349/2349/2349 2348/2348/2348
f 2337/2337/2337 2338/2338/2338 2349/2349/2349
f 2338/2338/2338 2350/2350/2350 2349/2349/2349
f 2338/2338/2338 2339/2339/2339 2350/2350/2350
f 2339/2339/2339 2351/2351/2351 2350/2350/2350
f 2339/2339/2339 2340/2340/2340 2351/2351/2351
f 2341/2341/2341 2353/2353/2353 2352/2352/2352
f 2341/2341/2341 2342/2342/2342 2353/2353/2353
f 2342/2342/2342 2354/2354/2354 2353/2353/2353
f 2342/2342/2342 2343/2343/2343 2354/2354/2354
f 2343/2343/2343 2355/2355/2355 2354/2354/2354
f 2343/2343/2343 2344/2344/2344 2355/2355/2355
f 2344/2344/2344 2356/2356/2356 2355/2355/2355
f 2344/2344/2344 2345/2345/2345 2356/2356/2356
f 2345/2345/2345 2357/2357/2357 2356/2356/2356
f 2345/2345/2345 2346/2346/2346 2357/2357/2357
f 2346/2346/2346 2358/2358/2358 2357/2357/2357
f 2346/2346/2346 2347/2347/2347 2358/2358/2358
f 2347/2347/2347 2359/2359/2359 2358/2358/2358
f 2347/2347/2347 2348/2348/2348 2359/2359/2359
f 2348/2348/2348 2360/2360/2360 2359/2359/2359
f 2348/2348/2348 2349/2349/2349 2360/2360/2360
f 2349/2349/2349 2361/2361/2361 2360/2360/2360
f 2349/2349/2349 2350/2350/2350 2361/2361/2361
f 2350/2350/2350 2362/2362/2362 2361/2361/2361
f 2350/2350/2350 2351/2351/2351 2362/2362/2362
f 2363/2363/2363 2371/2371/2371 2364/2364/2364
f 2363/2363/2363 2370/2370/2370 2371/2371/2371
f 2377/2377/2377 2363/2363/2363 2364/2364/2364
f 2378/2378/2378 2371/2371/2371 2370/2370/2370
f 2364/2364/2364 2372/2372/2372 2365/2365/2365
f 2364/2364/2364 2371/2371/2371 2372/2372/2372
f 2377/2377/2377 2364/2364/2364 2365/2365/2365
f 2378/2378/2378 2372/2372/2372 2371/2371/2371
f 2365/2365/2365 2373/2373/2373 2366/2366/2366
f 2365/2365/2365 2372/2372/2372 2373/2373/2373
f 2377/2377/2377 2365/2365/2365 2366/2366/2366
f 2378/2378/2378 2373/2373/2373 2372/2372/2372
f 2366/2366/2366 2374/2374/2374 2367/2367/2367
f 2366/2366/2366 2373/2373/2373 2374/2374/2374
f 2377/2377/2377 2366/2366/2366 2367/2367/2367
f 2378/2378/2378 2374/2374/2374 2373/2373/2373
f 2367/2367/2367 2375/2375/2375 2368/2368/2368
f 2367/2367/2367 2374/2374/2374 2375/2375/2375
f 2377/2377/2377 2367/2367/2367 2368/2368/2368
f 2378/2378/2378 2375/2375/2375 2374/2374/2374
f 2368/2368/2368 2376/2376/2376 2369/2369/2369
f 2368/2368/2368 2375/2375/2375 2376/2376/2376
f 2377/2377/2377 2368/2368/2368 2369/2369/2369
f 2378/2378/2378 2376/2376/2376 2375/2375/2375
f 2369/2369/2369 2370/2370/2370 2363/2363/2363
f 2369/2369/2369 2376/2376/2376 2370/2370/2370
f 2377/2377/2377 2369/2369/2369 2363/2363/2363
f 2378/2378/2378 2370/2370/2370 2376/2376/2376
f 2379/2379/2379 2391/2391/2391 2390/2390/2390
f 2379/2379/2379 2380/2380/2380 2391/2391/2391
f 2380/2380/2380 2392/2392/2392 2391/2391/2391
f 2380/2380/2380 2381/2381/2381 2392/2392/2392
f 2381/2381/2381 2393/2393/2393 2392/2392/2392
f 2381/2381/2381 2382/2382/2382 2393/2393/2393
f 2382/2382/2382 2394/2394/2394 2393/2393/2393
f 2382/2382/2382 2383/2383/2383 2394/2394/2394
f 2383/2383/2383 2395/2395/2395 2394/2394/2394
f 2383/2383/2383 2384/2384/2384 2395/2395/2395
f 2384/2384/2384 2396/2396/2396 2395/2395/2395
f 2384/2384/2384 2385/2385/2385 2396/2396/2396
f 2385/2385/2385 2397/2397/2397 2396/2396/2396
f 2385/2385/2385 2386/2386/2386 2397/2397/2397
f 2386/2386/2386 2398/2398/2398 2397/2397/2397
f 2386/2386/2386 2387/2387/2387 2398/2398/2398
f 2387/2387/2387 2399/2399/2399 2398/2398/2398
f 2387/2387/2387 2388/2388/2388 2399/2399/2399
f 2388/2388/2388 2400/2400/2400 2399/2399/2399
f 2388/2388/2388 2389/2389/2389 2400/2400/2400
f 2390/2390/2390 2402/2402/2402 2401/2401/2401
f 2390/2390/2390 2391/2391/2391 2402/2402/2402
f 2391/2391/2391 2403/2403/2403 2402/2402/2402
f 2391/2391/2391 2392/2392/2392 2403/2403/2403
f 2392/2392/2392 2404/2404/2404 2403/2403/2403
f 2392/2392/2392 2393/2393/2393 2404/2404/2404
f 2393/2393/2393 2405/2405/2405 2404/2404/2404
f 2393/2393/2393 2394/2394/2394 2405/2405/2405
f 2394/2394/2394 2406/2406/2406 2405/2405/2405
f 2394/2394/2394 2395/2395/2395 2406/2406/2406
f 2395/2395/2395 2407/2407/2407 2406/2406/2406
f 2395/2395/2395 2396/2396/2396 2407/2407/2407
f 2396/2396/2396 2408/2408/2408 2407/2407/2407
f 2396/2396/2396 2397/2397/2397 2408/2408/2408
f 2397/2397/2397 2409/2409/2409 2408/2408/2408
f 2397/2397/2397 2398/2398/2398 2409/2409/2409
f 2398/2398/2398 2410/2410/2410 2409/2409/2409
f 2398/2398/2398 2399/2399/2399 2410/2410/2410
f 2399/2399/2399 2411/2411/2411 2410/2410/2410
f 2399/2399/2399 2400/2400/2400 2411/2411/2411
f 2401/2401/2401 2413/2413/2413 2412/2412/2412
f 2401/2401/2401 2402/2402/2402 2413/2413/2413
f 2402/2402/2402 2414/2414/2414 2413/2413/2413
f 2402/2402/2402 2403/2403/2403 2414/2414/2414
f 2403/2403/2403 2415/2415/2415 2414/2414/2414
f 2403/2403/2403 2404/2404/2404 2415/2415/2415
f 2404/2404/2404 2416/2416/2416 2415/2415/2415
f 2404/2404/2404 2405/2405/2405 2416/2416/2416
f 2405/2405/2405 2417/2417/2417 2416/2416/2416
f 2405/2405/2405 2406/2406/2406 2417/2417/2417
f 2406/2406/2406 2418/2418/2418 2417/2417/2417
f 2406/2406/2406 2407/2407/2407 2418/2418/2418
f 2407/2407/2407 2419/2419/2419 2418/2418/2418
f 2407/2407/2407 2408/2408/2408 2419/2419/2419
f 2408/2408/2408 2420/2420/2420 2419/2419/2419
f 2408/2408/2408 2409/2409/2409 2420/2420/2420
f 2409/2409/2409 2421/2421/2421 2420/2420/2420
f 2409/2409/2409 2410/2410/2410 2421/2421/2421
f 2410/2410/2410 2422/2422/2422 2421/2421/2421
f 2410/2410/2410 2411/2411/2411 2422/2422/2422
f 2412/2412/2412 2424/2424/2424 2423/2423/2423
f 2412/2412/2412 2413/2413/2413 2424/2424/2424
f 2413/2413/2413 2425/2425/2425 2424/2424/2424
f 2413/2413/2413 2414/2414/2414 2425/2425/2425
f 2414/2414/2414 2426/2426/2426 2425/2425/2425
f 2414/2414/2414 2415/2415/2415 2426/2426/2426
f 2415/2415/2415 2427/2427/2427 2426/2426/2426
f 2415/2415/2415 2416/2416/2416 2427/2427/2427
f 2416/2416/2416 2428/2428/2428 2427/2427/2427
f 2416/2416/2416 2417/2417/2417 2428/2428/2428
f 2417/2417/2417 2429/2429/2429 2428/2428/2428
f 2417/2417/2417 2418/2418/2418 2429/2429/2429
f 2418/2418/2418 2430/2430/2430 2429/2429/2429
f 2418/2418/2418 2419/2419/2419 2430/2430/2430
f 2419/2419/2419 2431/2431/2431 2430/2430/2430
f 2419/2419/2419 2420/2420/2420 2431/2431/2431
f 2420/2420/2420 2432/2432/2432 2431/2431/2431
f 2420/2420/2420 2421/2421/2421 2432/2432/2432
f 2421/2421/2421 2433/2433/2433 2432/2432/2432
f 2421/2421/2421 2422/2422/2422 2433/2433/2433
f 2423/2423/2423 2435/2435/2435 2434/2434/2434
f 2423/2423/2423 2424/2424/2424 2435/2435/2435
f 2424/2424/2424 2436/2436/2436 2435/2435/2435
f 2424/2424/2424 2425/2425/2425 2436/2436/2436
f 2425/2425/2425 2437/2437/2437 2436/2436/2436
f 2425/2425/2425 2426/2426/2426 2437/2437/2437
f 2426/2426/2426 2438/2438/2438 2437/2437/2437
f 2426/2426/2426 2427/2427/2427 2438/2438/2438
f 2427/2427/2427 2439/2439/2439 2438/2438/2438
f 2427/2427/2427 2428/2428/2428 2439/2439/2439
f 2428/2428/2428 2440/2440/2440 2439/2439/2439
f 2428/2428/2428 2429/2429/2429 2440/2440/2440
f 2429/2429/2429 2441/2441/2441 2440/2440/2440
f 2429/2429/2429 2430/2430/2430 2441/2441/2441
f 2430/2430/2430 2442/2442/2442 2441/2441/2441
f 2430/2430/2430 2431/2431/2431 2442/2442/2442
f 2431/2431/2431 2443/2443/2443 2442/2442/2442
f 2431/2431/2431 2432/2432/2432 2443/2443/2443
f 2432/2432/2432 2444/2444/2444 2443/2443/2443
f 2432/2432/2432 2433/2433/2433 2444/2444/2444
f 2434/2434/2434 2446/2446/2446 2445/2445/2445
f 2434/2434/2434 2435/2435/2435 2446/2446/2446
f 2435/2435/2435 2447/2447/2447 2446/2446/2446
f 2435/2435/2435 2436/2436/2436 2447/2447/2447
f 2436/2436/2436 2448/2448/2448 2447/2447/2447
f 2436/2436/2436 2437/2437/2437 2448/2448/2448
f 2437/2437/2437 2449/2449/2449 2448/2448/2448
f 2437/2437/2437 2438/2438/2438 2449/2449/2449
f 2438/2438/2438 2450/2450/2450 2449/2449/2449
f 2438/2438/2438 2439/2439/2439 2450/2450/2450
f 2439/2439/2439 2451/2451/2451 2450/2450/2450
f 2439/2439/2439 2440/2440/2440 2451/2451/2451
f 2440/2440/2440 2452/2452/2452 2451/2451/2451
f 2440/2440/2440 2441/2441/2441 2452/2452/2452
f 2441/2441/2441 2453/2453/2453 2452/2452/2452
f 2441/2441/2441 2442/2442/2442 2453/2453/2453
f 2442/2442/2442 2454/2454/2454 2453/2453/2453
f 2442/2442/2442 2443/2443/2443 2454/2454/2454
f 2443/2443/2443 2455/2455/2455 2454/2454/2454
f 2443/2443/2443 2444/2444/2444 2455/2455/2455
f 2445/2445/2445 2457/2457/2457 2456/2456/2456
f 2445/2445/2445 2446/2446/2446 2457/2457/2457
f 2446/2446/2446 2458/2458/2458 2457/2457/2457
f 2446/2446/2446 2447/2447/2447 2458/2458/2458
f 2447/2447/2447 2459/2459/2459 2458/2458/2458
f 2447/2447/2447 2448/2448/2448 2459/2459/2459
f 2448/2448/2448 2460/2460/2460 2459/2459/2459
f 2448/2448/2448 2449/2449/2449 2460/2460/2460
f 2449/2449/2449 2461/2461/2461 2460/2460/2460
f 2449/2449/2449 2450/2450/2450 2461/2461/2461
f 2450/2450/2450 2462/2462/2462 2461/2461/2461
f 2450/2450/2450 2451/2451/2451 2462/2462/2462
f 2451/2451/2451 2463/2463/2463 2462/2462/2462
f 2451/2451/2451 2452/2452/2452 2463/2463/2463
f 2452/2452/2452 2464/2464/2464 2463/2463/2463
f 2452/2452/2452 2453/2453/2453 2464/2464/2464
f 2453/2453/2453 2465/2465/2465 2464/2464/2464
f 2453/2453/2453 2454/2454/2454 2465/2465/2465
f 2454/2454/2454 2466/2466/2466 2465/2465/2465
f 2454/2454/2454 2455/2455/2455 2466/2466/2466
f 2456/2456/2456 2468/2468/2468 2467/2467/2467
f 2456/2456/2456 2457/2457/2457 2468/2468/2468
f 2457/2457/2457 2469/2469/2469 2468/2468/2468
f 2457/2457/2457 2458/2458/2458 2469/2469/2469
f 2458/2458/2458 2470/2470/2470 2469/2469/2469
f 2458/2458/2458 2459/2459/2459 2470/2470/2470
f 2459/2459/2459 2471/2471/2471 2470/2470/2470
f 2459/2459/2459 2460/2460/2460 2471/2471/2471
f 2460/2460/2460 2472/2472/2472 2471/2471/2471
f 2460/2460/2460 2461/2461/2461 2472/2472/2472
f 2461/2461/2461 2473/2473/2473 2472/2472/2472
f 2461/2461/2461 2462/2462/2462 2473/2473/2473
f 2462/2462/2462 2474/2474/2474 2473/2473/2473
f 2462/2462/2462 2463/2463/2463 2474/2474/2474
f 2463/2463/2463 2475/2475/2475 2474/2474/2474
f 2463/2463/2463 2464/2464/2464 2475/2475/2475
f 2464/2464/2464 2476/2476/2476 2475/2475/2475
f 2464/2464/2464 2465/2465/2465 2476/2476/2476
f 2465/2465/2465 2477/2477/2477 2476/2476/2476
f 2465/2465/2465 2466/2466/2466 2477/2477/2477
f 2478/2478/2478 2486/2486/2486 2479/2479/2479
f 2478/2478/2478 2485/2485/2485 2486/2486/2486
f 2492/2492/2492 2478/2478/2478 2479/2479/2479
f 2493/2493/2493 2486/2486/2486 2485/2485/2485
f 2479/2479/2479 2487/2487/2487 2480/2480/2480
f 2479/2479/2479 2486/2486/2486 2487/2487/2487
f 2492/2492/2492 2479/2479/2479 2480/2480/2480
f 2493/2493/2493 2487/2487/2487 2486/2486/2486
f 2480/2480/2480 2488/2488/2488 2481/2481/2481
f 2480/2480/2480 2487/2487/2487 2488/2488/2488
f 2492/2492/2492 2480/2480/2480 2481/2481/2481
f 2493/2493/2493 2488/2488/2488 2487/2487/2487
f 2481/2481/2481 2489/2489/2489 2482/2482/2482
f 2481/2481/2481 2488/2488/2488 2489/2489/2489
f 2492/2492/2492 2481/2481/2481 2482/2482/2482
f 2493/2493/2493 2489/2489/2489 2488/2488/2488
f 2482/2482/2482 2490/2490/2490 2483/2483/2483
f 2482/2482/2482 2489/2489/2489 2490/2490/2490
f 2492/2492/2492 2482/2482/2482 2483/2483/2483
f 2493/2493/2493 2490/2490/2490 2489/2489/2489
f 2483/2483/2483 2491/2491/2491 2484/2484/2484
f 2483/2483/2483 2490/2490/2490 2491/2491/2491
f 2492/2492/2492 2483/2483/2483 2484/2484/2484
f 2493/2493/2493 2491/2491/2491 2490/2490/2490
f 2484/2484/2484 2485/2485/2485 2478/2478/2478
f 2484/2484/2484 2491/2491/2491 2485/2485/2485
f 2492/2492/2492 2484/2484/2484 2478/2478/2478
f 2493/2493/2493 2485/2485/2485 2491/2491/2491
f 2494/2494/2494 2506/2506/2506 2505/2505/2505
f 2494/2494/2494 2495/2495/2495 2506/2506/2506
f 2495/2495/2495 2507/2507/2507 2506/2506/2506
f 2495/2495/2495 2496/2496/2496 2507/2507/2507
f 2496/2496/2496 2508/2508/2508 2507/2507/2507
f 2496/2496/2496 2497/2497/2497 2508/2508/2508
f 2497/2497/2497 2509/2509/2509 2508/2508/2508
f 2497/2497/2497 2498/2498/2498 2509/2509/2509
f 2498/2498/2498 2510/2510/2510 2509/2509/2509
f 2498/2498/2498 2499/2499/2499 2510/2510/2510
f 2499/2499/2499 2511/2511/2511 2510/2510/2510
f 2499/2499/2499 2500/2500/2500 2511/2511/2511
f 2500/2500/2500 2512/2512/2512 2511/2511/2511
f 2500/2500/2500 2501/2501/2501 2512/2512/2512
f 2501/2501/2501 2513/2513/2513 2512/2512/2512
f 2501/2501/2501 2502/2502/2502 2513/2513/2513
f 2502/2502/2502 2514/2514/2514 2513/2513/2513
f 2502/2502/2502 2503/2503/2503 2514/2514/2514
f 2503/2503/2503 2515/2515/2515 2514/2514/2514
f 2503/2503/2503 2504/2504/2504 2515/2515/2515
f 2505/2505/2505 2517/2517/2517 2516/2516/2516
f 2505/2505/2505 2506/2506/2506 2517/2517/2517
f 2506/2506/2506 2518/2518/2518 2517/2517/2517
f 2506/2506/2506 2507/2507/2507 2518/2518/2518
f 2507/2507/2507 2519/2519/2519 2518/2518/2518
f 2507/2507/2507 2508/2508/2508 2519/2519/2519
f 2508/2508/2508 2520/2520/2520 2519/2519/2519
f 2508/2508/2508 2509/2509/2509 2520/2520/2520
f 2509/2509/2509 2521/2521/2521 2520/2520/2520
f 2509/2509/2509 2510/2510/2510 2521/2521/2521
f 2510/2510/2510 2522/2522/2522 2521/2521/2521
f 2510/2510/2510 2511/2511/2511 2522/2522/2522
f 2511/2511/2511 2523/2523/2523 2522/2522/2522
f 2511/2511/2511 2512/2512/2512 2523/2523/2523
f 2512/2512/2512 2524/2524/2524 2523/2523/2523
f 2512/2512/2512 2513/2513/2513 2524/2524/2524
f 2513/2513/2513 2525/2525/2525 2524/2524/2524
f 2513/2513/2513 2514/2514/2514 2525/2525/2525
f 2514/2514/2514 2526/2526/2526 2525/2525/2525
f 2514/2514/2514 2515/2515/2515 2526/2526/2526
f 2516/2516/2516 2528/2528/2528 2527/2527/2527
f 2516/2516/2516 2517/2517/2517 2528/2528/2528
f 2517/2517/2517 2529/2529/2529 2528/2528/2528
f 2517/2517/2517 2518/2518/2518 2529/2529/2529
f 2518/2518/2518 2530/2530/2530 2529/2529/2529
f 2518/2518/2518 2519/2519/2519 2530/2530/2530
f 2519/2519/2519 2531/2531/2531 2530/2530/2530
f 2519/2519/2519 2520/2520/2520 2531/2531/2531
f 2520/2520/2520 2532/2532/2532 2531/2531/2531
f 2520/2520/2520 2521/2521/2521 2532/2532/2532
f 2521/2521/2521 2533/2533/2533 2532/2532/2532
f 2521/2521/2521 2522/2522/2522 2533/2533/2533
f 2522/2522/2522 2534/2534/2534 2533/2533/2533
f 2522/2522/2522 2523/2523/2523 2534/2534/2534
f 2523/2523/2523 2535/2535/2535 2534/2534/2534
f 2523/2523/2523 2524/2524/2524 2535/2535/2535
f 2524/2524/2524 2536/2536/2536 2535/2535/2535
f 2524/2524/2524 2525/2525/2525 2536/2536/2536
f 2525/2525/2525 2537/2537/2537 2536/2536/2536
f 2525/2525/2525 2526/2526/2526 2537/2537/2537
f 2527/2527/2527 2539/2539/2539 2538/2538/2538
f 2527/2527/2527 2528/2528/2528 2539/2539/2539
f 2528/2528/2528 2540/2540/2540 2539/2539/2539
f 2528/2528/2528 2529/2529/2529 2540/2540/2540
f 2529/2529/2529 2541/2541/2541 2540/2540/2540
f 2529/2529/2529 2530/2530/2530 2541/2541/2541
f 2530/2530/2530 2542/2542/2542 2541/2541/2541
f 2530/2530/2530 2531/2531/2531 2542/2542/2542
f 2531/2531/2531 2543/2543/2543 2542/2542/2542
f 2531/2531/2531 2532/2532/2532 2543/2543/2543
f 2532/2532/2532 2544/2544/2544 2543/2543/2543
f 2532/2532/2532 2533/2533/2533 2544/2544/2544
f 2533/2533/2533 2545/2545/2545 2544/2544/2544
f 2533/2533/2533 2534/2534/2534 2545/2545/2545
f 2534/2534/2534 2546/2546/2546 2545/2545/2545
f 2534/2534/2534 2535/2535/2535 2546/2546/2546
f 2535/2535/2535 2547/2547/2547 2546/2546/2546
f 2535/2535/2535 2536/2536/2536 2547/2547/2547
f 2536/2536/2536 2548/2548/2548 2547/2547/2547
f 2536/2536/2536 2537/2537/2537 2548/2548/2548
f 2538/2538/2538 2550/2550/2550 2549/2549/2549
f 2538/2538/2538 2539/2539/2539 2550/2550/2550
f 2539/2539/2539 2551/2551/2551 2550/2550/2550
f 2539/2539/2539 2540/2540/2540 2551/2551/2551
f 2540/2540/2540 2552/2552/2552 2551/2551/2551
f 2540/2540/2540 2541/2541/2541 2552/2552/2552
f 2541/2541/2541 2553/2553/2553 2552/2552/2552
f 2541/2541/2541 2542/2542/2542 2553/2553/2553
f 2542/2542/2542 2554/2554/2554 2553/2553/2553
f 2542/2542/2542 2543/2543/2543 2554/2554/2554
f 2543/2543/2543 2555/2555/2555 2554/2554/2554
f 2543/2543/2543 2544/2544/2544 2555/2555/2555
f 2544/2544/2544 2556/2556/2556 2555/2555/2555
f 2544/2544/2544 2545/2545/2545 2556/2556/2556
f 2545/2545/2545 2557/2557/2557 2556/2556/2556
f 2545/2545/2545 2546/2546/2546 2557/2557/2557
f 2546/2546/2546 2558/2558/2558 2557/2557/2557
f 2546/2546/2546 2547/2547/2547 2558/2558/2558
f 2547/2547/2547 2559/2559/2559 2558/2558/2558
f 2547/2547/2547 2548/2548/2548 2559/2559/2559
f 2549/2549/2549 2561/2561/2561 2560/2560/2560
f 2549/2549/2549 2550/2550/2550 2561/2561/2561
f 2550/2550/2550 2562/2562/2562 2561/2561/2561
f 2550/2550/2550 2551/2551/2551 2562/2562/2562
f 2551/2551/2551 2563/2563/2563 2562/2562/2562
f 2551/2551/2551 2552/2552/2552 2563/2563/2563
f 2552/2552/2552 2564/2564/2564 2563/2563/2563
f 2552/2552/2552 2553/2553/2553 2564/2564/2564
f 2553/2553/2553 2565/2565/2565 2564/2564/2564
f 2553/2553/2553 2554/2554/2554 2565/2565/2565
f 2554/2554/2554 2566/2566/2566 2565/2565/2565
f 2554/2554/2554 2555/2555/2555 2566/2566/2566
f 2555/2555/2555 2567/2567/2567 2566/2566/2566
f 2555/2555/2555 2556/2556/2556 2567/2567/2567
f 2556/2556/2556 2568/2568/2568 2567/2567/2567
f 2556/2556/2556 2557/2557/2557 2568/2568/2568
f 2557/2557/2557 2569/2569/2569 2568/2568/2568
f 2557/2557/2557 2558/2558/2558 2569/2569/2569
f 2558/2558/2558 2570/2570/2570 2569/2569/2569
f 2558/2558/2558 2559/2559/2559 2570/2570/2570
f 2560/2560/2560 2572/2572/2572 2571/2571/2571
f 2560/2560/2560 2561/2561/2561 2572/2572/2572
f 2561/2561/2561 2573/2573/2573 2572/2572/2572
f 2561/2561/2561 2562/2562/2562 2573/2573/2573
f 2562/2562/2562 2574/2574/2574 2573/2573/2573
f 2562/2562/2562 2563/2563/2563 2574/2574/2574
f 2563/2563/2563 2575/2575/2575 2574/2574/2574
f 2563/2563/2563 2564/2564/2564 2575/2575/2575
f 2564/2564/2564 2576/2576/2576 2575/2575/2575
f 2564/2564/2564 2565/2565/2565 2576/2576/2576
f 2565/2565/2565 2577/2577/2577 2576/2576/2576
f 2565/2565/2565 2566/2566/2566 2577/2577/2577
f 2566/2566/2566 2578/2578/2578 2577/2577/2577
f 2566/2566/2566 2567/2567/2567 2578/2578/2578
f 2567/2567/2567 2579/2579/2579 2578/2578/2578
f 2567/2567/2567 2568/2568/2568 2579/2579/2579
f 2568/2568/2568 2580/2580/2580 2579/2579/2579
f 2568/2568/2568 2569/2569/2569 2580/2580/2580
f 2569/2569/2569 2581/2581/2581 2580/2580/2580
f 2569/2569/2569 2570/2570/2570 2581/2581/2581
f 2571/2571/2571 2583/2583/2583 2582/2582/2582
f 2571/2571/2571 2572/2572/2572 2583/2583/2583
f 2572/2572/2572 2584/2584/2584 2583/2583/2583
f 2572/2572/2572 2573/2573/2573 2584/2584/2584
f 2573/2573/2573 2585/2585/2585 2584/2584/2584
f 2573/2573/2573 2574/2574/2574 2585/2585/2585
f 2574/2574/2574 2586/2586/2586 2585/2585/2585
f 2574/2574/2574 2575/2575/2575 2586/2586/2586
f 2575/2575/2575 2587/2587/2587 2586/2586/2586
f 2575/2575/2575 2576/2576/2576 2587/2587/2587
f 2576/2576/2576 2588/2588/2588 2587/2587/2587
f 2576/2576/2576 2577/2577/2577 2588/2588/2588
f 2577/2577/2577 2589/2589/2589 2588/2588/2588
f 2577/2577/2577 2578/2578/2578 2589/2589/2589
f 2578/2578/2578 2590/2590/2590 2589/2589/2589
f 2578/2578/2578 2579/2579/2579 2590/2590/2590
f 2579/2579/2579 2591/2591/2591 2590/2590/2590
f 2579/2579/2579 2580/2580/2580 2591/2591/2591
f 2580/2580/2580 2592/2592/2592 2591/2591/2591
f 2580/2580/2580 2581/2581/2581 2592/2592/2592
f 2593/2593/2593 2601/2601/2601 2594/2594/2594
f 2593/2593/2593 2600/2600/2600 2601/2601/2601
f 2607/2607/2607 2593/2593/2593 2594/2594/2594
f 2608/2608/2608 2601/2601/2601 2600/2600/2600
f 2594/2594/2594 2602/2602/2602 2595/2595/2595
f 2594/2594/2594 2601/2601/2601 2602/2602/2602
f 2607/2607/2607 2594/2594/2594 2595/2595/2595
f 2608/2608/2608 2602/2602/2602 2601/2601/2601
f 2595/2595/2595 2603/2603/2603 2596/2596/2596
f 2595/2595/2595 2602/2602/2602 2603/2603/2603
f 2607/2607/2607 2595/2595/2595 2596/2596/2596
f 2608/2608/2608 2603/2603/2603 2602/2602/2602
f 2596/2596/2596 2604/2604/2604 2597/2597/2597
f 2596/2596/2596 2603/2603/2603 2604/2604/2604
f 2607/2607/2607 2596/2596/2596 2597/2597/2597
f 2608/2608/2608 2604/2604/2604 2603/2603/2603
f 2597/2597/2597 2605/2605/2605 2598/2598/2598
f 2597/2597/2597 2604/2604/2604 2605/2605/2605
f 2607/2607/2607 2597/2597/2597 2598/2598/2598
f 2608/2608/2608 2605/2605/2605 2604/2604/2604
f 2598/2598/2598 2606/2606/2606 2599/2599/2599
f 2598/2598/2598 2605/2605/2605 2606/2606/2606
f 2607/2607/2607 2598/2598/2598 2599/2599/2599
f 2608/2608/2608 2606/2606/2606 2605/2605/2605
f 2599/2599/2599 2600/2600/2600 2593/2593/2593
f 2599/2599/2599 2606/2606/2606 2600/2600/2600
f 2607/2607/2607 2599/2599/2599 2593/2593/2593
f 2608/2608/2608 2600/2600/2600 2606/2606/2606
f 2609/2609/2609 2621/2621/2621 2620/2620/2620
f 2609/2609/2609 2610/2610/2610 2621/2621/2621
f 2610/2610/2610 2622/2622/2622 2621/2621/2621
f 2610/2610/2610 2611/2611/2611 2622/2622/2622
f 2611/2611/2611 2623/2623/2623 2622/2622/2622
f 2611/2611/2611 2612/2612/2612 2623/2623/2623
f 2612/2612/2612 2624/2624/2624 2623/2623/2623
f 2612/2612/2612 2613/2613/2613 2624/2624/2624
f 2613/2613/2613 2625/2625/2625 2624/2624/2624
f 2613/2613/2613 2614/2614/2614 2625/2625/2625
f 2614/2614/2614 2626/2626/2626 2625/2625/2625
f 2614/2614/2614 2615/2615/2615 2626/2626/2626
f 2615/2615/2615 2627/2627/2627 2626/2626/2626
f 2615/2615/2615 2616/2616/2616 2627/2627/2627
f 2616/2616/2616 2628/2628/2628 2627/2627/2627
f 2616/2616/2616 2617/2617/2617 2628/2628/2628
f 2617/2617/2617 2629/2629/2629 2628/2628/2628
f 2617/2617/2617 2618/2618/2618 2629/2629/2629
f 2618/2618/2618 2630/2630/2630 2629/2629/2629
f 2618/2618/2618 2619/2619/2619 2630/2630/2630
f 2620/2620/2620 2632/2632/2632 2631/2631/2631
f 2620/2620/2620 2621/2621/2621 2632/2632/2632
f 2621/2621/2621 2633/2633/2633 2632/2632/2632
f 2621/2621/2621 2622/2622/2622 2633/2633/2633
f 2622/2622/2622 2634/2634/2634 2633/2633/2633
f 2622/2622/2622 2623/2623/2623 2634/2634/2634
f 2623/2623/2623 2635/2635/2635 2634/2634/2634
f 2623/2623/2623 2624/2624/2624 2635/2635/2635
f 2624/2624/2624 2636/2636/2636 2635/2635/2635
f 2624/2624/2624 2625/2625/2625 2636/2636/2636
f 2625/2625/2625 2637/2637/2637 2636/2636/2636
f 2625/2625/2625 2626/2626/2626 2637/2637/2637
f 2626/2626/2626 2638/2638/2638 2637/2637/2637
f 2626/2626/2626 2627/2627/2627 2638/2638/2638
f 2627/2627/2627 2639/2639/2639 2638/2638/2638
f 2627/2627/2627 2628/2628/2628 2639/2639/2639
f 2628/2628/2628 2640/2640/2640 2639/2639/2639
f 2628/2628/2628 2629/2629/2629 2640/2640/2640
f 2629/2629/2629 2641/2641/2641 2640/2640/2640
f 2629/2629/2629 2630/2630/2630 2641/2641/2641
f 2631/2631/2631 2643/2643/2643 2642/2642/2642
f 2631/2631/2631 2632/2632/2632 2643/2643/2643
f 2632/2632/2632 2644/2644/2644 2643/2643/2643
f 2632/2632/2632 2633/2633/2633 2644/2644/2644
f 2633/2633/2633 2645/2645/2645 2644/2644/2644
f 2633/2633/2633 2634/2634/2634 2645/2645/2645
f 2634/2634/2634 2646/2646/2646 2645/2645/2645
f 2634/2634/2634 2635/2635/2635 2646/2646/2646
f 2635/2635/2635 2647/2647/2647 2646/2646/2646
f 2635/2635/2635 2636/2636/2636 2647/2647/2647
f 2636/2636/2636 2648/2648/2648 2647/2647/2647
f 2636/2636/2636 2637/2637/2637 2648/2648/2648
f 2637/2637/2637 2649/2649/2649 2648/2648/2648
f 2637/2637/2637 2638/2638/2638 2649/2649/2649
f 2638/2638/2638 2650/2650/2650 2649/2649/2649
f 2638/2638/2638 2639/2639/2639 2650/2650/2650
f 2639/2639/2639 2651/2651/2651 2650/2650/2650
f 2639/2639/2639 2640/2640/2640 2651/2651/2651
f 2640/2640/2640 2652/2652/2652 2651/2651/2651
f 2640/2640/2640 2641/2641/2641 2652/2652/2652
f 2642/2642/2642 2654/2654/2654 2653/2653/2653
f 2642/2642/2642 2643/2643/2643 2654/2654/2654
f 2643/2643/2643 2655/2655/2655 2654/2654/2654
f 2643/2643/2643 2644/2644/2644 2655/2655/2655
f 2644/2644/2644 2656/2656/2656 2655/2655/2655
f 2644/2644/2644 2645/2645/2645 2656/2656/2656
f 2645/2645/2645 2657/2657/2657 2656/2656/2656
f 2645/2645/2645 2646/2646/2646 2657/2657/2657
f 2646/2646/2646 2658/2658/2658 2657/2657/2657
f 2646/2646/2646 2647/2647/2647 2658/2658/2658
f 2647/2647/2647 2659/2659/2659 2658/2658/2658
f 2647/2647/2647 2648/2648/2648 2659/2659/2659
f 2648/2648/2648 2660/2660/2660 2659/2659/2659
f 2648/2648/2648 2649/2649/2649 2660/2660/2660
f 2649/2649/2649 2661/2661/2661 2660/2660/2660
f 2649/2649/2649 2650/2650/2650 2661/2661/2661
f 2650/2650/2650 2662/2662/2662 2661/2661/2661
f 2650/2650/2650 2651/2651/2651 2662/2662/2662
f 2651/2651/2651 2663/2663/2663 2662/2662/2662
f 2651/2651/2651 2652/2652/2652 2663/2663/2663
f 2653/2653/2653 2665/2665/2665 2664/2664/2664
f 2653/2653/2653 2654/2654/2654 2665/2665/2665
f 2654/2654/2654 2666/2666/2666 2665/2665/2665
f 2654/2654/2654 2655/2655/2655 2666/2666/2666
f 2655/2655/2655 2667/2667/2667 2666/2666/2666
f 2655/2655/2655 2656/2656/2656 2667/2667/2667
f 2656/2656/2656 2668/2668/2668 2667/2667/2667
f 2656/2656/2656 2657/2657/2657 2668/2668/2668
f 2657/2657/2657 2669/2669/2669 2668/2668/2668
f 2657/2657/2657 2658/2658/2658 2669/2669/2669
f 2658/2658/2658 2670/2670/2670 2669/2669/2669
f 2658/2658/2658 2659/2659/2659 2670/2670/2670
f 2659/2659/2659 2671/2671/2671 2670/2670/2670
f 2659/2659/2659 2660/2660/2660 2671/2671/2671
f 2660/2660/2660 2672/2672/2672 2671/2671/2671
f 2660/2660/2660 2661/2661/2661 2672/2672/2672
f 2661/2661/2661 2673/2673/2673 2672/2672/2672
f 2661/2661/2661 2662/2662/2662 2673/2673/2673
f 2662/2662/2662 2674/2674/2674 2673/2673/2673
f 2662/2662/2662 2663/2663/2663 2674/2674/2674
f 2664/2664/2664 2676/2676/2676 2675/2675/2675
f 2664/2664/2664 2665/2665/2665 2676/2676/2676
f 2665/2665/2665 2677/2677/2677 2676/2676/2676
f 2665/2665/2665 2666/2666/2666 2677/2677/2677
f 2666/2666/2666 2678/2678/2678 2677/2677/2677
f 2666/2666/2666 2667/2667/2667 2678/2678/2678
f 2667/2667/2667 2679/2679/2679 2678/2678/2678
f 2667/2667/2667 2668/2668/2668 2679/2679/2679
f 2668/2668/2668 2680/2680/2680 2679/2679/2679
f 2668/2668/2668 2669/2669/2669 2680/2680/2680
f 2669/2669/2669 2681/2681/2681 2680/2680/2680
f 2669/2669/2669 2670/2670/2670 2681/2681/2681
f 2670/2670/2670 2682/2682/2682 2681/2681/2681
f 2670/2670/2670 2671/2671/2671 2682/2682/2682
f 2671/2671/2671 2683/2683/2683 2682/2682/2682
f 2671/2671/2671 2672/2672/2672 2683/2683/2683
f 2672/2672/2672 2684/2684/2684 2683/2683/2683
f 2672/2672/2672 2673/2673/2673 2684/2684/2684
f 2673/2673/2673 2685/2685/2685 2684/2684/2684
f 2673/2673/2673 2674/2674/2674 2685/2685/2685
f 2675/2675/2675 2687/2687/2687 2686/2686/2686
f 2675/2675/2675 2676/2676/2676 2687/2687/2687
f 2676/2676/2676 2688/2688/2688 2687/2687/2687
f 2676/2676/2676 2677/2677/2677 2688/2688/2688
f 2677/2677/2677 2689/2689/2689 2688/2688/2688
f 2677/2677/2677 2678/2678/2678 2689/2689/2689
f 2678/2678/2678 2690/2690/2690 2689/2689/2689
f 2678/2678/2678 2679/2679/2679 2690/2690/2690
f 2679/2679/2679 2691/2691/2691 2690/2690/2690
f 2679/2679/2679 2680/2680/2680 2691/2691/2691
f 2680/2680/2680 2692/2692/2692 2691/2691/2691
f 2680/2680/2680 2681/2681/2681 2692/2692/2692
f 2681/2681/2681 2693/2693/2693 2692/2692/2692
f 2681/2681/2681 2682/2682/2682 2693/2693/2693
f 2682/2682/2682 2694/2694/2694 2693/2693/2693
f 2682/2682/2682 2683/2683/2683 2694/2694/2694
f 2683/2683/2683 2695/2695/2695 2694/2694/2694
f 2683/2683/2683 2684/2684/2684 2695/2695/2695
f 2684/2684/2684 2696/2696/2696 2695/2695/2695
f 2684/2684/2684 2685/2685/2685 2696/2696/2696
f 2686/2686/2686 2698/2698/2698 2697/2697/2697
f 2686/2686/2686 2687/2687/2687 2698/2698/2698
f 2687/2687/2687 2699/2699/2699 2698/2698/2698
f 2687/2687/2687 2688/2688/2688 2699/2699/2699
f 2688/2688/2688 2700/2700/2700 2699/2699/2699
f 2688/2688/2688 2689/2689/2689 2700/2700/2700
f 2689/2689/2689 2701/2701/2701 2700/2700/2700
f 2689/2689/2689 2690/2690/2690 2701/2701/2701
f 2690/2690/2690 2702/2702/2702 2701/2701/2701
f 2690/2690/2690 2691/2691/2691 2702/2702/2702
f 2691/2691/2691 2703/2703/2703 2702/2702/2702
f 2691/2691/2691 2692/2692/2692 2703/2703/2703
f 2692/2692/2692 2704/2704/2704 2703/2703/2703
f 2692/2692/2692 2693/2693/2693 2704/2704/2704
f 2693/2693/2693 2705/2705/2705 2704/2704/2704
f 2693/2693/2693 2694/2694/2694 2705/2705/2705
f 2694/2694/2694 2706/2706/2706 2705/2705/2705
f 2694/2694/2694 2695/2695/2695 2706/2706/2706
f 2695/2695/2695 2707/2707/2707 2706/2706/2706
f 2695/2695/2695 2696/2696/2696 2707/2707/2707
f 2708/2708/2708 2716/2716/2716 2709/2709/2709
f 2708/2708/2708 2715/2715/2715 2716/2716/2716
f 2722/2722/2722 2708/2708/2708 2709/2709/2709
f 2723/2723/2723 2716/2716/2716 2715/2715/2715
f 2709/2709/2709 2717/2717/2717 2710/2710/2710
f 2709/2709/2709 2716/2716/2716 2717/2717/2717
f 2722/2722/2722 2709/2709/2709 2710/2710/2710
f 2723/2723/2723 2717/2717/2717 2716/2716/2716
f 2710/2710/2710 2718/2718/2718 2711/2711/2711
f 2710/2710/2710 2717/2717/2717 2718/2718/2718
f 2722/2722/2722 2710/2710/2710 2711/2711/2711
f 2723/2723/2723 2718/2718/2718 2717/2717/2717
f 2711/2711/2711 2719/2719/2719 2712/2712/2712
f 2711/2711/2711 2718/2718/2718 2719/2719/2719
f 2722/2722/2722 2711/2711/2711 2712/2712/2712
f 2723/2723/2723 2719/2719/2719 2718/2718/2718
f 2712/2712/2712 2720/2720/2720 2713/2713/2713
f 2712/2712/2712 2719/2719/2719 2720/2720/2720
f 2722/2722/2722 2712/2712/2712 2713/2713/2713
f 2723/2723/2723 2720/2720/2720 2719/2719/2719
f 2713/2713/2713 2721/2721/2721 2714/2714/2714
f 2713/2713/2713 2720/2720/2720 2721/2721/2721
f 2722/2722/2722 2713/2713/2713 2714/2714/2714
f 2723/2723/2723 2721/2721/2721 2720/2720/2720
f 2714/2714/2714 2715/2715/2715 2708/2708/2708
f 2714/2714/2714 2721/2721/2721 2715/2715/2715
f 2722/2722/2722 2714/2714/2714 2708/2708/2708
f 2723/2723/2723 2715/2715/2715 2721/2721/2721
f 2724/2724/2724 2736/2736/2736 2735/2735/2735
f 2724/2724/2724 2725/2725/2725 2736/2736/2736
f 2725/2725/2725 2737/2737/2737 2736/2736/2736
f 2725/2725/2725 2726/2726/2726 2737/2737/2737
f 2726/2726/2726 2738/2738/2738 2737/2737/2737
f 2726/2726/2726 2727/2727/2727 2738/2738/2738
f 2727/2727/2727 2739/2739/2739 2738/2738/2738
f 2727/2727/2727 2728/2728/2728 2739/2739/2739
f 2728/2728/2728 2740/2740/2740 2739/2739/2739
f 2728/2728/2728 2729/2729/2729 2740/2740/2740
f 2729/2729/2729 2741/2741/2741 2740/2740/2740
f 2729/2729/2729 2730/2730/2730 2741/2741/2741
f 2730/2730/2730 2742/2742/2742 2741/2741/2741
f 2730/2730/2730 2731/2731/2731 2742/2742/2742
f 2731/2731/2731 2743/2743/2743 2742/2742/2742
f 2731/2731/2731 2732/2732/2732 2743/2743/2743
f 2732/2732/2732 2744/2744/2744 2743/2743/2743
f 2732/2732/2732 2733/2733/2733 2744/2744/2744
f 2733/2733/2733 2745/2745/2745 2744/2744/2744
f 2733/2733/2733 2734/2734/2734 2745/2745/2745
f 2735/2735/2735 2747/2747/2747 2746/2746/2746
f 2735/2735/2735 2736/2736/2736 2747/2747/2747
f 2736/2736/2736 2748/2748/2748 2747/2747/2747
f 2736/2736/2736 2737/2737/2737 2748/2748/2748
f 2737/2737/2737 2749/2749/2749 2748/2748/2748
f 2737/2737/2737 2738/2738/2738 2749/2749/2749
f 2738/2738/2738 2750/2750/2750 2749/2749/2749
f 2738/2738/2738 2739/2739/2739 2750/2750/2750
f 2739/2739/2739 2751/2751/2751 2750/2750/2750
f 2739/2739/2739 2740/2740/2740 2751/2751/2751
f 2740/2740/2740 2752/2752/2752 2751/2751/2751
f 2740/2740/2740 2741/2741/2741 2752/2752/2752
f 2741/2741/2741 2753/2753/2753 2752/2752/2752
f 2741/2741/2741 2742/2742/2742 2753/2753/2753
f 2742/2742/2742 2754/2754/2754 2753/2753/2753
f 2742/2742/2742 2743/2743/2743 2754/2754/2754
f 2743/2743/2743 2755/2755/2755 2754/2754/2754
f 2743/2743/2743 2744/2744/2744 2755/2755/2755
f 2744/2744/2744 2756/2756/2756 2755/2755/2755
f 2744/2744/2744 2745/2745/2745 2756/2756/2756
f 2746/2746/2746 2758/2758/2758 2757/2757/2757
f 2746/2746/2746 2747/2747/2747 2758/2758/2758
f 2747/2747/2747 2759/2759/2759 2758/2758/2758
f 2747/2747/2747 2748/2748/2748 2759/2759/2759
f 2748/2748/2748 2760/2760/2760 2759/2759/2759
f 2748/2748/2748 2749/2749/2749 2760/2760/2760
f 2749/2749/2749 2761/2761/2761 2760/2760/2760
f 2749/2749/2749 2750/2750/2750 2761/2761/2761
f 2750/2750/2750 2762/2762/2762 2761/2761/2761
f 2750/2750/2750 2751/2751/2751 2762/2762/2762
f 2751/2751/2751 2763/2763/2763 2762/2762/2762
f 2751/2751/2751 2752/2752/2752 2763/2763/2763
f 2752/2752/2752 2764/2764/2764 2763/2763/2763
f 2752/2752/2752 2753/2753/2753 2764/2764/2764
f 2753/2753/2753 2765/2765/2765 2764/2764/2764
f 2753/2753/2753 2754/2754/2754 2765/2765/2765
f 2754/2754/2754 2766/2766/2766 2765/2765/2765
f 2754/2754/2754 2755/2755/2755 2766/2766/2766
f 2755/2755/2755 2767/2767/2767 2766/2766/2766
f 2755/2755/2755 2756/2756/2756 2767/2767/2767
f 2757/2757/2757 2769/2769/2769 2768/2768/2768
f 2757/2757/2757 2758/2758/2758 2769/2769/2769
f 2758/2758/2758 2770/2770/2770 2769/2769/2769
f 2758/2758/2758 2759/2759/2759 2770/2770/2770
f 2759/2759/2759 2771/2771/2771 2770/2770/2770
f 2759/2759/2759 2760/2760/2760 2771/2771/2771
f 2760/2760/2760 2772/2772/2772 2771/2771/2771
f 2760/2760/2760 2761/2761/2761 2772/2772/2772
f 2761/2761/2761 2773/2773/2773 2772/2772/2772
f 2761/2761/2761 2762/2762/2762 2773/2773/2773
f 2762/2762/2762 2774/2774/2774 2773/2773/2773
f 2762/2762/2762 2763/2763/2763 2774/2774/2774
f 2763/2763/2763 2775/2775/2775 2774/2774/2774
f 2763/2763/2763 2764/2764/2764 2775/2775/2775
f 2764/2764/2764 2776/2776/2776 2775/2775/2775
f 2764/2764/2764 2765/2765/2765 2776/2776/2776
f 2765/2765/2765 2777/2777/2777 2776/2776/2776
f 2765/2765/2765 2766/2766/2766 2777/2777/2777
f 2766/2766/2766 2778/2778/2778 2777/2777/2777
f 2766/2766/2766 2767/2767/2767 2778/2778/2778
f 2768/2768/2768 2780/2780/2780 2779/2779/2779
f 2768/2768/2768 2769/2769/2769 2780/2780/2780
f 2769/2769/2769 2781/2781/2781 2780/2780/2780
f 2769/2769/2769 2770/2770/2770 2781/2781/2781
f 2770/2770/2770 2782/2782/2782 2781/2781/2781
f 2770/2770/2770 2771/2771/2771 2782/2782/2782
f 2771/2771/2771 2783/2783/2783 2782/2782/2782
f 2771/2771/2771 2772/2772/2772 2783/2783/2783
f 2772/2772/2772 2784/2784/2784 2783/2783/2783
f 2772/2772/2772 2773/2773/2773 2784/2784/2784
f 2773/2773/2773 2785/2785/2785 2784/2784/2784
f 2773/2773/2773 2774/2774/2774 2785/2785/2785
f 2774/2774/2774 2786/2786/2786 2785/2785/2785
f 2774/2774/2774 2775/2775/2775 2786/2786/2786
f 2775/2775/2775 2787/2787/2787 2786/2786/2786
f 2775/2775/2775 2776/2776/2776 2787/2787/2787
f 2776/2776/2776 2788/2788/2788 2787/2787/2787
f 2776/2776/2776 2777/2777/2777 2788/2788/2788
f 2777/2777/2777 2789/2789/2789 2788/2788/2788
f 2777/2777/2777 2778/2778/2778 2789/2789/2789
f 2779/2779/2779 2791/2791/2791 2790/2790/2790
f 2779/2779/2779 2780/2780/2780 2791/2791/2791
f 2780/2780/2780 2792/2792/2792 2791/2791/2791
f 2780/2780/2780 2781/2781/2781 2792/2792/2792
f 2781/2781/2781 2793/2793/2793 2792/2792/2792
f 2781/2781/2781 2782/2782/2782 2793/2793/2793
f 2782/2782/2782 2794/2794/2794 2793/2793/2793
f 2782/2782/2782 2783/2783/2783 2794/2794/2794
f 2783/2783/2783 2795/2795/2795 2794/2794/2794
f 2783/2783/2783 2784/2784/2784 2795/2795/2795
f 2784/2784/2784 2796/2796/2796 2795/2795/2795
f 2784/2784/2784 2785/2785/2785 2796/2796/2796
f 2785/2785/2785 2797/2797/2797 2796/2796/2796
f 2785/2785/2785 2786/2786/2786 2797/2797/2797
f 2786/2786/2786 2798/2798/2798 2797/2797/2797
f 2786/2786/2786 2787/2787/2787 2798/2798/2798
f 2787/2787/2787 2799/2799/2799 2798/2798/2798
f 2787/2787/2787 2788/2788/2788 2799/2799/2799
f 2788/2788/2788 2800/2800/2800 2799/2799/2799
f 2788/2788/2788 2789/2789/2789 2800/2800/2800
f 2790/2790/2790 2802/2802/2802 2801/2801/2801
f 2790/2790/2790 2791/2791/2791 2802/2802/2802
f 2791/2791/2791 2803/2803/2803 2802/2802/2802
f 2791/2791/2791 2792/2792/2792 2803/2803/2803
f 2792/2792/2792 2804/2804/2804 2803/2803/2803
f 2792/2792/2792 2793/2793/2793 2804/2804/2804
f 2793/2793/2793 2805/2805/2805 2804/2804/2804
f 2793/2793/2793 2794/2794/2794 2805/2805/2805
f 2794/2794/2794 2806/2806/2806 2805/2805/2805
f 2794/2794/2794 2795/2795/2795 2806/2806/2806
f 2795/2795/2795 2807/2807/2807 2806/2806/2806
f 2795/2795/2795 2796/2796/2796 2807/2807/2807
f 2796/2796/2796 2808/2808/2808 2807/2807/2807
f 2796/2796/2796 2797/2797/2797 2808/2808/2808
f 2797/2797/2797 2809/2809/2809 2808/2808/2808
f 2797/2797/2797 2798/2798/2798 2809/2809/2809
f 2798/2798/2798 2810/2810/2810 2809/2809/2809
f 2798/2798/2798 2799/2799/2799 2810/2810/2810
f 2799/2799/2799 2811/2811/2811 2810/2810/2810
f 2799/2799/2799 2800/2800/2800 2811/2811/2811
f 2801/2801/2801 2813/2813/2813 2812/2812/2812
f 2801/2801/2801 2802/2802/2802 2813/2813/2813
f 2802/2802/2802 2814/2814/2814 2813/2813/2813
f 2802/2802/2802 2803/2803/2803 2814/2814/2814
f 2803/2803/2803 2815/2815/2815 2814/2814/2814
f 2803/2803/2803 2804/2804/2804 2815/2815/2815
f 2804/2804/2804 2816/2816/2816 2815/2815/2815
f 2804/2804/2804 2805/2805/2805 2816/2816/2816
f 2805/2805/2805 2817/2817/2817 2816/2816/2816
f 2805/2805/2805 2806/2806/2806 2817/2817/2817
f 2806/2806/2806 2818/2818/2818 2817/2817/2817
f 2806/2806/2806 2807/2807/2807 2818/2818/2818
f 2807/2807/2807 2819/2819/2819 2818/2818/2818
f 2807/2807/2807 2808/2808/2808 2819/2819/2819
f 2808/2808/2808 2820/2820/2820 2819/2819/2819
f 2808/2808/2808 2809/2809/2809 2820/2820/2820
f 2809/2809/2809 2821/2821/2821 2820/2820/2820
f 2809/2809/2809 2810/2810/2810 2821/2821/2821
f 2810/2810/2810 2822/2822/2822 2821/2821/2821
f 2810/2810/2810 2811/2811/2811 2822/2822/2822
f 2823/2823/2823 2831/2831/2831 2824/2824/2824
f 2823/2823/2823 2830/2830/2830 2831/2831/2831
f 2837/2837/2837 2823/2823/2823 2824/2824/2824
f 2838/2838/2838 2831/2831/2831 2830/2830/2830
f 2824/2824/2824 2832/2832/2832 2825/2825/2825
f 2824/2824/2824 2831/2831/2831 2832/2832/2832
f 2837/2837/2837 2824/2824/2824 2825/2825/2825
f 2838/2838/2838 2832/2832/2832 2831/2831/2831
f 2825/2825/2825 2833/2833/2833 2826/2826/2826
f 2825/2825/2825 2832/2832/2832 2833/2833/2833
f 2837/2837/2837 2825/2825/2825 2826/2826/2826
f 2838/2838/2838 2833/2833/2833 2832/2832/2832
f 2826/2826/2826 2834/2834/2834 2827/2827/2827
f 2826/2826/2826 2833/2833/2833 2834/2834/2834
f 2837/2837/2837 2826/2826/2826 2827/2827/2827
f 2838/2838/2838 2834/2834/2834 2833/2833/2833
f 2827/2827/2827 2835/2835/2835 2828/2828/2828
f 2827/2827/2827 2834/2834/2834 2835/2835/2835
f 2837/2837/2837 2827/2827/2827 2828/2828/2828
f 2838/2838/2838 2835/2835/2835 2834/2834/2834
f 2828/2828/2828 2836/2836/2836 2829/2829/2829
f 2828/2828/2828 2835/2835/2835 2836/2836/2836
f 2837/2837/2837 2828/2828/2828 2829/2829/2829
f 2838/2838/2838 2836/2836/2836 2835/2835/2835
f 2829/2829/2829 2830/2830/2830 2823/2823/2823
f 2829/2829/2829 2836/2836/2836 2830/2830/2830
f 2837/2837/2837 2829/2829/2829 2823/2823/2823
f 2838/2838/2838 2830/2830/2830 2836/2836/2836
f 2839/2839/2839 2851/2851/2851 2850/2850/2850
f 2839/2839/2839 2840/2840/2840 2851/2851/2851
f 2840/2840/2840 2852/2852/2852 2851/2851/2851
f 2840/2840/2840 2841/2841/2841 2852/2852/2852
f 2841/2841/2841 2853/2853/2853 2852/2852/2852
f 2841/2841/2841 2842/2842/2842 2853/2853/2853
f 2842/2842/2842 2854/2854/2854 2853/2853/2853
f 2842/2842/2842 2843/2843/2843 2854/2854/2854
f 2843/2843/2843 2855/2855/2855 2854/2854/2854
f 2843/2843/2843 2844/2844/2844 2855/2855/2855
f 2844/2844/2844 2856/2856/2856 2855/2855/2855
f 2844/2844/2844 2845/2845/2845 2856/2856/2856
f 2845/2845/2845 2857/2857/2857 2856/2856/2856
f 2845/2845/2845 2846/2846/2846 2857/2857/2857
f 2846/2846/2846 2858/2858/2858 2857/2857/2857
f 2846/2846/2846 2847/2847/2847 2858/2858/2858
f 2847/2847/2847 2859/2859/2859 2858/2858/2858
f 2847/2847/2847 2848/2848/2848 2859/2859/2859
f 2848/2848/2848 2860/2860/2860 2859/2859/2859
f 2848/2848/2848 2849/2849/2849 2860/2860/2860
f 2850/2850/2850 2862/2862/2862 2861/2861/2861
f 2850/2850/2850 2851/2851/2851 2862/2862/2862
f 2851/2851/2851 2863/2863/2863 2862/2862/2862
f 2851/2851/2851 2852/2852/2852 2863/2863/2863
f 2852/2852/2852 2864/2864/2864 2863/2863/2863
f 2852/2852/2852 2853/2853/2853 2864/2864/2864
f 2853/2853/2853 2865/2865/2865 2864/2864/2864
f 2853/2853/2853 2854/2854/2854 2865/2865/2865
f 2854/2854/2854 2866/2866/2866 2865/2865/2865
f 2854/2854/2854 2855/2855/2855 2866/2866/2866
f 2855/2855/2855 2867/2867/2867 2866/2866/2866
f 2855/2855/2855 2856/2856/2856 2867/2867/2867
f 2856/2856/2856 2868/2868/2868 2867/2867/2867
f 2856/2856/2856 2857/2857/2857 2868/2868/2868
f 2857/2857/2857 2869/2869/2869 2868/2868/2868
f 2857/2857/2857 2858/2858/2858 2869/2869/2869
f 2858/2858/2858 2870/2870/2870 2869/2869/2869
f 2858/2858/2858 2859/2859/2859 2870/2870/2870
f 2859/2859/2859 2871/2871/2871 2870/2870/2870
f 2859/2859/2859 2860/2860/2860 2871/2871/2871
f 2861/2861/2861 2873/2873/2873 2872/2872/2872
f 2861/2861/2861 2862/2862/2862 2873/2873/2873
f 2862/2862/2862 2874/2874/2874 2873/2873/2873
f 2862/2862/2862 2863/2863/2863 2874/2874/2874
f 2863/2863/2863 2875/2875/2875 2874/2874/2874
f 2863/2863/2863 2864/2864/2864 2875/2875/2875
f 2864/2864/2864 2876/2876/2876 2875/2875/2875
f 2864/2864/2864 2865/2865/2865 2876/2876/2876
f 2865/2865/2865 2877/2877/2877 2876/2876/2876
f 2865/2865/2865 2866/2866/2866 2877/2877/2877
f 2866/2866/2866 2878/2878/2878 2877/2877/2877
f 2866/2866/2866 2867/2867/2867 2878/2878/2878
f 2867/2867/2867 2879/2879/2879 2878/2878/2878
f 2867/2867/2867 2868/2868/2868 2879/2879/2879
f 2868/2868/2868 2880/2880/2880 2879/2879/2879
f 2868/2868/2868 2869/2869/2869 2880/2880/2880
f 2869/2869/2869 2881/2881/2881 2880/2880/2880
f 2869/2869/2869 2870/2870/2870 2881/2881/2881
f 2870/2870/2870 2882/2882/2882 2881/2881/2881
f 2870/2870/2870 2871/2871/2871 2882/2882/2882
f 2872/2872/2872 2884/2884/2884 2883/2883/2883
f 2872/2872/2872 2873/2873/2873 2884/2884/2884
f 2873/2873/2873 2885/2885/2885 2884/2884/2884
f 2873/2873/2873 2874/2874/2874 2885/2885/2885
f 2874/2874/2874 2886/2886/2886 2885/2885/2885
f 2874/2874/2874 2875/2875/2875 2886/2886/2886
f 2875/2875/2875 2887/2887/2887 2886/2886/2886
f 2875/2875/2875 2876/2876/2876 2887/2887/2887
f 2876/2876/2876 2888/2888/2888 2887/2887/2887
f 2876/2876/2876 2877/2877/2877 2888/2888/2888
f 2877/2877/2877 2889/2889/2889 2888/2888/2888
f 2877/2877/2877 2878/2878/2878 2889/2889/2889
f 2878/2878/2878 2890/2890/2890 2889/2889/2889
f 2878/2878/2878 2879/2879/2879 2890/2890/2890
f 2879/2879/2879 2891/2891/2891 2890/2890/2890
f 2879/2879/2879 2880/2880/2880 2891/2891/2891
f 2880/2880/2880 2892/2892/2892 2891/2891/2891
f 2880/2880/2880 2881/2881/2881 2892/2892/2892
f 2881/2881/2881 2893/2893/2893 2892/2892/2892
f 2881/2881/2881 2882/2882/2882 2893/2893/2893
f 2883/2883/2883 2895/2895/2895 2894/2894/2894
f 2883/2883/2883 2884/2884/2884 2895/2895/2895
f 2884/2884/2884 2896/2896/2896 2895/2895/2895
f 2884/2884/2884 2885/2885/2885 2896/2896/2896
f 2885/2885/2885 2897/2897/2897 2896/2896/2896
f 2885/2885/2885 2886/2886/2886 2897/2897/2897
f 2886/2886/2886 2898/2898/2898 2897/2897/2897
f 2886/2886/2886 2887/2887/2887 2898/2898/2898
f 2887/2887/2887 2899/2899/2899 2898/2898/2898
f 2887/2887/2887 2888/2888/2888 2899/2899/2899
f 2888/2888/2888 2900/2900/2900 2899/2899/2899
f 2888/2888/2888 2889/2889/2889 2900/2900/2900
f 2889/2889/2889 2901/2901/2901 2900/2900/2900
f 2889/2889/2889 2890/2890/2890 2901/2901/2901
f 2890/2890/2890 2902/2902/2902 2901/2901/2901
f 2890/2890/2890 2891/2891/2891 2902/2902/2902
f 2891/2891/2891 2903/2903/2903 2902/2902/2902
f 2891/2891/2891 2892/2892/2892 2903/2903/2903
f 2892/2892/2892 2904/2904/2904 2903/2903/2903
f 2892/2892/2892 2893/2893/2893 2904/2904/2904
f 2894/2894/2894 2906/2906/2906 2905/2905/2905
f 2894/2894/2894 2895/2895/2895 2906/2906/2906
f 2895/2895/2895 2907/2907/2907 2906/2906/2906
f 2895/2895/2895 2896/2896/2896 2907/2907/2907
f 2896/2896/2896 2908/2908/2908 2907/2907/2907
f 2896/2896/2896 2897/2897/2897 2908/2908/2908
f 2897/2897/2897 2909/2909/2909 2908/2908/2908
f 2897/2897/2897 2898/2898/2898 2909/2909/2909
f 2898/2898/2898 2910/2910/2910 2909/2909/2909
f 2898/2898/2898 2899/2899/2899 2910/2910/2910
f 2899/2899/2899 2911/2911/2911 2910/2910/2910
f 2899/2899/2899 2900/2900/2900 2911/2911/2911
f 2900/2900/2900 2912/2912/2912 2911/2911/2911
f 2900/2900/2900 2901/2901/2901 2912/2912/2912
f 2901/2901/2901 2913/2913/2913 2912/2912/2912
f 2901/2901/2901 2902/2902/2902 2913/2913/2913
f 2902/2902/2902 2914/2914/2914 2913/2913/2913
f 2902/2902/2902 2903/2903/2903 2914/2914/2914
f 2903/2903/2903 2915/2915/2915 2914/2914/2914
f 2903/2903/2903 2904/2904/2904 2915/2915/2915
f 2905/2905/2905 2917/2917/2917 2916/2916/2916
f 2905/2905/2905 2906/2906/2906 2917/2917/2917
f 2906/2906/2906 2918/2918/2918 2917/2917/2917
f 2906/2906/2906 2907/2907/2907 2918/2918/2918
f 2907/2907/2907 2919/2919/2919 2918/2918/2918
f 2907/2907/2907 2908/2908/2908 2919/2919/2919
f 2908/2908/2908 2920/2920/2920 2919/2919/2919
f 2908/2908/2908 2909/2909/2909 2920/2920/2920
f 2909/2909/2909 2921/2921/2921 2920/2920/2920
f 2909/2909/2909 2910/2910/2910 2921/2921/2921
f 2910/2910/2910 2922/2922/2922 2921/2921/2921
f 2910/2910/2910 2911/2911/2911 2922/2922/2922
f 2911/2911/2911 2923/2923/2923 2922/2922/2922
f 2911/2911/2911 2912/2912/2912 2923/2923/2923
f 2912/2912/2912 2924/2924/2924 2923/2923/2923
f 2912/2912/2912 2913/2913/2913 2924/2924/2924
f 2913/2913/2913 2925/2925/2925 2924/2924/2924
f 2913/2913/2913 2914/2914/2914 2925/2925/2925
f 2914/2914/2914 2926/2926/2926 2925/2925/2925
f 2914/2914/2914 2915/2915/2915 2926/2926/2926
f 2916/2916/2916 2928/2928/2928 2927/2927/2927
f 2916/2916/2916 2917/2917/2917 2928/2928/2928
f 2917/2917/2917 2929/2929/2929 2928/2928/2928
f 2917/2917/2917 2918/2918/2918 2929/2929/2929
f 2918/2918/2918 2930/2930/2930 2929/2929/2929
f 2918/2918/2918 2919/2919/2919 2930/2930/2930
f 2919/2919/2919 2931/2931/2931 2930/2930/2930
f 2919/2919/2919 2920/2920/2920 2931/2931/2931
f 2920/2920/2920 2932/2932/2932 2931/2931/2931
f 2920/2920/2920 2921/2921/2921 2932/2932/2932
f 2921/2921/2921 2933/2933/2933 2932/2932/2932
f 2921/2921/2921 2922/2922/2922 2933/2933/2933
f 2922/2922/2922 2934/2934/2934 2933/2933/2933
f 2922/2922/2922 2923/2923/2923 2934/2934/2934
f 2923/2923/2923 2935/2935/2935 2934/2934/2934
f 2923/2923/2923 2924/2924/2924 2935/2935/2935
f 2924/2924/2924 2936/2936/2936 2935/2935/2935
f 2924/2924/2924 2925/2925/2925 2936/2936/2936
f 2925/2925/2925 2937/2937/2937 2936/2936/2936
f 2925/2925/2925 2926/2926/2926 2937/2937/2937
f 2938/2938/2938 2946/2946/2946 2939/2939/2939
f 2938/2938/2938 2945/2945/2945 2946/2946/2946
f 2952/2952/2952 2938/2938/2938 2939/2939/2939
f 2953/2953/2953 2946/2946/2946 2945/2945/2945
f 2939/2939/2939 2947/2947/2947 2940/2940/2940
f 2939/2939/2939 2946/2946/2946 2947/2947/2947
f 2952/2952/2952 2939/2939/2939 2940/2940/2940
f 2953/2953/2953 2947/2947/2947 2946/2946/2946
f 2940/2940/2940 2948/2948/2948 2941/2941/2941
f 2940/2940/2940 2947/2947/2947 2948/2948/2948
f 2952/2952/2952 2940/2940/2940 2941/2941/2941
f 2953/2953/2953 2948/2948/2948 2947/2947/2947
f 2941/2941/2941 2949/2949/2949 2942/2942/2942
f 2941/2941/2941 2948/2948/2948 2949/2949/2949
f 2952/2952/2952 2941/2941/2941 2942/2942/2942
f 2953/2953/2953 2949/2949/2949 2948/2948/2948
f 2942/2942/2942 2950/2950/2950 2943/2943/2943
f 2942/2942/2942 2949/2949/2949 2950/2950/2950
f 2952/2952/2952 2942/2942/2942 2943/2943/2943
f 2953/2953/2953 2950/2950/2950 2949/2949/2949
f 2943/2943/2943 2951/2951/2951 2944/2944/2944
f 2943/2943/2943 2950/2950/2950 2951/2951/2951
f 2952/2952/2952 2943/2943/2943 2944/2944/2944
f 2953/2953/2953 2951/2951/2951 2950/2950/2950
f 2944/2944/2944 2945/2945/2945 2938/2938/2938
f 2944/2944/2944 2951/2951/2951 2945/2945/2945
f 2952/2952/2952 2944/2944/2944 2938/2938/2938
f 2953/2953/2953 2945/2945/2945 2951/2951/2951
f 2954/2954/2954 2966/2966/2966 2965/2965/2965
f 2954/2954/2954 2955/2955/2955 2966/2966/2966
f 2955/2955/2955 2967/2967/2967 2966/2966/2966
f 2955/2955/2955 2956/2956/2956 2967/2967/2967
f 2956/2956/2956 2968/2968/2968 2967/2967/2967
f 2956/2956/2956 2957/2957/2957 2968/2968/2968
f 2957/2957/2957 2969/2969/2969 2968/2968/2968
f 2957/2957/2957 2958/2958/2958 2969/2969/2969
f 2958/2958/2958 2970/2970/2970 2969/2969/2969
f 2958/2958/2958 2959/2959/2959 2970/2970/2970
f 2959/2959/2959 2971/2971/2971 2970/2970/2970
f 2959/2959/2959 2960/2960/2960 2971/2971/2971
f 2960/2960/2960 2972/2972/2972 2971/2971/2971
f 2960/2960/2960 2961/2961/2961 2972/2972/2972
f 2961/2961/2961 2973/2973/2973 2972/2972/2972
f 2961/2961/2961 2962/2962/2962 2973/2973/2973
f 2962/2962/2962 2974/2974/2974 2973/2973/2973
f 2962/2962/2962 2963/2963/2963 2974/2974/2974
f 2963/2963/2963 2975/2975/2975 2974/2974/2974
f 2963/2963/2963 2964/2964/2964 2975/2975/2975
f 2965/2965/2965 2977/2977/2977 2976/2976/2976
f 2965/2965/2965 2966/2966/2966 2977/2977/2977
f 2966/2966/2966 2978/2978/2978 2977/2977/2977
f 2966/2966/2966 2967/2967/2967 2978/2978/2978
f 2967/2967/2967 2979/2979/2979 2978/2978/2978
f 2967/2967/2967 2968/2968/2968 2979/2979/2979
f 2968/2968/2968 2980/2980/2980 2979/2979/2979
f 2968/2968/2968 2969/2969/2969 2980/2980/2980
f 2969/2969/2969 2981/2981/2981 2980/2980/2980
f 2969/2969/2969 2970/2970/2970 2981/2981/2981
f 2970/2970/2970 2982/2982/2982 2981/2981/2981
f 2970/2970/2970 2971/2971/2971 2982/2982/2982
f 2971/2971/2971 2983/2983/2983 2982/2982/2982
f 2971/2971/2971 2972/2972/2972 2983/2983/2983
f 2972/2972/2972 2984/2984/2984 2983/2983/2983
f 2972/2972/2972 2973/2973/2973 2984/2984/2984
f 2973/2973/2973 2985/2985/2985 2984/2984/2984
f 2973/2973/2973 2974/2974/2974 2985/2985/2985
f 2974/2974/2974 2986/2986/2986 2985/2985/2985
f 2974/2974/2974 2975/2975/2975 2986/2986/2986
f 2976/2976/2976 2988/2988/2988 2987/2987/2987
f 2976/2976/2976 2977/2977/2977 2988/2988/2988
f 2977/2977/2977 2989/2989/2989 2988/2988/2988
f 2977/2977/2977 2978/2978/2978 2989/2989/2989
f 2978/2978/2978 2990/2990/2990 2989/2989/2989
f 2978/2978/2978 2979/2979/2979 2990/2990/2990
f 2979/2979/2979 2991/2991/2991 2990/2990/2990
f 2979/2979/2979 2980/2980/2980 2991/2991/2991
f 2980/2980/2980 2992/2992/2992 2991/2991/2991
f 2980/2980/2980 2981/2981/2981 2992/2992/2992
f 2981/2981/2981 2993/2993/2993 2992/2992/2992
f 2981/2981/2981 2982/2982/2982 2993/2993/2993
f 2982/2982/2982 2994/2994/2994 2993/2993/2993
f 2982/2982/2982 2983/2983/2983 2994/2994/2994
f 2983/2983/2983 2995/2995/2995 2994/2994/2994
f 2983/2983/2983 2984/2984/2984 2995/2995/2995
f 2984/2984/2984 2996/2996/2996 2995/2995/2995
f 2984/2984/2984 2985/2985/2985 2996/2996/2996
f 2985/2985/2985 2997/2997/2997 2996/2996/2996
f 2985/2985/2985 2986/2986/2986 2997/2997/2997
f 2987/2987/2987 2999/2999/2999 2998/2998/2998
f 2987/2987/2987 2988/2988/2988 2999/2999/2999
f 2988/2988/2988 3000/3000/3000 2999/2999/2999
f 2988/2988/2988 2989/2989/2989 3000/3000/3000
f 2989/2989/2989 3001/3001/3001 3000/3000/3000
f 2989/2989/2989 2990/2990/2990 3001/3001/3001
f 2990/2990/2990 3002/3002/3002 3001/3001/3001
f 2990/2990/2990 2991/2991/2991 3002/3002/3002
f 2991/2991/2991 3003/3003/3003 3002/3002/3002
f 2991/2991/2991 2992/2992/2992 3003/3003/3003
f 2992/2992/2992 3004/3004/3004 3003/3003/3003
f 2992/2992/2992 2993/2993/2993 3004/3004/3004
f 2993/2993/2993 3005/3005/3005 3004/3004/3004
f 2993/2993/2993 2994/2994/2994 3005/3005/3005
f 2994/2994/2994 3006/3006/3006 3005/3005/3005
f 2994/2994/2994 2995/2995/2995 3006/3006/3006
f 2995/2995/2995 3007/3007/3007 3006/3006/3006
f 2995/2995/2995 2996/2996/2996 3007/3007/3007
f 2996/2996/2996 3008/3008/3008 3007/3007/3007
f 2996/2996/2996 2997/2997/2997 3008/3008/3008
f 2998/2998/2998 3010/3010/3010 3009/3009/3009
f 2998/2998/2998 2999/2999/2999 3010/3010/3010
f 2999/2999/2999 3011/3011/3011 3010/3010/3010
f 2999/2999/2999 3000/3000/3000 3011/3011/3011
f 3000/3000/3000 3012/3012/3012 3011/3011/3011
f 3000/3000/3000 3001/3001/3001 3012/3012/3012
f 3001/3001/3001 3013/3013/3013 3012/3012/3012
f 3001/3001/3001 3002/3002/3002 3013/3013/3013
f 3002/3002/3002 3014/3014/3014 3013/3013/3013
f 3002/3002/3002 3003/3003/3003 3014/3014/3014
f 3003/3003/3003 3015/3015/3015 3014/3014/3014
f 3003/3003/3003 3004/3004/3004 3015/3015/3015
f 3004/3004/3004 3016/3016/3016 3015/3015/3015
f 3004/3004/3004 3005/3005/3005 3016/3016/3016
f 3005/3005/3005 3017/3017/3017 3016/3016/3016
f 3005/3005/3005 3006/3006/3006 3017/3017/3017
f 3006/3006/3006 3018/3018/3018 3017/3017/3017
f 3006/3006/3006 3007/3007/3007 3018/3018/3018
f 3007/3007/3007 3019/3019/3019 3018/3018/3018
f 3007/3007/3007 3008/3008/3008 3019/3019/3019
f 3009/3009/3009 3021/3021/3021 3020/3020/3020
f 3009/3009/3009 3010/3010/3010 3021/3021/3021
f 3010/3010/3010 3022/3022/3022 3021/3021/3021
f 3010/3010/3010 3011/3011/3011 3022/3022/3022
f 3011/3011/3011 3023/3023/3023 3022/3022/3022
f 3011/3011/3011 3012/3012/3012 3023/3023/3023
f 3012/3012/3012 3024/3024/3024 3023/3023/3023
f 3012/3012/3012 3013/3013/3013 3024/3024/3024
f 3013/3013/3013 3025/3025/3025 3024/3024/3024
f 3013/3013/3013 3014/3014/3014 3025/3025/3025
f 3014/3014/3014 3026/3026/3026 3025/3025/3025
f 3014/3014/3014 3015/3015/3015 3026/3026/3026
f 3015/3015/3015 3027/3027/3027 3026/3026/3026
f 3015/3015/3015 3016/3016/3016 3027/3027/3027
f 3016/3016/3016 3028/3028/3028 3027/3027/3027
f 3016/3016/3016 3017/3017/3017 3028/3028/3028
f 3017/3017/3017 3029/3029/3029 3028/3028/3028
f 3017/3017/3017 3018/3018/3018 3029/3029/3029
f 3018/3018/3018 3030/3030/3030 3029/3029/3029
f 3018/3018/3018 3019/3019/3019 3030/3030/3030
f 3020/3020/3020 3032/3032/3032 3031/3031/3031
f 3020/3020/3020 3021/3021/3021 3032/3032/3032
f 3021/3021/3021 3033/3033/3033 3032/3032/3032
f 3021/3021/3021 3022/3022/3022 3033/3033/3033
f 3022/3022/3022 3034/3034/3034 3033/3033/3033
f 3022/3022/3022 3023/3023/3023 3034/3034/3034
f 3023/3023/3023 3035/3035/3035 3034/3034/3034
f 3023/3023/3023 3024/3024/3024 3035/3035/3035
f 3024/3024/3024 3036/3036/3036 3035/3035/3035
f 3024/3024/3024 3025/3025/3025 3036/3036/3036
f 3025/3025/3025 3037/3037/3037 3036/3036/3036
f 3025/3025/3025 3026/3026/3026 3037/3037/3037
f 3026/3026/3026 3038/3038/3038 3037/3037/3037
f 3026/3026/3026 3027/3027/3027 3038/3038/3038
f 3027/3027/3027 3039/3039/3039 3038/3038/3038
f 3027/3027/3027 3028/3028/3028 3039/3039/3039
f 3028/3028/3028 3040/3040/3040 3039/3039/3039
f 3028/3028/3028 3029/3029/3029 3040/3040/3040
f 3029/3029/3029 3041/3041/3041 3040/3040/3040
f 3029/3029/3029 3030/3030/3030 3041/3041/3041
f 3031/3031/3031 3043/3043/3043 3042/3042/3042
f 3031/3031/3031 3032/3032/3032 3043/3043/3043
f 3032/3032/3032 3044/3044/3044 3043/3043/3043
f 3032/3032/3032 3033/3033/3033 3044/3044/3044
f 3033/3033/3033 3045/3045/3045 3044/3044/3044
f 3033/3033/3033 3034/3034/3034 3045/3045/3045
f 3034/3034/3034 3046/3046/3046 3045/3045/3045
f 3034/3034/3034 3035/3035/3035 3046/3046/3046
f 3035/3035/3035 3047/3047/3047 3046/3046/3046
f 3035/3035/3035 3036/3036/3036 3047/3047/3047
f 3036/3036/3036 3048/3048/3048 3047/3047/3047
f 3036/3036/3036 3037/3037/3037 3048/3048/3048
f 3037/3037/3037 3049/3049/3049 3048/3048/3048
f 3037/3037/3037 3038/3038/3038 3049/3049/3049
f 3038/3038/3038 3050/3050/3050 3049/3049/3049
f 3038/3038/3038 3039/3039/3039 3050/3050/3050
f 3039/3039/3039 3051/3051/3051 3050/3050/3050
f 3039/3039/3039 3040/3040/3040 3051/3051/3051
f 3040/3040/3040 3052/3052/3052 3051/3051/3051
f 3040/3040/3040 3041/3041/3041 3052/3052/3052
f 3053/3053/3053 3061/3061/3061 3054/3054/3054
f 3053/3053/3053 3060/3060/3060 3061/3061/3061
f 3067/3067/3067 3053/3053/3053 3054/3054/3054
f 3068/3068/3068 3061/3061/3061 3060/3060/3060
f 3054/3054/3054 3062/3062/3062 3055/3055/3055
f 3054/3054/3054 3061/3061/3061 3062/3062/3062
f 3067/3067/3067 3054/3054/3054 3055/3055/3055
f 3068/3068/3068 3062/3062/3062 3061/3061/3061
f 3055/3055/3055 3063/3063/3063 3056/3056/3056
f 3055/3055/3055 3062/3062/3062 3063/3063/3063
f 3067/3067/3067 3055/3055/3055 3056/3056/3056
f 3068/3068/3068 3063/3063/3063 3062/3062/3062
f 3056/3056/3056 3064/3064/3064 3057/3057/3057
f 3056/3056/3056 3063/3063/3063 3064/3064/3064
f 3067/3067/3067 3056/3056/3056 3057/3057/3057
f 3068/3068/3068 3064/3064/3064 3063/3063/3063
f 3057/3057/3057 3065/3065/3065 3058/3058/3058
f 3057/3057/3057 3064/3064/3064 3065/3065/3065
f 3067/3067/3067 3057/3057/3057 3058/3058/3058
f 3068/3068/3068 3065/3065/3065 3064/3064/3064
f 3058/3058/3058 3066/3066/3066 3059/3059/3059
f 3058/3058/3058 3065/3065/3065 3066/3066/3066
f 3067/3067/3067 3058/3058/3058 3059/3059/3059
f 3068/3068/3068 3066/3066/3066 3065/3065/3065
f 3059/3059/3059 3060/3060/3060 3053/3053/3053
f 3059/3059/3059 3066/3066/3066 3060/3060/3060
f 3067/3067/3067 3059/3059/3059 3053/3053/3053
f 3068/3068/3068 3060/3060/3060 3066/3066/3066
f 3069/3069/3069 3081/3081/3081 3080/3080/3080
f 3069/3069/3069 3070/3070/3070 3081/3081/3081
f 3070/3070/3070 3082/3082/3082 3081/3081/3081
f 3070/3070/3070 3071/3071/3071 3082/3082/3082
f 3071/3071/3071 3083/3083/3083 3082/3082/3082
f 3071/3071/3071 3072/3072/3072 3083/3083/3083
f 3072/3072/3072 3084/3084/3084 3083/3083/3083
f 3072/3072/3072 3073/3073/3073 3084/3084/3084
f 3073/3073/3073 3085/3085/3085 3084/3084/3084
f 3073/3073/3073 3074/3074/3074 3085/3085/3085
f 3074/3074/3074 3086/3086/3086 3085/3085/3085
f 3074/3074/3074 3075/3075/3075 3086/3086/3086
f 3075/3075/3075 3087/3087/3087 3086/3086/3086
f 3075/3075/3075 3076/3076/3076 3087/3087/3087
f 3076/3076/3076 3088/3088/3088 3087/3087/3087
f 3076/3076/3076 3077/3077/3077 3088/3088/3088
f 3077/3077/3077 3089/3089/3089 3088/3088/3088
f 3077/3077/3077 3078/3078/3078 3089/3089/3089
f 3078/3078/3078 3090/3090/3090 3089/3089/3089
f 3078/3078/3078 3079/3079/3079 3090/3090/3090
f 3080/3080/3080 3092/3092/3092 3091/3091/3091
f 3080/3080/3080 3081/3081/3081 3092/3092/3092
f 3081/3081/3081 3093/3093/3093 3092/3092/3092
f 3081/3081/3081 3082/3082/3082 3093/3093/3093
f 3082/3082/3082 3094/3094/3094 3093/3093/3093
f 3082/3082/3082 3083/3083/3083 3094/3094/3094
f 3083/3083/3083 3095/3095/3095 3094/3094/3094
f 3083/3083/3083 3084/3084/3084 3095/3095/3095
f 3084/3084/3084 3096/3096/3096 3095/3095/3095
f 3084/3084/3084 3085/3085/3085 3096/3096/3096
f 3085/3085/3085 3097/3097/3097 3096/3096/3096
f 3085/3085/3085 3086/3086/3086 3097/3097/3097
f 3086/3086/3086 3098/3098/3098 3097/3097/3097
f 3086/3086/3086 3087/3087/3087 3098/3098/3098
f 3087/3087/3087 3099/3099/3099 3098/3098/3098
f 3087/3087/3087 3088/3088/3088 3099/3099/3099
f 3088/3088/3088 3100/3100/3100 3099/3099/3099
f 3088/3088/3088 3089/3089/3089 3100/3100/3100
f 3089/3089/3089 3101/3101/3101 3100/3100/3100
f 3089/3089/3089 3090/3090/3090 3101/3101/3101
f 3091/3091/3091 3103/3103/3103 3102/3102/3102
f 3091/3091/3091 3092/3092/3092 3103/3103/3103
f 3092/3092/3092 3104/3104/3104 3103/3103/3103
f 3092/3092/3092 3093/3093/3093 3104/3104/3104
f 3093/3093/3093 3105/3105/3105 3104/3104/3104
f 3093/3093/3093 3094/3094/3094 3105/3105/3105
f 3094/3094/3094 3106/3106/3106 3105/3105/3105
f 3094/3094/3094 3095/3095/3095 3106/3106/3106
f 3095/3095/3095 3107/3107/3107 3106/3106/3106
f 3095/3095/3095 3096/3096/3096 3107/3107/3107
f 3096/3096/3096 3108/3108/3108 3107/3107/3107
f 3096/3096/3096 3097/3097/3097 3108/3108/3108
f 3097/3097/3097 3109/3109/3109 3108/3108/3108
f 3097/3097/3097 3098/3098/3098 3109/3109/3109
f 3098/3098/3098 3110/3110/3110 3109/3109/3109
f 3098/3098/3098 3099/3099/3099 3110/3110/3110
f 3099/3099/3099 3111/3111/3111 3110/3110/3110
f 3099/3099/3099 3100/3100/3100 3111/3111/3111
f 3100/3100/3100 3112/3112/3112 3111/3111/3111
f 3100/3100/3100 3101/3101/3101 3112/3112/3112
f 3102/3102/3102 3114/3114/3114 3113/3113/3113
f 3102/3102/3102 3103/3103/3103 3114/3114/3114
f 3103/3103/3103 3115/3115/3115 3114/3114/3114
f 3103/3103/3103 3104/3104/3104 3115/3115/3115
f 3104/3104/3104 3116/3116/3116 3115/3115/3115
f 3104/3104/3104 3105/3105/3105 3116/3116/3116
f 3105/3105/3105 3117/3117/3117 3116/3116/3116
f 3105/3105/3105 3106/3106/3106 3117/3117/3117
f 3106/3106/3106 3118/3118/3118 3117/3117/3117
f 3106/3106/3106 3107/3107/3107 3118/3118/3118
f 3107/3107/3107 3119/3119/3119 3118/3118/3118
f 3107/3107/3107 3108/3108/3108 3119/3119/3119
f 3108/3108/3108 3120/3120/3120 3119/3119/3119
f 3108/3108/3108 3109/3109/3109 3120/3120/3120
f 3109/3109/3109 3121/3121/3121 3120/3120/3120
f 3109/3109/3109 3110/3110/3110 3121/3121/3121
f 3110/3110/3110 3122/3122/3122 3121/3121/3121
f 3110/3110/3110 3111/3111/3111 3122/3122/3122
f 3111/3111/3111 3123/3123/3123 3122/3122/3122
f 3111/3111/3111 3112/3112/3112 3123/3123/3123
f 3113/3113/3113 3125/3125/3125 3124/3124/3124
f 3113/3113/3113 3114/3114/3114 3125/3125/3125
f 3114/3114/3114 3126/3126/3126 3125/3125/3125
f 3114/3114/3114 3115/3115/3115 3126/3126/3126
f 3115/3115/3115 3127/3127/3127 3126/3126/3126
f 3115/3115/3115 3116/3116/3116 3127/3127/3127
f 3116/3116/3116 3128/3128/3128 3127/3127/3127
f 3116/3116/3116 3117/3117/3117 3128/3128/3128
f 3117/3117/3117 3129/3129/3129 3128/3128/3128
f 3117/3117/3117 3118/3118/3118 3129/3129/3129
f 3118/3118/3118 3130/3130/3130 3129/3129/3129
f 3118/3118/3118 3119/3119/3119 3130/3130/3130
f 3119/3119/3119 3131/3131/3131 3130/3130/3130
f 3119/3119/3119 3120/3120/3120 3131/3131/3131
f 3120/3120/3120 3132/3132/3132 3131/3131/3131
f 3120/3120/3120 3121/3121/3121 3132/3132/3132
f 3121/3121/3121 3133/3133/3133 3132/3132/3132
f 3121/3121/3121 3122/3122/3122 3133/3133/3133
f 3122/3122/3122 3134/3134/3134 3133/3133/3133
f 3122/3122/3122 3123/3123/3123 3134/3134/3134
f 3124/3124/3124 3136/3136/3136 3135/3135/3135
f 3124/3124/3124 3125/3125/3125 3136/3136/3136
f 3125/3125/3125 3137/3137/3137 3136/3136/3136
f 3125/3125/3125 3126/3126/3126 3137/3137/3137
f 3126/3126/3126 3138/3138/3138 3137/3137/3137
f 3126/3126/3126 3127/3127/3127 3138/3138/3138
f 3127/3127/3127 3139/3139/3139 3138/3138/3138
f 3127/3127/3127 3128/3128/3128 3139/3139/3139
f 3128/3128/3128 3140/3140/3140 3139/3139/3139
f 3128/3128/3128 3129/3129/3129 3140/3140/3140
f 3129/3129/3129 3141/3141/3141 3140/3140/3140
f 3129/3129/3129 3130/3130/3130 3141/3141/3141
f 3130/3130/3130 3142/3142/3142 3141/3141/3141
f 3130/3130/3130 3131/3131/3131 3142/3142/3142
f 3131/3131/3131 3143/3143/3143 3142/3142/3142
f 3131/3131/3131 3132/3132/3132 3143/3143/3143
f 3132/3132/3132 3144/3144/3144 3143/3143/3143
f 3132/3132/3132 3133/3133/3133 3144/3144/3144
f 3133/3133/3133 3145/3145/3145 3144/3144/3144
f 3133/3133/3133 3134/3134/3134 3145/3145/3145
f 3135/3135/3135 3147/3147/3147 3146/3146/3146
f 3135/3135/3135 3136/3136/3136 3147/3147/3147
f 3136/3136/3136 3148/3148/3148 3147/3147/3147
f 3136/3136/3136 3137/3137/3137 3148/3148/3148
f 3137/3137/3137 3149/3149/3149 3148/3148/3148
f 3137/3137/3137 3138/3138/3138 3149/3149/3149
f 3138/3138/3138 3150/3150/3150 3149/3149/3149
f 3138/3138/3138 3139/3139/3139 3150/3150/3150
f 3139/3139/3139 3151/3151/3151 3150/3150/3150
f 3139/3139/3139 3140/3140/3140 3151/3151/3151
f 3140/3140/3140 3152/3152/3152 3151/3151/3151
f 3140/3140/3140 3141/3141/3141 3152/3152/3152
f 3141/3141/3141 3153/3153/3153 3152/3152/3152
f 3141/3141/3141 3142/3142/3142 3153/3153/3153
f 3142/3142/3142 3154/3154/3154 3153/3153/3153
f 3142/3142/3142 3143/3143/3143 3154/3154/3154
f 3143/3143/3143 3155/3155/3155 3154/3154/3154
f 3143/3143/3143 3144/3144/3144 3155/3155/3155
f 3144/3144/3144 3156/3156/3156 3155/3155/3155
f 3144/3144/3144 3145/3145/3145 3156/3156/3156
f 3146/3146/3146 3158/3158/3158 3157/3157/3157
f 3146/3146/3146 3147/3147/3147 3158/3158/3158
f 3147/3147/3147 3159/3159/3159 3158/3158/3158
f 3147/3147/3147 3148/3148/3148 3159/3159/3159
f 3148/3148/3148 3160/3160/3160 3159/3159/3159
f 3148/3148/3148 3149/3149/3149 3160/3160/3160
f 3149/3149/3149 3161/3161/3161 3160/3160/3160
f 3149/3149/3149 3150/3150/3150 3161/3161/3161
f 3150/3150/3150 3162/3162/3162 3161/3161/3161
f 3150/3150/3150 3151/3151/3151 3162/3162/3162
f 3151/3151/3151 3163/3163/3163 3162/3162/3162
f 3151/3151/3151 3152/3152/3152 3163/3163/3163
f 3152/3152/3152 3164/3164/3164 3163/3163/3163
f 3152/3152/3152 3153/3153/3153 3164/3164/3164
f 3153/3153/3153 3165/3165/3165 3164/3164/3164
f 3153/3153/3153 3154/3154/3154 3165/3165/3165
f 3154/3154/3154 3166/3166/3166 3165/3165/3165
f 3154/3154/3154 3155/3155/3155 3166/3166/3166
f 3155/3155/3155 3167/3167/3167 3166/3166/3166
f 3155/3155/3155 3156/3156/3156 3167/3167/3167
f 3168/3168/3168 3176/3176/3176 3169/3169/3169
f 3168/3168/3168 3175/3175/3175 3176/3176/3176
f 3182/3182/3182 3168/3168/3168 3169/3169/3169
f 3183/3183/3183 3176/3176/3176 3175/3175/3175
f 3169/3169/3169 3177/3177/3177 3170/3170/3170
f 3169/3169/3169 3176/3176/3176 3177/3177/3177
f 3182/3182/3182 3169/3169/3169 3170/3170/3170
f 3183/3183/3183 3177/3177/3177 3176/3176/3176
f 3170/3170/3170 3178/3178/3178 3171/3171/3171
f 3170/3170/3170 3177/3177/3177 3178/3178/3178
f 3182/3182/3182 3170/3170/3170 3171/3171/3171
f 3183/3183/3183 3178/3178/3178 3177/3177/3177
f 3171/3171/3171 3179/3179/3179 3172/3172/3172
f 3171/3171/3171 3178/3178/3178 3179/3179/3179
f 3182/3182/3182 3171/3171/3171 3172/3172/3172
f 3183/3183/3183 3179/3179/3179 3178/3178/3178
f 3172/3172/3172 3180/3180/3180 3173/3173/3173
f 3172/3172/3172 3179/3179/3179 3180/3180/3180
f 3182/3182/3182 3172/3172/3172 3173/3173/3173
f 3183/3183/3183 3180/3180/3180 3179/3179/3179
f 3173/3173/3173 3181/3181/3181 3174/3174/3174
f 3173/3173/3173 3180/3180/3180 3181/3181/3181
f 3182/3182/3182 3173/3173/3173 3174/3174/3174
f 3183/3183/3183 3181/3181/3181 3180/3180/3180
f 3174/3174/3174 3175/3175/3175 3168/3168/3168
f 3174/3174/3174 3181/3181/3181 3175/3175/3175
f 3182/3182/3182 3174/3174/3174 3168/3168/3168
f 3183/3183/3183 3175/3175/3175 3181/3181/3181
f 3184/3184/3184 3196/3196/3196 3195/3195/3195
f 3184/3184/3184 3185/3185/3185 3196/3196/3196
f 3185/3185/3185 3197/3197/3197 3196/3196/3196
f 3185/3185/3185 3186/3186/3186 3197/3197/3197
f 3186/3186/3186 3198/3198/3198 3197/3197/3197
f 3186/3186/3186 3187/3187/3187 3198/3198/3198
f 3187/3187/3187 3199/3199/3199 3198/3198/3198
f 3187/3187/3187 3188/3188/3188 3199/3199/3199
f 3188/3188/3188 3200/3200/3200 3199/3199/3199
f 3188/3188/3188 3189/3189/3189 3200/3200/3200
f 3189/3189/3189 3201/3201/3201 3200/3200/3200
f 3189/3189/3189 3190/3190/3190 3201/3201/3201
f 3190/3190/3190 3202/3202/3202 3201/3201/3201
f 3190/3190/3190 3191/3191/3191 3202/3202/3202
f 3191/3191/3191 3203/3203/3203 3202/3202/3202
f 3191/3191/3191 3192/3192/3192 3203/3203/3203
f 3192/3192/3192 3204/3204/3204 3203/3203/3203
f 3192/3192/3192 3193/3193/3193 3204/3204/3204
f 3193/3193/3193 3205/3205/3205 3204/3204/3204
f 3193/3193/3193 3194/3194/3194 3205/3205/3205
f 3195/3195/3195 3207/3207/3207 3206/3206/3206
f 3195/3195/3195 3196/3196/3196 3207/3207/3207
f 3196/3196/3196 3208/3208/3208 3207/3207/3207
f 3196/3196/3196 3197/3197/3197 3208/3208/3208
f 3197/3197/3197 3209/3209/3209 3208/3208/3208
f 3197/3197/3197 3198/3198/3198 3209/3209/3209
f 3198/3198/3198 3210/3210/3210 3209/3209/3209
f 3198/3198/3198 3199/3199/3199 3210/3210/3210
f 3199/3199/3199 3211/3211/3211 3210/3210/3210
f 3199/3199/3199 3200/3200/3200 3211/3211/3211
f 3200/3200/3200 3212/3212/3212 3211/3211/3211
f 3200/3200/3200 3201/3201/3201 3212/3212/3212
f 3201/3201/3201 3213/3213/3213 3212/3212/3212
f 3201/3201/3201 3202/3202/3202 3213/3213/3213
f 3202/3202/3202 3214/3214/3214 3213/3213/3213
f 3202/3202/3202 3203/3203/3203 3214/3214/3214
f 3203/3203/3203 3215/3215/3215 3214/3214/3214
f 3203/3203/3203 3204/3204/3204 3215/3215/3215
f 3204/3204/3204 3216/3216/3216 3215/3215/3215
f 3204/3204/3204 3205/3205/3205 3216/3216/3216
f 3206/3206/3206 3218/3218/3218 3217/3217/3217
f 3206/3206/3206 3207/3207/3207 3218/3218/3218
f 3207/3207/3207 3219/3219/3219 3218/3218/3218
f 3207/3207/3207 3208/3208/3208 3219/3219/3219
f 3208/3208/3208 3220/3220/3220 3219/3219/3219
f 3208/3208/3208 3209/3209/3209 3220/3220/3220
f 3209/3209/3209 3221/3221/3221 3220/3220/3220
f 3209/3209/3209 3210/3210/3210 3221/3221/3221
f 3210/3210/3210 3222/3222/3222 3221/3221/3221
f 3210/3210/3210 3211/3211/3211 3222/3222/3222
f 3211/3211/3211 3223/3223/3223 3222/3222/3222
f 3211/3211/3211 3212/3212/3212 3223/3223/3223
f 3212/3212/3212 3224/3224/3224 3223/3223/3223
f 3212/3212/3212 3213/3213/3213 3224/3224/3224
f 3213/3213/3213 3225/3225/3225 3224/3224/3224
f 3213/3213/3213 3214/3214/3214 3225/3225/3225
f 3214/3214/3214 3226/3226/3226 3225/3225/3225
f 3214/3214/3214 3215/3215/3215 3226/3226/3226
f 3215/3215/3215 3227/3227/3227 3226/3226/3226
f 3215/3215/3215 3216/3216/3216 3227/3227/3227
f 3217/3217/3217 3229/3229/3229 3228/3228/3228
f 3217/3217/3217 3218/3218/3218 3229/3229/3229
f 3218/3218/3218 3230/3230/3230 3229/3229/3229
f 3218/3218/3218 3219/3219/3219 3230/3230/3230
f 3219/3219/3219 3231/3231/3231 3230/3230/3230
f 3219/3219/3219 3220/3220/3220 3231/3231/3231
f 3220/3220/3220 3232/3232/3232 3231/3231/3231
f 3220/3220/3220 3221/3221/3221 3232/3232/3232
f 3221/3221/3221 3233/3233/3233 3232/3232/3232
f 3221/3221/3221 3222/3222/3222 3233/3233/3233
f 3222/3222/3222 3234/3234/3234 3233/3233/3233
f 3222/3222/3222 3223/3223/3223 3234/3234/3234
f 3223/3223/3223 3235/3235/3235 3234/3234/3234
f 3223/3223/3223 3224/3224/3224 3235/3235/3235
f 3224/3224/3224 3236/3236/3236 3235/3235/3235
f 3224/3224/3224 3225/3225/3225 3236/3236/3236
f 3225/3225/3225 3237/3237/3237 3236/3236/3236
f 3225/3225/3225 3226/3226/3226 3237/3237/3237
f 3226/3226/3226 3238/3238/3238 3237/3237/3237
f 3226/3226/3226 3227/3227/3227 3238/3238/3238
f 3228/3228/3228 3240/3240/3240 3239/3239/3239
f 3228/3228/3228 3229/3229/3229 3240/3240/3240
f 3229/3229/3229 3241/3241/3241 3240/3240/3240
f 3229/3229/3229 3230/3230/3230 3241/3241/3241
f 3230/3230/3230 3242/3242/3242 3241/3241/3241
f 3230/3230/3230 3231/3231/3231 3242/3242/3242
f 3231/3231/3231 3243/3243/3243 3242/3242/3242
f 3231/3231/3231 3232/3232/3232 3243/3243/3243
f 3232/3232/3232 3244/3244/3244 3243/3243/3243
f 3232/3232/3232 3233/3233/3233 3244/3244/3244
f 3233/3233/3233 3245/3245/3245 3244/3244/3244
f 3233/3233/3233 3234/3234/3234 3245/3245/3245
f 3234/3234/3234 3246/3246/3246 3245/3245/3245
f 3234/3234/3234 3235/3235/3235 3246/3246/3246
f 3235/3235/3235 3247/3247/3247 3246/3246/3246
f 3235/3235/3235 3236/3236/3236 3247/3247/3247
f 3236/3236/3236 3248/3248/3248 3247/3247/3247
f 3236/3236/3236 3237/3237/3237 3248/3248/3248
f 3237/3237/3237 3249/3249/3249 3248/3248/3248
f 3237/3237/3237 3238/3238/3238 3249/3249/3249
f 3239/3239/3239 3251/3251/3251 3250/3250/3250
f 3239/3239/3239 3240/3240/3240 3251/3251/3251
f 3240/3240/3240 3252/3252/3252 3251/3251/3251
f 3240/3240/3240 3241/3241/3241 3252/3252/3252
f 3241/3241/3241 3253/3253/3253 3252/3252/3252
f 3241/3241/3241 3242/3242/3242 3253/3253/3253
f 3242/3242/3242 3254/3254/3254 3253/3253/3253
f 3242/3242/3242 3243/3243/3243 3254/3254/3254
f 3243/3243/3243 3255/3255/3255 3254/3254/3254
f 3243/3243/3243 3244/3244/3244 3255/3255/3255
f 3244/3244/3244 3256/3256/3256 3255/3255/3255
f 3244/3244/3244 3245/3245/3245 3256/3256/3256
f 3245/3245/3245 3257/3257/3257 3256/3256/3256
f 3245/3245/3245 3246/3246/3246 3257/3257/3257
f 3246/3246/3246 3258/3258/3258 3257/3257/3257
f 3246/3246/3246 3247/3247/3247 3258/3258/3258
f 3247/3247/3247 3259/3259/3259 3258/3258/3258
f 3247/3247/3247 3248/3248/3248 3259/3259/3259
f 3248/3248/3248 3260/3260/3260 3259/3259/3259
f 3248/3248/3248 3249/3249/3249 3260/3260/3260
f 3250/3250/3250 3262/3262/3262 3261/3261/3261
f 3250/3250/3250 3251/3251/3251 3262/3262/3262
f 3251/3251/3251 3263/3263/3263 3262/3262/3262
f 3251/3251/3251 3252/3252/3252 3263/3263/3263
f 3252/3252/3252 3264/3264/3264 3263/3263/3263
f 3252/3252/3252 3253/3253/3253 3264/3264/3264
f 3253/3253/3253 3265/3265/3265 3264/3264/3264
f 3253/3253/3253 3254/3254/3254 3265/3265/3265
f 3254/3254/3254 3266/3266/3266 3265/3265/3265
f 3254/3254/3254 3255/3255/3255 3266/3266/3266
f 3255/3255/3255 3267/3267/3267 3266/3266/3266
f 3255/3255/3255 3256/3256/3256 3267/3267/3267
f 3256/3256/3256 3268/3268/3268 3267/3267/3267
f 3256/3256/3256 3257/3257/3257 3268/3268/3268
f 3257/3257/3257 3269/3269/3269 3268/3268/3268
f 3257/3257/3257 3258/3258/3258 3269/3269/3269
f 3258/3258/3258 3270/3270/3270 3269/3269/3269
f 3258/3258/3258 3259/3259/3259 3270/3270/3270
f 3259/3259/3259 3271/3271/3271 3270/3270/3270
f 3259/3259/3259 3260/3260/3260 3271/3271/3271
f 3261/3261/3261 3273/3273/3273 3272/3272/3272
f 3261/3261/3261 3262/3262/3262 3273/3273/3273
f 3262/3262/3262 3274/3274/3274 3273/3273/3273
f 3262/3262/3262 3263/3263/3263 3274/3274/3274
f 3263/3263/3263 3275/3275/3275 3274/3274/3274
f 3263/3263/3263 3264/3264/3264 3275/3275/3275
f 3264/3264/3264 3276/3276/3276 3275/3275/3275
f 3264/3264/3264 3265/3265/3265 3276/3276/3276
f 3265/3265/3265 3277/3277/3277 3276/3276/3276
f 3265/3265/3265 3266/3266/3266 3277/3277/3277
f 3266/3266/3266 3278/3278/3278 3277/3277/3277
f 3266/3266/3266 3267/3267/3267 3278/3278/3278
f 3267/3267/3267 3279/3279/3279 3278/3278/3278
f 3267/3267/3267 3268/3268/3268 3279/3279/3279
f 3268/3268/3268 3280/3280/3280 3279/3279/3279
f 3268/3268/3268 3269/3269/3269 3280/3280/3280
f 3269/3269/3269 3281/3281/3281 3280/3280/3280
f 3269/3269/3269 3270/3270/3270 3281/3281/3281
f 3270/3270/3270 3282/3282/3282 3281/3281/3281
f 3270/3270/3270 3271/3271/3271 3282/3282/3282
f 3283/3283/3283 3291/3291/3291 3284/3284/3284
f 3283/3283/3283 3290/3290/3290 3291/3291/3291
f 3297/3297/3297 3283/3283/3283 3284/3284/3284
f 3298/3298/3298 3291/3291/3291 3290/3290/3290
f 3284/3284/3284 3292/3292/3292 3285/3285/3285
f 3284/3284/3284 3291/3291/3291 3292/3292/3292
f 3297/3297/3297 3284/3284/3284 3285/3285/3285
f 3298/3298/3298 3292/3292/3292 3291/3291/3291
f 3285/3285/3285 3293/3293/3293 3286/3286/3286
f 3285/3285/3285 3292/3292/3292 3293/3293/3293
f 3297/3297/3297 3285/3285/3285 3286/3286/3286
f 3298/3298/3298 3293/3293/3293 3292/3292/3292
f 3286/3286/3286 3294/3294/3294 3287/3287/3287
f 3286/3286/3286 3293/3293/3293 3294/3294/3294
f 3297/3297/3297 3286/3286/3286 3287/3287/3287
f 3298/3298/3298 3294/3294/3294 3293/3293/3293
f 3287/3287/3287 3295/3295/3295 3288/3288/3288
f 3287/3287/3287 3294/3294/3294 3295/3295/3295
f 3297/3297/3297 3287/3287/3287 3288/3288/3288
f 3298/3298/3298 3295/3295/3295 3294/3294/3294
f 3288/3288/3288 3296/3296/3296 3289/3289/3289
f 3288/3288/3288 3295/3295/3295 3296/3296/3296
f 3297/3297/3297 3288/3288/3288 3289/3289/3289
f 3298/3298/3298 3296/3296/3296 3295/3295/3295
f 3289/3289/3289 3290/3290/3290 3283/3283/3283
f 3289/3289/3289 3296/3296/3296 3290/3290/3290
f 3297/3297/3297 3289/3289/3289 3283/3283/3283
f 3298/3298/3298 3290/3290/3290 3296/3296/3296
f 3299/3299/3299 3311/3311/3311 3310/3310/3310
f 3299/3299/3299 3300/3300/3300 3311/3311/3311
f 3300/3300/3300 3312/3312/3312 3311/3311/3311
f 3300/3300/3300 3301/3301/3301 3312/3312/3312
f 3301/3301/3301 3313/3313/3313 3312/3312/3312
f 3301/3301/3301 3302/3302/3302 3313/3313/3313
f 3302/3302/3302 3314/3314/3314 3313/3313/3313
f 3302/3302/3302 3303/3303/3303 3314/3314/3314
f 3303/3303/3303 3315/3315/3315 3314/3314/3314
f 3303/3303/3303 3304/3304/3304 3315/3315/3315
f 3304/3304/3304 3316/3316/3316 3315/3315/3315
f 3304/3304/3304 3305/3305/3305 3316/3316/3316
f 3305/3305/3305 3317/3317/3317 3316/3316/3316
f 3305/3305/3305 3306/3306/3306 3317/3317/3317
f 3306/3306/3306 3318/3318/3318 3317/3317/3317
f 3306/3306/3306 3307/3307/3307 3318/3318/3318
f 3307/3307/3307 3319/3319/3319 3318/3318/3318
f 3307/3307/3307 3308/3308/3308 3319/3319/3319
f 3308/3308/3308 3320/3320/3320 3319/3319/3319
f 3308/3308/3308 3309/3309/3309 3320/3320/3320
f 3310/3310/3310 3322/3322/3322 3321/3321/3321
f 3310/3310/3310 3311/3311/3311 3322/3322/3322
f 3311/3311/3311 3323/3323/3323 3322/3322/3322
f 3311/3311/3311 3312/3312/3312 3323/3323/3323
f 3312/3312/3312 3324/3324/3324 3323/3323/3323
f 3312/3312/3312 3313/3313/3313 3324/3324/3324
f 3313/3313/3313 3325/3325/3325 3324/3324/3324
f 3313/3313/3313 3314/3314/3314 3325/3325/3325
f 3314/3314/3314 3326/3326/3326 3325/3325/3325
f 3314/3314/3314 3315/3315/3315 3326/3326/3326
f 3315/3315/3315 3327/3327/3327 3326/3326/3326
f 3315/3315/3315 3316/3316/3316 3327/3327/3327
f 3316/3316/3316 3328/3328/3328 3327/3327/3327
f 3316/3316/3316 3317/3317/3317 3328/3328/3328
f 3317/3317/3317 3329/3329/3329 3328/3328/3328
f 3317/3317/3317 3318/3318/3318 3329/3329/3329
f 3318/3318/3318 3330/3330/3330 3329/3329/3329
f 3318/3318/3318 3319/3319/3319 3330/3330/3330
f 3319/3319/3319 3331/3331/3331 3330/3330/3330
f 3319/3319/3319 3320/3320/3320 3331/3331/3331
f 3321/3321/3321 3333/3333/3333 3332/3332/3332
f 3321/3321/3321 3322/3322/3322 3333/3333/3333
f 3322/3322/3322 3334/3334/3334 3333/3333/3333
f 3322/3322/3322 3323/3323/3323 3334/3334/3334
f 3323/3323/3323 3335/3335/3335 3334/3334/3334
f 3323/3323/3323 3324/3324/3324 3335/3335/3335
f 3324/3324/3324 3336/3336/3336 3335/3335/3335
f 3324/3324/3324 3325/3325/3325 3336/3336/3336
f 3325/3325/3325 3337/3337/3337 3336/3336/3336
f 3325/3325/3325 3326/3326/3326 3337/3337/3337
f 3326/3326/3326 3338/3338/3338 3337/3337/3337
f 3326/3326/3326 3327/3327/3327 3338/3338/3338
f 3327/3327/3327 3339/3339/3339 3338/3338/3338
f 3327/3327/3327 3328/3328/3328 3339/3339/3339
f 3328/3328/3328 3340/3340/3340 3339/3339/3339
f 3328/3328/3328 3329/3329/3329 3340/3340/3340
f 3329/3329/3329 3341/3341/3341 3340/3340/3340
f 3329/3329/3329 3330/3330/3330 3341/3341/3341
f 3330/3330/3330 3342/3342/3342 3341/3341/3341
f 3330/3330/3330 3331/3331/3331 3342/3342/3342
f 3332/3332/3332 3344/3344/3344 3343/3343/3343
f 3332/3332/3332 3333/3333/3333 3344/3344/3344
f 3333/3333/3333 3345/3345/3345 3344/3344/3344
f 3333/3333/3333 3334/3334/3334 3345/3345/3345
f 3334/3334/3334 3346/3346/3346 3345/3345/3345
f 3334/3334/3334 3335/3335/3335 3346/3346/3346
f 3335/3335/3335 3347/3347/3347 3346/3346/3346
f 3335/3335/3335 3336/3336/3336 3347/3347/3347
f 3336/3336/3336 3348/3348/3348 3347/3347/3347
f 3336/3336/3336 3337/3337/3337 3348/3348/3348
f 3337/3337/3337 3349/3349/3349 3348/3348/3348
f 3337/3337/3337 3338/3338/3338 3349/3349/3349
f 3338/3338/3338 3350/3350/3350 3349/3349/3349
f 3338/3338/3338 3339/3339/3339 3350/3350/3350
f 3339/3339/3339 3351/3351/3351 3350/3350/3350
f 3339/3339/3339 3340/3340/3340 3351/3351/3351
f 3340/3340/3340 3352/3352/3352 3351/3351/3351
f 3340/3340/3340 3341/3341/3341 3352/3352/3352
f 3341/3341/3341 3353/3353/3353 3352/3352/3352
f 3341/3341/3341 3342/3342/3342 3353/3353/3353
f 3343/3343/3343 3355/3355/3355 3354/3354/3354
f 3343/3343/3343 3344/3344/3344 3355/3355/3355
f 3344/3344/3344 3356/3356/3356 3355/3355/3355
f 3344/3344/3344 3345/3345/3345 3356/3356/3356
f 3345/3345/3345 3357/3357/3357 3356/3356/3356
f 3345/3345/3345 3346/3346/3346 3357/3357/3357
f 3346/3346/3346 3358/3358/3358 3357/3357/3357
f 3346/3346/3346 3347/3347/3347 3358/3358/3358
f 3347/3347/3347 3359/3359/3359 3358/3358/3358
f 3347/3347/3347 3348/3348/3348 3359/3359/3359
f 3348/3348/3348 3360/3360/3360 3359/3359/3359
f 3348/3348/3348 3349/3349/3349 3360/3360/3360
f 3349/3349/3349 3361/3361/3361 3360/3360/3360
f 3349/3349/3349 3350/3350/3350 3361/3361/3361
f 3350/3350/3350 3362/3362/3362 3361/3361/3361
f 3350/3350/3350 3351/3351/3351 3362/3362/3362
f 3351/3351/3351 3363/3363/3363 3362/3362/3362
f 3351/3351/3351 3352/3352/3352 3363/3363/3363
f 3352/3352/3352 3364/3364/3364 3363/3363/3363
f 3352/3352/3352 3353/3353/3353 3364/3364/3364
f 3354/3354/3354 3366/3366/3366 3365/3365/3365
f 3354/3354/3354 3355/3355/3355 3366/3366/3366
f 3355/3355/3355 3367/3367/3367 3366/3366/3366
f 3355/3355/3355 3356/3356/3356 3367/3367/3367
f 3356/3356/3356 3368/3368/3368 3367/3367/3367
f 3356/3356/3356 3357/3357/3357 3368/3368/3368
f 3357/3357/3357 3369/3369/3369 3368/3368/3368
f 3357/3357/3357 3358/3358/3358 3369/3369/3369
f 3358/3358/3358 3370/3370/3370 3369/3369/3369
f 3358/3358/3358 3359/3359/3359 3370/3370/3370
f 3359/3359/3359 3371/3371/3371 3370/3370/3370
f 3359/3359/3359 3360/3360/3360 3371/3371/3371
f 3360/3360/3360 3372/3372/3372 3371/3371/3371
f 3360/3360/3360 3361/3361/3361 3372/3372/3372
f 3361/3361/3361 3373/3373/3373 3372/3372/3372
f 3361/3361/3361 3362/3362/3362 3373/3373/3373
f 3362/3362/3362 3374/3374/3374 3373/3373/3373
f 3362/3362/3362 3363/3363/3363 3374/3374/3374
f 3363/3363/3363 3375/3375/3375 3374/3374/3374
f 3363/3363/3363 3364/3364/3364 3375/3375/3375
f 3365/3365/3365 3377/3377/3377 3376/3376/3376
f 3365/3365/3365 3366/3366/3366 3377/3377/3377
f 3366/3366/3366 3378/3378/3378 3377/3377/3377
f 3366/3366/3366 3367/3367/3367 3378/3378/3378
f 3367/3367/3367 3379/3379/3379 3378/3378/3378
f 3367/3367/3367 3368/3368/3368 3379/3379/3379
f 3368/3368/3368 3380/3380/3380 3379/3379/3379
f 3368/3368/3368 3369/3369/3369 3380/3380/3380
f 3369/3369/3369 3381/3381/3381 3380/3380/3380
f 3369/3369/3369 3370/3370/3370 3381/3381/3381
f 3370/3370/3370 3382/3382/3382 3381/3381/3381
f 3370/3370/3370 3371/3371/3371 3382/3382/3382
f 3371/3371/3371 3383/3383/3383 3382/3382/3382
f 3371/3371/3371 3372/3372/3372 3383/3383/3383
f 3372/3372/3372 3384/3384/3384 3383/3383/3383
f 3372/3372/3372 3373/3373/3373 3384/3384/3384
f 3373/3373/3373 3385/3385/3385 3384/3384/3384
f 3373/3373/3373 3374/3374/3374 3385/3385/3385
f 3374/3374/3374 3386/3386/3386 3385/3385/3385
f 3374/3374/3374 3375/3375/3375 3386/3386/3386
f 3376/3376/3376 3388/3388/3388 3387/3387/3387
f 3376/3376/3376 3377/3377/3377 3388/3388/3388
f 3377/3377/3377 3389/3389/3389 3388/3388/3388
f 3377/3377/3377 3378/3378/3378 3389/3389/3389
f 3378/3378/3378 3390/3390/3390 3389/3389/3389
f 3378/3378/3378 3379/3379/3379 3390/3390/3390
f 3379/3379/3379 3391/3391/3391 3390/3390/3390
f 3379/3379/3379 3380/3380/3380 3391/3391/3391
f 3380/3380/3380 3392/3392/3392 3391/3391/3391
f 3380/3380/3380 3381/3381/3381 3392/3392/3392
f 3381/3381/3381 3393/3393/3393 3392/3392/3392
f 3381/3381/3381 3382/3382/3382 3393/3393/3393
f 3382/3382/3382 3394/3394/3394 3393/3393/3393
f 3382/3382/3382 3383/3383/3383 3394/3394/3394
f 3383/3383/3383 3395/3395/3395 3394/3394/3394
f 3383/3383/3383 3384/3384/3384 3395/3395/3395
f 3384/3384/3384 3396/3396/3396 3395/3395/3395
f 3384/3384/3384 3385/3385/3385 3396/3396/3396
f 3385/3385/3385 3397/3397/3397 3396/3396/3396
f 3385/3385/3385 3386/3386/3386 3397/3397/3397
f 3398/3398/3398 3406/3406/3406 3399/3399/3399
f 3398/3398/3398 3405/3405/3405 3406/3406/3406
f 3412/3412/3412 3398/3398/3398 3399/3399/3399
f 3413/3413/3413 3406/3406/3406 3405/3405/3405
f 3399/3399/3399 3407/3407/3407 3400/3400/3400
f 3399/3399/3399 3406/3406/3406 3407/3407/3407
f 3412/3412/3412 3399/3399/3399 3400/3400/3400
f 3413/3413/3413 3407/3407/3407 3406/3406/3406
f 3400/3400/3400 3408/3408/3408 3401/3401/3401
f 3400/3400/3400 3407/3407/3407 3408/3408/3408
f 3412/3412/3412 3400/3400/3400 3401/3401/3401
f 3413/3413/3413 3408/3408/3408 3407/3407/3407
f 3401/3401/3401 3409/3409/3409 3402/3402/3402
f 3401/3401/3401 3408/3408/3408 3409/3409/3409
f 3412/3412/3412 3401/3401/3401 3402/3402/3402
f 3413/3413/3413 3409/3409/3409 3408/3408/3408
f 3402/3402/3402 3410/3410/3410 3403/3403/3403
f 3402/3402/3402 3409/3409/3409 3410/3410/3410
f 3412/3412/3412 3402/3402/3402 3403/3403/3403
f 3413/3413/3413 3410/3410/3410 3409/3409/3409
f 3403/3403/3403 3411/3411/3411 3404/3404/3404
f 3403/3403/3403 3410/3410/3410 3411/3411/3411
f 3412/3412/3412 3403/3403/3403 3404/3404/3404
f 3413/3413/3413 3411/3411/3411 3410/3410/3410
f 3404/3404/3404 3405/3405/3405 3398/3398/3398
f 3404/3404/3404 3411/3411/3411 3405/3405/3405
f 3412/3412/3412 3404/3404/3404 3398/3398/3398
f 3413/3413/3413 3405/3405/3405 3411/3411/3411
f 3414/3414/3414 3426/3426/3426 3425/3425/3425
f 3414/3414/3414 3415/3415/3415 3426/3426/3426
f 3415/3415/3415 3427/3427/3427 3426/3426/3426
f 3415/3415/3415 3416/3416/3416 3427/3427/3427
f 3416/3416/3416 3428/3428/3428 3427/3427/3427
f 3416/3416/3416 3417/3417/3417 3428/3428/3428
f 3417/3417/3417 3429/3429/3429 3428/3428/3428
f 3417/3417/3417 3418/3418/3418 3429/3429/3429
f 3418/3418/3418 3430/3430/3430 3429/3429/3429
f 3418/3418/3418 3419/3419/3419 3430/3430/3430
f 3419/3419/3419 3431/3431/3431 3430/3430/3430
f 3419/3419/3419 3420/3420/3420 3431/3431/3431
f 3420/3420/3420 3432/3432/3432 3431/3431/3431
f 3420/3420/3420 3421/3421/3421 3432/3432/3432
f 3421/3421/3421 3433/3433/3433 3432/3432/3432
f 3421/3421/3421 3422/3422/3422 3433/3433/3433
f 3422/3422/3422 3434/3434/3434 3433/3433/3433
f 3422/3422/3422 3423/3423/3423 3434/3434/3434
f 3423/3423/3423 3435/3435/3435 3434/3434/3434
f 3423/3423/3423 3424/3424/3424 3435/3435/3435
f 3425/3425/3425 3437/3437/3437 3436/3436/3436
f 3425/3425/3425 3426/3426/3426 3437/3437/3437
f 3426/3426/3426 3438/3438/3438 3437/3437/3437
f 3426/3426/3426 3427/3427/3427 3438/3438/3438
f 3427/3427/3427 3439/3439/3439 3438/3438/3438
f 3427/3427/3427 3428/3428/3428 3439/3439/3439
f 3428/3428/3428 3440/3440/3440 3439/3439/3439
f 3428/3428/3428 3429/3429/3429 3440/3440/3440
f 3429/3429/3429 3441/3441/3441 3440/3440/3440
f 3429/3429/3429 3430/3430/3430 3441/3441/3441
f 3430/3430/3430 3442/3442/3442 3441/3441/3441
f 3430/3430/3430 3431/3431/3431 3442/3442/3442
f 3431/3431/3431 3443/3443/3443 3442/3442/3442
f 3431/3431/3431 3432/3432/3432 3443/3443/3443
f 3432/3432/3432 3444/3444/3444 3443/3443/3443
f 3432/3432/3432 3433/3433/3433 3444/3444/3444
f 3433/3433/3433 3445/3445/3445 3444/3444/3444
f 3433/3433/3433 3434/3434/3434 3445/3445/3445
f 3434/3434/3434 3446/3446/3446 3445/3445/3445
f 3434/3434/3434 3435/3435/3435 3446/3446/3446
f 3436/3436/3436 3448/3448/3448 3447/3447/3447
f 3436/3436/3436 3437/3437/3437 3448/3448/3448
f 3437/3437/3437 3449/3449/3449 3448/3448/3448
f 3437/3437/3437 3438/3438/3438 3449/3449/3449
f 3438/3438/3438 3450/3450/3450 3449/3449/3449
f 3438/3438/3438 3439/3439/3439 3450/3450/3450
f 3439/3439/3439 3451/3451/3451 3450/3450/3450
f 3439/3439/3439 3440/3440/3440 3451/3451/3451
f 3440/3440/3440 3452/3452/3452 3451/3451/3451
f 3440/3440/3440 3441/3441/3441 3452/3452/3452
f 3441/3441/3441 3453/3453/3453 3452/3452/3452
f 3441/3441/3441 3442/3442/3442 3453/3453/3453
f 3442/3442/3442 3454/3454/3454 3453/3453/3453
f 3442/3442/3442 3443/3443/3443 3454/3454/3454
f 3443/3443/3443 3455/3455/3455 3454/3454/3454
f 3443/3443/3443 3444/3444/3444 3455/3455/3455
f 3444/3444/3444 3456/3456/3456 3455/3455/3455
f 3444/3444/3444 3445/3445/3445 3456/3456/3456
f 3445/3445/3445 3457/3457/3457 3456/3456/3456
f 3445/3445/3445 3446/3446/3446 3457/3457/3457
f 3447/3447/3447 3459/3459/3459 3458/3458/3458
f 3447/3447/3447 3448/3448/3448 3459/3459/3459
f 3448/3448/3448 3460/3460/3460 3459/3459/3459
f 3448/3448/3448 3449/3449/3449 3460/3460/3460
f 3449/3449/3449 3461/3461/3461 3460/3460/3460
f 3449/3449/3449 3450/3450/3450 3461/3461/3461
f 3450/3450/3450 3462/3462/3462 3461/3461/3461
f 3450/3450/3450 3451/3451/3451 3462/3462/3462
f 3451/3451/3451 3463/3463/3463 3462/3462/3462
f 3451/3451/3451 3452/3452/3452 3463/3463/3463
f 3452/3452/3452 3464/3464/3464 3463/3463/3463
f 3452/3452/3452 3453/3453/3453 3464/3464/3464
f 3453/3453/3453 3465/3465/3465 3464/3464/3464
f 3453/3453/3453 3454/3454/3454 3465/3465/3465
f 3454/3454/3454 3466/3466/3466 3465/3465/3465
f 3454/3454/3454 3455/3455/3455 3466/3466/3466
f 3455/3455/3455 3467/3467/3467 3466/3466/3466
f 3455/3455/3455 3456/3456/3456 3467/3467/3467
f 3456/3456/3456 3468/3468/3468 3467/3467/3467
f 3456/3456/3456 3457/3457/3457 3468/3468/3468
f 3458/3458/3458 3470/3470/3470 3469/3469/3469
f 3458/3458/3458 3459/3459/3459 3470/3470/3470
f 3459/3459/3459 3471/3471/3471 3470/3470/3470
f 3459/3459/3459 3460/3460/3460 3471/3471/3471
f 3460/3460/3460 3472/3472/3472 3471/3471/3471
f 3460/3460/3460 3461/3461/3461 3472/3472/3472
f 3461/3461/3461 3473/3473/3473 3472/3472/3472
f 3461/3461/3461 3462/3462/3462 3473/3473/3473
f 3462/3462/3462 3474/3474/3474 3473/3473/3473
f 3462/3462/3462 3463/3463/3463 3474/3474/3474
f 3463/3463/3463 3475/3475/3475 3474/3474/3474
f 3463/3463/3463 3464/3464/3464 3475/3475/3475
f 3464/3464/3464 3476/3476/3476 3475/3475/3475
f 3464/3464/3464 3465/3465/3465 3476/3476/3476
f 3465/3465/3465 3477/3477/3477 3476/3476/3476
f 3465/3465/3465 3466/3466/3466 3477/3477/3477
f 3466/3466/3466 3478/3478/3478 3477/3477/3477
f 3466/3466/3466 3467/3467/3467 3478/3478/3478
f 3467/3467/3467 3479/3479/3479 3478/3478/3478
f 3467/3467/3467 3468/3468/3468 3479/3479/3479
f 3469/3469/3469 3481/3481/3481 3480/3480/3480
f 3469/3469/3469 3470/3470/3470 3481/3481/3481
f 3470/3470/3470 3482/3482/3482 3481/3481/3481
f 3470/3470/3470 3471/3471/3471 3482/3482/3482
f 3471/3471/3471 3483/3483/3483 3482/3482/3482
f 3471/3471/3471 3472/3472/3472 3483/3483/3483
f 3472/3472/3472 3484/3484/3484 3483/3483/3483
f 3472/3472/3472 3473/3473/3473 3484/3484/3484
f 3473/3473/3473 3485/3485/3485 3484/3484/3484
f 3473/3473/3473 3474/3474/3474 3485/3485/3485
f 3474/3474/3474 3486/3486/3486 3485/3485/3485
f 3474/3474/3474 3475/3475/3475 3486/3486/3486
f 3475/3475/3475 3487/3487/3487 3486/3486/3486
f 3475/3475/3475 3476/3476/3476 3487/3487/3487
f 3476/3476/3476 3488/3488/3488 3487/3487/3487
f 3476/3476/3476 3477/3477/3477 3488/3488/3488
f 3477/3477/3477 3489/3489/3489 3488/3488/3488
f 3477/3477/3477 3478/3478/3478 3489/3489/3489
f 3478/3478/3478 3490/3490/3490 3489/3489/3489
f 3478/3478/3478 3479/3479/3479 3490/3490/3490
f 3480/3480/3480 3492/3492/3492 3491/3491/3491
f 3480/3480/3480 3481/3481/3481 3492/3492/3492
f 3481/3481/3481 3493/3493/3493 3492/3492/3492
f 3481/3481/3481 3482/3482/3482 3493/3493/3493
f 3482/3482/3482 3494/3494/3494 3493/3493/3493
f 3482/3482/3482 3483/3483/3483 3494/3494/3494
f 3483/3483/3483 3495/3495/3495 3494/3494/3494
f 3483/3483/3483 3484/3484/3484 3495/3495/3495
f 3484/3484/3484 3496/3496/3496 3495/3495/3495
f 3484/3484/3484 3485/3485/3485 3496/3496/3496
f 3485/3485/3485 3497/3497/3497 3496/3496/3496
f 3485/3485/3485 3486/3486/3486 3497/3497/3497
f 3486/3486/3486 3498/3498/3498 3497/3497/3497
f 3486/3486/3486 3487/3487/3487 3498/3498/3498
f 3487/3487/3487 3499/3499/3499 3498/3498/3498
f 3487/3487/3487 3488/3488/3488 3499/3499/3499
f 3488/3488/3488 3500/3500/3500 3499/3499/3499
f 3488/3488/3488 3489/3489/3489 3500/3500/3500
f 3489/3489/3489 3501/3501/3501 3500/3500/3500
f 3489/3489/3489 3490/3490/3490 3501/3501/3501
f 3491/3491/3491 3503/3503/3503 3502/3502/3502
f 3491/3491/3491 3492/3492/3492 3503/3503/3503
f 3492/3492/3492 3504/3504/3504 3503/3503/3503
f 3492/3492/3492 3493/3493/3493 3504/3504/3504
f 3493/3493/3493 3505/3505/3505 3504/3504/3504
f 3493/3493/3493 3494/3494/3494 3505/3505/3505
f 3494/3494/3494 3506/3506/3506 3505/3505/3505
f 3494/3494/3494 3495/3495/3495 3506/3506/3506
f 3495/3495/3495 3507/3507/3507 3506/3506/3506
f 3495/3495/3495 3496/3496/3496 3507/3507/3507
f 3496/3496/3496 3508/3508/3508 3507/3507/3507
f 3496/3496/3496 3497/3497/3497 3508/3508/3508
f 3497/3497/3497 3509/3509/3509 3508/3508/3508
f 3497/3497/3497 3498/3498/3498 3509/3509/3509
f 3498/3498/3498 3510/3510/3510 3509/3509/3509
f 3498/3498/3498 3499/3499/3499 3510/3510/3510
f 3499/3499/3499 3511/3511/3511 3510/3510/3510
f 3499/3499/3499 3500/3500/3500 3511/3511/3511
f 3500/3500/3500 3512/3512/3512 3511/3511/3511
f 3500/3500/3500 3501/3501/3501 3512/3512/3512
f 3513/3513/3513 3521/3521/3521 3514/3514/3514
f 3513/3513/3513 3520/3520/3520 3521/3521/3521
f 3527/3527/3527 3513/3513/3513 3514/3514/3514
f 3528/3528/3528 3521/3521/3521 3520/3520/3520
f 3514/3514/3514 3522/3522/3522 3515/3515/3515
f 3514/3514/3514 3521/3521/3521 3522/3522/3522
f 3527/3527/3527 3514/3514/3514 3515/3515/3515
f 3528/3528/3528 3522/3522/3522 3521/3521/3521
f 3515/3515/3515 3523/3523/3523 3516/3516/3516
f 3515/3515/3515 3522/3522/3522 3523/3523/3523
f 3527/3527/3527 3515/3515/3515 3516/3516/3516
f 3528/3528/3528 3523/3523/3523 3522/3522/3522
f 3516/3516/3516 3524/3524/3524 3517/3517/3517
f 3516/3516/3516 3523/3523/3523 3524/3524/3524
f 3527/3527/3527 3516/3516/3516 3517/3517/3517
f 3528/3528/3528 3524/3524/3524 3523/3523/3523
f 3517/3517/3517 3525/3525/3525 3518/3518/3518
f 3517/3517/3517 3524/3524/3524 3525/3525/3525
f 3527/3527/3527 3517/3517/3517 3518/3518/3518
f 3528/3528/3528 3525/3525/3525 3524/3524/3524
f 3518/3518/3518 3526/3526/3526 3519/3519/3519
f 3518/3518/3518 3525/3525/3525 3526/3526/3526
f 3527/3527/3527 3518/3518/3518 3519/3519/3519
f 3528/3528/3528 3526/3526/3526 3525/3525/3525
f 3519/3519/3519 3520/3520/3520 3513/3513/3513
f 3519/3519/3519 3526/3526/3526 3520/3520/3520
f 3527/3527/3527 3519/3519/3519 3513/3513/3513
f 3528/3528/3528 3520/3520/3520 3526/3526/3526
f 3529/3529/3529 3541/3541/3541 3540/3540/3540
f 3529/3529/3529 3530/3530/3530 3541/3541/3541
f 3530/3530/3530 3542/3542/3542 3541/3541/3541
f 3530/3530/3530 3531/3531/3531 3542/3542/3542
f 3531/3531/3531 3543/3543/3543 3542/3542/3542
f 3531/3531/3531 3532/3532/3532 3543/3543/3543
f 3532/3532/3532 3544/3544/3544 3543/3543/3543
f 3532/3532/3532 3533/3533/3533 3544/3544/3544
f 3533/3533/3533 3545/3545/3545 3544/3544/3544
f 3533/3533/3533 3534/3534/3534 3545/3545/3545
f 3534/3534/3534 3546/3546/3546 3545/3545/3545
f 3534/3534/3534 3535/3535/3535 3546/3546/3546
f 3535/3535/3535 3547/3547/3547 3546/3546/3546
f 3535/3535/3535 3536/3536/3536 3547/3547/3547
f 3536/3536/3536 3548/3548/3548 3547/3547/3547
f 3536/3536/3536 3537/3537/3537 3548/3548/3548
f 3537/3537/3537 3549/3549/3549 3548/3548/3548
f 3537/3537/3537 3538/3538/3538 3549/3549/3549
f 3538/3538/3538 3550/3550/3550 3549/3549/3549
f 3538/3538/3538 3539/3539/3539 3550/3550/3550
f 3540/3540/3540 3552/3552/3552 3551/3551/3551
f 3540/3540/3540 3541/3541/3541 3552/3552/3552
f 3541/3541/3541 3553/3553/3553 3552/3552/3552
f 3541/3541/3541 3542/3542/3542 3553/3553/3553
f 3542/3542/3542 3554/3554/3554 3553/3553/3553
f 3542/3542/3542 3543/3543/3543 3554/3554/3554
f 3543/3543/3543 3555/3555/3555 3554/3554/3554
f 3543/3543/3543 3544/3544/3544 3555/3555/3555
f 3544/3544/3544 3556/3556/3556 3555/3555/3555
f 3544/3544/3544 3545/3545/3545 3556/3556/3556
f 3545/3545/3545 3557/3557/3557 3556/3556/3556
f 3545/3545/3545 3546/3546/3546 3557/3557/3557
f 3546/3546/3546 3558/3558/3558 3557/3557/3557
f 3546/3546/3546 3547/3547/3547 3558/3558/3558
f 3547/3547/3547 3559/3559/3559 3558/3558/3558
f 3547/3547/3547 3548/3548/3548 3559/3559/3559
f 3548/3548/3548 3560/3560/3560 3559/3559/3559
f 3548/3548/3548 3549/3549/3549 3560/3560/3560
f 3549/3549/3549 3561/3561/3561 3560/3560/3560
f 3549/3549/3549 3550/3550/3550 3561/3561/3561
f 3551/3551/3551 3563/3563/3563 3562/3562/3562
f 3551/3551/3551 3552/3552/3552 3563/3563/3563
f 3552/3552/3552 3564/3564/3564 3563/3563/3563
f 3552/3552/3552 3553/3553/3553 3564/3564/3564
f 3553/3553/3553 3565/3565/3565 3564/3564/3564
f 3553/3553/3553 3554/3554/3554 3565/3565/3565
f 3554/3554/3554 3566/3566/3566 3565/3565/3565
f 3554/3554/3554 3555/3555/3555 3566/3566/3566
f 3555/3555/3555 3567/3567/3567 3566/3566/3566
f 3555/3555/3555 3556/3556/3556 3567/3567/3567
f 3556/3556/3556 3568/3568/3568 3567/3567/3567
f 3556/3556/3556 3557/3557/3557 3568/3568/3568
f 3557/3557/3557 3569/3569/3569 3568/3568/3568
f 3557/3557/3557 3558/3558/3558 3569/3569/3569
f 3558/3558/3558 3570/3570/3570 3569/3569/3569
f 3558/3558/3558 3559/3559/3559 3570/3570/3570
f 3559/3559/3559 3571/3571/3571 3570/3570/3570
f 3559/3559/3559 3560/3560/3560 3571/3571/3571
f 3560/3560/3560 3572/3572/3572 3571/3571/3571
f 3560/3560/3560 3561/3561/3561 3572/3572/3572
f 3562/3562/3562 3574/3574/3574 3573/3573/3573
f 3562/3562/3562 3563/3563/3563 3574/3574/3574
f 3563/3563/3563 3575/3575/3575 3574/3574/3574
f 3563/3563/3563 3564/3564/3564 3575/3575/3575
f 3564/3564/3564 3576/3576/3576 3575/3575/3575
f 3564/3564/3564 3565/3565/3565 3576/3576/3576
f 3565/3565/3565 3577/3577/3577 3576/3576/3576
f 3565/3565/3565 3566/3566/3566 3577/3577/3577
f 3566/3566/3566 3578/3578/3578 3577/3577/3577
f 3566/3566/3566 3567/3567/3567 3578/3578/3578
f 3567/3567/3567 3579/3579/3579 3578/3578/3578
f 3567/3567/3567 3568/3568/3568 3579/3579/3579
f 3568/3568/3568 3580/3580/3580 3579/3579/3579
f 3568/3568/3568 3569/3569/3569 3580/3580/3580
f 3569/3569/3569 3581/3581/3581 3580/3580/3580
f 3569/3569/3569 3570/3570/3570 3581/3581/3581
f 3570/3570/3570 3582/3582/3582 3581/3581/3581
f 3570/3570/3570 3571/3571/3571 3582/3582/3582
f 3571/3571/3571 3583/3583/3583 3582/3582/3582
f 3571/3571/3571 3572/3572/3572 3583/3583/3583
f 3573/3573/3573 3585/3585/3585 3584/3584/3584
f 3573/3573/3573 3574/3574/3574 3585/3585/3585
f 3574/3574/3574 3586/3586/3586 3585/3585/3585
f 3574/3574/3574 3575/3575/3575 3586/3586/3586
f 3575/3575/3575 3587/3587/3587 3586/3586/3586
f 3575/3575/3575 3576/3576/3576 3587/3587/3587
f 3576/3576/3576 3588/3588/3588 3587/3587/3587
f 3576/3576/3576 3577/3577/3577 3588/3588/3588
f 3577/3577/3577 3589/3589/3589 3588/3588/3588
f 3577/3577/3577 3578/3578/3578 3589/3589/3589
f 3578/3578/3578 3590/3590/3590 3589/3589/3589
f 3578/3578/3578 3579/3579/3579 3590/3590/3590
f 3579/3579/3579 3591/3591/3591 3590/3590/3590
f 3579/3579/3579 3580/3580/3580 3591/3591/3591
f 3580/3580/3580 3592/3592/3592 3591/3591/3591
f 3580/3580/3580 3581/3581/3581 3592/3592/3592
f 3581/3581/3581 3593/3593/3593 3592/3592/3592
f 3581/3581/3581 3582/3582/3582 3593/3593/3593
f 3582/3582/3582 3594/3594/3594 3593/3593/3593
f 3582/3582/3582 3583/3583/3583 3594/3594/3594
f 3584/3584/3584 3596/3596/3596 3595/3595/3595
f 3584/3584/3584 3585/3585/3585 3596/3596/3596
f 3585/3585/3585 3597/3597/3597 3596/3596/3596
f 3585/3585/3585 3586/3586/3586 3597/3597/3597
f 3586/3586/3586 3598/3598/3598 3597/3597/3597
f 3586/3586/3586 3587/3587/3587 3598/3598/3598
f 3587/3587/3587 3599/3599/3599 3598/3598/3598
f 3587/3587/3587 3588/3588/3588 3599/3599/3599
f 3588/3588/3588 3600/3600/3600 3599/3599/3599
f 3588/3588/3588 3589/3589/3589 3600/3600/3600
f 3589/3589/3589 3601/3601/3601 3600/3600/3600
f 3589/3589/3589 3590/3590/3590 3601/3601/3601
f 3590/3590/3590 3602/3602/3602 3601/3601/3601
f 3590/3590/3590 3591/3591/3591 3602/3602/3602
f 3591/3591/3591 3603/3603/3603 3602/3602/3602
f 3591/3591/3591 3592/3592/3592 3603/3603/3603
f 3592/3592/3592 3604/3604/3604 3603/3603/3603
f 3592/3592/3592 3593/3593/3593 3604/3604/3604
f 3593/3593/3593 3605/3605/3605 3604/3604/3604
f 3593/3593/3593 3594/3594/3594 3605/3605/3605
f 3595/3595/3595 3607/3607/3607 3606/3606/3606
f 3595/3595/3595 3596/3596/3596 3607/3607/3607
f 3596/3596/3596 3608/3608/3608 3607/3607/3607
f 3596/3596/3596 3597/3597/3597 3608/3608/3608
f 3597/3597/3597 3609/3609/3609 3608/3608/3608
f 3597/3597/3597 3598/3598/3598 3609/3609/3609
f 3598/3598/3598 3610/3610/3610 3609/3609/3609
f 3598/3598/3598 3599/3599/3599 3610/3610/3610
f 3599/3599/3599 3611/3611/3611 3610/3610/3610
f 3599/3599/3599 3600/3600/3600 3611/3611/3611
f 3600/3600/3600 3612/3612/3612 3611/3611/3611
f 3600/3600/3600 3601/3601/3601 3612/3612/3612
f 3601/3601/3601 3613/3613/3613 3612/3612/3612
f 3601/3601/3601 3602/3602/3602 3613/3613/3613
f 3602/3602/3602 3614/3614/3614 3613/3613/3613
f 3602/3602/3602 3603/3603/3603 3614/3614/3614
f 3603/3603/3603 3615/3615/3615 3614/3614/3614
f 3603/3603/3603 3604/3604/3604 3615/3615/3615
f 3604/3604/3604 3616/3616/3616 3615/3615/3615
f 3604/3604/3604 3605/3605/3605 3616/3616/3616
f 3606/3606/3606 3618/3618/3618 3617/3617/3617
f 3606/3606/3606 3607/3607/3607 3618/3618/3618
f 3607/3607/3607 3619/3619/3619 3618/3618/3618
f 3607/3607/3607 3608/3608/3608 3619/3619/3619
f 3608/3608/3608 3620/3620/3620 3619/3619/3619
f 3608/3608/3608 3609/3609/3609 3620/3620/3620
f 3609/3609/3609 3621/3621/3621 3620/3620/3620
f 3609/3609/3609 3610/3610/3610 3621/3621/3621
f 3610/3610/3610 3622/3622/3622 3621/3621/3621
f 3610/3610/3610 3611/3611/3611 3622/3622/3622
f 3611/3611/3611 3623/3623/3623 3622/3622/3622
f 3611/3611/3611 3612/3612/3612 3623/3623/3623
f 3612/3612/3612 3624/3624/3624 3623/3623/3623
f 3612/3612/3612 3613/3613/3613 3624/3624/3624
f 3613/3613/3613 3625/3625/3625 3624/3624/3624
f 3613/3613/3613 3614/3614/3614 3625/3625/3625
f 3614/3614/3614 3626/3626/3626 3625/3625/3625
f 3614/3614/3614 3615/3615/3615 3626/3626/3626
f 3615/3615/3615 3627/3627/3627 3626/3626/3626
f 3615/3615/3615 3616/3616/3616 3627/3627/3627
f 3628/3628/3628 3636/3636/3636 3629/3629/3629
f 3628/3628/3628 3635/3635/3635 3636/3636/3636
f 3642/3642/3642 3628/3628/3628 3629/3629/3629
f 3643/3643/3643 3636/3636/3636 3635/3635/3635
f 3629/3629/3629 3637/3637/3637 3630/3630/3630
f 3629/3629/3629 3636/3636/3636 3637/3637/3637
f 3642/3642/3642 3629/3629/3629 3630/3630/3630
f 3643/3643/3643 3637/3637/3637 3636/3636/3636
f 3630/3630/3630 3638/3638/3638 3631/3631/3631
f 3630/3630/3630 3637/3637/3637 3638/3638/3638
f 3642/3642/3642 3630/3630/3630 3631/3631/3631
f 3643/3643/3643 3638/3638/3638 3637/3637/3637
f 3631/3631/3631 3639/3639/3639 3632/3632/3632
f 3631/3631/3631 3638/3638/3638 3639/3639/3639
f 3642/3642/3642 3631/3631/3631 3632/3632/3632
f 3643/3643/3643 3639/3639/3639 3638/3638/3638
f 3632/3632/3632 3640/3640/3640 3633/3633/3633
f 3632/3632/3632 3639/3639/3639 3640/3640/3640
f 3642/3642/3642 3632/3632/3632 3633/3633/3633
f 3643/3643/3643 3640/3640/3640 3639/3639/3639
f 3633/3633/3633 3641/3641/3641 3634/3634/3634
f 3633/3633/3633 3640/3640/3640 3641/3641/3641
f 3642/3642/3642 3633/3633/3633 3634/3634/3634
f 3643/3643/3643 3641/3641/3641 3640/3640/3640
f 3634/3634/3634 3635/3635/3635 3628/3628/3628
f 3634/3634/3634 3641/3641/3641 3635/3635/3635
f 3642/3642/3642 3634/3634/3634 3628/3628/3628
f 3643/3643/3643 3635/3635/3635 3641/3641/3641
f 3644/3644/3644 3656/3656/3656 3655/3655/3655
f 3644/3644/3644 3645/3645/3645 3656/3656/3656
f 3645/3645/3645 3657/3657/3657 3656/3656/3656
f 3645/3645/3645 3646/3646/3646 3657/3657/3657
f 3646/3646/3646 3658/3658/3658 3657/3657/3657
f 3646/3646/3646 3647/3647/3647 3658/3658/3658
f 3647/3647/3647 3659/3659/3659 3658/3658/3658
f 3647/3647/3647 3648/3648/3648 3659/3659/3659
f 3648/3648/3648 3660/3660/3660 3659/3659/3659
f 3648/3648/3648 3649/3649/3649 3660/3660/3660
f 3649/3649/3649 3661/3661/3661 3660/3660/3660
f 3649/3649/3649 3650/3650/3650 3661/3661/3661
f 3650/3650/3650 3662/3662/3662 3661/3661/3661
f 3650/3650/3650 3651/3651/3651 3662/3662/3662
f 3651/3651/3651 3663/3663/3663 3662/3662/3662
f 3651/3651/3651 3652/3652/3652 3663/3663/3663
f 3652/3652/3652 3664/3664/3664 3663/3663/3663
f 3652/3652/3652 3653/3653/3653 3664/3664/3664
f 3653/3653/3653 3665/3665/3665 3664/3664/3664
f 3653/3653/3653 3654/3654/3654 3665/3665/3665
f 3655/3655/3655 3667/3667/3667 3666/3666/3666
f 3655/3655/3655 3656/3656/3656 3667/3667/3667
f 3656/3656/3656 3668/3668/3668 3667/3667/3667
f 3656/3656/3656 3657/3657/3657 3668/3668/3668
f 3657/3657/3657 3669/3669/3669 3668/3668/3668
f 3657/3657/3657 3658/3658/3658 3669/3669/3669
f 3658/3658/3658 3670/3670/3670 3669/3669/3669
f 3658/3658/3658 3659/3659/3659 3670/3670/3670
f 3659/3659/3659 3671/3671/3671 3670/3670/3670
f 3659/3659/3659 3660/3660/3660 3671/3671/3671
f 3660/3660/3660 3672/3672/3672 3671/3671/3671
f 3660/3660/3660 3661/3661/3661 3672/3672/3672
f 3661/3661/3661 3673/3673/3673 3672/3672/3672
f 3661/3661/3661 3662/3662/3662 3673/3673/3673
f 3662/3662/3662 3674/3674/3674 3673/3673/3673
f 3662/3662/3662 3663/3663/3663 3674/3674/3674
f 3663/3663/3663 3675/3675/3675 3674/3674/3674
f 3663/3663/3663 3664/3664/3664 3675/3675/3675
f 3664/3664/3664 3676/3676/3676 3675/3675/3675
f 3664/3664/3664 3665/3665/3665 3676/3676/3676
f 3666/3666/3666 3678/3678/3678 3677/3677/3677
f 3666/3666/3666 3667/3667/3667 3678/3678/3678
f 3667/3667/3667 3679/3679/3679 3678/3678/3678
f 3667/3667/3667 3668/3668/3668 3679/3679/3679
f 3668/3668/3668 3680/3680/3680 3679/3679/3679
f 3668/3668/3668 3669/3669/3669 3680/3680/3680
f 3669/3669/3669 3681/3681/3681 3680/3680/3680
f 3669/3669/3669 3670/3670/3670 3681/3681/3681
f 3670/3670/3670 3682/3682/3682 3681/3681/3681
f 3670/3670/3670 3671/3671/3671 3682/3682/3682
f 3671/3671/3671 3683/3683/3683 3682/3682/3682
f 3671/3671/3671 3672/3672/3672 3683/3683/3683
f 3672/3672/3672 3684/3684/3684 3683/3683/3683
f 3672/3672/3672 3673/3673/3673 3684/3684/3684
f 3673/3673/3673 3685/3685/3685 3684/3684/3684
f 3673/3673/3673 3674/3674/3674 3685/3685/3685
f 3674/3674/3674 3686/3686/3686 3685/3685/3685
f 3674/3674/3674 3675/3675/3675 3686/3686/3686
f 3675/3675/3675 3687/3687/3687 3686/3686/3686
f 3675/3675/3675 3676/3676/3676 3687/3687/3687
f 3677/3677/3677 3689/3689/3689 3688/3688/3688
f 3677/3677/3677 3678/3678/3678 3689/3689/3689
f 3678/3678/3678 3690/3690/3690 3689/3689/3689
f 3678/3678/3678 3679/3679/3679 3690/3690/3690
f 3679/3679/3679 3691/3691/3691 3690/3690/3690
f 3679/3679/3679 3680/3680/3680 3691/3691/3691
f 3680/3680/3680 3692/3692/3692 3691/3691/3691
f 3680/3680/3680 3681/3681/3681 3692/3692/3692
f 3681/3681/3681 3693/3693/3693 3692/3692/3692
f 3681/3681/3681 3682/3682/3682 3693/3693/3693
f 3682/3682/3682 3694/3694/3694 3693/3693/3693
f 3682/3682/3682 3683/3683/3683 3694/3694/3694
f 3683/3683/3683 3695/3695/3695 3694/3694/3694
f 3683/3683/3683 3684/3684/3684 3695/3695/3695
f 3684/3684/3684 3696/3696/3696 3695/3695/3695
f 3684/3684/3684 3685/3685/3685 3696/3696/3696
f 3685/3685/3685 3697/3697/3697 3696/3696/3696
f 3685/3685/3685 3686/3686/3686 3697/3697/3697
f 3686/3686/3686 3698/3698/3698 3697/3697/3697
f 3686/3686/3686 3687/3687/3687 3698/3698/3698
f 3688/3688/3688 3700/3700/3700 3699/3699/3699
f 3688/3688/3688 3689/3689/3689 3700/3700/3700
f 3689/3689/3689 3701/3701/3701 3700/3700/3700
f 3689/3689/3689 3690/3690/3690 3701/3701/3701
f 3690/3690/3690 3702/3702/3702 3701/3701/3701
f 3690/3690/3690 3691/3691/3691 3702/3702/3702
f 3691/3691/3691 3703/3703/3703 3702/3702/3702
f 3691/3691/3691 3692/3692/3692 3703/3703/3703
f 3692/3692/3692 3704/3704/3704 3703/3703/3703
f 3692/3692/3692 3693/3693/3693 3704/3704/3704
f 3693/3693/3693 3705/3705/3705 3704/3704/3704
f 3693/3693/3693 3694/3694/3694 3705/3705/3705
f 3694/3694/3694 3706/3706/3706 3705/3705/3705
f 3694/3694/3694 3695/3695/3695 3706/3706/3706
f 3695/3695/3695 3707/3707/3707 3706/3706/3706
f 3695/3695/3695 3696/3696/3696 3707/3707/3707
f 3696/3696/3696 3708/3708/3708 3707/3707/3707
f 3696/3696/3696 3697/3697/3697 3708/3708/3708
f 3697/3697/3697 3709/3709/3709 3708/3708/3708
f 3697/3697/3697 3698/3698/3698 3709/3709/3709
f 3699/3699/3699 3711/3711/3711 3710/3710/3710
f 3699/3699/3699 3700/3700/3700 3711/3711/3711
f 3700/3700/3700 3712/3712/3712 3711/3711/3711
f 3700/3700/3700 3701/3701/3701 3712/3712/3712
f 3701/3701/3701 3713/3713/3713 3712/3712/3712
f 3701/3701/3701 3702/3702/3702 3713/3713/3713
f 3702/3702/3702 3714/3714/3714 3713/3713/3713
f 3702/3702/3702 3703/3703/3703 3714/3714/3714
f 3703/3703/3703 3715/3715/3715 3714/3714/3714
f 3703/3703/3703 3704/3704/3704 3715/3715/3715
f 3704/3704/3704 3716/3716/3716 3715/3715/3715
f 3704/3704/3704 3705/3705/3705 3716/3716/3716
f 3705/3705/3705 3717/3717/3717 3716/3716/3716
f 3705/3705/3705 3706/3706/3706 3717/3717/3717
f 3706/3706/3706 3718/3718/3718 3717/3717/3717
f 3706/3706/3706 3707/3707/3707 3718/3718/3718
f 3707/3707/3707 3719/3719/3719 3718/3718/3718
f 3707/3707/3707 3708/3708/3708 3719/3719/3719
f 3708/3708/3708 3720/3720/3720 3719/3719/3719
f 3708/3708/3708 3709/3709/3709 3720/3720/3720
f 3710/3710/3710 3722/3722/3722 3721/3721/3721
f 3710/3710/3710 3711/3711/3711 3722/3722/3722
f 3711/3711/3711 3723/3723/3723 3722/3722/3722
f 3711/3711/3711 3712/3712/3712 3723/3723/3723
f 3712/3712/3712 3724/3724/3724 3723/3723/3723
f 3712/3712/3712 3713/3713/3713 3724/3724/3724
f 3713/3713/3713 3725/3725/3725 3724/3724/3724
f 3713/3713/3713 3714/3714/3714 3725/3725/3725
f 3714/3714/3714 3726/3726/3726 3725/3725/3725
f 3714/3714/3714 3715/3715/3715 3726/3726/3726
f 3715/3715/3715 3727/3727/3727 3726/3726/3726
f 3715/3715/3715 3716/3716/3716 3727/3727/3727
f 3716/3716/3716 3728/3728/3728 3727/3727/3727
f 3716/3716/3716 3717/3717/3717 3728/3728/3728
f 3717/3717/3717 3729/3729/3729 3728/3728/3728
f 3717/3717/3717 3718/3718/3718 3729/3729/3729
f 3718/3718/3718 3730/3730/3730 3729/3729/3729
f 3718/3718/3718 3719/3719/3719 3730/3730/3730
f 3719/3719/3719 3731/3731/3731 3730/3730/3730
f 3719/3719/3719 3720/3720/3720 3731/3731/3731
f 3721/3721/3721 3733/3733/3733 3732/3732/3732
f 3721/3721/3721 3722/3722/3722 3733/3733/3733
f 3722/3722/3722 3734/3734/3734 3733/3733/3733
f 3722/3722/3722 3723/3723/3723 3734/3734/3734
f 3723/3723/3723 3735/3735/3735 3734/3734/3734
f 3723/3723/3723 3724/3724/3724 3735/3735/3735
f 3724/3724/3724 3736/3736/3736 3735/3735/3735
f 3724/3724/3724 3725/3725/3725 3736/3736/3736
f 3725/3725/3725 3737/3737/3737 3736/3736/3736
f 3725/3725/3725 3726/3726/3726 3737/3737/3737
f 3726/3726/3726 3738/3738/3738 3737/3737/3737
f 3726/3726/3726 3727/3727/3727 3738/3738/3738
f 3727/3727/3727 3739/3739/3739 3738/3738/3738
f 3727/3727/3727 3728/3728/3728 3739/3739/3739
f 3728/3728/3728 3740/3740/3740 3739/3739/3739
f 3728/3728/3728 3729/3729/3729 3740/3740/3740
f 3729/3729/3729 3741/3741/3741 3740/3740/3740
f 3729/3729/3729 3730/3730/3730 3741/3741/3741
f 3730/3730/3730 3742/3742/3742 3741/3741/3741
f 3730/3730/3730 3731/3731/3731 3742/3742/3742
f 3743/3743/3743 3751/3751/3751 3744/3744/3744
f 3743/3743/3743 3750/3750/3750 3751/3751/3751
f 3757/3757/3757 3743/3743/3743 3744/3744/3744
f 3758/3758/3758 3751/3751/3751 3750/3750/3750
f 3744/3744/3744 3752/3752/3752 3745/3745/3745
f 3744/3744/3744 3751/3751/3751 3752/3752/3752
f 3757/3757/3757 3744/3744/3744 3745/3745/3745
f 3758/3758/3758 3752/3752/3752 3751/3751/3751
f 3745/3745/3745 3753/3753/3753 3746/3746/3746
f 3745/3745/3745 3752/3752/3752 3753/3753/3753
f 3757/3757/3757 3745/3745/3745 3746/3746/3746
f 3758/3758/3758 3753/3753/3753 3752/3752/3752
f 3746/3746/3746 3754/3754/3754 3747/3747/3747
f 3746/3746/3746 3753/3753/3753 3754/3754/3754
f 3757/3757/3757 3746/3746/3746 3747/3747/3747
f 3758/3758/3758 3754/3754/3754 3753/3753/3753
f 3747/3747/3747 3755/3755/3755 3748/3748/3748
f 3747/3747/3747 3754/3754/3754 3755/3755/3755
f 3757/3757/3757 3747/3747/3747 3748/3748/3748
f 3758/3758/3758 3755/3755/3755 3754/3754/3754
f 3748/3748/3748 3756/3756/3756 3749/3749/3749
f 3748/3748/3748 3755/3755/3755 3756/3756/3756
f 3757/3757/3757 3748/3748/3748 3749/3749/3749
f 3758/3758/3758 3756/3756/3756 3755/3755/3755
f 3749/3749/3749 3750/3750/3750 3743/3743/3743
f 3749/3749/3749 3756/3756/3756 3750/3750/3750
f 3757/3757/3757 3749/3749/3749 3743/3743/3743
f 3758/3758/3758 3750/3750/3750 3756/3756/3756
f 3759/3759/3759 3771/3771/3771 3770/3770/3770
f 3759/3759/3759 3760/3760/3760 3771/3771/3771
f 3760/3760/3760 3772/3772/3772 3771/3771/3771
f 3760/3760/3760 3761/3761/3761 3772/3772/3772
f 3761/3761/3761 3773/3773/3773 3772/3772/3772
f 3761/3761/3761 3762/3762/3762 3773/3773/3773
f 3762/3762/3762 3774/3774/3774 3773/3773/3773
f 3762/3762/3762 3763/3763/3763 3774/3774/3774
f 3763/3763/3763 3775/3775/3775 3774/3774/3774
f 3763/3763/3763 3764/3764/3764 3775/3775/3775
f 3764/3764/3764 3776/3776/3776 3775/3775/3775
f 3764/3764/3764 3765/3765/3765 3776/3776/3776
f 3765/3765/3765 3777/3777/3777 3776/3776/3776
f 3765/3765/3765 3766/3766/3766 3777/3777/3777
f 3766/3766/3766 3778/3778/3778 3777/3777/3777
f 3766/3766/3766 3767/3767/3767 3778/3778/3778
f 3767/3767/3767 3779/3779/3779 3778/3778/3778
f 3767/3767/3767 3768/3768/3768 3779/3779/3779
f 3768/3768/3768 3780/3780/3780 3779/3779/3779
f 3768/3768/3768 3769/3769/3769 3780/3780/3780
f 3770/3770/3770 3782/3782/3782 3781/3781/3781
f 3770/3770/3770 3771/3771/3771 3782/3782/3782
f 3771/3771/3771 3783/3783/3783 3782/3782/3782
f 3771/3771/3771 3772/3772/3772 3783/3783/3783
f 3772/3772/3772 3784/3784/3784 3783/3783/3783
f 3772/3772/3772 3773/3773/3773 3784/3784/3784
f 3773/3773/3773 3785/3785/3785 3784/3784/3784
f 3773/3773/3773 3774/3774/3774 3785/3785/3785
f 3774/3774/3774 3786/3786/3786 3785/3785/3785
f 3774/3774/3774 3775/3775/3775 3786/3786/3786
f 3775/3775/3775 3787/3787/3787 3786/3786/3786
f 3775/3775/3775 3776/3776/3776 3787/3787/3787
f 3776/3776/3776 3788/3788/3788 3787/3787/3787
f 3776/3776/3776 3777/3777/3777 3788/3788/3788
f 3777/3777/3777 3789/3789/3789 3788/3788/3788
f 3777/3777/3777 3778/3778/3778 3789/3789/3789
f 3778/3778/3778 3790/3790/3790 3789/3789/3789
f 3778/3778/3778 3779/3779/3779 3790/3790/3790
f 3779/3779/3779 3791/3791/3791 3790/3790/3790
f 3779/3779/3779 3780/3780/3780 3791/3791/3791
f 3781/3781/3781 3793/3793/3793 3792/3792/3792
f 3781/3781/3781 3782/3782/3782 3793/3793/3793
f 3782/3782/3782 3794/3794/3794 3793/3793/3793
f 3782/3782/3782 3783/3783/3783 3794/3794/3794
f 3783/3783/3783 3795/3795/3795 3794/3794/3794
f 3783/3783/3783 3784/3784/3784 3795/3795/3795
f 3784/3784/3784 3796/3796/3796 3795/3795/3795
f 3784/3784/3784 3785/3785/3785 3796/3796/3796
f 3785/3785/3785 3797/3797/3797 3796/3796/3796
f 3785/3785/3785 3786/3786/3786 3797/3797/3797
f 3786/3786/3786 3798/3798/3798 3797/3797/3797
f 3786/3786/3786 3787/3787/3787 3798/3798/3798
f 3787/3787/3787 3799/3799/3799 3798/3798/3798
f 3787/3787/3787 3788/3788/3788 3799/3799/3799
f 3788/3788/3788 3800/3800/3800 3799/3799/3799
f 3788/3788/3788 3789/3789/3789 3800/3800/3800
f 3789/3789/3789 3801/3801/3801 3800/3800/3800
f 3789/3789/3789 3790/3790/3790 3801/3801/3801
f 3790/3790/3790 3802/3802/3802 3801/3801/3801
f 3790/3790/3790 3791/3791/3791 3802/3802/3802
f 3792/3792/3792 3804/3804/3804 3803/3803/3803
f 3792/3792/3792 3793/3793/3793 3804/3804/3804
f 3793/3793/3793 3805/3805/3805 3804/3804/3804
f 3793/3793/3793 3794/3794/3794 3805/3805/3805
f 3794/3794/3794 3806/3806/3806 3805/3805/3805
f 3794/3794/3794 3795/3795/3795 3806/3806/3806
f 3795/3795/3795 3807/3807/3807 3806/3806/3806
f 3795/3795/3795 3796/3796/3796 3807/3807/3807
f 3796/3796/3796 3808/3808/3808 3807/3807/3807
f 3796/3796/3796 3797/3797/3797 3808/3808/3808
f 3797/3797/3797 3809/3809/3809 3808/3808/3808
f 3797/3797/3797 3798/3798/3798 3809/3809/3809
f 3798/3798/3798 3810/3810/3810 3809/3809/3809
f 3798/3798/3798 3799/3799/3799 3810/3810/3810
f 3799/3799/3799 3811/3811/3811 3810/3810/3810
f 3799/3799/3799 3800/3800/3800 3811/3811/3811
f 3800/3800/3800 3812/3812/3812 3811/3811/3811
f 3800/3800/3800 3801/3801/3801 3812/3812/3812
f 3801/3801/3801 3813/3813/3813 3812/3812/3812
f 3801/3801/3801 3802/3802/3802 3813/3813/3813
f 3803/3803/3803 3815/3815/3815 3814/3814/3814
f 3803/3803/3803 3804/3804/3804 3815/3815/3815
f 3804/3804/3804 3816/3816/3816 3815/3815/3815
f 3804/3804/3804 3805/3805/3805 3816/3816/3816
f 3805/3805/3805 3817/3817/3817 3816/3816/3816
f 3805/3805/3805 3806/3806/3806 3817/3817/3817
f 3806/3806/3806 3818/3818/3818 3817/3817/3817
f 3806/3806/3806 3807/3807/3807 3818/3818/3818
f 3807/3807/3807 3819/3819/3819 3818/3818/3818
f 3807/3807/3807 3808/3808/3808 3819/3819/3819
f 3808/3808/3808 3820/3820/3820 3819/3819/3819
f 3808/3808/3808 3809/3809/3809 3820/3820/3820
f 3809/3809/3809 3821/3821/3821 3820/3820/3820
f 3809/3809/3809 3810/3810/3810 3821/3821/3821
f 3810/3810/3810 3822/3822/3822 3821/3821/3821
f 3810/3810/3810 3811/3811/3811 3822/3822/3822
f 3811/3811/3811 3823/3823/3823 3822/3822/3822
f 3811/3811/3811 3812/3812/3812 3823/3823/3823
f 3812/3812/3812 3824/3824/3824 3823/3823/3823
f 3812/3812/3812 3813/3813/3813 3824/3824/3824
f 3814/3814/3814 3826/3826/3826 3825/3825/3825
f 3814/3814/3814 3815/3815/3815 3826/3826/3826
f 3815/3815/3815 3827/3827/3827 3826/3826/3826
f 3815/3815/3815 3816/3816/3816 3827/3827/3827
f 3816/3816/3816 3828/3828/3828 3827/3827/3827
f 3816/3816/3816 3817/3817/3817 3828/3828/3828
f 3817/3817/3817 3829/3829/3829 3828/3828/3828
f 3817/3817/3817 3818/3818/3818 3829/3829/3829
f 3818/3818/3818 3830/3830/3830 3829/3829/3829
f 3818/3818/3818 3819/3819/3819 3830/3830/3830
f 3819/3819/3819 3831/3831/3831 3830/3830/3830
f 3819/3819/3819 3820/3820/3820 3831/3831/3831
f 3820/3820/3820 3832/3832/3832 3831/3831/3831
f 3820/3820/3820 3821/3821/3821 3832/3832/3832
f 3821/3821/3821 3833/3833/3833 3832/3832/3832
f 3821/3821/3821 3822/3822/3822 3833/3833/3833
f 3822/3822/3822 3834/3834/3834 3833/3833/3833
f 3822/3822/3822 3823/3823/3823 3834/3834/3834
f 3823/3823/3823 3835/3835/3835 3834/3834/3834
f 3823/3823/3823 3824/3824/3824 3835/3835/3835
f 3825/3825/3825 3837/3837/3837 3836/3836/3836
f 3825/3825/3825 3826/3826/3826 3837/3837/3837
f 3826/3826/3826 3838/3838/3838 3837/3837/3837
f 3826/3826/3826 3827/3827/3827 3838/3838/3838
f 3827/3827/3827 3839/3839/3839 3838/3838/3838
f 3827/3827/3827 3828/3828/3828 3839/3839/3839
f 3828/3828/3828 3840/3840/3840 3839/3839/3839
f 3828/3828/3828 3829/3829/3829 3840/3840/3840
f 3829/3829/3829 3841/3841/3841 3840/3840/3840
f 3829/3829/3829 3830/3830/3830 3841/3841/3841
f 3830/3830/3830 3842/3842/3842 3841/3841/3841
f 3830/3830/3830 3831/3831/3831 3842/3842/3842
f 3831/3831/3831 3843/3843/3843 3842/3842/3842
f 3831/3831/3831 3832/3832/3832 3843/3843/3843
f 3832/3832/3832 3844/3844/3844 3843/3843/3843
f 3832/3832/3832 3833/3833/3833 3844/3844/3844
f 3833/3833/3833 3845/3845/3845 3844/3844/3844
f 3833/3833/3833 3834/3834/3834 3845/3845/3845
f 3834/3834/3834 3846/3846/3846 3845/3845/3845
f 3834/3834/3834 3835/3835/3835 3846/3846/3846
f 3836/3836/3836 3848/3848/3848 3847/3847/3847
f 3836/3836/3836 3837/3837/3837 3848/3848/3848
f 3837/3837/3837 3849/3849/3849 3848/3848/3848
f 3837/3837/3837 3838/3838/3838 3849/3849/3849
f 3838/3838/3838 3850/3850/3850 3849/3849/3849
f 3838/3838/3838 3839/3839/3839 3850/3850/3850
f 3839/3839/3839 3851/3851/3851 3850/3850/3850
f 3839/3839/3839 3840/3840/3840 3851/3851/3851
f 3840/3840/3840 3852/3852/3852 3851/3851/3851
f 3840/3840/3840 3841/3841/3841 3852/3852/3852
f 3841/3841/3841 3853/3853/3853 3852/3852/3852
f 3841/3841/3841 3842/3842/3842 3853/3853/3853
f 3842/3842/3842 3854/3854/3854 3853/3853/3853
f 3842/3842/3842 3843/3843/3843 3854/3854/3854
f 3843/3843/3843 3855/3855/3855 3854/3854/3854
f 3843/3843/3843 3844/3844/3844 3855/3855/3855
f 3844/3844/3844 3856/3856/3856 3855/3855/3855
f 3844/3844/3844 3845/3845/3845 3856/3856/3856
f 3845/3845/3845 3857/3857/3857 3856/3856/3856
f 3845/3845/3845 3846/3846/3846 3857/3857/3857
f 3858/3858/3858 3866/3866/3866 3859/3859/3859
f 3858/3858/3858 3865/3865/3865 3866/3866/3866
f 3872/3872/3872 3858/3858/3858 3859/3859/3859
f 3873/3873/3873 3866/3866/3866 3865/3865/3865
f 3859/3859/3859 3867/3867/3867 3860/3860/3860
f 3859/3859/3859 3866/3866/3866 3867/3867/3867
f 3872/3872/3872 3859/3859/3859 3860/3860/3860
f 3873/3873/3873 3867/3867/3867 3866/3866/3866
f 3860/3860/3860 3868/3868/3868 3861/3861/3861
f 3860/3860/3860 3867/3867/3867 3868/3868/3868
f 3872/3872/3872 3860/3860/3860 3861/3861/3861
f 3873/3873/3873 3868/3868/3868 3867/3867/3867
f 3861/3861/3861 3869/3869/3869 3862/3862/3862
f 3861/3861/3861 3868/3868/3868 3869/3869/3869
f 3872/3872/3872 3861/3861/3861 3862/3862/3862
f 3873/3873/3873 3869/3869/3869 3868/3868/3868
f 3862/3862/3862 3870/3870/3870 3863/3863/3863
f 3862/3862/3862 3869/3869/3869 3870/3870/3870
f 3872/3872/3872 3862/3862/3862 3863/3863/3863
f 3873/3873/3873 3870/3870/3870 3869/3869/3869
f 3863/3863/3863 3871/3871/3871 3864/3864/3864
f 3863/3863/3863 3870/3870/3870 3871/3871/3871
f 3872/3872/3872 3863/3863/3863 3864/3864/3864
f 3873/3873/3873 3871/3871/3871 3870/3870/3870
f 3864/3864/3864 3865/3865/3865 3858/3858/3858
f 3864/3864/3864 3871/3871/3871 3865/3865/3865
f 3872/3872/3872 3864/3864/3864 3858/3858/3858
f 3873/3873/3873 3865/3865/3865 3871/3871/3871
f 3874/3874/3874 3886/3886/3886 3885/3885/3885
f 3874/3874/3874 3875/3875/3875 3886/3886/3886
f 3875/3875/3875 3887/3887/3887 3886/3886/3886
f 3875/3875/3875 3876/3876/3876 3887/3887/3887
f 3876/3876/3876 3888/3888/3888 3887/3887/3887
f 3876/3876/3876 3877/3877/3877 3888/3888/3888
f 3877/3877/3877 3889/3889/3889 3888/3888/3888
f 3877/3877/3877 3878/3878/3878 3889/3889/3889
f 3878/3878/3878 3890/3890/3890 3889/3889/3889
f 3878/3878/3878 3879/3879/3879 3890/3890/3890
f 3879/3879/3879 3891/3891/3891 3890/3890/3890
f 3879/3879/3879 3880/3880/3880 3891/3891/3891
f 3880/3880/3880 3892/3892/3892 3891/3891/3891
f 3880/3880/3880 3881/3881/3881 3892/3892/3892
f 3881/3881/3881 3893/3893/3893 3892/3892/3892
f 3881/3881/3881 3882/3882/3882 3893/3893/3893
f 3882/3882/3882 3894/3894/3894 3893/3893/3893
f 3882/3882/3882 3883/3883/3883 3894/3894/3894
f 3883/3883/3883 3895/3895/3895 3894/3894/3894
f 3883/3883/3883 3884/3884/3884 3895/3895/3895
f 3885/3885/3885 3897/3897/3897 3896/3896/3896
f 3885/3885/3885 3886/3886/3886 3897/3897/3897
f 3886/3886/3886 3898/3898/3898 3897/3897/3897
f 3886/3886/3886 3887/3887/3887 3898/3898/3898
f 3887/3887/3887 3899/3899/3899 3898/3898/3898
f 3887/3887/3887 3888/3888/3888 3899/3899/3899
f 3888/3888/3888 3900/3900/3900 3899/3899/3899
f 3888/3888/3888 3889/3889/3889 3900/3900/3900
f 3889/3889/3889 3901/3901/3901 3900/3900/3900
f 3889/3889/3889 3890/3890/3890 3901/3901/3901
f 3890/3890/3890 3902/3902/3902 3901/3901/3901
f 3890/3890/3890 3891/3891/3891 3902/3902/3902
f 3891/3891/3891 3903/3903/3903 3902/3902/3902
f 3891/3891/3891 3892/3892/3892 3903/3903/3903
f 3892/3892/3892 3904/3904/3904 3903/3903/3903
f 3892/3892/3892 3893/3893/3893 3904/3904/3904
f 3893/3893/3893 3905/3905/3905 3904/3904/3904
f 3893/3893/3893 3894/3894/3894 3905/3905/3905
f 3894/3894/3894 3906/3906/3906 3905/3905/3905
f 3894/3894/3894 3895/3895/3895 3906/3906/3906
f 3896/3896/3896 3908/3908/3908 3907/3907/3907
f 3896/3896/3896 3897/3897/3897 3908/3908/3908
f 3897/3897/3897 3909/3909/3909 3908/3908/3908
f 3897/3897/3897 3898/3898/3898 3909/3909/3909
f 3898/3898/3898 3910/3910/3910 3909/3909/3909
f 3898/3898/3898 3899/3899/3899 3910/3910/3910
f 3899/3899/3899 3911/3911/3911 3910/3910/3910
f 3899/3899/3899 3900/3900/3900 3911/3911/3911
f 3900/3900/3900 3912/3912/3912 3911/3911/3911
f 3900/3900/3900 3901/3901/3901 3912/3912/3912
f 3901/3901/3901 3913/3913/3913 3912/3912/3912
f 3901/3901/3901 3902/3902/3902 3913/3913/3913
f 3902/3902/3902 3914/3914/3914 3913/3913/3913
f 3902/3902/3902 3903/3903/3903 3914/3914/3914
f 3903/3903/3903 3915/3915/3915 3914/3914/3914
f 3903/3903/3903 3904/3904/3904 3915/3915/3915
f 3904/3904/3904 3916/3916/3916 3915/3915/3915
f 3904/3904/3904 3905/3905/3905 3916/3916/3916
f 3905/3905/3905 3917/3917/3917 3916/3916/3916
f 3905/3905/3905 3906/3906/3906 3917/3917/3917
f 3907/3907/3907 3919/3919/3919 3918/3918/3918
f 3907/3907/3907 3908/3908/3908 3919/3919/3919
f 3908/3908/3908 3920/3920/3920 3919/3919/3919
f 3908/3908/3908 3909/3909/3909 3920/3920/3920
f 3909/3909/3909 3921/3921/3921 3920/3920/3920
f 3909/3909/3909 3910/3910/3910 3921/3921/3921
f 3910/3910/3910 3922/3922/3922 3921/3921/3921
f 3910/3910/3910 3911/3911/3911 3922/3922/3922
f 3911/3911/3911 3923/3923/3923 3922/3922/3922
f 3911/3911/3911 3912/3912/3912 3923/3923/3923
f 3912/3912/3912 3924/3924/3924 3923/3923/3923
f 3912/3912/3912 3913/3913/3913 3924/3924/3924
f 3913/3913/3913 3925/3925/3925 3924/3924/3924
f 3913/3913/3913 3914/3914/3914 3925/3925/3925
f 3914/3914/3914 3926/3926/3926 3925/3925/3925
f 3914/3914/3914 3915/3915/3915 3926/3926/3926
f 3915/3915/3915 3927/3927/3927 3926/3926/3926
f 3915/3915/3915 3916/3916/3916 3927/3927/3927
f 3916/3916/3916 3928/3928/3928 3927/3927/3927
f 3916/3916/3916 3917/3917/3917 3928/3928/3928
f 3918/3918/3918 3930/3930/3930 3929/3929/3929
f 3918/3918/3918 3919/3919/3919 3930/3930/3930
f 3919/3919/3919 3931/3931/3931 3930/3930/3930
f 3919/3919/3919 3920/3920/3920 3931/3931/3931
f 3920/3920/3920 3932/3932/3932 3931/3931/3931
f 3920/3920/3920 3921/3921/3921 3932/3932/3932
f 3921/3921/3921 3933/3933/3933 3932/3932/3932
f 3921/3921/3921 3922/3922/3922 3933/3933/3933
f 3922/3922/3922 3934/3934/3934 3933/3933/3933
f 3922/3922/3922 3923/3923/3923 3934/3934/3934
f 3923/3923/3923 3935/3935/3935 3934/3934/3934
f 3923/3923/3923 3924/3924/3924 3935/3935/3935
f 3924/3924/3924 3936/3936/3936 3935/3935/3935
f 3924/3924/3924 3925/3925/3925 3936/3936/3936
f 3925/3925/3925 3937/3937/3937 3936/3936/3936
f 3925/3925/3925 3926/3926/3926 3937/3937/3937
f 3926/3926/3926 3938/3938/3938 3937/3937/3937
f 3926/3926/3926 3927/3927/3927 3938/3938/3938
f 3927/3927/3927 3939/3939/3939 3938/3938/3938
f 3927/3927/3927 3928/3928/3928 3939/3939/3939
f 3929/3929/3929 3941/3941/3941 3940/3940/3940
f 3929/3929/3929 3930/3930/3930 3941/3941/3941
f 3930/3930/3930 3942/3942/3942 3941/3941/3941
f 3930/3930/3930 3931/3931/3931 3942/3942/3942
f 3931/3931/3931 3943/3943/3943 3942/3942/3942
f 3931/3931/3931 3932/3932/3932 3943/3943/3943
f 3932/3932/3932 3944/3944/3944 3943/3943/3943
f 3932/3932/3932 3933/3933/3933 3944/3944/3944
f 3933/3933/3933 3945/3945/3945 3944/3944/3944
f 3933/3933/3933 3934/3934/3934 3945/3945/3945
f 3934/3934/3934 3946/3946/3946 3945/3945/3945
f 3934/3934/3934 3935/3935/3935 3946/3946/3946
f 3935/3935/3935 3947/3947/3947 3946/3946/3946
f 3935/3935/3935 3936/3936/3936 3947/3947/3947
f 3936/3936/3936 3948/3948/3948 3947/3947/3947
f 3936/3936/3936 3937/3937/3937 3948/3948/3948
f 3937/3937/3937 3949/3949/3949 3948/3948/3948
f 3937/3937/3937 3938/3938/3938 3949/3949/3949
f 3938/3938/3938 3950/3950/3950 3949/3949/3949
f 3938/3938/3938 3939/3939/3939 3950/3950/3950
f 3940/3940/3940 3952/3952/3952 3951/3951/3951
f 3940/3940/3940 3941/3941/3941 3952/3952/3952
f 3941/3941/3941 3953/3953/3953 3952/3952/3952
f 3941/3941/3941 3942/3942/3942 3953/3953/3953
f 3942/3942/3942 3954/3954/3954 3953/3953/3953
f 3942/3942/3942 3943/3943/3943 3954/3954/3954
f 3943/3943/3943 3955/3955/3955 3954/3954/3954
f 3943/3943/3943 3944/3944/3944 3955/3955/3955
f 3944/3944/3944 3956/3956/3956 3955/3955/3955
f 3944/3944/3944 3945/3945/3945 3956/3956/3956
f 3945/3945/3945 3957/3957/3957 3956/3956/3956
f 3945/3945/3945 3946/3946/3946 3957/3957/3957
f 3946/3946/3946 3958/3958/3958 3957/3957/3957
f 3946/3946/3946 3947/3947/3947 3958/3958/3958
f 3947/3947/3947 3959/3959/3959 3958/3958/3958
f 3947/3947/3947 3948/3948/3948 3959/3959/3959
f 3948/3948/3948 3960/3960/3960 3959/3959/3959
f 3948/3948/3948 3949/3949/3949 3960/3960/3960
f 3949/3949/3949 3961/3961/3961 3960/3960/3960
f 3949/3949/3949 3950/3950/3950 3961/3961/3961
f 3951/3951/3951 3963/3963/3963 3962/3962/3962
f 3951/3951/3951 3952/3952/3952 3963/3963/3963
f 3952/3952/3952 3964/3964/3964 3963/3963/3963
f 3952/3952/3952 3953/3953/3953 3964/3964/3964
f 3953/3953/3953 3965/3965/3965 3964/3964/3964
f 3953/3953/3953 3954/3954/3954 3965/3965/3965
f 3954/3954/3954 3966/3966/3966 3965/3965/3965
f 3954/3954/3954 3955/3955/3955 3966/3966/3966
f 3955/3955/3955 3967/3967/3967 3966/3966/3966
f 3955/3955/3955 3956/3956/3956 3967/3967/3967
f 3956/3956/3956 3968/3968/3968 3967/3967/3967
f 3956/3956/3956 3957/3957/3957 3968/3968/3968
f 3957/3957/3957 3969/3969/3969 3968/3968/3968
f 3957/3957/3957 3958/3958/3958 3969/3969/3969
f 3958/3958/3958 3970/3970/3970 3969/3969/3969
f 3958/3958/3958 3959/3959/3959 3970/3970/3970
f 3959/3959/3959 3971/3971/3971 3970/3970/3970
f 3959/3959/3959 3960/3960/3960 3971/3971/3971
f 3960/3960/3960 3972/3972/3972 3971/3971/3971
f 3960/3960/3960 3961/3961/3961 3972/3972/3972
f 3973/3973/3973 3981/3981/3981 3974/3974/3974
f 3973/3973/3973 3980/3980/3980 3981/3981/3981
f 3987/3987/3987 3973/3973/3973 3974/3974/3974
f 3988/3988/3988 3981/3981/3981 3980/3980/3980
f 3974/3974/3974 3982/3982/3982 3975/3975/3975
f 3974/3974/3974 3981/3981/3981 3982/3982/3982
f 3987/3987/3987 3974/3974/3974 3975/3975/3975
f 3988/3988/3988 3982/3982/3982 3981/3981/3981
f 3975/3975/3975 3983/3983/3983 3976/3976/3976
f 3975/3975/3975 3982/3982/3982 3983/3983/3983
f 3987/3987/3987 3975/3975/3975 3976/3976/3976
f 3988/3988/3988 3983/3983/3983 3982/3982/3982
f 3976/3976/3976 3984/3984/3984 3977/3977/3977
f 3976/3976/3976 3983/3983/3983 3984/3984/3984
f 3987/3987/3987 3976/3976/3976 3977/3977/3977
f 3988/3988/3988 3984/3984/3984 3983/3983/3983
f 3977/3977/3977 3985/3985/3985 3978/3978/3978
f 3977/3977/3977 3984/3984/3984 3985/3985/3985
f 3987/3987/3987 3977/3977/3977 3978/3978/3978
f 3988/3988/3988 3985/3985/3985 3984/3984/3984
f 3978/3978/3978 3986/3986/3986 3979/3979/3979
f 3978/3978/3978 3985/3985/3985 3986/3986/3986
f 3987/3987/3987 3978/3978/3978 3979/3979/3979
f 3988/3988/3988 3986/3986/3986 3985/3985/3985
f 3979/3979/3979 3980/3980/3980 3973/3973/3973
f 3979/3979/3979 3986/3986/3986 3980/3980/3980
f 3987/3987/3987 3979/3979/3979 3973/3973/3973
f 3988/3988/3988 3980/3980/3980 3986/3986/3986
f 3989/3989/3989 4001/4001/4001 4000/4000/4000
f 3989/3989/3989 3990/3990/3990 4001/4001/4001
f 3990/3990/3990 4002/4002/4002 4001/4001/4001
f 3990/3990/3990 3991/3991/3991 4002/4002/4002
f 3991/3991/3991 4003/4003/4003 4002/4002/4002
f 3991/3991/3991 3992/3992/3992 4003/4003/4003
f 3992/3992/3992 4004/4004/4004 4003/4003/4003
f 3992/3992/3992 3993/3993/3993 4004/4004/4004
f 3993/3993/3993 4005/4005/4005 4004/4004/4004
f 3993/3993/3993 3994/3994/3994 4005/4005/4005
f 3994/3994/3994 4006/4006/4006 4005/4005/4005
f 3994/3994/3994 3995/3995/3995 4006/4006/4006
f 3995/3995/3995 4007/4007/4007 4006/4006/4006
f 3995/3995/3995 3996/3996/3996 4007/4007/4007
f 3996/3996/3996 4008/4008/4008 4007/4007/4007
f 3996/3996/3996 3997/3997/3997 4008/4008/4008
f 3997/3997/3997 4009/4009/4009 4008/4008/4008
f 3997/3997/3997 3998/3998/3998 4009/4009/4009
f 3998/3998/3998 4010/4010/4010 4009/4009/4009
f 3998/3998/3998 3999/3999/3999 4010/4010/4010
f 4000/4000/4000 4012/4012/4012 4011/4011/4011
f 4000/4000/4000 4001/4001/4001 4012/4012/4012
f 4001/4001/4001 4013/4013/4013 4012/4012/4012
f 4001/4001/4001 4002/4002/4002 4013/4013/4013
f 4002/4002/4002 4014/4014/4014 4013/4013/4013
f 4002/4002/4002 4003/4003/4003 4014/4014/4014
f 4003/4003/4003 4015/4015/4015 4014/4014/4014
f 4003/4003/4003 4004/4004/4004 4015/4015/4015
f 4004/4004/4004 4016/4016/4016 4015/4015/4015
f 4004/4004/4004 4005/4005/4005 4016/4016/4016
f 4005/4005/4005 4017/4017/4017 4016/4016/4016
f 4005/4005/4005 4006/4006/4006 4017/4017/4017
f 4006/4006/4006 4018/4018/4018 4017/4017/4017
f 4006/4006/4006 4007/4007/4007 4018/4018/4018
f 4007/4007/4007 4019/4019/4019 4018/4018/4018
f 4007/4007/4007 4008/4008/4008 4019/4019/4019
f 4008/4008/4008 4020/4020/4020 4019/4019/4019
f 4008/4008/4008 4009/4009/4009 4020/4020/4020
f 4009/4009/4009 4021/4021/4021 4020/4020/4020
f 4009/4009/4009 4010/4010/4010 4021/4021/4021
f 4011/4011/4011 4023/4023/4023 4022/4022/4022
f 4011/4011/4011 4012/4012/4012 4023/4023/4023
f 4012/4012/4012 4024/4024/4024 4023/4023/4023
f 4012/4012/4012 4013/4013/4013 4024/4024/4024
f 4013/4013/4013 4025/4025/4025 4024/4024/4024
f 4013/4013/4013 4014/4014/4014 4025/4025/4025
f 4014/4014/4014 4026/4026/4026 4025/4025/4025
f 4014/4014/4014 4015/4015/4015 4026/4026/4026
f 4015/4015/4015 4027/4027/4027 4026/4026/4026
f 4015/4015/4015 4016/4016/4016 4027/4027/4027
f 4016/4016/4016 4028/4028/4028 4027/4027/4027
f 4016/4016/4016 4017/4017/4017 4028/4028/4028
f 4017/4017/4017 4029/4029/4029 4028/4028/4028
f 4017/4017/4017 4018/4018/4018 4029/4029/4029
f 4018/4018/4018 4030/4030/4030 4029/4029/4029
f 4018/4018/4018 4019/4019/4019 4030/4030/4030
f 4019/4019/4019 4031/4031/4031 4030/4030/4030
f 4019/4019/4019 4020/4020/4020 4031/4031/4031
f 4020/4020/4020 4032/4032/4032 4031/4031/4031
f 4020/4020/4020 4021/4021/4021 4032/4032/4032
f 4022/4022/4022 4034/4034/4034 4033/4033/4033
f 4022/4022/4022 4023/4023/4023 4034/4034/4034
f 4023/4023/4023 4035/4035/4035 4034/4034/4034
f 4023/4023/4023 4024/4024/4024 4035/4035/4035
f 4024/4024/4024 4036/4036/4036 4035/4035/4035
f 4024/4024/4024 4025/4025/4025 4036/4036/4036
f 4025/4025/4025 4037/4037/4037 4036/4036/4036
f 4025/4025/4025 4026/4026/4026 4037/4037/4037
f 4026/4026/4026 4038/4038/4038 4037/4037/4037
f 4026/4026/4026 4027/4027/4027 4038/4038/4038
f 4027/4027/4027 4039/4039/4039 4038/4038/4038
f 4027/4027/4027 4028/4028/4028 4039/4039/4039
f 4028/4028/4028 4040/4040/4040 4039/4039/4039
f 4028/4028/4028 4029/4029/4029 4040/4040/4040
f 4029/4029/4029 4041/4041/4041 4040/4040/4040
f 4029/4029/4029 4030/4030/4030 4041/4041/4041
f 4030/4030/4030 4042/4042/4042 4041/4041/4041
f 4030/4030/4030 4031/4031/4031 4042/4042/4042
f 4031/4031/4031 4043/4043/4043 4042/4042/4042
f 4031/4031/4031 4032/4032/4032 4043/4043/4043
f 4033/4033/4033 4045/4045/4045 4044/4044/4044
f 4033/4033/4033 4034/4034/4034 4045/4045/4045
f 4034/4034/4034 4046/4046/4046 4045/4045/4045
f 4034/4034/4034 4035/4035/4035 4046/4046/4046
f 4035/4035/4035 4047/4047/4047 4046/4046/4046
f 4035/4035/4035 4036/4036/4036 4047/4047/4047
f 4036/4036/4036 4048/4048/4048 4047/4047/4047
f 4036/4036/4036 4037/4037/4037 4048/4048/4048
f 4037/4037/4037 4049/4049/4049 4048/4048/4048
f 4037/4037/4037 4038/4038/4038 4049/4049/4049
f 4038/4038/4038 4050/4050/4050 4049/4049/4049
f 4038/4038/4038 4039/4039/4039 4050/4050/4050
f 4039/4039/4039 4051/4051/4051 4050/4050/4050
f 4039/4039/4039 4040/4040/4040 4051/4051/4051
f 4040/4040/4040 4052/4052/4052 4051/4051/4051
f 4040/4040/4040 4041/4041/4041 4052/4052/4052
f 4041/4041/4041 4053/4053/4053 4052/4052/4052
f 4041/4041/4041 4042/4042/4042 4053/4053/4053
f 4042/4042/4042 4054/4054/4054 4053/4053/4053
f 4042/4042/4042 4043/4043/4043 4054/4054/4054
f 4044/4044/4044 4056/4056/4056 4055/4055/4055
f 4044/4044/4044 4045/4045/4045 4056/4056/4056
f 4045/4045/4045 4057/4057/4057 4056/4056/4056
f 4045/4045/4045 4046/4046/4046 4057/4057/4057
f 4046/4046/4046 4058/4058/4058 4057/4057/4057
f 4046/4046/4046 4047/4047/4047 4058/4058/4058
f 4047/4047/4047 4059/4059/4059 4058/4058/4058
f 4047/4047/4047 4048/4048/4048 4059/4059/4059
f 4048/4048/4048 4060/4060/4060 4059/4059/4059
f 4048/4048/4048 4049/4049/4049 4060/4060/4060
f 4049/4049/4049 4061/4061/4061 4060/4060/4060
f 4049/4049/4049 4050/4050/4050 4061/4061/4061
f 4050/4050/4050 4062/4062/4062 4061/4061/4061
f 4050/4050/4050 4051/4051/4051 4062/4062/4062
f 4051/4051/4051 4063/4063/4063 4062/4062/4062
f 4051/4051/4051 4052/4052/4052 4063/4063/4063
f 4052/4052/4052 4064/4064/4064 4063/4063/4063
f 4052/4052/4052 4053/4053/4053 4064/4064/4064
f 4053/4053/4053 4065/4065/4065 4064/4064/4064
f 4053/4053/4053 4054/4054/4054 4065/4065/4065
f 4055/4055/4055 4067/4067/4067 4066/4066/4066
f 4055/4055/4055 4056/4056/4056 4067/4067/4067
f 4056/4056/4056 4068/4068/4068 4067/4067/4067
f 4056/4056/4056 4057/4057/4057 4068/4068/4068
f 4057/4057/4057 4069/4069/4069 4068/4068/4068
f 4057/4057/4057 4058/4058/4058 4069/4069/4069
f 4058/4058/4058 4070/4070/4070 4069/4069/4069
f 4058/4058/4058 4059/4059/4059 4070/4070/4070
f 4059/4059/4059 4071/4071/4071 4070/4070/4070
f 4059/4059/4059 4060/4060/4060 4071/4071/4071
f 4060/4060/4060 4072/4072/4072 4071/4071/4071
f 4060/4060/4060 4061/4061/4061 4072/4072/4072
f 4061/4061/4061 4073/4073/4073 4072/4072/4072
f 4061/4061/4061 4062/4062/4062 4073/4073/4073
f 4062/4062/4062 4074/4074/4074 4073/4073/4073
f 4062/4062/4062 4063/4063/4063 4074/4074/4074
f 4063/4063/4063 4075/4075/4075 4074/4074/4074
f 4063/4063/4063 4064/4064/4064 4075/4075/4075
f 4064/4064/4064 4076/4076/4076 4075/4075/4075
f 4064/4064/4064 4065/4065/4065 4076/4076/4076
f 4066/4066/4066 4078/4078/4078 4077/4077/4077
f 4066/4066/4066 4067/4067/4067 4078/4078/4078
f 4067/4067/4067 4079/4079/4079 4078/4078/4078
f 4067/4067/4067 4068/4068/4068 4079/4079/4079
f 4068/4068/4068 4080/4080/4080 4079/4079/4079
f 4068/4068/4068 4069/4069/4069 4080/4080/4080
f 4069/4069/4069 4081/4081/4081 4080/4080/4080
f 4069/4069/4069 4070/4070/4070 4081/4081/4081
f 4070/4070/4070 4082/4082/4082 4081/4081/4081
f 4070/4070/4070 4071/4071/4071 4082/4082/4082
f 4071/4071/4071 4083/4083/4083 4082/4082/4082
f 4071/4071/4071 4072/4072/4072 4083/4083/4083
f 4072/4072/4072 4084/4084/4084 4083/4083/4083
f 4072/4072/4072 4073/4073/4073 4084/4084/4084
f 4073/4073/4073 4085/4085/4085 4084/4084/4084
f 4073/4073/4073 4074/4074/4074 4085/4085/4085
f 4074/4074/4074 4086/4086/4086 4085/4085/4085
f 4074/4074/4074 4075/4075/4075 4086/4086/4086
f 4075/4075/4075 4087/4087/4087 4086/4086/4086
f 4075/4075/4075 4076/4076/4076 4087/4087/4087
f 4088/4088/4088 4096/4096/4096 4089/4089/4089
f 4088/4088/4088 4095/4095/4095 4096/4096/4096
f 4102/4102/4102 4088/4088/4088 4089/4089/4089
f 4103/4103/4103 4096/4096/4096 4095/4095/4095
f 4089/4089/4089 4097/4097/4097 4090/4090/4090
f 4089/4089/4089 4096/4096/4096 4097/4097/4097
f 4102/4102/4102 4089/4089/4089 4090/4090/4090
f 4103/4103/4103 4097/4097/4097 4096/4096/4096
f 4090/4090/4090 4098/4098/4098 4091/4091/4091
f 4090/4090/4090 4097/4097/4097 4098/4098/4098
f 4102/4102/4102 4090/4090/4090 4091/4091/4091
f 4103/4103/4103 4098/4098/4098 4097/4097/4097
f 4091/4091/4091 4099/4099/4099 4092/4092/4092
f 4091/4091/4091 4098/4098/4098 4099/4099/4099
f 4102/4102/4102 4091/4091/4091 4092/4092/4092
f 4103/4103/4103 4099/4099/4099 4098/4098/4098
f 4092/4092/4092 4100/4100/4100 4093/4093/4093
f 4092/4092/4092 4099/4099/4099 4100/4100/4100
f 4102/4102/4102 4092/4092/4092 4093/4093/4093
f 4103/4103/4103 4100/4100/4100 4099/4099/4099
f 4093/4093/4093 4101/4101/4101 4094/4094/4094
f 4093/4093/4093 4100/4100/4100 4101/4101/4101
f 4102/4102/4102 4093/4093/4093 4094/4094/4094
f 4103/4103/4103 4101/4101/4101 4100/4100/4100
f 4094/4094/4094 4095/4095/4095 4088/4088/4088
f 4094/4094/4094 4101/4101/4101 4095/4095/4095
f 4102/4102/4102 4094/4094/4094 4088/4088/4088
f 4103/4103/4103 4095/4095/4095 4101/4101/4101
f 4104/4104/4104 4116/4116/4116 4115/4115/4115
f 4104/4104/4104 4105/4105/4105 4116/4116/4116
f 4105/4105/4105 4117/4117/4117 4116/4116/4116
f 4105/4105/4105 4106/4106/4106 4117/4117/4117
f 4106/4106/4106 4118/4118/4118 4117/4117/4117
f 4106/4106/4106 4107/4107/4107 4118/4118/4118
f 4107/4107/4107 4119/4119/4119 4118/4118/4118
f 4107/4107/4107 4108/4108/4108 4119/4119/4119
f 4108/4108/4108 4120/4120/4120 4119/4119/4119
f 4108/4108/4108 4109/4109/4109 4120/4120/4120
f 4109/4109/4109 4121/4121/4121 4120/4120/4120
f 4109/4109/4109 4110/4110/4110 4121/4121/4121
f 4110/4110/4110 4122/4122/4122 4121/4121/4121
f 4110/4110/4110 4111/4111/4111 4122/4122/4122
f 4111/4111/4111 4123/4123/4123 4122/4122/4122
f 4111/4111/4111 4112/4112/4112 4123/4123/4123
f 4112/4112/4112 4124/4124/4124 4123/4123/4123
f 4112/4112/4112 4113/4113/4113 4124/4124/4124
f 4113/4113/4113 4125/4125/4125 4124/4124/4124
f 4113/4113/4113 4114/4114/4114 4125/4125/4125
f 4115/4115/4115 4127/4127/4127 4126/4126/4126
f 4115/4115/4115 4116/4116/4116 4127/4127/4127
f 4116/4116/4116 4128/4128/4128 4127/4127/4127
f 4116/4116/4116 4117/4117/4117 4128/4128/4128
f 4117/4117/4117 4129/4129/4129 4128/4128/4128
f 4117/4117/4117 4118/4118/4118 4129/4129/4129
f 4118/4118/4118 4130/4130/4130 4129/4129/4129
f 4118/4118/4118 4119/4119/4119 4130/4130/4130
f 4119/4119/4119 4131/4131/4131 4130/4130/4130
f 4119/4119/4119 4120/4120/4120 4131/4131/4131
f 4120/4120/4120 4132/4132/4132 4131/4131/4131
f 4120/4120/4120 4121/4121/4121 4132/4132/4132
f 4121/4121/4121 4133/4133/4133 4132/4132/4132
f 4121/4121/4121 4122/4122/4122 4133/4133/4133
f 4122/4122/4122 4134/4134/4134 4133/4133/4133
f 4122/4122/4122 4123/4123/4123 4134/4134/4134
f 4123/4123/4123 4135/4135/4135 4134/4134/4134
f 4123/4123/4123 4124/4124/4124 4135/4135/4135
f 4124/4124/4124 4136/4136/4136 4135/4135/4135
f 4124/4124/4124 4125/4125/4125 4136/4136/4136
f 4126/4126/4126 4138/4138/4138 4137/4137/4137
f 4126/4126/4126 4127/4127/4127 4138/4138/4138
f 4127/4127/4127 4139/4139/4139 4138/4138/4138
f 4127/4127/4127 4128/4128/4128 4139/4139/4139
f 4128/4128/4128 4140/4140/4140 4139/4139/4139
f 4128/4128/4128 4129/4129/4129 4140/4140/4140
f 4129/4129/4129 4141/4141/4141 4140/4140/4140
f 4129/4129/4129 4130/4130/4130 4141/4141/4141
f 4130/4130/4130 4142/4142/4142 4141/4141/4141
f 4130/4130/4130 4131/4131/4131 4142/4142/4142
f 4131/4131/4131 4143/4143/4143 4142/4142/4142
f 4131/4131/4131 4132/4132/4132 4143/4143/4143
f 4132/4132/4132 4144/4144/4144 4143/4143/4143
f 4132/4132/4132 4133/4133/4133 4144/4144/4144
f 4133/4133/4133 4145/4145/4145 4144/4144/4144
f 4133/4133/4133 4134/4134/4134 4145/4145/4145
f 4134/4134/4134 4146/4146/4146 4145/4145/4145
f 4134/4134/4134 4135/4135/4135 4146/4146/4146
f 4135/4135/4135 4147/4147/4147 4146/4146/4146
f 4135/4135/4135 4136/4136/4136 4147/4147/4147
f 4137/4137/4137 4149/4149/4149 4148/4148/4148
f 4137/4137/4137 4138/4138/4138 4149/4149/4149
f 4138/4138/4138 4150/4150/4150 4149/4149/4149
f 4138/4138/4138 4139/4139/4139 4150/4150/4150
f 4139/4139/4139 4151/4151/4151 4150/4150/4150
f 4139/4139/4139 4140/4140/4140 4151/4151/4151
f 4140/4140/4140 4152/4152/4152 4151/4151/4151
f 4140/4140/4140 4141/4141/4141 4152/4152/4152
f 4141/4141/4141 4153/4153/4153 4152/4152/4152
f 4141/4141/4141 4142/4142/4142 4153/4153/4153
f 4142/4142/4142 4154/4154/4154 4153/4153/4153
f 4142/4142/4142 4143/4143/4143 4154/4154/4154
f 4143/4143/4143 4155/4155/4155 4154/4154/4154
f 4143/4143/4143 4144/4144/4144 4155/4155/4155
f 4144/4144/4144 4156/4156/4156 4155/4155/4155
f 4144/4144/4144 4145/4145/4145 4156/4156/4156
f 4145/4145/4145 4157/4157/4157 4156/4156/4156
f 4145/4145/4145 4146/4146/4146 4157/4157/4157
f 4146/4146/4146 4158/4158/4158 4157/4157/4157
f 4146/4146/4146 4147/4147/4147 4158/4158/4158
f 4148/4148/4148 4160/4160/4160 4159/4159/4159
f 4148/4148/4148 4149/4149/4149 4160/4160/4160
f 4149/4149/4149 4161/4161/4161 4160/4160/4160
f 4149/4149/4149 4150/4150/4150 4161/4161/4161
f 4150/4150/4150 4162/4162/4162 4161/4161/4161
f 4150/4150/4150 4151/4151/4151 4162/4162/4162
f 4151/4151/4151 4163/4163/4163 4162/4162/4162
f 4151/4151/4151 4152/4152/4152 4163/4163/4163
f 4152/4152/4152 4164/4164/4164 4163/4163/4163
f 4152/4152/4152 4153/4153/4153 4164/4164/4164
f 4153/4153/4153 4165/4165/4165 4164/4164/4164
f 4153/4153/4153 4154/4154/4154 4165/4165/4165
f 4154/4154/4154 4166/4166/4166 4165/4165/4165
f 4154/4154/4154 4155/4155/4155 4166/4166/4166
f 4155/4155/4155 4167/4167/4167 4166/4166/4166
f 4155/4155/4155 4156/4156/4156 4167/4167/4167
f 4156/4156/4156 4168/4168/4168 4167/4167/4167
f 4156/4156/4156 4157/4157/4157 4168/4168/4168
f 4157/4157/4157 4169/4169/4169 4168/4168/4168
f 4157/4157/4157 4158/4158/4158 4169/4169/4169
f 4159/4159/4159 4171/4171/4171 4170/4170/4170
f 4159/4159/4159 4160/4160/4160 4171/4171/4171
f 4160/4160/4160 4172/4172/4172 4171/4171/4171
f 4160/4160/4160 4161/4161/4161 4172/4172/4172
f 4161/4161/4161 4173/4173/4173 4172/4172/4172
f 4161/4161/4161 4162/4162/4162 4173/4173/4173
f 4162/4162/4162 4174/4174/4174 4173/4173/4173
f 4162/4162/4162 4163/4163/4163 4174/4174/4174
f 4163/4163/4163 4175/4175/4175 4174/4174/4174
f 4163/4163/4163 4164/4164/4164 4175/4175/4175
f 4164/4164/4164 4176/4176/4176 4175/4175/4175
f 4164/4164/4164 4165/4165/4165 4176/4176/4176
f 4165/4165/4165 4177/4177/4177 4176/4176/4176
f 4165/4165/4165 4166/4166/4166 4177/4177/4177
f 4166/4166/4166 4178/4178/4178 4177/4177/4177
f 4166/4166/4166 4167/4167/4167 4178/4178/4178
f 4167/4167/4167 4179/4179/4179 4178/4178/4178
f 4167/4167/4167 4168/4168/4168 4179/4179/4179
f 4168/4168/4168 4180/4180/4180 4179/4179/4179
f 4168/4168/4168 4169/4169/4169 4180/4180/4180
f 4170/4170/4170 4182/4182/4182 4181/4181/4181
f 4170/4170/4170 4171/4171/4171 4182/4182/4182
f 4171/4171/4171 4183/4183/4183 4182/4182/4182
f 4171/4171/4171 4172/4172/4172 4183/4183/4183
f 4172/4172/4172 4184/4184/4184 4183/4183/4183
f 4172/4172/4172 4173/4173/4173 4184/4184/4184
f 4173/4173/4173 4185/4185/4185 4184/4184/4184
f 4173/4173/4173 4174/4174/4174 4185/4185/4185
f 4174/4174/4174 4186/4186/4186 4185/4185/4185
f 4174/4174/4174 4175/4175/4175 4186/4186/4186
f 4175/4175/4175 4187/4187/4187 4186/4186/4186
f 4175/4175/4175 4176/4176/4176 4187/4187/4187
f 4176/4176/4176 4188/4188/4188 4187/4187/4187
f 4176/4176/4176 4177/4177/4177 4188/4188/4188
f 4177/4177/4177 4189/4189/4189 4188/4188/4188
f 4177/4177/4177 4178/4178/4178 4189/4189/4189
f 4178/4178/4178 4190/4190/4190 4189/4189/4189
f 4178/4178/4178 4179/4179/4179 4190/4190/4190
f 4179/4179/4179 4191/4191/4191 4190/4190/4190
f 4179/4179/4179 4180/4180/4180 4191/4191/4191
f 4181/4181/4181 4193/4193/4193 4192/4192/4192
f 4181/4181/4181 4182/4182/4182 4193/4193/4193
f 4182/4182/4182 4194/4194/4194 4193/4193/4193
f 4182/4182/4182 4183/4183/4183 4194/4194/4194
f 4183/4183/4183 4195/4195/4195 4194/4194/4194
f 4183/4183/4183 4184/4184/4184 4195/4195/4195
f 4184/4184/4184 4196/4196/4196 4195/4195/4195
f 4184/4184/4184 4185/4185/4185 4196/4196/4196
f 4185/4185/4185 4197/4197/4197 4196/4196/4196
f 4185/4185/4185 4186/4186/4186 4197/4197/4197
f 4186/4186/4186 4198/4198/4198 4197/4197/4197
f 4186/4186/4186 4187/4187/4187 4198/4198/4198
f 4187/4187/4187 4199/4199/4199 4198/4198/4198
f 4187/4187/4187 4188/4188/4188 4199/4199/4199
f 4188/4188/4188 4200/4200/4200 4199/4199/4199
f 4188/4188/4188 4189/4189/4189 4200/4200/4200
f 4189/4189/4189 4201/4201/4201 4200/4200/4200
f 4189/4189/4189 4190/4190/4190 4201/4201/4201
f 4190/4190/4190 4202/4202/4202 4201/4201/4201
f 4190/4190/4190 4191/4191/4191 4202/4202/4202
f 4203/4203/4203 4211/4211/4211 4204/4204/4204
f 4203/4203/4203 4210/4210/4210 4211/4211/4211
f 4217/4217/4217 4203/4203/4203 4204/4204/4204
f 4218/4218/4218 4211/4211/4211 4210/4210/4210
f 4204/4204/4204 4212/4212/4212 4205/4205/4205
f 4204/4204/4204 4211/4211/4211 4212/4212/4212
f 4217/4217/4217 4204/4204/4204 4205/4205/4205
f 4218/4218/4218 4212/4212/4212 4211/4211/4211
f 4205/4205/4205 4213/4213/4213 4206/4206/4206
f 4205/4205/4205 4212/4212/4212 4213/4213/4213
f 4217/4217/4217 4205/4205/4205 4206/4206/4206
f 4218/4218/4218 4213/4213/4213 4212/4212/4212
f 4206/4206/4206 4214/4214/4214 4207/4207/4207
f 4206/4206/4206 4213/4213/4213 4214/4214/4214
f 4217/4217/4217 4206/4206/4206 4207/4207/4207
f 4218/4218/4218 4214/4214/4214 4213/4213/4213
f 4207/4207/4207 4215/4215/4215 4208/4208/4208
f 4207/4207/4207 4214/4214/4214 4215/4215/4215
f 4217/4217/4217 4207/4207/4207 4208/4208/4208
f 4218/4218/4218 4215/4215/4215 4214/4214/4214
f 4208/4208/4208 4216/4216/4216 4209/4209/4209
f 4208/4208/4208 4215/4215/4215 4216/4216/4216
f 4217/4217/4217 4208/4208/4208 4209/4209/4209
f 4218/4218/4218 4216/4216/4216 4215/4215/4215
f 4209/4209/4209 4210/4210/4210 4203/4203/4203
f 4209/4209/4209 4216/4216/4216 4210/4210/4210
f 4217/4217/4217 4209/4209/4209 4203/4203/4203
f 4218/4218/4218 4210/4210/4210 4216/4216/4216
f 4219/4219/4219 4231/4231/4231 4230/4230/4230
f 4219/4219/4219 4220/4220/4220 4231/4231/4231
f 4220/4220/4220 4232/4232/4232 4231/4231/4231
f 4220/4220/4220 4221/4221/4221 4232/4232/4232
f 4221/4221/4221 4233/4233/4233 4232/4232/4232
f 4221/4221/4221 4222/4222/4222 4233/4233/4233
f 4222/4222/4222 4234/4234/4234 4233/4233/4233
f 4222/4222/4222 4223/4223/4223 4234/4234/4234
f 4223/4223/4223 4235/4235/4235 4234/4234/4234
f 4223/4223/4223 4224/4224/4224 4235/4235/4235
f 4224/4224/4224 4236/4236/4236 4235/4235/4235
f 4224/4224/4224 4225/4225/4225 4236/4236/4236
f 4225/4225/4225 4237/4237/4237 4236/4236/4236
f 4225/4225/4225 4226/4226/4226 4237/4237/4237
f 4226/4226/4226 4238/4238/4238 4237/4237/4237
f 4226/4226/4226 4227/4227/4227 4238/4238/4238
f 4227/4227/4227 4239/4239/4239 4238/4238/4238
f 4227/4227/4227 4228/4228/4228 4239/4239/4239
f 4228/4228/4228 4240/4240/4240 4239/4239/4239
f 4228/4228/4228 4229/4229/4229 4240/4240/4240
f 4230/4230/4230 4242/4242/4242 4241/4241/4241
f 4230/4230/4230 4231/4231/4231 4242/4242/4242
f 4231/4231/4231 4243/4243/4243 4242/4242/4242
f 4231/4231/4231 4232/4232/4232 4243/4243/4243
f 4232/4232/4232 4244/4244/4244 4243/4243/4243
f 4232/4232/4232 4233/4233/4233 4244/4244/4244
f 4233/4233/4233 4245/4245/4245 4244/4244/4244
f 4233/4233/4233 4234/4234/4234 4245/4245/4245
f 4234/4234/4234 4246/4246/4246 4245/4245/4245
f 4234/4234/4234 4235/4235/4235 4246/4246/4246
f 4235/4235/4235 4247/4247/4247 4246/4246/4246
f 4235/4235/4235 4236/4236/4236 4247/4247/4247
f 4236/4236/4236 4248/4248/4248 4247/4247/4247
f 4236/4236/4236 4237/4237/4237 4248/4248/4248
f 4237/4237/4237 4249/4249/4249 4248/4248/4248
f 4237/4237/4237 4238/4238/4238 4249/4249/4249
f 4238/4238/4238 4250/4250/4250 4249/4249/4249
f 4238/4238/4238 4239/4239/4239 4250/4250/4250
f 4239/4239/4239 4251/4251/4251 4250/4250/4250
f 4239/4239/4239 4240/4240/4240 4251/4251/4251
f 4241/4241/4241 4253/4253/4253 4252/4252/4252
f 4241/4241/4241 4242/4242/4242 4253/4253/4253
f 4242/4242/4242 4254/4254/4254 4253/4253/4253
f 4242/4242/4242 4243/4243/4243 4254/4254/4254
f 4243/4243/4243 4255/4255/4255 4254/4254/4254
f 4243/4243/4243 4244/4244/4244 4255/4255/4255
f 4244/4244/4244 4256/4256/4256 4255/4255/4255
f 4244/4244/4244 4245/4245/4245 4256/4256/4256
f 4245/4245/4245 4257/4257/4257 4256/4256/4256
f 4245/4245/4245 4246/4246/4246 4257/4257/4257
f 4246/4246/4246 4258/4258/4258 4257/4257/4257
f 4246/4246/4246 4247/4247/4247 4258/4258/4258
f 4247/4247/4247 4259/4259/4259 4258/4258/4258
f 4247/4247/4247 4248/4248/4248 4259/4259/4259
f 4248/4248/4248 4260/4260/4260 4259/4259/4259
f 4248/4248/4248 4249/4249/4249 4260/4260/4260
f 4249/4249/4249 4261/4261/4261 4260/4260/4260
f 4249/4249/4249 4250/4250/4250 4261/4261/4261
f 4250/4250/4250 4262/4262/4262 4261/4261/4261
f 4250/4250/4250 4251/4251/4251 4262/4262/4262
f 4252/4252/4252 4264/4264/4264 4263/4263/4263
f 4252/4252/4252 4253/4253/4253 4264/4264/4264
f 4253/4253/4253 4265/4265/4265 4264/4264/4264
f 4253/4253/4253 4254/4254/4254 4265/4265/4265
f 4254/4254/4254 4266/4266/4266 4265/4265/4265
f 4254/4254/4254 4255/4255/4255 4266/4266/4266
f 4255/4255/4255 4267/4267/4267 4266/4266/4266
f 4255/4255/4255 4256/4256/4256 4267/4267/4267
f 4256/4256/4256 4268/4268/4268 4267/4267/4267
f 4256/4256/4256 4257/4257/4257 4268/4268/4268
f 4257/4257/4257 4269/4269/4269 4268/4268/4268
f 4257/4257/4257 4258/4258/4258 4269/4269/4269
f 4258/4258/4258 4270/4270/4270 4269/4269/4269
f 4258/4258/4258 4259/4259/4259 4270/4270/4270
f 4259/4259/4259 4271/4271/4271 4270/4270/4270
f 4259/4259/4259 4260/4260/4260 4271/4271/4271
f 4260/4260/4260 4272/4272/4272 4271/4271/4271
f 4260/4260/4260 4261/4261/4261 4272/4272/4272
f 4261/4261/4261 4273/4273/4273 4272/4272/4272
f 4261/4261/4261 4262/4262/4262 4273/4273/4273
f 4263/4263/4263 4275/4275/4275 4274/4274/4274
f 4263/4263/4263 4264/4264/4264 4275/4275/4275
f 4264/4264/4264 4276/4276/4276 4275/4275/4275
f 4264/4264/4264 4265/4265/4265 4276/4276/4276
f 4265/4265/4265 4277/4277/4277 4276/4276/4276
f 4265/4265/4265 4266/4266/4266 4277/4277/4277
f 4266/4266/4266 4278/4278/4278 4277/4277/4277
f 4266/4266/4266 4267/4267/4267 4278/4278/4278
f 4267/4267/4267 4279/4279/4279 4278/4278/4278
f 4267/4267/4267 4268/4268/4268 4279/4279/4279
f 4268/4268/4268 4280/4280/4280 4279/4279/4279
f 4268/4268/4268 4269/4269/4269 4280/4280/4280
f 4269/4269/4269 4281/4281/4281 4280/4280/4280
f 4269/4269/4269 4270/4270/4270 4281/4281/4281
f 4270/4270/4270 4282/4282/4282 4281/4281/4281
f 4270/4270/4270 4271/4271/4271 4282/4282/4282
f 4271/4271/4271 4283/4283/4283 4282/4282/4282
f 4271/4271/4271 4272/4272/4272 4283/4283/4283
f 4272/4272/4272 4284/4284/4284 4283/4283/4283
f 4272/4272/4272 4273/4273/4273 4284/4284/4284
f 4274/4274/4274 4286/4286/4286 4285/4285/4285
f 4274/4274/4274 4275/4275/4275 4286/4286/4286
f 4275/4275/4275 4287/4287/4287 4286/4286/4286
f 4275/4275/4275 4276/4276/4276 4287/4287/4287
f 4276/4276/4276 4288/4288/4288 4287/4287/4287
f 4276/4276/4276 4277/4277/4277 4288/4288/4288
f 4277/4277/4277 4289/4289/4289 4288/4288/4288
f 4277/4277/4277 4278/4278/4278 4289/4289/4289
f 4278/4278/4278 4290/4290/4290 4289/4289/4289
f 4278/4278/4278 4279/4279/4279 4290/4290/4290
f 4279/4279/4279 4291/4291/4291 4290/4290/4290
f 4279/4279/4279 4280/4280/4280 4291/4291/4291
f 4280/4280/4280 4292/4292/4292 4291/4291/4291
f 4280/4280/4280 4281/4281/4281 4292/4292/4292
f 4281/4281/4281 4293/4293/4293 4292/4292/4292
f 4281/4281/4281 4282/4282/4282 4293/4293/4293
f 4282/4282/4282 4294/4294/4294 4293/4293/4293
f 4282/4282/4282 4283/4283/4283 4294/4294/4294
f 4283/4283/4283 4295/4295/4295 4294/4294/4294
f 4283/4283/4283 4284/4284/4284 4295/4295/4295
f 4285/4285/4285 4297/4297/4297 4296/4296/4296
f 4285/4285/4285 4286/4286/4286 4297/4297/4297
f 4286/4286/4286 4298/4298/4298 4297/4297/4297
f 4286/4286/4286 4287/4287/4287 4298/4298/4298
f 4287/4287/4287 4299/4299/4299 4298/4298/4298
f 4287/4287/4287 4288/4288/4288 4299/4299/4299
f 4288/4288/4288 4300/4300/4300 4299/4299/4299
f 4288/4288/4288 4289/4289/4289 4300/4300/4300
f 4289/4289/4289 4301/4301/4301 4300/4300/4300
f 4289/4289/4289 4290/4290/4290 4301/4301/4301
f 4290/4290/4290 4302/4302/4302 4301/4301/4301
f 4290/4290/4290 4291/4291/4291 4302/4302/4302
f 4291/4291/4291 4303/4303/4303 4302/4302/4302
f 4291/4291/4291 4292/4292/4292 4303/4303/4303
f 4292/4292/4292 4304/4304/4304 4303/4303/4303
f 4292/4292/4292 4293/4293/4293 4304/4304/4304
f 4293/4293/4293 4305/4305/4305 4304/4304/4304
f 4293/4293/4293 4294/4294/4294 4305/4305/4305
f 4294/4294/4294 4306/4306/4306 4305/4305/4305
f 4294/4294/4294 4295/4295/4295 4306/4306/4306
f 4296/4296/4296 4308/4308/4308 4307/4307/4307
f 4296/4296/4296 4297/4297/4297 4308/4308/4308
f 4297/4297/4297 4309/4309/4309 4308/4308/4308
f 4297/4297/4297 4298/4298/4298 4309/4309/4309
f 4298/4298/4298 4310/4310/4310 4309/4309/4309
f 4298/4298/4298 4299/4299/4299 4310/4310/4310
f 4299/4299/4299 4311/4311/4311 4310/4310/4310
f 4299/4299/4299 4300/4300/4300 4311/4311/4311
f 4300/4300/4300 4312/4312/4312 4311/4311/4311
f 4300/4300/4300 4301/4301/4301 4312/4312/4312
f 4301/4301/4301 4313/4313/4313 4312/4312/4312
f 4301/4301/4301 4302/4302/4302 4313/4313/4313
f 4302/4302/4302 4314/4314/4314 4313/4313/4313
f 4302/4302/4302 4303/4303/4303 4314/4314/4314
f 4303/4303/4303 4315/4315/4315 4314/4314/4314
f 4303/4303/4303 4304/4304/4304 4315/4315/4315
f 4304/4304/4304 4316/4316/4316 4315/4315/4315
f 4304/4304/4304 4305/4305/4305 4316/4316/4316
f 4305/4305/4305 4317/4317/4317 4316/4316/4316
f 4305/4305/4305 4306/4306/4306 4317/4317/4317
f 4318/4318/4318 4326/4326/4326 4319/4319/4319
f 4318/4318/4318 4325/4325/4325 4326/4326/4326
f 4332/4332/4332 4318/4318/4318 4319/4319/4319
f 4333/4333/4333 4326/4326/4326 4325/4325/4325
f 4319/4319/4319 4327/4327/4327 4320/4320/4320
f 4319/4319/4319 4326/4326/4326 4327/4327/4327
f 4332/4332/4332 4319/4319/4319 4320/4320/4320
f 4333/4333/4333 4327/4327/4327 4326/4326/4326
f 4320/4320/4320 4328/4328/4328 4321/4321/4321
f 4320/4320/4320 4327/4327/4327 4328/4328/4328
f 4332/4332/4332 4320/4320/4320 4321/4321/4321
f 4333/4333/4333 4328/4328/4328 4327/4327/4327
f 4321/4321/4321 4329/4329/4329 4322/4322/4322
f 4321/4321/4321 4328/4328/4328 4329/4329/4329
f 4332/4332/4332 4321/4321/4321 4322/4322/4322
f 4333/4333/4333 4329/4329/4329 4328/4328/4328
f 4322/4322/4322 4330/4330/4330 4323/4323/4323
f 4322/4322/4322 4329/4329/4329 4330/4330/4330
f 4332/4332/4332 4322/4322/4322 4323/4323/4323
f 4333/4333/4333 4330/4330/4330 4329/4329/4329
f 4323/4323/4323 4331/4331/4331 4324/4324/4324
f 4323/4323/4323 4330/4330/4330 4331/4331/4331
f 4332/4332/4332 4323/4323/4323 4324/4324/4324
f 4333/4333/4333 4331/4331/4331 4330/4330/4330
f 4324/4324/4324 4325/4325/4325 4318/4318/4318
f 4324/4324/4324 4331/4331/4331 4325/4325/4325
f 4332/4332/4332 4324/4324/4324 4318/4318/4318
f 4333/4333/4333 4325/4325/4325 4331/4331/4331
f 4334/4334/4334 4346/4346/4346 4345/4345/4345
f 4334/4334/4334 4335/4335/4335 4346/4346/4346
f 4335/4335/4335 4347/4347/4347 4346/4346/4346
f 4335/4335/4335 4336/4336/4336 4347/4347/4347
f 4336/4336/4336 4348/4348/4348 4347/4347/4347
f 4336/4336/4336 4337/4337/4337 4348/4348/4348
f 4337/4337/4337 4349/4349/4349 4348/4348/4348
f 4337/4337/4337 4338/4338/4338 4349/4349/4349
f 4338/4338/4338 4350/4350/4350 4349/4349/4349
f 4338/4338/4338 4339/4339/4339 4350/4350/4350
f 4339/4339/4339 4351/4351/4351 4350/4350/4350
f 4339/4339/4339 4340/4340/4340 4351/4351/4351
f 4340/4340/4340 4352/4352/4352 4351/4351/4351
f 4340/4340/4340 4341/4341/4341 4352/4352/4352
f 4341/4341/4341 4353/4353/4353 4352/4352/4352
f 4341/4341/4341 4342/4342/4342 4353/4353/4353
f 4342/4342/4342 4354/4354/4354 4353/4353/4353
f 4342/4342/4342 4343/4343/4343 4354/4354/4354
f 4343/4343/4343 4355/4355/4355 4354/4354/4354
f 4343/4343/4343 4344/4344/4344 4355/4355/4355
f 4345/4345/4345 4357/4357/4357 4356/4356/4356
f 4345/4345/4345 4346/4346/4346 4357/4357/4357
f 4346/4346/4346 4358/4358/4358 4357/4357/4357
f 4346/4346/4346 4347/4347/4347 4358/4358/4358
f 4347/4347/4347 4359/4359/4359 4358/4358/4358
f 4347/4347/4347 4348/4348/4348 4359/4359/4359
f 4348/4348/4348 4360/4360/4360 4359/4359/4359
f 4348/4348/4348 4349/4349/4349 4360/4360/4360
f 4349/4349/4349 4361/4361/4361 4360/4360/4360
f 4349/4349/4349 4350/4350/4350 4361/4361/4361
f 4350/4350/4350 4362/4362/4362 4361/4361/4361
f 4350/4350/4350 4351/4351/4351 4362/4362/4362
f 4351/4351/4351 4363/4363/4363 4362/4362/4362
f 4351/4351/4351 4352/4352/4352 4363/4363/4363
f 4352/4352/4352 4364/4364/4364 4363/4363/4363
f 4352/4352/4352 4353/4353/4353 4364/4364/4364
f 4353/4353/4353 4365/4365/4365 4364/4364/4364
f 4353/4353/4353 4354/4354/4354 4365/4365/4365
f 4354/4354/4354 4366/4366/4366 4365/4365/4365
f 4354/4354/4354 4355/4355/4355 4366/4366/4366
f 4356/4356/4356 4368/4368/4368 4367/4367/4367
f 4356/4356/4356 4357/4357/4357 4368/4368/4368
f 4357/4357/4357 4369/4369/4369 4368/4368/4368
f 4357/4357/4357 4358/4358/4358 4369/4369/4369
f 4358/4358/4358 4370/4370/4370 4369/4369/4369
f 4358/4358/4358 4359/4359/4359 4370/4370/4370
f 4359/4359/4359 4371/4371/4371 4370/4370/4370
f 4359/4359/4359 4360/4360/4360 4371/4371/4371
f 4360/4360/4360 4372/4372/4372 4371/4371/4371
f 4360/4360/4360 4361/4361/4361 4372/4372/4372
f 4361/4361/4361 4373/4373/4373 4372/4372/4372
f 4361/4361/4361 4362/4362/4362 4373/4373/4373
f 4362/4362/4362 4374/4374/4374 4373/4373/4373
f 4362/4362/4362 4363/4363/4363 4374/4374/4374
f 4363/4363/4363 4375/4375/4375 4374/4374/4374
f 4363/4363/4363 4364/4364/4364 4375/4375/4375
f 4364/4364/4364 4376/4376/4376 4375/4375/4375
f 4364/4364/4364 4365/4365/4365 4376/4376/4376
f 4365/4365/4365 4377/4377/4377 4376/4376/4376
f 4365/4365/4365 4366/4366/4366 4377/4377/4377
f 4367/4367/4367 4379/4379/4379 4378/4378/4378
f 4367/4367/4367 4368/4368/4368 4379/4379/4379
f 4368/4368/4368 4380/4380/4380 4379/4379/4379
f 4368/4368/4368 4369/4369/4369 4380/4380/4380
f 4369/4369/4369 4381/4381/4381 4380/4380/4380
f 4369/4369/4369 4370/4370/4370 4381/4381/4381
f 4370/4370/4370 4382/4382/4382 4381/4381/4381
f 4370/4370/4370 4371/4371/4371 4382/4382/4382
f 4371/4371/4371 4383/4383/4383 4382/4382/4382
f 4371/4371/4371 4372/4372/4372 4383/4383/4383
f 4372/4372/4372 4384/4384/4384 4383/4383/4383
f 4372/4372/4372 4373/4373/4373 4384/4384/4384
f 4373/4373/4373 4385/4385/4385 4384/4384/4384
f 4373/4373/4373 4374/4374/4374 4385/4385/4385
f 4374/4374/4374 4386/4386/4386 4385/4385/4385
f 4374/4374/4374 4375/4375/4375 4386/4386/4386
f 4375/4375/4375 4387/4387/4387 4386/4386/4386
f 4375/4375/4375 4376/4376/4376 4387/4387/4387
f 4376/4376/4376 4388/4388/4388 4387/4387/4387
f 4376/4376/4376 4377/4377/4377 4388/4388/4388
f 4378/4378/4378 4390/4390/4390 4389/4389/4389
f 4378/4378/4378 4379/4379/4379 4390/4390/4390
f 4379/4379/4379 4391/4391/4391 4390/4390/4390
f 4379/4379/4379 4380/4380/4380 4391/4391/4391
f 4380/4380/4380 4392/4392/4392 4391/4391/4391
f 4380/4380/4380 4381/4381/4381 4392/4392/4392
f 4381/4381/4381 4393/4393/4393 4392/4392/4392
f 4381/4381/4381 4382/4382/4382 4393/4393/4393
f 4382/4382/4382 4394/4394/4394 4393/4393/4393
f 4382/4382/4382 4383/4383/4383 4394/4394/4394
f 4383/4383/4383 4395/4395/4395 4394/4394/4394
f 4383/4383/4383 4384/4384/4384 4395/4395/4395
f 4384/4384/4384 4396/4396/4396 4395/4395/4395
f 4384/4384/4384 4385/4385/4385 4396/4396/4396
f 4385/4385/4385 4397/4397/4397 4396/4396/4396
f 4385/4385/4385 4386/4386/4386 4397/4397/4397
f 4386/4386/4386 4398/4398/4398 4397/4397/4397
f 4386/4386/4386 4387/4387/4387 4398/4398/4398
f 4387/4387/4387 4399/4399/4399 4398/4398/4398
f 4387/4387/4387 4388/4388/4388 4399/4399/4399
f 4389/4389/4389 4401/4401/4401 4400/4400/4400
f 4389/4389/4389 4390/4390/4390 4401/4401/4401
f 4390/4390/4390 4402/4402/4402 4401/4401/4401
f 4390/4390/4390 4391/4391/4391 4402/4402/4402
f 4391/4391/4391 4403/4403/4403 4402/4402/4402
f 4391/4391/4391 4392/4392/4392 4403/4403/4403
f 4392/4392/4392 4404/4404/4404 4403/4403/4403
f 4392/4392/4392 4393/4393/4393 4404/4404/4404
f 4393/4393/4393 4405/4405/4405 4404/4404/4404
f 4393/4393/4393 4394/4394/4394 4405/4405/4405
f 4394/4394/4394 4406/4406/4406 4405/4405/4405
f 4394/4394/4394 4395/4395/4395 4406/4406/4406
f 4395/4395/4395 4407/4407/4407 4406/4406/4406
f 4395/4395/4395 4396/4396/4396 4407/4407/4407
f 4396/4396/4396 4408/4408/4408 4407/4407/4407
f 4396/4396/4396 4397/4397/4397 4408/4408/4408
f 4397/4397/4397 4409/4409/4409 4408/4408/4408
f 4397/4397/4397 4398/4398/4398 4409/4409/4409
f 4398/4398/4398 4410/4410/4410 4409/4409/4409
f 4398/4398/4398 4399/4399/4399 4410/4410/4410
f 4400/4400/4400 4412/4412/4412 4411/4411/4411
f 4400/4400/4400 4401/4401/4401 4412/4412/4412
f 4401/4401/4401 4413/4413/4413 4412/4412/4412
f 4401/4401/4401 4402/4402/4402 4413/4413/4413
f 4402/4402/4402 4414/4414/4414 4413/4413/4413
f 4402/4402/4402 4403/4403/4403 4414/4414/4414
f 4403/4403/4403 4415/4415/4415 4414/4414/4414
f 4403/4403/4403 4404/4404/4404 4415/4415/4415
f 4404/4404/4404 4416/4416/4416 4415/4415/4415
f 4404/4404/4404 4405/4405/4405 4416/4416/4416
f 4405/4405/4405 4417/4417/4417 4416/4416/4416
f 4405/4405/4405 4406/4406/4406 4417/4417/4417
f 4406/4406/4406 4418/4418/4418 4417/4417/4417
f 4406/4406/4406 4407/4407/4407 4418/4418/4418
f 4407/4407/4407 4419/4419/4419 4418/4418/4418
f 4407/4407/4407 4408/4408/4408 4419/4419/4419
f 4408/4408/4408 4420/4420/4420 4419/4419/4419
f 4408/4408/4408 4409/4409/4409 4420/4420/4420
f 4409/4409/4409 4421/4421/4421 4420/4420/4420
f 4409/4409/4409 4410/4410/4410 4421/4421/4421
f 4411/4411/4411 4423/4423/4423 4422/4422/4422
f 4411/4411/4411 4412/4412/4412 4423/4423/4423
f 4412/4412/4412 4424/4424/4424 4423/4423/4423
f 4412/4412/4412 4413/4413/4413 4424/4424/4424
f 4413/4413/4413 4425/4425/4425 4424/4424/4424
f 4413/4413/4413 4414/4414/4414 4425/4425/4425
f 4414/4414/4414 4426/4426/4426 4425/4425/4425
f 4414/4414/4414 4415/4415/4415 4426/4426/4426
f 4415/4415/4415 4427/4427/4427 4426/4426/4426
f 4415/4415/4415 4416/4416/4416 4427/4427/4427
f 4416/4416/4416 4428/4428/4428 4427/4427/4427
f 4416/4416/4416 4417/4417/4417 4428/4428/4428
f 4417/4417/4417 4429/4429/4429 4428/4428/4428
f 4417/4417/4417 4418/4418/4418 4429/4429/4429
f 4418/4418/4418 4430/4430/4430 4429/4429/4429
f 4418/4418/4418 4419/4419/4419 4430/4430/4430
f 4419/4419/4419 4431/4431/4431 4430/4430/4430
f 4419/4419/4419 4420/4420/4420 4431/4431/4431
f 4420/4420/4420 4432/4432/4432 4431/4431/4431
f 4420/4420/4420 4421/4421/4421 4432/4432/4432
f 4433/4433/4433 4441/4441/4441 4434/4434/4434
f 4433/4433/4433 4440/4440/4440 4441/4441/4441
f 4447/4447/4447 4433/4433/4433 4434/4434/4434
f 4448/4448/4448 4441/4441/4441 4440/4440/4440
f 4434/4434/4434 4442/4442/4442 4435/4435/4435
f 4434/4434/4434 4441/4441/4441 4442/4442/4442
f 4447/4447/4447 4434/4434/4434 4435/4435/4435
f 4448/4448/4448 4442/4442/4442 4441/4441/4441
f 4435/4435/4435 4443/4443/4443 4436/4436/4436
f 4435/4435/4435 4442/4442/4442 4443/4443/4443
f 4447/4447/4447 4435/4435/4435 4436/4436/4436
f 4448/4448/4448 4443/4443/4443 4442/4442/4442
f 4436/4436/4436 4444/4444/4444 4437/4437/4437
f 4436/4436/4436 4443/4443/4443 4444/4444/4444
f 4447/4447/4447 4436/4436/4436 4437/4437/4437
f 4448/4448/4448 4444/4444/4444 4443/4443/4443
f 4437/4437/4437 4445/4445/4445 4438/4438/4438
f 4437/4437/4437 4444/4444/4444 4445/4445/4445
f 4447/4447/4447 4437/4437/4437 4438/4438/4438
f 4448/4448/4448 4445/4445/4445 4444/4444/4444
f 4438/4438/4438 4446/4446/4446 4439/4439/4439
f 4438/4438/4438 4445/4445/4445 4446/4446/4446
f 4447/4447/4447 4438/4438/4438 4439/4439/4439
f 4448/4448/4448 4446/4446/4446 4445/4445/4445
f 4439/4439/4439 4440/4440/4440 4433/4433/4433
f 4439/4439/4439 4446/4446/4446 4440/4440/4440
f 4447/4447/4447 4439/4439/4439 4433/4433/4433
f 4448/4448/4448 4440/4440/4440 4446/4446/4446
f 4449/4449/4449 4461/4461/4461 4460/4460/4460
f 4449/4449/4449 4450/4450/4450 4461/4461/4461
f 4450/4450/4450 4462/4462/4462 4461/4461/4461
f 4450/4450/4450 4451/4451/4451 4462/4462/4462
f 4451/4451/4451 4463/4463/4463 4462/4462/4462
f 4451/4451/4451 4452/4452/4452 4463/4463/4463
f 4452/4452/4452 4464/4464/4464 4463/4463/4463
f 4452/4452/4452 4453/4453/4453 4464/4464/4464
f 4453/4453/4453 4465/4465/4465 4464/4464/4464
f 4453/4453/4453 4454/4454/4454 4465/4465/4465
f 4454/4454/4454 4466/4466/4466 4465/4465/4465
f 4454/4454/4454 4455/4455/4455 4466/4466/4466
f 4455/4455/4455 4467/4467/4467 4466/4466/4466
f 4455/4455/4455 4456/4456/4456 4467/4467/4467
f 4456/4456/4456 4468/4468/4468 4467/4467/4467
f 4456/4456/4456 4457/4457/4457 4468/4468/4468
f 4457/4457/4457 4469/4469/4469 4468/4468/4468
f 4457/4457/4457 4458/4458/4458 4469/4469/4469
f 4458/4458/4458 4470/4470/4470 4469/4469/4469
f 4458/4458/4458 4459/4459/4459 4470/4470/4470
f 4460/4460/4460 4472/4472/4472 4471/4471/4471
f 4460/4460/4460 4461/4461/4461 4472/4472/4472
f 4461/4461/4461 4473/4473/4473 4472/4472/4472
f 4461/4461/4461 4462/4462/4462 4473/4473/4473
f 4462/4462/4462 4474/4474/4474 4473/4473/4473
f 4462/4462/4462 4463/4463/4463 4474/4474/4474
f 4463/4463/4463 4475/4475/4475 4474/4474/4474
f 4463/4463/4463 4464/4464/4464 4475/4475/4475
f 4464/4464/4464 4476/4476/4476 4475/4475/4475
f 4464/4464/4464 4465/4465/4465 4476/4476/4476
f 4465/4465/4465 4477/4477/4477 4476/4476/4476
f 4465/4465/4465 4466/4466/4466 4477/4477/4477
f 4466/4466/4466 4478/4478/4478 4477/4477/4477
f 4466/4466/4466 4467/4467/4467 4478/4478/4478
f 4467/4467/4467 4479/4479/4479 4478/4478/4478
f 4467/4467/4467 4468/4468/4468 4479/4479/4479
f 4468/4468/4468 4480/4480/4480 4479/4479/4479
f 4468/4468/4468 4469/4469/4469 4480/4480/4480
f 4469/4469/4469 4481/4481/4481 4480/4480/4480
f 4469/4469/4469 4470/4470/4470 4481/4481/4481
f 4471/4471/4471 4483/4483/4483 4482/4482/4482
f 4471/4471/4471 4472/4472/4472 4483/4483/4483
f 4472/4472/4472 4484/4484/4484 4483/4483/4483
f 4472/4472/4472 4473/4473/4473 4484/4484/4484
f 4473/4473/4473 4485/4485/4485 4484/4484/4484
f 4473/4473/4473 4474/4474/4474 4485/4485/4485
f 4474/4474/4474 4486/4486/4486 4485/4485/4485
f 4474/4474/4474 4475/4475/4475 4486/4486/4486
f 4475/4475/4475 4487/4487/4487 4486/4486/4486
f 4475/4475/4475 4476/4476/4476 4487/4487/4487
f 4476/4476/4476 4488/4488/4488 4487/4487/4487
f 4476/4476/4476 4477/4477/4477 4488/4488/4488
f 4477/4477/4477 4489/4489/4489 4488/4488/4488
f 4477/4477/4477 4478/4478/4478 4489/4489/4489
f 4478/4478/4478 4490/4490/4490 4489/4489/4489
f 4478/4478/4478 4479/4479/4479 4490/4490/4490
f 4479/4479/4479 4491/4491/4491 4490/4490/4490
f 4479/4479/4479 4480/4480/4480 4491/4491/4491
f 4480/4480/4480 4492/4492/4492 4491/4491/4491
f 4480/4480/4480 4481/4481/4481 4492/4492/4492
f 4482/4482/4482 4494/4494/4494 4493/4493/4493
f 4482/4482/4482 4483/4483/4483 4494/4494/4494
f 4483/4483/4483 4495/4495/4495 4494/4494/4494
f 4483/4483/4483 4484/4484/4484 4495/4495/4495
f 4484/4484/4484 4496/4496/4496 4495/4495/4495
f 4484/4484/4484 4485/4485/4485 4496/4496/4496
f 4485/4485/4485 4497/4497/4497 4496/4496/4496
f 4485/4485/4485 4486/4486/4486 4497/4497/4497
f 4486/4486/4486 4498/4498/4498 4497/4497/4497
f 4486/4486/4486 4487/4487/4487 4498/4498/4498
f 4487/4487/4487 4499/4499/4499 4498/4498/4498
f 4487/4487/4487 4488/4488/4488 4499/4499/4499
f 4488/4488/4488 4500/4500/4500 4499/4499/4499
f 4488/4488/4488 4489/4489/4489 4500/4500/4500
f 4489/4489/4489 4501/4501/4501 4500/4500/4500
f 4489/4489/4489 4490/4490/4490 4501/4501/4501
f 4490/4490/4490 4502/4502/4502 4501/4501/4501
f 4490/4490/4490 4491/4491/4491 4502/4502/4502
f 4491/4491/4491 4503/4503/4503 4502/4502/4502
f 4491/4491/4491 4492/4492/4492 4503/4503/4503
f 4493/4493/4493 4505/4505/4505 4504/4504/4504
f 4493/4493/4493 4494/4494/4494 4505/4505/4505
f 4494/4494/4494 4506/4506/4506 4505/4505/4505
f 4494/4494/4494 4495/4495/4495 4506/4506/4506
f 4495/4495/4495 4507/4507/4507 4506/4506/4506
f 4495/4495/4495 4496/4496/4496 4507/4507/4507
f 4496/4496/4496 4508/4508/4508 4507/4507/4507
f 4496/4496/4496 4497/4497/4497 4508/4508/4508
f 4497/4497/4497 4509/4509/4509 4508/4508/4508
f 4497/4497/4497 4498/4498/4498 4509/4509/4509
f 4498/4498/4498 4510/4510/4510 4509/4509/4509
f 4498/4498/4498 4499/4499/4499 4510/4510/4510
f 4499/4499/4499 4511/4511/4511 4510/4510/4510
f 4499/4499/4499 4500/4500/4500 4511/4511/4511
f 4500/4500/4500 4512/4512/4512 4511/4511/4511
f 4500/4500/4500 4501/4501/4501 4512/4512/4512
f 4501/4501/4501 4513/4513/4513 4512/4512/4512
f 4501/4501/4501 4502/4502/4502 4513/4513/4513
f 4502/4502/4502 4514/4514/4514 4513/4513/4513
f 4502/4502/4502 4503/4503/4503 4514/4514/4514
f 4504/4504/4504 4516/4516/4516 4515/4515/4515
f 4504/4504/4504 4505/4505/4505 4516/4516/4516
f 4505/4505/4505 4517/4517/4517 4516/4516/4516
f 4505/4505/4505 4506/4506/4506 4517/4517/4517
f 4506/4506/4506 4518/4518/4518 4517/4517/4517
f 4506/4506/4506 4507/4507/4507 4518/4518/4518
f 4507/4507/4507 4519/4519/4519 4518/4518/4518
f 4507/4507/4507 4508/4508/4508 4519/4519/4519
f 4508/4508/4508 4520/4520/4520 4519/4519/4519
f 4508/4508/4508 4509/4509/4509 4520/4520/4520
f 4509/4509/4509 4521/4521/4521 4520/4520/4520
f 4509/4509/4509 4510/4510/4510 4521/4521/4521
f 4510/4510/4510 4522/4522/4522 4521/4521/4521
f 4510/4510/4510 4511/4511/4511 4522/4522/4522
f 4511/4511/4511 4523/4523/4523 4522/4522/4522
f 4511/4511/4511 4512/4512/4512 4523/4523/4523
f 4512/4512/4512 4524/4524/4524 4523/4523/4523
f 4512/4512/4512 4513/4513/4513 4524/4524/4524
f 4513/4513/4513 4525/4525/4525 4524/4524/4524
f 4513/4513/4513 4514/4514/4514 4525/4525/4525
f 4515/4515/4515 4527/4527/4527 4526/4526/4526
f 4515/4515/4515 4516/4516/4516 4527/4527/4527
f 4516/4516/4516 4528/4528/4528 4527/4527/4527
f 4516/4516/4516 4517/4517/4517 4528/4528/4528
f 4517/4517/4517 4529/4529/4529 4528/4528/4528
f 4517/4517/4517 4518/4518/4518 4529/4529/4529
f 4518/4518/4518 4530/4530/4530 4529/4529/4529
f 4518/4518/4518 4519/4519/4519 4530/4530/4530
f 4519/4519/4519 4531/4531/4531 4530/4530/4530
f 4519/4519/4519 4520/4520/4520 4531/4531/4531
f 4520/4520/4520 4532/4532/4532 4531/4531/4531
f 4520/4520/4520 4521/4521/4521 4532/4532/4532
f 4521/4521/4521 4533/4533/4533 4532/4532/4532
f 4521/4521/4521 4522/4522/4522 4533/4533/4533
f 4522/4522/4522 4534/4534/4534 4533/4533/4533
f 4522/4522/4522 4523/4523/4523 4534/4534/4534
f 4523/4523/4523 4535/4535/4535 4534/4534/4534
f 4523/4523/4523 4524/4524/4524 4535/4535/4535
f 4524/4524/4524 4536/4536/4536 4535/4535/4535
f 4524/4524/4524 4525/4525/4525 4536/4536/4536
f 4526/4526/4526 4538/4538/4538 4537/4537/4537
f 4526/4526/4526 4527/4527/4527 4538/4538/4538
f 4527/4527/4527 4539/4539/4539 4538/4538/4538
f 4527/4527/4527 4528/4528/4528 4539/4539/4539
f 4528/4528/4528 4540/4540/4540 4539/4539/4539
f 4528/4528/4528 4529/4529/4529 4540/4540/4540
f 4529/4529/4529 4541/4541/4541 4540/4540/4540
f 4529/4529/4529 4530/4530/4530 4541/4541/4541
f 4530/4530/4530 4542/4542/4542 4541/4541/4541
f 4530/4530/4530 4531/4531/4531 4542/4542/4542
f 4531/4531/4531 4543/4543/4543 4542/4542/4542
f 4531/4531/4531 4532/4532/4532 4543/4543/4543
f 4532/4532/4532 4544/4544/4544 4543/4543/4543
f 4532/4532/4532 4533/4533/4533 4544/4544/4544
f 4533/4533/4533 4545/4545/4545 4544/4544/4544
f 4533/4533/4533 4534/4534/4534 4545/4545/4545
f 4534/4534/4534 4546/4546/4546 4545/4545/4545
f 4534/4534/4534 4535/4535/4535 4546/4546/4546
f 4535/4535/4535 4547/4547/4547 4546/4546/4546
f 4535/4535/4535 4536/4536/4536 4547/4547/4547
f 4548/4548/4548 4556/4556/4556 4549/4549/4549
f 4548/4548/4548 4555/4555/4555 4556/4556/4556
f 4562/4562/4562 4548/4548/4548 4549/4549/4549
f 4563/4563/4563 4556/4556/4556 4555/4555/4555
f 4549/4549/4549 4557/4557/4557 4550/4550/4550
f 4549/4549/4549 4556/4556/4556 4557/4557/4557
f 4562/4562/4562 4549/4549/4549 4550/4550/4550
f 4563/4563/4563 4557/4557/4557 4556/4556/4556
f 4550/4550/4550 4558/4558/4558 4551/4551/4551
f 4550/4550/4550 4557/4557/4557 4558/4558/4558
f 4562/4562/4562 4550/4550/4550 4551/4551/4551
f 4563/4563/4563 4558/4558/4558 4557/4557/4557
f 4551/4551/4551 4559/4559/4559 4552/4552/4552
f 4551/4551/4551 4558/4558/4558 4559/4559/4559
f 4562/4562/4562 4551/4551/4551 4552/4552/4552
f 4563/4563/4563 4559/4559/4559 4558/4558/4558
f 4552/4552/4552 4560/4560/4560 4553/4553/4553
f 4552/4552/4552 4559/4559/4559 4560/4560/4560
f 4562/4562/4562 4552/4552/4552 4553/4553/4553
f 4563/4563/4563 4560/4560/4560 4559/4559/4559
f 4553/4553/4553 4561/4561/4561 4554/4554/4554
f 4553/4553/4553 4560/4560/4560 4561/4561/4561
f 4562/4562/4562 4553/4553/4553 4554/4554/4554
f 4563/4563/4563 4561/4561/4561 4560/4560/4560
f 4554/4554/4554 4555/4555/4555 4548/4548/4548
f 4554/4554/4554 4561/4561/4561 4555/4555/4555
f 4562/4562/4562 4554/4554/4554 4548/4548/4548
f 4563/4563/4563 4555/4555/4555 4561/4561/4561
f 4564/4564/4564 4576/4576/4576 4575/4575/4575
f 4564/4564/4564 4565/4565/4565 4576/4576/4576
f 4565/4565/4565 4577/4577/4577 4576/4576/4576
f 4565/4565/4565 4566/4566/4566 4577/4577/4577
f 4566/4566/4566 4578/4578/4578 4577/4577/4577
f 4566/4566/4566 4567/4567/4567 4578/4578/4578
f 4567/4567/4567 4579/4579/4579 4578/4578/4578
f 4567/4567/4567 4568/4568/4568 4579/4579/4579
f 4568/4568/4568 4580/4580/4580 4579/4579/4579
f 4568/4568/4568 4569/4569/4569 4580/4580/4580
f 4569/4569/4569 4581/4581/4581 4580/4580/4580
f 4569/4569/4569 4570/4570/4570 4581/4581/4581
f 4570/4570/4570 4582/4582/4582 4581/4581/4581
f 4570/4570/4570 4571/4571/4571 4582/4582/4582
f 4571/4571/4571 4583/4583/4583 4582/4582/4582
f 4571/4571/4571 4572/4572/4572 4583/4583/4583
f 4572/4572/4572 4584/4584/4584 4583/4583/4583
f 4572/4572/4572 4573/4573/4573 4584/4584/4584
f 4573/4573/4573 4585/4585/4585 4584/4584/4584
f 4573/4573/4573 4574/4574/4574 4585/4585/4585
f 4575/4575/4575 4587/4587/4587 4586/4586/4586
f 4575/4575/4575 4576/4576/4576 4587/4587/4587
f 4576/4576/4576 4588/4588/4588 4587/4587/4587
f 4576/4576/4576 4577/4577/4577 4588/4588/4588
f 4577/4577/4577 4589/4589/4589 4588/4588/4588
f 4577/4577/4577 4578/4578/4578 4589/4589/4589
f 4578/4578/4578 4590/4590/4590 4589/4589/4589
f 4578/4578/4578 4579/4579/4579 4590/4590/4590
f 4579/4579/4579 4591/4591/4591 4590/4590/4590
f 4579/4579/4579 4580/4580/4580 4591/4591/4591
f 4580/4580/4580 4592/4592/4592 4591/4591/4591
f 4580/4580/4580 4581/4581/4581 4592/4592/4592
f 4581/4581/4581 4593/4593/4593 4592/4592/4592
f 4581/4581/4581 4582/4582/4582 4593/4593/4593
f 4582/4582/4582 4594/4594/4594 4593/4593/4593
f 4582/4582/4582 4583/4583/4583 4594/4594/4594
f 4583/4583/4583 4595/4595/4595 4594/4594/4594
f 4583/4583/4583 4584/4584/4584 4595/4595/4595
f 4584/4584/4584 4596/4596/4596 4595/4595/4595
f 4584/4584/4584 4585/4585/4585 4596/4596/4596
f 4586/4586/4586 4598/4598/4598 4597/4597/4597
f 4586/4586/4586 4587/4587/4587 4598/4598/4598
f 4587/4587/4587 4599/4599/4599 4598/4598/4598
f 4587/4587/4587 4588/4588/4588 4599/4599/4599
f 4588/4588/4588 4600/4600/4600 4599/4599/4599
f 4588/4588/4588 4589/4589/4589 4600/4600/4600
f 4589/4589/4589 4601/4601/4601 4600/4600/4600
f 4589/4589/4589 4590/4590/4590 4601/4601/4601
f 4590/4590/4590 4602/4602/4602 4601/4601/4601
f 4590/4590/4590 4591/4591/4591 4602/4602/4602
f 4591/4591/4591 4603/4603/4603 4602/4602/4602
f 4591/4591/4591 4592/4592/4592 4603/4603/4603
f 4592/4592/4592 4604/4604/4604 4603/4603/4603
f 4592/4592/4592 4593/4593/4593 4604/4604/4604
f 4593/4593/4593 4605/4605/4605 4604/4604/4604
f 4593/4593/4593 4594/4594/4594 4605/4605/4605
f 4594/4594/4594 4606/4606/4606 4605/4605/4605
f 4594/4594/4594 4595/4595/4595 4606/4606/4606
f 4595/4595/4595 4607/4607/4607 4606/4606/4606
f 4595/4595/4595 4596/4596/4596 4607/4607/4607
f 4597/4597/4597 4609/4609/4609 4608/4608/4608
f 4597/4597/4597 4598/4598/4598 4609/4609/4609
f 4598/4598/4598 4610/4610/4610 4609/4609/4609
f 4598/4598/4598 4599/4599/4599 4610/4610/4610
f 4599/4599/4599 4611/4611/4611 4610/4610/4610
f 4599/4599/4599 4600/4600/4600 4611/4611/4611
f 4600/4600/4600 4612/4612/4612 4611/4611/4611
f 4600/4600/4600 4601/4601/4601 4612/4612/4612
f 4601/4601/4601 4613/4613/4613 4612/4612/4612
f 4601/4601/4601 4602/4602/4602 4613/4613/4613
f 4602/4602/4602 4614/4614/4614 4613/4613/4613
f 4602/4602/4602 4603/4603/4603 4614/4614/4614
f 4603/4603/4603 4615/4615/4615 4614/4614/4614
f 4603/4603/4603 4604/4604/4604 4615/4615/4615
f 4604/4604/4604 4616/4616/4616 4615/4615/4615
f 4604/4604/4604 4605/4605/4605 4616/4616/4616
f 4605/4605/4605 4617/4617/4617 4616/4616/4616
f 4605/4605/4605 4606/4606/4606 4617/4617/4617
f 4606/4606/4606 4618/4618/4618 4617/4617/4617
f 4606/4606/4606 4607/4607/4607 4618/4618/4618
f 4608/4608/4608 4620/4620/4620 4619/4619/4619
f 4608/4608/4608 4609/4609/4609 4620/4620/4620
f 4609/4609/4609 4621/4621/4621 4620/4620/4620
f 4609/4609/4609 4610/4610/4610 4621/4621/4621
f 4610/4610/4610 4622/4622/4622 4621/4621/4621
f 4610/4610/4610 4611/4611/4611 4622/4622/4622
f 4611/4611/4611 4623/4623/4623 4622/4622/4622
f 4611/4611/4611 4612/4612/4612 4623/4623/4623
f 4612/4612/4612 4624/4624/4624 4623/4623/4623
f 4612/4612/4612 4613/4613/4613 4624/4624/4624
f 4613/4613/4613 4625/4625/4625 4624/4624/4624
f 4613/4613/4613 4614/4614/4614 4625/4625/4625
f 4614/4614/4614 4626/4626/4626 4625/4625/4625
f 4614/4614/4614 4615/4615/4615 4626/4626/4626
f 4615/4615/4615 4627/4627/4627 4626/4626/4626
f 4615/4615/4615 4616/4616/4616 4627/4627/4627
f 4616/4616/4616 4628/4628/4628 4627/4627/4627
f 4616/4616/4616 4617/4617/4617 4628/4628/4628
f 4617/4617/4617 4629/4629/4629 4628/4628/4628
f 4617/4617/4617 4618/4618/4618 4629/4629/4629
f 4619/4619/4619 4631/4631/4631 4630/4630/4630
f 4619/4619/4619 4620/4620/4620 4631/4631/4631
f 4620/4620/4620 4632/4632/4632 4631/4631/4631
f 4620/4620/4620 4621/4621/4621 4632/4632/4632
f 4621/4621/4621 4633/4633/4633 4632/4632/4632
f 4621/4621/4621 4622/4622/4622 4633/4633/4633
f 4622/4622/4622 4634/4634/4634 4633/4633/4633
f 4622/4622/4622 4623/4623/4623 4634/4634/4634
f 4623/4623/4623 4635/4635/4635 4634/4634/4634
f 4623/4623/4623 4624/4624/4624 4635/4635/4635
f 4624/4624/4624 4636/4636/4636 4635/4635/4635
f 4624/4624/4624 4625/4625/4625 4636/4636/4636
f 4625/4625/4625 4637/4637/4637 4636/4636/4636
f 4625/4625/4625 4626/4626/4626 4637/4637/4637
f 4626/4626/4626 4638/4638/4638 4637/4637/4637
f 4626/4626/4626 4627/4627/4627 4638/4638/4638
f 4627/4627/4627 4639/4639/4639 4638/4638/4638
f 4627/4627/4627 4628/4628/4628 4639/4639/4639
f 4628/4628/4628 4640/4640/4640 4639/4639/4639
f 4628/4628/4628 4629/4629/4629 4640/4640/4640
f 4630/4630/4630 4642/4642/4642 4641/4641/4641
f 4630/4630/4630 4631/4631/4631 4642/4642/4642
f 4631/4631/4631 4643/4643/4643 4642/4642/4642
f 4631/4631/4631 4632/4632/4632 4643/4643/4643
f 4632/4632/4632 4644/4644/4644 4643/4643/4643
f 4632/4632/4632 4633/4633/4633 4644/4644/4644
f 4633/4633/4633 4645/4645/4645 4644/4644/4644
f 4633/4633/4633 4634/4634/4634 4645/4645/4645
f 4634/4634/4634 4646/4646/4646 4645/4645/4645
f 4634/4634/4634 4635/4635/4635 4646/4646/4646
f 4635/4635/4635 4647/4647/4647 4646/4646/4646
f 4635/4635/4635 4636/4636/4636 4647/4647/4647
f 4636/4636/4636 4648/4648/4648 4647/4647/4647
f 4636/4636/4636 4637/4637/4637 4648/4648/4648
f 4637/4637/4637 4649/4649/4649 4648/4648/4648
f 4637/4637/4637 4638/4638/4638 4649/4649/4649
f 4638/4638/4638 4650/4650/4650 4649/4649/4649
f 4638/4638/4638 4639/4639/4639 4650/4650/4650
f 4639/4639/4639 4651/4651/4651 4650/4650/4650
f 4639/4639/4639 4640/4640/4640 4651/4651/4651
f 4641/4641/4641 4653/4653/4653 4652/4652/4652
f 4641/4641/4641 4642/4642/4642 4653/4653/4653
f 4642/4642/4642 4654/4654/4654 4653/4653/4653
f 4642/4642/4642 4643/4643/4643 4654/4654/4654
f 4643/4643/4643 4655/4655/4655 4654/4654/4654
f 4643/4643/4643 4644/4644/4644 4655/4655/4655
f 4644/4644/4644 4656/4656/4656 4655/4655/4655
f 4644/4644/4644 4645/4645/4645 4656/4656/4656
f 4645/4645/4645 4657/4657/4657 4656/4656/4656
f 4645/4645/4645 4646/4646/4646 4657/4657/4657
f 4646/4646/4646 4658/4658/4658 4657/4657/4657
f 4646/4646/4646 4647/4647/4647 4658/4658/4658
f 4647/4647/4647 4659/4659/4659 4658/4658/4658
f 4647/4647/4647 4648/4648/4648 4659/4659/4659
f 4648/4648/4648 4660/4660/4660 4659/4659/4659
f 4648/4648/4648 4649/4649/4649 4660/4660/4660
f 4649/4649/4649 4661/4661/4661 4660/4660/4660
f 4649/4649/4649 4650/4650/4650 4661/4661/4661
f 4650/4650/4650 4662/4662/4662 4661/4661/4661
f 4650/4650/4650 4651/4651/4651 4662/4662/4662
f 4663/4663/4663 4671/4671/4671 4664/4664/4664
f 4663/4663/4663 4670/4670/4670 4671/4671/4671
f 4677/4677/4677 4663/4663/4663 4664/4664/4664
f 4678/4678/4678 4671/4671/4671 4670/4670/4670
f 4664/4664/4664 4672/4672/4672 4665/4665/4665
f 4664/4664/4664 4671/4671/4671 4672/4672/4672
f 4677/4677/4677 4664/4664/4664 4665/4665/4665
f 4678/4678/4678 4672/4672/4672 4671/4671/4671
f 4665/4665/4665 4673/4673/4673 4666/4666/4666
f 4665/4665/4665 4672/4672/4672 4673/4673/4673
f 4677/4677/4677 4665/4665/4665 4666/4666/4666
f 4678/4678/4678 4673/4673/4673 4672/4672/4672
f 4666/4666/4666 4674/4674/4674 4667/4667/4667
f 4666/4666/4666 4673/4673/4673 4674/4674/4674
f 4677/4677/4677 4666/4666/4666 4667/4667/4667
f 4678/4678/4678 4674/4674/4674 4673/4673/4673
f 4667/4667/4667 4675/4675/4675 4668/4668/4668
f 4667/4667/4667 4674/4674/4674 4675/4675/4675
f 4677/4677/4677 4667/4667/4667 4668/4668/4668
f 4678/4678/4678 4675/4675/4675 4674/4674/4674
f 4668/4668/4668 4676/4676/4676 4669/4669/4669
f 4668/4668/4668 4675/4675/4675 4676/4676/4676
f 4677/4677/4677 4668/4668/4668 4669/4669/4669
f 4678/4678/4678 4676/4676/4676 4675/4675/4675
f 4669/4669/4669 4670/4670/4670 4663/4663/4663
f 4669/4669/4669 4676/4676/4676 4670/4670/4670
f 4677/4677/4677 4669/4669/4669 4663/4663/4663
f 4678/4678/4678 4670/4670/4670 4676/4676/4676
f 4679/4679/4679 4691/4691/4691 4690/4690/4690
f 4679/4679/4679 4680/4680/4680 4691/4691/4691
f 4680/4680/4680 4692/4692/4692 4691/4691/4691
f 4680/4680/4680 4681/4681/4681 4692/4692/4692
f 4681/4681/4681 4693/4693/4693 4692/4692/4692
f 4681/4681/4681 4682/4682/4682 4693/4693/4693
f 4682/4682/4682 4694/4694/4694 4693/4693/4693
f 4682/4682/4682 4683/4683/4683 4694/4694/4694
f 4683/4683/4683 4695/4695/4695 4694/4694/4694
f 4683/4683/4683 4684/4684/4684 4695/4695/4695
f 4684/4684/4684 4696/4696/4696 4695/4695/4695
f 4684/4684/4684 4685/4685/4685 4696/4696/4696
f 4685/4685/4685 4697/4697/4697 4696/4696/4696
f 4685/4685/4685 4686/4686/4686 4697/4697/4697
f 4686/4686/4686 4698/4698/4698 4697/4697/4697
f 4686/4686/4686 4687/4687/4687 4698/4698/4698
f 4687/4687/4687 4699/4699/4699 4698/4698/4698
f 4687/4687/4687 4688/4688/4688 4699/4699/4699
f 4688/4688/4688 4700/4700/4700 4699/4699/4699
f 4688/4688/4688 4689/4689/4689 4700/4700/4700
f 4690/4690/4690 4702/4702/4702 4701/4701/4701
f 4690/4690/4690 4691/4691/4691 4702/4702/4702
f 4691/4691/4691 4703/4703/4703 4702/4702/4702
f 4691/4691/4691 4692/4692/4692 4703/4703/4703
f 4692/4692/4692 4704/4704/4704 4703/4703/4703
f 4692/4692/4692 4693/4693/4693 4704/4704/4704
f 4693/4693/4693 4705/4705/4705 4704/4704/4704
f 4693/4693/4693 4694/4694/4694 4705/4705/4705
f 4694/4694/4694 4706/4706/4706 4705/4705/4705
f 4694/4694/4694 4695/4695/4695 4706/4706/4706
f 4695/4695/4695 4707/4707/4707 4706/4706/4706
f 4695/4695/4695 4696/4696/4696 4707/4707/4707
f 4696/4696/4696 4708/4708/4708 4707/4707/4707
f 4696/4696/4696 4697/4697/4697 4708/4708/4708
f 4697/4697/4697 4709/4709/4709 4708/4708/4708
f 4697/4697/4697 4698/4698/4698 4709/4709/4709
f 4698/4698/4698 4710/4710/4710 4709/4709/4709
f 4698/4698/4698 4699/4699/4699 4710/4710/4710
f 4699/4699/4699 4711/4711/4711 4710/4710/4710
f 4699/4699/4699 4700/4700/4700 4711/4711/4711
f 4701/4701/4701 4713/4713/4713 4712/4712/4712
f 4701/4701/4701 4702/4702/4702 4713/4713/4713
f 4702/4702/4702 4714/4714/4714 4713/4713/4713
f 4702/4702/4702 4703/4703/4703 4714/4714/4714
f 4703/4703/4703 4715/4715/4715 4714/4714/4714
f 4703/4703/4703 4704/4704/4704 4715/4715/4715
f 4704/4704/4704 4716/4716/4716 4715/4715/4715
f 4704/4704/4704 4705/4705/4705 4716/4716/4716
f 4705/4705/4705 4717/4717/4717 4716/4716/4716
f 4705/4705/4705 4706/4706/4706 4717/4717/4717
f 4706/4706/4706 4718/4718/4718 4717/4717/4717
f 4706/4706/4706 4707/4707/4707 4718/4718/4718
f 4707/4707/4707 4719/4719/4719 4718/4718/4718
f 4707/4707/4707 4708/4708/4708 4719/4719/4719
f 4708/4708/4708 4720/4720/4720 4719/4719/4719
f 4708/4708/4708 4709/4709/4709 4720/4720/4720
f 4709/4709/4709 4721/4721/4721 4720/4720/4720
f 4709/4709/4709 4710/4710/4710 4721/4721/4721
f 4710/4710/4710 4722/4722/4722 4721/4721/4721
f 4710/4710/4710 4711/4711/4711 4722/4722/4722
f 4712/4712/4712 4724/4724/4724 4723/4723/4723
f 4712/4712/4712 4713/4713/4713 4724/4724/4724
f 4713/4713/4713 4725/4725/4725 4724/4724/4724
f 4713/4713/4713 4714/4714/4714 4725/4725/4725
f 4714/4714/4714 4726/4726/4726 4725/4725/4725
f 4714/4714/4714 4715/4715/4715 4726/4726/4726
f 4715/4715/4715 4727/4727/4727 4726/4726/4726
f 4715/4715/4715 4716/4716/4716 4727/4727/4727
f 4716/4716/4716 4728/4728/4728 4727/4727/4727
f 4716/4716/4716 4717/4717/4717 4728/4728/4728
f 4717/4717/4717 4729/4729/4729 4728/4728/4728
f 4717/4717/4717 4718/4718/4718 4729/4729/4729
f 4718/4718/4718 4730/4730/4730 4729/4729/4729
f 4718/4718/4718 4719/4719/4719 4730/4730/4730
f 4719/4719/4719 4731/4731/4731 4730/4730/4730
f 4719/4719/4719 4720/4720/4720 4731/4731/4731
f 4720/4720/4720 4732/4732/4732 4731/4731/4731
f 4720/4720/4720 4721/4721/4721 4732/4732/4732
f 4721/4721/4721 4733/4733/4733 4732/4732/4732
f 4721/4721/4721 4722/4722/4722 4733/4733/4733
f 4723/4723/4723 4735/4735/4735 4734/4734/4734
f 4723/4723/4723 4724/4724/4724 4735/4735/4735
f 4724/4724/4724 4736/4736/4736 4735/4735/4735
f 4724/4724/4724 4725/4725/4725 4736/4736/4736
f 4725/4725/4725 4737/4737/4737 4736/4736/4736
f 4725/4725/4725 4726/4726/4726 4737/4737/4737
f 4726/4726/4726 4738/4738/4738 4737/4737/4737
f 4726/4726/4726 4727/4727/4727 4738/4738/4738
f 4727/4727/4727 4739/4739/4739 4738/4738/4738
f 4727/4727/4727 4728/4728/4728 4739/4739/4739
f 4728/4728/4728 4740/4740/4740 4739/4739/4739
f 4728/4728/4728 4729/4729/4729 4740/4740/4740
f 4729/4729/4729 4741/4741/4741 4740/4740/4740
f 4729/4729/4729 4730/4730/4730 4741/4741/4741
f 4730/4730/4730 4742/4742/4742 4741/4741/4741
f 4730/4730/4730 4731/4731/4731 4742/4742/4742
f 4731/4731/4731 4743/4743/4743 4742/4742/4742
f 4731/4731/4731 4732/4732/4732 4743/4743/4743
f 4732/4732/4732 4744/4744/4744 4743/4743/4743
f 4732/4732/4732 4733/4733/4733 4744/4744/4744
f 4734/4734/4734 4746/4746/4746 4745/4745/4745
f 4734/4734/4734 4735/4735/4735 4746/4746/4746
f 4735/4735/4735 4747/4747/4747 4746/4746/4746
f 4735/4735/4735 4736/4736/4736 4747/4747/4747
f 4736/4736/4736 4748/4748/4748 4747/4747/4747
f 4736/4736/4736 4737/4737/4737 4748/4748/4748
f 4737/4737/4737 4749/4749/4749 4748/4748/4748
f 4737/4737/4737 4738/4738/4738 4749/4749/4749
f 4738/4738/4738 4750/4750/4750 4749/4749/4749
f 4738/4738/4738 4739/4739/4739 4750/4750/4750
f 4739/4739/4739 4751/4751/4751 4750/4750/4750
f 4739/4739/4739 4740/4740/4740 4751/4751/4751
f 4740/4740/4740 4752/4752/4752 4751/4751/4751
f 4740/4740/4740 4741/4741/4741 4752/4752/4752
f 4741/4741/4741 4753/4753/4753 4752/4752/4752
f 4741/4741/4741 4742/4742/4742 4753/4753/4753
f 4742/4742/4742 4754/4754/4754 4753/4753/4753
f 4742/4742/4742 4743/4743/4743 4754/4754/4754
f 4743/4743/4743 4755/4755/4755 4754/4754/4754
f 4743/4743/4743 4744/4744/4744 4755/4755/4755
f 4745/4745/4745 4757/4757/4757 4756/4756/4756
f 4745/4745/4745 4746/4746/4746 4757/4757/4757
f 4746/4746/4746 4758/4758/4758 4757/4757/4757
f 4746/4746/4746 4747/4747/4747 4758/4758/4758
f 4747/4747/4747 4759/4759/4759 4758/4758/4758
f 4747/4747/4747 4748/4748/4748 4759/4759/4759
f 4748/4748/4748 4760/4760/4760 4759/4759/4759
f 4748/4748/4748 4749/4749/4749 4760/4760/4760
f 4749/4749/4749 4761/4761/4761 4760/4760/4760
f 4749/4749/4749 4750/4750/4750 4761/4761/4761
f 4750/4750/4750 4762/4762/4762 4761/4761/4761
f 4750/4750/4750 4751/4751/4751 4762/4762/4762
f 4751/4751/4751 4763/4763/4763 4762/4762/4762
f 4751/4751/4751 4752/4752/4752 4763/4763/4763
f 4752/4752/4752 4764/4764/4764 4763/4763/4763
f 4752/4752/4752 4753/4753/4753 4764/4764/4764
f 4753/4753/4753 4765/4765/4765 4764/4764/4764
f 4753/4753/4753 4754/4754/4754 4765/4765/4765
f 4754/4754/4754 4766/4766/4766 4765/4765/4765
f 4754/4754/4754 4755/4755/4755 4766/4766/4766
f 4756/4756/4756 4768/4768/4768 4767/4767/4767
f 4756/4756/4756 4757/4757/4757 4768/4768/4768
f 4757/4757/4757 4769/4769/4769 4768/4768/4768
f 4757/4757/4757 4758/4758/4758 4769/4769/4769
f 4758/4758/4758 4770/4770/4770 4769/4769/4769
f 4758/4758/4758 4759/4759/4759 4770/4770/4770
f 4759/4759/4759 4771/4771/4771 4770/4770/4770
f 4759/4759/4759 4760/4760/4760 4771/4771/4771
f 4760/4760/4760 4772/4772/4772 4771/4771/4771
f 4760/4760/4760 4761/4761/4761 4772/4772/4772
f 4761/4761/4761 4773/4773/4773 4772/4772/4772
f 4761/4761/4761 4762/4762/4762 4773/4773/4773
f 4762/4762/4762 4774/4774/4774 4773/4773/4773
f 4762/4762/4762 4763/4763/4763 4774/4774/4774
f 4763/4763/4763 4775/4775/4775 4774/4774/4774
f 4763/4763/4763 4764/4764/4764 4775/4775/4775
f 4764/4764/4764 4776/4776/4776 4775/4775/4775
f 4764/4764/4764 4765/4765/4765 4776/4776/4776
f 4765/4765/4765 4777/4777/4777 4776/4776/4776
f 4765/4765/4765 4766/4766/4766 4777/4777/4777
f 4778/4778/4778 4786/4786/4786 4779/4779/4779
f 4778/4778/4778 4785/4785/4785 4786/4786/4786
f 4792/4792/4792 4778/4778/4778 4779/4779/4779
f 4793/4793/4793 4786/4786/4786 4785/4785/4785
f 4779/4779/4779 4787/4787/4787 4780/4780/4780
f 4779/4779/4779 4786/4786/4786 4787/4787/4787
f 4792/4792/4792 4779/4779/4779 4780/4780/4780
f 4793/4793/4793 4787/4787/4787 4786/4786/4786
f 4780/4780/4780 4788/4788/4788 4781/4781/4781
f 4780/4780/4780 4787/4787/4787 4788/4788/4788
f 4792/4792/4792 4780/4780/4780 4781/4781/4781
f 4793/4793/4793 4788/4788/4788 4787/4787/4787
f 4781/4781/4781 4789/4789/4789 4782/4782/4782
f 4781/4781/4781 4788/4788/4788 4789/4789/4789
f 4792/4792/4792 4781/4781/4781 4782/4782/4782
f 4793/4793/4793 4789/4789/4789 4788/4788/4788
f 4782/4782/4782 4790/4790/4790 4783/4783/4783
f 4782/4782/4782 4789/4789/4789 4790/4790/4790
f 4792/4792/4792 4782/4782/4782 4783/4783/4783
f 4793/4793/4793 4790/4790/4790 4789/4789/4789
f 4783/4783/4783 4791/4791/4791 4784/4784/4784
f 4783/4783/4783 4790/4790/4790 4791/4791/4791
f 4792/4792/4792 4783/4783/4783 4784/4784/4784
f 4793/4793/4793 4791/4791/4791 4790/4790/4790
f 4784/4784/4784 4785/4785/4785 4778/4778/4778
f 4784/4784/4784 4791/4791/4791 4785/4785/4785
f 4792/4792/4792 4784/4784/4784 4778/4778/4778
f 4793/4793/4793 4785/4785/4785 4791/4791/4791
f 4794/4794/4794 4806/4806/4806 4805/4805/4805
f 4794/4794/4794 4795/4795/4795 4806/4806/4806
f 4795/4795/4795 4807/4807/4807 4806/4806/4806
f 4795/4795/4795 4796/4796/4796 4807/4807/4807
f 4796/4796/4796 4808/4808/4808 4807/4807/4807
f 4796/4796/4796 4797/4797/4797 4808/4808/4808
f 4797/4797/4797 4809/4809/4809 4808/4808/4808
f 4797/4797/4797 4798/4798/4798 4809/4809/4809
f 4798/4798/4798 4810/4810/4810 4809/4809/4809
f 4798/4798/4798 4799/4799/4799 4810/4810/4810
f 4799/4799/4799 4811/4811/4811 4810/4810/4810
f 4799/4799/4799 4800/4800/4800 4811/4811/4811
f 4800/4800/4800 4812/4812/4812 4811/4811/4811
f 4800/4800/4800 4801/4801/4801 4812/4812/4812
f 4801/4801/4801 4813/4813/4813 4812/4812/4812
f 4801/4801/4801 4802/4802/4802 4813/4813/4813
f 4802/4802/4802 4814/4814/4814 4813/4813/4813
f 4802/4802/4802 4803/4803/4803 4814/4814/4814
f 4803/4803/4803 4815/4815/4815 4814/4814/4814
f 4803/4803/4803 4804/4804/4804 4815/4815/4815
f 4805/4805/4805 4817/4817/4817 4816/4816/4816
f 4805/4805/4805 4806/4806/4806 4817/4817/4817
f 4806/4806/4806 4818/4818/4818 4817/4817/4817
f 4806/4806/4806 4807/4807/4807 4818/4818/4818
f 4807/4807/4807 4819/4819/4819 4818/4818/4818
f 4807/4807/4807 4808/4808/4808 4819/4819/4819
f 4808/4808/4808 4820/4820/4820 4819/4819/4819
f 4808/4808/4808 4809/4809/4809 4820/4820/4820
f 4809/4809/4809 4821/4821/4821 4820/4820/4820
f 4809/4809/4809 4810/4810/4810 4821/4821/4821
f 4810/4810/4810 4822/4822/4822 4821/4821/4821
f 4810/4810/4810 4811/4811/4811 4822/4822/4822
f 4811/4811/4811 4823/4823/4823 4822/4822/4822
f 4811/4811/4811 4812/4812/4812 4823/4823/4823
f 4812/4812/4812 4824/4824/4824 4823/4823/4823
f 4812/4812/4812 4813/4813/4813 4824/4824/4824
f 4813/4813/4813 4825/4825/4825 4824/4824/4824
f 4813/4813/4813 4814/4814/4814 4825/4825/4825
f 4814/4814/4814 4826/4826/4826 4825/4825/4825
f 4814/4814/4814 4815/4815/4815 4826/4826/4826
f 4816/4816/4816 4828/4828/4828 4827/4827/4827
f 4816/4816/4816 4817/4817/4817 4828/4828/4828
f 4817/4817/4817 4829/4829/4829 4828/4828/4828
f 4817/4817/4817 4818/4818/4818 4829/4829/4829
f 4818/4818/4818 4830/4830/4830 4829/4829/4829
f 4818/4818/4818 4819/4819/4819 4830/4830/4830
f 4819/4819/4819 4831/4831/4831 4830/4830/4830
f 4819/4819/4819 4820/4820/4820 4831/4831/4831
f 4820/4820/4820 4832/4832/4832 4831/4831/4831
f 4820/4820/4820 4821/4821/4821 4832/4832/4832
f 4821/4821/4821 4833/4833/4833 4832/4832/4832
f 4821/4821/4821 4822/4822/4822 4833/4833/4833
f 4822/4822/4822 4834/4834/4834 4833/4833/4833
f 4822/4822/4822 4823/4823/4823 4834/4834/4834
f 4823/4823/4823 4835/4835/4835 4834/4834/4834
f 4823/4823/4823 4824/4824/4824 4835/4835/4835
f 4824/4824/4824 4836/4836/4836 4835/4835/4835
f 4824/4824/4824 4825/4825/4825 4836/4836/4836
f 4825/4825/4825 4837/4837/4837 4836/4836/4836
f 4825/4825/4825 4826/4826/4826 4837/4837/4837
f 4827/4827/4827 4839/4839/4839 4838/4838/4838
f 4827/4827/4827 4828/4828/4828 4839/4839/4839
f 4828/4828/4828 4840/4840/4840 4839/4839/4839
f 4828/4828/4828 4829/4829/4829 4840/4840/4840
f 4829/4829/4829 4841/4841/4841 4840/4840/4840
f 4829/4829/4829 4830/4830/4830 4841/4841/4841
f 4830/4830/4830 4842/4842/4842 4841/4841/4841
f 4830/4830/4830 4831/4831/4831 4842/4842/4842
f 4831/4831/4831 4843/4843/4843 4842/4842/4842
f 4831/4831/4831 4832/4832/4832 4843/4843/4843
f 4832/4832/4832 4844/4844/4844 4843/4843/4843
f 4832/4832/4832 4833/4833/4833 4844/4844/4844
f 4833/4833/4833 4845/4845/4845 4844/4844/4844
f 4833/4833/4833 4834/4834/4834 4845/4845/4845
f 4834/4834/4834 4846/4846/4846 4845/4845/4845
f 4834/4834/4834 4835/4835/4835 4846/4846/4846
f 4835/4835/4835 4847/4847/4847 4846/4846/4846
f 4835/4835/4835 4836/4836/4836 4847/4847/4847
f 4836/4836/4836 4848/4848/4848 4847/4847/4847
f 4836/4836/4836 4837/4837/4837 4848/4848/4848
f 4838/4838/4838 4850/4850/4850 4849/4849/4849
f 4838/4838/4838 4839/4839/4839 4850/4850/4850
f 4839/4839/4839 4851/4851/4851 4850/4850/4850
f 4839/4839/4839 4840/4840/4840 4851/4851/4851
f 4840/4840/4840 4852/4852/4852 4851/4851/4851
f 4840/4840/4840 4841/4841/4841 4852/4852/4852
f 4841/4841/4841 4853/4853/4853 4852/4852/4852
f 4841/4841/4841 4842/4842/4842 4853/4853/4853
f 4842/4842/4842 4854/4854/4854 4853/4853/4853
f 4842/4842/4842 4843/4843/4843 4854/4854/4854
f 4843/4843/4843 4855/4855/4855 4854/4854/4854
f 4843/4843/4843 4844/4844/4844 4855/4855/4855
f 4844/4844/4844 4856/4856/4856 4855/4855/4855
f 4844/4844/4844 4845/4845/4845 4856/4856/4856
f 4845/4845/4845 4857/4857/4857 4856/4856/4856
f 4845/4845/4845 4846/4846/4846 4857/4857/4857
f 4846/4846/4846 4858/4858/4858 4857/4857/4857
f 4846/4846/4846 4847/4847/4847 4858/4858/4858
f 4847/4847/4847 4859/4859/4859 4858/4858/4858
f 4847/4847/4847 4848/4848/4848 4859/4859/4859
f 4849/4849/4849 4861/4861/4861 4860/4860/4860
f 4849/4849/4849 4850/4850/4850 4861/4861/4861
f 4850/4850/4850 4862/4862/4862 4861/4861/4861
f 4850/4850/4850 4851/4851/4851 4862/4862/4862
f 4851/4851/4851 4863/4863/4863 4862/4862/4862
f 4851/4851/4851 4852/4852/4852 4863/4863/4863
f 4852/4852/4852 4864/4864/4864 4863/4863/4863
f 4852/4852/4852 4853/4853/4853 4864/4864/4864
f 4853/4853/4853 4865/4865/4865 4864/4864/4864
f 4853/4853/4853 4854/4854/4854 4865/4865/4865
f 4854/4854/4854 4866/4866/4866 4865/4865/4865
f 4854/4854/4854 4855/4855/4855 4866/4866/4866
f 4855/4855/4855 4867/4867/4867 4866/4866/4866
f 4855/4855/4855 4856/4856/4856 4867/4867/4867
f 4856/4856/4856 4868/4868/4868 4867/4867/4867
f 4856/4856/4856 4857/4857/4857 4868/4868/4868
f 4857/4857/4857 4869/4869/4869 4868/4868/4868
f 4857/4857/4857 4858/4858/4858 4869/4869/4869
f 4858/4858/4858 4870/4870/4870 4869/4869/4869
f 4858/4858/4858 4859/4859/4859 4870/4870/4870
f 4860/4860/4860 4872/4872/4872 4871/4871/4871
f 4860/4860/4860 4861/4861/4861 4872/4872/4872
f 4861/4861/4861 4873/4873/4873 4872/4872/4872
f 4861/4861/4861 4862/4862/4862 4873/4873/4873
f 4862/4862/4862 4874/4874/4874 4873/4873/4873
f 4862/4862/4862 4863/4863/4863 4874/4874/4874
f 4863/4863/4863 4875/4875/4875 4874/4874/4874
f 4863/4863/4863 4864/4864/4864 4875/4875/4875
f 4864/4864/4864 4876/4876/4876 4875/4875/4875
f 4864/4864/4864 4865/4865/4865 4876/4876/4876
f 4865/4865/4865 4877/4877/4877 4876/4876/4876
f 4865/4865/4865 4866/4866/4866 4877/4877/4877
f 4866/4866/4866 4878/4878/4878 4877/4877/4877
f 4866/4866/4866 4867/4867/4867 4878/4878/4878
f 4867/4867/4867 4879/4879/4879 4878/4878/4878
f 4867/4867/4867 4868/4868/4868 4879/4879/4879
f 4868/4868/4868 4880/4880/4880 4879/4879/4879
f 4868/4868/4868 4869/4869/4869 4880/4880/4880
f 4869/4869/4869 4881/4881/4881 4880/4880/4880
f 4869/4869/4869 4870/4870/4870 4881/4881/4881
f 4871/4871/4871 4883/4883/4883 4882/4882/4882
f 4871/4871/4871 4872/4872/4872 4883/4883/4883
f 4872/4872/4872 4884/4884/4884 4883/4883/4883
f 4872/4872/4872 4873/4873/4873 4884/4884/4884
f 4873/4873/4873 4885/4885/4885 4884/4884/4884
f 4873/4873/4873 4874/4874/4874 4885/4885/4885
f 4874/4874/4874 4886/4886/4886 4885/4885/4885
f 4874/4874/4874 4875/4875/4875 4886/4886/4886
f 4875/4875/4875 4887/4887/4887 4886/4886/4886
f 4875/4875/4875 4876/4876/4876 4887/4887/4887
f 4876/4876/4876 4888/4888/4888 4887/4887/4887
f 4876/4876/4876 4877/4877/4877 4888/4888/4888
f 4877/4877/4877 4889/4889/4889 4888/4888/4888
f 4877/4877/4877 4878/4878/4878 4889/4889/4889
f 4878/4878/4878 4890/4890/4890 4889/4889/4889
f 4878/4878/4878 4879/4879/4879 4890/4890/4890
f 4879/4879/4879 4891/4891/4891 4890/4890/4890
f 4879/4879/4879 4880/4880/4880 4891/4891/4891
f 4880/4880/4880 4892/4892/4892 4891/4891/4891
f 4880/4880/4880 4881/4881/4881 4892/4892/4892
f 4893/4893/4893 4901/4901/4901 4894/4894/4894
f 4893/4893/4893 4900/4900/4900 4901/4901/4901
f 4907/4907/4907 4893/4893/4893 4894/4894/4894
f 4908/4908/4908 4901/4901/4901 4900/4900/4900
f 4894/4894/4894 4902/4902/4902 4895/4895/4895
f 4894/4894/4894 4901/4901/4901 4902/4902/4902
f 4907/4907/4907 4894/4894/4894 4895/4895/4895
f 4908/4908/4908 4902/4902/4902 4901/4901/4901
f 4895/4895/4895 4903/4903/4903 4896/4896/4896
f 4895/4895/4895 4902/4902/4902 4903/4903/4903
f 4907/4907/4907 4895/4895/4895 4896/4896/4896
f 4908/4908/4908 4903/4903/4903 4902/4902/4902
f 4896/4896/4896 4904/4904/4904 4897/4897/4897
f 4896/4896/4896 4903/4903/4903 4904/4904/4904
f 4907/4907/4907 4896/4896/4896 4897/4897/4897
f 4908/4908/4908 4904/4904/4904 4903/4903/4903
f 4897/4897/4897 4905/4905/4905 4898/4898/4898
f 4897/4897/4897 4904/4904/4904 4905/4905/4905
f 4907/4907/4907 4897/4897/4897 4898/4898/4898
f 4908/4908/4908 4905/4905/4905 4904/4904/4904
f 4898/4898/4898 4906/4906/4906 4899/4899/4899
f 4898/4898/4898 4905/4905/4905 4906/4906/4906
f 4907/4907/4907 4898/4898/4898 4899/4899/4899
f 4908/4908/4908 4906/4906/4906 4905/4905/4905
f 4899/4899/4899 4900/4900/4900 4893/4893/4893
f 4899/4899/4899 4906/4906/4906 4900/4900/4900
f 4907/4907/4907 4899/4899/4899 4893/4893/4893
f 4908/4908/4908 4900/4900/4900 4906/4906/4906
f 4909/4909/4909 4921/4921/4921 4920/4920/4920
f 4909/4909/4909 4910/4910/4910 4921/4921/4921
f 4910/4910/4910 4922/4922/4922 4921/4921/4921
f 4910/4910/4910 4911/4911/4911 4922/4922/4922
f 4911/4911/4911 4923/4923/4923 4922/4922/4922
f 4911/4911/4911 4912/4912/4912 4923/4923/4923
f 4912/4912/4912 4924/4924/4924 4923/4923/4923
f 4912/4912/4912 4913/4913/4913 4924/4924/4924
f 4913/4913/4913 4925/4925/4925 4924/4924/4924
f 4913/4913/4913 4914/4914/4914 4925/4925/4925
f 4914/4914/4914 4926/4926/4926 4925/4925/4925
f 4914/4914/4914 4915/4915/4915 4926/4926/4926
f 4915/4915/4915 4927/4927/4927 4926/4926/4926
f 4915/4915/4915 4916/4916/4916 4927/4927/4927
f 4916/4916/4916 4928/4928/4928 4927/4927/4927
f 4916/4916/4916 4917/4917/4917 4928/4928/4928
f 4917/4917/4917 4929/4929/4929 4928/4928/4928
f 4917/4917/4917 4918/4918/4918 4929/4929/4929
f 4918/4918/4918 4930/4930/4930 4929/4929/4929
f 4918/4918/4918 4919/4919/4919 4930/4930/4930
f 4920/4920/4920 4932/4932/4932 4931/4931/4931
f 4920/4920/4920 4921/4921/4921 4932/4932/4932
f 4921/4921/4921 4933/4933/4933 4932/4932/4932
f 4921/4921/4921 4922/4922/4922 4933/4933/4933
f 4922/4922/4922 4934/4934/4934 4933/4933/4933
f 4922/4922/4922 4923/4923/4923 4934/4934/4934
f 4923/4923/4923 4935/4935/4935 4934/4934/4934
f 4923/4923/4923 4924/4924/4924 4935/4935/4935
f 4924/4924/4924 4936/4936/4936 4935/4935/4935
f 4924/4924/4924 4925/4925/4925 4936/4936/4936
f 4925/4925/4925 4937/4937/4937 4936/4936/4936
f 4925/4925/4925 4926/4926/4926 4937/4937/4937
f 4926/4926/4926 4938/4938/4938 4937/4937/4937
f 4926/4926/4926 4927/4927/4927 4938/4938/4938
f 4927/4927/4927 4939/4939/4939 4938/4938/4938
f 4927/4927/4927 4928/4928/4928 4939/4939/4939
f 4928/4928/4928 4940/4940/4940 4939/4939/4939
f 4928/4928/4928 4929/4929/4929 4940/4940/4940
f 4929/4929/4929 4941/4941/4941 4940/4940/4940
f 4929/4929/4929 4930/4930/4930 4941/4941/4941
f 4931/4931/4931 4943/4943/4943 4942/4942/4942
f 4931/4931/4931 4932/4932/4932 4943/4943/4943
f 4932/4932/4932 4944/4944/4944 4943/4943/4943
f 4932/4932/4932 4933/4933/4933 4944/4944/4944
f 4933/4933/4933 4945/4945/4945 4944/4944/4944
f 4933/4933/4933 4934/4934/4934 4945/4945/4945
f 4934/4934/4934 4946/4946/4946 4945/4945/4945
f 4934/4934/4934 4935/4935/4935 4946/4946/4946
f 4935/4935/4935 4947/4947/4947 4946/4946/4946
f 4935/4935/4935 4936/4936/4936 4947/4947/4947
f 4936/4936/4936 4948/4948/4948 4947/4947/4947
f 4936/4936/4936 4937/4937/4937 4948/4948/4948
f 4937/4937/4937 4949/4949/4949 4948/4948/4948
f 4937/4937/4937 4938/4938/4938 4949/4949/4949
f 4938/4938/4938 4950/4950/4950 4949/4949/4949
f 4938/4938/4938 4939/4939/4939 4950/4950/4950
f 4939/4939/4939 4951/4951/4951 4950/4950/4950
f 4939/4939/4939 4940/4940/4940 4951/4951/4951
f 4940/4940/4940 4952/4952/4952 4951/4951/4951
f 4940/4940/4940 4941/4941/4941 4952/4952/4952
f 4942/4942/4942 4954/4954/4954 4953/4953/4953
f 4942/4942/4942 4943/4943/4943 4954/4954/4954
f 4943/4943/4943 4955/4955/4955 4954/4954/4954
f 4943/4943/4943 4944/4944/4944 4955/4955/4955
f 4944/4944/4944 4956/4956/4956 4955/4955/4955
f 4944/4944/4944 4945/4945/4945 4956/4956/4956
f 4945/4945/4945 4957/4957/4957 4956/4956/4956
f 4945/4945/4945 4946/4946/4946 4957/4957/4957
f 4946/4946/4946 4958/4958/4958 4957/4957/4957
f 4946/4946/4946 4947/4947/4947 4958/4958/4958
f 4947/4947/4947 4959/4959/4959 4958/4958/4958
f 4947/4947/4947 4948/4948/4948 4959/4959/4959
f 4948/4948/4948 4960/4960/4960 4959/4959/4959
f 4948/4948/4948 4949/4949/4949 4960/4960/4960
f 4949/4949/4949 4961/4961/4961 4960/4960/4960
f 4949/4949/4949 4950/4950/4950 4961/4961/4961
f 4950/4950/4950 4962/4962/4962 4961/4961/4961
f 4950/4950/4950 4951/4951/4951 4962/4962/4962
f 4951/4951/4951 4963/4963/4963 4962/4962/4962
f 4951/4951/4951 4952/4952/4952 4963/4963/4963
f 4953/4953/4953 4965/4965/4965 4964/4964/4964
f 4953/4953/4953 4954/4954/4954 4965/4965/4965
f 4954/4954/4954 4966/4966/4966 4965/4965/4965
f 4954/4954/4954 4955/4955/4955 4966/4966/4966
f 4955/4955/4955 4967/4967/4967 4966/4966/4966
f 4955/4955/4955 4956/4956/4956 4967/4967/4967
f 4956/4956/4956 4968/4968/4968 4967/4967/4967
f 4956/4956/4956 4957/4957/4957 4968/4968/4968
f 4957/4957/4957 4969/4969/4969 4968/4968/4968
f 4957/4957/4957 4958/4958/4958 4969/4969/4969
f 4958/4958/4958 4970/4970/4970 4969/4969/4969
f 4958/4958/4958 4959/4959/4959 4970/4970/4970
f 4959/4959/4959 4971/4971/4971 4970/4970/4970
f 4959/4959/4959 4960/4960/4960 4971/4971/4971
f 4960/4960/4960 4972/4972/4972 4971/4971/4971
f 4960/4960/4960 4961/4961/4961 4972/4972/4972
f 4961/4961/4961 4973/4973/4973 4972/4972/4972
f 4961/4961/4961 4962/4962/4962 4973/4973/4973
f 4962/4962/4962 4974/4974/4974 4973/4973/4973
f 4962/4962/4962 4963/4963/4963 4974/4974/4974
f 4964/4964/4964 4976/4976/4976 4975/4975/4975
f 4964/4964/4964 4965/4965/4965 4976/4976/4976
f 4965/4965/4965 4977/4977/4977 4976/4976/4976
f 4965/4965/4965 4966/4966/4966 4977/4977/4977
f 4966/4966/4966 4978/4978/4978 4977/4977/4977
f 4966/4966/4966 4967/4967/4967 4978/4978/4978
f 4967/4967/4967 4979/4979/4979 4978/4978/4978
f 4967/4967/4967 4968/4968/4968 4979/4979/4979
f 4968/4968/4968 4980/4980/4980 4979/4979/4979
f 4968/4968/4968 4969/4969/4969 4980/4980/4980
f 4969/4969/4969 4981/4981/4981 4980/4980/4980
f 4969/4969/4969 4970/4970/4970 4981/4981/4981
f 4970/4970/4970 4982/4982/4982 4981/4981/4981
f 4970/4970/4970 4971/4971/4971 4982/4982/4982
f 4971/4971/4971 4983/4983/4983 4982/4982/4982
f 4971/4971/4971 4972/4972/4972 4983/4983/4983
f 4972/4972/4972 4984/4984/4984 4983/4983/4983
f 4972/4972/4972 4973/4973/4973 4984/4984/4984
f 4973/4973/4973 4985/4985/4985 4984/4984/4984
f 4973/4973/4973 4974/4974/4974 4985/4985/4985
f 4975/4975/4975 4987/4987/4987 4986/4986/4986
f 4975/4975/4975 4976/4976/4976 4987/4987/4987
f 4976/4976/4976 4988/4988/4988 4987/4987/4987
f 4976/4976/4976 4977/4977/4977 4988/4988/4988
f 4977/4977/4977 4989/4989/4989 4988/4988/4988
f 4977/4977/4977 4978/4978/4978 4989/4989/4989
f 4978/4978/4978 4990/4990/4990 4989/4989/4989
f 4978/4978/4978 4979/4979/4979 4990/4990/4990
f 4979/4979/4979 4991/4991/4991 4990/4990/4990
f 4979/4979/4979 4980/4980/4980 4991/4991/4991
f 4980/4980/4980 4992/4992/4992 4991/4991/4991
f 4980/4980/4980 4981/4981/4981 4992/4992/4992
f 4981/4981/4981 4993/4993/4993 4992/4992/4992
f 4981/4981/4981 4982/4982/4982 4993/4993/4993
f 4982/4982/4982 4994/4994/4994 4993/4993/4993
f 4982/4982/4982 4983/4983/4983 4994/4994/4994
f 4983/4983/4983 4995/4995/4995 4994/4994/4994
f 4983/4983/4983 4984/4984/4984 4995/4995/4995
f 4984/4984/4984 4996/4996/4996 4995/4995/4995
f 4984/4984/4984 4985/4985/4985 4996/4996/4996
f 4986/4986/4986 4998/4998/4998 4997/4997/4997
f 4986/4986/4986 4987/4987/4987 4998/4998/4998
f 4987/4987/4987 4999/4999/4999 4998/4998/4998
f 4987/4987/4987 4988/4988/4988 4999/4999/4999
f 4988/4988/4988 5000/5000/5000 4999/4999/4999
f 4988/4988/4988 4989/4989/4989 5000/5000/5000
f 4989/4989/4989 5001/5001/5001 5000/5000/5000
f 4989/4989/4989 4990/4990/4990 5001/5001/5001
f 4990/4990/4990 5002/5002/5002 5001/5001/5001
f 4990/4990/4990 4991/4991/4991 5002/5002/5002
f 4991/4991/4991 5003/5003/5003 5002/5002/5002
f 4991/4991/4991 4992/4992/4992 5003/5003/5003
f 4992/4992/4992 5004/5004/5004 5003/5003/5003
f 4992/4992/4992 4993/4993/4993 5004/5004/5004
f 4993/4993/4993 5005/5005/5005 5004/5004/5004
f 4993/4993/4993 4994/4994/4994 5005/5005/5005
f 4994/4994/4994 5006/5006/5006 5005/5005/5005
f 4994/4994/4994 4995/4995/4995 5006/5006/5006
f 4995/4995/4995 5007/5007/5007 5006/5006/5006
f 4995/4995/4995 4996/4996/4996 5007/5007/5007
f 5008/5008/5008 5016/5016/5016 5009/5009/5009
f 5008/5008/5008 5015/5015/5015 5016/5016/5016
f 5022/5022/5022 5008/5008/5008 5009/5009/5009
f 5023/5023/5023 5016/5016/5016 5015/5015/5015
f 5009/5009/5009 5017/5017/5017 5010/5010/5010
f 5009/5009/5009 5016/5016/5016 5017/5017/5017
f 5022/5022/5022 5009/5009/5009 5010/5010/5010
f 5023/5023/5023 5017/5017/5017 5016/5016/5016
f 5010/5010/5010 5018/5018/5018 5011/5011/5011
f 5010/5010/5010 5017/5017/5017 5018/5018/5018
f 5022/5022/5022 5010/5010/5010 5011/5011/5011
f 5023/5023/5023 5018/5018/5018 5017/5017/5017
f 5011/5011/5011 5019/5019/5019 5012/5012/5012
f 5011/5011/5011 5018/5018/5018 5019/5019/5019
f 5022/5022/5022 5011/5011/5011 5012/5012/5012
f 5023/5023/5023 5019/5019/5019 5018/5018/5018
f 5012/5012/5012 5020/5020/5020 5013/5013/5013
f 5012/5012/5012 5019/5019/5019 5020/5020/5020
f 5022/5022/5022 5012/5012/5012 5013/5013/5013
f 5023/5023/5023 5020/5020/5020 5019/5019/5019
f 5013/5013/5013 5021/5021/5021 5014/5014/5014
f 5013/5013/5013 5020/5020/5020 5021/5021/5021
f 5022/5022/5022 5013/5013/5013 5014/5014/5014
f 5023/5023/5023 5021/5021/5021 5020/5020/5020
f 5014/5014/5014 5015/5015/5015 5008/5008/5008
f 5014/5014/5014 5021/5021/5021 5015/5015/5015
f 5022/5022/5022 5014/5014/5014 5008/5008/5008
f 5023/5023/5023 5015/5015/5015 5021/5021/5021
f 5024/5024/5024 5036/5036/5036 5035/5035/5035
f 5024/5024/5024 5025/5025/5025 5036/5036/5036
f 5025/5025/5025 5037/5037/5037 5036/5036/5036
f 5025/5025/5025 5026/5026/5026 5037/5037/5037
f 5026/5026/5026 5038/5038/5038 5037/5037/5037
f 5026/5026/5026 5027/5027/5027 5038/5038/5038
f 5027/5027/5027 5039/5039/5039 5038/5038/5038
f 5027/5027/5027 5028/5028/5028 5039/5039/5039
f 5028/5028/5028 5040/5040/5040 5039/5039/5039
f 5028/5028/5028 5029/5029/5029 5040/5040/5040
f 5029/5029/5029 5041/5041/5041 5040/5040/5040
f 5029/5029/5029 5030/5030/5030 5041/5041/5041
f 5030/5030/5030 5042/5042/5042 5041/5041/5041
f 5030/5030/5030 5031/5031/5031 5042/5042/5042
f 5031/5031/5031 5043/5043/5043 5042/5042/5042
f 5031/5031/5031 5032/5032/5032 5043/5043/5043
f 5032/5032/5032 5044/5044/5044 5043/5043/5043
f 5032/5032/5032 5033/5033/5033 5044/5044/5044
f 5033/5033/5033 5045/5045/5045 5044/5044/5044
f 5033/5033/5033 5034/5034/5034 5045/5045/5045
f 5035/5035/5035 5047/5047/5047 5046/5046/5046
f 5035/5035/5035 5036/5036/5036 5047/5047/5047
f 5036/5036/5036 5048/5048/5048 5047/5047/5047
f 5036/5036/5036 5037/5037/5037 5048/5048/5048
f 5037/5037/5037 5049/5049/5049 5048/5048/5048
f 5037/5037/5037 5038/5038/5038 5049/5049/5049
f 5038/5038/5038 5050/5050/5050 5049/5049/5049
f 5038/5038/5038 5039/5039/5039 5050/5050/5050
f 5039/5039/5039 5051/5051/5051 5050/5050/5050
f 5039/5039/5039 5040/5040/5040 5051/5051/5051
f 5040/5040/5040 5052/5052/5052 5051/5051/5051
f 5040/5040/5040 5041/5041/5041 5052/5052/5052
f 5041/5041/5041 5053/5053/5053 5052/5052/5052
f 5041/5041/5041 5042/5042/5042 5053/5053/5053
f 5042/5042/5042 5054/5054/5054 5053/5053/5053
f 5042/5042/5042 5043/5043/5043 5054/5054/5054
f 5043/5043/5043 5055/5055/5055 5054/5054/5054
f 5043/5043/5043 5044/5044/5044 5055/5055/5055
f 5044/5044/5044 5056/5056/5056 5055/5055/5055
f 5044/5044/5044 5045/5045/5045 5056/5056/5056
f 5046/5046/5046 5058/5058/5058 5057/5057/5057
f 5046/5046/5046 5047/5047/5047 5058/5058/5058
f 5047/5047/5047 5059/5059/5059 5058/5058/5058
f 5047/5047/5047 5048/5048/5048 5059/5059/5059
f 5048/5048/5048 5060/5060/5060 5059/5059/5059
f 5048/5048/5048 5049/5049/5049 5060/5060/5060
f 5049/5049/5049 5061/5061/5061 5060/5060/5060
f 5049/5049/5049 5050/5050/5050 5061/5061/5061
f 5050/5050/5050 5062/5062/5062 5061/5061/5061
f 5050/5050/5050 5051/5051/5051 5062/5062/5062
f 5051/5051/5051 5063/5063/5063 5062/5062/5062
f 5051/5051/5051 5052/5052/5052 5063/5063/5063
f 5052/5052/5052 5064/5064/5064 5063/5063/5063
f 5052/5052/5052 5053/5053/5053 5064/5064/5064
f 5053/5053/5053 5065/5065/5065 5064/5064/5064
f 5053/5053/5053 5054/5054/5054 5065/5065/5065
f 5054/5054/5054 5066/5066/5066 5065/5065/5065
f 5054/5054/5054 5055/5055/5055 5066/5066/5066
f 5055/5055/5055 5067/5067/5067 5066/5066/5066
f 5055/5055/5055 5056/5056/5056 5067/5067/5067
f 5057/5057/5057 5069/5069/5069 5068/5068/5068
f 5057/5057/5057 5058/5058/5058 5069/5069/5069
f 5058/5058/5058 5070/5070/5070 5069/5069/5069
f 5058/5058/5058 5059/5059/5059 5070/5070/5070
f 5059/5059/5059 5071/5071/5071 5070/5070/5070
f 5059/5059/5059 5060/5060/5060 5071/5071/5071
f 5060/5060/5060 5072/5072/5072 5071/5071/5071
f 5060/5060/5060 5061/5061/5061 5072/5072/5072
f 5061/5061/5061 5073/5073/5073 5072/5072/5072
f 5061/5061/5061 5062/5062/5062 5073/5073/5073
f 5062/5062/5062 5074/5074/5074 5073/5073/5073
f 5062/5062/5062 5063/5063/5063 5074/5074/5074
f 5063/5063/5063 5075/5075/5075 5074/5074/5074
f 5063/5063/5063 5064/5064/5064 5075/5075/5075
f 5064/5064/5064 5076/5076/5076 5075/5075/5075
f 5064/5064/5064 5065/5065/5065 5076/5076/5076
f 5065/5065/5065 5077/5077/5077 5076/5076/5076
f 5065/5065/5065 5066/5066/5066 5077/5077/5077
f 5066/5066/5066 5078/5078/5078 5077/5077/5077
f 5066/5066/5066 5067/5067/5067 5078/5078/5078
f 5068/5068/5068 5080/5080/5080 5079/5079/5079
f 5068/5068/5068 5069/5069/5069 5080/5080/5080
f 5069/5069/5069 5081/5081/5081 5080/5080/5080
f 5069/5069/5069 5070/5070/5070 5081/5081/5081
f 5070/5070/5070 5082/5082/5082 5081/5081/5081
f 5070/5070/5070 5071/5071/5071 5082/5082/5082
f 5071/5071/5071 5083/5083/5083 5082/5082/5082
f 5071/5071/5071 5072/5072/5072 5083/5083/5083
f 5072/5072/5072 5084/5084/5084 5083/5083/5083
f 5072/5072/5072 5073/5073/5073 5084/5084/5084
f 5073/5073/5073 5085/5085/5085 5084/5084/5084
f 5073/5073/5073 5074/5074/5074 5085/5085/5085
f 5074/5074/5074 5086/5086/5086 5085/5085/5085
f 5074/5074/5074 5075/5075/5075 5086/5086/5086
f 5075/5075/5075 5087/5087/5087 5086/5086/5086
f 5075/5075/5075 5076/5076/5076 5087/5087/5087
f 5076/5076/5076 5088/5088/5088 5087/5087/5087
f 5076/5076/5076 5077/5077/5077 5088/5088/5088
f 5077/5077/5077 5089/5089/5089 5088/5088/5088
f 5077/5077/5077 5078/5078/5078 5089/5089/5089
f 5079/5079/5079 5091/5091/5091 5090/5090/5090
f 5079/5079/5079 5080/5080/5080 5091/5091/5091
f 5080/5080/5080 5092/5092/5092 5091/5091/5091
f 5080/5080/5080 5081/5081/5081 5092/5092/5092
f 5081/5081/5081 5093/5093/5093 5092/5092/5092
f 5081/5081/5081 5082/5082/5082 5093/5093/5093
f 5082/5082/5082 5094/5094/5094 5093/5093/5093
f 5082/5082/5082 5083/5083/5083 5094/5094/5094
f 5083/5083/5083 5095/5095/5095 5094/5094/5094
f 5083/5083/5083 5084/5084/5084 5095/5095/5095
f 5084/5084/5084 5096/5096/5096 5095/5095/5095
f 5084/5084/5084 5085/5085/5085 5096/5096/5096
f 5085/5085/5085 5097/5097/5097 5096/5096/5096
f 5085/5085/5085 5086/5086/5086 5097/5097/5097
f 5086/5086/5086 5098/5098/5098 5097/5097/5097
f 5086/5086/5086 5087/5087/5087 5098/5098/5098
f 5087/5087/5087 5099/5099/5099 5098/5098/5098
f 5087/5087/5087 5088/5088/5088 5099/5099/5099
f 5088/5088/5088 5100/5100/5100 5099/5099/5099
f 5088/5088/5088 5089/5089/5089 5100/5100/5100
f 5090/5090/5090 5102/5102/5102 5101/5101/5101
f 5090/5090/5090 5091/5091/5091 5102/5102/5102
f 5091/5091/5091 5103/5103/5103 5102/5102/5102
f 5091/5091/5091 5092/5092/5092 5103/5103/5103
f 5092/5092/5092 5104/5104/5104 5103/5103/5103
f 5092/5092/5092 5093/5093/5093 5104/5104/5104
f 5093/5093/5093 5105/5105/5105 5104/5104/5104
f 5093/5093/5093 5094/5094/5094 5105/5105/5105
f 5094/5094/5094 5106/5106/5106 5105/5105/5105
f 5094/5094/5094 5095/5095/5095 5106/5106/5106
f 5095/5095/5095 5107/5107/5107 5106/5106/5106
f 5095/5095/5095 5096/5096/5096 5107/5107/5107
f 5096/5096/5096 5108/5108/5108 5107/5107/5107
f 5096/5096/5096 5097/5097/5097 5108/5108/5108
f 5097/5097/5097 5109/5109/5109 5108/5108/5108
f 5097/5097/5097 5098/5098/5098 5109/5109/5109
f 5098/5098/5098 5110/5110/5110 5109/5109/5109
f 5098/5098/5098 5099/5099/5099 5110/5110/5110
f 5099/5099/5099 5111/5111/5111 5110/5110/5110
f 5099/5099/5099 5100/5100/5100 5111/5111/5111
f 5101/5101/5101 5113/5113/5113 5112/5112/5112
f 5101/5101/5101 5102/5102/5102 5113/5113/5113
f 5102/5102/5102 5114/5114/5114 5113/5113/5113
f 5102/5102/5102 5103/5103/5103 5114/5114/5114
f 5103/5103/5103 5115/5115/5115 5114/5114/5114
f 5103/5103/5103 5104/5104/5104 5115/5115/5115
f 5104/5104/5104 5116/5116/5116 5115/5115/5115
f 5104/5104/5104 5105/5105/5105 5116/5116/5116
f 5105/5105/5105 5117/5117/5117 5116/5116/5116
f 5105/5105/5105 5106/5106/5106 5117/5117/5117
f 5106/5106/5106 5118/5118/5118 5117/5117/5117
f 5106/5106/5106 5107/5107/5107 5118/5118/5118
f 5107/5107/5107 5119/5119/5119 5118/5118/5118
f 5107/5107/5107 5108/5108/5108 5119/5119/5119
f 5108/5108/5108 5120/5120/5120 5119/5119/5119
f 5108/5108/5108 5109/5109/5109 5120/5120/5120
f 5109/5109/5109 5121/5121/5121 5120/5120/5120
f 5109/5109/5109 5110/5110/5110 5121/5121/5121
f 5110/5110/5110 5122/5122/5122 5121/5121/5121
f 5110/5110/5110 5111/5111/5111 5122/5122/5122
f 5123/5123/5123 5131/5131/5131 5124/5124/5124
f 5123/5123/5123 5130/5130/5130 5131/5131/5131
f 5137/5137/5137 5123/5123/5123 5124/5124/5124
f 5138/5138/5138 5131/5131/5131 5130/5130/5130
f 5124/5124/5124 5132/5132/5132 5125/5125/5125
f 5124/5124/5124 5131/5131/5131 5132/5132/5132
f 5137/5137/5137 5124/5124/5124 5125/5125/5125
f 5138/5138/5138 5132/5132/5132 5131/5131/5131
f 5125/5125/5125 5133/5133/5133 5126/5126/5126
f 5125/5125/5125 5132/5132/5132 5133/5133/5133
f 5137/5137/5137 5125/5125/5125 5126/5126/5126
f 5138/5138/5138 5133/5133/5133 5132/5132/5132
f 5126/5126/5126 5134/5134/5134 5127/5127/5127
f 5126/5126/5126 5133/5133/5133 5134/5134/5134
f 5137/5137/5137 5126/5126/5126 5127/5127/5127
f 5138/5138/5138 5134/5134/5134 5133/5133/5133
f 5127/5127/5127 5135/5135/5135 5128/5128/5128
f 5127/5127/5127 5134/5134/5134 5135/5135/5135
f 5137/5137/5137 5127/5127/5127 5128/5128/5128
f 5138/5138/5138 5135/5135/5135 5134/5134/5134
f 5128/5128/5128 5136/5136/5136 5129/5129/5129
f 5128/5128/5128 5135/5135/5135 5136/5136/5136
f 5137/5137/5137 5128/5128/5128 5129/5129/5129
f 5138/5138/5138 5136/5136/5136 5135/5135/5135
f 5129/5129/5129 5130/5130/5130 5123/5123/5123
f 5129/5129/5129 5136/5136/5136 5130/5130/5130
f 5137/5137/5137 5129/5129/5129 5123/5123/5123
f 5138/5138/5138 5130/5130/5130 5136/5136/5136
f 5139/5139/5139 5151/5151/5151 5150/5150/5150
f 5139/5139/5139 5140/5140/5140 5151/5151/5151
f 5140/5140/5140 5152/5152/5152 5151/5151/5151
f 5140/5140/5140 5141/5141/5141 5152/5152/5152
f 5141/5141/5141 5153/5153/5153 5152/5152/5152
f 5141/5141/5141 5142/5142/5142 5153/5153/5153
f 5142/5142/5142 5154/5154/5154 5153/5153/5153
f 5142/5142/5142 5143/5143/5143 5154/5154/5154
f 5143/5143/5143 5155/5155/5155 5154/5154/5154
f 5143/5143/5143 5144/5144/5144 5155/5155/5155
f 5144/5144/5144 5156/5156/5156 5155/5155/5155
f 5144/5144/5144 5145/5145/5145 5156/5156/5156
f 5145/5145/5145 5157/5157/5157 5156/5156/5156
f 5145/5145/5145 5146/5146/5146 5157/5157/5157
f 5146/5146/5146 5158/5158/5158 5157/5157/5157
f 5146/5146/5146 5147/5147/5147 5158/5158/5158
f 5147/5147/5147 5159/5159/5159 5158/5158/5158
f 5147/5147/5147 5148/5148/5148 5159/5159/5159
f 5148/5148/5148 5160/5160/5160 5159/5159/5159
f 5148/5148/5148 5149/5149/5149 5160/5160/5160
f 5150/5150/5150 5162/5162/5162 5161/5161/5161
f 5150/5150/5150 5151/5151/5151 5162/5162/5162
f 5151/5151/5151 5163/5163/5163 5162/5162/5162
f 5151/5151/5151 5152/5152/5152 5163/5163/5163
f 5152/5152/5152 5164/5164/5164 5163/5163/5163
f 5152/5152/5152 5153/5153/5153 5164/5164/5164
f 5153/5153/5153 5165/5165/5165 5164/5164/5164
f 5153/5153/5153 5154/5154/5154 5165/5165/5165
f 5154/5154/5154 5166/5166/5166 5165/5165/5165
f 5154/5154/5154 5155/5155/5155 5166/5166/5166
f 5155/5155/5155 5167/5167/5167 5166/5166/5166
f 5155/5155/5155 5156/5156/5156 5167/5167/5167
f 5156/5156/5156 5168/5168/5168 5167/5167/5167
f 5156/5156/5156 5157/5157/5157 5168/5168/5168
f 5157/5157/5157 5169/5169/5169 5168/5168/5168
f 5157/5157/5157 5158/5158/5158 5169/5169/5169
f 5158/5158/5158 5170/5170/5170 5169/5169/5169
f 5158/5158/5158 5159/5159/5159 5170/5170/5170
f 5159/5159/5159 5171/5171/5171 5170/5170/5170
f 5159/5159/5159 5160/5160/5160 5171/5171/5171
f 5161/5161/5161 5173/5173/5173 5172/5172/5172
f 5161/5161/5161 5162/5162/5162 5173/5173/5173
f 5162/5162/5162 5174/5174/5174 5173/5173/5173
f 5162/5162/5162 5163/5163/5163 5174/5174/5174
f 5163/5163/5163 5175/5175/5175 5174/5174/5174
f 5163/5163/5163 5164/5164/5164 5175/5175/5175
f 5164/5164/5164 5176/5176/5176 5175/5175/5175
f 5164/5164/5164 5165/5165/5165 5176/5176/5176
f 5165/5165/5165 5177/5177/5177 5176/5176/5176
f 5165/5165/5165 5166/5166/5166 5177/5177/5177
f 5166/5166/5166 5178/5178/5178 5177/5177/5177
f 5166/5166/5166 5167/5167/5167 5178/5178/5178
f 5167/5167/5167 5179/5179/5179 5178/5178/5178
f 5167/5167/5167 5168/5168/5168 5179/5179/5179
f 5168/5168/5168 5180/5180/5180 5179/5179/5179
f 5168/5168/5168 5169/5169/5169 5180/5180/5180
f 5169/5169/5169 5181/5181/5181 5180/5180/5180
f 5169/5169/5169 5170/5170/5170 5181/5181/5181
f 5170/5170/5170 5182/5182/5182 5181/5181/5181
f 5170/5170/5170 5171/5171/5171 5182/5182/5182
f 5172/5172/5172 5184/5184/5184 5183/5183/5183
f 5172/5172/5172 5173/5173/5173 5184/5184/5184
f 5173/5173/5173 5185/5185/5185 5184/5184/5184
f 5173/5173/5173 5174/5174/5174 5185/5185/5185
f 5174/5174/5174 5186/5186/5186 5185/5185/5185
f 5174/5174/5174 5175/5175/5175 5186/5186/5186
f 5175/5175/5175 5187/5187/5187 5186/5186/5186
f 5175/5175/5175 5176/5176/5176 5187/5187/5187
f 5176/5176/5176 5188/5188/5188 5187/5187/5187
f 5176/5176/5176 5177/5177/5177 5188/5188/5188
f 5177/5177/5177 5189/5189/5189 5188/5188/5188
f 5177/5177/5177 5178/5178/5178 5189/5189/5189
f 5178/5178/5178 5190/5190/5190 5189/5189/5189
f 5178/5178/5178 5179/5179/5179 5190/5190/5190
f 5179/5179/5179 5191/5191/5191 5190/5190/5190
f 5179/5179/5179 5180/5180/5180 5191/5191/5191
f 5180/5180/5180 5192/5192/5192 5191/5191/5191
f 5180/5180/5180 5181/5181/5181 5192/5192/5192
f 5181/5181/5181 5193/5193/5193 5192/5192/5192
f 5181/5181/5181 5182/5182/5182 5193/5193/5193
f 5183/5183/5183 5195/5195/5195 5194/5194/5194
f 5183/5183/5183 5184/5184/5184 5195/5195/5195
f 5184/5184/5184 5196/5196/5196 5195/5195/5195
f 5184/5184/5184 5185/5185/5185 5196/5196/5196
f 5185/5185/5185 5197/5197/5197 5196/5196/5196
f 5185/5185/5185 5186/5186/5186 5197/5197/5197
f 5186/5186/5186 5198/5198/5198 5197/5197/5197
f 5186/5186/5186 5187/5187/5187 5198/5198/5198
f 5187/5187/5187 5199/5199/5199 5198/5198/5198
f 5187/5187/5187 5188/5188/5188 5199/5199/5199
f 5188/5188/5188 5200/5200/5200 5199/5199/5199
f 5188/5188/5188 5189/5189/5189 5200/5200/5200
f 5189/5189/5189 5201/5201/5201 5200/5200/5200
f 5189/5189/5189 5190/5190/5190 5201/5201/5201
f 5190/5190/5190 5202/5202/5202 5201/5201/5201
f 5190/5190/5190 5191/5191/5191 5202/5202/5202
f 5191/5191/5191 5203/5203/5203 5202/5202/5202
f 5191/5191/5191 5192/5192/5192 5203/5203/5203
f 5192/5192/5192 5204/5204/5204 5203/5203/5203
f 5192/5192/5192 5193/5193/5193 5204/5204/5204
f 5194/5194/5194 5206/5206/5206 5205/5205/5205
f 5194/5194/5194 5195/5195/5195 5206/5206/5206
f 5195/5195/5195 5207/5207/5207 5206/5206/5206
f 5195/5195/5195 5196/5196/5196 5207/5207/5207
f 5196/5196/5196 5208/5208/5208 5207/5207/5207
f 5196/5196/5196 5197/5197/5197 5208/5208/5208
f 5197/5197/5197 5209/5209/5209 5208/5208/5208
f 5197/5197/5197 5198/5198/5198 5209/5209/5209
f 5198/5198/5198 5210/5210/5210 5209/5209/5209
f 5198/5198/5198 5199/5199/5199 5210/5210/5210
f 5199/5199/5199 5211/5211/5211 5210/5210/5210
f 5199/5199/5199 5200/5200/5200 5211/5211/5211
f 5200/5200/5200 5212/5212/5212 5211/5211/5211
f 5200/5200/5200 5201/5201/5201 5212/5212/5212
f 5201/5201/5201 5213/5213/5213 5212/5212/5212
f 5201/5201/5201 5202/5202/5202 5213/5213/5213
f 5202/5202/5202 5214/5214/5214 5213/5213/5213
f 5202/5202/5202 5203/5203/5203 5214/5214/5214
f 5203/5203/5203 5215/5215/5215 5214/5214/5214
f 5203/5203/5203 5204/5204/5204 5215/5215/5215
f 5205/5205/5205 5217/5217/5217 5216/5216/5216
f 5205/5205/5205 5206/5206/5206 5217/5217/5217
f 5206/5206/5206 5218/5218/5218 5217/5217/5217
f 5206/5206/5206 5207/5207/5207 5218/5218/5218
f 5207/5207/5207 5219/5219/5219 5218/5218/5218
f 5207/5207/5207 5208/5208/5208 5219/5219/5219
f 5208/5208/5208 5220/5220/5220 5219/5219/5219
f 5208/5208/5208 5209/5209/5209 5220/5220/5220
f 5209/5209/5209 5221/5221/5221 5220/5220/5220
f 5209/5209/5209 5210/5210/5210 5221/5221/5221
f 5210/5210/5210 5222/5222/5222 5221/5221/5221
f 5210/5210/5210 5211/5211/5211 5222/5222/5222
f 5211/5211/5211 5223/5223/5223 5222/5222/5222
f 5211/5211/5211 5212/5212/5212 5223/5223/5223
f 5212/5212/5212 5224/5224/5224 5223/5223/5223
f 5212/5212/5212 5213/5213/5213 5224/5224/5224
f 5213/5213/5213 5225/5225/5225 5224/5224/5224
f 5213/5213/5213 5214/5214/5214 5225/5225/5225
f 5214/5214/5214 5226/5226/5226 5225/5225/5225
f 5214/5214/5214 5215/5215/5215 5226/5226/5226
f 5216/5216/5216 5228/5228/5228 5227/5227/5227
f 5216/5216/5216 5217/5217/5217 5228/5228/5228
f 5217/5217/5217 5229/5229/5229 5228/5228/5228
f 5217/5217/5217 5218/5218/5218 5229/5229/5229
f 5218/5218/5218 5230/5230/5230 5229/5229/5229
f 5218/5218/5218 5219/5219/5219 5230/5230/5230
f 5219/5219/5219 5231/5231/5231 5230/5230/5230
f 5219/5219/5219 5220/5220/5220 5231/5231/5231
f 5220/5220/5220 5232/5232/5232 5231/5231/5231
f 5220/5220/5220 5221/5221/5221 5232/5232/5232
f 5221/5221/5221 5233/5233/5233 5232/5232/5232
f 5221/5221/5221 5222/5222/5222 5233/5233/5233
f 5222/5222/5222 5234/5234/5234 5233/5233/5233
f 5222/5222/5222 5223/5223/5223 5234/5234/5234
f 5223/5223/5223 5235/5235/5235 5234/5234/5234
f 5223/5223/5223 5224/5224/5224 5235/5235/5235
f 5224/5224/5224 5236/5236/5236 5235/5235/5235
f 5224/5224/5224 5225/5225/5225 5236/5236/5236
f 5225/5225/5225 5237/5237/5237 5236/5236/5236
f 5225/5225/5225 5226/5226/5226 5237/5237/5237
f 5238/5238/5238 5246/5246/5246 5239/5239/5239
f 5238/5238/5238 5245/5245/5245 5246/5246/5246
f 5252/5252/5252 5238/5238/5238 5239/5239/5239
f 5253/5253/5253 5246/5246/5246 5245/5245/5245
f 5239/5239/5239 5247/5247/5247 5240/5240/5240
f 5239/5239/5239 5246/5246/5246 5247/5247/5247
f 5252/5252/5252 5239/5239/5239 5240/5240/5240
f 5253/5253/5253 5247/5247/5247 5246/5246/5246
f 5240/5240/5240 5248/5248/5248 5241/5241/5241
f 5240/5240/5240 5247/5247/5247 5248/5248/5248
f 5252/5252/5252 5240/5240/5240 5241/5241/5241
f 5253/5253/5253 5248/5248/5248 5247/5247/5247
f 5241/5241/5241 5249/5249/5249 5242/5242/5242
f 5241/5241/5241 5248/5248/5248 5249/5249/5249
f 5252/5252/5252 5241/5241/5241 5242/5242/5242
f 5253/5253/5253 5249/5249/5249 5248/5248/5248
f 5242/5242/5242 5250/5250/5250 5243/5243/5243
f 5242/5242/5242 5249/5249/5249 5250/5250/5250
f 5252/5252/5252 5242/5242/5242 5243/5243/5243
f 5253/5253/5253 5250/5250/5250 5249/5249/5249
f 5243/5243/5243 5251/5251/5251 5244/5244/5244
f 5243/5243/5243 5250/5250/5250 5251/5251/5251
f 5252/5252/5252 5243/5243/5243 5244/5244/5244
f 5253/5253/5253 5251/5251/5251 5250/5250/5250
f 5244/5244/5244 5245/5245/5245 5238/5238/5238
f 5244/5244/5244 5251/5251/5251 5245/5245/5245
f 5252/5252/5252 5244/5244/5244 5238/5238/5238
f 5253/5253/5253 5245/5245/5245 5251/5251/5251
f 5254/5254/5254 5266/5266/5266 5265/5265/5265
f 5254/5254/5254 5255/5255/5255 5266/5266/5266
f 5255/5255/5255 5267/5267/5267 5266/5266/5266
f 5255/5255/5255 5256/5256/5256 5267/5267/5267
f 5256/5256/5256 5268/5268/5268 5267/5267/5267
f 5256/5256/5256 5257/5257/5257 5268/5268/5268
f 5257/5257/5257 5269/5269/5269 5268/5268/5268
f 5257/5257/5257 5258/5258/5258 5269/5269/5269
f 5258/5258/5258 5270/5270/5270 5269/5269/5269
f 5258/5258/5258 5259/5259/5259 5270/5270/5270
f 5259/5259/5259 5271/5271/5271 5270/5270/5270
f 5259/5259/5259 5260/5260/5260 5271/5271/5271
f 5260/5260/5260 5272/5272/5272 5271/5271/5271
f 5260/5260/5260 5261/5261/5261 5272/5272/5272
f 5261/5261/5261 5273/5273/5273 5272/5272/5272
f 5261/5261/5261 5262/5262/5262 5273/5273/5273
f 5262/5262/5262 5274/5274/5274 5273/5273/5273
f 5262/5262/5262 5263/5263/5263 5274/5274/5274
f 5263/5263/5263 5275/5275/5275 5274/5274/5274
f 5263/5263/5263 5264/5264/5264 5275/5275/5275
f 5265/5265/5265 5277/5277/5277 5276/5276/5276
f 5265/5265/5265 5266/5266/5266 5277/5277/5277
f 5266/5266/5266 5278/5278/5278 5277/5277/5277
f 5266/5266/5266 5267/5267/5267 5278/5278/5278
f 5267/5267/5267 5279/5279/5279 5278/5278/5278
f 5267/5267/5267 5268/5268/5268 5279/5279/5279
f 5268/5268/5268 5280/5280/5280 5279/5279/5279
f 5268/5268/5268 5269/5269/5269 5280/5280/5280
f 5269/5269/5269 5281/5281/5281 5280/5280/5280
f 5269/5269/5269 5270/5270/5270 5281/5281/5281
f 5270/5270/5270 5282/5282/5282 5281/5281/5281
f 5270/5270/5270 5271/5271/5271 5282/5282/5282
f 5271/5271/5271 5283/5283/5283 5282/5282/5282
f 5271/5271/5271 5272/5272/5272 5283/5283/5283
f 5272/5272/5272 5284/5284/5284 5283/5283/5283
f 5272/5272/5272 5273/5273/5273 5284/5284/5284
f 5273/5273/5273 5285/5285/5285 5284/5284/5284
f 5273/5273/5273 5274/5274/5274 5285/5285/5285
f 5274/5274/5274 5286/5286/5286 5285/5285/5285
f 5274/5274/5274 5275/5275/5275 5286/5286/5286
f 5276/5276/5276 5288/5288/5288 5287/5287/5287
f 5276/5276/5276 5277/5277/5277 5288/5288/5288
f 5277/5277/5277 5289/5289/5289 5288/5288/5288
f 5277/5277/5277 5278/5278/5278 5289/5289/5289
f 5278/5278/5278 5290/5290/5290 5289/5289/5289
f 5278/5278/5278 5279/5279/5279 5290/5290/5290
f 5279/5279/5279 5291/5291/5291 5290/5290/5290
f 5279/5279/5279 5280/5280/5280 5291/5291/5291
f 5280/5280/5280 5292/5292/5292 5291/5291/5291
f 5280/5280/5280 5281/5281/5281 5292/5292/5292
f 5281/5281/5281 5293/5293/5293 5292/5292/5292
f 5281/5281/5281 5282/5282/5282 5293/5293/5293
f 5282/5282/5282 5294/5294/5294 5293/5293/5293
f 5282/5282/5282 5283/5283/5283 5294/5294/5294
f 5283/5283/5283 5295/5295/5295 5294/5294/5294
f 5283/5283/5283 5284/5284/5284 5295/5295/5295
f 5284/5284/5284 5296/5296/5296 5295/5295/5295
f 5284/5284/5284 5285/5285/5285 5296/5296/5296
f 5285/5285/5285 5297/5297/5297 5296/5296/5296
f 5285/5285/5285 5286/5286/5286 5297/5297/5297
f 5287/5287/5287 5299/5299/5299 5298/5298/5298
f 5287/5287/5287 5288/5288/5288 5299/5299/5299
f 5288/5288/5288 5300/5300/5300 5299/5299/5299
f 5288/5288/5288 5289/5289/5289 5300/5300/5300
f 5289/5289/5289 5301/5301/5301 5300/5300/5300
f 5289/5289/5289 5290/5290/5290 5301/5301/5301
f 5290/5290/5290 5302/5302/5302 5301/5301/5301
f 5290/5290/5290 5291/5291/5291 5302/5302/5302
f 5291/5291/5291 5303/5303/5303 5302/5302/5302
f 5291/5291/5291 5292/5292/5292 5303/5303/5303
f 5292/5292/5292 5304/5304/5304 5303/5303/5303
f 5292/5292/5292 5293/5293/5293 5304/5304/5304
f 5293/5293/5293 5305/5305/5305 5304/5304/5304
f 5293/5293/5293 5294/5294/5294 5305/5305/5305
f 5294/5294/5294 5306/5306/5306 5305/5305/5305
f 5294/5294/5294 5295/5295/5295 5306/5306/5306
f 5295/5295/5295 5307/5307/5307 5306/5306/5306
f 5295/5295/5295 5296/5296/5296 5307/5307/5307
f 5296/5296/5296 5308/5308/5308 5307/5307/5307
f 5296/5296/5296 5297/5297/5297 5308/5308/5308
f 5298/5298/5298 5310/5310/5310 5309/5309/5309
f 5298/5298/5298 5299/5299/5299 5310/5310/5310
f 5299/5299/5299 5311/5311/5311 5310/5310/5310
f 5299/5299/5299 5300/5300/5300 5311/5311/5311
f 5300/5300/5300 5312/5312/5312 5311/5311/5311
f 5300/5300/5300 5301/5301/5301 5312/5312/5312
f 5301/5301/5301 5313/5313/5313 5312/5312/5312
f 5301/5301/5301 5302/5302/5302 5313/5313/5313
f 5302/5302/5302 5314/5314/5314 5313/5313/5313
f 5302/5302/5302 5303/5303/5303 5314/5314/5314
f 5303/5303/5303 5315/5315/5315 5314/5314/5314
f 5303/5303/5303 5304/5304/5304 5315/5315/5315
f 5304/5304/5304 5316/5316/5316 5315/5315/5315
f 5304/5304/5304 5305/5305/5305 5316/5316/5316
f 5305/5305/5305 5317/5317/5317 5316/5316/5316
f 5305/5305/5305 5306/5306/5306 5317/5317/5317
f 5306/5306/5306 5318/5318/5318 5317/5317/5317
f 5306/5306/5306 5307/5307/5307 5318/5318/5318
f 5307/5307/5307 5319/5319/5319 5318/5318/5318
f 5307/5307/5307 5308/5308/5308 5319/5319/5319
f 5309/5309/5309 5321/5321/5321 5320/5320/5320
f 5309/5309/5309 5310/5310/5310 5321/5321/5321
f 5310/5310/5310 5322/5322/5322 5321/5321/5321
f 5310/5310/5310 5311/5311/5311 5322/5322/5322
f 5311/5311/5311 5323/5323/5323 5322/5322/5322
f 5311/5311/5311 5312/5312/5312 5323/5323/5323
f 5312/5312/5312 5324/5324/5324 5323/5323/5323
f 5312/5312/5312 5313/5313/5313 5324/5324/5324
f 5313/5313/5313 5325/5325/5325 5324/5324/5324
f 5313/5313/5313 5314/5314/5314 5325/5325/5325
f 5314/5314/5314 5326/5326/5326 5325/5325/5325
f 5314/5314/5314 5315/5315/5315 5326/5326/5326
f 5315/5315/5315 5327/5327/5327 5326/5326/5326
f 5315/5315/5315 5316/5316/5316 5327/5327/5327
f 5316/5316/5316 5328/5328/5328 5327/5327/5327
f 5316/5316/5316 5317/5317/5317 5328/5328/5328
f 5317/5317/5317 5329/5329/5329 5328/5328/5328
f 5317/5317/5317 5318/5318/5318 5329/5329/5329
f 5318/5318/5318 5330/5330/5330 5329/5329/5329
f 5318/5318/5318 5319/5319/5319 5330/5330/5330
f 5320/5320/5320 5332/5332/5332 5331/5331/5331
f 5320/5320/5320 5321/5321/5321 5332/5332/5332
f 5321/5321/5321 5333/5333/5333 5332/5332/5332
f 5321/5321/5321 5322/5322/5322 5333/5333/5333
f 5322/5322/5322 5334/5334/5334 5333/5333/5333
f 5322/5322/5322 5323/5323/5323 5334/5334/5334
f 5323/5323/5323 5335/5335/5335 5334/5334/5334
f 5323/5323/5323 5324/5324/5324 5335/5335/5335
f 5324/5324/5324 5336/5336/5336 5335/5335/5335
f 5324/5324/5324 5325/5325/5325 5336/5336/5336
f 5325/5325/5325 5337/5337/5337 5336/5336/5336
f 5325/5325/5325 5326/5326/5326 5337/5337/5337
f 5326/5326/5326 5338/5338/5338 5337/5337/5337
f 5326/5326/5326 5327/5327/5327 5338/5338/5338
f 5327/5327/5327 5339/5339/5339 5338/5338/5338
f 5327/5327/5327 5328/5328/5328 5339/5339/5339
f 5328/5328/5328 5340/5340/5340 5339/5339/5339
f 5328/5328/5328 5329/5329/5329 5340/5340/5340
f 5329/5329/5329 5341/5341/5341 5340/5340/5340
f 5329/5329/5329 5330/5330/5330 5341/5341/5341
f 5331/5331/5331 5343/5343/5343 5342/5342/5342
f 5331/5331/5331 5332/5332/5332 5343/5343/5343
f 5332/5332/5332 5344/5344/5344 5343/5343/5343
f 5332/5332/5332 5333/5333/5333 5344/5344/5344
f 5333/5333/5333 5345/5345/5345 5344/5344/5344
f 5333/5333/5333 5334/5334/5334 5345/5345/5345
f 5334/5334/5334 5346/5346/5346 5345/5345/5345
f 5334/5334/5334 5335/5335/5335 5346/5346/5346
f 5335/5335/5335 5347/5347/5347 5346/5346/5346
f 5335/5335/5335 5336/5336/5336 5347/5347/5347
f 5336/5336/5336 5348/5348/5348 5347/5347/5347
f 5336/5336/5336 5337/5337/5337 5348/5348/5348
f 5337/5337/5337 5349/5349/5349 5348/5348/5348
f 5337/5337/5337 5338/5338/5338 5349/5349/5349
f 5338/5338/5338 5350/5350/5350 5349/5349/5349
f 5338/5338/5338 5339/5339/5339 5350/5350/5350
f 5339/5339/5339 5351/5351/5351 5350/5350/5350
f 5339/5339/5339 5340/5340/5340 5351/5351/5351
f 5340/5340/5340 5352/5352/5352 5351/5351/5351
f 5340/5340/5340 5341/5341/5341 5352/5352/5352
f 5353/5353/5353 5361/5361/5361 5354/5354/5354
f 5353/5353/5353 5360/5360/5360 5361/5361/5361
f 5367/5367/5367 5353/5353/5353 5354/5354/5354
f 5368/5368/5368 5361/5361/5361 5360/5360/5360
f 5354/5354/5354 5362/5362/5362 5355/5355/5355
f 5354/5354/5354 5361/5361/5361 5362/5362/5362
f 5367/5367/5367 5354/5354/5354 5355/5355/5355
f 5368/5368/5368 5362/5362/5362 5361/5361/5361
f 5355/5355/5355 5363/5363/5363 5356/5356/5356
f 5355/5355/5355 5362/5362/5362 5363/5363/5363
f 5367/5367/5367 5355/5355/5355 5356/5356/5356
f 5368/5368/5368 5363/5363/5363 5362/5362/5362
f 5356/5356/5356 5364/5364/5364 5357/5357/5357
f 5356/5356/5356 5363/5363/5363 5364/5364/5364
f 5367/5367/5367 5356/5356/5356 5357/5357/5357
f 5368/5368/5368 5364/5364/5364 5363/5363/5363
f 5357/5357/5357 5365/5365/5365 5358/5358/5358
f 5357/5357/5357 5364/5364/5364 5365/5365/5365
f 5367/5367/5367 5357/5357/5357 5358/5358/5358
f 5368/5368/5368 5365/5365/5365 5364/5364/5364
f 5358/5358/5358 5366/5366/5366 5359/5359/5359
f 5358/5358/5358 5365/5365/5365 5366/5366/5366
f 5367/5367/5367 5358/5358/5358 5359/5359/5359
f 5368/5368/5368 5366/5366/5366 5365/5365/5365
f 5359/5359/5359 5360/5360/5360 5353/5353/5353
f 5359/5359/5359 5366/5366/5366 5360/5360/5360
f 5367/5367/5367 5359/5359/5359 5353/5353/5353
f 5368/5368/5368 5360/5360/5360 5366/5366/5366
f 5369/5369/5369 5381/5381/5381 5380/5380/5380
f 5369/5369/5369 5370/5370/5370 5381/5381/5381
f 5370/5370/5370 5382/5382/5382 5381/5381/5381
f 5370/5370/5370 5371/5371/5371 5382/5382/5382
f 5371/5371/5371 5383/5383/5383 5382/5382/5382
f 5371/5371/5371 5372/5372/5372 5383/5383/5383
f 5372/5372/5372 5384/5384/5384 5383/5383/5383
f 5372/5372/5372 5373/5373/5373 5384/5384/5384
f 5373/5373/5373 5385/5385/5385 5384/5384/5384
f 5373/5373/5373 5374/5374/5374 5385/5385/5385
f 5374/5374/5374 5386/5386/5386 5385/5385/5385
f 5374/5374/5374 5375/5375/5375 5386/5386/5386
f 5375/5375/5375 5387/5387/5387 5386/5386/5386
f 5375/5375/5375 5376/5376/5376 5387/5387/5387
f 5376/5376/5376 5388/5388/5388 5387/5387/5387
f 5376/5376/5376 5377/5377/5377 5388/5388/5388
f 5377/5377/5377 5389/5389/5389 5388/5388/5388
f 5377/5377/5377 5378/5378/5378 5389/5389/5389
f 5378/5378/5378 5390/5390/5390 5389/5389/5389
f 5378/5378/5378 5379/5379/5379 5390/5390/5390
f 5380/5380/5380 5392/5392/5392 5391/5391/5391
f 5380/5380/5380 5381/5381/5381 5392/5392/5392
f 5381/5381/5381 5393/5393/5393 5392/5392/5392
f 5381/5381/5381 5382/5382/5382 5393/5393/5393
f 5382/5382/5382 5394/5394/5394 5393/5393/5393
f 5382/5382/5382 5383/5383/5383 5394/5394/5394
f 5383/5383/5383 5395/5395/5395 5394/5394/5394
f 5383/5383/5383 5384/5384/5384 5395/5395/5395
f 5384/5384/5384 5396/5396/5396 5395/5395/5395
f 5384/5384/5384 5385/5385/5385 5396/5396/5396
f 5385/5385/5385 5397/5397/5397 5396/5396/5396
f 5385/5385/5385 5386/5386/5386 5397/5397/5397
f 5386/5386/5386 5398/5398/5398 5397/5397/5397
f 5386/5386/5386 5387/5387/5387 5398/5398/5398
f 5387/5387/5387 5399/5399/5399 5398/5398/5398
f 5387/5387/5387 5388/5388/5388 5399/5399/5399
f 5388/5388/5388 5400/5400/5400 5399/5399/5399
f 5388/5388/5388 5389/5389/5389 5400/5400/5400
f 5389/5389/5389 5401/5401/5401 5400/5400/5400
f 5389/5389/5389 5390/5390/5390 5401/5401/5401
f 5391/5391/5391 5403/5403/5403 5402/5402/5402
f 5391/5391/5391 5392/5392/5392 5403/5403/5403
f 5392/5392/5392 5404/5404/5404 5403/5403/5403
f 5392/5392/5392 5393/5393/5393 5404/5404/5404
f 5393/5393/5393 5405/5405/5405 5404/5404/5404
f 5393/5393/5393 5394/5394/5394 5405/5405/5405
f 5394/5394/5394 5406/5406/5406 5405/5405/5405
f 5394/5394/5394 5395/5395/5395 5406/5406/5406
f 5395/5395/5395 5407/5407/5407 5406/5406/5406
f 5395/5395/5395 5396/5396/5396 5407/5407/5407
f 5396/5396/5396 5408/5408/5408 5407/5407/5407
f 5396/5396/5396 5397/5397/5397 5408/5408/5408
f 5397/5397/5397 5409/5409/5409 5408/5408/5408
f 5397/5397/5397 5398/5398/5398 5409/5409/5409
f 5398/5398/5398 5410/5410/5410 5409/5409/5409
f 5398/5398/5398 5399/5399/5399 5410/5410/5410
f 5399/5399/5399 5411/5411/5411 5410/5410/5410
f 5399/5399/5399 5400/5400/5400 5411/5411/5411
f 5400/5400/5400 5412/5412/5412 5411/5411/5411
f 5400/5400/5400 5401/5401/5401 5412/5412/5412
f 5402/5402/5402 5414/5414/5414 5413/5413/5413
f 5402/5402/5402 5403/5403/5403 5414/5414/5414
f 5403/5403/5403 5415/5415/5415 5414/5414/5414
f 5403/5403/5403 5404/5404/5404 5415/5415/5415
f 5404/5404/5404 5416/5416/5416 5415/5415/5415
f 5404/5404/5404 5405/5405/5405 5416/5416/5416
f 5405/5405/5405 5417/5417/5417 5416/5416/5416
f 5405/5405/5405 5406/5406/5406 5417/5417/5417
f 5406/5406/5406 5418/5418/5418 5417/5417/5417
f 5406/5406/5406 5407/5407/5407 5418/5418/5418
f 5407/5407/5407 5419/5419/5419 5418/5418/5418
f 5407/5407/5407 5408/5408/5408 5419/5419/5419
f 5408/5408/5408 5420/5420/5420 5419/5419/5419
f 5408/5408/5408 5409/5409/5409 5420/5420/5420
f 5409/5409/5409 5421/5421/5421 5420/5420/5420
f 5409/5409/5409 5410/5410/5410 5421/5421/5421
f 5410/5410/5410 5422/5422/5422 5421/5421/5421
f 5410/5410/5410 5411/5411/5411 5422/5422/5422
f 5411/5411/5411 5423/5423/5423 5422/5422/5422
f 5411/5411/5411 5412/5412/5412 5423/5423/5423
f 5413/5413/5413 5425/5425/5425 5424/5424/5424
f 5413/5413/5413 5414/5414/5414 5425/5425/5425
f 5414/5414/5414 5426/5426/5426 5425/5425/5425
f 5414/5414/5414 5415/5415/5415 5426/5426/5426
f 5415/5415/5415 5427/5427/5427 5426/5426/5426
f 5415/5415/5415 5416/5416/5416 5427/5427/5427
f 5416/5416/5416 5428/5428/5428 5427/5427/5427
f 5416/5416/5416 5417/5417/5417 5428/5428/5428
f 5417/5417/5417 5429/5429/5429 5428/5428/5428
f 5417/5417/5417 5418/5418/5418 5429/5429/5429
f 5418/5418/5418 5430/5430/5430 5429/5429/5429
f 5418/5418/5418 5419/5419/5419 5430/5430/5430
f 5419/5419/5419 5431/5431/5431 5430/5430/5430
f 5419/5419/5419 5420/5420/5420 5431/5431/5431
f 5420/5420/5420 5432/5432/5432 5431/5431/5431
f 5420/5420/5420 5421/5421/5421 5432/5432/5432
f 5421/5421/5421 5433/5433/5433 5432/5432/5432
f 5421/5421/5421 5422/5422/5422 5433/5433/5433
f 5422/5422/5422 5434/5434/5434 5433/5433/5433
f 5422/5422/5422 5423/5423/5423 5434/5434/5434
f 5424/5424/5424 5436/5436/5436 5435/5435/5435
f 5424/5424/5424 5425/5425/5425 5436/5436/5436
f 5425/5425/5425 5437/5437/5437 5436/5436/5436
f 5425/5425/5425 5426/5426/5426 5437/5437/5437
f 5426/5426/5426 5438/5438/5438 5437/5437/5437
f 5426/5426/5426 5427/5427/5427 5438/5438/5438
f 5427/5427/5427 5439/5439/5439 5438/5438/5438
f 5427/5427/5427 5428/5428/5428 5439/5439/5439
f 5428/5428/5428 5440/5440/5440 5439/5439/5439
f 5428/5428/5428 5429/5429/5429 5440/5440/5440
f 5429/5429/5429 5441/5441/5441 5440/5440/5440
f 5429/5429/5429 5430/5430/5430 5441/5441/5441
f 5430/5430/5430 5442/5442/5442 5441/5441/5441
f 5430/5430/5430 5431/5431/5431 5442/5442/5442
f 5431/5431/5431 5443/5443/5443 5442/5442/5442
f 5431/5431/5431 5432/5432/5432 5443/5443/5443
f 5432/5432/5432 5444/5444/5444 5443/5443/5443
f 5432/5432/5432 5433/5433/5433 5444/5444/5444
f 5433/5433/5433 5445/5445/5445 5444/5444/5444
f 5433/5433/5433 5434/5434/5434 5445/5445/5445
f 5435/5435/5435 5447/5447/5447 5446/5446/5446
f 5435/5435/5435 5436/5436/5436 5447/5447/5447
f 5436/5436/5436 5448/5448/5448 5447/5447/5447
f 5436/5436/5436 5437/5437/5437 5448/5448/5448
f 5437/5437/5437 5449/5449/5449 5448/5448/5448
f 5437/5437/5437 5438/5438/5438 5449/5449/5449
f 5438/5438/5438 5450/5450/5450 5449/5449/5449
f 5438/5438/5438 5439/5439/5439 5450/5450/5450
f 5439/5439/5439 5451/5451/5451 5450/5450/5450
f 5439/5439/5439 5440/5440/5440 5451/5451/5451
f 5440/5440/5440 5452/5452/5452 5451/5451/5451
f 5440/5440/5440 5441/5441/5441 5452/5452/5452
f 5441/5441/5441 5453/5453/5453 5452/5452/5452
f 5441/5441/5441 5442/5442/5442 5453/5453/5453
f 5442/5442/5442 5454/5454/5454 5453/5453/5453
f 5442/5442/5442 5443/5443/5443 5454/5454/5454
f 5443/5443/5443 5455/5455/5455 5454/5454/5454
f 5443/5443/5443 5444/5444/5444 5455/5455/5455
f 5444/5444/5444 5456/5456/5456 5455/5455/5455
f 5444/5444/5444 5445/5445/5445 5456/5456/5456
f 5446/5446/5446 5458/5458/5458 5457/5457/5457
f 5446/5446/5446 5447/5447/5447 5458/5458/5458
f 5447/5447/5447 5459/5459/5459 5458/5458/5458
f 5447/5447/5447 5448/5448/5448 5459/5459/5459
f 5448/5448/5448 5460/5460/5460 5459/5459/5459
f 5448/5448/5448 5449/5449/5449 5460/5460/5460
f 5449/5449/5449 5461/5461/5461 5460/5460/5460
f 5449/5449/5449 5450/5450/5450 5461/5461/5461
f 5450/5450/5450 5462/5462/5462 5461/5461/5461
f 5450/5450/5450 5451/5451/5451 5462/5462/5462
f 5451/5451/5451 5463/5463/5463 5462/5462/5462
f 5451/5451/5451 5452/5452/5452 5463/5463/5463
f 5452/5452/5452 5464/5464/5464 5463/5463/5463
f 5452/5452/5452 5453/5453/5453 5464/5464/5464
f 5453/5453/5453 5465/5465/5465 5464/5464/5464
f 5453/5453/5453 5454/5454/5454 5465/5465/5465
f 5454/5454/5454 5466/5466/5466 5465/5465/5465
f 5454/5454/5454 5455/5455/5455 5466/5466/5466
f 5455/5455/5455 5467/5467/5467 5466/5466/5466
f 5455/5455/5455 5456/5456/5456 5467/5467/5467
f 5468/5468/5468 5476/5476/5476 5469/5469/5469
f 5468/5468/5468 5475/5475/5475 5476/5476/5476
f 5482/5482/5482 5468/5468/5468 5469/5469/5469
f 5483/5483/5483 5476/5476/5476 5475/5475/5475
f 5469/5469/5469 5477/5477/5477 5470/5470/5470
f 5469/5469/5469 5476/5476/5476 5477/5477/5477
f 5482/5482/5482 5469/5469/5469 5470/5470/5470
f 5483/5483/5483 5477/5477/5477 5476/5476/5476
f 5470/5470/5470 5478/5478/5478 5471/5471/5471
f 5470/5470/5470 5477/5477/5477 5478/5478/5478
f 5482/5482/5482 5470/5470/5470 5471/5471/5471
f 5483/5483/5483 5478/5478/5478 5477/5477/5477
f 5471/5471/5471 5479/5479/5479 5472/5472/5472
f 5471/5471/5471 5478/5478/5478 5479/5479/5479
f 5482/5482/5482 5471/5471/5471 5472/5472/5472
f 5483/5483/5483 5479/5479/5479 5478/5478/5478
f 5472/5472/5472 5480/5480/5480 5473/5473/5473
f 5472/5472/5472 5479/5479/5479 5480/5480/5480
f 5482/5482/5482 5472/5472/5472 5473/5473/5473
f 5483/5483/5483 5480/5480/5480 5479/5479/5479
f 5473/5473/5473 5481/5481/5481 5474/5474/5474
f 5473/5473/5473 5480/5480/5480 5481/5481/5481
f 5482/5482/5482 5473/5473/5473 5474/5474/5474
f 5483/5483/5483 5481/5481/5481 5480/5480/5480
f 5474/5474/5474 5475/5475/5475 5468/5468/5468
f 5474/5474/5474 5481/5481/5481 5475/5475/5475
f 5482/5482/5482 5474/5474/5474 5468/5468/5468
f 5483/5483/5483 5475/5475/5475 5481/5481/5481
f 5484/5484/5484 5496/5496/5496 5495/5495/5495
f 5484/5484/5484 5485/5485/5485 5496/5496/5496
f 5485/5485/5485 5497/5497/5497 5496/5496/5496
f 5485/5485/5485 5486/5486/5486 5497/5497/5497
f 5486/5486/5486 5498/5498/5498 5497/5497/5497
f 5486/5486/5486 5487/5487/5487 5498/5498/5498
f 5487/5487/5487 5499/5499/5499 5498/5498/5498
f 5487/5487/5487 5488/5488/5488 5499/5499/5499
f 5488/5488/5488 5500/5500/5500 5499/5499/5499
f 5488/5488/5488 5489/5489/5489 5500/5500/5500
f 5489/5489/5489 5501/5501/5501 5500/5500/5500
f 5489/5489/5489 5490/5490/5490 5501/5501/5501
f 5490/5490/5490 5502/5502/5502 5501/5501/5501
f 5490/5490/5490 5491/5491/5491 5502/5502/5502
f 5491/5491/5491 5503/5503/5503 5502/5502/5502
f 5491/5491/5491 5492/5492/5492 5503/5503/5503
f 5492/5492/5492 5504/5504/5504 5503/5503/5503
f 5492/5492/5492 5493/5493/5493 5504/5504/5504
f 5493/5493/5493 5505/5505/5505 5504/5504/5504
f 5493/5493/5493 5494/5494/5494 5505/5505/5505
f 5495/5495/5495 5507/5507/5507 5506/5506/5506
f 5495/5495/5495 5496/5496/5496 5507/5507/5507
f 5496/5496/5496 5508/5508/5508 5507/5507/5507
f 5496/5496/5496 5497/5497/5497 5508/5508/5508
f 5497/5497/5497 5509/5509/5509 5508/5508/5508
f 5497/5497/5497 5498/5498/5498 5509/5509/5509
f 5498/5498/5498 5510/5510/5510 5509/5509/5509
f 5498/5498/5498 5499/5499/5499 5510/5510/5510
f 5499/5499/5499 5511/5511/5511 5510/5510/5510
f 5499/5499/5499 5500/5500/5500 5511/5511/5511
f 5500/5500/5500 5512/5512/5512 5511/5511/5511
f 5500/5500/5500 5501/5501/5501 5512/5512/5512
f 5501/5501/5501 5513/5513/5513 5512/5512/5512
f 5501/5501/5501 5502/5502/5502 5513/5513/5513
f 5502/5502/5502 5514/5514/5514 5513/5513/5513
f 5502/5502/5502 5503/5503/5503 5514/5514/5514
f 5503/5503/5503 5515/5515/5515 5514/5514/5514
f 5503/5503/5503 5504/5504/5504 5515/5515/5515
f 5504/5504/5504 5516/5516/5516 5515/5515/5515
f 5504/5504/5504 5505/5505/5505 5516/5516/5516
f 5506/5506/5506 5518/5518/5518 5517/5517/5517
f 5506/5506/5506 5507/5507/5507 5518/5518/5518
f 5507/5507/5507 5519/5519/5519 5518/5518/5518
f 5507/5507/5507 5508/5508/5508 5519/5519/5519
f 5508/5508/5508 5520/5520/5520 5519/5519/5519
f 5508/5508/5508 5509/5509/5509 5520/5520/5520
f 5509/5509/5509 5521/5521/5521 5520/5520/5520
f 5509/5509/5509 5510/5510/5510 5521/5521/5521
f 5510/5510/5510 5522/5522/5522 5521/5521/5521
f 5510/5510/5510 5511/5511/5511 5522/5522/5522
f 5511/5511/5511 5523/5523/5523 5522/5522/5522
f 5511/5511/5511 5512/5512/5512 5523/5523/5523
f 5512/5512/5512 5524/5524/5524 5523/5523/5523
f 5512/5512/5512 5513/5513/5513 5524/5524/5524
f 5513/5513/5513 5525/5525/5525 5524/5524/5524
f 5513/5513/5513 5514/5514/5514 5525/5525/5525
f 5514/5514/5514 5526/5526/5526 5525/5525/5525
f 5514/5514/5514 5515/5515/5515 5526/5526/5526
f 5515/5515/5515 5527/5527/5527 5526/5526/5526
f 5515/5515/5515 5516/5516/5516 5527/5527/5527
f 5517/5517/5517 5529/5529/5529 5528/5528/5528
f 5517/5517/5517 5518/5518/5518 5529/5529/5529
f 5518/5518/5518 5530/5530/5530 5529/5529/5529
f 5518/5518/5518 5519/5519/5519 5530/5530/5530
f 5519/5519/5519 5531/5531/5531 5530/5530/5530
f 5519/5519/5519 5520/5520/5520 5531/5531/5531
f 5520/5520/5520 5532/5532/5532 5531/5531/5531
f 5520/5520/5520 5521/5521/5521 5532/5532/5532
f 5521/5521/5521 5533/5533/5533 5532/5532/5532
f 5521/5521/5521 5522/5522/5522 5533/5533/5533
f 5522/5522/5522 5534/5534/5534 5533/5533/5533
f 5522/5522/5522 5523/5523/5523 5534/5534/5534
f 5523/5523/5523 5535/5535/5535 5534/5534/5534
f 5523/5523/5523 5524/5524/5524 5535/5535/5535
f 5524/5524/5524 5536/5536/5536 5535/5535/5535
f 5524/5524/5524 5525/5525/5525 5536/5536/5536
f 5525/5525/5525 5537/5537/5537 5536/5536/5536
f 5525/5525/5525 5526/5526/5526 5537/5537/5537
f 5526/5526/5526 5538/5538/5538 5537/5537/5537
f 5526/5526/5526 5527/5527/5527 5538/5538/5538
f 5528/5528/5528 5540/5540/5540 5539/5539/5539
f 5528/5528/5528 5529/5529/5529 5540/5540/5540
f 5529/5529/5529 5541/5541/5541 5540/5540/5540
f 5529/5529/5529 5530/5530/5530 5541/5541/5541
f 5530/5530/5530 5542/5542/5542 5541/5541/5541
f 5530/5530/5530 5531/5531/5531 5542/5542/5542
f 5531/5531/5531 5543/5543/5543 5542/5542/5542
f 5531/5531/5531 5532/5532/5532 5543/5543/5543
f 5532/5532/5532 5544/5544/5544 5543/5543/5543
f 5532/5532/5532 5533/5533/5533 5544/5544/5544
f 5533/5533/5533 5545/5545/5545 5544/5544/5544
f 5533/5533/5533 5534/5534/5534 5545/5545/5545
f 5534/5534/5534 5546/5546/5546 5545/5545/5545
f 5534/5534/5534 5535/5535/5535 5546/5546/5546
f 5535/5535/5535 5547/5547/5547 5546/5546/5546
f 5535/5535/5535 5536/5536/5536 5547/5547/5547
f 5536/5536/5536 5548/5548/5548 5547/5547/5547
f 5536/5536/5536 5537/5537/5537 5548/5548/5548
f 5537/5537/5537 5549/5549/5549 5548/5548/5548
f 5537/5537/5537 5538/5538/5538 5549/5549/5549
f 5539/5539/5539 5551/5551/5551 5550/5550/5550
f 5539/5539/5539 5540/5540/5540 5551/5551/5551
f 5540/5540/5540 5552/5552/5552 5551/5551/5551
f 5540/5540/5540 5541/5541/5541 5552/5552/5552
f 5541/5541/5541 5553/5553/5553 5552/5552/5552
f 5541/5541/5541 5542/5542/5542 5553/5553/5553
f 5542/5542/5542 5554/5554/5554 5553/5553/5553
f 5542/5542/5542 5543/5543/5543 5554/5554/5554
f 5543/5543/5543 5555/5555/5555 5554/5554/5554
f 5543/5543/5543 5544/5544/5544 5555/5555/5555
f 5544/5544/5544 5556/5556/5556 5555/5555/5555
f 5544/5544/5544 5545/5545/5545 5556/5556/5556
f 5545/5545/5545 5557/5557/5557 5556/5556/5556
f 5545/5545/5545 5546/5546/5546 5557/5557/5557
f 5546/5546/5546 5558/5558/5558 5557/5557/5557
f 5546/5546/5546 5547/5547/5547 5558/5558/5558
f 5547/5547/5547 5559/5559/5559 5558/5558/5558
f 5547/5547/5547 5548/5548/5548 5559/5559/5559
f 5548/5548/5548 5560/5560/5560 5559/5559/5559
f 5548/5548/5548 5549/5549/5549 5560/5560/5560
f 5550/5550/5550 5562/5562/5562 5561/5561/5561
f 5550/5550/5550 5551/5551/5551 5562/5562/5562
f 5551/5551/5551 5563/5563/5563 5562/5562/5562
f 5551/5551/5551 5552/5552/5552 5563/5563/5563
f 5552/5552/5552 5564/5564/5564 5563/5563/5563
f 5552/5552/5552 5553/5553/5553 5564/5564/5564
f 5553/5553/5553 5565/5565/5565 5564/5564/5564
f 5553/5553/5553 5554/5554/5554 5565/5565/5565
f 5554/5554/5554 5566/5566/5566 5565/5565/5565
f 5554/5554/5554 5555/5555/5555 5566/5566/5566
f 5555/5555/5555 5567/5567/5567 5566/5566/5566
f 5555/5555/5555 5556/5556/5556 5567/5567/5567
f 5556/5556/5556 5568/5568/5568 5567/5567/5567
f 5556/5556/5556 5557/5557/5557 5568/5568/5568
f 5557/5557/5557 5569/5569/5569 5568/5568/5568
f 5557/5557/5557 5558/5558/5558 5569/5569/5569
f 5558/5558/5558 5570/5570/5570 5569/5569/5569
f 5558/5558/5558 5559/5559/5559 5570/5570/5570
f 5559/5559/5559 5571/5571/5571 5570/5570/5570
f 5559/5559/5559 5560/5560/5560 5571/5571/5571
f 5561/5561/5561 5573/5573/5573 5572/5572/5572
f 5561/5561/5561 5562/5562/5562 5573/5573/5573
f 5562/5562/5562 5574/5574/5574 5573/5573/5573
f 5562/5562/5562 5563/5563/5563 5574/5574/5574
f 5563/5563/5563 5575/5575/5575 5574/5574/5574
f 5563/5563/5563 5564/5564/5564 5575/5575/5575
f 5564/5564/5564 5576/5576/5576 5575/5575/5575
f 5564/5564/5564 5565/5565/5565 5576/5576/5576
f 5565/5565/5565 5577/5577/5577 5576/5576/5576
f 5565/5565/5565 5566/5566/5566 5577/5577/5577
f 5566/5566/5566 5578/5578/5578 5577/5577/5577
f 5566/5566/5566 5567/5567/5567 5578/5578/5578
f 5567/5567/5567 5579/5579/5579 5578/5578/5578
f 5567/5567/5567 5568/5568/5568 5579/5579/5579
f 5568/5568/5568 5580/5580/5580 5579/5579/5579
f 5568/5568/5568 5569/5569/5569 5580/5580/5580
f 5569/5569/5569 5581/5581/5581 5580/5580/5580
f 5569/5569/5569 5570/5570/5570 5581/5581/5581
f 5570/5570/5570 5582/5582/5582 5581/5581/5581
f 5570/5570/5570 5571/5571/5571 5582/5582/5582
f 5583/5583/5583 5591/5591/5591 5584/5584/5584
f 5583/5583/5583 5590/5590/5590 5591/5591/5591
f 5597/5597/5597 5583/5583/5583 5584/5584/5584
f 5598/5598/5598 5591/5591/5591 5590/5590/5590
f 5584/5584/5584 5592/5592/5592 5585/5585/5585
f 5584/5584/5584 5591/5591/5591 5592/5592/5592
f 5597/5597/5597 5584/5584/5584 5585/5585/5585
f 5598/5598/5598 5592/5592/5592 5591/5591/5591
f 5585/5585/5585 5593/5593/5593 5586/5586/5586
f 5585/5585/5585 5592/5592/5592 5593/5593/5593
f 5597/5597/5597 5585/5585/5585 5586/5586/5586
f 5598/5598/5598 5593/5593/5593 5592/5592/5592
f 5586/5586/5586 5594/5594/5594 5587/5587/5587
f 5586/5586/5586 5593/5593/5593 5594/5594/5594
f 5597/5597/5597 5586/5586/5586 5587/5587/5587
f 5598/5598/5598 5594/5594/5594 5593/5593/5593
f 5587/5587/5587 5595/5595/5595 5588/5588/5588
f 5587/5587/5587 5594/5594/5594 5595/5595/5595
f 5597/5597/5597 5587/5587/5587 5588/5588/5588
f 5598/5598/5598 5595/5595/5595 5594/5594/5594
f 5588/5588/5588 5596/5596/5596 5589/5589/5589
f 5588/5588/5588 5595/5595/5595 5596/5596/5596
f 5597/5597/5597 5588/5588/5588 5589/5589/5589
f 5598/5598/5598 5596/5596/5596 5595/5595/5595
f 5589/5589/5589 5590/5590/5590 5583/5583/5583
f 5589/5589/5589 5596/5596/5596 5590/5590/5590
f 5597/5597/5597 5589/5589/5589 5583/5583/5583
f 5598/5598/5598 5590/5590/5590 5596/5596/5596
f 5599/5599/5599 5611/5611/5611 5610/5610/5610
f 5599/5599/5599 5600/5600/5600 5611/5611/5611
f 5600/5600/5600 5612/5612/5612 5611/5611/5611
f 5600/5600/5600 5601/5601/5601 5612/5612/5612
f 5601/5601/5601 5613/5613/5613 5612/5612/5612
f 5601/5601/5601 5602/5602/5602 5613/5613/5613
f 5602/5602/5602 5614/5614/5614 5613/5613/5613
f 5602/5602/5602 5603/5603/5603 5614/5614/5614
f 5603/5603/5603 5615/5615/5615 5614/5614/5614
f 5603/5603/5603 5604/5604/5604 5615/5615/5615
f 5604/5604/5604 5616/5616/5616 5615/5615/5615
f 5604/5604/5604 5605/5605/5605 5616/5616/5616
f 5605/5605/5605 5617/5617/5617 5616/5616/5616
f 5605/5605/5605 5606/5606/5606 5617/5617/5617
f 5606/5606/5606 5618/5618/5618 5617/5617/5617
f 5606/5606/5606 5607/5607/5607 5618/5618/5618
f 5607/5607/5607 5619/5619/5619 5618/5618/5618
f 5607/5607/5607 5608/5608/5608 5619/5619/5619
f 5608/5608/5608 5620/5620/5620 5619/5619/5619
f 5608/5608/5608 5609/5609/5609 5620/5620/5620
f 5610/5610/5610 5622/5622/5622 5621/5621/5621
f 5610/5610/5610 5611/5611/5611 5622/5622/5622
f 5611/5611/5611 5623/5623/5623 5622/5622/5622
f 5611/5611/5611 5612/5612/5612 5623/5623/5623
f 5612/5612/5612 5624/5624/5624 5623/5623/5623
f 5612/5612/5612 5613/5613/5613 5624/5624/5624
f 5613/5613/5613 5625/5625/5625 5624/5624/5624
f 5613/5613/5613 5614/5614/5614 5625/5625/5625
f 5614/5614/5614 5626/5626/5626 5625/5625/5625
f 5614/5614/5614 5615/5615/5615 5626/5626/5626
f 5615/5615/5615 5627/5627/5627 5626/5626/5626
f 5615/5615/5615 5616/5616/5616 5627/5627/5627
f 5616/5616/5616 5628/5628/5628 5627/5627/5627
f 5616/5616/5616 5617/5617/5617 5628/5628/5628
f 5617/5617/5617 5629/5629/5629 5628/5628/5628
f 5617/5617/5617 5618/5618/5618 5629/5629/5629
f 5618/5618/5618 5630/5630/5630 5629/5629/5629
f 5618/5618/5618 5619/5619/5619 5630/5630/5630
f 5619/5619/5619 5631/5631/5631 5630/5630/5630
f 5619/5619/5619 5620/5620/5620 5631/5631/5631
f 5621/5621/5621 5633/5633/5633 5632/5632/5632
f 5621/5621/5621 5622/5622/5622 5633/5633/5633
f 5622/5622/5622 5634/5634/5634 5633/5633/5633
f 5622/5622/5622 5623/5623/5623 5634/5634/5634
f 5623/5623/5623 5635/5635/5635 5634/5634/5634
f 5623/5623/5623 5624/5624/5624 5635/5635/5635
f 5624/5624/5624 5636/5636/5636 5635/5635/5635
f 5624/5624/5624 5625/5625/5625 5636/5636/5636
f 5625/5625/5625 5637/5637/5637 5636/5636/5636
f 5625/5625/5625 5626/5626/5626 5637/5637/5637
f 5626/5626/5626 5638/5638/5638 5637/5637/5637
f 5626/5626/5626 5627/5627/5627 5638/5638/5638
f 5627/5627/5627 5639/5639/5639 5638/5638/5638
f 5627/5627/5627 5628/5628/5628 5639/5639/5639
f 5628/5628/5628 5640/5640/5640 5639/5639/5639
f 5628/5628/5628 5629/5629/5629 5640/5640/5640
f 5629/5629/5629 5641/5641/5641 5640/5640/5640
f 5629/5629/5629 5630/5630/5630 5641/5641/5641
f 5630/5630/5630 5642/5642/5642 5641/5641/5641
f 5630/5630/5630 5631/5631/5631 5642/5642/5642
f 5632/5632/5632 5644/5644/5644 5643/5643/5643
f 5632/5632/5632 5633/5633/5633 5644/5644/5644
f 5633/5633/5633 5645/5645/5645 5644/5644/5644
f 5633/5633/5633 5634/5634/5634 5645/5645/5645
f 5634/5634/5634 5646/5646/5646 5645/5645/5645
f 5634/5634/5634 5635/5635/5635 5646/5646/5646
f 5635/5635/5635 5647/5647/5647 5646/5646/5646
f 5635/5635/5635 5636/5636/5636 5647/5647/5647
f 5636/5636/5636 5648/5648/5648 5647/5647/5647
f 5636/5636/5636 5637/5637/5637 5648/5648/5648
f 5637/5637/5637 5649/5649/5649 5648/5648/5648
f 5637/5637/5637 5638/5638/5638 5649/5649/5649
f 5638/5638/5638 5650/5650/5650 5649/5649/5649
f 5638/5638/5638 5639/5639/5639 5650/5650/5650
f 5639/5639/5639 5651/5651/5651 5650/5650/5650
f 5639/5639/5639 5640/5640/5640 5651/5651/5651
f 5640/5640/5640 5652/5652/5652 5651/5651/5651
f 5640/5640/5640 5641/5641/5641 5652/5652/5652
f 5641/5641/5641 5653/5653/5653 5652/5652/5652
f 5641/5641/5641 5642/5642/5642 5653/5653/5653
f 5643/5643/5643 5655/5655/5655 5654/5654/5654
f 5643/5643/5643 5644/5644/5644 5655/5655/5655
f 5644/5644/5644 5656/5656/5656 5655/5655/5655
f 5644/5644/5644 5645/5645/5645 5656/5656/5656
f 5645/5645/5645 5657/5657/5657 5656/5656/5656
f 5645/5645/5645 5646/5646/5646 5657/5657/5657
f 5646/5646/5646 5658/5658/5658 5657/5657/5657
f 5646/5646/5646 5647/5647/5647 5658/5658/5658
f 5647/5647/5647 5659/5659/5659 5658/5658/5658
f 5647/5647/5647 5648/5648/5648 5659/5659/5659
f 5648/5648/5648 5660/5660/5660 5659/5659/5659
f 5648/5648/5648 5649/5649/5649 5660/5660/5660
f 5649/5649/5649 5661/5661/5661 5660/5660/5660
f 5649/5649/5649 5650/5650/5650 5661/5661/5661
f 5650/5650/5650 5662/5662/5662 5661/5661/5661
f 5650/5650/5650 5651/5651/5651 5662/5662/5662
f 5651/5651/5651 5663/5663/5663 5662/5662/5662
f 5651/5651/5651 5652/5652/5652 5663/5663/5663
f 5652/5652/5652 5664/5664/5664 5663/5663/5663
f 5652/5652/5652 5653/5653/5653 5664/5664/5664
f 5654/5654/5654 5666/5666/5666 5665/5665/5665
f 5654/5654/5654 5655/5655/5655 5666/5666/5666
f 5655/5655/5655 5667/5667/5667 5666/5666/5666
f 5655/5655/5655 5656/5656/5656 5667/5667/5667
f 5656/5656/5656 5668/5668/5668 5667/5667/5667
f 5656/5656/5656 5657/5657/5657 5668/5668/5668
f 5657/5657/5657 5669/5669/5669 5668/5668/5668
f 5657/5657/5657 5658/5658/5658 5669/5669/5669
f 5658/5658/5658 5670/5670/5670 5669/5669/5669
f 5658/5658/5658 5659/5659/5659 5670/5670/5670
f 5659/5659/5659 5671/5671/5671 5670/5670/5670
f 5659/5659/5659 5660/5660/5660 5671/5671/5671
f 5660/5660/5660 5672/5672/5672 5671/5671/5671
f 5660/5660/5660 5661/5661/5661 5672/5672/5672
f 5661/5661/5661 5673/5673/5673 5672/5672/5672
f 5661/5661/5661 5662/5662/5662 5673/5673/5673
f 5662/5662/5662 5674/5674/5674 5673/5673/5673
f 5662/5662/5662 5663/5663/5663 5674/5674/5674
f 5663/5663/5663 5675/5675/5675 5674/5674/5674
f 5663/5663/5663 5664/5664/5664 5675/5675/5675
f 5665/5665/5665 5677/5677/5677 5676/5676/5676
f 5665/5665/5665 5666/5666/5666 5677/5677/5677
f 5666/5666/5666 5678/5678/5678 5677/5677/5677
f 5666/5666/5666 5667/5667/5667 5678/5678/5678
f 5667/5667/5667 5679/5679/5679 5678/5678/5678
f 5667/5667/5667 5668/5668/5668 5679/5679/5679
f 5668/5668/5668 5680/5680/5680 5679/5679/5679
f 5668/5668/5668 5669/5669/5669 5680/5680/5680
f 5669/5669/5669 5681/5681/5681 5680/5680/5680
f 5669/5669/5669 5670/5670/5670 5681/5681/5681
f 5670/5670/5670 5682/5682/5682 5681/5681/5681
f 5670/5670/5670 5671/5671/5671 5682/5682/5682
f 5671/5671/5671 5683/5683/5683 5682/5682/5682
f 5671/5671/5671 5672/5672/5672 5683/5683/5683
f 5672/5672/5672 5684/5684/5684 5683/5683/5683
f 5672/5672/5672 5673/5673/5673 5684/5684/5684
f 5673/5673/5673 5685/5685/5685 5684/5684/5684
f 5673/5673/5673 5674/5674/5674 5685/5685/5685
f 5674/5674/5674 5686/5686/5686 5685/5685/5685
f 5674/5674/5674 5675/5675/5675 5686/5686/5686
f 5676/5676/5676 5688/5688/5688 5687/5687/5687
f 5676/5676/5676 5677/5677/5677 5688/5688/5688
f 5677/5677/5677 5689/5689/5689 5688/5688/5688
f 5677/5677/5677 5678/5678/5678 5689/5689/5689
f 5678/5678/5678 5690/5690/5690 5689/5689/5689
f 5678/5678/5678 5679/5679/5679 5690/5690/5690
f 5679/5679/5679 5691/5691/5691 5690/5690/5690
f 5679/5679/5679 5680/5680/5680 5691/5691/5691
f 5680/5680/5680 5692/5692/5692 5691/5691/5691
f 5680/5680/5680 5681/5681/5681 5692/5692/5692
f 5681/5681/5681 5693/5693/5693 5692/5692/5692
f 5681/5681/5681 5682/5682/5682 5693/5693/5693
f 5682/5682/5682 5694/5694/5694 5693/5693/5693
f 5682/5682/5682 5683/5683/5683 5694/5694/5694
f 5683/5683/5683 5695/5695/5695 5694/5694/5694
f 5683/5683/5683 5684/5684/5684 5695/5695/5695
f 5684/5684/5684 5696/5696/5696 5695/5695/5695
f 5684/5684/5684 5685/5685/5685 5696/5696/5696
f 5685/5685/5685 5697/5697/5697 5696/5696/5696
f 5685/5685/5685 5686/5686/5686 5697/5697/5697
f 5698/5698/5698 5710/5710/5710 5709/5709/5709
f 5698/5698/5698 5699/5699/5699 5710/5710/5710
f 5699/5699/5699 5711/5711/5711 5710/5710/5710
f 5699/5699/5699 5700/5700/5700 5711/5711/5711
f 5700/5700/5700 5712/5712/5712 5711/5711/5711
f 5700/5700/5700 5701/5701/5701 5712/5712/5712
f 5701/5701/5701 5713/5713/5713 5712/5712/5712
f 5701/5701/5701 5702/5702/5702 5713/5713/5713
f 5702/5702/5702 5714/5714/5714 5713/5713/5713
f 5702/5702/5702 5703/5703/5703 5714/5714/5714
f 5703/5703/5703 5715/5715/5715 5714/5714/5714
f 5703/5703/5703 5704/5704/5704 5715/5715/5715
f 5704/5704/5704 5716/5716/5716 5715/5715/5715
f 5704/5704/5704 5705/5705/5705 5716/5716/5716
f 5705/5705/5705 5717/5717/5717 5716/5716/5716
f 5705/5705/5705 5706/5706/5706 5717/5717/5717
f 5706/5706/5706 5718/5718/5718 5717/5717/5717
f 5706/5706/5706 5707/5707/5707 5718/5718/5718
f 5707/5707/5707 5719/5719/5719 5718/5718/5718
f 5707/5707/5707 5708/5708/5708 5719/5719/5719
f 5709/5709/5709 5721/5721/5721 5720/5720/5720
f 5709/5709/5709 5710/5710/5710 5721/5721/5721
f 5710/5710/5710 5722/5722/5722 5721/5721/5721
f 5710/5710/5710 5711/5711/5711 5722/5722/5722
f 5711/5711/5711 5723/5723/5723 5722/5722/5722
f 5711/5711/5711 5712/5712/5712 5723/5723/5723
f 5712/5712/5712 5724/5724/5724 5723/5723/5723
f 5712/5712/5712 5713/5713/5713 5724/5724/5724
f 5713/5713/5713 5725/5725/5725 5724/5724/5724
f 5713/5713/5713 5714/5714/5714 5725/5725/5725
f 5714/5714/5714 5726/5726/5726 5725/5725/5725
f 5714/5714/5714 5715/5715/5715 5726/5726/5726
f 5715/5715/5715 5727/5727/5727 5726/5726/5726
f 5715/5715/5715 5716/5716/5716 5727/5727/5727
f 5716/5716/5716 5728/5728/5728 5727/5727/5727
f 5716/5716/5716 5717/5717/5717 5728/5728/5728
f 5717/5717/5717 5729/5729/5729 5728/5728/5728
f 5717/5717/5717 5718/5718/5718 5729/5729/5729
f 5718/5718/5718 5730/5730/5730 5729/5729/5729
f 5718/5718/5718 5719/5719/5719 5730/5730/5730
f 5720/5720/5720 5732/5732/5732 5731/5731/5731
f 5720/5720/5720 5721/5721/5721 5732/5732/5732
f 5721/5721/5721 5733/5733/5733 5732/5732/5732
f 5721/5721/5721 5722/5722/5722 5733/5733/5733
f 5722/5722/5722 5734/5734/5734 5733/5733/5733
f 5722/5722/5722 5723/5723/5723 5734/5734/5734
f 5723/5723/5723 5735/5735/5735 5734/5734/5734
f 5723/5723/5723 5724/5724/5724 5735/5735/5735
f 5724/5724/5724 5736/5736/5736 5735/5735/5735
f 5724/5724/5724 5725/5725/5725 5736/5736/5736
f 5725/5725/5725 5737/5737/5737 5736/5736/5736
f 5725/5725/5725 5726/5726/5726 5737/5737/5737
f 5726/5726/5726 5738/5738/5738 5737/5737/5737
f 5726/5726/5726 5727/5727/5727 5738/5738/5738
f 5727/5727/5727 5739/5739/5739 5738/5738/5738
f 5727/5727/5727 5728/5728/5728 5739/5739/5739
f 5728/5728/5728 5740/5740/5740 5739/5739/5739
f 5728/5728/5728 5729/5729/5729 5740/5740/5740
f 5729/5729/5729 5741/5741/5741 5740/5740/5740
f 5729/5729/5729 5730/5730/5730 5741/5741/5741
f 5731/5731/5731 5743/5743/5743 5742/5742/5742
f 5731/5731/5731 5732/5732/5732 5743/5743/5743
f 5732/5732/5732 5744/5744/5744 5743/5743/5743
f 5732/5732/5732 5733/5733/5733 5744/5744/5744
f 5733/5733/5733 5745/5745/5745 5744/5744/5744
f 5733/5733/5733 5734/5734/5734 5745/5745/5745
f 5734/5734/5734 5746/5746/5746 5745/5745/5745
f 5734/5734/5734 5735/5735/5735 5746/5746/5746
f 5735/5735/5735 5747/5747/5747 5746/5746/5746
f 5735/5735/5735 5736/5736/5736 5747/5747/5747
f 5736/5736/5736 5748/5748/5748 5747/5747/5747
f 5736/5736/5736 5737/5737/5737 5748/5748/5748
f 5737/5737/5737 5749/5749/5749 5748/5748/5748
f 5737/5737/5737 5738/5738/5738 5749/5749/5749
f 5738/5738/5738 5750/5750/5750 5749/5749/5749
f 5738/5738/5738 5739/5739/5739 5750/5750/5750
f 5739/5739/5739 5751/5751/5751 5750/5750/5750
f 5739/5739/5739 5740/5740/5740 5751/5751/5751
f 5740/5740/5740 5752/5752/5752 5751/5751/5751
f 5740/5740/5740 5741/5741/5741 5752/5752/5752
f 5742/5742/5742 5754/5754/5754 5753/5753/5753
f 5742/5742/5742 5743/5743/5743 5754/5754/5754
f 5743/5743/5743 5755/5755/5755 5754/5754/5754
f 5743/5743/5743 5744/5744/5744 5755/5755/5755
f 5744/5744/5744 5756/5756/5756 5755/5755/5755
f 5744/5744/5744 5745/5745/5745 5756/5756/5756
f 5745/5745/5745 5757/5757/5757 5756/5756/5756
f 5745/5745/5745 5746/5746/5746 5757/5757/5757
f 5746/5746/5746 5758/5758/5758 5757/5757/5757
f 5746/5746/5746 5747/5747/5747 5758/5758/5758
f 5747/5747/5747 5759/5759/5759 5758/5758/5758
f 5747/5747/5747 5748/5748/5748 5759/5759/5759
f 5748/5748/5748 5760/5760/5760 5759/5759/5759
f 5748/5748/5748 5749/5749/5749 5760/5760/5760
f 5749/5749/5749 5761/5761/5761 5760/5760/5760
f 5749/5749/5749 5750/5750/5750 5761/5761/5761
f 5750/5750/5750 5762/5762/5762 5761/5761/5761
f 5750/5750/5750 5751/5751/5751 5762/5762/5762
f 5751/5751/5751 5763/5763/5763 5762/5762/5762
f 5751/5751/5751 5752/5752/5752 5763/5763/5763
f 5753/5753/5753 5765/5765/5765 5764/5764/5764
f 5753/5753/5753 5754/5754/5754 5765/5765/5765
f 5754/5754/5754 5766/5766/5766 5765/5765/5765
f 5754/5754/5754 5755/5755/5755 5766/5766/5766
f 5755/5755/5755 5767/5767/5767 5766/5766/5766
f 5755/5755/5755 5756/5756/5756 5767/5767/5767
f 5756/5756/5756 5768/5768/5768 5767/5767/5767
f 5756/5756/5756 5757/5757/5757 5768/5768/5768
f 5757/5757/5757 5769/5769/5769 5768/5768/5768
f 5757/5757/5757 5758/5758/5758 5769/5769/5769
f 5758/5758/5758 5770/5770/5770 5769/5769/5769
f 5758/5758/5758 5759/5759/5759 5770/5770/5770
f 5759/5759/5759 5771/5771/5771 5770/5770/5770
f 5759/5759/5759 5760/5760/5760 5771/5771/5771
f 5760/5760/5760 5772/5772/5772 5771/5771/5771
f 5760/5760/5760 5761/5761/5761 5772/5772/5772
f 5761/5761/5761 5773/5773/5773 5772/5772/5772
f 5761/5761/5761 5762/5762/5762 5773/5773/5773
f 5762/5762/5762 5774/5774/5774 5773/5773/5773
f 5762/5762/5762 5763/5763/5763 5774/5774/5774
f 5764/5764/5764 5776/5776/5776 5775/5775/5775
f 5764/5764/5764 5765/5765/5765 5776/5776/5776
f 5765/5765/5765 5777/5777/5777 5776/5776/5776
f 5765/5765/5765 5766/5766/5766 5777/5777/5777
f 5766/5766/5766 5778/5778/5778 5777/5777/5777
f 5766/5766/5766 5767/5767/5767 5778/5778/5778
f 5767/5767/5767 5779/5779/5779 5778/5778/5778
f 5767/5767/5767 5768/5768/5768 5779/5779/5779
f 5768/5768/5768 5780/5780/5780 5779/5779/5779
f 5768/5768/5768 5769/5769/5769 5780/5780/5780
f 5769/5769/5769 5781/5781/5781 5780/5780/5780
f 5769/5769/5769 5770/5770/5770 5781/5781/5781
f 5770/5770/5770 5782/5782/5782 5781/5781/5781
f 5770/5770/5770 5771/5771/5771 5782/5782/5782
f 5771/5771/5771 5783/5783/5783 5782/5782/5782
f 5771/5771/5771 5772/5772/5772 5783/5783/5783
f 5772/5772/5772 5784/5784/5784 5783/5783/5783
f 5772/5772/5772 5773/5773/5773 5784/5784/5784
f 5773/5773/5773 5785/5785/5785 5784/5784/5784
f 5773/5773/5773 5774/5774/5774 5785/5785/5785
f 5775/5775/5775 5787/5787/5787 5786/5786/5786
f 5775/5775/5775 5776/5776/5776 5787/5787/5787
f 5776/5776/5776 5788/5788/5788 5787/5787/5787
f 5776/5776/5776 5777/5777/5777 5788/5788/5788
f 5777/5777/5777 5789/5789/5789 5788/5788/5788
f 5777/5777/5777 5778/5778/5778 5789/5789/5789
f 5778/5778/5778 5790/5790/5790 5789/5789/5789
f 5778/5778/5778 5779/5779/5779 5790/5790/5790
f 5779/5779/5779 5791/5791/5791 5790/5790/5790
f 5779/5779/5779 5780/5780/5780 5791/5791/5791
f 5780/5780/5780 5792/5792/5792 5791/5791/5791
f 5780/5780/5780 5781/5781/5781 5792/5792/5792
f 5781/5781/5781 5793/5793/5793 5792/5792/5792
f 5781/5781/5781 5782/5782/5782 5793/5793/5793
f 5782/5782/5782 5794/5794/5794 5793/5793/5793
f 5782/5782/5782 5783/5783/5783 5794/5794/5794
f 5783/5783/5783 5795/5795/5795 5794/5794/5794
f 5783/5783/5783 5784/5784/5784 5795/5795/5795
f 5784/5784/5784 5796/5796/5796 5795/5795/5795
f 5784/5784/5784 5785/5785/5785 5796/5796/5796