# 3D Model: tree/canopy/tree_canopy_wc_63419309 (v6 Gemini)
# Style: broadleaf open radial crown | Symmetry: asymmetric
# Dimensions: 6.598 x 8.219 x 6.157 m
# Triangles: 2292 | Vertices: 1371
v 0.7 0 0
v 0.5663 0 0.4114
v 0.2163 0 0.6657
v -0.2163 0 0.6657
v -0.5663 0 0.4114
v -0.7 0 0
v -0.5663 0 -0.4114
v -0.2163 0 -0.6657
v 0.2163 0 -0.6657
v 0.5663 0 -0.4114
v 0.25 6.209 0
v 0.2023 6.209 0.1469
v 0.0773 6.209 0.2378
v -0.0773 6.209 0.2378
v -0.2023 6.209 0.1469
v -0.25 6.209 0
v -0.2023 6.209 -0.1469
v -0.0773 6.209 -0.2378
v 0.0773 6.209 -0.2378
v 0.2023 6.209 -0.1469
v 0 0 0
v 0 6.209 0
v 0.78 0 0
v 0.631 0 0.4585
v 0.241 0 0.7418
v -0.241 0 0.7418
v -0.631 0 0.4585
v -0.78 0 0
v -0.631 0 -0.4585
v -0.241 0 -0.7418
v 0.241 0 -0.7418
v 0.631 0 -0.4585
v 0.5616 0.5 0
v 0.4543 0.5 0.3301
v 0.1735 0.5 0.5341
v -0.1735 0.5 0.5341
v -0.4543 0.5 0.3301
v -0.5616 0.5 0
v -0.4543 0.5 -0.3301
v -0.1735 0.5 -0.5341
v 0.1735 0.5 -0.5341
v 0.4543 0.5 -0.3301
v 0 0 0
v 0 0.5 0
v 0.0046 5.1602 -0.1149
v 0.0261 5.0733 -0.0707
v 0.0279 5.0519 0.0267
v 0.0087 5.112 0.104
v -0.017 5.2084 0.103
v -0.0299 5.2685 0.0244
v -0.0203 5.247 -0.0726
v 0.5212 5.2987 -0.0621
v 0.5367 5.2362 -0.0303
v 0.538 5.2207 0.0399
v 0.5242 5.264 0.0956
v 0.5057 5.3334 0.0948
v 0.4964 5.3767 0.0382
v 0.5033 5.3613 -0.0316
v 0 5.1602 0
v 0.5179 5.2987 0.0206
v 0.5206 5.2987 -0.0473
v 0.5336 5.2474 -0.0212
v 0.5347 5.2348 0.0365
v 0.5232 5.2703 0.0822
v 0.5077 5.3272 0.0816
v 0.4999 5.3627 0.0351
v 0.5057 5.35 -0.0223
v 1.9791 5.6966 0.0299
v 1.9885 5.6596 0.0487
v 1.9893 5.6505 0.0902
v 1.981 5.6761 0.1231
v 1.9699 5.7171 0.1227
v 1.9642 5.7426 0.0892
v 1.9684 5.7335 0.0479
v 0.5179 5.2987 0.0206
v 1.9772 5.6966 0.0788
v 1.986 5.8877 0.0781
v 1.986 5.8877 0.0781
v 1.986 5.8877 0.0781
v 1.986 5.8877 0.0781
v 1.986 5.8877 0.0781
v 1.986 5.8877 0.0781
v 1.986 5.8877 0.0781
v 1.986 5.8877 0.0781
v 1.986 5.8877 0.0781
v 1.986 5.8877 0.0781
v 1.986 5.8877 0.0781
v 2.5188 5.8485 0.0568
v 2.4246 5.8536 0.2542
v 2.1627 5.8662 0.3844
v 1.833 5.8814 0.3975
v 1.5615 5.8935 0.2887
v 1.4519 5.8978 0.0994
v 1.546 5.8927 -0.098
v 1.808 5.8801 -0.2281
v 2.1377 5.8649 -0.2413
v 2.4092 5.8528 -0.1324
v 2.5188 5.8485 0.0568
v 2.9691 5.7861 0.039
v 2.7952 5.7956 0.4037
v 2.3111 5.8188 0.6441
v 1.7019 5.847 0.6684
v 1.2003 5.8693 0.4673
v 0.9977 5.8773 0.1176
v 1.1717 5.8678 -0.2471
v 1.6557 5.8446 -0.4875
v 2.2649 5.8164 -0.5119
v 2.7666 5.7941 -0.3108
v 2.9691 5.7861 0.039
v 3.2684 5.7101 0.0271
v 3.0411 5.7225 0.5037
v 2.4087 5.7529 0.8178
v 1.6128 5.7897 0.8496
v 0.9573 5.8189 0.5868
v 0.6927 5.8293 0.1299
v 0.92 5.8169 -0.3466
v 1.5524 5.7865 -0.6608
v 2.3483 5.7497 -0.6925
v 3.0038 5.7205 -0.4298
v 3.2684 5.7101 0.0271
v 3.3712 5.6321 0.0232
v 3.1252 5.6455 0.539
v 2.4407 5.6783 0.879
v 1.5791 5.7182 0.9134
v 0.8696 5.7498 0.629
v 0.5832 5.761 0.1344
v 0.8292 5.7477 -0.3814
v 1.5137 5.7148 -0.7214
v 2.3753 5.675 -0.7558
v 3.0847 5.6434 -0.4714
v 3.3712 5.6321 0.0232
v 3.2617 5.5639 0.0277
v 3.0344 5.5762 0.5043
v 2.402 5.6066 0.8184
v 1.6061 5.6434 0.8502
v 0.9506 5.6726 0.5874
v 0.6859 5.683 0.1305
v 0.9132 5.6707 -0.346
v 1.5456 5.6403 -0.6602
v 2.3416 5.6035 -0.692
v 2.9971 5.5743 -0.4292
v 3.2617 5.5639 0.0277
v 2.9567 5.5159 0.04
v 2.7827 5.5253 0.4047
v 2.2987 5.5486 0.6452
v 1.6895 5.5767 0.6695
v 1.1878 5.5991 0.4684
v 0.9853 5.607 0.1187
v 1.1592 5.5976 -0.246
v 1.6432 5.5743 -0.4865
v 2.2524 5.5462 -0.5108
v 2.7541 5.5238 -0.3097
v 2.9567 5.5159 0.04
v 2.5025 5.4953 0.0582
v 2.4084 5.5005 0.2556
v 2.1464 5.513 0.3857
v 1.8167 5.5283 0.3989
v 1.5452 5.5404 0.2901
v 1.4356 5.5447 0.1008
v 1.5297 5.5396 -0.0966
v 1.7917 5.527 -0.2267
v 2.1214 5.5117 -0.2399
v 2.3929 5.4997 -0.131
v 2.5025 5.4953 0.0582
v 1.9684 5.5055 0.0796
v 1.9684 5.5055 0.0796
v 1.9684 5.5055 0.0796
v 1.9684 5.5055 0.0796
v 1.9684 5.5055 0.0796
v 1.9684 5.5055 0.0796
v 1.9684 5.5055 0.0796
v 1.9684 5.5055 0.0796
v 1.9684 5.5055 0.0796
v 1.9684 5.5055 0.0796
v 1.9684 5.5055 0.0796
v 2.4804 5.5857 -0.0736
v 2.4804 5.5857 0.2045
v 2.4804 5.8638 -0.0736
v 2.4804 5.8638 0.2045
v 2.7585 5.5857 -0.0736
v 2.7585 5.5857 0.2045
v 2.7585 5.8638 -0.0736
v 2.7585 5.8638 0.2045
v 2.6195 5.6388 -0.1595
v 2.6195 5.6388 0.2904
v 2.6195 5.8106 -0.1595
v 2.6195 5.8106 0.2904
v 2.5335 5.4997 0.0655
v 2.5335 5.9497 0.0655
v 2.7054 5.4997 0.0655
v 2.7054 5.9497 0.0655
v 2.3945 5.7247 -0.0205
v 2.3945 5.7247 0.1514
v 2.8445 5.7247 -0.0205
v 2.8445 5.7247 0.1514
v 0.0943 5.601 -0.0658
v 0.0801 5.5192 -0.0105
v 0.0055 5.4989 0.0526
v -0.0732 5.5556 0.0762
v -0.0968 5.6465 0.0423
v -0.0475 5.7031 -0.0234
v 0.0376 5.6829 -0.0715
v 0.4766 5.9252 0.5388
v 0.4663 5.8663 0.5786
v 0.4126 5.8517 0.624
v 0.3559 5.8925 0.641
v 0.3389 5.9579 0.6166
v 0.3744 5.9987 0.5693
v 0.4357 5.9842 0.5347
v 0 5.601 0
v 0.4086 5.9252 0.5861
v 0.4644 5.9252 0.5473
v 0.4584 5.8789 0.5834
v 0.4149 5.8675 0.6216
v 0.3667 5.8995 0.6331
v 0.3501 5.9509 0.6093
v 0.3776 5.9829 0.568
v 0.4284 5.9715 0.5404
v 1.1455 6.6141 1.5575
v 1.1411 6.5808 1.5835
v 1.1098 6.5726 1.611
v 1.0751 6.5957 1.6193
v 1.0631 6.6326 1.6021
v 1.0829 6.6557 1.5724
v 1.1196 6.6475 1.5525
v 0.4086 5.9252 0.5861
v 1.1053 6.6141 1.5855
v 1.1288 6.7995 1.5876
v 1.1288 6.7995 1.5876
v 1.1288 6.7995 1.5876
v 1.1288 6.7995 1.5876
v 1.1288 6.7995 1.5876
v 1.1288 6.7995 1.5876
v 1.1288 6.7995 1.5876
v 1.1288 6.7995 1.5876
v 1.1288 6.7995 1.5876
v 1.1288 6.7995 1.5876
v 1.1288 6.7995 1.5876
v 1.3991 6.7555 1.1948
v 1.5261 6.737 1.3956
v 1.5006 6.737 1.6697
v 1.3324 6.7555 1.9124
v 1.0858 6.7853 2.031
v 0.8549 6.8152 1.9802
v 0.7279 6.8337 1.7793
v 0.7534 6.8337 1.5052
v 0.9216 6.8153 1.2625
v 1.1683 6.7854 1.144
v 1.3991 6.7555 1.1948
v 1.6248 6.69 0.8614
v 1.8593 6.6559 1.2325
v 1.8123 6.6559 1.739
v 1.5015 6.69 2.1874
v 1.0458 6.7452 2.4065
v 0.6191 6.8004 2.3126
v 0.3845 6.8345 1.9415
v 0.4316 6.8345 1.435
v 0.7424 6.8004 0.9866
v 1.1981 6.7452 0.7675
v 1.6248 6.69 0.8614
v 1.7713 6.613 0.6383
v 2.0778 6.5684 1.1231
v 2.0163 6.5683 1.7849
v 1.6102 6.6129 2.3708
v 1.0148 6.685 2.657
v 0.4573 6.7572 2.5343
v 0.1508 6.8018 2.0495
v 0.2124 6.8018 1.3877
v 0.6184 6.7572 0.8018
v 1.2138 6.6851 0.5155
v 1.7713 6.613 0.6383
v 1.8164 6.5361 0.5593
v 2.1482 6.4878 1.0841
v 2.0816 6.4878 1.8004
v 1.6421 6.536 2.4346
v 0.9976 6.6141 2.7444
v 0.3942 6.6922 2.6116
v 0.0625 6.7405 2.0868
v 0.129 6.7405 1.3705
v 0.5685 6.6923 0.7363
v 1.213 6.6142 0.4265
v 1.8164 6.5361 0.5593
v 1.7533 6.4711 0.6366
v 2.0598 6.4265 1.1215
v 1.9983 6.4265 1.7832
v 1.5922 6.4711 2.3691
v 0.9968 6.5432 2.6554
v 0.4393 6.6153 2.5326
v 0.1329 6.6599 2.0478
v 0.1944 6.66 1.386
v 0.6004 6.6154 0.8001
v 1.1958 6.5433 0.5139
v 1.7533 6.4711 0.6366
v 1.5915 6.4279 0.8583
v 1.8261 6.3938 1.2294
v 1.779 6.3938 1.7359
v 1.4683 6.4279 2.1843
v 1.0125 6.4831 2.4034
v 0.5859 6.5383 2.3095
v 0.3513 6.5724 1.9384
v 0.3984 6.5724 1.4319
v 0.7091 6.5383 0.9835
v 1.1649 6.4831 0.7644
v 1.5915 6.4279 0.8583
v 1.3557 6.4131 1.1908
v 1.4827 6.3946 1.3916
v 1.4572 6.3946 1.6657
v 1.289 6.413 1.9084
v 1.0424 6.4429 2.0269
v 0.8115 6.4728 1.9761
v 0.6845 6.4913 1.7753
v 0.71 6.4913 1.5012
v 0.8782 6.4728 1.2585
v 1.1248 6.4429 1.1399
v 1.3557 6.4131 1.1908
v 1.0818 6.4288 1.5833
v 1.0818 6.4288 1.5833
v 1.0818 6.4288 1.5833
v 1.0818 6.4288 1.5833
v 1.0818 6.4288 1.5833
v 1.0818 6.4288 1.5833
v 1.0818 6.4288 1.5833
v 1.0818 6.4288 1.5833
v 1.0818 6.4288 1.5833
v 1.0818 6.4288 1.5833
v 1.0818 6.4288 1.5833
v 1.2643 6.4835 1.9074
v 1.2643 6.4835 2.2237
v 1.2643 6.7998 1.9074
v 1.2643 6.7998 2.2237
v 1.5807 6.4835 1.9074
v 1.5807 6.4835 2.2237
v 1.5807 6.7998 1.9074
v 1.5807 6.7998 2.2237
v 1.4225 6.5439 1.8096
v 1.4225 6.5439 2.3214
v 1.4225 6.7394 1.8096
v 1.4225 6.7394 2.3214
v 1.3248 6.3857 2.0655
v 1.3248 6.8975 2.0655
v 1.5203 6.3857 2.0655
v 1.5203 6.8975 2.0655
v 1.1666 6.6416 1.9678
v 1.1666 6.6416 2.1633
v 1.6784 6.6416 1.9678
v 1.6784 6.6416 2.1633
v 0.114 5.2801 -0.0152
v 0.0747 5.1945 0.0177
v -0.0208 5.1734 0.0373
v -0.1007 5.2326 0.0288
v -0.1047 5.3276 -0.0014
v -0.0299 5.3869 -0.0305
v 0.0674 5.3657 -0.0367
v 0.2006 5.5668 0.8757
v 0.1723 5.5052 0.8994
v 0.1035 5.4899 0.9135
v 0.046 5.5326 0.9074
v 0.0431 5.601 0.8857
v 0.097 5.6437 0.8647
v 0.1671 5.6285 0.8602
v 0 5.2801 0
v 0.1185 5.5668 0.8867
v 0.1859 5.5668 0.8777
v 0.1627 5.5163 0.8974
v 0.1063 5.5038 0.9091
v 0.059 5.5388 0.9039
v 0.0566 5.5949 0.8857
v 0.1008 5.6298 0.8683
v 0.1584 5.6174 0.8647
v 0.2926 5.876 1.8193
v 0.2759 5.8396 1.8335
v 0.2352 5.8306 1.8419
v 0.2012 5.8558 1.8382
v 0.1995 5.8961 1.8251
v 0.2313 5.9213 1.8126
v 0.2728 5.9123 1.81
v 0.1185 5.5668 0.8867
v 0.2441 5.876 1.8258
v 0.2359 6.0464 1.8264
v 0.2359 6.0464 1.8264
v 0.2359 6.0464 1.8264
v 0.2359 6.0464 1.8264
v 0.2359 6.0464 1.8264
v 0.2359 6.0464 1.8264
v 0.2359 6.0464 1.8264
v 0.2359 6.0464 1.8264
v 0.2359 6.0464 1.8264
v 0.2359 6.0464 1.8264
v 0.2359 6.0464 1.8264
v 0.301 6.0381 1.3424
v 0.4484 6.0448 1.4562
v 0.5148 6.0472 1.7113
v 0.4749 6.0443 2.0104
v 0.344 6.0372 2.2392
v 0.172 6.0287 2.3103
v 0.0247 6.022 2.1965
v -0.0417 6.0197 1.9413
v -0.0019 6.0226 1.6422
v 0.1291 6.0296 1.4135
v 0.301 6.0381 1.3424
v 0.3575 6.0052 0.932
v 0.6297 6.0176 1.1422
v 0.7524 6.0219 1.6137
v 0.6787 6.0165 2.1664
v 0.4368 6.0035 2.5891
v 0.1191 5.9877 2.7204
v -0.1531 5.9754 2.5102
v -0.2758 5.9711 2.0387
v -0.2022 5.9764 1.486
v 0.0398 5.9895 1.0633
v 0.3575 6.0052 0.932
v 0.3967 5.9526 0.6577
v 0.7524 5.9688 0.9324
v 0.9127 5.9744 1.5484
v 0.8164 5.9673 2.2705
v 0.5003 5.9503 2.8228
v 0.0852 5.9298 2.9944
v -0.2705 5.9136 2.7197
v -0.4308 5.908 2.1036
v -0.3345 5.915 1.3815
v -0.0184 5.9321 0.8292
v 0.3967 5.9526 0.6577
v 0.4127 5.8883 0.5612
v 0.7977 5.9058 0.8585
v 0.9712 5.9119 1.5253
v 0.867 5.9043 2.3069
v 0.5248 5.8858 2.9047
v 0.0755 5.8636 3.0904
v -0.3095 5.8461 2.7931
v -0.483 5.84 2.1263
v -0.3788 5.8476 1.3447
v -0.0367 5.8661 0.7469
v 0.4127 5.8883 0.5612
v 0.403 5.8221 0.6572
v 0.7586 5.8383 0.9319
v 0.919 5.8439 1.548
v 0.8227 5.8369 2.2701
v 0.5066 5.8198 2.8224
v 0.0914 5.7993 2.9939
v -0.2642 5.7831 2.7192
v -0.4245 5.7775 2.1032
v -0.3283 5.7846 1.3811
v -0.0122 5.8016 0.8288
v 0.403 5.8221 0.6572
v 0.3691 5.7642 0.9312
v 0.6413 5.7765 1.1414
v 0.764 5.7809 1.6129
v 0.6903 5.7755 2.1656
v 0.4484 5.7624 2.5883
v 0.1306 5.7467 2.7196
v -0.1416 5.7343 2.5094
v -0.2643 5.73 2.0379
v -0.1906 5.7354 1.4852
v 0.0513 5.7485 1.0625
v 0.3691 5.7642 0.9312
v 0.3162 5.7232 1.3413
v 0.4635 5.7299 1.4551
v 0.5299 5.7322 1.7103
v 0.49 5.7293 2.0094
v 0.3591 5.7223 2.2382
v 0.1871 5.7138 2.3092
v 0.0398 5.7071 2.1954
v -0.0266 5.7047 1.9403
v 0.0133 5.7076 1.6412
v 0.1442 5.7147 1.4124
v 0.3162 5.7232 1.3413
v 0.2523 5.7055 1.8252
v 0.2523 5.7055 1.8252
v 0.2523 5.7055 1.8252
v 0.2523 5.7055 1.8252
v 0.2523 5.7055 1.8252
v 0.2523 5.7055 1.8252
v 0.2523 5.7055 1.8252
v 0.2523 5.7055 1.8252
v 0.2523 5.7055 1.8252
v 0.2523 5.7055 1.8252
v 0.2523 5.7055 1.8252
v 0.1758 5.7852 2.2949
v 0.1758 5.7852 2.5267
v 0.1758 6.0169 2.2949
v 0.1758 6.0169 2.5267
v 0.4076 5.7852 2.2949
v 0.4076 5.7852 2.5267
v 0.4076 6.0169 2.2949
v 0.4076 6.0169 2.5267
v 0.2917 5.8294 2.2233
v 0.2917 5.8294 2.5983
v 0.2917 5.9727 2.2233
v 0.2917 5.9727 2.5983
v 0.2201 5.7135 2.4108
v 0.2201 6.0886 2.4108
v 0.3633 5.7135 2.4108
v 0.3633 6.0886 2.4108
v 0.1042 5.901 2.3392
v 0.1042 5.901 2.4824
v 0.4792 5.901 2.3392
v 0.4792 5.901 2.4824
v 0.0795 5.6263 0.0831
v 0.0287 5.5412 0.0717
v -0.0437 5.5201 0.0064
v -0.0832 5.5791 -0.0638
v -0.06 5.6736 -0.0859
v 0.0083 5.7325 -0.0433
v 0.0704 5.7115 0.0319
v -0.5121 5.893 0.6043
v -0.5486 5.8317 0.5961
v -0.6008 5.8165 0.549
v -0.6292 5.859 0.4985
v -0.6125 5.927 0.4825
v -0.5633 5.9694 0.5132
v -0.5186 5.9543 0.5674
v 0 5.6263 0
v -0.5693 5.893 0.5444
v -0.5223 5.893 0.5936
v -0.5591 5.8469 0.5933
v -0.6036 5.8355 0.5563
v -0.6223 5.8674 0.5103
v -0.6011 5.9186 0.49
v -0.5559 5.9505 0.5107
v -0.5209 5.9391 0.5568
v -1.4273 6.6004 1.4326
v -1.4538 6.5672 1.4324
v -1.4858 6.559 1.4057
v -1.4992 6.582 1.3726
v -1.4839 6.6188 1.358
v -1.4515 6.6418 1.3729
v -1.4262 6.6336 1.4061
v -0.5693 5.893 0.5444
v -1.4611 6.6004 1.3972
v -1.457 6.8949 1.3847
v -1.457 6.8949 1.3847
v -1.457 6.8949 1.3847
v -1.457 6.8949 1.3847
v -1.457 6.8949 1.3847
v -1.457 6.8949 1.3847
v -1.457 6.8949 1.3847
v -1.457 6.8949 1.3847
v -1.457 6.8949 1.3847
v -1.457 6.8949 1.3847
v -1.457 6.8949 1.3847
v -1.6936 6.8663 1.1596
v -1.4877 6.8581 1.0349
v -1.2701 6.8555 1.0442
v -1.124 6.8593 1.1839
v -1.1052 6.8682 1.4007
v -1.2209 6.8787 1.6118
v -1.4269 6.8869 1.7365
v -1.6445 6.8895 1.7272
v -1.7905 6.8857 1.5874
v -1.8093 6.8768 1.3706
v -1.6936 6.8663 1.1596
v -1.8949 6.7971 0.9706
v -1.5143 6.7821 0.7402
v -1.1123 6.7772 0.7574
v -0.8424 6.7843 1.0156
v -0.8077 6.8007 1.4162
v -1.0214 6.8201 1.8061
v -1.402 6.8352 2.0365
v -1.804 6.8401 2.0193
v -2.0739 6.833 1.7612
v -2.1087 6.8166 1.3606
v -1.8949 6.7971 0.9706
v -2.0301 6.6981 0.8466
v -1.5329 6.6784 0.5456
v -1.0076 6.672 0.568
v -0.655 6.6813 0.9054
v -0.6096 6.7027 1.4287
v -0.8889 6.7281 1.9383
v -1.3861 6.7478 2.2393
v -1.9114 6.7542 2.2168
v -2.2641 6.7449 1.8795
v -2.3094 6.7235 1.3561
v -2.0301 6.6981 0.8466
v -2.0787 6.5841 0.8064
v -1.5405 6.5628 0.4805
v -0.972 6.5559 0.5049
v -0.5903 6.5659 0.87
v -0.5412 6.5891 1.4365
v -0.8435 6.6167 1.988
v -1.3817 6.638 2.3138
v -1.9502 6.6449 2.2895
v -2.3319 6.6349 1.9244
v -2.381 6.6116 1.3578
v -2.0787 6.5841 0.8064
v -2.0333 6.4727 0.8561
v -1.5361 6.453 0.5551
v -1.0108 6.4466 0.5775
v -0.6581 6.4558 0.9149
v -0.6128 6.4773 1.4383
v -0.8921 6.5027 1.9478
v -1.3893 6.5224 2.2488
v -1.9146 6.5288 2.2263
v -2.2672 6.5195 1.889
v -2.3126 6.4981 1.3656
v -2.0333 6.4727 0.8561
v -1.9007 6.3806 0.9882
v -1.5202 6.3656 0.7578
v -1.1182 6.3607 0.775
v -0.8482 6.3678 1.0332
v -0.8135 6.3842 1.4338
v -1.0273 6.4036 1.8237
v -1.4079 6.4187 2.0541
v -1.8099 6.4236 2.0369
v -2.0798 6.4165 1.7787
v -2.1145 6.4001 1.3782
v -1.9007 6.3806 0.9882
v -1.7013 6.3221 1.1826
v -1.4953 6.3139 1.0579
v -1.2777 6.3113 1.0672
v -1.1317 6.3151 1.2069
v -1.1129 6.324 1.4237
v -1.2286 6.3345 1.6347
v -1.4345 6.3427 1.7594
v -1.6521 6.3453 1.7501
v -1.7982 6.3415 1.6104
v -1.817 6.3326 1.3936
v -1.7013 6.3221 1.1826
v -1.4652 6.3059 1.4096
v -1.4652 6.3059 1.4096
v -1.4652 6.3059 1.4096
v -1.4652 6.3059 1.4096
v -1.4652 6.3059 1.4096
v -1.4652 6.3059 1.4096
v -1.4652 6.3059 1.4096
v -1.4652 6.3059 1.4096
v -1.4652 6.3059 1.4096
v -1.4652 6.3059 1.4096
v -1.4652 6.3059 1.4096
v -1.8604 6.5055 1.553
v -1.8604 6.5055 1.8294
v -1.8604 6.7819 1.553
v -1.8604 6.7819 1.8294
v -1.584 6.5055 1.553
v -1.584 6.5055 1.8294
v -1.584 6.7819 1.553
v -1.584 6.7819 1.8294
v -1.7222 6.5583 1.4676
v -1.7222 6.5583 1.9148
v -1.7222 6.7292 1.4676
v -1.7222 6.7292 1.9148
v -1.8076 6.4201 1.6912
v -1.8076 6.8673 1.6912
v -1.6368 6.4201 1.6912
v -1.6368 6.8673 1.6912
v -1.9458 6.6437 1.6058
v -1.9458 6.6437 1.7766
v -1.4986 6.6437 1.6058
v -1.4986 6.6437 1.7766
v -0.002 5.5727 0.115
v -0.0191 5.4845 0.0714
v -0.0217 5.4628 -0.026
v -0.008 5.5237 -0.1038
v 0.0117 5.6216 -0.1034
v 0.0226 5.6825 -0.0252
v 0.0165 5.6608 0.072
v -0.6872 5.7112 0.0706
v -0.6994 5.6477 0.0392
v -0.7013 5.6321 -0.0309
v -0.6915 5.676 -0.0869
v -0.6773 5.7464 -0.0866
v -0.6694 5.7903 -0.0303
v -0.6738 5.7746 0.0397
v 0 5.5727 0
v -0.6857 5.7112 -0.0122
v -0.6869 5.7112 0.0558
v -0.7083 5.6627 0.0298
v -0.7127 5.6508 -0.0278
v -0.6968 5.6843 -0.0736
v -0.6724 5.7381 -0.0732
v -0.6581 5.7716 -0.0268
v -0.6645 5.7596 0.0306
v -2.0292 6.3182 0.0129
v -2.0446 6.2833 -0.0058
v -2.0478 6.2747 -0.0473
v -2.0363 6.2989 -0.0803
v -2.0188 6.3376 -0.08
v -2.0085 6.3617 -0.0466
v -2.0131 6.3531 -0.0052
v -0.6857 5.7112 -0.0122
v -2.0283 6.3182 -0.036
v -2.0045 6.5368 -0.0399
v -2.0045 6.5368 -0.0399
v -2.0045 6.5368 -0.0399
v -2.0045 6.5368 -0.0399
v -2.0045 6.5368 -0.0399
v -2.0045 6.5368 -0.0399
v -2.0045 6.5368 -0.0399
v -2.0045 6.5368 -0.0399
v -2.0045 6.5368 -0.0399
v -2.0045 6.5368 -0.0399
v -2.0045 6.5368 -0.0399
v -2.465 6.5703 -0.0314
v -2.3814 6.5576 -0.2357
v -2.1545 6.5306 -0.3652
v -1.871 6.4996 -0.3702
v -1.6392 6.4765 -0.249
v -1.5477 6.4701 -0.0478
v -1.6313 6.4828 0.1566
v -1.8582 6.5098 0.286
v -2.1417 6.5408 0.291
v -2.3734 6.5639 0.1698
v -2.465 6.5703 -0.0314
v -2.859 6.5653 -0.0236
v -2.7045 6.5418 -0.4012
v -2.2852 6.492 -0.6403
v -1.7614 6.4348 -0.6497
v -1.3332 6.3921 -0.4257
v -1.164 6.3803 -0.0539
v -1.3185 6.4038 0.3237
v -1.7377 6.4536 0.5628
v -2.2615 6.5108 0.5722
v -2.6898 6.5535 0.3482
v -2.859 6.5653 -0.0236
v -3.1266 6.5228 -0.0177
v -2.9246 6.4921 -0.511
v -2.3769 6.4269 -0.8235
v -1.6925 6.3522 -0.8357
v -1.1329 6.2965 -0.543
v -0.9119 6.281 -0.0573
v -1.1138 6.3117 0.436
v -1.6615 6.3768 0.7485
v -2.3459 6.4516 0.7607
v -2.9055 6.5073 0.4681
v -3.1266 6.5228 -0.0177
v -3.2269 6.4491 -0.0146
v -3.0084 6.4159 -0.5486
v -2.4155 6.3453 -0.8868
v -1.6747 6.2645 -0.9
v -1.069 6.2041 -0.5832
v -0.8297 6.1874 -0.0574
v -1.0483 6.2206 0.4765
v -1.6412 6.2911 0.8147
v -2.3819 6.372 0.828
v -2.9876 6.4323 0.5112
v -3.2269 6.4491 -0.0146
v -3.1448 6.3555 -0.0148
v -2.9429 6.3248 -0.5081
v -2.3951 6.2596 -0.8205
v -1.7107 6.1849 -0.8328
v -1.1511 6.1291 -0.5401
v -0.9301 6.1137 -0.0543
v -1.132 6.1444 0.439
v -1.6797 6.2095 0.7515
v -2.3641 6.2842 0.7637
v -2.9237 6.34 0.471
v -3.1448 6.3555 -0.0148
v -2.8927 6.2562 -0.0181
v -2.7381 6.2327 -0.3957
v -2.3189 6.1828 -0.6349
v -1.7951 6.1256 -0.6442
v -1.3668 6.0829 -0.4202
v -1.1976 6.0711 -0.0484
v -1.3522 6.0946 0.3292
v -1.7714 6.1445 0.5683
v -2.2952 6.2017 0.5776
v -2.7235 6.2443 0.3536
v -2.8927 6.2562 -0.0181
v -2.509 6.1663 -0.0243
v -2.4254 6.1536 -0.2286
v -2.1985 6.1266 -0.358
v -1.915 6.0957 -0.3631
v -1.6832 6.0726 -0.2419
v -1.5916 6.0662 -0.0406
v -1.6753 6.0789 0.1637
v -1.9022 6.1059 0.2931
v -2.1856 6.1368 0.2982
v -2.4174 6.1599 0.177
v -2.509 6.1663 -0.0243
v -2.0521 6.0996 -0.0322
v -2.0521 6.0996 -0.0322
v -2.0521 6.0996 -0.0322
v -2.0521 6.0996 -0.0322
v -2.0521 6.0996 -0.0322
v -2.0521 6.0996 -0.0322
v -2.0521 6.0996 -0.0322
v -2.0521 6.0996 -0.0322
v -2.0521 6.0996 -0.0322
v -2.0521 6.0996 -0.0322
v -2.0521 6.0996 -0.0322
v -2.7268 6.2048 -0.2286
v -2.7268 6.2048 0.0629
v -2.7268 6.4963 -0.2286
v -2.7268 6.4963 0.0629
v -2.4353 6.2048 -0.2286
v -2.4353 6.2048 0.0629
v -2.4353 6.4963 -0.2286
v -2.4353 6.4963 0.0629
v -2.5811 6.2605 -0.3187
v -2.5811 6.2605 0.153
v -2.5811 6.4407 -0.3187
v -2.5811 6.4407 0.153
v -2.6711 6.1147 -0.0829
v -2.6711 6.5864 -0.0829
v -2.491 6.1147 -0.0829
v -2.491 6.5864 -0.0829
v -2.8169 6.3506 -0.173
v -2.8169 6.3506 0.0072
v -2.3452 6.3506 -0.173
v -2.3452 6.3506 0.0072
v -0.0865 5.6901 0.0757
v -0.0629 5.6012 0.037
v 0.0082 5.5792 -0.0295
v 0.073 5.6408 -0.0739
v 0.0829 5.7394 -0.0626
v 0.0304 5.8009 -0.0042
v -0.0451 5.779 0.0574
v -0.665 5.8292 -0.6343
v -0.648 5.7652 -0.6622
v -0.5969 5.7494 -0.7101
v -0.5501 5.7937 -0.742
v -0.543 5.8647 -0.7339
v -0.5809 5.909 -0.6918
v -0.6352 5.8932 -0.6475
v 0 5.6901 0
v -0.6027 5.8292 -0.6888
v -0.6539 5.8292 -0.6441
v -0.6424 5.7774 -0.6698
v -0.601 5.7646 -0.7098
v -0.5609 5.8005 -0.7341
v -0.5523 5.858 -0.7243
v -0.5817 5.8939 -0.6878
v -0.6269 5.8811 -0.6521
v -1.4072 6.0933 -1.5339
v -1.3989 6.0559 -1.5524
v -1.3691 6.0467 -1.5812
v -1.3402 6.0726 -1.5987
v -1.3341 6.114 -1.5916
v -1.3552 6.1398 -1.5653
v -1.3878 6.1306 -1.5396
v -0.6027 5.8292 -0.6888
v -1.3703 6.0933 -1.5661
v -1.3905 6.2827 -1.581
v -1.3905 6.2827 -1.581
v -1.3905 6.2827 -1.581
v -1.3905 6.2827 -1.581
v -1.3905 6.2827 -1.581
v -1.3905 6.2827 -1.581
v -1.3905 6.2827 -1.581
v -1.3905 6.2827 -1.581
v -1.3905 6.2827 -1.581
v -1.3905 6.2827 -1.581
v -1.3905 6.2827 -1.581
v -1.6614 6.2638 -1.2684
v -1.7884 6.2333 -1.485
v -1.7628 6.2161 -1.7378
v -1.5944 6.2188 -1.9302
v -1.3475 6.2404 -1.9889
v -1.1165 6.2727 -1.8914
v -0.9895 6.3032 -1.6748
v -1.0151 6.3204 -1.422
v -1.1835 6.3177 -1.2296
v -1.4304 6.2961 -1.1709
v -1.6614 6.2638 -1.2684
v -1.8881 6.219 -1.0012
v -2.1227 6.1626 -1.4012
v -2.0753 6.1308 -1.8683
v -1.7641 6.1359 -2.224
v -1.308 6.1758 -2.3324
v -0.8811 6.2354 -2.1522
v -0.6465 6.2918 -1.7521
v -0.6939 6.3236 -1.285
v -1.005 6.3186 -0.9293
v -1.4612 6.2786 -0.8209
v -1.8881 6.219 -1.0012
v -2.0359 6.1551 -0.8199
v -2.3424 6.0813 -1.3426
v -2.2805 6.0398 -1.9529
v -1.874 6.0464 -2.4176
v -1.278 6.0986 -2.5593
v -0.7202 6.1764 -2.3238
v -0.4137 6.2502 -1.801
v -0.4756 6.2917 -1.1907
v -0.8821 6.2851 -0.726
v -1.4781 6.2329 -0.5844
v -2.0359 6.1551 -0.8199
v -2.0824 6.0817 -0.7522
v -2.4141 6.0019 -1.318
v -2.3472 5.9569 -1.9786
v -1.9071 5.9641 -2.4816
v -1.262 6.0206 -2.6349
v -0.6583 6.1048 -2.38
v -0.3266 6.1847 -1.8142
v -0.3935 6.2296 -1.1536
v -0.8336 6.2225 -0.6506
v -1.4787 6.166 -0.4973
v -2.0824 6.0817 -0.7522
v -2.0205 6.0101 -0.8085
v -2.327 5.9363 -1.3312
v -2.2651 5.8948 -1.9415
v -1.8585 5.9014 -2.4062
v -1.2626 5.9536 -2.5479
v -0.7048 6.0315 -2.3123
v -0.3983 6.1052 -1.7896
v -0.4602 6.1467 -1.1793
v -0.8667 6.1401 -0.7146
v -1.4627 6.0879 -0.5729
v -2.0205 6.0101 -0.8085
v -1.8596 5.9512 -0.9801
v -2.0942 5.8947 -1.3801
v -2.0468 5.8629 -1.8472
v -1.7357 5.868 -2.2029
v -1.2795 5.9079 -2.3113
v -0.8526 5.9675 -2.1311
v -0.618 6.024 -1.731
v -0.6654 6.0557 -1.2639
v -0.9766 6.0507 -0.9082
v -1.4327 6.0107 -0.7998
v -1.8596 5.9512 -0.9801
v -1.6242 5.9139 -1.2409
v -1.7512 5.8833 -1.4574
v -1.7256 5.8661 -1.7102
v -1.5572 5.8688 -1.9027
v -1.3103 5.8905 -1.9613
v -1.0793 5.9227 -1.8638
v -0.9523 5.9533 -1.6473
v -0.9779 5.9705 -1.3945
v -1.1463 5.9677 -1.202
v -1.3932 5.9461 -1.1433
v -1.6242 5.9139 -1.2409
v -1.3502 5.9039 -1.5512
v -1.3502 5.9039 -1.5512
v -1.3502 5.9039 -1.5512
v -1.3502 5.9039 -1.5512
v -1.3502 5.9039 -1.5512
v -1.3502 5.9039 -1.5512
v -1.3502 5.9039 -1.5512
v -1.3502 5.9039 -1.5512
v -1.3502 5.9039 -1.5512
v -1.3502 5.9039 -1.5512
v -1.3502 5.9039 -1.5512
v -1.8891 5.9488 -2.0961
v -1.8891 5.9488 -1.7508
v -1.8891 6.294 -2.0961
v -1.8891 6.294 -1.7508
v -1.5438 5.9488 -2.0961
v -1.5438 5.9488 -1.7508
v -1.5438 6.294 -2.0961
v -1.5438 6.294 -1.7508
v -1.7164 6.0147 -2.2028
v -1.7164 6.0147 -1.6442
v -1.7164 6.228 -2.2028
v -1.7164 6.228 -1.6442
v -1.8231 5.8421 -1.9235
v -1.8231 6.4007 -1.9235
v -1.6098 5.8421 -1.9235
v -1.6098 6.4007 -1.9235
v -1.9957 6.1214 -2.0301
v -1.9957 6.1214 -1.8168
v -1.4371 6.1214 -2.0301
v -1.4371 6.1214 -1.8168
v -0.1148 5.0173 -0.0068
v -0.0702 4.9305 -0.0275
v 0.0273 4.909 -0.0275
v 0.1042 4.9691 -0.0068
v 0.1027 5.0655 0.019
v 0.0238 5.1256 0.0305
v -0.073 5.1041 0.019
v -0.0395 5.2132 -0.7333
v -0.0074 5.1507 -0.7482
v 0.0628 5.1352 -0.7482
v 0.1182 5.1785 -0.7333
v 0.1171 5.2479 -0.7147
v 0.0603 5.2912 -0.7065
v -0.0094 5.2757 -0.7147
v 0 5.0173 0
v 0.0431 5.2132 -0.7284
v -0.0247 5.2132 -0.7325
v 0.0024 5.1671 -0.7574
v 0.0602 5.1557 -0.7605
v 0.1052 5.1876 -0.7395
v 0.1034 5.2388 -0.7101
v 0.0563 5.2707 -0.6946
v -0.0007 5.2593 -0.7045
v 0.0582 5.8339 -1.8104
v 0.0777 5.8007 -1.8283
v 0.1193 5.7925 -1.8306
v 0.1517 5.8154 -1.8154
v 0.1505 5.8523 -1.7943
v 0.1165 5.8753 -1.7831
v 0.0755 5.8671 -1.7903
v 0.0431 5.2132 -0.7284
v 0.1071 5.8339 -1.8075
v 0.1065 6.0016 -1.8084
v 0.1065 6.0016 -1.8084
v 0.1065 6.0016 -1.8084
v 0.1065 6.0016 -1.8084
v 0.1065 6.0016 -1.8084
v 0.1065 6.0016 -1.8084
v 0.1065 6.0016 -1.8084
v 0.1065 6.0016 -1.8084
v 0.1065 6.0016 -1.8084
v 0.1065 6.0016 -1.8084
v 0.1065 6.0016 -1.8084
v 0.135 5.9915 -1.3265
v -0.1044 5.9903 -1.4047
v -0.2632 5.9886 -1.6371
v -0.2807 5.9869 -1.9349
v -0.1504 5.9859 -2.1844
v 0.0782 5.9861 -2.2902
v 0.3175 5.9873 -2.212
v 0.4763 5.989 -1.9796
v 0.4939 5.9907 -1.6817
v 0.3635 5.9916 -1.4323
v 0.135 5.9915 -1.3265
v 0.1592 5.9574 -0.9177
v -0.2831 5.9553 -1.0623
v -0.5765 5.952 -1.4917
v -0.6089 5.9489 -2.042
v -0.368 5.9472 -2.503
v 0.0542 5.9475 -2.6985
v 0.4965 5.9496 -2.554
v 0.7899 5.9529 -2.1245
v 0.8223 5.956 -1.5742
v 0.5814 5.9577 -1.1133
v 0.1592 5.9574 -0.9177
v 0.1754 5.9046 -0.6445
v -0.4024 5.9017 -0.8334
v -0.7858 5.8975 -1.3944
v -0.8282 5.8934 -2.1134
v -0.5134 5.8912 -2.7157
v 0.0383 5.8915 -2.9712
v 0.6161 5.8944 -2.7823
v 0.9995 5.8986 -2.2212
v 1.0419 5.9026 -1.5022
v 0.7271 5.9049 -0.9
v 0.1754 5.9046 -0.6445
v 0.1813 5.8409 -0.5483
v -0.4442 5.8378 -0.7527
v -0.8591 5.8332 -1.36
v -0.905 5.8289 -2.1383
v -0.5643 5.8264 -2.7902
v 0.0328 5.8268 -3.0667
v 0.6583 5.8299 -2.8623
v 1.0732 5.8345 -2.2549
v 1.1191 5.8388 -1.4767
v 0.7784 5.8413 -0.8248
v 0.1813 5.8409 -0.5483
v 0.1758 5.7762 -0.6438
v -0.402 5.7734 -0.8327
v -0.7854 5.7691 -1.3938
v -0.8278 5.7651 -2.1127
v -0.513 5.7628 -2.715
v 0.0387 5.7632 -2.9705
v 0.6165 5.766 -2.7816
v 0.9999 5.7703 -2.2205
v 1.0423 5.7743 -1.5015
v 0.7275 5.7766 -0.8993
v 0.1758 5.7762 -0.6438
v 0.1599 5.7203 -0.9165
v -0.2824 5.7181 -1.061
v -0.5758 5.7148 -1.4905
v -0.6082 5.7118 -2.0408
v -0.3673 5.71 -2.5017
v 0.0549 5.7103 -2.6972
v 0.4972 5.7125 -2.5527
v 0.7906 5.7157 -2.1232
v 0.8231 5.7188 -1.573
v 0.5822 5.7205 -1.112
v 0.1599 5.7203 -0.9165
v 0.136 5.6816 -1.3248
v -0.1034 5.6804 -1.403
v -0.2622 5.6787 -1.6354
v -0.2798 5.677 -1.9332
v -0.1494 5.6761 -2.1827
v 0.0791 5.6762 -2.2885
v 0.3185 5.6774 -2.2103
v 0.4773 5.6792 -1.9779
v 0.4948 5.6808 -1.6801
v 0.3645 5.6818 -1.4306
v 0.136 5.6816 -1.3248
v 0.1076 5.6662 -1.8066
v 0.1076 5.6662 -1.8066
v 0.1076 5.6662 -1.8066
v 0.1076 5.6662 -1.8066
v 0.1076 5.6662 -1.8066
v 0.1076 5.6662 -1.8066
v 0.1076 5.6662 -1.8066
v 0.1076 5.6662 -1.8066
v 0.1076 5.6662 -1.8066
v 0.1076 5.6662 -1.8066
v 0.1076 5.6662 -1.8066
v -0.0431 5.6901 -2.5559
v -0.0431 5.6901 -2.219
v -0.0431 6.0269 -2.5559
v -0.0431 6.0269 -2.219
v 0.2937 5.6901 -2.5559
v 0.2937 5.6901 -2.219
v 0.2937 6.0269 -2.5559
v 0.2937 6.0269 -2.219
v 0.1253 5.7544 -2.66
v 0.1253 5.7544 -2.115
v 0.1253 5.9626 -2.66
v 0.1253 5.9626 -2.115
v 0.0212 5.586 -2.3875
v 0.0212 6.131 -2.3875
v 0.2294 5.586 -2.3875
v 0.2294 6.131 -2.3875
v -0.1472 5.8585 -2.4915
v -0.1472 5.8585 -2.2834
v 0.3978 5.8585 -2.4915
v 0.3978 5.8585 -2.2834
v -0.0701 5.1458 -0.0912
v -0.0266 5.0585 -0.07
v 0.037 5.037 0.0039
v 0.0727 5.0974 0.0748
v 0.0537 5.1942 0.0894
v -0.0057 5.2546 0.0367
v -0.0608 5.2331 -0.0437
v 0.3777 5.2795 -0.395
v 0.409 5.2167 -0.3798
v 0.4548 5.2012 -0.3266
v 0.4805 5.2446 -0.2755
v 0.4668 5.3144 -0.265
v 0.424 5.3579 -0.3029
v 0.3844 5.3424 -0.3608
v 0 5.1458 0
v 0.4282 5.2795 -0.3294
v 0.3867 5.2795 -0.3833
v 0.4209 5.2318 -0.3773
v 0.4606 5.22 -0.3352
v 0.4758 5.253 -0.2887
v 0.4552 5.306 -0.2729
v 0.4142 5.339 -0.2996
v 0.3838 5.3272 -0.3487
v 1.3909 5.8943 -1.1317
v 1.4155 5.86 -1.1274
v 1.4441 5.8515 -1.0971
v 1.4551 5.8753 -1.0637
v 1.4403 5.9134 -1.0522
v 1.4108 5.9372 -1.0714
v 1.3888 5.9287 -1.1068
v 0.4282 5.2795 -0.3294
v 1.4208 5.8943 -1.0929
v 1.4065 6.0856 -1.0828
v 1.4065 6.0856 -1.0828
v 1.4065 6.0856 -1.0828
v 1.4065 6.0856 -1.0828
v 1.4065 6.0856 -1.0828
v 1.4065 6.0856 -1.0828
v 1.4065 6.0856 -1.0828
v 1.4065 6.0856 -1.0828
v 1.4065 6.0856 -1.0828
v 1.4065 6.0856 -1.0828
v 1.4065 6.0856 -1.0828
v 1.7717 6.0834 -0.8034
v 1.5653 6.0614 -0.6782
v 1.2986 6.0431 -0.7078
v 1.0736 6.0354 -0.881
v 0.9762 6.0413 -1.1316
v 1.0435 6.0586 -1.3638
v 1.2499 6.0807 -1.489
v 1.5165 6.099 -1.4593
v 1.7416 6.1067 -1.2861
v 1.839 6.1007 -1.0356
v 1.7717 6.0834 -0.8034
v 2.0834 6.0525 -0.568
v 1.702 6.0118 -0.3367
v 1.2093 5.9779 -0.3915
v 0.7936 5.9637 -0.7115
v 0.6135 5.9747 -1.1745
v 0.738 6.0067 -1.6035
v 1.1193 6.0474 -1.8349
v 1.612 6.0813 -1.7801
v 2.0278 6.0955 -1.4601
v 2.2078 6.0845 -0.9971
v 2.0834 6.0525 -0.568
v 2.2943 5.9975 -0.4125
v 1.796 5.9443 -0.1103
v 1.1523 5.9 -0.1819
v 0.609 5.8815 -0.6
v 0.3738 5.8958 -1.2049
v 0.5364 5.9376 -1.7656
v 1.0347 5.9908 -2.0678
v 1.6784 6.0351 -1.9962
v 2.2216 6.0536 -1.5781
v 2.4569 6.0392 -0.9732
v 2.2943 5.9975 -0.4125
v 2.3722 5.9268 -0.3607
v 1.8328 5.8692 -0.0335
v 1.136 5.8212 -0.111
v 0.5481 5.8012 -0.5636
v 0.2934 5.8167 -1.2183
v 0.4694 5.8619 -1.8252
v 1.0088 5.9195 -2.1523
v 1.7055 5.9675 -2.0748
v 2.2935 5.9875 -1.6222
v 2.5481 5.972 -0.9675
v 2.3722 5.9268 -0.3607
v 2.3052 5.8511 -0.4203
v 1.8069 5.7979 -0.118
v 1.1632 5.7536 -0.1896
v 0.62 5.7351 -0.6078
v 0.3847 5.7494 -1.2126
v 0.5473 5.7912 -1.7733
v 1.0456 5.8444 -2.0755
v 1.6893 5.8887 -2.0039
v 2.2325 5.9072 -1.5858
v 2.4678 5.8929 -0.9809
v 2.3052 5.8511 -0.4203
v 2.1036 5.782 -0.5823
v 1.7222 5.7413 -0.351
v 1.2296 5.7074 -0.4058
v 0.8138 5.6932 -0.7258
v 0.6337 5.7042 -1.1887
v 0.7582 5.7362 -1.6178
v 1.1396 5.7769 -1.8492
v 1.6322 5.8108 -1.7943
v 2.048 5.825 -1.4743
v 2.2281 5.814 -1.0114
v 2.1036 5.782 -0.5823
v 1.7981 5.7301 -0.822
v 1.5917 5.708 -0.6968
v 1.325 5.6897 -0.7265
v 1.1 5.682 -0.8997
v 1.0026 5.6879 -1.1502
v 1.0699 5.7052 -1.3825
v 1.2763 5.7273 -1.5076
v 1.543 5.7456 -1.478
v 1.768 5.7533 -1.3048
v 1.8654 5.7474 -1.0542
v 1.7981 5.7301 -0.822
v 1.4351 5.7031 -1.103
v 1.4351 5.7031 -1.103
v 1.4351 5.7031 -1.103
v 1.4351 5.7031 -1.103
v 1.4351 5.7031 -1.103
v 1.4351 5.7031 -1.103
v 1.4351 5.7031 -1.103
v 1.4351 5.7031 -1.103
v 1.4351 5.7031 -1.103
v 1.4351 5.7031 -1.103
v 1.4351 5.7031 -1.103
v 1.7086 5.7602 -1.5755
v 1.7086 5.7602 -1.2507
v 1.7086 6.085 -1.5755
v 1.7086 6.085 -1.2507
v 2.0334 5.7602 -1.5755
v 2.0334 5.7602 -1.2507
v 2.0334 6.085 -1.5755
v 2.0334 6.085 -1.2507
v 1.871 5.8222 -1.6758
v 1.871 5.8222 -1.1503
v 1.871 6.023 -1.6758
v 1.871 6.023 -1.1503
v 1.7706 5.6598 -1.4131
v 1.7706 6.1853 -1.4131
v 1.9714 5.6598 -1.4131
v 1.9714 6.1853 -1.4131
v 1.6082 5.9226 -1.5134
v 1.6082 5.9226 -1.3127
v 2.1338 5.9226 -1.5134
v 2.1338 5.9226 -1.3127
v 0 8.2193 0
v 0 8.2193 0
v 0 8.2193 0
v 0 8.2193 0
v 0 8.2193 0
v 0 8.2193 0
v 0 8.2193 0
v 0 8.2193 0
v 0 8.2193 0
v 0 8.2193 0
v 0 8.2193 0
v 0.3827 8.1976 0
v 0.3096 8.1976 0.1889
v 0.1183 8.1976 0.3057
v -0.1183 8.1976 0.3057
v -0.3096 8.1976 0.1889
v -0.3827 8.1976 0
v -0.3096 8.1976 -0.1889
v -0.1183 8.1976 -0.3057
v 0.1183 8.1976 -0.3057
v 0.3096 8.1976 -0.1889
v 0.3827 8.1976 0
v 0.7071 8.1357 0
v 0.5721 8.1357 0.3491
v 0.2185 8.1357 0.5649
v -0.2185 8.1357 0.5649
v -0.5721 8.1357 0.3491
v -0.7071 8.1357 0
v -0.5721 8.1357 -0.3491
v -0.2185 8.1357 -0.5649
v 0.2185 8.1357 -0.5649
v 0.5721 8.1357 -0.3491
v 0.7071 8.1357 0
v 0.9239 8.043 0
v 0.7474 8.043 0.4562
v 0.2855 8.043 0.7381
v -0.2855 8.043 0.7381
v -0.7474 8.043 0.4562
v -0.9239 8.043 0
v -0.7474 8.043 -0.4562
v -0.2855 8.043 -0.7381
v 0.2855 8.043 -0.7381
v 0.7474 8.043 -0.4562
v 0.9239 8.043 0
v 1 7.9337 0
v 0.809 7.9337 0.4937
v 0.309 7.9337 0.7989
v -0.309 7.9337 0.7989
v -0.809 7.9337 0.4937
v -1 7.9337 0
v -0.809 7.9337 -0.4937
v -0.309 7.9337 -0.7989
v 0.309 7.9337 -0.7989
v 0.809 7.9337 -0.4937
v 1 7.9337 0
v 0.9239 7.8244 0
v 0.7474 7.8244 0.4562
v 0.2855 7.8244 0.7381
v -0.2855 7.8244 0.7381
v -0.7474 7.8244 0.4562
v -0.9239 7.8244 0
v -0.7474 7.8244 -0.4562
v -0.2855 7.8244 -0.7381
v 0.2855 7.8244 -0.7381
v 0.7474 7.8244 -0.4562
v 0.9239 7.8244 0
v 0.7071 7.7318 0
v 0.5721 7.7318 0.3491
v 0.2185 7.7318 0.5649
v -0.2185 7.7318 0.5649
v -0.5721 7.7318 0.3491
v -0.7071 7.7318 0
v -0.5721 7.7318 -0.3491
v -0.2185 7.7318 -0.5649
v 0.2185 7.7318 -0.5649
v 0.5721 7.7318 -0.3491
v 0.7071 7.7318 0
v 0.3827 7.6699 0
v 0.3096 7.6699 0.1889
v 0.1183 7.6699 0.3057
v -0.1183 7.6699 0.3057
v -0.3096 7.6699 0.1889
v -0.3827 7.6699 0
v -0.3096 7.6699 -0.1889
v -0.1183 7.6699 -0.3057
v 0.1183 7.6699 -0.3057
v 0.3096 7.6699 -0.1889
v 0.3827 7.6699 0
v 0 7.6481 0
v 0 7.6481 0
v 0 7.6481 0
v 0 7.6481 0
v 0 7.6481 0
v 0 7.6481 0
v 0 7.6481 0
v 0 7.6481 0
v 0 7.6481 0
v 0 7.6481 0
v 0 7.6481 0
v 0.3226 7.8399 -0.1738
v 0.3226 7.8399 0.0978
v 0.3226 8.1115 -0.1738
v 0.3226 8.1115 0.0978
v 0.5942 7.8399 -0.1738
v 0.5942 7.8399 0.0978
v 0.5942 8.1115 -0.1738
v 0.5942 8.1115 0.0978
v 0.4584 7.8918 -0.2577
v 0.4584 7.8918 0.1817
v 0.4584 8.0597 -0.2577
v 0.4584 8.0597 0.1817
v 0.3745 7.756 -0.038
v 0.3745 8.1955 -0.038
v 0.5424 7.756 -0.038
v 0.5424 8.1955 -0.038
v 0.2387 7.9757 -0.122
v 0.2387 7.9757 0.0459
v 0.6781 7.9757 -0.122
v 0.6781 7.9757 0.0459
vt 0 0
vt 0.1 0
vt 0.2 0
vt 0.3 0
vt 0.4 0
vt 0.5 0
vt 0.6 0
vt 0.7 0
vt 0.8 0
vt 0.9 0
vt 0 1
vt 0.1 1
vt 0.2 1
vt 0.3 1
vt 0.4 1
vt 0.5 1
vt 0.6 1
vt 0.7 1
vt 0.8 1
vt 0.9 1
vt 0.5 0.5
vt 0.5 0.5
vt 0 0
vt 0.1 0
vt 0.2 0
vt 0.3 0
vt 0.4 0
vt 0.5 0
vt 0.6 0
vt 0.7 0
vt 0.8 0
vt 0.9 0
vt 0 1
vt 0.1 1
vt 0.2 1
vt 0.3 1
vt 0.4 1
vt 0.5 1
vt 0.6 1
vt 0.7 1
vt 0.8 1
vt 0.9 1
vt 0.5 0.5
vt 0.5 0.5
vt 0 0
vt 0.14285714285714285 0
vt 0.2857142857142857 0
vt 0.42857142857142855 0
vt 0.5714285714285714 0
vt 0.7142857142857143 0
vt 0.8571428571428571 0
vt 0 1
vt 0.14285714285714285 1
vt 0.2857142857142857 1
vt 0.42857142857142855 1
vt 0.5714285714285714 1
vt 0.7142857142857143 1
vt 0.8571428571428571 1
vt 0.5 0.5
vt 0.5 0.5
vt 0 0
vt 0.14285714285714285 0
vt 0.2857142857142857 0
vt 0.42857142857142855 0
vt 0.5714285714285714 0
vt 0.7142857142857143 0
vt 0.8571428571428571 0
vt 0 1
vt 0.14285714285714285 1
vt 0.2857142857142857 1
vt 0.42857142857142855 1
vt 0.5714285714285714 1
vt 0.7142857142857143 1
vt 0.8571428571428571 1
vt 0.5 0.5
vt 0.5 0.5
vt 0 0
vt 0.1 0
vt 0.2 0
vt 0.3 0
vt 0.4 0
vt 0.5 0
vt 0.6 0
vt 0.7 0
vt 0.8 0
vt 0.9 0
vt 1 0
vt 0 0.125
vt 0.1 0.125
vt 0.2 0.125
vt 0.3 0.125
vt 0.4 0.125
vt 0.5 0.125
vt 0.6 0.125
vt 0.7 0.125
vt 0.8 0.125
vt 0.9 0.125
vt 1 0.125
vt 0 0.25
vt 0.1 0.25
vt 0.2 0.25
vt 0.3 0.25
vt 0.4 0.25
vt 0.5 0.25
vt 0.6 0.25
vt 0.7 0.25
vt 0.8 0.25
vt 0.9 0.25
vt 1 0.25
vt 0 0.375
vt 0.1 0.375
vt 0.2 0.375
vt 0.3 0.375
vt 0.4 0.375
vt 0.5 0.375
vt 0.6 0.375
vt 0.7 0.375
vt 0.8 0.375
vt 0.9 0.375
vt 1 0.375
vt 0 0.5
vt 0.1 0.5
vt 0.2 0.5
vt 0.3 0.5
vt 0.4 0.5
vt 0.5 0.5
vt 0.6 0.5
vt 0.7 0.5
vt 0.8 0.5
vt 0.9 0.5
vt 1 0.5
vt 0 0.625
vt 0.1 0.625
vt 0.2 0.625
vt 0.3 0.625
vt 0.4 0.625
vt 0.5 0.625
vt 0.6 0.625
vt 0.7 0.625
vt 0.8 0.625
vt 0.9 0.625
vt 1 0.625
vt 0 0.75
vt 0.1 0.75
vt 0.2 0.75
vt 0.3 0.75
vt 0.4 0.75
vt 0.5 0.75
vt 0.6 0.75
vt 0.7 0.75
vt 0.8 0.75
vt 0.9 0.75
vt 1 0.75
vt 0 0.875
vt 0.1 0.875
vt 0.2 0.875
vt 0.3 0.875
vt 0.4 0.875
vt 0.5 0.875
vt 0.6 0.875
vt 0.7 0.875
vt 0.8 0.875
vt 0.9 0.875
vt 1 0.875
vt 0 1
vt 0.1 1
vt 0.2 1
vt 0.3 1
vt 0.4 1
vt 0.5 1
vt 0.6 1
vt 0.7 1
vt 0.8 1
vt 0.9 1
vt 1 1
vt 0.5 0.5
vt 0.5 0.5
vt 0.5 0.5
vt 0.5 0.5
vt 0.5 0.5
vt 0.5 0.5
vt 0.5 0.5
vt 0.5 0.5
vt 0.5 0.5
vt 0.5 0.5
vt 0.5 0.5
vt 0.5 0.5
vt 0.5 0.5
vt 0.5 0.5
vt 0.5 0.5
vt 0.5 0.5
vt 0.5 0.5
vt 0.5 0.5
vt 0.5 0.5
vt 0.5 0.5
vt 0 0
vt 0.14285714285714285 0
vt 0.2857142857142857 0
vt 0.42857142857142855 0
vt 0.5714285714285714 0
vt 0.7142857142857143 0
vt 0.8571428571428571 0
vt 0 1
vt 0.14285714285714285 1
vt 0.2857142857142857 1
vt 0.42857142857142855 1
vt 0.5714285714285714 1
vt 0.7142857142857143 1
vt 0.8571428571428571 1
vt 0.5 0.5
vt 0.5 0.5
vt 0 0
vt 0.14285714285714285 0
vt 0.2857142857142857 0
vt 0.42857142857142855 0
vt 0.5714285714285714 0
vt 0.7142857142857143 0
vt 0.8571428571428571 0
vt 0 1
vt 0.14285714285714285 1
vt 0.2857142857142857 1
vt 0.42857142857142855 1
vt 0.5714285714285714 1
vt 0.7142857142857143 1
vt 0.8571428571428571 1
vt 0.5 0.5
vt 0.5 0.5
vt 0 0
vt 0.1 0
vt 0.2 0
vt 0.3 0
vt 0.4 0
vt 0.5 0
vt 0.6 0
vt 0.7 0
vt 0.8 0
vt 0.9 0
vt 1 0
vt 0 0.125
vt 0.1 0.125
vt 0.2 0.125
vt 0.3 0.125
vt 0.4 0.125
vt 0.5 0.125
vt 0.6 0.125
vt 0.7 0.125
vt 0.8 0.125
vt 0.9 0.125
vt 1 0.125
vt 0 0.25
vt 0.1 0.25
vt 0.2 0.25
vt 0.3 0.25
vt 0.4 0.25
vt 0.5 0.25
vt 0.6 0.25
vt 0.7 0.25
vt 0.8 0.25
vt 0.9 0.25
vt 1 0.25
vt 0 0.375
vt 0.1 0.375
vt 0.2 0.375
vt 0.3 0.375
vt 0.4 0.375
vt 0.5 0.375
vt 0.6 0.375
vt 0.7 0.375
vt 0.8 0.375
vt 0.9 0.375
vt 1 0.375
vt 0 0.5
vt 0.1 0.5
vt 0.2 0.5
vt 0.3 0.5
vt 0.4 0.5
vt 0.5 0.5
vt 0.6 0.5
vt 0.7 0.5
vt 0.8 0.5
vt 0.9 0.5
vt 1 0.5
vt 0 0.625
vt 0.1 0.625
vt 0.2 0.625
vt 0.3 0.625
vt 0.4 0.625
vt 0.5 0.625
vt 0.6 0.625
vt 0.7 0.625
vt 0.8 0.625
vt 0.9 0.625
vt 1 0.625
vt 0 0.75
vt 0.1 0.75
vt 0.2 0.75
vt 0.3 0.75
vt 0.4 0.75
vt 0.5 0.75
vt 0.6 0.75
vt 0.7 0.75
vt 0.8 0.75
vt 0.9 0.75
vt 1 0.75
vt 0 0.875
vt 0.1 0.875
vt 0.2 0.875
vt 0.3 0.875
vt 0.4 0.875
vt 0.5 0.875
vt 0.6 0.875
vt 0.7 0.875
vt 0.8 0.875
vt 0.9 0.875
vt 1 0.875
vt 0 1
vt 0.1 1
vt 0.2 1
vt 0.3 1
vt 0.4 1
vt 0.5 1
vt 0.6 1
vt 0.7 1
vt 0.8 1
vt 0.9 1
vt 1 1
vt 0.5 0.5
vt 0.5 0.5
vt 0.5 0.5
vt 0.5 0.5
vt 0.5 0.5
vt 0.5 0.5
vt 0.5 0.5
vt 0.5 0.5
vt 0.5 0.5
vt 0.5 0.5
vt 0.5 0.5
vt 0.5 0.5
vt 0.5 0.5
vt 0.5 0.5
vt 0.5 0.5
vt 0.5 0.5
vt 0.5 0.5
vt 0.5 0.5
vt 0.5 0.5
vt 0.5 0.5
vt 0 0
vt 0.14285714285714285 0
vt 0.2857142857142857 0
vt 0.42857142857142855 0
vt 0.5714285714285714 0
vt 0.7142857142857143 0
vt 0.8571428571428571 0
vt 0 1
vt 0.14285714285714285 1
vt 0.2857142857142857 1
vt 0.42857142857142855 1
vt 0.5714285714285714 1
vt 0.7142857142857143 1
vt 0.8571428571428571 1
vt 0.5 0.5
vt 0.5 0.5
vt 0 0
vt 0.14285714285714285 0
vt 0.2857142857142857 0
vt 0.42857142857142855 0
vt 0.5714285714285714 0
vt 0.7142857142857143 0
vt 0.8571428571428571 0
vt 0 1
vt 0.14285714285714285 1
vt 0.2857142857142857 1
vt 0.42857142857142855 1
vt 0.5714285714285714 1
vt 0.7142857142857143 1
vt 0.8571428571428571 1
vt 0.5 0.5
vt 0.5 0.5
vt 0 0
vt 0.1 0
vt 0.2 0
vt 0.3 0
vt 0.4 0
vt 0.5 0
vt 0.6 0
vt 0.7 0
vt 0.8 0
vt 0.9 0
vt 1 0
vt 0 0.125
vt 0.1 0.125
vt 0.2 0.125
vt 0.3 0.125
vt 0.4 0.125
vt 0.5 0.125
vt 0.6 0.125
vt 0.7 0.125
vt 0.8 0.125
vt 0.9 0.125
vt 1 0.125
vt 0 0.25
vt 0.1 0.25
vt 0.2 0.25
vt 0.3 0.25
vt 0.4 0.25
vt 0.5 0.25
vt 0.6 0.25
vt 0.7 0.25
vt 0.8 0.25
vt 0.9 0.25
vt 1 0.25
vt 0 0.375
vt 0.1 0.375
vt 0.2 0.375
vt 0.3 0.375
vt 0.4 0.375
vt 0.5 0.375
vt 0.6 0.375
vt 0.7 0.375
vt 0.8 0.375
vt 0.9 0.375
vt 1 0.375
vt 0 0.5
vt 0.1 0.5
vt 0.2 0.5
vt 0.3 0.5
vt 0.4 0.5
vt 0.5 0.5
vt 0.6 0.5
vt 0.7 0.5
vt 0.8 0.5
vt 0.9 0.5
vt 1 0.5
vt 0 0.625
vt 0.1 0.625
vt 0.2 0.625
vt 0.3 0.625
vt 0.4 0.625
vt 0.5 0.625
vt 0.6 0.625
vt 0.7 0.625
vt 0.8 0.625
vt 0.9 0.625
vt 1 0.625
vt 0 0.75
vt 0.1 0.75
vt 0.2 0.75
vt 0.3 0.75
vt 0.4 0.75
vt 0.5 0.75
vt 0.6 0.75
vt 0.7 0.75
vt 0.8 0.75
vt 0.9 0.75
vt 1 0.75
vt 0 0.875
vt 0.1 0.875
vt 0.2 0.875
vt 0.3 0.875
vt 0.4 0.875
vt 0.5 0.875
vt 0.6 0.875
vt 0.7 0.875
vt 0.8 0.875
vt 0.9 0.875
vt 1 0.875
vt 0 1
vt 0.1 1
vt 0.2 1
vt 0.3 1
vt 0.4 1
vt 0.5 1
vt 0.6 1
vt 0.7 1
vt 0.8 1
vt 0.9 1
vt 1 1
vt 0.5 0.5
vt 0.5 0.5
vt 0.5 0.5
vt 0.5 0.5
vt 0.5 0.5
vt 0.5 0.5
vt 0.5 0.5
vt 0.5 0.5
vt 0.5 0.5
vt 0.5 0.5
vt 0.5 0.5
vt 0.5 0.5
vt 0.5 0.5
vt 0.5 0.5
vt 0.5 0.5
vt 0.5 0.5
vt 0.5 0.5
vt 0.5 0.5
vt 0.5 0.5
vt 0.5 0.5
vt 0 0
vt 0.14285714285714285 0
vt 0.2857142857142857 0
vt 0.42857142857142855 0
vt 0.5714285714285714 0
vt 0.7142857142857143 0
vt 0.8571428571428571 0
vt 0 1
vt 0.14285714285714285 1
vt 0.2857142857142857 1
vt 0.42857142857142855 1
vt 0.5714285714285714 1
vt 0.7142857142857143 1
vt 0.8571428571428571 1
vt 0.5 0.5
vt 0.5 0.5
vt 0 0
vt 0.14285714285714285 0
vt 0.2857142857142857 0
vt 0.42857142857142855 0
vt 0.5714285714285714 0
vt 0.7142857142857143 0
vt 0.8571428571428571 0
vt 0 1
vt 0.14285714285714285 1
vt 0.2857142857142857 1
vt 0.42857142857142855 1
vt 0.5714285714285714 1
vt 0.7142857142857143 1
vt 0.8571428571428571 1
vt 0.5 0.5
vt 0.5 0.5
vt 0 0
vt 0.1 0
vt 0.2 0
vt 0.3 0
vt 0.4 0
vt 0.5 0
vt 0.6 0
vt 0.7 0
vt 0.8 0
vt 0.9 0
vt 1 0
vt 0 0.125
vt 0.1 0.125
vt 0.2 0.125
vt 0.3 0.125
vt 0.4 0.125
vt 0.5 0.125
vt 0.6 0.125
vt 0.7 0.125
vt 0.8 0.125
vt 0.9 0.125
vt 1 0.125
vt 0 0.25
vt 0.1 0.25
vt 0.2 0.25
vt 0.3 0.25
vt 0.4 0.25
vt 0.5 0.25
vt 0.6 0.25
vt 0.7 0.25
vt 0.8 0.25
vt 0.9 0.25
vt 1 0.25
vt 0 0.375
vt 0.1 0.375
vt 0.2 0.375
vt 0.3 0.375
vt 0.4 0.375
vt 0.5 0.375
vt 0.6 0.375
vt 0.7 0.375
vt 0.8 0.375
vt 0.9 0.375
vt 1 0.375
vt 0 0.5
vt 0.1 0.5
vt 0.2 0.5
vt 0.3 0.5
vt 0.4 0.5
vt 0.5 0.5
vt 0.6 0.5
vt 0.7 0.5
vt 0.8 0.5
vt 0.9 0.5
vt 1 0.5
vt 0 0.625
vt 0.1 0.625
vt 0.2 0.625
vt 0.3 0.625
vt 0.4 0.625
vt 0.5 0.625
vt 0.6 0.625
vt 0.7 0.625
vt 0.8 0.625
vt 0.9 0.625
vt 1 0.625
vt 0 0.75
vt 0.1 0.75
vt 0.2 0.75
vt 0.3 0.75
vt 0.4 0.75
vt 0.5 0.75
vt 0.6 0.75
vt 0.7 0.75
vt 0.8 0.75
vt 0.9 0.75
vt 1 0.75
vt 0 0.875
vt 0.1 0.875
vt 0.2 0.875
vt 0.3 0.875
vt 0.4 0.875
vt 0.5 0.875
vt 0.6 0.875
vt 0.7 0.875
vt 0.8 0.875
vt 0.9 0.875
vt 1 0.875
vt 0 1
vt 0.1 1
vt 0.2 1
vt 0.3 1
vt 0.4 1
vt 0.5 1
vt 0.6 1
vt 0.7 1
vt 0.8 1
vt 0.9 1
vt 1 1
vt 0.5 0.5
vt 0.5 0.5
vt 0.5 0.5
vt 0.5 0.5
vt 0.5 0.5
vt 0.5 0.5
vt 0.5 0.5
vt 0.5 0.5
vt 0.5 0.5
vt 0.5 0.5
vt 0.5 0.5
vt 0.5 0.5
vt 0.5 0.5
vt 0.5 0.5
vt 0.5 0.5
vt 0.5 0.5
vt 0.5 0.5
vt 0.5 0.5
vt 0.5 0.5
vt 0.5 0.5
vt 0 0
vt 0.14285714285714285 0
vt 0.2857142857142857 0
vt 0.42857142857142855 0
vt 0.5714285714285714 0
vt 0.7142857142857143 0
vt 0.8571428571428571 0
vt 0 1
vt 0.14285714285714285 1
vt 0.2857142857142857 1
vt 0.42857142857142855 1
vt 0.5714285714285714 1
vt 0.7142857142857143 1
vt 0.8571428571428571 1
vt 0.5 0.5
vt 0.5 0.5
vt 0 0
vt 0.14285714285714285 0
vt 0.2857142857142857 0
vt 0.42857142857142855 0
vt 0.5714285714285714 0
vt 0.7142857142857143 0
vt 0.8571428571428571 0
vt 0 1
vt 0.14285714285714285 1
vt 0.2857142857142857 1
vt 0.42857142857142855 1
vt 0.5714285714285714 1
vt 0.7142857142857143 1
vt 0.8571428571428571 1
vt 0.5 0.5
vt 0.5 0.5
vt 0 0
vt 0.1 0
vt 0.2 0
vt 0.3 0
vt 0.4 0
vt 0.5 0
vt 0.6 0
vt 0.7 0
vt 0.8 0
vt 0.9 0
vt 1 0
vt 0 0.125
vt 0.1 0.125
vt 0.2 0.125
vt 0.3 0.125
vt 0.4 0.125
vt 0.5 0.125
vt 0.6 0.125
vt 0.7 0.125
vt 0.8 0.125
vt 0.9 0.125
vt 1 0.125
vt 0 0.25
vt 0.1 0.25
vt 0.2 0.25
vt 0.3 0.25
vt 0.4 0.25
vt 0.5 0.25
vt 0.6 0.25
vt 0.7 0.25
vt 0.8 0.25
vt 0.9 0.25
vt 1 0.25
vt 0 0.375
vt 0.1 0.375
vt 0.2 0.375
vt 0.3 0.375
vt 0.4 0.375
vt 0.5 0.375
vt 0.6 0.375
vt 0.7 0.375
vt 0.8 0.375
vt 0.9 0.375
vt 1 0.375
vt 0 0.5
vt 0.1 0.5
vt 0.2 0.5
vt 0.3 0.5
vt 0.4 0.5
vt 0.5 0.5
vt 0.6 0.5
vt 0.7 0.5
vt 0.8 0.5
vt 0.9 0.5
vt 1 0.5
vt 0 0.625
vt 0.1 0.625
vt 0.2 0.625
vt 0.3 0.625
vt 0.4 0.625
vt 0.5 0.625
vt 0.6 0.625
vt 0.7 0.625
vt 0.8 0.625
vt 0.9 0.625
vt 1 0.625
vt 0 0.75
vt 0.1 0.75
vt 0.2 0.75
vt 0.3 0.75
vt 0.4 0.75
vt 0.5 0.75
vt 0.6 0.75
vt 0.7 0.75
vt 0.8 0.75
vt 0.9 0.75
vt 1 0.75
vt 0 0.875
vt 0.1 0.875
vt 0.2 0.875
vt 0.3 0.875
vt 0.4 0.875
vt 0.5 0.875
vt 0.6 0.875
vt 0.7 0.875
vt 0.8 0.875
vt 0.9 0.875
vt 1 0.875
vt 0 1
vt 0.1 1
vt 0.2 1
vt 0.3 1
vt 0.4 1
vt 0.5 1
vt 0.6 1
vt 0.7 1
vt 0.8 1
vt 0.9 1
vt 1 1
vt 0.5 0.5
vt 0.5 0.5
vt 0.5 0.5
vt 0.5 0.5
vt 0.5 0.5
vt 0.5 0.5
vt 0.5 0.5
vt 0.5 0.5
vt 0.5 0.5
vt 0.5 0.5
vt 0.5 0.5
vt 0.5 0.5
vt 0.5 0.5
vt 0.5 0.5
vt 0.5 0.5
vt 0.5 0.5
vt 0.5 0.5
vt 0.5 0.5
vt 0.5 0.5
vt 0.5 0.5
vt 0 0
vt 0.14285714285714285 0
vt 0.2857142857142857 0
vt 0.42857142857142855 0
vt 0.5714285714285714 0
vt 0.7142857142857143 0
vt 0.8571428571428571 0
vt 0 1
vt 0.14285714285714285 1
vt 0.2857142857142857 1
vt 0.42857142857142855 1
vt 0.5714285714285714 1
vt 0.7142857142857143 1
vt 0.8571428571428571 1
vt 0.5 0.5
vt 0.5 0.5
vt 0 0
vt 0.14285714285714285 0
vt 0.2857142857142857 0
vt 0.42857142857142855 0
vt 0.5714285714285714 0
vt 0.7142857142857143 0
vt 0.8571428571428571 0
vt 0 1
vt 0.14285714285714285 1
vt 0.2857142857142857 1
vt 0.42857142857142855 1
vt 0.5714285714285714 1
vt 0.7142857142857143 1
vt 0.8571428571428571 1
vt 0.5 0.5
vt 0.5 0.5
vt 0 0
vt 0.1 0
vt 0.2 0
vt 0.3 0
vt 0.4 0
vt 0.5 0
vt 0.6 0
vt 0.7 0
vt 0.8 0
vt 0.9 0
vt 1 0
vt 0 0.125
vt 0.1 0.125
vt 0.2 0.125
vt 0.3 0.125
vt 0.4 0.125
vt 0.5 0.125
vt 0.6 0.125
vt 0.7 0.125
vt 0.8 0.125
vt 0.9 0.125
vt 1 0.125
vt 0 0.25
vt 0.1 0.25
vt 0.2 0.25
vt 0.3 0.25
vt 0.4 0.25
vt 0.5 0.25
vt 0.6 0.25
vt 0.7 0.25
vt 0.8 0.25
vt 0.9 0.25
vt 1 0.25
vt 0 0.375
vt 0.1 0.375
vt 0.2 0.375
vt 0.3 0.375
vt 0.4 0.375
vt 0.5 0.375
vt 0.6 0.375
vt 0.7 0.375
vt 0.8 0.375
vt 0.9 0.375
vt 1 0.375
vt 0 0.5
vt 0.1 0.5
vt 0.2 0.5
vt 0.3 0.5
vt 0.4 0.5
vt 0.5 0.5
vt 0.6 0.5
vt 0.7 0.5
vt 0.8 0.5
vt 0.9 0.5
vt 1 0.5
vt 0 0.625
vt 0.1 0.625
vt 0.2 0.625
vt 0.3 0.625
vt 0.4 0.625
vt 0.5 0.625
vt 0.6 0.625
vt 0.7 0.625
vt 0.8 0.625
vt 0.9 0.625
vt 1 0.625
vt 0 0.75
vt 0.1 0.75
vt 0.2 0.75
vt 0.3 0.75
vt 0.4 0.75
vt 0.5 0.75
vt 0.6 0.75
vt 0.7 0.75
vt 0.8 0.75
vt 0.9 0.75
vt 1 0.75
vt 0 0.875
vt 0.1 0.875
vt 0.2 0.875
vt 0.3 0.875
vt 0.4 0.875
vt 0.5 0.875
vt 0.6 0.875
vt 0.7 0.875
vt 0.8 0.875
vt 0.9 0.875
vt 1 0.875
vt 0 1
vt 0.1 1
vt 0.2 1
vt 0.3 1
vt 0.4 1
vt 0.5 1
vt 0.6 1
vt 0.7 1
vt 0.8 1
vt 0.9 1
vt 1 1
vt 0.5 0.5
vt 0.5 0.5
vt 0.5 0.5
vt 0.5 0.5
vt 0.5 0.5
vt 0.5 0.5
vt 0.5 0.5
vt 0.5 0.5
vt 0.5 0.5
vt 0.5 0.5
vt 0.5 0.5
vt 0.5 0.5
vt 0.5 0.5
vt 0.5 0.5
vt 0.5 0.5
vt 0.5 0.5
vt 0.5 0.5
vt 0.5 0.5
vt 0.5 0.5
vt 0.5 0.5
vt 0 0
vt 0.14285714285714285 0
vt 0.2857142857142857 0
vt 0.42857142857142855 0
vt 0.5714285714285714 0
vt 0.7142857142857143 0
vt 0.8571428571428571 0
vt 0 1
vt 0.14285714285714285 1
vt 0.2857142857142857 1
vt 0.42857142857142855 1
vt 0.5714285714285714 1
vt 0.7142857142857143 1
vt 0.8571428571428571 1
vt 0.5 0.5
vt 0.5 0.5
vt 0 0
vt 0.14285714285714285 0
vt 0.2857142857142857 0
vt 0.42857142857142855 0
vt 0.5714285714285714 0
vt 0.7142857142857143 0
vt 0.8571428571428571 0
vt 0 1
vt 0.14285714285714285 1
vt 0.2857142857142857 1
vt 0.42857142857142855 1
vt 0.5714285714285714 1
vt 0.7142857142857143 1
vt 0.8571428571428571 1
vt 0.5 0.5
vt 0.5 0.5
vt 0 0
vt 0.1 0
vt 0.2 0
vt 0.3 0
vt 0.4 0
vt 0.5 0
vt 0.6 0
vt 0.7 0
vt 0.8 0
vt 0.9 0
vt 1 0
vt 0 0.125
vt 0.1 0.125
vt 0.2 0.125
vt 0.3 0.125
vt 0.4 0.125
vt 0.5 0.125
vt 0.6 0.125
vt 0.7 0.125
vt 0.8 0.125
vt 0.9 0.125
vt 1 0.125
vt 0 0.25
vt 0.1 0.25
vt 0.2 0.25
vt 0.3 0.25
vt 0.4 0.25
vt 0.5 0.25
vt 0.6 0.25
vt 0.7 0.25
vt 0.8 0.25
vt 0.9 0.25
vt 1 0.25
vt 0 0.375
vt 0.1 0.375
vt 0.2 0.375
vt 0.3 0.375
vt 0.4 0.375
vt 0.5 0.375
vt 0.6 0.375
vt 0.7 0.375
vt 0.8 0.375
vt 0.9 0.375
vt 1 0.375
vt 0 0.5
vt 0.1 0.5
vt 0.2 0.5
vt 0.3 0.5
vt 0.4 0.5
vt 0.5 0.5
vt 0.6 0.5
vt 0.7 0.5
vt 0.8 0.5
vt 0.9 0.5
vt 1 0.5
vt 0 0.625
vt 0.1 0.625
vt 0.2 0.625
vt 0.3 0.625
vt 0.4 0.625
vt 0.5 0.625
vt 0.6 0.625
vt 0.7 0.625
vt 0.8 0.625
vt 0.9 0.625
vt 1 0.625
vt 0 0.75
vt 0.1 0.75
vt 0.2 0.75
vt 0.3 0.75
vt 0.4 0.75
vt 0.5 0.75
vt 0.6 0.75
vt 0.7 0.75
vt 0.8 0.75
vt 0.9 0.75
vt 1 0.75
vt 0 0.875
vt 0.1 0.875
vt 0.2 0.875
vt 0.3 0.875
vt 0.4 0.875
vt 0.5 0.875
vt 0.6 0.875
vt 0.7 0.875
vt 0.8 0.875
vt 0.9 0.875
vt 1 0.875
vt 0 1
vt 0.1 1
vt 0.2 1
vt 0.3 1
vt 0.4 1
vt 0.5 1
vt 0.6 1
vt 0.7 1
vt 0.8 1
vt 0.9 1
vt 1 1
vt 0.5 0.5
vt 0.5 0.5
vt 0.5 0.5
vt 0.5 0.5
vt 0.5 0.5
vt 0.5 0.5
vt 0.5 0.5
vt 0.5 0.5
vt 0.5 0.5
vt 0.5 0.5
vt 0.5 0.5
vt 0.5 0.5
vt 0.5 0.5
vt 0.5 0.5
vt 0.5 0.5
vt 0.5 0.5
vt 0.5 0.5
vt 0.5 0.5
vt 0.5 0.5
vt 0.5 0.5
vt 0 0
vt 0.14285714285714285 0
vt 0.2857142857142857 0
vt 0.42857142857142855 0
vt 0.5714285714285714 0
vt 0.7142857142857143 0
vt 0.8571428571428571 0
vt 0 1
vt 0.14285714285714285 1
vt 0.2857142857142857 1
vt 0.42857142857142855 1
vt 0.5714285714285714 1
vt 0.7142857142857143 1
vt 0.8571428571428571 1
vt 0.5 0.5
vt 0.5 0.5
vt 0 0
vt 0.14285714285714285 0
vt 0.2857142857142857 0
vt 0.42857142857142855 0
vt 0.5714285714285714 0
vt 0.7142857142857143 0
vt 0.8571428571428571 0
vt 0 1
vt 0.14285714285714285 1
vt 0.2857142857142857 1
vt 0.42857142857142855 1
vt 0.5714285714285714 1
vt 0.7142857142857143 1
vt 0.8571428571428571 1
vt 0.5 0.5
vt 0.5 0.5
vt 0 0
vt 0.1 0
vt 0.2 0
vt 0.3 0
vt 0.4 0
vt 0.5 0
vt 0.6 0
vt 0.7 0
vt 0.8 0
vt 0.9 0
vt 1 0
vt 0 0.125
vt 0.1 0.125
vt 0.2 0.125
vt 0.3 0.125
vt 0.4 0.125
vt 0.5 0.125
vt 0.6 0.125
vt 0.7 0.125
vt 0.8 0.125
vt 0.9 0.125
vt 1 0.125
vt 0 0.25
vt 0.1 0.25
vt 0.2 0.25
vt 0.3 0.25
vt 0.4 0.25
vt 0.5 0.25
vt 0.6 0.25
vt 0.7 0.25
vt 0.8 0.25
vt 0.9 0.25
vt 1 0.25
vt 0 0.375
vt 0.1 0.375
vt 0.2 0.375
vt 0.3 0.375
vt 0.4 0.375
vt 0.5 0.375
vt 0.6 0.375
vt 0.7 0.375
vt 0.8 0.375
vt 0.9 0.375
vt 1 0.375
vt 0 0.5
vt 0.1 0.5
vt 0.2 0.5
vt 0.3 0.5
vt 0.4 0.5
vt 0.5 0.5
vt 0.6 0.5
vt 0.7 0.5
vt 0.8 0.5
vt 0.9 0.5
vt 1 0.5
vt 0 0.625
vt 0.1 0.625
vt 0.2 0.625
vt 0.3 0.625
vt 0.4 0.625
vt 0.5 0.625
vt 0.6 0.625
vt 0.7 0.625
vt 0.8 0.625
vt 0.9 0.625
vt 1 0.625
vt 0 0.75
vt 0.1 0.75
vt 0.2 0.75
vt 0.3 0.75
vt 0.4 0.75
vt 0.5 0.75
vt 0.6 0.75
vt 0.7 0.75
vt 0.8 0.75
vt 0.9 0.75
vt 1 0.75
vt 0 0.875
vt 0.1 0.875
vt 0.2 0.875
vt 0.3 0.875
vt 0.4 0.875
vt 0.5 0.875
vt 0.6 0.875
vt 0.7 0.875
vt 0.8 0.875
vt 0.9 0.875
vt 1 0.875
vt 0 1
vt 0.1 1
vt 0.2 1
vt 0.3 1
vt 0.4 1
vt 0.5 1
vt 0.6 1
vt 0.7 1
vt 0.8 1
vt 0.9 1
vt 1 1
vt 0.5 0.5
vt 0.5 0.5
vt 0.5 0.5
vt 0.5 0.5
vt 0.5 0.5
vt 0.5 0.5
vt 0.5 0.5
vt 0.5 0.5
vt 0.5 0.5
vt 0.5 0.5
vt 0.5 0.5
vt 0.5 0.5
vt 0.5 0.5
vt 0.5 0.5
vt 0.5 0.5
vt 0.5 0.5
vt 0.5 0.5
vt 0.5 0.5
vt 0.5 0.5
vt 0.5 0.5
vt 0 0
vt 0.1 0
vt 0.2 0
vt 0.3 0
vt 0.4 0
vt 0.5 0
vt 0.6 0
vt 0.7 0
vt 0.8 0
vt 0.9 0
vt 1 0
vt 0 0.125
vt 0.1 0.125
vt 0.2 0.125
vt 0.3 0.125
vt 0.4 0.125
vt 0.5 0.125
vt 0.6 0.125
vt 0.7 0.125
vt 0.8 0.125
vt 0.9 0.125
vt 1 0.125
vt 0 0.25
vt 0.1 0.25
vt 0.2 0.25
vt 0.3 0.25
vt 0.4 0.25
vt 0.5 0.25
vt 0.6 0.25
vt 0.7 0.25
vt 0.8 0.25
vt 0.9 0.25
vt 1 0.25
vt 0 0.375
vt 0.1 0.375
vt 0.2 0.375
vt 0.3 0.375
vt 0.4 0.375
vt 0.5 0.375
vt 0.6 0.375
vt 0.7 0.375
vt 0.8 0.375
vt 0.9 0.375
vt 1 0.375
vt 0 0.5
vt 0.1 0.5
vt 0.2 0.5
vt 0.3 0.5
vt 0.4 0.5
vt 0.5 0.5
vt 0.6 0.5
vt 0.7 0.5
vt 0.8 0.5
vt 0.9 0.5
vt 1 0.5
vt 0 0.625
vt 0.1 0.625
vt 0.2 0.625
vt 0.3 0.625
vt 0.4 0.625
vt 0.5 0.625
vt 0.6 0.625
vt 0.7 0.625
vt 0.8 0.625
vt 0.9 0.625
vt 1 0.625
vt 0 0.75
vt 0.1 0.75
vt 0.2 0.75
vt 0.3 0.75
vt 0.4 0.75
vt 0.5 0.75
vt 0.6 0.75
vt 0.7 0.75
vt 0.8 0.75
vt 0.9 0.75
vt 1 0.75
vt 0 0.875
vt 0.1 0.875
vt 0.2 0.875
vt 0.3 0.875
vt 0.4 0.875
vt 0.5 0.875
vt 0.6 0.875
vt 0.7 0.875
vt 0.8 0.875
vt 0.9 0.875
vt 1 0.875
vt 0 1
vt 0.1 1
vt 0.2 1
vt 0.3 1
vt 0.4 1
vt 0.5 1
vt 0.6 1
vt 0.7 1
vt 0.8 1
vt 0.9 1
vt 1 1
vt 0.5 0.5
vt 0.5 0.5
vt 0.5 0.5
vt 0.5 0.5
vt 0.5 0.5
vt 0.5 0.5
vt 0.5 0.5
vt 0.5 0.5
vt 0.5 0.5
vt 0.5 0.5
vt 0.5 0.5
vt 0.5 0.5
vt 0.5 0.5
vt 0.5 0.5
vt 0.5 0.5
vt 0.5 0.5
vt 0.5 0.5
vt 0.5 0.5
vt 0.5 0.5
vt 0.5 0.5
vn 0 -1 0
vn 0 -1 0
vn 0 -1 0
vn 0 -1 0
vn 0 -1 0
vn 0 -1 0
vn 0 -1 0
vn 0 -1 0
vn 0 -1 0
vn 0 -1 0
vn 0 1 0
vn 0 1 0
vn 0 1 0
vn 0 1 0
vn 0 1 0
vn 0 1 0
vn 0 1 0
vn 0 1 0
vn 0 1 0
vn 0 1 0
vn 0 -1 0
vn 0 1 0
vn 0 -1 0
vn 0 -1 0
vn 0 -1 0
vn 0 -1 0
vn 0 -1 0
vn 0 -1 0
vn 0 -1 0
vn 0 -1 0
vn 0 -1 0
vn 0 -1 0
vn 0 1 0
vn 0 1 0
vn 0 1 0
vn 0 1 0
vn 0 1 0
vn 0 1 0
vn 0 1 0
vn 0 1 0
vn 0 1 0
vn 0 1 0
vn 0 -1 0
vn 0 1 0
vn 0 -1 0
vn 0 -1 0
vn 0 -1 0
vn 0 -1 0
vn 0 -1 0
vn 0 -1 0
vn 0 -1 0
vn 0 1 0
vn 0 1 0
vn 0 1 0
vn 0 1 0
vn 0 1 0
vn 0 1 0
vn 0 1 0
vn 0 -1 0
vn 0 1 0
vn 0 -1 0
vn 0 -1 0
vn 0 -1 0
vn 0 -1 0
vn 0 -1 0
vn 0 -1 0
vn 0 -1 0
vn 0 1 0
vn 0 1 0
vn 0 1 0
vn 0 1 0
vn 0 1 0
vn 0 1 0
vn 0 1 0
vn 0 -1 0
vn 0 1 0
vn 0 1 0
vn 0 1 0
vn 0 1 0
vn 0 1 0
vn 0 1 0
vn 0 1 0
vn 0 1 0
vn 0 1 0
vn 0 1 0
vn 0 1 0
vn 0 1 0
vn 0.3826834323650898 0.9238795325112866 0
vn 0.30959740024909344 0.9238795325112866 0.22493567784086388
vn 0.11825568406654853 0.9238795325112866 0.3639535720290143
vn -0.11825568406654849 0.9238795325112866 0.36395357202901435
vn -0.3095974002490934 0.9238795325112866 0.2249356778408639
vn -0.3826834323650898 0.9238795325112866 4.6865204053262986e-17
vn -0.30959740024909344 0.9238795325112866 -0.22493567784086382
vn -0.11825568406654857 0.9238795325112866 -0.3639535720290143
vn 0.11825568406654845 0.9238795325112866 -0.36395357202901435
vn 0.3095974002490934 0.9238795325112866 -0.22493567784086396
vn 0.3826834323650898 0.9238795325112866 -9.373040810652597e-17
vn 0.7071067811865475 0.7071067811865476 0
vn 0.5720614028176843 0.7071067811865476 0.4156269377774534
vn 0.21850801222441055 0.7071067811865476 0.6724985119639573
vn -0.21850801222441046 0.7071067811865476 0.6724985119639573
vn -0.5720614028176841 0.7071067811865476 0.41562693777745346
vn -0.7071067811865475 0.7071067811865476 8.65956056235493e-17
vn -0.5720614028176843 0.7071067811865476 -0.4156269377774533
vn -0.2185080122244106 0.7071067811865476 -0.6724985119639573
vn 0.21850801222441038 0.7071067811865476 -0.6724985119639573
vn 0.5720614028176841 0.7071067811865476 -0.4156269377774536
vn 0.7071067811865475 0.7071067811865476 -1.731912112470986e-16
vn 0.9238795325112867 0.3826834323650898 0
vn 0.7474342425568127 0.3826834323650898 0.5430427641049989
vn 0.28549447630116936 0.3826834323650898 0.8786616496665793
vn -0.28549447630116925 0.3826834323650898 0.8786616496665796
vn -0.7474342425568127 0.3826834323650898 0.543042764104999
vn -0.9238795325112867 0.3826834323650898 1.1314261122877003e-16
vn -0.7474342425568127 0.3826834323650898 -0.5430427641049987
vn -0.2854944763011695 0.3826834323650898 -0.8786616496665793
vn 0.28549447630116914 0.3826834323650898 -0.8786616496665796
vn 0.7474342425568127 0.3826834323650898 -0.543042764104999
vn 0.9238795325112867 0.3826834323650898 -2.2628522245754005e-16
vn 1 6.123233995736766e-17 0
vn 0.8090169943749475 6.123233995736766e-17 0.5877852522924731
vn 0.30901699437494745 6.123233995736766e-17 0.9510565162951534
vn -0.30901699437494734 6.123233995736766e-17 0.9510565162951536
vn -0.8090169943749473 6.123233995736766e-17 0.5877852522924732
vn -1 6.123233995736766e-17 1.2246467991473532e-16
vn -0.8090169943749475 6.123233995736766e-17 -0.587785252292473
vn -0.30901699437494756 6.123233995736766e-17 -0.9510565162951534
vn 0.30901699437494723 6.123233995736766e-17 -0.9510565162951536
vn 0.8090169943749473 6.123233995736766e-17 -0.5877852522924735
vn 1 6.123233995736766e-17 -2.4492935982947064e-16
vn 0.9238795325112867 -0.3826834323650897 0
vn 0.7474342425568127 -0.3826834323650897 0.5430427641049989
vn 0.28549447630116936 -0.3826834323650897 0.8786616496665793
vn -0.28549447630116925 -0.3826834323650897 0.8786616496665796
vn -0.7474342425568127 -0.3826834323650897 0.543042764104999
vn -0.9238795325112867 -0.3826834323650897 1.1314261122877003e-16
vn -0.7474342425568127 -0.3826834323650897 -0.5430427641049987
vn -0.2854944763011695 -0.3826834323650897 -0.8786616496665793
vn 0.28549447630116914 -0.3826834323650897 -0.8786616496665796
vn 0.7474342425568127 -0.3826834323650897 -0.543042764104999
vn 0.9238795325112867 -0.3826834323650897 -2.2628522245754005e-16
vn 0.7071067811865476 -0.7071067811865475 0
vn 0.5720614028176844 -0.7071067811865475 0.41562693777745346
vn 0.21850801222441057 -0.7071067811865475 0.6724985119639574
vn -0.2185080122244105 -0.7071067811865475 0.6724985119639574
vn -0.5720614028176843 -0.7071067811865475 0.4156269377774536
vn -0.7071067811865476 -0.7071067811865475 8.659560562354934e-17
vn -0.5720614028176844 -0.7071067811865475 -0.4156269377774534
vn -0.21850801222441066 -0.7071067811865475 -0.6724985119639574
vn 0.2185080122244104 -0.7071067811865475 -0.6724985119639574
vn 0.5720614028176843 -0.7071067811865475 -0.41562693777745363
vn 0.7071067811865476 -0.7071067811865475 -1.7319121124709868e-16
vn 0.3826834323650899 -0.9238795325112866 0
vn 0.3095974002490935 -0.9238795325112866 0.22493567784086393
vn 0.11825568406654857 -0.9238795325112866 0.36395357202901435
vn -0.11825568406654853 -0.9238795325112866 0.36395357202901446
vn -0.3095974002490935 -0.9238795325112866 0.22493567784086402
vn -0.3826834323650899 -0.9238795325112866 4.686520405326299e-17
vn -0.3095974002490935 -0.9238795325112866 -0.2249356778408639
vn -0.1182556840665486 -0.9238795325112866 -0.36395357202901435
vn 0.11825568406654849 -0.9238795325112866 -0.36395357202901446
vn 0.3095974002490935 -0.9238795325112866 -0.22493567784086402
vn 0.3826834323650899 -0.9238795325112866 -9.373040810652598e-17
vn 1.2246467991473532e-16 -1 0
vn 9.907600726170916e-17 -1 7.198293278059966e-17
vn 3.7843667304341506e-17 -1 1.1647083184890923e-16
vn -3.7843667304341493e-17 -1 1.1647083184890926e-16
vn -9.907600726170915e-17 -1 7.198293278059968e-17
vn -1.2246467991473532e-16 -1 1.499759782661858e-32
vn -9.907600726170916e-17 -1 -7.198293278059965e-17
vn -3.784366730434152e-17 -1 -1.1647083184890923e-16
vn 3.7843667304341475e-17 -1 -1.1647083184890926e-16
vn 9.907600726170915e-17 -1 -7.19829327805997e-17
vn 1.2246467991473532e-16 -1 -2.999519565323716e-32
vn -0.5773502691896257 -0.5773502691896257 -0.5773502691896257
vn -0.5773502691896257 -0.5773502691896257 0.5773502691896257
vn -0.5773502691896257 0.5773502691896257 -0.5773502691896257
vn -0.5773502691896257 0.5773502691896257 0.5773502691896257
vn 0.5773502691896257 -0.5773502691896257 -0.5773502691896257
vn 0.5773502691896257 -0.5773502691896257 0.5773502691896257
vn 0.5773502691896257 0.5773502691896257 -0.5773502691896257
vn 0.5773502691896257 0.5773502691896257 0.5773502691896257
vn 0 -0.35682208977308993 -0.9341723589627157
vn 0 -0.35682208977308993 0.9341723589627157
vn 0 0.35682208977308993 -0.9341723589627157
vn 0 0.35682208977308993 0.9341723589627157
vn -0.35682208977308993 -0.9341723589627157 0
vn -0.35682208977308993 0.9341723589627157 0
vn 0.35682208977308993 -0.9341723589627157 0
vn 0.35682208977308993 0.9341723589627157 0
vn -0.9341723589627157 0 -0.35682208977308993
vn -0.9341723589627157 0 0.35682208977308993
vn 0.9341723589627157 0 -0.35682208977308993
vn 0.9341723589627157 0 0.35682208977308993
vn 0 -1 0
vn 0 -1 0
vn 0 -1 0
vn 0 -1 0
vn 0 -1 0
vn 0 -1 0
vn 0 -1 0
vn 0 1 0
vn 0 1 0
vn 0 1 0
vn 0 1 0
vn 0 1 0
vn 0 1 0
vn 0 1 0
vn 0 -1 0
vn 0 1 0
vn 0 -1 0
vn 0 -1 0
vn 0 -1 0
vn 0 -1 0
vn 0 -1 0
vn 0 -1 0
vn 0 -1 0
vn 0 1 0
vn 0 1 0
vn 0 1 0
vn 0 1 0
vn 0 1 0
vn 0 1 0
vn 0 1 0
vn 0 -1 0
vn 0 1 0
vn 0 1 0
vn 0 1 0
vn 0 1 0
vn 0 1 0
vn 0 1 0
vn 0 1 0
vn 0 1 0
vn 0 1 0
vn 0 1 0
vn 0 1 0
vn 0 1 0
vn 0.3826834323650898 0.9238795325112867 0
vn 0.30959740024909344 0.9238795325112867 0.22493567784086388
vn 0.11825568406654853 0.9238795325112867 0.36395357202901424
vn -0.11825568406654849 0.9238795325112867 0.36395357202901435
vn -0.3095974002490934 0.9238795325112867 0.2249356778408639
vn -0.3826834323650898 0.9238795325112867 4.6865204053262986e-17
vn -0.30959740024909344 0.9238795325112867 -0.22493567784086382
vn -0.11825568406654857 0.9238795325112867 -0.36395357202901424
vn 0.11825568406654845 0.9238795325112867 -0.36395357202901435
vn 0.3095974002490934 0.9238795325112867 -0.22493567784086396
vn 0.3826834323650898 0.9238795325112867 -9.373040810652597e-17
vn 0.7071067811865475 0.7071067811865476 0
vn 0.5720614028176843 0.7071067811865476 0.4156269377774534
vn 0.21850801222441055 0.7071067811865476 0.6724985119639573
vn -0.21850801222441046 0.7071067811865476 0.6724985119639573
vn -0.5720614028176841 0.7071067811865476 0.41562693777745346
vn -0.7071067811865475 0.7071067811865476 8.659560562354932e-17
vn -0.5720614028176843 0.7071067811865476 -0.4156269377774533
vn -0.2185080122244106 0.7071067811865476 -0.6724985119639573
vn 0.21850801222441038 0.7071067811865476 -0.6724985119639573
vn 0.5720614028176841 0.7071067811865476 -0.4156269377774536
vn 0.7071067811865475 0.7071067811865476 -1.7319121124709863e-16
vn 0.9238795325112867 0.38268343236508984 0
vn 0.7474342425568128 0.38268343236508984 0.5430427641049989
vn 0.28549447630116936 0.38268343236508984 0.8786616496665794
vn -0.28549447630116925 0.38268343236508984 0.8786616496665796
vn -0.7474342425568127 0.38268343236508984 0.543042764104999
vn -0.9238795325112867 0.38268343236508984 1.1314261122877003e-16
vn -0.7474342425568128 0.38268343236508984 -0.5430427641049987
vn -0.2854944763011695 0.38268343236508984 -0.8786616496665794
vn 0.28549447630116914 0.38268343236508984 -0.8786616496665796
vn 0.7474342425568127 0.38268343236508984 -0.543042764104999
vn 0.9238795325112867 0.38268343236508984 -2.2628522245754005e-16
vn 1 6.123233995736766e-17 0
vn 0.8090169943749473 6.123233995736766e-17 0.5877852522924731
vn 0.30901699437494745 6.123233995736766e-17 0.9510565162951535
vn -0.30901699437494734 6.123233995736766e-17 0.9510565162951536
vn -0.8090169943749473 6.123233995736766e-17 0.5877852522924734
vn -1 6.123233995736766e-17 1.2246467991473532e-16
vn -0.8090169943749473 6.123233995736766e-17 -0.587785252292473
vn -0.30901699437494756 6.123233995736766e-17 -0.9510565162951535
vn 0.30901699437494723 6.123233995736766e-17 -0.9510565162951536
vn 0.8090169943749473 6.123233995736766e-17 -0.5877852522924734
vn 1 6.123233995736766e-17 -2.4492935982947064e-16
vn 0.9238795325112867 -0.3826834323650898 0
vn 0.7474342425568128 -0.3826834323650898 0.5430427641049989
vn 0.28549447630116936 -0.3826834323650898 0.8786616496665794
vn -0.28549447630116925 -0.3826834323650898 0.8786616496665796
vn -0.7474342425568127 -0.3826834323650898 0.543042764104999
vn -0.9238795325112867 -0.3826834323650898 1.1314261122877003e-16
vn -0.7474342425568128 -0.3826834323650898 -0.5430427641049987
vn -0.2854944763011695 -0.3826834323650898 -0.8786616496665794
vn 0.28549447630116914 -0.3826834323650898 -0.8786616496665796
vn 0.7474342425568127 -0.3826834323650898 -0.543042764104999
vn 0.9238795325112867 -0.3826834323650898 -2.2628522245754005e-16
vn 0.7071067811865476 -0.7071067811865475 0
vn 0.5720614028176844 -0.7071067811865475 0.41562693777745346
vn 0.21850801222441055 -0.7071067811865475 0.6724985119639574
vn -0.21850801222441046 -0.7071067811865475 0.6724985119639574
vn -0.5720614028176843 -0.7071067811865475 0.4156269377774535
vn -0.7071067811865476 -0.7071067811865475 8.659560562354934e-17
vn -0.5720614028176844 -0.7071067811865475 -0.4156269377774534
vn -0.21850801222441066 -0.7071067811865475 -0.6724985119639574
vn 0.21850801222441044 -0.7071067811865475 -0.6724985119639574
vn 0.5720614028176843 -0.7071067811865475 -0.41562693777745363
vn 0.7071067811865476 -0.7071067811865475 -1.7319121124709868e-16
vn 0.3826834323650899 -0.9238795325112867 0
vn 0.3095974002490935 -0.9238795325112867 0.22493567784086393
vn 0.11825568406654857 -0.9238795325112867 0.3639535720290144
vn -0.11825568406654853 -0.9238795325112867 0.36395357202901446
vn -0.3095974002490935 -0.9238795325112867 0.224935677840864
vn -0.3826834323650899 -0.9238795325112867 4.6865204053263e-17
vn -0.3095974002490935 -0.9238795325112867 -0.2249356778408639
vn -0.11825568406654863 -0.9238795325112867 -0.3639535720290144
vn 0.11825568406654849 -0.9238795325112867 -0.36395357202901446
vn 0.3095974002490935 -0.9238795325112867 -0.22493567784086402
vn 0.3826834323650899 -0.9238795325112867 -9.3730408106526e-17
vn 1.2246467991473532e-16 -1 0
vn 9.907600726170917e-17 -1 7.198293278059966e-17
vn 3.7843667304341506e-17 -1 1.1647083184890923e-16
vn -3.7843667304341493e-17 -1 1.1647083184890926e-16
vn -9.907600726170915e-17 -1 7.198293278059969e-17
vn -1.2246467991473532e-16 -1 1.4997597826618576e-32
vn -9.907600726170917e-17 -1 -7.198293278059965e-17
vn -3.784366730434152e-17 -1 -1.1647083184890923e-16
vn 3.7843667304341475e-17 -1 -1.1647083184890926e-16
vn 9.907600726170915e-17 -1 -7.19829327805997e-17
vn 1.2246467991473532e-16 -1 -2.999519565323715e-32
vn -0.5773502691896258 -0.5773502691896258 -0.5773502691896258
vn -0.5773502691896258 -0.5773502691896258 0.5773502691896258
vn -0.5773502691896258 0.5773502691896258 -0.5773502691896258
vn -0.5773502691896258 0.5773502691896258 0.5773502691896258
vn 0.5773502691896258 -0.5773502691896258 -0.5773502691896258
vn 0.5773502691896258 -0.5773502691896258 0.5773502691896258
vn 0.5773502691896258 0.5773502691896258 -0.5773502691896258
vn 0.5773502691896258 0.5773502691896258 0.5773502691896258
vn 0 -0.35682208977308993 -0.9341723589627159
vn 0 -0.35682208977308993 0.9341723589627159
vn 0 0.35682208977308993 -0.9341723589627159
vn 0 0.35682208977308993 0.9341723589627159
vn -0.35682208977308993 -0.9341723589627159 0
vn -0.35682208977308993 0.9341723589627159 0
vn 0.35682208977308993 -0.9341723589627159 0
vn 0.35682208977308993 0.9341723589627159 0
vn -0.9341723589627159 0 -0.35682208977308993
vn -0.9341723589627159 0 0.35682208977308993
vn 0.9341723589627159 0 -0.35682208977308993
vn 0.9341723589627159 0 0.35682208977308993
vn 0 -1 0
vn 0 -1 0
vn 0 -1 0
vn 0 -1 0
vn 0 -1 0
vn 0 -1 0
vn 0 -1 0
vn 0 1 0
vn 0 1 0
vn 0 1 0
vn 0 1 0
vn 0 1 0
vn 0 1 0
vn 0 1 0
vn 0 -1 0
vn 0 1 0
vn 0 -1 0
vn 0 -1 0
vn 0 -1 0
vn 0 -1 0
vn 0 -1 0
vn 0 -1 0
vn 0 -1 0
vn 0 1 0
vn 0 1 0
vn 0 1 0
vn 0 1 0
vn 0 1 0
vn 0 1 0
vn 0 1 0
vn 0 -1 0
vn 0 1 0
vn 0 1 0
vn 0 1 0
vn 0 1 0
vn 0 1 0
vn 0 1 0
vn 0 1 0
vn 0 1 0
vn 0 1 0
vn 0 1 0
vn 0 1 0
vn 0 1 0
vn 0.3826834323650898 0.9238795325112866 0
vn 0.30959740024909344 0.9238795325112866 0.22493567784086388
vn 0.11825568406654852 0.9238795325112866 0.3639535720290143
vn -0.1182556840665485 0.9238795325112866 0.36395357202901435
vn -0.3095974002490934 0.9238795325112866 0.22493567784086388
vn -0.3826834323650898 0.9238795325112866 4.686520405326299e-17
vn -0.30959740024909344 0.9238795325112866 -0.22493567784086382
vn -0.11825568406654856 0.9238795325112866 -0.3639535720290143
vn 0.11825568406654846 0.9238795325112866 -0.36395357202901435
vn 0.3095974002490934 0.9238795325112866 -0.22493567784086396
vn 0.3826834323650898 0.9238795325112866 -9.373040810652598e-17
vn 0.7071067811865475 0.7071067811865476 0
vn 0.5720614028176843 0.7071067811865476 0.4156269377774534
vn 0.21850801222441055 0.7071067811865476 0.6724985119639573
vn -0.21850801222441046 0.7071067811865476 0.6724985119639573
vn -0.5720614028176841 0.7071067811865476 0.41562693777745346
vn -0.7071067811865475 0.7071067811865476 8.659560562354933e-17
vn -0.5720614028176843 0.7071067811865476 -0.4156269377774533
vn -0.2185080122244106 0.7071067811865476 -0.6724985119639573
vn 0.21850801222441038 0.7071067811865476 -0.6724985119639573
vn 0.5720614028176841 0.7071067811865476 -0.4156269377774536
vn 0.7071067811865475 0.7071067811865476 -1.7319121124709866e-16
vn 0.9238795325112866 0.38268343236508984 0
vn 0.7474342425568128 0.38268343236508984 0.5430427641049989
vn 0.28549447630116936 0.38268343236508984 0.8786616496665793
vn -0.28549447630116925 0.38268343236508984 0.8786616496665796
vn -0.7474342425568127 0.38268343236508984 0.543042764104999
vn -0.9238795325112866 0.38268343236508984 1.1314261122877003e-16
vn -0.7474342425568128 0.38268343236508984 -0.5430427641049987
vn -0.2854944763011695 0.38268343236508984 -0.8786616496665793
vn 0.28549447630116914 0.38268343236508984 -0.8786616496665796
vn 0.7474342425568127 0.38268343236508984 -0.543042764104999
vn 0.9238795325112866 0.38268343236508984 -2.2628522245754005e-16
vn 1 6.123233995736766e-17 0
vn 0.8090169943749475 6.123233995736766e-17 0.5877852522924731
vn 0.30901699437494745 6.123233995736766e-17 0.9510565162951535
vn -0.30901699437494734 6.123233995736766e-17 0.9510565162951535
vn -0.8090169943749472 6.123233995736766e-17 0.5877852522924732
vn -1 6.123233995736766e-17 1.2246467991473532e-16
vn -0.8090169943749475 6.123233995736766e-17 -0.587785252292473
vn -0.30901699437494756 6.123233995736766e-17 -0.9510565162951535
vn 0.30901699437494723 6.123233995736766e-17 -0.9510565162951535
vn 0.8090169943749472 6.123233995736766e-17 -0.5877852522924734
vn 1 6.123233995736766e-17 -2.4492935982947064e-16
vn 0.9238795325112866 -0.3826834323650897 0
vn 0.7474342425568128 -0.3826834323650897 0.5430427641049989
vn 0.28549447630116936 -0.3826834323650897 0.8786616496665793
vn -0.28549447630116925 -0.3826834323650897 0.8786616496665796
vn -0.7474342425568127 -0.3826834323650897 0.543042764104999
vn -0.9238795325112866 -0.3826834323650897 1.1314261122877003e-16
vn -0.7474342425568128 -0.3826834323650897 -0.5430427641049987
vn -0.2854944763011695 -0.3826834323650897 -0.8786616496665793
vn 0.28549447630116914 -0.3826834323650897 -0.8786616496665796
vn 0.7474342425568127 -0.3826834323650897 -0.543042764104999
vn 0.9238795325112866 -0.3826834323650897 -2.2628522245754005e-16
vn 0.7071067811865476 -0.7071067811865475 0
vn 0.5720614028176844 -0.7071067811865475 0.41562693777745346
vn 0.21850801222441055 -0.7071067811865475 0.6724985119639574
vn -0.21850801222441046 -0.7071067811865475 0.6724985119639574
vn -0.5720614028176843 -0.7071067811865475 0.4156269377774536
vn -0.7071067811865476 -0.7071067811865475 8.659560562354934e-17
vn -0.5720614028176844 -0.7071067811865475 -0.4156269377774534
vn -0.21850801222441066 -0.7071067811865475 -0.6724985119639574
vn 0.21850801222441044 -0.7071067811865475 -0.6724985119639574
vn 0.5720614028176843 -0.7071067811865475 -0.41562693777745363
vn 0.7071067811865476 -0.7071067811865475 -1.7319121124709868e-16
vn 0.3826834323650899 -0.9238795325112866 0
vn 0.3095974002490935 -0.9238795325112866 0.22493567784086393
vn 0.11825568406654856 -0.9238795325112866 0.36395357202901435
vn -0.11825568406654852 -0.9238795325112866 0.36395357202901446
vn -0.3095974002490935 -0.9238795325112866 0.22493567784086402
vn -0.3826834323650899 -0.9238795325112866 4.6865204053263e-17
vn -0.3095974002490935 -0.9238795325112866 -0.22493567784086388
vn -0.11825568406654861 -0.9238795325112866 -0.36395357202901435
vn 0.1182556840665485 -0.9238795325112866 -0.36395357202901446
vn 0.3095974002490935 -0.9238795325112866 -0.22493567784086402
vn 0.3826834323650899 -0.9238795325112866 -9.3730408106526e-17
vn 1.2246467991473532e-16 -1 0
vn 9.907600726170916e-17 -1 7.198293278059966e-17
vn 3.7843667304341506e-17 -1 1.1647083184890923e-16
vn -3.7843667304341493e-17 -1 1.1647083184890926e-16
vn -9.907600726170914e-17 -1 7.198293278059968e-17
vn -1.2246467991473532e-16 -1 1.4997597826618576e-32
vn -9.907600726170916e-17 -1 -7.198293278059965e-17
vn -3.784366730434152e-17 -1 -1.1647083184890923e-16
vn 3.7843667304341475e-17 -1 -1.1647083184890926e-16
vn 9.907600726170914e-17 -1 -7.19829327805997e-17
vn 1.2246467991473532e-16 -1 -2.999519565323715e-32
vn -0.5773502691896257 -0.5773502691896257 -0.5773502691896257
vn -0.5773502691896257 -0.5773502691896257 0.5773502691896257
vn -0.5773502691896257 0.5773502691896257 -0.5773502691896257
vn -0.5773502691896257 0.5773502691896257 0.5773502691896257
vn 0.5773502691896257 -0.5773502691896257 -0.5773502691896257
vn 0.5773502691896257 -0.5773502691896257 0.5773502691896257
vn 0.5773502691896257 0.5773502691896257 -0.5773502691896257
vn 0.5773502691896257 0.5773502691896257 0.5773502691896257
vn 0 -0.3568220897730899 -0.9341723589627158
vn 0 -0.3568220897730899 0.9341723589627158
vn 0 0.3568220897730899 -0.9341723589627158
vn 0 0.3568220897730899 0.9341723589627158
vn -0.3568220897730899 -0.9341723589627158 0
vn -0.3568220897730899 0.9341723589627158 0
vn 0.3568220897730899 -0.9341723589627158 0
vn 0.3568220897730899 0.9341723589627158 0
vn -0.9341723589627158 0 -0.3568220897730899
vn -0.9341723589627158 0 0.3568220897730899
vn 0.9341723589627158 0 -0.3568220897730899
vn 0.9341723589627158 0 0.3568220897730899
vn 0 -1 0
vn 0 -1 0
vn 0 -1 0
vn 0 -1 0
vn 0 -1 0
vn 0 -1 0
vn 0 -1 0
vn 0 1 0
vn 0 1 0
vn 0 1 0
vn 0 1 0
vn 0 1 0
vn 0 1 0
vn 0 1 0
vn 0 -1 0
vn 0 1 0
vn 0 -1 0
vn 0 -1 0
vn 0 -1 0
vn 0 -1 0
vn 0 -1 0
vn 0 -1 0
vn 0 -1 0
vn 0 1 0
vn 0 1 0
vn 0 1 0
vn 0 1 0
vn 0 1 0
vn 0 1 0
vn 0 1 0
vn 0 -1 0
vn 0 1 0
vn 0 1 0
vn 0 1 0
vn 0 1 0
vn 0 1 0
vn 0 1 0
vn 0 1 0
vn 0 1 0
vn 0 1 0
vn 0 1 0
vn 0 1 0
vn 0 1 0
vn 0.3826834323650898 0.9238795325112867 0
vn 0.30959740024909344 0.9238795325112867 0.22493567784086388
vn 0.11825568406654853 0.9238795325112867 0.3639535720290143
vn -0.11825568406654847 0.9238795325112867 0.36395357202901435
vn -0.3095974002490934 0.9238795325112867 0.2249356778408639
vn -0.3826834323650898 0.9238795325112867 4.6865204053262986e-17
vn -0.30959740024909344 0.9238795325112867 -0.22493567784086382
vn -0.11825568406654859 0.9238795325112867 -0.3639535720290143
vn 0.11825568406654845 0.9238795325112867 -0.36395357202901435
vn 0.3095974002490934 0.9238795325112867 -0.22493567784086396
vn 0.3826834323650898 0.9238795325112867 -9.373040810652597e-17
vn 0.7071067811865475 0.7071067811865476 0
vn 0.5720614028176843 0.7071067811865476 0.4156269377774534
vn 0.21850801222441055 0.7071067811865476 0.6724985119639573
vn -0.21850801222441044 0.7071067811865476 0.6724985119639573
vn -0.5720614028176841 0.7071067811865476 0.41562693777745346
vn -0.7071067811865475 0.7071067811865476 8.659560562354932e-17
vn -0.5720614028176843 0.7071067811865476 -0.4156269377774533
vn -0.2185080122244106 0.7071067811865476 -0.6724985119639573
vn 0.21850801222441038 0.7071067811865476 -0.6724985119639573
vn 0.5720614028176841 0.7071067811865476 -0.4156269377774536
vn 0.7071067811865475 0.7071067811865476 -1.7319121124709863e-16
vn 0.9238795325112867 0.38268343236508984 0
vn 0.7474342425568128 0.38268343236508984 0.5430427641049989
vn 0.28549447630116936 0.38268343236508984 0.8786616496665794
vn -0.28549447630116925 0.38268343236508984 0.8786616496665796
vn -0.7474342425568127 0.38268343236508984 0.543042764104999
vn -0.9238795325112867 0.38268343236508984 1.1314261122877003e-16
vn -0.7474342425568128 0.38268343236508984 -0.5430427641049987
vn -0.2854944763011695 0.38268343236508984 -0.8786616496665794
vn 0.28549447630116914 0.38268343236508984 -0.8786616496665796
vn 0.7474342425568127 0.38268343236508984 -0.543042764104999
vn 0.9238795325112867 0.38268343236508984 -2.2628522245754005e-16
vn 1 6.123233995736766e-17 0
vn 0.8090169943749475 6.123233995736766e-17 0.5877852522924731
vn 0.30901699437494745 6.123233995736766e-17 0.9510565162951535
vn -0.30901699437494734 6.123233995736766e-17 0.9510565162951536
vn -0.8090169943749473 6.123233995736766e-17 0.5877852522924732
vn -1 6.123233995736766e-17 1.2246467991473532e-16
vn -0.8090169943749475 6.123233995736766e-17 -0.587785252292473
vn -0.30901699437494756 6.123233995736766e-17 -0.9510565162951535
vn 0.30901699437494723 6.123233995736766e-17 -0.9510565162951536
vn 0.8090169943749473 6.123233995736766e-17 -0.5877852522924734
vn 1 6.123233995736766e-17 -2.4492935982947064e-16
vn 0.9238795325112867 -0.3826834323650897 0
vn 0.7474342425568128 -0.3826834323650897 0.5430427641049989
vn 0.28549447630116936 -0.3826834323650897 0.8786616496665794
vn -0.28549447630116925 -0.3826834323650897 0.8786616496665796
vn -0.7474342425568127 -0.3826834323650897 0.543042764104999
vn -0.9238795325112867 -0.3826834323650897 1.1314261122877003e-16
vn -0.7474342425568128 -0.3826834323650897 -0.5430427641049987
vn -0.2854944763011695 -0.3826834323650897 -0.8786616496665794
vn 0.28549447630116914 -0.3826834323650897 -0.8786616496665796
vn 0.7474342425568127 -0.3826834323650897 -0.543042764104999
vn 0.9238795325112867 -0.3826834323650897 -2.2628522245754005e-16
vn 0.7071067811865476 -0.7071067811865475 0
vn 0.5720614028176844 -0.7071067811865475 0.41562693777745346
vn 0.21850801222441057 -0.7071067811865475 0.6724985119639574
vn -0.2185080122244105 -0.7071067811865475 0.6724985119639574
vn -0.5720614028176843 -0.7071067811865475 0.4156269377774535
vn -0.7071067811865476 -0.7071067811865475 8.659560562354934e-17
vn -0.5720614028176844 -0.7071067811865475 -0.4156269377774534
vn -0.21850801222441063 -0.7071067811865475 -0.6724985119639574
vn 0.2185080122244104 -0.7071067811865475 -0.6724985119639574
vn 0.5720614028176843 -0.7071067811865475 -0.41562693777745363
vn 0.7071067811865476 -0.7071067811865475 -1.7319121124709868e-16
vn 0.3826834323650899 -0.9238795325112867 0
vn 0.30959740024909355 -0.9238795325112867 0.22493567784086393
vn 0.11825568406654859 -0.9238795325112867 0.3639535720290144
vn -0.11825568406654853 -0.9238795325112867 0.36395357202901446
vn -0.30959740024909355 -0.9238795325112867 0.224935677840864
vn -0.3826834323650899 -0.9238795325112867 4.6865204053263e-17
vn -0.30959740024909355 -0.9238795325112867 -0.2249356778408639
vn -0.11825568406654861 -0.9238795325112867 -0.3639535720290144
vn 0.11825568406654847 -0.9238795325112867 -0.36395357202901446
vn 0.30959740024909355 -0.9238795325112867 -0.22493567784086402
vn 0.3826834323650899 -0.9238795325112867 -9.3730408106526e-17
vn 1.2246467991473532e-16 -1 0
vn 9.907600726170916e-17 -1 7.198293278059966e-17
vn 3.784366730434151e-17 -1 1.1647083184890923e-16
vn -3.7843667304341493e-17 -1 1.1647083184890926e-16
vn -9.907600726170916e-17 -1 7.198293278059968e-17
vn -1.2246467991473532e-16 -1 1.4997597826618576e-32
vn -9.907600726170916e-17 -1 -7.198293278059965e-17
vn -3.784366730434152e-17 -1 -1.1647083184890923e-16
vn 3.7843667304341475e-17 -1 -1.1647083184890926e-16
vn 9.907600726170916e-17 -1 -7.19829327805997e-17
vn 1.2246467991473532e-16 -1 -2.999519565323715e-32
vn -0.5773502691896257 -0.5773502691896257 -0.5773502691896257
vn -0.5773502691896257 -0.5773502691896257 0.5773502691896257
vn -0.5773502691896257 0.5773502691896257 -0.5773502691896257
vn -0.5773502691896257 0.5773502691896257 0.5773502691896257
vn 0.5773502691896257 -0.5773502691896257 -0.5773502691896257
vn 0.5773502691896257 -0.5773502691896257 0.5773502691896257
vn 0.5773502691896257 0.5773502691896257 -0.5773502691896257
vn 0.5773502691896257 0.5773502691896257 0.5773502691896257
vn 0 -0.3568220897730899 -0.9341723589627158
vn 0 -0.3568220897730899 0.9341723589627158
vn 0 0.3568220897730899 -0.9341723589627158
vn 0 0.3568220897730899 0.9341723589627158
vn -0.3568220897730899 -0.9341723589627158 0
vn -0.3568220897730899 0.9341723589627158 0
vn 0.3568220897730899 -0.9341723589627158 0
vn 0.3568220897730899 0.9341723589627158 0
vn -0.9341723589627158 0 -0.3568220897730899
vn -0.9341723589627158 0 0.3568220897730899
vn 0.9341723589627158 0 -0.3568220897730899
vn 0.9341723589627158 0 0.3568220897730899
vn 0 -1 0
vn 0 -1 0
vn 0 -1 0
vn 0 -1 0
vn 0 -1 0
vn 0 -1 0
vn 0 -1 0
vn 0 1 0
vn 0 1 0
vn 0 1 0
vn 0 1 0
vn 0 1 0
vn 0 1 0
vn 0 1 0
vn 0 -1 0
vn 0 1 0
vn 0 -1 0
vn 0 -1 0
vn 0 -1 0
vn 0 -1 0
vn 0 -1 0
vn 0 -1 0
vn 0 -1 0
vn 0 1 0
vn 0 1 0
vn 0 1 0
vn 0 1 0
vn 0 1 0
vn 0 1 0
vn 0 1 0
vn 0 -1 0
vn 0 1 0
vn 0 1 0
vn 0 1 0
vn 0 1 0
vn 0 1 0
vn 0 1 0
vn 0 1 0
vn 0 1 0
vn 0 1 0
vn 0 1 0
vn 0 1 0
vn 0 1 0
vn 0.3826834323650898 0.9238795325112867 0
vn 0.30959740024909344 0.9238795325112867 0.22493567784086388
vn 0.11825568406654853 0.9238795325112867 0.36395357202901435
vn -0.11825568406654849 0.9238795325112867 0.36395357202901435
vn -0.3095974002490934 0.9238795325112867 0.2249356778408639
vn -0.3826834323650898 0.9238795325112867 4.6865204053262986e-17
vn -0.30959740024909344 0.9238795325112867 -0.22493567784086382
vn -0.11825568406654857 0.9238795325112867 -0.36395357202901435
vn 0.11825568406654843 0.9238795325112867 -0.36395357202901435
vn 0.3095974002490934 0.9238795325112867 -0.22493567784086396
vn 0.3826834323650898 0.9238795325112867 -9.373040810652597e-17
vn 0.7071067811865475 0.7071067811865476 0
vn 0.5720614028176843 0.7071067811865476 0.4156269377774534
vn 0.21850801222441057 0.7071067811865476 0.6724985119639573
vn -0.21850801222441046 0.7071067811865476 0.6724985119639573
vn -0.5720614028176841 0.7071067811865476 0.41562693777745346
vn -0.7071067811865475 0.7071067811865476 8.65956056235493e-17
vn -0.5720614028176843 0.7071067811865476 -0.4156269377774533
vn -0.2185080122244106 0.7071067811865476 -0.6724985119639573
vn 0.21850801222441038 0.7071067811865476 -0.6724985119639573
vn 0.5720614028176841 0.7071067811865476 -0.4156269377774536
vn 0.7071067811865475 0.7071067811865476 -1.731912112470986e-16
vn 0.9238795325112867 0.38268343236508984 0
vn 0.7474342425568128 0.38268343236508984 0.5430427641049989
vn 0.28549447630116936 0.38268343236508984 0.8786616496665794
vn -0.28549447630116925 0.38268343236508984 0.8786616496665796
vn -0.7474342425568127 0.38268343236508984 0.543042764104999
vn -0.9238795325112867 0.38268343236508984 1.1314261122877003e-16
vn -0.7474342425568128 0.38268343236508984 -0.5430427641049987
vn -0.2854944763011695 0.38268343236508984 -0.8786616496665794
vn 0.28549447630116914 0.38268343236508984 -0.8786616496665796
vn 0.7474342425568127 0.38268343236508984 -0.543042764104999
vn 0.9238795325112867 0.38268343236508984 -2.2628522245754005e-16
vn 1 6.123233995736766e-17 0
vn 0.8090169943749475 6.123233995736766e-17 0.5877852522924731
vn 0.30901699437494745 6.123233995736766e-17 0.9510565162951535
vn -0.30901699437494734 6.123233995736766e-17 0.9510565162951536
vn -0.8090169943749473 6.123233995736766e-17 0.5877852522924731
vn -1 6.123233995736766e-17 1.2246467991473532e-16
vn -0.8090169943749475 6.123233995736766e-17 -0.587785252292473
vn -0.30901699437494756 6.123233995736766e-17 -0.9510565162951535
vn 0.30901699437494723 6.123233995736766e-17 -0.9510565162951536
vn 0.8090169943749473 6.123233995736766e-17 -0.5877852522924734
vn 1 6.123233995736766e-17 -2.4492935982947064e-16
vn 0.9238795325112867 -0.3826834323650897 0
vn 0.7474342425568128 -0.3826834323650897 0.5430427641049989
vn 0.28549447630116936 -0.3826834323650897 0.8786616496665794
vn -0.28549447630116925 -0.3826834323650897 0.8786616496665796
vn -0.7474342425568127 -0.3826834323650897 0.543042764104999
vn -0.9238795325112867 -0.3826834323650897 1.1314261122877003e-16
vn -0.7474342425568128 -0.3826834323650897 -0.5430427641049987
vn -0.2854944763011695 -0.3826834323650897 -0.8786616496665794
vn 0.28549447630116914 -0.3826834323650897 -0.8786616496665796
vn 0.7474342425568127 -0.3826834323650897 -0.543042764104999
vn 0.9238795325112867 -0.3826834323650897 -2.2628522245754005e-16
vn 0.7071067811865476 -0.7071067811865475 0
vn 0.5720614028176844 -0.7071067811865475 0.41562693777745346
vn 0.21850801222441057 -0.7071067811865475 0.6724985119639573
vn -0.21850801222441046 -0.7071067811865475 0.6724985119639573
vn -0.5720614028176843 -0.7071067811865475 0.4156269377774535
vn -0.7071067811865476 -0.7071067811865475 8.659560562354934e-17
vn -0.5720614028176844 -0.7071067811865475 -0.4156269377774534
vn -0.21850801222441066 -0.7071067811865475 -0.6724985119639573
vn 0.21850801222441044 -0.7071067811865475 -0.6724985119639573
vn 0.5720614028176843 -0.7071067811865475 -0.41562693777745363
vn 0.7071067811865476 -0.7071067811865475 -1.7319121124709868e-16
vn 0.3826834323650899 -0.9238795325112867 0
vn 0.3095974002490935 -0.9238795325112867 0.22493567784086393
vn 0.11825568406654857 -0.9238795325112867 0.3639535720290144
vn -0.11825568406654853 -0.9238795325112867 0.36395357202901446
vn -0.3095974002490935 -0.9238795325112867 0.224935677840864
vn -0.3826834323650899 -0.9238795325112867 4.6865204053263e-17
vn -0.3095974002490935 -0.9238795325112867 -0.2249356778408639
vn -0.11825568406654863 -0.9238795325112867 -0.3639535720290144
vn 0.11825568406654849 -0.9238795325112867 -0.36395357202901446
vn 0.3095974002490935 -0.9238795325112867 -0.22493567784086402
vn 0.3826834323650899 -0.9238795325112867 -9.3730408106526e-17
vn 1.2246467991473532e-16 -1 0
vn 9.907600726170916e-17 -1 7.198293278059966e-17
vn 3.7843667304341506e-17 -1 1.1647083184890923e-16
vn -3.7843667304341493e-17 -1 1.1647083184890926e-16
vn -9.907600726170915e-17 -1 7.198293278059968e-17
vn -1.2246467991473532e-16 -1 1.4997597826618576e-32
vn -9.907600726170916e-17 -1 -7.198293278059964e-17
vn -3.784366730434152e-17 -1 -1.1647083184890923e-16
vn 3.7843667304341475e-17 -1 -1.1647083184890926e-16
vn 9.907600726170915e-17 -1 -7.19829327805997e-17
vn 1.2246467991473532e-16 -1 -2.999519565323715e-32
vn -0.5773502691896258 -0.5773502691896258 -0.5773502691896258
vn -0.5773502691896258 -0.5773502691896258 0.5773502691896258
vn -0.5773502691896258 0.5773502691896258 -0.5773502691896258
vn -0.5773502691896258 0.5773502691896258 0.5773502691896258
vn 0.5773502691896258 -0.5773502691896258 -0.5773502691896258
vn 0.5773502691896258 -0.5773502691896258 0.5773502691896258
vn 0.5773502691896258 0.5773502691896258 -0.5773502691896258
vn 0.5773502691896258 0.5773502691896258 0.5773502691896258
vn 0 -0.35682208977308993 -0.9341723589627159
vn 0 -0.35682208977308993 0.9341723589627159
vn 0 0.35682208977308993 -0.9341723589627159
vn 0 0.35682208977308993 0.9341723589627159
vn -0.35682208977308993 -0.9341723589627159 0
vn -0.35682208977308993 0.9341723589627159 0
vn 0.35682208977308993 -0.9341723589627159 0
vn 0.35682208977308993 0.9341723589627159 0
vn -0.9341723589627159 0 -0.35682208977308993
vn -0.9341723589627159 0 0.35682208977308993
vn 0.9341723589627159 0 -0.35682208977308993
vn 0.9341723589627159 0 0.35682208977308993
vn 0 -1 0
vn 0 -1 0
vn 0 -1 0
vn 0 -1 0
vn 0 -1 0
vn 0 -1 0
vn 0 -1 0
vn 0 1 0
vn 0 1 0
vn 0 1 0
vn 0 1 0
vn 0 1 0
vn 0 1 0
vn 0 1 0
vn 0 -1 0
vn 0 1 0
vn 0 -1 0
vn 0 -1 0
vn 0 -1 0
vn 0 -1 0
vn 0 -1 0
vn 0 -1 0
vn 0 -1 0
vn 0 1 0
vn 0 1 0
vn 0 1 0
vn 0 1 0
vn 0 1 0
vn 0 1 0
vn 0 1 0
vn 0 -1 0
vn 0 1 0
vn 0 1 0
vn 0 1 0
vn 0 1 0
vn 0 1 0
vn 0 1 0
vn 0 1 0
vn 0 1 0
vn 0 1 0
vn 0 1 0
vn 0 1 0
vn 0 1 0
vn 0.3826834323650898 0.9238795325112867 0
vn 0.30959740024909344 0.9238795325112867 0.22493567784086388
vn 0.11825568406654853 0.9238795325112867 0.3639535720290143
vn -0.1182556840665485 0.9238795325112867 0.36395357202901435
vn -0.3095974002490934 0.9238795325112867 0.2249356778408639
vn -0.3826834323650898 0.9238795325112867 4.6865204053262986e-17
vn -0.30959740024909344 0.9238795325112867 -0.22493567784086382
vn -0.11825568406654857 0.9238795325112867 -0.3639535720290143
vn 0.11825568406654845 0.9238795325112867 -0.36395357202901435
vn 0.3095974002490934 0.9238795325112867 -0.22493567784086396
vn 0.3826834323650898 0.9238795325112867 -9.373040810652597e-17
vn 0.7071067811865475 0.7071067811865477 0
vn 0.5720614028176843 0.7071067811865477 0.4156269377774534
vn 0.21850801222441055 0.7071067811865477 0.6724985119639573
vn -0.21850801222441046 0.7071067811865477 0.6724985119639573
vn -0.5720614028176841 0.7071067811865477 0.41562693777745346
vn -0.7071067811865475 0.7071067811865477 8.659560562354932e-17
vn -0.5720614028176843 0.7071067811865477 -0.4156269377774533
vn -0.2185080122244106 0.7071067811865477 -0.6724985119639573
vn 0.21850801222441038 0.7071067811865477 -0.6724985119639573
vn 0.5720614028176841 0.7071067811865477 -0.4156269377774536
vn 0.7071067811865475 0.7071067811865477 -1.7319121124709863e-16
vn 0.9238795325112867 0.3826834323650898 0
vn 0.7474342425568128 0.3826834323650898 0.5430427641049989
vn 0.28549447630116936 0.3826834323650898 0.8786616496665794
vn -0.28549447630116925 0.3826834323650898 0.8786616496665796
vn -0.7474342425568127 0.3826834323650898 0.543042764104999
vn -0.9238795325112867 0.3826834323650898 1.1314261122877003e-16
vn -0.7474342425568128 0.3826834323650898 -0.5430427641049987
vn -0.2854944763011695 0.3826834323650898 -0.8786616496665794
vn 0.28549447630116914 0.3826834323650898 -0.8786616496665796
vn 0.7474342425568127 0.3826834323650898 -0.543042764104999
vn 0.9238795325112867 0.3826834323650898 -2.2628522245754005e-16
vn 1 6.123233995736766e-17 0
vn 0.8090169943749475 6.123233995736766e-17 0.5877852522924731
vn 0.30901699437494745 6.123233995736766e-17 0.9510565162951534
vn -0.30901699437494734 6.123233995736766e-17 0.9510565162951536
vn -0.8090169943749473 6.123233995736766e-17 0.5877852522924732
vn -1 6.123233995736766e-17 1.2246467991473532e-16
vn -0.8090169943749475 6.123233995736766e-17 -0.587785252292473
vn -0.30901699437494756 6.123233995736766e-17 -0.9510565162951534
vn 0.30901699437494723 6.123233995736766e-17 -0.9510565162951536
vn 0.8090169943749473 6.123233995736766e-17 -0.5877852522924734
vn 1 6.123233995736766e-17 -2.4492935982947064e-16
vn 0.9238795325112867 -0.3826834323650897 0
vn 0.7474342425568128 -0.3826834323650897 0.5430427641049989
vn 0.28549447630116936 -0.3826834323650897 0.8786616496665794
vn -0.28549447630116925 -0.3826834323650897 0.8786616496665796
vn -0.7474342425568127 -0.3826834323650897 0.543042764104999
vn -0.9238795325112867 -0.3826834323650897 1.1314261122877003e-16
vn -0.7474342425568128 -0.3826834323650897 -0.5430427641049987
vn -0.2854944763011695 -0.3826834323650897 -0.8786616496665794
vn 0.28549447630116914 -0.3826834323650897 -0.8786616496665796
vn 0.7474342425568127 -0.3826834323650897 -0.543042764104999
vn 0.9238795325112867 -0.3826834323650897 -2.2628522245754005e-16
vn 0.7071067811865476 -0.7071067811865475 0
vn 0.5720614028176844 -0.7071067811865475 0.41562693777745346
vn 0.21850801222441057 -0.7071067811865475 0.6724985119639574
vn -0.2185080122244105 -0.7071067811865475 0.6724985119639574
vn -0.5720614028176843 -0.7071067811865475 0.4156269377774535
vn -0.7071067811865476 -0.7071067811865475 8.659560562354934e-17
vn -0.5720614028176844 -0.7071067811865475 -0.4156269377774534
vn -0.21850801222441066 -0.7071067811865475 -0.6724985119639574
vn 0.2185080122244104 -0.7071067811865475 -0.6724985119639574
vn 0.5720614028176843 -0.7071067811865475 -0.41562693777745363
vn 0.7071067811865476 -0.7071067811865475 -1.7319121124709868e-16
vn 0.3826834323650899 -0.9238795325112867 0
vn 0.3095974002490935 -0.9238795325112867 0.22493567784086393
vn 0.11825568406654857 -0.9238795325112867 0.3639535720290144
vn -0.11825568406654853 -0.9238795325112867 0.36395357202901446
vn -0.3095974002490935 -0.9238795325112867 0.224935677840864
vn -0.3826834323650899 -0.9238795325112867 4.6865204053263e-17
vn -0.3095974002490935 -0.9238795325112867 -0.2249356778408639
vn -0.1182556840665486 -0.9238795325112867 -0.3639535720290144
vn 0.1182556840665485 -0.9238795325112867 -0.36395357202901446
vn 0.3095974002490935 -0.9238795325112867 -0.22493567784086402
vn 0.3826834323650899 -0.9238795325112867 -9.3730408106526e-17
vn 1.2246467991473532e-16 -1 0
vn 9.907600726170916e-17 -1 7.198293278059966e-17
vn 3.7843667304341506e-17 -1 1.1647083184890923e-16
vn -3.7843667304341493e-17 -1 1.1647083184890926e-16
vn -9.907600726170915e-17 -1 7.198293278059968e-17
vn -1.2246467991473532e-16 -1 1.4997597826618576e-32
vn -9.907600726170916e-17 -1 -7.198293278059965e-17
vn -3.784366730434152e-17 -1 -1.1647083184890923e-16
vn 3.7843667304341475e-17 -1 -1.1647083184890926e-16
vn 9.907600726170915e-17 -1 -7.19829327805997e-17
vn 1.2246467991473532e-16 -1 -2.999519565323715e-32
vn -0.5773502691896258 -0.5773502691896258 -0.5773502691896258
vn -0.5773502691896258 -0.5773502691896258 0.5773502691896258
vn -0.5773502691896258 0.5773502691896258 -0.5773502691896258
vn -0.5773502691896258 0.5773502691896258 0.5773502691896258
vn 0.5773502691896258 -0.5773502691896258 -0.5773502691896258
vn 0.5773502691896258 -0.5773502691896258 0.5773502691896258
vn 0.5773502691896258 0.5773502691896258 -0.5773502691896258
vn 0.5773502691896258 0.5773502691896258 0.5773502691896258
vn 0 -0.35682208977309 -0.9341723589627159
vn 0 -0.35682208977309 0.9341723589627159
vn 0 0.35682208977309 -0.9341723589627159
vn 0 0.35682208977309 0.9341723589627159
vn -0.35682208977309 -0.9341723589627159 0
vn -0.35682208977309 0.9341723589627159 0
vn 0.35682208977309 -0.9341723589627159 0
vn 0.35682208977309 0.9341723589627159 0
vn -0.9341723589627159 0 -0.35682208977309
vn -0.9341723589627159 0 0.35682208977309
vn 0.9341723589627159 0 -0.35682208977309
vn 0.9341723589627159 0 0.35682208977309
vn 0 -1 0
vn 0 -1 0
vn 0 -1 0
vn 0 -1 0
vn 0 -1 0
vn 0 -1 0
vn 0 -1 0
vn 0 1 0
vn 0 1 0
vn 0 1 0
vn 0 1 0
vn 0 1 0
vn 0 1 0
vn 0 1 0
vn 0 -1 0
vn 0 1 0
vn 0 -1 0
vn 0 -1 0
vn 0 -1 0
vn 0 -1 0
vn 0 -1 0
vn 0 -1 0
vn 0 -1 0
vn 0 1 0
vn 0 1 0
vn 0 1 0
vn 0 1 0
vn 0 1 0
vn 0 1 0
vn 0 1 0
vn 0 -1 0
vn 0 1 0
vn 0 1 0
vn 0 1 0
vn 0 1 0
vn 0 1 0
vn 0 1 0
vn 0 1 0
vn 0 1 0
vn 0 1 0
vn 0 1 0
vn 0 1 0
vn 0 1 0
vn 0.3826834323650898 0.9238795325112867 0
vn 0.30959740024909344 0.9238795325112867 0.22493567784086388
vn 0.11825568406654854 0.9238795325112867 0.3639535720290143
vn -0.11825568406654849 0.9238795325112867 0.36395357202901435
vn -0.3095974002490934 0.9238795325112867 0.2249356778408639
vn -0.3826834323650898 0.9238795325112867 4.6865204053262986e-17
vn -0.30959740024909344 0.9238795325112867 -0.22493567784086382
vn -0.11825568406654859 0.9238795325112867 -0.3639535720290143
vn 0.11825568406654845 0.9238795325112867 -0.36395357202901435
vn 0.3095974002490934 0.9238795325112867 -0.22493567784086396
vn 0.3826834323650898 0.9238795325112867 -9.373040810652597e-17
vn 0.7071067811865475 0.7071067811865476 0
vn 0.5720614028176843 0.7071067811865476 0.4156269377774534
vn 0.21850801222441055 0.7071067811865476 0.6724985119639573
vn -0.21850801222441046 0.7071067811865476 0.6724985119639573
vn -0.5720614028176841 0.7071067811865476 0.41562693777745346
vn -0.7071067811865475 0.7071067811865476 8.659560562354932e-17
vn -0.5720614028176843 0.7071067811865476 -0.4156269377774533
vn -0.21850801222441057 0.7071067811865476 -0.6724985119639573
vn 0.21850801222441035 0.7071067811865476 -0.6724985119639573
vn 0.5720614028176841 0.7071067811865476 -0.4156269377774536
vn 0.7071067811865475 0.7071067811865476 -1.7319121124709863e-16
vn 0.9238795325112867 0.38268343236508984 0
vn 0.7474342425568128 0.38268343236508984 0.5430427641049989
vn 0.28549447630116936 0.38268343236508984 0.8786616496665794
vn -0.28549447630116925 0.38268343236508984 0.8786616496665796
vn -0.7474342425568127 0.38268343236508984 0.543042764104999
vn -0.9238795325112867 0.38268343236508984 1.1314261122877003e-16
vn -0.7474342425568128 0.38268343236508984 -0.5430427641049987
vn -0.2854944763011695 0.38268343236508984 -0.8786616496665794
vn 0.28549447630116914 0.38268343236508984 -0.8786616496665796
vn 0.7474342425568127 0.38268343236508984 -0.543042764104999
vn 0.9238795325112867 0.38268343236508984 -2.2628522245754005e-16
vn 1 6.123233995736766e-17 0
vn 0.8090169943749476 6.123233995736766e-17 0.5877852522924731
vn 0.30901699437494745 6.123233995736766e-17 0.9510565162951535
vn -0.30901699437494734 6.123233995736766e-17 0.9510565162951536
vn -0.8090169943749473 6.123233995736766e-17 0.5877852522924732
vn -1 6.123233995736766e-17 1.2246467991473532e-16
vn -0.8090169943749476 6.123233995736766e-17 -0.587785252292473
vn -0.30901699437494756 6.123233995736766e-17 -0.9510565162951535
vn 0.30901699437494723 6.123233995736766e-17 -0.9510565162951536
vn 0.8090169943749473 6.123233995736766e-17 -0.5877852522924734
vn 1 6.123233995736766e-17 -2.4492935982947064e-16
vn 0.9238795325112867 -0.3826834323650898 0
vn 0.7474342425568128 -0.3826834323650898 0.5430427641049989
vn 0.28549447630116936 -0.3826834323650898 0.8786616496665794
vn -0.28549447630116925 -0.3826834323650898 0.8786616496665796
vn -0.7474342425568127 -0.3826834323650898 0.543042764104999
vn -0.9238795325112867 -0.3826834323650898 1.1314261122877003e-16
vn -0.7474342425568128 -0.3826834323650898 -0.5430427641049987
vn -0.2854944763011695 -0.3826834323650898 -0.8786616496665794
vn 0.28549447630116914 -0.3826834323650898 -0.8786616496665796
vn 0.7474342425568127 -0.3826834323650898 -0.543042764104999
vn 0.9238795325112867 -0.3826834323650898 -2.2628522245754005e-16
vn 0.7071067811865476 -0.7071067811865475 0
vn 0.5720614028176844 -0.7071067811865475 0.41562693777745346
vn 0.21850801222441057 -0.7071067811865475 0.6724985119639574
vn -0.2185080122244105 -0.7071067811865475 0.6724985119639574
vn -0.5720614028176843 -0.7071067811865475 0.4156269377774535
vn -0.7071067811865476 -0.7071067811865475 8.659560562354934e-17
vn -0.5720614028176844 -0.7071067811865475 -0.4156269377774534
vn -0.21850801222441066 -0.7071067811865475 -0.6724985119639574
vn 0.2185080122244104 -0.7071067811865475 -0.6724985119639574
vn 0.5720614028176843 -0.7071067811865475 -0.41562693777745363
vn 0.7071067811865476 -0.7071067811865475 -1.7319121124709868e-16
vn 0.3826834323650899 -0.9238795325112867 0
vn 0.3095974002490935 -0.9238795325112867 0.22493567784086393
vn 0.11825568406654859 -0.9238795325112867 0.3639535720290144
vn -0.11825568406654854 -0.9238795325112867 0.36395357202901446
vn -0.3095974002490935 -0.9238795325112867 0.224935677840864
vn -0.3826834323650899 -0.9238795325112867 4.6865204053263e-17
vn -0.3095974002490935 -0.9238795325112867 -0.2249356778408639
vn -0.1182556840665486 -0.9238795325112867 -0.3639535720290144
vn 0.11825568406654849 -0.9238795325112867 -0.36395357202901446
vn 0.3095974002490935 -0.9238795325112867 -0.22493567784086402
vn 0.3826834323650899 -0.9238795325112867 -9.3730408106526e-17
vn 1.2246467991473532e-16 -1 0
vn 9.907600726170917e-17 -1 7.198293278059966e-17
vn 3.7843667304341506e-17 -1 1.1647083184890923e-16
vn -3.7843667304341493e-17 -1 1.1647083184890926e-16
vn -9.907600726170915e-17 -1 7.198293278059968e-17
vn -1.2246467991473532e-16 -1 1.4997597826618576e-32
vn -9.907600726170917e-17 -1 -7.198293278059965e-17
vn -3.784366730434152e-17 -1 -1.1647083184890923e-16
vn 3.7843667304341475e-17 -1 -1.1647083184890926e-16
vn 9.907600726170915e-17 -1 -7.19829327805997e-17
vn 1.2246467991473532e-16 -1 -2.999519565323715e-32
vn -0.5773502691896257 -0.5773502691896257 -0.5773502691896257
vn -0.5773502691896257 -0.5773502691896257 0.5773502691896257
vn -0.5773502691896257 0.5773502691896257 -0.5773502691896257
vn -0.5773502691896257 0.5773502691896257 0.5773502691896257
vn 0.5773502691896257 -0.5773502691896257 -0.5773502691896257
vn 0.5773502691896257 -0.5773502691896257 0.5773502691896257
vn 0.5773502691896257 0.5773502691896257 -0.5773502691896257
vn 0.5773502691896257 0.5773502691896257 0.5773502691896257
vn 0 -0.3568220897730899 -0.9341723589627158
vn 0 -0.3568220897730899 0.9341723589627158
vn 0 0.3568220897730899 -0.9341723589627158
vn 0 0.3568220897730899 0.9341723589627158
vn -0.3568220897730899 -0.9341723589627158 0
vn -0.3568220897730899 0.9341723589627158 0
vn 0.3568220897730899 -0.9341723589627158 0
vn 0.3568220897730899 0.9341723589627158 0
vn -0.9341723589627158 0 -0.3568220897730899
vn -0.9341723589627158 0 0.3568220897730899
vn 0.9341723589627158 0 -0.3568220897730899
vn 0.9341723589627158 0 0.3568220897730899
vn 0 -1 0
vn 0 -1 0
vn 0 -1 0
vn 0 -1 0
vn 0 -1 0
vn 0 -1 0
vn 0 -1 0
vn 0 1 0
vn 0 1 0
vn 0 1 0
vn 0 1 0
vn 0 1 0
vn 0 1 0
vn 0 1 0
vn 0 -1 0
vn 0 1 0
vn 0 -1 0
vn 0 -1 0
vn 0 -1 0
vn 0 -1 0
vn 0 -1 0
vn 0 -1 0
vn 0 -1 0
vn 0 1 0
vn 0 1 0
vn 0 1 0
vn 0 1 0
vn 0 1 0
vn 0 1 0
vn 0 1 0
vn 0 -1 0
vn 0 1 0
vn 0 1 0
vn 0 1 0
vn 0 1 0
vn 0 1 0
vn 0 1 0
vn 0 1 0
vn 0 1 0
vn 0 1 0
vn 0 1 0
vn 0 1 0
vn 0 1 0
vn 0.3826834323650898 0.9238795325112867 0
vn 0.30959740024909344 0.9238795325112867 0.22493567784086388
vn 0.11825568406654853 0.9238795325112867 0.3639535720290143
vn -0.11825568406654847 0.9238795325112867 0.36395357202901435
vn -0.3095974002490934 0.9238795325112867 0.2249356778408639
vn -0.3826834323650898 0.9238795325112867 4.6865204053262986e-17
vn -0.30959740024909344 0.9238795325112867 -0.22493567784086382
vn -0.11825568406654857 0.9238795325112867 -0.3639535720290143
vn 0.11825568406654846 0.9238795325112867 -0.36395357202901435
vn 0.3095974002490934 0.9238795325112867 -0.22493567784086396
vn 0.3826834323650898 0.9238795325112867 -9.373040810652597e-17
vn 0.7071067811865475 0.7071067811865476 0
vn 0.5720614028176843 0.7071067811865476 0.4156269377774534
vn 0.21850801222441055 0.7071067811865476 0.6724985119639573
vn -0.21850801222441046 0.7071067811865476 0.6724985119639573
vn -0.5720614028176841 0.7071067811865476 0.41562693777745346
vn -0.7071067811865475 0.7071067811865476 8.659560562354932e-17
vn -0.5720614028176843 0.7071067811865476 -0.4156269377774533
vn -0.2185080122244106 0.7071067811865476 -0.6724985119639573
vn 0.21850801222441038 0.7071067811865476 -0.6724985119639573
vn 0.5720614028176841 0.7071067811865476 -0.4156269377774536
vn 0.7071067811865475 0.7071067811865476 -1.7319121124709863e-16
vn 0.9238795325112867 0.38268343236508984 0
vn 0.7474342425568128 0.38268343236508984 0.5430427641049989
vn 0.28549447630116936 0.38268343236508984 0.8786616496665794
vn -0.28549447630116925 0.38268343236508984 0.8786616496665796
vn -0.7474342425568127 0.38268343236508984 0.543042764104999
vn -0.9238795325112867 0.38268343236508984 1.1314261122877003e-16
vn -0.7474342425568128 0.38268343236508984 -0.5430427641049987
vn -0.2854944763011695 0.38268343236508984 -0.8786616496665794
vn 0.28549447630116914 0.38268343236508984 -0.8786616496665796
vn 0.7474342425568127 0.38268343236508984 -0.543042764104999
vn 0.9238795325112867 0.38268343236508984 -2.2628522245754005e-16
vn 1 6.123233995736766e-17 0
vn 0.8090169943749475 6.123233995736766e-17 0.5877852522924731
vn 0.30901699437494745 6.123233995736766e-17 0.9510565162951535
vn -0.30901699437494734 6.123233995736766e-17 0.9510565162951536
vn -0.8090169943749473 6.123233995736766e-17 0.5877852522924732
vn -1 6.123233995736766e-17 1.2246467991473532e-16
vn -0.8090169943749475 6.123233995736766e-17 -0.587785252292473
vn -0.30901699437494756 6.123233995736766e-17 -0.9510565162951535
vn 0.30901699437494723 6.123233995736766e-17 -0.9510565162951536
vn 0.8090169943749473 6.123233995736766e-17 -0.5877852522924734
vn 1 6.123233995736766e-17 -2.4492935982947064e-16
vn 0.9238795325112867 -0.3826834323650897 0
vn 0.7474342425568128 -0.3826834323650897 0.5430427641049989
vn 0.28549447630116936 -0.3826834323650897 0.8786616496665794
vn -0.28549447630116925 -0.3826834323650897 0.8786616496665796
vn -0.7474342425568127 -0.3826834323650897 0.543042764104999
vn -0.9238795325112867 -0.3826834323650897 1.1314261122877003e-16
vn -0.7474342425568128 -0.3826834323650897 -0.5430427641049987
vn -0.2854944763011695 -0.3826834323650897 -0.8786616496665794
vn 0.28549447630116914 -0.3826834323650897 -0.8786616496665796
vn 0.7474342425568127 -0.3826834323650897 -0.543042764104999
vn 0.9238795325112867 -0.3826834323650897 -2.2628522245754005e-16
vn 0.7071067811865476 -0.7071067811865474 0
vn 0.5720614028176844 -0.7071067811865474 0.41562693777745346
vn 0.21850801222441055 -0.7071067811865474 0.6724985119639574
vn -0.21850801222441052 -0.7071067811865474 0.6724985119639574
vn -0.5720614028176843 -0.7071067811865474 0.4156269377774535
vn -0.7071067811865476 -0.7071067811865474 8.659560562354934e-17
vn -0.5720614028176844 -0.7071067811865474 -0.4156269377774534
vn -0.21850801222441066 -0.7071067811865474 -0.6724985119639574
vn 0.2185080122244104 -0.7071067811865474 -0.6724985119639574
vn 0.5720614028176843 -0.7071067811865474 -0.41562693777745363
vn 0.7071067811865476 -0.7071067811865474 -1.7319121124709868e-16
vn 0.3826834323650899 -0.9238795325112867 0
vn 0.3095974002490935 -0.9238795325112867 0.22493567784086393
vn 0.11825568406654857 -0.9238795325112867 0.3639535720290144
vn -0.11825568406654853 -0.9238795325112867 0.36395357202901446
vn -0.3095974002490935 -0.9238795325112867 0.224935677840864
vn -0.3826834323650899 -0.9238795325112867 4.6865204053263e-17
vn -0.3095974002490935 -0.9238795325112867 -0.2249356778408639
vn -0.11825568406654861 -0.9238795325112867 -0.3639535720290144
vn 0.11825568406654847 -0.9238795325112867 -0.36395357202901446
vn 0.3095974002490935 -0.9238795325112867 -0.22493567784086402
vn 0.3826834323650899 -0.9238795325112867 -9.3730408106526e-17
vn 1.2246467991473532e-16 -1 0
vn 9.907600726170916e-17 -1 7.198293278059966e-17
vn 3.7843667304341506e-17 -1 1.1647083184890923e-16
vn -3.7843667304341493e-17 -1 1.1647083184890926e-16
vn -9.907600726170916e-17 -1 7.198293278059968e-17
vn -1.2246467991473532e-16 -1 1.4997597826618576e-32
vn -9.907600726170916e-17 -1 -7.198293278059965e-17
vn -3.784366730434152e-17 -1 -1.1647083184890923e-16
vn 3.7843667304341475e-17 -1 -1.1647083184890926e-16
vn 9.907600726170916e-17 -1 -7.19829327805997e-17
vn 1.2246467991473532e-16 -1 -2.999519565323715e-32
vn -0.5773502691896258 -0.5773502691896258 -0.5773502691896258
vn -0.5773502691896258 -0.5773502691896258 0.5773502691896258
vn -0.5773502691896258 0.5773502691896258 -0.5773502691896258
vn -0.5773502691896258 0.5773502691896258 0.5773502691896258
vn 0.5773502691896258 -0.5773502691896258 -0.5773502691896258
vn 0.5773502691896258 -0.5773502691896258 0.5773502691896258
vn 0.5773502691896258 0.5773502691896258 -0.5773502691896258
vn 0.5773502691896258 0.5773502691896258 0.5773502691896258
vn 0 -0.35682208977308993 -0.9341723589627159
vn 0 -0.35682208977308993 0.9341723589627159
vn 0 0.35682208977308993 -0.9341723589627159
vn 0 0.35682208977308993 0.9341723589627159
vn -0.35682208977308993 -0.9341723589627159 0
vn -0.35682208977308993 0.9341723589627159 0
vn 0.35682208977308993 -0.9341723589627159 0
vn 0.35682208977308993 0.9341723589627159 0
vn -0.9341723589627159 0 -0.35682208977308993
vn -0.9341723589627159 0 0.35682208977308993
vn 0.9341723589627159 0 -0.35682208977308993
vn 0.9341723589627159 0 0.35682208977308993
vn 0 1 0
vn 0 1 0
vn 0 1 0
vn 0 1 0
vn 0 1 0
vn 0 1 0
vn 0 1 0
vn 0 1 0
vn 0 1 0
vn 0 1 0
vn 0 1 0
vn 0.3826834323650898 0.9238795325112867 0
vn 0.30959740024909344 0.9238795325112867 0.22493567784086388
vn 0.11825568406654853 0.9238795325112867 0.3639535720290143
vn -0.11825568406654849 0.9238795325112867 0.36395357202901435
vn -0.3095974002490934 0.9238795325112867 0.2249356778408639
vn -0.3826834323650898 0.9238795325112867 4.6865204053262986e-17
vn -0.30959740024909344 0.9238795325112867 -0.22493567784086382
vn -0.11825568406654857 0.9238795325112867 -0.3639535720290143
vn 0.11825568406654845 0.9238795325112867 -0.36395357202901435
vn 0.3095974002490934 0.9238795325112867 -0.22493567784086396
vn 0.3826834323650898 0.9238795325112867 -9.373040810652597e-17
vn 0.7071067811865475 0.7071067811865476 0
vn 0.5720614028176843 0.7071067811865476 0.4156269377774534
vn 0.21850801222441055 0.7071067811865476 0.6724985119639573
vn -0.21850801222441046 0.7071067811865476 0.6724985119639573
vn -0.5720614028176841 0.7071067811865476 0.41562693777745346
vn -0.7071067811865475 0.7071067811865476 8.659560562354932e-17
vn -0.5720614028176843 0.7071067811865476 -0.4156269377774533
vn -0.2185080122244106 0.7071067811865476 -0.6724985119639573
vn 0.21850801222441038 0.7071067811865476 -0.6724985119639573
vn 0.5720614028176841 0.7071067811865476 -0.4156269377774536
vn 0.7071067811865475 0.7071067811865476 -1.7319121124709863e-16
vn 0.9238795325112867 0.38268343236508984 0
vn 0.7474342425568128 0.38268343236508984 0.5430427641049989
vn 0.28549447630116936 0.38268343236508984 0.8786616496665794
vn -0.28549447630116925 0.38268343236508984 0.8786616496665796
vn -0.7474342425568127 0.38268343236508984 0.543042764104999
vn -0.9238795325112867 0.38268343236508984 1.1314261122877003e-16
vn -0.7474342425568128 0.38268343236508984 -0.5430427641049987
vn -0.2854944763011695 0.38268343236508984 -0.8786616496665794
vn 0.28549447630116914 0.38268343236508984 -0.8786616496665796
vn 0.7474342425568127 0.38268343236508984 -0.543042764104999
vn 0.9238795325112867 0.38268343236508984 -2.2628522245754005e-16
vn 1 6.123233995736766e-17 0
vn 0.8090169943749475 6.123233995736766e-17 0.5877852522924731
vn 0.30901699437494745 6.123233995736766e-17 0.9510565162951535
vn -0.30901699437494734 6.123233995736766e-17 0.9510565162951536
vn -0.8090169943749473 6.123233995736766e-17 0.5877852522924732
vn -1 6.123233995736766e-17 1.2246467991473532e-16
vn -0.8090169943749475 6.123233995736766e-17 -0.587785252292473
vn -0.30901699437494756 6.123233995736766e-17 -0.9510565162951535
vn 0.30901699437494723 6.123233995736766e-17 -0.9510565162951536
vn 0.8090169943749473 6.123233995736766e-17 -0.5877852522924734
vn 1 6.123233995736766e-17 -2.4492935982947064e-16
vn 0.9238795325112867 -0.3826834323650897 0
vn 0.7474342425568128 -0.3826834323650897 0.5430427641049989
vn 0.28549447630116936 -0.3826834323650897 0.8786616496665794
vn -0.28549447630116925 -0.3826834323650897 0.8786616496665796
vn -0.7474342425568127 -0.3826834323650897 0.543042764104999
vn -0.9238795325112867 -0.3826834323650897 1.1314261122877003e-16
vn -0.7474342425568128 -0.3826834323650897 -0.5430427641049987
vn -0.2854944763011695 -0.3826834323650897 -0.8786616496665794
vn 0.28549447630116914 -0.3826834323650897 -0.8786616496665796
vn 0.7474342425568127 -0.3826834323650897 -0.543042764104999
vn 0.9238795325112867 -0.3826834323650897 -2.2628522245754005e-16
vn 0.7071067811865476 -0.7071067811865475 0
vn 0.5720614028176844 -0.7071067811865475 0.41562693777745346
vn 0.21850801222441057 -0.7071067811865475 0.6724985119639575
vn -0.2185080122244105 -0.7071067811865475 0.6724985119639575
vn -0.5720614028176843 -0.7071067811865475 0.4156269377774536
vn -0.7071067811865476 -0.7071067811865475 8.659560562354935e-17
vn -0.5720614028176844 -0.7071067811865475 -0.4156269377774534
vn -0.21850801222441066 -0.7071067811865475 -0.6724985119639575
vn 0.2185080122244104 -0.7071067811865475 -0.6724985119639575
vn 0.5720614028176843 -0.7071067811865475 -0.41562693777745363
vn 0.7071067811865476 -0.7071067811865475 -1.731912112470987e-16
vn 0.3826834323650899 -0.9238795325112867 0
vn 0.3095974002490935 -0.9238795325112867 0.2249356778408639
vn 0.11825568406654857 -0.9238795325112867 0.36395357202901435
vn -0.11825568406654853 -0.9238795325112867 0.36395357202901446
vn -0.3095974002490935 -0.9238795325112867 0.224935677840864
vn -0.3826834323650899 -0.9238795325112867 4.6865204053263e-17
vn -0.3095974002490935 -0.9238795325112867 -0.2249356778408639
vn -0.11825568406654861 -0.9238795325112867 -0.36395357202901435
vn 0.11825568406654849 -0.9238795325112867 -0.36395357202901446
vn 0.3095974002490935 -0.9238795325112867 -0.22493567784086402
vn 0.3826834323650899 -0.9238795325112867 -9.3730408106526e-17
vn 1.2246467991473532e-16 -1 0
vn 9.907600726170916e-17 -1 7.198293278059968e-17
vn 3.7843667304341506e-17 -1 1.1647083184890923e-16
vn -3.7843667304341493e-17 -1 1.1647083184890926e-16
vn -9.907600726170915e-17 -1 7.198293278059968e-17
vn -1.2246467991473532e-16 -1 1.4997597826618576e-32
vn -9.907600726170916e-17 -1 -7.198293278059965e-17
vn -3.784366730434152e-17 -1 -1.1647083184890923e-16
vn 3.7843667304341475e-17 -1 -1.1647083184890926e-16
vn 9.907600726170915e-17 -1 -7.19829327805997e-17
vn 1.2246467991473532e-16 -1 -2.999519565323715e-32
vn -0.5773502691896258 -0.5773502691896258 -0.5773502691896258
vn -0.5773502691896258 -0.5773502691896258 0.5773502691896258
vn -0.5773502691896258 0.5773502691896258 -0.5773502691896258
vn -0.5773502691896258 0.5773502691896258 0.5773502691896258
vn 0.5773502691896258 -0.5773502691896258 -0.5773502691896258
vn 0.5773502691896258 -0.5773502691896258 0.5773502691896258
vn 0.5773502691896258 0.5773502691896258 -0.5773502691896258
vn 0.5773502691896258 0.5773502691896258 0.5773502691896258
vn 0 -0.35682208977309 -0.9341723589627158
vn 0 -0.35682208977309 0.9341723589627158
vn 0 0.35682208977309 -0.9341723589627158
vn 0 0.35682208977309 0.9341723589627158
vn -0.35682208977309 -0.9341723589627158 0
vn -0.35682208977309 0.9341723589627158 0
vn 0.35682208977309 -0.9341723589627158 0
vn 0.35682208977309 0.9341723589627158 0
vn -0.9341723589627158 0 -0.35682208977309
vn -0.9341723589627158 0 0.35682208977309
vn 0.9341723589627158 0 -0.35682208977309
vn 0.9341723589627158 0 0.35682208977309
f 1/1/1 12/12/12 2/2/2
f 1/1/1 11/11/11 12/12/12
f 21/21/21 1/1/1 2/2/2
f 22/22/22 12/12/12 11/11/11
f 2/2/2 13/13/13 3/3/3
f 2/2/2 12/12/12 13/13/13
f 21/21/21 2/2/2 3/3/3
f 22/22/22 13/13/13 12/12/12
f 3/3/3 14/14/14 4/4/4
f 3/3/3 13/13/13 14/14/14
f 21/21/21 3/3/3 4/4/4
f 22/22/22 14/14/14 13/13/13
f 4/4/4 15/15/15 5/5/5
f 4/4/4 14/14/14 15/15/15
f 21/21/21 4/4/4 5/5/5
f 22/22/22 15/15/15 14/14/14
f 5/5/5 16/16/16 6/6/6
f 5/5/5 15/15/15 16/16/16
f 21/21/21 5/5/5 6/6/6
f 22/22/22 16/16/16 15/15/15
f 6/6/6 17/17/17 7/7/7
f 6/6/6 16/16/16 17/17/17
f 21/21/21 6/6/6 7/7/7
f 22/22/22 17/17/17 16/16/16
f 7/7/7 18/18/18 8/8/8
f 7/7/7 17/17/17 18/18/18
f 21/21/21 7/7/7 8/8/8
f 22/22/22 18/18/18 17/17/17
f 8/8/8 19/19/19 9/9/9
f 8/8/8 18/18/18 19/19/19
f 21/21/21 8/8/8 9/9/9
f 22/22/22 19/19/19 18/18/18
f 9/9/9 20/20/20 10/10/10
f 9/9/9 19/19/19 20/20/20
f 21/21/21 9/9/9 10/10/10
f 22/22/22 20/20/20 19/19/19
f 10/10/10 11/11/11 1/1/1
f 10/10/10 20/20/20 11/11/11
f 21/21/21 10/10/10 1/1/1
f 22/22/22 11/11/11 20/20/20
f 23/23/23 34/34/34 24/24/24
f 23/23/23 33/33/33 34/34/34
f 43/43/43 23/23/23 24/24/24
f 44/44/44 34/34/34 33/33/33
f 24/24/24 35/35/35 25/25/25
f 24/24/24 34/34/34 35/35/35
f 43/43/43 24/24/24 25/25/25
f 44/44/44 35/35/35 34/34/34
f 25/25/25 36/36/36 26/26/26
f 25/25/25 35/35/35 36/36/36
f 43/43/43 25/25/25 26/26/26
f 44/44/44 36/36/36 35/35/35
f 26/26/26 37/37/37 27/27/27
f 26/26/26 36/36/36 37/37/37
f 43/43/43 26/26/26 27/27/27
f 44/44/44 37/37/37 36/36/36
f 27/27/27 38/38/38 28/28/28
f 27/27/27 37/37/37 38/38/38
f 43/43/43 27/27/27 28/28/28
f 44/44/44 38/38/38 37/37/37
f 28/28/28 39/39/39 29/29/29
f 28/28/28 38/38/38 39/39/39
f 43/43/43 28/28/28 29/29/29
f 44/44/44 39/39/39 38/38/38
f 29/29/29 40/40/40 30/30/30
f 29/29/29 39/39/39 40/40/40
f 43/43/43 29/29/29 30/30/30
f 44/44/44 40/40/40 39/39/39
f 30/30/30 41/41/41 31/31/31
f 30/30/30 40/40/40 41/41/41
f 43/43/43 30/30/30 31/31/31
f 44/44/44 41/41/41 40/40/40
f 31/31/31 42/42/42 32/32/32
f 31/31/31 41/41/41 42/42/42
f 43/43/43 31/31/31 32/32/32
f 44/44/44 42/42/42 41/41/41
f 32/32/32 33/33/33 23/23/23
f 32/32/32 42/42/42 33/33/33
f 43/43/43 32/32/32 23/23/23
f 44/44/44 33/33/33 42/42/42
f 45/45/45 53/53/53 46/46/46
f 45/45/45 52/52/52 53/53/53
f 59/59/59 45/45/45 46/46/46
f 60/60/60 53/53/53 52/52/52
f 46/46/46 54/54/54 47/47/47
f 46/46/46 53/53/53 54/54/54
f 59/59/59 46/46/46 47/47/47
f 60/60/60 54/54/54 53/53/53
f 47/47/47 55/55/55 48/48/48
f 47/47/47 54/54/54 55/55/55
f 59/59/59 47/47/47 48/48/48
f 60/60/60 55/55/55 54/54/54
f 48/48/48 56/56/56 49/49/49
f 48/48/48 55/55/55 56/56/56
f 59/59/59 48/48/48 49/49/49
f 60/60/60 56/56/56 55/55/55
f 49/49/49 57/57/57 50/50/50
f 49/49/49 56/56/56 57/57/57
f 59/59/59 49/49/49 50/50/50
f 60/60/60 57/57/57 56/56/56
f 50/50/50 58/58/58 51/51/51
f 50/50/50 57/57/57 58/58/58
f 59/59/59 50/50/50 51/51/51
f 60/60/60 58/58/58 57/57/57
f 51/51/51 52/52/52 45/45/45
f 51/51/51 58/58/58 52/52/52
f 59/59/59 51/51/51 45/45/45
f 60/60/60 52/52/52 58/58/58
f 61/61/61 69/69/69 62/62/62
f 61/61/61 68/68/68 69/69/69
f 75/75/75 61/61/61 62/62/62
f 76/76/76 69/69/69 68/68/68
f 62/62/62 70/70/70 63/63/63
f 62/62/62 69/69/69 70/70/70
f 75/75/75 62/62/62 63/63/63
f 76/76/76 70/70/70 69/69/69
f 63/63/63 71/71/71 64/64/64
f 63/63/63 70/70/70 71/71/71
f 75/75/75 63/63/63 64/64/64
f 76/76/76 71/71/71 70/70/70
f 64/64/64 72/72/72 65/65/65
f 64/64/64 71/71/71 72/72/72
f 75/75/75 64/64/64 65/65/65
f 76/76/76 72/72/72 71/71/71
f 65/65/65 73/73/73 66/66/66
f 65/65/65 72/72/72 73/73/73
f 75/75/75 65/65/65 66/66/66
f 76/76/76 73/73/73 72/72/72
f 66/66/66 74/74/74 67/67/67
f 66/66/66 73/73/73 74/74/74
f 75/75/75 66/66/66 67/67/67
f 76/76/76 74/74/74 73/73/73
f 67/67/67 68/68/68 61/61/61
f 67/67/67 74/74/74 68/68/68
f 75/75/75 67/67/67 61/61/61
f 76/76/76 68/68/68 74/74/74
f 77/77/77 89/89/89 88/88/88
f 77/77/77 78/78/78 89/89/89
f 78/78/78 90/90/90 89/89/89
f 78/78/78 79/79/79 90/90/90
f 79/79/79 91/91/91 90/90/90
f 79/79/79 80/80/80 91/91/91
f 80/80/80 92/92/92 91/91/91
f 80/80/80 81/81/81 92/92/92
f 81/81/81 93/93/93 92/92/92
f 81/81/81 82/82/82 93/93/93
f 82/82/82 94/94/94 93/93/93
f 82/82/82 83/83/83 94/94/94
f 83/83/83 95/95/95 94/94/94
f 83/83/83 84/84/84 95/95/95
f 84/84/84 96/96/96 95/95/95
f 84/84/84 85/85/85 96/96/96
f 85/85/85 97/97/97 96/96/96
f 85/85/85 86/86/86 97/97/97
f 86/86/86 98/98/98 97/97/97
f 86/86/86 87/87/87 98/98/98
f 88/88/88 100/100/100 99/99/99
f 88/88/88 89/89/89 100/100/100
f 89/89/89 101/101/101 100/100/100
f 89/89/89 90/90/90 101/101/101
f 90/90/90 102/102/102 101/101/101
f 90/90/90 91/91/91 102/102/102
f 91/91/91 103/103/103 102/102/102
f 91/91/91 92/92/92 103/103/103
f 92/92/92 104/104/104 103/103/103
f 92/92/92 93/93/93 104/104/104
f 93/93/93 105/105/105 104/104/104
f 93/93/93 94/94/94 105/105/105
f 94/94/94 106/106/106 105/105/105
f 94/94/94 95/95/95 106/106/106
f 95/95/95 107/107/107 106/106/106
f 95/95/95 96/96/96 107/107/107
f 96/96/96 108/108/108 107/107/107
f 96/96/96 97/97/97 108/108/108
f 97/97/97 109/109/109 108/108/108
f 97/97/97 98/98/98 109/109/109
f 99/99/99 111/111/111 110/110/110
f 99/99/99 100/100/100 111/111/111
f 100/100/100 112/112/112 111/111/111
f 100/100/100 101/101/101 112/112/112
f 101/101/101 113/113/113 112/112/112
f 101/101/101 102/102/102 113/113/113
f 102/102/102 114/114/114 113/113/113
f 102/102/102 103/103/103 114/114/114
f 103/103/103 115/115/115 114/114/114
f 103/103/103 104/104/104 115/115/115
f 104/104/104 116/116/116 115/115/115
f 104/104/104 105/105/105 116/116/116
f 105/105/105 117/117/117 116/116/116
f 105/105/105 106/106/106 117/117/117
f 106/106/106 118/118/118 117/117/117
f 106/106/106 107/107/107 118/118/118
f 107/107/107 119/119/119 118/118/118
f 107/107/107 108/108/108 119/119/119
f 108/108/108 120/120/120 119/119/119
f 108/108/108 109/109/109 120/120/120
f 110/110/110 122/122/122 121/121/121
f 110/110/110 111/111/111 122/122/122
f 111/111/111 123/123/123 122/122/122
f 111/111/111 112/112/112 123/123/123
f 112/112/112 124/124/124 123/123/123
f 112/112/112 113/113/113 124/124/124
f 113/113/113 125/125/125 124/124/124
f 113/113/113 114/114/114 125/125/125
f 114/114/114 126/126/126 125/125/125
f 114/114/114 115/115/115 126/126/126
f 115/115/115 127/127/127 126/126/126
f 115/115/115 116/116/116 127/127/127
f 116/116/116 128/128/128 127/127/127
f 116/116/116 117/117/117 128/128/128
f 117/117/117 129/129/129 128/128/128
f 117/117/117 118/118/118 129/129/129
f 118/118/118 130/130/130 129/129/129
f 118/118/118 119/119/119 130/130/130
f 119/119/119 131/131/131 130/130/130
f 119/119/119 120/120/120 131/131/131
f 121/121/121 133/133/133 132/132/132
f 121/121/121 122/122/122 133/133/133
f 122/122/122 134/134/134 133/133/133
f 122/122/122 123/123/123 134/134/134
f 123/123/123 135/135/135 134/134/134
f 123/123/123 124/124/124 135/135/135
f 124/124/124 136/136/136 135/135/135
f 124/124/124 125/125/125 136/136/136
f 125/125/125 137/137/137 136/136/136
f 125/125/125 126/126/126 137/137/137
f 126/126/126 138/138/138 137/137/137
f 126/126/126 127/127/127 138/138/138
f 127/127/127 139/139/139 138/138/138
f 127/127/127 128/128/128 139/139/139
f 128/128/128 140/140/140 139/139/139
f 128/128/128 129/129/129 140/140/140
f 129/129/129 141/141/141 140/140/140
f 129/129/129 130/130/130 141/141/141
f 130/130/130 142/142/142 141/141/141
f 130/130/130 131/131/131 142/142/142
f 132/132/132 144/144/144 143/143/143
f 132/132/132 133/133/133 144/144/144
f 133/133/133 145/145/145 144/144/144
f 133/133/133 134/134/134 145/145/145
f 134/134/134 146/146/146 145/145/145
f 134/134/134 135/135/135 146/146/146
f 135/135/135 147/147/147 146/146/146
f 135/135/135 136/136/136 147/147/147
f 136/136/136 148/148/148 147/147/147
f 136/136/136 137/137/137 148/148/148
f 137/137/137 149/149/149 148/148/148
f 137/137/137 138/138/138 149/149/149
f 138/138/138 150/150/150 149/149/149
f 138/138/138 139/139/139 150/150/150
f 139/139/139 151/151/151 150/150/150
f 139/139/139 140/140/140 151/151/151
f 140/140/140 152/152/152 151/151/151
f 140/140/140 141/141/141 152/152/152
f 141/141/141 153/153/153 152/152/152
f 141/141/141 142/142/142 153/153/153
f 143/143/143 155/155/155 154/154/154
f 143/143/143 144/144/144 155/155/155
f 144/144/144 156/156/156 155/155/155
f 144/144/144 145/145/145 156/156/156
f 145/145/145 157/157/157 156/156/156
f 145/145/145 146/146/146 157/157/157
f 146/146/146 158/158/158 157/157/157
f 146/146/146 147/147/147 158/158/158
f 147/147/147 159/159/159 158/158/158
f 147/147/147 148/148/148 159/159/159
f 148/148/148 160/160/160 159/159/159
f 148/148/148 149/149/149 160/160/160
f 149/149/149 161/161/161 160/160/160
f 149/149/149 150/150/150 161/161/161
f 150/150/150 162/162/162 161/161/161
f 150/150/150 151/151/151 162/162/162
f 151/151/151 163/163/163 162/162/162
f 151/151/151 152/152/152 163/163/163
f 152/152/152 164/164/164 163/163/163
f 152/152/152 153/153/153 164/164/164
f 154/154/154 166/166/166 165/165/165
f 154/154/154 155/155/155 166/166/166
f 155/155/155 167/167/167 166/166/166
f 155/155/155 156/156/156 167/167/167
f 156/156/156 168/168/168 167/167/167
f 156/156/156 157/157/157 168/168/168
f 157/157/157 169/169/169 168/168/168
f 157/157/157 158/158/158 169/169/169
f 158/158/158 170/170/170 169/169/169
f 158/158/158 159/159/159 170/170/170
f 159/159/159 171/171/171 170/170/170
f 159/159/159 160/160/160 171/171/171
f 160/160/160 172/172/172 171/171/171
f 160/160/160 161/161/161 172/172/172
f 161/161/161 173/173/173 172/172/172
f 161/161/161 162/162/162 173/173/173
f 162/162/162 174/174/174 173/173/173
f 162/162/162 163/163/163 174/174/174
f 163/163/163 175/175/175 174/174/174
f 163/163/163 164/164/164 175/175/175
f 176/176/176 184/184/184 180/180/180
f 176/176/176 180/180/180 190/190/190
f 176/176/176 190/190/190 188/188/188
f 176/176/176 192/192/192 178/178/178
f 176/176/176 178/178/178 186/186/186
f 176/176/176 186/186/186 184/184/184
f 176/176/176 188/188/188 177/177/177
f 176/176/176 177/177/177 193/193/193
f 176/176/176 193/193/193 192/192/192
f 184/184/184 186/186/186 182/182/182
f 184/184/184 182/182/182 194/194/194
f 184/184/184 194/194/194 180/180/180
f 178/178/178 189/189/189 179/179/179
f 178/178/178 179/179/179 187/187/187
f 178/178/178 187/187/187 186/186/186
f 178/178/178 192/192/192 193/193/193
f 178/178/178 193/193/193 179/179/179
f 178/178/178 179/179/179 189/189/189
f 180/180/180 194/194/194 195/195/195
f 180/180/180 195/195/195 181/181/181
f 180/180/180 181/181/181 190/190/190
f 182/182/182 191/191/191 183/183/183
f 182/182/182 183/183/183 195/195/195
f 182/182/182 195/195/195 194/194/194
f 182/182/182 186/186/186 187/187/187
f 182/182/182 187/187/187 183/183/183
f 182/182/182 183/183/183 191/191/191
f 177/177/177 185/185/185 181/181/181
f 177/177/177 181/181/181 190/190/190
f 177/177/177 190/190/190 188/188/188
f 177/177/177 193/193/193 179/179/179
f 177/177/177 179/179/179 187/187/187
f 177/177/177 187/187/187 185/185/185
f 181/181/181 195/195/195 183/183/183
f 181/181/181 183/183/183 191/191/191
f 181/181/181 191/191/191 185/185/185
f 196/196/196 204/204/204 197/197/197
f 196/196/196 203/203/203 204/204/204
f 210/210/210 196/196/196 197/197/197
f 211/211/211 204/204/204 203/203/203
f 197/197/197 205/205/205 198/198/198
f 197/197/197 204/204/204 205/205/205
f 210/210/210 197/197/197 198/198/198
f 211/211/211 205/205/205 204/204/204
f 198/198/198 206/206/206 199/199/199
f 198/198/198 205/205/205 206/206/206
f 210/210/210 198/198/198 199/199/199
f 211/211/211 206/206/206 205/205/205
f 199/199/199 207/207/207 200/200/200
f 199/199/199 206/206/206 207/207/207
f 210/210/210 199/199/199 200/200/200
f 211/211/211 207/207/207 206/206/206
f 200/200/200 208/208/208 201/201/201
f 200/200/200 207/207/207 208/208/208
f 210/210/210 200/200/200 201/201/201
f 211/211/211 208/208/208 207/207/207
f 201/201/201 209/209/209 202/202/202
f 201/201/201 208/208/208 209/209/209
f 210/210/210 201/201/201 202/202/202
f 211/211/211 209/209/209 208/208/208
f 202/202/202 203/203/203 196/196/196
f 202/202/202 209/209/209 203/203/203
f 210/210/210 202/202/202 196/196/196
f 211/211/211 203/203/203 209/209/209
f 212/212/212 220/220/220 213/213/213
f 212/212/212 219/219/219 220/220/220
f 226/226/226 212/212/212 213/213/213
f 227/227/227 220/220/220 219/219/219
f 213/213/213 221/221/221 214/214/214
f 213/213/213 220/220/220 221/221/221
f 226/226/226 213/213/213 214/214/214
f 227/227/227 221/221/221 220/220/220
f 214/214/214 222/222/222 215/215/215
f 214/214/214 221/221/221 222/222/222
f 226/226/226 214/214/214 215/215/215
f 227/227/227 222/222/222 221/221/221
f 215/215/215 223/223/223 216/216/216
f 215/215/215 222/222/222 223/223/223
f 226/226/226 215/215/215 216/216/216
f 227/227/227 223/223/223 222/222/222
f 216/216/216 224/224/224 217/217/217
f 216/216/216 223/223/223 224/224/224
f 226/226/226 216/216/216 217/217/217
f 227/227/227 224/224/224 223/223/223
f 217/217/217 225/225/225 218/218/218
f 217/217/217 224/224/224 225/225/225
f 226/226/226 217/217/217 218/218/218
f 227/227/227 225/225/225 224/224/224
f 218/218/218 219/219/219 212/212/212
f 218/218/218 225/225/225 219/219/219
f 226/226/226 218/218/218 212/212/212
f 227/227/227 219/219/219 225/225/225
f 228/228/228 240/240/240 239/239/239
f 228/228/228 229/229/229 240/240/240
f 229/229/229 241/241/241 240/240/240
f 229/229/229 230/230/230 241/241/241
f 230/230/230 242/242/242 241/241/241
f 230/230/230 231/231/231 242/242/242
f 231/231/231 243/243/243 242/242/242
f 231/231/231 232/232/232 243/243/243
f 232/232/232 244/244/244 243/243/243
f 232/232/232 233/233/233 244/244/244
f 233/233/233 245/245/245 244/244/244
f 233/233/233 234/234/234 245/245/245
f 234/234/234 246/246/246 245/245/245
f 234/234/234 235/235/235 246/246/246
f 235/235/235 247/247/247 246/246/246
f 235/235/235 236/236/236 247/247/247
f 236/236/236 248/248/248 247/247/247
f 236/236/236 237/237/237 248/248/248
f 237/237/237 249/249/249 248/248/248
f 237/237/237 238/238/238 249/249/249
f 239/239/239 251/251/251 250/250/250
f 239/239/239 240/240/240 251/251/251
f 240/240/240 252/252/252 251/251/251
f 240/240/240 241/241/241 252/252/252
f 241/241/241 253/253/253 252/252/252
f 241/241/241 242/242/242 253/253/253
f 242/242/242 254/254/254 253/253/253
f 242/242/242 243/243/243 254/254/254
f 243/243/243 255/255/255 254/254/254
f 243/243/243 244/244/244 255/255/255
f 244/244/244 256/256/256 255/255/255
f 244/244/244 245/245/245 256/256/256
f 245/245/245 257/257/257 256/256/256
f 245/245/245 246/246/246 257/257/257
f 246/246/246 258/258/258 257/257/257
f 246/246/246 247/247/247 258/258/258
f 247/247/247 259/259/259 258/258/258
f 247/247/247 248/248/248 259/259/259
f 248/248/248 260/260/260 259/259/259
f 248/248/248 249/249/249 260/260/260
f 250/250/250 262/262/262 261/261/261
f 250/250/250 251/251/251 262/262/262
f 251/251/251 263/263/263 262/262/262
f 251/251/251 252/252/252 263/263/263
f 252/252/252 264/264/264 263/263/263
f 252/252/252 253/253/253 264/264/264
f 253/253/253 265/265/265 264/264/264
f 253/253/253 254/254/254 265/265/265
f 254/254/254 266/266/266 265/265/265
f 254/254/254 255/255/255 266/266/266
f 255/255/255 267/267/267 266/266/266
f 255/255/255 256/256/256 267/267/267
f 256/256/256 268/268/268 267/267/267
f 256/256/256 257/257/257 268/268/268
f 257/257/257 269/269/269 268/268/268
f 257/257/257 258/258/258 269/269/269
f 258/258/258 270/270/270 269/269/269
f 258/258/258 259/259/259 270/270/270
f 259/259/259 271/271/271 270/270/270
f 259/259/259 260/260/260 271/271/271
f 261/261/261 273/273/273 272/272/272
f 261/261/261 262/262/262 273/273/273
f 262/262/262 274/274/274 273/273/273
f 262/262/262 263/263/263 274/274/274
f 263/263/263 275/275/275 274/274/274
f 263/263/263 264/264/264 275/275/275
f 264/264/264 276/276/276 275/275/275
f 264/264/264 265/265/265 276/276/276
f 265/265/265 277/277/277 276/276/276
f 265/265/265 266/266/266 277/277/277
f 266/266/266 278/278/278 277/277/277
f 266/266/266 267/267/267 278/278/278
f 267/267/267 279/279/279 278/278/278
f 267/267/267 268/268/268 279/279/279
f 268/268/268 280/280/280 279/279/279
f 268/268/268 269/269/269 280/280/280
f 269/269/269 281/281/281 280/280/280
f 269/269/269 270/270/270 281/281/281
f 270/270/270 282/282/282 281/281/281
f 270/270/270 271/271/271 282/282/282
f 272/272/272 284/284/284 283/283/283
f 272/272/272 273/273/273 284/284/284
f 273/273/273 285/285/285 284/284/284
f 273/273/273 274/274/274 285/285/285
f 274/274/274 286/286/286 285/285/285
f 274/274/274 275/275/275 286/286/286
f 275/275/275 287/287/287 286/286/286
f 275/275/275 276/276/276 287/287/287
f 276/276/276 288/288/288 287/287/287
f 276/276/276 277/277/277 288/288/288
f 277/277/277 289/289/289 288/288/288
f 277/277/277 278/278/278 289/289/289
f 278/278/278 290/290/290 289/289/289
f 278/278/278 279/279/279 290/290/290
f 279/279/279 291/291/291 290/290/290
f 279/279/279 280/280/280 291/291/291
f 280/280/280 292/292/292 291/291/291
f 280/280/280 281/281/281 292/292/292
f 281/281/281 293/293/293 292/292/292
f 281/281/281 282/282/282 293/293/293
f 283/283/283 295/295/295 294/294/294
f 283/283/283 284/284/284 295/295/295
f 284/284/284 296/296/296 295/295/295
f 284/284/284 285/285/285 296/296/296
f 285/285/285 297/297/297 296/296/296
f 285/285/285 286/286/286 297/297/297
f 286/286/286 298/298/298 297/297/297
f 286/286/286 287/287/287 298/298/298
f 287/287/287 299/299/299 298/298/298
f 287/287/287 288/288/288 299/299/299
f 288/288/288 300/300/300 299/299/299
f 288/288/288 289/289/289 300/300/300
f 289/289/289 301/301/301 300/300/300
f 289/289/289 290/290/290 301/301/301
f 290/290/290 302/302/302 301/301/301
f 290/290/290 291/291/291 302/302/302
f 291/291/291 303/303/303 302/302/302
f 291/291/291 292/292/292 303/303/303
f 292/292/292 304/304/304 303/303/303
f 292/292/292 293/293/293 304/304/304
f 294/294/294 306/306/306 305/305/305
f 294/294/294 295/295/295 306/306/306
f 295/295/295 307/307/307 306/306/306
f 295/295/295 296/296/296 307/307/307
f 296/296/296 308/308/308 307/307/307
f 296/296/296 297/297/297 308/308/308
f 297/297/297 309/309/309 308/308/308
f 297/297/297 298/298/298 309/309/309
f 298/298/298 310/310/310 309/309/309
f 298/298/298 299/299/299 310/310/310
f 299/299/299 311/311/311 310/310/310
f 299/299/299 300/300/300 311/311/311
f 300/300/300 312/312/312 311/311/311
f 300/300/300 301/301/301 312/312/312
f 301/301/301 313/313/313 312/312/312
f 301/301/301 302/302/302 313/313/313
f 302/302/302 314/314/314 313/313/313
f 302/302/302 303/303/303 314/314/314
f 303/303/303 315/315/315 314/314/314
f 303/303/303 304/304/304 315/315/315
f 305/305/305 317/317/317 316/316/316
f 305/305/305 306/306/306 317/317/317
f 306/306/306 318/318/318 317/317/317
f 306/306/306 307/307/307 318/318/318
f 307/307/307 319/319/319 318/318/318
f 307/307/307 308/308/308 319/319/319
f 308/308/308 320/320/320 319/319/319
f 308/308/308 309/309/309 320/320/320
f 309/309/309 321/321/321 320/320/320
f 309/309/309 310/310/310 321/321/321
f 310/310/310 322/322/322 321/321/321
f 310/310/310 311/311/311 322/322/322
f 311/311/311 323/323/323 322/322/322
f 311/311/311 312/312/312 323/323/323
f 312/312/312 324/324/324 323/323/323
f 312/312/312 313/313/313 324/324/324
f 313/313/313 325/325/325 324/324/324
f 313/313/313 314/314/314 325/325/325
f 314/314/314 326/326/326 325/325/325
f 314/314/314 315/315/315 326/326/326
f 327/327/327 335/335/335 331/331/331
f 327/327/327 331/331/331 341/341/341
f 327/327/327 341/341/341 339/339/339
f 327/327/327 343/343/343 329/329/329
f 327/327/327 329/329/329 337/337/337
f 327/327/327 337/337/337 335/335/335
f 327/327/327 339/339/339 328/328/328
f 327/327/327 328/328/328 344/344/344
f 327/327/327 344/344/344 343/343/343
f 335/335/335 337/337/337 333/333/333
f 335/335/335 333/333/333 345/345/345
f 335/335/335 345/345/345 331/331/331
f 329/329/329 340/340/340 330/330/330
f 329/329/329 330/330/330 338/338/338
f 329/329/329 338/338/338 337/337/337
f 329/329/329 343/343/343 344/344/344
f 329/329/329 344/344/344 330/330/330
f 329/329/329 330/330/330 340/340/340
f 331/331/331 345/345/345 346/346/346
f 331/331/331 346/346/346 332/332/332
f 331/331/331 332/332/332 341/341/341
f 333/333/333 342/342/342 334/334/334
f 333/333/333 334/334/334 346/346/346
f 333/333/333 346/346/346 345/345/345
f 333/333/333 337/337/337 338/338/338
f 333/333/333 338/338/338 334/334/334
f 333/333/333 334/334/334 342/342/342
f 328/328/328 336/336/336 332/332/332
f 328/328/328 332/332/332 341/341/341
f 328/328/328 341/341/341 339/339/339
f 328/328/328 344/344/344 330/330/330
f 328/328/328 330/330/330 338/338/338
f 328/328/328 338/338/338 336/336/336
f 332/332/332 346/346/346 334/334/334
f 332/332/332 334/334/334 342/342/342
f 332/332/332 342/342/342 336/336/336
f 347/347/347 355/355/355 348/348/348
f 347/347/347 354/354/354 355/355/355
f 361/361/361 347/347/347 348/348/348
f 362/362/362 355/355/355 354/354/354
f 348/348/348 356/356/356 349/349/349
f 348/348/348 355/355/355 356/356/356
f 361/361/361 348/348/348 349/349/349
f 362/362/362 356/356/356 355/355/355
f 349/349/349 357/357/357 350/350/350
f 349/349/349 356/356/356 357/357/357
f 361/361/361 349/349/349 350/350/350
f 362/362/362 357/357/357 356/356/356
f 350/350/350 358/358/358 351/351/351
f 350/350/350 357/357/357 358/358/358
f 361/361/361 350/350/350 351/351/351
f 362/362/362 358/358/358 357/357/357
f 351/351/351 359/359/359 352/352/352
f 351/351/351 358/358/358 359/359/359
f 361/361/361 351/351/351 352/352/352
f 362/362/362 359/359/359 358/358/358
f 352/352/352 360/360/360 353/353/353
f 352/352/352 359/359/359 360/360/360
f 361/361/361 352/352/352 353/353/353
f 362/362/362 360/360/360 359/359/359
f 353/353/353 354/354/354 347/347/347
f 353/353/353 360/360/360 354/354/354
f 361/361/361 353/353/353 347/347/347
f 362/362/362 354/354/354 360/360/360
f 363/363/363 371/371/371 364/364/364
f 363/363/363 370/370/370 371/371/371
f 377/377/377 363/363/363 364/364/364
f 378/378/378 371/371/371 370/370/370
f 364/364/364 372/372/372 365/365/365
f 364/364/364 371/371/371 372/372/372
f 377/377/377 364/364/364 365/365/365
f 378/378/378 372/372/372 371/371/371
f 365/365/365 373/373/373 366/366/366
f 365/365/365 372/372/372 373/373/373
f 377/377/377 365/365/365 366/366/366
f 378/378/378 373/373/373 372/372/372
f 366/366/366 374/374/374 367/367/367
f 366/366/366 373/373/373 374/374/374
f 377/377/377 366/366/366 367/367/367
f 378/378/378 374/374/374 373/373/373
f 367/367/367 375/375/375 368/368/368
f 367/367/367 374/374/374 375/375/375
f 377/377/377 367/367/367 368/368/368
f 378/378/378 375/375/375 374/374/374
f 368/368/368 376/376/376 369/369/369
f 368/368/368 375/375/375 376/376/376
f 377/377/377 368/368/368 369/369/369
f 378/378/378 376/376/376 375/375/375
f 369/369/369 370/370/370 363/363/363
f 369/369/369 376/376/376 370/370/370
f 377/377/377 369/369/369 363/363/363
f 378/378/378 370/370/370 376/376/376
f 379/379/379 391/391/391 390/390/390
f 379/379/379 380/380/380 391/391/391
f 380/380/380 392/392/392 391/391/391
f 380/380/380 381/381/381 392/392/392
f 381/381/381 393/393/393 392/392/392
f 381/381/381 382/382/382 393/393/393
f 382/382/382 394/394/394 393/393/393
f 382/382/382 383/383/383 394/394/394
f 383/383/383 395/395/395 394/394/394
f 383/383/383 384/384/384 395/395/395
f 384/384/384 396/396/396 395/395/395
f 384/384/384 385/385/385 396/396/396
f 385/385/385 397/397/397 396/396/396
f 385/385/385 386/386/386 397/397/397
f 386/386/386 398/398/398 397/397/397
f 386/386/386 387/387/387 398/398/398
f 387/387/387 399/399/399 398/398/398
f 387/387/387 388/388/388 399/399/399
f 388/388/388 400/400/400 399/399/399
f 388/388/388 389/389/389 400/400/400
f 390/390/390 402/402/402 401/401/401
f 390/390/390 391/391/391 402/402/402
f 391/391/391 403/403/403 402/402/402
f 391/391/391 392/392/392 403/403/403
f 392/392/392 404/404/404 403/403/403
f 392/392/392 393/393/393 404/404/404
f 393/393/393 405/405/405 404/404/404
f 393/393/393 394/394/394 405/405/405
f 394/394/394 406/406/406 405/405/405
f 394/394/394 395/395/395 406/406/406
f 395/395/395 407/407/407 406/406/406
f 395/395/395 396/396/396 407/407/407
f 396/396/396 408/408/408 407/407/407
f 396/396/396 397/397/397 408/408/408
f 397/397/397 409/409/409 408/408/408
f 397/397/397 398/398/398 409/409/409
f 398/398/398 410/410/410 409/409/409
f 398/398/398 399/399/399 410/410/410
f 399/399/399 411/411/411 410/410/410
f 399/399/399 400/400/400 411/411/411
f 401/401/401 413/413/413 412/412/412
f 401/401/401 402/402/402 413/413/413
f 402/402/402 414/414/414 413/413/413
f 402/402/402 403/403/403 414/414/414
f 403/403/403 415/415/415 414/414/414
f 403/403/403 404/404/404 415/415/415
f 404/404/404 416/416/416 415/415/415
f 404/404/404 405/405/405 416/416/416
f 405/405/405 417/417/417 416/416/416
f 405/405/405 406/406/406 417/417/417
f 406/406/406 418/418/418 417/417/417
f 406/406/406 407/407/407 418/418/418
f 407/407/407 419/419/419 418/418/418
f 407/407/407 408/408/408 419/419/419
f 408/408/408 420/420/420 419/419/419
f 408/408/408 409/409/409 420/420/420
f 409/409/409 421/421/421 420/420/420
f 409/409/409 410/410/410 421/421/421
f 410/410/410 422/422/422 421/421/421
f 410/410/410 411/411/411 422/422/422
f 412/412/412 424/424/424 423/423/423
f 412/412/412 413/413/413 424/424/424
f 413/413/413 425/425/425 424/424/424
f 413/413/413 414/414/414 425/425/425
f 414/414/414 426/426/426 425/425/425
f 414/414/414 415/415/415 426/426/426
f 415/415/415 427/427/427 426/426/426
f 415/415/415 416/416/416 427/427/427
f 416/416/416 428/428/428 427/427/427
f 416/416/416 417/417/417 428/428/428
f 417/417/417 429/429/429 428/428/428
f 417/417/417 418/418/418 429/429/429
f 418/418/418 430/430/430 429/429/429
f 418/418/418 419/419/419 430/430/430
f 419/419/419 431/431/431 430/430/430
f 419/419/419 420/420/420 431/431/431
f 420/420/420 432/432/432 431/431/431
f 420/420/420 421/421/421 432/432/432
f 421/421/421 433/433/433 432/432/432
f 421/421/421 422/422/422 433/433/433
f 423/423/423 435/435/435 434/434/434
f 423/423/423 424/424/424 435/435/435
f 424/424/424 436/436/436 435/435/435
f 424/424/424 425/425/425 436/436/436
f 425/425/425 437/437/437 436/436/436
f 425/425/425 426/426/426 437/437/437
f 426/426/426 438/438/438 437/437/437
f 426/426/426 427/427/427 438/438/438
f 427/427/427 439/439/439 438/438/438
f 427/427/427 428/428/428 439/439/439
f 428/428/428 440/440/440 439/439/439
f 428/428/428 429/429/429 440/440/440
f 429/429/429 441/441/441 440/440/440
f 429/429/429 430/430/430 441/441/441
f 430/430/430 442/442/442 441/441/441
f 430/430/430 431/431/431 442/442/442
f 431/431/431 443/443/443 442/442/442
f 431/431/431 432/432/432 443/443/443
f 432/432/432 444/444/444 443/443/443
f 432/432/432 433/433/433 444/444/444
f 434/434/434 446/446/446 445/445/445
f 434/434/434 435/435/435 446/446/446
f 435/435/435 447/447/447 446/446/446
f 435/435/435 436/436/436 447/447/447
f 436/436/436 448/448/448 447/447/447
f 436/436/436 437/437/437 448/448/448
f 437/437/437 449/449/449 448/448/448
f 437/437/437 438/438/438 449/449/449
f 438/438/438 450/450/450 449/449/449
f 438/438/438 439/439/439 450/450/450
f 439/439/439 451/451/451 450/450/450
f 439/439/439 440/440/440 451/451/451
f 440/440/440 452/452/452 451/451/451
f 440/440/440 441/441/441 452/452/452
f 441/441/441 453/453/453 452/452/452
f 441/441/441 442/442/442 453/453/453
f 442/442/442 454/454/454 453/453/453
f 442/442/442 443/443/443 454/454/454
f 443/443/443 455/455/455 454/454/454
f 443/443/443 444/444/444 455/455/455
f 445/445/445 457/457/457 456/456/456
f 445/445/445 446/446/446 457/457/457
f 446/446/446 458/458/458 457/457/457
f 446/446/446 447/447/447 458/458/458
f 447/447/447 459/459/459 458/458/458
f 447/447/447 448/448/448 459/459/459
f 448/448/448 460/460/460 459/459/459
f 448/448/448 449/449/449 460/460/460
f 449/449/449 461/461/461 460/460/460
f 449/449/449 450/450/450 461/461/461
f 450/450/450 462/462/462 461/461/461
f 450/450/450 451/451/451 462/462/462
f 451/451/451 463/463/463 462/462/462
f 451/451/451 452/452/452 463/463/463
f 452/452/452 464/464/464 463/463/463
f 452/452/452 453/453/453 464/464/464
f 453/453/453 465/465/465 464/464/464
f 453/453/453 454/454/454 465/465/465
f 454/454/454 466/466/466 465/465/465
f 454/454/454 455/455/455 466/466/466
f 456/456/456 468/468/468 467/467/467
f 456/456/456 457/457/457 468/468/468
f 457/457/457 469/469/469 468/468/468
f 457/457/457 458/458/458 469/469/469
f 458/458/458 470/470/470 469/469/469
f 458/458/458 459/459/459 470/470/470
f 459/459/459 471/471/471 470/470/470
f 459/459/459 460/460/460 471/471/471
f 460/460/460 472/472/472 471/471/471
f 460/460/460 461/461/461 472/472/472
f 461/461/461 473/473/473 472/472/472
f 461/461/461 462/462/462 473/473/473
f 462/462/462 474/474/474 473/473/473
f 462/462/462 463/463/463 474/474/474
f 463/463/463 475/475/475 474/474/474
f 463/463/463 464/464/464 475/475/475
f 464/464/464 476/476/476 475/475/475
f 464/464/464 465/465/465 476/476/476
f 465/465/465 477/477/477 476/476/476
f 465/465/465 466/466/466 477/477/477
f 478/478/478 486/486/486 482/482/482
f 478/478/478 482/482/482 492/492/492
f 478/478/478 492/492/492 490/490/490
f 478/478/478 494/494/494 480/480/480
f 478/478/478 480/480/480 488/488/488
f 478/478/478 488/488/488 486/486/486
f 478/478/478 490/490/490 479/479/479
f 478/478/478 479/479/479 495/495/495
f 478/478/478 495/495/495 494/494/494
f 486/486/486 488/488/488 484/484/484
f 486/486/486 484/484/484 496/496/496
f 486/486/486 496/496/496 482/482/482
f 480/480/480 491/491/491 481/481/481
f 480/480/480 481/481/481 489/489/489
f 480/480/480 489/489/489 488/488/488
f 480/480/480 494/494/494 495/495/495
f 480/480/480 495/495/495 481/481/481
f 480/480/480 481/481/481 491/491/491
f 482/482/482 496/496/496 497/497/497
f 482/482/482 497/497/497 483/483/483
f 482/482/482 483/483/483 492/492/492
f 484/484/484 493/493/493 485/485/485
f 484/484/484 485/485/485 497/497/497
f 484/484/484 497/497/497 496/496/496
f 484/484/484 488/488/488 489/489/489
f 484/484/484 489/489/489 485/485/485
f 484/484/484 485/485/485 493/493/493
f 479/479/479 487/487/487 483/483/483
f 479/479/479 483/483/483 492/492/492
f 479/479/479 492/492/492 490/490/490
f 479/479/479 495/495/495 481/481/481
f 479/479/479 481/481/481 489/489/489
f 479/479/479 489/489/489 487/487/487
f 483/483/483 497/497/497 485/485/485
f 483/483/483 485/485/485 493/493/493
f 483/483/483 493/493/493 487/487/487
f 498/498/498 506/506/506 499/499/499
f 498/498/498 505/505/505 506/506/506
f 512/512/512 498/498/498 499/499/499
f 513/513/513 506/506/506 505/505/505
f 499/499/499 507/507/507 500/500/500
f 499/499/499 506/506/506 507/507/507
f 512/512/512 499/499/499 500/500/500
f 513/513/513 507/507/507 506/506/506
f 500/500/500 508/508/508 501/501/501
f 500/500/500 507/507/507 508/508/508
f 512/512/512 500/500/500 501/501/501
f 513/513/513 508/508/508 507/507/507
f 501/501/501 509/509/509 502/502/502
f 501/501/501 508/508/508 509/509/509
f 512/512/512 501/501/501 502/502/502
f 513/513/513 509/509/509 508/508/508
f 502/502/502 510/510/510 503/503/503
f 502/502/502 509/509/509 510/510/510
f 512/512/512 502/502/502 503/503/503
f 513/513/513 510/510/510 509/509/509
f 503/503/503 511/511/511 504/504/504
f 503/503/503 510/510/510 511/511/511
f 512/512/512 503/503/503 504/504/504
f 513/513/513 511/511/511 510/510/510
f 504/504/504 505/505/505 498/498/498
f 504/504/504 511/511/511 505/505/505
f 512/512/512 504/504/504 498/498/498
f 513/513/513 505/505/505 511/511/511
f 514/514/514 522/522/522 515/515/515
f 514/514/514 521/521/521 522/522/522
f 528/528/528 514/514/514 515/515/515
f 529/529/529 522/522/522 521/521/521
f 515/515/515 523/523/523 516/516/516
f 515/515/515 522/522/522 523/523/523
f 528/528/528 515/515/515 516/516/516
f 529/529/529 523/523/523 522/522/522
f 516/516/516 524/524/524 517/517/517
f 516/516/516 523/523/523 524/524/524
f 528/528/528 516/516/516 517/517/517
f 529/529/529 524/524/524 523/523/523
f 517/517/517 525/525/525 518/518/518
f 517/517/517 524/524/524 525/525/525
f 528/528/528 517/517/517 518/518/518
f 529/529/529 525/525/525 524/524/524
f 518/518/518 526/526/526 519/519/519
f 518/518/518 525/525/525 526/526/526
f 528/528/528 518/518/518 519/519/519
f 529/529/529 526/526/526 525/525/525
f 519/519/519 527/527/527 520/520/520
f 519/519/519 526/526/526 527/527/527
f 528/528/528 519/519/519 520/520/520
f 529/529/529 527/527/527 526/526/526
f 520/520/520 521/521/521 514/514/514
f 520/520/520 527/527/527 521/521/521
f 528/528/528 520/520/520 514/514/514
f 529/529/529 521/521/521 527/527/527
f 530/530/530 542/542/542 541/541/541
f 530/530/530 531/531/531 542/542/542
f 531/531/531 543/543/543 542/542/542
f 531/531/531 532/532/532 543/543/543
f 532/532/532 544/544/544 543/543/543
f 532/532/532 533/533/533 544/544/544
f 533/533/533 545/545/545 544/544/544
f 533/533/533 534/534/534 545/545/545
f 534/534/534 546/546/546 545/545/545
f 534/534/534 535/535/535 546/546/546
f 535/535/535 547/547/547 546/546/546
f 535/535/535 536/536/536 547/547/547
f 536/536/536 548/548/548 547/547/547
f 536/536/536 537/537/537 548/548/548
f 537/537/537 549/549/549 548/548/548
f 537/537/537 538/538/538 549/549/549
f 538/538/538 550/550/550 549/549/549
f 538/538/538 539/539/539 550/550/550
f 539/539/539 551/551/551 550/550/550
f 539/539/539 540/540/540 551/551/551
f 541/541/541 553/553/553 552/552/552
f 541/541/541 542/542/542 553/553/553
f 542/542/542 554/554/554 553/553/553
f 542/542/542 543/543/543 554/554/554
f 543/543/543 555/555/555 554/554/554
f 543/543/543 544/544/544 555/555/555
f 544/544/544 556/556/556 555/555/555
f 544/544/544 545/545/545 556/556/556
f 545/545/545 557/557/557 556/556/556
f 545/545/545 546/546/546 557/557/557
f 546/546/546 558/558/558 557/557/557
f 546/546/546 547/547/547 558/558/558
f 547/547/547 559/559/559 558/558/558
f 547/547/547 548/548/548 559/559/559
f 548/548/548 560/560/560 559/559/559
f 548/548/548 549/549/549 560/560/560
f 549/549/549 561/561/561 560/560/560
f 549/549/549 550/550/550 561/561/561
f 550/550/550 562/562/562 561/561/561
f 550/550/550 551/551/551 562/562/562
f 552/552/552 564/564/564 563/563/563
f 552/552/552 553/553/553 564/564/564
f 553/553/553 565/565/565 564/564/564
f 553/553/553 554/554/554 565/565/565
f 554/554/554 566/566/566 565/565/565
f 554/554/554 555/555/555 566/566/566
f 555/555/555 567/567/567 566/566/566
f 555/555/555 556/556/556 567/567/567
f 556/556/556 568/568/568 567/567/567
f 556/556/556 557/557/557 568/568/568
f 557/557/557 569/569/569 568/568/568
f 557/557/557 558/558/558 569/569/569
f 558/558/558 570/570/570 569/569/569
f 558/558/558 559/559/559 570/570/570
f 559/559/559 571/571/571 570/570/570
f 559/559/559 560/560/560 571/571/571
f 560/560/560 572/572/572 571/571/571
f 560/560/560 561/561/561 572/572/572
f 561/561/561 573/573/573 572/572/572
f 561/561/561 562/562/562 573/573/573
f 563/563/563 575/575/575 574/574/574
f 563/563/563 564/564/564 575/575/575
f 564/564/564 576/576/576 575/575/575
f 564/564/564 565/565/565 576/576/576
f 565/565/565 577/577/577 576/576/576
f 565/565/565 566/566/566 577/577/577
f 566/566/566 578/578/578 577/577/577
f 566/566/566 567/567/567 578/578/578
f 567/567/567 579/579/579 578/578/578
f 567/567/567 568/568/568 579/579/579
f 568/568/568 580/580/580 579/579/579
f 568/568/568 569/569/569 580/580/580
f 569/569/569 581/581/581 580/580/580
f 569/569/569 570/570/570 581/581/581
f 570/570/570 582/582/582 581/581/581
f 570/570/570 571/571/571 582/582/582
f 571/571/571 583/583/583 582/582/582
f 571/571/571 572/572/572 583/583/583
f 572/572/572 584/584/584 583/583/583
f 572/572/572 573/573/573 584/584/584
f 574/574/574 586/586/586 585/585/585
f 574/574/574 575/575/575 586/586/586
f 575/575/575 587/587/587 586/586/586
f 575/575/575 576/576/576 587/587/587
f 576/576/576 588/588/588 587/587/587
f 576/576/576 577/577/577 588/588/588
f 577/577/577 589/589/589 588/588/588
f 577/577/577 578/578/578 589/589/589
f 578/578/578 590/590/590 589/589/589
f 578/578/578 579/579/579 590/590/590
f 579/579/579 591/591/591 590/590/590
f 579/579/579 580/580/580 591/591/591
f 580/580/580 592/592/592 591/591/591
f 580/580/580 581/581/581 592/592/592
f 581/581/581 593/593/593 592/592/592
f 581/581/581 582/582/582 593/593/593
f 582/582/582 594/594/594 593/593/593
f 582/582/582 583/583/583 594/594/594
f 583/583/583 595/595/595 594/594/594
f 583/583/583 584/584/584 595/595/595
f 585/585/585 597/597/597 596/596/596
f 585/585/585 586/586/586 597/597/597
f 586/586/586 598/598/598 597/597/597
f 586/586/586 587/587/587 598/598/598
f 587/587/587 599/599/599 598/598/598
f 587/587/587 588/588/588 599/599/599
f 588/588/588 600/600/600 599/599/599
f 588/588/588 589/589/589 600/600/600
f 589/589/589 601/601/601 600/600/600
f 589/589/589 590/590/590 601/601/601
f 590/590/590 602/602/602 601/601/601
f 590/590/590 591/591/591 602/602/602
f 591/591/591 603/603/603 602/602/602
f 591/591/591 592/592/592 603/603/603
f 592/592/592 604/604/604 603/603/603
f 592/592/592 593/593/593 604/604/604
f 593/593/593 605/605/605 604/604/604
f 593/593/593 594/594/594 605/605/605
f 594/594/594 606/606/606 605/605/605
f 594/594/594 595/595/595 606/606/606
f 596/596/596 608/608/608 607/607/607
f 596/596/596 597/597/597 608/608/608
f 597/597/597 609/609/609 608/608/608
f 597/597/597 598/598/598 609/609/609
f 598/598/598 610/610/610 609/609/609
f 598/598/598 599/599/599 610/610/610
f 599/599/599 611/611/611 610/610/610
f 599/599/599 600/600/600 611/611/611
f 600/600/600 612/612/612 611/611/611
f 600/600/600 601/601/601 612/612/612
f 601/601/601 613/613/613 612/612/612
f 601/601/601 602/602/602 613/613/613
f 602/602/602 614/614/614 613/613/613
f 602/602/602 603/603/603 614/614/614
f 603/603/603 615/615/615 614/614/614
f 603/603/603 604/604/604 615/615/615
f 604/604/604 616/616/616 615/615/615
f 604/604/604 605/605/605 616/616/616
f 605/605/605 617/617/617 616/616/616
f 605/605/605 606/606/606 617/617/617
f 607/607/607 619/619/619 618/618/618
f 607/607/607 608/608/608 619/619/619
f 608/608/608 620/620/620 619/619/619
f 608/608/608 609/609/609 620/620/620
f 609/609/609 621/621/621 620/620/620
f 609/609/609 610/610/610 621/621/621
f 610/610/610 622/622/622 621/621/621
f 610/610/610 611/611/611 622/622/622
f 611/611/611 623/623/623 622/622/622
f 611/611/611 612/612/612 623/623/623
f 612/612/612 624/624/624 623/623/623
f 612/612/612 613/613/613 624/624/624
f 613/613/613 625/625/625 624/624/624
f 613/613/613 614/614/614 625/625/625
f 614/614/614 626/626/626 625/625/625
f 614/614/614 615/615/615 626/626/626
f 615/615/615 627/627/627 626/626/626
f 615/615/615 616/616/616 627/627/627
f 616/616/616 628/628/628 627/627/627
f 616/616/616 617/617/617 628/628/628
f 629/629/629 637/637/637 633/633/633
f 629/629/629 633/633/633 643/643/643
f 629/629/629 643/643/643 641/641/641
f 629/629/629 645/645/645 631/631/631
f 629/629/629 631/631/631 639/639/639
f 629/629/629 639/639/639 637/637/637
f 629/629/629 641/641/641 630/630/630
f 629/629/629 630/630/630 646/646/646
f 629/629/629 646/646/646 645/645/645
f 637/637/637 639/639/639 635/635/635
f 637/637/637 635/635/635 647/647/647
f 637/637/637 647/647/647 633/633/633
f 631/631/631 642/642/642 632/632/632
f 631/631/631 632/632/632 640/640/640
f 631/631/631 640/640/640 639/639/639
f 631/631/631 645/645/645 646/646/646
f 631/631/631 646/646/646 632/632/632
f 631/631/631 632/632/632 642/642/642
f 633/633/633 647/647/647 648/648/648
f 633/633/633 648/648/648 634/634/634
f 633/633/633 634/634/634 643/643/643
f 635/635/635 644/644/644 636/636/636
f 635/635/635 636/636/636 648/648/648
f 635/635/635 648/648/648 647/647/647
f 635/635/635 639/639/639 640/640/640
f 635/635/635 640/640/640 636/636/636
f 635/635/635 636/636/636 644/644/644
f 630/630/630 638/638/638 634/634/634
f 630/630/630 634/634/634 643/643/643
f 630/630/630 643/643/643 641/641/641
f 630/630/630 646/646/646 632/632/632
f 630/630/630 632/632/632 640/640/640
f 630/630/630 640/640/640 638/638/638
f 634/634/634 648/648/648 636/636/636
f 634/634/634 636/636/636 644/644/644
f 634/634/634 644/644/644 638/638/638
f 649/649/649 657/657/657 650/650/650
f 649/649/649 656/656/656 657/657/657
f 663/663/663 649/649/649 650/650/650
f 664/664/664 657/657/657 656/656/656
f 650/650/650 658/658/658 651/651/651
f 650/650/650 657/657/657 658/658/658
f 663/663/663 650/650/650 651/651/651
f 664/664/664 658/658/658 657/657/657
f 651/651/651 659/659/659 652/652/652
f 651/651/651 658/658/658 659/659/659
f 663/663/663 651/651/651 652/652/652
f 664/664/664 659/659/659 658/658/658
f 652/652/652 660/660/660 653/653/653
f 652/652/652 659/659/659 660/660/660
f 663/663/663 652/652/652 653/653/653
f 664/664/664 660/660/660 659/659/659
f 653/653/653 661/661/661 654/654/654
f 653/653/653 660/660/660 661/661/661
f 663/663/663 653/653/653 654/654/654
f 664/664/664 661/661/661 660/660/660
f 654/654/654 662/662/662 655/655/655
f 654/654/654 661/661/661 662/662/662
f 663/663/663 654/654/654 655/655/655
f 664/664/664 662/662/662 661/661/661
f 655/655/655 656/656/656 649/649/649
f 655/655/655 662/662/662 656/656/656
f 663/663/663 655/655/655 649/649/649
f 664/664/664 656/656/656 662/662/662
f 665/665/665 673/673/673 666/666/666
f 665/665/665 672/672/672 673/673/673
f 679/679/679 665/665/665 666/666/666
f 680/680/680 673/673/673 672/672/672
f 666/666/666 674/674/674 667/667/667
f 666/666/666 673/673/673 674/674/674
f 679/679/679 666/666/666 667/667/667
f 680/680/680 674/674/674 673/673/673
f 667/667/667 675/675/675 668/668/668
f 667/667/667 674/674/674 675/675/675
f 679/679/679 667/667/667 668/668/668
f 680/680/680 675/675/675 674/674/674
f 668/668/668 676/676/676 669/669/669
f 668/668/668 675/675/675 676/676/676
f 679/679/679 668/668/668 669/669/669
f 680/680/680 676/676/676 675/675/675
f 669/669/669 677/677/677 670/670/670
f 669/669/669 676/676/676 677/677/677
f 679/679/679 669/669/669 670/670/670
f 680/680/680 677/677/677 676/676/676
f 670/670/670 678/678/678 671/671/671
f 670/670/670 677/677/677 678/678/678
f 679/679/679 670/670/670 671/671/671
f 680/680/680 678/678/678 677/677/677
f 671/671/671 672/672/672 665/665/665
f 671/671/671 678/678/678 672/672/672
f 679/679/679 671/671/671 665/665/665
f 680/680/680 672/672/672 678/678/678
f 681/681/681 693/693/693 692/692/692
f 681/681/681 682/682/682 693/693/693
f 682/682/682 694/694/694 693/693/693
f 682/682/682 683/683/683 694/694/694
f 683/683/683 695/695/695 694/694/694
f 683/683/683 684/684/684 695/695/695
f 684/684/684 696/696/696 695/695/695
f 684/684/684 685/685/685 696/696/696
f 685/685/685 697/697/697 696/696/696
f 685/685/685 686/686/686 697/697/697
f 686/686/686 698/698/698 697/697/697
f 686/686/686 687/687/687 698/698/698
f 687/687/687 699/699/699 698/698/698
f 687/687/687 688/688/688 699/699/699
f 688/688/688 700/700/700 699/699/699
f 688/688/688 689/689/689 700/700/700
f 689/689/689 701/701/701 700/700/700
f 689/689/689 690/690/690 701/701/701
f 690/690/690 702/702/702 701/701/701
f 690/690/690 691/691/691 702/702/702
f 692/692/692 704/704/704 703/703/703
f 692/692/692 693/693/693 704/704/704
f 693/693/693 705/705/705 704/704/704
f 693/693/693 694/694/694 705/705/705
f 694/694/694 706/706/706 705/705/705
f 694/694/694 695/695/695 706/706/706
f 695/695/695 707/707/707 706/706/706
f 695/695/695 696/696/696 707/707/707
f 696/696/696 708/708/708 707/707/707
f 696/696/696 697/697/697 708/708/708
f 697/697/697 709/709/709 708/708/708
f 697/697/697 698/698/698 709/709/709
f 698/698/698 710/710/710 709/709/709
f 698/698/698 699/699/699 710/710/710
f 699/699/699 711/711/711 710/710/710
f 699/699/699 700/700/700 711/711/711
f 700/700/700 712/712/712 711/711/711
f 700/700/700 701/701/701 712/712/712
f 701/701/701 713/713/713 712/712/712
f 701/701/701 702/702/702 713/713/713
f 703/703/703 715/715/715 714/714/714
f 703/703/703 704/704/704 715/715/715
f 704/704/704 716/716/716 715/715/715
f 704/704/704 705/705/705 716/716/716
f 705/705/705 717/717/717 716/716/716
f 705/705/705 706/706/706 717/717/717
f 706/706/706 718/718/718 717/717/717
f 706/706/706 707/707/707 718/718/718
f 707/707/707 719/719/719 718/718/718
f 707/707/707 708/708/708 719/719/719
f 708/708/708 720/720/720 719/719/719
f 708/708/708 709/709/709 720/720/720
f 709/709/709 721/721/721 720/720/720
f 709/709/709 710/710/710 721/721/721
f 710/710/710 722/722/722 721/721/721
f 710/710/710 711/711/711 722/722/722
f 711/711/711 723/723/723 722/722/722
f 711/711/711 712/712/712 723/723/723
f 712/712/712 724/724/724 723/723/723
f 712/712/712 713/713/713 724/724/724
f 714/714/714 726/726/726 725/725/725
f 714/714/714 715/715/715 726/726/726
f 715/715/715 727/727/727 726/726/726
f 715/715/715 716/716/716 727/727/727
f 716/716/716 728/728/728 727/727/727
f 716/716/716 717/717/717 728/728/728
f 717/717/717 729/729/729 728/728/728
f 717/717/717 718/718/718 729/729/729
f 718/718/718 730/730/730 729/729/729
f 718/718/718 719/719/719 730/730/730
f 719/719/719 731/731/731 730/730/730
f 719/719/719 720/720/720 731/731/731
f 720/720/720 732/732/732 731/731/731
f 720/720/720 721/721/721 732/732/732
f 721/721/721 733/733/733 732/732/732
f 721/721/721 722/722/722 733/733/733
f 722/722/722 734/734/734 733/733/733
f 722/722/722 723/723/723 734/734/734
f 723/723/723 735/735/735 734/734/734
f 723/723/723 724/724/724 735/735/735
f 725/725/725 737/737/737 736/736/736
f 725/725/725 726/726/726 737/737/737
f 726/726/726 738/738/738 737/737/737
f 726/726/726 727/727/727 738/738/738
f 727/727/727 739/739/739 738/738/738
f 727/727/727 728/728/728 739/739/739
f 728/728/728 740/740/740 739/739/739
f 728/728/728 729/729/729 740/740/740
f 729/729/729 741/741/741 740/740/740
f 729/729/729 730/730/730 741/741/741
f 730/730/730 742/742/742 741/741/741
f 730/730/730 731/731/731 742/742/742
f 731/731/731 743/743/743 742/742/742
f 731/731/731 732/732/732 743/743/743
f 732/732/732 744/744/744 743/743/743
f 732/732/732 733/733/733 744/744/744
f 733/733/733 745/745/745 744/744/744
f 733/733/733 734/734/734 745/745/745
f 734/734/734 746/746/746 745/745/745
f 734/734/734 735/735/735 746/746/746
f 736/736/736 748/748/748 747/747/747
f 736/736/736 737/737/737 748/748/748
f 737/737/737 749/749/749 748/748/748
f 737/737/737 738/738/738 749/749/749
f 738/738/738 750/750/750 749/749/749
f 738/738/738 739/739/739 750/750/750
f 739/739/739 751/751/751 750/750/750
f 739/739/739 740/740/740 751/751/751
f 740/740/740 752/752/752 751/751/751
f 740/740/740 741/741/741 752/752/752
f 741/741/741 753/753/753 752/752/752
f 741/741/741 742/742/742 753/753/753
f 742/742/742 754/754/754 753/753/753
f 742/742/742 743/743/743 754/754/754
f 743/743/743 755/755/755 754/754/754
f 743/743/743 744/744/744 755/755/755
f 744/744/744 756/756/756 755/755/755
f 744/744/744 745/745/745 756/756/756
f 745/745/745 757/757/757 756/756/756
f 745/745/745 746/746/746 757/757/757
f 747/747/747 759/759/759 758/758/758
f 747/747/747 748/748/748 759/759/759
f 748/748/748 760/760/760 759/759/759
f 748/748/748 749/749/749 760/760/760
f 749/749/749 761/761/761 760/760/760
f 749/749/749 750/750/750 761/761/761
f 750/750/750 762/762/762 761/761/761
f 750/750/750 751/751/751 762/762/762
f 751/751/751 763/763/763 762/762/762
f 751/751/751 752/752/752 763/763/763
f 752/752/752 764/764/764 763/763/763
f 752/752/752 753/753/753 764/764/764
f 753/753/753 765/765/765 764/764/764
f 753/753/753 754/754/754 765/765/765
f 754/754/754 766/766/766 765/765/765
f 754/754/754 755/755/755 766/766/766
f 755/755/755 767/767/767 766/766/766
f 755/755/755 756/756/756 767/767/767
f 756/756/756 768/768/768 767/767/767
f 756/756/756 757/757/757 768/768/768
f 758/758/758 770/770/770 769/769/769
f 758/758/758 759/759/759 770/770/770
f 759/759/759 771/771/771 770/770/770
f 759/759/759 760/760/760 771/771/771
f 760/760/760 772/772/772 771/771/771
f 760/760/760 761/761/761 772/772/772
f 761/761/761 773/773/773 772/772/772
f 761/761/761 762/762/762 773/773/773
f 762/762/762 774/774/774 773/773/773
f 762/762/762 763/763/763 774/774/774
f 763/763/763 775/775/775 774/774/774
f 763/763/763 764/764/764 775/775/775
f 764/764/764 776/776/776 775/775/775
f 764/764/764 765/765/765 776/776/776
f 765/765/765 777/777/777 776/776/776
f 765/765/765 766/766/766 777/777/777
f 766/766/766 778/778/778 777/777/777
f 766/766/766 767/767/767 778/778/778
f 767/767/767 779/779/779 778/778/778
f 767/767/767 768/768/768 779/779/779
f 780/780/780 788/788/788 784/784/784
f 780/780/780 784/784/784 794/794/794
f 780/780/780 794/794/794 792/792/792
f 780/780/780 796/796/796 782/782/782
f 780/780/780 782/782/782 790/790/790
f 780/780/780 790/790/790 788/788/788
f 780/780/780 792/792/792 781/781/781
f 780/780/780 781/781/781 797/797/797
f 780/780/780 797/797/797 796/796/796
f 788/788/788 790/790/790 786/786/786
f 788/788/788 786/786/786 798/798/798
f 788/788/788 798/798/798 784/784/784
f 782/782/782 793/793/793 783/783/783
f 782/782/782 783/783/783 791/791/791
f 782/782/782 791/791/791 790/790/790
f 782/782/782 796/796/796 797/797/797
f 782/782/782 797/797/797 783/783/783
f 782/782/782 783/783/783 793/793/793
f 784/784/784 798/798/798 799/799/799
f 784/784/784 799/799/799 785/785/785
f 784/784/784 785/785/785 794/794/794
f 786/786/786 795/795/795 787/787/787
f 786/786/786 787/787/787 799/799/799
f 786/786/786 799/799/799 798/798/798
f 786/786/786 790/790/790 791/791/791
f 786/786/786 791/791/791 787/787/787
f 786/786/786 787/787/787 795/795/795
f 781/781/781 789/789/789 785/785/785
f 781/781/781 785/785/785 794/794/794
f 781/781/781 794/794/794 792/792/792
f 781/781/781 797/797/797 783/783/783
f 781/781/781 783/783/783 791/791/791
f 781/781/781 791/791/791 789/789/789
f 785/785/785 799/799/799 787/787/787
f 785/785/785 787/787/787 795/795/795
f 785/785/785 795/795/795 789/789/789
f 800/800/800 808/808/808 801/801/801
f 800/800/800 807/807/807 808/808/808
f 814/814/814 800/800/800 801/801/801
f 815/815/815 808/808/808 807/807/807
f 801/801/801 809/809/809 802/802/802
f 801/801/801 808/808/808 809/809/809
f 814/814/814 801/801/801 802/802/802
f 815/815/815 809/809/809 808/808/808
f 802/802/802 810/810/810 803/803/803
f 802/802/802 809/809/809 810/810/810
f 814/814/814 802/802/802 803/803/803
f 815/815/815 810/810/810 809/809/809
f 803/803/803 811/811/811 804/804/804
f 803/803/803 810/810/810 811/811/811
f 814/814/814 803/803/803 804/804/804
f 815/815/815 811/811/811 810/810/810
f 804/804/804 812/812/812 805/805/805
f 804/804/804 811/811/811 812/812/812
f 814/814/814 804/804/804 805/805/805
f 815/815/815 812/812/812 811/811/811
f 805/805/805 813/813/813 806/806/806
f 805/805/805 812/812/812 813/813/813
f 814/814/814 805/805/805 806/806/806
f 815/815/815 813/813/813 812/812/812
f 806/806/806 807/807/807 800/800/800
f 806/806/806 813/813/813 807/807/807
f 814/814/814 806/806/806 800/800/800
f 815/815/815 807/807/807 813/813/813
f 816/816/816 824/824/824 817/817/817
f 816/816/816 823/823/823 824/824/824
f 830/830/830 816/816/816 817/817/817
f 831/831/831 824/824/824 823/823/823
f 817/817/817 825/825/825 818/818/818
f 817/817/817 824/824/824 825/825/825
f 830/830/830 817/817/817 818/818/818
f 831/831/831 825/825/825 824/824/824
f 818/818/818 826/826/826 819/819/819
f 818/818/818 825/825/825 826/826/826
f 830/830/830 818/818/818 819/819/819
f 831/831/831 826/826/826 825/825/825
f 819/819/819 827/827/827 820/820/820
f 819/819/819 826/826/826 827/827/827
f 830/830/830 819/819/819 820/820/820
f 831/831/831 827/827/827 826/826/826
f 820/820/820 828/828/828 821/821/821
f 820/820/820 827/827/827 828/828/828
f 830/830/830 820/820/820 821/821/821
f 831/831/831 828/828/828 827/827/827
f 821/821/821 829/829/829 822/822/822
f 821/821/821 828/828/828 829/829/829
f 830/830/830 821/821/821 822/822/822
f 831/831/831 829/829/829 828/828/828
f 822/822/822 823/823/823 816/816/816
f 822/822/822 829/829/829 823/823/823
f 830/830/830 822/822/822 816/816/816
f 831/831/831 823/823/823 829/829/829
f 832/832/832 844/844/844 843/843/843
f 832/832/832 833/833/833 844/844/844
f 833/833/833 845/845/845 844/844/844
f 833/833/833 834/834/834 845/845/845
f 834/834/834 846/846/846 845/845/845
f 834/834/834 835/835/835 846/846/846
f 835/835/835 847/847/847 846/846/846
f 835/835/835 836/836/836 847/847/847
f 836/836/836 848/848/848 847/847/847
f 836/836/836 837/837/837 848/848/848
f 837/837/837 849/849/849 848/848/848
f 837/837/837 838/838/838 849/849/849
f 838/838/838 850/850/850 849/849/849
f 838/838/838 839/839/839 850/850/850
f 839/839/839 851/851/851 850/850/850
f 839/839/839 840/840/840 851/851/851
f 840/840/840 852/852/852 851/851/851
f 840/840/840 841/841/841 852/852/852
f 841/841/841 853/853/853 852/852/852
f 841/841/841 842/842/842 853/853/853
f 843/843/843 855/855/855 854/854/854
f 843/843/843 844/844/844 855/855/855
f 844/844/844 856/856/856 855/855/855
f 844/844/844 845/845/845 856/856/856
f 845/845/845 857/857/857 856/856/856
f 845/845/845 846/846/846 857/857/857
f 846/846/846 858/858/858 857/857/857
f 846/846/846 847/847/847 858/858/858
f 847/847/847 859/859/859 858/858/858
f 847/847/847 848/848/848 859/859/859
f 848/848/848 860/860/860 859/859/859
f 848/848/848 849/849/849 860/860/860
f 849/849/849 861/861/861 860/860/860
f 849/849/849 850/850/850 861/861/861
f 850/850/850 862/862/862 861/861/861
f 850/850/850 851/851/851 862/862/862
f 851/851/851 863/863/863 862/862/862
f 851/851/851 852/852/852 863/863/863
f 852/852/852 864/864/864 863/863/863
f 852/852/852 853/853/853 864/864/864
f 854/854/854 866/866/866 865/865/865
f 854/854/854 855/855/855 866/866/866
f 855/855/855 867/867/867 866/866/866
f 855/855/855 856/856/856 867/867/867
f 856/856/856 868/868/868 867/867/867
f 856/856/856 857/857/857 868/868/868
f 857/857/857 869/869/869 868/868/868
f 857/857/857 858/858/858 869/869/869
f 858/858/858 870/870/870 869/869/869
f 858/858/858 859/859/859 870/870/870
f 859/859/859 871/871/871 870/870/870
f 859/859/859 860/860/860 871/871/871
f 860/860/860 872/872/872 871/871/871
f 860/860/860 861/861/861 872/872/872
f 861/861/861 873/873/873 872/872/872
f 861/861/861 862/862/862 873/873/873
f 862/862/862 874/874/874 873/873/873
f 862/862/862 863/863/863 874/874/874
f 863/863/863 875/875/875 874/874/874
f 863/863/863 864/864/864 875/875/875
f 865/865/865 877/877/877 876/876/876
f 865/865/865 866/866/866 877/877/877
f 866/866/866 878/878/878 877/877/877
f 866/866/866 867/867/867 878/878/878
f 867/867/867 879/879/879 878/878/878
f 867/867/867 868/868/868 879/879/879
f 868/868/868 880/880/880 879/879/879
f 868/868/868 869/869/869 880/880/880
f 869/869/869 881/881/881 880/880/880
f 869/869/869 870/870/870 881/881/881
f 870/870/870 882/882/882 881/881/881
f 870/870/870 871/871/871 882/882/882
f 871/871/871 883/883/883 882/882/882
f 871/871/871 872/872/872 883/883/883
f 872/872/872 884/884/884 883/883/883
f 872/872/872 873/873/873 884/884/884
f 873/873/873 885/885/885 884/884/884
f 873/873/873 874/874/874 885/885/885
f 874/874/874 886/886/886 885/885/885
f 874/874/874 875/875/875 886/886/886
f 876/876/876 888/888/888 887/887/887
f 876/876/876 877/877/877 888/888/888
f 877/877/877 889/889/889 888/888/888
f 877/877/877 878/878/878 889/889/889
f 878/878/878 890/890/890 889/889/889
f 878/878/878 879/879/879 890/890/890
f 879/879/879 891/891/891 890/890/890
f 879/879/879 880/880/880 891/891/891
f 880/880/880 892/892/892 891/891/891
f 880/880/880 881/881/881 892/892/892
f 881/881/881 893/893/893 892/892/892
f 881/881/881 882/882/882 893/893/893
f 882/882/882 894/894/894 893/893/893
f 882/882/882 883/883/883 894/894/894
f 883/883/883 895/895/895 894/894/894
f 883/883/883 884/884/884 895/895/895
f 884/884/884 896/896/896 895/895/895
f 884/884/884 885/885/885 896/896/896
f 885/885/885 897/897/897 896/896/896
f 885/885/885 886/886/886 897/897/897
f 887/887/887 899/899/899 898/898/898
f 887/887/887 888/888/888 899/899/899
f 888/888/888 900/900/900 899/899/899
f 888/888/888 889/889/889 900/900/900
f 889/889/889 901/901/901 900/900/900
f 889/889/889 890/890/890 901/901/901
f 890/890/890 902/902/902 901/901/901
f 890/890/890 891/891/891 902/902/902
f 891/891/891 903/903/903 902/902/902
f 891/891/891 892/892/892 903/903/903
f 892/892/892 904/904/904 903/903/903
f 892/892/892 893/893/893 904/904/904
f 893/893/893 905/905/905 904/904/904
f 893/893/893 894/894/894 905/905/905
f 894/894/894 906/906/906 905/905/905
f 894/894/894 895/895/895 906/906/906
f 895/895/895 907/907/907 906/906/906
f 895/895/895 896/896/896 907/907/907
f 896/896/896 908/908/908 907/907/907
f 896/896/896 897/897/897 908/908/908
f 898/898/898 910/910/910 909/909/909
f 898/898/898 899/899/899 910/910/910
f 899/899/899 911/911/911 910/910/910
f 899/899/899 900/900/900 911/911/911
f 900/900/900 912/912/912 911/911/911
f 900/900/900 901/901/901 912/912/912
f 901/901/901 913/913/913 912/912/912
f 901/901/901 902/902/902 913/913/913
f 902/902/902 914/914/914 913/913/913
f 902/902/902 903/903/903 914/914/914
f 903/903/903 915/915/915 914/914/914
f 903/903/903 904/904/904 915/915/915
f 904/904/904 916/916/916 915/915/915
f 904/904/904 905/905/905 916/916/916
f 905/905/905 917/917/917 916/916/916
f 905/905/905 906/906/906 917/917/917
f 906/906/906 918/918/918 917/917/917
f 906/906/906 907/907/907 918/918/918
f 907/907/907 919/919/919 918/918/918
f 907/907/907 908/908/908 919/919/919
f 909/909/909 921/921/921 920/920/920
f 909/909/909 910/910/910 921/921/921
f 910/910/910 922/922/922 921/921/921
f 910/910/910 911/911/911 922/922/922
f 911/911/911 923/923/923 922/922/922
f 911/911/911 912/912/912 923/923/923
f 912/912/912 924/924/924 923/923/923
f 912/912/912 913/913/913 924/924/924
f 913/913/913 925/925/925 924/924/924
f 913/913/913 914/914/914 925/925/925
f 914/914/914 926/926/926 925/925/925
f 914/914/914 915/915/915 926/926/926
f 915/915/915 927/927/927 926/926/926
f 915/915/915 916/916/916 927/927/927
f 916/916/916 928/928/928 927/927/927
f 916/916/916 917/917/917 928/928/928
f 917/917/917 929/929/929 928/928/928
f 917/917/917 918/918/918 929/929/929
f 918/918/918 930/930/930 929/929/929
f 918/918/918 919/919/919 930/930/930
f 931/931/931 939/939/939 935/935/935
f 931/931/931 935/935/935 945/945/945
f 931/931/931 945/945/945 943/943/943
f 931/931/931 947/947/947 933/933/933
f 931/931/931 933/933/933 941/941/941
f 931/931/931 941/941/941 939/939/939
f 931/931/931 943/943/943 932/932/932
f 931/931/931 932/932/932 948/948/948
f 931/931/931 948/948/948 947/947/947
f 939/939/939 941/941/941 937/937/937
f 939/939/939 937/937/937 949/949/949
f 939/939/939 949/949/949 935/935/935
f 933/933/933 944/944/944 934/934/934
f 933/933/933 934/934/934 942/942/942
f 933/933/933 942/942/942 941/941/941
f 933/933/933 947/947/947 948/948/948
f 933/933/933 948/948/948 934/934/934
f 933/933/933 934/934/934 944/944/944
f 935/935/935 949/949/949 950/950/950
f 935/935/935 950/950/950 936/936/936
f 935/935/935 936/936/936 945/945/945
f 937/937/937 946/946/946 938/938/938
f 937/937/937 938/938/938 950/950/950
f 937/937/937 950/950/950 949/949/949
f 937/937/937 941/941/941 942/942/942
f 937/937/937 942/942/942 938/938/938
f 937/937/937 938/938/938 946/946/946
f 932/932/932 940/940/940 936/936/936
f 932/932/932 936/936/936 945/945/945
f 932/932/932 945/945/945 943/943/943
f 932/932/932 948/948/948 934/934/934
f 932/932/932 934/934/934 942/942/942
f 932/932/932 942/942/942 940/940/940
f 936/936/936 950/950/950 938/938/938
f 936/936/936 938/938/938 946/946/946
f 936/936/936 946/946/946 940/940/940
f 951/951/951 959/959/959 952/952/952
f 951/951/951 958/958/958 959/959/959
f 965/965/965 951/951/951 952/952/952
f 966/966/966 959/959/959 958/958/958
f 952/952/952 960/960/960 953/953/953
f 952/952/952 959/959/959 960/960/960
f 965/965/965 952/952/952 953/953/953
f 966/966/966 960/960/960 959/959/959
f 953/953/953 961/961/961 954/954/954
f 953/953/953 960/960/960 961/961/961
f 965/965/965 953/953/953 954/954/954
f 966/966/966 961/961/961 960/960/960
f 954/954/954 962/962/962 955/955/955
f 954/954/954 961/961/961 962/962/962
f 965/965/965 954/954/954 955/955/955
f 966/966/966 962/962/962 961/961/961
f 955/955/955 963/963/963 956/956/956
f 955/955/955 962/962/962 963/963/963
f 965/965/965 955/955/955 956/956/956
f 966/966/966 963/963/963 962/962/962
f 956/956/956 964/964/964 957/957/957
f 956/956/956 963/963/963 964/964/964
f 965/965/965 956/956/956 957/957/957
f 966/966/966 964/964/964 963/963/963
f 957/957/957 958/958/958 951/951/951
f 957/957/957 964/964/964 958/958/958
f 965/965/965 957/957/957 951/951/951
f 966/966/966 958/958/958 964/964/964
f 967/967/967 975/975/975 968/968/968
f 967/967/967 974/974/974 975/975/975
f 981/981/981 967/967/967 968/968/968
f 982/982/982 975/975/975 974/974/974
f 968/968/968 976/976/976 969/969/969
f 968/968/968 975/975/975 976/976/976
f 981/981/981 968/968/968 969/969/969
f 982/982/982 976/976/976 975/975/975
f 969/969/969 977/977/977 970/970/970
f 969/969/969 976/976/976 977/977/977
f 981/981/981 969/969/969 970/970/970
f 982/982/982 977/977/977 976/976/976
f 970/970/970 978/978/978 971/971/971
f 970/970/970 977/977/977 978/978/978
f 981/981/981 970/970/970 971/971/971
f 982/982/982 978/978/978 977/977/977
f 971/971/971 979/979/979 972/972/972
f 971/971/971 978/978/978 979/979/979
f 981/981/981 971/971/971 972/972/972
f 982/982/982 979/979/979 978/978/978
f 972/972/972 980/980/980 973/973/973
f 972/972/972 979/979/979 980/980/980
f 981/981/981 972/972/972 973/973/973
f 982/982/982 980/980/980 979/979/979
f 973/973/973 974/974/974 967/967/967
f 973/973/973 980/980/980 974/974/974
f 981/981/981 973/973/973 967/967/967
f 982/982/982 974/974/974 980/980/980
f 983/983/983 995/995/995 994/994/994
f 983/983/983 984/984/984 995/995/995
f 984/984/984 996/996/996 995/995/995
f 984/984/984 985/985/985 996/996/996
f 985/985/985 997/997/997 996/996/996
f 985/985/985 986/986/986 997/997/997
f 986/986/986 998/998/998 997/997/997
f 986/986/986 987/987/987 998/998/998
f 987/987/987 999/999/999 998/998/998
f 987/987/987 988/988/988 999/999/999
f 988/988/988 1000/1000/1000 999/999/999
f 988/988/988 989/989/989 1000/1000/1000
f 989/989/989 1001/1001/1001 1000/1000/1000
f 989/989/989 990/990/990 1001/1001/1001
f 990/990/990 1002/1002/1002 1001/1001/1001
f 990/990/990 991/991/991 1002/1002/1002
f 991/991/991 1003/1003/1003 1002/1002/1002
f 991/991/991 992/992/992 1003/1003/1003
f 992/992/992 1004/1004/1004 1003/1003/1003
f 992/992/992 993/993/993 1004/1004/1004
f 994/994/994 1006/1006/1006 1005/1005/1005
f 994/994/994 995/995/995 1006/1006/1006
f 995/995/995 1007/1007/1007 1006/1006/1006
f 995/995/995 996/996/996 1007/1007/1007
f 996/996/996 1008/1008/1008 1007/1007/1007
f 996/996/996 997/997/997 1008/1008/1008
f 997/997/997 1009/1009/1009 1008/1008/1008
f 997/997/997 998/998/998 1009/1009/1009
f 998/998/998 1010/1010/1010 1009/1009/1009
f 998/998/998 999/999/999 1010/1010/1010
f 999/999/999 1011/1011/1011 1010/1010/1010
f 999/999/999 1000/1000/1000 1011/1011/1011
f 1000/1000/1000 1012/1012/1012 1011/1011/1011
f 1000/1000/1000 1001/1001/1001 1012/1012/1012
f 1001/1001/1001 1013/1013/1013 1012/1012/1012
f 1001/1001/1001 1002/1002/1002 1013/1013/1013
f 1002/1002/1002 1014/1014/1014 1013/1013/1013
f 1002/1002/1002 1003/1003/1003 1014/1014/1014
f 1003/1003/1003 1015/1015/1015 1014/1014/1014
f 1003/1003/1003 1004/1004/1004 1015/1015/1015
f 1005/1005/1005 1017/1017/1017 1016/1016/1016
f 1005/1005/1005 1006/1006/1006 1017/1017/1017
f 1006/1006/1006 1018/1018/1018 1017/1017/1017
f 1006/1006/1006 1007/1007/1007 1018/1018/1018
f 1007/1007/1007 1019/1019/1019 1018/1018/1018
f 1007/1007/1007 1008/1008/1008 1019/1019/1019
f 1008/1008/1008 1020/1020/1020 1019/1019/1019
f 1008/1008/1008 1009/1009/1009 1020/1020/1020
f 1009/1009/1009 1021/1021/1021 1020/1020/1020
f 1009/1009/1009 1010/1010/1010 1021/1021/1021
f 1010/1010/1010 1022/1022/1022 1021/1021/1021
f 1010/1010/1010 1011/1011/1011 1022/1022/1022
f 1011/1011/1011 1023/1023/1023 1022/1022/1022
f 1011/1011/1011 1012/1012/1012 1023/1023/1023
f 1012/1012/1012 1024/1024/1024 1023/1023/1023
f 1012/1012/1012 1013/1013/1013 1024/1024/1024
f 1013/1013/1013 1025/1025/1025 1024/1024/1024
f 1013/1013/1013 1014/1014/1014 1025/1025/1025
f 1014/1014/1014 1026/1026/1026 1025/1025/1025
f 1014/1014/1014 1015/1015/1015 1026/1026/1026
f 1016/1016/1016 1028/1028/1028 1027/1027/1027
f 1016/1016/1016 1017/1017/1017 1028/1028/1028
f 1017/1017/1017 1029/1029/1029 1028/1028/1028
f 1017/1017/1017 1018/1018/1018 1029/1029/1029
f 1018/1018/1018 1030/1030/1030 1029/1029/1029
f 1018/1018/1018 1019/1019/1019 1030/1030/1030
f 1019/1019/1019 1031/1031/1031 1030/1030/1030
f 1019/1019/1019 1020/1020/1020 1031/1031/1031
f 1020/1020/1020 1032/1032/1032 1031/1031/1031
f 1020/1020/1020 1021/1021/1021 1032/1032/1032
f 1021/1021/1021 1033/1033/1033 1032/1032/1032
f 1021/1021/1021 1022/1022/1022 1033/1033/1033
f 1022/1022/1022 1034/1034/1034 1033/1033/1033
f 1022/1022/1022 1023/1023/1023 1034/1034/1034
f 1023/1023/1023 1035/1035/1035 1034/1034/1034
f 1023/1023/1023 1024/1024/1024 1035/1035/1035
f 1024/1024/1024 1036/1036/1036 1035/1035/1035
f 1024/1024/1024 1025/1025/1025 1036/1036/1036
f 1025/1025/1025 1037/1037/1037 1036/1036/1036
f 1025/1025/1025 1026/1026/1026 1037/1037/1037
f 1027/1027/1027 1039/1039/1039 1038/1038/1038
f 1027/1027/1027 1028/1028/1028 1039/1039/1039
f 1028/1028/1028 1040/1040/1040 1039/1039/1039
f 1028/1028/1028 1029/1029/1029 1040/1040/1040
f 1029/1029/1029 1041/1041/1041 1040/1040/1040
f 1029/1029/1029 1030/1030/1030 1041/1041/1041
f 1030/1030/1030 1042/1042/1042 1041/1041/1041
f 1030/1030/1030 1031/1031/1031 1042/1042/1042
f 1031/1031/1031 1043/1043/1043 1042/1042/1042
f 1031/1031/1031 1032/1032/1032 1043/1043/1043
f 1032/1032/1032 1044/1044/1044 1043/1043/1043
f 1032/1032/1032 1033/1033/1033 1044/1044/1044
f 1033/1033/1033 1045/1045/1045 1044/1044/1044
f 1033/1033/1033 1034/1034/1034 1045/1045/1045
f 1034/1034/1034 1046/1046/1046 1045/1045/1045
f 1034/1034/1034 1035/1035/1035 1046/1046/1046
f 1035/1035/1035 1047/1047/1047 1046/1046/1046
f 1035/1035/1035 1036/1036/1036 1047/1047/1047
f 1036/1036/1036 1048/1048/1048 1047/1047/1047
f 1036/1036/1036 1037/1037/1037 1048/1048/1048
f 1038/1038/1038 1050/1050/1050 1049/1049/1049
f 1038/1038/1038 1039/1039/1039 1050/1050/1050
f 1039/1039/1039 1051/1051/1051 1050/1050/1050
f 1039/1039/1039 1040/1040/1040 1051/1051/1051
f 1040/1040/1040 1052/1052/1052 1051/1051/1051
f 1040/1040/1040 1041/1041/1041 1052/1052/1052
f 1041/1041/1041 1053/1053/1053 1052/1052/1052
f 1041/1041/1041 1042/1042/1042 1053/1053/1053
f 1042/1042/1042 1054/1054/1054 1053/1053/1053
f 1042/1042/1042 1043/1043/1043 1054/1054/1054
f 1043/1043/1043 1055/1055/1055 1054/1054/1054
f 1043/1043/1043 1044/1044/1044 1055/1055/1055
f 1044/1044/1044 1056/1056/1056 1055/1055/1055
f 1044/1044/1044 1045/1045/1045 1056/1056/1056
f 1045/1045/1045 1057/1057/1057 1056/1056/1056
f 1045/1045/1045 1046/1046/1046 1057/1057/1057
f 1046/1046/1046 1058/1058/1058 1057/1057/1057
f 1046/1046/1046 1047/1047/1047 1058/1058/1058
f 1047/1047/1047 1059/1059/1059 1058/1058/1058
f 1047/1047/1047 1048/1048/1048 1059/1059/1059
f 1049/1049/1049 1061/1061/1061 1060/1060/1060
f 1049/1049/1049 1050/1050/1050 1061/1061/1061
f 1050/1050/1050 1062/1062/1062 1061/1061/1061
f 1050/1050/1050 1051/1051/1051 1062/1062/1062
f 1051/1051/1051 1063/1063/1063 1062/1062/1062
f 1051/1051/1051 1052/1052/1052 1063/1063/1063
f 1052/1052/1052 1064/1064/1064 1063/1063/1063
f 1052/1052/1052 1053/1053/1053 1064/1064/1064
f 1053/1053/1053 1065/1065/1065 1064/1064/1064
f 1053/1053/1053 1054/1054/1054 1065/1065/1065
f 1054/1054/1054 1066/1066/1066 1065/1065/1065
f 1054/1054/1054 1055/1055/1055 1066/1066/1066
f 1055/1055/1055 1067/1067/1067 1066/1066/1066
f 1055/1055/1055 1056/1056/1056 1067/1067/1067
f 1056/1056/1056 1068/1068/1068 1067/1067/1067
f 1056/1056/1056 1057/1057/1057 1068/1068/1068
f 1057/1057/1057 1069/1069/1069 1068/1068/1068
f 1057/1057/1057 1058/1058/1058 1069/1069/1069
f 1058/1058/1058 1070/1070/1070 1069/1069/1069
f 1058/1058/1058 1059/1059/1059 1070/1070/1070
f 1060/1060/1060 1072/1072/1072 1071/1071/1071
f 1060/1060/1060 1061/1061/1061 1072/1072/1072
f 1061/1061/1061 1073/1073/1073 1072/1072/1072
f 1061/1061/1061 1062/1062/1062 1073/1073/1073
f 1062/1062/1062 1074/1074/1074 1073/1073/1073
f 1062/1062/1062 1063/1063/1063 1074/1074/1074
f 1063/1063/1063 1075/1075/1075 1074/1074/1074
f 1063/1063/1063 1064/1064/1064 1075/1075/1075
f 1064/1064/1064 1076/1076/1076 1075/1075/1075
f 1064/1064/1064 1065/1065/1065 1076/1076/1076
f 1065/1065/1065 1077/1077/1077 1076/1076/1076
f 1065/1065/1065 1066/1066/1066 1077/1077/1077
f 1066/1066/1066 1078/1078/1078 1077/1077/1077
f 1066/1066/1066 1067/1067/1067 1078/1078/1078
f 1067/1067/1067 1079/1079/1079 1078/1078/1078
f 1067/1067/1067 1068/1068/1068 1079/1079/1079
f 1068/1068/1068 1080/1080/1080 1079/1079/1079
f 1068/1068/1068 1069/1069/1069 1080/1080/1080
f 1069/1069/1069 1081/1081/1081 1080/1080/1080
f 1069/1069/1069 1070/1070/1070 1081/1081/1081
f 1082/1082/1082 1090/1090/1090 1086/1086/1086
f 1082/1082/1082 1086/1086/1086 1096/1096/1096
f 1082/1082/1082 1096/1096/1096 1094/1094/1094
f 1082/1082/1082 1098/1098/1098 1084/1084/1084
f 1082/1082/1082 1084/1084/1084 1092/1092/1092
f 1082/1082/1082 1092/1092/1092 1090/1090/1090
f 1082/1082/1082 1094/1094/1094 1083/1083/1083
f 1082/1082/1082 1083/1083/1083 1099/1099/1099
f 1082/1082/1082 1099/1099/1099 1098/1098/1098
f 1090/1090/1090 1092/1092/1092 1088/1088/1088
f 1090/1090/1090 1088/1088/1088 1100/1100/1100
f 1090/1090/1090 1100/1100/1100 1086/1086/1086
f 1084/1084/1084 1095/1095/1095 1085/1085/1085
f 1084/1084/1084 1085/1085/1085 1093/1093/1093
f 1084/1084/1084 1093/1093/1093 1092/1092/1092
f 1084/1084/1084 1098/1098/1098 1099/1099/1099
f 1084/1084/1084 1099/1099/1099 1085/1085/1085
f 1084/1084/1084 1085/1085/1085 1095/1095/1095
f 1086/1086/1086 1100/1100/1100 1101/1101/1101
f 1086/1086/1086 1101/1101/1101 1087/1087/1087
f 1086/1086/1086 1087/1087/1087 1096/1096/1096
f 1088/1088/1088 1097/1097/1097 1089/1089/1089
f 1088/1088/1088 1089/1089/1089 1101/1101/1101
f 1088/1088/1088 1101/1101/1101 1100/1100/1100
f 1088/1088/1088 1092/1092/1092 1093/1093/1093
f 1088/1088/1088 1093/1093/1093 1089/1089/1089
f 1088/1088/1088 1089/1089/1089 1097/1097/1097
f 1083/1083/1083 1091/1091/1091 1087/1087/1087
f 1083/1083/1083 1087/1087/1087 1096/1096/1096
f 1083/1083/1083 1096/1096/1096 1094/1094/1094
f 1083/1083/1083 1099/1099/1099 1085/1085/1085
f 1083/1083/1083 1085/1085/1085 1093/1093/1093
f 1083/1083/1083 1093/1093/1093 1091/1091/1091
f 1087/1087/1087 1101/1101/1101 1089/1089/1089
f 1087/1087/1087 1089/1089/1089 1097/1097/1097
f 1087/1087/1087 1097/1097/1097 1091/1091/1091
f 1102/1102/1102 1110/1110/1110 1103/1103/1103
f 1102/1102/1102 1109/1109/1109 1110/1110/1110
f 1116/1116/1116 1102/1102/1102 1103/1103/1103
f 1117/1117/1117 1110/1110/1110 1109/1109/1109
f 1103/1103/1103 1111/1111/1111 1104/1104/1104
f 1103/1103/1103 1110/1110/1110 1111/1111/1111
f 1116/1116/1116 1103/1103/1103 1104/1104/1104
f 1117/1117/1117 1111/1111/1111 1110/1110/1110
f 1104/1104/1104 1112/1112/1112 1105/1105/1105
f 1104/1104/1104 1111/1111/1111 1112/1112/1112
f 1116/1116/1116 1104/1104/1104 1105/1105/1105
f 1117/1117/1117 1112/1112/1112 1111/1111/1111
f 1105/1105/1105 1113/1113/1113 1106/1106/1106
f 1105/1105/1105 1112/1112/1112 1113/1113/1113
f 1116/1116/1116 1105/1105/1105 1106/1106/1106
f 1117/1117/1117 1113/1113/1113 1112/1112/1112
f 1106/1106/1106 1114/1114/1114 1107/1107/1107
f 1106/1106/1106 1113/1113/1113 1114/1114/1114
f 1116/1116/1116 1106/1106/1106 1107/1107/1107
f 1117/1117/1117 1114/1114/1114 1113/1113/1113
f 1107/1107/1107 1115/1115/1115 1108/1108/1108
f 1107/1107/1107 1114/1114/1114 1115/1115/1115
f 1116/1116/1116 1107/1107/1107 1108/1108/1108
f 1117/1117/1117 1115/1115/1115 1114/1114/1114
f 1108/1108/1108 1109/1109/1109 1102/1102/1102
f 1108/1108/1108 1115/1115/1115 1109/1109/1109
f 1116/1116/1116 1108/1108/1108 1102/1102/1102
f 1117/1117/1117 1109/1109/1109 1115/1115/1115
f 1118/1118/1118 1126/1126/1126 1119/1119/1119
f 1118/1118/1118 1125/1125/1125 1126/1126/1126
f 1132/1132/1132 1118/1118/1118 1119/1119/1119
f 1133/1133/1133 1126/1126/1126 1125/1125/1125
f 1119/1119/1119 1127/1127/1127 1120/1120/1120
f 1119/1119/1119 1126/1126/1126 1127/1127/1127
f 1132/1132/1132 1119/1119/1119 1120/1120/1120
f 1133/1133/1133 1127/1127/1127 1126/1126/1126
f 1120/1120/1120 1128/1128/1128 1121/1121/1121
f 1120/1120/1120 1127/1127/1127 1128/1128/1128
f 1132/1132/1132 1120/1120/1120 1121/1121/1121
f 1133/1133/1133 1128/1128/1128 1127/1127/1127
f 1121/1121/1121 1129/1129/1129 1122/1122/1122
f 1121/1121/1121 1128/1128/1128 1129/1129/1129
f 1132/1132/1132 1121/1121/1121 1122/1122/1122
f 1133/1133/1133 1129/1129/1129 1128/1128/1128
f 1122/1122/1122 1130/1130/1130 1123/1123/1123
f 1122/1122/1122 1129/1129/1129 1130/1130/1130
f 1132/1132/1132 1122/1122/1122 1123/1123/1123
f 1133/1133/1133 1130/1130/1130 1129/1129/1129
f 1123/1123/1123 1131/1131/1131 1124/1124/1124
f 1123/1123/1123 1130/1130/1130 1131/1131/1131
f 1132/1132/1132 1123/1123/1123 1124/1124/1124
f 1133/1133/1133 1131/1131/1131 1130/1130/1130
f 1124/1124/1124 1125/1125/1125 1118/1118/1118
f 1124/1124/1124 1131/1131/1131 1125/1125/1125
f 1132/1132/1132 1124/1124/1124 1118/1118/1118
f 1133/1133/1133 1125/1125/1125 1131/1131/1131
f 1134/1134/1134 1146/1146/1146 1145/1145/1145
f 1134/1134/1134 1135/1135/1135 1146/1146/1146
f 1135/1135/1135 1147/1147/1147 1146/1146/1146
f 1135/1135/1135 1136/1136/1136 1147/1147/1147
f 1136/1136/1136 1148/1148/1148 1147/1147/1147
f 1136/1136/1136 1137/1137/1137 1148/1148/1148
f 1137/1137/1137 1149/1149/1149 1148/1148/1148
f 1137/1137/1137 1138/1138/1138 1149/1149/1149
f 1138/1138/1138 1150/1150/1150 1149/1149/1149
f 1138/1138/1138 1139/1139/1139 1150/1150/1150
f 1139/1139/1139 1151/1151/1151 1150/1150/1150
f 1139/1139/1139 1140/1140/1140 1151/1151/1151
f 1140/1140/1140 1152/1152/1152 1151/1151/1151
f 1140/1140/1140 1141/1141/1141 1152/1152/1152
f 1141/1141/1141 1153/1153/1153 1152/1152/1152
f 1141/1141/1141 1142/1142/1142 1153/1153/1153
f 1142/1142/1142 1154/1154/1154 1153/1153/1153
f 1142/1142/1142 1143/1143/1143 1154/1154/1154
f 1143/1143/1143 1155/1155/1155 1154/1154/1154
f 1143/1143/1143 1144/1144/1144 1155/1155/1155
f 1145/1145/1145 1157/1157/1157 1156/1156/1156
f 1145/1145/1145 1146/1146/1146 1157/1157/1157
f 1146/1146/1146 1158/1158/1158 1157/1157/1157
f 1146/1146/1146 1147/1147/1147 1158/1158/1158
f 1147/1147/1147 1159/1159/1159 1158/1158/1158
f 1147/1147/1147 1148/1148/1148 1159/1159/1159
f 1148/1148/1148 1160/1160/1160 1159/1159/1159
f 1148/1148/1148 1149/1149/1149 1160/1160/1160
f 1149/1149/1149 1161/1161/1161 1160/1160/1160
f 1149/1149/1149 1150/1150/1150 1161/1161/1161
f 1150/1150/1150 1162/1162/1162 1161/1161/1161
f 1150/1150/1150 1151/1151/1151 1162/1162/1162
f 1151/1151/1151 1163/1163/1163 1162/1162/1162
f 1151/1151/1151 1152/1152/1152 1163/1163/1163
f 1152/1152/1152 1164/1164/1164 1163/1163/1163
f 1152/1152/1152 1153/1153/1153 1164/1164/1164
f 1153/1153/1153 1165/1165/1165 1164/1164/1164
f 1153/1153/1153 1154/1154/1154 1165/1165/1165
f 1154/1154/1154 1166/1166/1166 1165/1165/1165
f 1154/1154/1154 1155/1155/1155 1166/1166/1166
f 1156/1156/1156 1168/1168/1168 1167/1167/1167
f 1156/1156/1156 1157/1157/1157 1168/1168/1168
f 1157/1157/1157 1169/1169/1169 1168/1168/1168
f 1157/1157/1157 1158/1158/1158 1169/1169/1169
f 1158/1158/1158 1170/1170/1170 1169/1169/1169
f 1158/1158/1158 1159/1159/1159 1170/1170/1170
f 1159/1159/1159 1171/1171/1171 1170/1170/1170
f 1159/1159/1159 1160/1160/1160 1171/1171/1171
f 1160/1160/1160 1172/1172/1172 1171/1171/1171
f 1160/1160/1160 1161/1161/1161 1172/1172/1172
f 1161/1161/1161 1173/1173/1173 1172/1172/1172
f 1161/1161/1161 1162/1162/1162 1173/1173/1173
f 1162/1162/1162 1174/1174/1174 1173/1173/1173
f 1162/1162/1162 1163/1163/1163 1174/1174/1174
f 1163/1163/1163 1175/1175/1175 1174/1174/1174
f 1163/1163/1163 1164/1164/1164 1175/1175/1175
f 1164/1164/1164 1176/1176/1176 1175/1175/1175
f 1164/1164/1164 1165/1165/1165 1176/1176/1176
f 1165/1165/1165 1177/1177/1177 1176/1176/1176
f 1165/1165/1165 1166/1166/1166 1177/1177/1177
f 1167/1167/1167 1179/1179/1179 1178/1178/1178
f 1167/1167/1167 1168/1168/1168 1179/1179/1179
f 1168/1168/1168 1180/1180/1180 1179/1179/1179
f 1168/1168/1168 1169/1169/1169 1180/1180/1180
f 1169/1169/1169 1181/1181/1181 1180/1180/1180
f 1169/1169/1169 1170/1170/1170 1181/1181/1181
f 1170/1170/1170 1182/1182/1182 1181/1181/1181
f 1170/1170/1170 1171/1171/1171 1182/1182/1182
f 1171/1171/1171 1183/1183/1183 1182/1182/1182
f 1171/1171/1171 1172/1172/1172 1183/1183/1183
f 1172/1172/1172 1184/1184/1184 1183/1183/1183
f 1172/1172/1172 1173/1173/1173 1184/1184/1184
f 1173/1173/1173 1185/1185/1185 1184/1184/1184
f 1173/1173/1173 1174/1174/1174 1185/1185/1185
f 1174/1174/1174 1186/1186/1186 1185/1185/1185
f 1174/1174/1174 1175/1175/1175 1186/1186/1186
f 1175/1175/1175 1187/1187/1187 1186/1186/1186
f 1175/1175/1175 1176/1176/1176 1187/1187/1187
f 1176/1176/1176 1188/1188/1188 1187/1187/1187
f 1176/1176/1176 1177/1177/1177 1188/1188/1188
f 1178/1178/1178 1190/1190/1190 1189/1189/1189
f 1178/1178/1178 1179/1179/1179 1190/1190/1190
f 1179/1179/1179 1191/1191/1191 1190/1190/1190
f 1179/1179/1179 1180/1180/1180 1191/1191/1191
f 1180/1180/1180 1192/1192/1192 1191/1191/1191
f 1180/1180/1180 1181/1181/1181 1192/1192/1192
f 1181/1181/1181 1193/1193/1193 1192/1192/1192
f 1181/1181/1181 1182/1182/1182 1193/1193/1193
f 1182/1182/1182 1194/1194/1194 1193/1193/1193
f 1182/1182/1182 1183/1183/1183 1194/1194/1194
f 1183/1183/1183 1195/1195/1195 1194/1194/1194
f 1183/1183/1183 1184/1184/1184 1195/1195/1195
f 1184/1184/1184 1196/1196/1196 1195/1195/1195
f 1184/1184/1184 1185/1185/1185 1196/1196/1196
f 1185/1185/1185 1197/1197/1197 1196/1196/1196
f 1185/1185/1185 1186/1186/1186 1197/1197/1197
f 1186/1186/1186 1198/1198/1198 1197/1197/1197
f 1186/1186/1186 1187/1187/1187 1198/1198/1198
f 1187/1187/1187 1199/1199/1199 1198/1198/1198
f 1187/1187/1187 1188/1188/1188 1199/1199/1199
f 1189/1189/1189 1201/1201/1201 1200/1200/1200
f 1189/1189/1189 1190/1190/1190 1201/1201/1201
f 1190/1190/1190 1202/1202/1202 1201/1201/1201
f 1190/1190/1190 1191/1191/1191 1202/1202/1202
f 1191/1191/1191 1203/1203/1203 1202/1202/1202
f 1191/1191/1191 1192/1192/1192 1203/1203/1203
f 1192/1192/1192 1204/1204/1204 1203/1203/1203
f 1192/1192/1192 1193/1193/1193 1204/1204/1204
f 1193/1193/1193 1205/1205/1205 1204/1204/1204
f 1193/1193/1193 1194/1194/1194 1205/1205/1205
f 1194/1194/1194 1206/1206/1206 1205/1205/1205
f 1194/1194/1194 1195/1195/1195 1206/1206/1206
f 1195/1195/1195 1207/1207/1207 1206/1206/1206
f 1195/1195/1195 1196/1196/1196 1207/1207/1207
f 1196/1196/1196 1208/1208/1208 1207/1207/1207
f 1196/1196/1196 1197/1197/1197 1208/1208/1208
f 1197/1197/1197 1209/1209/1209 1208/1208/1208
f 1197/1197/1197 1198/1198/1198 1209/1209/1209
f 1198/1198/1198 1210/1210/1210 1209/1209/1209
f 1198/1198/1198 1199/1199/1199 1210/1210/1210
f 1200/1200/1200 1212/1212/1212 1211/1211/1211
f 1200/1200/1200 1201/1201/1201 1212/1212/1212
f 1201/1201/1201 1213/1213/1213 1212/1212/1212
f 1201/1201/1201 1202/1202/1202 1213/1213/1213
f 1202/1202/1202 1214/1214/1214 1213/1213/1213
f 1202/1202/1202 1203/1203/1203 1214/1214/1214
f 1203/1203/1203 1215/1215/1215 1214/1214/1214
f 1203/1203/1203 1204/1204/1204 1215/1215/1215
f 1204/1204/1204 1216/1216/1216 1215/1215/1215
f 1204/1204/1204 1205/1205/1205 1216/1216/1216
f 1205/1205/1205 1217/1217/1217 1216/1216/1216
f 1205/1205/1205 1206/1206/1206 1217/1217/1217
f 1206/1206/1206 1218/1218/1218 1217/1217/1217
f 1206/1206/1206 1207/1207/1207 1218/1218/1218
f 1207/1207/1207 1219/1219/1219 1218/1218/1218
f 1207/1207/1207 1208/1208/1208 1219/1219/1219
f 1208/1208/1208 1220/1220/1220 1219/1219/1219
f 1208/1208/1208 1209/1209/1209 1220/1220/1220
f 1209/1209/1209 1221/1221/1221 1220/1220/1220
f 1209/1209/1209 1210/1210/1210 1221/1221/1221
f 1211/1211/1211 1223/1223/1223 1222/1222/1222
f 1211/1211/1211 1212/1212/1212 1223/1223/1223
f 1212/1212/1212 1224/1224/1224 1223/1223/1223
f 1212/1212/1212 1213/1213/1213 1224/1224/1224
f 1213/1213/1213 1225/1225/1225 1224/1224/1224
f 1213/1213/1213 1214/1214/1214 1225/1225/1225
f 1214/1214/1214 1226/1226/1226 1225/1225/1225
f 1214/1214/1214 1215/1215/1215 1226/1226/1226
f 1215/1215/1215 1227/1227/1227 1226/1226/1226
f 1215/1215/1215 1216/1216/1216 1227/1227/1227
f 1216/1216/1216 1228/1228/1228 1227/1227/1227
f 1216/1216/1216 1217/1217/1217 1228/1228/1228
f 1217/1217/1217 1229/1229/1229 1228/1228/1228
f 1217/1217/1217 1218/1218/1218 1229/1229/1229
f 1218/1218/1218 1230/1230/1230 1229/1229/1229
f 1218/1218/1218 1219/1219/1219 1230/1230/1230
f 1219/1219/1219 1231/1231/1231 1230/1230/1230
f 1219/1219/1219 1220/1220/1220 1231/1231/1231
f 1220/1220/1220 1232/1232/1232 1231/1231/1231
f 1220/1220/1220 1221/1221/1221 1232/1232/1232
f 1233/1233/1233 1241/1241/1241 1237/1237/1237
f 1233/1233/1233 1237/1237/1237 1247/1247/1247
f 1233/1233/1233 1247/1247/1247 1245/1245/1245
f 1233/1233/1233 1249/1249/1249 1235/1235/1235
f 1233/1233/1233 1235/1235/1235 1243/1243/1243
f 1233/1233/1233 1243/1243/1243 1241/1241/1241
f 1233/1233/1233 1245/1245/1245 1234/1234/1234
f 1233/1233/1233 1234/1234/1234 1250/1250/1250
f 1233/1233/1233 1250/1250/1250 1249/1249/1249
f 1241/1241/1241 1243/1243/1243 1239/1239/1239
f 1241/1241/1241 1239/1239/1239 1251/1251/1251
f 1241/1241/1241 1251/1251/1251 1237/1237/1237
f 1235/1235/1235 1246/1246/1246 1236/1236/1236
f 1235/1235/1235 1236/1236/1236 1244/1244/1244
f 1235/1235/1235 1244/1244/1244 1243/1243/1243
f 1235/1235/1235 1249/1249/1249 1250/1250/1250
f 1235/1235/1235 1250/1250/1250 1236/1236/1236
f 1235/1235/1235 1236/1236/1236 1246/1246/1246
f 1237/1237/1237 1251/1251/1251 1252/1252/1252
f 1237/1237/1237 1252/1252/1252 1238/1238/1238
f 1237/1237/1237 1238/1238/1238 1247/1247/1247
f 1239/1239/1239 1248/1248/1248 1240/1240/1240
f 1239/1239/1239 1240/1240/1240 1252/1252/1252
f 1239/1239/1239 1252/1252/1252 1251/1251/1251
f 1239/1239/1239 1243/1243/1243 1244/1244/1244
f 1239/1239/1239 1244/1244/1244 1240/1240/1240
f 1239/1239/1239 1240/1240/1240 1248/1248/1248
f 1234/1234/1234 1242/1242/1242 1238/1238/1238
f 1234/1234/1234 1238/1238/1238 1247/1247/1247
f 1234/1234/1234 1247/1247/1247 1245/1245/1245
f 1234/1234/1234 1250/1250/1250 1236/1236/1236
f 1234/1234/1234 1236/1236/1236 1244/1244/1244
f 1234/1234/1234 1244/1244/1244 1242/1242/1242
f 1238/1238/1238 1252/1252/1252 1240/1240/1240
f 1238/1238/1238 1240/1240/1240 1248/1248/1248
f 1238/1238/1238 1248/1248/1248 1242/1242/1242
f 1253/1253/1253 1265/1265/1265 1264/1264/1264
f 1253/1253/1253 1254/1254/1254 1265/1265/1265
f 1254/1254/1254 1266/1266/1266 1265/1265/1265
f 1254/1254/1254 1255/1255/1255 1266/1266/1266
f 1255/1255/1255 1267/1267/1267 1266/1266/1266
f 1255/1255/1255 1256/1256/1256 1267/1267/1267
f 1256/1256/1256 1268/1268/1268 1267/1267/1267
f 1256/1256/1256 1257/1257/1257 1268/1268/1268
f 1257/1257/1257 1269/1269/1269 1268/1268/1268
f 1257/1257/1257 1258/1258/1258 1269/1269/1269
f 1258/1258/1258 1270/1270/1270 1269/1269/1269
f 1258/1258/1258 1259/1259/1259 1270/1270/1270
f 1259/1259/1259 1271/1271/1271 1270/1270/1270
f 1259/1259/1259 1260/1260/1260 1271/1271/1271
f 1260/1260/1260 1272/1272/1272 1271/1271/1271
f 1260/1260/1260 1261/1261/1261 1272/1272/1272
f 1261/1261/1261 1273/1273/1273 1272/1272/1272
f 1261/1261/1261 1262/1262/1262 1273/1273/1273
f 1262/1262/1262 1274/1274/1274 1273/1273/1273
f 1262/1262/1262 1263/1263/1263 1274/1274/1274
f 1264/1264/1264 1276/1276/1276 1275/1275/1275
f 1264/1264/1264 1265/1265/1265 1276/1276/1276
f 1265/1265/1265 1277/1277/1277 1276/1276/1276
f 1265/1265/1265 1266/1266/1266 1277/1277/1277
f 1266/1266/1266 1278/1278/1278 1277/1277/1277
f 1266/1266/1266 1267/1267/1267 1278/1278/1278
f 1267/1267/1267 1279/1279/1279 1278/1278/1278
f 1267/1267/1267 1268/1268/1268 1279/1279/1279
f 1268/1268/1268 1280/1280/1280 1279/1279/1279
f 1268/1268/1268 1269/1269/1269 1280/1280/1280
f 1269/1269/1269 1281/1281/1281 1280/1280/1280
f 1269/1269/1269 1270/1270/1270 1281/1281/1281
f 1270/1270/1270 1282/1282/1282 1281/1281/1281
f 1270/1270/1270 1271/1271/1271 1282/1282/1282
f 1271/1271/1271 1283/1283/1283 1282/1282/1282
f 1271/1271/1271 1272/1272/1272 1283/1283/1283
f 1272/1272/1272 1284/1284/1284 1283/1283/1283
f 1272/1272/1272 1273/1273/1273 1284/1284/1284
f 1273/1273/1273 1285/1285/1285 1284/1284/1284
f 1273/1273/1273 1274/1274/1274 1285/1285/1285
f 1275/1275/1275 1287/1287/1287 1286/1286/1286
f 1275/1275/1275 1276/1276/1276 1287/1287/1287
f 1276/1276/1276 1288/1288/1288 1287/1287/1287
f 1276/1276/1276 1277/1277/1277 1288/1288/1288
f 1277/1277/1277 1289/1289/1289 1288/1288/1288
f 1277/1277/1277 1278/1278/1278 1289/1289/1289
f 1278/1278/1278 1290/1290/1290 1289/1289/1289
f 1278/1278/1278 1279/1279/1279 1290/1290/1290
f 1279/1279/1279 1291/1291/1291 1290/1290/1290
f 1279/1279/1279 1280/1280/1280 1291/1291/1291
f 1280/1280/1280 1292/1292/1292 1291/1291/1291
f 1280/1280/1280 1281/1281/1281 1292/1292/1292
f 1281/1281/1281 1293/1293/1293 1292/1292/1292
f 1281/1281/1281 1282/1282/1282 1293/1293/1293
f 1282/1282/1282 1294/1294/1294 1293/1293/1293
f 1282/1282/1282 1283/1283/1283 1294/1294/1294
f 1283/1283/1283 1295/1295/1295 1294/1294/1294
f 1283/1283/1283 1284/1284/1284 1295/1295/1295
f 1284/1284/1284 1296/1296/1296 1295/1295/1295
f 1284/1284/1284 1285/1285/1285 1296/1296/1296
f 1286/1286/1286 1298/1298/1298 1297/1297/1297
f 1286/1286/1286 1287/1287/1287 1298/1298/1298
f 1287/1287/1287 1299/1299/1299 1298/1298/1298
f 1287/1287/1287 1288/1288/1288 1299/1299/1299
f 1288/1288/1288 1300/1300/1300 1299/1299/1299
f 1288/1288/1288 1289/1289/1289 1300/1300/1300
f 1289/1289/1289 1301/1301/1301 1300/1300/1300
f 1289/1289/1289 1290/1290/1290 1301/1301/1301
f 1290/1290/1290 1302/1302/1302 1301/1301/1301
f 1290/1290/1290 1291/1291/1291 1302/1302/1302
f 1291/1291/1291 1303/1303/1303 1302/1302/1302
f 1291/1291/1291 1292/1292/1292 1303/1303/1303
f 1292/1292/1292 1304/1304/1304 1303/1303/1303
f 1292/1292/1292 1293/1293/1293 1304/1304/1304
f 1293/1293/1293 1305/1305/1305 1304/1304/1304
f 1293/1293/1293 1294/1294/1294 1305/1305/1305
f 1294/1294/1294 1306/1306/1306 1305/1305/1305
f 1294/1294/1294 1295/1295/1295 1306/1306/1306
f 1295/1295/1295 1307/1307/1307 1306/1306/1306
f 1295/1295/1295 1296/1296/1296 1307/1307/1307
f 1297/1297/1297 1309/1309/1309 1308/1308/1308
f 1297/1297/1297 1298/1298/1298 1309/1309/1309
f 1298/1298/1298 1310/1310/1310 1309/1309/1309
f 1298/1298/1298 1299/1299/1299 1310/1310/1310
f 1299/1299/1299 1311/1311/1311 1310/1310/1310
f 1299/1299/1299 1300/1300/1300 1311/1311/1311
f 1300/1300/1300 1312/1312/1312 1311/1311/1311
f 1300/1300/1300 1301/1301/1301 1312/1312/1312
f 1301/1301/1301 1313/1313/1313 1312/1312/1312
f 1301/1301/1301 1302/1302/1302 1313/1313/1313
f 1302/1302/1302 1314/1314/1314 1313/1313/1313
f 1302/1302/1302 1303/1303/1303 1314/1314/1314
f 1303/1303/1303 1315/1315/1315 1314/1314/1314
f 1303/1303/1303 1304/1304/1304 1315/1315/1315
f 1304/1304/1304 1316/1316/1316 1315/1315/1315
f 1304/1304/1304 1305/1305/1305 1316/1316/1316
f 1305/1305/1305 1317/1317/1317 1316/1316/1316
f 1305/1305/1305 1306/1306/1306 1317/1317/1317
f 1306/1306/1306 1318/1318/1318 1317/1317/1317
f 1306/1306/1306 1307/1307/1307 1318/1318/1318
f 1308/1308/1308 1320/1320/1320 1319/1319/1319
f 1308/1308/1308 1309/1309/1309 1320/1320/1320
f 1309/1309/1309 1321/1321/1321 1320/1320/1320
f 1309/1309/1309 1310/1310/1310 1321/1321/1321
f 1310/1310/1310 1322/1322/1322 1321/1321/1321
f 1310/1310/1310 1311/1311/1311 1322/1322/1322
f 1311/1311/1311 1323/1323/1323 1322/1322/1322
f 1311/1311/1311 1312/1312/1312 1323/1323/1323
f 1312/1312/1312 1324/1324/1324 1323/1323/1323
f 1312/1312/1312 1313/1313/1313 1324/1324/1324
f 1313/1313/1313 1325/1325/1325 1324/1324/1324
f 1313/1313/1313 1314/1314/1314 1325/1325/1325
f 1314/1314/1314 1326/1326/1326 1325/1325/1325
f 1314/1314/1314 1315/1315/1315 1326/1326/1326
f 1315/1315/1315 1327/1327/1327 1326/1326/1326
f 1315/1315/1315 1316/1316/1316 1327/1327/1327
f 1316/1316/1316 1328/1328/1328 1327/1327/1327
f 1316/1316/1316 1317/1317/1317 1328/1328/1328
f 1317/1317/1317 1329/1329/1329 1328/1328/1328
f 1317/1317/1317 1318/1318/1318 1329/1329/1329
f 1319/1319/1319 1331/1331/1331 1330/1330/1330
f 1319/1319/1319 1320/1320/1320 1331/1331/1331
f 1320/1320/1320 1332/1332/1332 1331/1331/1331
f 1320/1320/1320 1321/1321/1321 1332/1332/1332
f 1321/1321/1321 1333/1333/1333 1332/1332/1332
f 1321/1321/1321 1322/1322/1322 1333/1333/1333
f 1322/1322/1322 1334/1334/1334 1333/1333/1333
f 1322/1322/1322 1323/1323/1323 1334/1334/1334
f 1323/1323/1323 1335/1335/1335 1334/1334/1334
f 1323/1323/1323 1324/1324/1324 1335/1335/1335
f 1324/1324/1324 1336/1336/1336 1335/1335/1335
f 1324/1324/1324 1325/1325/1325 1336/1336/1336
f 1325/1325/1325 1337/1337/1337 1336/1336/1336
f 1325/1325/1325 1326/1326/1326 1337/1337/1337
f 1326/1326/1326 1338/1338/1338 1337/1337/1337
f 1326/1326/1326 1327/1327/1327 1338/1338/1338
f 1327/1327/1327 1339/1339/1339 1338/1338/1338
f 1327/1327/1327 1328/1328/1328 1339/1339/1339
f 1328/1328/1328 1340/1340/1340 1339/1339/1339
f 1328/1328/1328 1329/1329/1329 1340/1340/1340
f 1330/1330/1330 1342/1342/1342 1341/1341/1341
f 1330/1330/1330 1331/1331/1331 1342/1342/1342
f 1331/1331/1331 1343/1343/1343 1342/1342/1342
f 1331/1331/1331 1332/1332/1332 1343/1343/1343
f 1332/1332/1332 1344/1344/1344 1343/1343/1343
f 1332/1332/1332 1333/1333/1333 1344/1344/1344
f 1333/1333/1333 1345/1345/1345 1344/1344/1344
f 1333/1333/1333 1334/1334/1334 1345/1345/1345
f 1334/1334/1334 1346/1346/1346 1345/1345/1345
f 1334/1334/1334 1335/1335/1335 1346/1346/1346
f 1335/1335/1335 1347/1347/1347 1346/1346/1346
f 1335/1335/1335 1336/1336/1336 1347/1347/1347
f 1336/1336/1336 1348/1348/1348 1347/1347/1347
f 1336/1336/1336 1337/1337/1337 1348/1348/1348
f 1337/1337/1337 1349/1349/1349 1348/1348/1348
f 1337/1337/1337 1338/1338/1338 1349/1349/1349
f 1338/1338/1338 1350/1350/1350 1349/1349/1349
f 1338/1338/1338 1339/1339/1339 1350/1350/1350
f 1339/1339/1339 1351/1351/1351 1350/1350/1350
f 1339/1339/1339 1340/1340/1340 1351/1351/1351
f 1352/1352/1352 1360/1360/1360 1356/1356/1356
f 1352/1352/1352 1356/1356/1356 1366/1366/1366
f 1352/1352/1352 1366/1366/1366 1364/1364/1364
f 1352/1352/1352 1368/1368/1368 1354/1354/1354
f 1352/1352/1352 1354/1354/1354 1362/1362/1362
f 1352/1352/1352 1362/1362/1362 1360/1360/1360
f 1352/1352/1352 1364/1364/1364 1353/1353/1353
f 1352/1352/1352 1353/1353/1353 1369/1369/1369
f 1352/1352/1352 1369/1369/1369 1368/1368/1368
f 1360/1360/1360 1362/1362/1362 1358/1358/1358
f 1360/1360/1360 1358/1358/1358 1370/1370/1370
f 1360/1360/1360 1370/1370/1370 1356/1356/1356
f 1354/1354/1354 1365/1365/1365 1355/1355/1355
f 1354/1354/1354 1355/1355/1355 1363/1363/1363
f 1354/1354/1354 1363/1363/1363 1362/1362/1362
f 1354/1354/1354 1368/1368/1368 1369/1369/1369
f 1354/1354/1354 1369/1369/1369 1355/1355/1355
f 1354/1354/1354 1355/1355/1355 1365/1365/1365
f 1356/1356/1356 1370/1370/1370 1371/1371/1371
f 1356/1356/1356 1371/1371/1371 1357/1357/1357
f 1356/1356/1356 1357/1357/1357 1366/1366/1366
f 1358/1358/1358 1367/1367/1367 1359/1359/1359
f 1358/1358/1358 1359/1359/1359 1371/1371/1371
f 1358/1358/1358 1371/1371/1371 1370/1370/1370
f 1358/1358/1358 1362/1362/1362 1363/1363/1363
f 1358/1358/1358 1363/1363/1363 1359/1359/1359
f 1358/1358/1358 1359/1359/1359 1367/1367/1367
f 1353/1353/1353 1361/1361/1361 1357/1357/1357
f 1353/1353/1353 1357/1357/1357 1366/1366/1366
f 1353/1353/1353 1366/1366/1366 1364/1364/1364
f 1353/1353/1353 1369/1369/1369 1355/1355/1355
f 1353/1353/1353 1355/1355/1355 1363/1363/1363
f 1353/1353/1353 1363/1363/1363 1361/1361/1361
f 1357/1357/1357 1371/1371/1371 1359/1359/1359
f 1357/1357/1357 1359/1359/1359 1367/1367/1367
f 1357/1357/1357 1367/1367/1367 1361/1361/1361