# 3D Model: tree/canopy/tree_canopy_bddb7c6b-3e6b-4ba4-9edb-d64a938a6a94_1_ (v6 Gemini)
# Style: broadleaf open radial crown | Symmetry: asymmetric
# Dimensions: 6.539 x 7.629 x 6.959 m
# Triangles: 2292 | Vertices: 1371
v 0.7 0 0
v 0.5663 0 0.4114
v 0.2163 0 0.6657
v -0.2163 0 0.6657
v -0.5663 0 0.4114
v -0.7 0 0
v -0.5663 0 -0.4114
v -0.2163 0 -0.6657
v 0.2163 0 -0.6657
v 0.5663 0 -0.4114
v 0.25 5.7471 0
v 0.2023 5.7471 0.1469
v 0.0773 5.7471 0.2378
v -0.0773 5.7471 0.2378
v -0.2023 5.7471 0.1469
v -0.25 5.7471 0
v -0.2023 5.7471 -0.1469
v -0.0773 5.7471 -0.2378
v 0.0773 5.7471 -0.2378
v 0.2023 5.7471 -0.1469
v 0 0 0
v 0 5.7471 0
v 0.78 0 0
v 0.631 0 0.4585
v 0.241 0 0.7418
v -0.241 0 0.7418
v -0.631 0 0.4585
v -0.78 0 0
v -0.631 0 -0.4585
v -0.241 0 -0.7418
v 0.241 0 -0.7418
v 0.631 0 -0.4585
v 0.5616 0.5 0
v 0.4543 0.5 0.3301
v 0.1735 0.5 0.5341
v -0.1735 0.5 0.5341
v -0.4543 0.5 0.3301
v -0.5616 0.5 0
v -0.4543 0.5 -0.3301
v -0.1735 0.5 -0.5341
v 0.1735 0.5 -0.5341
v 0.4543 0.5 -0.3301
v 0 0 0
v 0 0.5 0
v 0.0195 4.8752 -0.1133
v 0.0352 4.7884 -0.0667
v 0.0244 4.767 0.0302
v -0.0048 4.827 0.1043
v -0.0304 4.9234 0.0999
v -0.0331 4.9835 0.0203
v -0.0109 4.962 -0.0746
v 0.7526 5.0773 0.0457
v 0.764 5.0148 0.0793
v 0.7562 4.9994 0.1491
v 0.7351 5.0426 0.2024
v 0.7167 5.112 0.1993
v 0.7147 5.1552 0.1419
v 0.7307 5.1398 0.0736
v 0 4.8752 0
v 0.7386 5.0773 0.1273
v 0.7501 5.0773 0.0603
v 0.7674 5.0289 0.0893
v 0.763 5.0169 0.1469
v 0.7402 5.0504 0.1898
v 0.7162 5.1042 0.1856
v 0.709 5.1377 0.1376
v 0.7241 5.1257 0.0818
v 1.9882 5.6491 0.2931
v 2.0007 5.6143 0.3139
v 1.9975 5.6057 0.3554
v 1.981 5.6298 0.3863
v 1.9637 5.6685 0.3833
v 1.9586 5.6926 0.3487
v 1.9695 5.684 0.3085
v 0.7386 5.0773 0.1273
v 1.9799 5.6491 0.3413
v 2.0107 5.8669 0.3727
v 2.0107 5.8669 0.3727
v 2.0107 5.8669 0.3727
v 2.0107 5.8669 0.3727
v 2.0107 5.8669 0.3727
v 2.0107 5.8669 0.3727
v 2.0107 5.8669 0.3727
v 2.0107 5.8669 0.3727
v 2.0107 5.8669 0.3727
v 2.0107 5.8669 0.3727
v 2.0107 5.8669 0.3727
v 2.351 5.8104 0.3108
v 2.3064 5.7957 0.4571
v 2.1479 5.8018 0.5702
v 1.9361 5.8265 0.607
v 1.7519 5.8602 0.5533
v 1.6657 5.8902 0.4298
v 1.7103 5.905 0.2835
v 1.8688 5.8989 0.1704
v 2.0806 5.8742 0.1336
v 2.2648 5.8404 0.1873
v 2.351 5.8104 0.3108
v 2.6348 5.7294 0.2536
v 2.5524 5.7021 0.5239
v 2.2596 5.7134 0.7329
v 1.8682 5.759 0.8009
v 1.5279 5.8214 0.7017
v 1.3685 5.8769 0.4734
v 1.451 5.9041 0.2031
v 1.7438 5.8928 -0.006
v 2.1351 5.8472 -0.0739
v 2.4755 5.7848 0.0253
v 2.6348 5.7294 0.2536
v 2.819 5.6361 0.2097
v 2.7112 5.6005 0.5629
v 2.3286 5.6153 0.836
v 1.8173 5.6748 0.9248
v 1.3726 5.7564 0.7952
v 1.1644 5.8288 0.4969
v 1.2721 5.8644 0.1437
v 1.6547 5.8496 -0.1294
v 2.166 5.7901 -0.2181
v 2.6107 5.7086 -0.0886
v 2.819 5.6361 0.2097
v 2.8753 5.5449 0.1859
v 2.7587 5.5063 0.5682
v 2.3446 5.5223 0.8638
v 1.7912 5.5867 0.9599
v 1.3098 5.675 0.8196
v 1.0844 5.7534 0.4967
v 1.2011 5.792 0.1145
v 1.6152 5.776 -0.1812
v 2.1686 5.7115 -0.2772
v 2.6499 5.6232 -0.137
v 2.8753 5.5449 0.1859
v 2.7954 5.4694 0.1857
v 2.6876 5.4338 0.5389
v 2.305 5.4486 0.812
v 1.7938 5.5081 0.9008
v 1.3491 5.5897 0.7712
v 1.1408 5.6621 0.4729
v 1.2486 5.6977 0.1197
v 1.6312 5.683 -0.1534
v 2.1424 5.6234 -0.2421
v 2.5871 5.5419 -0.1126
v 2.7954 5.4694 0.1857
v 2.5913 5.4214 0.2093
v 2.5088 5.3941 0.4796
v 2.216 5.4054 0.6886
v 1.8247 5.451 0.7565
v 1.4843 5.5134 0.6574
v 1.3249 5.5689 0.429
v 1.4074 5.5961 0.1587
v 1.7002 5.5848 -0.0503
v 2.0915 5.5392 -0.1182
v 2.4319 5.4768 -0.0191
v 2.5913 5.4214 0.2093
v 2.2941 5.408 0.2529
v 2.2495 5.3933 0.3992
v 2.091 5.3994 0.5123
v 1.8792 5.424 0.549
v 1.695 5.4578 0.4954
v 1.6088 5.4878 0.3718
v 1.6534 5.5026 0.2255
v 1.8119 5.4965 0.1124
v 2.0236 5.4718 0.0756
v 2.2078 5.438 0.1293
v 2.2941 5.408 0.2529
v 1.9491 5.4313 0.31
v 1.9491 5.4313 0.31
v 1.9491 5.4313 0.31
v 1.9491 5.4313 0.31
v 1.9491 5.4313 0.31
v 1.9491 5.4313 0.31
v 1.9491 5.4313 0.31
v 1.9491 5.4313 0.31
v 1.9491 5.4313 0.31
v 1.9491 5.4313 0.31
v 1.9491 5.4313 0.31
v 2.2987 5.5824 0.2881
v 2.2987 5.5824 0.487
v 2.2987 5.7812 0.2881
v 2.2987 5.7812 0.487
v 2.4976 5.5824 0.2881
v 2.4976 5.5824 0.487
v 2.4976 5.7812 0.2881
v 2.4976 5.7812 0.487
v 2.3981 5.6204 0.2267
v 2.3981 5.6204 0.5484
v 2.3981 5.7433 0.2267
v 2.3981 5.7433 0.5484
v 2.3367 5.5209 0.3875
v 2.3367 5.8427 0.3875
v 2.4596 5.5209 0.3875
v 2.4596 5.8427 0.3875
v 2.2373 5.6818 0.3261
v 2.2373 5.6818 0.449
v 2.559 5.6818 0.3261
v 2.559 5.6818 0.449
v 0.0743 5.246 -0.0878
v 0.0716 5.1625 -0.0334
v 0.015 5.1418 0.0462
v -0.0529 5.1997 0.091
v -0.0809 5.2924 0.0672
v -0.0481 5.3503 -0.0071
v 0.021 5.3296 -0.0761
v 0.6972 5.5801 0.4811
v 0.6953 5.5199 0.5203
v 0.6546 5.5051 0.5776
v 0.6057 5.5467 0.6098
v 0.5855 5.6135 0.5927
v 0.6091 5.6552 0.5392
v 0.6589 5.6403 0.4895
v 0 5.246 0
v 0.6437 5.5801 0.5443
v 0.6877 5.5801 0.4924
v 0.6796 5.5281 0.5191
v 0.6446 5.5153 0.5648
v 0.6089 5.5513 0.5951
v 0.5995 5.609 0.5871
v 0.6234 5.6449 0.5469
v 0.6626 5.6321 0.5048
v 2.101 5.9795 1.7124
v 2.0952 5.942 1.7317
v 2.07 5.9328 1.7646
v 2.0443 5.9587 1.7864
v 2.0375 6.0002 1.7806
v 2.0547 6.0261 1.7517
v 2.083 6.0169 1.7213
v 0.6437 5.5801 0.5443
v 2.0694 5.9795 1.7498
v 2.0787 6.2259 1.776
v 2.0787 6.2259 1.776
v 2.0787 6.2259 1.776
v 2.0787 6.2259 1.776
v 2.0787 6.2259 1.776
v 2.0787 6.2259 1.776
v 2.0787 6.2259 1.776
v 2.0787 6.2259 1.776
v 2.0787 6.2259 1.776
v 2.0787 6.2259 1.776
v 2.0787 6.2259 1.776
v 2.4714 6.2277 1.441
v 2.5431 6.1999 1.6765
v 2.4371 6.1749 1.9493
v 2.194 6.1622 2.1551
v 1.9066 6.1667 2.2154
v 1.6847 6.1866 2.1071
v 1.613 6.2144 1.8716
v 1.7189 6.2394 1.5988
v 1.962 6.2521 1.393
v 2.2495 6.2476 1.3327
v 2.4714 6.2277 1.441
v 2.8029 6.1917 1.1529
v 2.9353 6.1403 1.5881
v 2.7396 6.0941 2.0922
v 2.2903 6.0706 2.4725
v 1.7592 6.0789 2.5839
v 1.3491 6.1158 2.3838
v 1.2167 6.1671 1.9486
v 1.4125 6.2133 1.4446
v 1.8617 6.2368 1.0642
v 2.3928 6.2285 0.9528
v 2.8029 6.1917 1.1529
v 3.0227 6.1234 0.9557
v 3.1957 6.0563 1.5243
v 2.9399 5.9959 2.1829
v 2.353 5.9652 2.6799
v 1.6591 5.976 2.8255
v 1.1233 6.0242 2.564
v 0.9502 6.0913 1.9954
v 1.206 6.1517 1.3368
v 1.793 6.1823 0.8398
v 2.4869 6.1715 0.6943
v 3.0227 6.1234 0.9557
v 3.0974 6.0331 0.8794
v 3.2847 5.9605 1.4949
v 3.0078 5.8951 2.2077
v 2.3725 5.862 2.7457
v 1.6214 5.8737 2.9032
v 1.0414 5.9258 2.6202
v 0.8541 5.9984 2.0047
v 1.131 6.0638 1.2919
v 1.7663 6.097 0.754
v 2.5174 6.0853 0.5964
v 3.0974 6.0331 0.8794
v 3.0155 5.9348 0.9356
v 3.1886 5.8677 1.5043
v 2.9328 5.8073 2.1628
v 2.3458 5.7766 2.6598
v 1.6519 5.7874 2.8054
v 1.1161 5.8356 2.5439
v 0.9431 5.9027 1.9753
v 1.1989 5.9631 1.3167
v 1.7858 5.9937 0.8197
v 2.4797 5.9829 0.6742
v 3.0155 5.9348 0.9356
v 2.7897 5.8432 1.1158
v 2.9221 5.7918 1.551
v 2.7263 5.7456 2.0551
v 2.2771 5.7221 2.4354
v 1.746 5.7304 2.5468
v 1.3359 5.7673 2.3467
v 1.2035 5.8186 1.9115
v 1.3993 5.8648 1.4075
v 1.8485 5.8883 1.0271
v 2.3796 5.88 0.9157
v 2.7897 5.8432 1.1158
v 2.4542 5.7723 1.3925
v 2.5258 5.7445 1.628
v 2.4199 5.7195 1.9008
v 2.1768 5.7068 2.1067
v 1.8893 5.7113 2.167
v 1.6674 5.7312 2.0587
v 1.5957 5.759 1.8231
v 1.7017 5.7841 1.5503
v 1.9448 5.7968 1.3445
v 2.2322 5.7923 1.2842
v 2.4542 5.7723 1.3925
v 2.0601 5.733 1.7236
v 2.0601 5.733 1.7236
v 2.0601 5.733 1.7236
v 2.0601 5.733 1.7236
v 2.0601 5.733 1.7236
v 2.0601 5.733 1.7236
v 2.0601 5.733 1.7236
v 2.0601 5.733 1.7236
v 2.0601 5.733 1.7236
v 2.0601 5.733 1.7236
v 2.0601 5.733 1.7236
v 2.3694 5.8526 1.9985
v 2.3694 5.8526 2.3252
v 2.3694 6.1793 1.9985
v 2.3694 6.1793 2.3252
v 2.6962 5.8526 1.9985
v 2.6962 5.8526 2.3252
v 2.6962 6.1793 1.9985
v 2.6962 6.1793 2.3252
v 2.5328 5.915 1.8975
v 2.5328 5.915 2.4262
v 2.5328 6.1169 1.8975
v 2.5328 6.1169 2.4262
v 2.4318 5.7516 2.1619
v 2.4318 6.2803 2.1619
v 2.6338 5.7516 2.1619
v 2.6338 6.2803 2.1619
v 2.2684 6.0159 2.0609
v 2.2684 6.0159 2.2628
v 2.7971 6.0159 2.0609
v 2.7971 6.0159 2.2628
v 0.1143 4.6633 0.0128
v 0.0681 4.5779 0.036
v -0.0294 4.5568 0.0321
v -0.1047 4.6159 0.004
v -0.1012 4.7107 -0.0271
v -0.0215 4.7697 -0.0378
v 0.0744 4.7487 -0.02
v -0.0166 4.9554 0.8892
v -0.0498 4.8939 0.9059
v -0.12 4.8788 0.9031
v -0.1742 4.9213 0.8829
v -0.1717 4.9895 0.8605
v -0.1143 5.0321 0.8528
v -0.0453 5.0169 0.8656
v 0 4.6633 0
v -0.0988 4.9554 0.88
v -0.0313 4.9554 0.8876
v -0.06 4.911 0.9138
v -0.1179 4.9 0.9145
v -0.1615 4.9308 0.8893
v -0.1579 4.9801 0.857
v -0.1098 5.0108 0.8421
v -0.0534 4.9998 0.8557
v -0.1596 5.6003 1.8597
v -0.1803 5.5683 1.8786
v -0.222 5.5604 1.8791
v -0.2534 5.5825 1.8609
v -0.2508 5.618 1.8377
v -0.2162 5.6402 1.827
v -0.1756 5.6323 1.8367
v -0.0988 4.9554 0.88
v -0.2083 5.6003 1.8542
v -0.2562 5.8749 1.857
v -0.2562 5.8749 1.857
v -0.2562 5.8749 1.857
v -0.2562 5.8749 1.857
v -0.2562 5.8749 1.857
v -0.2562 5.8749 1.857
v -0.2562 5.8749 1.857
v -0.2562 5.8749 1.857
v -0.2562 5.8749 1.857
v -0.2562 5.8749 1.857
v -0.2562 5.8749 1.857
v -0.3077 5.8492 1.3634
v -0.1084 5.8833 1.4362
v 0.0359 5.9062 1.6696
v 0.0701 5.9091 1.9745
v -0.019 5.891 2.2345
v -0.1973 5.8587 2.3501
v -0.3967 5.8246 2.2774
v -0.541 5.8018 2.0439
v -0.5751 5.7989 1.739
v -0.486 5.817 1.4791
v -0.3077 5.8492 1.3634
v -0.3441 5.7857 0.9445
v 0.0242 5.8487 1.079
v 0.2909 5.8909 1.5103
v 0.3539 5.8963 2.0738
v 0.1893 5.8628 2.5541
v -0.1401 5.8032 2.7678
v -0.5085 5.7402 2.6333
v -0.7751 5.698 2.202
v -0.8382 5.6926 1.6386
v -0.6736 5.7261 1.1583
v -0.3441 5.7857 0.9445
v -0.3599 5.694 0.6642
v 0.1214 5.7762 0.8399
v 0.4698 5.8314 1.4034
v 0.5522 5.8384 2.1396
v 0.3371 5.7947 2.7671
v -0.0933 5.7168 3.0464
v -0.5746 5.6345 2.8707
v -0.923 5.5794 2.3071
v -1.0054 5.5723 1.571
v -0.7903 5.6161 0.9434
v -0.3599 5.694 0.6642
v -0.3525 5.5879 0.565
v 0.1684 5.6769 0.7552
v 0.5455 5.7367 1.3652
v 0.6347 5.7443 2.162
v 0.4019 5.6969 2.8412
v -0.064 5.6126 3.1435
v -0.5849 5.5236 2.9533
v -0.962 5.4639 2.3433
v -1.0512 5.4563 1.5465
v -0.8184 5.5036 0.8672
v -0.3525 5.5879 0.565
v -0.3232 5.4838 0.6621
v 0.1581 5.566 0.8378
v 0.5065 5.6212 1.4013
v 0.5889 5.6283 2.1375
v 0.3738 5.5845 2.7651
v -0.0566 5.5066 3.0443
v -0.5379 5.4244 2.8686
v -0.8863 5.3692 2.3051
v -0.9687 5.3622 1.5689
v -0.7536 5.4059 0.9413
v -0.3232 5.4838 0.6621
v -0.2764 5.3974 0.9407
v 0.092 5.4603 1.0751
v 0.3586 5.5026 1.5065
v 0.4217 5.508 2.0699
v 0.2571 5.4745 2.5502
v -0.0724 5.4149 2.764
v -0.4407 5.3519 2.6295
v -0.7074 5.3097 2.1981
v -0.7704 5.3043 1.6347
v -0.6058 5.3378 1.1544
v -0.2764 5.3974 0.9407
v -0.2192 5.3419 1.3583
v -0.0198 5.3759 1.4311
v 0.1245 5.3988 1.6646
v 0.1586 5.4017 1.9695
v 0.0695 5.3836 2.2294
v -0.1088 5.3513 2.3451
v -0.3081 5.3173 2.2723
v -0.4524 5.2944 2.0389
v -0.4866 5.2915 1.734
v -0.3975 5.3096 1.474
v -0.2192 5.3419 1.3583
v -0.1603 5.3257 1.8515
v -0.1603 5.3257 1.8515
v -0.1603 5.3257 1.8515
v -0.1603 5.3257 1.8515
v -0.1603 5.3257 1.8515
v -0.1603 5.3257 1.8515
v -0.1603 5.3257 1.8515
v -0.1603 5.3257 1.8515
v -0.1603 5.3257 1.8515
v -0.1603 5.3257 1.8515
v -0.1603 5.3257 1.8515
v -0.444 5.5026 2.3044
v -0.444 5.5026 2.5817
v -0.444 5.7799 2.3044
v -0.444 5.7799 2.5817
v -0.1668 5.5026 2.3044
v -0.1668 5.5026 2.5817
v -0.1668 5.7799 2.3044
v -0.1668 5.7799 2.5817
v -0.3054 5.5556 2.2187
v -0.3054 5.5556 2.6674
v -0.3054 5.727 2.2187
v -0.3054 5.727 2.6674
v -0.3911 5.417 2.4431
v -0.3911 5.8656 2.4431
v -0.2197 5.417 2.4431
v -0.2197 5.8656 2.4431
v -0.5297 5.6413 2.3574
v -0.5297 5.6413 2.5288
v -0.0811 5.6413 2.3574
v -0.0811 5.6413 2.5288
v 0.0677 4.7005 0.0929
v 0.0299 4.6119 0.0669
v -0.0305 4.59 -0.0095
v -0.0679 4.6514 -0.0787
v -0.0542 4.7497 -0.0887
v 0.0003 4.811 -0.0319
v 0.0546 4.7891 0.049
v -0.601 4.839 0.5403
v -0.6282 4.7752 0.5216
v -0.6716 4.7595 0.4666
v -0.6986 4.8036 0.4167
v -0.6887 4.8744 0.4095
v -0.6495 4.9186 0.4505
v -0.6104 4.9028 0.5087
v 0 4.7005 0
v -0.6497 4.839 0.4734
v -0.6097 4.839 0.5284
v -0.6439 4.7915 0.5217
v -0.6825 4.7797 0.4786
v -0.6964 4.8126 0.4317
v -0.6752 4.8654 0.4162
v -0.6347 4.8984 0.4438
v -0.6056 4.8866 0.4937
v -1.5058 5.3848 1.1578
v -1.5304 5.3506 1.1529
v -1.5582 5.3421 1.1219
v -1.5682 5.3658 1.0881
v -1.5529 5.4038 1.077
v -1.5238 5.4275 1.0969
v -1.5028 5.4191 1.1328
v -0.6497 4.839 0.4734
v -1.5346 5.3848 1.1182
v -1.5356 5.6588 1.1438
v -1.5356 5.6588 1.1438
v -1.5356 5.6588 1.1438
v -1.5356 5.6588 1.1438
v -1.5356 5.6588 1.1438
v -1.5356 5.6588 1.1438
v -1.5356 5.6588 1.1438
v -1.5356 5.6588 1.1438
v -1.5356 5.6588 1.1438
v -1.5356 5.6588 1.1438
v -1.5356 5.6588 1.1438
v -1.8893 5.6607 0.8834
v -1.6972 5.6726 0.7637
v -1.4434 5.6712 0.7883
v -1.2247 5.6571 0.948
v -1.1247 5.6357 1.1817
v -1.1817 5.6151 1.4002
v -1.3738 5.6032 1.5199
v -1.6277 5.6046 1.4953
v -1.8463 5.6187 1.3356
v -1.9463 5.6401 1.1019
v -1.8893 5.6607 0.8834
v -2.1891 5.6207 0.6589
v -1.8341 5.6426 0.4376
v -1.365 5.6401 0.4831
v -0.9609 5.614 0.7782
v -0.7763 5.5744 1.21
v -0.8815 5.5364 1.6137
v -1.2365 5.5144 1.835
v -1.7056 5.517 1.7894
v -2.1096 5.543 1.4944
v -2.2943 5.5826 1.0625
v -2.1891 5.6207 0.6589
v -2.3892 5.5447 0.5042
v -1.9254 5.5734 0.2151
v -1.3125 5.5701 0.2746
v -0.7845 5.536 0.6601
v -0.5432 5.4843 1.2243
v -0.6807 5.4346 1.7517
v -1.1445 5.4059 2.0409
v -1.7574 5.4092 1.9813
v -2.2854 5.4433 1.5958
v -2.5267 5.495 1.0316
v -2.3892 5.5447 0.5042
v -2.4592 5.4444 0.4431
v -1.9572 5.4755 0.1301
v -1.2938 5.4719 0.1945
v -0.7223 5.435 0.6118
v -0.4611 5.379 1.2225
v -0.61 5.3252 1.7933
v -1.112 5.2942 2.1063
v -1.7754 5.2978 2.0419
v -2.3468 5.3346 1.6246
v -2.608 5.3906 1.0139
v -2.4592 5.4444 0.4431
v -2.3884 5.3351 0.4847
v -1.9246 5.3637 0.1955
v -1.3117 5.3604 0.2551
v -0.7838 5.3264 0.6406
v -0.5425 5.2746 1.2047
v -0.68 5.2249 1.7322
v -1.1438 5.1962 2.0213
v -1.7567 5.1996 1.9618
v -2.2846 5.2336 1.5763
v -2.5259 5.2854 1.0121
v -2.3884 5.3351 0.4847
v -2.1877 5.2333 0.6227
v -1.8327 5.2552 0.4014
v -1.3636 5.2527 0.447
v -0.9595 5.2266 0.742
v -0.7748 5.187 1.1739
v -0.8801 5.149 1.5775
v -1.235 5.127 1.7988
v -1.7042 5.1296 1.7533
v -2.1082 5.1556 1.4582
v -2.2929 5.1952 1.0264
v -2.1877 5.2333 0.6227
v -1.8875 5.1546 0.8362
v -1.6954 5.1664 0.7165
v -1.4415 5.1651 0.7411
v -1.2228 5.151 0.9008
v -1.1229 5.1295 1.1345
v -1.1798 5.1089 1.3529
v -1.3719 5.0971 1.4727
v -1.6258 5.0984 1.4481
v -1.8445 5.1125 1.2884
v -1.9444 5.134 1.0547
v -1.8875 5.1546 0.8362
v -1.5336 5.1109 1.0926
v -1.5336 5.1109 1.0926
v -1.5336 5.1109 1.0926
v -1.5336 5.1109 1.0926
v -1.5336 5.1109 1.0926
v -1.5336 5.1109 1.0926
v -1.5336 5.1109 1.0926
v -1.5336 5.1109 1.0926
v -1.5336 5.1109 1.0926
v -1.5336 5.1109 1.0926
v -1.5336 5.1109 1.0926
v -2.0855 5.2739 1.311
v -2.0855 5.2739 1.6138
v -2.0855 5.5767 1.311
v -2.0855 5.5767 1.6138
v -1.7827 5.2739 1.311
v -1.7827 5.2739 1.6138
v -1.7827 5.5767 1.311
v -1.7827 5.5767 1.6138
v -1.9341 5.3317 1.2175
v -1.9341 5.3317 1.7074
v -1.9341 5.5188 1.2175
v -1.9341 5.5188 1.7074
v -2.0276 5.1803 1.4624
v -2.0276 5.6702 1.4624
v -1.8405 5.1803 1.4624
v -1.8405 5.6702 1.4624
v -2.179 5.4253 1.3689
v -2.179 5.4253 1.556
v -1.6891 5.4253 1.3689
v -1.6891 5.4253 1.556
v 0.0097 5.0935 0.1146
v -0.0141 5.0059 0.0732
v -0.0273 4.9843 -0.0234
v -0.0199 5.0449 -0.1023
v 0.0025 5.1421 -0.1042
v 0.023 5.2027 -0.0276
v 0.0262 5.1811 0.0697
v -0.7204 5.2621 0.1441
v -0.7376 5.199 0.1142
v -0.7471 5.1834 0.0447
v -0.7418 5.2271 -0.0121
v -0.7257 5.2971 -0.0135
v -0.7109 5.3407 0.0417
v -0.7086 5.3251 0.1118
v 0 5.0935 0
v -0.7274 5.2621 0.0616
v -0.7217 5.2621 0.1293
v -0.7488 5.2152 0.1059
v -0.7598 5.2036 0.0491
v -0.7464 5.236 0.0017
v -0.7188 5.2881 -0.0007
v -0.6976 5.3206 0.0438
v -0.6989 5.309 0.1017
v -1.9354 5.9107 0.2129
v -1.9549 5.8769 0.196
v -1.9628 5.8686 0.1551
v -1.9532 5.892 0.121
v -1.9333 5.9295 0.1193
v -1.9181 5.9528 0.1514
v -1.919 5.9445 0.193
v -0.7274 5.2621 0.0616
v -1.9395 5.9107 0.1641
v -1.9363 6.1573 0.149
v -1.9363 6.1573 0.149
v -1.9363 6.1573 0.149
v -1.9363 6.1573 0.149
v -1.9363 6.1573 0.149
v -1.9363 6.1573 0.149
v -1.9363 6.1573 0.149
v -1.9363 6.1573 0.149
v -1.9363 6.1573 0.149
v -1.9363 6.1573 0.149
v -1.9363 6.1573 0.149
v -2.4398 6.1425 0.1076
v -2.3306 6.1321 -0.0401
v -2.0708 6.1241 -0.1151
v -1.7598 6.1217 -0.0887
v -1.5163 6.1257 0.0288
v -1.4333 6.1346 0.1928
v -1.5425 6.145 0.3404
v -1.8023 6.153 0.4154
v -2.1133 6.1554 0.3891
v -2.3568 6.1514 0.2715
v -2.4398 6.1425 0.1076
v -2.8671 6.0924 0.0748
v -2.6653 6.0731 -0.1981
v -2.1854 6.0584 -0.3366
v -1.6107 6.0539 -0.288
v -1.1608 6.0613 -0.0708
v -1.0074 6.0778 0.2321
v -1.2092 6.0971 0.505
v -1.6891 6.1118 0.6436
v -2.2638 6.1163 0.5949
v -2.7137 6.1089 0.3777
v -2.8671 6.0924 0.0748
v -3.1532 6.0146 0.0555
v -2.8895 5.9894 -0.3009
v -2.2625 5.9702 -0.482
v -1.5117 5.9643 -0.4185
v -0.9238 5.974 -0.1346
v -0.7234 5.9955 0.2611
v -0.9871 6.0207 0.6176
v -1.6141 6.04 0.7987
v -2.3649 6.0459 0.7352
v -2.9528 6.0362 0.4513
v -3.1532 6.0146 0.0555
v -3.2545 5.921 0.0528
v -2.9691 5.8938 -0.333
v -2.2905 5.8729 -0.529
v -1.4778 5.8666 -0.4602
v -0.8414 5.877 -0.153
v -0.6245 5.9004 0.2754
v -0.9099 5.9277 0.6612
v -1.5886 5.9485 0.8572
v -2.4013 5.9549 0.7885
v -3.0376 5.9444 0.4812
v -3.2545 5.921 0.0528
v -3.1556 5.8259 0.0671
v -2.892 5.8007 -0.2894
v -2.265 5.7814 -0.4705
v -1.5141 5.7755 -0.407
v -0.9262 5.7852 -0.1231
v -0.7259 5.8068 0.2727
v -0.9895 5.832 0.6292
v -1.6165 5.8512 0.8102
v -2.3674 5.8571 0.7467
v -2.9553 5.8474 0.4628
v -3.1556 5.8259 0.0671
v -2.8716 5.7436 0.0961
v -2.6698 5.7243 -0.1768
v -2.1899 5.7096 -0.3153
v -1.6153 5.7051 -0.2667
v -1.1653 5.7125 -0.0495
v -1.012 5.729 0.2534
v -1.2138 5.7483 0.5263
v -1.6936 5.763 0.6649
v -2.2683 5.7675 0.6162
v -2.7183 5.7601 0.399
v -2.8716 5.7436 0.0961
v -2.4457 5.6868 0.1354
v -2.3365 5.6764 -0.0122
v -2.0768 5.6684 -0.0872
v -1.7658 5.666 -0.0609
v -1.5223 5.67 0.0567
v -1.4393 5.6789 0.2206
v -1.5485 5.6893 0.3683
v -1.8082 5.6973 0.4433
v -2.1192 5.6998 0.417
v -2.3627 5.6957 0.2994
v -2.4457 5.6868 0.1354
v -1.9427 5.6641 0.1792
v -1.9427 5.6641 0.1792
v -1.9427 5.6641 0.1792
v -1.9427 5.6641 0.1792
v -1.9427 5.6641 0.1792
v -1.9427 5.6641 0.1792
v -1.9427 5.6641 0.1792
v -1.9427 5.6641 0.1792
v -1.9427 5.6641 0.1792
v -1.9427 5.6641 0.1792
v -1.9427 5.6641 0.1792
v -2.6591 5.8345 0.0622
v -2.6591 5.8345 0.2874
v -2.6591 6.0596 0.0622
v -2.6591 6.0596 0.2874
v -2.4339 5.8345 0.0622
v -2.4339 5.8345 0.2874
v -2.4339 6.0596 0.0622
v -2.4339 6.0596 0.2874
v -2.5465 5.8775 -0.0073
v -2.5465 5.8775 0.357
v -2.5465 6.0166 -0.0073
v -2.5465 6.0166 0.357
v -2.6161 5.7649 0.1748
v -2.6161 6.1292 0.1748
v -2.4769 5.7649 0.1748
v -2.4769 6.1292 0.1748
v -2.7287 5.947 0.1052
v -2.7287 5.947 0.2444
v -2.3643 5.947 0.1052
v -2.3643 5.947 0.2444
v -0.0812 4.717 0.0814
v -0.07 4.6313 0.0314
v -0.0061 4.6102 -0.0423
v 0.0624 4.6694 -0.0841
v 0.0839 4.7645 -0.0626
v 0.0423 4.8237 0.006
v -0.0312 4.8026 0.0701
v -0.6529 4.9858 -0.5342
v -0.6449 4.9242 -0.5702
v -0.5989 4.909 -0.6232
v -0.5495 4.9516 -0.6533
v -0.534 5.0201 -0.6379
v -0.564 5.0627 -0.5884
v -0.6169 5.0475 -0.5423
v 0 4.717 0
v -0.5944 4.9858 -0.5928
v -0.6425 4.9858 -0.5446
v -0.6322 4.9338 -0.5705
v -0.5935 4.921 -0.6132
v -0.5555 4.957 -0.6405
v -0.5469 5.0147 -0.6319
v -0.574 5.0507 -0.5938
v -0.6166 5.0379 -0.555
v -1.5587 5.2637 -1.4852
v -1.5513 5.2263 -1.5039
v -1.5234 5.217 -1.5346
v -1.4961 5.243 -1.5542
v -1.4899 5.2845 -1.548
v -1.5094 5.3104 -1.5206
v -1.5401 5.3012 -1.4927
v -0.5944 4.9858 -0.5928
v -1.5241 5.2637 -1.5199
v -1.5437 5.4808 -1.5362
v -1.5437 5.4808 -1.5362
v -1.5437 5.4808 -1.5362
v -1.5437 5.4808 -1.5362
v -1.5437 5.4808 -1.5362
v -1.5437 5.4808 -1.5362
v -1.5437 5.4808 -1.5362
v -1.5437 5.4808 -1.5362
v -1.5437 5.4808 -1.5362
v -1.5437 5.4808 -1.5362
v -1.5437 5.4808 -1.5362
v -1.7963 5.4604 -1.2815
v -1.892 5.4373 -1.4748
v -1.8541 5.4245 -1.6912
v -1.697 5.4269 -1.8478
v -1.4808 5.4436 -1.885
v -1.288 5.4682 -1.7884
v -1.1923 5.4913 -1.595
v -1.2303 5.5041 -1.3787
v -1.3874 5.5017 -1.222
v -1.6036 5.485 -1.1849
v -1.7963 5.4604 -1.2815
v -2.0076 5.4101 -1.063
v -2.1844 5.3674 -1.4204
v -2.1143 5.3437 -1.8201
v -1.824 5.3481 -2.1096
v -1.4245 5.3789 -2.1782
v -1.0683 5.4244 -1.9998
v -0.8915 5.4671 -1.6424
v -0.9616 5.4907 -1.2427
v -1.2519 5.4863 -0.9532
v -1.6514 5.4555 -0.8846
v -2.0076 5.4101 -1.063
v -2.1452 5.3375 -0.9142
v -2.3762 5.2817 -1.3811
v -2.2846 5.2508 -1.9033
v -1.9054 5.2565 -2.2815
v -1.3834 5.2968 -2.3712
v -0.918 5.3562 -2.1381
v -0.687 5.4119 -1.6712
v -0.7786 5.4429 -1.1489
v -1.1578 5.4371 -0.7707
v -1.6798 5.3968 -0.6811
v -2.1452 5.3375 -0.9142
v -2.1883 5.2536 -0.8575
v -2.4383 5.1932 -1.3629
v -2.3392 5.1598 -1.9282
v -1.9287 5.166 -2.3375
v -1.3637 5.2096 -2.4346
v -0.86 5.2739 -2.1822
v -0.61 5.3342 -1.6769
v -0.7091 5.3677 -1.1116
v -1.1196 5.3615 -0.7023
v -1.6845 5.3179 -0.6052
v -2.1883 5.2536 -0.8575
v -2.1302 5.1713 -0.9017
v -2.3612 5.1155 -1.3686
v -2.2696 5.0846 -1.8909
v -1.8904 5.0904 -2.2691
v -1.3685 5.1307 -2.3587
v -0.9031 5.19 -2.1256
v -0.6721 5.2458 -1.6587
v -0.7637 5.2767 -1.1365
v -1.1429 5.271 -0.7583
v -1.6649 5.2307 -0.6686
v -2.1302 5.1713 -0.9017
v -1.9799 5.1031 -1.04
v -2.1567 5.0604 -1.3974
v -2.0866 5.0368 -1.7971
v -1.7964 5.0412 -2.0866
v -1.3969 5.072 -2.1552
v -1.0407 5.1174 -1.9767
v -0.8639 5.1601 -1.6194
v -0.934 5.1838 -1.2197
v -1.2242 5.1794 -0.9302
v -1.6237 5.1485 -0.8616
v -1.9799 5.1031 -1.04
v -1.7602 5.0593 -1.2514
v -1.8559 5.0362 -1.4448
v -1.818 5.0234 -1.6611
v -1.6609 5.0258 -1.8178
v -1.4447 5.0425 -1.8549
v -1.2519 5.0671 -1.7583
v -1.1563 5.0902 -1.565
v -1.1942 5.103 -1.3486
v -1.3513 5.1006 -1.192
v -1.5675 5.0839 -1.1548
v -1.7602 5.0593 -1.2514
v -1.5046 5.0467 -1.5036
v -1.5046 5.0467 -1.5036
v -1.5046 5.0467 -1.5036
v -1.5046 5.0467 -1.5036
v -1.5046 5.0467 -1.5036
v -1.5046 5.0467 -1.5036
v -1.5046 5.0467 -1.5036
v -1.5046 5.0467 -1.5036
v -1.5046 5.0467 -1.5036
v -1.5046 5.0467 -1.5036
v -1.5046 5.0467 -1.5036
v -1.9926 5.1479 -1.9567
v -1.9926 5.1479 -1.6608
v -1.9926 5.4438 -1.9567
v -1.9926 5.4438 -1.6608
v -1.6967 5.1479 -1.9567
v -1.6967 5.1479 -1.6608
v -1.6967 5.4438 -1.9567
v -1.6967 5.4438 -1.6608
v -1.8447 5.2044 -2.0482
v -1.8447 5.2044 -1.5693
v -1.8447 5.3873 -2.0482
v -1.8447 5.3873 -1.5693
v -1.9361 5.0565 -1.8087
v -1.9361 5.5353 -1.8087
v -1.7532 5.0565 -1.8087
v -1.7532 5.5353 -1.8087
v -2.0841 5.2959 -1.9002
v -2.0841 5.2959 -1.7173
v -1.6053 5.2959 -1.9002
v -1.6053 5.2959 -1.7173
v -0.1148 4.7889 0.0069
v -0.0733 4.7036 -0.0242
v 0.0234 4.6826 -0.0371
v 0.1025 4.7416 -0.022
v 0.1044 4.8362 0.0096
v 0.0277 4.8952 0.034
v -0.0699 4.8742 0.0328
v -0.1286 5.0454 -0.7596
v -0.0987 4.984 -0.782
v -0.0291 4.9689 -0.7913
v 0.0278 5.0114 -0.7805
v 0.0292 5.0795 -0.7577
v -0.026 5.122 -0.7401
v -0.0963 5.1068 -0.741
v 0 4.7889 0
v -0.046 5.0454 -0.7646
v -0.1138 5.0454 -0.7605
v -0.0892 4.9943 -0.7767
v -0.0319 4.9817 -0.7838
v 0.0147 5.0171 -0.7764
v 0.0157 5.0738 -0.7601
v -0.0297 5.1091 -0.7472
v -0.0874 5.0965 -0.7474
v -0.2065 5.581 -2.6197
v -0.1887 5.5442 -2.6314
v -0.1475 5.5351 -2.6365
v -0.1139 5.5606 -2.6312
v -0.1132 5.6014 -2.6195
v -0.146 5.6269 -2.6102
v -0.1875 5.6178 -2.6103
v -0.046 5.0454 -0.7646
v -0.1576 5.581 -2.6227
v -0.1557 5.804 -2.6225
v -0.1557 5.804 -2.6225
v -0.1557 5.804 -2.6225
v -0.1557 5.804 -2.6225
v -0.1557 5.804 -2.6225
v -0.1557 5.804 -2.6225
v -0.1557 5.804 -2.6225
v -0.1557 5.804 -2.6225
v -0.1557 5.804 -2.6225
v -0.1557 5.804 -2.6225
v -0.1557 5.804 -2.6225
v -0.1833 5.7869 -2.1659
v -0.4247 5.7891 -2.268
v -0.5634 5.7905 -2.5054
v -0.5465 5.7905 -2.7876
v -0.3803 5.7892 -3.0068
v -0.1284 5.7871 -3.0791
v 0.113 5.7849 -2.9771
v 0.2518 5.7836 -2.7397
v 0.2348 5.7835 -2.4574
v 0.0686 5.7848 -2.2383
v -0.1833 5.7869 -2.1659
v -0.207 5.7385 -1.7789
v -0.6531 5.7425 -1.9674
v -0.9094 5.745 -2.4062
v -0.8781 5.7451 -2.9276
v -0.571 5.7428 -3.3325
v -0.1055 5.7388 -3.4663
v 0.3406 5.7348 -3.2778
v 0.5969 5.7323 -2.839
v 0.5656 5.7322 -2.3175
v 0.2585 5.7346 -1.9126
v -0.207 5.7385 -1.7789
v -0.2231 5.6661 -1.5203
v -0.806 5.6714 -1.7666
v -1.1409 5.6747 -2.3399
v -1.1 5.6748 -3.0212
v -0.6988 5.6717 -3.5502
v -0.0906 5.6665 -3.725
v 0.4923 5.6613 -3.4787
v 0.8272 5.658 -2.9054
v 0.7862 5.6579 -2.2241
v 0.3851 5.661 -1.695
v -0.2231 5.6661 -1.5203
v -0.2293 5.5808 -1.4295
v -0.8602 5.5865 -1.6961
v -1.2228 5.59 -2.3166
v -1.1784 5.5902 -3.0541
v -0.7442 5.5868 -3.6267
v -0.0859 5.5812 -3.8159
v 0.545 5.5756 -3.5493
v 0.9075 5.572 -2.9287
v 0.8632 5.5719 -2.1913
v 0.429 5.5752 -1.6186
v -0.2293 5.5808 -1.4295
v -0.2246 5.4955 -1.5204
v -0.8075 5.5007 -1.7667
v -1.1424 5.504 -2.34
v -1.1015 5.5042 -3.0213
v -0.7003 5.5011 -3.5504
v -0.0921 5.4959 -3.7251
v 0.4908 5.4907 -3.4788
v 0.8257 5.4874 -2.9055
v 0.7848 5.4872 -2.2242
v 0.3836 5.4904 -1.6951
v -0.2246 5.4955 -1.5204
v -0.2097 5.4232 -1.7791
v -0.6558 5.4272 -1.9676
v -0.9122 5.4297 -2.4064
v -0.8808 5.4298 -2.9278
v -0.5738 5.4275 -3.3328
v -0.1083 5.4235 -3.4665
v 0.3378 5.4195 -3.278
v 0.5942 5.417 -2.8392
v 0.5629 5.4169 -2.3178
v 0.2558 5.4193 -1.9128
v -0.2097 5.4232 -1.7791
v -0.1868 5.375 -2.1662
v -0.4283 5.3771 -2.2682
v -0.567 5.3785 -2.5057
v -0.5501 5.3785 -2.7879
v -0.3839 5.3773 -3.0071
v -0.132 5.3751 -3.0794
v 0.1095 5.373 -2.9774
v 0.2482 5.3716 -2.7399
v 0.2313 5.3715 -2.4577
v 0.0651 5.3728 -2.2386
v -0.1868 5.375 -2.1662
v -0.1595 5.3581 -2.6228
v -0.1595 5.3581 -2.6228
v -0.1595 5.3581 -2.6228
v -0.1595 5.3581 -2.6228
v -0.1595 5.3581 -2.6228
v -0.1595 5.3581 -2.6228
v -0.1595 5.3581 -2.6228
v -0.1595 5.3581 -2.6228
v -0.1595 5.3581 -2.6228
v -0.1595 5.3581 -2.6228
v -0.1595 5.3581 -2.6228
v -0.3834 5.4362 -3.348
v -0.3834 5.4362 -2.9928
v -0.3834 5.7914 -3.348
v -0.3834 5.7914 -2.9928
v -0.0282 5.4362 -3.348
v -0.0282 5.4362 -2.9928
v -0.0282 5.7914 -3.348
v -0.0282 5.7914 -2.9928
v -0.2058 5.504 -3.4578
v -0.2058 5.504 -2.883
v -0.2058 5.7236 -3.4578
v -0.2058 5.7236 -2.883
v -0.3155 5.3264 -3.1704
v -0.3155 5.9012 -3.1704
v -0.096 5.3264 -3.1704
v -0.096 5.9012 -3.1704
v -0.4931 5.6138 -3.2802
v -0.4931 5.6138 -3.0607
v 0.0816 5.6138 -3.2802
v 0.0816 5.6138 -3.0607
v -0.082 4.9041 -0.0806
v -0.0164 4.8291 -0.0856
v 0.0615 4.8105 -0.0261
v 0.0932 4.8624 0.053
v 0.0546 4.9457 0.0922
v -0.025 4.9977 0.062
v -0.0859 4.9791 -0.0149
v 0.2946 5.2372 -0.4179
v 0.3418 5.1832 -0.4215
v 0.398 5.1698 -0.3787
v 0.4207 5.2072 -0.3217
v 0.393 5.2672 -0.2935
v 0.3356 5.3045 -0.3152
v 0.2918 5.2912 -0.3706
v 0 4.9041 0
v 0.3536 5.2372 -0.3599
v 0.3051 5.2372 -0.4075
v 0.337 5.1877 -0.4034
v 0.3814 5.1755 -0.3666
v 0.4049 5.2097 -0.3246
v 0.3898 5.2646 -0.3092
v 0.3474 5.2989 -0.332
v 0.3098 5.2867 -0.3757
v 1.1614 5.7097 -1.2517
v 1.1844 5.6741 -1.2487
v 1.2163 5.6653 -1.2222
v 1.2332 5.69 -1.192
v 1.2223 5.7295 -1.1809
v 1.1918 5.7542 -1.1973
v 1.1647 5.7454 -1.2288
v 0.3536 5.2372 -0.3599
v 1.1963 5.7097 -1.2174
v 1.2111 5.9141 -1.2389
v 1.2111 5.9141 -1.2389
v 1.2111 5.9141 -1.2389
v 1.2111 5.9141 -1.2389
v 1.2111 5.9141 -1.2389
v 1.2111 5.9141 -1.2389
v 1.2111 5.9141 -1.2389
v 1.2111 5.9141 -1.2389
v 1.2111 5.9141 -1.2389
v 1.2111 5.9141 -1.2389
v 1.2111 5.9141 -1.2389
v 1.4524 5.907 -0.9903
v 1.2803 5.9274 -0.9147
v 1.0813 5.9368 -0.9622
v 0.9314 5.9315 -1.1148
v 0.888 5.9137 -1.3142
v 0.9675 5.89 -1.4841
v 1.1396 5.8696 -1.5598
v 1.3386 5.8603 -1.5122
v 1.4885 5.8655 -1.3597
v 1.5319 5.8833 -1.1603
v 1.4524 5.907 -0.9903
v 1.6548 5.8699 -0.7764
v 1.3367 5.9076 -0.6365
v 0.969 5.9249 -0.7244
v 0.6921 5.9152 -1.0064
v 0.6118 5.8822 -1.3747
v 0.7587 5.8385 -1.6888
v 1.0768 5.8009 -1.8286
v 1.4445 5.7835 -1.7407
v 1.7214 5.7932 -1.4588
v 1.8017 5.8262 -1.0904
v 1.6548 5.8699 -0.7764
v 1.7874 5.8084 -0.6295
v 1.3718 5.8577 -0.4469
v 0.8914 5.8803 -0.5616
v 0.5296 5.8676 -0.93
v 0.4246 5.8245 -1.4113
v 0.6166 5.7675 -1.8217
v 1.0321 5.7182 -2.0043
v 1.5126 5.6956 -1.8895
v 1.8744 5.7082 -1.5212
v 1.9793 5.7513 -1.0399
v 1.7874 5.8084 -0.6295
v 1.83 5.7319 -0.5722
v 1.3801 5.7852 -0.3745
v 0.8601 5.8097 -0.4987
v 0.4685 5.796 -0.8974
v 0.3549 5.7494 -1.4184
v 0.5627 5.6876 -1.8625
v 1.0125 5.6343 -2.0603
v 1.5325 5.6098 -1.936
v 1.9241 5.6235 -1.5373
v 2.0377 5.6701 -1.0163
v 1.83 5.7319 -0.5722
v 1.7761 5.652 -0.6131
v 1.3605 5.7013 -0.4304
v 0.8801 5.7239 -0.5452
v 0.5183 5.7113 -0.9136
v 0.4133 5.6682 -1.3948
v 0.6053 5.6111 -1.8052
v 1.0208 5.5618 -1.9879
v 1.5013 5.5392 -1.8731
v 1.8631 5.5519 -1.5047
v 1.968 5.595 -1.0234
v 1.7761 5.652 -0.6131
v 1.6339 5.581 -0.7459
v 1.3159 5.6186 -0.6061
v 0.9482 5.636 -0.694
v 0.6712 5.6263 -0.9759
v 0.5909 5.5933 -1.3443
v 0.7378 5.5496 -1.6584
v 1.0559 5.5119 -1.7982
v 1.4236 5.4946 -1.7103
v 1.7005 5.5043 -1.4284
v 1.7809 5.5373 -1.06
v 1.6339 5.581 -0.7459
v 1.4252 5.5295 -0.9506
v 1.253 5.5499 -0.8749
v 1.054 5.5592 -0.9225
v 0.9042 5.554 -1.0751
v 0.8607 5.5362 -1.2744
v 0.9402 5.5125 -1.4444
v 1.1123 5.4921 -1.52
v 1.3113 5.4827 -1.4725
v 1.4612 5.488 -1.3199
v 1.5047 5.5058 -1.1206
v 1.4252 5.5295 -0.9506
v 1.1816 5.5054 -1.1958
v 1.1816 5.5054 -1.1958
v 1.1816 5.5054 -1.1958
v 1.1816 5.5054 -1.1958
v 1.1816 5.5054 -1.1958
v 1.1816 5.5054 -1.1958
v 1.1816 5.5054 -1.1958
v 1.1816 5.5054 -1.1958
v 1.1816 5.5054 -1.1958
v 1.1816 5.5054 -1.1958
v 1.1816 5.5054 -1.1958
v 1.3715 5.6127 -1.6303
v 1.3715 5.6127 -1.3756
v 1.3715 5.8674 -1.6303
v 1.3715 5.8674 -1.3756
v 1.6262 5.6127 -1.6303
v 1.6262 5.6127 -1.3756
v 1.6262 5.8674 -1.6303
v 1.6262 5.8674 -1.3756
v 1.4989 5.6613 -1.709
v 1.4989 5.6613 -1.2969
v 1.4989 5.8187 -1.709
v 1.4989 5.8187 -1.2969
v 1.4202 5.534 -1.503
v 1.4202 5.9461 -1.503
v 1.5776 5.534 -1.503
v 1.5776 5.9461 -1.503
v 1.2928 5.74 -1.5817
v 1.2928 5.74 -1.4243
v 1.705 5.74 -1.5817
v 1.705 5.74 -1.4243
v 0 7.6292 0
v 0 7.6292 0
v 0 7.6292 0
v 0 7.6292 0
v 0 7.6292 0
v 0 7.6292 0
v 0 7.6292 0
v 0 7.6292 0
v 0 7.6292 0
v 0 7.6292 0
v 0 7.6292 0
v 0.3827 7.6074 0
v 0.3096 7.6074 0.1889
v 0.1183 7.6074 0.3057
v -0.1183 7.6074 0.3057
v -0.3096 7.6074 0.1889
v -0.3827 7.6074 0
v -0.3096 7.6074 -0.1889
v -0.1183 7.6074 -0.3057
v 0.1183 7.6074 -0.3057
v 0.3096 7.6074 -0.1889
v 0.3827 7.6074 0
v 0.7071 7.5455 0
v 0.5721 7.5455 0.3491
v 0.2185 7.5455 0.5649
v -0.2185 7.5455 0.5649
v -0.5721 7.5455 0.3491
v -0.7071 7.5455 0
v -0.5721 7.5455 -0.3491
v -0.2185 7.5455 -0.5649
v 0.2185 7.5455 -0.5649
v 0.5721 7.5455 -0.3491
v 0.7071 7.5455 0
v 0.9239 7.4529 0
v 0.7474 7.4529 0.4562
v 0.2855 7.4529 0.7381
v -0.2855 7.4529 0.7381
v -0.7474 7.4529 0.4562
v -0.9239 7.4529 0
v -0.7474 7.4529 -0.4562
v -0.2855 7.4529 -0.7381
v 0.2855 7.4529 -0.7381
v 0.7474 7.4529 -0.4562
v 0.9239 7.4529 0
v 1 7.3436 0
v 0.809 7.3436 0.4937
v 0.309 7.3436 0.7989
v -0.309 7.3436 0.7989
v -0.809 7.3436 0.4937
v -1 7.3436 0
v -0.809 7.3436 -0.4937
v -0.309 7.3436 -0.7989
v 0.309 7.3436 -0.7989
v 0.809 7.3436 -0.4937
v 1 7.3436 0
v 0.9239 7.2343 0
v 0.7474 7.2343 0.4562
v 0.2855 7.2343 0.7381
v -0.2855 7.2343 0.7381
v -0.7474 7.2343 0.4562
v -0.9239 7.2343 0
v -0.7474 7.2343 -0.4562
v -0.2855 7.2343 -0.7381
v 0.2855 7.2343 -0.7381
v 0.7474 7.2343 -0.4562
v 0.9239 7.2343 0
v 0.7071 7.1416 0
v 0.5721 7.1416 0.3491
v 0.2185 7.1416 0.5649
v -0.2185 7.1416 0.5649
v -0.5721 7.1416 0.3491
v -0.7071 7.1416 0
v -0.5721 7.1416 -0.3491
v -0.2185 7.1416 -0.5649
v 0.2185 7.1416 -0.5649
v 0.5721 7.1416 -0.3491
v 0.7071 7.1416 0
v 0.3827 7.0797 0
v 0.3096 7.0797 0.1889
v 0.1183 7.0797 0.3057
v -0.1183 7.0797 0.3057
v -0.3096 7.0797 0.1889
v -0.3827 7.0797 0
v -0.3096 7.0797 -0.1889
v -0.1183 7.0797 -0.3057
v 0.1183 7.0797 -0.3057
v 0.3096 7.0797 -0.1889
v 0.3827 7.0797 0
v 0 7.058 0
v 0 7.058 0
v 0 7.058 0
v 0 7.058 0
v 0 7.058 0
v 0 7.058 0
v 0 7.058 0
v 0 7.058 0
v 0 7.058 0
v 0 7.058 0
v 0 7.058 0
v 0.3226 7.2498 -0.1738
v 0.3226 7.2498 0.0978
v 0.3226 7.5214 -0.1738
v 0.3226 7.5214 0.0978
v 0.5942 7.2498 -0.1738
v 0.5942 7.2498 0.0978
v 0.5942 7.5214 -0.1738
v 0.5942 7.5214 0.0978
v 0.4584 7.3016 -0.2577
v 0.4584 7.3016 0.1817
v 0.4584 7.4695 -0.2577
v 0.4584 7.4695 0.1817
v 0.3745 7.1658 -0.038
v 0.3745 7.6053 -0.038
v 0.5424 7.1658 -0.038
v 0.5424 7.6053 -0.038
v 0.2387 7.3856 -0.122
v 0.2387 7.3856 0.0459
v 0.6781 7.3856 -0.122
v 0.6781 7.3856 0.0459
vt 0 0
vt 0.1 0
vt 0.2 0
vt 0.3 0
vt 0.4 0
vt 0.5 0
vt 0.6 0
vt 0.7 0
vt 0.8 0
vt 0.9 0
vt 0 1
vt 0.1 1
vt 0.2 1
vt 0.3 1
vt 0.4 1
vt 0.5 1
vt 0.6 1
vt 0.7 1
vt 0.8 1
vt 0.9 1
vt 0.5 0.5
vt 0.5 0.5
vt 0 0
vt 0.1 0
vt 0.2 0
vt 0.3 0
vt 0.4 0
vt 0.5 0
vt 0.6 0
vt 0.7 0
vt 0.8 0
vt 0.9 0
vt 0 1
vt 0.1 1
vt 0.2 1
vt 0.3 1
vt 0.4 1
vt 0.5 1
vt 0.6 1
vt 0.7 1
vt 0.8 1
vt 0.9 1
vt 0.5 0.5
vt 0.5 0.5
vt 0 0
vt 0.14285714285714285 0
vt 0.2857142857142857 0
vt 0.42857142857142855 0
vt 0.5714285714285714 0
vt 0.7142857142857143 0
vt 0.8571428571428571 0
vt 0 1
vt 0.14285714285714285 1
vt 0.2857142857142857 1
vt 0.42857142857142855 1
vt 0.5714285714285714 1
vt 0.7142857142857143 1
vt 0.8571428571428571 1
vt 0.5 0.5
vt 0.5 0.5
vt 0 0
vt 0.14285714285714285 0
vt 0.2857142857142857 0
vt 0.42857142857142855 0
vt 0.5714285714285714 0
vt 0.7142857142857143 0
vt 0.8571428571428571 0
vt 0 1
vt 0.14285714285714285 1
vt 0.2857142857142857 1
vt 0.42857142857142855 1
vt 0.5714285714285714 1
vt 0.7142857142857143 1
vt 0.8571428571428571 1
vt 0.5 0.5
vt 0.5 0.5
vt 0 0
vt 0.1 0
vt 0.2 0
vt 0.3 0
vt 0.4 0
vt 0.5 0
vt 0.6 0
vt 0.7 0
vt 0.8 0
vt 0.9 0
vt 1 0
vt 0 0.125
vt 0.1 0.125
vt 0.2 0.125
vt 0.3 0.125
vt 0.4 0.125
vt 0.5 0.125
vt 0.6 0.125
vt 0.7 0.125
vt 0.8 0.125
vt 0.9 0.125
vt 1 0.125
vt 0 0.25
vt 0.1 0.25
vt 0.2 0.25
vt 0.3 0.25
vt 0.4 0.25
vt 0.5 0.25
vt 0.6 0.25
vt 0.7 0.25
vt 0.8 0.25
vt 0.9 0.25
vt 1 0.25
vt 0 0.375
vt 0.1 0.375
vt 0.2 0.375
vt 0.3 0.375
vt 0.4 0.375
vt 0.5 0.375
vt 0.6 0.375
vt 0.7 0.375
vt 0.8 0.375
vt 0.9 0.375
vt 1 0.375
vt 0 0.5
vt 0.1 0.5
vt 0.2 0.5
vt 0.3 0.5
vt 0.4 0.5
vt 0.5 0.5
vt 0.6 0.5
vt 0.7 0.5
vt 0.8 0.5
vt 0.9 0.5
vt 1 0.5
vt 0 0.625
vt 0.1 0.625
vt 0.2 0.625
vt 0.3 0.625
vt 0.4 0.625
vt 0.5 0.625
vt 0.6 0.625
vt 0.7 0.625
vt 0.8 0.625
vt 0.9 0.625
vt 1 0.625
vt 0 0.75
vt 0.1 0.75
vt 0.2 0.75
vt 0.3 0.75
vt 0.4 0.75
vt 0.5 0.75
vt 0.6 0.75
vt 0.7 0.75
vt 0.8 0.75
vt 0.9 0.75
vt 1 0.75
vt 0 0.875
vt 0.1 0.875
vt 0.2 0.875
vt 0.3 0.875
vt 0.4 0.875
vt 0.5 0.875
vt 0.6 0.875
vt 0.7 0.875
vt 0.8 0.875
vt 0.9 0.875
vt 1 0.875
vt 0 1
vt 0.1 1
vt 0.2 1
vt 0.3 1
vt 0.4 1
vt 0.5 1
vt 0.6 1
vt 0.7 1
vt 0.8 1
vt 0.9 1
vt 1 1
vt 0.5 0.5
vt 0.5 0.5
vt 0.5 0.5
vt 0.5 0.5
vt 0.5 0.5
vt 0.5 0.5
vt 0.5 0.5
vt 0.5 0.5
vt 0.5 0.5
vt 0.5 0.5
vt 0.5 0.5
vt 0.5 0.5
vt 0.5 0.5
vt 0.5 0.5
vt 0.5 0.5
vt 0.5 0.5
vt 0.5 0.5
vt 0.5 0.5
vt 0.5 0.5
vt 0.5 0.5
vt 0 0
vt 0.14285714285714285 0
vt 0.2857142857142857 0
vt 0.42857142857142855 0
vt 0.5714285714285714 0
vt 0.7142857142857143 0
vt 0.8571428571428571 0
vt 0 1
vt 0.14285714285714285 1
vt 0.2857142857142857 1
vt 0.42857142857142855 1
vt 0.5714285714285714 1
vt 0.7142857142857143 1
vt 0.8571428571428571 1
vt 0.5 0.5
vt 0.5 0.5
vt 0 0
vt 0.14285714285714285 0
vt 0.2857142857142857 0
vt 0.42857142857142855 0
vt 0.5714285714285714 0
vt 0.7142857142857143 0
vt 0.8571428571428571 0
vt 0 1
vt 0.14285714285714285 1
vt 0.2857142857142857 1
vt 0.42857142857142855 1
vt 0.5714285714285714 1
vt 0.7142857142857143 1
vt 0.8571428571428571 1
vt 0.5 0.5
vt 0.5 0.5
vt 0 0
vt 0.1 0
vt 0.2 0
vt 0.3 0
vt 0.4 0
vt 0.5 0
vt 0.6 0
vt 0.7 0
vt 0.8 0
vt 0.9 0
vt 1 0
vt 0 0.125
vt 0.1 0.125
vt 0.2 0.125
vt 0.3 0.125
vt 0.4 0.125
vt 0.5 0.125
vt 0.6 0.125
vt 0.7 0.125
vt 0.8 0.125
vt 0.9 0.125
vt 1 0.125
vt 0 0.25
vt 0.1 0.25
vt 0.2 0.25
vt 0.3 0.25
vt 0.4 0.25
vt 0.5 0.25
vt 0.6 0.25
vt 0.7 0.25
vt 0.8 0.25
vt 0.9 0.25
vt 1 0.25
vt 0 0.375
vt 0.1 0.375
vt 0.2 0.375
vt 0.3 0.375
vt 0.4 0.375
vt 0.5 0.375
vt 0.6 0.375
vt 0.7 0.375
vt 0.8 0.375
vt 0.9 0.375
vt 1 0.375
vt 0 0.5
vt 0.1 0.5
vt 0.2 0.5
vt 0.3 0.5
vt 0.4 0.5
vt 0.5 0.5
vt 0.6 0.5
vt 0.7 0.5
vt 0.8 0.5
vt 0.9 0.5
vt 1 0.5
vt 0 0.625
vt 0.1 0.625
vt 0.2 0.625
vt 0.3 0.625
vt 0.4 0.625
vt 0.5 0.625
vt 0.6 0.625
vt 0.7 0.625
vt 0.8 0.625
vt 0.9 0.625
vt 1 0.625
vt 0 0.75
vt 0.1 0.75
vt 0.2 0.75
vt 0.3 0.75
vt 0.4 0.75
vt 0.5 0.75
vt 0.6 0.75
vt 0.7 0.75
vt 0.8 0.75
vt 0.9 0.75
vt 1 0.75
vt 0 0.875
vt 0.1 0.875
vt 0.2 0.875
vt 0.3 0.875
vt 0.4 0.875
vt 0.5 0.875
vt 0.6 0.875
vt 0.7 0.875
vt 0.8 0.875
vt 0.9 0.875
vt 1 0.875
vt 0 1
vt 0.1 1
vt 0.2 1
vt 0.3 1
vt 0.4 1
vt 0.5 1
vt 0.6 1
vt 0.7 1
vt 0.8 1
vt 0.9 1
vt 1 1
vt 0.5 0.5
vt 0.5 0.5
vt 0.5 0.5
vt 0.5 0.5
vt 0.5 0.5
vt 0.5 0.5
vt 0.5 0.5
vt 0.5 0.5
vt 0.5 0.5
vt 0.5 0.5
vt 0.5 0.5
vt 0.5 0.5
vt 0.5 0.5
vt 0.5 0.5
vt 0.5 0.5
vt 0.5 0.5
vt 0.5 0.5
vt 0.5 0.5
vt 0.5 0.5
vt 0.5 0.5
vt 0 0
vt 0.14285714285714285 0
vt 0.2857142857142857 0
vt 0.42857142857142855 0
vt 0.5714285714285714 0
vt 0.7142857142857143 0
vt 0.8571428571428571 0
vt 0 1
vt 0.14285714285714285 1
vt 0.2857142857142857 1
vt 0.42857142857142855 1
vt 0.5714285714285714 1
vt 0.7142857142857143 1
vt 0.8571428571428571 1
vt 0.5 0.5
vt 0.5 0.5
vt 0 0
vt 0.14285714285714285 0
vt 0.2857142857142857 0
vt 0.42857142857142855 0
vt 0.5714285714285714 0
vt 0.7142857142857143 0
vt 0.8571428571428571 0
vt 0 1
vt 0.14285714285714285 1
vt 0.2857142857142857 1
vt 0.42857142857142855 1
vt 0.5714285714285714 1
vt 0.7142857142857143 1
vt 0.8571428571428571 1
vt 0.5 0.5
vt 0.5 0.5
vt 0 0
vt 0.1 0
vt 0.2 0
vt 0.3 0
vt 0.4 0
vt 0.5 0
vt 0.6 0
vt 0.7 0
vt 0.8 0
vt 0.9 0
vt 1 0
vt 0 0.125
vt 0.1 0.125
vt 0.2 0.125
vt 0.3 0.125
vt 0.4 0.125
vt 0.5 0.125
vt 0.6 0.125
vt 0.7 0.125
vt 0.8 0.125
vt 0.9 0.125
vt 1 0.125
vt 0 0.25
vt 0.1 0.25
vt 0.2 0.25
vt 0.3 0.25
vt 0.4 0.25
vt 0.5 0.25
vt 0.6 0.25
vt 0.7 0.25
vt 0.8 0.25
vt 0.9 0.25
vt 1 0.25
vt 0 0.375
vt 0.1 0.375
vt 0.2 0.375
vt 0.3 0.375
vt 0.4 0.375
vt 0.5 0.375
vt 0.6 0.375
vt 0.7 0.375
vt 0.8 0.375
vt 0.9 0.375
vt 1 0.375
vt 0 0.5
vt 0.1 0.5
vt 0.2 0.5
vt 0.3 0.5
vt 0.4 0.5
vt 0.5 0.5
vt 0.6 0.5
vt 0.7 0.5
vt 0.8 0.5
vt 0.9 0.5
vt 1 0.5
vt 0 0.625
vt 0.1 0.625
vt 0.2 0.625
vt 0.3 0.625
vt 0.4 0.625
vt 0.5 0.625
vt 0.6 0.625
vt 0.7 0.625
vt 0.8 0.625
vt 0.9 0.625
vt 1 0.625
vt 0 0.75
vt 0.1 0.75
vt 0.2 0.75
vt 0.3 0.75
vt 0.4 0.75
vt 0.5 0.75
vt 0.6 0.75
vt 0.7 0.75
vt 0.8 0.75
vt 0.9 0.75
vt 1 0.75
vt 0 0.875
vt 0.1 0.875
vt 0.2 0.875
vt 0.3 0.875
vt 0.4 0.875
vt 0.5 0.875
vt 0.6 0.875
vt 0.7 0.875
vt 0.8 0.875
vt 0.9 0.875
vt 1 0.875
vt 0 1
vt 0.1 1
vt 0.2 1
vt 0.3 1
vt 0.4 1
vt 0.5 1
vt 0.6 1
vt 0.7 1
vt 0.8 1
vt 0.9 1
vt 1 1
vt 0.5 0.5
vt 0.5 0.5
vt 0.5 0.5
vt 0.5 0.5
vt 0.5 0.5
vt 0.5 0.5
vt 0.5 0.5
vt 0.5 0.5
vt 0.5 0.5
vt 0.5 0.5
vt 0.5 0.5
vt 0.5 0.5
vt 0.5 0.5
vt 0.5 0.5
vt 0.5 0.5
vt 0.5 0.5
vt 0.5 0.5
vt 0.5 0.5
vt 0.5 0.5
vt 0.5 0.5
vt 0 0
vt 0.14285714285714285 0
vt 0.2857142857142857 0
vt 0.42857142857142855 0
vt 0.5714285714285714 0
vt 0.7142857142857143 0
vt 0.8571428571428571 0
vt 0 1
vt 0.14285714285714285 1
vt 0.2857142857142857 1
vt 0.42857142857142855 1
vt 0.5714285714285714 1
vt 0.7142857142857143 1
vt 0.8571428571428571 1
vt 0.5 0.5
vt 0.5 0.5
vt 0 0
vt 0.14285714285714285 0
vt 0.2857142857142857 0
vt 0.42857142857142855 0
vt 0.5714285714285714 0
vt 0.7142857142857143 0
vt 0.8571428571428571 0
vt 0 1
vt 0.14285714285714285 1
vt 0.2857142857142857 1
vt 0.42857142857142855 1
vt 0.5714285714285714 1
vt 0.7142857142857143 1
vt 0.8571428571428571 1
vt 0.5 0.5
vt 0.5 0.5
vt 0 0
vt 0.1 0
vt 0.2 0
vt 0.3 0
vt 0.4 0
vt 0.5 0
vt 0.6 0
vt 0.7 0
vt 0.8 0
vt 0.9 0
vt 1 0
vt 0 0.125
vt 0.1 0.125
vt 0.2 0.125
vt 0.3 0.125
vt 0.4 0.125
vt 0.5 0.125
vt 0.6 0.125
vt 0.7 0.125
vt 0.8 0.125
vt 0.9 0.125
vt 1 0.125
vt 0 0.25
vt 0.1 0.25
vt 0.2 0.25
vt 0.3 0.25
vt 0.4 0.25
vt 0.5 0.25
vt 0.6 0.25
vt 0.7 0.25
vt 0.8 0.25
vt 0.9 0.25
vt 1 0.25
vt 0 0.375
vt 0.1 0.375
vt 0.2 0.375
vt 0.3 0.375
vt 0.4 0.375
vt 0.5 0.375
vt 0.6 0.375
vt 0.7 0.375
vt 0.8 0.375
vt 0.9 0.375
vt 1 0.375
vt 0 0.5
vt 0.1 0.5
vt 0.2 0.5
vt 0.3 0.5
vt 0.4 0.5
vt 0.5 0.5
vt 0.6 0.5
vt 0.7 0.5
vt 0.8 0.5
vt 0.9 0.5
vt 1 0.5
vt 0 0.625
vt 0.1 0.625
vt 0.2 0.625
vt 0.3 0.625
vt 0.4 0.625
vt 0.5 0.625
vt 0.6 0.625
vt 0.7 0.625
vt 0.8 0.625
vt 0.9 0.625
vt 1 0.625
vt 0 0.75
vt 0.1 0.75
vt 0.2 0.75
vt 0.3 0.75
vt 0.4 0.75
vt 0.5 0.75
vt 0.6 0.75
vt 0.7 0.75
vt 0.8 0.75
vt 0.9 0.75
vt 1 0.75
vt 0 0.875
vt 0.1 0.875
vt 0.2 0.875
vt 0.3 0.875
vt 0.4 0.875
vt 0.5 0.875
vt 0.6 0.875
vt 0.7 0.875
vt 0.8 0.875
vt 0.9 0.875
vt 1 0.875
vt 0 1
vt 0.1 1
vt 0.2 1
vt 0.3 1
vt 0.4 1
vt 0.5 1
vt 0.6 1
vt 0.7 1
vt 0.8 1
vt 0.9 1
vt 1 1
vt 0.5 0.5
vt 0.5 0.5
vt 0.5 0.5
vt 0.5 0.5
vt 0.5 0.5
vt 0.5 0.5
vt 0.5 0.5
vt 0.5 0.5
vt 0.5 0.5
vt 0.5 0.5
vt 0.5 0.5
vt 0.5 0.5
vt 0.5 0.5
vt 0.5 0.5
vt 0.5 0.5
vt 0.5 0.5
vt 0.5 0.5
vt 0.5 0.5
vt 0.5 0.5
vt 0.5 0.5
vt 0 0
vt 0.14285714285714285 0
vt 0.2857142857142857 0
vt 0.42857142857142855 0
vt 0.5714285714285714 0
vt 0.7142857142857143 0
vt 0.8571428571428571 0
vt 0 1
vt 0.14285714285714285 1
vt 0.2857142857142857 1
vt 0.42857142857142855 1
vt 0.5714285714285714 1
vt 0.7142857142857143 1
vt 0.8571428571428571 1
vt 0.5 0.5
vt 0.5 0.5
vt 0 0
vt 0.14285714285714285 0
vt 0.2857142857142857 0
vt 0.42857142857142855 0
vt 0.5714285714285714 0
vt 0.7142857142857143 0
vt 0.8571428571428571 0
vt 0 1
vt 0.14285714285714285 1
vt 0.2857142857142857 1
vt 0.42857142857142855 1
vt 0.5714285714285714 1
vt 0.7142857142857143 1
vt 0.8571428571428571 1
vt 0.5 0.5
vt 0.5 0.5
vt 0 0
vt 0.1 0
vt 0.2 0
vt 0.3 0
vt 0.4 0
vt 0.5 0
vt 0.6 0
vt 0.7 0
vt 0.8 0
vt 0.9 0
vt 1 0
vt 0 0.125
vt 0.1 0.125
vt 0.2 0.125
vt 0.3 0.125
vt 0.4 0.125
vt 0.5 0.125
vt 0.6 0.125
vt 0.7 0.125
vt 0.8 0.125
vt 0.9 0.125
vt 1 0.125
vt 0 0.25
vt 0.1 0.25
vt 0.2 0.25
vt 0.3 0.25
vt 0.4 0.25
vt 0.5 0.25
vt 0.6 0.25
vt 0.7 0.25
vt 0.8 0.25
vt 0.9 0.25
vt 1 0.25
vt 0 0.375
vt 0.1 0.375
vt 0.2 0.375
vt 0.3 0.375
vt 0.4 0.375
vt 0.5 0.375
vt 0.6 0.375
vt 0.7 0.375
vt 0.8 0.375
vt 0.9 0.375
vt 1 0.375
vt 0 0.5
vt 0.1 0.5
vt 0.2 0.5
vt 0.3 0.5
vt 0.4 0.5
vt 0.5 0.5
vt 0.6 0.5
vt 0.7 0.5
vt 0.8 0.5
vt 0.9 0.5
vt 1 0.5
vt 0 0.625
vt 0.1 0.625
vt 0.2 0.625
vt 0.3 0.625
vt 0.4 0.625
vt 0.5 0.625
vt 0.6 0.625
vt 0.7 0.625
vt 0.8 0.625
vt 0.9 0.625
vt 1 0.625
vt 0 0.75
vt 0.1 0.75
vt 0.2 0.75
vt 0.3 0.75
vt 0.4 0.75
vt 0.5 0.75
vt 0.6 0.75
vt 0.7 0.75
vt 0.8 0.75
vt 0.9 0.75
vt 1 0.75
vt 0 0.875
vt 0.1 0.875
vt 0.2 0.875
vt 0.3 0.875
vt 0.4 0.875
vt 0.5 0.875
vt 0.6 0.875
vt 0.7 0.875
vt 0.8 0.875
vt 0.9 0.875
vt 1 0.875
vt 0 1
vt 0.1 1
vt 0.2 1
vt 0.3 1
vt 0.4 1
vt 0.5 1
vt 0.6 1
vt 0.7 1
vt 0.8 1
vt 0.9 1
vt 1 1
vt 0.5 0.5
vt 0.5 0.5
vt 0.5 0.5
vt 0.5 0.5
vt 0.5 0.5
vt 0.5 0.5
vt 0.5 0.5
vt 0.5 0.5
vt 0.5 0.5
vt 0.5 0.5
vt 0.5 0.5
vt 0.5 0.5
vt 0.5 0.5
vt 0.5 0.5
vt 0.5 0.5
vt 0.5 0.5
vt 0.5 0.5
vt 0.5 0.5
vt 0.5 0.5
vt 0.5 0.5
vt 0 0
vt 0.14285714285714285 0
vt 0.2857142857142857 0
vt 0.42857142857142855 0
vt 0.5714285714285714 0
vt 0.7142857142857143 0
vt 0.8571428571428571 0
vt 0 1
vt 0.14285714285714285 1
vt 0.2857142857142857 1
vt 0.42857142857142855 1
vt 0.5714285714285714 1
vt 0.7142857142857143 1
vt 0.8571428571428571 1
vt 0.5 0.5
vt 0.5 0.5
vt 0 0
vt 0.14285714285714285 0
vt 0.2857142857142857 0
vt 0.42857142857142855 0
vt 0.5714285714285714 0
vt 0.7142857142857143 0
vt 0.8571428571428571 0
vt 0 1
vt 0.14285714285714285 1
vt 0.2857142857142857 1
vt 0.42857142857142855 1
vt 0.5714285714285714 1
vt 0.7142857142857143 1
vt 0.8571428571428571 1
vt 0.5 0.5
vt 0.5 0.5
vt 0 0
vt 0.1 0
vt 0.2 0
vt 0.3 0
vt 0.4 0
vt 0.5 0
vt 0.6 0
vt 0.7 0
vt 0.8 0
vt 0.9 0
vt 1 0
vt 0 0.125
vt 0.1 0.125
vt 0.2 0.125
vt 0.3 0.125
vt 0.4 0.125
vt 0.5 0.125
vt 0.6 0.125
vt 0.7 0.125
vt 0.8 0.125
vt 0.9 0.125
vt 1 0.125
vt 0 0.25
vt 0.1 0.25
vt 0.2 0.25
vt 0.3 0.25
vt 0.4 0.25
vt 0.5 0.25
vt 0.6 0.25
vt 0.7 0.25
vt 0.8 0.25
vt 0.9 0.25
vt 1 0.25
vt 0 0.375
vt 0.1 0.375
vt 0.2 0.375
vt 0.3 0.375
vt 0.4 0.375
vt 0.5 0.375
vt 0.6 0.375
vt 0.7 0.375
vt 0.8 0.375
vt 0.9 0.375
vt 1 0.375
vt 0 0.5
vt 0.1 0.5
vt 0.2 0.5
vt 0.3 0.5
vt 0.4 0.5
vt 0.5 0.5
vt 0.6 0.5
vt 0.7 0.5
vt 0.8 0.5
vt 0.9 0.5
vt 1 0.5
vt 0 0.625
vt 0.1 0.625
vt 0.2 0.625
vt 0.3 0.625
vt 0.4 0.625
vt 0.5 0.625
vt 0.6 0.625
vt 0.7 0.625
vt 0.8 0.625
vt 0.9 0.625
vt 1 0.625
vt 0 0.75
vt 0.1 0.75
vt 0.2 0.75
vt 0.3 0.75
vt 0.4 0.75
vt 0.5 0.75
vt 0.6 0.75
vt 0.7 0.75
vt 0.8 0.75
vt 0.9 0.75
vt 1 0.75
vt 0 0.875
vt 0.1 0.875
vt 0.2 0.875
vt 0.3 0.875
vt 0.4 0.875
vt 0.5 0.875
vt 0.6 0.875
vt 0.7 0.875
vt 0.8 0.875
vt 0.9 0.875
vt 1 0.875
vt 0 1
vt 0.1 1
vt 0.2 1
vt 0.3 1
vt 0.4 1
vt 0.5 1
vt 0.6 1
vt 0.7 1
vt 0.8 1
vt 0.9 1
vt 1 1
vt 0.5 0.5
vt 0.5 0.5
vt 0.5 0.5
vt 0.5 0.5
vt 0.5 0.5
vt 0.5 0.5
vt 0.5 0.5
vt 0.5 0.5
vt 0.5 0.5
vt 0.5 0.5
vt 0.5 0.5
vt 0.5 0.5
vt 0.5 0.5
vt 0.5 0.5
vt 0.5 0.5
vt 0.5 0.5
vt 0.5 0.5
vt 0.5 0.5
vt 0.5 0.5
vt 0.5 0.5
vt 0 0
vt 0.14285714285714285 0
vt 0.2857142857142857 0
vt 0.42857142857142855 0
vt 0.5714285714285714 0
vt 0.7142857142857143 0
vt 0.8571428571428571 0
vt 0 1
vt 0.14285714285714285 1
vt 0.2857142857142857 1
vt 0.42857142857142855 1
vt 0.5714285714285714 1
vt 0.7142857142857143 1
vt 0.8571428571428571 1
vt 0.5 0.5
vt 0.5 0.5
vt 0 0
vt 0.14285714285714285 0
vt 0.2857142857142857 0
vt 0.42857142857142855 0
vt 0.5714285714285714 0
vt 0.7142857142857143 0
vt 0.8571428571428571 0
vt 0 1
vt 0.14285714285714285 1
vt 0.2857142857142857 1
vt 0.42857142857142855 1
vt 0.5714285714285714 1
vt 0.7142857142857143 1
vt 0.8571428571428571 1
vt 0.5 0.5
vt 0.5 0.5
vt 0 0
vt 0.1 0
vt 0.2 0
vt 0.3 0
vt 0.4 0
vt 0.5 0
vt 0.6 0
vt 0.7 0
vt 0.8 0
vt 0.9 0
vt 1 0
vt 0 0.125
vt 0.1 0.125
vt 0.2 0.125
vt 0.3 0.125
vt 0.4 0.125
vt 0.5 0.125
vt 0.6 0.125
vt 0.7 0.125
vt 0.8 0.125
vt 0.9 0.125
vt 1 0.125
vt 0 0.25
vt 0.1 0.25
vt 0.2 0.25
vt 0.3 0.25
vt 0.4 0.25
vt 0.5 0.25
vt 0.6 0.25
vt 0.7 0.25
vt 0.8 0.25
vt 0.9 0.25
vt 1 0.25
vt 0 0.375
vt 0.1 0.375
vt 0.2 0.375
vt 0.3 0.375
vt 0.4 0.375
vt 0.5 0.375
vt 0.6 0.375
vt 0.7 0.375
vt 0.8 0.375
vt 0.9 0.375
vt 1 0.375
vt 0 0.5
vt 0.1 0.5
vt 0.2 0.5
vt 0.3 0.5
vt 0.4 0.5
vt 0.5 0.5
vt 0.6 0.5
vt 0.7 0.5
vt 0.8 0.5
vt 0.9 0.5
vt 1 0.5
vt 0 0.625
vt 0.1 0.625
vt 0.2 0.625
vt 0.3 0.625
vt 0.4 0.625
vt 0.5 0.625
vt 0.6 0.625
vt 0.7 0.625
vt 0.8 0.625
vt 0.9 0.625
vt 1 0.625
vt 0 0.75
vt 0.1 0.75
vt 0.2 0.75
vt 0.3 0.75
vt 0.4 0.75
vt 0.5 0.75
vt 0.6 0.75
vt 0.7 0.75
vt 0.8 0.75
vt 0.9 0.75
vt 1 0.75
vt 0 0.875
vt 0.1 0.875
vt 0.2 0.875
vt 0.3 0.875
vt 0.4 0.875
vt 0.5 0.875
vt 0.6 0.875
vt 0.7 0.875
vt 0.8 0.875
vt 0.9 0.875
vt 1 0.875
vt 0 1
vt 0.1 1
vt 0.2 1
vt 0.3 1
vt 0.4 1
vt 0.5 1
vt 0.6 1
vt 0.7 1
vt 0.8 1
vt 0.9 1
vt 1 1
vt 0.5 0.5
vt 0.5 0.5
vt 0.5 0.5
vt 0.5 0.5
vt 0.5 0.5
vt 0.5 0.5
vt 0.5 0.5
vt 0.5 0.5
vt 0.5 0.5
vt 0.5 0.5
vt 0.5 0.5
vt 0.5 0.5
vt 0.5 0.5
vt 0.5 0.5
vt 0.5 0.5
vt 0.5 0.5
vt 0.5 0.5
vt 0.5 0.5
vt 0.5 0.5
vt 0.5 0.5
vt 0 0
vt 0.14285714285714285 0
vt 0.2857142857142857 0
vt 0.42857142857142855 0
vt 0.5714285714285714 0
vt 0.7142857142857143 0
vt 0.8571428571428571 0
vt 0 1
vt 0.14285714285714285 1
vt 0.2857142857142857 1
vt 0.42857142857142855 1
vt 0.5714285714285714 1
vt 0.7142857142857143 1
vt 0.8571428571428571 1
vt 0.5 0.5
vt 0.5 0.5
vt 0 0
vt 0.14285714285714285 0
vt 0.2857142857142857 0
vt 0.42857142857142855 0
vt 0.5714285714285714 0
vt 0.7142857142857143 0
vt 0.8571428571428571 0
vt 0 1
vt 0.14285714285714285 1
vt 0.2857142857142857 1
vt 0.42857142857142855 1
vt 0.5714285714285714 1
vt 0.7142857142857143 1
vt 0.8571428571428571 1
vt 0.5 0.5
vt 0.5 0.5
vt 0 0
vt 0.1 0
vt 0.2 0
vt 0.3 0
vt 0.4 0
vt 0.5 0
vt 0.6 0
vt 0.7 0
vt 0.8 0
vt 0.9 0
vt 1 0
vt 0 0.125
vt 0.1 0.125
vt 0.2 0.125
vt 0.3 0.125
vt 0.4 0.125
vt 0.5 0.125
vt 0.6 0.125
vt 0.7 0.125
vt 0.8 0.125
vt 0.9 0.125
vt 1 0.125
vt 0 0.25
vt 0.1 0.25
vt 0.2 0.25
vt 0.3 0.25
vt 0.4 0.25
vt 0.5 0.25
vt 0.6 0.25
vt 0.7 0.25
vt 0.8 0.25
vt 0.9 0.25
vt 1 0.25
vt 0 0.375
vt 0.1 0.375
vt 0.2 0.375
vt 0.3 0.375
vt 0.4 0.375
vt 0.5 0.375
vt 0.6 0.375
vt 0.7 0.375
vt 0.8 0.375
vt 0.9 0.375
vt 1 0.375
vt 0 0.5
vt 0.1 0.5
vt 0.2 0.5
vt 0.3 0.5
vt 0.4 0.5
vt 0.5 0.5
vt 0.6 0.5
vt 0.7 0.5
vt 0.8 0.5
vt 0.9 0.5
vt 1 0.5
vt 0 0.625
vt 0.1 0.625
vt 0.2 0.625
vt 0.3 0.625
vt 0.4 0.625
vt 0.5 0.625
vt 0.6 0.625
vt 0.7 0.625
vt 0.8 0.625
vt 0.9 0.625
vt 1 0.625
vt 0 0.75
vt 0.1 0.75
vt 0.2 0.75
vt 0.3 0.75
vt 0.4 0.75
vt 0.5 0.75
vt 0.6 0.75
vt 0.7 0.75
vt 0.8 0.75
vt 0.9 0.75
vt 1 0.75
vt 0 0.875
vt 0.1 0.875
vt 0.2 0.875
vt 0.3 0.875
vt 0.4 0.875
vt 0.5 0.875
vt 0.6 0.875
vt 0.7 0.875
vt 0.8 0.875
vt 0.9 0.875
vt 1 0.875
vt 0 1
vt 0.1 1
vt 0.2 1
vt 0.3 1
vt 0.4 1
vt 0.5 1
vt 0.6 1
vt 0.7 1
vt 0.8 1
vt 0.9 1
vt 1 1
vt 0.5 0.5
vt 0.5 0.5
vt 0.5 0.5
vt 0.5 0.5
vt 0.5 0.5
vt 0.5 0.5
vt 0.5 0.5
vt 0.5 0.5
vt 0.5 0.5
vt 0.5 0.5
vt 0.5 0.5
vt 0.5 0.5
vt 0.5 0.5
vt 0.5 0.5
vt 0.5 0.5
vt 0.5 0.5
vt 0.5 0.5
vt 0.5 0.5
vt 0.5 0.5
vt 0.5 0.5
vt 0 0
vt 0.1 0
vt 0.2 0
vt 0.3 0
vt 0.4 0
vt 0.5 0
vt 0.6 0
vt 0.7 0
vt 0.8 0
vt 0.9 0
vt 1 0
vt 0 0.125
vt 0.1 0.125
vt 0.2 0.125
vt 0.3 0.125
vt 0.4 0.125
vt 0.5 0.125
vt 0.6 0.125
vt 0.7 0.125
vt 0.8 0.125
vt 0.9 0.125
vt 1 0.125
vt 0 0.25
vt 0.1 0.25
vt 0.2 0.25
vt 0.3 0.25
vt 0.4 0.25
vt 0.5 0.25
vt 0.6 0.25
vt 0.7 0.25
vt 0.8 0.25
vt 0.9 0.25
vt 1 0.25
vt 0 0.375
vt 0.1 0.375
vt 0.2 0.375
vt 0.3 0.375
vt 0.4 0.375
vt 0.5 0.375
vt 0.6 0.375
vt 0.7 0.375
vt 0.8 0.375
vt 0.9 0.375
vt 1 0.375
vt 0 0.5
vt 0.1 0.5
vt 0.2 0.5
vt 0.3 0.5
vt 0.4 0.5
vt 0.5 0.5
vt 0.6 0.5
vt 0.7 0.5
vt 0.8 0.5
vt 0.9 0.5
vt 1 0.5
vt 0 0.625
vt 0.1 0.625
vt 0.2 0.625
vt 0.3 0.625
vt 0.4 0.625
vt 0.5 0.625
vt 0.6 0.625
vt 0.7 0.625
vt 0.8 0.625
vt 0.9 0.625
vt 1 0.625
vt 0 0.75
vt 0.1 0.75
vt 0.2 0.75
vt 0.3 0.75
vt 0.4 0.75
vt 0.5 0.75
vt 0.6 0.75
vt 0.7 0.75
vt 0.8 0.75
vt 0.9 0.75
vt 1 0.75
vt 0 0.875
vt 0.1 0.875
vt 0.2 0.875
vt 0.3 0.875
vt 0.4 0.875
vt 0.5 0.875
vt 0.6 0.875
vt 0.7 0.875
vt 0.8 0.875
vt 0.9 0.875
vt 1 0.875
vt 0 1
vt 0.1 1
vt 0.2 1
vt 0.3 1
vt 0.4 1
vt 0.5 1
vt 0.6 1
vt 0.7 1
vt 0.8 1
vt 0.9 1
vt 1 1
vt 0.5 0.5
vt 0.5 0.5
vt 0.5 0.5
vt 0.5 0.5
vt 0.5 0.5
vt 0.5 0.5
vt 0.5 0.5
vt 0.5 0.5
vt 0.5 0.5
vt 0.5 0.5
vt 0.5 0.5
vt 0.5 0.5
vt 0.5 0.5
vt 0.5 0.5
vt 0.5 0.5
vt 0.5 0.5
vt 0.5 0.5
vt 0.5 0.5
vt 0.5 0.5
vt 0.5 0.5
vn 0 -1 0
vn 0 -1 0
vn 0 -1 0
vn 0 -1 0
vn 0 -1 0
vn 0 -1 0
vn 0 -1 0
vn 0 -1 0
vn 0 -1 0
vn 0 -1 0
vn 0 1 0
vn 0 1 0
vn 0 1 0
vn 0 1 0
vn 0 1 0
vn 0 1 0
vn 0 1 0
vn 0 1 0
vn 0 1 0
vn 0 1 0
vn 0 -1 0
vn 0 1 0
vn 0 -1 0
vn 0 -1 0
vn 0 -1 0
vn 0 -1 0
vn 0 -1 0
vn 0 -1 0
vn 0 -1 0
vn 0 -1 0
vn 0 -1 0
vn 0 -1 0
vn 0 1 0
vn 0 1 0
vn 0 1 0
vn 0 1 0
vn 0 1 0
vn 0 1 0
vn 0 1 0
vn 0 1 0
vn 0 1 0
vn 0 1 0
vn 0 -1 0
vn 0 1 0
vn 0 -1 0
vn 0 -1 0
vn 0 -1 0
vn 0 -1 0
vn 0 -1 0
vn 0 -1 0
vn 0 -1 0
vn 0 1 0
vn 0 1 0
vn 0 1 0
vn 0 1 0
vn 0 1 0
vn 0 1 0
vn 0 1 0
vn 0 -1 0
vn 0 1 0
vn 0 -1 0
vn 0 -1 0
vn 0 -1 0
vn 0 -1 0
vn 0 -1 0
vn 0 -1 0
vn 0 -1 0
vn 0 1 0
vn 0 1 0
vn 0 1 0
vn 0 1 0
vn 0 1 0
vn 0 1 0
vn 0 1 0
vn 0 -1 0
vn 0 1 0
vn 0 1 0
vn 0 1 0
vn 0 1 0
vn 0 1 0
vn 0 1 0
vn 0 1 0
vn 0 1 0
vn 0 1 0
vn 0 1 0
vn 0 1 0
vn 0 1 0
vn 0.3826834323650898 0.9238795325112867 0
vn 0.30959740024909344 0.9238795325112867 0.22493567784086385
vn 0.11825568406654853 0.9238795325112867 0.3639535720290143
vn -0.11825568406654849 0.9238795325112867 0.36395357202901435
vn -0.3095974002490934 0.9238795325112867 0.2249356778408639
vn -0.3826834323650898 0.9238795325112867 4.6865204053262986e-17
vn -0.30959740024909344 0.9238795325112867 -0.22493567784086382
vn -0.11825568406654857 0.9238795325112867 -0.3639535720290143
vn 0.11825568406654845 0.9238795325112867 -0.36395357202901435
vn 0.3095974002490934 0.9238795325112867 -0.22493567784086396
vn 0.3826834323650898 0.9238795325112867 -9.373040810652597e-17
vn 0.7071067811865475 0.7071067811865476 0
vn 0.5720614028176843 0.7071067811865476 0.41562693777745346
vn 0.21850801222441055 0.7071067811865476 0.6724985119639573
vn -0.21850801222441046 0.7071067811865476 0.6724985119639573
vn -0.5720614028176841 0.7071067811865476 0.41562693777745346
vn -0.7071067811865475 0.7071067811865476 8.659560562354932e-17
vn -0.5720614028176843 0.7071067811865476 -0.4156269377774533
vn -0.21850801222441063 0.7071067811865476 -0.6724985119639573
vn 0.21850801222441038 0.7071067811865476 -0.6724985119639573
vn 0.5720614028176841 0.7071067811865476 -0.4156269377774535
vn 0.7071067811865475 0.7071067811865476 -1.7319121124709863e-16
vn 0.9238795325112867 0.38268343236508984 0
vn 0.7474342425568127 0.38268343236508984 0.5430427641049989
vn 0.28549447630116936 0.38268343236508984 0.8786616496665794
vn -0.28549447630116925 0.38268343236508984 0.8786616496665794
vn -0.7474342425568127 0.38268343236508984 0.543042764104999
vn -0.9238795325112867 0.38268343236508984 1.1314261122877003e-16
vn -0.7474342425568127 0.38268343236508984 -0.5430427641049987
vn -0.2854944763011695 0.38268343236508984 -0.8786616496665794
vn 0.28549447630116914 0.38268343236508984 -0.8786616496665794
vn 0.7474342425568127 0.38268343236508984 -0.543042764104999
vn 0.9238795325112867 0.38268343236508984 -2.2628522245754005e-16
vn 1 6.123233995736766e-17 0
vn 0.8090169943749475 6.123233995736766e-17 0.5877852522924731
vn 0.30901699437494745 6.123233995736766e-17 0.9510565162951535
vn -0.30901699437494734 6.123233995736766e-17 0.9510565162951536
vn -0.8090169943749473 6.123233995736766e-17 0.5877852522924732
vn -1 6.123233995736766e-17 1.2246467991473532e-16
vn -0.8090169943749475 6.123233995736766e-17 -0.587785252292473
vn -0.30901699437494756 6.123233995736766e-17 -0.9510565162951535
vn 0.30901699437494723 6.123233995736766e-17 -0.9510565162951536
vn 0.8090169943749473 6.123233995736766e-17 -0.5877852522924734
vn 1 6.123233995736766e-17 -2.4492935982947064e-16
vn 0.9238795325112867 -0.3826834323650897 0
vn 0.7474342425568127 -0.3826834323650897 0.5430427641049989
vn 0.28549447630116936 -0.3826834323650897 0.8786616496665794
vn -0.28549447630116925 -0.3826834323650897 0.8786616496665794
vn -0.7474342425568127 -0.3826834323650897 0.543042764104999
vn -0.9238795325112867 -0.3826834323650897 1.1314261122877003e-16
vn -0.7474342425568127 -0.3826834323650897 -0.5430427641049987
vn -0.2854944763011695 -0.3826834323650897 -0.8786616496665794
vn 0.28549447630116914 -0.3826834323650897 -0.8786616496665794
vn 0.7474342425568127 -0.3826834323650897 -0.543042764104999
vn 0.9238795325112867 -0.3826834323650897 -2.2628522245754005e-16
vn 0.7071067811865476 -0.7071067811865475 0
vn 0.5720614028176844 -0.7071067811865475 0.41562693777745346
vn 0.21850801222441057 -0.7071067811865475 0.6724985119639574
vn -0.2185080122244105 -0.7071067811865475 0.6724985119639574
vn -0.5720614028176843 -0.7071067811865475 0.4156269377774535
vn -0.7071067811865476 -0.7071067811865475 8.659560562354934e-17
vn -0.5720614028176844 -0.7071067811865475 -0.41562693777745346
vn -0.21850801222441066 -0.7071067811865475 -0.6724985119639574
vn 0.2185080122244104 -0.7071067811865475 -0.6724985119639574
vn 0.5720614028176843 -0.7071067811865475 -0.41562693777745363
vn 0.7071067811865476 -0.7071067811865475 -1.7319121124709868e-16
vn 0.3826834323650899 -0.9238795325112867 0
vn 0.30959740024909344 -0.9238795325112867 0.22493567784086396
vn 0.11825568406654857 -0.9238795325112867 0.3639535720290144
vn -0.11825568406654853 -0.9238795325112867 0.36395357202901446
vn -0.30959740024909344 -0.9238795325112867 0.224935677840864
vn -0.3826834323650899 -0.9238795325112867 4.6865204053263e-17
vn -0.30959740024909344 -0.9238795325112867 -0.2249356778408639
vn -0.11825568406654861 -0.9238795325112867 -0.3639535720290144
vn 0.11825568406654849 -0.9238795325112867 -0.36395357202901446
vn 0.30959740024909344 -0.9238795325112867 -0.224935677840864
vn 0.3826834323650899 -0.9238795325112867 -9.3730408106526e-17
vn 1.2246467991473532e-16 -1 0
vn 9.907600726170916e-17 -1 7.198293278059966e-17
vn 3.7843667304341506e-17 -1 1.1647083184890923e-16
vn -3.7843667304341493e-17 -1 1.1647083184890926e-16
vn -9.907600726170914e-17 -1 7.198293278059968e-17
vn -1.2246467991473532e-16 -1 1.4997597826618576e-32
vn -9.907600726170916e-17 -1 -7.198293278059965e-17
vn -3.784366730434152e-17 -1 -1.1647083184890923e-16
vn 3.7843667304341475e-17 -1 -1.1647083184890926e-16
vn 9.907600726170914e-17 -1 -7.19829327805997e-17
vn 1.2246467991473532e-16 -1 -2.999519565323715e-32
vn -0.5773502691896258 -0.5773502691896258 -0.5773502691896258
vn -0.5773502691896258 -0.5773502691896258 0.5773502691896258
vn -0.5773502691896258 0.5773502691896258 -0.5773502691896258
vn -0.5773502691896258 0.5773502691896258 0.5773502691896258
vn 0.5773502691896258 -0.5773502691896258 -0.5773502691896258
vn 0.5773502691896258 -0.5773502691896258 0.5773502691896258
vn 0.5773502691896258 0.5773502691896258 -0.5773502691896258
vn 0.5773502691896258 0.5773502691896258 0.5773502691896258
vn 0 -0.35682208977308993 -0.9341723589627159
vn 0 -0.35682208977308993 0.9341723589627159
vn 0 0.35682208977308993 -0.9341723589627159
vn 0 0.35682208977308993 0.9341723589627159
vn -0.35682208977308993 -0.9341723589627159 0
vn -0.35682208977308993 0.9341723589627159 0
vn 0.35682208977308993 -0.9341723589627159 0
vn 0.35682208977308993 0.9341723589627159 0
vn -0.9341723589627159 0 -0.35682208977308993
vn -0.9341723589627159 0 0.35682208977308993
vn 0.9341723589627159 0 -0.35682208977308993
vn 0.9341723589627159 0 0.35682208977308993
vn 0 -1 0
vn 0 -1 0
vn 0 -1 0
vn 0 -1 0
vn 0 -1 0
vn 0 -1 0
vn 0 -1 0
vn 0 1 0
vn 0 1 0
vn 0 1 0
vn 0 1 0
vn 0 1 0
vn 0 1 0
vn 0 1 0
vn 0 -1 0
vn 0 1 0
vn 0 -1 0
vn 0 -1 0
vn 0 -1 0
vn 0 -1 0
vn 0 -1 0
vn 0 -1 0
vn 0 -1 0
vn 0 1 0
vn 0 1 0
vn 0 1 0
vn 0 1 0
vn 0 1 0
vn 0 1 0
vn 0 1 0
vn 0 -1 0
vn 0 1 0
vn 0 1 0
vn 0 1 0
vn 0 1 0
vn 0 1 0
vn 0 1 0
vn 0 1 0
vn 0 1 0
vn 0 1 0
vn 0 1 0
vn 0 1 0
vn 0 1 0
vn 0.3826834323650898 0.9238795325112867 0
vn 0.30959740024909344 0.9238795325112867 0.22493567784086388
vn 0.11825568406654853 0.9238795325112867 0.3639535720290143
vn -0.11825568406654849 0.9238795325112867 0.36395357202901435
vn -0.3095974002490934 0.9238795325112867 0.2249356778408639
vn -0.3826834323650898 0.9238795325112867 4.6865204053262986e-17
vn -0.30959740024909344 0.9238795325112867 -0.22493567784086382
vn -0.11825568406654857 0.9238795325112867 -0.3639535720290143
vn 0.11825568406654845 0.9238795325112867 -0.36395357202901435
vn 0.3095974002490934 0.9238795325112867 -0.22493567784086396
vn 0.3826834323650898 0.9238795325112867 -9.373040810652597e-17
vn 0.7071067811865475 0.7071067811865476 0
vn 0.5720614028176843 0.7071067811865476 0.4156269377774534
vn 0.21850801222441052 0.7071067811865476 0.6724985119639573
vn -0.21850801222441046 0.7071067811865476 0.6724985119639573
vn -0.5720614028176841 0.7071067811865476 0.41562693777745346
vn -0.7071067811865475 0.7071067811865476 8.659560562354932e-17
vn -0.5720614028176843 0.7071067811865476 -0.4156269377774533
vn -0.2185080122244106 0.7071067811865476 -0.6724985119639573
vn 0.21850801222441038 0.7071067811865476 -0.6724985119639573
vn 0.5720614028176841 0.7071067811865476 -0.4156269377774536
vn 0.7071067811865475 0.7071067811865476 -1.7319121124709863e-16
vn 0.9238795325112867 0.38268343236508984 0
vn 0.7474342425568128 0.38268343236508984 0.5430427641049989
vn 0.28549447630116936 0.38268343236508984 0.8786616496665794
vn -0.28549447630116925 0.38268343236508984 0.8786616496665796
vn -0.7474342425568128 0.38268343236508984 0.543042764104999
vn -0.9238795325112867 0.38268343236508984 1.1314261122877003e-16
vn -0.7474342425568128 0.38268343236508984 -0.5430427641049987
vn -0.2854944763011695 0.38268343236508984 -0.8786616496665794
vn 0.28549447630116914 0.38268343236508984 -0.8786616496665796
vn 0.7474342425568128 0.38268343236508984 -0.543042764104999
vn 0.9238795325112867 0.38268343236508984 -2.2628522245754005e-16
vn 1 6.123233995736766e-17 0
vn 0.8090169943749476 6.123233995736766e-17 0.5877852522924731
vn 0.30901699437494745 6.123233995736766e-17 0.9510565162951535
vn -0.30901699437494734 6.123233995736766e-17 0.9510565162951536
vn -0.8090169943749473 6.123233995736766e-17 0.5877852522924732
vn -1 6.123233995736766e-17 1.2246467991473532e-16
vn -0.8090169943749476 6.123233995736766e-17 -0.587785252292473
vn -0.30901699437494756 6.123233995736766e-17 -0.9510565162951535
vn 0.30901699437494723 6.123233995736766e-17 -0.9510565162951536
vn 0.8090169943749473 6.123233995736766e-17 -0.5877852522924734
vn 1 6.123233995736766e-17 -2.4492935982947064e-16
vn 0.9238795325112867 -0.3826834323650897 0
vn 0.7474342425568128 -0.3826834323650897 0.5430427641049989
vn 0.28549447630116936 -0.3826834323650897 0.8786616496665794
vn -0.28549447630116925 -0.3826834323650897 0.8786616496665796
vn -0.7474342425568128 -0.3826834323650897 0.543042764104999
vn -0.9238795325112867 -0.3826834323650897 1.1314261122877003e-16
vn -0.7474342425568128 -0.3826834323650897 -0.5430427641049987
vn -0.2854944763011695 -0.3826834323650897 -0.8786616496665794
vn 0.28549447630116914 -0.3826834323650897 -0.8786616496665796
vn 0.7474342425568128 -0.3826834323650897 -0.543042764104999
vn 0.9238795325112867 -0.3826834323650897 -2.2628522245754005e-16
vn 0.7071067811865476 -0.7071067811865475 0
vn 0.5720614028176844 -0.7071067811865475 0.41562693777745346
vn 0.21850801222441057 -0.7071067811865475 0.6724985119639574
vn -0.2185080122244105 -0.7071067811865475 0.6724985119639574
vn -0.5720614028176843 -0.7071067811865475 0.4156269377774535
vn -0.7071067811865476 -0.7071067811865475 8.659560562354934e-17
vn -0.5720614028176844 -0.7071067811865475 -0.4156269377774534
vn -0.21850801222441066 -0.7071067811865475 -0.6724985119639574
vn 0.2185080122244104 -0.7071067811865475 -0.6724985119639574
vn 0.5720614028176843 -0.7071067811865475 -0.41562693777745363
vn 0.7071067811865476 -0.7071067811865475 -1.7319121124709868e-16
vn 0.38268343236508995 -0.9238795325112867 0
vn 0.3095974002490935 -0.9238795325112867 0.22493567784086393
vn 0.11825568406654857 -0.9238795325112867 0.3639535720290144
vn -0.11825568406654853 -0.9238795325112867 0.36395357202901446
vn -0.3095974002490935 -0.9238795325112867 0.224935677840864
vn -0.38268343236508995 -0.9238795325112867 4.6865204053263e-17
vn -0.3095974002490935 -0.9238795325112867 -0.2249356778408639
vn -0.1182556840665486 -0.9238795325112867 -0.3639535720290144
vn 0.11825568406654849 -0.9238795325112867 -0.36395357202901446
vn 0.3095974002490935 -0.9238795325112867 -0.22493567784086402
vn 0.38268343236508995 -0.9238795325112867 -9.3730408106526e-17
vn 1.2246467991473532e-16 -1 0
vn 9.907600726170916e-17 -1 7.198293278059966e-17
vn 3.7843667304341506e-17 -1 1.1647083184890923e-16
vn -3.7843667304341493e-17 -1 1.1647083184890926e-16
vn -9.907600726170915e-17 -1 7.198293278059968e-17
vn -1.2246467991473532e-16 -1 1.4997597826618576e-32
vn -9.907600726170916e-17 -1 -7.198293278059965e-17
vn -3.784366730434152e-17 -1 -1.1647083184890923e-16
vn 3.7843667304341475e-17 -1 -1.1647083184890926e-16
vn 9.907600726170915e-17 -1 -7.19829327805997e-17
vn 1.2246467991473532e-16 -1 -2.999519565323715e-32
vn -0.5773502691896258 -0.5773502691896258 -0.5773502691896258
vn -0.5773502691896258 -0.5773502691896258 0.5773502691896258
vn -0.5773502691896258 0.5773502691896258 -0.5773502691896258
vn -0.5773502691896258 0.5773502691896258 0.5773502691896258
vn 0.5773502691896258 -0.5773502691896258 -0.5773502691896258
vn 0.5773502691896258 -0.5773502691896258 0.5773502691896258
vn 0.5773502691896258 0.5773502691896258 -0.5773502691896258
vn 0.5773502691896258 0.5773502691896258 0.5773502691896258
vn 0 -0.35682208977308993 -0.9341723589627159
vn 0 -0.35682208977308993 0.9341723589627159
vn 0 0.35682208977308993 -0.9341723589627159
vn 0 0.35682208977308993 0.9341723589627159
vn -0.35682208977308993 -0.9341723589627159 0
vn -0.35682208977308993 0.9341723589627159 0
vn 0.35682208977308993 -0.9341723589627159 0
vn 0.35682208977308993 0.9341723589627159 0
vn -0.9341723589627159 0 -0.35682208977308993
vn -0.9341723589627159 0 0.35682208977308993
vn 0.9341723589627159 0 -0.35682208977308993
vn 0.9341723589627159 0 0.35682208977308993
vn 0 -1 0
vn 0 -1 0
vn 0 -1 0
vn 0 -1 0
vn 0 -1 0
vn 0 -1 0
vn 0 -1 0
vn 0 1 0
vn 0 1 0
vn 0 1 0
vn 0 1 0
vn 0 1 0
vn 0 1 0
vn 0 1 0
vn 0 -1 0
vn 0 1 0
vn 0 -1 0
vn 0 -1 0
vn 0 -1 0
vn 0 -1 0
vn 0 -1 0
vn 0 -1 0
vn 0 -1 0
vn 0 1 0
vn 0 1 0
vn 0 1 0
vn 0 1 0
vn 0 1 0
vn 0 1 0
vn 0 1 0
vn 0 -1 0
vn 0 1 0
vn 0 1 0
vn 0 1 0
vn 0 1 0
vn 0 1 0
vn 0 1 0
vn 0 1 0
vn 0 1 0
vn 0 1 0
vn 0 1 0
vn 0 1 0
vn 0 1 0
vn 0.3826834323650898 0.9238795325112868 0
vn 0.30959740024909344 0.9238795325112868 0.22493567784086388
vn 0.11825568406654854 0.9238795325112868 0.3639535720290143
vn -0.1182556840665485 0.9238795325112868 0.36395357202901435
vn -0.3095974002490934 0.9238795325112868 0.2249356778408639
vn -0.3826834323650898 0.9238795325112868 4.6865204053262986e-17
vn -0.30959740024909344 0.9238795325112868 -0.22493567784086382
vn -0.11825568406654859 0.9238795325112868 -0.3639535720290143
vn 0.11825568406654845 0.9238795325112868 -0.36395357202901435
vn 0.3095974002490934 0.9238795325112868 -0.224935677840864
vn 0.3826834323650898 0.9238795325112868 -9.373040810652597e-17
vn 0.7071067811865475 0.7071067811865476 0
vn 0.5720614028176843 0.7071067811865476 0.4156269377774534
vn 0.21850801222441052 0.7071067811865476 0.6724985119639573
vn -0.21850801222441044 0.7071067811865476 0.6724985119639573
vn -0.5720614028176841 0.7071067811865476 0.41562693777745346
vn -0.7071067811865475 0.7071067811865476 8.659560562354932e-17
vn -0.5720614028176843 0.7071067811865476 -0.41562693777745335
vn -0.2185080122244106 0.7071067811865476 -0.6724985119639573
vn 0.2185080122244104 0.7071067811865476 -0.6724985119639573
vn 0.5720614028176841 0.7071067811865476 -0.4156269377774536
vn 0.7071067811865475 0.7071067811865476 -1.7319121124709863e-16
vn 0.9238795325112867 0.38268343236508984 0
vn 0.7474342425568128 0.38268343236508984 0.5430427641049989
vn 0.28549447630116936 0.38268343236508984 0.8786616496665794
vn -0.28549447630116925 0.38268343236508984 0.8786616496665796
vn -0.7474342425568127 0.38268343236508984 0.543042764104999
vn -0.9238795325112867 0.38268343236508984 1.1314261122877003e-16
vn -0.7474342425568128 0.38268343236508984 -0.5430427641049987
vn -0.2854944763011695 0.38268343236508984 -0.8786616496665794
vn 0.28549447630116914 0.38268343236508984 -0.8786616496665796
vn 0.7474342425568127 0.38268343236508984 -0.543042764104999
vn 0.9238795325112867 0.38268343236508984 -2.2628522245754005e-16
vn 1 6.123233995736766e-17 0
vn 0.8090169943749473 6.123233995736766e-17 0.5877852522924731
vn 0.30901699437494745 6.123233995736766e-17 0.9510565162951534
vn -0.30901699437494734 6.123233995736766e-17 0.9510565162951536
vn -0.8090169943749473 6.123233995736766e-17 0.5877852522924732
vn -1 6.123233995736766e-17 1.2246467991473532e-16
vn -0.8090169943749473 6.123233995736766e-17 -0.587785252292473
vn -0.30901699437494756 6.123233995736766e-17 -0.9510565162951534
vn 0.30901699437494723 6.123233995736766e-17 -0.9510565162951536
vn 0.8090169943749473 6.123233995736766e-17 -0.5877852522924735
vn 1 6.123233995736766e-17 -2.4492935982947064e-16
vn 0.9238795325112867 -0.3826834323650897 0
vn 0.7474342425568128 -0.3826834323650897 0.5430427641049989
vn 0.28549447630116936 -0.3826834323650897 0.8786616496665794
vn -0.28549447630116925 -0.3826834323650897 0.8786616496665796
vn -0.7474342425568127 -0.3826834323650897 0.543042764104999
vn -0.9238795325112867 -0.3826834323650897 1.1314261122877003e-16
vn -0.7474342425568128 -0.3826834323650897 -0.5430427641049987
vn -0.2854944763011695 -0.3826834323650897 -0.8786616496665794
vn 0.28549447630116914 -0.3826834323650897 -0.8786616496665796
vn 0.7474342425568127 -0.3826834323650897 -0.543042764104999
vn 0.9238795325112867 -0.3826834323650897 -2.2628522245754005e-16
vn 0.7071067811865476 -0.7071067811865475 0
vn 0.5720614028176844 -0.7071067811865475 0.41562693777745346
vn 0.21850801222441057 -0.7071067811865475 0.6724985119639575
vn -0.2185080122244105 -0.7071067811865475 0.6724985119639575
vn -0.5720614028176843 -0.7071067811865475 0.4156269377774535
vn -0.7071067811865476 -0.7071067811865475 8.659560562354934e-17
vn -0.5720614028176844 -0.7071067811865475 -0.4156269377774534
vn -0.21850801222441066 -0.7071067811865475 -0.6724985119639575
vn 0.2185080122244104 -0.7071067811865475 -0.6724985119639575
vn 0.5720614028176843 -0.7071067811865475 -0.41562693777745363
vn 0.7071067811865476 -0.7071067811865475 -1.7319121124709868e-16
vn 0.3826834323650899 -0.9238795325112868 0
vn 0.3095974002490935 -0.9238795325112868 0.22493567784086393
vn 0.11825568406654859 -0.9238795325112868 0.3639535720290144
vn -0.11825568406654854 -0.9238795325112868 0.3639535720290145
vn -0.3095974002490935 -0.9238795325112868 0.224935677840864
vn -0.3826834323650899 -0.9238795325112868 4.6865204053263e-17
vn -0.3095974002490935 -0.9238795325112868 -0.2249356778408639
vn -0.1182556840665486 -0.9238795325112868 -0.3639535720290144
vn 0.1182556840665485 -0.9238795325112868 -0.3639535720290145
vn 0.3095974002490935 -0.9238795325112868 -0.22493567784086402
vn 0.3826834323650899 -0.9238795325112868 -9.3730408106526e-17
vn 1.2246467991473532e-16 -1 0
vn 9.907600726170916e-17 -1 7.198293278059968e-17
vn 3.7843667304341506e-17 -1 1.1647083184890923e-16
vn -3.7843667304341493e-17 -1 1.1647083184890926e-16
vn -9.907600726170915e-17 -1 7.198293278059968e-17
vn -1.2246467991473532e-16 -1 1.4997597826618576e-32
vn -9.907600726170916e-17 -1 -7.198293278059965e-17
vn -3.784366730434152e-17 -1 -1.1647083184890923e-16
vn 3.7843667304341475e-17 -1 -1.1647083184890926e-16
vn 9.907600726170915e-17 -1 -7.19829327805997e-17
vn 1.2246467991473532e-16 -1 -2.999519565323715e-32
vn -0.5773502691896257 -0.5773502691896257 -0.5773502691896257
vn -0.5773502691896257 -0.5773502691896257 0.5773502691896257
vn -0.5773502691896257 0.5773502691896257 -0.5773502691896257
vn -0.5773502691896257 0.5773502691896257 0.5773502691896257
vn 0.5773502691896257 -0.5773502691896257 -0.5773502691896257
vn 0.5773502691896257 -0.5773502691896257 0.5773502691896257
vn 0.5773502691896257 0.5773502691896257 -0.5773502691896257
vn 0.5773502691896257 0.5773502691896257 0.5773502691896257
vn 0 -0.35682208977308993 -0.9341723589627157
vn 0 -0.35682208977308993 0.9341723589627157
vn 0 0.35682208977308993 -0.9341723589627157
vn 0 0.35682208977308993 0.9341723589627157
vn -0.35682208977308993 -0.9341723589627157 0
vn -0.35682208977308993 0.9341723589627157 0
vn 0.35682208977308993 -0.9341723589627157 0
vn 0.35682208977308993 0.9341723589627157 0
vn -0.9341723589627157 0 -0.35682208977308993
vn -0.9341723589627157 0 0.35682208977308993
vn 0.9341723589627157 0 -0.35682208977308993
vn 0.9341723589627157 0 0.35682208977308993
vn 0 -1 0
vn 0 -1 0
vn 0 -1 0
vn 0 -1 0
vn 0 -1 0
vn 0 -1 0
vn 0 -1 0
vn 0 1 0
vn 0 1 0
vn 0 1 0
vn 0 1 0
vn 0 1 0
vn 0 1 0
vn 0 1 0
vn 0 -1 0
vn 0 1 0
vn 0 -1 0
vn 0 -1 0
vn 0 -1 0
vn 0 -1 0
vn 0 -1 0
vn 0 -1 0
vn 0 -1 0
vn 0 1 0
vn 0 1 0
vn 0 1 0
vn 0 1 0
vn 0 1 0
vn 0 1 0
vn 0 1 0
vn 0 -1 0
vn 0 1 0
vn 0 1 0
vn 0 1 0
vn 0 1 0
vn 0 1 0
vn 0 1 0
vn 0 1 0
vn 0 1 0
vn 0 1 0
vn 0 1 0
vn 0 1 0
vn 0 1 0
vn 0.3826834323650898 0.9238795325112867 0
vn 0.30959740024909344 0.9238795325112867 0.2249356778408639
vn 0.11825568406654853 0.9238795325112867 0.3639535720290143
vn -0.11825568406654849 0.9238795325112867 0.36395357202901435
vn -0.3095974002490934 0.9238795325112867 0.2249356778408639
vn -0.3826834323650898 0.9238795325112867 4.6865204053262986e-17
vn -0.30959740024909344 0.9238795325112867 -0.22493567784086382
vn -0.11825568406654859 0.9238795325112867 -0.3639535720290143
vn 0.11825568406654843 0.9238795325112867 -0.36395357202901435
vn 0.3095974002490934 0.9238795325112867 -0.22493567784086396
vn 0.3826834323650898 0.9238795325112867 -9.373040810652597e-17
vn 0.7071067811865475 0.7071067811865476 0
vn 0.5720614028176843 0.7071067811865476 0.4156269377774534
vn 0.21850801222441057 0.7071067811865476 0.6724985119639573
vn -0.21850801222441046 0.7071067811865476 0.6724985119639573
vn -0.5720614028176841 0.7071067811865476 0.41562693777745346
vn -0.7071067811865475 0.7071067811865476 8.659560562354932e-17
vn -0.5720614028176843 0.7071067811865476 -0.4156269377774533
vn -0.21850801222441063 0.7071067811865476 -0.6724985119639573
vn 0.21850801222441038 0.7071067811865476 -0.6724985119639573
vn 0.5720614028176841 0.7071067811865476 -0.4156269377774536
vn 0.7071067811865475 0.7071067811865476 -1.7319121124709863e-16
vn 0.9238795325112867 0.38268343236508984 0
vn 0.7474342425568128 0.38268343236508984 0.5430427641049989
vn 0.28549447630116936 0.38268343236508984 0.8786616496665794
vn -0.28549447630116925 0.38268343236508984 0.8786616496665796
vn -0.7474342425568127 0.38268343236508984 0.543042764104999
vn -0.9238795325112867 0.38268343236508984 1.1314261122877003e-16
vn -0.7474342425568128 0.38268343236508984 -0.5430427641049987
vn -0.2854944763011695 0.38268343236508984 -0.8786616496665794
vn 0.28549447630116914 0.38268343236508984 -0.8786616496665796
vn 0.7474342425568127 0.38268343236508984 -0.543042764104999
vn 0.9238795325112867 0.38268343236508984 -2.2628522245754005e-16
vn 1 6.123233995736766e-17 0
vn 0.8090169943749475 6.123233995736766e-17 0.5877852522924731
vn 0.30901699437494745 6.123233995736766e-17 0.9510565162951535
vn -0.30901699437494734 6.123233995736766e-17 0.9510565162951536
vn -0.8090169943749473 6.123233995736766e-17 0.5877852522924731
vn -1 6.123233995736766e-17 1.2246467991473535e-16
vn -0.8090169943749475 6.123233995736766e-17 -0.587785252292473
vn -0.30901699437494756 6.123233995736766e-17 -0.9510565162951535
vn 0.30901699437494723 6.123233995736766e-17 -0.9510565162951536
vn 0.8090169943749473 6.123233995736766e-17 -0.5877852522924734
vn 1 6.123233995736766e-17 -2.449293598294707e-16
vn 0.9238795325112867 -0.3826834323650897 0
vn 0.7474342425568128 -0.3826834323650897 0.5430427641049989
vn 0.28549447630116936 -0.3826834323650897 0.8786616496665794
vn -0.28549447630116925 -0.3826834323650897 0.8786616496665796
vn -0.7474342425568127 -0.3826834323650897 0.543042764104999
vn -0.9238795325112867 -0.3826834323650897 1.1314261122877003e-16
vn -0.7474342425568128 -0.3826834323650897 -0.5430427641049987
vn -0.2854944763011695 -0.3826834323650897 -0.8786616496665794
vn 0.28549447630116914 -0.3826834323650897 -0.8786616496665796
vn 0.7474342425568127 -0.3826834323650897 -0.543042764104999
vn 0.9238795325112867 -0.3826834323650897 -2.2628522245754005e-16
vn 0.7071067811865476 -0.7071067811865475 0
vn 0.5720614028176844 -0.7071067811865475 0.41562693777745346
vn 0.21850801222441057 -0.7071067811865475 0.6724985119639574
vn -0.21850801222441046 -0.7071067811865475 0.6724985119639574
vn -0.5720614028176843 -0.7071067811865475 0.4156269377774535
vn -0.7071067811865476 -0.7071067811865475 8.659560562354934e-17
vn -0.5720614028176844 -0.7071067811865475 -0.4156269377774534
vn -0.21850801222441066 -0.7071067811865475 -0.6724985119639574
vn 0.21850801222441044 -0.7071067811865475 -0.6724985119639574
vn 0.5720614028176843 -0.7071067811865475 -0.41562693777745363
vn 0.7071067811865476 -0.7071067811865475 -1.7319121124709868e-16
vn 0.3826834323650899 -0.9238795325112867 0
vn 0.3095974002490935 -0.9238795325112867 0.22493567784086393
vn 0.11825568406654859 -0.9238795325112867 0.3639535720290144
vn -0.11825568406654853 -0.9238795325112867 0.36395357202901446
vn -0.3095974002490935 -0.9238795325112867 0.224935677840864
vn -0.3826834323650899 -0.9238795325112867 4.6865204053263e-17
vn -0.3095974002490935 -0.9238795325112867 -0.2249356778408639
vn -0.11825568406654861 -0.9238795325112867 -0.3639535720290144
vn 0.11825568406654849 -0.9238795325112867 -0.36395357202901446
vn 0.3095974002490935 -0.9238795325112867 -0.22493567784086402
vn 0.3826834323650899 -0.9238795325112867 -9.3730408106526e-17
vn 1.2246467991473532e-16 -1 0
vn 9.907600726170917e-17 -1 7.198293278059966e-17
vn 3.7843667304341506e-17 -1 1.1647083184890923e-16
vn -3.7843667304341493e-17 -1 1.1647083184890926e-16
vn -9.907600726170915e-17 -1 7.198293278059968e-17
vn -1.2246467991473532e-16 -1 1.4997597826618576e-32
vn -9.907600726170917e-17 -1 -7.198293278059965e-17
vn -3.784366730434152e-17 -1 -1.1647083184890923e-16
vn 3.7843667304341475e-17 -1 -1.1647083184890926e-16
vn 9.907600726170915e-17 -1 -7.19829327805997e-17
vn 1.2246467991473532e-16 -1 -2.999519565323715e-32
vn -0.5773502691896258 -0.5773502691896258 -0.5773502691896258
vn -0.5773502691896258 -0.5773502691896258 0.5773502691896258
vn -0.5773502691896258 0.5773502691896258 -0.5773502691896258
vn -0.5773502691896258 0.5773502691896258 0.5773502691896258
vn 0.5773502691896258 -0.5773502691896258 -0.5773502691896258
vn 0.5773502691896258 -0.5773502691896258 0.5773502691896258
vn 0.5773502691896258 0.5773502691896258 -0.5773502691896258
vn 0.5773502691896258 0.5773502691896258 0.5773502691896258
vn 0 -0.35682208977309 -0.9341723589627158
vn 0 -0.35682208977309 0.9341723589627158
vn 0 0.35682208977309 -0.9341723589627158
vn 0 0.35682208977309 0.9341723589627158
vn -0.35682208977309 -0.9341723589627158 0
vn -0.35682208977309 0.9341723589627158 0
vn 0.35682208977309 -0.9341723589627158 0
vn 0.35682208977309 0.9341723589627158 0
vn -0.9341723589627158 0 -0.35682208977309
vn -0.9341723589627158 0 0.35682208977309
vn 0.9341723589627158 0 -0.35682208977309
vn 0.9341723589627158 0 0.35682208977309
vn 0 -1 0
vn 0 -1 0
vn 0 -1 0
vn 0 -1 0
vn 0 -1 0
vn 0 -1 0
vn 0 -1 0
vn 0 1 0
vn 0 1 0
vn 0 1 0
vn 0 1 0
vn 0 1 0
vn 0 1 0
vn 0 1 0
vn 0 -1 0
vn 0 1 0
vn 0 -1 0
vn 0 -1 0
vn 0 -1 0
vn 0 -1 0
vn 0 -1 0
vn 0 -1 0
vn 0 -1 0
vn 0 1 0
vn 0 1 0
vn 0 1 0
vn 0 1 0
vn 0 1 0
vn 0 1 0
vn 0 1 0
vn 0 -1 0
vn 0 1 0
vn 0 1 0
vn 0 1 0
vn 0 1 0
vn 0 1 0
vn 0 1 0
vn 0 1 0
vn 0 1 0
vn 0 1 0
vn 0 1 0
vn 0 1 0
vn 0 1 0
vn 0.38268343236508984 0.9238795325112867 0
vn 0.30959740024909344 0.9238795325112867 0.22493567784086388
vn 0.11825568406654853 0.9238795325112867 0.3639535720290143
vn -0.11825568406654849 0.9238795325112867 0.36395357202901435
vn -0.3095974002490934 0.9238795325112867 0.22493567784086393
vn -0.38268343236508984 0.9238795325112867 4.6865204053262986e-17
vn -0.30959740024909344 0.9238795325112867 -0.2249356778408638
vn -0.11825568406654857 0.9238795325112867 -0.3639535720290143
vn 0.11825568406654845 0.9238795325112867 -0.36395357202901435
vn 0.3095974002490934 0.9238795325112867 -0.22493567784086396
vn 0.38268343236508984 0.9238795325112867 -9.373040810652597e-17
vn 0.7071067811865475 0.7071067811865476 0
vn 0.5720614028176843 0.7071067811865476 0.4156269377774534
vn 0.21850801222441055 0.7071067811865476 0.6724985119639573
vn -0.21850801222441046 0.7071067811865476 0.6724985119639573
vn -0.5720614028176841 0.7071067811865476 0.41562693777745346
vn -0.7071067811865475 0.7071067811865476 8.659560562354932e-17
vn -0.5720614028176843 0.7071067811865476 -0.4156269377774533
vn -0.21850801222441063 0.7071067811865476 -0.6724985119639573
vn 0.21850801222441038 0.7071067811865476 -0.6724985119639573
vn 0.5720614028176841 0.7071067811865476 -0.4156269377774536
vn 0.7071067811865475 0.7071067811865476 -1.7319121124709863e-16
vn 0.9238795325112867 0.38268343236508984 0
vn 0.7474342425568128 0.38268343236508984 0.5430427641049989
vn 0.28549447630116936 0.38268343236508984 0.8786616496665794
vn -0.28549447630116925 0.38268343236508984 0.8786616496665796
vn -0.7474342425568127 0.38268343236508984 0.543042764104999
vn -0.9238795325112867 0.38268343236508984 1.1314261122877003e-16
vn -0.7474342425568128 0.38268343236508984 -0.5430427641049987
vn -0.2854944763011695 0.38268343236508984 -0.8786616496665794
vn 0.28549447630116914 0.38268343236508984 -0.8786616496665796
vn 0.7474342425568127 0.38268343236508984 -0.543042764104999
vn 0.9238795325112867 0.38268343236508984 -2.2628522245754005e-16
vn 1 6.123233995736766e-17 0
vn 0.8090169943749476 6.123233995736766e-17 0.5877852522924731
vn 0.30901699437494745 6.123233995736766e-17 0.9510565162951535
vn -0.30901699437494734 6.123233995736766e-17 0.9510565162951535
vn -0.8090169943749473 6.123233995736766e-17 0.5877852522924732
vn -1 6.123233995736766e-17 1.2246467991473532e-16
vn -0.8090169943749476 6.123233995736766e-17 -0.587785252292473
vn -0.30901699437494756 6.123233995736766e-17 -0.9510565162951535
vn 0.30901699437494723 6.123233995736766e-17 -0.9510565162951535
vn 0.8090169943749473 6.123233995736766e-17 -0.5877852522924734
vn 1 6.123233995736766e-17 -2.4492935982947064e-16
vn 0.9238795325112867 -0.3826834323650897 0
vn 0.7474342425568128 -0.3826834323650897 0.5430427641049989
vn 0.28549447630116936 -0.3826834323650897 0.8786616496665794
vn -0.28549447630116925 -0.3826834323650897 0.8786616496665796
vn -0.7474342425568127 -0.3826834323650897 0.543042764104999
vn -0.9238795325112867 -0.3826834323650897 1.1314261122877003e-16
vn -0.7474342425568128 -0.3826834323650897 -0.5430427641049987
vn -0.2854944763011695 -0.3826834323650897 -0.8786616496665794
vn 0.28549447630116914 -0.3826834323650897 -0.8786616496665796
vn 0.7474342425568127 -0.3826834323650897 -0.543042764104999
vn 0.9238795325112867 -0.3826834323650897 -2.2628522245754005e-16
vn 0.7071067811865476 -0.7071067811865475 0
vn 0.5720614028176844 -0.7071067811865475 0.41562693777745346
vn 0.21850801222441057 -0.7071067811865475 0.6724985119639574
vn -0.2185080122244105 -0.7071067811865475 0.6724985119639574
vn -0.5720614028176843 -0.7071067811865475 0.4156269377774536
vn -0.7071067811865476 -0.7071067811865475 8.659560562354935e-17
vn -0.5720614028176844 -0.7071067811865475 -0.4156269377774534
vn -0.21850801222441066 -0.7071067811865475 -0.6724985119639574
vn 0.2185080122244104 -0.7071067811865475 -0.6724985119639574
vn 0.5720614028176843 -0.7071067811865475 -0.41562693777745363
vn 0.7071067811865476 -0.7071067811865475 -1.731912112470987e-16
vn 0.3826834323650899 -0.9238795325112867 0
vn 0.3095974002490935 -0.9238795325112867 0.22493567784086393
vn 0.11825568406654857 -0.9238795325112867 0.36395357202901435
vn -0.11825568406654853 -0.9238795325112867 0.36395357202901446
vn -0.3095974002490935 -0.9238795325112867 0.22493567784086402
vn -0.3826834323650899 -0.9238795325112867 4.686520405326299e-17
vn -0.3095974002490935 -0.9238795325112867 -0.22493567784086393
vn -0.11825568406654861 -0.9238795325112867 -0.36395357202901435
vn 0.11825568406654849 -0.9238795325112867 -0.36395357202901446
vn 0.3095974002490935 -0.9238795325112867 -0.22493567784086402
vn 0.3826834323650899 -0.9238795325112867 -9.373040810652598e-17
vn 1.2246467991473532e-16 -1 0
vn 9.907600726170916e-17 -1 7.198293278059966e-17
vn 3.7843667304341506e-17 -1 1.1647083184890923e-16
vn -3.7843667304341493e-17 -1 1.1647083184890926e-16
vn -9.907600726170915e-17 -1 7.198293278059968e-17
vn -1.2246467991473532e-16 -1 1.4997597826618576e-32
vn -9.907600726170916e-17 -1 -7.198293278059965e-17
vn -3.784366730434152e-17 -1 -1.1647083184890923e-16
vn 3.7843667304341475e-17 -1 -1.1647083184890926e-16
vn 9.907600726170915e-17 -1 -7.19829327805997e-17
vn 1.2246467991473532e-16 -1 -2.999519565323715e-32
vn -0.5773502691896258 -0.5773502691896258 -0.5773502691896258
vn -0.5773502691896258 -0.5773502691896258 0.5773502691896258
vn -0.5773502691896258 0.5773502691896258 -0.5773502691896258
vn -0.5773502691896258 0.5773502691896258 0.5773502691896258
vn 0.5773502691896258 -0.5773502691896258 -0.5773502691896258
vn 0.5773502691896258 -0.5773502691896258 0.5773502691896258
vn 0.5773502691896258 0.5773502691896258 -0.5773502691896258
vn 0.5773502691896258 0.5773502691896258 0.5773502691896258
vn 0 -0.35682208977309 -0.9341723589627159
vn 0 -0.35682208977309 0.9341723589627159
vn 0 0.35682208977309 -0.9341723589627159
vn 0 0.35682208977309 0.9341723589627159
vn -0.35682208977309 -0.9341723589627159 0
vn -0.35682208977309 0.9341723589627159 0
vn 0.35682208977309 -0.9341723589627159 0
vn 0.35682208977309 0.9341723589627159 0
vn -0.9341723589627159 0 -0.35682208977309
vn -0.9341723589627159 0 0.35682208977309
vn 0.9341723589627159 0 -0.35682208977309
vn 0.9341723589627159 0 0.35682208977309
vn 0 -1 0
vn 0 -1 0
vn 0 -1 0
vn 0 -1 0
vn 0 -1 0
vn 0 -1 0
vn 0 -1 0
vn 0 1 0
vn 0 1 0
vn 0 1 0
vn 0 1 0
vn 0 1 0
vn 0 1 0
vn 0 1 0
vn 0 -1 0
vn 0 1 0
vn 0 -1 0
vn 0 -1 0
vn 0 -1 0
vn 0 -1 0
vn 0 -1 0
vn 0 -1 0
vn 0 -1 0
vn 0 1 0
vn 0 1 0
vn 0 1 0
vn 0 1 0
vn 0 1 0
vn 0 1 0
vn 0 1 0
vn 0 -1 0
vn 0 1 0
vn 0 1 0
vn 0 1 0
vn 0 1 0
vn 0 1 0
vn 0 1 0
vn 0 1 0
vn 0 1 0
vn 0 1 0
vn 0 1 0
vn 0 1 0
vn 0 1 0
vn 0.3826834323650898 0.9238795325112867 0
vn 0.30959740024909344 0.9238795325112867 0.22493567784086388
vn 0.11825568406654853 0.9238795325112867 0.3639535720290143
vn -0.11825568406654849 0.9238795325112867 0.36395357202901435
vn -0.3095974002490933 0.9238795325112867 0.2249356778408639
vn -0.3826834323650898 0.9238795325112867 4.6865204053262986e-17
vn -0.30959740024909344 0.9238795325112867 -0.22493567784086382
vn -0.11825568406654857 0.9238795325112867 -0.3639535720290143
vn 0.11825568406654845 0.9238795325112867 -0.36395357202901435
vn 0.3095974002490933 0.9238795325112867 -0.22493567784086396
vn 0.3826834323650898 0.9238795325112867 -9.373040810652597e-17
vn 0.7071067811865475 0.7071067811865476 0
vn 0.5720614028176843 0.7071067811865476 0.4156269377774534
vn 0.21850801222441055 0.7071067811865476 0.6724985119639573
vn -0.21850801222441046 0.7071067811865476 0.6724985119639573
vn -0.5720614028176841 0.7071067811865476 0.41562693777745346
vn -0.7071067811865475 0.7071067811865476 8.659560562354932e-17
vn -0.5720614028176843 0.7071067811865476 -0.4156269377774533
vn -0.2185080122244106 0.7071067811865476 -0.6724985119639573
vn 0.21850801222441038 0.7071067811865476 -0.6724985119639573
vn 0.5720614028176841 0.7071067811865476 -0.4156269377774536
vn 0.7071067811865475 0.7071067811865476 -1.7319121124709863e-16
vn 0.9238795325112867 0.38268343236508984 0
vn 0.7474342425568129 0.38268343236508984 0.5430427641049989
vn 0.28549447630116936 0.38268343236508984 0.8786616496665794
vn -0.28549447630116925 0.38268343236508984 0.8786616496665796
vn -0.7474342425568127 0.38268343236508984 0.543042764104999
vn -0.9238795325112867 0.38268343236508984 1.1314261122877003e-16
vn -0.7474342425568129 0.38268343236508984 -0.5430427641049987
vn -0.2854944763011695 0.38268343236508984 -0.8786616496665794
vn 0.28549447630116914 0.38268343236508984 -0.8786616496665796
vn 0.7474342425568127 0.38268343236508984 -0.543042764104999
vn 0.9238795325112867 0.38268343236508984 -2.2628522245754005e-16
vn 1 6.123233995736766e-17 0
vn 0.8090169943749475 6.123233995736766e-17 0.5877852522924731
vn 0.3090169943749474 6.123233995736766e-17 0.9510565162951536
vn -0.30901699437494734 6.123233995736766e-17 0.9510565162951536
vn -0.8090169943749473 6.123233995736766e-17 0.5877852522924732
vn -1 6.123233995736766e-17 1.2246467991473535e-16
vn -0.8090169943749475 6.123233995736766e-17 -0.587785252292473
vn -0.30901699437494756 6.123233995736766e-17 -0.9510565162951536
vn 0.30901699437494723 6.123233995736766e-17 -0.9510565162951536
vn 0.8090169943749473 6.123233995736766e-17 -0.5877852522924734
vn 1 6.123233995736766e-17 -2.449293598294707e-16
vn 0.9238795325112867 -0.3826834323650897 0
vn 0.7474342425568129 -0.3826834323650897 0.5430427641049989
vn 0.28549447630116936 -0.3826834323650897 0.8786616496665794
vn -0.28549447630116925 -0.3826834323650897 0.8786616496665796
vn -0.7474342425568127 -0.3826834323650897 0.543042764104999
vn -0.9238795325112867 -0.3826834323650897 1.1314261122877003e-16
vn -0.7474342425568129 -0.3826834323650897 -0.5430427641049987
vn -0.2854944763011695 -0.3826834323650897 -0.8786616496665794
vn 0.28549447630116914 -0.3826834323650897 -0.8786616496665796
vn 0.7474342425568127 -0.3826834323650897 -0.543042764104999
vn 0.9238795325112867 -0.3826834323650897 -2.2628522245754005e-16
vn 0.7071067811865476 -0.7071067811865475 0
vn 0.5720614028176844 -0.7071067811865475 0.41562693777745346
vn 0.21850801222441057 -0.7071067811865475 0.6724985119639573
vn -0.2185080122244105 -0.7071067811865475 0.6724985119639573
vn -0.5720614028176843 -0.7071067811865475 0.4156269377774535
vn -0.7071067811865476 -0.7071067811865475 8.659560562354934e-17
vn -0.5720614028176844 -0.7071067811865475 -0.4156269377774534
vn -0.21850801222441066 -0.7071067811865475 -0.6724985119639573
vn 0.2185080122244104 -0.7071067811865475 -0.6724985119639573
vn 0.5720614028176843 -0.7071067811865475 -0.41562693777745363
vn 0.7071067811865476 -0.7071067811865475 -1.7319121124709868e-16
vn 0.3826834323650899 -0.9238795325112867 0
vn 0.3095974002490935 -0.9238795325112867 0.22493567784086393
vn 0.11825568406654857 -0.9238795325112867 0.3639535720290144
vn -0.11825568406654853 -0.9238795325112867 0.36395357202901446
vn -0.3095974002490935 -0.9238795325112867 0.22493567784086396
vn -0.3826834323650899 -0.9238795325112867 4.6865204053263e-17
vn -0.3095974002490935 -0.9238795325112867 -0.2249356778408639
vn -0.11825568406654861 -0.9238795325112867 -0.3639535720290144
vn 0.11825568406654849 -0.9238795325112867 -0.36395357202901446
vn 0.3095974002490935 -0.9238795325112867 -0.22493567784086402
vn 0.3826834323650899 -0.9238795325112867 -9.3730408106526e-17
vn 1.2246467991473532e-16 -1 0
vn 9.907600726170916e-17 -1 7.198293278059966e-17
vn 3.7843667304341506e-17 -1 1.1647083184890923e-16
vn -3.7843667304341493e-17 -1 1.1647083184890926e-16
vn -9.907600726170915e-17 -1 7.198293278059968e-17
vn -1.2246467991473532e-16 -1 1.4997597826618576e-32
vn -9.907600726170916e-17 -1 -7.198293278059965e-17
vn -3.784366730434152e-17 -1 -1.1647083184890923e-16
vn 3.7843667304341475e-17 -1 -1.1647083184890926e-16
vn 9.907600726170915e-17 -1 -7.19829327805997e-17
vn 1.2246467991473532e-16 -1 -2.999519565323715e-32
vn -0.5773502691896258 -0.5773502691896258 -0.5773502691896258
vn -0.5773502691896258 -0.5773502691896258 0.5773502691896258
vn -0.5773502691896258 0.5773502691896258 -0.5773502691896258
vn -0.5773502691896258 0.5773502691896258 0.5773502691896258
vn 0.5773502691896258 -0.5773502691896258 -0.5773502691896258
vn 0.5773502691896258 -0.5773502691896258 0.5773502691896258
vn 0.5773502691896258 0.5773502691896258 -0.5773502691896258
vn 0.5773502691896258 0.5773502691896258 0.5773502691896258
vn 0 -0.35682208977308993 -0.9341723589627158
vn 0 -0.35682208977308993 0.9341723589627158
vn 0 0.35682208977308993 -0.9341723589627158
vn 0 0.35682208977308993 0.9341723589627158
vn -0.35682208977308993 -0.9341723589627158 0
vn -0.35682208977308993 0.9341723589627158 0
vn 0.35682208977308993 -0.9341723589627158 0
vn 0.35682208977308993 0.9341723589627158 0
vn -0.9341723589627158 0 -0.35682208977308993
vn -0.9341723589627158 0 0.35682208977308993
vn 0.9341723589627158 0 -0.35682208977308993
vn 0.9341723589627158 0 0.35682208977308993
vn 0 -1 0
vn 0 -1 0
vn 0 -1 0
vn 0 -1 0
vn 0 -1 0
vn 0 -1 0
vn 0 -1 0
vn 0 1 0
vn 0 1 0
vn 0 1 0
vn 0 1 0
vn 0 1 0
vn 0 1 0
vn 0 1 0
vn 0 -1 0
vn 0 1 0
vn 0 -1 0
vn 0 -1 0
vn 0 -1 0
vn 0 -1 0
vn 0 -1 0
vn 0 -1 0
vn 0 -1 0
vn 0 1 0
vn 0 1 0
vn 0 1 0
vn 0 1 0
vn 0 1 0
vn 0 1 0
vn 0 1 0
vn 0 -1 0
vn 0 1 0
vn 0 1 0
vn 0 1 0
vn 0 1 0
vn 0 1 0
vn 0 1 0
vn 0 1 0
vn 0 1 0
vn 0 1 0
vn 0 1 0
vn 0 1 0
vn 0 1 0
vn 0.3826834323650898 0.9238795325112867 0
vn 0.30959740024909344 0.9238795325112867 0.22493567784086388
vn 0.11825568406654853 0.9238795325112867 0.3639535720290143
vn -0.11825568406654847 0.9238795325112867 0.36395357202901435
vn -0.3095974002490934 0.9238795325112867 0.2249356778408639
vn -0.3826834323650898 0.9238795325112867 4.6865204053262986e-17
vn -0.30959740024909344 0.9238795325112867 -0.22493567784086382
vn -0.11825568406654857 0.9238795325112867 -0.3639535720290143
vn 0.11825568406654846 0.9238795325112867 -0.36395357202901435
vn 0.3095974002490934 0.9238795325112867 -0.22493567784086396
vn 0.3826834323650898 0.9238795325112867 -9.373040810652597e-17
vn 0.7071067811865475 0.7071067811865476 0
vn 0.5720614028176843 0.7071067811865476 0.4156269377774534
vn 0.21850801222441052 0.7071067811865476 0.6724985119639573
vn -0.2185080122244105 0.7071067811865476 0.6724985119639573
vn -0.5720614028176841 0.7071067811865476 0.41562693777745346
vn -0.7071067811865475 0.7071067811865476 8.659560562354932e-17
vn -0.5720614028176843 0.7071067811865476 -0.4156269377774533
vn -0.21850801222441063 0.7071067811865476 -0.6724985119639573
vn 0.21850801222441038 0.7071067811865476 -0.6724985119639573
vn 0.5720614028176841 0.7071067811865476 -0.4156269377774536
vn 0.7071067811865475 0.7071067811865476 -1.7319121124709863e-16
vn 0.9238795325112867 0.38268343236508984 0
vn 0.7474342425568128 0.38268343236508984 0.5430427641049989
vn 0.28549447630116936 0.38268343236508984 0.8786616496665794
vn -0.28549447630116925 0.38268343236508984 0.8786616496665796
vn -0.7474342425568127 0.38268343236508984 0.543042764104999
vn -0.9238795325112867 0.38268343236508984 1.1314261122877003e-16
vn -0.7474342425568128 0.38268343236508984 -0.5430427641049987
vn -0.2854944763011695 0.38268343236508984 -0.8786616496665794
vn 0.28549447630116914 0.38268343236508984 -0.8786616496665796
vn 0.7474342425568127 0.38268343236508984 -0.543042764104999
vn 0.9238795325112867 0.38268343236508984 -2.2628522245754005e-16
vn 1 6.123233995736766e-17 0
vn 0.8090169943749475 6.123233995736766e-17 0.5877852522924731
vn 0.30901699437494745 6.123233995736766e-17 0.9510565162951534
vn -0.30901699437494734 6.123233995736766e-17 0.9510565162951536
vn -0.8090169943749473 6.123233995736766e-17 0.5877852522924732
vn -1 6.123233995736766e-17 1.2246467991473532e-16
vn -0.8090169943749475 6.123233995736766e-17 -0.587785252292473
vn -0.30901699437494756 6.123233995736766e-17 -0.9510565162951534
vn 0.30901699437494723 6.123233995736766e-17 -0.9510565162951536
vn 0.8090169943749473 6.123233995736766e-17 -0.5877852522924734
vn 1 6.123233995736766e-17 -2.4492935982947064e-16
vn 0.9238795325112867 -0.3826834323650897 0
vn 0.7474342425568128 -0.3826834323650897 0.5430427641049989
vn 0.28549447630116936 -0.3826834323650897 0.8786616496665794
vn -0.28549447630116925 -0.3826834323650897 0.8786616496665796
vn -0.7474342425568127 -0.3826834323650897 0.543042764104999
vn -0.9238795325112867 -0.3826834323650897 1.1314261122877003e-16
vn -0.7474342425568128 -0.3826834323650897 -0.5430427641049987
vn -0.2854944763011695 -0.3826834323650897 -0.8786616496665794
vn 0.28549447630116914 -0.3826834323650897 -0.8786616496665796
vn 0.7474342425568127 -0.3826834323650897 -0.543042764104999
vn 0.9238795325112867 -0.3826834323650897 -2.2628522245754005e-16
vn 0.7071067811865476 -0.7071067811865475 0
vn 0.5720614028176844 -0.7071067811865475 0.41562693777745346
vn 0.21850801222441057 -0.7071067811865475 0.6724985119639574
vn -0.2185080122244105 -0.7071067811865475 0.6724985119639574
vn -0.5720614028176843 -0.7071067811865475 0.4156269377774535
vn -0.7071067811865476 -0.7071067811865475 8.659560562354934e-17
vn -0.5720614028176844 -0.7071067811865475 -0.4156269377774534
vn -0.21850801222441066 -0.7071067811865475 -0.6724985119639574
vn 0.21850801222441038 -0.7071067811865475 -0.6724985119639574
vn 0.5720614028176843 -0.7071067811865475 -0.41562693777745363
vn 0.7071067811865476 -0.7071067811865475 -1.7319121124709868e-16
vn 0.3826834323650899 -0.9238795325112867 0
vn 0.3095974002490935 -0.9238795325112867 0.22493567784086393
vn 0.11825568406654857 -0.9238795325112867 0.3639535720290144
vn -0.11825568406654853 -0.9238795325112867 0.36395357202901446
vn -0.3095974002490935 -0.9238795325112867 0.224935677840864
vn -0.3826834323650899 -0.9238795325112867 4.6865204053263e-17
vn -0.3095974002490935 -0.9238795325112867 -0.2249356778408639
vn -0.11825568406654861 -0.9238795325112867 -0.3639535720290144
vn 0.11825568406654847 -0.9238795325112867 -0.36395357202901446
vn 0.3095974002490935 -0.9238795325112867 -0.22493567784086402
vn 0.3826834323650899 -0.9238795325112867 -9.3730408106526e-17
vn 1.2246467991473532e-16 -1 0
vn 9.907600726170916e-17 -1 7.198293278059966e-17
vn 3.7843667304341506e-17 -1 1.1647083184890923e-16
vn -3.7843667304341493e-17 -1 1.1647083184890926e-16
vn -9.907600726170916e-17 -1 7.198293278059968e-17
vn -1.2246467991473532e-16 -1 1.4997597826618576e-32
vn -9.907600726170916e-17 -1 -7.198293278059965e-17
vn -3.784366730434152e-17 -1 -1.1647083184890923e-16
vn 3.7843667304341475e-17 -1 -1.1647083184890926e-16
vn 9.907600726170916e-17 -1 -7.19829327805997e-17
vn 1.2246467991473532e-16 -1 -2.999519565323715e-32
vn -0.5773502691896257 -0.5773502691896257 -0.5773502691896257
vn -0.5773502691896257 -0.5773502691896257 0.5773502691896257
vn -0.5773502691896257 0.5773502691896257 -0.5773502691896257
vn -0.5773502691896257 0.5773502691896257 0.5773502691896257
vn 0.5773502691896257 -0.5773502691896257 -0.5773502691896257
vn 0.5773502691896257 -0.5773502691896257 0.5773502691896257
vn 0.5773502691896257 0.5773502691896257 -0.5773502691896257
vn 0.5773502691896257 0.5773502691896257 0.5773502691896257
vn 0 -0.35682208977308993 -0.9341723589627157
vn 0 -0.35682208977308993 0.9341723589627157
vn 0 0.35682208977308993 -0.9341723589627157
vn 0 0.35682208977308993 0.9341723589627157
vn -0.35682208977308993 -0.9341723589627157 0
vn -0.35682208977308993 0.9341723589627157 0
vn 0.35682208977308993 -0.9341723589627157 0
vn 0.35682208977308993 0.9341723589627157 0
vn -0.9341723589627157 0 -0.35682208977308993
vn -0.9341723589627157 0 0.35682208977308993
vn 0.9341723589627157 0 -0.35682208977308993
vn 0.9341723589627157 0 0.35682208977308993
vn 0 -1 0
vn 0 -1 0
vn 0 -1 0
vn 0 -1 0
vn 0 -1 0
vn 0 -1 0
vn 0 -1 0
vn 0 1 0
vn 0 1 0
vn 0 1 0
vn 0 1 0
vn 0 1 0
vn 0 1 0
vn 0 1 0
vn 0 -1 0
vn 0 1 0
vn 0 -1 0
vn 0 -1 0
vn 0 -1 0
vn 0 -1 0
vn 0 -1 0
vn 0 -1 0
vn 0 -1 0
vn 0 1 0
vn 0 1 0
vn 0 1 0
vn 0 1 0
vn 0 1 0
vn 0 1 0
vn 0 1 0
vn 0 -1 0
vn 0 1 0
vn 0 1 0
vn 0 1 0
vn 0 1 0
vn 0 1 0
vn 0 1 0
vn 0 1 0
vn 0 1 0
vn 0 1 0
vn 0 1 0
vn 0 1 0
vn 0 1 0
vn 0.3826834323650897 0.9238795325112866 0
vn 0.30959740024909344 0.9238795325112866 0.2249356778408639
vn 0.11825568406654853 0.9238795325112866 0.36395357202901424
vn -0.11825568406654849 0.9238795325112866 0.36395357202901435
vn -0.3095974002490934 0.9238795325112866 0.2249356778408639
vn -0.3826834323650897 0.9238795325112866 4.686520405326298e-17
vn -0.30959740024909344 0.9238795325112866 -0.22493567784086382
vn -0.11825568406654857 0.9238795325112866 -0.36395357202901424
vn 0.11825568406654845 0.9238795325112866 -0.36395357202901435
vn 0.3095974002490934 0.9238795325112866 -0.22493567784086396
vn 0.3826834323650897 0.9238795325112866 -9.373040810652596e-17
vn 0.7071067811865475 0.7071067811865476 0
vn 0.5720614028176843 0.7071067811865476 0.4156269377774534
vn 0.21850801222441055 0.7071067811865476 0.6724985119639572
vn -0.21850801222441046 0.7071067811865476 0.6724985119639572
vn -0.5720614028176841 0.7071067811865476 0.41562693777745346
vn -0.7071067811865475 0.7071067811865476 8.659560562354932e-17
vn -0.5720614028176843 0.7071067811865476 -0.4156269377774533
vn -0.2185080122244106 0.7071067811865476 -0.6724985119639572
vn 0.21850801222441038 0.7071067811865476 -0.6724985119639572
vn 0.5720614028176841 0.7071067811865476 -0.4156269377774536
vn 0.7071067811865475 0.7071067811865476 -1.7319121124709863e-16
vn 0.9238795325112868 0.3826834323650899 0
vn 0.7474342425568128 0.3826834323650899 0.5430427641049989
vn 0.28549447630116936 0.3826834323650899 0.8786616496665794
vn -0.28549447630116925 0.3826834323650899 0.8786616496665796
vn -0.7474342425568127 0.3826834323650899 0.543042764104999
vn -0.9238795325112868 0.3826834323650899 1.1314261122877003e-16
vn -0.7474342425568128 0.3826834323650899 -0.5430427641049987
vn -0.2854944763011695 0.3826834323650899 -0.8786616496665794
vn 0.28549447630116914 0.3826834323650899 -0.8786616496665796
vn 0.7474342425568127 0.3826834323650899 -0.543042764104999
vn 0.9238795325112868 0.3826834323650899 -2.2628522245754005e-16
vn 1 6.123233995736766e-17 0
vn 0.8090169943749475 6.123233995736766e-17 0.5877852522924731
vn 0.30901699437494745 6.123233995736766e-17 0.9510565162951535
vn -0.30901699437494734 6.123233995736766e-17 0.9510565162951536
vn -0.8090169943749475 6.123233995736766e-17 0.5877852522924732
vn -1 6.123233995736766e-17 1.2246467991473532e-16
vn -0.8090169943749475 6.123233995736766e-17 -0.587785252292473
vn -0.30901699437494756 6.123233995736766e-17 -0.9510565162951535
vn 0.30901699437494723 6.123233995736766e-17 -0.9510565162951536
vn 0.8090169943749475 6.123233995736766e-17 -0.5877852522924734
vn 1 6.123233995736766e-17 -2.4492935982947064e-16
vn 0.9238795325112868 -0.3826834323650897 0
vn 0.7474342425568128 -0.3826834323650897 0.5430427641049989
vn 0.28549447630116936 -0.3826834323650897 0.8786616496665794
vn -0.28549447630116925 -0.3826834323650897 0.8786616496665796
vn -0.7474342425568127 -0.3826834323650897 0.543042764104999
vn -0.9238795325112868 -0.3826834323650897 1.1314261122877003e-16
vn -0.7474342425568128 -0.3826834323650897 -0.5430427641049987
vn -0.2854944763011695 -0.3826834323650897 -0.8786616496665794
vn 0.28549447630116914 -0.3826834323650897 -0.8786616496665796
vn 0.7474342425568127 -0.3826834323650897 -0.543042764104999
vn 0.9238795325112868 -0.3826834323650897 -2.2628522245754005e-16
vn 0.7071067811865476 -0.7071067811865475 0
vn 0.5720614028176844 -0.7071067811865475 0.41562693777745346
vn 0.21850801222441055 -0.7071067811865475 0.6724985119639574
vn -0.2185080122244105 -0.7071067811865475 0.6724985119639574
vn -0.5720614028176843 -0.7071067811865475 0.4156269377774535
vn -0.7071067811865476 -0.7071067811865475 8.659560562354935e-17
vn -0.5720614028176844 -0.7071067811865475 -0.4156269377774534
vn -0.21850801222441066 -0.7071067811865475 -0.6724985119639574
vn 0.2185080122244104 -0.7071067811865475 -0.6724985119639574
vn 0.5720614028176843 -0.7071067811865475 -0.4156269377774536
vn 0.7071067811865476 -0.7071067811865475 -1.731912112470987e-16
vn 0.3826834323650899 -0.9238795325112866 0
vn 0.3095974002490935 -0.9238795325112866 0.22493567784086393
vn 0.11825568406654857 -0.9238795325112866 0.3639535720290144
vn -0.11825568406654853 -0.9238795325112866 0.36395357202901446
vn -0.3095974002490935 -0.9238795325112866 0.224935677840864
vn -0.3826834323650899 -0.9238795325112866 4.6865204053263e-17
vn -0.3095974002490935 -0.9238795325112866 -0.2249356778408639
vn -0.11825568406654861 -0.9238795325112866 -0.3639535720290144
vn 0.11825568406654849 -0.9238795325112866 -0.36395357202901446
vn 0.3095974002490935 -0.9238795325112866 -0.224935677840864
vn 0.3826834323650899 -0.9238795325112866 -9.3730408106526e-17
vn 1.2246467991473532e-16 -1 0
vn 9.907600726170916e-17 -1 7.198293278059968e-17
vn 3.7843667304341506e-17 -1 1.1647083184890923e-16
vn -3.78436673043415e-17 -1 1.1647083184890926e-16
vn -9.907600726170915e-17 -1 7.198293278059968e-17
vn -1.2246467991473532e-16 -1 1.4997597826618576e-32
vn -9.907600726170916e-17 -1 -7.198293278059965e-17
vn -3.784366730434152e-17 -1 -1.1647083184890923e-16
vn 3.7843667304341475e-17 -1 -1.1647083184890926e-16
vn 9.907600726170915e-17 -1 -7.19829327805997e-17
vn 1.2246467991473532e-16 -1 -2.999519565323715e-32
vn -0.5773502691896258 -0.5773502691896258 -0.5773502691896258
vn -0.5773502691896258 -0.5773502691896258 0.5773502691896258
vn -0.5773502691896258 0.5773502691896258 -0.5773502691896258
vn -0.5773502691896258 0.5773502691896258 0.5773502691896258
vn 0.5773502691896258 -0.5773502691896258 -0.5773502691896258
vn 0.5773502691896258 -0.5773502691896258 0.5773502691896258
vn 0.5773502691896258 0.5773502691896258 -0.5773502691896258
vn 0.5773502691896258 0.5773502691896258 0.5773502691896258
vn 0 -0.35682208977309 -0.9341723589627159
vn 0 -0.35682208977309 0.9341723589627159
vn 0 0.35682208977309 -0.9341723589627159
vn 0 0.35682208977309 0.9341723589627159
vn -0.35682208977309 -0.9341723589627159 0
vn -0.35682208977309 0.9341723589627159 0
vn 0.35682208977309 -0.9341723589627159 0
vn 0.35682208977309 0.9341723589627159 0
vn -0.9341723589627159 0 -0.35682208977309
vn -0.9341723589627159 0 0.35682208977309
vn 0.9341723589627159 0 -0.35682208977309
vn 0.9341723589627159 0 0.35682208977309
vn 0 1 0
vn 0 1 0
vn 0 1 0
vn 0 1 0
vn 0 1 0
vn 0 1 0
vn 0 1 0
vn 0 1 0
vn 0 1 0
vn 0 1 0
vn 0 1 0
vn 0.3826834323650898 0.9238795325112867 0
vn 0.30959740024909344 0.9238795325112867 0.22493567784086388
vn 0.11825568406654853 0.9238795325112867 0.3639535720290143
vn -0.11825568406654849 0.9238795325112867 0.36395357202901435
vn -0.3095974002490934 0.9238795325112867 0.2249356778408639
vn -0.3826834323650898 0.9238795325112867 4.6865204053262986e-17
vn -0.30959740024909344 0.9238795325112867 -0.22493567784086382
vn -0.11825568406654857 0.9238795325112867 -0.3639535720290143
vn 0.11825568406654845 0.9238795325112867 -0.36395357202901435
vn 0.3095974002490934 0.9238795325112867 -0.22493567784086396
vn 0.3826834323650898 0.9238795325112867 -9.373040810652597e-17
vn 0.7071067811865475 0.7071067811865476 0
vn 0.5720614028176843 0.7071067811865476 0.4156269377774534
vn 0.21850801222441055 0.7071067811865476 0.6724985119639573
vn -0.21850801222441046 0.7071067811865476 0.6724985119639573
vn -0.5720614028176841 0.7071067811865476 0.41562693777745346
vn -0.7071067811865475 0.7071067811865476 8.659560562354932e-17
vn -0.5720614028176843 0.7071067811865476 -0.4156269377774533
vn -0.2185080122244106 0.7071067811865476 -0.6724985119639573
vn 0.21850801222441038 0.7071067811865476 -0.6724985119639573
vn 0.5720614028176841 0.7071067811865476 -0.4156269377774536
vn 0.7071067811865475 0.7071067811865476 -1.7319121124709863e-16
vn 0.9238795325112867 0.38268343236508984 0
vn 0.7474342425568128 0.38268343236508984 0.5430427641049989
vn 0.28549447630116936 0.38268343236508984 0.8786616496665794
vn -0.28549447630116925 0.38268343236508984 0.8786616496665796
vn -0.7474342425568127 0.38268343236508984 0.543042764104999
vn -0.9238795325112867 0.38268343236508984 1.1314261122877003e-16
vn -0.7474342425568128 0.38268343236508984 -0.5430427641049987
vn -0.2854944763011695 0.38268343236508984 -0.8786616496665794
vn 0.28549447630116914 0.38268343236508984 -0.8786616496665796
vn 0.7474342425568127 0.38268343236508984 -0.543042764104999
vn 0.9238795325112867 0.38268343236508984 -2.2628522245754005e-16
vn 1 6.123233995736766e-17 0
vn 0.8090169943749475 6.123233995736766e-17 0.5877852522924731
vn 0.30901699437494745 6.123233995736766e-17 0.9510565162951535
vn -0.30901699437494734 6.123233995736766e-17 0.9510565162951536
vn -0.8090169943749473 6.123233995736766e-17 0.5877852522924732
vn -1 6.123233995736766e-17 1.2246467991473532e-16
vn -0.8090169943749475 6.123233995736766e-17 -0.587785252292473
vn -0.30901699437494756 6.123233995736766e-17 -0.9510565162951535
vn 0.30901699437494723 6.123233995736766e-17 -0.9510565162951536
vn 0.8090169943749473 6.123233995736766e-17 -0.5877852522924734
vn 1 6.123233995736766e-17 -2.4492935982947064e-16
vn 0.9238795325112867 -0.3826834323650897 0
vn 0.7474342425568128 -0.3826834323650897 0.5430427641049989
vn 0.28549447630116936 -0.3826834323650897 0.8786616496665794
vn -0.28549447630116925 -0.3826834323650897 0.8786616496665796
vn -0.7474342425568127 -0.3826834323650897 0.543042764104999
vn -0.9238795325112867 -0.3826834323650897 1.1314261122877003e-16
vn -0.7474342425568128 -0.3826834323650897 -0.5430427641049987
vn -0.2854944763011695 -0.3826834323650897 -0.8786616496665794
vn 0.28549447630116914 -0.3826834323650897 -0.8786616496665796
vn 0.7474342425568127 -0.3826834323650897 -0.543042764104999
vn 0.9238795325112867 -0.3826834323650897 -2.2628522245754005e-16
vn 0.7071067811865476 -0.7071067811865475 0
vn 0.5720614028176844 -0.7071067811865475 0.41562693777745346
vn 0.21850801222441057 -0.7071067811865475 0.6724985119639575
vn -0.2185080122244105 -0.7071067811865475 0.6724985119639575
vn -0.5720614028176843 -0.7071067811865475 0.4156269377774536
vn -0.7071067811865476 -0.7071067811865475 8.659560562354935e-17
vn -0.5720614028176844 -0.7071067811865475 -0.4156269377774534
vn -0.21850801222441066 -0.7071067811865475 -0.6724985119639575
vn 0.2185080122244104 -0.7071067811865475 -0.6724985119639575
vn 0.5720614028176843 -0.7071067811865475 -0.41562693777745363
vn 0.7071067811865476 -0.7071067811865475 -1.731912112470987e-16
vn 0.3826834323650899 -0.9238795325112867 0
vn 0.3095974002490935 -0.9238795325112867 0.2249356778408639
vn 0.11825568406654857 -0.9238795325112867 0.36395357202901435
vn -0.11825568406654853 -0.9238795325112867 0.36395357202901446
vn -0.3095974002490935 -0.9238795325112867 0.224935677840864
vn -0.3826834323650899 -0.9238795325112867 4.6865204053263e-17
vn -0.3095974002490935 -0.9238795325112867 -0.2249356778408639
vn -0.11825568406654861 -0.9238795325112867 -0.36395357202901435
vn 0.11825568406654849 -0.9238795325112867 -0.36395357202901446
vn 0.3095974002490935 -0.9238795325112867 -0.22493567784086402
vn 0.3826834323650899 -0.9238795325112867 -9.3730408106526e-17
vn 1.2246467991473532e-16 -1 0
vn 9.907600726170916e-17 -1 7.198293278059968e-17
vn 3.7843667304341506e-17 -1 1.1647083184890923e-16
vn -3.7843667304341493e-17 -1 1.1647083184890926e-16
vn -9.907600726170915e-17 -1 7.198293278059968e-17
vn -1.2246467991473532e-16 -1 1.4997597826618576e-32
vn -9.907600726170916e-17 -1 -7.198293278059965e-17
vn -3.784366730434152e-17 -1 -1.1647083184890923e-16
vn 3.7843667304341475e-17 -1 -1.1647083184890926e-16
vn 9.907600726170915e-17 -1 -7.19829327805997e-17
vn 1.2246467991473532e-16 -1 -2.999519565323715e-32
vn -0.5773502691896258 -0.5773502691896258 -0.5773502691896258
vn -0.5773502691896258 -0.5773502691896258 0.5773502691896258
vn -0.5773502691896258 0.5773502691896258 -0.5773502691896258
vn -0.5773502691896258 0.5773502691896258 0.5773502691896258
vn 0.5773502691896258 -0.5773502691896258 -0.5773502691896258
vn 0.5773502691896258 -0.5773502691896258 0.5773502691896258
vn 0.5773502691896258 0.5773502691896258 -0.5773502691896258
vn 0.5773502691896258 0.5773502691896258 0.5773502691896258
vn 0 -0.35682208977309 -0.9341723589627158
vn 0 -0.35682208977309 0.9341723589627158
vn 0 0.35682208977309 -0.9341723589627158
vn 0 0.35682208977309 0.9341723589627158
vn -0.35682208977309 -0.9341723589627158 0
vn -0.35682208977309 0.9341723589627158 0
vn 0.35682208977309 -0.9341723589627158 0
vn 0.35682208977309 0.9341723589627158 0
vn -0.9341723589627158 0 -0.35682208977309
vn -0.9341723589627158 0 0.35682208977309
vn 0.9341723589627158 0 -0.35682208977309
vn 0.9341723589627158 0 0.35682208977309
f 1/1/1 12/12/12 2/2/2
f 1/1/1 11/11/11 12/12/12
f 21/21/21 1/1/1 2/2/2
f 22/22/22 12/12/12 11/11/11
f 2/2/2 13/13/13 3/3/3
f 2/2/2 12/12/12 13/13/13
f 21/21/21 2/2/2 3/3/3
f 22/22/22 13/13/13 12/12/12
f 3/3/3 14/14/14 4/4/4
f 3/3/3 13/13/13 14/14/14
f 21/21/21 3/3/3 4/4/4
f 22/22/22 14/14/14 13/13/13
f 4/4/4 15/15/15 5/5/5
f 4/4/4 14/14/14 15/15/15
f 21/21/21 4/4/4 5/5/5
f 22/22/22 15/15/15 14/14/14
f 5/5/5 16/16/16 6/6/6
f 5/5/5 15/15/15 16/16/16
f 21/21/21 5/5/5 6/6/6
f 22/22/22 16/16/16 15/15/15
f 6/6/6 17/17/17 7/7/7
f 6/6/6 16/16/16 17/17/17
f 21/21/21 6/6/6 7/7/7
f 22/22/22 17/17/17 16/16/16
f 7/7/7 18/18/18 8/8/8
f 7/7/7 17/17/17 18/18/18
f 21/21/21 7/7/7 8/8/8
f 22/22/22 18/18/18 17/17/17
f 8/8/8 19/19/19 9/9/9
f 8/8/8 18/18/18 19/19/19
f 21/21/21 8/8/8 9/9/9
f 22/22/22 19/19/19 18/18/18
f 9/9/9 20/20/20 10/10/10
f 9/9/9 19/19/19 20/20/20
f 21/21/21 9/9/9 10/10/10
f 22/22/22 20/20/20 19/19/19
f 10/10/10 11/11/11 1/1/1
f 10/10/10 20/20/20 11/11/11
f 21/21/21 10/10/10 1/1/1
f 22/22/22 11/11/11 20/20/20
f 23/23/23 34/34/34 24/24/24
f 23/23/23 33/33/33 34/34/34
f 43/43/43 23/23/23 24/24/24
f 44/44/44 34/34/34 33/33/33
f 24/24/24 35/35/35 25/25/25
f 24/24/24 34/34/34 35/35/35
f 43/43/43 24/24/24 25/25/25
f 44/44/44 35/35/35 34/34/34
f 25/25/25 36/36/36 26/26/26
f 25/25/25 35/35/35 36/36/36
f 43/43/43 25/25/25 26/26/26
f 44/44/44 36/36/36 35/35/35
f 26/26/26 37/37/37 27/27/27
f 26/26/26 36/36/36 37/37/37
f 43/43/43 26/26/26 27/27/27
f 44/44/44 37/37/37 36/36/36
f 27/27/27 38/38/38 28/28/28
f 27/27/27 37/37/37 38/38/38
f 43/43/43 27/27/27 28/28/28
f 44/44/44 38/38/38 37/37/37
f 28/28/28 39/39/39 29/29/29
f 28/28/28 38/38/38 39/39/39
f 43/43/43 28/28/28 29/29/29
f 44/44/44 39/39/39 38/38/38
f 29/29/29 40/40/40 30/30/30
f 29/29/29 39/39/39 40/40/40
f 43/43/43 29/29/29 30/30/30
f 44/44/44 40/40/40 39/39/39
f 30/30/30 41/41/41 31/31/31
f 30/30/30 40/40/40 41/41/41
f 43/43/43 30/30/30 31/31/31
f 44/44/44 41/41/41 40/40/40
f 31/31/31 42/42/42 32/32/32
f 31/31/31 41/41/41 42/42/42
f 43/43/43 31/31/31 32/32/32
f 44/44/44 42/42/42 41/41/41
f 32/32/32 33/33/33 23/23/23
f 32/32/32 42/42/42 33/33/33
f 43/43/43 32/32/32 23/23/23
f 44/44/44 33/33/33 42/42/42
f 45/45/45 53/53/53 46/46/46
f 45/45/45 52/52/52 53/53/53
f 59/59/59 45/45/45 46/46/46
f 60/60/60 53/53/53 52/52/52
f 46/46/46 54/54/54 47/47/47
f 46/46/46 53/53/53 54/54/54
f 59/59/59 46/46/46 47/47/47
f 60/60/60 54/54/54 53/53/53
f 47/47/47 55/55/55 48/48/48
f 47/47/47 54/54/54 55/55/55
f 59/59/59 47/47/47 48/48/48
f 60/60/60 55/55/55 54/54/54
f 48/48/48 56/56/56 49/49/49
f 48/48/48 55/55/55 56/56/56
f 59/59/59 48/48/48 49/49/49
f 60/60/60 56/56/56 55/55/55
f 49/49/49 57/57/57 50/50/50
f 49/49/49 56/56/56 57/57/57
f 59/59/59 49/49/49 50/50/50
f 60/60/60 57/57/57 56/56/56
f 50/50/50 58/58/58 51/51/51
f 50/50/50 57/57/57 58/58/58
f 59/59/59 50/50/50 51/51/51
f 60/60/60 58/58/58 57/57/57
f 51/51/51 52/52/52 45/45/45
f 51/51/51 58/58/58 52/52/52
f 59/59/59 51/51/51 45/45/45
f 60/60/60 52/52/52 58/58/58
f 61/61/61 69/69/69 62/62/62
f 61/61/61 68/68/68 69/69/69
f 75/75/75 61/61/61 62/62/62
f 76/76/76 69/69/69 68/68/68
f 62/62/62 70/70/70 63/63/63
f 62/62/62 69/69/69 70/70/70
f 75/75/75 62/62/62 63/63/63
f 76/76/76 70/70/70 69/69/69
f 63/63/63 71/71/71 64/64/64
f 63/63/63 70/70/70 71/71/71
f 75/75/75 63/63/63 64/64/64
f 76/76/76 71/71/71 70/70/70
f 64/64/64 72/72/72 65/65/65
f 64/64/64 71/71/71 72/72/72
f 75/75/75 64/64/64 65/65/65
f 76/76/76 72/72/72 71/71/71
f 65/65/65 73/73/73 66/66/66
f 65/65/65 72/72/72 73/73/73
f 75/75/75 65/65/65 66/66/66
f 76/76/76 73/73/73 72/72/72
f 66/66/66 74/74/74 67/67/67
f 66/66/66 73/73/73 74/74/74
f 75/75/75 66/66/66 67/67/67
f 76/76/76 74/74/74 73/73/73
f 67/67/67 68/68/68 61/61/61
f 67/67/67 74/74/74 68/68/68
f 75/75/75 67/67/67 61/61/61
f 76/76/76 68/68/68 74/74/74
f 77/77/77 89/89/89 88/88/88
f 77/77/77 78/78/78 89/89/89
f 78/78/78 90/90/90 89/89/89
f 78/78/78 79/79/79 90/90/90
f 79/79/79 91/91/91 90/90/90
f 79/79/79 80/80/80 91/91/91
f 80/80/80 92/92/92 91/91/91
f 80/80/80 81/81/81 92/92/92
f 81/81/81 93/93/93 92/92/92
f 81/81/81 82/82/82 93/93/93
f 82/82/82 94/94/94 93/93/93
f 82/82/82 83/83/83 94/94/94
f 83/83/83 95/95/95 94/94/94
f 83/83/83 84/84/84 95/95/95
f 84/84/84 96/96/96 95/95/95
f 84/84/84 85/85/85 96/96/96
f 85/85/85 97/97/97 96/96/96
f 85/85/85 86/86/86 97/97/97
f 86/86/86 98/98/98 97/97/97
f 86/86/86 87/87/87 98/98/98
f 88/88/88 100/100/100 99/99/99
f 88/88/88 89/89/89 100/100/100
f 89/89/89 101/101/101 100/100/100
f 89/89/89 90/90/90 101/101/101
f 90/90/90 102/102/102 101/101/101
f 90/90/90 91/91/91 102/102/102
f 91/91/91 103/103/103 102/102/102
f 91/91/91 92/92/92 103/103/103
f 92/92/92 104/104/104 103/103/103
f 92/92/92 93/93/93 104/104/104
f 93/93/93 105/105/105 104/104/104
f 93/93/93 94/94/94 105/105/105
f 94/94/94 106/106/106 105/105/105
f 94/94/94 95/95/95 106/106/106
f 95/95/95 107/107/107 106/106/106
f 95/95/95 96/96/96 107/107/107
f 96/96/96 108/108/108 107/107/107
f 96/96/96 97/97/97 108/108/108
f 97/97/97 109/109/109 108/108/108
f 97/97/97 98/98/98 109/109/109
f 99/99/99 111/111/111 110/110/110
f 99/99/99 100/100/100 111/111/111
f 100/100/100 112/112/112 111/111/111
f 100/100/100 101/101/101 112/112/112
f 101/101/101 113/113/113 112/112/112
f 101/101/101 102/102/102 113/113/113
f 102/102/102 114/114/114 113/113/113
f 102/102/102 103/103/103 114/114/114
f 103/103/103 115/115/115 114/114/114
f 103/103/103 104/104/104 115/115/115
f 104/104/104 116/116/116 115/115/115
f 104/104/104 105/105/105 116/116/116
f 105/105/105 117/117/117 116/116/116
f 105/105/105 106/106/106 117/117/117
f 106/106/106 118/118/118 117/117/117
f 106/106/106 107/107/107 118/118/118
f 107/107/107 119/119/119 118/118/118
f 107/107/107 108/108/108 119/119/119
f 108/108/108 120/120/120 119/119/119
f 108/108/108 109/109/109 120/120/120
f 110/110/110 122/122/122 121/121/121
f 110/110/110 111/111/111 122/122/122
f 111/111/111 123/123/123 122/122/122
f 111/111/111 112/112/112 123/123/123
f 112/112/112 124/124/124 123/123/123
f 112/112/112 113/113/113 124/124/124
f 113/113/113 125/125/125 124/124/124
f 113/113/113 114/114/114 125/125/125
f 114/114/114 126/126/126 125/125/125
f 114/114/114 115/115/115 126/126/126
f 115/115/115 127/127/127 126/126/126
f 115/115/115 116/116/116 127/127/127
f 116/116/116 128/128/128 127/127/127
f 116/116/116 117/117/117 128/128/128
f 117/117/117 129/129/129 128/128/128
f 117/117/117 118/118/118 129/129/129
f 118/118/118 130/130/130 129/129/129
f 118/118/118 119/119/119 130/130/130
f 119/119/119 131/131/131 130/130/130
f 119/119/119 120/120/120 131/131/131
f 121/121/121 133/133/133 132/132/132
f 121/121/121 122/122/122 133/133/133
f 122/122/122 134/134/134 133/133/133
f 122/122/122 123/123/123 134/134/134
f 123/123/123 135/135/135 134/134/134
f 123/123/123 124/124/124 135/135/135
f 124/124/124 136/136/136 135/135/135
f 124/124/124 125/125/125 136/136/136
f 125/125/125 137/137/137 136/136/136
f 125/125/125 126/126/126 137/137/137
f 126/126/126 138/138/138 137/137/137
f 126/126/126 127/127/127 138/138/138
f 127/127/127 139/139/139 138/138/138
f 127/127/127 128/128/128 139/139/139
f 128/128/128 140/140/140 139/139/139
f 128/128/128 129/129/129 140/140/140
f 129/129/129 141/141/141 140/140/140
f 129/129/129 130/130/130 141/141/141
f 130/130/130 142/142/142 141/141/141
f 130/130/130 131/131/131 142/142/142
f 132/132/132 144/144/144 143/143/143
f 132/132/132 133/133/133 144/144/144
f 133/133/133 145/145/145 144/144/144
f 133/133/133 134/134/134 145/145/145
f 134/134/134 146/146/146 145/145/145
f 134/134/134 135/135/135 146/146/146
f 135/135/135 147/147/147 146/146/146
f 135/135/135 136/136/136 147/147/147
f 136/136/136 148/148/148 147/147/147
f 136/136/136 137/137/137 148/148/148
f 137/137/137 149/149/149 148/148/148
f 137/137/137 138/138/138 149/149/149
f 138/138/138 150/150/150 149/149/149
f 138/138/138 139/139/139 150/150/150
f 139/139/139 151/151/151 150/150/150
f 139/139/139 140/140/140 151/151/151
f 140/140/140 152/152/152 151/151/151
f 140/140/140 141/141/141 152/152/152
f 141/141/141 153/153/153 152/152/152
f 141/141/141 142/142/142 153/153/153
f 143/143/143 155/155/155 154/154/154
f 143/143/143 144/144/144 155/155/155
f 144/144/144 156/156/156 155/155/155
f 144/144/144 145/145/145 156/156/156
f 145/145/145 157/157/157 156/156/156
f 145/145/145 146/146/146 157/157/157
f 146/146/146 158/158/158 157/157/157
f 146/146/146 147/147/147 158/158/158
f 147/147/147 159/159/159 158/158/158
f 147/147/147 148/148/148 159/159/159
f 148/148/148 160/160/160 159/159/159
f 148/148/148 149/149/149 160/160/160
f 149/149/149 161/161/161 160/160/160
f 149/149/149 150/150/150 161/161/161
f 150/150/150 162/162/162 161/161/161
f 150/150/150 151/151/151 162/162/162
f 151/151/151 163/163/163 162/162/162
f 151/151/151 152/152/152 163/163/163
f 152/152/152 164/164/164 163/163/163
f 152/152/152 153/153/153 164/164/164
f 154/154/154 166/166/166 165/165/165
f 154/154/154 155/155/155 166/166/166
f 155/155/155 167/167/167 166/166/166
f 155/155/155 156/156/156 167/167/167
f 156/156/156 168/168/168 167/167/167
f 156/156/156 157/157/157 168/168/168
f 157/157/157 169/169/169 168/168/168
f 157/157/157 158/158/158 169/169/169
f 158/158/158 170/170/170 169/169/169
f 158/158/158 159/159/159 170/170/170
f 159/159/159 171/171/171 170/170/170
f 159/159/159 160/160/160 171/171/171
f 160/160/160 172/172/172 171/171/171
f 160/160/160 161/161/161 172/172/172
f 161/161/161 173/173/173 172/172/172
f 161/161/161 162/162/162 173/173/173
f 162/162/162 174/174/174 173/173/173
f 162/162/162 163/163/163 174/174/174
f 163/163/163 175/175/175 174/174/174
f 163/163/163 164/164/164 175/175/175
f 176/176/176 184/184/184 180/180/180
f 176/176/176 180/180/180 190/190/190
f 176/176/176 190/190/190 188/188/188
f 176/176/176 192/192/192 178/178/178
f 176/176/176 178/178/178 186/186/186
f 176/176/176 186/186/186 184/184/184
f 176/176/176 188/188/188 177/177/177
f 176/176/176 177/177/177 193/193/193
f 176/176/176 193/193/193 192/192/192
f 184/184/184 186/186/186 182/182/182
f 184/184/184 182/182/182 194/194/194
f 184/184/184 194/194/194 180/180/180
f 178/178/178 189/189/189 179/179/179
f 178/178/178 179/179/179 187/187/187
f 178/178/178 187/187/187 186/186/186
f 178/178/178 192/192/192 193/193/193
f 178/178/178 193/193/193 179/179/179
f 178/178/178 179/179/179 189/189/189
f 180/180/180 194/194/194 195/195/195
f 180/180/180 195/195/195 181/181/181
f 180/180/180 181/181/181 190/190/190
f 182/182/182 191/191/191 183/183/183
f 182/182/182 183/183/183 195/195/195
f 182/182/182 195/195/195 194/194/194
f 182/182/182 186/186/186 187/187/187
f 182/182/182 187/187/187 183/183/183
f 182/182/182 183/183/183 191/191/191
f 177/177/177 185/185/185 181/181/181
f 177/177/177 181/181/181 190/190/190
f 177/177/177 190/190/190 188/188/188
f 177/177/177 193/193/193 179/179/179
f 177/177/177 179/179/179 187/187/187
f 177/177/177 187/187/187 185/185/185
f 181/181/181 195/195/195 183/183/183
f 181/181/181 183/183/183 191/191/191
f 181/181/181 191/191/191 185/185/185
f 196/196/196 204/204/204 197/197/197
f 196/196/196 203/203/203 204/204/204
f 210/210/210 196/196/196 197/197/197
f 211/211/211 204/204/204 203/203/203
f 197/197/197 205/205/205 198/198/198
f 197/197/197 204/204/204 205/205/205
f 210/210/210 197/197/197 198/198/198
f 211/211/211 205/205/205 204/204/204
f 198/198/198 206/206/206 199/199/199
f 198/198/198 205/205/205 206/206/206
f 210/210/210 198/198/198 199/199/199
f 211/211/211 206/206/206 205/205/205
f 199/199/199 207/207/207 200/200/200
f 199/199/199 206/206/206 207/207/207
f 210/210/210 199/199/199 200/200/200
f 211/211/211 207/207/207 206/206/206
f 200/200/200 208/208/208 201/201/201
f 200/200/200 207/207/207 208/208/208
f 210/210/210 200/200/200 201/201/201
f 211/211/211 208/208/208 207/207/207
f 201/201/201 209/209/209 202/202/202
f 201/201/201 208/208/208 209/209/209
f 210/210/210 201/201/201 202/202/202
f 211/211/211 209/209/209 208/208/208
f 202/202/202 203/203/203 196/196/196
f 202/202/202 209/209/209 203/203/203
f 210/210/210 202/202/202 196/196/196
f 211/211/211 203/203/203 209/209/209
f 212/212/212 220/220/220 213/213/213
f 212/212/212 219/219/219 220/220/220
f 226/226/226 212/212/212 213/213/213
f 227/227/227 220/220/220 219/219/219
f 213/213/213 221/221/221 214/214/214
f 213/213/213 220/220/220 221/221/221
f 226/226/226 213/213/213 214/214/214
f 227/227/227 221/221/221 220/220/220
f 214/214/214 222/222/222 215/215/215
f 214/214/214 221/221/221 222/222/222
f 226/226/226 214/214/214 215/215/215
f 227/227/227 222/222/222 221/221/221
f 215/215/215 223/223/223 216/216/216
f 215/215/215 222/222/222 223/223/223
f 226/226/226 215/215/215 216/216/216
f 227/227/227 223/223/223 222/222/222
f 216/216/216 224/224/224 217/217/217
f 216/216/216 223/223/223 224/224/224
f 226/226/226 216/216/216 217/217/217
f 227/227/227 224/224/224 223/223/223
f 217/217/217 225/225/225 218/218/218
f 217/217/217 224/224/224 225/225/225
f 226/226/226 217/217/217 218/218/218
f 227/227/227 225/225/225 224/224/224
f 218/218/218 219/219/219 212/212/212
f 218/218/218 225/225/225 219/219/219
f 226/226/226 218/218/218 212/212/212
f 227/227/227 219/219/219 225/225/225
f 228/228/228 240/240/240 239/239/239
f 228/228/228 229/229/229 240/240/240
f 229/229/229 241/241/241 240/240/240
f 229/229/229 230/230/230 241/241/241
f 230/230/230 242/242/242 241/241/241
f 230/230/230 231/231/231 242/242/242
f 231/231/231 243/243/243 242/242/242
f 231/231/231 232/232/232 243/243/243
f 232/232/232 244/244/244 243/243/243
f 232/232/232 233/233/233 244/244/244
f 233/233/233 245/245/245 244/244/244
f 233/233/233 234/234/234 245/245/245
f 234/234/234 246/246/246 245/245/245
f 234/234/234 235/235/235 246/246/246
f 235/235/235 247/247/247 246/246/246
f 235/235/235 236/236/236 247/247/247
f 236/236/236 248/248/248 247/247/247
f 236/236/236 237/237/237 248/248/248
f 237/237/237 249/249/249 248/248/248
f 237/237/237 238/238/238 249/249/249
f 239/239/239 251/251/251 250/250/250
f 239/239/239 240/240/240 251/251/251
f 240/240/240 252/252/252 251/251/251
f 240/240/240 241/241/241 252/252/252
f 241/241/241 253/253/253 252/252/252
f 241/241/241 242/242/242 253/253/253
f 242/242/242 254/254/254 253/253/253
f 242/242/242 243/243/243 254/254/254
f 243/243/243 255/255/255 254/254/254
f 243/243/243 244/244/244 255/255/255
f 244/244/244 256/256/256 255/255/255
f 244/244/244 245/245/245 256/256/256
f 245/245/245 257/257/257 256/256/256
f 245/245/245 246/246/246 257/257/257
f 246/246/246 258/258/258 257/257/257
f 246/246/246 247/247/247 258/258/258
f 247/247/247 259/259/259 258/258/258
f 247/247/247 248/248/248 259/259/259
f 248/248/248 260/260/260 259/259/259
f 248/248/248 249/249/249 260/260/260
f 250/250/250 262/262/262 261/261/261
f 250/250/250 251/251/251 262/262/262
f 251/251/251 263/263/263 262/262/262
f 251/251/251 252/252/252 263/263/263
f 252/252/252 264/264/264 263/263/263
f 252/252/252 253/253/253 264/264/264
f 253/253/253 265/265/265 264/264/264
f 253/253/253 254/254/254 265/265/265
f 254/254/254 266/266/266 265/265/265
f 254/254/254 255/255/255 266/266/266
f 255/255/255 267/267/267 266/266/266
f 255/255/255 256/256/256 267/267/267
f 256/256/256 268/268/268 267/267/267
f 256/256/256 257/257/257 268/268/268
f 257/257/257 269/269/269 268/268/268
f 257/257/257 258/258/258 269/269/269
f 258/258/258 270/270/270 269/269/269
f 258/258/258 259/259/259 270/270/270
f 259/259/259 271/271/271 270/270/270
f 259/259/259 260/260/260 271/271/271
f 261/261/261 273/273/273 272/272/272
f 261/261/261 262/262/262 273/273/273
f 262/262/262 274/274/274 273/273/273
f 262/262/262 263/263/263 274/274/274
f 263/263/263 275/275/275 274/274/274
f 263/263/263 264/264/264 275/275/275
f 264/264/264 276/276/276 275/275/275
f 264/264/264 265/265/265 276/276/276
f 265/265/265 277/277/277 276/276/276
f 265/265/265 266/266/266 277/277/277
f 266/266/266 278/278/278 277/277/277
f 266/266/266 267/267/267 278/278/278
f 267/267/267 279/279/279 278/278/278
f 267/267/267 268/268/268 279/279/279
f 268/268/268 280/280/280 279/279/279
f 268/268/268 269/269/269 280/280/280
f 269/269/269 281/281/281 280/280/280
f 269/269/269 270/270/270 281/281/281
f 270/270/270 282/282/282 281/281/281
f 270/270/270 271/271/271 282/282/282
f 272/272/272 284/284/284 283/283/283
f 272/272/272 273/273/273 284/284/284
f 273/273/273 285/285/285 284/284/284
f 273/273/273 274/274/274 285/285/285
f 274/274/274 286/286/286 285/285/285
f 274/274/274 275/275/275 286/286/286
f 275/275/275 287/287/287 286/286/286
f 275/275/275 276/276/276 287/287/287
f 276/276/276 288/288/288 287/287/287
f 276/276/276 277/277/277 288/288/288
f 277/277/277 289/289/289 288/288/288
f 277/277/277 278/278/278 289/289/289
f 278/278/278 290/290/290 289/289/289
f 278/278/278 279/279/279 290/290/290
f 279/279/279 291/291/291 290/290/290
f 279/279/279 280/280/280 291/291/291
f 280/280/280 292/292/292 291/291/291
f 280/280/280 281/281/281 292/292/292
f 281/281/281 293/293/293 292/292/292
f 281/281/281 282/282/282 293/293/293
f 283/283/283 295/295/295 294/294/294
f 283/283/283 284/284/284 295/295/295
f 284/284/284 296/296/296 295/295/295
f 284/284/284 285/285/285 296/296/296
f 285/285/285 297/297/297 296/296/296
f 285/285/285 286/286/286 297/297/297
f 286/286/286 298/298/298 297/297/297
f 286/286/286 287/287/287 298/298/298
f 287/287/287 299/299/299 298/298/298
f 287/287/287 288/288/288 299/299/299
f 288/288/288 300/300/300 299/299/299
f 288/288/288 289/289/289 300/300/300
f 289/289/289 301/301/301 300/300/300
f 289/289/289 290/290/290 301/301/301
f 290/290/290 302/302/302 301/301/301
f 290/290/290 291/291/291 302/302/302
f 291/291/291 303/303/303 302/302/302
f 291/291/291 292/292/292 303/303/303
f 292/292/292 304/304/304 303/303/303
f 292/292/292 293/293/293 304/304/304
f 294/294/294 306/306/306 305/305/305
f 294/294/294 295/295/295 306/306/306
f 295/295/295 307/307/307 306/306/306
f 295/295/295 296/296/296 307/307/307
f 296/296/296 308/308/308 307/307/307
f 296/296/296 297/297/297 308/308/308
f 297/297/297 309/309/309 308/308/308
f 297/297/297 298/298/298 309/309/309
f 298/298/298 310/310/310 309/309/309
f 298/298/298 299/299/299 310/310/310
f 299/299/299 311/311/311 310/310/310
f 299/299/299 300/300/300 311/311/311
f 300/300/300 312/312/312 311/311/311
f 300/300/300 301/301/301 312/312/312
f 301/301/301 313/313/313 312/312/312
f 301/301/301 302/302/302 313/313/313
f 302/302/302 314/314/314 313/313/313
f 302/302/302 303/303/303 314/314/314
f 303/303/303 315/315/315 314/314/314
f 303/303/303 304/304/304 315/315/315
f 305/305/305 317/317/317 316/316/316
f 305/305/305 306/306/306 317/317/317
f 306/306/306 318/318/318 317/317/317
f 306/306/306 307/307/307 318/318/318
f 307/307/307 319/319/319 318/318/318
f 307/307/307 308/308/308 319/319/319
f 308/308/308 320/320/320 319/319/319
f 308/308/308 309/309/309 320/320/320
f 309/309/309 321/321/321 320/320/320
f 309/309/309 310/310/310 321/321/321
f 310/310/310 322/322/322 321/321/321
f 310/310/310 311/311/311 322/322/322
f 311/311/311 323/323/323 322/322/322
f 311/311/311 312/312/312 323/323/323
f 312/312/312 324/324/324 323/323/323
f 312/312/312 313/313/313 324/324/324
f 313/313/313 325/325/325 324/324/324
f 313/313/313 314/314/314 325/325/325
f 314/314/314 326/326/326 325/325/325
f 314/314/314 315/315/315 326/326/326
f 327/327/327 335/335/335 331/331/331
f 327/327/327 331/331/331 341/341/341
f 327/327/327 341/341/341 339/339/339
f 327/327/327 343/343/343 329/329/329
f 327/327/327 329/329/329 337/337/337
f 327/327/327 337/337/337 335/335/335
f 327/327/327 339/339/339 328/328/328
f 327/327/327 328/328/328 344/344/344
f 327/327/327 344/344/344 343/343/343
f 335/335/335 337/337/337 333/333/333
f 335/335/335 333/333/333 345/345/345
f 335/335/335 345/345/345 331/331/331
f 329/329/329 340/340/340 330/330/330
f 329/329/329 330/330/330 338/338/338
f 329/329/329 338/338/338 337/337/337
f 329/329/329 343/343/343 344/344/344
f 329/329/329 344/344/344 330/330/330
f 329/329/329 330/330/330 340/340/340
f 331/331/331 345/345/345 346/346/346
f 331/331/331 346/346/346 332/332/332
f 331/331/331 332/332/332 341/341/341
f 333/333/333 342/342/342 334/334/334
f 333/333/333 334/334/334 346/346/346
f 333/333/333 346/346/346 345/345/345
f 333/333/333 337/337/337 338/338/338
f 333/333/333 338/338/338 334/334/334
f 333/333/333 334/334/334 342/342/342
f 328/328/328 336/336/336 332/332/332
f 328/328/328 332/332/332 341/341/341
f 328/328/328 341/341/341 339/339/339
f 328/328/328 344/344/344 330/330/330
f 328/328/328 330/330/330 338/338/338
f 328/328/328 338/338/338 336/336/336
f 332/332/332 346/346/346 334/334/334
f 332/332/332 334/334/334 342/342/342
f 332/332/332 342/342/342 336/336/336
f 347/347/347 355/355/355 348/348/348
f 347/347/347 354/354/354 355/355/355
f 361/361/361 347/347/347 348/348/348
f 362/362/362 355/355/355 354/354/354
f 348/348/348 356/356/356 349/349/349
f 348/348/348 355/355/355 356/356/356
f 361/361/361 348/348/348 349/349/349
f 362/362/362 356/356/356 355/355/355
f 349/349/349 357/357/357 350/350/350
f 349/349/349 356/356/356 357/357/357
f 361/361/361 349/349/349 350/350/350
f 362/362/362 357/357/357 356/356/356
f 350/350/350 358/358/358 351/351/351
f 350/350/350 357/357/357 358/358/358
f 361/361/361 350/350/350 351/351/351
f 362/362/362 358/358/358 357/357/357
f 351/351/351 359/359/359 352/352/352
f 351/351/351 358/358/358 359/359/359
f 361/361/361 351/351/351 352/352/352
f 362/362/362 359/359/359 358/358/358
f 352/352/352 360/360/360 353/353/353
f 352/352/352 359/359/359 360/360/360
f 361/361/361 352/352/352 353/353/353
f 362/362/362 360/360/360 359/359/359
f 353/353/353 354/354/354 347/347/347
f 353/353/353 360/360/360 354/354/354
f 361/361/361 353/353/353 347/347/347
f 362/362/362 354/354/354 360/360/360
f 363/363/363 371/371/371 364/364/364
f 363/363/363 370/370/370 371/371/371
f 377/377/377 363/363/363 364/364/364
f 378/378/378 371/371/371 370/370/370
f 364/364/364 372/372/372 365/365/365
f 364/364/364 371/371/371 372/372/372
f 377/377/377 364/364/364 365/365/365
f 378/378/378 372/372/372 371/371/371
f 365/365/365 373/373/373 366/366/366
f 365/365/365 372/372/372 373/373/373
f 377/377/377 365/365/365 366/366/366
f 378/378/378 373/373/373 372/372/372
f 366/366/366 374/374/374 367/367/367
f 366/366/366 373/373/373 374/374/374
f 377/377/377 366/366/366 367/367/367
f 378/378/378 374/374/374 373/373/373
f 367/367/367 375/375/375 368/368/368
f 367/367/367 374/374/374 375/375/375
f 377/377/377 367/367/367 368/368/368
f 378/378/378 375/375/375 374/374/374
f 368/368/368 376/376/376 369/369/369
f 368/368/368 375/375/375 376/376/376
f 377/377/377 368/368/368 369/369/369
f 378/378/378 376/376/376 375/375/375
f 369/369/369 370/370/370 363/363/363
f 369/369/369 376/376/376 370/370/370
f 377/377/377 369/369/369 363/363/363
f 378/378/378 370/370/370 376/376/376
f 379/379/379 391/391/391 390/390/390
f 379/379/379 380/380/380 391/391/391
f 380/380/380 392/392/392 391/391/391
f 380/380/380 381/381/381 392/392/392
f 381/381/381 393/393/393 392/392/392
f 381/381/381 382/382/382 393/393/393
f 382/382/382 394/394/394 393/393/393
f 382/382/382 383/383/383 394/394/394
f 383/383/383 395/395/395 394/394/394
f 383/383/383 384/384/384 395/395/395
f 384/384/384 396/396/396 395/395/395
f 384/384/384 385/385/385 396/396/396
f 385/385/385 397/397/397 396/396/396
f 385/385/385 386/386/386 397/397/397
f 386/386/386 398/398/398 397/397/397
f 386/386/386 387/387/387 398/398/398
f 387/387/387 399/399/399 398/398/398
f 387/387/387 388/388/388 399/399/399
f 388/388/388 400/400/400 399/399/399
f 388/388/388 389/389/389 400/400/400
f 390/390/390 402/402/402 401/401/401
f 390/390/390 391/391/391 402/402/402
f 391/391/391 403/403/403 402/402/402
f 391/391/391 392/392/392 403/403/403
f 392/392/392 404/404/404 403/403/403
f 392/392/392 393/393/393 404/404/404
f 393/393/393 405/405/405 404/404/404
f 393/393/393 394/394/394 405/405/405
f 394/394/394 406/406/406 405/405/405
f 394/394/394 395/395/395 406/406/406
f 395/395/395 407/407/407 406/406/406
f 395/395/395 396/396/396 407/407/407
f 396/396/396 408/408/408 407/407/407
f 396/396/396 397/397/397 408/408/408
f 397/397/397 409/409/409 408/408/408
f 397/397/397 398/398/398 409/409/409
f 398/398/398 410/410/410 409/409/409
f 398/398/398 399/399/399 410/410/410
f 399/399/399 411/411/411 410/410/410
f 399/399/399 400/400/400 411/411/411
f 401/401/401 413/413/413 412/412/412
f 401/401/401 402/402/402 413/413/413
f 402/402/402 414/414/414 413/413/413
f 402/402/402 403/403/403 414/414/414
f 403/403/403 415/415/415 414/414/414
f 403/403/403 404/404/404 415/415/415
f 404/404/404 416/416/416 415/415/415
f 404/404/404 405/405/405 416/416/416
f 405/405/405 417/417/417 416/416/416
f 405/405/405 406/406/406 417/417/417
f 406/406/406 418/418/418 417/417/417
f 406/406/406 407/407/407 418/418/418
f 407/407/407 419/419/419 418/418/418
f 407/407/407 408/408/408 419/419/419
f 408/408/408 420/420/420 419/419/419
f 408/408/408 409/409/409 420/420/420
f 409/409/409 421/421/421 420/420/420
f 409/409/409 410/410/410 421/421/421
f 410/410/410 422/422/422 421/421/421
f 410/410/410 411/411/411 422/422/422
f 412/412/412 424/424/424 423/423/423
f 412/412/412 413/413/413 424/424/424
f 413/413/413 425/425/425 424/424/424
f 413/413/413 414/414/414 425/425/425
f 414/414/414 426/426/426 425/425/425
f 414/414/414 415/415/415 426/426/426
f 415/415/415 427/427/427 426/426/426
f 415/415/415 416/416/416 427/427/427
f 416/416/416 428/428/428 427/427/427
f 416/416/416 417/417/417 428/428/428
f 417/417/417 429/429/429 428/428/428
f 417/417/417 418/418/418 429/429/429
f 418/418/418 430/430/430 429/429/429
f 418/418/418 419/419/419 430/430/430
f 419/419/419 431/431/431 430/430/430
f 419/419/419 420/420/420 431/431/431
f 420/420/420 432/432/432 431/431/431
f 420/420/420 421/421/421 432/432/432
f 421/421/421 433/433/433 432/432/432
f 421/421/421 422/422/422 433/433/433
f 423/423/423 435/435/435 434/434/434
f 423/423/423 424/424/424 435/435/435
f 424/424/424 436/436/436 435/435/435
f 424/424/424 425/425/425 436/436/436
f 425/425/425 437/437/437 436/436/436
f 425/425/425 426/426/426 437/437/437
f 426/426/426 438/438/438 437/437/437
f 426/426/426 427/427/427 438/438/438
f 427/427/427 439/439/439 438/438/438
f 427/427/427 428/428/428 439/439/439
f 428/428/428 440/440/440 439/439/439
f 428/428/428 429/429/429 440/440/440
f 429/429/429 441/441/441 440/440/440
f 429/429/429 430/430/430 441/441/441
f 430/430/430 442/442/442 441/441/441
f 430/430/430 431/431/431 442/442/442
f 431/431/431 443/443/443 442/442/442
f 431/431/431 432/432/432 443/443/443
f 432/432/432 444/444/444 443/443/443
f 432/432/432 433/433/433 444/444/444
f 434/434/434 446/446/446 445/445/445
f 434/434/434 435/435/435 446/446/446
f 435/435/435 447/447/447 446/446/446
f 435/435/435 436/436/436 447/447/447
f 436/436/436 448/448/448 447/447/447
f 436/436/436 437/437/437 448/448/448
f 437/437/437 449/449/449 448/448/448
f 437/437/437 438/438/438 449/449/449
f 438/438/438 450/450/450 449/449/449
f 438/438/438 439/439/439 450/450/450
f 439/439/439 451/451/451 450/450/450
f 439/439/439 440/440/440 451/451/451
f 440/440/440 452/452/452 451/451/451
f 440/440/440 441/441/441 452/452/452
f 441/441/441 453/453/453 452/452/452
f 441/441/441 442/442/442 453/453/453
f 442/442/442 454/454/454 453/453/453
f 442/442/442 443/443/443 454/454/454
f 443/443/443 455/455/455 454/454/454
f 443/443/443 444/444/444 455/455/455
f 445/445/445 457/457/457 456/456/456
f 445/445/445 446/446/446 457/457/457
f 446/446/446 458/458/458 457/457/457
f 446/446/446 447/447/447 458/458/458
f 447/447/447 459/459/459 458/458/458
f 447/447/447 448/448/448 459/459/459
f 448/448/448 460/460/460 459/459/459
f 448/448/448 449/449/449 460/460/460
f 449/449/449 461/461/461 460/460/460
f 449/449/449 450/450/450 461/461/461
f 450/450/450 462/462/462 461/461/461
f 450/450/450 451/451/451 462/462/462
f 451/451/451 463/463/463 462/462/462
f 451/451/451 452/452/452 463/463/463
f 452/452/452 464/464/464 463/463/463
f 452/452/452 453/453/453 464/464/464
f 453/453/453 465/465/465 464/464/464
f 453/453/453 454/454/454 465/465/465
f 454/454/454 466/466/466 465/465/465
f 454/454/454 455/455/455 466/466/466
f 456/456/456 468/468/468 467/467/467
f 456/456/456 457/457/457 468/468/468
f 457/457/457 469/469/469 468/468/468
f 457/457/457 458/458/458 469/469/469
f 458/458/458 470/470/470 469/469/469
f 458/458/458 459/459/459 470/470/470
f 459/459/459 471/471/471 470/470/470
f 459/459/459 460/460/460 471/471/471
f 460/460/460 472/472/472 471/471/471
f 460/460/460 461/461/461 472/472/472
f 461/461/461 473/473/473 472/472/472
f 461/461/461 462/462/462 473/473/473
f 462/462/462 474/474/474 473/473/473
f 462/462/462 463/463/463 474/474/474
f 463/463/463 475/475/475 474/474/474
f 463/463/463 464/464/464 475/475/475
f 464/464/464 476/476/476 475/475/475
f 464/464/464 465/465/465 476/476/476
f 465/465/465 477/477/477 476/476/476
f 465/465/465 466/466/466 477/477/477
f 478/478/478 486/486/486 482/482/482
f 478/478/478 482/482/482 492/492/492
f 478/478/478 492/492/492 490/490/490
f 478/478/478 494/494/494 480/480/480
f 478/478/478 480/480/480 488/488/488
f 478/478/478 488/488/488 486/486/486
f 478/478/478 490/490/490 479/479/479
f 478/478/478 479/479/479 495/495/495
f 478/478/478 495/495/495 494/494/494
f 486/486/486 488/488/488 484/484/484
f 486/486/486 484/484/484 496/496/496
f 486/486/486 496/496/496 482/482/482
f 480/480/480 491/491/491 481/481/481
f 480/480/480 481/481/481 489/489/489
f 480/480/480 489/489/489 488/488/488
f 480/480/480 494/494/494 495/495/495
f 480/480/480 495/495/495 481/481/481
f 480/480/480 481/481/481 491/491/491
f 482/482/482 496/496/496 497/497/497
f 482/482/482 497/497/497 483/483/483
f 482/482/482 483/483/483 492/492/492
f 484/484/484 493/493/493 485/485/485
f 484/484/484 485/485/485 497/497/497
f 484/484/484 497/497/497 496/496/496
f 484/484/484 488/488/488 489/489/489
f 484/484/484 489/489/489 485/485/485
f 484/484/484 485/485/485 493/493/493
f 479/479/479 487/487/487 483/483/483
f 479/479/479 483/483/483 492/492/492
f 479/479/479 492/492/492 490/490/490
f 479/479/479 495/495/495 481/481/481
f 479/479/479 481/481/481 489/489/489
f 479/479/479 489/489/489 487/487/487
f 483/483/483 497/497/497 485/485/485
f 483/483/483 485/485/485 493/493/493
f 483/483/483 493/493/493 487/487/487
f 498/498/498 506/506/506 499/499/499
f 498/498/498 505/505/505 506/506/506
f 512/512/512 498/498/498 499/499/499
f 513/513/513 506/506/506 505/505/505
f 499/499/499 507/507/507 500/500/500
f 499/499/499 506/506/506 507/507/507
f 512/512/512 499/499/499 500/500/500
f 513/513/513 507/507/507 506/506/506
f 500/500/500 508/508/508 501/501/501
f 500/500/500 507/507/507 508/508/508
f 512/512/512 500/500/500 501/501/501
f 513/513/513 508/508/508 507/507/507
f 501/501/501 509/509/509 502/502/502
f 501/501/501 508/508/508 509/509/509
f 512/512/512 501/501/501 502/502/502
f 513/513/513 509/509/509 508/508/508
f 502/502/502 510/510/510 503/503/503
f 502/502/502 509/509/509 510/510/510
f 512/512/512 502/502/502 503/503/503
f 513/513/513 510/510/510 509/509/509
f 503/503/503 511/511/511 504/504/504
f 503/503/503 510/510/510 511/511/511
f 512/512/512 503/503/503 504/504/504
f 513/513/513 511/511/511 510/510/510
f 504/504/504 505/505/505 498/498/498
f 504/504/504 511/511/511 505/505/505
f 512/512/512 504/504/504 498/498/498
f 513/513/513 505/505/505 511/511/511
f 514/514/514 522/522/522 515/515/515
f 514/514/514 521/521/521 522/522/522
f 528/528/528 514/514/514 515/515/515
f 529/529/529 522/522/522 521/521/521
f 515/515/515 523/523/523 516/516/516
f 515/515/515 522/522/522 523/523/523
f 528/528/528 515/515/515 516/516/516
f 529/529/529 523/523/523 522/522/522
f 516/516/516 524/524/524 517/517/517
f 516/516/516 523/523/523 524/524/524
f 528/528/528 516/516/516 517/517/517
f 529/529/529 524/524/524 523/523/523
f 517/517/517 525/525/525 518/518/518
f 517/517/517 524/524/524 525/525/525
f 528/528/528 517/517/517 518/518/518
f 529/529/529 525/525/525 524/524/524
f 518/518/518 526/526/526 519/519/519
f 518/518/518 525/525/525 526/526/526
f 528/528/528 518/518/518 519/519/519
f 529/529/529 526/526/526 525/525/525
f 519/519/519 527/527/527 520/520/520
f 519/519/519 526/526/526 527/527/527
f 528/528/528 519/519/519 520/520/520
f 529/529/529 527/527/527 526/526/526
f 520/520/520 521/521/521 514/514/514
f 520/520/520 527/527/527 521/521/521
f 528/528/528 520/520/520 514/514/514
f 529/529/529 521/521/521 527/527/527
f 530/530/530 542/542/542 541/541/541
f 530/530/530 531/531/531 542/542/542
f 531/531/531 543/543/543 542/542/542
f 531/531/531 532/532/532 543/543/543
f 532/532/532 544/544/544 543/543/543
f 532/532/532 533/533/533 544/544/544
f 533/533/533 545/545/545 544/544/544
f 533/533/533 534/534/534 545/545/545
f 534/534/534 546/546/546 545/545/545
f 534/534/534 535/535/535 546/546/546
f 535/535/535 547/547/547 546/546/546
f 535/535/535 536/536/536 547/547/547
f 536/536/536 548/548/548 547/547/547
f 536/536/536 537/537/537 548/548/548
f 537/537/537 549/549/549 548/548/548
f 537/537/537 538/538/538 549/549/549
f 538/538/538 550/550/550 549/549/549
f 538/538/538 539/539/539 550/550/550
f 539/539/539 551/551/551 550/550/550
f 539/539/539 540/540/540 551/551/551
f 541/541/541 553/553/553 552/552/552
f 541/541/541 542/542/542 553/553/553
f 542/542/542 554/554/554 553/553/553
f 542/542/542 543/543/543 554/554/554
f 543/543/543 555/555/555 554/554/554
f 543/543/543 544/544/544 555/555/555
f 544/544/544 556/556/556 555/555/555
f 544/544/544 545/545/545 556/556/556
f 545/545/545 557/557/557 556/556/556
f 545/545/545 546/546/546 557/557/557
f 546/546/546 558/558/558 557/557/557
f 546/546/546 547/547/547 558/558/558
f 547/547/547 559/559/559 558/558/558
f 547/547/547 548/548/548 559/559/559
f 548/548/548 560/560/560 559/559/559
f 548/548/548 549/549/549 560/560/560
f 549/549/549 561/561/561 560/560/560
f 549/549/549 550/550/550 561/561/561
f 550/550/550 562/562/562 561/561/561
f 550/550/550 551/551/551 562/562/562
f 552/552/552 564/564/564 563/563/563
f 552/552/552 553/553/553 564/564/564
f 553/553/553 565/565/565 564/564/564
f 553/553/553 554/554/554 565/565/565
f 554/554/554 566/566/566 565/565/565
f 554/554/554 555/555/555 566/566/566
f 555/555/555 567/567/567 566/566/566
f 555/555/555 556/556/556 567/567/567
f 556/556/556 568/568/568 567/567/567
f 556/556/556 557/557/557 568/568/568
f 557/557/557 569/569/569 568/568/568
f 557/557/557 558/558/558 569/569/569
f 558/558/558 570/570/570 569/569/569
f 558/558/558 559/559/559 570/570/570
f 559/559/559 571/571/571 570/570/570
f 559/559/559 560/560/560 571/571/571
f 560/560/560 572/572/572 571/571/571
f 560/560/560 561/561/561 572/572/572
f 561/561/561 573/573/573 572/572/572
f 561/561/561 562/562/562 573/573/573
f 563/563/563 575/575/575 574/574/574
f 563/563/563 564/564/564 575/575/575
f 564/564/564 576/576/576 575/575/575
f 564/564/564 565/565/565 576/576/576
f 565/565/565 577/577/577 576/576/576
f 565/565/565 566/566/566 577/577/577
f 566/566/566 578/578/578 577/577/577
f 566/566/566 567/567/567 578/578/578
f 567/567/567 579/579/579 578/578/578
f 567/567/567 568/568/568 579/579/579
f 568/568/568 580/580/580 579/579/579
f 568/568/568 569/569/569 580/580/580
f 569/569/569 581/581/581 580/580/580
f 569/569/569 570/570/570 581/581/581
f 570/570/570 582/582/582 581/581/581
f 570/570/570 571/571/571 582/582/582
f 571/571/571 583/583/583 582/582/582
f 571/571/571 572/572/572 583/583/583
f 572/572/572 584/584/584 583/583/583
f 572/572/572 573/573/573 584/584/584
f 574/574/574 586/586/586 585/585/585
f 574/574/574 575/575/575 586/586/586
f 575/575/575 587/587/587 586/586/586
f 575/575/575 576/576/576 587/587/587
f 576/576/576 588/588/588 587/587/587
f 576/576/576 577/577/577 588/588/588
f 577/577/577 589/589/589 588/588/588
f 577/577/577 578/578/578 589/589/589
f 578/578/578 590/590/590 589/589/589
f 578/578/578 579/579/579 590/590/590
f 579/579/579 591/591/591 590/590/590
f 579/579/579 580/580/580 591/591/591
f 580/580/580 592/592/592 591/591/591
f 580/580/580 581/581/581 592/592/592
f 581/581/581 593/593/593 592/592/592
f 581/581/581 582/582/582 593/593/593
f 582/582/582 594/594/594 593/593/593
f 582/582/582 583/583/583 594/594/594
f 583/583/583 595/595/595 594/594/594
f 583/583/583 584/584/584 595/595/595
f 585/585/585 597/597/597 596/596/596
f 585/585/585 586/586/586 597/597/597
f 586/586/586 598/598/598 597/597/597
f 586/586/586 587/587/587 598/598/598
f 587/587/587 599/599/599 598/598/598
f 587/587/587 588/588/588 599/599/599
f 588/588/588 600/600/600 599/599/599
f 588/588/588 589/589/589 600/600/600
f 589/589/589 601/601/601 600/600/600
f 589/589/589 590/590/590 601/601/601
f 590/590/590 602/602/602 601/601/601
f 590/590/590 591/591/591 602/602/602
f 591/591/591 603/603/603 602/602/602
f 591/591/591 592/592/592 603/603/603
f 592/592/592 604/604/604 603/603/603
f 592/592/592 593/593/593 604/604/604
f 593/593/593 605/605/605 604/604/604
f 593/593/593 594/594/594 605/605/605
f 594/594/594 606/606/606 605/605/605
f 594/594/594 595/595/595 606/606/606
f 596/596/596 608/608/608 607/607/607
f 596/596/596 597/597/597 608/608/608
f 597/597/597 609/609/609 608/608/608
f 597/597/597 598/598/598 609/609/609
f 598/598/598 610/610/610 609/609/609
f 598/598/598 599/599/599 610/610/610
f 599/599/599 611/611/611 610/610/610
f 599/599/599 600/600/600 611/611/611
f 600/600/600 612/612/612 611/611/611
f 600/600/600 601/601/601 612/612/612
f 601/601/601 613/613/613 612/612/612
f 601/601/601 602/602/602 613/613/613
f 602/602/602 614/614/614 613/613/613
f 602/602/602 603/603/603 614/614/614
f 603/603/603 615/615/615 614/614/614
f 603/603/603 604/604/604 615/615/615
f 604/604/604 616/616/616 615/615/615
f 604/604/604 605/605/605 616/616/616
f 605/605/605 617/617/617 616/616/616
f 605/605/605 606/606/606 617/617/617
f 607/607/607 619/619/619 618/618/618
f 607/607/607 608/608/608 619/619/619
f 608/608/608 620/620/620 619/619/619
f 608/608/608 609/609/609 620/620/620
f 609/609/609 621/621/621 620/620/620
f 609/609/609 610/610/610 621/621/621
f 610/610/610 622/622/622 621/621/621
f 610/610/610 611/611/611 622/622/622
f 611/611/611 623/623/623 622/622/622
f 611/611/611 612/612/612 623/623/623
f 612/612/612 624/624/624 623/623/623
f 612/612/612 613/613/613 624/624/624
f 613/613/613 625/625/625 624/624/624
f 613/613/613 614/614/614 625/625/625
f 614/614/614 626/626/626 625/625/625
f 614/614/614 615/615/615 626/626/626
f 615/615/615 627/627/627 626/626/626
f 615/615/615 616/616/616 627/627/627
f 616/616/616 628/628/628 627/627/627
f 616/616/616 617/617/617 628/628/628
f 629/629/629 637/637/637 633/633/633
f 629/629/629 633/633/633 643/643/643
f 629/629/629 643/643/643 641/641/641
f 629/629/629 645/645/645 631/631/631
f 629/629/629 631/631/631 639/639/639
f 629/629/629 639/639/639 637/637/637
f 629/629/629 641/641/641 630/630/630
f 629/629/629 630/630/630 646/646/646
f 629/629/629 646/646/646 645/645/645
f 637/637/637 639/639/639 635/635/635
f 637/637/637 635/635/635 647/647/647
f 637/637/637 647/647/647 633/633/633
f 631/631/631 642/642/642 632/632/632
f 631/631/631 632/632/632 640/640/640
f 631/631/631 640/640/640 639/639/639
f 631/631/631 645/645/645 646/646/646
f 631/631/631 646/646/646 632/632/632
f 631/631/631 632/632/632 642/642/642
f 633/633/633 647/647/647 648/648/648
f 633/633/633 648/648/648 634/634/634
f 633/633/633 634/634/634 643/643/643
f 635/635/635 644/644/644 636/636/636
f 635/635/635 636/636/636 648/648/648
f 635/635/635 648/648/648 647/647/647
f 635/635/635 639/639/639 640/640/640
f 635/635/635 640/640/640 636/636/636
f 635/635/635 636/636/636 644/644/644
f 630/630/630 638/638/638 634/634/634
f 630/630/630 634/634/634 643/643/643
f 630/630/630 643/643/643 641/641/641
f 630/630/630 646/646/646 632/632/632
f 630/630/630 632/632/632 640/640/640
f 630/630/630 640/640/640 638/638/638
f 634/634/634 648/648/648 636/636/636
f 634/634/634 636/636/636 644/644/644
f 634/634/634 644/644/644 638/638/638
f 649/649/649 657/657/657 650/650/650
f 649/649/649 656/656/656 657/657/657
f 663/663/663 649/649/649 650/650/650
f 664/664/664 657/657/657 656/656/656
f 650/650/650 658/658/658 651/651/651
f 650/650/650 657/657/657 658/658/658
f 663/663/663 650/650/650 651/651/651
f 664/664/664 658/658/658 657/657/657
f 651/651/651 659/659/659 652/652/652
f 651/651/651 658/658/658 659/659/659
f 663/663/663 651/651/651 652/652/652
f 664/664/664 659/659/659 658/658/658
f 652/652/652 660/660/660 653/653/653
f 652/652/652 659/659/659 660/660/660
f 663/663/663 652/652/652 653/653/653
f 664/664/664 660/660/660 659/659/659
f 653/653/653 661/661/661 654/654/654
f 653/653/653 660/660/660 661/661/661
f 663/663/663 653/653/653 654/654/654
f 664/664/664 661/661/661 660/660/660
f 654/654/654 662/662/662 655/655/655
f 654/654/654 661/661/661 662/662/662
f 663/663/663 654/654/654 655/655/655
f 664/664/664 662/662/662 661/661/661
f 655/655/655 656/656/656 649/649/649
f 655/655/655 662/662/662 656/656/656
f 663/663/663 655/655/655 649/649/649
f 664/664/664 656/656/656 662/662/662
f 665/665/665 673/673/673 666/666/666
f 665/665/665 672/672/672 673/673/673
f 679/679/679 665/665/665 666/666/666
f 680/680/680 673/673/673 672/672/672
f 666/666/666 674/674/674 667/667/667
f 666/666/666 673/673/673 674/674/674
f 679/679/679 666/666/666 667/667/667
f 680/680/680 674/674/674 673/673/673
f 667/667/667 675/675/675 668/668/668
f 667/667/667 674/674/674 675/675/675
f 679/679/679 667/667/667 668/668/668
f 680/680/680 675/675/675 674/674/674
f 668/668/668 676/676/676 669/669/669
f 668/668/668 675/675/675 676/676/676
f 679/679/679 668/668/668 669/669/669
f 680/680/680 676/676/676 675/675/675
f 669/669/669 677/677/677 670/670/670
f 669/669/669 676/676/676 677/677/677
f 679/679/679 669/669/669 670/670/670
f 680/680/680 677/677/677 676/676/676
f 670/670/670 678/678/678 671/671/671
f 670/670/670 677/677/677 678/678/678
f 679/679/679 670/670/670 671/671/671
f 680/680/680 678/678/678 677/677/677
f 671/671/671 672/672/672 665/665/665
f 671/671/671 678/678/678 672/672/672
f 679/679/679 671/671/671 665/665/665
f 680/680/680 672/672/672 678/678/678
f 681/681/681 693/693/693 692/692/692
f 681/681/681 682/682/682 693/693/693
f 682/682/682 694/694/694 693/693/693
f 682/682/682 683/683/683 694/694/694
f 683/683/683 695/695/695 694/694/694
f 683/683/683 684/684/684 695/695/695
f 684/684/684 696/696/696 695/695/695
f 684/684/684 685/685/685 696/696/696
f 685/685/685 697/697/697 696/696/696
f 685/685/685 686/686/686 697/697/697
f 686/686/686 698/698/698 697/697/697
f 686/686/686 687/687/687 698/698/698
f 687/687/687 699/699/699 698/698/698
f 687/687/687 688/688/688 699/699/699
f 688/688/688 700/700/700 699/699/699
f 688/688/688 689/689/689 700/700/700
f 689/689/689 701/701/701 700/700/700
f 689/689/689 690/690/690 701/701/701
f 690/690/690 702/702/702 701/701/701
f 690/690/690 691/691/691 702/702/702
f 692/692/692 704/704/704 703/703/703
f 692/692/692 693/693/693 704/704/704
f 693/693/693 705/705/705 704/704/704
f 693/693/693 694/694/694 705/705/705
f 694/694/694 706/706/706 705/705/705
f 694/694/694 695/695/695 706/706/706
f 695/695/695 707/707/707 706/706/706
f 695/695/695 696/696/696 707/707/707
f 696/696/696 708/708/708 707/707/707
f 696/696/696 697/697/697 708/708/708
f 697/697/697 709/709/709 708/708/708
f 697/697/697 698/698/698 709/709/709
f 698/698/698 710/710/710 709/709/709
f 698/698/698 699/699/699 710/710/710
f 699/699/699 711/711/711 710/710/710
f 699/699/699 700/700/700 711/711/711
f 700/700/700 712/712/712 711/711/711
f 700/700/700 701/701/701 712/712/712
f 701/701/701 713/713/713 712/712/712
f 701/701/701 702/702/702 713/713/713
f 703/703/703 715/715/715 714/714/714
f 703/703/703 704/704/704 715/715/715
f 704/704/704 716/716/716 715/715/715
f 704/704/704 705/705/705 716/716/716
f 705/705/705 717/717/717 716/716/716
f 705/705/705 706/706/706 717/717/717
f 706/706/706 718/718/718 717/717/717
f 706/706/706 707/707/707 718/718/718
f 707/707/707 719/719/719 718/718/718
f 707/707/707 708/708/708 719/719/719
f 708/708/708 720/720/720 719/719/719
f 708/708/708 709/709/709 720/720/720
f 709/709/709 721/721/721 720/720/720
f 709/709/709 710/710/710 721/721/721
f 710/710/710 722/722/722 721/721/721
f 710/710/710 711/711/711 722/722/722
f 711/711/711 723/723/723 722/722/722
f 711/711/711 712/712/712 723/723/723
f 712/712/712 724/724/724 723/723/723
f 712/712/712 713/713/713 724/724/724
f 714/714/714 726/726/726 725/725/725
f 714/714/714 715/715/715 726/726/726
f 715/715/715 727/727/727 726/726/726
f 715/715/715 716/716/716 727/727/727
f 716/716/716 728/728/728 727/727/727
f 716/716/716 717/717/717 728/728/728
f 717/717/717 729/729/729 728/728/728
f 717/717/717 718/718/718 729/729/729
f 718/718/718 730/730/730 729/729/729
f 718/718/718 719/719/719 730/730/730
f 719/719/719 731/731/731 730/730/730
f 719/719/719 720/720/720 731/731/731
f 720/720/720 732/732/732 731/731/731
f 720/720/720 721/721/721 732/732/732
f 721/721/721 733/733/733 732/732/732
f 721/721/721 722/722/722 733/733/733
f 722/722/722 734/734/734 733/733/733
f 722/722/722 723/723/723 734/734/734
f 723/723/723 735/735/735 734/734/734
f 723/723/723 724/724/724 735/735/735
f 725/725/725 737/737/737 736/736/736
f 725/725/725 726/726/726 737/737/737
f 726/726/726 738/738/738 737/737/737
f 726/726/726 727/727/727 738/738/738
f 727/727/727 739/739/739 738/738/738
f 727/727/727 728/728/728 739/739/739
f 728/728/728 740/740/740 739/739/739
f 728/728/728 729/729/729 740/740/740
f 729/729/729 741/741/741 740/740/740
f 729/729/729 730/730/730 741/741/741
f 730/730/730 742/742/742 741/741/741
f 730/730/730 731/731/731 742/742/742
f 731/731/731 743/743/743 742/742/742
f 731/731/731 732/732/732 743/743/743
f 732/732/732 744/744/744 743/743/743
f 732/732/732 733/733/733 744/744/744
f 733/733/733 745/745/745 744/744/744
f 733/733/733 734/734/734 745/745/745
f 734/734/734 746/746/746 745/745/745
f 734/734/734 735/735/735 746/746/746
f 736/736/736 748/748/748 747/747/747
f 736/736/736 737/737/737 748/748/748
f 737/737/737 749/749/749 748/748/748
f 737/737/737 738/738/738 749/749/749
f 738/738/738 750/750/750 749/749/749
f 738/738/738 739/739/739 750/750/750
f 739/739/739 751/751/751 750/750/750
f 739/739/739 740/740/740 751/751/751
f 740/740/740 752/752/752 751/751/751
f 740/740/740 741/741/741 752/752/752
f 741/741/741 753/753/753 752/752/752
f 741/741/741 742/742/742 753/753/753
f 742/742/742 754/754/754 753/753/753
f 742/742/742 743/743/743 754/754/754
f 743/743/743 755/755/755 754/754/754
f 743/743/743 744/744/744 755/755/755
f 744/744/744 756/756/756 755/755/755
f 744/744/744 745/745/745 756/756/756
f 745/745/745 757/757/757 756/756/756
f 745/745/745 746/746/746 757/757/757
f 747/747/747 759/759/759 758/758/758
f 747/747/747 748/748/748 759/759/759
f 748/748/748 760/760/760 759/759/759
f 748/748/748 749/749/749 760/760/760
f 749/749/749 761/761/761 760/760/760
f 749/749/749 750/750/750 761/761/761
f 750/750/750 762/762/762 761/761/761
f 750/750/750 751/751/751 762/762/762
f 751/751/751 763/763/763 762/762/762
f 751/751/751 752/752/752 763/763/763
f 752/752/752 764/764/764 763/763/763
f 752/752/752 753/753/753 764/764/764
f 753/753/753 765/765/765 764/764/764
f 753/753/753 754/754/754 765/765/765
f 754/754/754 766/766/766 765/765/765
f 754/754/754 755/755/755 766/766/766
f 755/755/755 767/767/767 766/766/766
f 755/755/755 756/756/756 767/767/767
f 756/756/756 768/768/768 767/767/767
f 756/756/756 757/757/757 768/768/768
f 758/758/758 770/770/770 769/769/769
f 758/758/758 759/759/759 770/770/770
f 759/759/759 771/771/771 770/770/770
f 759/759/759 760/760/760 771/771/771
f 760/760/760 772/772/772 771/771/771
f 760/760/760 761/761/761 772/772/772
f 761/761/761 773/773/773 772/772/772
f 761/761/761 762/762/762 773/773/773
f 762/762/762 774/774/774 773/773/773
f 762/762/762 763/763/763 774/774/774
f 763/763/763 775/775/775 774/774/774
f 763/763/763 764/764/764 775/775/775
f 764/764/764 776/776/776 775/775/775
f 764/764/764 765/765/765 776/776/776
f 765/765/765 777/777/777 776/776/776
f 765/765/765 766/766/766 777/777/777
f 766/766/766 778/778/778 777/777/777
f 766/766/766 767/767/767 778/778/778
f 767/767/767 779/779/779 778/778/778
f 767/767/767 768/768/768 779/779/779
f 780/780/780 788/788/788 784/784/784
f 780/780/780 784/784/784 794/794/794
f 780/780/780 794/794/794 792/792/792
f 780/780/780 796/796/796 782/782/782
f 780/780/780 782/782/782 790/790/790
f 780/780/780 790/790/790 788/788/788
f 780/780/780 792/792/792 781/781/781
f 780/780/780 781/781/781 797/797/797
f 780/780/780 797/797/797 796/796/796
f 788/788/788 790/790/790 786/786/786
f 788/788/788 786/786/786 798/798/798
f 788/788/788 798/798/798 784/784/784
f 782/782/782 793/793/793 783/783/783
f 782/782/782 783/783/783 791/791/791
f 782/782/782 791/791/791 790/790/790
f 782/782/782 796/796/796 797/797/797
f 782/782/782 797/797/797 783/783/783
f 782/782/782 783/783/783 793/793/793
f 784/784/784 798/798/798 799/799/799
f 784/784/784 799/799/799 785/785/785
f 784/784/784 785/785/785 794/794/794
f 786/786/786 795/795/795 787/787/787
f 786/786/786 787/787/787 799/799/799
f 786/786/786 799/799/799 798/798/798
f 786/786/786 790/790/790 791/791/791
f 786/786/786 791/791/791 787/787/787
f 786/786/786 787/787/787 795/795/795
f 781/781/781 789/789/789 785/785/785
f 781/781/781 785/785/785 794/794/794
f 781/781/781 794/794/794 792/792/792
f 781/781/781 797/797/797 783/783/783
f 781/781/781 783/783/783 791/791/791
f 781/781/781 791/791/791 789/789/789
f 785/785/785 799/799/799 787/787/787
f 785/785/785 787/787/787 795/795/795
f 785/785/785 795/795/795 789/789/789
f 800/800/800 808/808/808 801/801/801
f 800/800/800 807/807/807 808/808/808
f 814/814/814 800/800/800 801/801/801
f 815/815/815 808/808/808 807/807/807
f 801/801/801 809/809/809 802/802/802
f 801/801/801 808/808/808 809/809/809
f 814/814/814 801/801/801 802/802/802
f 815/815/815 809/809/809 808/808/808
f 802/802/802 810/810/810 803/803/803
f 802/802/802 809/809/809 810/810/810
f 814/814/814 802/802/802 803/803/803
f 815/815/815 810/810/810 809/809/809
f 803/803/803 811/811/811 804/804/804
f 803/803/803 810/810/810 811/811/811
f 814/814/814 803/803/803 804/804/804
f 815/815/815 811/811/811 810/810/810
f 804/804/804 812/812/812 805/805/805
f 804/804/804 811/811/811 812/812/812
f 814/814/814 804/804/804 805/805/805
f 815/815/815 812/812/812 811/811/811
f 805/805/805 813/813/813 806/806/806
f 805/805/805 812/812/812 813/813/813
f 814/814/814 805/805/805 806/806/806
f 815/815/815 813/813/813 812/812/812
f 806/806/806 807/807/807 800/800/800
f 806/806/806 813/813/813 807/807/807
f 814/814/814 806/806/806 800/800/800
f 815/815/815 807/807/807 813/813/813
f 816/816/816 824/824/824 817/817/817
f 816/816/816 823/823/823 824/824/824
f 830/830/830 816/816/816 817/817/817
f 831/831/831 824/824/824 823/823/823
f 817/817/817 825/825/825 818/818/818
f 817/817/817 824/824/824 825/825/825
f 830/830/830 817/817/817 818/818/818
f 831/831/831 825/825/825 824/824/824
f 818/818/818 826/826/826 819/819/819
f 818/818/818 825/825/825 826/826/826
f 830/830/830 818/818/818 819/819/819
f 831/831/831 826/826/826 825/825/825
f 819/819/819 827/827/827 820/820/820
f 819/819/819 826/826/826 827/827/827
f 830/830/830 819/819/819 820/820/820
f 831/831/831 827/827/827 826/826/826
f 820/820/820 828/828/828 821/821/821
f 820/820/820 827/827/827 828/828/828
f 830/830/830 820/820/820 821/821/821
f 831/831/831 828/828/828 827/827/827
f 821/821/821 829/829/829 822/822/822
f 821/821/821 828/828/828 829/829/829
f 830/830/830 821/821/821 822/822/822
f 831/831/831 829/829/829 828/828/828
f 822/822/822 823/823/823 816/816/816
f 822/822/822 829/829/829 823/823/823
f 830/830/830 822/822/822 816/816/816
f 831/831/831 823/823/823 829/829/829
f 832/832/832 844/844/844 843/843/843
f 832/832/832 833/833/833 844/844/844
f 833/833/833 845/845/845 844/844/844
f 833/833/833 834/834/834 845/845/845
f 834/834/834 846/846/846 845/845/845
f 834/834/834 835/835/835 846/846/846
f 835/835/835 847/847/847 846/846/846
f 835/835/835 836/836/836 847/847/847
f 836/836/836 848/848/848 847/847/847
f 836/836/836 837/837/837 848/848/848
f 837/837/837 849/849/849 848/848/848
f 837/837/837 838/838/838 849/849/849
f 838/838/838 850/850/850 849/849/849
f 838/838/838 839/839/839 850/850/850
f 839/839/839 851/851/851 850/850/850
f 839/839/839 840/840/840 851/851/851
f 840/840/840 852/852/852 851/851/851
f 840/840/840 841/841/841 852/852/852
f 841/841/841 853/853/853 852/852/852
f 841/841/841 842/842/842 853/853/853
f 843/843/843 855/855/855 854/854/854
f 843/843/843 844/844/844 855/855/855
f 844/844/844 856/856/856 855/855/855
f 844/844/844 845/845/845 856/856/856
f 845/845/845 857/857/857 856/856/856
f 845/845/845 846/846/846 857/857/857
f 846/846/846 858/858/858 857/857/857
f 846/846/846 847/847/847 858/858/858
f 847/847/847 859/859/859 858/858/858
f 847/847/847 848/848/848 859/859/859
f 848/848/848 860/860/860 859/859/859
f 848/848/848 849/849/849 860/860/860
f 849/849/849 861/861/861 860/860/860
f 849/849/849 850/850/850 861/861/861
f 850/850/850 862/862/862 861/861/861
f 850/850/850 851/851/851 862/862/862
f 851/851/851 863/863/863 862/862/862
f 851/851/851 852/852/852 863/863/863
f 852/852/852 864/864/864 863/863/863
f 852/852/852 853/853/853 864/864/864
f 854/854/854 866/866/866 865/865/865
f 854/854/854 855/855/855 866/866/866
f 855/855/855 867/867/867 866/866/866
f 855/855/855 856/856/856 867/867/867
f 856/856/856 868/868/868 867/867/867
f 856/856/856 857/857/857 868/868/868
f 857/857/857 869/869/869 868/868/868
f 857/857/857 858/858/858 869/869/869
f 858/858/858 870/870/870 869/869/869
f 858/858/858 859/859/859 870/870/870
f 859/859/859 871/871/871 870/870/870
f 859/859/859 860/860/860 871/871/871
f 860/860/860 872/872/872 871/871/871
f 860/860/860 861/861/861 872/872/872
f 861/861/861 873/873/873 872/872/872
f 861/861/861 862/862/862 873/873/873
f 862/862/862 874/874/874 873/873/873
f 862/862/862 863/863/863 874/874/874
f 863/863/863 875/875/875 874/874/874
f 863/863/863 864/864/864 875/875/875
f 865/865/865 877/877/877 876/876/876
f 865/865/865 866/866/866 877/877/877
f 866/866/866 878/878/878 877/877/877
f 866/866/866 867/867/867 878/878/878
f 867/867/867 879/879/879 878/878/878
f 867/867/867 868/868/868 879/879/879
f 868/868/868 880/880/880 879/879/879
f 868/868/868 869/869/869 880/880/880
f 869/869/869 881/881/881 880/880/880
f 869/869/869 870/870/870 881/881/881
f 870/870/870 882/882/882 881/881/881
f 870/870/870 871/871/871 882/882/882
f 871/871/871 883/883/883 882/882/882
f 871/871/871 872/872/872 883/883/883
f 872/872/872 884/884/884 883/883/883
f 872/872/872 873/873/873 884/884/884
f 873/873/873 885/885/885 884/884/884
f 873/873/873 874/874/874 885/885/885
f 874/874/874 886/886/886 885/885/885
f 874/874/874 875/875/875 886/886/886
f 876/876/876 888/888/888 887/887/887
f 876/876/876 877/877/877 888/888/888
f 877/877/877 889/889/889 888/888/888
f 877/877/877 878/878/878 889/889/889
f 878/878/878 890/890/890 889/889/889
f 878/878/878 879/879/879 890/890/890
f 879/879/879 891/891/891 890/890/890
f 879/879/879 880/880/880 891/891/891
f 880/880/880 892/892/892 891/891/891
f 880/880/880 881/881/881 892/892/892
f 881/881/881 893/893/893 892/892/892
f 881/881/881 882/882/882 893/893/893
f 882/882/882 894/894/894 893/893/893
f 882/882/882 883/883/883 894/894/894
f 883/883/883 895/895/895 894/894/894
f 883/883/883 884/884/884 895/895/895
f 884/884/884 896/896/896 895/895/895
f 884/884/884 885/885/885 896/896/896
f 885/885/885 897/897/897 896/896/896
f 885/885/885 886/886/886 897/897/897
f 887/887/887 899/899/899 898/898/898
f 887/887/887 888/888/888 899/899/899
f 888/888/888 900/900/900 899/899/899
f 888/888/888 889/889/889 900/900/900
f 889/889/889 901/901/901 900/900/900
f 889/889/889 890/890/890 901/901/901
f 890/890/890 902/902/902 901/901/901
f 890/890/890 891/891/891 902/902/902
f 891/891/891 903/903/903 902/902/902
f 891/891/891 892/892/892 903/903/903
f 892/892/892 904/904/904 903/903/903
f 892/892/892 893/893/893 904/904/904
f 893/893/893 905/905/905 904/904/904
f 893/893/893 894/894/894 905/905/905
f 894/894/894 906/906/906 905/905/905
f 894/894/894 895/895/895 906/906/906
f 895/895/895 907/907/907 906/906/906
f 895/895/895 896/896/896 907/907/907
f 896/896/896 908/908/908 907/907/907
f 896/896/896 897/897/897 908/908/908
f 898/898/898 910/910/910 909/909/909
f 898/898/898 899/899/899 910/910/910
f 899/899/899 911/911/911 910/910/910
f 899/899/899 900/900/900 911/911/911
f 900/900/900 912/912/912 911/911/911
f 900/900/900 901/901/901 912/912/912
f 901/901/901 913/913/913 912/912/912
f 901/901/901 902/902/902 913/913/913
f 902/902/902 914/914/914 913/913/913
f 902/902/902 903/903/903 914/914/914
f 903/903/903 915/915/915 914/914/914
f 903/903/903 904/904/904 915/915/915
f 904/904/904 916/916/916 915/915/915
f 904/904/904 905/905/905 916/916/916
f 905/905/905 917/917/917 916/916/916
f 905/905/905 906/906/906 917/917/917
f 906/906/906 918/918/918 917/917/917
f 906/906/906 907/907/907 918/918/918
f 907/907/907 919/919/919 918/918/918
f 907/907/907 908/908/908 919/919/919
f 909/909/909 921/921/921 920/920/920
f 909/909/909 910/910/910 921/921/921
f 910/910/910 922/922/922 921/921/921
f 910/910/910 911/911/911 922/922/922
f 911/911/911 923/923/923 922/922/922
f 911/911/911 912/912/912 923/923/923
f 912/912/912 924/924/924 923/923/923
f 912/912/912 913/913/913 924/924/924
f 913/913/913 925/925/925 924/924/924
f 913/913/913 914/914/914 925/925/925
f 914/914/914 926/926/926 925/925/925
f 914/914/914 915/915/915 926/926/926
f 915/915/915 927/927/927 926/926/926
f 915/915/915 916/916/916 927/927/927
f 916/916/916 928/928/928 927/927/927
f 916/916/916 917/917/917 928/928/928
f 917/917/917 929/929/929 928/928/928
f 917/917/917 918/918/918 929/929/929
f 918/918/918 930/930/930 929/929/929
f 918/918/918 919/919/919 930/930/930
f 931/931/931 939/939/939 935/935/935
f 931/931/931 935/935/935 945/945/945
f 931/931/931 945/945/945 943/943/943
f 931/931/931 947/947/947 933/933/933
f 931/931/931 933/933/933 941/941/941
f 931/931/931 941/941/941 939/939/939
f 931/931/931 943/943/943 932/932/932
f 931/931/931 932/932/932 948/948/948
f 931/931/931 948/948/948 947/947/947
f 939/939/939 941/941/941 937/937/937
f 939/939/939 937/937/937 949/949/949
f 939/939/939 949/949/949 935/935/935
f 933/933/933 944/944/944 934/934/934
f 933/933/933 934/934/934 942/942/942
f 933/933/933 942/942/942 941/941/941
f 933/933/933 947/947/947 948/948/948
f 933/933/933 948/948/948 934/934/934
f 933/933/933 934/934/934 944/944/944
f 935/935/935 949/949/949 950/950/950
f 935/935/935 950/950/950 936/936/936
f 935/935/935 936/936/936 945/945/945
f 937/937/937 946/946/946 938/938/938
f 937/937/937 938/938/938 950/950/950
f 937/937/937 950/950/950 949/949/949
f 937/937/937 941/941/941 942/942/942
f 937/937/937 942/942/942 938/938/938
f 937/937/937 938/938/938 946/946/946
f 932/932/932 940/940/940 936/936/936
f 932/932/932 936/936/936 945/945/945
f 932/932/932 945/945/945 943/943/943
f 932/932/932 948/948/948 934/934/934
f 932/932/932 934/934/934 942/942/942
f 932/932/932 942/942/942 940/940/940
f 936/936/936 950/950/950 938/938/938
f 936/936/936 938/938/938 946/946/946
f 936/936/936 946/946/946 940/940/940
f 951/951/951 959/959/959 952/952/952
f 951/951/951 958/958/958 959/959/959
f 965/965/965 951/951/951 952/952/952
f 966/966/966 959/959/959 958/958/958
f 952/952/952 960/960/960 953/953/953
f 952/952/952 959/959/959 960/960/960
f 965/965/965 952/952/952 953/953/953
f 966/966/966 960/960/960 959/959/959
f 953/953/953 961/961/961 954/954/954
f 953/953/953 960/960/960 961/961/961
f 965/965/965 953/953/953 954/954/954
f 966/966/966 961/961/961 960/960/960
f 954/954/954 962/962/962 955/955/955
f 954/954/954 961/961/961 962/962/962
f 965/965/965 954/954/954 955/955/955
f 966/966/966 962/962/962 961/961/961
f 955/955/955 963/963/963 956/956/956
f 955/955/955 962/962/962 963/963/963
f 965/965/965 955/955/955 956/956/956
f 966/966/966 963/963/963 962/962/962
f 956/956/956 964/964/964 957/957/957
f 956/956/956 963/963/963 964/964/964
f 965/965/965 956/956/956 957/957/957
f 966/966/966 964/964/964 963/963/963
f 957/957/957 958/958/958 951/951/951
f 957/957/957 964/964/964 958/958/958
f 965/965/965 957/957/957 951/951/951
f 966/966/966 958/958/958 964/964/964
f 967/967/967 975/975/975 968/968/968
f 967/967/967 974/974/974 975/975/975
f 981/981/981 967/967/967 968/968/968
f 982/982/982 975/975/975 974/974/974
f 968/968/968 976/976/976 969/969/969
f 968/968/968 975/975/975 976/976/976
f 981/981/981 968/968/968 969/969/969
f 982/982/982 976/976/976 975/975/975
f 969/969/969 977/977/977 970/970/970
f 969/969/969 976/976/976 977/977/977
f 981/981/981 969/969/969 970/970/970
f 982/982/982 977/977/977 976/976/976
f 970/970/970 978/978/978 971/971/971
f 970/970/970 977/977/977 978/978/978
f 981/981/981 970/970/970 971/971/971
f 982/982/982 978/978/978 977/977/977
f 971/971/971 979/979/979 972/972/972
f 971/971/971 978/978/978 979/979/979
f 981/981/981 971/971/971 972/972/972
f 982/982/982 979/979/979 978/978/978
f 972/972/972 980/980/980 973/973/973
f 972/972/972 979/979/979 980/980/980
f 981/981/981 972/972/972 973/973/973
f 982/982/982 980/980/980 979/979/979
f 973/973/973 974/974/974 967/967/967
f 973/973/973 980/980/980 974/974/974
f 981/981/981 973/973/973 967/967/967
f 982/982/982 974/974/974 980/980/980
f 983/983/983 995/995/995 994/994/994
f 983/983/983 984/984/984 995/995/995
f 984/984/984 996/996/996 995/995/995
f 984/984/984 985/985/985 996/996/996
f 985/985/985 997/997/997 996/996/996
f 985/985/985 986/986/986 997/997/997
f 986/986/986 998/998/998 997/997/997
f 986/986/986 987/987/987 998/998/998
f 987/987/987 999/999/999 998/998/998
f 987/987/987 988/988/988 999/999/999
f 988/988/988 1000/1000/1000 999/999/999
f 988/988/988 989/989/989 1000/1000/1000
f 989/989/989 1001/1001/1001 1000/1000/1000
f 989/989/989 990/990/990 1001/1001/1001
f 990/990/990 1002/1002/1002 1001/1001/1001
f 990/990/990 991/991/991 1002/1002/1002
f 991/991/991 1003/1003/1003 1002/1002/1002
f 991/991/991 992/992/992 1003/1003/1003
f 992/992/992 1004/1004/1004 1003/1003/1003
f 992/992/992 993/993/993 1004/1004/1004
f 994/994/994 1006/1006/1006 1005/1005/1005
f 994/994/994 995/995/995 1006/1006/1006
f 995/995/995 1007/1007/1007 1006/1006/1006
f 995/995/995 996/996/996 1007/1007/1007
f 996/996/996 1008/1008/1008 1007/1007/1007
f 996/996/996 997/997/997 1008/1008/1008
f 997/997/997 1009/1009/1009 1008/1008/1008
f 997/997/997 998/998/998 1009/1009/1009
f 998/998/998 1010/1010/1010 1009/1009/1009
f 998/998/998 999/999/999 1010/1010/1010
f 999/999/999 1011/1011/1011 1010/1010/1010
f 999/999/999 1000/1000/1000 1011/1011/1011
f 1000/1000/1000 1012/1012/1012 1011/1011/1011
f 1000/1000/1000 1001/1001/1001 1012/1012/1012
f 1001/1001/1001 1013/1013/1013 1012/1012/1012
f 1001/1001/1001 1002/1002/1002 1013/1013/1013
f 1002/1002/1002 1014/1014/1014 1013/1013/1013
f 1002/1002/1002 1003/1003/1003 1014/1014/1014
f 1003/1003/1003 1015/1015/1015 1014/1014/1014
f 1003/1003/1003 1004/1004/1004 1015/1015/1015
f 1005/1005/1005 1017/1017/1017 1016/1016/1016
f 1005/1005/1005 1006/1006/1006 1017/1017/1017
f 1006/1006/1006 1018/1018/1018 1017/1017/1017
f 1006/1006/1006 1007/1007/1007 1018/1018/1018
f 1007/1007/1007 1019/1019/1019 1018/1018/1018
f 1007/1007/1007 1008/1008/1008 1019/1019/1019
f 1008/1008/1008 1020/1020/1020 1019/1019/1019
f 1008/1008/1008 1009/1009/1009 1020/1020/1020
f 1009/1009/1009 1021/1021/1021 1020/1020/1020
f 1009/1009/1009 1010/1010/1010 1021/1021/1021
f 1010/1010/1010 1022/1022/1022 1021/1021/1021
f 1010/1010/1010 1011/1011/1011 1022/1022/1022
f 1011/1011/1011 1023/1023/1023 1022/1022/1022
f 1011/1011/1011 1012/1012/1012 1023/1023/1023
f 1012/1012/1012 1024/1024/1024 1023/1023/1023
f 1012/1012/1012 1013/1013/1013 1024/1024/1024
f 1013/1013/1013 1025/1025/1025 1024/1024/1024
f 1013/1013/1013 1014/1014/1014 1025/1025/1025
f 1014/1014/1014 1026/1026/1026 1025/1025/1025
f 1014/1014/1014 1015/1015/1015 1026/1026/1026
f 1016/1016/1016 1028/1028/1028 1027/1027/1027
f 1016/1016/1016 1017/1017/1017 1028/1028/1028
f 1017/1017/1017 1029/1029/1029 1028/1028/1028
f 1017/1017/1017 1018/1018/1018 1029/1029/1029
f 1018/1018/1018 1030/1030/1030 1029/1029/1029
f 1018/1018/1018 1019/1019/1019 1030/1030/1030
f 1019/1019/1019 1031/1031/1031 1030/1030/1030
f 1019/1019/1019 1020/1020/1020 1031/1031/1031
f 1020/1020/1020 1032/1032/1032 1031/1031/1031
f 1020/1020/1020 1021/1021/1021 1032/1032/1032
f 1021/1021/1021 1033/1033/1033 1032/1032/1032
f 1021/1021/1021 1022/1022/1022 1033/1033/1033
f 1022/1022/1022 1034/1034/1034 1033/1033/1033
f 1022/1022/1022 1023/1023/1023 1034/1034/1034
f 1023/1023/1023 1035/1035/1035 1034/1034/1034
f 1023/1023/1023 1024/1024/1024 1035/1035/1035
f 1024/1024/1024 1036/1036/1036 1035/1035/1035
f 1024/1024/1024 1025/1025/1025 1036/1036/1036
f 1025/1025/1025 1037/1037/1037 1036/1036/1036
f 1025/1025/1025 1026/1026/1026 1037/1037/1037
f 1027/1027/1027 1039/1039/1039 1038/1038/1038
f 1027/1027/1027 1028/1028/1028 1039/1039/1039
f 1028/1028/1028 1040/1040/1040 1039/1039/1039
f 1028/1028/1028 1029/1029/1029 1040/1040/1040
f 1029/1029/1029 1041/1041/1041 1040/1040/1040
f 1029/1029/1029 1030/1030/1030 1041/1041/1041
f 1030/1030/1030 1042/1042/1042 1041/1041/1041
f 1030/1030/1030 1031/1031/1031 1042/1042/1042
f 1031/1031/1031 1043/1043/1043 1042/1042/1042
f 1031/1031/1031 1032/1032/1032 1043/1043/1043
f 1032/1032/1032 1044/1044/1044 1043/1043/1043
f 1032/1032/1032 1033/1033/1033 1044/1044/1044
f 1033/1033/1033 1045/1045/1045 1044/1044/1044
f 1033/1033/1033 1034/1034/1034 1045/1045/1045
f 1034/1034/1034 1046/1046/1046 1045/1045/1045
f 1034/1034/1034 1035/1035/1035 1046/1046/1046
f 1035/1035/1035 1047/1047/1047 1046/1046/1046
f 1035/1035/1035 1036/1036/1036 1047/1047/1047
f 1036/1036/1036 1048/1048/1048 1047/1047/1047
f 1036/1036/1036 1037/1037/1037 1048/1048/1048
f 1038/1038/1038 1050/1050/1050 1049/1049/1049
f 1038/1038/1038 1039/1039/1039 1050/1050/1050
f 1039/1039/1039 1051/1051/1051 1050/1050/1050
f 1039/1039/1039 1040/1040/1040 1051/1051/1051
f 1040/1040/1040 1052/1052/1052 1051/1051/1051
f 1040/1040/1040 1041/1041/1041 1052/1052/1052
f 1041/1041/1041 1053/1053/1053 1052/1052/1052
f 1041/1041/1041 1042/1042/1042 1053/1053/1053
f 1042/1042/1042 1054/1054/1054 1053/1053/1053
f 1042/1042/1042 1043/1043/1043 1054/1054/1054
f 1043/1043/1043 1055/1055/1055 1054/1054/1054
f 1043/1043/1043 1044/1044/1044 1055/1055/1055
f 1044/1044/1044 1056/1056/1056 1055/1055/1055
f 1044/1044/1044 1045/1045/1045 1056/1056/1056
f 1045/1045/1045 1057/1057/1057 1056/1056/1056
f 1045/1045/1045 1046/1046/1046 1057/1057/1057
f 1046/1046/1046 1058/1058/1058 1057/1057/1057
f 1046/1046/1046 1047/1047/1047 1058/1058/1058
f 1047/1047/1047 1059/1059/1059 1058/1058/1058
f 1047/1047/1047 1048/1048/1048 1059/1059/1059
f 1049/1049/1049 1061/1061/1061 1060/1060/1060
f 1049/1049/1049 1050/1050/1050 1061/1061/1061
f 1050/1050/1050 1062/1062/1062 1061/1061/1061
f 1050/1050/1050 1051/1051/1051 1062/1062/1062
f 1051/1051/1051 1063/1063/1063 1062/1062/1062
f 1051/1051/1051 1052/1052/1052 1063/1063/1063
f 1052/1052/1052 1064/1064/1064 1063/1063/1063
f 1052/1052/1052 1053/1053/1053 1064/1064/1064
f 1053/1053/1053 1065/1065/1065 1064/1064/1064
f 1053/1053/1053 1054/1054/1054 1065/1065/1065
f 1054/1054/1054 1066/1066/1066 1065/1065/1065
f 1054/1054/1054 1055/1055/1055 1066/1066/1066
f 1055/1055/1055 1067/1067/1067 1066/1066/1066
f 1055/1055/1055 1056/1056/1056 1067/1067/1067
f 1056/1056/1056 1068/1068/1068 1067/1067/1067
f 1056/1056/1056 1057/1057/1057 1068/1068/1068
f 1057/1057/1057 1069/1069/1069 1068/1068/1068
f 1057/1057/1057 1058/1058/1058 1069/1069/1069
f 1058/1058/1058 1070/1070/1070 1069/1069/1069
f 1058/1058/1058 1059/1059/1059 1070/1070/1070
f 1060/1060/1060 1072/1072/1072 1071/1071/1071
f 1060/1060/1060 1061/1061/1061 1072/1072/1072
f 1061/1061/1061 1073/1073/1073 1072/1072/1072
f 1061/1061/1061 1062/1062/1062 1073/1073/1073
f 1062/1062/1062 1074/1074/1074 1073/1073/1073
f 1062/1062/1062 1063/1063/1063 1074/1074/1074
f 1063/1063/1063 1075/1075/1075 1074/1074/1074
f 1063/1063/1063 1064/1064/1064 1075/1075/1075
f 1064/1064/1064 1076/1076/1076 1075/1075/1075
f 1064/1064/1064 1065/1065/1065 1076/1076/1076
f 1065/1065/1065 1077/1077/1077 1076/1076/1076
f 1065/1065/1065 1066/1066/1066 1077/1077/1077
f 1066/1066/1066 1078/1078/1078 1077/1077/1077
f 1066/1066/1066 1067/1067/1067 1078/1078/1078
f 1067/1067/1067 1079/1079/1079 1078/1078/1078
f 1067/1067/1067 1068/1068/1068 1079/1079/1079
f 1068/1068/1068 1080/1080/1080 1079/1079/1079
f 1068/1068/1068 1069/1069/1069 1080/1080/1080
f 1069/1069/1069 1081/1081/1081 1080/1080/1080
f 1069/1069/1069 1070/1070/1070 1081/1081/1081
f 1082/1082/1082 1090/1090/1090 1086/1086/1086
f 1082/1082/1082 1086/1086/1086 1096/1096/1096
f 1082/1082/1082 1096/1096/1096 1094/1094/1094
f 1082/1082/1082 1098/1098/1098 1084/1084/1084
f 1082/1082/1082 1084/1084/1084 1092/1092/1092
f 1082/1082/1082 1092/1092/1092 1090/1090/1090
f 1082/1082/1082 1094/1094/1094 1083/1083/1083
f 1082/1082/1082 1083/1083/1083 1099/1099/1099
f 1082/1082/1082 1099/1099/1099 1098/1098/1098
f 1090/1090/1090 1092/1092/1092 1088/1088/1088
f 1090/1090/1090 1088/1088/1088 1100/1100/1100
f 1090/1090/1090 1100/1100/1100 1086/1086/1086
f 1084/1084/1084 1095/1095/1095 1085/1085/1085
f 1084/1084/1084 1085/1085/1085 1093/1093/1093
f 1084/1084/1084 1093/1093/1093 1092/1092/1092
f 1084/1084/1084 1098/1098/1098 1099/1099/1099
f 1084/1084/1084 1099/1099/1099 1085/1085/1085
f 1084/1084/1084 1085/1085/1085 1095/1095/1095
f 1086/1086/1086 1100/1100/1100 1101/1101/1101
f 1086/1086/1086 1101/1101/1101 1087/1087/1087
f 1086/1086/1086 1087/1087/1087 1096/1096/1096
f 1088/1088/1088 1097/1097/1097 1089/1089/1089
f 1088/1088/1088 1089/1089/1089 1101/1101/1101
f 1088/1088/1088 1101/1101/1101 1100/1100/1100
f 1088/1088/1088 1092/1092/1092 1093/1093/1093
f 1088/1088/1088 1093/1093/1093 1089/1089/1089
f 1088/1088/1088 1089/1089/1089 1097/1097/1097
f 1083/1083/1083 1091/1091/1091 1087/1087/1087
f 1083/1083/1083 1087/1087/1087 1096/1096/1096
f 1083/1083/1083 1096/1096/1096 1094/1094/1094
f 1083/1083/1083 1099/1099/1099 1085/1085/1085
f 1083/1083/1083 1085/1085/1085 1093/1093/1093
f 1083/1083/1083 1093/1093/1093 1091/1091/1091
f 1087/1087/1087 1101/1101/1101 1089/1089/1089
f 1087/1087/1087 1089/1089/1089 1097/1097/1097
f 1087/1087/1087 1097/1097/1097 1091/1091/1091
f 1102/1102/1102 1110/1110/1110 1103/1103/1103
f 1102/1102/1102 1109/1109/1109 1110/1110/1110
f 1116/1116/1116 1102/1102/1102 1103/1103/1103
f 1117/1117/1117 1110/1110/1110 1109/1109/1109
f 1103/1103/1103 1111/1111/1111 1104/1104/1104
f 1103/1103/1103 1110/1110/1110 1111/1111/1111
f 1116/1116/1116 1103/1103/1103 1104/1104/1104
f 1117/1117/1117 1111/1111/1111 1110/1110/1110
f 1104/1104/1104 1112/1112/1112 1105/1105/1105
f 1104/1104/1104 1111/1111/1111 1112/1112/1112
f 1116/1116/1116 1104/1104/1104 1105/1105/1105
f 1117/1117/1117 1112/1112/1112 1111/1111/1111
f 1105/1105/1105 1113/1113/1113 1106/1106/1106
f 1105/1105/1105 1112/1112/1112 1113/1113/1113
f 1116/1116/1116 1105/1105/1105 1106/1106/1106
f 1117/1117/1117 1113/1113/1113 1112/1112/1112
f 1106/1106/1106 1114/1114/1114 1107/1107/1107
f 1106/1106/1106 1113/1113/1113 1114/1114/1114
f 1116/1116/1116 1106/1106/1106 1107/1107/1107
f 1117/1117/1117 1114/1114/1114 1113/1113/1113
f 1107/1107/1107 1115/1115/1115 1108/1108/1108
f 1107/1107/1107 1114/1114/1114 1115/1115/1115
f 1116/1116/1116 1107/1107/1107 1108/1108/1108
f 1117/1117/1117 1115/1115/1115 1114/1114/1114
f 1108/1108/1108 1109/1109/1109 1102/1102/1102
f 1108/1108/1108 1115/1115/1115 1109/1109/1109
f 1116/1116/1116 1108/1108/1108 1102/1102/1102
f 1117/1117/1117 1109/1109/1109 1115/1115/1115
f 1118/1118/1118 1126/1126/1126 1119/1119/1119
f 1118/1118/1118 1125/1125/1125 1126/1126/1126
f 1132/1132/1132 1118/1118/1118 1119/1119/1119
f 1133/1133/1133 1126/1126/1126 1125/1125/1125
f 1119/1119/1119 1127/1127/1127 1120/1120/1120
f 1119/1119/1119 1126/1126/1126 1127/1127/1127
f 1132/1132/1132 1119/1119/1119 1120/1120/1120
f 1133/1133/1133 1127/1127/1127 1126/1126/1126
f 1120/1120/1120 1128/1128/1128 1121/1121/1121
f 1120/1120/1120 1127/1127/1127 1128/1128/1128
f 1132/1132/1132 1120/1120/1120 1121/1121/1121
f 1133/1133/1133 1128/1128/1128 1127/1127/1127
f 1121/1121/1121 1129/1129/1129 1122/1122/1122
f 1121/1121/1121 1128/1128/1128 1129/1129/1129
f 1132/1132/1132 1121/1121/1121 1122/1122/1122
f 1133/1133/1133 1129/1129/1129 1128/1128/1128
f 1122/1122/1122 1130/1130/1130 1123/1123/1123
f 1122/1122/1122 1129/1129/1129 1130/1130/1130
f 1132/1132/1132 1122/1122/1122 1123/1123/1123
f 1133/1133/1133 1130/1130/1130 1129/1129/1129
f 1123/1123/1123 1131/1131/1131 1124/1124/1124
f 1123/1123/1123 1130/1130/1130 1131/1131/1131
f 1132/1132/1132 1123/1123/1123 1124/1124/1124
f 1133/1133/1133 1131/1131/1131 1130/1130/1130
f 1124/1124/1124 1125/1125/1125 1118/1118/1118
f 1124/1124/1124 1131/1131/1131 1125/1125/1125
f 1132/1132/1132 1124/1124/1124 1118/1118/1118
f 1133/1133/1133 1125/1125/1125 1131/1131/1131
f 1134/1134/1134 1146/1146/1146 1145/1145/1145
f 1134/1134/1134 1135/1135/1135 1146/1146/1146
f 1135/1135/1135 1147/1147/1147 1146/1146/1146
f 1135/1135/1135 1136/1136/1136 1147/1147/1147
f 1136/1136/1136 1148/1148/1148 1147/1147/1147
f 1136/1136/1136 1137/1137/1137 1148/1148/1148
f 1137/1137/1137 1149/1149/1149 1148/1148/1148
f 1137/1137/1137 1138/1138/1138 1149/1149/1149
f 1138/1138/1138 1150/1150/1150 1149/1149/1149
f 1138/1138/1138 1139/1139/1139 1150/1150/1150
f 1139/1139/1139 1151/1151/1151 1150/1150/1150
f 1139/1139/1139 1140/1140/1140 1151/1151/1151
f 1140/1140/1140 1152/1152/1152 1151/1151/1151
f 1140/1140/1140 1141/1141/1141 1152/1152/1152
f 1141/1141/1141 1153/1153/1153 1152/1152/1152
f 1141/1141/1141 1142/1142/1142 1153/1153/1153
f 1142/1142/1142 1154/1154/1154 1153/1153/1153
f 1142/1142/1142 1143/1143/1143 1154/1154/1154
f 1143/1143/1143 1155/1155/1155 1154/1154/1154
f 1143/1143/1143 1144/1144/1144 1155/1155/1155
f 1145/1145/1145 1157/1157/1157 1156/1156/1156
f 1145/1145/1145 1146/1146/1146 1157/1157/1157
f 1146/1146/1146 1158/1158/1158 1157/1157/1157
f 1146/1146/1146 1147/1147/1147 1158/1158/1158
f 1147/1147/1147 1159/1159/1159 1158/1158/1158
f 1147/1147/1147 1148/1148/1148 1159/1159/1159
f 1148/1148/1148 1160/1160/1160 1159/1159/1159
f 1148/1148/1148 1149/1149/1149 1160/1160/1160
f 1149/1149/1149 1161/1161/1161 1160/1160/1160
f 1149/1149/1149 1150/1150/1150 1161/1161/1161
f 1150/1150/1150 1162/1162/1162 1161/1161/1161
f 1150/1150/1150 1151/1151/1151 1162/1162/1162
f 1151/1151/1151 1163/1163/1163 1162/1162/1162
f 1151/1151/1151 1152/1152/1152 1163/1163/1163
f 1152/1152/1152 1164/1164/1164 1163/1163/1163
f 1152/1152/1152 1153/1153/1153 1164/1164/1164
f 1153/1153/1153 1165/1165/1165 1164/1164/1164
f 1153/1153/1153 1154/1154/1154 1165/1165/1165
f 1154/1154/1154 1166/1166/1166 1165/1165/1165
f 1154/1154/1154 1155/1155/1155 1166/1166/1166
f 1156/1156/1156 1168/1168/1168 1167/1167/1167
f 1156/1156/1156 1157/1157/1157 1168/1168/1168
f 1157/1157/1157 1169/1169/1169 1168/1168/1168
f 1157/1157/1157 1158/1158/1158 1169/1169/1169
f 1158/1158/1158 1170/1170/1170 1169/1169/1169
f 1158/1158/1158 1159/1159/1159 1170/1170/1170
f 1159/1159/1159 1171/1171/1171 1170/1170/1170
f 1159/1159/1159 1160/1160/1160 1171/1171/1171
f 1160/1160/1160 1172/1172/1172 1171/1171/1171
f 1160/1160/1160 1161/1161/1161 1172/1172/1172
f 1161/1161/1161 1173/1173/1173 1172/1172/1172
f 1161/1161/1161 1162/1162/1162 1173/1173/1173
f 1162/1162/1162 1174/1174/1174 1173/1173/1173
f 1162/1162/1162 1163/1163/1163 1174/1174/1174
f 1163/1163/1163 1175/1175/1175 1174/1174/1174
f 1163/1163/1163 1164/1164/1164 1175/1175/1175
f 1164/1164/1164 1176/1176/1176 1175/1175/1175
f 1164/1164/1164 1165/1165/1165 1176/1176/1176
f 1165/1165/1165 1177/1177/1177 1176/1176/1176
f 1165/1165/1165 1166/1166/1166 1177/1177/1177
f 1167/1167/1167 1179/1179/1179 1178/1178/1178
f 1167/1167/1167 1168/1168/1168 1179/1179/1179
f 1168/1168/1168 1180/1180/1180 1179/1179/1179
f 1168/1168/1168 1169/1169/1169 1180/1180/1180
f 1169/1169/1169 1181/1181/1181 1180/1180/1180
f 1169/1169/1169 1170/1170/1170 1181/1181/1181
f 1170/1170/1170 1182/1182/1182 1181/1181/1181
f 1170/1170/1170 1171/1171/1171 1182/1182/1182
f 1171/1171/1171 1183/1183/1183 1182/1182/1182
f 1171/1171/1171 1172/1172/1172 1183/1183/1183
f 1172/1172/1172 1184/1184/1184 1183/1183/1183
f 1172/1172/1172 1173/1173/1173 1184/1184/1184
f 1173/1173/1173 1185/1185/1185 1184/1184/1184
f 1173/1173/1173 1174/1174/1174 1185/1185/1185
f 1174/1174/1174 1186/1186/1186 1185/1185/1185
f 1174/1174/1174 1175/1175/1175 1186/1186/1186
f 1175/1175/1175 1187/1187/1187 1186/1186/1186
f 1175/1175/1175 1176/1176/1176 1187/1187/1187
f 1176/1176/1176 1188/1188/1188 1187/1187/1187
f 1176/1176/1176 1177/1177/1177 1188/1188/1188
f 1178/1178/1178 1190/1190/1190 1189/1189/1189
f 1178/1178/1178 1179/1179/1179 1190/1190/1190
f 1179/1179/1179 1191/1191/1191 1190/1190/1190
f 1179/1179/1179 1180/1180/1180 1191/1191/1191
f 1180/1180/1180 1192/1192/1192 1191/1191/1191
f 1180/1180/1180 1181/1181/1181 1192/1192/1192
f 1181/1181/1181 1193/1193/1193 1192/1192/1192
f 1181/1181/1181 1182/1182/1182 1193/1193/1193
f 1182/1182/1182 1194/1194/1194 1193/1193/1193
f 1182/1182/1182 1183/1183/1183 1194/1194/1194
f 1183/1183/1183 1195/1195/1195 1194/1194/1194
f 1183/1183/1183 1184/1184/1184 1195/1195/1195
f 1184/1184/1184 1196/1196/1196 1195/1195/1195
f 1184/1184/1184 1185/1185/1185 1196/1196/1196
f 1185/1185/1185 1197/1197/1197 1196/1196/1196
f 1185/1185/1185 1186/1186/1186 1197/1197/1197
f 1186/1186/1186 1198/1198/1198 1197/1197/1197
f 1186/1186/1186 1187/1187/1187 1198/1198/1198
f 1187/1187/1187 1199/1199/1199 1198/1198/1198
f 1187/1187/1187 1188/1188/1188 1199/1199/1199
f 1189/1189/1189 1201/1201/1201 1200/1200/1200
f 1189/1189/1189 1190/1190/1190 1201/1201/1201
f 1190/1190/1190 1202/1202/1202 1201/1201/1201
f 1190/1190/1190 1191/1191/1191 1202/1202/1202
f 1191/1191/1191 1203/1203/1203 1202/1202/1202
f 1191/1191/1191 1192/1192/1192 1203/1203/1203
f 1192/1192/1192 1204/1204/1204 1203/1203/1203
f 1192/1192/1192 1193/1193/1193 1204/1204/1204
f 1193/1193/1193 1205/1205/1205 1204/1204/1204
f 1193/1193/1193 1194/1194/1194 1205/1205/1205
f 1194/1194/1194 1206/1206/1206 1205/1205/1205
f 1194/1194/1194 1195/1195/1195 1206/1206/1206
f 1195/1195/1195 1207/1207/1207 1206/1206/1206
f 1195/1195/1195 1196/1196/1196 1207/1207/1207
f 1196/1196/1196 1208/1208/1208 1207/1207/1207
f 1196/1196/1196 1197/1197/1197 1208/1208/1208
f 1197/1197/1197 1209/1209/1209 1208/1208/1208
f 1197/1197/1197 1198/1198/1198 1209/1209/1209
f 1198/1198/1198 1210/1210/1210 1209/1209/1209
f 1198/1198/1198 1199/1199/1199 1210/1210/1210
f 1200/1200/1200 1212/1212/1212 1211/1211/1211
f 1200/1200/1200 1201/1201/1201 1212/1212/1212
f 1201/1201/1201 1213/1213/1213 1212/1212/1212
f 1201/1201/1201 1202/1202/1202 1213/1213/1213
f 1202/1202/1202 1214/1214/1214 1213/1213/1213
f 1202/1202/1202 1203/1203/1203 1214/1214/1214
f 1203/1203/1203 1215/1215/1215 1214/1214/1214
f 1203/1203/1203 1204/1204/1204 1215/1215/1215
f 1204/1204/1204 1216/1216/1216 1215/1215/1215
f 1204/1204/1204 1205/1205/1205 1216/1216/1216
f 1205/1205/1205 1217/1217/1217 1216/1216/1216
f 1205/1205/1205 1206/1206/1206 1217/1217/1217
f 1206/1206/1206 1218/1218/1218 1217/1217/1217
f 1206/1206/1206 1207/1207/1207 1218/1218/1218
f 1207/1207/1207 1219/1219/1219 1218/1218/1218
f 1207/1207/1207 1208/1208/1208 1219/1219/1219
f 1208/1208/1208 1220/1220/1220 1219/1219/1219
f 1208/1208/1208 1209/1209/1209 1220/1220/1220
f 1209/1209/1209 1221/1221/1221 1220/1220/1220
f 1209/1209/1209 1210/1210/1210 1221/1221/1221
f 1211/1211/1211 1223/1223/1223 1222/1222/1222
f 1211/1211/1211 1212/1212/1212 1223/1223/1223
f 1212/1212/1212 1224/1224/1224 1223/1223/1223
f 1212/1212/1212 1213/1213/1213 1224/1224/1224
f 1213/1213/1213 1225/1225/1225 1224/1224/1224
f 1213/1213/1213 1214/1214/1214 1225/1225/1225
f 1214/1214/1214 1226/1226/1226 1225/1225/1225
f 1214/1214/1214 1215/1215/1215 1226/1226/1226
f 1215/1215/1215 1227/1227/1227 1226/1226/1226
f 1215/1215/1215 1216/1216/1216 1227/1227/1227
f 1216/1216/1216 1228/1228/1228 1227/1227/1227
f 1216/1216/1216 1217/1217/1217 1228/1228/1228
f 1217/1217/1217 1229/1229/1229 1228/1228/1228
f 1217/1217/1217 1218/1218/1218 1229/1229/1229
f 1218/1218/1218 1230/1230/1230 1229/1229/1229
f 1218/1218/1218 1219/1219/1219 1230/1230/1230
f 1219/1219/1219 1231/1231/1231 1230/1230/1230
f 1219/1219/1219 1220/1220/1220 1231/1231/1231
f 1220/1220/1220 1232/1232/1232 1231/1231/1231
f 1220/1220/1220 1221/1221/1221 1232/1232/1232
f 1233/1233/1233 1241/1241/1241 1237/1237/1237
f 1233/1233/1233 1237/1237/1237 1247/1247/1247
f 1233/1233/1233 1247/1247/1247 1245/1245/1245
f 1233/1233/1233 1249/1249/1249 1235/1235/1235
f 1233/1233/1233 1235/1235/1235 1243/1243/1243
f 1233/1233/1233 1243/1243/1243 1241/1241/1241
f 1233/1233/1233 1245/1245/1245 1234/1234/1234
f 1233/1233/1233 1234/1234/1234 1250/1250/1250
f 1233/1233/1233 1250/1250/1250 1249/1249/1249
f 1241/1241/1241 1243/1243/1243 1239/1239/1239
f 1241/1241/1241 1239/1239/1239 1251/1251/1251
f 1241/1241/1241 1251/1251/1251 1237/1237/1237
f 1235/1235/1235 1246/1246/1246 1236/1236/1236
f 1235/1235/1235 1236/1236/1236 1244/1244/1244
f 1235/1235/1235 1244/1244/1244 1243/1243/1243
f 1235/1235/1235 1249/1249/1249 1250/1250/1250
f 1235/1235/1235 1250/1250/1250 1236/1236/1236
f 1235/1235/1235 1236/1236/1236 1246/1246/1246
f 1237/1237/1237 1251/1251/1251 1252/1252/1252
f 1237/1237/1237 1252/1252/1252 1238/1238/1238
f 1237/1237/1237 1238/1238/1238 1247/1247/1247
f 1239/1239/1239 1248/1248/1248 1240/1240/1240
f 1239/1239/1239 1240/1240/1240 1252/1252/1252
f 1239/1239/1239 1252/1252/1252 1251/1251/1251
f 1239/1239/1239 1243/1243/1243 1244/1244/1244
f 1239/1239/1239 1244/1244/1244 1240/1240/1240
f 1239/1239/1239 1240/1240/1240 1248/1248/1248
f 1234/1234/1234 1242/1242/1242 1238/1238/1238
f 1234/1234/1234 1238/1238/1238 1247/1247/1247
f 1234/1234/1234 1247/1247/1247 1245/1245/1245
f 1234/1234/1234 1250/1250/1250 1236/1236/1236
f 1234/1234/1234 1236/1236/1236 1244/1244/1244
f 1234/1234/1234 1244/1244/1244 1242/1242/1242
f 1238/1238/1238 1252/1252/1252 1240/1240/1240
f 1238/1238/1238 1240/1240/1240 1248/1248/1248
f 1238/1238/1238 1248/1248/1248 1242/1242/1242
f 1253/1253/1253 1265/1265/1265 1264/1264/1264
f 1253/1253/1253 1254/1254/1254 1265/1265/1265
f 1254/1254/1254 1266/1266/1266 1265/1265/1265
f 1254/1254/1254 1255/1255/1255 1266/1266/1266
f 1255/1255/1255 1267/1267/1267 1266/1266/1266
f 1255/1255/1255 1256/1256/1256 1267/1267/1267
f 1256/1256/1256 1268/1268/1268 1267/1267/1267
f 1256/1256/1256 1257/1257/1257 1268/1268/1268
f 1257/1257/1257 1269/1269/1269 1268/1268/1268
f 1257/1257/1257 1258/1258/1258 1269/1269/1269
f 1258/1258/1258 1270/1270/1270 1269/1269/1269
f 1258/1258/1258 1259/1259/1259 1270/1270/1270
f 1259/1259/1259 1271/1271/1271 1270/1270/1270
f 1259/1259/1259 1260/1260/1260 1271/1271/1271
f 1260/1260/1260 1272/1272/1272 1271/1271/1271
f 1260/1260/1260 1261/1261/1261 1272/1272/1272
f 1261/1261/1261 1273/1273/1273 1272/1272/1272
f 1261/1261/1261 1262/1262/1262 1273/1273/1273
f 1262/1262/1262 1274/1274/1274 1273/1273/1273
f 1262/1262/1262 1263/1263/1263 1274/1274/1274
f 1264/1264/1264 1276/1276/1276 1275/1275/1275
f 1264/1264/1264 1265/1265/1265 1276/1276/1276
f 1265/1265/1265 1277/1277/1277 1276/1276/1276
f 1265/1265/1265 1266/1266/1266 1277/1277/1277
f 1266/1266/1266 1278/1278/1278 1277/1277/1277
f 1266/1266/1266 1267/1267/1267 1278/1278/1278
f 1267/1267/1267 1279/1279/1279 1278/1278/1278
f 1267/1267/1267 1268/1268/1268 1279/1279/1279
f 1268/1268/1268 1280/1280/1280 1279/1279/1279
f 1268/1268/1268 1269/1269/1269 1280/1280/1280
f 1269/1269/1269 1281/1281/1281 1280/1280/1280
f 1269/1269/1269 1270/1270/1270 1281/1281/1281
f 1270/1270/1270 1282/1282/1282 1281/1281/1281
f 1270/1270/1270 1271/1271/1271 1282/1282/1282
f 1271/1271/1271 1283/1283/1283 1282/1282/1282
f 1271/1271/1271 1272/1272/1272 1283/1283/1283
f 1272/1272/1272 1284/1284/1284 1283/1283/1283
f 1272/1272/1272 1273/1273/1273 1284/1284/1284
f 1273/1273/1273 1285/1285/1285 1284/1284/1284
f 1273/1273/1273 1274/1274/1274 1285/1285/1285
f 1275/1275/1275 1287/1287/1287 1286/1286/1286
f 1275/1275/1275 1276/1276/1276 1287/1287/1287
f 1276/1276/1276 1288/1288/1288 1287/1287/1287
f 1276/1276/1276 1277/1277/1277 1288/1288/1288
f 1277/1277/1277 1289/1289/1289 1288/1288/1288
f 1277/1277/1277 1278/1278/1278 1289/1289/1289
f 1278/1278/1278 1290/1290/1290 1289/1289/1289
f 1278/1278/1278 1279/1279/1279 1290/1290/1290
f 1279/1279/1279 1291/1291/1291 1290/1290/1290
f 1279/1279/1279 1280/1280/1280 1291/1291/1291
f 1280/1280/1280 1292/1292/1292 1291/1291/1291
f 1280/1280/1280 1281/1281/1281 1292/1292/1292
f 1281/1281/1281 1293/1293/1293 1292/1292/1292
f 1281/1281/1281 1282/1282/1282 1293/1293/1293
f 1282/1282/1282 1294/1294/1294 1293/1293/1293
f 1282/1282/1282 1283/1283/1283 1294/1294/1294
f 1283/1283/1283 1295/1295/1295 1294/1294/1294
f 1283/1283/1283 1284/1284/1284 1295/1295/1295
f 1284/1284/1284 1296/1296/1296 1295/1295/1295
f 1284/1284/1284 1285/1285/1285 1296/1296/1296
f 1286/1286/1286 1298/1298/1298 1297/1297/1297
f 1286/1286/1286 1287/1287/1287 1298/1298/1298
f 1287/1287/1287 1299/1299/1299 1298/1298/1298
f 1287/1287/1287 1288/1288/1288 1299/1299/1299
f 1288/1288/1288 1300/1300/1300 1299/1299/1299
f 1288/1288/1288 1289/1289/1289 1300/1300/1300
f 1289/1289/1289 1301/1301/1301 1300/1300/1300
f 1289/1289/1289 1290/1290/1290 1301/1301/1301
f 1290/1290/1290 1302/1302/1302 1301/1301/1301
f 1290/1290/1290 1291/1291/1291 1302/1302/1302
f 1291/1291/1291 1303/1303/1303 1302/1302/1302
f 1291/1291/1291 1292/1292/1292 1303/1303/1303
f 1292/1292/1292 1304/1304/1304 1303/1303/1303
f 1292/1292/1292 1293/1293/1293 1304/1304/1304
f 1293/1293/1293 1305/1305/1305 1304/1304/1304
f 1293/1293/1293 1294/1294/1294 1305/1305/1305
f 1294/1294/1294 1306/1306/1306 1305/1305/1305
f 1294/1294/1294 1295/1295/1295 1306/1306/1306
f 1295/1295/1295 1307/1307/1307 1306/1306/1306
f 1295/1295/1295 1296/1296/1296 1307/1307/1307
f 1297/1297/1297 1309/1309/1309 1308/1308/1308
f 1297/1297/1297 1298/1298/1298 1309/1309/1309
f 1298/1298/1298 1310/1310/1310 1309/1309/1309
f 1298/1298/1298 1299/1299/1299 1310/1310/1310
f 1299/1299/1299 1311/1311/1311 1310/1310/1310
f 1299/1299/1299 1300/1300/1300 1311/1311/1311
f 1300/1300/1300 1312/1312/1312 1311/1311/1311
f 1300/1300/1300 1301/1301/1301 1312/1312/1312
f 1301/1301/1301 1313/1313/1313 1312/1312/1312
f 1301/1301/1301 1302/1302/1302 1313/1313/1313
f 1302/1302/1302 1314/1314/1314 1313/1313/1313
f 1302/1302/1302 1303/1303/1303 1314/1314/1314
f 1303/1303/1303 1315/1315/1315 1314/1314/1314
f 1303/1303/1303 1304/1304/1304 1315/1315/1315
f 1304/1304/1304 1316/1316/1316 1315/1315/1315
f 1304/1304/1304 1305/1305/1305 1316/1316/1316
f 1305/1305/1305 1317/1317/1317 1316/1316/1316
f 1305/1305/1305 1306/1306/1306 1317/1317/1317
f 1306/1306/1306 1318/1318/1318 1317/1317/1317
f 1306/1306/1306 1307/1307/1307 1318/1318/1318
f 1308/1308/1308 1320/1320/1320 1319/1319/1319
f 1308/1308/1308 1309/1309/1309 1320/1320/1320
f 1309/1309/1309 1321/1321/1321 1320/1320/1320
f 1309/1309/1309 1310/1310/1310 1321/1321/1321
f 1310/1310/1310 1322/1322/1322 1321/1321/1321
f 1310/1310/1310 1311/1311/1311 1322/1322/1322
f 1311/1311/1311 1323/1323/1323 1322/1322/1322
f 1311/1311/1311 1312/1312/1312 1323/1323/1323
f 1312/1312/1312 1324/1324/1324 1323/1323/1323
f 1312/1312/1312 1313/1313/1313 1324/1324/1324
f 1313/1313/1313 1325/1325/1325 1324/1324/1324
f 1313/1313/1313 1314/1314/1314 1325/1325/1325
f 1314/1314/1314 1326/1326/1326 1325/1325/1325
f 1314/1314/1314 1315/1315/1315 1326/1326/1326
f 1315/1315/1315 1327/1327/1327 1326/1326/1326
f 1315/1315/1315 1316/1316/1316 1327/1327/1327
f 1316/1316/1316 1328/1328/1328 1327/1327/1327
f 1316/1316/1316 1317/1317/1317 1328/1328/1328
f 1317/1317/1317 1329/1329/1329 1328/1328/1328
f 1317/1317/1317 1318/1318/1318 1329/1329/1329
f 1319/1319/1319 1331/1331/1331 1330/1330/1330
f 1319/1319/1319 1320/1320/1320 1331/1331/1331
f 1320/1320/1320 1332/1332/1332 1331/1331/1331
f 1320/1320/1320 1321/1321/1321 1332/1332/1332
f 1321/1321/1321 1333/1333/1333 1332/1332/1332
f 1321/1321/1321 1322/1322/1322 1333/1333/1333
f 1322/1322/1322 1334/1334/1334 1333/1333/1333
f 1322/1322/1322 1323/1323/1323 1334/1334/1334
f 1323/1323/1323 1335/1335/1335 1334/1334/1334
f 1323/1323/1323 1324/1324/1324 1335/1335/1335
f 1324/1324/1324 1336/1336/1336 1335/1335/1335
f 1324/1324/1324 1325/1325/1325 1336/1336/1336
f 1325/1325/1325 1337/1337/1337 1336/1336/1336
f 1325/1325/1325 1326/1326/1326 1337/1337/1337
f 1326/1326/1326 1338/1338/1338 1337/1337/1337
f 1326/1326/1326 1327/1327/1327 1338/1338/1338
f 1327/1327/1327 1339/1339/1339 1338/1338/1338
f 1327/1327/1327 1328/1328/1328 1339/1339/1339
f 1328/1328/1328 1340/1340/1340 1339/1339/1339
f 1328/1328/1328 1329/1329/1329 1340/1340/1340
f 1330/1330/1330 1342/1342/1342 1341/1341/1341
f 1330/1330/1330 1331/1331/1331 1342/1342/1342
f 1331/1331/1331 1343/1343/1343 1342/1342/1342
f 1331/1331/1331 1332/1332/1332 1343/1343/1343
f 1332/1332/1332 1344/1344/1344 1343/1343/1343
f 1332/1332/1332 1333/1333/1333 1344/1344/1344
f 1333/1333/1333 1345/1345/1345 1344/1344/1344
f 1333/1333/1333 1334/1334/1334 1345/1345/1345
f 1334/1334/1334 1346/1346/1346 1345/1345/1345
f 1334/1334/1334 1335/1335/1335 1346/1346/1346
f 1335/1335/1335 1347/1347/1347 1346/1346/1346
f 1335/1335/1335 1336/1336/1336 1347/1347/1347
f 1336/1336/1336 1348/1348/1348 1347/1347/1347
f 1336/1336/1336 1337/1337/1337 1348/1348/1348
f 1337/1337/1337 1349/1349/1349 1348/1348/1348
f 1337/1337/1337 1338/1338/1338 1349/1349/1349
f 1338/1338/1338 1350/1350/1350 1349/1349/1349
f 1338/1338/1338 1339/1339/1339 1350/1350/1350
f 1339/1339/1339 1351/1351/1351 1350/1350/1350
f 1339/1339/1339 1340/1340/1340 1351/1351/1351
f 1352/1352/1352 1360/1360/1360 1356/1356/1356
f 1352/1352/1352 1356/1356/1356 1366/1366/1366
f 1352/1352/1352 1366/1366/1366 1364/1364/1364
f 1352/1352/1352 1368/1368/1368 1354/1354/1354
f 1352/1352/1352 1354/1354/1354 1362/1362/1362
f 1352/1352/1352 1362/1362/1362 1360/1360/1360
f 1352/1352/1352 1364/1364/1364 1353/1353/1353
f 1352/1352/1352 1353/1353/1353 1369/1369/1369
f 1352/1352/1352 1369/1369/1369 1368/1368/1368
f 1360/1360/1360 1362/1362/1362 1358/1358/1358
f 1360/1360/1360 1358/1358/1358 1370/1370/1370
f 1360/1360/1360 1370/1370/1370 1356/1356/1356
f 1354/1354/1354 1365/1365/1365 1355/1355/1355
f 1354/1354/1354 1355/1355/1355 1363/1363/1363
f 1354/1354/1354 1363/1363/1363 1362/1362/1362
f 1354/1354/1354 1368/1368/1368 1369/1369/1369
f 1354/1354/1354 1369/1369/1369 1355/1355/1355
f 1354/1354/1354 1355/1355/1355 1365/1365/1365
f 1356/1356/1356 1370/1370/1370 1371/1371/1371
f 1356/1356/1356 1371/1371/1371 1357/1357/1357
f 1356/1356/1356 1357/1357/1357 1366/1366/1366
f 1358/1358/1358 1367/1367/1367 1359/1359/1359
f 1358/1358/1358 1359/1359/1359 1371/1371/1371
f 1358/1358/1358 1371/1371/1371 1370/1370/1370
f 1358/1358/1358 1362/1362/1362 1363/1363/1363
f 1358/1358/1358 1363/1363/1363 1359/1359/1359
f 1358/1358/1358 1359/1359/1359 1367/1367/1367
f 1353/1353/1353 1361/1361/1361 1357/1357/1357
f 1353/1353/1353 1357/1357/1357 1366/1366/1366
f 1353/1353/1353 1366/1366/1366 1364/1364/1364
f 1353/1353/1353 1369/1369/1369 1355/1355/1355
f 1353/1353/1353 1355/1355/1355 1363/1363/1363
f 1353/1353/1353 1363/1363/1363 1361/1361/1361
f 1357/1357/1357 1371/1371/1371 1359/1359/1359
f 1357/1357/1357 1359/1359/1359 1367/1367/1367
f 1357/1357/1357 1367/1367/1367 1361/1361/1361