# 3D Model: tree/gt_dragontree/tree_gt_dragontree_wc_43408118_0 (v6 Gemini)
# Style: dragon tree high candelabra rosettes | Symmetry: asymmetric
# Dimensions: 3.661 x 8.371 x 3.557 m
# Triangles: 4436 | Vertices: 2710
v 0.78 0 0
v 0.631 0 0.4585
v 0.241 0 0.7418
v -0.241 0 0.7418
v -0.631 0 0.4585
v -0.78 0 0
v -0.631 0 -0.4585
v -0.241 0 -0.7418
v 0.241 0 -0.7418
v 0.631 0 -0.4585
v 0.3 6.1127 0
v 0.2427 6.1127 0.1763
v 0.0927 6.1127 0.2853
v -0.0927 6.1127 0.2853
v -0.2427 6.1127 0.1763
v -0.3 6.1127 0
v -0.2427 6.1127 -0.1763
v -0.0927 6.1127 -0.2853
v 0.0927 6.1127 -0.2853
v 0.2427 6.1127 -0.1763
v 0 0 0
v 0 6.1127 0
v 0.85 0 0
v 0.6877 0 0.4996
v 0.2627 0 0.8084
v -0.2627 0 0.8084
v -0.6877 0 0.4996
v -0.85 0 0
v -0.6877 0 -0.4996
v -0.2627 0 -0.8084
v 0.2627 0 -0.8084
v 0.6877 0 -0.4996
v 0.612 0.55 0
v 0.4951 0.55 0.3597
v 0.1891 0.55 0.582
v -0.1891 0.55 0.582
v -0.4951 0.55 0.3597
v -0.612 0.55 0
v -0.4951 0.55 -0.3597
v -0.1891 0.55 -0.582
v 0.1891 0.55 -0.582
v 0.4951 0.55 -0.3597
v 0 0 0
v 0 0.55 0
v -0.0113 5.2805 -0.1295
v 0.0047 5.1895 -0.0927
v 0.0179 5.1517 -0.0016
v 0.0206 5.1895 0.0905
v 0.0113 5.2805 0.1295
v -0.0047 5.3715 0.0927
v -0.0179 5.4092 0.0016
v -0.0206 5.3715 -0.0905
v 0.6914 5.3784 -0.1542
v 0.7029 5.3129 -0.1277
v 0.7124 5.2857 -0.0621
v 0.7144 5.3129 0.0041
v 0.7076 5.3784 0.0322
v 0.6961 5.444 0.0057
v 0.6866 5.4711 -0.0599
v 0.6846 5.444 -0.1261
v 0 5.2805 0
v 0.6995 5.3784 -0.061
v 0.6925 5.3784 -0.1407
v 0.7398 5.3348 -0.1146
v 0.7567 5.324 -0.0481
v 0.7305 5.3542 0.0086
v 0.681 5.4026 0.013
v 0.6453 5.4328 -0.0384
v 0.6505 5.422 -0.1068
v 1.2607 5.9626 -0.1678
v 1.2947 5.9312 -0.149
v 1.3069 5.9235 -0.1011
v 1.288 5.9452 -0.0602
v 1.2524 5.9801 -0.0571
v 1.2267 6.0018 -0.0941
v 1.2304 5.994 -0.1433
v 0.6995 5.3784 -0.061
v 1.2657 5.9626 -0.1104
v 1.1717 5.8686 -0.2044
v 1.1717 5.8686 -0.0164
v 1.1717 6.0566 -0.2044
v 1.1717 6.0566 -0.0164
v 1.3597 5.8686 -0.2044
v 1.3597 5.8686 -0.0164
v 1.3597 6.0566 -0.2044
v 1.3597 6.0566 -0.0164
v 1.2657 5.9045 -0.2625
v 1.2657 5.9045 0.0417
v 1.2657 6.0207 -0.2625
v 1.2657 6.0207 0.0417
v 1.2076 5.8105 -0.1104
v 1.2076 6.1147 -0.1104
v 1.3238 5.8105 -0.1104
v 1.3238 6.1147 -0.1104
v 1.1136 5.9626 -0.1685
v 1.1136 5.9626 -0.0523
v 1.4178 5.9626 -0.1685
v 1.4178 5.9626 -0.0523
v 1.4275 6.4636 -0.0846
v 1.4275 6.4636 -0.0846
v 1.4275 6.4636 -0.0846
v 1.4275 6.4636 -0.0846
v 1.4275 6.4636 -0.0846
v 1.4275 6.4636 -0.0846
v 1.4275 6.4636 -0.0846
v 1.4275 6.4636 -0.0846
v 1.4275 6.4636 -0.0846
v 1.4275 6.4636 -0.0846
v 1.4275 6.4636 -0.0846
v 1.4732 6.4283 -0.0801
v 1.452 6.4218 -0.0149
v 1.4207 6.4192 0.0222
v 1.3913 6.4216 0.0172
v 1.3749 6.4279 -0.0282
v 1.3779 6.4359 -0.0966
v 1.3991 6.4424 -0.1618
v 1.4304 6.445 -0.1989
v 1.4599 6.4426 -0.1939
v 1.4762 6.4362 -0.1485
v 1.4732 6.4283 -0.0801
v 1.5082 6.3352 -0.0839
v 1.4691 6.3232 0.0366
v 1.4113 6.3185 0.1053
v 1.3569 6.3228 0.0959
v 1.3267 6.3346 0.0121
v 1.3322 6.3493 -0.1142
v 1.3713 6.3613 -0.2347
v 1.4292 6.3661 -0.3034
v 1.4836 6.3617 -0.294
v 1.5138 6.3499 -0.2102
v 1.5082 6.3352 -0.0839
v 1.5272 6.1986 -0.0952
v 1.4761 6.183 0.0622
v 1.4005 6.1768 0.1519
v 1.3294 6.1825 0.1397
v 1.29 6.1979 0.0301
v 1.2972 6.2171 -0.1349
v 1.3483 6.2328 -0.2923
v 1.4239 6.2389 -0.382
v 1.495 6.2332 -0.3698
v 1.5344 6.2179 -0.2602
v 1.5272 6.1986 -0.0952
v 1.5272 6.0393 -0.1125
v 1.4719 6.0224 0.0579
v 1.3901 6.0157 0.155
v 1.3132 6.0218 0.1418
v 1.2704 6.0385 0.0232
v 1.2783 6.0593 -0.1554
v 1.3336 6.0763 -0.3258
v 1.4154 6.083 -0.4229
v 1.4923 6.0768 -0.4096
v 1.535 6.0601 -0.291
v 1.5272 6.0393 -0.1125
v 1.5083 5.8815 -0.133
v 1.4571 5.8659 0.0245
v 1.3816 5.8597 0.1142
v 1.3105 5.8654 0.1019
v 1.2711 5.8808 -0.0076
v 1.2783 5.9 -0.1726
v 1.3294 5.9157 -0.33
v 1.405 5.9218 -0.4198
v 1.476 5.9161 -0.4075
v 1.5155 5.9008 -0.298
v 1.5083 5.8815 -0.133
v 1.4733 5.7493 -0.1536
v 1.4341 5.7373 -0.0331
v 1.3763 5.7326 0.0355
v 1.3219 5.7369 0.0262
v 1.2917 5.7487 -0.0577
v 1.2972 5.7634 -0.184
v 1.3364 5.7754 -0.3044
v 1.3942 5.7801 -0.3731
v 1.4486 5.7758 -0.3637
v 1.4788 5.764 -0.2799
v 1.4733 5.7493 -0.1536
v 1.4275 5.6627 -0.1713
v 1.4064 5.6562 -0.1061
v 1.3751 5.6537 -0.0689
v 1.3456 5.656 -0.074
v 1.3293 5.6624 -0.1193
v 1.3323 5.6704 -0.1877
v 1.3535 5.6769 -0.2529
v 1.3847 5.6794 -0.2901
v 1.4142 5.6771 -0.285
v 1.4305 5.6707 -0.2396
v 1.4275 5.6627 -0.1713
v 1.378 5.635 -0.1832
v 1.378 5.635 -0.1832
v 1.378 5.635 -0.1832
v 1.378 5.635 -0.1832
v 1.378 5.635 -0.1832
v 1.378 5.635 -0.1832
v 1.378 5.635 -0.1832
v 1.378 5.635 -0.1832
v 1.378 5.635 -0.1832
v 1.378 5.635 -0.1832
v 1.378 5.635 -0.1832
v 1.3716 6.459 0.0351
v 1.3716 6.459 0.0351
v 1.3716 6.459 0.0351
v 1.3716 6.459 0.0351
v 1.3716 6.459 0.0351
v 1.3716 6.459 0.0351
v 1.3716 6.459 0.0351
v 1.3716 6.459 0.0351
v 1.3716 6.459 0.0351
v 1.3716 6.459 0.0351
v 1.3716 6.459 0.0351
v 1.3735 6.4272 -0.0133
v 1.4378 6.4138 0.0073
v 1.4745 6.4058 0.0383
v 1.4694 6.4062 0.0678
v 1.4246 6.4149 0.0846
v 1.3571 6.4285 0.0823
v 1.2928 6.4418 0.0617
v 1.2561 6.4498 0.0307
v 1.2612 6.4494 0.0012
v 1.306 6.4408 -0.0156
v 1.3735 6.4272 -0.0133
v 1.3626 6.3378 -0.0556
v 1.4815 6.3131 -0.0176
v 1.5492 6.2983 0.0397
v 1.5398 6.2991 0.0943
v 1.457 6.3151 0.1253
v 1.3323 6.3402 0.121
v 1.2134 6.3649 0.0829
v 1.1457 6.3797 0.0257
v 1.1551 6.3789 -0.0289
v 1.2379 6.3629 -0.06
v 1.3626 6.3378 -0.0556
v 1.3405 6.2045 -0.0855
v 1.4958 6.1723 -0.0357
v 1.5843 6.153 0.0391
v 1.5721 6.1539 0.1104
v 1.4639 6.1748 0.151
v 1.301 6.2077 0.1453
v 1.1456 6.2399 0.0956
v 1.0572 6.2592 0.0208
v 1.0694 6.2583 -0.0505
v 1.1776 6.2374 -0.0911
v 1.3405 6.2045 -0.0855
v 1.3106 6.0476 -0.0982
v 1.4788 6.0127 -0.0444
v 1.5745 5.9918 0.0366
v 1.5613 5.9928 0.1138
v 1.4442 6.0155 0.1577
v 1.2678 6.051 0.1516
v 1.0997 6.0859 0.0977
v 1.004 6.1068 0.0168
v 1.0172 6.1058 -0.0604
v 1.1343 6.0832 -0.1043
v 1.3106 6.0476 -0.0982
v 1.2775 5.8909 -0.0919
v 1.4328 5.8587 -0.0422
v 1.5213 5.8394 0.0326
v 1.5091 5.8404 0.1039
v 1.4009 5.8613 0.1445
v 1.238 5.8941 0.1388
v 1.0826 5.9264 0.0891
v 0.9942 5.9457 0.0143
v 1.0064 5.9447 -0.057
v 1.1146 5.9238 -0.0976
v 1.2775 5.8909 -0.0919
v 1.2462 5.7584 -0.0676
v 1.365 5.7337 -0.0296
v 1.4327 5.7189 0.0277
v 1.4234 5.7197 0.0823
v 1.3406 5.7357 0.1133
v 1.2159 5.7608 0.109
v 1.097 5.7855 0.0709
v 1.0293 5.8003 0.0137
v 1.0387 5.7995 -0.0409
v 1.1215 5.7835 -0.072
v 1.2462 5.7584 -0.0676
v 1.2214 5.6702 -0.0289
v 1.2857 5.6568 -0.0083
v 1.3224 5.6488 0.0226
v 1.3173 5.6492 0.0522
v 1.2725 5.6579 0.069
v 1.205 5.6715 0.0666
v 1.1407 5.6848 0.046
v 1.104 5.6928 0.0151
v 1.1091 5.6924 -0.0145
v 1.1539 5.6838 -0.0313
v 1.2214 5.6702 -0.0289
v 1.2069 5.6396 0.0182
v 1.2069 5.6396 0.0182
v 1.2069 5.6396 0.0182
v 1.2069 5.6396 0.0182
v 1.2069 5.6396 0.0182
v 1.2069 5.6396 0.0182
v 1.2069 5.6396 0.0182
v 1.2069 5.6396 0.0182
v 1.2069 5.6396 0.0182
v 1.2069 5.6396 0.0182
v 1.2069 5.6396 0.0182
v 1.1702 6.4623 -0.1361
v 1.1702 6.4623 -0.1361
v 1.1702 6.4623 -0.1361
v 1.1702 6.4623 -0.1361
v 1.1702 6.4623 -0.1361
v 1.1702 6.4623 -0.1361
v 1.1702 6.4623 -0.1361
v 1.1702 6.4623 -0.1361
v 1.1702 6.4623 -0.1361
v 1.1702 6.4623 -0.1361
v 1.1702 6.4623 -0.1361
v 1.1194 6.4347 -0.1406
v 1.1393 6.4249 -0.2058
v 1.1698 6.4174 -0.243
v 1.1992 6.415 -0.2379
v 1.2164 6.4187 -0.1925
v 1.2147 6.427 -0.1242
v 1.1948 6.4368 -0.059
v 1.1644 6.4443 -0.0218
v 1.1349 6.4467 -0.0269
v 1.1178 6.443 -0.0723
v 1.1194 6.4347 -0.1406
v 1.07 6.3484 -0.1369
v 1.1068 6.3303 -0.2574
v 1.1631 6.3164 -0.326
v 1.2175 6.312 -0.3166
v 1.2492 6.3189 -0.2328
v 1.2461 6.3343 -0.1065
v 1.2093 6.3523 0.014
v 1.153 6.3662 0.0826
v 1.0986 6.3706 0.0733
v 1.0669 6.3638 -0.0106
v 1.07 6.3484 -0.1369
v 1.0296 6.2166 -0.1255
v 1.0776 6.1929 -0.2829
v 1.1511 6.1748 -0.3727
v 1.2222 6.1691 -0.3604
v 1.2636 6.178 -0.2509
v 1.2596 6.1981 -0.0859
v 1.2116 6.2218 0.0715
v 1.138 6.2399 0.1613
v 1.0669 6.2456 0.149
v 1.0255 6.2367 0.0395
v 1.0296 6.2166 -0.1255
v 1.0042 6.0593 -0.1083
v 1.0561 6.0337 -0.2787
v 1.1358 6.0141 -0.3758
v 1.2127 6.0079 -0.3625
v 1.2575 6.0176 -0.244
v 1.2531 6.0393 -0.0654
v 1.2012 6.0649 0.105
v 1.1215 6.0845 0.2021
v 1.0446 6.0907 0.1889
v 0.9998 6.0811 0.0703
v 1.0042 6.0593 -0.1083
v 0.9977 5.9005 -0.0878
v 1.0457 5.8769 -0.2452
v 1.1193 5.8587 -0.3349
v 1.1904 5.853 -0.3227
v 1.2318 5.862 -0.2131
v 1.2277 5.8821 -0.0481
v 1.1797 5.9057 0.1093
v 1.1061 5.9238 0.199
v 1.0351 5.9295 0.1868
v 0.9936 5.9206 0.0772
v 0.9977 5.9005 -0.0878
v 1.0112 5.7644 -0.0671
v 1.0479 5.7463 -0.1876
v 1.1043 5.7324 -0.2563
v 1.1587 5.728 -0.2469
v 1.1904 5.7349 -0.1631
v 1.1872 5.7503 -0.0368
v 1.1505 5.7683 0.0837
v 1.0942 5.7822 0.1524
v 1.0398 5.7866 0.143
v 1.0081 5.7798 0.0592
v 1.0112 5.7644 -0.0671
v 1.0426 5.6716 -0.0495
v 1.0624 5.6618 -0.1147
v 1.0929 5.6543 -0.1518
v 1.1224 5.652 -0.1468
v 1.1395 5.6556 -0.1014
v 1.1378 5.664 -0.0331
v 1.118 5.6738 0.0322
v 1.0875 5.6813 0.0693
v 1.058 5.6836 0.0642
v 1.0409 5.6799 0.0189
v 1.0426 5.6716 -0.0495
v 1.087 5.6364 -0.0375
v 1.087 5.6364 -0.0375
v 1.087 5.6364 -0.0375
v 1.087 5.6364 -0.0375
v 1.087 5.6364 -0.0375
v 1.087 5.6364 -0.0375
v 1.087 5.6364 -0.0375
v 1.087 5.6364 -0.0375
v 1.087 5.6364 -0.0375
v 1.087 5.6364 -0.0375
v 1.087 5.6364 -0.0375
v 1.2261 6.4669 -0.2559
v 1.2261 6.4669 -0.2559
v 1.2261 6.4669 -0.2559
v 1.2261 6.4669 -0.2559
v 1.2261 6.4669 -0.2559
v 1.2261 6.4669 -0.2559
v 1.2261 6.4669 -0.2559
v 1.2261 6.4669 -0.2559
v 1.2261 6.4669 -0.2559
v 1.2261 6.4669 -0.2559
v 1.2261 6.4669 -0.2559
v 1.2192 6.4358 -0.2075
v 1.1535 6.4328 -0.2281
v 1.1161 6.4308 -0.259
v 1.1211 6.4304 -0.2886
v 1.1668 6.4318 -0.3054
v 1.2356 6.4344 -0.303
v 1.3012 6.4374 -0.2824
v 1.3387 6.4394 -0.2514
v 1.3336 6.4398 -0.2219
v 1.288 6.4384 -0.2051
v 1.2192 6.4358 -0.2075
v 1.2157 6.3458 -0.1651
v 1.0944 6.3404 -0.2032
v 1.0252 6.3366 -0.2604
v 1.0346 6.3358 -0.315
v 1.1189 6.3384 -0.346
v 1.246 6.3434 -0.3417
v 1.3673 6.3488 -0.3036
v 1.4365 6.3526 -0.2464
v 1.4271 6.3533 -0.1918
v 1.3428 6.3507 -0.1608
v 1.2157 6.3458 -0.1651
v 1.2163 6.2107 -0.1353
v 1.0578 6.2036 -0.185
v 0.9674 6.1986 -0.2598
v 0.9796 6.1977 -0.3311
v 1.0897 6.2011 -0.3717
v 1.2558 6.2075 -0.366
v 1.4143 6.2146 -0.3163
v 1.5047 6.2196 -0.2415
v 1.4925 6.2206 -0.1702
v 1.3823 6.2172 -0.1296
v 1.2163 6.2107 -0.1353
v 1.2208 6.051 -0.1225
v 1.0492 6.0434 -0.1764
v 0.9513 6.038 -0.2573
v 0.9646 6.0369 -0.3345
v 1.0838 6.0406 -0.3784
v 1.2635 6.0476 -0.3723
v 1.4351 6.0553 -0.3185
v 1.5329 6.0607 -0.2375
v 1.5197 6.0617 -0.1603
v 1.4005 6.058 -0.1164
v 1.2208 6.051 -0.1225
v 1.2285 5.8911 -0.1288
v 1.07 5.884 -0.1785
v 0.9796 5.879 -0.2533
v 0.9918 5.8781 -0.3246
v 1.102 5.8815 -0.3652
v 1.268 5.8879 -0.3595
v 1.4265 5.895 -0.3098
v 1.5169 5.9 -0.235
v 1.5047 5.901 -0.1637
v 1.3945 5.8976 -0.1231
v 1.2285 5.8911 -0.1288
v 1.2383 5.7553 -0.1531
v 1.117 5.7498 -0.1912
v 1.0478 5.746 -0.2484
v 1.0572 5.7453 -0.303
v 1.1415 5.7479 -0.3341
v 1.2686 5.7528 -0.3297
v 1.3899 5.7583 -0.2917
v 1.4591 5.7621 -0.2344
v 1.4497 5.7628 -0.1798
v 1.3654 5.7602 -0.1488
v 1.2383 5.7553 -0.1531
v 1.2487 5.6642 -0.1918
v 1.1831 5.6613 -0.2124
v 1.1456 5.6592 -0.2434
v 1.1507 5.6588 -0.2729
v 1.1963 5.6602 -0.2897
v 1.2651 5.6629 -0.2874
v 1.3308 5.6658 -0.2668
v 1.3682 5.6679 -0.2358
v 1.3631 5.6683 -0.2063
v 1.3175 5.6669 -0.1895
v 1.2487 5.6642 -0.1918
v 1.2581 5.6317 -0.2389
v 1.2581 5.6317 -0.2389
v 1.2581 5.6317 -0.2389
v 1.2581 5.6317 -0.2389
v 1.2581 5.6317 -0.2389
v 1.2581 5.6317 -0.2389
v 1.2581 5.6317 -0.2389
v 1.2581 5.6317 -0.2389
v 1.2581 5.6317 -0.2389
v 1.2581 5.6317 -0.2389
v 1.2581 5.6317 -0.2389
v 0.1265 5.7641 -0.0299
v 0.0961 5.6768 0.0069
v 0.0094 5.6406 0.0396
v -0.0828 5.6768 0.0492
v -0.1265 5.7641 0.0299
v -0.0961 5.8514 -0.0069
v -0.0094 5.8875 -0.0396
v 0.0828 5.8514 -0.0492
v 0.2532 5.9969 0.6651
v 0.2313 5.934 0.6916
v 0.1688 5.908 0.7152
v 0.1024 5.934 0.722
v 0.071 5.9969 0.7081
v 0.0929 6.0597 0.6817
v 0.1554 6.0858 0.6581
v 0.2217 6.0597 0.6512
v 0 5.7641 0
v 0.1621 5.9969 0.6866
v 0.24 5.9969 0.6683
v 0.2204 5.9508 0.7164
v 0.1569 5.9395 0.7421
v 0.0973 5.9713 0.7261
v 0.0865 6.0224 0.6803
v 0.1326 6.0543 0.6393
v 0.2009 6.0429 0.634
v 0.3763 6.6303 1.3435
v 0.3622 6.5971 1.3781
v 0.3165 6.589 1.3967
v 0.2737 6.6119 1.3851
v 0.2659 6.6487 1.3522
v 0.2991 6.6716 1.3226
v 0.3482 6.6634 1.3188
v 0.1621 5.9969 0.6866
v 0.3203 6.6303 1.3567
v 0.2203 6.5303 1.2567
v 0.2203 6.5303 1.4567
v 0.2203 6.7303 1.2567
v 0.2203 6.7303 1.4567
v 0.4203 6.5303 1.2567
v 0.4203 6.5303 1.4567
v 0.4203 6.7303 1.2567
v 0.4203 6.7303 1.4567
v 0.3203 6.5685 1.1949
v 0.3203 6.5685 1.5185
v 0.3203 6.6921 1.1949
v 0.3203 6.6921 1.5185
v 0.2585 6.4685 1.3567
v 0.2585 6.7921 1.3567
v 0.3821 6.4685 1.3567
v 0.3821 6.7921 1.3567
v 0.1585 6.6303 1.2949
v 0.1585 6.6303 1.4185
v 0.4821 6.6303 1.2949
v 0.4821 6.6303 1.4185
v 0.4315 7.0408 1.5102
v 0.4315 7.0408 1.5102
v 0.4315 7.0408 1.5102
v 0.4315 7.0408 1.5102
v 0.4315 7.0408 1.5102
v 0.4315 7.0408 1.5102
v 0.4315 7.0408 1.5102
v 0.4315 7.0408 1.5102
v 0.4315 7.0408 1.5102
v 0.4315 7.0408 1.5102
v 0.4315 7.0408 1.5102
v 0.4395 7.014 1.4676
v 0.5198 6.9969 1.502
v 0.5644 6.9867 1.5392
v 0.5563 6.9874 1.5649
v 0.4986 6.9986 1.5695
v 0.4133 7.0161 1.551
v 0.3331 7.0331 1.5166
v 0.2885 7.0433 1.4794
v 0.2966 7.0426 1.4536
v 0.3543 7.0314 1.4491
v 0.4395 7.014 1.4676
v 0.4362 6.9396 1.4295
v 0.5844 6.9081 1.4931
v 0.6668 6.8893 1.5618
v 0.6519 6.8905 1.6094
v 0.5452 6.9112 1.6178
v 0.3877 6.9435 1.5837
v 0.2395 6.975 1.5201
v 0.1571 6.9938 1.4513
v 0.1721 6.9926 1.4037
v 0.2787 6.9719 1.3954
v 0.4362 6.9396 1.4295
v 0.422 6.8291 1.4018
v 0.6157 6.7879 1.4849
v 0.7233 6.7634 1.5747
v 0.7037 6.765 1.637
v 0.5645 6.792 1.6479
v 0.3586 6.8342 1.6033
v 0.1649 6.8754 1.5202
v 0.0573 6.8999 1.4304
v 0.0769 6.8983 1.3681
v 0.2161 6.8713 1.3572
v 0.422 6.8291 1.4018
v 0.399 6.6992 1.3888
v 0.6087 6.6546 1.4787
v 0.7252 6.6281 1.5759
v 0.704 6.6298 1.6433
v 0.5533 6.6591 1.6551
v 0.3305 6.7047 1.6068
v 0.1208 6.7493 1.5169
v 0.0043 6.7758 1.4197
v 0.0255 6.7741 1.3523
v 0.1763 6.7449 1.3405
v 0.399 6.6992 1.3888
v 0.3709 6.5698 1.3923
v 0.5646 6.5285 1.4754
v 0.6722 6.504 1.5652
v 0.6527 6.5056 1.6274
v 0.5134 6.5326 1.6383
v 0.3076 6.5748 1.5937
v 0.1138 6.616 1.5107
v 0.0062 6.6405 1.4209
v 0.0258 6.639 1.3586
v 0.1651 6.6119 1.3477
v 0.3709 6.5698 1.3923
v 0.3418 6.4604 1.4119
v 0.4901 6.4289 1.4755
v 0.5724 6.4101 1.5442
v 0.5575 6.4113 1.5919
v 0.4509 6.432 1.6002
v 0.2933 6.4643 1.5661
v 0.1451 6.4958 1.5025
v 0.0627 6.5146 1.4337
v 0.0777 6.5134 1.3861
v 0.1843 6.4927 1.3778
v 0.3418 6.4604 1.4119
v 0.3162 6.3879 1.4446
v 0.3964 6.3708 1.479
v 0.441 6.3606 1.5162
v 0.4329 6.3613 1.542
v 0.3752 6.3725 1.5465
v 0.29 6.39 1.528
v 0.2097 6.407 1.4936
v 0.1652 6.4172 1.4564
v 0.1733 6.4165 1.4306
v 0.231 6.4053 1.4261
v 0.3162 6.3879 1.4446
v 0.298 6.3631 1.4853
v 0.298 6.3631 1.4853
v 0.298 6.3631 1.4853
v 0.298 6.3631 1.4853
v 0.298 6.3631 1.4853
v 0.298 6.3631 1.4853
v 0.298 6.3631 1.4853
v 0.298 6.3631 1.4853
v 0.298 6.3631 1.4853
v 0.298 6.3631 1.4853
v 0.298 6.3631 1.4853
v 0.219 7.043 1.3617
v 0.219 7.043 1.3617
v 0.219 7.043 1.3617
v 0.219 7.043 1.3617
v 0.219 7.043 1.3617
v 0.219 7.043 1.3617
v 0.219 7.043 1.3617
v 0.219 7.043 1.3617
v 0.219 7.043 1.3617
v 0.219 7.043 1.3617
v 0.219 7.043 1.3617
v 0.1744 7.0203 1.3516
v 0.2079 7.007 1.2702
v 0.2444 6.9975 1.225
v 0.2701 6.9955 1.2331
v 0.2751 7.0016 1.2915
v 0.2576 7.0137 1.3779
v 0.2241 7.027 1.4592
v 0.1876 7.0365 1.5045
v 0.1619 7.0386 1.4964
v 0.1568 7.0324 1.438
v 0.1744 7.0203 1.3516
v 0.1305 6.9492 1.349
v 0.1923 6.9246 1.1987
v 0.2599 6.9071 1.1151
v 0.3074 6.9033 1.1301
v 0.3167 6.9147 1.238
v 0.2842 6.9369 1.3976
v 0.2224 6.9615 1.5479
v 0.1548 6.9791 1.6315
v 0.1073 6.9829 1.6165
v 0.0981 6.9715 1.5086
v 0.1305 6.9492 1.349
v 0.094 6.8405 1.3543
v 0.1748 6.8084 1.1579
v 0.2631 6.7854 1.0487
v 0.3251 6.7804 1.0683
v 0.3372 6.7953 1.2093
v 0.2948 6.8244 1.4178
v 0.2141 6.8566 1.6142
v 0.1258 6.8795 1.7235
v 0.0638 6.8845 1.7039
v 0.0516 6.8696 1.5629
v 0.094 6.8405 1.3543
v 0.0705 6.7107 1.3668
v 0.158 6.6759 1.1542
v 0.2535 6.651 1.036
v 0.3206 6.6456 1.0572
v 0.3338 6.6618 1.2099
v 0.2879 6.6932 1.4356
v 0.2005 6.7281 1.6481
v 0.1049 6.7529 1.7664
v 0.0378 6.7583 1.7451
v 0.0246 6.7421 1.5925
v 0.0705 6.7107 1.3668
v 0.0636 6.5795 1.3845
v 0.1443 6.5474 1.1881
v 0.2326 6.5244 1.0789
v 0.2946 6.5194 1.0985
v 0.3068 6.5343 1.2395
v 0.2644 6.5634 1.448
v 0.1836 6.5956 1.6444
v 0.0953 6.6185 1.7537
v 0.0333 6.6235 1.7341
v 0.0212 6.6086 1.5931
v 0.0636 6.5795 1.3845
v 0.0742 6.467 1.4048
v 0.136 6.4424 1.2545
v 0.2036 6.4248 1.1709
v 0.2511 6.421 1.1859
v 0.2603 6.4324 1.2938
v 0.2279 6.4547 1.4534
v 0.1661 6.4793 1.6037
v 0.0985 6.4968 1.6873
v 0.051 6.5007 1.6723
v 0.0417 6.4892 1.5644
v 0.0742 6.467 1.4048
v 0.1008 6.3902 1.4245
v 0.1343 6.3769 1.3431
v 0.1708 6.3674 1.2979
v 0.1965 6.3654 1.306
v 0.2016 6.3715 1.3644
v 0.184 6.3836 1.4508
v 0.1505 6.3969 1.5321
v 0.114 6.4064 1.5774
v 0.0883 6.4085 1.5693
v 0.0833 6.4023 1.5109
v 0.1008 6.3902 1.4245
v 0.1394 6.361 1.4406
v 0.1394 6.361 1.4406
v 0.1394 6.361 1.4406
v 0.1394 6.361 1.4406
v 0.1394 6.361 1.4406
v 0.1394 6.361 1.4406
v 0.1394 6.361 1.4406
v 0.1394 6.361 1.4406
v 0.1394 6.361 1.4406
v 0.1394 6.361 1.4406
v 0.1394 6.361 1.4406
v 0.2639 7.0471 1.2032
v 0.2639 7.0471 1.2032
v 0.2639 7.0471 1.2032
v 0.2639 7.0471 1.2032
v 0.2639 7.0471 1.2032
v 0.2639 7.0471 1.2032
v 0.2639 7.0471 1.2032
v 0.2639 7.0471 1.2032
v 0.2639 7.0471 1.2032
v 0.2639 7.0471 1.2032
v 0.2639 7.0471 1.2032
v 0.2517 7.0219 1.2459
v 0.1697 7.0178 1.2114
v 0.1241 7.0149 1.1742
v 0.1322 7.0143 1.1485
v 0.191 7.0161 1.1439
v 0.2779 7.0198 1.1624
v 0.3598 7.0239 1.1968
v 0.4055 7.0268 1.234
v 0.3974 7.0274 1.2598
v 0.3386 7.0256 1.2643
v 0.2517 7.0219 1.2459
v 0.2431 6.948 1.2839
v 0.0917 6.9404 1.2203
v 0.0074 6.9351 1.1516
v 0.0224 6.9339 1.104
v 0.1309 6.9373 1.0956
v 0.2916 6.9441 1.1298
v 0.443 6.9516 1.1933
v 0.5273 6.957 1.2621
v 0.5123 6.9582 1.3097
v 0.4038 6.9547 1.3181
v 0.2431 6.948 1.2839
v 0.2396 6.8366 1.3116
v 0.0418 6.8268 1.2285
v -0.0684 6.8197 1.1387
v -0.0488 6.8182 1.0765
v 0.093 6.8227 1.0656
v 0.3029 6.8315 1.1102
v 0.5007 6.8413 1.1932
v 0.6109 6.8484 1.283
v 0.5913 6.8499 1.3453
v 0.4495 6.8454 1.3562
v 0.2396 6.8366 1.3116
v 0.2415 6.7047 1.3246
v 0.0274 6.6941 1.2347
v -0.0918 6.6865 1.1375
v -0.0706 6.6848 1.0701
v 0.0829 6.6896 1.0583
v 0.3101 6.6992 1.1066
v 0.5242 6.7098 1.1965
v 0.6434 6.7175 1.2937
v 0.6222 6.7192 1.3611
v 0.4687 6.7143 1.3729
v 0.2415 6.7047 1.3246
v 0.2487 6.5724 1.3211
v 0.0509 6.5626 1.238
v -0.0593 6.5556 1.1482
v -0.0397 6.554 1.086
v 0.1021 6.5585 1.0751
v 0.312 6.5673 1.1197
v 0.5098 6.5772 1.2028
v 0.62 6.5842 1.2926
v 0.6004 6.5858 1.3548
v 0.4586 6.5813 1.3657
v 0.2487 6.5724 1.3211
v 0.26 6.4598 1.3015
v 0.1086 6.4523 1.2379
v 0.0243 6.4469 1.1692
v 0.0393 6.4457 1.1216
v 0.1478 6.4492 1.1132
v 0.3084 6.456 1.1473
v 0.4598 6.4635 1.2109
v 0.5442 6.4689 1.2797
v 0.5292 6.4701 1.3273
v 0.4206 6.4666 1.3356
v 0.26 6.4598 1.3015
v 0.2737 6.3841 1.2688
v 0.1918 6.3801 1.2344
v 0.1461 6.3771 1.1972
v 0.1542 6.3765 1.1715
v 0.213 6.3784 1.1669
v 0.2999 6.382 1.1854
v 0.3818 6.3861 1.2198
v 0.4275 6.389 1.257
v 0.4194 6.3897 1.2828
v 0.3606 6.3878 1.2873
v 0.2737 6.3841 1.2688
v 0.2877 6.3568 1.2281
v 0.2877 6.3568 1.2281
v 0.2877 6.3568 1.2281
v 0.2877 6.3568 1.2281
v 0.2877 6.3568 1.2281
v 0.2877 6.3568 1.2281
v 0.2877 6.3568 1.2281
v 0.2877 6.3568 1.2281
v 0.2877 6.3568 1.2281
v 0.2877 6.3568 1.2281
v 0.2877 6.3568 1.2281
v 0.4764 7.045 1.3517
v 0.4764 7.045 1.3517
v 0.4764 7.045 1.3517
v 0.4764 7.045 1.3517
v 0.4764 7.045 1.3517
v 0.4764 7.045 1.3517
v 0.4764 7.045 1.3517
v 0.4764 7.045 1.3517
v 0.4764 7.045 1.3517
v 0.4764 7.045 1.3517
v 0.4764 7.045 1.3517
v 0.5168 7.0155 1.3618
v 0.4817 7.0077 1.4432
v 0.4441 7.0041 1.4884
v 0.4184 7.0062 1.4803
v 0.4144 7.0131 1.4219
v 0.4336 7.0222 1.3355
v 0.4688 7.03 1.2542
v 0.5064 7.0336 1.2089
v 0.5321 7.0315 1.2171
v 0.5361 7.0246 1.2755
v 0.5168 7.0155 1.3618
v 0.5488 6.9383 1.3644
v 0.4839 6.9239 1.5147
v 0.4144 6.9173 1.5984
v 0.3669 6.9211 1.5833
v 0.3595 6.9339 1.4754
v 0.3951 6.9507 1.3158
v 0.4601 6.9651 1.1655
v 0.5296 6.9717 1.0819
v 0.577 6.9679 1.0969
v 0.5844 6.9551 1.2048
v 0.5488 6.9383 1.3644
v 0.5675 6.8252 1.3591
v 0.4826 6.8063 1.5555
v 0.3919 6.7977 1.6647
v 0.3298 6.8027 1.6451
v 0.3202 6.8193 1.5041
v 0.3667 6.8413 1.2956
v 0.4516 6.8601 1.0992
v 0.5423 6.8687 0.9899
v 0.6044 6.8638 1.0096
v 0.614 6.8471 1.1506
v 0.5675 6.8252 1.3591
v 0.57 6.6932 1.3466
v 0.4782 6.6728 1.5592
v 0.3799 6.6635 1.6774
v 0.3127 6.6689 1.6562
v 0.3024 6.6869 1.5036
v 0.3527 6.7107 1.2779
v 0.4445 6.7311 1.0653
v 0.5428 6.7404 0.947
v 0.61 6.735 0.9683
v 0.6203 6.717 1.1209
v 0.57 6.6932 1.3466
v 0.556 6.5627 1.3289
v 0.4711 6.5438 1.5253
v 0.3804 6.5352 1.6345
v 0.3183 6.5402 1.6149
v 0.3087 6.5568 1.4739
v 0.3552 6.5787 1.2654
v 0.4401 6.5976 1.069
v 0.5308 6.6062 0.9597
v 0.5929 6.6012 0.9794
v 0.6025 6.5846 1.1204
v 0.556 6.5627 1.3289
v 0.5276 6.4533 1.3086
v 0.4626 6.4388 1.4589
v 0.3931 6.4322 1.5426
v 0.3457 6.436 1.5275
v 0.3383 6.4488 1.4196
v 0.3739 6.4656 1.26
v 0.4388 6.48 1.1097
v 0.5083 6.4866 1.0261
v 0.5558 6.4828 1.0411
v 0.5632 6.4701 1.149
v 0.5276 6.4533 1.3086
v 0.4891 6.3817 1.2889
v 0.4539 6.3739 1.3703
v 0.4163 6.3704 1.4155
v 0.3906 6.3724 1.4074
v 0.3866 6.3793 1.349
v 0.4059 6.3884 1.2626
v 0.441 6.3962 1.1813
v 0.4786 6.3998 1.136
v 0.5043 6.3977 1.1441
v 0.5083 6.3908 1.2026
v 0.4891 6.3817 1.2889
v 0.4463 6.359 1.2728
v 0.4463 6.359 1.2728
v 0.4463 6.359 1.2728
v 0.4463 6.359 1.2728
v 0.4463 6.359 1.2728
v 0.4463 6.359 1.2728
v 0.4463 6.359 1.2728
v 0.4463 6.359 1.2728
v 0.4463 6.359 1.2728
v 0.4463 6.359 1.2728
v 0.4463 6.359 1.2728
v 0.0867 5.4094 0.0969
v 0.0496 5.3189 0.079
v -0.0165 5.2814 0.0148
v -0.073 5.3189 -0.058
v -0.0867 5.4094 -0.0969
v -0.0496 5.5 -0.079
v 0.0165 5.5375 -0.0148
v 0.073 5.5 0.058
v -0.4792 5.5355 0.5546
v -0.5059 5.4703 0.5417
v -0.5536 5.4433 0.4956
v -0.5942 5.4703 0.4431
v -0.6041 5.5355 0.4152
v -0.5774 5.6007 0.428
v -0.5297 5.6277 0.4742
v -0.4891 5.6007 0.5267
v 0 5.4094 0
v -0.5417 5.5355 0.4849
v -0.4883 5.5355 0.5445
v -0.549 5.5048 0.5584
v -0.6041 5.4972 0.5169
v -0.6123 5.5185 0.4514
v -0.5672 5.5526 0.411
v -0.5029 5.5738 0.4263
v -0.4678 5.5662 0.4857
v -0.8943 6.4668 0.8779
v -0.938 6.4447 0.8879
v -0.9777 6.4392 0.858
v -0.9835 6.4545 0.8108
v -0.9511 6.4791 0.7818
v -0.9048 6.4944 0.7928
v -0.8795 6.4889 0.8356
v -0.5417 5.5355 0.4849
v -0.9327 6.4668 0.835
v -1.0332 6.3663 0.7345
v -1.0332 6.3663 0.9354
v -1.0332 6.5673 0.7345
v -1.0332 6.5673 0.9354
v -0.8322 6.3663 0.7345
v -0.8322 6.3663 0.9354
v -0.8322 6.5673 0.7345
v -0.8322 6.5673 0.9354
v -0.9327 6.4047 0.6724
v -0.9327 6.4047 0.9975
v -0.9327 6.5289 0.6724
v -0.9327 6.5289 0.9975
v -0.9948 6.3042 0.835
v -0.9948 6.6294 0.835
v -0.8706 6.3042 0.835
v -0.8706 6.6294 0.835
v -1.0953 6.4668 0.7729
v -1.0953 6.4668 0.8971
v -0.7702 6.4668 0.7729
v -0.7702 6.4668 0.8971
v -0.974 6.9608 0.9007
v -0.974 6.9608 0.9007
v -0.974 6.9608 0.9007
v -0.974 6.9608 0.9007
v -0.974 6.9608 0.9007
v -0.974 6.9608 0.9007
v -0.974 6.9608 0.9007
v -0.974 6.9608 0.9007
v -0.974 6.9608 0.9007
v -0.974 6.9608 0.9007
v -0.974 6.9608 0.9007
v -1.0116 6.9324 0.8727
v -0.9566 6.9192 0.8259
v -0.9102 6.9101 0.8087
v -0.8901 6.9085 0.8277
v -0.9039 6.915 0.8757
v -0.9465 6.9272 0.9342
v -1.0016 6.9403 0.9811
v -1.048 6.9495 0.9983
v -1.0681 6.9511 0.9793
v -1.0542 6.9445 0.9313
v -1.0116 6.9324 0.8727
v -1.0537 6.8462 0.8545
v -0.952 6.8218 0.768
v -0.8662 6.8049 0.7362
v -0.8291 6.802 0.7713
v -0.8548 6.814 0.8599
v -0.9335 6.8365 0.9682
v -1.0351 6.8608 1.0547
v -1.1209 6.8777 1.0864
v -1.1581 6.8807 1.0513
v -1.1324 6.8686 0.9627
v -1.0537 6.8462 0.8545
v -1.0938 6.7153 0.8488
v -0.961 6.6835 0.7358
v -0.8489 6.6614 0.6943
v -0.8004 6.6575 0.7402
v -0.8339 6.6733 0.8559
v -0.9367 6.7027 0.9973
v -1.0696 6.7345 1.1104
v -1.1817 6.7565 1.1519
v -1.2302 6.7604 1.106
v -1.1966 6.7447 0.9902
v -1.0938 6.7153 0.8488
v -1.1259 6.5597 0.8565
v -0.9821 6.5253 0.7342
v -0.8608 6.5014 0.6892
v -0.8082 6.4972 0.7389
v -0.8446 6.5142 0.8642
v -0.9559 6.5461 1.0173
v -1.0996 6.5805 1.1396
v -1.221 6.6043 1.1845
v -1.2735 6.6086 1.1349
v -1.2372 6.5915 1.0096
v -1.1259 6.5597 0.8565
v -1.145 6.403 0.8765
v -1.0122 6.3712 0.7634
v -0.9001 6.3492 0.7219
v -0.8515 6.3453 0.7678
v -0.8851 6.3611 0.8836
v -0.9879 6.3905 1.025
v -1.1208 6.4222 1.138
v -1.2328 6.4443 1.1795
v -1.2814 6.4482 1.1336
v -1.2478 6.4324 1.0179
v -1.145 6.403 0.8765
v -1.1483 6.2692 0.9056
v -1.0466 6.2449 0.8191
v -0.9608 6.228 0.7873
v -0.9237 6.225 0.8225
v -0.9494 6.2371 0.9111
v -1.0281 6.2596 1.0193
v -1.1297 6.2839 1.1058
v -1.2155 6.3008 1.1376
v -1.2527 6.3038 1.1025
v -1.227 6.2917 1.0139
v -1.1483 6.2692 0.9056
v -1.1352 6.1786 0.9395
v -1.0802 6.1654 0.8927
v -1.0337 6.1563 0.8755
v -1.0136 6.1547 0.8945
v -1.0275 6.1612 0.9425
v -1.0701 6.1734 1.0011
v -1.1252 6.1865 1.0479
v -1.1716 6.1957 1.0651
v -1.1917 6.1973 1.0461
v -1.1778 6.1907 0.9981
v -1.1352 6.1786 0.9395
v -1.1078 6.1449 0.973
v -1.1078 6.1449 0.973
v -1.1078 6.1449 0.973
v -1.1078 6.1449 0.973
v -1.1078 6.1449 0.973
v -1.1078 6.1449 0.973
v -1.1078 6.1449 0.973
v -1.1078 6.1449 0.973
v -1.1078 6.1449 0.973
v -1.1078 6.1449 0.973
v -1.1078 6.1449 0.973
v -1.0378 6.9664 0.6927
v -1.0378 6.9664 0.6927
v -1.0378 6.9664 0.6927
v -1.0378 6.9664 0.6927
v -1.0378 6.9664 0.6927
v -1.0378 6.9664 0.6927
v -1.0378 6.9664 0.6927
v -1.0378 6.9664 0.6927
v -1.0378 6.9664 0.6927
v -1.0378 6.9664 0.6927
v -1.0378 6.9664 0.6927
v -1.0682 6.9374 0.728
v -1.1155 6.9324 0.6721
v -1.1331 6.9284 0.6251
v -1.1142 6.9269 0.6049
v -1.0659 6.9285 0.6193
v -1.0069 6.9325 0.6627
v -0.9595 6.9375 0.7186
v -0.9419 6.9415 0.7656
v -0.9609 6.943 0.7858
v -1.0091 6.9414 0.7714
v -1.0682 6.9374 0.728
v -1.0935 6.8498 0.763
v -1.181 6.8407 0.6597
v -1.2135 6.8333 0.5729
v -1.1785 6.8305 0.5356
v -1.0894 6.8333 0.5622
v -0.9802 6.8408 0.6424
v -0.8927 6.8499 0.7457
v -0.8602 6.8573 0.8326
v -0.8952 6.8601 0.8698
v -0.9843 6.8573 0.8433
v -1.0935 6.8498 0.763
v -1.1098 6.7171 0.7926
v -1.2242 6.7051 0.6576
v -1.2666 6.6954 0.5441
v -1.2209 6.6918 0.4954
v -1.1045 6.6955 0.5301
v -0.9618 6.7052 0.635
v -0.8474 6.7172 0.7699
v -0.805 6.7268 0.8834
v -0.8508 6.7305 0.9321
v -0.9672 6.7268 0.8974
v -1.1098 6.7171 0.7926
v -1.1148 6.5593 0.8121
v -1.2385 6.5463 0.666
v -1.2844 6.5359 0.5432
v -1.2349 6.5319 0.4905
v -1.1089 6.5359 0.528
v -0.9545 6.5464 0.6415
v -0.8307 6.5594 0.7876
v -0.7848 6.5699 0.9104
v -0.8343 6.5738 0.9631
v -0.9604 6.5698 0.9256
v -1.1148 6.5593 0.8121
v -1.1075 6.4005 0.8186
v -1.2218 6.3886 0.6837
v -1.2642 6.3789 0.5702
v -1.2185 6.3752 0.5215
v -1.1021 6.379 0.5562
v -0.9594 6.3887 0.6611
v -0.8451 6.4006 0.796
v -0.8027 6.4103 0.9095
v -0.8484 6.414 0.9582
v -0.9648 6.4102 0.9235
v -1.1075 6.4005 0.8186
v -1.0891 6.265 0.8112
v -1.1766 6.2558 0.7079
v -1.2091 6.2484 0.6211
v -1.1741 6.2456 0.5838
v -1.085 6.2485 0.6104
v -0.9758 6.2559 0.6906
v -0.8883 6.2651 0.7939
v -0.8558 6.2725 0.8807
v -0.8908 6.2753 0.918
v -0.9799 6.2724 0.8915
v -1.0891 6.265 0.8112
v -1.0624 6.1732 0.7909
v -1.1098 6.1683 0.735
v -1.1274 6.1643 0.688
v -1.1084 6.1628 0.6678
v -1.0602 6.1643 0.6822
v -1.0011 6.1683 0.7257
v -0.9537 6.1733 0.7815
v -0.9362 6.1773 0.8286
v -0.9551 6.1788 0.8487
v -1.0033 6.1773 0.8344
v -1.0624 6.1732 0.7909
v -1.0315 6.1393 0.7609
v -1.0315 6.1393 0.7609
v -1.0315 6.1393 0.7609
v -1.0315 6.1393 0.7609
v -1.0315 6.1393 0.7609
v -1.0315 6.1393 0.7609
v -1.0315 6.1393 0.7609
v -1.0315 6.1393 0.7609
v -1.0315 6.1393 0.7609
v -1.0315 6.1393 0.7609
v -1.0315 6.1393 0.7609
v -0.8256 6.9663 0.7692
v -0.8256 6.9663 0.7692
v -0.8256 6.9663 0.7692
v -0.8256 6.9663 0.7692
v -0.8256 6.9663 0.7692
v -0.8256 6.9663 0.7692
v -0.8256 6.9663 0.7692
v -0.8256 6.9663 0.7692
v -0.8256 6.9663 0.7692
v -0.8256 6.9663 0.7692
v -0.8256 6.9663 0.7692
v -0.793 6.9322 0.7972
v -0.8494 6.928 0.844
v -0.8967 6.9263 0.8612
v -0.9168 6.9279 0.8422
v -0.902 6.9322 0.7943
v -0.858 6.9374 0.7357
v -0.8016 6.9416 0.6889
v -0.7543 6.9433 0.6717
v -0.7342 6.9417 0.6907
v -0.749 6.9374 0.7386
v -0.793 6.9322 0.7972
v -0.7652 6.8404 0.8154
v -0.8694 6.8325 0.902
v -0.9568 6.8295 0.9337
v -0.994 6.8325 0.8986
v -0.9667 6.8403 0.81
v -0.8854 6.85 0.7018
v -0.7812 6.8578 0.6153
v -0.6938 6.8608 0.5835
v -0.6566 6.8579 0.6186
v -0.6839 6.85 0.7072
v -0.7652 6.8404 0.8154
v -0.7464 6.7048 0.8211
v -0.8826 6.6945 0.9342
v -0.9968 6.6906 0.9757
v -1.0453 6.6945 0.9298
v -1.0097 6.7047 0.814
v -0.9035 6.7174 0.6726
v -0.7673 6.7276 0.5596
v -0.6531 6.7315 0.5181
v -0.6046 6.7276 0.564
v -0.6402 6.7174 0.6797
v -0.7464 6.7048 0.8211
v -0.7395 6.5461 0.8134
v -0.887 6.535 0.9358
v -1.0105 6.5307 0.9807
v -1.0631 6.535 0.931
v -1.0245 6.546 0.8057
v -0.9096 6.5597 0.6527
v -0.7622 6.5708 0.5303
v -0.6386 6.575 0.4854
v -0.586 6.5708 0.5351
v -0.6246 6.5597 0.6604
v -0.7395 6.5461 0.8134
v -0.7456 6.3884 0.7935
v -0.8818 6.3781 0.9065
v -0.996 6.3742 0.948
v -1.0445 6.3781 0.9021
v -1.0089 6.3883 0.7864
v -0.9027 6.401 0.645
v -0.7665 6.4112 0.5319
v -0.6523 6.4151 0.4904
v -0.6038 6.4112 0.5363
v -0.6394 6.401 0.6521
v -0.7456 6.3884 0.7935
v -0.7637 6.2557 0.7643
v -0.868 6.2479 0.8508
v -0.9553 6.2449 0.8826
v -0.9925 6.2479 0.8475
v -0.9652 6.2557 0.7589
v -0.8839 6.2654 0.6506
v -0.7797 6.2732 0.5641
v -0.6923 6.2762 0.5324
v -0.6552 6.2732 0.5675
v -0.6824 6.2654 0.6561
v -0.7637 6.2557 0.7643
v -0.7911 6.1683 0.7304
v -0.8475 6.1641 0.7772
v -0.8948 6.1625 0.7944
v -0.9149 6.1641 0.7754
v -0.9001 6.1683 0.7275
v -0.8561 6.1735 0.6689
v -0.7997 6.1778 0.6221
v -0.7524 6.1794 0.6049
v -0.7323 6.1778 0.6239
v -0.7471 6.1736 0.6718
v -0.7911 6.1683 0.7304
v -0.8235 6.1395 0.6969
v -0.8235 6.1395 0.6969
v -0.8235 6.1395 0.6969
v -0.8235 6.1395 0.6969
v -0.8235 6.1395 0.6969
v -0.8235 6.1395 0.6969
v -0.8235 6.1395 0.6969
v -0.8235 6.1395 0.6969
v -0.8235 6.1395 0.6969
v -0.8235 6.1395 0.6969
v -0.8235 6.1395 0.6969
v -0.7618 6.9607 0.9772
v -0.7618 6.9607 0.9772
v -0.7618 6.9607 0.9772
v -0.7618 6.9607 0.9772
v -0.7618 6.9607 0.9772
v -0.7618 6.9607 0.9772
v -0.7618 6.9607 0.9772
v -0.7618 6.9607 0.9772
v -0.7618 6.9607 0.9772
v -0.7618 6.9607 0.9772
v -0.7618 6.9607 0.9772
v -0.7364 6.9272 0.942
v -0.6904 6.9147 0.9979
v -0.6737 6.908 1.0449
v -0.6927 6.9095 1.065
v -0.74 6.9187 1.0507
v -0.7977 6.9321 1.0072
v -0.8437 6.9445 0.9513
v -0.8604 6.9513 0.9043
v -0.8415 6.9498 0.8842
v -0.7941 6.9405 0.8985
v -0.7364 6.9272 0.942
v -0.7254 6.8367 0.9069
v -0.6404 6.8137 1.0102
v -0.6096 6.8012 1.0971
v -0.6446 6.804 1.1343
v -0.7321 6.821 1.1078
v -0.8387 6.8458 1.0275
v -0.9236 6.8688 0.9242
v -0.9545 6.8812 0.8374
v -0.9195 6.8784 0.8001
v -0.832 6.8614 0.8267
v -0.7254 6.8367 0.9069
v -0.7304 6.703 0.8774
v -0.6194 6.6729 1.0123
v -0.5791 6.6566 1.1258
v -0.6248 6.6603 1.1745
v -0.7391 6.6825 1.1398
v -0.8784 6.7149 1.035
v -0.9894 6.7449 0.9
v -1.0297 6.7612 0.7865
v -0.984 6.7575 0.7378
v -0.8696 6.7353 0.7725
v -0.7304 6.703 0.8774
v -0.7507 6.5464 0.8578
v -0.6305 6.5139 1.0039
v -0.5869 6.4963 1.1267
v -0.6364 6.5002 1.1795
v -0.7602 6.5243 1.1419
v -0.9109 6.5593 1.0284
v -1.031 6.5918 0.8823
v -1.0747 6.6095 0.7595
v -1.0252 6.6055 0.7068
v -0.9014 6.5814 0.7444
v -0.7507 6.5464 0.8578
v -0.7832 6.3909 0.8513
v -0.6722 6.3608 0.9862
v -0.6318 6.3445 1.0997
v -0.6776 6.3482 1.1484
v -0.7919 6.3704 1.1137
v -0.9312 6.4027 1.0089
v -1.0422 6.4328 0.8739
v -1.0825 6.4491 0.7604
v -1.0368 6.4454 0.7117
v -0.9224 6.4232 0.7464
v -0.7832 6.3909 0.8513
v -0.8229 6.26 0.8587
v -0.7379 6.237 0.962
v -0.7071 6.2245 1.0489
v -0.7421 6.2273 1.0861
v -0.8296 6.2443 1.0596
v -0.9362 6.2691 0.9793
v -1.0212 6.2921 0.8761
v -1.052 6.3045 0.7892
v -1.017 6.3017 0.7519
v -0.9295 6.2847 0.7785
v -0.8229 6.26 0.8587
v -0.8638 6.1737 0.879
v -0.8179 6.1612 0.9349
v -0.8012 6.1545 0.9819
v -0.8201 6.156 1.0021
v -0.8675 6.1652 0.9877
v -0.9252 6.1786 0.9443
v -0.9711 6.191 0.8884
v -0.9878 6.1978 0.8414
v -0.9689 6.1963 0.8212
v -0.9215 6.187 0.8356
v -0.8638 6.1737 0.879
v -0.8997 6.1451 0.9091
v -0.8997 6.1451 0.9091
v -0.8997 6.1451 0.9091
v -0.8997 6.1451 0.9091
v -0.8997 6.1451 0.9091
v -0.8997 6.1451 0.9091
v -0.8997 6.1451 0.9091
v -0.8997 6.1451 0.9091
v -0.8997 6.1451 0.9091
v -0.8997 6.1451 0.9091
v -0.8997 6.1451 0.9091
v -0.0688 5.3245 0.1103
v -0.0735 5.2374 0.0625
v -0.0351 5.2013 -0.0219
v 0.0238 5.2374 -0.0935
v 0.0688 5.3245 -0.1103
v 0.0735 5.4117 -0.0625
v 0.0351 5.4478 0.0219
v -0.0238 5.4117 0.0935
v -0.616 5.5486 -0.2739
v -0.6194 5.4858 -0.3083
v -0.5917 5.4598 -0.3691
v -0.5493 5.4858 -0.4206
v -0.5169 5.5486 -0.4328
v -0.5136 5.6113 -0.3984
v -0.5412 5.6373 -0.3376
v -0.5836 5.6113 -0.286
v 0 5.3245 0
v -0.5665 5.5486 -0.3533
v -0.6088 5.5486 -0.2855
v -0.6201 5.4949 -0.328
v -0.5911 5.4816 -0.3896
v -0.5435 5.5188 -0.4239
v -0.5132 5.5784 -0.4051
v -0.5231 5.6155 -0.3472
v -0.5656 5.6022 -0.294
v -1.721 6.3416 -1.0056
v -1.7292 6.303 -1.0362
v -1.7082 6.2934 -1.0806
v -1.674 6.3202 -1.1053
v -1.6522 6.363 -1.0917
v -1.6593 6.3898 -1.0501
v -1.6899 6.3802 -1.0117
v -0.5665 5.5486 -0.3533
v -1.6905 6.3416 -1.0544
v -1.7823 6.2498 -1.1462
v -1.7823 6.2498 -0.9627
v -1.7823 6.4334 -1.1462
v -1.7823 6.4334 -0.9627
v -1.5987 6.2498 -1.1462
v -1.5987 6.2498 -0.9627
v -1.5987 6.4334 -1.1462
v -1.5987 6.4334 -0.9627
v -1.6905 6.2849 -1.203
v -1.6905 6.2849 -0.9059
v -1.6905 6.3983 -1.203
v -1.6905 6.3983 -0.9059
v -1.7473 6.1931 -1.0544
v -1.7473 6.4901 -1.0544
v -1.6338 6.1931 -1.0544
v -1.6338 6.4901 -1.0544
v -1.839 6.3416 -1.1112
v -1.839 6.3416 -0.9977
v -1.542 6.3416 -1.1112
v -1.542 6.3416 -0.9977
v -1.7985 6.6831 -1.1604
v -1.7985 6.6831 -1.1604
v -1.7985 6.6831 -1.1604
v -1.7985 6.6831 -1.1604
v -1.7985 6.6831 -1.1604
v -1.7985 6.6831 -1.1604
v -1.7985 6.6831 -1.1604
v -1.7985 6.6831 -1.1604
v -1.7985 6.6831 -1.1604
v -1.7985 6.6831 -1.1604
v -1.7985 6.6831 -1.1604
v -1.8315 6.6642 -1.1352
v -1.8748 6.6574 -1.2091
v -1.8891 6.6522 -1.2636
v -1.8689 6.6506 -1.2779
v -1.8219 6.6532 -1.2465
v -1.766 6.659 -1.1814
v -1.7227 6.6658 -1.1075
v -1.7084 6.671 -1.053
v -1.7286 6.6726 -1.0387
v -1.7757 6.67 -1.0701
v -1.8315 6.6642 -1.1352
v -1.8599 6.6052 -1.1096
v -1.94 6.5926 -1.2461
v -1.9663 6.583 -1.3468
v -1.929 6.58 -1.3732
v -1.8421 6.5848 -1.3152
v -1.7389 6.5955 -1.195
v -1.6589 6.6081 -1.0584
v -1.6325 6.6177 -0.9577
v -1.6699 6.6207 -0.9313
v -1.7567 6.6159 -0.9893
v -1.8599 6.6052 -1.1096
v -1.8794 6.515 -1.0874
v -1.984 6.4985 -1.2659
v -2.0185 6.486 -1.3974
v -1.9697 6.4821 -1.4319
v -1.8562 6.4883 -1.3561
v -1.7214 6.5023 -1.199
v -1.6168 6.5187 -1.0206
v -1.5823 6.5313 -0.889
v -1.6311 6.5352 -0.8546
v -1.7446 6.529 -0.9303
v -1.8794 6.515 -1.0874
v -1.8871 6.4074 -1.0722
v -2.0003 6.3896 -1.2653
v -2.0376 6.376 -1.4078
v -1.9848 6.3717 -1.4451
v -1.8619 6.3785 -1.363
v -1.716 6.3936 -1.193
v -1.6028 6.4114 -0.9999
v -1.5655 6.425 -0.8575
v -1.6183 6.4293 -0.8201
v -1.7412 6.4225 -0.9022
v -1.8871 6.4074 -1.0722
v -1.8817 6.2987 -1.0662
v -1.9863 6.2823 -1.2446
v -2.0208 6.2697 -1.3762
v -1.972 6.2658 -1.4107
v -1.8585 6.272 -1.3349
v -1.7237 6.286 -1.1778
v -1.6191 6.3024 -0.9993
v -1.5846 6.315 -0.8678
v -1.6334 6.3189 -0.8333
v -1.7469 6.3127 -0.9091
v -1.8817 6.2987 -1.0662
v -1.8642 6.2055 -1.0702
v -1.9442 6.1929 -1.2068
v -1.9706 6.1833 -1.3075
v -1.9332 6.1803 -1.3339
v -1.8464 6.1851 -1.2759
v -1.7432 6.1958 -1.1557
v -1.6632 6.2084 -1.0191
v -1.6368 6.218 -0.9184
v -1.6741 6.221 -0.892
v -1.761 6.2162 -0.95
v -1.8642 6.2055 -1.0702
v -1.8371 6.142 -1.0838
v -1.8804 6.1352 -1.1577
v -1.8947 6.13 -1.2122
v -1.8745 6.1284 -1.2265
v -1.8275 6.131 -1.1951
v -1.7716 6.1368 -1.13
v -1.7283 6.1436 -1.0561
v -1.714 6.1488 -1.0016
v -1.7342 6.1504 -0.9873
v -1.7812 6.1478 -1.0187
v -1.8371 6.142 -1.0838
v -1.8046 6.1179 -1.1048
v -1.8046 6.1179 -1.1048
v -1.8046 6.1179 -1.1048
v -1.8046 6.1179 -1.1048
v -1.8046 6.1179 -1.1048
v -1.8046 6.1179 -1.1048
v -1.8046 6.1179 -1.1048
v -1.8046 6.1179 -1.1048
v -1.8046 6.1179 -1.1048
v -1.8046 6.1179 -1.1048
v -1.8046 6.1179 -1.1048
v -1.6176 6.6838 -1.1459
v -1.6176 6.6838 -1.1459
v -1.6176 6.6838 -1.1459
v -1.6176 6.6838 -1.1459
v -1.6176 6.6838 -1.1459
v -1.6176 6.6838 -1.1459
v -1.6176 6.6838 -1.1459
v -1.6176 6.6838 -1.1459
v -1.6176 6.6838 -1.1459
v -1.6176 6.6838 -1.1459
v -1.6176 6.6838 -1.1459
v -1.5941 6.6604 -1.1146
v -1.6686 6.656 -1.0719
v -1.7234 6.6541 -1.0581
v -1.7377 6.6552 -1.0784
v -1.7059 6.659 -1.125
v -1.6402 6.664 -1.1802
v -1.5657 6.6684 -1.2229
v -1.5109 6.6703 -1.2367
v -1.4966 6.6692 -1.2164
v -1.5284 6.6654 -1.1697
v -1.5941 6.6604 -1.1146
v -1.5735 6.5974 -1.091
v -1.7111 6.5894 -1.0122
v -1.8124 6.5858 -0.9866
v -1.8387 6.5879 -1.0241
v -1.78 6.5949 -1.1103
v -1.6586 6.6042 -1.2123
v -1.521 6.6122 -1.2911
v -1.4197 6.6158 -1.3166
v -1.3933 6.6137 -1.2791
v -1.4521 6.6066 -1.1929
v -1.5735 6.5974 -1.091
v -1.5587 6.5044 -1.0787
v -1.7386 6.494 -0.9758
v -1.8709 6.4893 -0.9424
v -1.9053 6.4921 -0.9914
v -1.8286 6.5013 -1.104
v -1.67 6.5134 -1.2372
v -1.4902 6.5238 -1.3402
v -1.3578 6.5285 -1.3736
v -1.3234 6.5257 -1.3246
v -1.4002 6.5165 -1.212
v -1.5587 6.5044 -1.0787
v -1.5522 6.3957 -1.0797
v -1.7468 6.3844 -0.9682
v -1.8901 6.3793 -0.9321
v -1.9273 6.3823 -0.9851
v -1.8442 6.3922 -1.107
v -1.6726 6.4053 -1.2513
v -1.4779 6.4166 -1.3627
v -1.3346 6.4217 -1.3988
v -1.2974 6.4187 -1.3458
v -1.3805 6.4088 -1.2239
v -1.5522 6.3957 -1.0797
v -1.5548 6.2876 -1.0937
v -1.7346 6.2772 -0.9907
v -1.867 6.2725 -0.9574
v -1.9014 6.2753 -1.0064
v -1.8246 6.2845 -1.119
v -1.666 6.2966 -1.2522
v -1.4862 6.307 -1.3552
v -1.3538 6.3117 -1.3885
v -1.3194 6.3089 -1.3396
v -1.3962 6.2997 -1.2269
v -1.5548 6.2876 -1.0937
v -1.5661 6.1968 -1.1186
v -1.7038 6.1888 -1.0398
v -1.8051 6.1852 -1.0143
v -1.8314 6.1873 -1.0518
v -1.7727 6.1943 -1.138
v -1.6513 6.2036 -1.24
v -1.5137 6.2116 -1.3188
v -1.4123 6.2152 -1.3443
v -1.386 6.2131 -1.3068
v -1.4448 6.2061 -1.2206
v -1.5661 6.1968 -1.1186
v -1.5846 6.1369 -1.1507
v -1.659 6.1326 -1.1081
v -1.7139 6.1307 -1.0942
v -1.7281 6.1318 -1.1145
v -1.6963 6.1356 -1.1612
v -1.6306 6.1406 -1.2164
v -1.5561 6.145 -1.259
v -1.5013 6.1469 -1.2728
v -1.4871 6.1458 -1.2526
v -1.5189 6.142 -1.2059
v -1.5846 6.1369 -1.1507
v -1.6072 6.1172 -1.185
v -1.6072 6.1172 -1.185
v -1.6072 6.1172 -1.185
v -1.6072 6.1172 -1.185
v -1.6072 6.1172 -1.185
v -1.6072 6.1172 -1.185
v -1.6072 6.1172 -1.185
v -1.6072 6.1172 -1.185
v -1.6072 6.1172 -1.185
v -1.6072 6.1172 -1.185
v -1.6072 6.1172 -1.185
v -1.5375 6.68 -0.9485
v -1.5375 6.68 -0.9485
v -1.5375 6.68 -0.9485
v -1.5375 6.68 -0.9485
v -1.5375 6.68 -0.9485
v -1.5375 6.68 -0.9485
v -1.5375 6.68 -0.9485
v -1.5375 6.68 -0.9485
v -1.5375 6.68 -0.9485
v -1.5375 6.68 -0.9485
v -1.5375 6.68 -0.9485
v -1.508 6.6561 -0.9737
v -1.4663 6.6425 -0.8998
v -1.453 6.635 -0.8453
v -1.4732 6.6367 -0.831
v -1.5192 6.6467 -0.8624
v -1.5734 6.6613 -0.9275
v -1.6151 6.6749 -1.0014
v -1.6284 6.6824 -1.0559
v -1.6081 6.6807 -1.0702
v -1.5621 6.6707 -1.0388
v -1.508 6.6561 -0.9737
v -1.4893 6.5933 -0.9993
v -1.4123 6.5681 -0.8628
v -1.3878 6.5544 -0.7621
v -1.4251 6.5574 -0.7357
v -1.5101 6.5759 -0.7937
v -1.6103 6.603 -0.9139
v -1.6873 6.6281 -1.0505
v -1.7118 6.6418 -1.1512
v -1.6744 6.6388 -1.1776
v -1.5895 6.6203 -1.1196
v -1.4893 6.5933 -0.9993
v -1.4844 6.5011 -1.0214
v -1.3838 6.4682 -0.843
v -1.3517 6.4503 -0.7114
v -1.4006 6.4542 -0.677
v -1.5116 6.4785 -0.7527
v -1.6424 6.5138 -0.9099
v -1.7431 6.5467 -1.0883
v -1.7751 6.5646 -1.2199
v -1.7263 6.5607 -1.2543
v -1.6153 6.5364 -1.1786
v -1.4844 6.5011 -1.0214
v -1.494 6.3936 -1.0367
v -1.385 6.358 -0.8436
v -1.3504 6.3387 -0.7011
v -1.4032 6.3429 -0.6638
v -1.5234 6.3691 -0.7458
v -1.665 6.4074 -0.9159
v -1.774 6.443 -1.109
v -1.8087 6.4623 -1.2514
v -1.7558 6.4581 -1.2888
v -1.6356 6.4319 -1.2067
v -1.494 6.3936 -1.0367
v -1.5166 6.2872 -1.0427
v -1.4159 6.2543 -0.8643
v -1.3839 6.2364 -0.7327
v -1.4327 6.2403 -0.6982
v -1.5438 6.2646 -0.774
v -1.6746 6.2999 -0.9311
v -1.7753 6.3328 -1.1095
v -1.8073 6.3507 -1.2411
v -1.7585 6.3468 -1.2756
v -1.6474 6.3225 -1.1998
v -1.5166 6.2872 -1.0427
v -1.5488 6.198 -1.0387
v -1.4717 6.1729 -0.9021
v -1.4472 6.1592 -0.8014
v -1.4846 6.1621 -0.775
v -1.5696 6.1807 -0.833
v -1.6697 6.2077 -0.9532
v -1.7467 6.2329 -1.0898
v -1.7713 6.2466 -1.1905
v -1.7339 6.2436 -1.2169
v -1.6489 6.2251 -1.1589
v -1.5488 6.198 -1.0387
v -1.5856 6.1397 -1.0251
v -1.5439 6.126 -0.9512
v -1.5307 6.1186 -0.8967
v -1.5509 6.1203 -0.8824
v -1.5969 6.1303 -0.9138
v -1.6511 6.1449 -0.9789
v -1.6928 6.1585 -1.0528
v -1.706 6.166 -1.1073
v -1.6858 6.1643 -1.1216
v -1.6398 6.1543 -1.0902
v -1.5856 6.1397 -1.0251
v -1.6216 6.121 -1.0041
v -1.6216 6.121 -1.0041
v -1.6216 6.121 -1.0041
v -1.6216 6.121 -1.0041
v -1.6216 6.121 -1.0041
v -1.6216 6.121 -1.0041
v -1.6216 6.121 -1.0041
v -1.6216 6.121 -1.0041
v -1.6216 6.121 -1.0041
v -1.6216 6.121 -1.0041
v -1.6216 6.121 -1.0041
v -1.7184 6.6793 -0.963
v -1.7184 6.6793 -0.963
v -1.7184 6.6793 -0.963
v -1.7184 6.6793 -0.963
v -1.7184 6.6793 -0.963
v -1.7184 6.6793 -0.963
v -1.7184 6.6793 -0.963
v -1.7184 6.6793 -0.963
v -1.7184 6.6793 -0.963
v -1.7184 6.6793 -0.963
v -1.7184 6.6793 -0.963
v -1.7453 6.6599 -0.9943
v -1.6725 6.6438 -1.037
v -1.6186 6.6332 -1.0508
v -1.6044 6.632 -1.0305
v -1.6352 6.6408 -0.9839
v -1.6992 6.6562 -0.9287
v -1.7721 6.6724 -0.886
v -1.8259 6.683 -0.8722
v -1.8401 6.6842 -0.8925
v -1.8094 6.6754 -0.9391
v -1.7453 6.6599 -0.9943
v -1.7757 6.6011 -1.0179
v -1.6411 6.5713 -1.0967
v -1.5417 6.5516 -1.1223
v -1.5154 6.5495 -1.0848
v -1.5723 6.5658 -0.9986
v -1.6906 6.5942 -0.8966
v -1.8252 6.624 -0.8178
v -1.9247 6.6437 -0.7923
v -1.951 6.6458 -0.8298
v -1.8941 6.6295 -0.9159
v -1.7757 6.6011 -1.0179
v -1.8051 6.5117 -1.0302
v -1.6292 6.4727 -1.1331
v -1.4993 6.447 -1.1665
v -1.4649 6.4442 -1.1175
v -1.5392 6.4655 -1.0049
v -1.6938 6.5027 -0.8717
v -1.8697 6.5417 -0.7687
v -1.9997 6.5674 -0.7353
v -2.034 6.5702 -0.7843
v -1.9597 6.5489 -0.8969
v -1.8051 6.5117 -1.0302
v -1.8289 6.4053 -1.0292
v -1.6385 6.3632 -1.1407
v -1.4979 6.3353 -1.1768
v -1.4607 6.3323 -1.1238
v -1.5411 6.3554 -1.0019
v -1.7085 6.3957 -0.8576
v -1.8989 6.4378 -0.7462
v -2.0395 6.4657 -0.7101
v -2.0767 6.4687 -0.7631
v -1.9963 6.4456 -0.885
v -1.8289 6.4053 -1.0292
v -1.8435 6.2983 -1.0152
v -1.6677 6.2593 -1.1182
v -1.5377 6.2336 -1.1515
v -1.5034 6.2308 -1.1025
v -1.5777 6.2521 -0.9899
v -1.7323 6.2893 -0.8567
v -1.9082 6.3283 -0.7537
v -2.0381 6.354 -0.7204
v -2.0725 6.3568 -0.7693
v -1.9982 6.3355 -0.882
v -1.8435 6.2983 -1.0152
v -1.8468 6.2068 -0.9903
v -1.7122 6.177 -1.0691
v -1.6127 6.1573 -1.0946
v -1.5864 6.1551 -1.0571
v -1.6433 6.1714 -0.9709
v -1.7616 6.1999 -0.8689
v -1.8963 6.2297 -0.7901
v -1.9957 6.2494 -0.7646
v -2.022 6.2515 -0.8021
v -1.9651 6.2352 -0.8883
v -1.8468 6.2068 -0.9903
v -1.8381 6.1447 -0.9582
v -1.7653 6.1286 -1.0008
v -1.7115 6.118 -1.0146
v -1.6972 6.1168 -0.9944
v -1.728 6.1256 -0.9477
v -1.7921 6.1411 -0.8925
v -1.8649 6.1572 -0.8499
v -1.9187 6.1678 -0.836
v -1.933 6.169 -0.8563
v -1.9022 6.1602 -0.903
v -1.8381 6.1447 -0.9582
v -1.8189 6.1217 -0.9239
v -1.8189 6.1217 -0.9239
v -1.8189 6.1217 -0.9239
v -1.8189 6.1217 -0.9239
v -1.8189 6.1217 -0.9239
v -1.8189 6.1217 -0.9239
v -1.8189 6.1217 -0.9239
v -1.8189 6.1217 -0.9239
v -1.8189 6.1217 -0.9239
v -1.8189 6.1217 -0.9239
v -1.8189 6.1217 -0.9239
v -0.1261 5.1984 -0.0316
v -0.0857 5.1076 -0.036
v 0.0049 5.07 -0.0194
v 0.0926 5.1076 0.0086
v 0.1261 5.1984 0.0316
v 0.0857 5.2893 0.036
v -0.0049 5.3269 0.0194
v -0.0926 5.2893 -0.0086
v 0.0442 5.2851 -0.562
v 0.0732 5.2197 -0.5652
v 0.1385 5.1926 -0.5532
v 0.2016 5.2197 -0.5331
v 0.2258 5.2851 -0.5165
v 0.1967 5.3504 -0.5133
v 0.1315 5.3775 -0.5253
v 0.0683 5.3504 -0.5454
v 0 5.1984 0
v 0.135 5.2851 -0.5392
v 0.0573 5.2851 -0.5587
v 0.0963 5.2371 -0.5903
v 0.1644 5.2252 -0.5835
v 0.2103 5.2584 -0.5433
v 0.1995 5.3117 -0.5001
v 0.1401 5.3449 -0.4864
v 0.0768 5.333 -0.5124
v 0.2969 6.0356 -1.4235
v 0.3249 6.001 -1.4462
v 0.3739 5.9925 -1.4413
v 0.407 6.0164 -1.4124
v 0.3992 6.0548 -1.3813
v 0.3564 6.0787 -1.3714
v 0.3109 6.0701 -1.3902
v 0.135 5.2851 -0.5392
v 0.3527 6.0356 -1.4095
v 0.2381 5.921 -1.5241
v 0.2381 5.921 -1.2949
v 0.2381 6.1502 -1.5241
v 0.2381 6.1502 -1.2949
v 0.4674 5.921 -1.5241
v 0.4674 5.921 -1.2949
v 0.4674 6.1502 -1.5241
v 0.4674 6.1502 -1.2949
v 0.3527 5.9648 -1.5949
v 0.3527 5.9648 -1.224
v 0.3527 6.1064 -1.5949
v 0.3527 6.1064 -1.224
v 0.2819 5.8501 -1.4095
v 0.2819 6.221 -1.4095
v 0.4236 5.8501 -1.4095
v 0.4236 6.221 -1.4095
v 0.1673 6.0356 -1.4803
v 0.1673 6.0356 -1.3386
v 0.5382 6.0356 -1.4803
v 0.5382 6.0356 -1.3386
v 0.3681 6.4741 -1.569
v 0.3681 6.4741 -1.569
v 0.3681 6.4741 -1.569
v 0.3681 6.4741 -1.569
v 0.3681 6.4741 -1.569
v 0.3681 6.4741 -1.569
v 0.3681 6.4741 -1.569
v 0.3681 6.4741 -1.569
v 0.3681 6.4741 -1.569
v 0.3681 6.4741 -1.569
v 0.3681 6.4741 -1.569
v 0.3785 6.4457 -1.5154
v 0.2948 6.4424 -1.5115
v 0.2395 6.4407 -1.5298
v 0.2337 6.4412 -1.5633
v 0.2796 6.4437 -1.5992
v 0.3597 6.4472 -1.6237
v 0.4434 6.4505 -1.6276
v 0.4987 6.4522 -1.6093
v 0.5046 6.4518 -1.5758
v 0.4587 6.4493 -1.54
v 0.3785 6.4457 -1.5154
v 0.3896 6.3663 -1.4711
v 0.2349 6.3603 -1.4639
v 0.1326 6.3571 -1.4977
v 0.1218 6.3579 -1.5596
v 0.2067 6.3625 -1.6259
v 0.3547 6.3691 -1.6713
v 0.5094 6.3752 -1.6785
v 0.6116 6.3784 -1.6447
v 0.6224 6.3776 -1.5828
v 0.5376 6.3729 -1.5165
v 0.3896 6.3663 -1.4711
v 0.3994 6.2481 -1.4428
v 0.1973 6.2402 -1.4335
v 0.0637 6.236 -1.4776
v 0.0496 6.2371 -1.5585
v 0.1604 6.2431 -1.6451
v 0.3538 6.2518 -1.7044
v 0.5559 6.2597 -1.7138
v 0.6895 6.2639 -1.6696
v 0.7036 6.2628 -1.5888
v 0.5928 6.2567 -1.5022
v 0.3994 6.2481 -1.4428
v 0.4066 6.109 -1.4349
v 0.1879 6.1004 -1.4248
v 0.0432 6.0959 -1.4726
v 0.028 6.0971 -1.5601
v 0.1479 6.1036 -1.6539
v 0.3573 6.113 -1.7181
v 0.576 6.1215 -1.7282
v 0.7206 6.1261 -1.6804
v 0.7359 6.1248 -1.5929
v 0.6159 6.1183 -1.4991
v 0.4066 6.109 -1.4349
v 0.41 5.9702 -1.4486
v 0.2079 5.9623 -1.4392
v 0.0743 5.9581 -1.4834
v 0.0602 5.9592 -1.5642
v 0.1711 5.9652 -1.6508
v 0.3645 5.9738 -1.7102
v 0.5666 5.9818 -1.7195
v 0.7002 5.986 -1.6753
v 0.7143 5.9848 -1.5945
v 0.6034 5.9788 -1.5079
v 0.41 5.9702 -1.4486
v 0.4092 5.8528 -1.4817
v 0.2545 5.8467 -1.4745
v 0.1523 5.8435 -1.5083
v 0.1415 5.8444 -1.5702
v 0.2263 5.849 -1.6365
v 0.3743 5.8556 -1.6819
v 0.529 5.8617 -1.6891
v 0.6313 5.8649 -1.6553
v 0.642 5.864 -1.5934
v 0.5572 5.8594 -1.5271
v 0.4092 5.8528 -1.4817
v 0.4042 5.7747 -1.5292
v 0.3205 5.7714 -1.5254
v 0.2652 5.7697 -1.5437
v 0.2593 5.7702 -1.5771
v 0.3052 5.7727 -1.613
v 0.3853 5.7762 -1.6376
v 0.469 5.7795 -1.6415
v 0.5244 5.7813 -1.6232
v 0.5302 5.7808 -1.5897
v 0.4843 5.7783 -1.5538
v 0.4042 5.7747 -1.5292
v 0.3958 5.7478 -1.584
v 0.3958 5.7478 -1.584
v 0.3958 5.7478 -1.584
v 0.3958 5.7478 -1.584
v 0.3958 5.7478 -1.584
v 0.3958 5.7478 -1.584
v 0.3958 5.7478 -1.584
v 0.3958 5.7478 -1.584
v 0.3958 5.7478 -1.584
v 0.3958 5.7478 -1.584
v 0.3958 5.7478 -1.584
v 0.5561 6.4701 -1.3374
v 0.5561 6.4701 -1.3374
v 0.5561 6.4701 -1.3374
v 0.5561 6.4701 -1.3374
v 0.5561 6.4701 -1.3374
v 0.5561 6.4701 -1.3374
v 0.5561 6.4701 -1.3374
v 0.5561 6.4701 -1.3374
v 0.5561 6.4701 -1.3374
v 0.5561 6.4701 -1.3374
v 0.5561 6.4701 -1.3374
v 0.6073 6.4384 -1.3502
v 0.6104 6.4282 -1.267
v 0.5916 6.4235 -1.212
v 0.5583 6.4262 -1.2061
v 0.523 6.4352 -1.2517
v 0.4993 6.4471 -1.3312
v 0.4962 6.4573 -1.4144
v 0.515 6.462 -1.4694
v 0.5483 6.4593 -1.4753
v 0.5836 6.4503 -1.4297
v 0.6073 6.4384 -1.3502
v 0.6452 6.3569 -1.3675
v 0.6509 6.338 -1.2138
v 0.6163 6.3293 -1.1121
v 0.5546 6.3343 -1.1013
v 0.4894 6.3509 -1.1855
v 0.4456 6.3729 -1.3325
v 0.44 6.3918 -1.4862
v 0.4746 6.4005 -1.5879
v 0.5363 6.3955 -1.5987
v 0.6014 6.3789 -1.5145
v 0.6452 6.3569 -1.3675
v 0.664 6.2379 -1.3868
v 0.6714 6.2132 -1.1859
v 0.6262 6.2019 -1.0531
v 0.5456 6.2084 -1.039
v 0.4605 6.2301 -1.1489
v 0.4033 6.2589 -1.341
v 0.3959 6.2836 -1.5418
v 0.4411 6.2949 -1.6747
v 0.5217 6.2884 -1.6888
v 0.6068 6.2667 -1.5788
v 0.664 6.2379 -1.3868
v 0.6609 6.0997 -1.405
v 0.6689 6.0729 -1.1877
v 0.6199 6.0607 -1.0439
v 0.5327 6.0677 -1.0286
v 0.4406 6.0912 -1.1476
v 0.3786 6.1223 -1.3555
v 0.3706 6.149 -1.5729
v 0.4196 6.1613 -1.7167
v 0.5068 6.1543 -1.732
v 0.5989 6.1307 -1.613
v 0.6609 6.0997 -1.405
v 0.6362 5.9631 -1.4196
v 0.6436 5.9384 -1.2187
v 0.5984 5.9271 -1.0859
v 0.5178 5.9336 -1.0718
v 0.4327 5.9553 -1.1817
v 0.3755 5.984 -1.3738
v 0.3681 6.0087 -1.5747
v 0.4133 6.02 -1.7075
v 0.4939 6.0135 -1.7216
v 0.579 5.9918 -1.6116
v 0.6362 5.9631 -1.4196
v 0.5939 5.849 -1.4281
v 0.5995 5.8301 -1.2744
v 0.5649 5.8215 -1.1727
v 0.5033 5.8264 -1.1619
v 0.4381 5.8431 -1.2461
v 0.3943 5.865 -1.3931
v 0.3886 5.884 -1.5468
v 0.4232 5.8926 -1.6485
v 0.4849 5.8877 -1.6593
v 0.5501 5.871 -1.5751
v 0.5939 5.849 -1.4281
v 0.5402 5.7749 -1.4294
v 0.5433 5.7646 -1.3462
v 0.5246 5.76 -1.2912
v 0.4912 5.7626 -1.2853
v 0.4559 5.7716 -1.3309
v 0.4322 5.7835 -1.4104
v 0.4291 5.7938 -1.4936
v 0.4479 5.7984 -1.5486
v 0.4812 5.7958 -1.5545
v 0.5165 5.7868 -1.5089
v 0.5402 5.7749 -1.4294
v 0.4834 5.7519 -1.4232
v 0.4834 5.7519 -1.4232
v 0.4834 5.7519 -1.4232
v 0.4834 5.7519 -1.4232
v 0.4834 5.7519 -1.4232
v 0.4834 5.7519 -1.4232
v 0.4834 5.7519 -1.4232
v 0.4834 5.7519 -1.4232
v 0.4834 5.7519 -1.4232
v 0.4834 5.7519 -1.4232
v 0.4834 5.7519 -1.4232
v 0.3951 6.4673 -1.25
v 0.3951 6.4673 -1.25
v 0.3951 6.4673 -1.25
v 0.3951 6.4673 -1.25
v 0.3951 6.4673 -1.25
v 0.3951 6.4673 -1.25
v 0.3951 6.4673 -1.25
v 0.3951 6.4673 -1.25
v 0.3951 6.4673 -1.25
v 0.3951 6.4673 -1.25
v 0.3951 6.4673 -1.25
v 0.3802 6.4409 -1.3036
v 0.4623 6.4243 -1.3074
v 0.5167 6.4138 -1.2892
v 0.5225 6.4133 -1.2557
v 0.4776 6.4231 -1.2198
v 0.3991 6.4394 -1.1952
v 0.317 6.456 -1.1913
v 0.2626 6.4665 -1.2096
v 0.2568 6.467 -1.2431
v 0.3017 6.4572 -1.279
v 0.3802 6.4409 -1.3036
v 0.3567 6.3643 -1.3479
v 0.5085 6.3337 -1.355
v 0.6089 6.3142 -1.3212
v 0.6197 6.3133 -1.2594
v 0.5367 6.3314 -1.1931
v 0.3916 6.3615 -1.1477
v 0.2399 6.3921 -1.1405
v 0.1394 6.4116 -1.1743
v 0.1286 6.4125 -1.2362
v 0.2116 6.3944 -1.3025
v 0.3567 6.3643 -1.3479
v 0.3281 6.2491 -1.3761
v 0.5264 6.2091 -1.3855
v 0.6576 6.1837 -1.3413
v 0.6717 6.1826 -1.2605
v 0.5633 6.2062 -1.1739
v 0.3737 6.2455 -1.1145
v 0.1755 6.2855 -1.1052
v 0.0442 6.3109 -1.1494
v 0.0302 6.3121 -1.2302
v 0.1386 6.2885 -1.3168
v 0.3281 6.2491 -1.3761
v 0.2989 6.113 -1.384
v 0.5135 6.0696 -1.3942
v 0.6555 6.0421 -1.3464
v 0.6708 6.0409 -1.2589
v 0.5534 6.0664 -1.1651
v 0.3482 6.109 -1.1009
v 0.1336 6.1523 -1.0908
v -0.0084 6.1798 -1.1386
v -0.0237 6.1811 -1.2261
v 0.0937 6.1555 -1.3198
v 0.2989 6.113 -1.384
v 0.2734 5.9765 -1.3704
v 0.4716 5.9364 -1.3798
v 0.6029 5.911 -1.3356
v 0.617 5.9099 -1.2548
v 0.5085 5.9335 -1.1681
v 0.319 5.9728 -1.1088
v 0.1207 6.0128 -1.0995
v -0.0105 6.0383 -1.1436
v -0.0246 6.0394 -1.2245
v 0.0838 6.0158 -1.3111
v 0.2734 5.9765 -1.3704
v 0.2555 5.8604 -1.3373
v 0.4072 5.8298 -1.3444
v 0.5077 5.8104 -1.3106
v 0.5185 5.8095 -1.2488
v 0.4355 5.8276 -1.1825
v 0.2904 5.8576 -1.1371
v 0.1387 5.8883 -1.1299
v 0.0382 5.9077 -1.1637
v 0.0274 5.9086 -1.2256
v 0.1104 5.8905 -1.2919
v 0.2555 5.8604 -1.3373
v 0.248 5.7826 -1.2897
v 0.3301 5.766 -1.2936
v 0.3845 5.7555 -1.2753
v 0.3903 5.755 -1.2418
v 0.3454 5.7648 -1.2059
v 0.2669 5.7811 -1.1814
v 0.1848 5.7976 -1.1775
v 0.1304 5.8082 -1.1958
v 0.1246 5.8086 -1.2293
v 0.1695 5.7989 -1.2652
v 0.248 5.7826 -1.2897
v 0.252 5.7547 -1.235
v 0.252 5.7547 -1.235
v 0.252 5.7547 -1.235
v 0.252 5.7547 -1.235
v 0.252 5.7547 -1.235
v 0.252 5.7547 -1.235
v 0.252 5.7547 -1.235
v 0.252 5.7547 -1.235
v 0.252 5.7547 -1.235
v 0.252 5.7547 -1.235
v 0.252 5.7547 -1.235
v 0.2071 6.4713 -1.4815
v 0.2071 6.4713 -1.4815
v 0.2071 6.4713 -1.4815
v 0.2071 6.4713 -1.4815
v 0.2071 6.4713 -1.4815
v 0.2071 6.4713 -1.4815
v 0.2071 6.4713 -1.4815
v 0.2071 6.4713 -1.4815
v 0.2071 6.4713 -1.4815
v 0.2071 6.4713 -1.4815
v 0.2071 6.4713 -1.4815
v 0.1515 6.4482 -1.4688
v 0.1468 6.4386 -1.552
v 0.1646 6.431 -1.607
v 0.1979 6.4283 -1.6129
v 0.2342 6.4316 -1.5673
v 0.2595 6.4395 -1.4877
v 0.2641 6.4491 -1.4046
v 0.2464 6.4567 -1.3495
v 0.213 6.4594 -1.3437
v 0.1768 6.4561 -1.3892
v 0.1515 6.4482 -1.4688
v 0.1011 6.3737 -1.4515
v 0.0925 6.356 -1.6052
v 0.1252 6.3419 -1.7069
v 0.1869 6.337 -1.7177
v 0.2539 6.343 -1.6335
v 0.3006 6.3577 -1.4865
v 0.3092 6.3755 -1.3328
v 0.2765 6.3896 -1.2311
v 0.2148 6.3945 -1.2203
v 0.1478 6.3885 -1.3045
v 0.1011 6.3737 -1.4515
v 0.0635 6.2593 -1.4322
v 0.0523 6.2361 -1.633
v 0.0951 6.2177 -1.7659
v 0.1757 6.2113 -1.78
v 0.2632 6.2192 -1.67
v 0.3243 6.2384 -1.4779
v 0.3355 6.2616 -1.2771
v 0.2927 6.28 -1.1443
v 0.2121 6.2864 -1.1301
v 0.1246 6.2785 -1.2401
v 0.0635 6.2593 -1.4322
v 0.0446 6.1223 -1.4139
v 0.0324 6.0972 -1.6313
v 0.0788 6.0773 -1.7751
v 0.166 6.0703 -1.7904
v 0.2608 6.0788 -1.6713
v 0.3269 6.0997 -1.4634
v 0.339 6.1248 -1.2461
v 0.2927 6.1447 -1.1023
v 0.2054 6.1516 -1.087
v 0.1107 6.1431 -1.206
v 0.0446 6.1223 -1.4139
v 0.0472 5.9835 -1.3994
v 0.0359 5.9603 -1.6002
v 0.0788 5.942 -1.7331
v 0.1594 5.9355 -1.7472
v 0.2469 5.9434 -1.6372
v 0.3079 5.9626 -1.4451
v 0.3192 5.9859 -1.2443
v 0.2763 6.0042 -1.1115
v 0.1958 6.0107 -1.0973
v 0.1082 6.0028 -1.2073
v 0.0472 5.9835 -1.3994
v 0.0708 5.8642 -1.3909
v 0.0622 5.8464 -1.5446
v 0.095 5.8324 -1.6462
v 0.1567 5.8274 -1.6571
v 0.2237 5.8335 -1.5729
v 0.2704 5.8482 -1.4259
v 0.279 5.866 -1.2722
v 0.2462 5.88 -1.1705
v 0.1846 5.885 -1.1597
v 0.1176 5.8789 -1.2439
v 0.0708 5.8642 -1.3909
v 0.112 5.7824 -1.3896
v 0.1073 5.7728 -1.4728
v 0.1251 5.7652 -1.5278
v 0.1585 5.7625 -1.5337
v 0.1947 5.7658 -1.4881
v 0.22 5.7738 -1.4085
v 0.2247 5.7834 -1.3254
v 0.2069 5.791 -1.2703
v 0.1735 5.7937 -1.2645
v 0.1373 5.7904 -1.31
v 0.112 5.7824 -1.3896
v 0.1644 5.7507 -1.3958
v 0.1644 5.7507 -1.3958
v 0.1644 5.7507 -1.3958
v 0.1644 5.7507 -1.3958
v 0.1644 5.7507 -1.3958
v 0.1644 5.7507 -1.3958
v 0.1644 5.7507 -1.3958
v 0.1644 5.7507 -1.3958
v 0.1644 5.7507 -1.3958
v 0.1644 5.7507 -1.3958
v 0.1644 5.7507 -1.3958
v -0.1309 7.7512 -0.1309
v -0.1309 7.7512 0.1309
v -0.1309 8.013 -0.1309
v -0.1309 8.013 0.1309
v 0.1309 7.7512 -0.1309
v 0.1309 7.7512 0.1309
v 0.1309 8.013 -0.1309
v 0.1309 8.013 0.1309
v 0 7.8012 -0.2118
v 0 7.8012 0.2118
v 0 7.963 -0.2118
v 0 7.963 0.2118
v -0.0809 7.6703 0
v -0.0809 8.0939 0
v 0.0809 7.6703 0
v 0.0809 8.0939 0
v -0.2118 7.8821 -0.0809
v -0.2118 7.8821 0.0809
v 0.2118 7.8821 -0.0809
v 0.2118 7.8821 0.0809
v 0.2259 8.3669 0.0491
v 0.2259 8.3669 0.0491
v 0.2259 8.3669 0.0491
v 0.2259 8.3669 0.0491
v 0.2259 8.3669 0.0491
v 0.2259 8.3669 0.0491
v 0.2259 8.3669 0.0491
v 0.2259 8.3669 0.0491
v 0.2259 8.3669 0.0491
v 0.2259 8.3669 0.0491
v 0.2259 8.3669 0.0491
v 0.2818 8.3317 0.0452
v 0.27 8.3212 0.1396
v 0.2404 8.3166 0.1979
v 0.2044 8.3195 0.1981
v 0.1756 8.3288 0.1398
v 0.1651 8.3411 0.0455
v 0.1768 8.3515 -0.0488
v 0.2064 8.3562 -0.1072
v 0.2425 8.3533 -0.1073
v 0.2713 8.344 -0.0491
v 0.2818 8.3317 0.0452
v 0.3243 8.2409 0.0345
v 0.3025 8.2215 0.2089
v 0.2479 8.2129 0.3168
v 0.1812 8.2182 0.317
v 0.128 8.2355 0.2094
v 0.1086 8.2582 0.0352
v 0.1303 8.2775 -0.1392
v 0.185 8.2861 -0.2471
v 0.2516 8.2808 -0.2473
v 0.3048 8.2635 -0.1397
v 0.3243 8.2409 0.0345
v 0.3469 8.1082 0.0187
v 0.3184 8.0829 0.2465
v 0.247 8.0716 0.3875
v 0.16 8.0786 0.3877
v 0.0904 8.1012 0.2472
v 0.0651 8.1308 0.0196
v 0.0935 8.1561 -0.2083
v 0.1649 8.1674 -0.3492
v 0.2519 8.1604 -0.3495
v 0.3215 8.1378 -0.2089
v 0.3469 8.1082 0.0187
v 0.3461 7.9539 0.0001
v 0.3153 7.9265 0.2467
v 0.2381 7.9143 0.3993
v 0.1438 7.9219 0.3996
v 0.0686 7.9463 0.2474
v 0.0411 7.9783 0.001
v 0.0719 8.0057 -0.2455
v 0.1491 8.0179 -0.3981
v 0.2434 8.0104 -0.3984
v 0.3186 7.9859 -0.2463
v 0.3461 7.9539 0.0001
v 0.3221 7.8014 -0.0184
v 0.2937 7.7762 0.2094
v 0.2223 7.7649 0.3504
v 0.1353 7.7718 0.3506
v 0.0657 7.7944 0.2101
v 0.0403 7.824 -0.0176
v 0.0688 7.8493 -0.2454
v 0.1402 7.8606 -0.3863
v 0.2272 7.8536 -0.3866
v 0.2968 7.831 -0.246
v 0.3221 7.8014 -0.0184
v 0.2786 7.6741 -0.034
v 0.2569 7.6547 0.1403
v 0.2022 7.6461 0.2482
v 0.1356 7.6514 0.2484
v 0.0824 7.6687 0.1409
v 0.0629 7.6914 -0.0334
v 0.0847 7.7107 -0.2077
v 0.1393 7.7193 -0.3156
v 0.206 7.714 -0.3158
v 0.2592 7.6967 -0.2083
v 0.2786 7.6741 -0.034
v 0.2221 7.5912 -0.0444
v 0.2104 7.5807 0.05
v 0.1808 7.576 0.1084
v 0.1447 7.5789 0.1085
v 0.1159 7.5883 0.0503
v 0.1054 7.6005 -0.044
v 0.1172 7.611 -0.1384
v 0.1468 7.6157 -0.1968
v 0.1828 7.6128 -0.1969
v 0.2116 7.6034 -0.1387
v 0.2221 7.5912 -0.0444
v 0.1613 7.5653 -0.0479
v 0.1613 7.5653 -0.0479
v 0.1613 7.5653 -0.0479
v 0.1613 7.5653 -0.0479
v 0.1613 7.5653 -0.0479
v 0.1613 7.5653 -0.0479
v 0.1613 7.5653 -0.0479
v 0.1613 7.5653 -0.0479
v 0.1613 7.5653 -0.0479
v 0.1613 7.5653 -0.0479
v 0.1613 7.5653 -0.0479
v 0.0799 8.363 0.1935
v 0.0799 8.363 0.1935
v 0.0799 8.363 0.1935
v 0.0799 8.363 0.1935
v 0.0799 8.363 0.1935
v 0.0799 8.363 0.1935
v 0.0799 8.363 0.1935
v 0.0799 8.363 0.1935
v 0.0799 8.363 0.1935
v 0.0799 8.363 0.1935
v 0.0799 8.363 0.1935
v 0.0736 8.3328 0.1349
v 0.1667 8.314 0.1458
v 0.2244 8.3023 0.1749
v 0.2245 8.3023 0.2111
v 0.167 8.3139 0.2406
v 0.0739 8.3328 0.252
v -0.0192 8.3517 0.2411
v -0.0769 8.3634 0.212
v -0.077 8.3634 0.1758
v -0.0195 8.3517 0.1464
v 0.0736 8.3328 0.1349
v 0.056 8.2468 0.0853
v 0.2281 8.2119 0.1055
v 0.3346 8.1904 0.1592
v 0.3348 8.1903 0.2261
v 0.2286 8.2119 0.2805
v 0.0566 8.2468 0.3017
v -0.1155 8.2816 0.2815
v -0.222 8.3032 0.2278
v -0.2222 8.3032 0.1609
v -0.116 8.2817 0.1065
v 0.056 8.2468 0.0853
v 0.0298 8.118 0.0522
v 0.2547 8.0725 0.0785
v 0.3938 8.0443 0.1488
v 0.3941 8.0443 0.2361
v 0.2554 8.0724 0.3072
v 0.0306 8.118 0.3349
v -0.1943 8.1636 0.3086
v -0.3334 8.1917 0.2383
v -0.3337 8.1918 0.151
v -0.1949 8.1636 0.0799
v 0.0298 8.118 0.0522
v -0.001 7.9661 0.0406
v 0.2424 7.9168 0.0691
v 0.393 7.8863 0.1451
v 0.3933 7.8863 0.2397
v 0.2431 7.9168 0.3166
v -0.0001 7.9661 0.3466
v -0.2435 8.0154 0.3181
v -0.3942 8.0459 0.2421
v -0.3944 8.0459 0.1475
v -0.2443 8.0155 0.0706
v -0.001 7.9661 0.0406
v -0.0318 7.8142 0.0523
v 0.1931 7.7687 0.0786
v 0.3322 7.7405 0.1489
v 0.3325 7.7405 0.2362
v 0.1938 7.7686 0.3073
v -0.0309 7.8142 0.335
v -0.2558 7.8598 0.3087
v -0.395 7.8879 0.2384
v -0.3952 7.888 0.1511
v -0.2565 7.8598 0.08
v -0.0318 7.8142 0.0523
v -0.0578 7.6855 0.0855
v 0.1143 7.6506 0.1057
v 0.2208 7.629 0.1594
v 0.221 7.629 0.2263
v 0.1148 7.6505 0.2807
v -0.0571 7.6854 0.3019
v -0.2293 7.7203 0.2817
v -0.3358 7.7419 0.228
v -0.336 7.7419 0.1611
v -0.2298 7.7203 0.1067
v -0.0578 7.6855 0.0855
v -0.0751 7.5994 0.1352
v 0.0181 7.5805 0.1461
v 0.0757 7.5689 0.1752
v 0.0758 7.5689 0.2114
v 0.0183 7.5805 0.2408
v -0.0747 7.5994 0.2523
v -0.1679 7.6183 0.2414
v -0.2255 7.6299 0.2123
v -0.2256 7.6299 0.1761
v -0.1682 7.6183 0.1466
v -0.0751 7.5994 0.1352
v -0.081 7.5692 0.1937
v -0.081 7.5692 0.1937
v -0.081 7.5692 0.1937
v -0.081 7.5692 0.1937
v -0.081 7.5692 0.1937
v -0.081 7.5692 0.1937
v -0.081 7.5692 0.1937
v -0.081 7.5692 0.1937
v -0.081 7.5692 0.1937
v -0.081 7.5692 0.1937
v -0.081 7.5692 0.1937
v -0.1616 8.3669 -0.0491
v -0.1616 8.3669 -0.0491
v -0.1616 8.3669 -0.0491
v -0.1616 8.3669 -0.0491
v -0.1616 8.3669 -0.0491
v -0.1616 8.3669 -0.0491
v -0.1616 8.3669 -0.0491
v -0.1616 8.3669 -0.0491
v -0.1616 8.3669 -0.0491
v -0.1616 8.3669 -0.0491
v -0.1616 8.3669 -0.0491
v -0.2224 8.3411 -0.0452
v -0.2125 8.3289 -0.1396
v -0.184 8.3196 -0.1979
v -0.1479 8.3167 -0.1981
v -0.118 8.3213 -0.1398
v -0.1057 8.3317 -0.0455
v -0.1156 8.3439 0.0488
v -0.1441 8.3533 0.1072
v -0.1802 8.3562 0.1073
v -0.2101 8.3515 0.0491
v -0.2224 8.3411 -0.0452
v -0.2788 8.2582 -0.0345
v -0.2604 8.2356 -0.2089
v -0.2079 8.2184 -0.3168
v -0.1412 8.213 -0.317
v -0.0859 8.2216 -0.2094
v -0.0631 8.2409 -0.0352
v -0.0815 8.2634 0.1392
v -0.1341 8.2807 0.2471
v -0.2007 8.286 0.2473
v -0.256 8.2774 0.1397
v -0.2788 8.2582 -0.0345
v -0.3223 8.1308 -0.0187
v -0.2982 8.1013 -0.2465
v -0.2295 8.0788 -0.3875
v -0.1425 8.0718 -0.3877
v -0.0702 8.083 -0.2472
v -0.0405 8.1082 -0.0196
v -0.0645 8.1377 0.2083
v -0.1332 8.1602 0.3492
v -0.2203 8.1672 0.3495
v -0.2925 8.156 0.2089
v -0.3223 8.1308 -0.0187
v -0.3461 7.9783 -0.0001
v -0.3201 7.9464 -0.2467
v -0.2458 7.922 -0.3993
v -0.1515 7.9145 -0.3996
v -0.0733 7.9267 -0.2474
v -0.0411 7.9539 -0.001
v -0.0671 7.9858 0.2455
v -0.1414 8.0102 0.3981
v -0.2357 8.0177 0.3984
v -0.3139 8.0056 0.2463
v -0.3461 7.9783 -0.0001
v -0.3467 7.824 0.0184
v -0.3227 7.7945 -0.2094
v -0.254 7.772 -0.3504
v -0.1669 7.765 -0.3506
v -0.0947 7.7763 -0.2101
v -0.0649 7.8014 0.0176
v -0.089 7.8309 0.2454
v -0.1577 7.8534 0.3863
v -0.2447 7.8604 0.3866
v -0.317 7.8492 0.246
v -0.3467 7.824 0.0184
v -0.3241 7.6913 0.034
v -0.3057 7.6688 -0.1403
v -0.2531 7.6515 -0.2482
v -0.1864 7.6462 -0.2484
v -0.1312 7.6548 -0.1409
v -0.1084 7.674 0.0334
v -0.1268 7.6966 0.2077
v -0.1793 7.7139 0.3156
v -0.246 7.7192 0.3158
v -0.3013 7.7106 0.2083
v -0.3241 7.6913 0.034
v -0.2815 7.6005 0.0444
v -0.2716 7.5883 -0.05
v -0.2431 7.5789 -0.1084
v -0.207 7.5761 -0.1085
v -0.1771 7.5807 -0.0503
v -0.1648 7.5911 0.044
v -0.1747 7.6033 0.1384
v -0.2032 7.6127 0.1968
v -0.2393 7.6156 0.1969
v -0.2692 7.6109 0.1387
v -0.2815 7.6005 0.0444
v -0.2256 7.5653 0.0479
v -0.2256 7.5653 0.0479
v -0.2256 7.5653 0.0479
v -0.2256 7.5653 0.0479
v -0.2256 7.5653 0.0479
v -0.2256 7.5653 0.0479
v -0.2256 7.5653 0.0479
v -0.2256 7.5653 0.0479
v -0.2256 7.5653 0.0479
v -0.2256 7.5653 0.0479
v -0.2256 7.5653 0.0479
v -0.0156 8.3708 -0.1935
v -0.0156 8.3708 -0.1935
v -0.0156 8.3708 -0.1935
v -0.0156 8.3708 -0.1935
v -0.0156 8.3708 -0.1935
v -0.0156 8.3708 -0.1935
v -0.0156 8.3708 -0.1935
v -0.0156 8.3708 -0.1935
v -0.0156 8.3708 -0.1935
v -0.0156 8.3708 -0.1935
v -0.0156 8.3708 -0.1935
v -0.0142 8.34 -0.1349
v -0.1092 8.3362 -0.1458
v -0.1679 8.3338 -0.1749
v -0.168 8.3338 -0.2111
v -0.1095 8.3362 -0.2406
v -0.0146 8.34 -0.252
v 0.0804 8.3438 -0.2411
v 0.1392 8.3461 -0.212
v 0.1393 8.3461 -0.1758
v 0.0807 8.3438 -0.1464
v -0.0142 8.34 -0.1349
v -0.0106 8.2522 -0.0853
v -0.186 8.2452 -0.1055
v -0.2946 8.2409 -0.1592
v -0.2948 8.2409 -0.2261
v -0.1866 8.2453 -0.2805
v -0.0112 8.2523 -0.3017
v 0.1643 8.2593 -0.2815
v 0.2729 8.2636 -0.2278
v 0.2731 8.2636 -0.1609
v 0.1648 8.2593 -0.1065
v -0.0106 8.2522 -0.0853
v -0.0052 8.1209 -0.0522
v -0.2345 8.1118 -0.0785
v -0.3763 8.1061 -0.1488
v -0.3766 8.1061 -0.2361
v -0.2352 8.1118 -0.3072
v -0.006 8.121 -0.3349
v 0.2232 8.1302 -0.3086
v 0.3651 8.1358 -0.2383
v 0.3654 8.1358 -0.151
v 0.2239 8.1301 -0.0799
v -0.0052 8.1209 -0.0522
v 0.001 7.9661 -0.0406
v -0.2471 7.9562 -0.0691
v -0.4007 7.95 -0.1451
v -0.401 7.9501 -0.2397
v -0.2479 7.9562 -0.3166
v 0.0001 7.9661 -0.3466
v 0.2483 7.9761 -0.3181
v 0.4018 7.9822 -0.2421
v 0.4021 7.9822 -0.1475
v 0.249 7.976 -0.0706
v 0.001 7.9661 -0.0406
v 0.0072 7.8112 -0.0523
v -0.2221 7.802 -0.0786
v -0.3639 7.7964 -0.1489
v -0.3642 7.7964 -0.2362
v -0.2228 7.8021 -0.3073
v 0.0064 7.8113 -0.335
v 0.2356 7.8204 -0.3087
v 0.3775 7.8261 -0.2384
v 0.3778 7.8261 -0.1511
v 0.2363 7.8204 -0.08
v 0.0072 7.8112 -0.0523
v 0.0124 7.6799 -0.0855
v -0.1631 7.6729 -0.1057
v -0.2717 7.6686 -0.1594
v -0.2719 7.6686 -0.2263
v -0.1637 7.673 -0.2807
v 0.0117 7.68 -0.3019
v 0.1872 7.687 -0.2817
v 0.2958 7.6913 -0.228
v 0.296 7.6913 -0.1611
v 0.1877 7.687 -0.1067
v 0.0124 7.6799 -0.0855
v 0.0157 7.5922 -0.1352
v -0.0793 7.5884 -0.1461
v -0.138 7.5861 -0.1752
v -0.1381 7.5861 -0.2114
v -0.0795 7.5885 -0.2408
v 0.0154 7.5923 -0.2523
v 0.1103 7.5961 -0.2414
v 0.1691 7.5984 -0.2123
v 0.1692 7.5984 -0.1761
v 0.1106 7.596 -0.1466
v 0.0157 7.5922 -0.1352
v 0.0168 7.5614 -0.1937
v 0.0168 7.5614 -0.1937
v 0.0168 7.5614 -0.1937
v 0.0168 7.5614 -0.1937
v 0.0168 7.5614 -0.1937
v 0.0168 7.5614 -0.1937
v 0.0168 7.5614 -0.1937
v 0.0168 7.5614 -0.1937
v 0.0168 7.5614 -0.1937
v 0.0168 7.5614 -0.1937
v 0.0168 7.5614 -0.1937
vt 0 0
vt 0.1 0
vt 0.2 0
vt 0.3 0
vt 0.4 0
vt 0.5 0
vt 0.6 0
vt 0.7 0
vt 0.8 0
vt 0.9 0
vt 0 1
vt 0.1 1
vt 0.2 1
vt 0.3 1
vt 0.4 1
vt 0.5 1
vt 0.6 1
vt 0.7 1
vt 0.8 1
vt 0.9 1
vt 0.5 0.5
vt 0.5 0.5
vt 0 0
vt 0.1 0
vt 0.2 0
vt 0.3 0
vt 0.4 0
vt 0.5 0
vt 0.6 0
vt 0.7 0
vt 0.8 0
vt 0.9 0
vt 0 1
vt 0.1 1
vt 0.2 1
vt 0.3 1
vt 0.4 1
vt 0.5 1
vt 0.6 1
vt 0.7 1
vt 0.8 1
vt 0.9 1
vt 0.5 0.5
vt 0.5 0.5
vt 0 0
vt 0.125 0
vt 0.25 0
vt 0.375 0
vt 0.5 0
vt 0.625 0
vt 0.75 0
vt 0.875 0
vt 0 1
vt 0.125 1
vt 0.25 1
vt 0.375 1
vt 0.5 1
vt 0.625 1
vt 0.75 1
vt 0.875 1
vt 0.5 0.5
vt 0.5 0.5
vt 0 0
vt 0.14285714285714285 0
vt 0.2857142857142857 0
vt 0.42857142857142855 0
vt 0.5714285714285714 0
vt 0.7142857142857143 0
vt 0.8571428571428571 0
vt 0 1
vt 0.14285714285714285 1
vt 0.2857142857142857 1
vt 0.42857142857142855 1
vt 0.5714285714285714 1
vt 0.7142857142857143 1
vt 0.8571428571428571 1
vt 0.5 0.5
vt 0.5 0.5
vt 0.5 0.5
vt 0.5 0.5
vt 0.5 0.5
vt 0.5 0.5
vt 0.5 0.5
vt 0.5 0.5
vt 0.5 0.5
vt 0.5 0.5
vt 0.5 0.5
vt 0.5 0.5
vt 0.5 0.5
vt 0.5 0.5
vt 0.5 0.5
vt 0.5 0.5
vt 0.5 0.5
vt 0.5 0.5
vt 0.5 0.5
vt 0.5 0.5
vt 0.5 0.5
vt 0.5 0.5
vt 0 0
vt 0.1 0
vt 0.2 0
vt 0.3 0
vt 0.4 0
vt 0.5 0
vt 0.6 0
vt 0.7 0
vt 0.8 0
vt 0.9 0
vt 1 0
vt 0 0.125
vt 0.1 0.125
vt 0.2 0.125
vt 0.3 0.125
vt 0.4 0.125
vt 0.5 0.125
vt 0.6 0.125
vt 0.7 0.125
vt 0.8 0.125
vt 0.9 0.125
vt 1 0.125
vt 0 0.25
vt 0.1 0.25
vt 0.2 0.25
vt 0.3 0.25
vt 0.4 0.25
vt 0.5 0.25
vt 0.6 0.25
vt 0.7 0.25
vt 0.8 0.25
vt 0.9 0.25
vt 1 0.25
vt 0 0.375
vt 0.1 0.375
vt 0.2 0.375
vt 0.3 0.375
vt 0.4 0.375
vt 0.5 0.375
vt 0.6 0.375
vt 0.7 0.375
vt 0.8 0.375
vt 0.9 0.375
vt 1 0.375
vt 0 0.5
vt 0.1 0.5
vt 0.2 0.5
vt 0.3 0.5
vt 0.4 0.5
vt 0.5 0.5
vt 0.6 0.5
vt 0.7 0.5
vt 0.8 0.5
vt 0.9 0.5
vt 1 0.5
vt 0 0.625
vt 0.1 0.625
vt 0.2 0.625
vt 0.3 0.625
vt 0.4 0.625
vt 0.5 0.625
vt 0.6 0.625
vt 0.7 0.625
vt 0.8 0.625
vt 0.9 0.625
vt 1 0.625
vt 0 0.75
vt 0.1 0.75
vt 0.2 0.75
vt 0.3 0.75
vt 0.4 0.75
vt 0.5 0.75
vt 0.6 0.75
vt 0.7 0.75
vt 0.8 0.75
vt 0.9 0.75
vt 1 0.75
vt 0 0.875
vt 0.1 0.875
vt 0.2 0.875
vt 0.3 0.875
vt 0.4 0.875
vt 0.5 0.875
vt 0.6 0.875
vt 0.7 0.875
vt 0.8 0.875
vt 0.9 0.875
vt 1 0.875
vt 0 1
vt 0.1 1
vt 0.2 1
vt 0.3 1
vt 0.4 1
vt 0.5 1
vt 0.6 1
vt 0.7 1
vt 0.8 1
vt 0.9 1
vt 1 1
vt 0 0
vt 0.1 0
vt 0.2 0
vt 0.3 0
vt 0.4 0
vt 0.5 0
vt 0.6 0
vt 0.7 0
vt 0.8 0
vt 0.9 0
vt 1 0
vt 0 0.125
vt 0.1 0.125
vt 0.2 0.125
vt 0.3 0.125
vt 0.4 0.125
vt 0.5 0.125
vt 0.6 0.125
vt 0.7 0.125
vt 0.8 0.125
vt 0.9 0.125
vt 1 0.125
vt 0 0.25
vt 0.1 0.25
vt 0.2 0.25
vt 0.3 0.25
vt 0.4 0.25
vt 0.5 0.25
vt 0.6 0.25
vt 0.7 0.25
vt 0.8 0.25
vt 0.9 0.25
vt 1 0.25
vt 0 0.375
vt 0.1 0.375
vt 0.2 0.375
vt 0.3 0.375
vt 0.4 0.375
vt 0.5 0.375
vt 0.6 0.375
vt 0.7 0.375
vt 0.8 0.375
vt 0.9 0.375
vt 1 0.375
vt 0 0.5
vt 0.1 0.5
vt 0.2 0.5
vt 0.3 0.5
vt 0.4 0.5
vt 0.5 0.5
vt 0.6 0.5
vt 0.7 0.5
vt 0.8 0.5
vt 0.9 0.5
vt 1 0.5
vt 0 0.625
vt 0.1 0.625
vt 0.2 0.625
vt 0.3 0.625
vt 0.4 0.625
vt 0.5 0.625
vt 0.6 0.625
vt 0.7 0.625
vt 0.8 0.625
vt 0.9 0.625
vt 1 0.625
vt 0 0.75
vt 0.1 0.75
vt 0.2 0.75
vt 0.3 0.75
vt 0.4 0.75
vt 0.5 0.75
vt 0.6 0.75
vt 0.7 0.75
vt 0.8 0.75
vt 0.9 0.75
vt 1 0.75
vt 0 0.875
vt 0.1 0.875
vt 0.2 0.875
vt 0.3 0.875
vt 0.4 0.875
vt 0.5 0.875
vt 0.6 0.875
vt 0.7 0.875
vt 0.8 0.875
vt 0.9 0.875
vt 1 0.875
vt 0 1
vt 0.1 1
vt 0.2 1
vt 0.3 1
vt 0.4 1
vt 0.5 1
vt 0.6 1
vt 0.7 1
vt 0.8 1
vt 0.9 1
vt 1 1
vt 0 0
vt 0.1 0
vt 0.2 0
vt 0.3 0
vt 0.4 0
vt 0.5 0
vt 0.6 0
vt 0.7 0
vt 0.8 0
vt 0.9 0
vt 1 0
vt 0 0.125
vt 0.1 0.125
vt 0.2 0.125
vt 0.3 0.125
vt 0.4 0.125
vt 0.5 0.125
vt 0.6 0.125
vt 0.7 0.125
vt 0.8 0.125
vt 0.9 0.125
vt 1 0.125
vt 0 0.25
vt 0.1 0.25
vt 0.2 0.25
vt 0.3 0.25
vt 0.4 0.25
vt 0.5 0.25
vt 0.6 0.25
vt 0.7 0.25
vt 0.8 0.25
vt 0.9 0.25
vt 1 0.25
vt 0 0.375
vt 0.1 0.375
vt 0.2 0.375
vt 0.3 0.375
vt 0.4 0.375
vt 0.5 0.375
vt 0.6 0.375
vt 0.7 0.375
vt 0.8 0.375
vt 0.9 0.375
vt 1 0.375
vt 0 0.5
vt 0.1 0.5
vt 0.2 0.5
vt 0.3 0.5
vt 0.4 0.5
vt 0.5 0.5
vt 0.6 0.5
vt 0.7 0.5
vt 0.8 0.5
vt 0.9 0.5
vt 1 0.5
vt 0 0.625
vt 0.1 0.625
vt 0.2 0.625
vt 0.3 0.625
vt 0.4 0.625
vt 0.5 0.625
vt 0.6 0.625
vt 0.7 0.625
vt 0.8 0.625
vt 0.9 0.625
vt 1 0.625
vt 0 0.75
vt 0.1 0.75
vt 0.2 0.75
vt 0.3 0.75
vt 0.4 0.75
vt 0.5 0.75
vt 0.6 0.75
vt 0.7 0.75
vt 0.8 0.75
vt 0.9 0.75
vt 1 0.75
vt 0 0.875
vt 0.1 0.875
vt 0.2 0.875
vt 0.3 0.875
vt 0.4 0.875
vt 0.5 0.875
vt 0.6 0.875
vt 0.7 0.875
vt 0.8 0.875
vt 0.9 0.875
vt 1 0.875
vt 0 1
vt 0.1 1
vt 0.2 1
vt 0.3 1
vt 0.4 1
vt 0.5 1
vt 0.6 1
vt 0.7 1
vt 0.8 1
vt 0.9 1
vt 1 1
vt 0 0
vt 0.1 0
vt 0.2 0
vt 0.3 0
vt 0.4 0
vt 0.5 0
vt 0.6 0
vt 0.7 0
vt 0.8 0
vt 0.9 0
vt 1 0
vt 0 0.125
vt 0.1 0.125
vt 0.2 0.125
vt 0.3 0.125
vt 0.4 0.125
vt 0.5 0.125
vt 0.6 0.125
vt 0.7 0.125
vt 0.8 0.125
vt 0.9 0.125
vt 1 0.125
vt 0 0.25
vt 0.1 0.25
vt 0.2 0.25
vt 0.3 0.25
vt 0.4 0.25
vt 0.5 0.25
vt 0.6 0.25
vt 0.7 0.25
vt 0.8 0.25
vt 0.9 0.25
vt 1 0.25
vt 0 0.375
vt 0.1 0.375
vt 0.2 0.375
vt 0.3 0.375
vt 0.4 0.375
vt 0.5 0.375
vt 0.6 0.375
vt 0.7 0.375
vt 0.8 0.375
vt 0.9 0.375
vt 1 0.375
vt 0 0.5
vt 0.1 0.5
vt 0.2 0.5
vt 0.3 0.5
vt 0.4 0.5
vt 0.5 0.5
vt 0.6 0.5
vt 0.7 0.5
vt 0.8 0.5
vt 0.9 0.5
vt 1 0.5
vt 0 0.625
vt 0.1 0.625
vt 0.2 0.625
vt 0.3 0.625
vt 0.4 0.625
vt 0.5 0.625
vt 0.6 0.625
vt 0.7 0.625
vt 0.8 0.625
vt 0.9 0.625
vt 1 0.625
vt 0 0.75
vt 0.1 0.75
vt 0.2 0.75
vt 0.3 0.75
vt 0.4 0.75
vt 0.5 0.75
vt 0.6 0.75
vt 0.7 0.75
vt 0.8 0.75
vt 0.9 0.75
vt 1 0.75
vt 0 0.875
vt 0.1 0.875
vt 0.2 0.875
vt 0.3 0.875
vt 0.4 0.875
vt 0.5 0.875
vt 0.6 0.875
vt 0.7 0.875
vt 0.8 0.875
vt 0.9 0.875
vt 1 0.875
vt 0 1
vt 0.1 1
vt 0.2 1
vt 0.3 1
vt 0.4 1
vt 0.5 1
vt 0.6 1
vt 0.7 1
vt 0.8 1
vt 0.9 1
vt 1 1
vt 0 0
vt 0.125 0
vt 0.25 0
vt 0.375 0
vt 0.5 0
vt 0.625 0
vt 0.75 0
vt 0.875 0
vt 0 1
vt 0.125 1
vt 0.25 1
vt 0.375 1
vt 0.5 1
vt 0.625 1
vt 0.75 1
vt 0.875 1
vt 0.5 0.5
vt 0.5 0.5
vt 0 0
vt 0.14285714285714285 0
vt 0.2857142857142857 0
vt 0.42857142857142855 0
vt 0.5714285714285714 0
vt 0.7142857142857143 0
vt 0.8571428571428571 0
vt 0 1
vt 0.14285714285714285 1
vt 0.2857142857142857 1
vt 0.42857142857142855 1
vt 0.5714285714285714 1
vt 0.7142857142857143 1
vt 0.8571428571428571 1
vt 0.5 0.5
vt 0.5 0.5
vt 0.5 0.5
vt 0.5 0.5
vt 0.5 0.5
vt 0.5 0.5
vt 0.5 0.5
vt 0.5 0.5
vt 0.5 0.5
vt 0.5 0.5
vt 0.5 0.5
vt 0.5 0.5
vt 0.5 0.5
vt 0.5 0.5
vt 0.5 0.5
vt 0.5 0.5
vt 0.5 0.5
vt 0.5 0.5
vt 0.5 0.5
vt 0.5 0.5
vt 0.5 0.5
vt 0.5 0.5
vt 0 0
vt 0.1 0
vt 0.2 0
vt 0.3 0
vt 0.4 0
vt 0.5 0
vt 0.6 0
vt 0.7 0
vt 0.8 0
vt 0.9 0
vt 1 0
vt 0 0.125
vt 0.1 0.125
vt 0.2 0.125
vt 0.3 0.125
vt 0.4 0.125
vt 0.5 0.125
vt 0.6 0.125
vt 0.7 0.125
vt 0.8 0.125
vt 0.9 0.125
vt 1 0.125
vt 0 0.25
vt 0.1 0.25
vt 0.2 0.25
vt 0.3 0.25
vt 0.4 0.25
vt 0.5 0.25
vt 0.6 0.25
vt 0.7 0.25
vt 0.8 0.25
vt 0.9 0.25
vt 1 0.25
vt 0 0.375
vt 0.1 0.375
vt 0.2 0.375
vt 0.3 0.375
vt 0.4 0.375
vt 0.5 0.375
vt 0.6 0.375
vt 0.7 0.375
vt 0.8 0.375
vt 0.9 0.375
vt 1 0.375
vt 0 0.5
vt 0.1 0.5
vt 0.2 0.5
vt 0.3 0.5
vt 0.4 0.5
vt 0.5 0.5
vt 0.6 0.5
vt 0.7 0.5
vt 0.8 0.5
vt 0.9 0.5
vt 1 0.5
vt 0 0.625
vt 0.1 0.625
vt 0.2 0.625
vt 0.3 0.625
vt 0.4 0.625
vt 0.5 0.625
vt 0.6 0.625
vt 0.7 0.625
vt 0.8 0.625
vt 0.9 0.625
vt 1 0.625
vt 0 0.75
vt 0.1 0.75
vt 0.2 0.75
vt 0.3 0.75
vt 0.4 0.75
vt 0.5 0.75
vt 0.6 0.75
vt 0.7 0.75
vt 0.8 0.75
vt 0.9 0.75
vt 1 0.75
vt 0 0.875
vt 0.1 0.875
vt 0.2 0.875
vt 0.3 0.875
vt 0.4 0.875
vt 0.5 0.875
vt 0.6 0.875
vt 0.7 0.875
vt 0.8 0.875
vt 0.9 0.875
vt 1 0.875
vt 0 1
vt 0.1 1
vt 0.2 1
vt 0.3 1
vt 0.4 1
vt 0.5 1
vt 0.6 1
vt 0.7 1
vt 0.8 1
vt 0.9 1
vt 1 1
vt 0 0
vt 0.1 0
vt 0.2 0
vt 0.3 0
vt 0.4 0
vt 0.5 0
vt 0.6 0
vt 0.7 0
vt 0.8 0
vt 0.9 0
vt 1 0
vt 0 0.125
vt 0.1 0.125
vt 0.2 0.125
vt 0.3 0.125
vt 0.4 0.125
vt 0.5 0.125
vt 0.6 0.125
vt 0.7 0.125
vt 0.8 0.125
vt 0.9 0.125
vt 1 0.125
vt 0 0.25
vt 0.1 0.25
vt 0.2 0.25
vt 0.3 0.25
vt 0.4 0.25
vt 0.5 0.25
vt 0.6 0.25
vt 0.7 0.25
vt 0.8 0.25
vt 0.9 0.25
vt 1 0.25
vt 0 0.375
vt 0.1 0.375
vt 0.2 0.375
vt 0.3 0.375
vt 0.4 0.375
vt 0.5 0.375
vt 0.6 0.375
vt 0.7 0.375
vt 0.8 0.375
vt 0.9 0.375
vt 1 0.375
vt 0 0.5
vt 0.1 0.5
vt 0.2 0.5
vt 0.3 0.5
vt 0.4 0.5
vt 0.5 0.5
vt 0.6 0.5
vt 0.7 0.5
vt 0.8 0.5
vt 0.9 0.5
vt 1 0.5
vt 0 0.625
vt 0.1 0.625
vt 0.2 0.625
vt 0.3 0.625
vt 0.4 0.625
vt 0.5 0.625
vt 0.6 0.625
vt 0.7 0.625
vt 0.8 0.625
vt 0.9 0.625
vt 1 0.625
vt 0 0.75
vt 0.1 0.75
vt 0.2 0.75
vt 0.3 0.75
vt 0.4 0.75
vt 0.5 0.75
vt 0.6 0.75
vt 0.7 0.75
vt 0.8 0.75
vt 0.9 0.75
vt 1 0.75
vt 0 0.875
vt 0.1 0.875
vt 0.2 0.875
vt 0.3 0.875
vt 0.4 0.875
vt 0.5 0.875
vt 0.6 0.875
vt 0.7 0.875
vt 0.8 0.875
vt 0.9 0.875
vt 1 0.875
vt 0 1
vt 0.1 1
vt 0.2 1
vt 0.3 1
vt 0.4 1
vt 0.5 1
vt 0.6 1
vt 0.7 1
vt 0.8 1
vt 0.9 1
vt 1 1
vt 0 0
vt 0.1 0
vt 0.2 0
vt 0.3 0
vt 0.4 0
vt 0.5 0
vt 0.6 0
vt 0.7 0
vt 0.8 0
vt 0.9 0
vt 1 0
vt 0 0.125
vt 0.1 0.125
vt 0.2 0.125
vt 0.3 0.125
vt 0.4 0.125
vt 0.5 0.125
vt 0.6 0.125
vt 0.7 0.125
vt 0.8 0.125
vt 0.9 0.125
vt 1 0.125
vt 0 0.25
vt 0.1 0.25
vt 0.2 0.25
vt 0.3 0.25
vt 0.4 0.25
vt 0.5 0.25
vt 0.6 0.25
vt 0.7 0.25
vt 0.8 0.25
vt 0.9 0.25
vt 1 0.25
vt 0 0.375
vt 0.1 0.375
vt 0.2 0.375
vt 0.3 0.375
vt 0.4 0.375
vt 0.5 0.375
vt 0.6 0.375
vt 0.7 0.375
vt 0.8 0.375
vt 0.9 0.375
vt 1 0.375
vt 0 0.5
vt 0.1 0.5
vt 0.2 0.5
vt 0.3 0.5
vt 0.4 0.5
vt 0.5 0.5
vt 0.6 0.5
vt 0.7 0.5
vt 0.8 0.5
vt 0.9 0.5
vt 1 0.5
vt 0 0.625
vt 0.1 0.625
vt 0.2 0.625
vt 0.3 0.625
vt 0.4 0.625
vt 0.5 0.625
vt 0.6 0.625
vt 0.7 0.625
vt 0.8 0.625
vt 0.9 0.625
vt 1 0.625
vt 0 0.75
vt 0.1 0.75
vt 0.2 0.75
vt 0.3 0.75
vt 0.4 0.75
vt 0.5 0.75
vt 0.6 0.75
vt 0.7 0.75
vt 0.8 0.75
vt 0.9 0.75
vt 1 0.75
vt 0 0.875
vt 0.1 0.875
vt 0.2 0.875
vt 0.3 0.875
vt 0.4 0.875
vt 0.5 0.875
vt 0.6 0.875
vt 0.7 0.875
vt 0.8 0.875
vt 0.9 0.875
vt 1 0.875
vt 0 1
vt 0.1 1
vt 0.2 1
vt 0.3 1
vt 0.4 1
vt 0.5 1
vt 0.6 1
vt 0.7 1
vt 0.8 1
vt 0.9 1
vt 1 1
vt 0 0
vt 0.1 0
vt 0.2 0
vt 0.3 0
vt 0.4 0
vt 0.5 0
vt 0.6 0
vt 0.7 0
vt 0.8 0
vt 0.9 0
vt 1 0
vt 0 0.125
vt 0.1 0.125
vt 0.2 0.125
vt 0.3 0.125
vt 0.4 0.125
vt 0.5 0.125
vt 0.6 0.125
vt 0.7 0.125
vt 0.8 0.125
vt 0.9 0.125
vt 1 0.125
vt 0 0.25
vt 0.1 0.25
vt 0.2 0.25
vt 0.3 0.25
vt 0.4 0.25
vt 0.5 0.25
vt 0.6 0.25
vt 0.7 0.25
vt 0.8 0.25
vt 0.9 0.25
vt 1 0.25
vt 0 0.375
vt 0.1 0.375
vt 0.2 0.375
vt 0.3 0.375
vt 0.4 0.375
vt 0.5 0.375
vt 0.6 0.375
vt 0.7 0.375
vt 0.8 0.375
vt 0.9 0.375
vt 1 0.375
vt 0 0.5
vt 0.1 0.5
vt 0.2 0.5
vt 0.3 0.5
vt 0.4 0.5
vt 0.5 0.5
vt 0.6 0.5
vt 0.7 0.5
vt 0.8 0.5
vt 0.9 0.5
vt 1 0.5
vt 0 0.625
vt 0.1 0.625
vt 0.2 0.625
vt 0.3 0.625
vt 0.4 0.625
vt 0.5 0.625
vt 0.6 0.625
vt 0.7 0.625
vt 0.8 0.625
vt 0.9 0.625
vt 1 0.625
vt 0 0.75
vt 0.1 0.75
vt 0.2 0.75
vt 0.3 0.75
vt 0.4 0.75
vt 0.5 0.75
vt 0.6 0.75
vt 0.7 0.75
vt 0.8 0.75
vt 0.9 0.75
vt 1 0.75
vt 0 0.875
vt 0.1 0.875
vt 0.2 0.875
vt 0.3 0.875
vt 0.4 0.875
vt 0.5 0.875
vt 0.6 0.875
vt 0.7 0.875
vt 0.8 0.875
vt 0.9 0.875
vt 1 0.875
vt 0 1
vt 0.1 1
vt 0.2 1
vt 0.3 1
vt 0.4 1
vt 0.5 1
vt 0.6 1
vt 0.7 1
vt 0.8 1
vt 0.9 1
vt 1 1
vt 0 0
vt 0.125 0
vt 0.25 0
vt 0.375 0
vt 0.5 0
vt 0.625 0
vt 0.75 0
vt 0.875 0
vt 0 1
vt 0.125 1
vt 0.25 1
vt 0.375 1
vt 0.5 1
vt 0.625 1
vt 0.75 1
vt 0.875 1
vt 0.5 0.5
vt 0.5 0.5
vt 0 0
vt 0.14285714285714285 0
vt 0.2857142857142857 0
vt 0.42857142857142855 0
vt 0.5714285714285714 0
vt 0.7142857142857143 0
vt 0.8571428571428571 0
vt 0 1
vt 0.14285714285714285 1
vt 0.2857142857142857 1
vt 0.42857142857142855 1
vt 0.5714285714285714 1
vt 0.7142857142857143 1
vt 0.8571428571428571 1
vt 0.5 0.5
vt 0.5 0.5
vt 0.5 0.5
vt 0.5 0.5
vt 0.5 0.5
vt 0.5 0.5
vt 0.5 0.5
vt 0.5 0.5
vt 0.5 0.5
vt 0.5 0.5
vt 0.5 0.5
vt 0.5 0.5
vt 0.5 0.5
vt 0.5 0.5
vt 0.5 0.5
vt 0.5 0.5
vt 0.5 0.5
vt 0.5 0.5
vt 0.5 0.5
vt 0.5 0.5
vt 0.5 0.5
vt 0.5 0.5
vt 0 0
vt 0.1 0
vt 0.2 0
vt 0.3 0
vt 0.4 0
vt 0.5 0
vt 0.6 0
vt 0.7 0
vt 0.8 0
vt 0.9 0
vt 1 0
vt 0 0.125
vt 0.1 0.125
vt 0.2 0.125
vt 0.3 0.125
vt 0.4 0.125
vt 0.5 0.125
vt 0.6 0.125
vt 0.7 0.125
vt 0.8 0.125
vt 0.9 0.125
vt 1 0.125
vt 0 0.25
vt 0.1 0.25
vt 0.2 0.25
vt 0.3 0.25
vt 0.4 0.25
vt 0.5 0.25
vt 0.6 0.25
vt 0.7 0.25
vt 0.8 0.25
vt 0.9 0.25
vt 1 0.25
vt 0 0.375
vt 0.1 0.375
vt 0.2 0.375
vt 0.3 0.375
vt 0.4 0.375
vt 0.5 0.375
vt 0.6 0.375
vt 0.7 0.375
vt 0.8 0.375
vt 0.9 0.375
vt 1 0.375
vt 0 0.5
vt 0.1 0.5
vt 0.2 0.5
vt 0.3 0.5
vt 0.4 0.5
vt 0.5 0.5
vt 0.6 0.5
vt 0.7 0.5
vt 0.8 0.5
vt 0.9 0.5
vt 1 0.5
vt 0 0.625
vt 0.1 0.625
vt 0.2 0.625
vt 0.3 0.625
vt 0.4 0.625
vt 0.5 0.625
vt 0.6 0.625
vt 0.7 0.625
vt 0.8 0.625
vt 0.9 0.625
vt 1 0.625
vt 0 0.75
vt 0.1 0.75
vt 0.2 0.75
vt 0.3 0.75
vt 0.4 0.75
vt 0.5 0.75
vt 0.6 0.75
vt 0.7 0.75
vt 0.8 0.75
vt 0.9 0.75
vt 1 0.75
vt 0 0.875
vt 0.1 0.875
vt 0.2 0.875
vt 0.3 0.875
vt 0.4 0.875
vt 0.5 0.875
vt 0.6 0.875
vt 0.7 0.875
vt 0.8 0.875
vt 0.9 0.875
vt 1 0.875
vt 0 1
vt 0.1 1
vt 0.2 1
vt 0.3 1
vt 0.4 1
vt 0.5 1
vt 0.6 1
vt 0.7 1
vt 0.8 1
vt 0.9 1
vt 1 1
vt 0 0
vt 0.1 0
vt 0.2 0
vt 0.3 0
vt 0.4 0
vt 0.5 0
vt 0.6 0
vt 0.7 0
vt 0.8 0
vt 0.9 0
vt 1 0
vt 0 0.125
vt 0.1 0.125
vt 0.2 0.125
vt 0.3 0.125
vt 0.4 0.125
vt 0.5 0.125
vt 0.6 0.125
vt 0.7 0.125
vt 0.8 0.125
vt 0.9 0.125
vt 1 0.125
vt 0 0.25
vt 0.1 0.25
vt 0.2 0.25
vt 0.3 0.25
vt 0.4 0.25
vt 0.5 0.25
vt 0.6 0.25
vt 0.7 0.25
vt 0.8 0.25
vt 0.9 0.25
vt 1 0.25
vt 0 0.375
vt 0.1 0.375
vt 0.2 0.375
vt 0.3 0.375
vt 0.4 0.375
vt 0.5 0.375
vt 0.6 0.375
vt 0.7 0.375
vt 0.8 0.375
vt 0.9 0.375
vt 1 0.375
vt 0 0.5
vt 0.1 0.5
vt 0.2 0.5
vt 0.3 0.5
vt 0.4 0.5
vt 0.5 0.5
vt 0.6 0.5
vt 0.7 0.5
vt 0.8 0.5
vt 0.9 0.5
vt 1 0.5
vt 0 0.625
vt 0.1 0.625
vt 0.2 0.625
vt 0.3 0.625
vt 0.4 0.625
vt 0.5 0.625
vt 0.6 0.625
vt 0.7 0.625
vt 0.8 0.625
vt 0.9 0.625
vt 1 0.625
vt 0 0.75
vt 0.1 0.75
vt 0.2 0.75
vt 0.3 0.75
vt 0.4 0.75
vt 0.5 0.75
vt 0.6 0.75
vt 0.7 0.75
vt 0.8 0.75
vt 0.9 0.75
vt 1 0.75
vt 0 0.875
vt 0.1 0.875
vt 0.2 0.875
vt 0.3 0.875
vt 0.4 0.875
vt 0.5 0.875
vt 0.6 0.875
vt 0.7 0.875
vt 0.8 0.875
vt 0.9 0.875
vt 1 0.875
vt 0 1
vt 0.1 1
vt 0.2 1
vt 0.3 1
vt 0.4 1
vt 0.5 1
vt 0.6 1
vt 0.7 1
vt 0.8 1
vt 0.9 1
vt 1 1
vt 0 0
vt 0.1 0
vt 0.2 0
vt 0.3 0
vt 0.4 0
vt 0.5 0
vt 0.6 0
vt 0.7 0
vt 0.8 0
vt 0.9 0
vt 1 0
vt 0 0.125
vt 0.1 0.125
vt 0.2 0.125
vt 0.3 0.125
vt 0.4 0.125
vt 0.5 0.125
vt 0.6 0.125
vt 0.7 0.125
vt 0.8 0.125
vt 0.9 0.125
vt 1 0.125
vt 0 0.25
vt 0.1 0.25
vt 0.2 0.25
vt 0.3 0.25
vt 0.4 0.25
vt 0.5 0.25
vt 0.6 0.25
vt 0.7 0.25
vt 0.8 0.25
vt 0.9 0.25
vt 1 0.25
vt 0 0.375
vt 0.1 0.375
vt 0.2 0.375
vt 0.3 0.375
vt 0.4 0.375
vt 0.5 0.375
vt 0.6 0.375
vt 0.7 0.375
vt 0.8 0.375
vt 0.9 0.375
vt 1 0.375
vt 0 0.5
vt 0.1 0.5
vt 0.2 0.5
vt 0.3 0.5
vt 0.4 0.5
vt 0.5 0.5
vt 0.6 0.5
vt 0.7 0.5
vt 0.8 0.5
vt 0.9 0.5
vt 1 0.5
vt 0 0.625
vt 0.1 0.625
vt 0.2 0.625
vt 0.3 0.625
vt 0.4 0.625
vt 0.5 0.625
vt 0.6 0.625
vt 0.7 0.625
vt 0.8 0.625
vt 0.9 0.625
vt 1 0.625
vt 0 0.75
vt 0.1 0.75
vt 0.2 0.75
vt 0.3 0.75
vt 0.4 0.75
vt 0.5 0.75
vt 0.6 0.75
vt 0.7 0.75
vt 0.8 0.75
vt 0.9 0.75
vt 1 0.75
vt 0 0.875
vt 0.1 0.875
vt 0.2 0.875
vt 0.3 0.875
vt 0.4 0.875
vt 0.5 0.875
vt 0.6 0.875
vt 0.7 0.875
vt 0.8 0.875
vt 0.9 0.875
vt 1 0.875
vt 0 1
vt 0.1 1
vt 0.2 1
vt 0.3 1
vt 0.4 1
vt 0.5 1
vt 0.6 1
vt 0.7 1
vt 0.8 1
vt 0.9 1
vt 1 1
vt 0 0
vt 0.1 0
vt 0.2 0
vt 0.3 0
vt 0.4 0
vt 0.5 0
vt 0.6 0
vt 0.7 0
vt 0.8 0
vt 0.9 0
vt 1 0
vt 0 0.125
vt 0.1 0.125
vt 0.2 0.125
vt 0.3 0.125
vt 0.4 0.125
vt 0.5 0.125
vt 0.6 0.125
vt 0.7 0.125
vt 0.8 0.125
vt 0.9 0.125
vt 1 0.125
vt 0 0.25
vt 0.1 0.25
vt 0.2 0.25
vt 0.3 0.25
vt 0.4 0.25
vt 0.5 0.25
vt 0.6 0.25
vt 0.7 0.25
vt 0.8 0.25
vt 0.9 0.25
vt 1 0.25
vt 0 0.375
vt 0.1 0.375
vt 0.2 0.375
vt 0.3 0.375
vt 0.4 0.375
vt 0.5 0.375
vt 0.6 0.375
vt 0.7 0.375
vt 0.8 0.375
vt 0.9 0.375
vt 1 0.375
vt 0 0.5
vt 0.1 0.5
vt 0.2 0.5
vt 0.3 0.5
vt 0.4 0.5
vt 0.5 0.5
vt 0.6 0.5
vt 0.7 0.5
vt 0.8 0.5
vt 0.9 0.5
vt 1 0.5
vt 0 0.625
vt 0.1 0.625
vt 0.2 0.625
vt 0.3 0.625
vt 0.4 0.625
vt 0.5 0.625
vt 0.6 0.625
vt 0.7 0.625
vt 0.8 0.625
vt 0.9 0.625
vt 1 0.625
vt 0 0.75
vt 0.1 0.75
vt 0.2 0.75
vt 0.3 0.75
vt 0.4 0.75
vt 0.5 0.75
vt 0.6 0.75
vt 0.7 0.75
vt 0.8 0.75
vt 0.9 0.75
vt 1 0.75
vt 0 0.875
vt 0.1 0.875
vt 0.2 0.875
vt 0.3 0.875
vt 0.4 0.875
vt 0.5 0.875
vt 0.6 0.875
vt 0.7 0.875
vt 0.8 0.875
vt 0.9 0.875
vt 1 0.875
vt 0 1
vt 0.1 1
vt 0.2 1
vt 0.3 1
vt 0.4 1
vt 0.5 1
vt 0.6 1
vt 0.7 1
vt 0.8 1
vt 0.9 1
vt 1 1
vt 0 0
vt 0.125 0
vt 0.25 0
vt 0.375 0
vt 0.5 0
vt 0.625 0
vt 0.75 0
vt 0.875 0
vt 0 1
vt 0.125 1
vt 0.25 1
vt 0.375 1
vt 0.5 1
vt 0.625 1
vt 0.75 1
vt 0.875 1
vt 0.5 0.5
vt 0.5 0.5
vt 0 0
vt 0.14285714285714285 0
vt 0.2857142857142857 0
vt 0.42857142857142855 0
vt 0.5714285714285714 0
vt 0.7142857142857143 0
vt 0.8571428571428571 0
vt 0 1
vt 0.14285714285714285 1
vt 0.2857142857142857 1
vt 0.42857142857142855 1
vt 0.5714285714285714 1
vt 0.7142857142857143 1
vt 0.8571428571428571 1
vt 0.5 0.5
vt 0.5 0.5
vt 0.5 0.5
vt 0.5 0.5
vt 0.5 0.5
vt 0.5 0.5
vt 0.5 0.5
vt 0.5 0.5
vt 0.5 0.5
vt 0.5 0.5
vt 0.5 0.5
vt 0.5 0.5
vt 0.5 0.5
vt 0.5 0.5
vt 0.5 0.5
vt 0.5 0.5
vt 0.5 0.5
vt 0.5 0.5
vt 0.5 0.5
vt 0.5 0.5
vt 0.5 0.5
vt 0.5 0.5
vt 0 0
vt 0.1 0
vt 0.2 0
vt 0.3 0
vt 0.4 0
vt 0.5 0
vt 0.6 0
vt 0.7 0
vt 0.8 0
vt 0.9 0
vt 1 0
vt 0 0.125
vt 0.1 0.125
vt 0.2 0.125
vt 0.3 0.125
vt 0.4 0.125
vt 0.5 0.125
vt 0.6 0.125
vt 0.7 0.125
vt 0.8 0.125
vt 0.9 0.125
vt 1 0.125
vt 0 0.25
vt 0.1 0.25
vt 0.2 0.25
vt 0.3 0.25
vt 0.4 0.25
vt 0.5 0.25
vt 0.6 0.25
vt 0.7 0.25
vt 0.8 0.25
vt 0.9 0.25
vt 1 0.25
vt 0 0.375
vt 0.1 0.375
vt 0.2 0.375
vt 0.3 0.375
vt 0.4 0.375
vt 0.5 0.375
vt 0.6 0.375
vt 0.7 0.375
vt 0.8 0.375
vt 0.9 0.375
vt 1 0.375
vt 0 0.5
vt 0.1 0.5
vt 0.2 0.5
vt 0.3 0.5
vt 0.4 0.5
vt 0.5 0.5
vt 0.6 0.5
vt 0.7 0.5
vt 0.8 0.5
vt 0.9 0.5
vt 1 0.5
vt 0 0.625
vt 0.1 0.625
vt 0.2 0.625
vt 0.3 0.625
vt 0.4 0.625
vt 0.5 0.625
vt 0.6 0.625
vt 0.7 0.625
vt 0.8 0.625
vt 0.9 0.625
vt 1 0.625
vt 0 0.75
vt 0.1 0.75
vt 0.2 0.75
vt 0.3 0.75
vt 0.4 0.75
vt 0.5 0.75
vt 0.6 0.75
vt 0.7 0.75
vt 0.8 0.75
vt 0.9 0.75
vt 1 0.75
vt 0 0.875
vt 0.1 0.875
vt 0.2 0.875
vt 0.3 0.875
vt 0.4 0.875
vt 0.5 0.875
vt 0.6 0.875
vt 0.7 0.875
vt 0.8 0.875
vt 0.9 0.875
vt 1 0.875
vt 0 1
vt 0.1 1
vt 0.2 1
vt 0.3 1
vt 0.4 1
vt 0.5 1
vt 0.6 1
vt 0.7 1
vt 0.8 1
vt 0.9 1
vt 1 1
vt 0 0
vt 0.1 0
vt 0.2 0
vt 0.3 0
vt 0.4 0
vt 0.5 0
vt 0.6 0
vt 0.7 0
vt 0.8 0
vt 0.9 0
vt 1 0
vt 0 0.125
vt 0.1 0.125
vt 0.2 0.125
vt 0.3 0.125
vt 0.4 0.125
vt 0.5 0.125
vt 0.6 0.125
vt 0.7 0.125
vt 0.8 0.125
vt 0.9 0.125
vt 1 0.125
vt 0 0.25
vt 0.1 0.25
vt 0.2 0.25
vt 0.3 0.25
vt 0.4 0.25
vt 0.5 0.25
vt 0.6 0.25
vt 0.7 0.25
vt 0.8 0.25
vt 0.9 0.25
vt 1 0.25
vt 0 0.375
vt 0.1 0.375
vt 0.2 0.375
vt 0.3 0.375
vt 0.4 0.375
vt 0.5 0.375
vt 0.6 0.375
vt 0.7 0.375
vt 0.8 0.375
vt 0.9 0.375
vt 1 0.375
vt 0 0.5
vt 0.1 0.5
vt 0.2 0.5
vt 0.3 0.5
vt 0.4 0.5
vt 0.5 0.5
vt 0.6 0.5
vt 0.7 0.5
vt 0.8 0.5
vt 0.9 0.5
vt 1 0.5
vt 0 0.625
vt 0.1 0.625
vt 0.2 0.625
vt 0.3 0.625
vt 0.4 0.625
vt 0.5 0.625
vt 0.6 0.625
vt 0.7 0.625
vt 0.8 0.625
vt 0.9 0.625
vt 1 0.625
vt 0 0.75
vt 0.1 0.75
vt 0.2 0.75
vt 0.3 0.75
vt 0.4 0.75
vt 0.5 0.75
vt 0.6 0.75
vt 0.7 0.75
vt 0.8 0.75
vt 0.9 0.75
vt 1 0.75
vt 0 0.875
vt 0.1 0.875
vt 0.2 0.875
vt 0.3 0.875
vt 0.4 0.875
vt 0.5 0.875
vt 0.6 0.875
vt 0.7 0.875
vt 0.8 0.875
vt 0.9 0.875
vt 1 0.875
vt 0 1
vt 0.1 1
vt 0.2 1
vt 0.3 1
vt 0.4 1
vt 0.5 1
vt 0.6 1
vt 0.7 1
vt 0.8 1
vt 0.9 1
vt 1 1
vt 0 0
vt 0.1 0
vt 0.2 0
vt 0.3 0
vt 0.4 0
vt 0.5 0
vt 0.6 0
vt 0.7 0
vt 0.8 0
vt 0.9 0
vt 1 0
vt 0 0.125
vt 0.1 0.125
vt 0.2 0.125
vt 0.3 0.125
vt 0.4 0.125
vt 0.5 0.125
vt 0.6 0.125
vt 0.7 0.125
vt 0.8 0.125
vt 0.9 0.125
vt 1 0.125
vt 0 0.25
vt 0.1 0.25
vt 0.2 0.25
vt 0.3 0.25
vt 0.4 0.25
vt 0.5 0.25
vt 0.6 0.25
vt 0.7 0.25
vt 0.8 0.25
vt 0.9 0.25
vt 1 0.25
vt 0 0.375
vt 0.1 0.375
vt 0.2 0.375
vt 0.3 0.375
vt 0.4 0.375
vt 0.5 0.375
vt 0.6 0.375
vt 0.7 0.375
vt 0.8 0.375
vt 0.9 0.375
vt 1 0.375
vt 0 0.5
vt 0.1 0.5
vt 0.2 0.5
vt 0.3 0.5
vt 0.4 0.5
vt 0.5 0.5
vt 0.6 0.5
vt 0.7 0.5
vt 0.8 0.5
vt 0.9 0.5
vt 1 0.5
vt 0 0.625
vt 0.1 0.625
vt 0.2 0.625
vt 0.3 0.625
vt 0.4 0.625
vt 0.5 0.625
vt 0.6 0.625
vt 0.7 0.625
vt 0.8 0.625
vt 0.9 0.625
vt 1 0.625
vt 0 0.75
vt 0.1 0.75
vt 0.2 0.75
vt 0.3 0.75
vt 0.4 0.75
vt 0.5 0.75
vt 0.6 0.75
vt 0.7 0.75
vt 0.8 0.75
vt 0.9 0.75
vt 1 0.75
vt 0 0.875
vt 0.1 0.875
vt 0.2 0.875
vt 0.3 0.875
vt 0.4 0.875
vt 0.5 0.875
vt 0.6 0.875
vt 0.7 0.875
vt 0.8 0.875
vt 0.9 0.875
vt 1 0.875
vt 0 1
vt 0.1 1
vt 0.2 1
vt 0.3 1
vt 0.4 1
vt 0.5 1
vt 0.6 1
vt 0.7 1
vt 0.8 1
vt 0.9 1
vt 1 1
vt 0 0
vt 0.1 0
vt 0.2 0
vt 0.3 0
vt 0.4 0
vt 0.5 0
vt 0.6 0
vt 0.7 0
vt 0.8 0
vt 0.9 0
vt 1 0
vt 0 0.125
vt 0.1 0.125
vt 0.2 0.125
vt 0.3 0.125
vt 0.4 0.125
vt 0.5 0.125
vt 0.6 0.125
vt 0.7 0.125
vt 0.8 0.125
vt 0.9 0.125
vt 1 0.125
vt 0 0.25
vt 0.1 0.25
vt 0.2 0.25
vt 0.3 0.25
vt 0.4 0.25
vt 0.5 0.25
vt 0.6 0.25
vt 0.7 0.25
vt 0.8 0.25
vt 0.9 0.25
vt 1 0.25
vt 0 0.375
vt 0.1 0.375
vt 0.2 0.375
vt 0.3 0.375
vt 0.4 0.375
vt 0.5 0.375
vt 0.6 0.375
vt 0.7 0.375
vt 0.8 0.375
vt 0.9 0.375
vt 1 0.375
vt 0 0.5
vt 0.1 0.5
vt 0.2 0.5
vt 0.3 0.5
vt 0.4 0.5
vt 0.5 0.5
vt 0.6 0.5
vt 0.7 0.5
vt 0.8 0.5
vt 0.9 0.5
vt 1 0.5
vt 0 0.625
vt 0.1 0.625
vt 0.2 0.625
vt 0.3 0.625
vt 0.4 0.625
vt 0.5 0.625
vt 0.6 0.625
vt 0.7 0.625
vt 0.8 0.625
vt 0.9 0.625
vt 1 0.625
vt 0 0.75
vt 0.1 0.75
vt 0.2 0.75
vt 0.3 0.75
vt 0.4 0.75
vt 0.5 0.75
vt 0.6 0.75
vt 0.7 0.75
vt 0.8 0.75
vt 0.9 0.75
vt 1 0.75
vt 0 0.875
vt 0.1 0.875
vt 0.2 0.875
vt 0.3 0.875
vt 0.4 0.875
vt 0.5 0.875
vt 0.6 0.875
vt 0.7 0.875
vt 0.8 0.875
vt 0.9 0.875
vt 1 0.875
vt 0 1
vt 0.1 1
vt 0.2 1
vt 0.3 1
vt 0.4 1
vt 0.5 1
vt 0.6 1
vt 0.7 1
vt 0.8 1
vt 0.9 1
vt 1 1
vt 0 0
vt 0.125 0
vt 0.25 0
vt 0.375 0
vt 0.5 0
vt 0.625 0
vt 0.75 0
vt 0.875 0
vt 0 1
vt 0.125 1
vt 0.25 1
vt 0.375 1
vt 0.5 1
vt 0.625 1
vt 0.75 1
vt 0.875 1
vt 0.5 0.5
vt 0.5 0.5
vt 0 0
vt 0.14285714285714285 0
vt 0.2857142857142857 0
vt 0.42857142857142855 0
vt 0.5714285714285714 0
vt 0.7142857142857143 0
vt 0.8571428571428571 0
vt 0 1
vt 0.14285714285714285 1
vt 0.2857142857142857 1
vt 0.42857142857142855 1
vt 0.5714285714285714 1
vt 0.7142857142857143 1
vt 0.8571428571428571 1
vt 0.5 0.5
vt 0.5 0.5
vt 0.5 0.5
vt 0.5 0.5
vt 0.5 0.5
vt 0.5 0.5
vt 0.5 0.5
vt 0.5 0.5
vt 0.5 0.5
vt 0.5 0.5
vt 0.5 0.5
vt 0.5 0.5
vt 0.5 0.5
vt 0.5 0.5
vt 0.5 0.5
vt 0.5 0.5
vt 0.5 0.5
vt 0.5 0.5
vt 0.5 0.5
vt 0.5 0.5
vt 0.5 0.5
vt 0.5 0.5
vt 0 0
vt 0.1 0
vt 0.2 0
vt 0.3 0
vt 0.4 0
vt 0.5 0
vt 0.6 0
vt 0.7 0
vt 0.8 0
vt 0.9 0
vt 1 0
vt 0 0.125
vt 0.1 0.125
vt 0.2 0.125
vt 0.3 0.125
vt 0.4 0.125
vt 0.5 0.125
vt 0.6 0.125
vt 0.7 0.125
vt 0.8 0.125
vt 0.9 0.125
vt 1 0.125
vt 0 0.25
vt 0.1 0.25
vt 0.2 0.25
vt 0.3 0.25
vt 0.4 0.25
vt 0.5 0.25
vt 0.6 0.25
vt 0.7 0.25
vt 0.8 0.25
vt 0.9 0.25
vt 1 0.25
vt 0 0.375
vt 0.1 0.375
vt 0.2 0.375
vt 0.3 0.375
vt 0.4 0.375
vt 0.5 0.375
vt 0.6 0.375
vt 0.7 0.375
vt 0.8 0.375
vt 0.9 0.375
vt 1 0.375
vt 0 0.5
vt 0.1 0.5
vt 0.2 0.5
vt 0.3 0.5
vt 0.4 0.5
vt 0.5 0.5
vt 0.6 0.5
vt 0.7 0.5
vt 0.8 0.5
vt 0.9 0.5
vt 1 0.5
vt 0 0.625
vt 0.1 0.625
vt 0.2 0.625
vt 0.3 0.625
vt 0.4 0.625
vt 0.5 0.625
vt 0.6 0.625
vt 0.7 0.625
vt 0.8 0.625
vt 0.9 0.625
vt 1 0.625
vt 0 0.75
vt 0.1 0.75
vt 0.2 0.75
vt 0.3 0.75
vt 0.4 0.75
vt 0.5 0.75
vt 0.6 0.75
vt 0.7 0.75
vt 0.8 0.75
vt 0.9 0.75
vt 1 0.75
vt 0 0.875
vt 0.1 0.875
vt 0.2 0.875
vt 0.3 0.875
vt 0.4 0.875
vt 0.5 0.875
vt 0.6 0.875
vt 0.7 0.875
vt 0.8 0.875
vt 0.9 0.875
vt 1 0.875
vt 0 1
vt 0.1 1
vt 0.2 1
vt 0.3 1
vt 0.4 1
vt 0.5 1
vt 0.6 1
vt 0.7 1
vt 0.8 1
vt 0.9 1
vt 1 1
vt 0 0
vt 0.1 0
vt 0.2 0
vt 0.3 0
vt 0.4 0
vt 0.5 0
vt 0.6 0
vt 0.7 0
vt 0.8 0
vt 0.9 0
vt 1 0
vt 0 0.125
vt 0.1 0.125
vt 0.2 0.125
vt 0.3 0.125
vt 0.4 0.125
vt 0.5 0.125
vt 0.6 0.125
vt 0.7 0.125
vt 0.8 0.125
vt 0.9 0.125
vt 1 0.125
vt 0 0.25
vt 0.1 0.25
vt 0.2 0.25
vt 0.3 0.25
vt 0.4 0.25
vt 0.5 0.25
vt 0.6 0.25
vt 0.7 0.25
vt 0.8 0.25
vt 0.9 0.25
vt 1 0.25
vt 0 0.375
vt 0.1 0.375
vt 0.2 0.375
vt 0.3 0.375
vt 0.4 0.375
vt 0.5 0.375
vt 0.6 0.375
vt 0.7 0.375
vt 0.8 0.375
vt 0.9 0.375
vt 1 0.375
vt 0 0.5
vt 0.1 0.5
vt 0.2 0.5
vt 0.3 0.5
vt 0.4 0.5
vt 0.5 0.5
vt 0.6 0.5
vt 0.7 0.5
vt 0.8 0.5
vt 0.9 0.5
vt 1 0.5
vt 0 0.625
vt 0.1 0.625
vt 0.2 0.625
vt 0.3 0.625
vt 0.4 0.625
vt 0.5 0.625
vt 0.6 0.625
vt 0.7 0.625
vt 0.8 0.625
vt 0.9 0.625
vt 1 0.625
vt 0 0.75
vt 0.1 0.75
vt 0.2 0.75
vt 0.3 0.75
vt 0.4 0.75
vt 0.5 0.75
vt 0.6 0.75
vt 0.7 0.75
vt 0.8 0.75
vt 0.9 0.75
vt 1 0.75
vt 0 0.875
vt 0.1 0.875
vt 0.2 0.875
vt 0.3 0.875
vt 0.4 0.875
vt 0.5 0.875
vt 0.6 0.875
vt 0.7 0.875
vt 0.8 0.875
vt 0.9 0.875
vt 1 0.875
vt 0 1
vt 0.1 1
vt 0.2 1
vt 0.3 1
vt 0.4 1
vt 0.5 1
vt 0.6 1
vt 0.7 1
vt 0.8 1
vt 0.9 1
vt 1 1
vt 0 0
vt 0.1 0
vt 0.2 0
vt 0.3 0
vt 0.4 0
vt 0.5 0
vt 0.6 0
vt 0.7 0
vt 0.8 0
vt 0.9 0
vt 1 0
vt 0 0.125
vt 0.1 0.125
vt 0.2 0.125
vt 0.3 0.125
vt 0.4 0.125
vt 0.5 0.125
vt 0.6 0.125
vt 0.7 0.125
vt 0.8 0.125
vt 0.9 0.125
vt 1 0.125
vt 0 0.25
vt 0.1 0.25
vt 0.2 0.25
vt 0.3 0.25
vt 0.4 0.25
vt 0.5 0.25
vt 0.6 0.25
vt 0.7 0.25
vt 0.8 0.25
vt 0.9 0.25
vt 1 0.25
vt 0 0.375
vt 0.1 0.375
vt 0.2 0.375
vt 0.3 0.375
vt 0.4 0.375
vt 0.5 0.375
vt 0.6 0.375
vt 0.7 0.375
vt 0.8 0.375
vt 0.9 0.375
vt 1 0.375
vt 0 0.5
vt 0.1 0.5
vt 0.2 0.5
vt 0.3 0.5
vt 0.4 0.5
vt 0.5 0.5
vt 0.6 0.5
vt 0.7 0.5
vt 0.8 0.5
vt 0.9 0.5
vt 1 0.5
vt 0 0.625
vt 0.1 0.625
vt 0.2 0.625
vt 0.3 0.625
vt 0.4 0.625
vt 0.5 0.625
vt 0.6 0.625
vt 0.7 0.625
vt 0.8 0.625
vt 0.9 0.625
vt 1 0.625
vt 0 0.75
vt 0.1 0.75
vt 0.2 0.75
vt 0.3 0.75
vt 0.4 0.75
vt 0.5 0.75
vt 0.6 0.75
vt 0.7 0.75
vt 0.8 0.75
vt 0.9 0.75
vt 1 0.75
vt 0 0.875
vt 0.1 0.875
vt 0.2 0.875
vt 0.3 0.875
vt 0.4 0.875
vt 0.5 0.875
vt 0.6 0.875
vt 0.7 0.875
vt 0.8 0.875
vt 0.9 0.875
vt 1 0.875
vt 0 1
vt 0.1 1
vt 0.2 1
vt 0.3 1
vt 0.4 1
vt 0.5 1
vt 0.6 1
vt 0.7 1
vt 0.8 1
vt 0.9 1
vt 1 1
vt 0 0
vt 0.1 0
vt 0.2 0
vt 0.3 0
vt 0.4 0
vt 0.5 0
vt 0.6 0
vt 0.7 0
vt 0.8 0
vt 0.9 0
vt 1 0
vt 0 0.125
vt 0.1 0.125
vt 0.2 0.125
vt 0.3 0.125
vt 0.4 0.125
vt 0.5 0.125
vt 0.6 0.125
vt 0.7 0.125
vt 0.8 0.125
vt 0.9 0.125
vt 1 0.125
vt 0 0.25
vt 0.1 0.25
vt 0.2 0.25
vt 0.3 0.25
vt 0.4 0.25
vt 0.5 0.25
vt 0.6 0.25
vt 0.7 0.25
vt 0.8 0.25
vt 0.9 0.25
vt 1 0.25
vt 0 0.375
vt 0.1 0.375
vt 0.2 0.375
vt 0.3 0.375
vt 0.4 0.375
vt 0.5 0.375
vt 0.6 0.375
vt 0.7 0.375
vt 0.8 0.375
vt 0.9 0.375
vt 1 0.375
vt 0 0.5
vt 0.1 0.5
vt 0.2 0.5
vt 0.3 0.5
vt 0.4 0.5
vt 0.5 0.5
vt 0.6 0.5
vt 0.7 0.5
vt 0.8 0.5
vt 0.9 0.5
vt 1 0.5
vt 0 0.625
vt 0.1 0.625
vt 0.2 0.625
vt 0.3 0.625
vt 0.4 0.625
vt 0.5 0.625
vt 0.6 0.625
vt 0.7 0.625
vt 0.8 0.625
vt 0.9 0.625
vt 1 0.625
vt 0 0.75
vt 0.1 0.75
vt 0.2 0.75
vt 0.3 0.75
vt 0.4 0.75
vt 0.5 0.75
vt 0.6 0.75
vt 0.7 0.75
vt 0.8 0.75
vt 0.9 0.75
vt 1 0.75
vt 0 0.875
vt 0.1 0.875
vt 0.2 0.875
vt 0.3 0.875
vt 0.4 0.875
vt 0.5 0.875
vt 0.6 0.875
vt 0.7 0.875
vt 0.8 0.875
vt 0.9 0.875
vt 1 0.875
vt 0 1
vt 0.1 1
vt 0.2 1
vt 0.3 1
vt 0.4 1
vt 0.5 1
vt 0.6 1
vt 0.7 1
vt 0.8 1
vt 0.9 1
vt 1 1
vt 0.5 0.5
vt 0.5 0.5
vt 0.5 0.5
vt 0.5 0.5
vt 0.5 0.5
vt 0.5 0.5
vt 0.5 0.5
vt 0.5 0.5
vt 0.5 0.5
vt 0.5 0.5
vt 0.5 0.5
vt 0.5 0.5
vt 0.5 0.5
vt 0.5 0.5
vt 0.5 0.5
vt 0.5 0.5
vt 0.5 0.5
vt 0.5 0.5
vt 0.5 0.5
vt 0.5 0.5
vt 0 0
vt 0.1 0
vt 0.2 0
vt 0.3 0
vt 0.4 0
vt 0.5 0
vt 0.6 0
vt 0.7 0
vt 0.8 0
vt 0.9 0
vt 1 0
vt 0 0.125
vt 0.1 0.125
vt 0.2 0.125
vt 0.3 0.125
vt 0.4 0.125
vt 0.5 0.125
vt 0.6 0.125
vt 0.7 0.125
vt 0.8 0.125
vt 0.9 0.125
vt 1 0.125
vt 0 0.25
vt 0.1 0.25
vt 0.2 0.25
vt 0.3 0.25
vt 0.4 0.25
vt 0.5 0.25
vt 0.6 0.25
vt 0.7 0.25
vt 0.8 0.25
vt 0.9 0.25
vt 1 0.25
vt 0 0.375
vt 0.1 0.375
vt 0.2 0.375
vt 0.3 0.375
vt 0.4 0.375
vt 0.5 0.375
vt 0.6 0.375
vt 0.7 0.375
vt 0.8 0.375
vt 0.9 0.375
vt 1 0.375
vt 0 0.5
vt 0.1 0.5
vt 0.2 0.5
vt 0.3 0.5
vt 0.4 0.5
vt 0.5 0.5
vt 0.6 0.5
vt 0.7 0.5
vt 0.8 0.5
vt 0.9 0.5
vt 1 0.5
vt 0 0.625
vt 0.1 0.625
vt 0.2 0.625
vt 0.3 0.625
vt 0.4 0.625
vt 0.5 0.625
vt 0.6 0.625
vt 0.7 0.625
vt 0.8 0.625
vt 0.9 0.625
vt 1 0.625
vt 0 0.75
vt 0.1 0.75
vt 0.2 0.75
vt 0.3 0.75
vt 0.4 0.75
vt 0.5 0.75
vt 0.6 0.75
vt 0.7 0.75
vt 0.8 0.75
vt 0.9 0.75
vt 1 0.75
vt 0 0.875
vt 0.1 0.875
vt 0.2 0.875
vt 0.3 0.875
vt 0.4 0.875
vt 0.5 0.875
vt 0.6 0.875
vt 0.7 0.875
vt 0.8 0.875
vt 0.9 0.875
vt 1 0.875
vt 0 1
vt 0.1 1
vt 0.2 1
vt 0.3 1
vt 0.4 1
vt 0.5 1
vt 0.6 1
vt 0.7 1
vt 0.8 1
vt 0.9 1
vt 1 1
vt 0 0
vt 0.1 0
vt 0.2 0
vt 0.3 0
vt 0.4 0
vt 0.5 0
vt 0.6 0
vt 0.7 0
vt 0.8 0
vt 0.9 0
vt 1 0
vt 0 0.125
vt 0.1 0.125
vt 0.2 0.125
vt 0.3 0.125
vt 0.4 0.125
vt 0.5 0.125
vt 0.6 0.125
vt 0.7 0.125
vt 0.8 0.125
vt 0.9 0.125
vt 1 0.125
vt 0 0.25
vt 0.1 0.25
vt 0.2 0.25
vt 0.3 0.25
vt 0.4 0.25
vt 0.5 0.25
vt 0.6 0.25
vt 0.7 0.25
vt 0.8 0.25
vt 0.9 0.25
vt 1 0.25
vt 0 0.375
vt 0.1 0.375
vt 0.2 0.375
vt 0.3 0.375
vt 0.4 0.375
vt 0.5 0.375
vt 0.6 0.375
vt 0.7 0.375
vt 0.8 0.375
vt 0.9 0.375
vt 1 0.375
vt 0 0.5
vt 0.1 0.5
vt 0.2 0.5
vt 0.3 0.5
vt 0.4 0.5
vt 0.5 0.5
vt 0.6 0.5
vt 0.7 0.5
vt 0.8 0.5
vt 0.9 0.5
vt 1 0.5
vt 0 0.625
vt 0.1 0.625
vt 0.2 0.625
vt 0.3 0.625
vt 0.4 0.625
vt 0.5 0.625
vt 0.6 0.625
vt 0.7 0.625
vt 0.8 0.625
vt 0.9 0.625
vt 1 0.625
vt 0 0.75
vt 0.1 0.75
vt 0.2 0.75
vt 0.3 0.75
vt 0.4 0.75
vt 0.5 0.75
vt 0.6 0.75
vt 0.7 0.75
vt 0.8 0.75
vt 0.9 0.75
vt 1 0.75
vt 0 0.875
vt 0.1 0.875
vt 0.2 0.875
vt 0.3 0.875
vt 0.4 0.875
vt 0.5 0.875
vt 0.6 0.875
vt 0.7 0.875
vt 0.8 0.875
vt 0.9 0.875
vt 1 0.875
vt 0 1
vt 0.1 1
vt 0.2 1
vt 0.3 1
vt 0.4 1
vt 0.5 1
vt 0.6 1
vt 0.7 1
vt 0.8 1
vt 0.9 1
vt 1 1
vt 0 0
vt 0.1 0
vt 0.2 0
vt 0.3 0
vt 0.4 0
vt 0.5 0
vt 0.6 0
vt 0.7 0
vt 0.8 0
vt 0.9 0
vt 1 0
vt 0 0.125
vt 0.1 0.125
vt 0.2 0.125
vt 0.3 0.125
vt 0.4 0.125
vt 0.5 0.125
vt 0.6 0.125
vt 0.7 0.125
vt 0.8 0.125
vt 0.9 0.125
vt 1 0.125
vt 0 0.25
vt 0.1 0.25
vt 0.2 0.25
vt 0.3 0.25
vt 0.4 0.25
vt 0.5 0.25
vt 0.6 0.25
vt 0.7 0.25
vt 0.8 0.25
vt 0.9 0.25
vt 1 0.25
vt 0 0.375
vt 0.1 0.375
vt 0.2 0.375
vt 0.3 0.375
vt 0.4 0.375
vt 0.5 0.375
vt 0.6 0.375
vt 0.7 0.375
vt 0.8 0.375
vt 0.9 0.375
vt 1 0.375
vt 0 0.5
vt 0.1 0.5
vt 0.2 0.5
vt 0.3 0.5
vt 0.4 0.5
vt 0.5 0.5
vt 0.6 0.5
vt 0.7 0.5
vt 0.8 0.5
vt 0.9 0.5
vt 1 0.5
vt 0 0.625
vt 0.1 0.625
vt 0.2 0.625
vt 0.3 0.625
vt 0.4 0.625
vt 0.5 0.625
vt 0.6 0.625
vt 0.7 0.625
vt 0.8 0.625
vt 0.9 0.625
vt 1 0.625
vt 0 0.75
vt 0.1 0.75
vt 0.2 0.75
vt 0.3 0.75
vt 0.4 0.75
vt 0.5 0.75
vt 0.6 0.75
vt 0.7 0.75
vt 0.8 0.75
vt 0.9 0.75
vt 1 0.75
vt 0 0.875
vt 0.1 0.875
vt 0.2 0.875
vt 0.3 0.875
vt 0.4 0.875
vt 0.5 0.875
vt 0.6 0.875
vt 0.7 0.875
vt 0.8 0.875
vt 0.9 0.875
vt 1 0.875
vt 0 1
vt 0.1 1
vt 0.2 1
vt 0.3 1
vt 0.4 1
vt 0.5 1
vt 0.6 1
vt 0.7 1
vt 0.8 1
vt 0.9 1
vt 1 1
vt 0 0
vt 0.1 0
vt 0.2 0
vt 0.3 0
vt 0.4 0
vt 0.5 0
vt 0.6 0
vt 0.7 0
vt 0.8 0
vt 0.9 0
vt 1 0
vt 0 0.125
vt 0.1 0.125
vt 0.2 0.125
vt 0.3 0.125
vt 0.4 0.125
vt 0.5 0.125
vt 0.6 0.125
vt 0.7 0.125
vt 0.8 0.125
vt 0.9 0.125
vt 1 0.125
vt 0 0.25
vt 0.1 0.25
vt 0.2 0.25
vt 0.3 0.25
vt 0.4 0.25
vt 0.5 0.25
vt 0.6 0.25
vt 0.7 0.25
vt 0.8 0.25
vt 0.9 0.25
vt 1 0.25
vt 0 0.375
vt 0.1 0.375
vt 0.2 0.375
vt 0.3 0.375
vt 0.4 0.375
vt 0.5 0.375
vt 0.6 0.375
vt 0.7 0.375
vt 0.8 0.375
vt 0.9 0.375
vt 1 0.375
vt 0 0.5
vt 0.1 0.5
vt 0.2 0.5
vt 0.3 0.5
vt 0.4 0.5
vt 0.5 0.5
vt 0.6 0.5
vt 0.7 0.5
vt 0.8 0.5
vt 0.9 0.5
vt 1 0.5
vt 0 0.625
vt 0.1 0.625
vt 0.2 0.625
vt 0.3 0.625
vt 0.4 0.625
vt 0.5 0.625
vt 0.6 0.625
vt 0.7 0.625
vt 0.8 0.625
vt 0.9 0.625
vt 1 0.625
vt 0 0.75
vt 0.1 0.75
vt 0.2 0.75
vt 0.3 0.75
vt 0.4 0.75
vt 0.5 0.75
vt 0.6 0.75
vt 0.7 0.75
vt 0.8 0.75
vt 0.9 0.75
vt 1 0.75
vt 0 0.875
vt 0.1 0.875
vt 0.2 0.875
vt 0.3 0.875
vt 0.4 0.875
vt 0.5 0.875
vt 0.6 0.875
vt 0.7 0.875
vt 0.8 0.875
vt 0.9 0.875
vt 1 0.875
vt 0 1
vt 0.1 1
vt 0.2 1
vt 0.3 1
vt 0.4 1
vt 0.5 1
vt 0.6 1
vt 0.7 1
vt 0.8 1
vt 0.9 1
vt 1 1
vn 0 -1 0
vn 0 -1 0
vn 0 -1 0
vn 0 -1 0
vn 0 -1 0
vn 0 -1 0
vn 0 -1 0
vn 0 -1 0
vn 0 -1 0
vn 0 -1 0
vn 0 1 0
vn 0 1 0
vn 0 1 0
vn 0 1 0
vn 0 1 0
vn 0 1 0
vn 0 1 0
vn 0 1 0
vn 0 1 0
vn 0 1 0
vn 0 -1 0
vn 0 1 0
vn 0 -1 0
vn 0 -1 0
vn 0 -1 0
vn 0 -1 0
vn 0 -1 0
vn 0 -1 0
vn 0 -1 0
vn 0 -1 0
vn 0 -1 0
vn 0 -1 0
vn 0 1 0
vn 0 1 0
vn 0 1 0
vn 0 1 0
vn 0 1 0
vn 0 1 0
vn 0 1 0
vn 0 1 0
vn 0 1 0
vn 0 1 0
vn 0 -1 0
vn 0 1 0
vn 0 -1 0
vn 0 -1 0
vn 0 -1 0
vn 0 -1 0
vn 0 -1 0
vn 0 -1 0
vn 0 -1 0
vn 0 -1 0
vn 0 1 0
vn 0 1 0
vn 0 1 0
vn 0 1 0
vn 0 1 0
vn 0 1 0
vn 0 1 0
vn 0 1 0
vn 0 -1 0
vn 0 1 0
vn 0 -1 0
vn 0 -1 0
vn 0 -1 0
vn 0 -1 0
vn 0 -1 0
vn 0 -1 0
vn 0 -1 0
vn 0 1 0
vn 0 1 0
vn 0 1 0
vn 0 1 0
vn 0 1 0
vn 0 1 0
vn 0 1 0
vn 0 -1 0
vn 0 1 0
vn -0.5773502691896257 -0.5773502691896257 -0.5773502691896257
vn -0.5773502691896257 -0.5773502691896257 0.5773502691896257
vn -0.5773502691896257 0.5773502691896257 -0.5773502691896257
vn -0.5773502691896257 0.5773502691896257 0.5773502691896257
vn 0.5773502691896257 -0.5773502691896257 -0.5773502691896257
vn 0.5773502691896257 -0.5773502691896257 0.5773502691896257
vn 0.5773502691896257 0.5773502691896257 -0.5773502691896257
vn 0.5773502691896257 0.5773502691896257 0.5773502691896257
vn 0 -0.35682208977308993 -0.9341723589627158
vn 0 -0.35682208977308993 0.9341723589627158
vn 0 0.35682208977308993 -0.9341723589627158
vn 0 0.35682208977308993 0.9341723589627158
vn -0.35682208977308993 -0.9341723589627158 0
vn -0.35682208977308993 0.9341723589627158 0
vn 0.35682208977308993 -0.9341723589627158 0
vn 0.35682208977308993 0.9341723589627158 0
vn -0.9341723589627158 0 -0.35682208977308993
vn -0.9341723589627158 0 0.35682208977308993
vn 0.9341723589627158 0 -0.35682208977308993
vn 0.9341723589627158 0 0.35682208977308993
vn 0 1 0
vn 0 1 0
vn 0 1 0
vn 0 1 0
vn 0 1 0
vn 0 1 0
vn 0 1 0
vn 0 1 0
vn 0 1 0
vn 0 1 0
vn 0 1 0
vn 0.3826834323650898 0.9238795325112867 0
vn 0.30959740024909344 0.9238795325112867 0.22493567784086388
vn 0.11825568406654853 0.9238795325112867 0.3639535720290143
vn -0.11825568406654849 0.9238795325112867 0.36395357202901435
vn -0.3095974002490934 0.9238795325112867 0.2249356778408639
vn -0.3826834323650898 0.9238795325112867 4.6865204053262986e-17
vn -0.30959740024909344 0.9238795325112867 -0.22493567784086382
vn -0.11825568406654857 0.9238795325112867 -0.3639535720290143
vn 0.11825568406654845 0.9238795325112867 -0.36395357202901435
vn 0.3095974002490934 0.9238795325112867 -0.22493567784086396
vn 0.3826834323650898 0.9238795325112867 -9.373040810652597e-17
vn 0.7071067811865475 0.7071067811865476 0
vn 0.5720614028176843 0.7071067811865476 0.4156269377774534
vn 0.21850801222441055 0.7071067811865476 0.6724985119639573
vn -0.21850801222441046 0.7071067811865476 0.6724985119639573
vn -0.5720614028176841 0.7071067811865476 0.4156269377774535
vn -0.7071067811865475 0.7071067811865476 8.659560562354932e-17
vn -0.5720614028176843 0.7071067811865476 -0.41562693777745335
vn -0.2185080122244106 0.7071067811865476 -0.6724985119639573
vn 0.21850801222441038 0.7071067811865476 -0.6724985119639573
vn 0.5720614028176841 0.7071067811865476 -0.4156269377774536
vn 0.7071067811865475 0.7071067811865476 -1.7319121124709863e-16
vn 0.9238795325112867 0.38268343236508984 0
vn 0.7474342425568128 0.38268343236508984 0.5430427641049989
vn 0.28549447630116936 0.38268343236508984 0.8786616496665794
vn -0.28549447630116925 0.38268343236508984 0.8786616496665797
vn -0.7474342425568127 0.38268343236508984 0.543042764104999
vn -0.9238795325112867 0.38268343236508984 1.1314261122877003e-16
vn -0.7474342425568128 0.38268343236508984 -0.5430427641049987
vn -0.2854944763011695 0.38268343236508984 -0.8786616496665794
vn 0.28549447630116914 0.38268343236508984 -0.8786616496665797
vn 0.7474342425568127 0.38268343236508984 -0.543042764104999
vn 0.9238795325112867 0.38268343236508984 -2.2628522245754005e-16
vn 1 6.123233995736766e-17 0
vn 0.8090169943749475 6.123233995736766e-17 0.5877852522924731
vn 0.30901699437494745 6.123233995736766e-17 0.9510565162951536
vn -0.30901699437494734 6.123233995736766e-17 0.9510565162951536
vn -0.8090169943749473 6.123233995736766e-17 0.5877852522924732
vn -1 6.123233995736766e-17 1.2246467991473532e-16
vn -0.8090169943749475 6.123233995736766e-17 -0.587785252292473
vn -0.30901699437494756 6.123233995736766e-17 -0.9510565162951536
vn 0.30901699437494723 6.123233995736766e-17 -0.9510565162951536
vn 0.8090169943749473 6.123233995736766e-17 -0.5877852522924734
vn 1 6.123233995736766e-17 -2.4492935982947064e-16
vn 0.9238795325112867 -0.3826834323650897 0
vn 0.7474342425568128 -0.3826834323650897 0.5430427641049989
vn 0.28549447630116936 -0.3826834323650897 0.8786616496665794
vn -0.28549447630116925 -0.3826834323650897 0.8786616496665797
vn -0.7474342425568127 -0.3826834323650897 0.543042764104999
vn -0.9238795325112867 -0.3826834323650897 1.1314261122877003e-16
vn -0.7474342425568128 -0.3826834323650897 -0.5430427641049987
vn -0.2854944763011695 -0.3826834323650897 -0.8786616496665794
vn 0.28549447630116914 -0.3826834323650897 -0.8786616496665797
vn 0.7474342425568127 -0.3826834323650897 -0.543042764104999
vn 0.9238795325112867 -0.3826834323650897 -2.2628522245754005e-16
vn 0.7071067811865476 -0.7071067811865474 0
vn 0.5720614028176844 -0.7071067811865474 0.4156269377774535
vn 0.21850801222441057 -0.7071067811865474 0.6724985119639574
vn -0.2185080122244105 -0.7071067811865474 0.6724985119639574
vn -0.5720614028176843 -0.7071067811865474 0.4156269377774535
vn -0.7071067811865476 -0.7071067811865474 8.659560562354934e-17
vn -0.5720614028176844 -0.7071067811865474 -0.4156269377774534
vn -0.21850801222441066 -0.7071067811865474 -0.6724985119639574
vn 0.2185080122244104 -0.7071067811865474 -0.6724985119639574
vn 0.5720614028176843 -0.7071067811865474 -0.4156269377774536
vn 0.7071067811865476 -0.7071067811865474 -1.7319121124709868e-16
vn 0.3826834323650899 -0.9238795325112867 0
vn 0.3095974002490935 -0.9238795325112867 0.2249356778408639
vn 0.11825568406654857 -0.9238795325112867 0.3639535720290144
vn -0.11825568406654853 -0.9238795325112867 0.36395357202901446
vn -0.3095974002490935 -0.9238795325112867 0.224935677840864
vn -0.3826834323650899 -0.9238795325112867 4.6865204053263e-17
vn -0.3095974002490935 -0.9238795325112867 -0.2249356778408639
vn -0.11825568406654861 -0.9238795325112867 -0.3639535720290144
vn 0.11825568406654849 -0.9238795325112867 -0.36395357202901446
vn 0.3095974002490935 -0.9238795325112867 -0.224935677840864
vn 0.3826834323650899 -0.9238795325112867 -9.3730408106526e-17
vn 1.2246467991473532e-16 -1 0
vn 9.907600726170916e-17 -1 7.198293278059966e-17
vn 3.7843667304341506e-17 -1 1.1647083184890923e-16
vn -3.7843667304341493e-17 -1 1.1647083184890926e-16
vn -9.907600726170915e-17 -1 7.198293278059968e-17
vn -1.2246467991473532e-16 -1 1.4997597826618576e-32
vn -9.907600726170916e-17 -1 -7.198293278059965e-17
vn -3.784366730434152e-17 -1 -1.1647083184890923e-16
vn 3.7843667304341475e-17 -1 -1.1647083184890926e-16
vn 9.907600726170915e-17 -1 -7.19829327805997e-17
vn 1.2246467991473532e-16 -1 -2.999519565323715e-32
vn 0 1 0
vn 0 1 0
vn 0 1 0
vn 0 1 0
vn 0 1 0
vn 0 1 0
vn 0 1 0
vn 0 1 0
vn 0 1 0
vn 0 1 0
vn 0 1 0
vn 0.3826834323650898 0.9238795325112867 0
vn 0.30959740024909344 0.9238795325112867 0.22493567784086388
vn 0.11825568406654853 0.9238795325112867 0.3639535720290143
vn -0.11825568406654849 0.9238795325112867 0.36395357202901435
vn -0.3095974002490934 0.9238795325112867 0.2249356778408639
vn -0.3826834323650898 0.9238795325112867 4.6865204053262986e-17
vn -0.30959740024909344 0.9238795325112867 -0.22493567784086382
vn -0.11825568406654857 0.9238795325112867 -0.3639535720290143
vn 0.11825568406654845 0.9238795325112867 -0.36395357202901435
vn 0.3095974002490934 0.9238795325112867 -0.22493567784086396
vn 0.3826834323650898 0.9238795325112867 -9.373040810652597e-17
vn 0.7071067811865475 0.7071067811865476 0
vn 0.5720614028176843 0.7071067811865476 0.4156269377774534
vn 0.21850801222441055 0.7071067811865476 0.6724985119639573
vn -0.21850801222441046 0.7071067811865476 0.6724985119639573
vn -0.5720614028176841 0.7071067811865476 0.4156269377774535
vn -0.7071067811865475 0.7071067811865476 8.659560562354932e-17
vn -0.5720614028176843 0.7071067811865476 -0.41562693777745335
vn -0.2185080122244106 0.7071067811865476 -0.6724985119639573
vn 0.21850801222441038 0.7071067811865476 -0.6724985119639573
vn 0.5720614028176841 0.7071067811865476 -0.4156269377774536
vn 0.7071067811865475 0.7071067811865476 -1.7319121124709863e-16
vn 0.9238795325112867 0.38268343236508984 0
vn 0.7474342425568128 0.38268343236508984 0.5430427641049989
vn 0.28549447630116936 0.38268343236508984 0.8786616496665794
vn -0.28549447630116925 0.38268343236508984 0.8786616496665797
vn -0.7474342425568127 0.38268343236508984 0.543042764104999
vn -0.9238795325112867 0.38268343236508984 1.1314261122877003e-16
vn -0.7474342425568128 0.38268343236508984 -0.5430427641049987
vn -0.2854944763011695 0.38268343236508984 -0.8786616496665794
vn 0.28549447630116914 0.38268343236508984 -0.8786616496665797
vn 0.7474342425568127 0.38268343236508984 -0.543042764104999
vn 0.9238795325112867 0.38268343236508984 -2.2628522245754005e-16
vn 1 6.123233995736766e-17 0
vn 0.8090169943749475 6.123233995736766e-17 0.5877852522924731
vn 0.30901699437494745 6.123233995736766e-17 0.9510565162951536
vn -0.30901699437494734 6.123233995736766e-17 0.9510565162951536
vn -0.8090169943749473 6.123233995736766e-17 0.5877852522924732
vn -1 6.123233995736766e-17 1.2246467991473532e-16
vn -0.8090169943749475 6.123233995736766e-17 -0.587785252292473
vn -0.30901699437494756 6.123233995736766e-17 -0.9510565162951536
vn 0.30901699437494723 6.123233995736766e-17 -0.9510565162951536
vn 0.8090169943749473 6.123233995736766e-17 -0.5877852522924734
vn 1 6.123233995736766e-17 -2.4492935982947064e-16
vn 0.9238795325112867 -0.3826834323650897 0
vn 0.7474342425568128 -0.3826834323650897 0.5430427641049989
vn 0.28549447630116936 -0.3826834323650897 0.8786616496665794
vn -0.28549447630116925 -0.3826834323650897 0.8786616496665797
vn -0.7474342425568127 -0.3826834323650897 0.543042764104999
vn -0.9238795325112867 -0.3826834323650897 1.1314261122877003e-16
vn -0.7474342425568128 -0.3826834323650897 -0.5430427641049987
vn -0.2854944763011695 -0.3826834323650897 -0.8786616496665794
vn 0.28549447630116914 -0.3826834323650897 -0.8786616496665797
vn 0.7474342425568127 -0.3826834323650897 -0.543042764104999
vn 0.9238795325112867 -0.3826834323650897 -2.2628522245754005e-16
vn 0.7071067811865476 -0.7071067811865474 0
vn 0.5720614028176844 -0.7071067811865474 0.4156269377774535
vn 0.21850801222441057 -0.7071067811865474 0.6724985119639574
vn -0.2185080122244105 -0.7071067811865474 0.6724985119639574
vn -0.5720614028176843 -0.7071067811865474 0.4156269377774535
vn -0.7071067811865476 -0.7071067811865474 8.659560562354934e-17
vn -0.5720614028176844 -0.7071067811865474 -0.4156269377774534
vn -0.21850801222441066 -0.7071067811865474 -0.6724985119639574
vn 0.2185080122244104 -0.7071067811865474 -0.6724985119639574
vn 0.5720614028176843 -0.7071067811865474 -0.4156269377774536
vn 0.7071067811865476 -0.7071067811865474 -1.7319121124709868e-16
vn 0.3826834323650899 -0.9238795325112867 0
vn 0.3095974002490935 -0.9238795325112867 0.2249356778408639
vn 0.11825568406654857 -0.9238795325112867 0.3639535720290144
vn -0.11825568406654853 -0.9238795325112867 0.36395357202901446
vn -0.3095974002490935 -0.9238795325112867 0.224935677840864
vn -0.3826834323650899 -0.9238795325112867 4.6865204053263e-17
vn -0.3095974002490935 -0.9238795325112867 -0.2249356778408639
vn -0.11825568406654861 -0.9238795325112867 -0.3639535720290144
vn 0.11825568406654849 -0.9238795325112867 -0.36395357202901446
vn 0.3095974002490935 -0.9238795325112867 -0.224935677840864
vn 0.3826834323650899 -0.9238795325112867 -9.3730408106526e-17
vn 1.2246467991473532e-16 -1 0
vn 9.907600726170916e-17 -1 7.198293278059966e-17
vn 3.7843667304341506e-17 -1 1.1647083184890923e-16
vn -3.7843667304341493e-17 -1 1.1647083184890926e-16
vn -9.907600726170915e-17 -1 7.198293278059968e-17
vn -1.2246467991473532e-16 -1 1.4997597826618576e-32
vn -9.907600726170916e-17 -1 -7.198293278059965e-17
vn -3.784366730434152e-17 -1 -1.1647083184890923e-16
vn 3.7843667304341475e-17 -1 -1.1647083184890926e-16
vn 9.907600726170915e-17 -1 -7.19829327805997e-17
vn 1.2246467991473532e-16 -1 -2.999519565323715e-32
vn 0 1 0
vn 0 1 0
vn 0 1 0
vn 0 1 0
vn 0 1 0
vn 0 1 0
vn 0 1 0
vn 0 1 0
vn 0 1 0
vn 0 1 0
vn 0 1 0
vn 0.3826834323650898 0.9238795325112867 0
vn 0.30959740024909344 0.9238795325112867 0.22493567784086388
vn 0.11825568406654853 0.9238795325112867 0.3639535720290143
vn -0.11825568406654849 0.9238795325112867 0.36395357202901435
vn -0.3095974002490934 0.9238795325112867 0.2249356778408639
vn -0.3826834323650898 0.9238795325112867 4.6865204053262986e-17
vn -0.30959740024909344 0.9238795325112867 -0.22493567784086382
vn -0.11825568406654857 0.9238795325112867 -0.3639535720290143
vn 0.11825568406654845 0.9238795325112867 -0.36395357202901435
vn 0.3095974002490934 0.9238795325112867 -0.22493567784086396
vn 0.3826834323650898 0.9238795325112867 -9.373040810652597e-17
vn 0.7071067811865475 0.7071067811865476 0
vn 0.5720614028176843 0.7071067811865476 0.4156269377774534
vn 0.21850801222441055 0.7071067811865476 0.6724985119639573
vn -0.21850801222441046 0.7071067811865476 0.6724985119639573
vn -0.5720614028176841 0.7071067811865476 0.4156269377774535
vn -0.7071067811865475 0.7071067811865476 8.659560562354932e-17
vn -0.5720614028176843 0.7071067811865476 -0.41562693777745335
vn -0.2185080122244106 0.7071067811865476 -0.6724985119639573
vn 0.21850801222441038 0.7071067811865476 -0.6724985119639573
vn 0.5720614028176841 0.7071067811865476 -0.4156269377774536
vn 0.7071067811865475 0.7071067811865476 -1.7319121124709863e-16
vn 0.9238795325112867 0.38268343236508984 0
vn 0.7474342425568128 0.38268343236508984 0.5430427641049989
vn 0.28549447630116936 0.38268343236508984 0.8786616496665794
vn -0.28549447630116925 0.38268343236508984 0.8786616496665797
vn -0.7474342425568127 0.38268343236508984 0.543042764104999
vn -0.9238795325112867 0.38268343236508984 1.1314261122877003e-16
vn -0.7474342425568128 0.38268343236508984 -0.5430427641049987
vn -0.2854944763011695 0.38268343236508984 -0.8786616496665794
vn 0.28549447630116914 0.38268343236508984 -0.8786616496665797
vn 0.7474342425568127 0.38268343236508984 -0.543042764104999
vn 0.9238795325112867 0.38268343236508984 -2.2628522245754005e-16
vn 1 6.123233995736766e-17 0
vn 0.8090169943749475 6.123233995736766e-17 0.5877852522924731
vn 0.30901699437494745 6.123233995736766e-17 0.9510565162951536
vn -0.30901699437494734 6.123233995736766e-17 0.9510565162951536
vn -0.8090169943749473 6.123233995736766e-17 0.5877852522924732
vn -1 6.123233995736766e-17 1.2246467991473532e-16
vn -0.8090169943749475 6.123233995736766e-17 -0.587785252292473
vn -0.30901699437494756 6.123233995736766e-17 -0.9510565162951536
vn 0.30901699437494723 6.123233995736766e-17 -0.9510565162951536
vn 0.8090169943749473 6.123233995736766e-17 -0.5877852522924734
vn 1 6.123233995736766e-17 -2.4492935982947064e-16
vn 0.9238795325112867 -0.3826834323650897 0
vn 0.7474342425568128 -0.3826834323650897 0.5430427641049989
vn 0.28549447630116936 -0.3826834323650897 0.8786616496665794
vn -0.28549447630116925 -0.3826834323650897 0.8786616496665797
vn -0.7474342425568127 -0.3826834323650897 0.543042764104999
vn -0.9238795325112867 -0.3826834323650897 1.1314261122877003e-16
vn -0.7474342425568128 -0.3826834323650897 -0.5430427641049987
vn -0.2854944763011695 -0.3826834323650897 -0.8786616496665794
vn 0.28549447630116914 -0.3826834323650897 -0.8786616496665797
vn 0.7474342425568127 -0.3826834323650897 -0.543042764104999
vn 0.9238795325112867 -0.3826834323650897 -2.2628522245754005e-16
vn 0.7071067811865476 -0.7071067811865474 0
vn 0.5720614028176844 -0.7071067811865474 0.4156269377774535
vn 0.21850801222441057 -0.7071067811865474 0.6724985119639574
vn -0.2185080122244105 -0.7071067811865474 0.6724985119639574
vn -0.5720614028176843 -0.7071067811865474 0.4156269377774535
vn -0.7071067811865476 -0.7071067811865474 8.659560562354934e-17
vn -0.5720614028176844 -0.7071067811865474 -0.4156269377774534
vn -0.21850801222441066 -0.7071067811865474 -0.6724985119639574
vn 0.2185080122244104 -0.7071067811865474 -0.6724985119639574
vn 0.5720614028176843 -0.7071067811865474 -0.4156269377774536
vn 0.7071067811865476 -0.7071067811865474 -1.7319121124709868e-16
vn 0.3826834323650899 -0.9238795325112867 0
vn 0.3095974002490935 -0.9238795325112867 0.2249356778408639
vn 0.11825568406654857 -0.9238795325112867 0.3639535720290144
vn -0.11825568406654853 -0.9238795325112867 0.36395357202901446
vn -0.3095974002490935 -0.9238795325112867 0.224935677840864
vn -0.3826834323650899 -0.9238795325112867 4.6865204053263e-17
vn -0.3095974002490935 -0.9238795325112867 -0.2249356778408639
vn -0.11825568406654861 -0.9238795325112867 -0.3639535720290144
vn 0.11825568406654849 -0.9238795325112867 -0.36395357202901446
vn 0.3095974002490935 -0.9238795325112867 -0.224935677840864
vn 0.3826834323650899 -0.9238795325112867 -9.3730408106526e-17
vn 1.2246467991473532e-16 -1 0
vn 9.907600726170916e-17 -1 7.198293278059966e-17
vn 3.7843667304341506e-17 -1 1.1647083184890923e-16
vn -3.7843667304341493e-17 -1 1.1647083184890926e-16
vn -9.907600726170915e-17 -1 7.198293278059968e-17
vn -1.2246467991473532e-16 -1 1.4997597826618576e-32
vn -9.907600726170916e-17 -1 -7.198293278059965e-17
vn -3.784366730434152e-17 -1 -1.1647083184890923e-16
vn 3.7843667304341475e-17 -1 -1.1647083184890926e-16
vn 9.907600726170915e-17 -1 -7.19829327805997e-17
vn 1.2246467991473532e-16 -1 -2.999519565323715e-32
vn 0 1 0
vn 0 1 0
vn 0 1 0
vn 0 1 0
vn 0 1 0
vn 0 1 0
vn 0 1 0
vn 0 1 0
vn 0 1 0
vn 0 1 0
vn 0 1 0
vn 0.3826834323650898 0.9238795325112867 0
vn 0.30959740024909344 0.9238795325112867 0.22493567784086388
vn 0.11825568406654853 0.9238795325112867 0.3639535720290143
vn -0.11825568406654849 0.9238795325112867 0.36395357202901435
vn -0.3095974002490934 0.9238795325112867 0.2249356778408639
vn -0.3826834323650898 0.9238795325112867 4.6865204053262986e-17
vn -0.30959740024909344 0.9238795325112867 -0.22493567784086382
vn -0.11825568406654857 0.9238795325112867 -0.3639535720290143
vn 0.11825568406654845 0.9238795325112867 -0.36395357202901435
vn 0.3095974002490934 0.9238795325112867 -0.22493567784086396
vn 0.3826834323650898 0.9238795325112867 -9.373040810652597e-17
vn 0.7071067811865475 0.7071067811865476 0
vn 0.5720614028176843 0.7071067811865476 0.4156269377774534
vn 0.21850801222441055 0.7071067811865476 0.6724985119639573
vn -0.21850801222441046 0.7071067811865476 0.6724985119639573
vn -0.5720614028176841 0.7071067811865476 0.4156269377774535
vn -0.7071067811865475 0.7071067811865476 8.659560562354932e-17
vn -0.5720614028176843 0.7071067811865476 -0.41562693777745335
vn -0.2185080122244106 0.7071067811865476 -0.6724985119639573
vn 0.21850801222441038 0.7071067811865476 -0.6724985119639573
vn 0.5720614028176841 0.7071067811865476 -0.4156269377774536
vn 0.7071067811865475 0.7071067811865476 -1.7319121124709863e-16
vn 0.9238795325112867 0.38268343236508984 0
vn 0.7474342425568128 0.38268343236508984 0.5430427641049989
vn 0.28549447630116936 0.38268343236508984 0.8786616496665794
vn -0.28549447630116925 0.38268343236508984 0.8786616496665797
vn -0.7474342425568127 0.38268343236508984 0.543042764104999
vn -0.9238795325112867 0.38268343236508984 1.1314261122877003e-16
vn -0.7474342425568128 0.38268343236508984 -0.5430427641049987
vn -0.2854944763011695 0.38268343236508984 -0.8786616496665794
vn 0.28549447630116914 0.38268343236508984 -0.8786616496665797
vn 0.7474342425568127 0.38268343236508984 -0.543042764104999
vn 0.9238795325112867 0.38268343236508984 -2.2628522245754005e-16
vn 1 6.123233995736766e-17 0
vn 0.8090169943749475 6.123233995736766e-17 0.5877852522924731
vn 0.30901699437494745 6.123233995736766e-17 0.9510565162951536
vn -0.30901699437494734 6.123233995736766e-17 0.9510565162951536
vn -0.8090169943749473 6.123233995736766e-17 0.5877852522924732
vn -1 6.123233995736766e-17 1.2246467991473532e-16
vn -0.8090169943749475 6.123233995736766e-17 -0.587785252292473
vn -0.30901699437494756 6.123233995736766e-17 -0.9510565162951536
vn 0.30901699437494723 6.123233995736766e-17 -0.9510565162951536
vn 0.8090169943749473 6.123233995736766e-17 -0.5877852522924734
vn 1 6.123233995736766e-17 -2.4492935982947064e-16
vn 0.9238795325112867 -0.3826834323650897 0
vn 0.7474342425568128 -0.3826834323650897 0.5430427641049989
vn 0.28549447630116936 -0.3826834323650897 0.8786616496665794
vn -0.28549447630116925 -0.3826834323650897 0.8786616496665797
vn -0.7474342425568127 -0.3826834323650897 0.543042764104999
vn -0.9238795325112867 -0.3826834323650897 1.1314261122877003e-16
vn -0.7474342425568128 -0.3826834323650897 -0.5430427641049987
vn -0.2854944763011695 -0.3826834323650897 -0.8786616496665794
vn 0.28549447630116914 -0.3826834323650897 -0.8786616496665797
vn 0.7474342425568127 -0.3826834323650897 -0.543042764104999
vn 0.9238795325112867 -0.3826834323650897 -2.2628522245754005e-16
vn 0.7071067811865476 -0.7071067811865474 0
vn 0.5720614028176844 -0.7071067811865474 0.4156269377774535
vn 0.21850801222441057 -0.7071067811865474 0.6724985119639574
vn -0.2185080122244105 -0.7071067811865474 0.6724985119639574
vn -0.5720614028176843 -0.7071067811865474 0.4156269377774535
vn -0.7071067811865476 -0.7071067811865474 8.659560562354934e-17
vn -0.5720614028176844 -0.7071067811865474 -0.4156269377774534
vn -0.21850801222441066 -0.7071067811865474 -0.6724985119639574
vn 0.2185080122244104 -0.7071067811865474 -0.6724985119639574
vn 0.5720614028176843 -0.7071067811865474 -0.4156269377774536
vn 0.7071067811865476 -0.7071067811865474 -1.7319121124709868e-16
vn 0.3826834323650899 -0.9238795325112867 0
vn 0.3095974002490935 -0.9238795325112867 0.2249356778408639
vn 0.11825568406654857 -0.9238795325112867 0.3639535720290144
vn -0.11825568406654853 -0.9238795325112867 0.36395357202901446
vn -0.3095974002490935 -0.9238795325112867 0.224935677840864
vn -0.3826834323650899 -0.9238795325112867 4.6865204053263e-17
vn -0.3095974002490935 -0.9238795325112867 -0.2249356778408639
vn -0.11825568406654861 -0.9238795325112867 -0.3639535720290144
vn 0.11825568406654849 -0.9238795325112867 -0.36395357202901446
vn 0.3095974002490935 -0.9238795325112867 -0.224935677840864
vn 0.3826834323650899 -0.9238795325112867 -9.3730408106526e-17
vn 1.2246467991473532e-16 -1 0
vn 9.907600726170916e-17 -1 7.198293278059966e-17
vn 3.7843667304341506e-17 -1 1.1647083184890923e-16
vn -3.7843667304341493e-17 -1 1.1647083184890926e-16
vn -9.907600726170915e-17 -1 7.198293278059968e-17
vn -1.2246467991473532e-16 -1 1.4997597826618576e-32
vn -9.907600726170916e-17 -1 -7.198293278059965e-17
vn -3.784366730434152e-17 -1 -1.1647083184890923e-16
vn 3.7843667304341475e-17 -1 -1.1647083184890926e-16
vn 9.907600726170915e-17 -1 -7.19829327805997e-17
vn 1.2246467991473532e-16 -1 -2.999519565323715e-32
vn 0 -1 0
vn 0 -1 0
vn 0 -1 0
vn 0 -1 0
vn 0 -1 0
vn 0 -1 0
vn 0 -1 0
vn 0 -1 0
vn 0 1 0
vn 0 1 0
vn 0 1 0
vn 0 1 0
vn 0 1 0
vn 0 1 0
vn 0 1 0
vn 0 1 0
vn 0 -1 0
vn 0 1 0
vn 0 -1 0
vn 0 -1 0
vn 0 -1 0
vn 0 -1 0
vn 0 -1 0
vn 0 -1 0
vn 0 -1 0
vn 0 1 0
vn 0 1 0
vn 0 1 0
vn 0 1 0
vn 0 1 0
vn 0 1 0
vn 0 1 0
vn 0 -1 0
vn 0 1 0
vn -0.5773502691896257 -0.5773502691896257 -0.5773502691896257
vn -0.5773502691896257 -0.5773502691896257 0.5773502691896257
vn -0.5773502691896257 0.5773502691896257 -0.5773502691896257
vn -0.5773502691896257 0.5773502691896257 0.5773502691896257
vn 0.5773502691896257 -0.5773502691896257 -0.5773502691896257
vn 0.5773502691896257 -0.5773502691896257 0.5773502691896257
vn 0.5773502691896257 0.5773502691896257 -0.5773502691896257
vn 0.5773502691896257 0.5773502691896257 0.5773502691896257
vn 0 -0.35682208977308993 -0.9341723589627157
vn 0 -0.35682208977308993 0.9341723589627157
vn 0 0.35682208977308993 -0.9341723589627157
vn 0 0.35682208977308993 0.9341723589627157
vn -0.35682208977308993 -0.9341723589627157 0
vn -0.35682208977308993 0.9341723589627157 0
vn 0.35682208977308993 -0.9341723589627157 0
vn 0.35682208977308993 0.9341723589627157 0
vn -0.9341723589627157 0 -0.35682208977308993
vn -0.9341723589627157 0 0.35682208977308993
vn 0.9341723589627157 0 -0.35682208977308993
vn 0.9341723589627157 0 0.35682208977308993
vn 0 1 0
vn 0 1 0
vn 0 1 0
vn 0 1 0
vn 0 1 0
vn 0 1 0
vn 0 1 0
vn 0 1 0
vn 0 1 0
vn 0 1 0
vn 0 1 0
vn 0.3826834323650898 0.9238795325112866 0
vn 0.30959740024909344 0.9238795325112866 0.22493567784086385
vn 0.11825568406654853 0.9238795325112866 0.3639535720290143
vn -0.11825568406654849 0.9238795325112866 0.36395357202901435
vn -0.3095974002490934 0.9238795325112866 0.2249356778408639
vn -0.3826834323650898 0.9238795325112866 4.6865204053262986e-17
vn -0.30959740024909344 0.9238795325112866 -0.22493567784086382
vn -0.11825568406654857 0.9238795325112866 -0.3639535720290143
vn 0.11825568406654845 0.9238795325112866 -0.36395357202901435
vn 0.3095974002490934 0.9238795325112866 -0.22493567784086396
vn 0.3826834323650898 0.9238795325112866 -9.373040810652597e-17
vn 0.7071067811865475 0.7071067811865476 0
vn 0.5720614028176843 0.7071067811865476 0.4156269377774534
vn 0.21850801222441055 0.7071067811865476 0.6724985119639573
vn -0.21850801222441046 0.7071067811865476 0.6724985119639573
vn -0.5720614028176841 0.7071067811865476 0.41562693777745346
vn -0.7071067811865475 0.7071067811865476 8.659560562354932e-17
vn -0.5720614028176843 0.7071067811865476 -0.41562693777745335
vn -0.2185080122244106 0.7071067811865476 -0.6724985119639573
vn 0.21850801222441038 0.7071067811865476 -0.6724985119639573
vn 0.5720614028176841 0.7071067811865476 -0.4156269377774535
vn 0.7071067811865475 0.7071067811865476 -1.7319121124709863e-16
vn 0.9238795325112867 0.38268343236508984 0
vn 0.7474342425568128 0.38268343236508984 0.5430427641049989
vn 0.28549447630116936 0.38268343236508984 0.8786616496665794
vn -0.2854944763011693 0.38268343236508984 0.8786616496665796
vn -0.7474342425568127 0.38268343236508984 0.543042764104999
vn -0.9238795325112867 0.38268343236508984 1.1314261122877003e-16
vn -0.7474342425568128 0.38268343236508984 -0.5430427641049987
vn -0.2854944763011695 0.38268343236508984 -0.8786616496665794
vn 0.28549447630116914 0.38268343236508984 -0.8786616496665796
vn 0.7474342425568127 0.38268343236508984 -0.543042764104999
vn 0.9238795325112867 0.38268343236508984 -2.2628522245754005e-16
vn 1 6.123233995736766e-17 0
vn 0.8090169943749475 6.123233995736766e-17 0.5877852522924731
vn 0.30901699437494745 6.123233995736766e-17 0.9510565162951535
vn -0.30901699437494734 6.123233995736766e-17 0.9510565162951536
vn -0.8090169943749473 6.123233995736766e-17 0.5877852522924732
vn -1 6.123233995736766e-17 1.2246467991473532e-16
vn -0.8090169943749475 6.123233995736766e-17 -0.587785252292473
vn -0.30901699437494756 6.123233995736766e-17 -0.9510565162951535
vn 0.3090169943749473 6.123233995736766e-17 -0.9510565162951536
vn 0.8090169943749473 6.123233995736766e-17 -0.5877852522924734
vn 1 6.123233995736766e-17 -2.4492935982947064e-16
vn 0.9238795325112867 -0.3826834323650898 0
vn 0.7474342425568128 -0.3826834323650898 0.5430427641049989
vn 0.28549447630116936 -0.3826834323650898 0.8786616496665794
vn -0.2854944763011693 -0.3826834323650898 0.8786616496665796
vn -0.7474342425568127 -0.3826834323650898 0.543042764104999
vn -0.9238795325112867 -0.3826834323650898 1.1314261122877003e-16
vn -0.7474342425568128 -0.3826834323650898 -0.5430427641049987
vn -0.2854944763011695 -0.3826834323650898 -0.8786616496665794
vn 0.28549447630116914 -0.3826834323650898 -0.8786616496665796
vn 0.7474342425568127 -0.3826834323650898 -0.543042764104999
vn 0.9238795325112867 -0.3826834323650898 -2.2628522245754005e-16
vn 0.7071067811865475 -0.7071067811865475 0
vn 0.5720614028176844 -0.7071067811865475 0.41562693777745346
vn 0.21850801222441057 -0.7071067811865475 0.6724985119639574
vn -0.2185080122244105 -0.7071067811865475 0.6724985119639574
vn -0.5720614028176843 -0.7071067811865475 0.4156269377774535
vn -0.7071067811865475 -0.7071067811865475 8.659560562354934e-17
vn -0.5720614028176844 -0.7071067811865475 -0.4156269377774534
vn -0.21850801222441063 -0.7071067811865475 -0.6724985119639574
vn 0.2185080122244104 -0.7071067811865475 -0.6724985119639574
vn 0.5720614028176843 -0.7071067811865475 -0.41562693777745363
vn 0.7071067811865475 -0.7071067811865475 -1.7319121124709868e-16
vn 0.3826834323650899 -0.9238795325112866 0
vn 0.3095974002490935 -0.9238795325112866 0.22493567784086393
vn 0.11825568406654857 -0.9238795325112866 0.36395357202901446
vn -0.11825568406654853 -0.9238795325112866 0.36395357202901446
vn -0.3095974002490935 -0.9238795325112866 0.22493567784086402
vn -0.3826834323650899 -0.9238795325112866 4.6865204053263e-17
vn -0.3095974002490935 -0.9238795325112866 -0.2249356778408639
vn -0.11825568406654861 -0.9238795325112866 -0.36395357202901446
vn 0.11825568406654849 -0.9238795325112866 -0.36395357202901446
vn 0.3095974002490935 -0.9238795325112866 -0.22493567784086402
vn 0.3826834323650899 -0.9238795325112866 -9.3730408106526e-17
vn 1.2246467991473532e-16 -1 0
vn 9.907600726170917e-17 -1 7.198293278059966e-17
vn 3.7843667304341506e-17 -1 1.1647083184890923e-16
vn -3.7843667304341493e-17 -1 1.1647083184890926e-16
vn -9.907600726170915e-17 -1 7.198293278059966e-17
vn -1.2246467991473532e-16 -1 1.4997597826618576e-32
vn -9.907600726170917e-17 -1 -7.198293278059965e-17
vn -3.784366730434152e-17 -1 -1.1647083184890923e-16
vn 3.7843667304341475e-17 -1 -1.1647083184890926e-16
vn 9.907600726170915e-17 -1 -7.19829327805997e-17
vn 1.2246467991473532e-16 -1 -2.999519565323715e-32
vn 0 1 0
vn 0 1 0
vn 0 1 0
vn 0 1 0
vn 0 1 0
vn 0 1 0
vn 0 1 0
vn 0 1 0
vn 0 1 0
vn 0 1 0
vn 0 1 0
vn 0.3826834323650898 0.9238795325112866 0
vn 0.30959740024909344 0.9238795325112866 0.22493567784086385
vn 0.11825568406654853 0.9238795325112866 0.3639535720290143
vn -0.11825568406654849 0.9238795325112866 0.36395357202901435
vn -0.3095974002490934 0.9238795325112866 0.2249356778408639
vn -0.3826834323650898 0.9238795325112866 4.6865204053262986e-17
vn -0.30959740024909344 0.9238795325112866 -0.22493567784086382
vn -0.11825568406654857 0.9238795325112866 -0.3639535720290143
vn 0.11825568406654845 0.9238795325112866 -0.36395357202901435
vn 0.3095974002490934 0.9238795325112866 -0.22493567784086396
vn 0.3826834323650898 0.9238795325112866 -9.373040810652597e-17
vn 0.7071067811865475 0.7071067811865476 0
vn 0.5720614028176843 0.7071067811865476 0.4156269377774534
vn 0.21850801222441055 0.7071067811865476 0.6724985119639573
vn -0.21850801222441046 0.7071067811865476 0.6724985119639573
vn -0.5720614028176841 0.7071067811865476 0.41562693777745346
vn -0.7071067811865475 0.7071067811865476 8.659560562354932e-17
vn -0.5720614028176843 0.7071067811865476 -0.41562693777745335
vn -0.2185080122244106 0.7071067811865476 -0.6724985119639573
vn 0.21850801222441038 0.7071067811865476 -0.6724985119639573
vn 0.5720614028176841 0.7071067811865476 -0.4156269377774535
vn 0.7071067811865475 0.7071067811865476 -1.7319121124709863e-16
vn 0.9238795325112867 0.38268343236508984 0
vn 0.7474342425568128 0.38268343236508984 0.5430427641049989
vn 0.28549447630116936 0.38268343236508984 0.8786616496665794
vn -0.2854944763011693 0.38268343236508984 0.8786616496665796
vn -0.7474342425568127 0.38268343236508984 0.543042764104999
vn -0.9238795325112867 0.38268343236508984 1.1314261122877003e-16
vn -0.7474342425568128 0.38268343236508984 -0.5430427641049987
vn -0.2854944763011695 0.38268343236508984 -0.8786616496665794
vn 0.28549447630116914 0.38268343236508984 -0.8786616496665796
vn 0.7474342425568127 0.38268343236508984 -0.543042764104999
vn 0.9238795325112867 0.38268343236508984 -2.2628522245754005e-16
vn 1 6.123233995736766e-17 0
vn 0.8090169943749475 6.123233995736766e-17 0.5877852522924731
vn 0.30901699437494745 6.123233995736766e-17 0.9510565162951535
vn -0.30901699437494734 6.123233995736766e-17 0.9510565162951536
vn -0.8090169943749473 6.123233995736766e-17 0.5877852522924732
vn -1 6.123233995736766e-17 1.2246467991473532e-16
vn -0.8090169943749475 6.123233995736766e-17 -0.587785252292473
vn -0.30901699437494756 6.123233995736766e-17 -0.9510565162951535
vn 0.3090169943749473 6.123233995736766e-17 -0.9510565162951536
vn 0.8090169943749473 6.123233995736766e-17 -0.5877852522924734
vn 1 6.123233995736766e-17 -2.4492935982947064e-16
vn 0.9238795325112867 -0.3826834323650898 0
vn 0.7474342425568128 -0.3826834323650898 0.5430427641049989
vn 0.28549447630116936 -0.3826834323650898 0.8786616496665794
vn -0.2854944763011693 -0.3826834323650898 0.8786616496665796
vn -0.7474342425568127 -0.3826834323650898 0.543042764104999
vn -0.9238795325112867 -0.3826834323650898 1.1314261122877003e-16
vn -0.7474342425568128 -0.3826834323650898 -0.5430427641049987
vn -0.2854944763011695 -0.3826834323650898 -0.8786616496665794
vn 0.28549447630116914 -0.3826834323650898 -0.8786616496665796
vn 0.7474342425568127 -0.3826834323650898 -0.543042764104999
vn 0.9238795325112867 -0.3826834323650898 -2.2628522245754005e-16
vn 0.7071067811865475 -0.7071067811865475 0
vn 0.5720614028176844 -0.7071067811865475 0.41562693777745346
vn 0.21850801222441057 -0.7071067811865475 0.6724985119639574
vn -0.2185080122244105 -0.7071067811865475 0.6724985119639574
vn -0.5720614028176843 -0.7071067811865475 0.4156269377774535
vn -0.7071067811865475 -0.7071067811865475 8.659560562354934e-17
vn -0.5720614028176844 -0.7071067811865475 -0.4156269377774534
vn -0.21850801222441063 -0.7071067811865475 -0.6724985119639574
vn 0.2185080122244104 -0.7071067811865475 -0.6724985119639574
vn 0.5720614028176843 -0.7071067811865475 -0.41562693777745363
vn 0.7071067811865475 -0.7071067811865475 -1.7319121124709868e-16
vn 0.3826834323650899 -0.9238795325112866 0
vn 0.3095974002490935 -0.9238795325112866 0.22493567784086393
vn 0.11825568406654857 -0.9238795325112866 0.36395357202901446
vn -0.11825568406654853 -0.9238795325112866 0.36395357202901446
vn -0.3095974002490935 -0.9238795325112866 0.22493567784086402
vn -0.3826834323650899 -0.9238795325112866 4.6865204053263e-17
vn -0.3095974002490935 -0.9238795325112866 -0.2249356778408639
vn -0.11825568406654861 -0.9238795325112866 -0.36395357202901446
vn 0.11825568406654849 -0.9238795325112866 -0.36395357202901446
vn 0.3095974002490935 -0.9238795325112866 -0.22493567784086402
vn 0.3826834323650899 -0.9238795325112866 -9.3730408106526e-17
vn 1.2246467991473532e-16 -1 0
vn 9.907600726170917e-17 -1 7.198293278059966e-17
vn 3.7843667304341506e-17 -1 1.1647083184890923e-16
vn -3.7843667304341493e-17 -1 1.1647083184890926e-16
vn -9.907600726170915e-17 -1 7.198293278059966e-17
vn -1.2246467991473532e-16 -1 1.4997597826618576e-32
vn -9.907600726170917e-17 -1 -7.198293278059965e-17
vn -3.784366730434152e-17 -1 -1.1647083184890923e-16
vn 3.7843667304341475e-17 -1 -1.1647083184890926e-16
vn 9.907600726170915e-17 -1 -7.19829327805997e-17
vn 1.2246467991473532e-16 -1 -2.999519565323715e-32
vn 0 1 0
vn 0 1 0
vn 0 1 0
vn 0 1 0
vn 0 1 0
vn 0 1 0
vn 0 1 0
vn 0 1 0
vn 0 1 0
vn 0 1 0
vn 0 1 0
vn 0.3826834323650898 0.9238795325112866 0
vn 0.30959740024909344 0.9238795325112866 0.22493567784086385
vn 0.11825568406654853 0.9238795325112866 0.3639535720290143
vn -0.11825568406654849 0.9238795325112866 0.36395357202901435
vn -0.3095974002490934 0.9238795325112866 0.2249356778408639
vn -0.3826834323650898 0.9238795325112866 4.6865204053262986e-17
vn -0.30959740024909344 0.9238795325112866 -0.22493567784086382
vn -0.11825568406654857 0.9238795325112866 -0.3639535720290143
vn 0.11825568406654845 0.9238795325112866 -0.36395357202901435
vn 0.3095974002490934 0.9238795325112866 -0.22493567784086396
vn 0.3826834323650898 0.9238795325112866 -9.373040810652597e-17
vn 0.7071067811865475 0.7071067811865476 0
vn 0.5720614028176843 0.7071067811865476 0.4156269377774534
vn 0.21850801222441055 0.7071067811865476 0.6724985119639573
vn -0.21850801222441046 0.7071067811865476 0.6724985119639573
vn -0.5720614028176841 0.7071067811865476 0.41562693777745346
vn -0.7071067811865475 0.7071067811865476 8.659560562354932e-17
vn -0.5720614028176843 0.7071067811865476 -0.41562693777745335
vn -0.2185080122244106 0.7071067811865476 -0.6724985119639573
vn 0.21850801222441038 0.7071067811865476 -0.6724985119639573
vn 0.5720614028176841 0.7071067811865476 -0.4156269377774535
vn 0.7071067811865475 0.7071067811865476 -1.7319121124709863e-16
vn 0.9238795325112867 0.38268343236508984 0
vn 0.7474342425568128 0.38268343236508984 0.5430427641049989
vn 0.28549447630116936 0.38268343236508984 0.8786616496665794
vn -0.2854944763011693 0.38268343236508984 0.8786616496665796
vn -0.7474342425568127 0.38268343236508984 0.543042764104999
vn -0.9238795325112867 0.38268343236508984 1.1314261122877003e-16
vn -0.7474342425568128 0.38268343236508984 -0.5430427641049987
vn -0.2854944763011695 0.38268343236508984 -0.8786616496665794
vn 0.28549447630116914 0.38268343236508984 -0.8786616496665796
vn 0.7474342425568127 0.38268343236508984 -0.543042764104999
vn 0.9238795325112867 0.38268343236508984 -2.2628522245754005e-16
vn 1 6.123233995736766e-17 0
vn 0.8090169943749475 6.123233995736766e-17 0.5877852522924731
vn 0.30901699437494745 6.123233995736766e-17 0.9510565162951535
vn -0.30901699437494734 6.123233995736766e-17 0.9510565162951536
vn -0.8090169943749473 6.123233995736766e-17 0.5877852522924732
vn -1 6.123233995736766e-17 1.2246467991473532e-16
vn -0.8090169943749475 6.123233995736766e-17 -0.587785252292473
vn -0.30901699437494756 6.123233995736766e-17 -0.9510565162951535
vn 0.3090169943749473 6.123233995736766e-17 -0.9510565162951536
vn 0.8090169943749473 6.123233995736766e-17 -0.5877852522924734
vn 1 6.123233995736766e-17 -2.4492935982947064e-16
vn 0.9238795325112867 -0.3826834323650898 0
vn 0.7474342425568128 -0.3826834323650898 0.5430427641049989
vn 0.28549447630116936 -0.3826834323650898 0.8786616496665794
vn -0.2854944763011693 -0.3826834323650898 0.8786616496665796
vn -0.7474342425568127 -0.3826834323650898 0.543042764104999
vn -0.9238795325112867 -0.3826834323650898 1.1314261122877003e-16
vn -0.7474342425568128 -0.3826834323650898 -0.5430427641049987
vn -0.2854944763011695 -0.3826834323650898 -0.8786616496665794
vn 0.28549447630116914 -0.3826834323650898 -0.8786616496665796
vn 0.7474342425568127 -0.3826834323650898 -0.543042764104999
vn 0.9238795325112867 -0.3826834323650898 -2.2628522245754005e-16
vn 0.7071067811865475 -0.7071067811865475 0
vn 0.5720614028176844 -0.7071067811865475 0.41562693777745346
vn 0.21850801222441057 -0.7071067811865475 0.6724985119639574
vn -0.2185080122244105 -0.7071067811865475 0.6724985119639574
vn -0.5720614028176843 -0.7071067811865475 0.4156269377774535
vn -0.7071067811865475 -0.7071067811865475 8.659560562354934e-17
vn -0.5720614028176844 -0.7071067811865475 -0.4156269377774534
vn -0.21850801222441063 -0.7071067811865475 -0.6724985119639574
vn 0.2185080122244104 -0.7071067811865475 -0.6724985119639574
vn 0.5720614028176843 -0.7071067811865475 -0.41562693777745363
vn 0.7071067811865475 -0.7071067811865475 -1.7319121124709868e-16
vn 0.3826834323650899 -0.9238795325112866 0
vn 0.3095974002490935 -0.9238795325112866 0.22493567784086393
vn 0.11825568406654857 -0.9238795325112866 0.36395357202901446
vn -0.11825568406654853 -0.9238795325112866 0.36395357202901446
vn -0.3095974002490935 -0.9238795325112866 0.22493567784086402
vn -0.3826834323650899 -0.9238795325112866 4.6865204053263e-17
vn -0.3095974002490935 -0.9238795325112866 -0.2249356778408639
vn -0.11825568406654861 -0.9238795325112866 -0.36395357202901446
vn 0.11825568406654849 -0.9238795325112866 -0.36395357202901446
vn 0.3095974002490935 -0.9238795325112866 -0.22493567784086402
vn 0.3826834323650899 -0.9238795325112866 -9.3730408106526e-17
vn 1.2246467991473532e-16 -1 0
vn 9.907600726170917e-17 -1 7.198293278059966e-17
vn 3.7843667304341506e-17 -1 1.1647083184890923e-16
vn -3.7843667304341493e-17 -1 1.1647083184890926e-16
vn -9.907600726170915e-17 -1 7.198293278059966e-17
vn -1.2246467991473532e-16 -1 1.4997597826618576e-32
vn -9.907600726170917e-17 -1 -7.198293278059965e-17
vn -3.784366730434152e-17 -1 -1.1647083184890923e-16
vn 3.7843667304341475e-17 -1 -1.1647083184890926e-16
vn 9.907600726170915e-17 -1 -7.19829327805997e-17
vn 1.2246467991473532e-16 -1 -2.999519565323715e-32
vn 0 1 0
vn 0 1 0
vn 0 1 0
vn 0 1 0
vn 0 1 0
vn 0 1 0
vn 0 1 0
vn 0 1 0
vn 0 1 0
vn 0 1 0
vn 0 1 0
vn 0.3826834323650898 0.9238795325112866 0
vn 0.30959740024909344 0.9238795325112866 0.22493567784086385
vn 0.11825568406654853 0.9238795325112866 0.3639535720290143
vn -0.11825568406654849 0.9238795325112866 0.36395357202901435
vn -0.3095974002490934 0.9238795325112866 0.2249356778408639
vn -0.3826834323650898 0.9238795325112866 4.6865204053262986e-17
vn -0.30959740024909344 0.9238795325112866 -0.22493567784086382
vn -0.11825568406654857 0.9238795325112866 -0.3639535720290143
vn 0.11825568406654845 0.9238795325112866 -0.36395357202901435
vn 0.3095974002490934 0.9238795325112866 -0.22493567784086396
vn 0.3826834323650898 0.9238795325112866 -9.373040810652597e-17
vn 0.7071067811865475 0.7071067811865476 0
vn 0.5720614028176843 0.7071067811865476 0.4156269377774534
vn 0.21850801222441055 0.7071067811865476 0.6724985119639573
vn -0.21850801222441046 0.7071067811865476 0.6724985119639573
vn -0.5720614028176841 0.7071067811865476 0.41562693777745346
vn -0.7071067811865475 0.7071067811865476 8.659560562354932e-17
vn -0.5720614028176843 0.7071067811865476 -0.41562693777745335
vn -0.2185080122244106 0.7071067811865476 -0.6724985119639573
vn 0.21850801222441038 0.7071067811865476 -0.6724985119639573
vn 0.5720614028176841 0.7071067811865476 -0.4156269377774535
vn 0.7071067811865475 0.7071067811865476 -1.7319121124709863e-16
vn 0.9238795325112867 0.38268343236508984 0
vn 0.7474342425568128 0.38268343236508984 0.5430427641049989
vn 0.28549447630116936 0.38268343236508984 0.8786616496665794
vn -0.2854944763011693 0.38268343236508984 0.8786616496665796
vn -0.7474342425568127 0.38268343236508984 0.543042764104999
vn -0.9238795325112867 0.38268343236508984 1.1314261122877003e-16
vn -0.7474342425568128 0.38268343236508984 -0.5430427641049987
vn -0.2854944763011695 0.38268343236508984 -0.8786616496665794
vn 0.28549447630116914 0.38268343236508984 -0.8786616496665796
vn 0.7474342425568127 0.38268343236508984 -0.543042764104999
vn 0.9238795325112867 0.38268343236508984 -2.2628522245754005e-16
vn 1 6.123233995736766e-17 0
vn 0.8090169943749475 6.123233995736766e-17 0.5877852522924731
vn 0.30901699437494745 6.123233995736766e-17 0.9510565162951535
vn -0.30901699437494734 6.123233995736766e-17 0.9510565162951536
vn -0.8090169943749473 6.123233995736766e-17 0.5877852522924732
vn -1 6.123233995736766e-17 1.2246467991473532e-16
vn -0.8090169943749475 6.123233995736766e-17 -0.587785252292473
vn -0.30901699437494756 6.123233995736766e-17 -0.9510565162951535
vn 0.3090169943749473 6.123233995736766e-17 -0.9510565162951536
vn 0.8090169943749473 6.123233995736766e-17 -0.5877852522924734
vn 1 6.123233995736766e-17 -2.4492935982947064e-16
vn 0.9238795325112867 -0.3826834323650898 0
vn 0.7474342425568128 -0.3826834323650898 0.5430427641049989
vn 0.28549447630116936 -0.3826834323650898 0.8786616496665794
vn -0.2854944763011693 -0.3826834323650898 0.8786616496665796
vn -0.7474342425568127 -0.3826834323650898 0.543042764104999
vn -0.9238795325112867 -0.3826834323650898 1.1314261122877003e-16
vn -0.7474342425568128 -0.3826834323650898 -0.5430427641049987
vn -0.2854944763011695 -0.3826834323650898 -0.8786616496665794
vn 0.28549447630116914 -0.3826834323650898 -0.8786616496665796
vn 0.7474342425568127 -0.3826834323650898 -0.543042764104999
vn 0.9238795325112867 -0.3826834323650898 -2.2628522245754005e-16
vn 0.7071067811865475 -0.7071067811865475 0
vn 0.5720614028176844 -0.7071067811865475 0.41562693777745346
vn 0.21850801222441057 -0.7071067811865475 0.6724985119639574
vn -0.2185080122244105 -0.7071067811865475 0.6724985119639574
vn -0.5720614028176843 -0.7071067811865475 0.4156269377774535
vn -0.7071067811865475 -0.7071067811865475 8.659560562354934e-17
vn -0.5720614028176844 -0.7071067811865475 -0.4156269377774534
vn -0.21850801222441063 -0.7071067811865475 -0.6724985119639574
vn 0.2185080122244104 -0.7071067811865475 -0.6724985119639574
vn 0.5720614028176843 -0.7071067811865475 -0.41562693777745363
vn 0.7071067811865475 -0.7071067811865475 -1.7319121124709868e-16
vn 0.3826834323650899 -0.9238795325112866 0
vn 0.3095974002490935 -0.9238795325112866 0.22493567784086393
vn 0.11825568406654857 -0.9238795325112866 0.36395357202901446
vn -0.11825568406654853 -0.9238795325112866 0.36395357202901446
vn -0.3095974002490935 -0.9238795325112866 0.22493567784086402
vn -0.3826834323650899 -0.9238795325112866 4.6865204053263e-17
vn -0.3095974002490935 -0.9238795325112866 -0.2249356778408639
vn -0.11825568406654861 -0.9238795325112866 -0.36395357202901446
vn 0.11825568406654849 -0.9238795325112866 -0.36395357202901446
vn 0.3095974002490935 -0.9238795325112866 -0.22493567784086402
vn 0.3826834323650899 -0.9238795325112866 -9.3730408106526e-17
vn 1.2246467991473532e-16 -1 0
vn 9.907600726170917e-17 -1 7.198293278059966e-17
vn 3.7843667304341506e-17 -1 1.1647083184890923e-16
vn -3.7843667304341493e-17 -1 1.1647083184890926e-16
vn -9.907600726170915e-17 -1 7.198293278059966e-17
vn -1.2246467991473532e-16 -1 1.4997597826618576e-32
vn -9.907600726170917e-17 -1 -7.198293278059965e-17
vn -3.784366730434152e-17 -1 -1.1647083184890923e-16
vn 3.7843667304341475e-17 -1 -1.1647083184890926e-16
vn 9.907600726170915e-17 -1 -7.19829327805997e-17
vn 1.2246467991473532e-16 -1 -2.999519565323715e-32
vn 0 -1 0
vn 0 -1 0
vn 0 -1 0
vn 0 -1 0
vn 0 -1 0
vn 0 -1 0
vn 0 -1 0
vn 0 -1 0
vn 0 1 0
vn 0 1 0
vn 0 1 0
vn 0 1 0
vn 0 1 0
vn 0 1 0
vn 0 1 0
vn 0 1 0
vn 0 -1 0
vn 0 1 0
vn 0 -1 0
vn 0 -1 0
vn 0 -1 0
vn 0 -1 0
vn 0 -1 0
vn 0 -1 0
vn 0 -1 0
vn 0 1 0
vn 0 1 0
vn 0 1 0
vn 0 1 0
vn 0 1 0
vn 0 1 0
vn 0 1 0
vn 0 -1 0
vn 0 1 0
vn -0.5773502691896258 -0.5773502691896258 -0.5773502691896258
vn -0.5773502691896258 -0.5773502691896258 0.5773502691896258
vn -0.5773502691896258 0.5773502691896258 -0.5773502691896258
vn -0.5773502691896258 0.5773502691896258 0.5773502691896258
vn 0.5773502691896258 -0.5773502691896258 -0.5773502691896258
vn 0.5773502691896258 -0.5773502691896258 0.5773502691896258
vn 0.5773502691896258 0.5773502691896258 -0.5773502691896258
vn 0.5773502691896258 0.5773502691896258 0.5773502691896258
vn 0 -0.35682208977308993 -0.9341723589627158
vn 0 -0.35682208977308993 0.9341723589627158
vn 0 0.35682208977308993 -0.9341723589627158
vn 0 0.35682208977308993 0.9341723589627158
vn -0.35682208977308993 -0.9341723589627158 0
vn -0.35682208977308993 0.9341723589627158 0
vn 0.35682208977308993 -0.9341723589627158 0
vn 0.35682208977308993 0.9341723589627158 0
vn -0.9341723589627158 0 -0.35682208977308993
vn -0.9341723589627158 0 0.35682208977308993
vn 0.9341723589627158 0 -0.35682208977308993
vn 0.9341723589627158 0 0.35682208977308993
vn 0 1 0
vn 0 1 0
vn 0 1 0
vn 0 1 0
vn 0 1 0
vn 0 1 0
vn 0 1 0
vn 0 1 0
vn 0 1 0
vn 0 1 0
vn 0 1 0
vn 0.3826834323650898 0.9238795325112867 0
vn 0.30959740024909344 0.9238795325112867 0.22493567784086388
vn 0.11825568406654853 0.9238795325112867 0.3639535720290143
vn -0.11825568406654849 0.9238795325112867 0.36395357202901435
vn -0.3095974002490934 0.9238795325112867 0.2249356778408639
vn -0.3826834323650898 0.9238795325112867 4.6865204053262986e-17
vn -0.30959740024909344 0.9238795325112867 -0.22493567784086382
vn -0.11825568406654857 0.9238795325112867 -0.3639535720290143
vn 0.11825568406654846 0.9238795325112867 -0.36395357202901435
vn 0.3095974002490934 0.9238795325112867 -0.22493567784086396
vn 0.3826834323650898 0.9238795325112867 -9.373040810652597e-17
vn 0.7071067811865476 0.7071067811865476 0
vn 0.5720614028176843 0.7071067811865476 0.4156269377774534
vn 0.21850801222441055 0.7071067811865476 0.6724985119639573
vn -0.21850801222441046 0.7071067811865476 0.6724985119639573
vn -0.5720614028176841 0.7071067811865476 0.4156269377774535
vn -0.7071067811865476 0.7071067811865476 8.659560562354933e-17
vn -0.5720614028176843 0.7071067811865476 -0.41562693777745335
vn -0.2185080122244106 0.7071067811865476 -0.6724985119639573
vn 0.21850801222441038 0.7071067811865476 -0.6724985119639573
vn 0.5720614028176841 0.7071067811865476 -0.4156269377774536
vn 0.7071067811865476 0.7071067811865476 -1.7319121124709866e-16
vn 0.9238795325112867 0.38268343236508984 0
vn 0.7474342425568128 0.38268343236508984 0.5430427641049989
vn 0.28549447630116936 0.38268343236508984 0.8786616496665794
vn -0.28549447630116925 0.38268343236508984 0.8786616496665797
vn -0.7474342425568127 0.38268343236508984 0.543042764104999
vn -0.9238795325112867 0.38268343236508984 1.1314261122877003e-16
vn -0.7474342425568128 0.38268343236508984 -0.5430427641049987
vn -0.2854944763011695 0.38268343236508984 -0.8786616496665794
vn 0.28549447630116914 0.38268343236508984 -0.8786616496665797
vn 0.7474342425568127 0.38268343236508984 -0.543042764104999
vn 0.9238795325112867 0.38268343236508984 -2.2628522245754005e-16
vn 1 6.123233995736766e-17 0
vn 0.8090169943749475 6.123233995736766e-17 0.5877852522924731
vn 0.30901699437494745 6.123233995736766e-17 0.9510565162951535
vn -0.30901699437494734 6.123233995736766e-17 0.9510565162951538
vn -0.8090169943749473 6.123233995736766e-17 0.5877852522924732
vn -1 6.123233995736766e-17 1.2246467991473532e-16
vn -0.8090169943749475 6.123233995736766e-17 -0.587785252292473
vn -0.30901699437494756 6.123233995736766e-17 -0.9510565162951535
vn 0.30901699437494723 6.123233995736766e-17 -0.9510565162951538
vn 0.8090169943749473 6.123233995736766e-17 -0.5877852522924734
vn 1 6.123233995736766e-17 -2.4492935982947064e-16
vn 0.9238795325112867 -0.3826834323650897 0
vn 0.7474342425568128 -0.3826834323650897 0.5430427641049989
vn 0.28549447630116936 -0.3826834323650897 0.8786616496665794
vn -0.28549447630116925 -0.3826834323650897 0.8786616496665797
vn -0.7474342425568127 -0.3826834323650897 0.543042764104999
vn -0.9238795325112867 -0.3826834323650897 1.1314261122877003e-16
vn -0.7474342425568128 -0.3826834323650897 -0.5430427641049987
vn -0.2854944763011695 -0.3826834323650897 -0.8786616496665794
vn 0.28549447630116914 -0.3826834323650897 -0.8786616496665797
vn 0.7474342425568127 -0.3826834323650897 -0.543042764104999
vn 0.9238795325112867 -0.3826834323650897 -2.2628522245754005e-16
vn 0.7071067811865476 -0.7071067811865475 0
vn 0.5720614028176844 -0.7071067811865475 0.4156269377774535
vn 0.21850801222441057 -0.7071067811865475 0.6724985119639574
vn -0.2185080122244105 -0.7071067811865475 0.6724985119639574
vn -0.5720614028176843 -0.7071067811865475 0.4156269377774535
vn -0.7071067811865476 -0.7071067811865475 8.659560562354934e-17
vn -0.5720614028176844 -0.7071067811865475 -0.4156269377774534
vn -0.21850801222441066 -0.7071067811865475 -0.6724985119639574
vn 0.2185080122244104 -0.7071067811865475 -0.6724985119639574
vn 0.5720614028176843 -0.7071067811865475 -0.4156269377774536
vn 0.7071067811865476 -0.7071067811865475 -1.7319121124709868e-16
vn 0.3826834323650899 -0.9238795325112867 0
vn 0.3095974002490935 -0.9238795325112867 0.2249356778408639
vn 0.11825568406654857 -0.9238795325112867 0.3639535720290144
vn -0.11825568406654853 -0.9238795325112867 0.36395357202901446
vn -0.3095974002490935 -0.9238795325112867 0.22493567784086402
vn -0.3826834323650899 -0.9238795325112867 4.686520405326299e-17
vn -0.3095974002490935 -0.9238795325112867 -0.2249356778408639
vn -0.11825568406654861 -0.9238795325112867 -0.3639535720290144
vn 0.11825568406654849 -0.9238795325112867 -0.36395357202901446
vn 0.3095974002490935 -0.9238795325112867 -0.22493567784086402
vn 0.3826834323650899 -0.9238795325112867 -9.373040810652598e-17
vn 1.2246467991473532e-16 -1 0
vn 9.907600726170916e-17 -1 7.198293278059966e-17
vn 3.7843667304341506e-17 -1 1.1647083184890923e-16
vn -3.7843667304341493e-17 -1 1.1647083184890926e-16
vn -9.907600726170915e-17 -1 7.198293278059968e-17
vn -1.2246467991473532e-16 -1 1.4997597826618576e-32
vn -9.907600726170916e-17 -1 -7.198293278059965e-17
vn -3.784366730434152e-17 -1 -1.1647083184890923e-16
vn 3.7843667304341475e-17 -1 -1.1647083184890926e-16
vn 9.907600726170915e-17 -1 -7.19829327805997e-17
vn 1.2246467991473532e-16 -1 -2.999519565323715e-32
vn 0 1 0
vn 0 1 0
vn 0 1 0
vn 0 1 0
vn 0 1 0
vn 0 1 0
vn 0 1 0
vn 0 1 0
vn 0 1 0
vn 0 1 0
vn 0 1 0
vn 0.3826834323650898 0.9238795325112867 0
vn 0.30959740024909344 0.9238795325112867 0.22493567784086388
vn 0.11825568406654853 0.9238795325112867 0.3639535720290143
vn -0.11825568406654849 0.9238795325112867 0.36395357202901435
vn -0.3095974002490934 0.9238795325112867 0.2249356778408639
vn -0.3826834323650898 0.9238795325112867 4.6865204053262986e-17
vn -0.30959740024909344 0.9238795325112867 -0.22493567784086382
vn -0.11825568406654857 0.9238795325112867 -0.3639535720290143
vn 0.11825568406654846 0.9238795325112867 -0.36395357202901435
vn 0.3095974002490934 0.9238795325112867 -0.22493567784086396
vn 0.3826834323650898 0.9238795325112867 -9.373040810652597e-17
vn 0.7071067811865476 0.7071067811865476 0
vn 0.5720614028176843 0.7071067811865476 0.4156269377774534
vn 0.21850801222441055 0.7071067811865476 0.6724985119639573
vn -0.21850801222441046 0.7071067811865476 0.6724985119639573
vn -0.5720614028176841 0.7071067811865476 0.4156269377774535
vn -0.7071067811865476 0.7071067811865476 8.659560562354933e-17
vn -0.5720614028176843 0.7071067811865476 -0.41562693777745335
vn -0.2185080122244106 0.7071067811865476 -0.6724985119639573
vn 0.21850801222441038 0.7071067811865476 -0.6724985119639573
vn 0.5720614028176841 0.7071067811865476 -0.4156269377774536
vn 0.7071067811865476 0.7071067811865476 -1.7319121124709866e-16
vn 0.9238795325112867 0.38268343236508984 0
vn 0.7474342425568128 0.38268343236508984 0.5430427641049989
vn 0.28549447630116936 0.38268343236508984 0.8786616496665794
vn -0.28549447630116925 0.38268343236508984 0.8786616496665797
vn -0.7474342425568127 0.38268343236508984 0.543042764104999
vn -0.9238795325112867 0.38268343236508984 1.1314261122877003e-16
vn -0.7474342425568128 0.38268343236508984 -0.5430427641049987
vn -0.2854944763011695 0.38268343236508984 -0.8786616496665794
vn 0.28549447630116914 0.38268343236508984 -0.8786616496665797
vn 0.7474342425568127 0.38268343236508984 -0.543042764104999
vn 0.9238795325112867 0.38268343236508984 -2.2628522245754005e-16
vn 1 6.123233995736766e-17 0
vn 0.8090169943749475 6.123233995736766e-17 0.5877852522924731
vn 0.30901699437494745 6.123233995736766e-17 0.9510565162951535
vn -0.30901699437494734 6.123233995736766e-17 0.9510565162951538
vn -0.8090169943749473 6.123233995736766e-17 0.5877852522924732
vn -1 6.123233995736766e-17 1.2246467991473532e-16
vn -0.8090169943749475 6.123233995736766e-17 -0.587785252292473
vn -0.30901699437494756 6.123233995736766e-17 -0.9510565162951535
vn 0.30901699437494723 6.123233995736766e-17 -0.9510565162951538
vn 0.8090169943749473 6.123233995736766e-17 -0.5877852522924734
vn 1 6.123233995736766e-17 -2.4492935982947064e-16
vn 0.9238795325112867 -0.3826834323650897 0
vn 0.7474342425568128 -0.3826834323650897 0.5430427641049989
vn 0.28549447630116936 -0.3826834323650897 0.8786616496665794
vn -0.28549447630116925 -0.3826834323650897 0.8786616496665797
vn -0.7474342425568127 -0.3826834323650897 0.543042764104999
vn -0.9238795325112867 -0.3826834323650897 1.1314261122877003e-16
vn -0.7474342425568128 -0.3826834323650897 -0.5430427641049987
vn -0.2854944763011695 -0.3826834323650897 -0.8786616496665794
vn 0.28549447630116914 -0.3826834323650897 -0.8786616496665797
vn 0.7474342425568127 -0.3826834323650897 -0.543042764104999
vn 0.9238795325112867 -0.3826834323650897 -2.2628522245754005e-16
vn 0.7071067811865476 -0.7071067811865475 0
vn 0.5720614028176844 -0.7071067811865475 0.4156269377774535
vn 0.21850801222441057 -0.7071067811865475 0.6724985119639574
vn -0.2185080122244105 -0.7071067811865475 0.6724985119639574
vn -0.5720614028176843 -0.7071067811865475 0.4156269377774535
vn -0.7071067811865476 -0.7071067811865475 8.659560562354934e-17
vn -0.5720614028176844 -0.7071067811865475 -0.4156269377774534
vn -0.21850801222441066 -0.7071067811865475 -0.6724985119639574
vn 0.2185080122244104 -0.7071067811865475 -0.6724985119639574
vn 0.5720614028176843 -0.7071067811865475 -0.4156269377774536
vn 0.7071067811865476 -0.7071067811865475 -1.7319121124709868e-16
vn 0.3826834323650899 -0.9238795325112867 0
vn 0.3095974002490935 -0.9238795325112867 0.2249356778408639
vn 0.11825568406654857 -0.9238795325112867 0.3639535720290144
vn -0.11825568406654853 -0.9238795325112867 0.36395357202901446
vn -0.3095974002490935 -0.9238795325112867 0.22493567784086402
vn -0.3826834323650899 -0.9238795325112867 4.686520405326299e-17
vn -0.3095974002490935 -0.9238795325112867 -0.2249356778408639
vn -0.11825568406654861 -0.9238795325112867 -0.3639535720290144
vn 0.11825568406654849 -0.9238795325112867 -0.36395357202901446
vn 0.3095974002490935 -0.9238795325112867 -0.22493567784086402
vn 0.3826834323650899 -0.9238795325112867 -9.373040810652598e-17
vn 1.2246467991473532e-16 -1 0
vn 9.907600726170916e-17 -1 7.198293278059966e-17
vn 3.7843667304341506e-17 -1 1.1647083184890923e-16
vn -3.7843667304341493e-17 -1 1.1647083184890926e-16
vn -9.907600726170915e-17 -1 7.198293278059968e-17
vn -1.2246467991473532e-16 -1 1.4997597826618576e-32
vn -9.907600726170916e-17 -1 -7.198293278059965e-17
vn -3.784366730434152e-17 -1 -1.1647083184890923e-16
vn 3.7843667304341475e-17 -1 -1.1647083184890926e-16
vn 9.907600726170915e-17 -1 -7.19829327805997e-17
vn 1.2246467991473532e-16 -1 -2.999519565323715e-32
vn 0 1 0
vn 0 1 0
vn 0 1 0
vn 0 1 0
vn 0 1 0
vn 0 1 0
vn 0 1 0
vn 0 1 0
vn 0 1 0
vn 0 1 0
vn 0 1 0
vn 0.3826834323650898 0.9238795325112867 0
vn 0.30959740024909344 0.9238795325112867 0.22493567784086388
vn 0.11825568406654853 0.9238795325112867 0.3639535720290143
vn -0.11825568406654849 0.9238795325112867 0.36395357202901435
vn -0.3095974002490934 0.9238795325112867 0.2249356778408639
vn -0.3826834323650898 0.9238795325112867 4.6865204053262986e-17
vn -0.30959740024909344 0.9238795325112867 -0.22493567784086382
vn -0.11825568406654857 0.9238795325112867 -0.3639535720290143
vn 0.11825568406654846 0.9238795325112867 -0.36395357202901435
vn 0.3095974002490934 0.9238795325112867 -0.22493567784086396
vn 0.3826834323650898 0.9238795325112867 -9.373040810652597e-17
vn 0.7071067811865476 0.7071067811865476 0
vn 0.5720614028176843 0.7071067811865476 0.4156269377774534
vn 0.21850801222441055 0.7071067811865476 0.6724985119639573
vn -0.21850801222441046 0.7071067811865476 0.6724985119639573
vn -0.5720614028176841 0.7071067811865476 0.4156269377774535
vn -0.7071067811865476 0.7071067811865476 8.659560562354933e-17
vn -0.5720614028176843 0.7071067811865476 -0.41562693777745335
vn -0.2185080122244106 0.7071067811865476 -0.6724985119639573
vn 0.21850801222441038 0.7071067811865476 -0.6724985119639573
vn 0.5720614028176841 0.7071067811865476 -0.4156269377774536
vn 0.7071067811865476 0.7071067811865476 -1.7319121124709866e-16
vn 0.9238795325112867 0.38268343236508984 0
vn 0.7474342425568128 0.38268343236508984 0.5430427641049989
vn 0.28549447630116936 0.38268343236508984 0.8786616496665794
vn -0.28549447630116925 0.38268343236508984 0.8786616496665797
vn -0.7474342425568127 0.38268343236508984 0.543042764104999
vn -0.9238795325112867 0.38268343236508984 1.1314261122877003e-16
vn -0.7474342425568128 0.38268343236508984 -0.5430427641049987
vn -0.2854944763011695 0.38268343236508984 -0.8786616496665794
vn 0.28549447630116914 0.38268343236508984 -0.8786616496665797
vn 0.7474342425568127 0.38268343236508984 -0.543042764104999
vn 0.9238795325112867 0.38268343236508984 -2.2628522245754005e-16
vn 1 6.123233995736766e-17 0
vn 0.8090169943749475 6.123233995736766e-17 0.5877852522924731
vn 0.30901699437494745 6.123233995736766e-17 0.9510565162951535
vn -0.30901699437494734 6.123233995736766e-17 0.9510565162951538
vn -0.8090169943749473 6.123233995736766e-17 0.5877852522924732
vn -1 6.123233995736766e-17 1.2246467991473532e-16
vn -0.8090169943749475 6.123233995736766e-17 -0.587785252292473
vn -0.30901699437494756 6.123233995736766e-17 -0.9510565162951535
vn 0.30901699437494723 6.123233995736766e-17 -0.9510565162951538
vn 0.8090169943749473 6.123233995736766e-17 -0.5877852522924734
vn 1 6.123233995736766e-17 -2.4492935982947064e-16
vn 0.9238795325112867 -0.3826834323650897 0
vn 0.7474342425568128 -0.3826834323650897 0.5430427641049989
vn 0.28549447630116936 -0.3826834323650897 0.8786616496665794
vn -0.28549447630116925 -0.3826834323650897 0.8786616496665797
vn -0.7474342425568127 -0.3826834323650897 0.543042764104999
vn -0.9238795325112867 -0.3826834323650897 1.1314261122877003e-16
vn -0.7474342425568128 -0.3826834323650897 -0.5430427641049987
vn -0.2854944763011695 -0.3826834323650897 -0.8786616496665794
vn 0.28549447630116914 -0.3826834323650897 -0.8786616496665797
vn 0.7474342425568127 -0.3826834323650897 -0.543042764104999
vn 0.9238795325112867 -0.3826834323650897 -2.2628522245754005e-16
vn 0.7071067811865476 -0.7071067811865475 0
vn 0.5720614028176844 -0.7071067811865475 0.4156269377774535
vn 0.21850801222441057 -0.7071067811865475 0.6724985119639574
vn -0.2185080122244105 -0.7071067811865475 0.6724985119639574
vn -0.5720614028176843 -0.7071067811865475 0.4156269377774535
vn -0.7071067811865476 -0.7071067811865475 8.659560562354934e-17
vn -0.5720614028176844 -0.7071067811865475 -0.4156269377774534
vn -0.21850801222441066 -0.7071067811865475 -0.6724985119639574
vn 0.2185080122244104 -0.7071067811865475 -0.6724985119639574
vn 0.5720614028176843 -0.7071067811865475 -0.4156269377774536
vn 0.7071067811865476 -0.7071067811865475 -1.7319121124709868e-16
vn 0.3826834323650899 -0.9238795325112867 0
vn 0.3095974002490935 -0.9238795325112867 0.2249356778408639
vn 0.11825568406654857 -0.9238795325112867 0.3639535720290144
vn -0.11825568406654853 -0.9238795325112867 0.36395357202901446
vn -0.3095974002490935 -0.9238795325112867 0.22493567784086402
vn -0.3826834323650899 -0.9238795325112867 4.686520405326299e-17
vn -0.3095974002490935 -0.9238795325112867 -0.2249356778408639
vn -0.11825568406654861 -0.9238795325112867 -0.3639535720290144
vn 0.11825568406654849 -0.9238795325112867 -0.36395357202901446
vn 0.3095974002490935 -0.9238795325112867 -0.22493567784086402
vn 0.3826834323650899 -0.9238795325112867 -9.373040810652598e-17
vn 1.2246467991473532e-16 -1 0
vn 9.907600726170916e-17 -1 7.198293278059966e-17
vn 3.7843667304341506e-17 -1 1.1647083184890923e-16
vn -3.7843667304341493e-17 -1 1.1647083184890926e-16
vn -9.907600726170915e-17 -1 7.198293278059968e-17
vn -1.2246467991473532e-16 -1 1.4997597826618576e-32
vn -9.907600726170916e-17 -1 -7.198293278059965e-17
vn -3.784366730434152e-17 -1 -1.1647083184890923e-16
vn 3.7843667304341475e-17 -1 -1.1647083184890926e-16
vn 9.907600726170915e-17 -1 -7.19829327805997e-17
vn 1.2246467991473532e-16 -1 -2.999519565323715e-32
vn 0 1 0
vn 0 1 0
vn 0 1 0
vn 0 1 0
vn 0 1 0
vn 0 1 0
vn 0 1 0
vn 0 1 0
vn 0 1 0
vn 0 1 0
vn 0 1 0
vn 0.3826834323650898 0.9238795325112867 0
vn 0.30959740024909344 0.9238795325112867 0.22493567784086388
vn 0.11825568406654853 0.9238795325112867 0.3639535720290143
vn -0.11825568406654849 0.9238795325112867 0.36395357202901435
vn -0.3095974002490934 0.9238795325112867 0.2249356778408639
vn -0.3826834323650898 0.9238795325112867 4.6865204053262986e-17
vn -0.30959740024909344 0.9238795325112867 -0.22493567784086382
vn -0.11825568406654857 0.9238795325112867 -0.3639535720290143
vn 0.11825568406654846 0.9238795325112867 -0.36395357202901435
vn 0.3095974002490934 0.9238795325112867 -0.22493567784086396
vn 0.3826834323650898 0.9238795325112867 -9.373040810652597e-17
vn 0.7071067811865476 0.7071067811865476 0
vn 0.5720614028176843 0.7071067811865476 0.4156269377774534
vn 0.21850801222441055 0.7071067811865476 0.6724985119639573
vn -0.21850801222441046 0.7071067811865476 0.6724985119639573
vn -0.5720614028176841 0.7071067811865476 0.4156269377774535
vn -0.7071067811865476 0.7071067811865476 8.659560562354933e-17
vn -0.5720614028176843 0.7071067811865476 -0.41562693777745335
vn -0.2185080122244106 0.7071067811865476 -0.6724985119639573
vn 0.21850801222441038 0.7071067811865476 -0.6724985119639573
vn 0.5720614028176841 0.7071067811865476 -0.4156269377774536
vn 0.7071067811865476 0.7071067811865476 -1.7319121124709866e-16
vn 0.9238795325112867 0.38268343236508984 0
vn 0.7474342425568128 0.38268343236508984 0.5430427641049989
vn 0.28549447630116936 0.38268343236508984 0.8786616496665794
vn -0.28549447630116925 0.38268343236508984 0.8786616496665797
vn -0.7474342425568127 0.38268343236508984 0.543042764104999
vn -0.9238795325112867 0.38268343236508984 1.1314261122877003e-16
vn -0.7474342425568128 0.38268343236508984 -0.5430427641049987
vn -0.2854944763011695 0.38268343236508984 -0.8786616496665794
vn 0.28549447630116914 0.38268343236508984 -0.8786616496665797
vn 0.7474342425568127 0.38268343236508984 -0.543042764104999
vn 0.9238795325112867 0.38268343236508984 -2.2628522245754005e-16
vn 1 6.123233995736766e-17 0
vn 0.8090169943749475 6.123233995736766e-17 0.5877852522924731
vn 0.30901699437494745 6.123233995736766e-17 0.9510565162951535
vn -0.30901699437494734 6.123233995736766e-17 0.9510565162951538
vn -0.8090169943749473 6.123233995736766e-17 0.5877852522924732
vn -1 6.123233995736766e-17 1.2246467991473532e-16
vn -0.8090169943749475 6.123233995736766e-17 -0.587785252292473
vn -0.30901699437494756 6.123233995736766e-17 -0.9510565162951535
vn 0.30901699437494723 6.123233995736766e-17 -0.9510565162951538
vn 0.8090169943749473 6.123233995736766e-17 -0.5877852522924734
vn 1 6.123233995736766e-17 -2.4492935982947064e-16
vn 0.9238795325112867 -0.3826834323650897 0
vn 0.7474342425568128 -0.3826834323650897 0.5430427641049989
vn 0.28549447630116936 -0.3826834323650897 0.8786616496665794
vn -0.28549447630116925 -0.3826834323650897 0.8786616496665797
vn -0.7474342425568127 -0.3826834323650897 0.543042764104999
vn -0.9238795325112867 -0.3826834323650897 1.1314261122877003e-16
vn -0.7474342425568128 -0.3826834323650897 -0.5430427641049987
vn -0.2854944763011695 -0.3826834323650897 -0.8786616496665794
vn 0.28549447630116914 -0.3826834323650897 -0.8786616496665797
vn 0.7474342425568127 -0.3826834323650897 -0.543042764104999
vn 0.9238795325112867 -0.3826834323650897 -2.2628522245754005e-16
vn 0.7071067811865476 -0.7071067811865475 0
vn 0.5720614028176844 -0.7071067811865475 0.4156269377774535
vn 0.21850801222441057 -0.7071067811865475 0.6724985119639574
vn -0.2185080122244105 -0.7071067811865475 0.6724985119639574
vn -0.5720614028176843 -0.7071067811865475 0.4156269377774535
vn -0.7071067811865476 -0.7071067811865475 8.659560562354934e-17
vn -0.5720614028176844 -0.7071067811865475 -0.4156269377774534
vn -0.21850801222441066 -0.7071067811865475 -0.6724985119639574
vn 0.2185080122244104 -0.7071067811865475 -0.6724985119639574
vn 0.5720614028176843 -0.7071067811865475 -0.4156269377774536
vn 0.7071067811865476 -0.7071067811865475 -1.7319121124709868e-16
vn 0.3826834323650899 -0.9238795325112867 0
vn 0.3095974002490935 -0.9238795325112867 0.2249356778408639
vn 0.11825568406654857 -0.9238795325112867 0.3639535720290144
vn -0.11825568406654853 -0.9238795325112867 0.36395357202901446
vn -0.3095974002490935 -0.9238795325112867 0.22493567784086402
vn -0.3826834323650899 -0.9238795325112867 4.686520405326299e-17
vn -0.3095974002490935 -0.9238795325112867 -0.2249356778408639
vn -0.11825568406654861 -0.9238795325112867 -0.3639535720290144
vn 0.11825568406654849 -0.9238795325112867 -0.36395357202901446
vn 0.3095974002490935 -0.9238795325112867 -0.22493567784086402
vn 0.3826834323650899 -0.9238795325112867 -9.373040810652598e-17
vn 1.2246467991473532e-16 -1 0
vn 9.907600726170916e-17 -1 7.198293278059966e-17
vn 3.7843667304341506e-17 -1 1.1647083184890923e-16
vn -3.7843667304341493e-17 -1 1.1647083184890926e-16
vn -9.907600726170915e-17 -1 7.198293278059968e-17
vn -1.2246467991473532e-16 -1 1.4997597826618576e-32
vn -9.907600726170916e-17 -1 -7.198293278059965e-17
vn -3.784366730434152e-17 -1 -1.1647083184890923e-16
vn 3.7843667304341475e-17 -1 -1.1647083184890926e-16
vn 9.907600726170915e-17 -1 -7.19829327805997e-17
vn 1.2246467991473532e-16 -1 -2.999519565323715e-32
vn 0 -1 0
vn 0 -1 0
vn 0 -1 0
vn 0 -1 0
vn 0 -1 0
vn 0 -1 0
vn 0 -1 0
vn 0 -1 0
vn 0 1 0
vn 0 1 0
vn 0 1 0
vn 0 1 0
vn 0 1 0
vn 0 1 0
vn 0 1 0
vn 0 1 0
vn 0 -1 0
vn 0 1 0
vn 0 -1 0
vn 0 -1 0
vn 0 -1 0
vn 0 -1 0
vn 0 -1 0
vn 0 -1 0
vn 0 -1 0
vn 0 1 0
vn 0 1 0
vn 0 1 0
vn 0 1 0
vn 0 1 0
vn 0 1 0
vn 0 1 0
vn 0 -1 0
vn 0 1 0
vn -0.5773502691896258 -0.5773502691896258 -0.5773502691896258
vn -0.5773502691896258 -0.5773502691896258 0.5773502691896258
vn -0.5773502691896258 0.5773502691896258 -0.5773502691896258
vn -0.5773502691896258 0.5773502691896258 0.5773502691896258
vn 0.5773502691896258 -0.5773502691896258 -0.5773502691896258
vn 0.5773502691896258 -0.5773502691896258 0.5773502691896258
vn 0.5773502691896258 0.5773502691896258 -0.5773502691896258
vn 0.5773502691896258 0.5773502691896258 0.5773502691896258
vn 0 -0.35682208977308993 -0.9341723589627157
vn 0 -0.35682208977308993 0.9341723589627157
vn 0 0.35682208977308993 -0.9341723589627157
vn 0 0.35682208977308993 0.9341723589627157
vn -0.35682208977308993 -0.9341723589627157 0
vn -0.35682208977308993 0.9341723589627157 0
vn 0.35682208977308993 -0.9341723589627157 0
vn 0.35682208977308993 0.9341723589627157 0
vn -0.9341723589627157 0 -0.35682208977308993
vn -0.9341723589627157 0 0.35682208977308993
vn 0.9341723589627157 0 -0.35682208977308993
vn 0.9341723589627157 0 0.35682208977308993
vn 0 1 0
vn 0 1 0
vn 0 1 0
vn 0 1 0
vn 0 1 0
vn 0 1 0
vn 0 1 0
vn 0 1 0
vn 0 1 0
vn 0 1 0
vn 0 1 0
vn 0.3826834323650898 0.9238795325112867 0
vn 0.30959740024909344 0.9238795325112867 0.22493567784086388
vn 0.11825568406654853 0.9238795325112867 0.3639535720290143
vn -0.11825568406654849 0.9238795325112867 0.36395357202901435
vn -0.3095974002490934 0.9238795325112867 0.2249356778408639
vn -0.3826834323650898 0.9238795325112867 4.6865204053262986e-17
vn -0.30959740024909344 0.9238795325112867 -0.22493567784086382
vn -0.11825568406654857 0.9238795325112867 -0.3639535720290143
vn 0.11825568406654845 0.9238795325112867 -0.36395357202901435
vn 0.3095974002490934 0.9238795325112867 -0.22493567784086393
vn 0.3826834323650898 0.9238795325112867 -9.373040810652597e-17
vn 0.7071067811865475 0.7071067811865476 0
vn 0.5720614028176843 0.7071067811865476 0.41562693777745346
vn 0.21850801222441055 0.7071067811865476 0.6724985119639573
vn -0.21850801222441046 0.7071067811865476 0.6724985119639573
vn -0.5720614028176841 0.7071067811865476 0.41562693777745346
vn -0.7071067811865475 0.7071067811865476 8.659560562354932e-17
vn -0.5720614028176843 0.7071067811865476 -0.4156269377774533
vn -0.21850801222441057 0.7071067811865476 -0.6724985119639573
vn 0.21850801222441038 0.7071067811865476 -0.6724985119639573
vn 0.5720614028176841 0.7071067811865476 -0.4156269377774536
vn 0.7071067811865475 0.7071067811865476 -1.7319121124709863e-16
vn 0.9238795325112867 0.38268343236508984 0
vn 0.7474342425568128 0.38268343236508984 0.5430427641049989
vn 0.28549447630116936 0.38268343236508984 0.8786616496665794
vn -0.28549447630116925 0.38268343236508984 0.8786616496665796
vn -0.7474342425568127 0.38268343236508984 0.543042764104999
vn -0.9238795325112867 0.38268343236508984 1.1314261122877003e-16
vn -0.7474342425568128 0.38268343236508984 -0.5430427641049987
vn -0.2854944763011695 0.38268343236508984 -0.8786616496665794
vn 0.28549447630116914 0.38268343236508984 -0.8786616496665796
vn 0.7474342425568127 0.38268343236508984 -0.543042764104999
vn 0.9238795325112867 0.38268343236508984 -2.2628522245754005e-16
vn 1 6.123233995736766e-17 0
vn 0.8090169943749473 6.123233995736766e-17 0.5877852522924731
vn 0.30901699437494745 6.123233995736766e-17 0.9510565162951535
vn -0.30901699437494734 6.123233995736766e-17 0.9510565162951536
vn -0.8090169943749473 6.123233995736766e-17 0.5877852522924732
vn -1 6.123233995736766e-17 1.2246467991473532e-16
vn -0.8090169943749473 6.123233995736766e-17 -0.587785252292473
vn -0.3090169943749476 6.123233995736766e-17 -0.9510565162951535
vn 0.3090169943749473 6.123233995736766e-17 -0.9510565162951536
vn 0.8090169943749473 6.123233995736766e-17 -0.5877852522924734
vn 1 6.123233995736766e-17 -2.4492935982947064e-16
vn 0.9238795325112867 -0.3826834323650897 0
vn 0.7474342425568128 -0.3826834323650897 0.5430427641049989
vn 0.28549447630116936 -0.3826834323650897 0.8786616496665794
vn -0.28549447630116925 -0.3826834323650897 0.8786616496665796
vn -0.7474342425568127 -0.3826834323650897 0.543042764104999
vn -0.9238795325112867 -0.3826834323650897 1.1314261122877003e-16
vn -0.7474342425568128 -0.3826834323650897 -0.5430427641049987
vn -0.2854944763011695 -0.3826834323650897 -0.8786616496665794
vn 0.28549447630116914 -0.3826834323650897 -0.8786616496665796
vn 0.7474342425568127 -0.3826834323650897 -0.543042764104999
vn 0.9238795325112867 -0.3826834323650897 -2.2628522245754005e-16
vn 0.7071067811865476 -0.7071067811865475 0
vn 0.5720614028176844 -0.7071067811865475 0.41562693777745346
vn 0.21850801222441057 -0.7071067811865475 0.6724985119639575
vn -0.2185080122244105 -0.7071067811865475 0.6724985119639575
vn -0.5720614028176843 -0.7071067811865475 0.4156269377774535
vn -0.7071067811865476 -0.7071067811865475 8.659560562354934e-17
vn -0.5720614028176844 -0.7071067811865475 -0.41562693777745346
vn -0.21850801222441066 -0.7071067811865475 -0.6724985119639575
vn 0.21850801222441044 -0.7071067811865475 -0.6724985119639575
vn 0.5720614028176843 -0.7071067811865475 -0.41562693777745363
vn 0.7071067811865476 -0.7071067811865475 -1.7319121124709868e-16
vn 0.38268343236508984 -0.9238795325112867 0
vn 0.30959740024909344 -0.9238795325112867 0.22493567784086393
vn 0.11825568406654857 -0.9238795325112867 0.36395357202901435
vn -0.11825568406654853 -0.9238795325112867 0.36395357202901446
vn -0.30959740024909344 -0.9238795325112867 0.224935677840864
vn -0.38268343236508984 -0.9238795325112867 4.6865204053263e-17
vn -0.30959740024909344 -0.9238795325112867 -0.2249356778408639
vn -0.11825568406654861 -0.9238795325112867 -0.36395357202901435
vn 0.11825568406654849 -0.9238795325112867 -0.36395357202901446
vn 0.30959740024909344 -0.9238795325112867 -0.22493567784086402
vn 0.38268343236508984 -0.9238795325112867 -9.3730408106526e-17
vn 1.2246467991473532e-16 -1 0
vn 9.907600726170916e-17 -1 7.198293278059966e-17
vn 3.7843667304341506e-17 -1 1.1647083184890923e-16
vn -3.7843667304341493e-17 -1 1.1647083184890926e-16
vn -9.907600726170915e-17 -1 7.198293278059968e-17
vn -1.2246467991473532e-16 -1 1.4997597826618576e-32
vn -9.907600726170916e-17 -1 -7.198293278059965e-17
vn -3.784366730434152e-17 -1 -1.1647083184890923e-16
vn 3.784366730434147e-17 -1 -1.1647083184890926e-16
vn 9.907600726170915e-17 -1 -7.19829327805997e-17
vn 1.2246467991473532e-16 -1 -2.999519565323715e-32
vn 0 1 0
vn 0 1 0
vn 0 1 0
vn 0 1 0
vn 0 1 0
vn 0 1 0
vn 0 1 0
vn 0 1 0
vn 0 1 0
vn 0 1 0
vn 0 1 0
vn 0.3826834323650898 0.9238795325112867 0
vn 0.30959740024909344 0.9238795325112867 0.22493567784086388
vn 0.11825568406654853 0.9238795325112867 0.3639535720290143
vn -0.11825568406654849 0.9238795325112867 0.36395357202901435
vn -0.3095974002490934 0.9238795325112867 0.2249356778408639
vn -0.3826834323650898 0.9238795325112867 4.6865204053262986e-17
vn -0.30959740024909344 0.9238795325112867 -0.22493567784086382
vn -0.11825568406654857 0.9238795325112867 -0.3639535720290143
vn 0.11825568406654845 0.9238795325112867 -0.36395357202901435
vn 0.3095974002490934 0.9238795325112867 -0.22493567784086393
vn 0.3826834323650898 0.9238795325112867 -9.373040810652597e-17
vn 0.7071067811865475 0.7071067811865476 0
vn 0.5720614028176843 0.7071067811865476 0.41562693777745346
vn 0.21850801222441055 0.7071067811865476 0.6724985119639573
vn -0.21850801222441046 0.7071067811865476 0.6724985119639573
vn -0.5720614028176841 0.7071067811865476 0.41562693777745346
vn -0.7071067811865475 0.7071067811865476 8.659560562354932e-17
vn -0.5720614028176843 0.7071067811865476 -0.4156269377774533
vn -0.21850801222441057 0.7071067811865476 -0.6724985119639573
vn 0.21850801222441038 0.7071067811865476 -0.6724985119639573
vn 0.5720614028176841 0.7071067811865476 -0.4156269377774536
vn 0.7071067811865475 0.7071067811865476 -1.7319121124709863e-16
vn 0.9238795325112867 0.38268343236508984 0
vn 0.7474342425568128 0.38268343236508984 0.5430427641049989
vn 0.28549447630116936 0.38268343236508984 0.8786616496665794
vn -0.28549447630116925 0.38268343236508984 0.8786616496665796
vn -0.7474342425568127 0.38268343236508984 0.543042764104999
vn -0.9238795325112867 0.38268343236508984 1.1314261122877003e-16
vn -0.7474342425568128 0.38268343236508984 -0.5430427641049987
vn -0.2854944763011695 0.38268343236508984 -0.8786616496665794
vn 0.28549447630116914 0.38268343236508984 -0.8786616496665796
vn 0.7474342425568127 0.38268343236508984 -0.543042764104999
vn 0.9238795325112867 0.38268343236508984 -2.2628522245754005e-16
vn 1 6.123233995736766e-17 0
vn 0.8090169943749473 6.123233995736766e-17 0.5877852522924731
vn 0.30901699437494745 6.123233995736766e-17 0.9510565162951535
vn -0.30901699437494734 6.123233995736766e-17 0.9510565162951536
vn -0.8090169943749473 6.123233995736766e-17 0.5877852522924732
vn -1 6.123233995736766e-17 1.2246467991473532e-16
vn -0.8090169943749473 6.123233995736766e-17 -0.587785252292473
vn -0.3090169943749476 6.123233995736766e-17 -0.9510565162951535
vn 0.3090169943749473 6.123233995736766e-17 -0.9510565162951536
vn 0.8090169943749473 6.123233995736766e-17 -0.5877852522924734
vn 1 6.123233995736766e-17 -2.4492935982947064e-16
vn 0.9238795325112867 -0.3826834323650897 0
vn 0.7474342425568128 -0.3826834323650897 0.5430427641049989
vn 0.28549447630116936 -0.3826834323650897 0.8786616496665794
vn -0.28549447630116925 -0.3826834323650897 0.8786616496665796
vn -0.7474342425568127 -0.3826834323650897 0.543042764104999
vn -0.9238795325112867 -0.3826834323650897 1.1314261122877003e-16
vn -0.7474342425568128 -0.3826834323650897 -0.5430427641049987
vn -0.2854944763011695 -0.3826834323650897 -0.8786616496665794
vn 0.28549447630116914 -0.3826834323650897 -0.8786616496665796
vn 0.7474342425568127 -0.3826834323650897 -0.543042764104999
vn 0.9238795325112867 -0.3826834323650897 -2.2628522245754005e-16
vn 0.7071067811865476 -0.7071067811865475 0
vn 0.5720614028176844 -0.7071067811865475 0.41562693777745346
vn 0.21850801222441057 -0.7071067811865475 0.6724985119639575
vn -0.2185080122244105 -0.7071067811865475 0.6724985119639575
vn -0.5720614028176843 -0.7071067811865475 0.4156269377774535
vn -0.7071067811865476 -0.7071067811865475 8.659560562354934e-17
vn -0.5720614028176844 -0.7071067811865475 -0.41562693777745346
vn -0.21850801222441066 -0.7071067811865475 -0.6724985119639575
vn 0.21850801222441044 -0.7071067811865475 -0.6724985119639575
vn 0.5720614028176843 -0.7071067811865475 -0.41562693777745363
vn 0.7071067811865476 -0.7071067811865475 -1.7319121124709868e-16
vn 0.38268343236508984 -0.9238795325112867 0
vn 0.30959740024909344 -0.9238795325112867 0.22493567784086393
vn 0.11825568406654857 -0.9238795325112867 0.36395357202901435
vn -0.11825568406654853 -0.9238795325112867 0.36395357202901446
vn -0.30959740024909344 -0.9238795325112867 0.224935677840864
vn -0.38268343236508984 -0.9238795325112867 4.6865204053263e-17
vn -0.30959740024909344 -0.9238795325112867 -0.2249356778408639
vn -0.11825568406654861 -0.9238795325112867 -0.36395357202901435
vn 0.11825568406654849 -0.9238795325112867 -0.36395357202901446
vn 0.30959740024909344 -0.9238795325112867 -0.22493567784086402
vn 0.38268343236508984 -0.9238795325112867 -9.3730408106526e-17
vn 1.2246467991473532e-16 -1 0
vn 9.907600726170916e-17 -1 7.198293278059966e-17
vn 3.7843667304341506e-17 -1 1.1647083184890923e-16
vn -3.7843667304341493e-17 -1 1.1647083184890926e-16
vn -9.907600726170915e-17 -1 7.198293278059968e-17
vn -1.2246467991473532e-16 -1 1.4997597826618576e-32
vn -9.907600726170916e-17 -1 -7.198293278059965e-17
vn -3.784366730434152e-17 -1 -1.1647083184890923e-16
vn 3.784366730434147e-17 -1 -1.1647083184890926e-16
vn 9.907600726170915e-17 -1 -7.19829327805997e-17
vn 1.2246467991473532e-16 -1 -2.999519565323715e-32
vn 0 1 0
vn 0 1 0
vn 0 1 0
vn 0 1 0
vn 0 1 0
vn 0 1 0
vn 0 1 0
vn 0 1 0
vn 0 1 0
vn 0 1 0
vn 0 1 0
vn 0.3826834323650898 0.9238795325112867 0
vn 0.30959740024909344 0.9238795325112867 0.22493567784086388
vn 0.11825568406654853 0.9238795325112867 0.3639535720290143
vn -0.11825568406654849 0.9238795325112867 0.36395357202901435
vn -0.3095974002490934 0.9238795325112867 0.2249356778408639
vn -0.3826834323650898 0.9238795325112867 4.6865204053262986e-17
vn -0.30959740024909344 0.9238795325112867 -0.22493567784086382
vn -0.11825568406654857 0.9238795325112867 -0.3639535720290143
vn 0.11825568406654845 0.9238795325112867 -0.36395357202901435
vn 0.3095974002490934 0.9238795325112867 -0.22493567784086393
vn 0.3826834323650898 0.9238795325112867 -9.373040810652597e-17
vn 0.7071067811865475 0.7071067811865476 0
vn 0.5720614028176843 0.7071067811865476 0.41562693777745346
vn 0.21850801222441055 0.7071067811865476 0.6724985119639573
vn -0.21850801222441046 0.7071067811865476 0.6724985119639573
vn -0.5720614028176841 0.7071067811865476 0.41562693777745346
vn -0.7071067811865475 0.7071067811865476 8.659560562354932e-17
vn -0.5720614028176843 0.7071067811865476 -0.4156269377774533
vn -0.21850801222441057 0.7071067811865476 -0.6724985119639573
vn 0.21850801222441038 0.7071067811865476 -0.6724985119639573
vn 0.5720614028176841 0.7071067811865476 -0.4156269377774536
vn 0.7071067811865475 0.7071067811865476 -1.7319121124709863e-16
vn 0.9238795325112867 0.38268343236508984 0
vn 0.7474342425568128 0.38268343236508984 0.5430427641049989
vn 0.28549447630116936 0.38268343236508984 0.8786616496665794
vn -0.28549447630116925 0.38268343236508984 0.8786616496665796
vn -0.7474342425568127 0.38268343236508984 0.543042764104999
vn -0.9238795325112867 0.38268343236508984 1.1314261122877003e-16
vn -0.7474342425568128 0.38268343236508984 -0.5430427641049987
vn -0.2854944763011695 0.38268343236508984 -0.8786616496665794
vn 0.28549447630116914 0.38268343236508984 -0.8786616496665796
vn 0.7474342425568127 0.38268343236508984 -0.543042764104999
vn 0.9238795325112867 0.38268343236508984 -2.2628522245754005e-16
vn 1 6.123233995736766e-17 0
vn 0.8090169943749473 6.123233995736766e-17 0.5877852522924731
vn 0.30901699437494745 6.123233995736766e-17 0.9510565162951535
vn -0.30901699437494734 6.123233995736766e-17 0.9510565162951536
vn -0.8090169943749473 6.123233995736766e-17 0.5877852522924732
vn -1 6.123233995736766e-17 1.2246467991473532e-16
vn -0.8090169943749473 6.123233995736766e-17 -0.587785252292473
vn -0.3090169943749476 6.123233995736766e-17 -0.9510565162951535
vn 0.3090169943749473 6.123233995736766e-17 -0.9510565162951536
vn 0.8090169943749473 6.123233995736766e-17 -0.5877852522924734
vn 1 6.123233995736766e-17 -2.4492935982947064e-16
vn 0.9238795325112867 -0.3826834323650897 0
vn 0.7474342425568128 -0.3826834323650897 0.5430427641049989
vn 0.28549447630116936 -0.3826834323650897 0.8786616496665794
vn -0.28549447630116925 -0.3826834323650897 0.8786616496665796
vn -0.7474342425568127 -0.3826834323650897 0.543042764104999
vn -0.9238795325112867 -0.3826834323650897 1.1314261122877003e-16
vn -0.7474342425568128 -0.3826834323650897 -0.5430427641049987
vn -0.2854944763011695 -0.3826834323650897 -0.8786616496665794
vn 0.28549447630116914 -0.3826834323650897 -0.8786616496665796
vn 0.7474342425568127 -0.3826834323650897 -0.543042764104999
vn 0.9238795325112867 -0.3826834323650897 -2.2628522245754005e-16
vn 0.7071067811865476 -0.7071067811865475 0
vn 0.5720614028176844 -0.7071067811865475 0.41562693777745346
vn 0.21850801222441057 -0.7071067811865475 0.6724985119639575
vn -0.2185080122244105 -0.7071067811865475 0.6724985119639575
vn -0.5720614028176843 -0.7071067811865475 0.4156269377774535
vn -0.7071067811865476 -0.7071067811865475 8.659560562354934e-17
vn -0.5720614028176844 -0.7071067811865475 -0.41562693777745346
vn -0.21850801222441066 -0.7071067811865475 -0.6724985119639575
vn 0.21850801222441044 -0.7071067811865475 -0.6724985119639575
vn 0.5720614028176843 -0.7071067811865475 -0.41562693777745363
vn 0.7071067811865476 -0.7071067811865475 -1.7319121124709868e-16
vn 0.38268343236508984 -0.9238795325112867 0
vn 0.30959740024909344 -0.9238795325112867 0.22493567784086393
vn 0.11825568406654857 -0.9238795325112867 0.36395357202901435
vn -0.11825568406654853 -0.9238795325112867 0.36395357202901446
vn -0.30959740024909344 -0.9238795325112867 0.224935677840864
vn -0.38268343236508984 -0.9238795325112867 4.6865204053263e-17
vn -0.30959740024909344 -0.9238795325112867 -0.2249356778408639
vn -0.11825568406654861 -0.9238795325112867 -0.36395357202901435
vn 0.11825568406654849 -0.9238795325112867 -0.36395357202901446
vn 0.30959740024909344 -0.9238795325112867 -0.22493567784086402
vn 0.38268343236508984 -0.9238795325112867 -9.3730408106526e-17
vn 1.2246467991473532e-16 -1 0
vn 9.907600726170916e-17 -1 7.198293278059966e-17
vn 3.7843667304341506e-17 -1 1.1647083184890923e-16
vn -3.7843667304341493e-17 -1 1.1647083184890926e-16
vn -9.907600726170915e-17 -1 7.198293278059968e-17
vn -1.2246467991473532e-16 -1 1.4997597826618576e-32
vn -9.907600726170916e-17 -1 -7.198293278059965e-17
vn -3.784366730434152e-17 -1 -1.1647083184890923e-16
vn 3.784366730434147e-17 -1 -1.1647083184890926e-16
vn 9.907600726170915e-17 -1 -7.19829327805997e-17
vn 1.2246467991473532e-16 -1 -2.999519565323715e-32
vn 0 1 0
vn 0 1 0
vn 0 1 0
vn 0 1 0
vn 0 1 0
vn 0 1 0
vn 0 1 0
vn 0 1 0
vn 0 1 0
vn 0 1 0
vn 0 1 0
vn 0.3826834323650898 0.9238795325112867 0
vn 0.30959740024909344 0.9238795325112867 0.22493567784086388
vn 0.11825568406654853 0.9238795325112867 0.3639535720290143
vn -0.11825568406654849 0.9238795325112867 0.36395357202901435
vn -0.3095974002490934 0.9238795325112867 0.2249356778408639
vn -0.3826834323650898 0.9238795325112867 4.6865204053262986e-17
vn -0.30959740024909344 0.9238795325112867 -0.22493567784086382
vn -0.11825568406654857 0.9238795325112867 -0.3639535720290143
vn 0.11825568406654845 0.9238795325112867 -0.36395357202901435
vn 0.3095974002490934 0.9238795325112867 -0.22493567784086393
vn 0.3826834323650898 0.9238795325112867 -9.373040810652597e-17
vn 0.7071067811865475 0.7071067811865476 0
vn 0.5720614028176843 0.7071067811865476 0.41562693777745346
vn 0.21850801222441055 0.7071067811865476 0.6724985119639573
vn -0.21850801222441046 0.7071067811865476 0.6724985119639573
vn -0.5720614028176841 0.7071067811865476 0.41562693777745346
vn -0.7071067811865475 0.7071067811865476 8.659560562354932e-17
vn -0.5720614028176843 0.7071067811865476 -0.4156269377774533
vn -0.21850801222441057 0.7071067811865476 -0.6724985119639573
vn 0.21850801222441038 0.7071067811865476 -0.6724985119639573
vn 0.5720614028176841 0.7071067811865476 -0.4156269377774536
vn 0.7071067811865475 0.7071067811865476 -1.7319121124709863e-16
vn 0.9238795325112867 0.38268343236508984 0
vn 0.7474342425568128 0.38268343236508984 0.5430427641049989
vn 0.28549447630116936 0.38268343236508984 0.8786616496665794
vn -0.28549447630116925 0.38268343236508984 0.8786616496665796
vn -0.7474342425568127 0.38268343236508984 0.543042764104999
vn -0.9238795325112867 0.38268343236508984 1.1314261122877003e-16
vn -0.7474342425568128 0.38268343236508984 -0.5430427641049987
vn -0.2854944763011695 0.38268343236508984 -0.8786616496665794
vn 0.28549447630116914 0.38268343236508984 -0.8786616496665796
vn 0.7474342425568127 0.38268343236508984 -0.543042764104999
vn 0.9238795325112867 0.38268343236508984 -2.2628522245754005e-16
vn 1 6.123233995736766e-17 0
vn 0.8090169943749473 6.123233995736766e-17 0.5877852522924731
vn 0.30901699437494745 6.123233995736766e-17 0.9510565162951535
vn -0.30901699437494734 6.123233995736766e-17 0.9510565162951536
vn -0.8090169943749473 6.123233995736766e-17 0.5877852522924732
vn -1 6.123233995736766e-17 1.2246467991473532e-16
vn -0.8090169943749473 6.123233995736766e-17 -0.587785252292473
vn -0.3090169943749476 6.123233995736766e-17 -0.9510565162951535
vn 0.3090169943749473 6.123233995736766e-17 -0.9510565162951536
vn 0.8090169943749473 6.123233995736766e-17 -0.5877852522924734
vn 1 6.123233995736766e-17 -2.4492935982947064e-16
vn 0.9238795325112867 -0.3826834323650897 0
vn 0.7474342425568128 -0.3826834323650897 0.5430427641049989
vn 0.28549447630116936 -0.3826834323650897 0.8786616496665794
vn -0.28549447630116925 -0.3826834323650897 0.8786616496665796
vn -0.7474342425568127 -0.3826834323650897 0.543042764104999
vn -0.9238795325112867 -0.3826834323650897 1.1314261122877003e-16
vn -0.7474342425568128 -0.3826834323650897 -0.5430427641049987
vn -0.2854944763011695 -0.3826834323650897 -0.8786616496665794
vn 0.28549447630116914 -0.3826834323650897 -0.8786616496665796
vn 0.7474342425568127 -0.3826834323650897 -0.543042764104999
vn 0.9238795325112867 -0.3826834323650897 -2.2628522245754005e-16
vn 0.7071067811865476 -0.7071067811865475 0
vn 0.5720614028176844 -0.7071067811865475 0.41562693777745346
vn 0.21850801222441057 -0.7071067811865475 0.6724985119639575
vn -0.2185080122244105 -0.7071067811865475 0.6724985119639575
vn -0.5720614028176843 -0.7071067811865475 0.4156269377774535
vn -0.7071067811865476 -0.7071067811865475 8.659560562354934e-17
vn -0.5720614028176844 -0.7071067811865475 -0.41562693777745346
vn -0.21850801222441066 -0.7071067811865475 -0.6724985119639575
vn 0.21850801222441044 -0.7071067811865475 -0.6724985119639575
vn 0.5720614028176843 -0.7071067811865475 -0.41562693777745363
vn 0.7071067811865476 -0.7071067811865475 -1.7319121124709868e-16
vn 0.38268343236508984 -0.9238795325112867 0
vn 0.30959740024909344 -0.9238795325112867 0.22493567784086393
vn 0.11825568406654857 -0.9238795325112867 0.36395357202901435
vn -0.11825568406654853 -0.9238795325112867 0.36395357202901446
vn -0.30959740024909344 -0.9238795325112867 0.224935677840864
vn -0.38268343236508984 -0.9238795325112867 4.6865204053263e-17
vn -0.30959740024909344 -0.9238795325112867 -0.2249356778408639
vn -0.11825568406654861 -0.9238795325112867 -0.36395357202901435
vn 0.11825568406654849 -0.9238795325112867 -0.36395357202901446
vn 0.30959740024909344 -0.9238795325112867 -0.22493567784086402
vn 0.38268343236508984 -0.9238795325112867 -9.3730408106526e-17
vn 1.2246467991473532e-16 -1 0
vn 9.907600726170916e-17 -1 7.198293278059966e-17
vn 3.7843667304341506e-17 -1 1.1647083184890923e-16
vn -3.7843667304341493e-17 -1 1.1647083184890926e-16
vn -9.907600726170915e-17 -1 7.198293278059968e-17
vn -1.2246467991473532e-16 -1 1.4997597826618576e-32
vn -9.907600726170916e-17 -1 -7.198293278059965e-17
vn -3.784366730434152e-17 -1 -1.1647083184890923e-16
vn 3.784366730434147e-17 -1 -1.1647083184890926e-16
vn 9.907600726170915e-17 -1 -7.19829327805997e-17
vn 1.2246467991473532e-16 -1 -2.999519565323715e-32
vn 0 -1 0
vn 0 -1 0
vn 0 -1 0
vn 0 -1 0
vn 0 -1 0
vn 0 -1 0
vn 0 -1 0
vn 0 -1 0
vn 0 1 0
vn 0 1 0
vn 0 1 0
vn 0 1 0
vn 0 1 0
vn 0 1 0
vn 0 1 0
vn 0 1 0
vn 0 -1 0
vn 0 1 0
vn 0 -1 0
vn 0 -1 0
vn 0 -1 0
vn 0 -1 0
vn 0 -1 0
vn 0 -1 0
vn 0 -1 0
vn 0 1 0
vn 0 1 0
vn 0 1 0
vn 0 1 0
vn 0 1 0
vn 0 1 0
vn 0 1 0
vn 0 -1 0
vn 0 1 0
vn -0.5773502691896258 -0.5773502691896258 -0.5773502691896258
vn -0.5773502691896258 -0.5773502691896258 0.5773502691896258
vn -0.5773502691896258 0.5773502691896258 -0.5773502691896258
vn -0.5773502691896258 0.5773502691896258 0.5773502691896258
vn 0.5773502691896258 -0.5773502691896258 -0.5773502691896258
vn 0.5773502691896258 -0.5773502691896258 0.5773502691896258
vn 0.5773502691896258 0.5773502691896258 -0.5773502691896258
vn 0.5773502691896258 0.5773502691896258 0.5773502691896258
vn 0 -0.35682208977308993 -0.9341723589627158
vn 0 -0.35682208977308993 0.9341723589627158
vn 0 0.35682208977308993 -0.9341723589627158
vn 0 0.35682208977308993 0.9341723589627158
vn -0.35682208977308993 -0.9341723589627158 0
vn -0.35682208977308993 0.9341723589627158 0
vn 0.35682208977308993 -0.9341723589627158 0
vn 0.35682208977308993 0.9341723589627158 0
vn -0.9341723589627158 0 -0.35682208977308993
vn -0.9341723589627158 0 0.35682208977308993
vn 0.9341723589627158 0 -0.35682208977308993
vn 0.9341723589627158 0 0.35682208977308993
vn 0 1 0
vn 0 1 0
vn 0 1 0
vn 0 1 0
vn 0 1 0
vn 0 1 0
vn 0 1 0
vn 0 1 0
vn 0 1 0
vn 0 1 0
vn 0 1 0
vn 0.3826834323650898 0.9238795325112866 0
vn 0.30959740024909344 0.9238795325112866 0.22493567784086388
vn 0.11825568406654853 0.9238795325112866 0.36395357202901435
vn -0.11825568406654847 0.9238795325112866 0.36395357202901435
vn -0.3095974002490934 0.9238795325112866 0.22493567784086388
vn -0.3826834323650898 0.9238795325112866 4.6865204053262986e-17
vn -0.30959740024909344 0.9238795325112866 -0.22493567784086382
vn -0.11825568406654857 0.9238795325112866 -0.36395357202901435
vn 0.11825568406654845 0.9238795325112866 -0.36395357202901435
vn 0.3095974002490934 0.9238795325112866 -0.22493567784086396
vn 0.3826834323650898 0.9238795325112866 -9.373040810652597e-17
vn 0.7071067811865475 0.7071067811865476 0
vn 0.5720614028176843 0.7071067811865476 0.41562693777745346
vn 0.21850801222441052 0.7071067811865476 0.6724985119639573
vn -0.2185080122244105 0.7071067811865476 0.6724985119639573
vn -0.5720614028176841 0.7071067811865476 0.41562693777745346
vn -0.7071067811865475 0.7071067811865476 8.659560562354932e-17
vn -0.5720614028176843 0.7071067811865476 -0.4156269377774533
vn -0.21850801222441063 0.7071067811865476 -0.6724985119639573
vn 0.21850801222441038 0.7071067811865476 -0.6724985119639573
vn 0.5720614028176841 0.7071067811865476 -0.4156269377774536
vn 0.7071067811865475 0.7071067811865476 -1.7319121124709863e-16
vn 0.9238795325112866 0.38268343236508984 0
vn 0.7474342425568128 0.38268343236508984 0.5430427641049989
vn 0.28549447630116936 0.38268343236508984 0.8786616496665794
vn -0.28549447630116925 0.38268343236508984 0.8786616496665796
vn -0.7474342425568127 0.38268343236508984 0.543042764104999
vn -0.9238795325112866 0.38268343236508984 1.1314261122877003e-16
vn -0.7474342425568128 0.38268343236508984 -0.5430427641049987
vn -0.2854944763011695 0.38268343236508984 -0.8786616496665794
vn 0.28549447630116914 0.38268343236508984 -0.8786616496665796
vn 0.7474342425568127 0.38268343236508984 -0.543042764104999
vn 0.9238795325112866 0.38268343236508984 -2.2628522245754005e-16
vn 1 6.123233995736766e-17 0
vn 0.8090169943749475 6.123233995736766e-17 0.5877852522924731
vn 0.30901699437494745 6.123233995736766e-17 0.9510565162951534
vn -0.30901699437494734 6.123233995736766e-17 0.9510565162951536
vn -0.8090169943749473 6.123233995736766e-17 0.5877852522924732
vn -1 6.123233995736766e-17 1.2246467991473532e-16
vn -0.8090169943749475 6.123233995736766e-17 -0.587785252292473
vn -0.30901699437494756 6.123233995736766e-17 -0.9510565162951534
vn 0.30901699437494723 6.123233995736766e-17 -0.9510565162951536
vn 0.8090169943749473 6.123233995736766e-17 -0.5877852522924734
vn 1 6.123233995736766e-17 -2.4492935982947064e-16
vn 0.9238795325112866 -0.3826834323650897 0
vn 0.7474342425568128 -0.3826834323650897 0.5430427641049989
vn 0.28549447630116936 -0.3826834323650897 0.8786616496665794
vn -0.28549447630116925 -0.3826834323650897 0.8786616496665796
vn -0.7474342425568127 -0.3826834323650897 0.543042764104999
vn -0.9238795325112866 -0.3826834323650897 1.1314261122877003e-16
vn -0.7474342425568128 -0.3826834323650897 -0.5430427641049987
vn -0.2854944763011695 -0.3826834323650897 -0.8786616496665794
vn 0.28549447630116914 -0.3826834323650897 -0.8786616496665796
vn 0.7474342425568127 -0.3826834323650897 -0.543042764104999
vn 0.9238795325112866 -0.3826834323650897 -2.2628522245754005e-16
vn 0.7071067811865476 -0.7071067811865475 0
vn 0.5720614028176844 -0.7071067811865475 0.41562693777745346
vn 0.21850801222441057 -0.7071067811865475 0.6724985119639574
vn -0.2185080122244105 -0.7071067811865475 0.6724985119639574
vn -0.5720614028176843 -0.7071067811865475 0.4156269377774535
vn -0.7071067811865476 -0.7071067811865475 8.659560562354933e-17
vn -0.5720614028176844 -0.7071067811865475 -0.41562693777745346
vn -0.21850801222441066 -0.7071067811865475 -0.6724985119639574
vn 0.21850801222441044 -0.7071067811865475 -0.6724985119639574
vn 0.5720614028176843 -0.7071067811865475 -0.4156269377774537
vn 0.7071067811865476 -0.7071067811865475 -1.7319121124709866e-16
vn 0.3826834323650899 -0.9238795325112866 0
vn 0.3095974002490935 -0.9238795325112866 0.22493567784086393
vn 0.11825568406654857 -0.9238795325112866 0.3639535720290144
vn -0.11825568406654853 -0.9238795325112866 0.36395357202901446
vn -0.3095974002490935 -0.9238795325112866 0.224935677840864
vn -0.3826834323650899 -0.9238795325112866 4.6865204053263e-17
vn -0.3095974002490935 -0.9238795325112866 -0.22493567784086388
vn -0.11825568406654863 -0.9238795325112866 -0.3639535720290144
vn 0.11825568406654847 -0.9238795325112866 -0.36395357202901446
vn 0.3095974002490935 -0.9238795325112866 -0.224935677840864
vn 0.3826834323650899 -0.9238795325112866 -9.3730408106526e-17
vn 1.2246467991473532e-16 -1 0
vn 9.907600726170916e-17 -1 7.198293278059966e-17
vn 3.7843667304341506e-17 -1 1.1647083184890923e-16
vn -3.7843667304341493e-17 -1 1.1647083184890926e-16
vn -9.907600726170914e-17 -1 7.198293278059968e-17
vn -1.2246467991473532e-16 -1 1.4997597826618576e-32
vn -9.907600726170916e-17 -1 -7.198293278059965e-17
vn -3.784366730434152e-17 -1 -1.1647083184890923e-16
vn 3.7843667304341475e-17 -1 -1.1647083184890926e-16
vn 9.907600726170914e-17 -1 -7.19829327805997e-17
vn 1.2246467991473532e-16 -1 -2.999519565323715e-32
vn 0 1 0
vn 0 1 0
vn 0 1 0
vn 0 1 0
vn 0 1 0
vn 0 1 0
vn 0 1 0
vn 0 1 0
vn 0 1 0
vn 0 1 0
vn 0 1 0
vn 0.3826834323650898 0.9238795325112866 0
vn 0.30959740024909344 0.9238795325112866 0.22493567784086388
vn 0.11825568406654853 0.9238795325112866 0.36395357202901435
vn -0.11825568406654847 0.9238795325112866 0.36395357202901435
vn -0.3095974002490934 0.9238795325112866 0.22493567784086388
vn -0.3826834323650898 0.9238795325112866 4.6865204053262986e-17
vn -0.30959740024909344 0.9238795325112866 -0.22493567784086382
vn -0.11825568406654857 0.9238795325112866 -0.36395357202901435
vn 0.11825568406654845 0.9238795325112866 -0.36395357202901435
vn 0.3095974002490934 0.9238795325112866 -0.22493567784086396
vn 0.3826834323650898 0.9238795325112866 -9.373040810652597e-17
vn 0.7071067811865475 0.7071067811865476 0
vn 0.5720614028176843 0.7071067811865476 0.41562693777745346
vn 0.21850801222441052 0.7071067811865476 0.6724985119639573
vn -0.2185080122244105 0.7071067811865476 0.6724985119639573
vn -0.5720614028176841 0.7071067811865476 0.41562693777745346
vn -0.7071067811865475 0.7071067811865476 8.659560562354932e-17
vn -0.5720614028176843 0.7071067811865476 -0.4156269377774533
vn -0.21850801222441063 0.7071067811865476 -0.6724985119639573
vn 0.21850801222441038 0.7071067811865476 -0.6724985119639573
vn 0.5720614028176841 0.7071067811865476 -0.4156269377774536
vn 0.7071067811865475 0.7071067811865476 -1.7319121124709863e-16
vn 0.9238795325112866 0.38268343236508984 0
vn 0.7474342425568128 0.38268343236508984 0.5430427641049989
vn 0.28549447630116936 0.38268343236508984 0.8786616496665794
vn -0.28549447630116925 0.38268343236508984 0.8786616496665796
vn -0.7474342425568127 0.38268343236508984 0.543042764104999
vn -0.9238795325112866 0.38268343236508984 1.1314261122877003e-16
vn -0.7474342425568128 0.38268343236508984 -0.5430427641049987
vn -0.2854944763011695 0.38268343236508984 -0.8786616496665794
vn 0.28549447630116914 0.38268343236508984 -0.8786616496665796
vn 0.7474342425568127 0.38268343236508984 -0.543042764104999
vn 0.9238795325112866 0.38268343236508984 -2.2628522245754005e-16
vn 1 6.123233995736766e-17 0
vn 0.8090169943749475 6.123233995736766e-17 0.5877852522924731
vn 0.30901699437494745 6.123233995736766e-17 0.9510565162951534
vn -0.30901699437494734 6.123233995736766e-17 0.9510565162951536
vn -0.8090169943749473 6.123233995736766e-17 0.5877852522924732
vn -1 6.123233995736766e-17 1.2246467991473532e-16
vn -0.8090169943749475 6.123233995736766e-17 -0.587785252292473
vn -0.30901699437494756 6.123233995736766e-17 -0.9510565162951534
vn 0.30901699437494723 6.123233995736766e-17 -0.9510565162951536
vn 0.8090169943749473 6.123233995736766e-17 -0.5877852522924734
vn 1 6.123233995736766e-17 -2.4492935982947064e-16
vn 0.9238795325112866 -0.3826834323650897 0
vn 0.7474342425568128 -0.3826834323650897 0.5430427641049989
vn 0.28549447630116936 -0.3826834323650897 0.8786616496665794
vn -0.28549447630116925 -0.3826834323650897 0.8786616496665796
vn -0.7474342425568127 -0.3826834323650897 0.543042764104999
vn -0.9238795325112866 -0.3826834323650897 1.1314261122877003e-16
vn -0.7474342425568128 -0.3826834323650897 -0.5430427641049987
vn -0.2854944763011695 -0.3826834323650897 -0.8786616496665794
vn 0.28549447630116914 -0.3826834323650897 -0.8786616496665796
vn 0.7474342425568127 -0.3826834323650897 -0.543042764104999
vn 0.9238795325112866 -0.3826834323650897 -2.2628522245754005e-16
vn 0.7071067811865476 -0.7071067811865475 0
vn 0.5720614028176844 -0.7071067811865475 0.41562693777745346
vn 0.21850801222441057 -0.7071067811865475 0.6724985119639574
vn -0.2185080122244105 -0.7071067811865475 0.6724985119639574
vn -0.5720614028176843 -0.7071067811865475 0.4156269377774535
vn -0.7071067811865476 -0.7071067811865475 8.659560562354933e-17
vn -0.5720614028176844 -0.7071067811865475 -0.41562693777745346
vn -0.21850801222441066 -0.7071067811865475 -0.6724985119639574
vn 0.21850801222441044 -0.7071067811865475 -0.6724985119639574
vn 0.5720614028176843 -0.7071067811865475 -0.4156269377774537
vn 0.7071067811865476 -0.7071067811865475 -1.7319121124709866e-16
vn 0.3826834323650899 -0.9238795325112866 0
vn 0.3095974002490935 -0.9238795325112866 0.22493567784086393
vn 0.11825568406654857 -0.9238795325112866 0.3639535720290144
vn -0.11825568406654853 -0.9238795325112866 0.36395357202901446
vn -0.3095974002490935 -0.9238795325112866 0.224935677840864
vn -0.3826834323650899 -0.9238795325112866 4.6865204053263e-17
vn -0.3095974002490935 -0.9238795325112866 -0.22493567784086388
vn -0.11825568406654863 -0.9238795325112866 -0.3639535720290144
vn 0.11825568406654847 -0.9238795325112866 -0.36395357202901446
vn 0.3095974002490935 -0.9238795325112866 -0.224935677840864
vn 0.3826834323650899 -0.9238795325112866 -9.3730408106526e-17
vn 1.2246467991473532e-16 -1 0
vn 9.907600726170916e-17 -1 7.198293278059966e-17
vn 3.7843667304341506e-17 -1 1.1647083184890923e-16
vn -3.7843667304341493e-17 -1 1.1647083184890926e-16
vn -9.907600726170914e-17 -1 7.198293278059968e-17
vn -1.2246467991473532e-16 -1 1.4997597826618576e-32
vn -9.907600726170916e-17 -1 -7.198293278059965e-17
vn -3.784366730434152e-17 -1 -1.1647083184890923e-16
vn 3.7843667304341475e-17 -1 -1.1647083184890926e-16
vn 9.907600726170914e-17 -1 -7.19829327805997e-17
vn 1.2246467991473532e-16 -1 -2.999519565323715e-32
vn 0 1 0
vn 0 1 0
vn 0 1 0
vn 0 1 0
vn 0 1 0
vn 0 1 0
vn 0 1 0
vn 0 1 0
vn 0 1 0
vn 0 1 0
vn 0 1 0
vn 0.3826834323650898 0.9238795325112866 0
vn 0.30959740024909344 0.9238795325112866 0.22493567784086388
vn 0.11825568406654853 0.9238795325112866 0.36395357202901435
vn -0.11825568406654847 0.9238795325112866 0.36395357202901435
vn -0.3095974002490934 0.9238795325112866 0.22493567784086388
vn -0.3826834323650898 0.9238795325112866 4.6865204053262986e-17
vn -0.30959740024909344 0.9238795325112866 -0.22493567784086382
vn -0.11825568406654857 0.9238795325112866 -0.36395357202901435
vn 0.11825568406654845 0.9238795325112866 -0.36395357202901435
vn 0.3095974002490934 0.9238795325112866 -0.22493567784086396
vn 0.3826834323650898 0.9238795325112866 -9.373040810652597e-17
vn 0.7071067811865475 0.7071067811865476 0
vn 0.5720614028176843 0.7071067811865476 0.41562693777745346
vn 0.21850801222441052 0.7071067811865476 0.6724985119639573
vn -0.2185080122244105 0.7071067811865476 0.6724985119639573
vn -0.5720614028176841 0.7071067811865476 0.41562693777745346
vn -0.7071067811865475 0.7071067811865476 8.659560562354932e-17
vn -0.5720614028176843 0.7071067811865476 -0.4156269377774533
vn -0.21850801222441063 0.7071067811865476 -0.6724985119639573
vn 0.21850801222441038 0.7071067811865476 -0.6724985119639573
vn 0.5720614028176841 0.7071067811865476 -0.4156269377774536
vn 0.7071067811865475 0.7071067811865476 -1.7319121124709863e-16
vn 0.9238795325112866 0.38268343236508984 0
vn 0.7474342425568128 0.38268343236508984 0.5430427641049989
vn 0.28549447630116936 0.38268343236508984 0.8786616496665794
vn -0.28549447630116925 0.38268343236508984 0.8786616496665796
vn -0.7474342425568127 0.38268343236508984 0.543042764104999
vn -0.9238795325112866 0.38268343236508984 1.1314261122877003e-16
vn -0.7474342425568128 0.38268343236508984 -0.5430427641049987
vn -0.2854944763011695 0.38268343236508984 -0.8786616496665794
vn 0.28549447630116914 0.38268343236508984 -0.8786616496665796
vn 0.7474342425568127 0.38268343236508984 -0.543042764104999
vn 0.9238795325112866 0.38268343236508984 -2.2628522245754005e-16
vn 1 6.123233995736766e-17 0
vn 0.8090169943749475 6.123233995736766e-17 0.5877852522924731
vn 0.30901699437494745 6.123233995736766e-17 0.9510565162951534
vn -0.30901699437494734 6.123233995736766e-17 0.9510565162951536
vn -0.8090169943749473 6.123233995736766e-17 0.5877852522924732
vn -1 6.123233995736766e-17 1.2246467991473532e-16
vn -0.8090169943749475 6.123233995736766e-17 -0.587785252292473
vn -0.30901699437494756 6.123233995736766e-17 -0.9510565162951534
vn 0.30901699437494723 6.123233995736766e-17 -0.9510565162951536
vn 0.8090169943749473 6.123233995736766e-17 -0.5877852522924734
vn 1 6.123233995736766e-17 -2.4492935982947064e-16
vn 0.9238795325112866 -0.3826834323650897 0
vn 0.7474342425568128 -0.3826834323650897 0.5430427641049989
vn 0.28549447630116936 -0.3826834323650897 0.8786616496665794
vn -0.28549447630116925 -0.3826834323650897 0.8786616496665796
vn -0.7474342425568127 -0.3826834323650897 0.543042764104999
vn -0.9238795325112866 -0.3826834323650897 1.1314261122877003e-16
vn -0.7474342425568128 -0.3826834323650897 -0.5430427641049987
vn -0.2854944763011695 -0.3826834323650897 -0.8786616496665794
vn 0.28549447630116914 -0.3826834323650897 -0.8786616496665796
vn 0.7474342425568127 -0.3826834323650897 -0.543042764104999
vn 0.9238795325112866 -0.3826834323650897 -2.2628522245754005e-16
vn 0.7071067811865476 -0.7071067811865475 0
vn 0.5720614028176844 -0.7071067811865475 0.41562693777745346
vn 0.21850801222441057 -0.7071067811865475 0.6724985119639574
vn -0.2185080122244105 -0.7071067811865475 0.6724985119639574
vn -0.5720614028176843 -0.7071067811865475 0.4156269377774535
vn -0.7071067811865476 -0.7071067811865475 8.659560562354933e-17
vn -0.5720614028176844 -0.7071067811865475 -0.41562693777745346
vn -0.21850801222441066 -0.7071067811865475 -0.6724985119639574
vn 0.21850801222441044 -0.7071067811865475 -0.6724985119639574
vn 0.5720614028176843 -0.7071067811865475 -0.4156269377774537
vn 0.7071067811865476 -0.7071067811865475 -1.7319121124709866e-16
vn 0.3826834323650899 -0.9238795325112866 0
vn 0.3095974002490935 -0.9238795325112866 0.22493567784086393
vn 0.11825568406654857 -0.9238795325112866 0.3639535720290144
vn -0.11825568406654853 -0.9238795325112866 0.36395357202901446
vn -0.3095974002490935 -0.9238795325112866 0.224935677840864
vn -0.3826834323650899 -0.9238795325112866 4.6865204053263e-17
vn -0.3095974002490935 -0.9238795325112866 -0.22493567784086388
vn -0.11825568406654863 -0.9238795325112866 -0.3639535720290144
vn 0.11825568406654847 -0.9238795325112866 -0.36395357202901446
vn 0.3095974002490935 -0.9238795325112866 -0.224935677840864
vn 0.3826834323650899 -0.9238795325112866 -9.3730408106526e-17
vn 1.2246467991473532e-16 -1 0
vn 9.907600726170916e-17 -1 7.198293278059966e-17
vn 3.7843667304341506e-17 -1 1.1647083184890923e-16
vn -3.7843667304341493e-17 -1 1.1647083184890926e-16
vn -9.907600726170914e-17 -1 7.198293278059968e-17
vn -1.2246467991473532e-16 -1 1.4997597826618576e-32
vn -9.907600726170916e-17 -1 -7.198293278059965e-17
vn -3.784366730434152e-17 -1 -1.1647083184890923e-16
vn 3.7843667304341475e-17 -1 -1.1647083184890926e-16
vn 9.907600726170914e-17 -1 -7.19829327805997e-17
vn 1.2246467991473532e-16 -1 -2.999519565323715e-32
vn 0 1 0
vn 0 1 0
vn 0 1 0
vn 0 1 0
vn 0 1 0
vn 0 1 0
vn 0 1 0
vn 0 1 0
vn 0 1 0
vn 0 1 0
vn 0 1 0
vn 0.3826834323650898 0.9238795325112866 0
vn 0.30959740024909344 0.9238795325112866 0.22493567784086388
vn 0.11825568406654853 0.9238795325112866 0.36395357202901435
vn -0.11825568406654847 0.9238795325112866 0.36395357202901435
vn -0.3095974002490934 0.9238795325112866 0.22493567784086388
vn -0.3826834323650898 0.9238795325112866 4.6865204053262986e-17
vn -0.30959740024909344 0.9238795325112866 -0.22493567784086382
vn -0.11825568406654857 0.9238795325112866 -0.36395357202901435
vn 0.11825568406654845 0.9238795325112866 -0.36395357202901435
vn 0.3095974002490934 0.9238795325112866 -0.22493567784086396
vn 0.3826834323650898 0.9238795325112866 -9.373040810652597e-17
vn 0.7071067811865475 0.7071067811865476 0
vn 0.5720614028176843 0.7071067811865476 0.41562693777745346
vn 0.21850801222441052 0.7071067811865476 0.6724985119639573
vn -0.2185080122244105 0.7071067811865476 0.6724985119639573
vn -0.5720614028176841 0.7071067811865476 0.41562693777745346
vn -0.7071067811865475 0.7071067811865476 8.659560562354932e-17
vn -0.5720614028176843 0.7071067811865476 -0.4156269377774533
vn -0.21850801222441063 0.7071067811865476 -0.6724985119639573
vn 0.21850801222441038 0.7071067811865476 -0.6724985119639573
vn 0.5720614028176841 0.7071067811865476 -0.4156269377774536
vn 0.7071067811865475 0.7071067811865476 -1.7319121124709863e-16
vn 0.9238795325112866 0.38268343236508984 0
vn 0.7474342425568128 0.38268343236508984 0.5430427641049989
vn 0.28549447630116936 0.38268343236508984 0.8786616496665794
vn -0.28549447630116925 0.38268343236508984 0.8786616496665796
vn -0.7474342425568127 0.38268343236508984 0.543042764104999
vn -0.9238795325112866 0.38268343236508984 1.1314261122877003e-16
vn -0.7474342425568128 0.38268343236508984 -0.5430427641049987
vn -0.2854944763011695 0.38268343236508984 -0.8786616496665794
vn 0.28549447630116914 0.38268343236508984 -0.8786616496665796
vn 0.7474342425568127 0.38268343236508984 -0.543042764104999
vn 0.9238795325112866 0.38268343236508984 -2.2628522245754005e-16
vn 1 6.123233995736766e-17 0
vn 0.8090169943749475 6.123233995736766e-17 0.5877852522924731
vn 0.30901699437494745 6.123233995736766e-17 0.9510565162951534
vn -0.30901699437494734 6.123233995736766e-17 0.9510565162951536
vn -0.8090169943749473 6.123233995736766e-17 0.5877852522924732
vn -1 6.123233995736766e-17 1.2246467991473532e-16
vn -0.8090169943749475 6.123233995736766e-17 -0.587785252292473
vn -0.30901699437494756 6.123233995736766e-17 -0.9510565162951534
vn 0.30901699437494723 6.123233995736766e-17 -0.9510565162951536
vn 0.8090169943749473 6.123233995736766e-17 -0.5877852522924734
vn 1 6.123233995736766e-17 -2.4492935982947064e-16
vn 0.9238795325112866 -0.3826834323650897 0
vn 0.7474342425568128 -0.3826834323650897 0.5430427641049989
vn 0.28549447630116936 -0.3826834323650897 0.8786616496665794
vn -0.28549447630116925 -0.3826834323650897 0.8786616496665796
vn -0.7474342425568127 -0.3826834323650897 0.543042764104999
vn -0.9238795325112866 -0.3826834323650897 1.1314261122877003e-16
vn -0.7474342425568128 -0.3826834323650897 -0.5430427641049987
vn -0.2854944763011695 -0.3826834323650897 -0.8786616496665794
vn 0.28549447630116914 -0.3826834323650897 -0.8786616496665796
vn 0.7474342425568127 -0.3826834323650897 -0.543042764104999
vn 0.9238795325112866 -0.3826834323650897 -2.2628522245754005e-16
vn 0.7071067811865476 -0.7071067811865475 0
vn 0.5720614028176844 -0.7071067811865475 0.41562693777745346
vn 0.21850801222441057 -0.7071067811865475 0.6724985119639574
vn -0.2185080122244105 -0.7071067811865475 0.6724985119639574
vn -0.5720614028176843 -0.7071067811865475 0.4156269377774535
vn -0.7071067811865476 -0.7071067811865475 8.659560562354933e-17
vn -0.5720614028176844 -0.7071067811865475 -0.41562693777745346
vn -0.21850801222441066 -0.7071067811865475 -0.6724985119639574
vn 0.21850801222441044 -0.7071067811865475 -0.6724985119639574
vn 0.5720614028176843 -0.7071067811865475 -0.4156269377774537
vn 0.7071067811865476 -0.7071067811865475 -1.7319121124709866e-16
vn 0.3826834323650899 -0.9238795325112866 0
vn 0.3095974002490935 -0.9238795325112866 0.22493567784086393
vn 0.11825568406654857 -0.9238795325112866 0.3639535720290144
vn -0.11825568406654853 -0.9238795325112866 0.36395357202901446
vn -0.3095974002490935 -0.9238795325112866 0.224935677840864
vn -0.3826834323650899 -0.9238795325112866 4.6865204053263e-17
vn -0.3095974002490935 -0.9238795325112866 -0.22493567784086388
vn -0.11825568406654863 -0.9238795325112866 -0.3639535720290144
vn 0.11825568406654847 -0.9238795325112866 -0.36395357202901446
vn 0.3095974002490935 -0.9238795325112866 -0.224935677840864
vn 0.3826834323650899 -0.9238795325112866 -9.3730408106526e-17
vn 1.2246467991473532e-16 -1 0
vn 9.907600726170916e-17 -1 7.198293278059966e-17
vn 3.7843667304341506e-17 -1 1.1647083184890923e-16
vn -3.7843667304341493e-17 -1 1.1647083184890926e-16
vn -9.907600726170914e-17 -1 7.198293278059968e-17
vn -1.2246467991473532e-16 -1 1.4997597826618576e-32
vn -9.907600726170916e-17 -1 -7.198293278059965e-17
vn -3.784366730434152e-17 -1 -1.1647083184890923e-16
vn 3.7843667304341475e-17 -1 -1.1647083184890926e-16
vn 9.907600726170914e-17 -1 -7.19829327805997e-17
vn 1.2246467991473532e-16 -1 -2.999519565323715e-32
vn -0.5773502691896257 -0.5773502691896257 -0.5773502691896257
vn -0.5773502691896257 -0.5773502691896257 0.5773502691896257
vn -0.5773502691896257 0.5773502691896257 -0.5773502691896257
vn -0.5773502691896257 0.5773502691896257 0.5773502691896257
vn 0.5773502691896257 -0.5773502691896257 -0.5773502691896257
vn 0.5773502691896257 -0.5773502691896257 0.5773502691896257
vn 0.5773502691896257 0.5773502691896257 -0.5773502691896257
vn 0.5773502691896257 0.5773502691896257 0.5773502691896257
vn 0 -0.3568220897730899 -0.9341723589627157
vn 0 -0.3568220897730899 0.9341723589627157
vn 0 0.3568220897730899 -0.9341723589627157
vn 0 0.3568220897730899 0.9341723589627157
vn -0.3568220897730899 -0.9341723589627157 0
vn -0.3568220897730899 0.9341723589627157 0
vn 0.3568220897730899 -0.9341723589627157 0
vn 0.3568220897730899 0.9341723589627157 0
vn -0.9341723589627157 0 -0.3568220897730899
vn -0.9341723589627157 0 0.3568220897730899
vn 0.9341723589627157 0 -0.3568220897730899
vn 0.9341723589627157 0 0.3568220897730899
vn 0 1 0
vn 0 1 0
vn 0 1 0
vn 0 1 0
vn 0 1 0
vn 0 1 0
vn 0 1 0
vn 0 1 0
vn 0 1 0
vn 0 1 0
vn 0 1 0
vn 0.3826834323650898 0.9238795325112867 0
vn 0.30959740024909344 0.9238795325112867 0.22493567784086385
vn 0.11825568406654853 0.9238795325112867 0.36395357202901435
vn -0.11825568406654849 0.9238795325112867 0.36395357202901435
vn -0.3095974002490934 0.9238795325112867 0.2249356778408639
vn -0.3826834323650898 0.9238795325112867 4.6865204053262986e-17
vn -0.30959740024909344 0.9238795325112867 -0.22493567784086382
vn -0.11825568406654859 0.9238795325112867 -0.36395357202901435
vn 0.11825568406654845 0.9238795325112867 -0.36395357202901435
vn 0.3095974002490934 0.9238795325112867 -0.22493567784086396
vn 0.3826834323650898 0.9238795325112867 -9.373040810652597e-17
vn 0.7071067811865475 0.7071067811865475 0
vn 0.5720614028176843 0.7071067811865475 0.4156269377774534
vn 0.21850801222441055 0.7071067811865475 0.6724985119639574
vn -0.21850801222441046 0.7071067811865475 0.6724985119639574
vn -0.5720614028176841 0.7071067811865475 0.41562693777745346
vn -0.7071067811865475 0.7071067811865475 8.659560562354932e-17
vn -0.5720614028176843 0.7071067811865475 -0.4156269377774533
vn -0.2185080122244106 0.7071067811865475 -0.6724985119639574
vn 0.21850801222441038 0.7071067811865475 -0.6724985119639574
vn 0.5720614028176841 0.7071067811865475 -0.4156269377774535
vn 0.7071067811865475 0.7071067811865475 -1.7319121124709863e-16
vn 0.9238795325112867 0.38268343236508984 0
vn 0.7474342425568128 0.38268343236508984 0.5430427641049989
vn 0.28549447630116936 0.38268343236508984 0.8786616496665793
vn -0.28549447630116925 0.38268343236508984 0.8786616496665796
vn -0.7474342425568127 0.38268343236508984 0.543042764104999
vn -0.9238795325112867 0.38268343236508984 1.1314261122877003e-16
vn -0.7474342425568128 0.38268343236508984 -0.5430427641049987
vn -0.2854944763011695 0.38268343236508984 -0.8786616496665793
vn 0.28549447630116914 0.38268343236508984 -0.8786616496665796
vn 0.7474342425568127 0.38268343236508984 -0.543042764104999
vn 0.9238795325112867 0.38268343236508984 -2.2628522245754005e-16
vn 1 6.123233995736766e-17 0
vn 0.8090169943749475 6.123233995736766e-17 0.5877852522924731
vn 0.30901699437494745 6.123233995736766e-17 0.9510565162951535
vn -0.30901699437494734 6.123233995736766e-17 0.9510565162951536
vn -0.8090169943749473 6.123233995736766e-17 0.5877852522924732
vn -1 6.123233995736766e-17 1.2246467991473532e-16
vn -0.8090169943749475 6.123233995736766e-17 -0.587785252292473
vn -0.30901699437494756 6.123233995736766e-17 -0.9510565162951535
vn 0.30901699437494723 6.123233995736766e-17 -0.9510565162951536
vn 0.8090169943749473 6.123233995736766e-17 -0.5877852522924734
vn 1 6.123233995736766e-17 -2.4492935982947064e-16
vn 0.9238795325112867 -0.3826834323650897 0
vn 0.7474342425568128 -0.3826834323650897 0.5430427641049989
vn 0.28549447630116936 -0.3826834323650897 0.8786616496665793
vn -0.28549447630116925 -0.3826834323650897 0.8786616496665796
vn -0.7474342425568127 -0.3826834323650897 0.543042764104999
vn -0.9238795325112867 -0.3826834323650897 1.1314261122877003e-16
vn -0.7474342425568128 -0.3826834323650897 -0.5430427641049987
vn -0.2854944763011695 -0.3826834323650897 -0.8786616496665793
vn 0.28549447630116914 -0.3826834323650897 -0.8786616496665796
vn 0.7474342425568127 -0.3826834323650897 -0.543042764104999
vn 0.9238795325112867 -0.3826834323650897 -2.2628522245754005e-16
vn 0.7071067811865476 -0.7071067811865475 0
vn 0.5720614028176844 -0.7071067811865475 0.41562693777745346
vn 0.21850801222441055 -0.7071067811865475 0.6724985119639574
vn -0.21850801222441052 -0.7071067811865475 0.6724985119639574
vn -0.5720614028176843 -0.7071067811865475 0.4156269377774535
vn -0.7071067811865476 -0.7071067811865475 8.659560562354933e-17
vn -0.5720614028176844 -0.7071067811865475 -0.4156269377774534
vn -0.21850801222441066 -0.7071067811865475 -0.6724985119639574
vn 0.2185080122244104 -0.7071067811865475 -0.6724985119639574
vn 0.5720614028176843 -0.7071067811865475 -0.41562693777745363
vn 0.7071067811865476 -0.7071067811865475 -1.7319121124709866e-16
vn 0.3826834323650899 -0.9238795325112867 0
vn 0.3095974002490935 -0.9238795325112867 0.22493567784086393
vn 0.11825568406654859 -0.9238795325112867 0.3639535720290144
vn -0.11825568406654853 -0.9238795325112867 0.36395357202901446
vn -0.3095974002490935 -0.9238795325112867 0.224935677840864
vn -0.3826834323650899 -0.9238795325112867 4.6865204053263e-17
vn -0.3095974002490935 -0.9238795325112867 -0.2249356778408639
vn -0.11825568406654863 -0.9238795325112867 -0.3639535720290144
vn 0.11825568406654849 -0.9238795325112867 -0.36395357202901446
vn 0.3095974002490935 -0.9238795325112867 -0.22493567784086402
vn 0.3826834323650899 -0.9238795325112867 -9.3730408106526e-17
vn 1.2246467991473532e-16 -1 0
vn 9.907600726170916e-17 -1 7.198293278059966e-17
vn 3.7843667304341506e-17 -1 1.1647083184890923e-16
vn -3.7843667304341493e-17 -1 1.1647083184890926e-16
vn -9.907600726170915e-17 -1 7.198293278059968e-17
vn -1.2246467991473532e-16 -1 1.499759782661858e-32
vn -9.907600726170916e-17 -1 -7.198293278059965e-17
vn -3.784366730434152e-17 -1 -1.1647083184890923e-16
vn 3.7843667304341475e-17 -1 -1.1647083184890926e-16
vn 9.907600726170915e-17 -1 -7.19829327805997e-17
vn 1.2246467991473532e-16 -1 -2.999519565323716e-32
vn 0 1 0
vn 0 1 0
vn 0 1 0
vn 0 1 0
vn 0 1 0
vn 0 1 0
vn 0 1 0
vn 0 1 0
vn 0 1 0
vn 0 1 0
vn 0 1 0
vn 0.3826834323650898 0.9238795325112867 0
vn 0.30959740024909344 0.9238795325112867 0.22493567784086385
vn 0.11825568406654853 0.9238795325112867 0.36395357202901435
vn -0.11825568406654849 0.9238795325112867 0.36395357202901435
vn -0.3095974002490934 0.9238795325112867 0.2249356778408639
vn -0.3826834323650898 0.9238795325112867 4.6865204053262986e-17
vn -0.30959740024909344 0.9238795325112867 -0.22493567784086382
vn -0.11825568406654859 0.9238795325112867 -0.36395357202901435
vn 0.11825568406654845 0.9238795325112867 -0.36395357202901435
vn 0.3095974002490934 0.9238795325112867 -0.22493567784086396
vn 0.3826834323650898 0.9238795325112867 -9.373040810652597e-17
vn 0.7071067811865475 0.7071067811865475 0
vn 0.5720614028176843 0.7071067811865475 0.4156269377774534
vn 0.21850801222441055 0.7071067811865475 0.6724985119639574
vn -0.21850801222441046 0.7071067811865475 0.6724985119639574
vn -0.5720614028176841 0.7071067811865475 0.41562693777745346
vn -0.7071067811865475 0.7071067811865475 8.659560562354932e-17
vn -0.5720614028176843 0.7071067811865475 -0.4156269377774533
vn -0.2185080122244106 0.7071067811865475 -0.6724985119639574
vn 0.21850801222441038 0.7071067811865475 -0.6724985119639574
vn 0.5720614028176841 0.7071067811865475 -0.4156269377774535
vn 0.7071067811865475 0.7071067811865475 -1.7319121124709863e-16
vn 0.9238795325112867 0.38268343236508984 0
vn 0.7474342425568128 0.38268343236508984 0.5430427641049989
vn 0.28549447630116936 0.38268343236508984 0.8786616496665793
vn -0.28549447630116925 0.38268343236508984 0.8786616496665796
vn -0.7474342425568127 0.38268343236508984 0.543042764104999
vn -0.9238795325112867 0.38268343236508984 1.1314261122877003e-16
vn -0.7474342425568128 0.38268343236508984 -0.5430427641049987
vn -0.2854944763011695 0.38268343236508984 -0.8786616496665793
vn 0.28549447630116914 0.38268343236508984 -0.8786616496665796
vn 0.7474342425568127 0.38268343236508984 -0.543042764104999
vn 0.9238795325112867 0.38268343236508984 -2.2628522245754005e-16
vn 1 6.123233995736766e-17 0
vn 0.8090169943749475 6.123233995736766e-17 0.5877852522924731
vn 0.30901699437494745 6.123233995736766e-17 0.9510565162951535
vn -0.30901699437494734 6.123233995736766e-17 0.9510565162951536
vn -0.8090169943749473 6.123233995736766e-17 0.5877852522924732
vn -1 6.123233995736766e-17 1.2246467991473532e-16
vn -0.8090169943749475 6.123233995736766e-17 -0.587785252292473
vn -0.30901699437494756 6.123233995736766e-17 -0.9510565162951535
vn 0.30901699437494723 6.123233995736766e-17 -0.9510565162951536
vn 0.8090169943749473 6.123233995736766e-17 -0.5877852522924734
vn 1 6.123233995736766e-17 -2.4492935982947064e-16
vn 0.9238795325112867 -0.3826834323650897 0
vn 0.7474342425568128 -0.3826834323650897 0.5430427641049989
vn 0.28549447630116936 -0.3826834323650897 0.8786616496665793
vn -0.28549447630116925 -0.3826834323650897 0.8786616496665796
vn -0.7474342425568127 -0.3826834323650897 0.543042764104999
vn -0.9238795325112867 -0.3826834323650897 1.1314261122877003e-16
vn -0.7474342425568128 -0.3826834323650897 -0.5430427641049987
vn -0.2854944763011695 -0.3826834323650897 -0.8786616496665793
vn 0.28549447630116914 -0.3826834323650897 -0.8786616496665796
vn 0.7474342425568127 -0.3826834323650897 -0.543042764104999
vn 0.9238795325112867 -0.3826834323650897 -2.2628522245754005e-16
vn 0.7071067811865476 -0.7071067811865475 0
vn 0.5720614028176844 -0.7071067811865475 0.41562693777745346
vn 0.21850801222441055 -0.7071067811865475 0.6724985119639574
vn -0.21850801222441052 -0.7071067811865475 0.6724985119639574
vn -0.5720614028176843 -0.7071067811865475 0.4156269377774535
vn -0.7071067811865476 -0.7071067811865475 8.659560562354933e-17
vn -0.5720614028176844 -0.7071067811865475 -0.4156269377774534
vn -0.21850801222441066 -0.7071067811865475 -0.6724985119639574
vn 0.2185080122244104 -0.7071067811865475 -0.6724985119639574
vn 0.5720614028176843 -0.7071067811865475 -0.41562693777745363
vn 0.7071067811865476 -0.7071067811865475 -1.7319121124709866e-16
vn 0.3826834323650899 -0.9238795325112867 0
vn 0.3095974002490935 -0.9238795325112867 0.22493567784086393
vn 0.11825568406654859 -0.9238795325112867 0.3639535720290144
vn -0.11825568406654853 -0.9238795325112867 0.36395357202901446
vn -0.3095974002490935 -0.9238795325112867 0.224935677840864
vn -0.3826834323650899 -0.9238795325112867 4.6865204053263e-17
vn -0.3095974002490935 -0.9238795325112867 -0.2249356778408639
vn -0.11825568406654863 -0.9238795325112867 -0.3639535720290144
vn 0.11825568406654849 -0.9238795325112867 -0.36395357202901446
vn 0.3095974002490935 -0.9238795325112867 -0.22493567784086402
vn 0.3826834323650899 -0.9238795325112867 -9.3730408106526e-17
vn 1.2246467991473532e-16 -1 0
vn 9.907600726170916e-17 -1 7.198293278059966e-17
vn 3.7843667304341506e-17 -1 1.1647083184890923e-16
vn -3.7843667304341493e-17 -1 1.1647083184890926e-16
vn -9.907600726170915e-17 -1 7.198293278059968e-17
vn -1.2246467991473532e-16 -1 1.499759782661858e-32
vn -9.907600726170916e-17 -1 -7.198293278059965e-17
vn -3.784366730434152e-17 -1 -1.1647083184890923e-16
vn 3.7843667304341475e-17 -1 -1.1647083184890926e-16
vn 9.907600726170915e-17 -1 -7.19829327805997e-17
vn 1.2246467991473532e-16 -1 -2.999519565323716e-32
vn 0 1 0
vn 0 1 0
vn 0 1 0
vn 0 1 0
vn 0 1 0
vn 0 1 0
vn 0 1 0
vn 0 1 0
vn 0 1 0
vn 0 1 0
vn 0 1 0
vn 0.3826834323650898 0.9238795325112867 0
vn 0.30959740024909344 0.9238795325112867 0.22493567784086385
vn 0.11825568406654853 0.9238795325112867 0.36395357202901435
vn -0.11825568406654849 0.9238795325112867 0.36395357202901435
vn -0.3095974002490934 0.9238795325112867 0.2249356778408639
vn -0.3826834323650898 0.9238795325112867 4.6865204053262986e-17
vn -0.30959740024909344 0.9238795325112867 -0.22493567784086382
vn -0.11825568406654859 0.9238795325112867 -0.36395357202901435
vn 0.11825568406654845 0.9238795325112867 -0.36395357202901435
vn 0.3095974002490934 0.9238795325112867 -0.22493567784086396
vn 0.3826834323650898 0.9238795325112867 -9.373040810652597e-17
vn 0.7071067811865475 0.7071067811865475 0
vn 0.5720614028176843 0.7071067811865475 0.4156269377774534
vn 0.21850801222441055 0.7071067811865475 0.6724985119639574
vn -0.21850801222441046 0.7071067811865475 0.6724985119639574
vn -0.5720614028176841 0.7071067811865475 0.41562693777745346
vn -0.7071067811865475 0.7071067811865475 8.659560562354932e-17
vn -0.5720614028176843 0.7071067811865475 -0.4156269377774533
vn -0.2185080122244106 0.7071067811865475 -0.6724985119639574
vn 0.21850801222441038 0.7071067811865475 -0.6724985119639574
vn 0.5720614028176841 0.7071067811865475 -0.4156269377774535
vn 0.7071067811865475 0.7071067811865475 -1.7319121124709863e-16
vn 0.9238795325112867 0.38268343236508984 0
vn 0.7474342425568128 0.38268343236508984 0.5430427641049989
vn 0.28549447630116936 0.38268343236508984 0.8786616496665793
vn -0.28549447630116925 0.38268343236508984 0.8786616496665796
vn -0.7474342425568127 0.38268343236508984 0.543042764104999
vn -0.9238795325112867 0.38268343236508984 1.1314261122877003e-16
vn -0.7474342425568128 0.38268343236508984 -0.5430427641049987
vn -0.2854944763011695 0.38268343236508984 -0.8786616496665793
vn 0.28549447630116914 0.38268343236508984 -0.8786616496665796
vn 0.7474342425568127 0.38268343236508984 -0.543042764104999
vn 0.9238795325112867 0.38268343236508984 -2.2628522245754005e-16
vn 1 6.123233995736766e-17 0
vn 0.8090169943749475 6.123233995736766e-17 0.5877852522924731
vn 0.30901699437494745 6.123233995736766e-17 0.9510565162951535
vn -0.30901699437494734 6.123233995736766e-17 0.9510565162951536
vn -0.8090169943749473 6.123233995736766e-17 0.5877852522924732
vn -1 6.123233995736766e-17 1.2246467991473532e-16
vn -0.8090169943749475 6.123233995736766e-17 -0.587785252292473
vn -0.30901699437494756 6.123233995736766e-17 -0.9510565162951535
vn 0.30901699437494723 6.123233995736766e-17 -0.9510565162951536
vn 0.8090169943749473 6.123233995736766e-17 -0.5877852522924734
vn 1 6.123233995736766e-17 -2.4492935982947064e-16
vn 0.9238795325112867 -0.3826834323650897 0
vn 0.7474342425568128 -0.3826834323650897 0.5430427641049989
vn 0.28549447630116936 -0.3826834323650897 0.8786616496665793
vn -0.28549447630116925 -0.3826834323650897 0.8786616496665796
vn -0.7474342425568127 -0.3826834323650897 0.543042764104999
vn -0.9238795325112867 -0.3826834323650897 1.1314261122877003e-16
vn -0.7474342425568128 -0.3826834323650897 -0.5430427641049987
vn -0.2854944763011695 -0.3826834323650897 -0.8786616496665793
vn 0.28549447630116914 -0.3826834323650897 -0.8786616496665796
vn 0.7474342425568127 -0.3826834323650897 -0.543042764104999
vn 0.9238795325112867 -0.3826834323650897 -2.2628522245754005e-16
vn 0.7071067811865476 -0.7071067811865475 0
vn 0.5720614028176844 -0.7071067811865475 0.41562693777745346
vn 0.21850801222441055 -0.7071067811865475 0.6724985119639574
vn -0.21850801222441052 -0.7071067811865475 0.6724985119639574
vn -0.5720614028176843 -0.7071067811865475 0.4156269377774535
vn -0.7071067811865476 -0.7071067811865475 8.659560562354933e-17
vn -0.5720614028176844 -0.7071067811865475 -0.4156269377774534
vn -0.21850801222441066 -0.7071067811865475 -0.6724985119639574
vn 0.2185080122244104 -0.7071067811865475 -0.6724985119639574
vn 0.5720614028176843 -0.7071067811865475 -0.41562693777745363
vn 0.7071067811865476 -0.7071067811865475 -1.7319121124709866e-16
vn 0.3826834323650899 -0.9238795325112867 0
vn 0.3095974002490935 -0.9238795325112867 0.22493567784086393
vn 0.11825568406654859 -0.9238795325112867 0.3639535720290144
vn -0.11825568406654853 -0.9238795325112867 0.36395357202901446
vn -0.3095974002490935 -0.9238795325112867 0.224935677840864
vn -0.3826834323650899 -0.9238795325112867 4.6865204053263e-17
vn -0.3095974002490935 -0.9238795325112867 -0.2249356778408639
vn -0.11825568406654863 -0.9238795325112867 -0.3639535720290144
vn 0.11825568406654849 -0.9238795325112867 -0.36395357202901446
vn 0.3095974002490935 -0.9238795325112867 -0.22493567784086402
vn 0.3826834323650899 -0.9238795325112867 -9.3730408106526e-17
vn 1.2246467991473532e-16 -1 0
vn 9.907600726170916e-17 -1 7.198293278059966e-17
vn 3.7843667304341506e-17 -1 1.1647083184890923e-16
vn -3.7843667304341493e-17 -1 1.1647083184890926e-16
vn -9.907600726170915e-17 -1 7.198293278059968e-17
vn -1.2246467991473532e-16 -1 1.499759782661858e-32
vn -9.907600726170916e-17 -1 -7.198293278059965e-17
vn -3.784366730434152e-17 -1 -1.1647083184890923e-16
vn 3.7843667304341475e-17 -1 -1.1647083184890926e-16
vn 9.907600726170915e-17 -1 -7.19829327805997e-17
vn 1.2246467991473532e-16 -1 -2.999519565323716e-32
vn 0 1 0
vn 0 1 0
vn 0 1 0
vn 0 1 0
vn 0 1 0
vn 0 1 0
vn 0 1 0
vn 0 1 0
vn 0 1 0
vn 0 1 0
vn 0 1 0
vn 0.3826834323650898 0.9238795325112867 0
vn 0.30959740024909344 0.9238795325112867 0.22493567784086385
vn 0.11825568406654853 0.9238795325112867 0.36395357202901435
vn -0.11825568406654849 0.9238795325112867 0.36395357202901435
vn -0.3095974002490934 0.9238795325112867 0.2249356778408639
vn -0.3826834323650898 0.9238795325112867 4.6865204053262986e-17
vn -0.30959740024909344 0.9238795325112867 -0.22493567784086382
vn -0.11825568406654859 0.9238795325112867 -0.36395357202901435
vn 0.11825568406654845 0.9238795325112867 -0.36395357202901435
vn 0.3095974002490934 0.9238795325112867 -0.22493567784086396
vn 0.3826834323650898 0.9238795325112867 -9.373040810652597e-17
vn 0.7071067811865475 0.7071067811865475 0
vn 0.5720614028176843 0.7071067811865475 0.4156269377774534
vn 0.21850801222441055 0.7071067811865475 0.6724985119639574
vn -0.21850801222441046 0.7071067811865475 0.6724985119639574
vn -0.5720614028176841 0.7071067811865475 0.41562693777745346
vn -0.7071067811865475 0.7071067811865475 8.659560562354932e-17
vn -0.5720614028176843 0.7071067811865475 -0.4156269377774533
vn -0.2185080122244106 0.7071067811865475 -0.6724985119639574
vn 0.21850801222441038 0.7071067811865475 -0.6724985119639574
vn 0.5720614028176841 0.7071067811865475 -0.4156269377774535
vn 0.7071067811865475 0.7071067811865475 -1.7319121124709863e-16
vn 0.9238795325112867 0.38268343236508984 0
vn 0.7474342425568128 0.38268343236508984 0.5430427641049989
vn 0.28549447630116936 0.38268343236508984 0.8786616496665793
vn -0.28549447630116925 0.38268343236508984 0.8786616496665796
vn -0.7474342425568127 0.38268343236508984 0.543042764104999
vn -0.9238795325112867 0.38268343236508984 1.1314261122877003e-16
vn -0.7474342425568128 0.38268343236508984 -0.5430427641049987
vn -0.2854944763011695 0.38268343236508984 -0.8786616496665793
vn 0.28549447630116914 0.38268343236508984 -0.8786616496665796
vn 0.7474342425568127 0.38268343236508984 -0.543042764104999
vn 0.9238795325112867 0.38268343236508984 -2.2628522245754005e-16
vn 1 6.123233995736766e-17 0
vn 0.8090169943749475 6.123233995736766e-17 0.5877852522924731
vn 0.30901699437494745 6.123233995736766e-17 0.9510565162951535
vn -0.30901699437494734 6.123233995736766e-17 0.9510565162951536
vn -0.8090169943749473 6.123233995736766e-17 0.5877852522924732
vn -1 6.123233995736766e-17 1.2246467991473532e-16
vn -0.8090169943749475 6.123233995736766e-17 -0.587785252292473
vn -0.30901699437494756 6.123233995736766e-17 -0.9510565162951535
vn 0.30901699437494723 6.123233995736766e-17 -0.9510565162951536
vn 0.8090169943749473 6.123233995736766e-17 -0.5877852522924734
vn 1 6.123233995736766e-17 -2.4492935982947064e-16
vn 0.9238795325112867 -0.3826834323650897 0
vn 0.7474342425568128 -0.3826834323650897 0.5430427641049989
vn 0.28549447630116936 -0.3826834323650897 0.8786616496665793
vn -0.28549447630116925 -0.3826834323650897 0.8786616496665796
vn -0.7474342425568127 -0.3826834323650897 0.543042764104999
vn -0.9238795325112867 -0.3826834323650897 1.1314261122877003e-16
vn -0.7474342425568128 -0.3826834323650897 -0.5430427641049987
vn -0.2854944763011695 -0.3826834323650897 -0.8786616496665793
vn 0.28549447630116914 -0.3826834323650897 -0.8786616496665796
vn 0.7474342425568127 -0.3826834323650897 -0.543042764104999
vn 0.9238795325112867 -0.3826834323650897 -2.2628522245754005e-16
vn 0.7071067811865476 -0.7071067811865475 0
vn 0.5720614028176844 -0.7071067811865475 0.41562693777745346
vn 0.21850801222441055 -0.7071067811865475 0.6724985119639574
vn -0.21850801222441052 -0.7071067811865475 0.6724985119639574
vn -0.5720614028176843 -0.7071067811865475 0.4156269377774535
vn -0.7071067811865476 -0.7071067811865475 8.659560562354933e-17
vn -0.5720614028176844 -0.7071067811865475 -0.4156269377774534
vn -0.21850801222441066 -0.7071067811865475 -0.6724985119639574
vn 0.2185080122244104 -0.7071067811865475 -0.6724985119639574
vn 0.5720614028176843 -0.7071067811865475 -0.41562693777745363
vn 0.7071067811865476 -0.7071067811865475 -1.7319121124709866e-16
vn 0.3826834323650899 -0.9238795325112867 0
vn 0.3095974002490935 -0.9238795325112867 0.22493567784086393
vn 0.11825568406654859 -0.9238795325112867 0.3639535720290144
vn -0.11825568406654853 -0.9238795325112867 0.36395357202901446
vn -0.3095974002490935 -0.9238795325112867 0.224935677840864
vn -0.3826834323650899 -0.9238795325112867 4.6865204053263e-17
vn -0.3095974002490935 -0.9238795325112867 -0.2249356778408639
vn -0.11825568406654863 -0.9238795325112867 -0.3639535720290144
vn 0.11825568406654849 -0.9238795325112867 -0.36395357202901446
vn 0.3095974002490935 -0.9238795325112867 -0.22493567784086402
vn 0.3826834323650899 -0.9238795325112867 -9.3730408106526e-17
vn 1.2246467991473532e-16 -1 0
vn 9.907600726170916e-17 -1 7.198293278059966e-17
vn 3.7843667304341506e-17 -1 1.1647083184890923e-16
vn -3.7843667304341493e-17 -1 1.1647083184890926e-16
vn -9.907600726170915e-17 -1 7.198293278059968e-17
vn -1.2246467991473532e-16 -1 1.499759782661858e-32
vn -9.907600726170916e-17 -1 -7.198293278059965e-17
vn -3.784366730434152e-17 -1 -1.1647083184890923e-16
vn 3.7843667304341475e-17 -1 -1.1647083184890926e-16
vn 9.907600726170915e-17 -1 -7.19829327805997e-17
vn 1.2246467991473532e-16 -1 -2.999519565323716e-32
f 1/1/1 12/12/12 2/2/2
f 1/1/1 11/11/11 12/12/12
f 21/21/21 1/1/1 2/2/2
f 22/22/22 12/12/12 11/11/11
f 2/2/2 13/13/13 3/3/3
f 2/2/2 12/12/12 13/13/13
f 21/21/21 2/2/2 3/3/3
f 22/22/22 13/13/13 12/12/12
f 3/3/3 14/14/14 4/4/4
f 3/3/3 13/13/13 14/14/14
f 21/21/21 3/3/3 4/4/4
f 22/22/22 14/14/14 13/13/13
f 4/4/4 15/15/15 5/5/5
f 4/4/4 14/14/14 15/15/15
f 21/21/21 4/4/4 5/5/5
f 22/22/22 15/15/15 14/14/14
f 5/5/5 16/16/16 6/6/6
f 5/5/5 15/15/15 16/16/16
f 21/21/21 5/5/5 6/6/6
f 22/22/22 16/16/16 15/15/15
f 6/6/6 17/17/17 7/7/7
f 6/6/6 16/16/16 17/17/17
f 21/21/21 6/6/6 7/7/7
f 22/22/22 17/17/17 16/16/16
f 7/7/7 18/18/18 8/8/8
f 7/7/7 17/17/17 18/18/18
f 21/21/21 7/7/7 8/8/8
f 22/22/22 18/18/18 17/17/17
f 8/8/8 19/19/19 9/9/9
f 8/8/8 18/18/18 19/19/19
f 21/21/21 8/8/8 9/9/9
f 22/22/22 19/19/19 18/18/18
f 9/9/9 20/20/20 10/10/10
f 9/9/9 19/19/19 20/20/20
f 21/21/21 9/9/9 10/10/10
f 22/22/22 20/20/20 19/19/19
f 10/10/10 11/11/11 1/1/1
f 10/10/10 20/20/20 11/11/11
f 21/21/21 10/10/10 1/1/1
f 22/22/22 11/11/11 20/20/20
f 23/23/23 34/34/34 24/24/24
f 23/23/23 33/33/33 34/34/34
f 43/43/43 23/23/23 24/24/24
f 44/44/44 34/34/34 33/33/33
f 24/24/24 35/35/35 25/25/25
f 24/24/24 34/34/34 35/35/35
f 43/43/43 24/24/24 25/25/25
f 44/44/44 35/35/35 34/34/34
f 25/25/25 36/36/36 26/26/26
f 25/25/25 35/35/35 36/36/36
f 43/43/43 25/25/25 26/26/26
f 44/44/44 36/36/36 35/35/35
f 26/26/26 37/37/37 27/27/27
f 26/26/26 36/36/36 37/37/37
f 43/43/43 26/26/26 27/27/27
f 44/44/44 37/37/37 36/36/36
f 27/27/27 38/38/38 28/28/28
f 27/27/27 37/37/37 38/38/38
f 43/43/43 27/27/27 28/28/28
f 44/44/44 38/38/38 37/37/37
f 28/28/28 39/39/39 29/29/29
f 28/28/28 38/38/38 39/39/39
f 43/43/43 28/28/28 29/29/29
f 44/44/44 39/39/39 38/38/38
f 29/29/29 40/40/40 30/30/30
f 29/29/29 39/39/39 40/40/40
f 43/43/43 29/29/29 30/30/30
f 44/44/44 40/40/40 39/39/39
f 30/30/30 41/41/41 31/31/31
f 30/30/30 40/40/40 41/41/41
f 43/43/43 30/30/30 31/31/31
f 44/44/44 41/41/41 40/40/40
f 31/31/31 42/42/42 32/32/32
f 31/31/31 41/41/41 42/42/42
f 43/43/43 31/31/31 32/32/32
f 44/44/44 42/42/42 41/41/41
f 32/32/32 33/33/33 23/23/23
f 32/32/32 42/42/42 33/33/33
f 43/43/43 32/32/32 23/23/23
f 44/44/44 33/33/33 42/42/42
f 45/45/45 54/54/54 46/46/46
f 45/45/45 53/53/53 54/54/54
f 61/61/61 45/45/45 46/46/46
f 62/62/62 54/54/54 53/53/53
f 46/46/46 55/55/55 47/47/47
f 46/46/46 54/54/54 55/55/55
f 61/61/61 46/46/46 47/47/47
f 62/62/62 55/55/55 54/54/54
f 47/47/47 56/56/56 48/48/48
f 47/47/47 55/55/55 56/56/56
f 61/61/61 47/47/47 48/48/48
f 62/62/62 56/56/56 55/55/55
f 48/48/48 57/57/57 49/49/49
f 48/48/48 56/56/56 57/57/57
f 61/61/61 48/48/48 49/49/49
f 62/62/62 57/57/57 56/56/56
f 49/49/49 58/58/58 50/50/50
f 49/49/49 57/57/57 58/58/58
f 61/61/61 49/49/49 50/50/50
f 62/62/62 58/58/58 57/57/57
f 50/50/50 59/59/59 51/51/51
f 50/50/50 58/58/58 59/59/59
f 61/61/61 50/50/50 51/51/51
f 62/62/62 59/59/59 58/58/58
f 51/51/51 60/60/60 52/52/52
f 51/51/51 59/59/59 60/60/60
f 61/61/61 51/51/51 52/52/52
f 62/62/62 60/60/60 59/59/59
f 52/52/52 53/53/53 45/45/45
f 52/52/52 60/60/60 53/53/53
f 61/61/61 52/52/52 45/45/45
f 62/62/62 53/53/53 60/60/60
f 63/63/63 71/71/71 64/64/64
f 63/63/63 70/70/70 71/71/71
f 77/77/77 63/63/63 64/64/64
f 78/78/78 71/71/71 70/70/70
f 64/64/64 72/72/72 65/65/65
f 64/64/64 71/71/71 72/72/72
f 77/77/77 64/64/64 65/65/65
f 78/78/78 72/72/72 71/71/71
f 65/65/65 73/73/73 66/66/66
f 65/65/65 72/72/72 73/73/73
f 77/77/77 65/65/65 66/66/66
f 78/78/78 73/73/73 72/72/72
f 66/66/66 74/74/74 67/67/67
f 66/66/66 73/73/73 74/74/74
f 77/77/77 66/66/66 67/67/67
f 78/78/78 74/74/74 73/73/73
f 67/67/67 75/75/75 68/68/68
f 67/67/67 74/74/74 75/75/75
f 77/77/77 67/67/67 68/68/68
f 78/78/78 75/75/75 74/74/74
f 68/68/68 76/76/76 69/69/69
f 68/68/68 75/75/75 76/76/76
f 77/77/77 68/68/68 69/69/69
f 78/78/78 76/76/76 75/75/75
f 69/69/69 70/70/70 63/63/63
f 69/69/69 76/76/76 70/70/70
f 77/77/77 69/69/69 63/63/63
f 78/78/78 70/70/70 76/76/76
f 79/79/79 87/87/87 83/83/83
f 79/79/79 83/83/83 93/93/93
f 79/79/79 93/93/93 91/91/91
f 79/79/79 95/95/95 81/81/81
f 79/79/79 81/81/81 89/89/89
f 79/79/79 89/89/89 87/87/87
f 79/79/79 91/91/91 80/80/80
f 79/79/79 80/80/80 96/96/96
f 79/79/79 96/96/96 95/95/95
f 87/87/87 89/89/89 85/85/85
f 87/87/87 85/85/85 97/97/97
f 87/87/87 97/97/97 83/83/83
f 81/81/81 92/92/92 82/82/82
f 81/81/81 82/82/82 90/90/90
f 81/81/81 90/90/90 89/89/89
f 81/81/81 95/95/95 96/96/96
f 81/81/81 96/96/96 82/82/82
f 81/81/81 82/82/82 92/92/92
f 83/83/83 97/97/97 98/98/98
f 83/83/83 98/98/98 84/84/84
f 83/83/83 84/84/84 93/93/93
f 85/85/85 94/94/94 86/86/86
f 85/85/85 86/86/86 98/98/98
f 85/85/85 98/98/98 97/97/97
f 85/85/85 89/89/89 90/90/90
f 85/85/85 90/90/90 86/86/86
f 85/85/85 86/86/86 94/94/94
f 80/80/80 88/88/88 84/84/84
f 80/80/80 84/84/84 93/93/93
f 80/80/80 93/93/93 91/91/91
f 80/80/80 96/96/96 82/82/82
f 80/80/80 82/82/82 90/90/90
f 80/80/80 90/90/90 88/88/88
f 84/84/84 98/98/98 86/86/86
f 84/84/84 86/86/86 94/94/94
f 84/84/84 94/94/94 88/88/88
f 99/99/99 111/111/111 110/110/110
f 99/99/99 100/100/100 111/111/111
f 100/100/100 112/112/112 111/111/111
f 100/100/100 101/101/101 112/112/112
f 101/101/101 113/113/113 112/112/112
f 101/101/101 102/102/102 113/113/113
f 102/102/102 114/114/114 113/113/113
f 102/102/102 103/103/103 114/114/114
f 103/103/103 115/115/115 114/114/114
f 103/103/103 104/104/104 115/115/115
f 104/104/104 116/116/116 115/115/115
f 104/104/104 105/105/105 116/116/116
f 105/105/105 117/117/117 116/116/116
f 105/105/105 106/106/106 117/117/117
f 106/106/106 118/118/118 117/117/117
f 106/106/106 107/107/107 118/118/118
f 107/107/107 119/119/119 118/118/118
f 107/107/107 108/108/108 119/119/119
f 108/108/108 120/120/120 119/119/119
f 108/108/108 109/109/109 120/120/120
f 110/110/110 122/122/122 121/121/121
f 110/110/110 111/111/111 122/122/122
f 111/111/111 123/123/123 122/122/122
f 111/111/111 112/112/112 123/123/123
f 112/112/112 124/124/124 123/123/123
f 112/112/112 113/113/113 124/124/124
f 113/113/113 125/125/125 124/124/124
f 113/113/113 114/114/114 125/125/125
f 114/114/114 126/126/126 125/125/125
f 114/114/114 115/115/115 126/126/126
f 115/115/115 127/127/127 126/126/126
f 115/115/115 116/116/116 127/127/127
f 116/116/116 128/128/128 127/127/127
f 116/116/116 117/117/117 128/128/128
f 117/117/117 129/129/129 128/128/128
f 117/117/117 118/118/118 129/129/129
f 118/118/118 130/130/130 129/129/129
f 118/118/118 119/119/119 130/130/130
f 119/119/119 131/131/131 130/130/130
f 119/119/119 120/120/120 131/131/131
f 121/121/121 133/133/133 132/132/132
f 121/121/121 122/122/122 133/133/133
f 122/122/122 134/134/134 133/133/133
f 122/122/122 123/123/123 134/134/134
f 123/123/123 135/135/135 134/134/134
f 123/123/123 124/124/124 135/135/135
f 124/124/124 136/136/136 135/135/135
f 124/124/124 125/125/125 136/136/136
f 125/125/125 137/137/137 136/136/136
f 125/125/125 126/126/126 137/137/137
f 126/126/126 138/138/138 137/137/137
f 126/126/126 127/127/127 138/138/138
f 127/127/127 139/139/139 138/138/138
f 127/127/127 128/128/128 139/139/139
f 128/128/128 140/140/140 139/139/139
f 128/128/128 129/129/129 140/140/140
f 129/129/129 141/141/141 140/140/140
f 129/129/129 130/130/130 141/141/141
f 130/130/130 142/142/142 141/141/141
f 130/130/130 131/131/131 142/142/142
f 132/132/132 144/144/144 143/143/143
f 132/132/132 133/133/133 144/144/144
f 133/133/133 145/145/145 144/144/144
f 133/133/133 134/134/134 145/145/145
f 134/134/134 146/146/146 145/145/145
f 134/134/134 135/135/135 146/146/146
f 135/135/135 147/147/147 146/146/146
f 135/135/135 136/136/136 147/147/147
f 136/136/136 148/148/148 147/147/147
f 136/136/136 137/137/137 148/148/148
f 137/137/137 149/149/149 148/148/148
f 137/137/137 138/138/138 149/149/149
f 138/138/138 150/150/150 149/149/149
f 138/138/138 139/139/139 150/150/150
f 139/139/139 151/151/151 150/150/150
f 139/139/139 140/140/140 151/151/151
f 140/140/140 152/152/152 151/151/151
f 140/140/140 141/141/141 152/152/152
f 141/141/141 153/153/153 152/152/152
f 141/141/141 142/142/142 153/153/153
f 143/143/143 155/155/155 154/154/154
f 143/143/143 144/144/144 155/155/155
f 144/144/144 156/156/156 155/155/155
f 144/144/144 145/145/145 156/156/156
f 145/145/145 157/157/157 156/156/156
f 145/145/145 146/146/146 157/157/157
f 146/146/146 158/158/158 157/157/157
f 146/146/146 147/147/147 158/158/158
f 147/147/147 159/159/159 158/158/158
f 147/147/147 148/148/148 159/159/159
f 148/148/148 160/160/160 159/159/159
f 148/148/148 149/149/149 160/160/160
f 149/149/149 161/161/161 160/160/160
f 149/149/149 150/150/150 161/161/161
f 150/150/150 162/162/162 161/161/161
f 150/150/150 151/151/151 162/162/162
f 151/151/151 163/163/163 162/162/162
f 151/151/151 152/152/152 163/163/163
f 152/152/152 164/164/164 163/163/163
f 152/152/152 153/153/153 164/164/164
f 154/154/154 166/166/166 165/165/165
f 154/154/154 155/155/155 166/166/166
f 155/155/155 167/167/167 166/166/166
f 155/155/155 156/156/156 167/167/167
f 156/156/156 168/168/168 167/167/167
f 156/156/156 157/157/157 168/168/168
f 157/157/157 169/169/169 168/168/168
f 157/157/157 158/158/158 169/169/169
f 158/158/158 170/170/170 169/169/169
f 158/158/158 159/159/159 170/170/170
f 159/159/159 171/171/171 170/170/170
f 159/159/159 160/160/160 171/171/171
f 160/160/160 172/172/172 171/171/171
f 160/160/160 161/161/161 172/172/172
f 161/161/161 173/173/173 172/172/172
f 161/161/161 162/162/162 173/173/173
f 162/162/162 174/174/174 173/173/173
f 162/162/162 163/163/163 174/174/174
f 163/163/163 175/175/175 174/174/174
f 163/163/163 164/164/164 175/175/175
f 165/165/165 177/177/177 176/176/176
f 165/165/165 166/166/166 177/177/177
f 166/166/166 178/178/178 177/177/177
f 166/166/166 167/167/167 178/178/178
f 167/167/167 179/179/179 178/178/178
f 167/167/167 168/168/168 179/179/179
f 168/168/168 180/180/180 179/179/179
f 168/168/168 169/169/169 180/180/180
f 169/169/169 181/181/181 180/180/180
f 169/169/169 170/170/170 181/181/181
f 170/170/170 182/182/182 181/181/181
f 170/170/170 171/171/171 182/182/182
f 171/171/171 183/183/183 182/182/182
f 171/171/171 172/172/172 183/183/183
f 172/172/172 184/184/184 183/183/183
f 172/172/172 173/173/173 184/184/184
f 173/173/173 185/185/185 184/184/184
f 173/173/173 174/174/174 185/185/185
f 174/174/174 186/186/186 185/185/185
f 174/174/174 175/175/175 186/186/186
f 176/176/176 188/188/188 187/187/187
f 176/176/176 177/177/177 188/188/188
f 177/177/177 189/189/189 188/188/188
f 177/177/177 178/178/178 189/189/189
f 178/178/178 190/190/190 189/189/189
f 178/178/178 179/179/179 190/190/190
f 179/179/179 191/191/191 190/190/190
f 179/179/179 180/180/180 191/191/191
f 180/180/180 192/192/192 191/191/191
f 180/180/180 181/181/181 192/192/192
f 181/181/181 193/193/193 192/192/192
f 181/181/181 182/182/182 193/193/193
f 182/182/182 194/194/194 193/193/193
f 182/182/182 183/183/183 194/194/194
f 183/183/183 195/195/195 194/194/194
f 183/183/183 184/184/184 195/195/195
f 184/184/184 196/196/196 195/195/195
f 184/184/184 185/185/185 196/196/196
f 185/185/185 197/197/197 196/196/196
f 185/185/185 186/186/186 197/197/197
f 198/198/198 210/210/210 209/209/209
f 198/198/198 199/199/199 210/210/210
f 199/199/199 211/211/211 210/210/210
f 199/199/199 200/200/200 211/211/211
f 200/200/200 212/212/212 211/211/211
f 200/200/200 201/201/201 212/212/212
f 201/201/201 213/213/213 212/212/212
f 201/201/201 202/202/202 213/213/213
f 202/202/202 214/214/214 213/213/213
f 202/202/202 203/203/203 214/214/214
f 203/203/203 215/215/215 214/214/214
f 203/203/203 204/204/204 215/215/215
f 204/204/204 216/216/216 215/215/215
f 204/204/204 205/205/205 216/216/216
f 205/205/205 217/217/217 216/216/216
f 205/205/205 206/206/206 217/217/217
f 206/206/206 218/218/218 217/217/217
f 206/206/206 207/207/207 218/218/218
f 207/207/207 219/219/219 218/218/218
f 207/207/207 208/208/208 219/219/219
f 209/209/209 221/221/221 220/220/220
f 209/209/209 210/210/210 221/221/221
f 210/210/210 222/222/222 221/221/221
f 210/210/210 211/211/211 222/222/222
f 211/211/211 223/223/223 222/222/222
f 211/211/211 212/212/212 223/223/223
f 212/212/212 224/224/224 223/223/223
f 212/212/212 213/213/213 224/224/224
f 213/213/213 225/225/225 224/224/224
f 213/213/213 214/214/214 225/225/225
f 214/214/214 226/226/226 225/225/225
f 214/214/214 215/215/215 226/226/226
f 215/215/215 227/227/227 226/226/226
f 215/215/215 216/216/216 227/227/227
f 216/216/216 228/228/228 227/227/227
f 216/216/216 217/217/217 228/228/228
f 217/217/217 229/229/229 228/228/228
f 217/217/217 218/218/218 229/229/229
f 218/218/218 230/230/230 229/229/229
f 218/218/218 219/219/219 230/230/230
f 220/220/220 232/232/232 231/231/231
f 220/220/220 221/221/221 232/232/232
f 221/221/221 233/233/233 232/232/232
f 221/221/221 222/222/222 233/233/233
f 222/222/222 234/234/234 233/233/233
f 222/222/222 223/223/223 234/234/234
f 223/223/223 235/235/235 234/234/234
f 223/223/223 224/224/224 235/235/235
f 224/224/224 236/236/236 235/235/235
f 224/224/224 225/225/225 236/236/236
f 225/225/225 237/237/237 236/236/236
f 225/225/225 226/226/226 237/237/237
f 226/226/226 238/238/238 237/237/237
f 226/226/226 227/227/227 238/238/238
f 227/227/227 239/239/239 238/238/238
f 227/227/227 228/228/228 239/239/239
f 228/228/228 240/240/240 239/239/239
f 228/228/228 229/229/229 240/240/240
f 229/229/229 241/241/241 240/240/240
f 229/229/229 230/230/230 241/241/241
f 231/231/231 243/243/243 242/242/242
f 231/231/231 232/232/232 243/243/243
f 232/232/232 244/244/244 243/243/243
f 232/232/232 233/233/233 244/244/244
f 233/233/233 245/245/245 244/244/244
f 233/233/233 234/234/234 245/245/245
f 234/234/234 246/246/246 245/245/245
f 234/234/234 235/235/235 246/246/246
f 235/235/235 247/247/247 246/246/246
f 235/235/235 236/236/236 247/247/247
f 236/236/236 248/248/248 247/247/247
f 236/236/236 237/237/237 248/248/248
f 237/237/237 249/249/249 248/248/248
f 237/237/237 238/238/238 249/249/249
f 238/238/238 250/250/250 249/249/249
f 238/238/238 239/239/239 250/250/250
f 239/239/239 251/251/251 250/250/250
f 239/239/239 240/240/240 251/251/251
f 240/240/240 252/252/252 251/251/251
f 240/240/240 241/241/241 252/252/252
f 242/242/242 254/254/254 253/253/253
f 242/242/242 243/243/243 254/254/254
f 243/243/243 255/255/255 254/254/254
f 243/243/243 244/244/244 255/255/255
f 244/244/244 256/256/256 255/255/255
f 244/244/244 245/245/245 256/256/256
f 245/245/245 257/257/257 256/256/256
f 245/245/245 246/246/246 257/257/257
f 246/246/246 258/258/258 257/257/257
f 246/246/246 247/247/247 258/258/258
f 247/247/247 259/259/259 258/258/258
f 247/247/247 248/248/248 259/259/259
f 248/248/248 260/260/260 259/259/259
f 248/248/248 249/249/249 260/260/260
f 249/249/249 261/261/261 260/260/260
f 249/249/249 250/250/250 261/261/261
f 250/250/250 262/262/262 261/261/261
f 250/250/250 251/251/251 262/262/262
f 251/251/251 263/263/263 262/262/262
f 251/251/251 252/252/252 263/263/263
f 253/253/253 265/265/265 264/264/264
f 253/253/253 254/254/254 265/265/265
f 254/254/254 266/266/266 265/265/265
f 254/254/254 255/255/255 266/266/266
f 255/255/255 267/267/267 266/266/266
f 255/255/255 256/256/256 267/267/267
f 256/256/256 268/268/268 267/267/267
f 256/256/256 257/257/257 268/268/268
f 257/257/257 269/269/269 268/268/268
f 257/257/257 258/258/258 269/269/269
f 258/258/258 270/270/270 269/269/269
f 258/258/258 259/259/259 270/270/270
f 259/259/259 271/271/271 270/270/270
f 259/259/259 260/260/260 271/271/271
f 260/260/260 272/272/272 271/271/271
f 260/260/260 261/261/261 272/272/272
f 261/261/261 273/273/273 272/272/272
f 261/261/261 262/262/262 273/273/273
f 262/262/262 274/274/274 273/273/273
f 262/262/262 263/263/263 274/274/274
f 264/264/264 276/276/276 275/275/275
f 264/264/264 265/265/265 276/276/276
f 265/265/265 277/277/277 276/276/276
f 265/265/265 266/266/266 277/277/277
f 266/266/266 278/278/278 277/277/277
f 266/266/266 267/267/267 278/278/278
f 267/267/267 279/279/279 278/278/278
f 267/267/267 268/268/268 279/279/279
f 268/268/268 280/280/280 279/279/279
f 268/268/268 269/269/269 280/280/280
f 269/269/269 281/281/281 280/280/280
f 269/269/269 270/270/270 281/281/281
f 270/270/270 282/282/282 281/281/281
f 270/270/270 271/271/271 282/282/282
f 271/271/271 283/283/283 282/282/282
f 271/271/271 272/272/272 283/283/283
f 272/272/272 284/284/284 283/283/283
f 272/272/272 273/273/273 284/284/284
f 273/273/273 285/285/285 284/284/284
f 273/273/273 274/274/274 285/285/285
f 275/275/275 287/287/287 286/286/286
f 275/275/275 276/276/276 287/287/287
f 276/276/276 288/288/288 287/287/287
f 276/276/276 277/277/277 288/288/288
f 277/277/277 289/289/289 288/288/288
f 277/277/277 278/278/278 289/289/289
f 278/278/278 290/290/290 289/289/289
f 278/278/278 279/279/279 290/290/290
f 279/279/279 291/291/291 290/290/290
f 279/279/279 280/280/280 291/291/291
f 280/280/280 292/292/292 291/291/291
f 280/280/280 281/281/281 292/292/292
f 281/281/281 293/293/293 292/292/292
f 281/281/281 282/282/282 293/293/293
f 282/282/282 294/294/294 293/293/293
f 282/282/282 283/283/283 294/294/294
f 283/283/283 295/295/295 294/294/294
f 283/283/283 284/284/284 295/295/295
f 284/284/284 296/296/296 295/295/295
f 284/284/284 285/285/285 296/296/296
f 297/297/297 309/309/309 308/308/308
f 297/297/297 298/298/298 309/309/309
f 298/298/298 310/310/310 309/309/309
f 298/298/298 299/299/299 310/310/310
f 299/299/299 311/311/311 310/310/310
f 299/299/299 300/300/300 311/311/311
f 300/300/300 312/312/312 311/311/311
f 300/300/300 301/301/301 312/312/312
f 301/301/301 313/313/313 312/312/312
f 301/301/301 302/302/302 313/313/313
f 302/302/302 314/314/314 313/313/313
f 302/302/302 303/303/303 314/314/314
f 303/303/303 315/315/315 314/314/314
f 303/303/303 304/304/304 315/315/315
f 304/304/304 316/316/316 315/315/315
f 304/304/304 305/305/305 316/316/316
f 305/305/305 317/317/317 316/316/316
f 305/305/305 306/306/306 317/317/317
f 306/306/306 318/318/318 317/317/317
f 306/306/306 307/307/307 318/318/318
f 308/308/308 320/320/320 319/319/319
f 308/308/308 309/309/309 320/320/320
f 309/309/309 321/321/321 320/320/320
f 309/309/309 310/310/310 321/321/321
f 310/310/310 322/322/322 321/321/321
f 310/310/310 311/311/311 322/322/322
f 311/311/311 323/323/323 322/322/322
f 311/311/311 312/312/312 323/323/323
f 312/312/312 324/324/324 323/323/323
f 312/312/312 313/313/313 324/324/324
f 313/313/313 325/325/325 324/324/324
f 313/313/313 314/314/314 325/325/325
f 314/314/314 326/326/326 325/325/325
f 314/314/314 315/315/315 326/326/326
f 315/315/315 327/327/327 326/326/326
f 315/315/315 316/316/316 327/327/327
f 316/316/316 328/328/328 327/327/327
f 316/316/316 317/317/317 328/328/328
f 317/317/317 329/329/329 328/328/328
f 317/317/317 318/318/318 329/329/329
f 319/319/319 331/331/331 330/330/330
f 319/319/319 320/320/320 331/331/331
f 320/320/320 332/332/332 331/331/331
f 320/320/320 321/321/321 332/332/332
f 321/321/321 333/333/333 332/332/332
f 321/321/321 322/322/322 333/333/333
f 322/322/322 334/334/334 333/333/333
f 322/322/322 323/323/323 334/334/334
f 323/323/323 335/335/335 334/334/334
f 323/323/323 324/324/324 335/335/335
f 324/324/324 336/336/336 335/335/335
f 324/324/324 325/325/325 336/336/336
f 325/325/325 337/337/337 336/336/336
f 325/325/325 326/326/326 337/337/337
f 326/326/326 338/338/338 337/337/337
f 326/326/326 327/327/327 338/338/338
f 327/327/327 339/339/339 338/338/338
f 327/327/327 328/328/328 339/339/339
f 328/328/328 340/340/340 339/339/339
f 328/328/328 329/329/329 340/340/340
f 330/330/330 342/342/342 341/341/341
f 330/330/330 331/331/331 342/342/342
f 331/331/331 343/343/343 342/342/342
f 331/331/331 332/332/332 343/343/343
f 332/332/332 344/344/344 343/343/343
f 332/332/332 333/333/333 344/344/344
f 333/333/333 345/345/345 344/344/344
f 333/333/333 334/334/334 345/345/345
f 334/334/334 346/346/346 345/345/345
f 334/334/334 335/335/335 346/346/346
f 335/335/335 347/347/347 346/346/346
f 335/335/335 336/336/336 347/347/347
f 336/336/336 348/348/348 347/347/347
f 336/336/336 337/337/337 348/348/348
f 337/337/337 349/349/349 348/348/348
f 337/337/337 338/338/338 349/349/349
f 338/338/338 350/350/350 349/349/349
f 338/338/338 339/339/339 350/350/350
f 339/339/339 351/351/351 350/350/350
f 339/339/339 340/340/340 351/351/351
f 341/341/341 353/353/353 352/352/352
f 341/341/341 342/342/342 353/353/353
f 342/342/342 354/354/354 353/353/353
f 342/342/342 343/343/343 354/354/354
f 343/343/343 355/355/355 354/354/354
f 343/343/343 344/344/344 355/355/355
f 344/344/344 356/356/356 355/355/355
f 344/344/344 345/345/345 356/356/356
f 345/345/345 357/357/357 356/356/356
f 345/345/345 346/346/346 357/357/357
f 346/346/346 358/358/358 357/357/357
f 346/346/346 347/347/347 358/358/358
f 347/347/347 359/359/359 358/358/358
f 347/347/347 348/348/348 359/359/359
f 348/348/348 360/360/360 359/359/359
f 348/348/348 349/349/349 360/360/360
f 349/349/349 361/361/361 360/360/360
f 349/349/349 350/350/350 361/361/361
f 350/350/350 362/362/362 361/361/361
f 350/350/350 351/351/351 362/362/362
f 352/352/352 364/364/364 363/363/363
f 352/352/352 353/353/353 364/364/364
f 353/353/353 365/365/365 364/364/364
f 353/353/353 354/354/354 365/365/365
f 354/354/354 366/366/366 365/365/365
f 354/354/354 355/355/355 366/366/366
f 355/355/355 367/367/367 366/366/366
f 355/355/355 356/356/356 367/367/367
f 356/356/356 368/368/368 367/367/367
f 356/356/356 357/357/357 368/368/368
f 357/357/357 369/369/369 368/368/368
f 357/357/357 358/358/358 369/369/369
f 358/358/358 370/370/370 369/369/369
f 358/358/358 359/359/359 370/370/370
f 359/359/359 371/371/371 370/370/370
f 359/359/359 360/360/360 371/371/371
f 360/360/360 372/372/372 371/371/371
f 360/360/360 361/361/361 372/372/372
f 361/361/361 373/373/373 372/372/372
f 361/361/361 362/362/362 373/373/373
f 363/363/363 375/375/375 374/374/374
f 363/363/363 364/364/364 375/375/375
f 364/364/364 376/376/376 375/375/375
f 364/364/364 365/365/365 376/376/376
f 365/365/365 377/377/377 376/376/376
f 365/365/365 366/366/366 377/377/377
f 366/366/366 378/378/378 377/377/377
f 366/366/366 367/367/367 378/378/378
f 367/367/367 379/379/379 378/378/378
f 367/367/367 368/368/368 379/379/379
f 368/368/368 380/380/380 379/379/379
f 368/368/368 369/369/369 380/380/380
f 369/369/369 381/381/381 380/380/380
f 369/369/369 370/370/370 381/381/381
f 370/370/370 382/382/382 381/381/381
f 370/370/370 371/371/371 382/382/382
f 371/371/371 383/383/383 382/382/382
f 371/371/371 372/372/372 383/383/383
f 372/372/372 384/384/384 383/383/383
f 372/372/372 373/373/373 384/384/384
f 374/374/374 386/386/386 385/385/385
f 374/374/374 375/375/375 386/386/386
f 375/375/375 387/387/387 386/386/386
f 375/375/375 376/376/376 387/387/387
f 376/376/376 388/388/388 387/387/387
f 376/376/376 377/377/377 388/388/388
f 377/377/377 389/389/389 388/388/388
f 377/377/377 378/378/378 389/389/389
f 378/378/378 390/390/390 389/389/389
f 378/378/378 379/379/379 390/390/390
f 379/379/379 391/391/391 390/390/390
f 379/379/379 380/380/380 391/391/391
f 380/380/380 392/392/392 391/391/391
f 380/380/380 381/381/381 392/392/392
f 381/381/381 393/393/393 392/392/392
f 381/381/381 382/382/382 393/393/393
f 382/382/382 394/394/394 393/393/393
f 382/382/382 383/383/383 394/394/394
f 383/383/383 395/395/395 394/394/394
f 383/383/383 384/384/384 395/395/395
f 396/396/396 408/408/408 407/407/407
f 396/396/396 397/397/397 408/408/408
f 397/397/397 409/409/409 408/408/408
f 397/397/397 398/398/398 409/409/409
f 398/398/398 410/410/410 409/409/409
f 398/398/398 399/399/399 410/410/410
f 399/399/399 411/411/411 410/410/410
f 399/399/399 400/400/400 411/411/411
f 400/400/400 412/412/412 411/411/411
f 400/400/400 401/401/401 412/412/412
f 401/401/401 413/413/413 412/412/412
f 401/401/401 402/402/402 413/413/413
f 402/402/402 414/414/414 413/413/413
f 402/402/402 403/403/403 414/414/414
f 403/403/403 415/415/415 414/414/414
f 403/403/403 404/404/404 415/415/415
f 404/404/404 416/416/416 415/415/415
f 404/404/404 405/405/405 416/416/416
f 405/405/405 417/417/417 416/416/416
f 405/405/405 406/406/406 417/417/417
f 407/407/407 419/419/419 418/418/418
f 407/407/407 408/408/408 419/419/419
f 408/408/408 420/420/420 419/419/419
f 408/408/408 409/409/409 420/420/420
f 409/409/409 421/421/421 420/420/420
f 409/409/409 410/410/410 421/421/421
f 410/410/410 422/422/422 421/421/421
f 410/410/410 411/411/411 422/422/422
f 411/411/411 423/423/423 422/422/422
f 411/411/411 412/412/412 423/423/423
f 412/412/412 424/424/424 423/423/423
f 412/412/412 413/413/413 424/424/424
f 413/413/413 425/425/425 424/424/424
f 413/413/413 414/414/414 425/425/425
f 414/414/414 426/426/426 425/425/425
f 414/414/414 415/415/415 426/426/426
f 415/415/415 427/427/427 426/426/426
f 415/415/415 416/416/416 427/427/427
f 416/416/416 428/428/428 427/427/427
f 416/416/416 417/417/417 428/428/428
f 418/418/418 430/430/430 429/429/429
f 418/418/418 419/419/419 430/430/430
f 419/419/419 431/431/431 430/430/430
f 419/419/419 420/420/420 431/431/431
f 420/420/420 432/432/432 431/431/431
f 420/420/420 421/421/421 432/432/432
f 421/421/421 433/433/433 432/432/432
f 421/421/421 422/422/422 433/433/433
f 422/422/422 434/434/434 433/433/433
f 422/422/422 423/423/423 434/434/434
f 423/423/423 435/435/435 434/434/434
f 423/423/423 424/424/424 435/435/435
f 424/424/424 436/436/436 435/435/435
f 424/424/424 425/425/425 436/436/436
f 425/425/425 437/437/437 436/436/436
f 425/425/425 426/426/426 437/437/437
f 426/426/426 438/438/438 437/437/437
f 426/426/426 427/427/427 438/438/438
f 427/427/427 439/439/439 438/438/438
f 427/427/427 428/428/428 439/439/439
f 429/429/429 441/441/441 440/440/440
f 429/429/429 430/430/430 441/441/441
f 430/430/430 442/442/442 441/441/441
f 430/430/430 431/431/431 442/442/442
f 431/431/431 443/443/443 442/442/442
f 431/431/431 432/432/432 443/443/443
f 432/432/432 444/444/444 443/443/443
f 432/432/432 433/433/433 444/444/444
f 433/433/433 445/445/445 444/444/444
f 433/433/433 434/434/434 445/445/445
f 434/434/434 446/446/446 445/445/445
f 434/434/434 435/435/435 446/446/446
f 435/435/435 447/447/447 446/446/446
f 435/435/435 436/436/436 447/447/447
f 436/436/436 448/448/448 447/447/447
f 436/436/436 437/437/437 448/448/448
f 437/437/437 449/449/449 448/448/448
f 437/437/437 438/438/438 449/449/449
f 438/438/438 450/450/450 449/449/449
f 438/438/438 439/439/439 450/450/450
f 440/440/440 452/452/452 451/451/451
f 440/440/440 441/441/441 452/452/452
f 441/441/441 453/453/453 452/452/452
f 441/441/441 442/442/442 453/453/453
f 442/442/442 454/454/454 453/453/453
f 442/442/442 443/443/443 454/454/454
f 443/443/443 455/455/455 454/454/454
f 443/443/443 444/444/444 455/455/455
f 444/444/444 456/456/456 455/455/455
f 444/444/444 445/445/445 456/456/456
f 445/445/445 457/457/457 456/456/456
f 445/445/445 446/446/446 457/457/457
f 446/446/446 458/458/458 457/457/457
f 446/446/446 447/447/447 458/458/458
f 447/447/447 459/459/459 458/458/458
f 447/447/447 448/448/448 459/459/459
f 448/448/448 460/460/460 459/459/459
f 448/448/448 449/449/449 460/460/460
f 449/449/449 461/461/461 460/460/460
f 449/449/449 450/450/450 461/461/461
f 451/451/451 463/463/463 462/462/462
f 451/451/451 452/452/452 463/463/463
f 452/452/452 464/464/464 463/463/463
f 452/452/452 453/453/453 464/464/464
f 453/453/453 465/465/465 464/464/464
f 453/453/453 454/454/454 465/465/465
f 454/454/454 466/466/466 465/465/465
f 454/454/454 455/455/455 466/466/466
f 455/455/455 467/467/467 466/466/466
f 455/455/455 456/456/456 467/467/467
f 456/456/456 468/468/468 467/467/467
f 456/456/456 457/457/457 468/468/468
f 457/457/457 469/469/469 468/468/468
f 457/457/457 458/458/458 469/469/469
f 458/458/458 470/470/470 469/469/469
f 458/458/458 459/459/459 470/470/470
f 459/459/459 471/471/471 470/470/470
f 459/459/459 460/460/460 471/471/471
f 460/460/460 472/472/472 471/471/471
f 460/460/460 461/461/461 472/472/472
f 462/462/462 474/474/474 473/473/473
f 462/462/462 463/463/463 474/474/474
f 463/463/463 475/475/475 474/474/474
f 463/463/463 464/464/464 475/475/475
f 464/464/464 476/476/476 475/475/475
f 464/464/464 465/465/465 476/476/476
f 465/465/465 477/477/477 476/476/476
f 465/465/465 466/466/466 477/477/477
f 466/466/466 478/478/478 477/477/477
f 466/466/466 467/467/467 478/478/478
f 467/467/467 479/479/479 478/478/478
f 467/467/467 468/468/468 479/479/479
f 468/468/468 480/480/480 479/479/479
f 468/468/468 469/469/469 480/480/480
f 469/469/469 481/481/481 480/480/480
f 469/469/469 470/470/470 481/481/481
f 470/470/470 482/482/482 481/481/481
f 470/470/470 471/471/471 482/482/482
f 471/471/471 483/483/483 482/482/482
f 471/471/471 472/472/472 483/483/483
f 473/473/473 485/485/485 484/484/484
f 473/473/473 474/474/474 485/485/485
f 474/474/474 486/486/486 485/485/485
f 474/474/474 475/475/475 486/486/486
f 475/475/475 487/487/487 486/486/486
f 475/475/475 476/476/476 487/487/487
f 476/476/476 488/488/488 487/487/487
f 476/476/476 477/477/477 488/488/488
f 477/477/477 489/489/489 488/488/488
f 477/477/477 478/478/478 489/489/489
f 478/478/478 490/490/490 489/489/489
f 478/478/478 479/479/479 490/490/490
f 479/479/479 491/491/491 490/490/490
f 479/479/479 480/480/480 491/491/491
f 480/480/480 492/492/492 491/491/491
f 480/480/480 481/481/481 492/492/492
f 481/481/481 493/493/493 492/492/492
f 481/481/481 482/482/482 493/493/493
f 482/482/482 494/494/494 493/493/493
f 482/482/482 483/483/483 494/494/494
f 495/495/495 504/504/504 496/496/496
f 495/495/495 503/503/503 504/504/504
f 511/511/511 495/495/495 496/496/496
f 512/512/512 504/504/504 503/503/503
f 496/496/496 505/505/505 497/497/497
f 496/496/496 504/504/504 505/505/505
f 511/511/511 496/496/496 497/497/497
f 512/512/512 505/505/505 504/504/504
f 497/497/497 506/506/506 498/498/498
f 497/497/497 505/505/505 506/506/506
f 511/511/511 497/497/497 498/498/498
f 512/512/512 506/506/506 505/505/505
f 498/498/498 507/507/507 499/499/499
f 498/498/498 506/506/506 507/507/507
f 511/511/511 498/498/498 499/499/499
f 512/512/512 507/507/507 506/506/506
f 499/499/499 508/508/508 500/500/500
f 499/499/499 507/507/507 508/508/508
f 511/511/511 499/499/499 500/500/500
f 512/512/512 508/508/508 507/507/507
f 500/500/500 509/509/509 501/501/501
f 500/500/500 508/508/508 509/509/509
f 511/511/511 500/500/500 501/501/501
f 512/512/512 509/509/509 508/508/508
f 501/501/501 510/510/510 502/502/502
f 501/501/501 509/509/509 510/510/510
f 511/511/511 501/501/501 502/502/502
f 512/512/512 510/510/510 509/509/509
f 502/502/502 503/503/503 495/495/495
f 502/502/502 510/510/510 503/503/503
f 511/511/511 502/502/502 495/495/495
f 512/512/512 503/503/503 510/510/510
f 513/513/513 521/521/521 514/514/514
f 513/513/513 520/520/520 521/521/521
f 527/527/527 513/513/513 514/514/514
f 528/528/528 521/521/521 520/520/520
f 514/514/514 522/522/522 515/515/515
f 514/514/514 521/521/521 522/522/522
f 527/527/527 514/514/514 515/515/515
f 528/528/528 522/522/522 521/521/521
f 515/515/515 523/523/523 516/516/516
f 515/515/515 522/522/522 523/523/523
f 527/527/527 515/515/515 516/516/516
f 528/528/528 523/523/523 522/522/522
f 516/516/516 524/524/524 517/517/517
f 516/516/516 523/523/523 524/524/524
f 527/527/527 516/516/516 517/517/517
f 528/528/528 524/524/524 523/523/523
f 517/517/517 525/525/525 518/518/518
f 517/517/517 524/524/524 525/525/525
f 527/527/527 517/517/517 518/518/518
f 528/528/528 525/525/525 524/524/524
f 518/518/518 526/526/526 519/519/519
f 518/518/518 525/525/525 526/526/526
f 527/527/527 518/518/518 519/519/519
f 528/528/528 526/526/526 525/525/525
f 519/519/519 520/520/520 513/513/513
f 519/519/519 526/526/526 520/520/520
f 527/527/527 519/519/519 513/513/513
f 528/528/528 520/520/520 526/526/526
f 529/529/529 537/537/537 533/533/533
f 529/529/529 533/533/533 543/543/543
f 529/529/529 543/543/543 541/541/541
f 529/529/529 545/545/545 531/531/531
f 529/529/529 531/531/531 539/539/539
f 529/529/529 539/539/539 537/537/537
f 529/529/529 541/541/541 530/530/530
f 529/529/529 530/530/530 546/546/546
f 529/529/529 546/546/546 545/545/545
f 537/537/537 539/539/539 535/535/535
f 537/537/537 535/535/535 547/547/547
f 537/537/537 547/547/547 533/533/533
f 531/531/531 542/542/542 532/532/532
f 531/531/531 532/532/532 540/540/540
f 531/531/531 540/540/540 539/539/539
f 531/531/531 545/545/545 546/546/546
f 531/531/531 546/546/546 532/532/532
f 531/531/531 532/532/532 542/542/542
f 533/533/533 547/547/547 548/548/548
f 533/533/533 548/548/548 534/534/534
f 533/533/533 534/534/534 543/543/543
f 535/535/535 544/544/544 536/536/536
f 535/535/535 536/536/536 548/548/548
f 535/535/535 548/548/548 547/547/547
f 535/535/535 539/539/539 540/540/540
f 535/535/535 540/540/540 536/536/536
f 535/535/535 536/536/536 544/544/544
f 530/530/530 538/538/538 534/534/534
f 530/530/530 534/534/534 543/543/543
f 530/530/530 543/543/543 541/541/541
f 530/530/530 546/546/546 532/532/532
f 530/530/530 532/532/532 540/540/540
f 530/530/530 540/540/540 538/538/538
f 534/534/534 548/548/548 536/536/536
f 534/534/534 536/536/536 544/544/544
f 534/534/534 544/544/544 538/538/538
f 549/549/549 561/561/561 560/560/560
f 549/549/549 550/550/550 561/561/561
f 550/550/550 562/562/562 561/561/561
f 550/550/550 551/551/551 562/562/562
f 551/551/551 563/563/563 562/562/562
f 551/551/551 552/552/552 563/563/563
f 552/552/552 564/564/564 563/563/563
f 552/552/552 553/553/553 564/564/564
f 553/553/553 565/565/565 564/564/564
f 553/553/553 554/554/554 565/565/565
f 554/554/554 566/566/566 565/565/565
f 554/554/554 555/555/555 566/566/566
f 555/555/555 567/567/567 566/566/566
f 555/555/555 556/556/556 567/567/567
f 556/556/556 568/568/568 567/567/567
f 556/556/556 557/557/557 568/568/568
f 557/557/557 569/569/569 568/568/568
f 557/557/557 558/558/558 569/569/569
f 558/558/558 570/570/570 569/569/569
f 558/558/558 559/559/559 570/570/570
f 560/560/560 572/572/572 571/571/571
f 560/560/560 561/561/561 572/572/572
f 561/561/561 573/573/573 572/572/572
f 561/561/561 562/562/562 573/573/573
f 562/562/562 574/574/574 573/573/573
f 562/562/562 563/563/563 574/574/574
f 563/563/563 575/575/575 574/574/574
f 563/563/563 564/564/564 575/575/575
f 564/564/564 576/576/576 575/575/575
f 564/564/564 565/565/565 576/576/576
f 565/565/565 577/577/577 576/576/576
f 565/565/565 566/566/566 577/577/577
f 566/566/566 578/578/578 577/577/577
f 566/566/566 567/567/567 578/578/578
f 567/567/567 579/579/579 578/578/578
f 567/567/567 568/568/568 579/579/579
f 568/568/568 580/580/580 579/579/579
f 568/568/568 569/569/569 580/580/580
f 569/569/569 581/581/581 580/580/580
f 569/569/569 570/570/570 581/581/581
f 571/571/571 583/583/583 582/582/582
f 571/571/571 572/572/572 583/583/583
f 572/572/572 584/584/584 583/583/583
f 572/572/572 573/573/573 584/584/584
f 573/573/573 585/585/585 584/584/584
f 573/573/573 574/574/574 585/585/585
f 574/574/574 586/586/586 585/585/585
f 574/574/574 575/575/575 586/586/586
f 575/575/575 587/587/587 586/586/586
f 575/575/575 576/576/576 587/587/587
f 576/576/576 588/588/588 587/587/587
f 576/576/576 577/577/577 588/588/588
f 577/577/577 589/589/589 588/588/588
f 577/577/577 578/578/578 589/589/589
f 578/578/578 590/590/590 589/589/589
f 578/578/578 579/579/579 590/590/590
f 579/579/579 591/591/591 590/590/590
f 579/579/579 580/580/580 591/591/591
f 580/580/580 592/592/592 591/591/591
f 580/580/580 581/581/581 592/592/592
f 582/582/582 594/594/594 593/593/593
f 582/582/582 583/583/583 594/594/594
f 583/583/583 595/595/595 594/594/594
f 583/583/583 584/584/584 595/595/595
f 584/584/584 596/596/596 595/595/595
f 584/584/584 585/585/585 596/596/596
f 585/585/585 597/597/597 596/596/596
f 585/585/585 586/586/586 597/597/597
f 586/586/586 598/598/598 597/597/597
f 586/586/586 587/587/587 598/598/598
f 587/587/587 599/599/599 598/598/598
f 587/587/587 588/588/588 599/599/599
f 588/588/588 600/600/600 599/599/599
f 588/588/588 589/589/589 600/600/600
f 589/589/589 601/601/601 600/600/600
f 589/589/589 590/590/590 601/601/601
f 590/590/590 602/602/602 601/601/601
f 590/590/590 591/591/591 602/602/602
f 591/591/591 603/603/603 602/602/602
f 591/591/591 592/592/592 603/603/603
f 593/593/593 605/605/605 604/604/604
f 593/593/593 594/594/594 605/605/605
f 594/594/594 606/606/606 605/605/605
f 594/594/594 595/595/595 606/606/606
f 595/595/595 607/607/607 606/606/606
f 595/595/595 596/596/596 607/607/607
f 596/596/596 608/608/608 607/607/607
f 596/596/596 597/597/597 608/608/608
f 597/597/597 609/609/609 608/608/608
f 597/597/597 598/598/598 609/609/609
f 598/598/598 610/610/610 609/609/609
f 598/598/598 599/599/599 610/610/610
f 599/599/599 611/611/611 610/610/610
f 599/599/599 600/600/600 611/611/611
f 600/600/600 612/612/612 611/611/611
f 600/600/600 601/601/601 612/612/612
f 601/601/601 613/613/613 612/612/612
f 601/601/601 602/602/602 613/613/613
f 602/602/602 614/614/614 613/613/613
f 602/602/602 603/603/603 614/614/614
f 604/604/604 616/616/616 615/615/615
f 604/604/604 605/605/605 616/616/616
f 605/605/605 617/617/617 616/616/616
f 605/605/605 606/606/606 617/617/617
f 606/606/606 618/618/618 617/617/617
f 606/606/606 607/607/607 618/618/618
f 607/607/607 619/619/619 618/618/618
f 607/607/607 608/608/608 619/619/619
f 608/608/608 620/620/620 619/619/619
f 608/608/608 609/609/609 620/620/620
f 609/609/609 621/621/621 620/620/620
f 609/609/609 610/610/610 621/621/621
f 610/610/610 622/622/622 621/621/621
f 610/610/610 611/611/611 622/622/622
f 611/611/611 623/623/623 622/622/622
f 611/611/611 612/612/612 623/623/623
f 612/612/612 624/624/624 623/623/623
f 612/612/612 613/613/613 624/624/624
f 613/613/613 625/625/625 624/624/624
f 613/613/613 614/614/614 625/625/625
f 615/615/615 627/627/627 626/626/626
f 615/615/615 616/616/616 627/627/627
f 616/616/616 628/628/628 627/627/627
f 616/616/616 617/617/617 628/628/628
f 617/617/617 629/629/629 628/628/628
f 617/617/617 618/618/618 629/629/629
f 618/618/618 630/630/630 629/629/629
f 618/618/618 619/619/619 630/630/630
f 619/619/619 631/631/631 630/630/630
f 619/619/619 620/620/620 631/631/631
f 620/620/620 632/632/632 631/631/631
f 620/620/620 621/621/621 632/632/632
f 621/621/621 633/633/633 632/632/632
f 621/621/621 622/622/622 633/633/633
f 622/622/622 634/634/634 633/633/633
f 622/622/622 623/623/623 634/634/634
f 623/623/623 635/635/635 634/634/634
f 623/623/623 624/624/624 635/635/635
f 624/624/624 636/636/636 635/635/635
f 624/624/624 625/625/625 636/636/636
f 626/626/626 638/638/638 637/637/637
f 626/626/626 627/627/627 638/638/638
f 627/627/627 639/639/639 638/638/638
f 627/627/627 628/628/628 639/639/639
f 628/628/628 640/640/640 639/639/639
f 628/628/628 629/629/629 640/640/640
f 629/629/629 641/641/641 640/640/640
f 629/629/629 630/630/630 641/641/641
f 630/630/630 642/642/642 641/641/641
f 630/630/630 631/631/631 642/642/642
f 631/631/631 643/643/643 642/642/642
f 631/631/631 632/632/632 643/643/643
f 632/632/632 644/644/644 643/643/643
f 632/632/632 633/633/633 644/644/644
f 633/633/633 645/645/645 644/644/644
f 633/633/633 634/634/634 645/645/645
f 634/634/634 646/646/646 645/645/645
f 634/634/634 635/635/635 646/646/646
f 635/635/635 647/647/647 646/646/646
f 635/635/635 636/636/636 647/647/647
f 648/648/648 660/660/660 659/659/659
f 648/648/648 649/649/649 660/660/660
f 649/649/649 661/661/661 660/660/660
f 649/649/649 650/650/650 661/661/661
f 650/650/650 662/662/662 661/661/661
f 650/650/650 651/651/651 662/662/662
f 651/651/651 663/663/663 662/662/662
f 651/651/651 652/652/652 663/663/663
f 652/652/652 664/664/664 663/663/663
f 652/652/652 653/653/653 664/664/664
f 653/653/653 665/665/665 664/664/664
f 653/653/653 654/654/654 665/665/665
f 654/654/654 666/666/666 665/665/665
f 654/654/654 655/655/655 666/666/666
f 655/655/655 667/667/667 666/666/666
f 655/655/655 656/656/656 667/667/667
f 656/656/656 668/668/668 667/667/667
f 656/656/656 657/657/657 668/668/668
f 657/657/657 669/669/669 668/668/668
f 657/657/657 658/658/658 669/669/669
f 659/659/659 671/671/671 670/670/670
f 659/659/659 660/660/660 671/671/671
f 660/660/660 672/672/672 671/671/671
f 660/660/660 661/661/661 672/672/672
f 661/661/661 673/673/673 672/672/672
f 661/661/661 662/662/662 673/673/673
f 662/662/662 674/674/674 673/673/673
f 662/662/662 663/663/663 674/674/674
f 663/663/663 675/675/675 674/674/674
f 663/663/663 664/664/664 675/675/675
f 664/664/664 676/676/676 675/675/675
f 664/664/664 665/665/665 676/676/676
f 665/665/665 677/677/677 676/676/676
f 665/665/665 666/666/666 677/677/677
f 666/666/666 678/678/678 677/677/677
f 666/666/666 667/667/667 678/678/678
f 667/667/667 679/679/679 678/678/678
f 667/667/667 668/668/668 679/679/679
f 668/668/668 680/680/680 679/679/679
f 668/668/668 669/669/669 680/680/680
f 670/670/670 682/682/682 681/681/681
f 670/670/670 671/671/671 682/682/682
f 671/671/671 683/683/683 682/682/682
f 671/671/671 672/672/672 683/683/683
f 672/672/672 684/684/684 683/683/683
f 672/672/672 673/673/673 684/684/684
f 673/673/673 685/685/685 684/684/684
f 673/673/673 674/674/674 685/685/685
f 674/674/674 686/686/686 685/685/685
f 674/674/674 675/675/675 686/686/686
f 675/675/675 687/687/687 686/686/686
f 675/675/675 676/676/676 687/687/687
f 676/676/676 688/688/688 687/687/687
f 676/676/676 677/677/677 688/688/688
f 677/677/677 689/689/689 688/688/688
f 677/677/677 678/678/678 689/689/689
f 678/678/678 690/690/690 689/689/689
f 678/678/678 679/679/679 690/690/690
f 679/679/679 691/691/691 690/690/690
f 679/679/679 680/680/680 691/691/691
f 681/681/681 693/693/693 692/692/692
f 681/681/681 682/682/682 693/693/693
f 682/682/682 694/694/694 693/693/693
f 682/682/682 683/683/683 694/694/694
f 683/683/683 695/695/695 694/694/694
f 683/683/683 684/684/684 695/695/695
f 684/684/684 696/696/696 695/695/695
f 684/684/684 685/685/685 696/696/696
f 685/685/685 697/697/697 696/696/696
f 685/685/685 686/686/686 697/697/697
f 686/686/686 698/698/698 697/697/697
f 686/686/686 687/687/687 698/698/698
f 687/687/687 699/699/699 698/698/698
f 687/687/687 688/688/688 699/699/699
f 688/688/688 700/700/700 699/699/699
f 688/688/688 689/689/689 700/700/700
f 689/689/689 701/701/701 700/700/700
f 689/689/689 690/690/690 701/701/701
f 690/690/690 702/702/702 701/701/701
f 690/690/690 691/691/691 702/702/702
f 692/692/692 704/704/704 703/703/703
f 692/692/692 693/693/693 704/704/704
f 693/693/693 705/705/705 704/704/704
f 693/693/693 694/694/694 705/705/705
f 694/694/694 706/706/706 705/705/705
f 694/694/694 695/695/695 706/706/706
f 695/695/695 707/707/707 706/706/706
f 695/695/695 696/696/696 707/707/707
f 696/696/696 708/708/708 707/707/707
f 696/696/696 697/697/697 708/708/708
f 697/697/697 709/709/709 708/708/708
f 697/697/697 698/698/698 709/709/709
f 698/698/698 710/710/710 709/709/709
f 698/698/698 699/699/699 710/710/710
f 699/699/699 711/711/711 710/710/710
f 699/699/699 700/700/700 711/711/711
f 700/700/700 712/712/712 711/711/711
f 700/700/700 701/701/701 712/712/712
f 701/701/701 713/713/713 712/712/712
f 701/701/701 702/702/702 713/713/713
f 703/703/703 715/715/715 714/714/714
f 703/703/703 704/704/704 715/715/715
f 704/704/704 716/716/716 715/715/715
f 704/704/704 705/705/705 716/716/716
f 705/705/705 717/717/717 716/716/716
f 705/705/705 706/706/706 717/717/717
f 706/706/706 718/718/718 717/717/717
f 706/706/706 707/707/707 718/718/718
f 707/707/707 719/719/719 718/718/718
f 707/707/707 708/708/708 719/719/719
f 708/708/708 720/720/720 719/719/719
f 708/708/708 709/709/709 720/720/720
f 709/709/709 721/721/721 720/720/720
f 709/709/709 710/710/710 721/721/721
f 710/710/710 722/722/722 721/721/721
f 710/710/710 711/711/711 722/722/722
f 711/711/711 723/723/723 722/722/722
f 711/711/711 712/712/712 723/723/723
f 712/712/712 724/724/724 723/723/723
f 712/712/712 713/713/713 724/724/724
f 714/714/714 726/726/726 725/725/725
f 714/714/714 715/715/715 726/726/726
f 715/715/715 727/727/727 726/726/726
f 715/715/715 716/716/716 727/727/727
f 716/716/716 728/728/728 727/727/727
f 716/716/716 717/717/717 728/728/728
f 717/717/717 729/729/729 728/728/728
f 717/717/717 718/718/718 729/729/729
f 718/718/718 730/730/730 729/729/729
f 718/718/718 719/719/719 730/730/730
f 719/719/719 731/731/731 730/730/730
f 719/719/719 720/720/720 731/731/731
f 720/720/720 732/732/732 731/731/731
f 720/720/720 721/721/721 732/732/732
f 721/721/721 733/733/733 732/732/732
f 721/721/721 722/722/722 733/733/733
f 722/722/722 734/734/734 733/733/733
f 722/722/722 723/723/723 734/734/734
f 723/723/723 735/735/735 734/734/734
f 723/723/723 724/724/724 735/735/735
f 725/725/725 737/737/737 736/736/736
f 725/725/725 726/726/726 737/737/737
f 726/726/726 738/738/738 737/737/737
f 726/726/726 727/727/727 738/738/738
f 727/727/727 739/739/739 738/738/738
f 727/727/727 728/728/728 739/739/739
f 728/728/728 740/740/740 739/739/739
f 728/728/728 729/729/729 740/740/740
f 729/729/729 741/741/741 740/740/740
f 729/729/729 730/730/730 741/741/741
f 730/730/730 742/742/742 741/741/741
f 730/730/730 731/731/731 742/742/742
f 731/731/731 743/743/743 742/742/742
f 731/731/731 732/732/732 743/743/743
f 732/732/732 744/744/744 743/743/743
f 732/732/732 733/733/733 744/744/744
f 733/733/733 745/745/745 744/744/744
f 733/733/733 734/734/734 745/745/745
f 734/734/734 746/746/746 745/745/745
f 734/734/734 735/735/735 746/746/746
f 747/747/747 759/759/759 758/758/758
f 747/747/747 748/748/748 759/759/759
f 748/748/748 760/760/760 759/759/759
f 748/748/748 749/749/749 760/760/760
f 749/749/749 761/761/761 760/760/760
f 749/749/749 750/750/750 761/761/761
f 750/750/750 762/762/762 761/761/761
f 750/750/750 751/751/751 762/762/762
f 751/751/751 763/763/763 762/762/762
f 751/751/751 752/752/752 763/763/763
f 752/752/752 764/764/764 763/763/763
f 752/752/752 753/753/753 764/764/764
f 753/753/753 765/765/765 764/764/764
f 753/753/753 754/754/754 765/765/765
f 754/754/754 766/766/766 765/765/765
f 754/754/754 755/755/755 766/766/766
f 755/755/755 767/767/767 766/766/766
f 755/755/755 756/756/756 767/767/767
f 756/756/756 768/768/768 767/767/767
f 756/756/756 757/757/757 768/768/768
f 758/758/758 770/770/770 769/769/769
f 758/758/758 759/759/759 770/770/770
f 759/759/759 771/771/771 770/770/770
f 759/759/759 760/760/760 771/771/771
f 760/760/760 772/772/772 771/771/771
f 760/760/760 761/761/761 772/772/772
f 761/761/761 773/773/773 772/772/772
f 761/761/761 762/762/762 773/773/773
f 762/762/762 774/774/774 773/773/773
f 762/762/762 763/763/763 774/774/774
f 763/763/763 775/775/775 774/774/774
f 763/763/763 764/764/764 775/775/775
f 764/764/764 776/776/776 775/775/775
f 764/764/764 765/765/765 776/776/776
f 765/765/765 777/777/777 776/776/776
f 765/765/765 766/766/766 777/777/777
f 766/766/766 778/778/778 777/777/777
f 766/766/766 767/767/767 778/778/778
f 767/767/767 779/779/779 778/778/778
f 767/767/767 768/768/768 779/779/779
f 769/769/769 781/781/781 780/780/780
f 769/769/769 770/770/770 781/781/781
f 770/770/770 782/782/782 781/781/781
f 770/770/770 771/771/771 782/782/782
f 771/771/771 783/783/783 782/782/782
f 771/771/771 772/772/772 783/783/783
f 772/772/772 784/784/784 783/783/783
f 772/772/772 773/773/773 784/784/784
f 773/773/773 785/785/785 784/784/784
f 773/773/773 774/774/774 785/785/785
f 774/774/774 786/786/786 785/785/785
f 774/774/774 775/775/775 786/786/786
f 775/775/775 787/787/787 786/786/786
f 775/775/775 776/776/776 787/787/787
f 776/776/776 788/788/788 787/787/787
f 776/776/776 777/777/777 788/788/788
f 777/777/777 789/789/789 788/788/788
f 777/777/777 778/778/778 789/789/789
f 778/778/778 790/790/790 789/789/789
f 778/778/778 779/779/779 790/790/790
f 780/780/780 792/792/792 791/791/791
f 780/780/780 781/781/781 792/792/792
f 781/781/781 793/793/793 792/792/792
f 781/781/781 782/782/782 793/793/793
f 782/782/782 794/794/794 793/793/793
f 782/782/782 783/783/783 794/794/794
f 783/783/783 795/795/795 794/794/794
f 783/783/783 784/784/784 795/795/795
f 784/784/784 796/796/796 795/795/795
f 784/784/784 785/785/785 796/796/796
f 785/785/785 797/797/797 796/796/796
f 785/785/785 786/786/786 797/797/797
f 786/786/786 798/798/798 797/797/797
f 786/786/786 787/787/787 798/798/798
f 787/787/787 799/799/799 798/798/798
f 787/787/787 788/788/788 799/799/799
f 788/788/788 800/800/800 799/799/799
f 788/788/788 789/789/789 800/800/800
f 789/789/789 801/801/801 800/800/800
f 789/789/789 790/790/790 801/801/801
f 791/791/791 803/803/803 802/802/802
f 791/791/791 792/792/792 803/803/803
f 792/792/792 804/804/804 803/803/803
f 792/792/792 793/793/793 804/804/804
f 793/793/793 805/805/805 804/804/804
f 793/793/793 794/794/794 805/805/805
f 794/794/794 806/806/806 805/805/805
f 794/794/794 795/795/795 806/806/806
f 795/795/795 807/807/807 806/806/806
f 795/795/795 796/796/796 807/807/807
f 796/796/796 808/808/808 807/807/807
f 796/796/796 797/797/797 808/808/808
f 797/797/797 809/809/809 808/808/808
f 797/797/797 798/798/798 809/809/809
f 798/798/798 810/810/810 809/809/809
f 798/798/798 799/799/799 810/810/810
f 799/799/799 811/811/811 810/810/810
f 799/799/799 800/800/800 811/811/811
f 800/800/800 812/812/812 811/811/811
f 800/800/800 801/801/801 812/812/812
f 802/802/802 814/814/814 813/813/813
f 802/802/802 803/803/803 814/814/814
f 803/803/803 815/815/815 814/814/814
f 803/803/803 804/804/804 815/815/815
f 804/804/804 816/816/816 815/815/815
f 804/804/804 805/805/805 816/816/816
f 805/805/805 817/817/817 816/816/816
f 805/805/805 806/806/806 817/817/817
f 806/806/806 818/818/818 817/817/817
f 806/806/806 807/807/807 818/818/818
f 807/807/807 819/819/819 818/818/818
f 807/807/807 808/808/808 819/819/819
f 808/808/808 820/820/820 819/819/819
f 808/808/808 809/809/809 820/820/820
f 809/809/809 821/821/821 820/820/820
f 809/809/809 810/810/810 821/821/821
f 810/810/810 822/822/822 821/821/821
f 810/810/810 811/811/811 822/822/822
f 811/811/811 823/823/823 822/822/822
f 811/811/811 812/812/812 823/823/823
f 813/813/813 825/825/825 824/824/824
f 813/813/813 814/814/814 825/825/825
f 814/814/814 826/826/826 825/825/825
f 814/814/814 815/815/815 826/826/826
f 815/815/815 827/827/827 826/826/826
f 815/815/815 816/816/816 827/827/827
f 816/816/816 828/828/828 827/827/827
f 816/816/816 817/817/817 828/828/828
f 817/817/817 829/829/829 828/828/828
f 817/817/817 818/818/818 829/829/829
f 818/818/818 830/830/830 829/829/829
f 818/818/818 819/819/819 830/830/830
f 819/819/819 831/831/831 830/830/830
f 819/819/819 820/820/820 831/831/831
f 820/820/820 832/832/832 831/831/831
f 820/820/820 821/821/821 832/832/832
f 821/821/821 833/833/833 832/832/832
f 821/821/821 822/822/822 833/833/833
f 822/822/822 834/834/834 833/833/833
f 822/822/822 823/823/823 834/834/834
f 824/824/824 836/836/836 835/835/835
f 824/824/824 825/825/825 836/836/836
f 825/825/825 837/837/837 836/836/836
f 825/825/825 826/826/826 837/837/837
f 826/826/826 838/838/838 837/837/837
f 826/826/826 827/827/827 838/838/838
f 827/827/827 839/839/839 838/838/838
f 827/827/827 828/828/828 839/839/839
f 828/828/828 840/840/840 839/839/839
f 828/828/828 829/829/829 840/840/840
f 829/829/829 841/841/841 840/840/840
f 829/829/829 830/830/830 841/841/841
f 830/830/830 842/842/842 841/841/841
f 830/830/830 831/831/831 842/842/842
f 831/831/831 843/843/843 842/842/842
f 831/831/831 832/832/832 843/843/843
f 832/832/832 844/844/844 843/843/843
f 832/832/832 833/833/833 844/844/844
f 833/833/833 845/845/845 844/844/844
f 833/833/833 834/834/834 845/845/845
f 846/846/846 858/858/858 857/857/857
f 846/846/846 847/847/847 858/858/858
f 847/847/847 859/859/859 858/858/858
f 847/847/847 848/848/848 859/859/859
f 848/848/848 860/860/860 859/859/859
f 848/848/848 849/849/849 860/860/860
f 849/849/849 861/861/861 860/860/860
f 849/849/849 850/850/850 861/861/861
f 850/850/850 862/862/862 861/861/861
f 850/850/850 851/851/851 862/862/862
f 851/851/851 863/863/863 862/862/862
f 851/851/851 852/852/852 863/863/863
f 852/852/852 864/864/864 863/863/863
f 852/852/852 853/853/853 864/864/864
f 853/853/853 865/865/865 864/864/864
f 853/853/853 854/854/854 865/865/865
f 854/854/854 866/866/866 865/865/865
f 854/854/854 855/855/855 866/866/866
f 855/855/855 867/867/867 866/866/866
f 855/855/855 856/856/856 867/867/867
f 857/857/857 869/869/869 868/868/868
f 857/857/857 858/858/858 869/869/869
f 858/858/858 870/870/870 869/869/869
f 858/858/858 859/859/859 870/870/870
f 859/859/859 871/871/871 870/870/870
f 859/859/859 860/860/860 871/871/871
f 860/860/860 872/872/872 871/871/871
f 860/860/860 861/861/861 872/872/872
f 861/861/861 873/873/873 872/872/872
f 861/861/861 862/862/862 873/873/873
f 862/862/862 874/874/874 873/873/873
f 862/862/862 863/863/863 874/874/874
f 863/863/863 875/875/875 874/874/874
f 863/863/863 864/864/864 875/875/875
f 864/864/864 876/876/876 875/875/875
f 864/864/864 865/865/865 876/876/876
f 865/865/865 877/877/877 876/876/876
f 865/865/865 866/866/866 877/877/877
f 866/866/866 878/878/878 877/877/877
f 866/866/866 867/867/867 878/878/878
f 868/868/868 880/880/880 879/879/879
f 868/868/868 869/869/869 880/880/880
f 869/869/869 881/881/881 880/880/880
f 869/869/869 870/870/870 881/881/881
f 870/870/870 882/882/882 881/881/881
f 870/870/870 871/871/871 882/882/882
f 871/871/871 883/883/883 882/882/882
f 871/871/871 872/872/872 883/883/883
f 872/872/872 884/884/884 883/883/883
f 872/872/872 873/873/873 884/884/884
f 873/873/873 885/885/885 884/884/884
f 873/873/873 874/874/874 885/885/885
f 874/874/874 886/886/886 885/885/885
f 874/874/874 875/875/875 886/886/886
f 875/875/875 887/887/887 886/886/886
f 875/875/875 876/876/876 887/887/887
f 876/876/876 888/888/888 887/887/887
f 876/876/876 877/877/877 888/888/888
f 877/877/877 889/889/889 888/888/888
f 877/877/877 878/878/878 889/889/889
f 879/879/879 891/891/891 890/890/890
f 879/879/879 880/880/880 891/891/891
f 880/880/880 892/892/892 891/891/891
f 880/880/880 881/881/881 892/892/892
f 881/881/881 893/893/893 892/892/892
f 881/881/881 882/882/882 893/893/893
f 882/882/882 894/894/894 893/893/893
f 882/882/882 883/883/883 894/894/894
f 883/883/883 895/895/895 894/894/894
f 883/883/883 884/884/884 895/895/895
f 884/884/884 896/896/896 895/895/895
f 884/884/884 885/885/885 896/896/896
f 885/885/885 897/897/897 896/896/896
f 885/885/885 886/886/886 897/897/897
f 886/886/886 898/898/898 897/897/897
f 886/886/886 887/887/887 898/898/898
f 887/887/887 899/899/899 898/898/898
f 887/887/887 888/888/888 899/899/899
f 888/888/888 900/900/900 899/899/899
f 888/888/888 889/889/889 900/900/900
f 890/890/890 902/902/902 901/901/901
f 890/890/890 891/891/891 902/902/902
f 891/891/891 903/903/903 902/902/902
f 891/891/891 892/892/892 903/903/903
f 892/892/892 904/904/904 903/903/903
f 892/892/892 893/893/893 904/904/904
f 893/893/893 905/905/905 904/904/904
f 893/893/893 894/894/894 905/905/905
f 894/894/894 906/906/906 905/905/905
f 894/894/894 895/895/895 906/906/906
f 895/895/895 907/907/907 906/906/906
f 895/895/895 896/896/896 907/907/907
f 896/896/896 908/908/908 907/907/907
f 896/896/896 897/897/897 908/908/908
f 897/897/897 909/909/909 908/908/908
f 897/897/897 898/898/898 909/909/909
f 898/898/898 910/910/910 909/909/909
f 898/898/898 899/899/899 910/910/910
f 899/899/899 911/911/911 910/910/910
f 899/899/899 900/900/900 911/911/911
f 901/901/901 913/913/913 912/912/912
f 901/901/901 902/902/902 913/913/913
f 902/902/902 914/914/914 913/913/913
f 902/902/902 903/903/903 914/914/914
f 903/903/903 915/915/915 914/914/914
f 903/903/903 904/904/904 915/915/915
f 904/904/904 916/916/916 915/915/915
f 904/904/904 905/905/905 916/916/916
f 905/905/905 917/917/917 916/916/916
f 905/905/905 906/906/906 917/917/917
f 906/906/906 918/918/918 917/917/917
f 906/906/906 907/907/907 918/918/918
f 907/907/907 919/919/919 918/918/918
f 907/907/907 908/908/908 919/919/919
f 908/908/908 920/920/920 919/919/919
f 908/908/908 909/909/909 920/920/920
f 909/909/909 921/921/921 920/920/920
f 909/909/909 910/910/910 921/921/921
f 910/910/910 922/922/922 921/921/921
f 910/910/910 911/911/911 922/922/922
f 912/912/912 924/924/924 923/923/923
f 912/912/912 913/913/913 924/924/924
f 913/913/913 925/925/925 924/924/924
f 913/913/913 914/914/914 925/925/925
f 914/914/914 926/926/926 925/925/925
f 914/914/914 915/915/915 926/926/926
f 915/915/915 927/927/927 926/926/926
f 915/915/915 916/916/916 927/927/927
f 916/916/916 928/928/928 927/927/927
f 916/916/916 917/917/917 928/928/928
f 917/917/917 929/929/929 928/928/928
f 917/917/917 918/918/918 929/929/929
f 918/918/918 930/930/930 929/929/929
f 918/918/918 919/919/919 930/930/930
f 919/919/919 931/931/931 930/930/930
f 919/919/919 920/920/920 931/931/931
f 920/920/920 932/932/932 931/931/931
f 920/920/920 921/921/921 932/932/932
f 921/921/921 933/933/933 932/932/932
f 921/921/921 922/922/922 933/933/933
f 923/923/923 935/935/935 934/934/934
f 923/923/923 924/924/924 935/935/935
f 924/924/924 936/936/936 935/935/935
f 924/924/924 925/925/925 936/936/936
f 925/925/925 937/937/937 936/936/936
f 925/925/925 926/926/926 937/937/937
f 926/926/926 938/938/938 937/937/937
f 926/926/926 927/927/927 938/938/938
f 927/927/927 939/939/939 938/938/938
f 927/927/927 928/928/928 939/939/939
f 928/928/928 940/940/940 939/939/939
f 928/928/928 929/929/929 940/940/940
f 929/929/929 941/941/941 940/940/940
f 929/929/929 930/930/930 941/941/941
f 930/930/930 942/942/942 941/941/941
f 930/930/930 931/931/931 942/942/942
f 931/931/931 943/943/943 942/942/942
f 931/931/931 932/932/932 943/943/943
f 932/932/932 944/944/944 943/943/943
f 932/932/932 933/933/933 944/944/944
f 945/945/945 954/954/954 946/946/946
f 945/945/945 953/953/953 954/954/954
f 961/961/961 945/945/945 946/946/946
f 962/962/962 954/954/954 953/953/953
f 946/946/946 955/955/955 947/947/947
f 946/946/946 954/954/954 955/955/955
f 961/961/961 946/946/946 947/947/947
f 962/962/962 955/955/955 954/954/954
f 947/947/947 956/956/956 948/948/948
f 947/947/947 955/955/955 956/956/956
f 961/961/961 947/947/947 948/948/948
f 962/962/962 956/956/956 955/955/955
f 948/948/948 957/957/957 949/949/949
f 948/948/948 956/956/956 957/957/957
f 961/961/961 948/948/948 949/949/949
f 962/962/962 957/957/957 956/956/956
f 949/949/949 958/958/958 950/950/950
f 949/949/949 957/957/957 958/958/958
f 961/961/961 949/949/949 950/950/950
f 962/962/962 958/958/958 957/957/957
f 950/950/950 959/959/959 951/951/951
f 950/950/950 958/958/958 959/959/959
f 961/961/961 950/950/950 951/951/951
f 962/962/962 959/959/959 958/958/958
f 951/951/951 960/960/960 952/952/952
f 951/951/951 959/959/959 960/960/960
f 961/961/961 951/951/951 952/952/952
f 962/962/962 960/960/960 959/959/959
f 952/952/952 953/953/953 945/945/945
f 952/952/952 960/960/960 953/953/953
f 961/961/961 952/952/952 945/945/945
f 962/962/962 953/953/953 960/960/960
f 963/963/963 971/971/971 964/964/964
f 963/963/963 970/970/970 971/971/971
f 977/977/977 963/963/963 964/964/964
f 978/978/978 971/971/971 970/970/970
f 964/964/964 972/972/972 965/965/965
f 964/964/964 971/971/971 972/972/972
f 977/977/977 964/964/964 965/965/965
f 978/978/978 972/972/972 971/971/971
f 965/965/965 973/973/973 966/966/966
f 965/965/965 972/972/972 973/973/973
f 977/977/977 965/965/965 966/966/966
f 978/978/978 973/973/973 972/972/972
f 966/966/966 974/974/974 967/967/967
f 966/966/966 973/973/973 974/974/974
f 977/977/977 966/966/966 967/967/967
f 978/978/978 974/974/974 973/973/973
f 967/967/967 975/975/975 968/968/968
f 967/967/967 974/974/974 975/975/975
f 977/977/977 967/967/967 968/968/968
f 978/978/978 975/975/975 974/974/974
f 968/968/968 976/976/976 969/969/969
f 968/968/968 975/975/975 976/976/976
f 977/977/977 968/968/968 969/969/969
f 978/978/978 976/976/976 975/975/975
f 969/969/969 970/970/970 963/963/963
f 969/969/969 976/976/976 970/970/970
f 977/977/977 969/969/969 963/963/963
f 978/978/978 970/970/970 976/976/976
f 979/979/979 987/987/987 983/983/983
f 979/979/979 983/983/983 993/993/993
f 979/979/979 993/993/993 991/991/991
f 979/979/979 995/995/995 981/981/981
f 979/979/979 981/981/981 989/989/989
f 979/979/979 989/989/989 987/987/987
f 979/979/979 991/991/991 980/980/980
f 979/979/979 980/980/980 996/996/996
f 979/979/979 996/996/996 995/995/995
f 987/987/987 989/989/989 985/985/985
f 987/987/987 985/985/985 997/997/997
f 987/987/987 997/997/997 983/983/983
f 981/981/981 992/992/992 982/982/982
f 981/981/981 982/982/982 990/990/990
f 981/981/981 990/990/990 989/989/989
f 981/981/981 995/995/995 996/996/996
f 981/981/981 996/996/996 982/982/982
f 981/981/981 982/982/982 992/992/992
f 983/983/983 997/997/997 998/998/998
f 983/983/983 998/998/998 984/984/984
f 983/983/983 984/984/984 993/993/993
f 985/985/985 994/994/994 986/986/986
f 985/985/985 986/986/986 998/998/998
f 985/985/985 998/998/998 997/997/997
f 985/985/985 989/989/989 990/990/990
f 985/985/985 990/990/990 986/986/986
f 985/985/985 986/986/986 994/994/994
f 980/980/980 988/988/988 984/984/984
f 980/980/980 984/984/984 993/993/993
f 980/980/980 993/993/993 991/991/991
f 980/980/980 996/996/996 982/982/982
f 980/980/980 982/982/982 990/990/990
f 980/980/980 990/990/990 988/988/988
f 984/984/984 998/998/998 986/986/986
f 984/984/984 986/986/986 994/994/994
f 984/984/984 994/994/994 988/988/988
f 999/999/999 1011/1011/1011 1010/1010/1010
f 999/999/999 1000/1000/1000 1011/1011/1011
f 1000/1000/1000 1012/1012/1012 1011/1011/1011
f 1000/1000/1000 1001/1001/1001 1012/1012/1012
f 1001/1001/1001 1013/1013/1013 1012/1012/1012
f 1001/1001/1001 1002/1002/1002 1013/1013/1013
f 1002/1002/1002 1014/1014/1014 1013/1013/1013
f 1002/1002/1002 1003/1003/1003 1014/1014/1014
f 1003/1003/1003 1015/1015/1015 1014/1014/1014
f 1003/1003/1003 1004/1004/1004 1015/1015/1015
f 1004/1004/1004 1016/1016/1016 1015/1015/1015
f 1004/1004/1004 1005/1005/1005 1016/1016/1016
f 1005/1005/1005 1017/1017/1017 1016/1016/1016
f 1005/1005/1005 1006/1006/1006 1017/1017/1017
f 1006/1006/1006 1018/1018/1018 1017/1017/1017
f 1006/1006/1006 1007/1007/1007 1018/1018/1018
f 1007/1007/1007 1019/1019/1019 1018/1018/1018
f 1007/1007/1007 1008/1008/1008 1019/1019/1019
f 1008/1008/1008 1020/1020/1020 1019/1019/1019
f 1008/1008/1008 1009/1009/1009 1020/1020/1020
f 1010/1010/1010 1022/1022/1022 1021/1021/1021
f 1010/1010/1010 1011/1011/1011 1022/1022/1022
f 1011/1011/1011 1023/1023/1023 1022/1022/1022
f 1011/1011/1011 1012/1012/1012 1023/1023/1023
f 1012/1012/1012 1024/1024/1024 1023/1023/1023
f 1012/1012/1012 1013/1013/1013 1024/1024/1024
f 1013/1013/1013 1025/1025/1025 1024/1024/1024
f 1013/1013/1013 1014/1014/1014 1025/1025/1025
f 1014/1014/1014 1026/1026/1026 1025/1025/1025
f 1014/1014/1014 1015/1015/1015 1026/1026/1026
f 1015/1015/1015 1027/1027/1027 1026/1026/1026
f 1015/1015/1015 1016/1016/1016 1027/1027/1027
f 1016/1016/1016 1028/1028/1028 1027/1027/1027
f 1016/1016/1016 1017/1017/1017 1028/1028/1028
f 1017/1017/1017 1029/1029/1029 1028/1028/1028
f 1017/1017/1017 1018/1018/1018 1029/1029/1029
f 1018/1018/1018 1030/1030/1030 1029/1029/1029
f 1018/1018/1018 1019/1019/1019 1030/1030/1030
f 1019/1019/1019 1031/1031/1031 1030/1030/1030
f 1019/1019/1019 1020/1020/1020 1031/1031/1031
f 1021/1021/1021 1033/1033/1033 1032/1032/1032
f 1021/1021/1021 1022/1022/1022 1033/1033/1033
f 1022/1022/1022 1034/1034/1034 1033/1033/1033
f 1022/1022/1022 1023/1023/1023 1034/1034/1034
f 1023/1023/1023 1035/1035/1035 1034/1034/1034
f 1023/1023/1023 1024/1024/1024 1035/1035/1035
f 1024/1024/1024 1036/1036/1036 1035/1035/1035
f 1024/1024/1024 1025/1025/1025 1036/1036/1036
f 1025/1025/1025 1037/1037/1037 1036/1036/1036
f 1025/1025/1025 1026/1026/1026 1037/1037/1037
f 1026/1026/1026 1038/1038/1038 1037/1037/1037
f 1026/1026/1026 1027/1027/1027 1038/1038/1038
f 1027/1027/1027 1039/1039/1039 1038/1038/1038
f 1027/1027/1027 1028/1028/1028 1039/1039/1039
f 1028/1028/1028 1040/1040/1040 1039/1039/1039
f 1028/1028/1028 1029/1029/1029 1040/1040/1040
f 1029/1029/1029 1041/1041/1041 1040/1040/1040
f 1029/1029/1029 1030/1030/1030 1041/1041/1041
f 1030/1030/1030 1042/1042/1042 1041/1041/1041
f 1030/1030/1030 1031/1031/1031 1042/1042/1042
f 1032/1032/1032 1044/1044/1044 1043/1043/1043
f 1032/1032/1032 1033/1033/1033 1044/1044/1044
f 1033/1033/1033 1045/1045/1045 1044/1044/1044
f 1033/1033/1033 1034/1034/1034 1045/1045/1045
f 1034/1034/1034 1046/1046/1046 1045/1045/1045
f 1034/1034/1034 1035/1035/1035 1046/1046/1046
f 1035/1035/1035 1047/1047/1047 1046/1046/1046
f 1035/1035/1035 1036/1036/1036 1047/1047/1047
f 1036/1036/1036 1048/1048/1048 1047/1047/1047
f 1036/1036/1036 1037/1037/1037 1048/1048/1048
f 1037/1037/1037 1049/1049/1049 1048/1048/1048
f 1037/1037/1037 1038/1038/1038 1049/1049/1049
f 1038/1038/1038 1050/1050/1050 1049/1049/1049
f 1038/1038/1038 1039/1039/1039 1050/1050/1050
f 1039/1039/1039 1051/1051/1051 1050/1050/1050
f 1039/1039/1039 1040/1040/1040 1051/1051/1051
f 1040/1040/1040 1052/1052/1052 1051/1051/1051
f 1040/1040/1040 1041/1041/1041 1052/1052/1052
f 1041/1041/1041 1053/1053/1053 1052/1052/1052
f 1041/1041/1041 1042/1042/1042 1053/1053/1053
f 1043/1043/1043 1055/1055/1055 1054/1054/1054
f 1043/1043/1043 1044/1044/1044 1055/1055/1055
f 1044/1044/1044 1056/1056/1056 1055/1055/1055
f 1044/1044/1044 1045/1045/1045 1056/1056/1056
f 1045/1045/1045 1057/1057/1057 1056/1056/1056
f 1045/1045/1045 1046/1046/1046 1057/1057/1057
f 1046/1046/1046 1058/1058/1058 1057/1057/1057
f 1046/1046/1046 1047/1047/1047 1058/1058/1058
f 1047/1047/1047 1059/1059/1059 1058/1058/1058
f 1047/1047/1047 1048/1048/1048 1059/1059/1059
f 1048/1048/1048 1060/1060/1060 1059/1059/1059
f 1048/1048/1048 1049/1049/1049 1060/1060/1060
f 1049/1049/1049 1061/1061/1061 1060/1060/1060
f 1049/1049/1049 1050/1050/1050 1061/1061/1061
f 1050/1050/1050 1062/1062/1062 1061/1061/1061
f 1050/1050/1050 1051/1051/1051 1062/1062/1062
f 1051/1051/1051 1063/1063/1063 1062/1062/1062
f 1051/1051/1051 1052/1052/1052 1063/1063/1063
f 1052/1052/1052 1064/1064/1064 1063/1063/1063
f 1052/1052/1052 1053/1053/1053 1064/1064/1064
f 1054/1054/1054 1066/1066/1066 1065/1065/1065
f 1054/1054/1054 1055/1055/1055 1066/1066/1066
f 1055/1055/1055 1067/1067/1067 1066/1066/1066
f 1055/1055/1055 1056/1056/1056 1067/1067/1067
f 1056/1056/1056 1068/1068/1068 1067/1067/1067
f 1056/1056/1056 1057/1057/1057 1068/1068/1068
f 1057/1057/1057 1069/1069/1069 1068/1068/1068
f 1057/1057/1057 1058/1058/1058 1069/1069/1069
f 1058/1058/1058 1070/1070/1070 1069/1069/1069
f 1058/1058/1058 1059/1059/1059 1070/1070/1070
f 1059/1059/1059 1071/1071/1071 1070/1070/1070
f 1059/1059/1059 1060/1060/1060 1071/1071/1071
f 1060/1060/1060 1072/1072/1072 1071/1071/1071
f 1060/1060/1060 1061/1061/1061 1072/1072/1072
f 1061/1061/1061 1073/1073/1073 1072/1072/1072
f 1061/1061/1061 1062/1062/1062 1073/1073/1073
f 1062/1062/1062 1074/1074/1074 1073/1073/1073
f 1062/1062/1062 1063/1063/1063 1074/1074/1074
f 1063/1063/1063 1075/1075/1075 1074/1074/1074
f 1063/1063/1063 1064/1064/1064 1075/1075/1075
f 1065/1065/1065 1077/1077/1077 1076/1076/1076
f 1065/1065/1065 1066/1066/1066 1077/1077/1077
f 1066/1066/1066 1078/1078/1078 1077/1077/1077
f 1066/1066/1066 1067/1067/1067 1078/1078/1078
f 1067/1067/1067 1079/1079/1079 1078/1078/1078
f 1067/1067/1067 1068/1068/1068 1079/1079/1079
f 1068/1068/1068 1080/1080/1080 1079/1079/1079
f 1068/1068/1068 1069/1069/1069 1080/1080/1080
f 1069/1069/1069 1081/1081/1081 1080/1080/1080
f 1069/1069/1069 1070/1070/1070 1081/1081/1081
f 1070/1070/1070 1082/1082/1082 1081/1081/1081
f 1070/1070/1070 1071/1071/1071 1082/1082/1082
f 1071/1071/1071 1083/1083/1083 1082/1082/1082
f 1071/1071/1071 1072/1072/1072 1083/1083/1083
f 1072/1072/1072 1084/1084/1084 1083/1083/1083
f 1072/1072/1072 1073/1073/1073 1084/1084/1084
f 1073/1073/1073 1085/1085/1085 1084/1084/1084
f 1073/1073/1073 1074/1074/1074 1085/1085/1085
f 1074/1074/1074 1086/1086/1086 1085/1085/1085
f 1074/1074/1074 1075/1075/1075 1086/1086/1086
f 1076/1076/1076 1088/1088/1088 1087/1087/1087
f 1076/1076/1076 1077/1077/1077 1088/1088/1088
f 1077/1077/1077 1089/1089/1089 1088/1088/1088
f 1077/1077/1077 1078/1078/1078 1089/1089/1089
f 1078/1078/1078 1090/1090/1090 1089/1089/1089
f 1078/1078/1078 1079/1079/1079 1090/1090/1090
f 1079/1079/1079 1091/1091/1091 1090/1090/1090
f 1079/1079/1079 1080/1080/1080 1091/1091/1091
f 1080/1080/1080 1092/1092/1092 1091/1091/1091
f 1080/1080/1080 1081/1081/1081 1092/1092/1092
f 1081/1081/1081 1093/1093/1093 1092/1092/1092
f 1081/1081/1081 1082/1082/1082 1093/1093/1093
f 1082/1082/1082 1094/1094/1094 1093/1093/1093
f 1082/1082/1082 1083/1083/1083 1094/1094/1094
f 1083/1083/1083 1095/1095/1095 1094/1094/1094
f 1083/1083/1083 1084/1084/1084 1095/1095/1095
f 1084/1084/1084 1096/1096/1096 1095/1095/1095
f 1084/1084/1084 1085/1085/1085 1096/1096/1096
f 1085/1085/1085 1097/1097/1097 1096/1096/1096
f 1085/1085/1085 1086/1086/1086 1097/1097/1097
f 1098/1098/1098 1110/1110/1110 1109/1109/1109
f 1098/1098/1098 1099/1099/1099 1110/1110/1110
f 1099/1099/1099 1111/1111/1111 1110/1110/1110
f 1099/1099/1099 1100/1100/1100 1111/1111/1111
f 1100/1100/1100 1112/1112/1112 1111/1111/1111
f 1100/1100/1100 1101/1101/1101 1112/1112/1112
f 1101/1101/1101 1113/1113/1113 1112/1112/1112
f 1101/1101/1101 1102/1102/1102 1113/1113/1113
f 1102/1102/1102 1114/1114/1114 1113/1113/1113
f 1102/1102/1102 1103/1103/1103 1114/1114/1114
f 1103/1103/1103 1115/1115/1115 1114/1114/1114
f 1103/1103/1103 1104/1104/1104 1115/1115/1115
f 1104/1104/1104 1116/1116/1116 1115/1115/1115
f 1104/1104/1104 1105/1105/1105 1116/1116/1116
f 1105/1105/1105 1117/1117/1117 1116/1116/1116
f 1105/1105/1105 1106/1106/1106 1117/1117/1117
f 1106/1106/1106 1118/1118/1118 1117/1117/1117
f 1106/1106/1106 1107/1107/1107 1118/1118/1118
f 1107/1107/1107 1119/1119/1119 1118/1118/1118
f 1107/1107/1107 1108/1108/1108 1119/1119/1119
f 1109/1109/1109 1121/1121/1121 1120/1120/1120
f 1109/1109/1109 1110/1110/1110 1121/1121/1121
f 1110/1110/1110 1122/1122/1122 1121/1121/1121
f 1110/1110/1110 1111/1111/1111 1122/1122/1122
f 1111/1111/1111 1123/1123/1123 1122/1122/1122
f 1111/1111/1111 1112/1112/1112 1123/1123/1123
f 1112/1112/1112 1124/1124/1124 1123/1123/1123
f 1112/1112/1112 1113/1113/1113 1124/1124/1124
f 1113/1113/1113 1125/1125/1125 1124/1124/1124
f 1113/1113/1113 1114/1114/1114 1125/1125/1125
f 1114/1114/1114 1126/1126/1126 1125/1125/1125
f 1114/1114/1114 1115/1115/1115 1126/1126/1126
f 1115/1115/1115 1127/1127/1127 1126/1126/1126
f 1115/1115/1115 1116/1116/1116 1127/1127/1127
f 1116/1116/1116 1128/1128/1128 1127/1127/1127
f 1116/1116/1116 1117/1117/1117 1128/1128/1128
f 1117/1117/1117 1129/1129/1129 1128/1128/1128
f 1117/1117/1117 1118/1118/1118 1129/1129/1129
f 1118/1118/1118 1130/1130/1130 1129/1129/1129
f 1118/1118/1118 1119/1119/1119 1130/1130/1130
f 1120/1120/1120 1132/1132/1132 1131/1131/1131
f 1120/1120/1120 1121/1121/1121 1132/1132/1132
f 1121/1121/1121 1133/1133/1133 1132/1132/1132
f 1121/1121/1121 1122/1122/1122 1133/1133/1133
f 1122/1122/1122 1134/1134/1134 1133/1133/1133
f 1122/1122/1122 1123/1123/1123 1134/1134/1134
f 1123/1123/1123 1135/1135/1135 1134/1134/1134
f 1123/1123/1123 1124/1124/1124 1135/1135/1135
f 1124/1124/1124 1136/1136/1136 1135/1135/1135
f 1124/1124/1124 1125/1125/1125 1136/1136/1136
f 1125/1125/1125 1137/1137/1137 1136/1136/1136
f 1125/1125/1125 1126/1126/1126 1137/1137/1137
f 1126/1126/1126 1138/1138/1138 1137/1137/1137
f 1126/1126/1126 1127/1127/1127 1138/1138/1138
f 1127/1127/1127 1139/1139/1139 1138/1138/1138
f 1127/1127/1127 1128/1128/1128 1139/1139/1139
f 1128/1128/1128 1140/1140/1140 1139/1139/1139
f 1128/1128/1128 1129/1129/1129 1140/1140/1140
f 1129/1129/1129 1141/1141/1141 1140/1140/1140
f 1129/1129/1129 1130/1130/1130 1141/1141/1141
f 1131/1131/1131 1143/1143/1143 1142/1142/1142
f 1131/1131/1131 1132/1132/1132 1143/1143/1143
f 1132/1132/1132 1144/1144/1144 1143/1143/1143
f 1132/1132/1132 1133/1133/1133 1144/1144/1144
f 1133/1133/1133 1145/1145/1145 1144/1144/1144
f 1133/1133/1133 1134/1134/1134 1145/1145/1145
f 1134/1134/1134 1146/1146/1146 1145/1145/1145
f 1134/1134/1134 1135/1135/1135 1146/1146/1146
f 1135/1135/1135 1147/1147/1147 1146/1146/1146
f 1135/1135/1135 1136/1136/1136 1147/1147/1147
f 1136/1136/1136 1148/1148/1148 1147/1147/1147
f 1136/1136/1136 1137/1137/1137 1148/1148/1148
f 1137/1137/1137 1149/1149/1149 1148/1148/1148
f 1137/1137/1137 1138/1138/1138 1149/1149/1149
f 1138/1138/1138 1150/1150/1150 1149/1149/1149
f 1138/1138/1138 1139/1139/1139 1150/1150/1150
f 1139/1139/1139 1151/1151/1151 1150/1150/1150
f 1139/1139/1139 1140/1140/1140 1151/1151/1151
f 1140/1140/1140 1152/1152/1152 1151/1151/1151
f 1140/1140/1140 1141/1141/1141 1152/1152/1152
f 1142/1142/1142 1154/1154/1154 1153/1153/1153
f 1142/1142/1142 1143/1143/1143 1154/1154/1154
f 1143/1143/1143 1155/1155/1155 1154/1154/1154
f 1143/1143/1143 1144/1144/1144 1155/1155/1155
f 1144/1144/1144 1156/1156/1156 1155/1155/1155
f 1144/1144/1144 1145/1145/1145 1156/1156/1156
f 1145/1145/1145 1157/1157/1157 1156/1156/1156
f 1145/1145/1145 1146/1146/1146 1157/1157/1157
f 1146/1146/1146 1158/1158/1158 1157/1157/1157
f 1146/1146/1146 1147/1147/1147 1158/1158/1158
f 1147/1147/1147 1159/1159/1159 1158/1158/1158
f 1147/1147/1147 1148/1148/1148 1159/1159/1159
f 1148/1148/1148 1160/1160/1160 1159/1159/1159
f 1148/1148/1148 1149/1149/1149 1160/1160/1160
f 1149/1149/1149 1161/1161/1161 1160/1160/1160
f 1149/1149/1149 1150/1150/1150 1161/1161/1161
f 1150/1150/1150 1162/1162/1162 1161/1161/1161
f 1150/1150/1150 1151/1151/1151 1162/1162/1162
f 1151/1151/1151 1163/1163/1163 1162/1162/1162
f 1151/1151/1151 1152/1152/1152 1163/1163/1163
f 1153/1153/1153 1165/1165/1165 1164/1164/1164
f 1153/1153/1153 1154/1154/1154 1165/1165/1165
f 1154/1154/1154 1166/1166/1166 1165/1165/1165
f 1154/1154/1154 1155/1155/1155 1166/1166/1166
f 1155/1155/1155 1167/1167/1167 1166/1166/1166
f 1155/1155/1155 1156/1156/1156 1167/1167/1167
f 1156/1156/1156 1168/1168/1168 1167/1167/1167
f 1156/1156/1156 1157/1157/1157 1168/1168/1168
f 1157/1157/1157 1169/1169/1169 1168/1168/1168
f 1157/1157/1157 1158/1158/1158 1169/1169/1169
f 1158/1158/1158 1170/1170/1170 1169/1169/1169
f 1158/1158/1158 1159/1159/1159 1170/1170/1170
f 1159/1159/1159 1171/1171/1171 1170/1170/1170
f 1159/1159/1159 1160/1160/1160 1171/1171/1171
f 1160/1160/1160 1172/1172/1172 1171/1171/1171
f 1160/1160/1160 1161/1161/1161 1172/1172/1172
f 1161/1161/1161 1173/1173/1173 1172/1172/1172
f 1161/1161/1161 1162/1162/1162 1173/1173/1173
f 1162/1162/1162 1174/1174/1174 1173/1173/1173
f 1162/1162/1162 1163/1163/1163 1174/1174/1174
f 1164/1164/1164 1176/1176/1176 1175/1175/1175
f 1164/1164/1164 1165/1165/1165 1176/1176/1176
f 1165/1165/1165 1177/1177/1177 1176/1176/1176
f 1165/1165/1165 1166/1166/1166 1177/1177/1177
f 1166/1166/1166 1178/1178/1178 1177/1177/1177
f 1166/1166/1166 1167/1167/1167 1178/1178/1178
f 1167/1167/1167 1179/1179/1179 1178/1178/1178
f 1167/1167/1167 1168/1168/1168 1179/1179/1179
f 1168/1168/1168 1180/1180/1180 1179/1179/1179
f 1168/1168/1168 1169/1169/1169 1180/1180/1180
f 1169/1169/1169 1181/1181/1181 1180/1180/1180
f 1169/1169/1169 1170/1170/1170 1181/1181/1181
f 1170/1170/1170 1182/1182/1182 1181/1181/1181
f 1170/1170/1170 1171/1171/1171 1182/1182/1182
f 1171/1171/1171 1183/1183/1183 1182/1182/1182
f 1171/1171/1171 1172/1172/1172 1183/1183/1183
f 1172/1172/1172 1184/1184/1184 1183/1183/1183
f 1172/1172/1172 1173/1173/1173 1184/1184/1184
f 1173/1173/1173 1185/1185/1185 1184/1184/1184
f 1173/1173/1173 1174/1174/1174 1185/1185/1185
f 1175/1175/1175 1187/1187/1187 1186/1186/1186
f 1175/1175/1175 1176/1176/1176 1187/1187/1187
f 1176/1176/1176 1188/1188/1188 1187/1187/1187
f 1176/1176/1176 1177/1177/1177 1188/1188/1188
f 1177/1177/1177 1189/1189/1189 1188/1188/1188
f 1177/1177/1177 1178/1178/1178 1189/1189/1189
f 1178/1178/1178 1190/1190/1190 1189/1189/1189
f 1178/1178/1178 1179/1179/1179 1190/1190/1190
f 1179/1179/1179 1191/1191/1191 1190/1190/1190
f 1179/1179/1179 1180/1180/1180 1191/1191/1191
f 1180/1180/1180 1192/1192/1192 1191/1191/1191
f 1180/1180/1180 1181/1181/1181 1192/1192/1192
f 1181/1181/1181 1193/1193/1193 1192/1192/1192
f 1181/1181/1181 1182/1182/1182 1193/1193/1193
f 1182/1182/1182 1194/1194/1194 1193/1193/1193
f 1182/1182/1182 1183/1183/1183 1194/1194/1194
f 1183/1183/1183 1195/1195/1195 1194/1194/1194
f 1183/1183/1183 1184/1184/1184 1195/1195/1195
f 1184/1184/1184 1196/1196/1196 1195/1195/1195
f 1184/1184/1184 1185/1185/1185 1196/1196/1196
f 1197/1197/1197 1209/1209/1209 1208/1208/1208
f 1197/1197/1197 1198/1198/1198 1209/1209/1209
f 1198/1198/1198 1210/1210/1210 1209/1209/1209
f 1198/1198/1198 1199/1199/1199 1210/1210/1210
f 1199/1199/1199 1211/1211/1211 1210/1210/1210
f 1199/1199/1199 1200/1200/1200 1211/1211/1211
f 1200/1200/1200 1212/1212/1212 1211/1211/1211
f 1200/1200/1200 1201/1201/1201 1212/1212/1212
f 1201/1201/1201 1213/1213/1213 1212/1212/1212
f 1201/1201/1201 1202/1202/1202 1213/1213/1213
f 1202/1202/1202 1214/1214/1214 1213/1213/1213
f 1202/1202/1202 1203/1203/1203 1214/1214/1214
f 1203/1203/1203 1215/1215/1215 1214/1214/1214
f 1203/1203/1203 1204/1204/1204 1215/1215/1215
f 1204/1204/1204 1216/1216/1216 1215/1215/1215
f 1204/1204/1204 1205/1205/1205 1216/1216/1216
f 1205/1205/1205 1217/1217/1217 1216/1216/1216
f 1205/1205/1205 1206/1206/1206 1217/1217/1217
f 1206/1206/1206 1218/1218/1218 1217/1217/1217
f 1206/1206/1206 1207/1207/1207 1218/1218/1218
f 1208/1208/1208 1220/1220/1220 1219/1219/1219
f 1208/1208/1208 1209/1209/1209 1220/1220/1220
f 1209/1209/1209 1221/1221/1221 1220/1220/1220
f 1209/1209/1209 1210/1210/1210 1221/1221/1221
f 1210/1210/1210 1222/1222/1222 1221/1221/1221
f 1210/1210/1210 1211/1211/1211 1222/1222/1222
f 1211/1211/1211 1223/1223/1223 1222/1222/1222
f 1211/1211/1211 1212/1212/1212 1223/1223/1223
f 1212/1212/1212 1224/1224/1224 1223/1223/1223
f 1212/1212/1212 1213/1213/1213 1224/1224/1224
f 1213/1213/1213 1225/1225/1225 1224/1224/1224
f 1213/1213/1213 1214/1214/1214 1225/1225/1225
f 1214/1214/1214 1226/1226/1226 1225/1225/1225
f 1214/1214/1214 1215/1215/1215 1226/1226/1226
f 1215/1215/1215 1227/1227/1227 1226/1226/1226
f 1215/1215/1215 1216/1216/1216 1227/1227/1227
f 1216/1216/1216 1228/1228/1228 1227/1227/1227
f 1216/1216/1216 1217/1217/1217 1228/1228/1228
f 1217/1217/1217 1229/1229/1229 1228/1228/1228
f 1217/1217/1217 1218/1218/1218 1229/1229/1229
f 1219/1219/1219 1231/1231/1231 1230/1230/1230
f 1219/1219/1219 1220/1220/1220 1231/1231/1231
f 1220/1220/1220 1232/1232/1232 1231/1231/1231
f 1220/1220/1220 1221/1221/1221 1232/1232/1232
f 1221/1221/1221 1233/1233/1233 1232/1232/1232
f 1221/1221/1221 1222/1222/1222 1233/1233/1233
f 1222/1222/1222 1234/1234/1234 1233/1233/1233
f 1222/1222/1222 1223/1223/1223 1234/1234/1234
f 1223/1223/1223 1235/1235/1235 1234/1234/1234
f 1223/1223/1223 1224/1224/1224 1235/1235/1235
f 1224/1224/1224 1236/1236/1236 1235/1235/1235
f 1224/1224/1224 1225/1225/1225 1236/1236/1236
f 1225/1225/1225 1237/1237/1237 1236/1236/1236
f 1225/1225/1225 1226/1226/1226 1237/1237/1237
f 1226/1226/1226 1238/1238/1238 1237/1237/1237
f 1226/1226/1226 1227/1227/1227 1238/1238/1238
f 1227/1227/1227 1239/1239/1239 1238/1238/1238
f 1227/1227/1227 1228/1228/1228 1239/1239/1239
f 1228/1228/1228 1240/1240/1240 1239/1239/1239
f 1228/1228/1228 1229/1229/1229 1240/1240/1240
f 1230/1230/1230 1242/1242/1242 1241/1241/1241
f 1230/1230/1230 1231/1231/1231 1242/1242/1242
f 1231/1231/1231 1243/1243/1243 1242/1242/1242
f 1231/1231/1231 1232/1232/1232 1243/1243/1243
f 1232/1232/1232 1244/1244/1244 1243/1243/1243
f 1232/1232/1232 1233/1233/1233 1244/1244/1244
f 1233/1233/1233 1245/1245/1245 1244/1244/1244
f 1233/1233/1233 1234/1234/1234 1245/1245/1245
f 1234/1234/1234 1246/1246/1246 1245/1245/1245
f 1234/1234/1234 1235/1235/1235 1246/1246/1246
f 1235/1235/1235 1247/1247/1247 1246/1246/1246
f 1235/1235/1235 1236/1236/1236 1247/1247/1247
f 1236/1236/1236 1248/1248/1248 1247/1247/1247
f 1236/1236/1236 1237/1237/1237 1248/1248/1248
f 1237/1237/1237 1249/1249/1249 1248/1248/1248
f 1237/1237/1237 1238/1238/1238 1249/1249/1249
f 1238/1238/1238 1250/1250/1250 1249/1249/1249
f 1238/1238/1238 1239/1239/1239 1250/1250/1250
f 1239/1239/1239 1251/1251/1251 1250/1250/1250
f 1239/1239/1239 1240/1240/1240 1251/1251/1251
f 1241/1241/1241 1253/1253/1253 1252/1252/1252
f 1241/1241/1241 1242/1242/1242 1253/1253/1253
f 1242/1242/1242 1254/1254/1254 1253/1253/1253
f 1242/1242/1242 1243/1243/1243 1254/1254/1254
f 1243/1243/1243 1255/1255/1255 1254/1254/1254
f 1243/1243/1243 1244/1244/1244 1255/1255/1255
f 1244/1244/1244 1256/1256/1256 1255/1255/1255
f 1244/1244/1244 1245/1245/1245 1256/1256/1256
f 1245/1245/1245 1257/1257/1257 1256/1256/1256
f 1245/1245/1245 1246/1246/1246 1257/1257/1257
f 1246/1246/1246 1258/1258/1258 1257/1257/1257
f 1246/1246/1246 1247/1247/1247 1258/1258/1258
f 1247/1247/1247 1259/1259/1259 1258/1258/1258
f 1247/1247/1247 1248/1248/1248 1259/1259/1259
f 1248/1248/1248 1260/1260/1260 1259/1259/1259
f 1248/1248/1248 1249/1249/1249 1260/1260/1260
f 1249/1249/1249 1261/1261/1261 1260/1260/1260
f 1249/1249/1249 1250/1250/1250 1261/1261/1261
f 1250/1250/1250 1262/1262/1262 1261/1261/1261
f 1250/1250/1250 1251/1251/1251 1262/1262/1262
f 1252/1252/1252 1264/1264/1264 1263/1263/1263
f 1252/1252/1252 1253/1253/1253 1264/1264/1264
f 1253/1253/1253 1265/1265/1265 1264/1264/1264
f 1253/1253/1253 1254/1254/1254 1265/1265/1265
f 1254/1254/1254 1266/1266/1266 1265/1265/1265
f 1254/1254/1254 1255/1255/1255 1266/1266/1266
f 1255/1255/1255 1267/1267/1267 1266/1266/1266
f 1255/1255/1255 1256/1256/1256 1267/1267/1267
f 1256/1256/1256 1268/1268/1268 1267/1267/1267
f 1256/1256/1256 1257/1257/1257 1268/1268/1268
f 1257/1257/1257 1269/1269/1269 1268/1268/1268
f 1257/1257/1257 1258/1258/1258 1269/1269/1269
f 1258/1258/1258 1270/1270/1270 1269/1269/1269
f 1258/1258/1258 1259/1259/1259 1270/1270/1270
f 1259/1259/1259 1271/1271/1271 1270/1270/1270
f 1259/1259/1259 1260/1260/1260 1271/1271/1271
f 1260/1260/1260 1272/1272/1272 1271/1271/1271
f 1260/1260/1260 1261/1261/1261 1272/1272/1272
f 1261/1261/1261 1273/1273/1273 1272/1272/1272
f 1261/1261/1261 1262/1262/1262 1273/1273/1273
f 1263/1263/1263 1275/1275/1275 1274/1274/1274
f 1263/1263/1263 1264/1264/1264 1275/1275/1275
f 1264/1264/1264 1276/1276/1276 1275/1275/1275
f 1264/1264/1264 1265/1265/1265 1276/1276/1276
f 1265/1265/1265 1277/1277/1277 1276/1276/1276
f 1265/1265/1265 1266/1266/1266 1277/1277/1277
f 1266/1266/1266 1278/1278/1278 1277/1277/1277
f 1266/1266/1266 1267/1267/1267 1278/1278/1278
f 1267/1267/1267 1279/1279/1279 1278/1278/1278
f 1267/1267/1267 1268/1268/1268 1279/1279/1279
f 1268/1268/1268 1280/1280/1280 1279/1279/1279
f 1268/1268/1268 1269/1269/1269 1280/1280/1280
f 1269/1269/1269 1281/1281/1281 1280/1280/1280
f 1269/1269/1269 1270/1270/1270 1281/1281/1281
f 1270/1270/1270 1282/1282/1282 1281/1281/1281
f 1270/1270/1270 1271/1271/1271 1282/1282/1282
f 1271/1271/1271 1283/1283/1283 1282/1282/1282
f 1271/1271/1271 1272/1272/1272 1283/1283/1283
f 1272/1272/1272 1284/1284/1284 1283/1283/1283
f 1272/1272/1272 1273/1273/1273 1284/1284/1284
f 1274/1274/1274 1286/1286/1286 1285/1285/1285
f 1274/1274/1274 1275/1275/1275 1286/1286/1286
f 1275/1275/1275 1287/1287/1287 1286/1286/1286
f 1275/1275/1275 1276/1276/1276 1287/1287/1287
f 1276/1276/1276 1288/1288/1288 1287/1287/1287
f 1276/1276/1276 1277/1277/1277 1288/1288/1288
f 1277/1277/1277 1289/1289/1289 1288/1288/1288
f 1277/1277/1277 1278/1278/1278 1289/1289/1289
f 1278/1278/1278 1290/1290/1290 1289/1289/1289
f 1278/1278/1278 1279/1279/1279 1290/1290/1290
f 1279/1279/1279 1291/1291/1291 1290/1290/1290
f 1279/1279/1279 1280/1280/1280 1291/1291/1291
f 1280/1280/1280 1292/1292/1292 1291/1291/1291
f 1280/1280/1280 1281/1281/1281 1292/1292/1292
f 1281/1281/1281 1293/1293/1293 1292/1292/1292
f 1281/1281/1281 1282/1282/1282 1293/1293/1293
f 1282/1282/1282 1294/1294/1294 1293/1293/1293
f 1282/1282/1282 1283/1283/1283 1294/1294/1294
f 1283/1283/1283 1295/1295/1295 1294/1294/1294
f 1283/1283/1283 1284/1284/1284 1295/1295/1295
f 1296/1296/1296 1308/1308/1308 1307/1307/1307
f 1296/1296/1296 1297/1297/1297 1308/1308/1308
f 1297/1297/1297 1309/1309/1309 1308/1308/1308
f 1297/1297/1297 1298/1298/1298 1309/1309/1309
f 1298/1298/1298 1310/1310/1310 1309/1309/1309
f 1298/1298/1298 1299/1299/1299 1310/1310/1310
f 1299/1299/1299 1311/1311/1311 1310/1310/1310
f 1299/1299/1299 1300/1300/1300 1311/1311/1311
f 1300/1300/1300 1312/1312/1312 1311/1311/1311
f 1300/1300/1300 1301/1301/1301 1312/1312/1312
f 1301/1301/1301 1313/1313/1313 1312/1312/1312
f 1301/1301/1301 1302/1302/1302 1313/1313/1313
f 1302/1302/1302 1314/1314/1314 1313/1313/1313
f 1302/1302/1302 1303/1303/1303 1314/1314/1314
f 1303/1303/1303 1315/1315/1315 1314/1314/1314
f 1303/1303/1303 1304/1304/1304 1315/1315/1315
f 1304/1304/1304 1316/1316/1316 1315/1315/1315
f 1304/1304/1304 1305/1305/1305 1316/1316/1316
f 1305/1305/1305 1317/1317/1317 1316/1316/1316
f 1305/1305/1305 1306/1306/1306 1317/1317/1317
f 1307/1307/1307 1319/1319/1319 1318/1318/1318
f 1307/1307/1307 1308/1308/1308 1319/1319/1319
f 1308/1308/1308 1320/1320/1320 1319/1319/1319
f 1308/1308/1308 1309/1309/1309 1320/1320/1320
f 1309/1309/1309 1321/1321/1321 1320/1320/1320
f 1309/1309/1309 1310/1310/1310 1321/1321/1321
f 1310/1310/1310 1322/1322/1322 1321/1321/1321
f 1310/1310/1310 1311/1311/1311 1322/1322/1322
f 1311/1311/1311 1323/1323/1323 1322/1322/1322
f 1311/1311/1311 1312/1312/1312 1323/1323/1323
f 1312/1312/1312 1324/1324/1324 1323/1323/1323
f 1312/1312/1312 1313/1313/1313 1324/1324/1324
f 1313/1313/1313 1325/1325/1325 1324/1324/1324
f 1313/1313/1313 1314/1314/1314 1325/1325/1325
f 1314/1314/1314 1326/1326/1326 1325/1325/1325
f 1314/1314/1314 1315/1315/1315 1326/1326/1326
f 1315/1315/1315 1327/1327/1327 1326/1326/1326
f 1315/1315/1315 1316/1316/1316 1327/1327/1327
f 1316/1316/1316 1328/1328/1328 1327/1327/1327
f 1316/1316/1316 1317/1317/1317 1328/1328/1328
f 1318/1318/1318 1330/1330/1330 1329/1329/1329
f 1318/1318/1318 1319/1319/1319 1330/1330/1330
f 1319/1319/1319 1331/1331/1331 1330/1330/1330
f 1319/1319/1319 1320/1320/1320 1331/1331/1331
f 1320/1320/1320 1332/1332/1332 1331/1331/1331
f 1320/1320/1320 1321/1321/1321 1332/1332/1332
f 1321/1321/1321 1333/1333/1333 1332/1332/1332
f 1321/1321/1321 1322/1322/1322 1333/1333/1333
f 1322/1322/1322 1334/1334/1334 1333/1333/1333
f 1322/1322/1322 1323/1323/1323 1334/1334/1334
f 1323/1323/1323 1335/1335/1335 1334/1334/1334
f 1323/1323/1323 1324/1324/1324 1335/1335/1335
f 1324/1324/1324 1336/1336/1336 1335/1335/1335
f 1324/1324/1324 1325/1325/1325 1336/1336/1336
f 1325/1325/1325 1337/1337/1337 1336/1336/1336
f 1325/1325/1325 1326/1326/1326 1337/1337/1337
f 1326/1326/1326 1338/1338/1338 1337/1337/1337
f 1326/1326/1326 1327/1327/1327 1338/1338/1338
f 1327/1327/1327 1339/1339/1339 1338/1338/1338
f 1327/1327/1327 1328/1328/1328 1339/1339/1339
f 1329/1329/1329 1341/1341/1341 1340/1340/1340
f 1329/1329/1329 1330/1330/1330 1341/1341/1341
f 1330/1330/1330 1342/1342/1342 1341/1341/1341
f 1330/1330/1330 1331/1331/1331 1342/1342/1342
f 1331/1331/1331 1343/1343/1343 1342/1342/1342
f 1331/1331/1331 1332/1332/1332 1343/1343/1343
f 1332/1332/1332 1344/1344/1344 1343/1343/1343
f 1332/1332/1332 1333/1333/1333 1344/1344/1344
f 1333/1333/1333 1345/1345/1345 1344/1344/1344
f 1333/1333/1333 1334/1334/1334 1345/1345/1345
f 1334/1334/1334 1346/1346/1346 1345/1345/1345
f 1334/1334/1334 1335/1335/1335 1346/1346/1346
f 1335/1335/1335 1347/1347/1347 1346/1346/1346
f 1335/1335/1335 1336/1336/1336 1347/1347/1347
f 1336/1336/1336 1348/1348/1348 1347/1347/1347
f 1336/1336/1336 1337/1337/1337 1348/1348/1348
f 1337/1337/1337 1349/1349/1349 1348/1348/1348
f 1337/1337/1337 1338/1338/1338 1349/1349/1349
f 1338/1338/1338 1350/1350/1350 1349/1349/1349
f 1338/1338/1338 1339/1339/1339 1350/1350/1350
f 1340/1340/1340 1352/1352/1352 1351/1351/1351
f 1340/1340/1340 1341/1341/1341 1352/1352/1352
f 1341/1341/1341 1353/1353/1353 1352/1352/1352
f 1341/1341/1341 1342/1342/1342 1353/1353/1353
f 1342/1342/1342 1354/1354/1354 1353/1353/1353
f 1342/1342/1342 1343/1343/1343 1354/1354/1354
f 1343/1343/1343 1355/1355/1355 1354/1354/1354
f 1343/1343/1343 1344/1344/1344 1355/1355/1355
f 1344/1344/1344 1356/1356/1356 1355/1355/1355
f 1344/1344/1344 1345/1345/1345 1356/1356/1356
f 1345/1345/1345 1357/1357/1357 1356/1356/1356
f 1345/1345/1345 1346/1346/1346 1357/1357/1357
f 1346/1346/1346 1358/1358/1358 1357/1357/1357
f 1346/1346/1346 1347/1347/1347 1358/1358/1358
f 1347/1347/1347 1359/1359/1359 1358/1358/1358
f 1347/1347/1347 1348/1348/1348 1359/1359/1359
f 1348/1348/1348 1360/1360/1360 1359/1359/1359
f 1348/1348/1348 1349/1349/1349 1360/1360/1360
f 1349/1349/1349 1361/1361/1361 1360/1360/1360
f 1349/1349/1349 1350/1350/1350 1361/1361/1361
f 1351/1351/1351 1363/1363/1363 1362/1362/1362
f 1351/1351/1351 1352/1352/1352 1363/1363/1363
f 1352/1352/1352 1364/1364/1364 1363/1363/1363
f 1352/1352/1352 1353/1353/1353 1364/1364/1364
f 1353/1353/1353 1365/1365/1365 1364/1364/1364
f 1353/1353/1353 1354/1354/1354 1365/1365/1365
f 1354/1354/1354 1366/1366/1366 1365/1365/1365
f 1354/1354/1354 1355/1355/1355 1366/1366/1366
f 1355/1355/1355 1367/1367/1367 1366/1366/1366
f 1355/1355/1355 1356/1356/1356 1367/1367/1367
f 1356/1356/1356 1368/1368/1368 1367/1367/1367
f 1356/1356/1356 1357/1357/1357 1368/1368/1368
f 1357/1357/1357 1369/1369/1369 1368/1368/1368
f 1357/1357/1357 1358/1358/1358 1369/1369/1369
f 1358/1358/1358 1370/1370/1370 1369/1369/1369
f 1358/1358/1358 1359/1359/1359 1370/1370/1370
f 1359/1359/1359 1371/1371/1371 1370/1370/1370
f 1359/1359/1359 1360/1360/1360 1371/1371/1371
f 1360/1360/1360 1372/1372/1372 1371/1371/1371
f 1360/1360/1360 1361/1361/1361 1372/1372/1372
f 1362/1362/1362 1374/1374/1374 1373/1373/1373
f 1362/1362/1362 1363/1363/1363 1374/1374/1374
f 1363/1363/1363 1375/1375/1375 1374/1374/1374
f 1363/1363/1363 1364/1364/1364 1375/1375/1375
f 1364/1364/1364 1376/1376/1376 1375/1375/1375
f 1364/1364/1364 1365/1365/1365 1376/1376/1376
f 1365/1365/1365 1377/1377/1377 1376/1376/1376
f 1365/1365/1365 1366/1366/1366 1377/1377/1377
f 1366/1366/1366 1378/1378/1378 1377/1377/1377
f 1366/1366/1366 1367/1367/1367 1378/1378/1378
f 1367/1367/1367 1379/1379/1379 1378/1378/1378
f 1367/1367/1367 1368/1368/1368 1379/1379/1379
f 1368/1368/1368 1380/1380/1380 1379/1379/1379
f 1368/1368/1368 1369/1369/1369 1380/1380/1380
f 1369/1369/1369 1381/1381/1381 1380/1380/1380
f 1369/1369/1369 1370/1370/1370 1381/1381/1381
f 1370/1370/1370 1382/1382/1382 1381/1381/1381
f 1370/1370/1370 1371/1371/1371 1382/1382/1382
f 1371/1371/1371 1383/1383/1383 1382/1382/1382
f 1371/1371/1371 1372/1372/1372 1383/1383/1383
f 1373/1373/1373 1385/1385/1385 1384/1384/1384
f 1373/1373/1373 1374/1374/1374 1385/1385/1385
f 1374/1374/1374 1386/1386/1386 1385/1385/1385
f 1374/1374/1374 1375/1375/1375 1386/1386/1386
f 1375/1375/1375 1387/1387/1387 1386/1386/1386
f 1375/1375/1375 1376/1376/1376 1387/1387/1387
f 1376/1376/1376 1388/1388/1388 1387/1387/1387
f 1376/1376/1376 1377/1377/1377 1388/1388/1388
f 1377/1377/1377 1389/1389/1389 1388/1388/1388
f 1377/1377/1377 1378/1378/1378 1389/1389/1389
f 1378/1378/1378 1390/1390/1390 1389/1389/1389
f 1378/1378/1378 1379/1379/1379 1390/1390/1390
f 1379/1379/1379 1391/1391/1391 1390/1390/1390
f 1379/1379/1379 1380/1380/1380 1391/1391/1391
f 1380/1380/1380 1392/1392/1392 1391/1391/1391
f 1380/1380/1380 1381/1381/1381 1392/1392/1392
f 1381/1381/1381 1393/1393/1393 1392/1392/1392
f 1381/1381/1381 1382/1382/1382 1393/1393/1393
f 1382/1382/1382 1394/1394/1394 1393/1393/1393
f 1382/1382/1382 1383/1383/1383 1394/1394/1394
f 1395/1395/1395 1404/1404/1404 1396/1396/1396
f 1395/1395/1395 1403/1403/1403 1404/1404/1404
f 1411/1411/1411 1395/1395/1395 1396/1396/1396
f 1412/1412/1412 1404/1404/1404 1403/1403/1403
f 1396/1396/1396 1405/1405/1405 1397/1397/1397
f 1396/1396/1396 1404/1404/1404 1405/1405/1405
f 1411/1411/1411 1396/1396/1396 1397/1397/1397
f 1412/1412/1412 1405/1405/1405 1404/1404/1404
f 1397/1397/1397 1406/1406/1406 1398/1398/1398
f 1397/1397/1397 1405/1405/1405 1406/1406/1406
f 1411/1411/1411 1397/1397/1397 1398/1398/1398
f 1412/1412/1412 1406/1406/1406 1405/1405/1405
f 1398/1398/1398 1407/1407/1407 1399/1399/1399
f 1398/1398/1398 1406/1406/1406 1407/1407/1407
f 1411/1411/1411 1398/1398/1398 1399/1399/1399
f 1412/1412/1412 1407/1407/1407 1406/1406/1406
f 1399/1399/1399 1408/1408/1408 1400/1400/1400
f 1399/1399/1399 1407/1407/1407 1408/1408/1408
f 1411/1411/1411 1399/1399/1399 1400/1400/1400
f 1412/1412/1412 1408/1408/1408 1407/1407/1407
f 1400/1400/1400 1409/1409/1409 1401/1401/1401
f 1400/1400/1400 1408/1408/1408 1409/1409/1409
f 1411/1411/1411 1400/1400/1400 1401/1401/1401
f 1412/1412/1412 1409/1409/1409 1408/1408/1408
f 1401/1401/1401 1410/1410/1410 1402/1402/1402
f 1401/1401/1401 1409/1409/1409 1410/1410/1410
f 1411/1411/1411 1401/1401/1401 1402/1402/1402
f 1412/1412/1412 1410/1410/1410 1409/1409/1409
f 1402/1402/1402 1403/1403/1403 1395/1395/1395
f 1402/1402/1402 1410/1410/1410 1403/1403/1403
f 1411/1411/1411 1402/1402/1402 1395/1395/1395
f 1412/1412/1412 1403/1403/1403 1410/1410/1410
f 1413/1413/1413 1421/1421/1421 1414/1414/1414
f 1413/1413/1413 1420/1420/1420 1421/1421/1421
f 1427/1427/1427 1413/1413/1413 1414/1414/1414
f 1428/1428/1428 1421/1421/1421 1420/1420/1420
f 1414/1414/1414 1422/1422/1422 1415/1415/1415
f 1414/1414/1414 1421/1421/1421 1422/1422/1422
f 1427/1427/1427 1414/1414/1414 1415/1415/1415
f 1428/1428/1428 1422/1422/1422 1421/1421/1421
f 1415/1415/1415 1423/1423/1423 1416/1416/1416
f 1415/1415/1415 1422/1422/1422 1423/1423/1423
f 1427/1427/1427 1415/1415/1415 1416/1416/1416
f 1428/1428/1428 1423/1423/1423 1422/1422/1422
f 1416/1416/1416 1424/1424/1424 1417/1417/1417
f 1416/1416/1416 1423/1423/1423 1424/1424/1424
f 1427/1427/1427 1416/1416/1416 1417/1417/1417
f 1428/1428/1428 1424/1424/1424 1423/1423/1423
f 1417/1417/1417 1425/1425/1425 1418/1418/1418
f 1417/1417/1417 1424/1424/1424 1425/1425/1425
f 1427/1427/1427 1417/1417/1417 1418/1418/1418
f 1428/1428/1428 1425/1425/1425 1424/1424/1424
f 1418/1418/1418 1426/1426/1426 1419/1419/1419
f 1418/1418/1418 1425/1425/1425 1426/1426/1426
f 1427/1427/1427 1418/1418/1418 1419/1419/1419
f 1428/1428/1428 1426/1426/1426 1425/1425/1425
f 1419/1419/1419 1420/1420/1420 1413/1413/1413
f 1419/1419/1419 1426/1426/1426 1420/1420/1420
f 1427/1427/1427 1419/1419/1419 1413/1413/1413
f 1428/1428/1428 1420/1420/1420 1426/1426/1426
f 1429/1429/1429 1437/1437/1437 1433/1433/1433
f 1429/1429/1429 1433/1433/1433 1443/1443/1443
f 1429/1429/1429 1443/1443/1443 1441/1441/1441
f 1429/1429/1429 1445/1445/1445 1431/1431/1431
f 1429/1429/1429 1431/1431/1431 1439/1439/1439
f 1429/1429/1429 1439/1439/1439 1437/1437/1437
f 1429/1429/1429 1441/1441/1441 1430/1430/1430
f 1429/1429/1429 1430/1430/1430 1446/1446/1446
f 1429/1429/1429 1446/1446/1446 1445/1445/1445
f 1437/1437/1437 1439/1439/1439 1435/1435/1435
f 1437/1437/1437 1435/1435/1435 1447/1447/1447
f 1437/1437/1437 1447/1447/1447 1433/1433/1433
f 1431/1431/1431 1442/1442/1442 1432/1432/1432
f 1431/1431/1431 1432/1432/1432 1440/1440/1440
f 1431/1431/1431 1440/1440/1440 1439/1439/1439
f 1431/1431/1431 1445/1445/1445 1446/1446/1446
f 1431/1431/1431 1446/1446/1446 1432/1432/1432
f 1431/1431/1431 1432/1432/1432 1442/1442/1442
f 1433/1433/1433 1447/1447/1447 1448/1448/1448
f 1433/1433/1433 1448/1448/1448 1434/1434/1434
f 1433/1433/1433 1434/1434/1434 1443/1443/1443
f 1435/1435/1435 1444/1444/1444 1436/1436/1436
f 1435/1435/1435 1436/1436/1436 1448/1448/1448
f 1435/1435/1435 1448/1448/1448 1447/1447/1447
f 1435/1435/1435 1439/1439/1439 1440/1440/1440
f 1435/1435/1435 1440/1440/1440 1436/1436/1436
f 1435/1435/1435 1436/1436/1436 1444/1444/1444
f 1430/1430/1430 1438/1438/1438 1434/1434/1434
f 1430/1430/1430 1434/1434/1434 1443/1443/1443
f 1430/1430/1430 1443/1443/1443 1441/1441/1441
f 1430/1430/1430 1446/1446/1446 1432/1432/1432
f 1430/1430/1430 1432/1432/1432 1440/1440/1440
f 1430/1430/1430 1440/1440/1440 1438/1438/1438
f 1434/1434/1434 1448/1448/1448 1436/1436/1436
f 1434/1434/1434 1436/1436/1436 1444/1444/1444
f 1434/1434/1434 1444/1444/1444 1438/1438/1438
f 1449/1449/1449 1461/1461/1461 1460/1460/1460
f 1449/1449/1449 1450/1450/1450 1461/1461/1461
f 1450/1450/1450 1462/1462/1462 1461/1461/1461
f 1450/1450/1450 1451/1451/1451 1462/1462/1462
f 1451/1451/1451 1463/1463/1463 1462/1462/1462
f 1451/1451/1451 1452/1452/1452 1463/1463/1463
f 1452/1452/1452 1464/1464/1464 1463/1463/1463
f 1452/1452/1452 1453/1453/1453 1464/1464/1464
f 1453/1453/1453 1465/1465/1465 1464/1464/1464
f 1453/1453/1453 1454/1454/1454 1465/1465/1465
f 1454/1454/1454 1466/1466/1466 1465/1465/1465
f 1454/1454/1454 1455/1455/1455 1466/1466/1466
f 1455/1455/1455 1467/1467/1467 1466/1466/1466
f 1455/1455/1455 1456/1456/1456 1467/1467/1467
f 1456/1456/1456 1468/1468/1468 1467/1467/1467
f 1456/1456/1456 1457/1457/1457 1468/1468/1468
f 1457/1457/1457 1469/1469/1469 1468/1468/1468
f 1457/1457/1457 1458/1458/1458 1469/1469/1469
f 1458/1458/1458 1470/1470/1470 1469/1469/1469
f 1458/1458/1458 1459/1459/1459 1470/1470/1470
f 1460/1460/1460 1472/1472/1472 1471/1471/1471
f 1460/1460/1460 1461/1461/1461 1472/1472/1472
f 1461/1461/1461 1473/1473/1473 1472/1472/1472
f 1461/1461/1461 1462/1462/1462 1473/1473/1473
f 1462/1462/1462 1474/1474/1474 1473/1473/1473
f 1462/1462/1462 1463/1463/1463 1474/1474/1474
f 1463/1463/1463 1475/1475/1475 1474/1474/1474
f 1463/1463/1463 1464/1464/1464 1475/1475/1475
f 1464/1464/1464 1476/1476/1476 1475/1475/1475
f 1464/1464/1464 1465/1465/1465 1476/1476/1476
f 1465/1465/1465 1477/1477/1477 1476/1476/1476
f 1465/1465/1465 1466/1466/1466 1477/1477/1477
f 1466/1466/1466 1478/1478/1478 1477/1477/1477
f 1466/1466/1466 1467/1467/1467 1478/1478/1478
f 1467/1467/1467 1479/1479/1479 1478/1478/1478
f 1467/1467/1467 1468/1468/1468 1479/1479/1479
f 1468/1468/1468 1480/1480/1480 1479/1479/1479
f 1468/1468/1468 1469/1469/1469 1480/1480/1480
f 1469/1469/1469 1481/1481/1481 1480/1480/1480
f 1469/1469/1469 1470/1470/1470 1481/1481/1481
f 1471/1471/1471 1483/1483/1483 1482/1482/1482
f 1471/1471/1471 1472/1472/1472 1483/1483/1483
f 1472/1472/1472 1484/1484/1484 1483/1483/1483
f 1472/1472/1472 1473/1473/1473 1484/1484/1484
f 1473/1473/1473 1485/1485/1485 1484/1484/1484
f 1473/1473/1473 1474/1474/1474 1485/1485/1485
f 1474/1474/1474 1486/1486/1486 1485/1485/1485
f 1474/1474/1474 1475/1475/1475 1486/1486/1486
f 1475/1475/1475 1487/1487/1487 1486/1486/1486
f 1475/1475/1475 1476/1476/1476 1487/1487/1487
f 1476/1476/1476 1488/1488/1488 1487/1487/1487
f 1476/1476/1476 1477/1477/1477 1488/1488/1488
f 1477/1477/1477 1489/1489/1489 1488/1488/1488
f 1477/1477/1477 1478/1478/1478 1489/1489/1489
f 1478/1478/1478 1490/1490/1490 1489/1489/1489
f 1478/1478/1478 1479/1479/1479 1490/1490/1490
f 1479/1479/1479 1491/1491/1491 1490/1490/1490
f 1479/1479/1479 1480/1480/1480 1491/1491/1491
f 1480/1480/1480 1492/1492/1492 1491/1491/1491
f 1480/1480/1480 1481/1481/1481 1492/1492/1492
f 1482/1482/1482 1494/1494/1494 1493/1493/1493
f 1482/1482/1482 1483/1483/1483 1494/1494/1494
f 1483/1483/1483 1495/1495/1495 1494/1494/1494
f 1483/1483/1483 1484/1484/1484 1495/1495/1495
f 1484/1484/1484 1496/1496/1496 1495/1495/1495
f 1484/1484/1484 1485/1485/1485 1496/1496/1496
f 1485/1485/1485 1497/1497/1497 1496/1496/1496
f 1485/1485/1485 1486/1486/1486 1497/1497/1497
f 1486/1486/1486 1498/1498/1498 1497/1497/1497
f 1486/1486/1486 1487/1487/1487 1498/1498/1498
f 1487/1487/1487 1499/1499/1499 1498/1498/1498
f 1487/1487/1487 1488/1488/1488 1499/1499/1499
f 1488/1488/1488 1500/1500/1500 1499/1499/1499
f 1488/1488/1488 1489/1489/1489 1500/1500/1500
f 1489/1489/1489 1501/1501/1501 1500/1500/1500
f 1489/1489/1489 1490/1490/1490 1501/1501/1501
f 1490/1490/1490 1502/1502/1502 1501/1501/1501
f 1490/1490/1490 1491/1491/1491 1502/1502/1502
f 1491/1491/1491 1503/1503/1503 1502/1502/1502
f 1491/1491/1491 1492/1492/1492 1503/1503/1503
f 1493/1493/1493 1505/1505/1505 1504/1504/1504
f 1493/1493/1493 1494/1494/1494 1505/1505/1505
f 1494/1494/1494 1506/1506/1506 1505/1505/1505
f 1494/1494/1494 1495/1495/1495 1506/1506/1506
f 1495/1495/1495 1507/1507/1507 1506/1506/1506
f 1495/1495/1495 1496/1496/1496 1507/1507/1507
f 1496/1496/1496 1508/1508/1508 1507/1507/1507
f 1496/1496/1496 1497/1497/1497 1508/1508/1508
f 1497/1497/1497 1509/1509/1509 1508/1508/1508
f 1497/1497/1497 1498/1498/1498 1509/1509/1509
f 1498/1498/1498 1510/1510/1510 1509/1509/1509
f 1498/1498/1498 1499/1499/1499 1510/1510/1510
f 1499/1499/1499 1511/1511/1511 1510/1510/1510
f 1499/1499/1499 1500/1500/1500 1511/1511/1511
f 1500/1500/1500 1512/1512/1512 1511/1511/1511
f 1500/1500/1500 1501/1501/1501 1512/1512/1512
f 1501/1501/1501 1513/1513/1513 1512/1512/1512
f 1501/1501/1501 1502/1502/1502 1513/1513/1513
f 1502/1502/1502 1514/1514/1514 1513/1513/1513
f 1502/1502/1502 1503/1503/1503 1514/1514/1514
f 1504/1504/1504 1516/1516/1516 1515/1515/1515
f 1504/1504/1504 1505/1505/1505 1516/1516/1516
f 1505/1505/1505 1517/1517/1517 1516/1516/1516
f 1505/1505/1505 1506/1506/1506 1517/1517/1517
f 1506/1506/1506 1518/1518/1518 1517/1517/1517
f 1506/1506/1506 1507/1507/1507 1518/1518/1518
f 1507/1507/1507 1519/1519/1519 1518/1518/1518
f 1507/1507/1507 1508/1508/1508 1519/1519/1519
f 1508/1508/1508 1520/1520/1520 1519/1519/1519
f 1508/1508/1508 1509/1509/1509 1520/1520/1520
f 1509/1509/1509 1521/1521/1521 1520/1520/1520
f 1509/1509/1509 1510/1510/1510 1521/1521/1521
f 1510/1510/1510 1522/1522/1522 1521/1521/1521
f 1510/1510/1510 1511/1511/1511 1522/1522/1522
f 1511/1511/1511 1523/1523/1523 1522/1522/1522
f 1511/1511/1511 1512/1512/1512 1523/1523/1523
f 1512/1512/1512 1524/1524/1524 1523/1523/1523
f 1512/1512/1512 1513/1513/1513 1524/1524/1524
f 1513/1513/1513 1525/1525/1525 1524/1524/1524
f 1513/1513/1513 1514/1514/1514 1525/1525/1525
f 1515/1515/1515 1527/1527/1527 1526/1526/1526
f 1515/1515/1515 1516/1516/1516 1527/1527/1527
f 1516/1516/1516 1528/1528/1528 1527/1527/1527
f 1516/1516/1516 1517/1517/1517 1528/1528/1528
f 1517/1517/1517 1529/1529/1529 1528/1528/1528
f 1517/1517/1517 1518/1518/1518 1529/1529/1529
f 1518/1518/1518 1530/1530/1530 1529/1529/1529
f 1518/1518/1518 1519/1519/1519 1530/1530/1530
f 1519/1519/1519 1531/1531/1531 1530/1530/1530
f 1519/1519/1519 1520/1520/1520 1531/1531/1531
f 1520/1520/1520 1532/1532/1532 1531/1531/1531
f 1520/1520/1520 1521/1521/1521 1532/1532/1532
f 1521/1521/1521 1533/1533/1533 1532/1532/1532
f 1521/1521/1521 1522/1522/1522 1533/1533/1533
f 1522/1522/1522 1534/1534/1534 1533/1533/1533
f 1522/1522/1522 1523/1523/1523 1534/1534/1534
f 1523/1523/1523 1535/1535/1535 1534/1534/1534
f 1523/1523/1523 1524/1524/1524 1535/1535/1535
f 1524/1524/1524 1536/1536/1536 1535/1535/1535
f 1524/1524/1524 1525/1525/1525 1536/1536/1536
f 1526/1526/1526 1538/1538/1538 1537/1537/1537
f 1526/1526/1526 1527/1527/1527 1538/1538/1538
f 1527/1527/1527 1539/1539/1539 1538/1538/1538
f 1527/1527/1527 1528/1528/1528 1539/1539/1539
f 1528/1528/1528 1540/1540/1540 1539/1539/1539
f 1528/1528/1528 1529/1529/1529 1540/1540/1540
f 1529/1529/1529 1541/1541/1541 1540/1540/1540
f 1529/1529/1529 1530/1530/1530 1541/1541/1541
f 1530/1530/1530 1542/1542/1542 1541/1541/1541
f 1530/1530/1530 1531/1531/1531 1542/1542/1542
f 1531/1531/1531 1543/1543/1543 1542/1542/1542
f 1531/1531/1531 1532/1532/1532 1543/1543/1543
f 1532/1532/1532 1544/1544/1544 1543/1543/1543
f 1532/1532/1532 1533/1533/1533 1544/1544/1544
f 1533/1533/1533 1545/1545/1545 1544/1544/1544
f 1533/1533/1533 1534/1534/1534 1545/1545/1545
f 1534/1534/1534 1546/1546/1546 1545/1545/1545
f 1534/1534/1534 1535/1535/1535 1546/1546/1546
f 1535/1535/1535 1547/1547/1547 1546/1546/1546
f 1535/1535/1535 1536/1536/1536 1547/1547/1547
f 1548/1548/1548 1560/1560/1560 1559/1559/1559
f 1548/1548/1548 1549/1549/1549 1560/1560/1560
f 1549/1549/1549 1561/1561/1561 1560/1560/1560
f 1549/1549/1549 1550/1550/1550 1561/1561/1561
f 1550/1550/1550 1562/1562/1562 1561/1561/1561
f 1550/1550/1550 1551/1551/1551 1562/1562/1562
f 1551/1551/1551 1563/1563/1563 1562/1562/1562
f 1551/1551/1551 1552/1552/1552 1563/1563/1563
f 1552/1552/1552 1564/1564/1564 1563/1563/1563
f 1552/1552/1552 1553/1553/1553 1564/1564/1564
f 1553/1553/1553 1565/1565/1565 1564/1564/1564
f 1553/1553/1553 1554/1554/1554 1565/1565/1565
f 1554/1554/1554 1566/1566/1566 1565/1565/1565
f 1554/1554/1554 1555/1555/1555 1566/1566/1566
f 1555/1555/1555 1567/1567/1567 1566/1566/1566
f 1555/1555/1555 1556/1556/1556 1567/1567/1567
f 1556/1556/1556 1568/1568/1568 1567/1567/1567
f 1556/1556/1556 1557/1557/1557 1568/1568/1568
f 1557/1557/1557 1569/1569/1569 1568/1568/1568
f 1557/1557/1557 1558/1558/1558 1569/1569/1569
f 1559/1559/1559 1571/1571/1571 1570/1570/1570
f 1559/1559/1559 1560/1560/1560 1571/1571/1571
f 1560/1560/1560 1572/1572/1572 1571/1571/1571
f 1560/1560/1560 1561/1561/1561 1572/1572/1572
f 1561/1561/1561 1573/1573/1573 1572/1572/1572
f 1561/1561/1561 1562/1562/1562 1573/1573/1573
f 1562/1562/1562 1574/1574/1574 1573/1573/1573
f 1562/1562/1562 1563/1563/1563 1574/1574/1574
f 1563/1563/1563 1575/1575/1575 1574/1574/1574
f 1563/1563/1563 1564/1564/1564 1575/1575/1575
f 1564/1564/1564 1576/1576/1576 1575/1575/1575
f 1564/1564/1564 1565/1565/1565 1576/1576/1576
f 1565/1565/1565 1577/1577/1577 1576/1576/1576
f 1565/1565/1565 1566/1566/1566 1577/1577/1577
f 1566/1566/1566 1578/1578/1578 1577/1577/1577
f 1566/1566/1566 1567/1567/1567 1578/1578/1578
f 1567/1567/1567 1579/1579/1579 1578/1578/1578
f 1567/1567/1567 1568/1568/1568 1579/1579/1579
f 1568/1568/1568 1580/1580/1580 1579/1579/1579
f 1568/1568/1568 1569/1569/1569 1580/1580/1580
f 1570/1570/1570 1582/1582/1582 1581/1581/1581
f 1570/1570/1570 1571/1571/1571 1582/1582/1582
f 1571/1571/1571 1583/1583/1583 1582/1582/1582
f 1571/1571/1571 1572/1572/1572 1583/1583/1583
f 1572/1572/1572 1584/1584/1584 1583/1583/1583
f 1572/1572/1572 1573/1573/1573 1584/1584/1584
f 1573/1573/1573 1585/1585/1585 1584/1584/1584
f 1573/1573/1573 1574/1574/1574 1585/1585/1585
f 1574/1574/1574 1586/1586/1586 1585/1585/1585
f 1574/1574/1574 1575/1575/1575 1586/1586/1586
f 1575/1575/1575 1587/1587/1587 1586/1586/1586
f 1575/1575/1575 1576/1576/1576 1587/1587/1587
f 1576/1576/1576 1588/1588/1588 1587/1587/1587
f 1576/1576/1576 1577/1577/1577 1588/1588/1588
f 1577/1577/1577 1589/1589/1589 1588/1588/1588
f 1577/1577/1577 1578/1578/1578 1589/1589/1589
f 1578/1578/1578 1590/1590/1590 1589/1589/1589
f 1578/1578/1578 1579/1579/1579 1590/1590/1590
f 1579/1579/1579 1591/1591/1591 1590/1590/1590
f 1579/1579/1579 1580/1580/1580 1591/1591/1591
f 1581/1581/1581 1593/1593/1593 1592/1592/1592
f 1581/1581/1581 1582/1582/1582 1593/1593/1593
f 1582/1582/1582 1594/1594/1594 1593/1593/1593
f 1582/1582/1582 1583/1583/1583 1594/1594/1594
f 1583/1583/1583 1595/1595/1595 1594/1594/1594
f 1583/1583/1583 1584/1584/1584 1595/1595/1595
f 1584/1584/1584 1596/1596/1596 1595/1595/1595
f 1584/1584/1584 1585/1585/1585 1596/1596/1596
f 1585/1585/1585 1597/1597/1597 1596/1596/1596
f 1585/1585/1585 1586/1586/1586 1597/1597/1597
f 1586/1586/1586 1598/1598/1598 1597/1597/1597
f 1586/1586/1586 1587/1587/1587 1598/1598/1598
f 1587/1587/1587 1599/1599/1599 1598/1598/1598
f 1587/1587/1587 1588/1588/1588 1599/1599/1599
f 1588/1588/1588 1600/1600/1600 1599/1599/1599
f 1588/1588/1588 1589/1589/1589 1600/1600/1600
f 1589/1589/1589 1601/1601/1601 1600/1600/1600
f 1589/1589/1589 1590/1590/1590 1601/1601/1601
f 1590/1590/1590 1602/1602/1602 1601/1601/1601
f 1590/1590/1590 1591/1591/1591 1602/1602/1602
f 1592/1592/1592 1604/1604/1604 1603/1603/1603
f 1592/1592/1592 1593/1593/1593 1604/1604/1604
f 1593/1593/1593 1605/1605/1605 1604/1604/1604
f 1593/1593/1593 1594/1594/1594 1605/1605/1605
f 1594/1594/1594 1606/1606/1606 1605/1605/1605
f 1594/1594/1594 1595/1595/1595 1606/1606/1606
f 1595/1595/1595 1607/1607/1607 1606/1606/1606
f 1595/1595/1595 1596/1596/1596 1607/1607/1607
f 1596/1596/1596 1608/1608/1608 1607/1607/1607
f 1596/1596/1596 1597/1597/1597 1608/1608/1608
f 1597/1597/1597 1609/1609/1609 1608/1608/1608
f 1597/1597/1597 1598/1598/1598 1609/1609/1609
f 1598/1598/1598 1610/1610/1610 1609/1609/1609
f 1598/1598/1598 1599/1599/1599 1610/1610/1610
f 1599/1599/1599 1611/1611/1611 1610/1610/1610
f 1599/1599/1599 1600/1600/1600 1611/1611/1611
f 1600/1600/1600 1612/1612/1612 1611/1611/1611
f 1600/1600/1600 1601/1601/1601 1612/1612/1612
f 1601/1601/1601 1613/1613/1613 1612/1612/1612
f 1601/1601/1601 1602/1602/1602 1613/1613/1613
f 1603/1603/1603 1615/1615/1615 1614/1614/1614
f 1603/1603/1603 1604/1604/1604 1615/1615/1615
f 1604/1604/1604 1616/1616/1616 1615/1615/1615
f 1604/1604/1604 1605/1605/1605 1616/1616/1616
f 1605/1605/1605 1617/1617/1617 1616/1616/1616
f 1605/1605/1605 1606/1606/1606 1617/1617/1617
f 1606/1606/1606 1618/1618/1618 1617/1617/1617
f 1606/1606/1606 1607/1607/1607 1618/1618/1618
f 1607/1607/1607 1619/1619/1619 1618/1618/1618
f 1607/1607/1607 1608/1608/1608 1619/1619/1619
f 1608/1608/1608 1620/1620/1620 1619/1619/1619
f 1608/1608/1608 1609/1609/1609 1620/1620/1620
f 1609/1609/1609 1621/1621/1621 1620/1620/1620
f 1609/1609/1609 1610/1610/1610 1621/1621/1621
f 1610/1610/1610 1622/1622/1622 1621/1621/1621
f 1610/1610/1610 1611/1611/1611 1622/1622/1622
f 1611/1611/1611 1623/1623/1623 1622/1622/1622
f 1611/1611/1611 1612/1612/1612 1623/1623/1623
f 1612/1612/1612 1624/1624/1624 1623/1623/1623
f 1612/1612/1612 1613/1613/1613 1624/1624/1624
f 1614/1614/1614 1626/1626/1626 1625/1625/1625
f 1614/1614/1614 1615/1615/1615 1626/1626/1626
f 1615/1615/1615 1627/1627/1627 1626/1626/1626
f 1615/1615/1615 1616/1616/1616 1627/1627/1627
f 1616/1616/1616 1628/1628/1628 1627/1627/1627
f 1616/1616/1616 1617/1617/1617 1628/1628/1628
f 1617/1617/1617 1629/1629/1629 1628/1628/1628
f 1617/1617/1617 1618/1618/1618 1629/1629/1629
f 1618/1618/1618 1630/1630/1630 1629/1629/1629
f 1618/1618/1618 1619/1619/1619 1630/1630/1630
f 1619/1619/1619 1631/1631/1631 1630/1630/1630
f 1619/1619/1619 1620/1620/1620 1631/1631/1631
f 1620/1620/1620 1632/1632/1632 1631/1631/1631
f 1620/1620/1620 1621/1621/1621 1632/1632/1632
f 1621/1621/1621 1633/1633/1633 1632/1632/1632
f 1621/1621/1621 1622/1622/1622 1633/1633/1633
f 1622/1622/1622 1634/1634/1634 1633/1633/1633
f 1622/1622/1622 1623/1623/1623 1634/1634/1634
f 1623/1623/1623 1635/1635/1635 1634/1634/1634
f 1623/1623/1623 1624/1624/1624 1635/1635/1635
f 1625/1625/1625 1637/1637/1637 1636/1636/1636
f 1625/1625/1625 1626/1626/1626 1637/1637/1637
f 1626/1626/1626 1638/1638/1638 1637/1637/1637
f 1626/1626/1626 1627/1627/1627 1638/1638/1638
f 1627/1627/1627 1639/1639/1639 1638/1638/1638
f 1627/1627/1627 1628/1628/1628 1639/1639/1639
f 1628/1628/1628 1640/1640/1640 1639/1639/1639
f 1628/1628/1628 1629/1629/1629 1640/1640/1640
f 1629/1629/1629 1641/1641/1641 1640/1640/1640
f 1629/1629/1629 1630/1630/1630 1641/1641/1641
f 1630/1630/1630 1642/1642/1642 1641/1641/1641
f 1630/1630/1630 1631/1631/1631 1642/1642/1642
f 1631/1631/1631 1643/1643/1643 1642/1642/1642
f 1631/1631/1631 1632/1632/1632 1643/1643/1643
f 1632/1632/1632 1644/1644/1644 1643/1643/1643
f 1632/1632/1632 1633/1633/1633 1644/1644/1644
f 1633/1633/1633 1645/1645/1645 1644/1644/1644
f 1633/1633/1633 1634/1634/1634 1645/1645/1645
f 1634/1634/1634 1646/1646/1646 1645/1645/1645
f 1634/1634/1634 1635/1635/1635 1646/1646/1646
f 1647/1647/1647 1659/1659/1659 1658/1658/1658
f 1647/1647/1647 1648/1648/1648 1659/1659/1659
f 1648/1648/1648 1660/1660/1660 1659/1659/1659
f 1648/1648/1648 1649/1649/1649 1660/1660/1660
f 1649/1649/1649 1661/1661/1661 1660/1660/1660
f 1649/1649/1649 1650/1650/1650 1661/1661/1661
f 1650/1650/1650 1662/1662/1662 1661/1661/1661
f 1650/1650/1650 1651/1651/1651 1662/1662/1662
f 1651/1651/1651 1663/1663/1663 1662/1662/1662
f 1651/1651/1651 1652/1652/1652 1663/1663/1663
f 1652/1652/1652 1664/1664/1664 1663/1663/1663
f 1652/1652/1652 1653/1653/1653 1664/1664/1664
f 1653/1653/1653 1665/1665/1665 1664/1664/1664
f 1653/1653/1653 1654/1654/1654 1665/1665/1665
f 1654/1654/1654 1666/1666/1666 1665/1665/1665
f 1654/1654/1654 1655/1655/1655 1666/1666/1666
f 1655/1655/1655 1667/1667/1667 1666/1666/1666
f 1655/1655/1655 1656/1656/1656 1667/1667/1667
f 1656/1656/1656 1668/1668/1668 1667/1667/1667
f 1656/1656/1656 1657/1657/1657 1668/1668/1668
f 1658/1658/1658 1670/1670/1670 1669/1669/1669
f 1658/1658/1658 1659/1659/1659 1670/1670/1670
f 1659/1659/1659 1671/1671/1671 1670/1670/1670
f 1659/1659/1659 1660/1660/1660 1671/1671/1671
f 1660/1660/1660 1672/1672/1672 1671/1671/1671
f 1660/1660/1660 1661/1661/1661 1672/1672/1672
f 1661/1661/1661 1673/1673/1673 1672/1672/1672
f 1661/1661/1661 1662/1662/1662 1673/1673/1673
f 1662/1662/1662 1674/1674/1674 1673/1673/1673
f 1662/1662/1662 1663/1663/1663 1674/1674/1674
f 1663/1663/1663 1675/1675/1675 1674/1674/1674
f 1663/1663/1663 1664/1664/1664 1675/1675/1675
f 1664/1664/1664 1676/1676/1676 1675/1675/1675
f 1664/1664/1664 1665/1665/1665 1676/1676/1676
f 1665/1665/1665 1677/1677/1677 1676/1676/1676
f 1665/1665/1665 1666/1666/1666 1677/1677/1677
f 1666/1666/1666 1678/1678/1678 1677/1677/1677
f 1666/1666/1666 1667/1667/1667 1678/1678/1678
f 1667/1667/1667 1679/1679/1679 1678/1678/1678
f 1667/1667/1667 1668/1668/1668 1679/1679/1679
f 1669/1669/1669 1681/1681/1681 1680/1680/1680
f 1669/1669/1669 1670/1670/1670 1681/1681/1681
f 1670/1670/1670 1682/1682/1682 1681/1681/1681
f 1670/1670/1670 1671/1671/1671 1682/1682/1682
f 1671/1671/1671 1683/1683/1683 1682/1682/1682
f 1671/1671/1671 1672/1672/1672 1683/1683/1683
f 1672/1672/1672 1684/1684/1684 1683/1683/1683
f 1672/1672/1672 1673/1673/1673 1684/1684/1684
f 1673/1673/1673 1685/1685/1685 1684/1684/1684
f 1673/1673/1673 1674/1674/1674 1685/1685/1685
f 1674/1674/1674 1686/1686/1686 1685/1685/1685
f 1674/1674/1674 1675/1675/1675 1686/1686/1686
f 1675/1675/1675 1687/1687/1687 1686/1686/1686
f 1675/1675/1675 1676/1676/1676 1687/1687/1687
f 1676/1676/1676 1688/1688/1688 1687/1687/1687
f 1676/1676/1676 1677/1677/1677 1688/1688/1688
f 1677/1677/1677 1689/1689/1689 1688/1688/1688
f 1677/1677/1677 1678/1678/1678 1689/1689/1689
f 1678/1678/1678 1690/1690/1690 1689/1689/1689
f 1678/1678/1678 1679/1679/1679 1690/1690/1690
f 1680/1680/1680 1692/1692/1692 1691/1691/1691
f 1680/1680/1680 1681/1681/1681 1692/1692/1692
f 1681/1681/1681 1693/1693/1693 1692/1692/1692
f 1681/1681/1681 1682/1682/1682 1693/1693/1693
f 1682/1682/1682 1694/1694/1694 1693/1693/1693
f 1682/1682/1682 1683/1683/1683 1694/1694/1694
f 1683/1683/1683 1695/1695/1695 1694/1694/1694
f 1683/1683/1683 1684/1684/1684 1695/1695/1695
f 1684/1684/1684 1696/1696/1696 1695/1695/1695
f 1684/1684/1684 1685/1685/1685 1696/1696/1696
f 1685/1685/1685 1697/1697/1697 1696/1696/1696
f 1685/1685/1685 1686/1686/1686 1697/1697/1697
f 1686/1686/1686 1698/1698/1698 1697/1697/1697
f 1686/1686/1686 1687/1687/1687 1698/1698/1698
f 1687/1687/1687 1699/1699/1699 1698/1698/1698
f 1687/1687/1687 1688/1688/1688 1699/1699/1699
f 1688/1688/1688 1700/1700/1700 1699/1699/1699
f 1688/1688/1688 1689/1689/1689 1700/1700/1700
f 1689/1689/1689 1701/1701/1701 1700/1700/1700
f 1689/1689/1689 1690/1690/1690 1701/1701/1701
f 1691/1691/1691 1703/1703/1703 1702/1702/1702
f 1691/1691/1691 1692/1692/1692 1703/1703/1703
f 1692/1692/1692 1704/1704/1704 1703/1703/1703
f 1692/1692/1692 1693/1693/1693 1704/1704/1704
f 1693/1693/1693 1705/1705/1705 1704/1704/1704
f 1693/1693/1693 1694/1694/1694 1705/1705/1705
f 1694/1694/1694 1706/1706/1706 1705/1705/1705
f 1694/1694/1694 1695/1695/1695 1706/1706/1706
f 1695/1695/1695 1707/1707/1707 1706/1706/1706
f 1695/1695/1695 1696/1696/1696 1707/1707/1707
f 1696/1696/1696 1708/1708/1708 1707/1707/1707
f 1696/1696/1696 1697/1697/1697 1708/1708/1708
f 1697/1697/1697 1709/1709/1709 1708/1708/1708
f 1697/1697/1697 1698/1698/1698 1709/1709/1709
f 1698/1698/1698 1710/1710/1710 1709/1709/1709
f 1698/1698/1698 1699/1699/1699 1710/1710/1710
f 1699/1699/1699 1711/1711/1711 1710/1710/1710
f 1699/1699/1699 1700/1700/1700 1711/1711/1711
f 1700/1700/1700 1712/1712/1712 1711/1711/1711
f 1700/1700/1700 1701/1701/1701 1712/1712/1712
f 1702/1702/1702 1714/1714/1714 1713/1713/1713
f 1702/1702/1702 1703/1703/1703 1714/1714/1714
f 1703/1703/1703 1715/1715/1715 1714/1714/1714
f 1703/1703/1703 1704/1704/1704 1715/1715/1715
f 1704/1704/1704 1716/1716/1716 1715/1715/1715
f 1704/1704/1704 1705/1705/1705 1716/1716/1716
f 1705/1705/1705 1717/1717/1717 1716/1716/1716
f 1705/1705/1705 1706/1706/1706 1717/1717/1717
f 1706/1706/1706 1718/1718/1718 1717/1717/1717
f 1706/1706/1706 1707/1707/1707 1718/1718/1718
f 1707/1707/1707 1719/1719/1719 1718/1718/1718
f 1707/1707/1707 1708/1708/1708 1719/1719/1719
f 1708/1708/1708 1720/1720/1720 1719/1719/1719
f 1708/1708/1708 1709/1709/1709 1720/1720/1720
f 1709/1709/1709 1721/1721/1721 1720/1720/1720
f 1709/1709/1709 1710/1710/1710 1721/1721/1721
f 1710/1710/1710 1722/1722/1722 1721/1721/1721
f 1710/1710/1710 1711/1711/1711 1722/1722/1722
f 1711/1711/1711 1723/1723/1723 1722/1722/1722
f 1711/1711/1711 1712/1712/1712 1723/1723/1723
f 1713/1713/1713 1725/1725/1725 1724/1724/1724
f 1713/1713/1713 1714/1714/1714 1725/1725/1725
f 1714/1714/1714 1726/1726/1726 1725/1725/1725
f 1714/1714/1714 1715/1715/1715 1726/1726/1726
f 1715/1715/1715 1727/1727/1727 1726/1726/1726
f 1715/1715/1715 1716/1716/1716 1727/1727/1727
f 1716/1716/1716 1728/1728/1728 1727/1727/1727
f 1716/1716/1716 1717/1717/1717 1728/1728/1728
f 1717/1717/1717 1729/1729/1729 1728/1728/1728
f 1717/1717/1717 1718/1718/1718 1729/1729/1729
f 1718/1718/1718 1730/1730/1730 1729/1729/1729
f 1718/1718/1718 1719/1719/1719 1730/1730/1730
f 1719/1719/1719 1731/1731/1731 1730/1730/1730
f 1719/1719/1719 1720/1720/1720 1731/1731/1731
f 1720/1720/1720 1732/1732/1732 1731/1731/1731
f 1720/1720/1720 1721/1721/1721 1732/1732/1732
f 1721/1721/1721 1733/1733/1733 1732/1732/1732
f 1721/1721/1721 1722/1722/1722 1733/1733/1733
f 1722/1722/1722 1734/1734/1734 1733/1733/1733
f 1722/1722/1722 1723/1723/1723 1734/1734/1734
f 1724/1724/1724 1736/1736/1736 1735/1735/1735
f 1724/1724/1724 1725/1725/1725 1736/1736/1736
f 1725/1725/1725 1737/1737/1737 1736/1736/1736
f 1725/1725/1725 1726/1726/1726 1737/1737/1737
f 1726/1726/1726 1738/1738/1738 1737/1737/1737
f 1726/1726/1726 1727/1727/1727 1738/1738/1738
f 1727/1727/1727 1739/1739/1739 1738/1738/1738
f 1727/1727/1727 1728/1728/1728 1739/1739/1739
f 1728/1728/1728 1740/1740/1740 1739/1739/1739
f 1728/1728/1728 1729/1729/1729 1740/1740/1740
f 1729/1729/1729 1741/1741/1741 1740/1740/1740
f 1729/1729/1729 1730/1730/1730 1741/1741/1741
f 1730/1730/1730 1742/1742/1742 1741/1741/1741
f 1730/1730/1730 1731/1731/1731 1742/1742/1742
f 1731/1731/1731 1743/1743/1743 1742/1742/1742
f 1731/1731/1731 1732/1732/1732 1743/1743/1743
f 1732/1732/1732 1744/1744/1744 1743/1743/1743
f 1732/1732/1732 1733/1733/1733 1744/1744/1744
f 1733/1733/1733 1745/1745/1745 1744/1744/1744
f 1733/1733/1733 1734/1734/1734 1745/1745/1745
f 1746/1746/1746 1758/1758/1758 1757/1757/1757
f 1746/1746/1746 1747/1747/1747 1758/1758/1758
f 1747/1747/1747 1759/1759/1759 1758/1758/1758
f 1747/1747/1747 1748/1748/1748 1759/1759/1759
f 1748/1748/1748 1760/1760/1760 1759/1759/1759
f 1748/1748/1748 1749/1749/1749 1760/1760/1760
f 1749/1749/1749 1761/1761/1761 1760/1760/1760
f 1749/1749/1749 1750/1750/1750 1761/1761/1761
f 1750/1750/1750 1762/1762/1762 1761/1761/1761
f 1750/1750/1750 1751/1751/1751 1762/1762/1762
f 1751/1751/1751 1763/1763/1763 1762/1762/1762
f 1751/1751/1751 1752/1752/1752 1763/1763/1763
f 1752/1752/1752 1764/1764/1764 1763/1763/1763
f 1752/1752/1752 1753/1753/1753 1764/1764/1764
f 1753/1753/1753 1765/1765/1765 1764/1764/1764
f 1753/1753/1753 1754/1754/1754 1765/1765/1765
f 1754/1754/1754 1766/1766/1766 1765/1765/1765
f 1754/1754/1754 1755/1755/1755 1766/1766/1766
f 1755/1755/1755 1767/1767/1767 1766/1766/1766
f 1755/1755/1755 1756/1756/1756 1767/1767/1767
f 1757/1757/1757 1769/1769/1769 1768/1768/1768
f 1757/1757/1757 1758/1758/1758 1769/1769/1769
f 1758/1758/1758 1770/1770/1770 1769/1769/1769
f 1758/1758/1758 1759/1759/1759 1770/1770/1770
f 1759/1759/1759 1771/1771/1771 1770/1770/1770
f 1759/1759/1759 1760/1760/1760 1771/1771/1771
f 1760/1760/1760 1772/1772/1772 1771/1771/1771
f 1760/1760/1760 1761/1761/1761 1772/1772/1772
f 1761/1761/1761 1773/1773/1773 1772/1772/1772
f 1761/1761/1761 1762/1762/1762 1773/1773/1773
f 1762/1762/1762 1774/1774/1774 1773/1773/1773
f 1762/1762/1762 1763/1763/1763 1774/1774/1774
f 1763/1763/1763 1775/1775/1775 1774/1774/1774
f 1763/1763/1763 1764/1764/1764 1775/1775/1775
f 1764/1764/1764 1776/1776/1776 1775/1775/1775
f 1764/1764/1764 1765/1765/1765 1776/1776/1776
f 1765/1765/1765 1777/1777/1777 1776/1776/1776
f 1765/1765/1765 1766/1766/1766 1777/1777/1777
f 1766/1766/1766 1778/1778/1778 1777/1777/1777
f 1766/1766/1766 1767/1767/1767 1778/1778/1778
f 1768/1768/1768 1780/1780/1780 1779/1779/1779
f 1768/1768/1768 1769/1769/1769 1780/1780/1780
f 1769/1769/1769 1781/1781/1781 1780/1780/1780
f 1769/1769/1769 1770/1770/1770 1781/1781/1781
f 1770/1770/1770 1782/1782/1782 1781/1781/1781
f 1770/1770/1770 1771/1771/1771 1782/1782/1782
f 1771/1771/1771 1783/1783/1783 1782/1782/1782
f 1771/1771/1771 1772/1772/1772 1783/1783/1783
f 1772/1772/1772 1784/1784/1784 1783/1783/1783
f 1772/1772/1772 1773/1773/1773 1784/1784/1784
f 1773/1773/1773 1785/1785/1785 1784/1784/1784
f 1773/1773/1773 1774/1774/1774 1785/1785/1785
f 1774/1774/1774 1786/1786/1786 1785/1785/1785
f 1774/1774/1774 1775/1775/1775 1786/1786/1786
f 1775/1775/1775 1787/1787/1787 1786/1786/1786
f 1775/1775/1775 1776/1776/1776 1787/1787/1787
f 1776/1776/1776 1788/1788/1788 1787/1787/1787
f 1776/1776/1776 1777/1777/1777 1788/1788/1788
f 1777/1777/1777 1789/1789/1789 1788/1788/1788
f 1777/1777/1777 1778/1778/1778 1789/1789/1789
f 1779/1779/1779 1791/1791/1791 1790/1790/1790
f 1779/1779/1779 1780/1780/1780 1791/1791/1791
f 1780/1780/1780 1792/1792/1792 1791/1791/1791
f 1780/1780/1780 1781/1781/1781 1792/1792/1792
f 1781/1781/1781 1793/1793/1793 1792/1792/1792
f 1781/1781/1781 1782/1782/1782 1793/1793/1793
f 1782/1782/1782 1794/1794/1794 1793/1793/1793
f 1782/1782/1782 1783/1783/1783 1794/1794/1794
f 1783/1783/1783 1795/1795/1795 1794/1794/1794
f 1783/1783/1783 1784/1784/1784 1795/1795/1795
f 1784/1784/1784 1796/1796/1796 1795/1795/1795
f 1784/1784/1784 1785/1785/1785 1796/1796/1796
f 1785/1785/1785 1797/1797/1797 1796/1796/1796
f 1785/1785/1785 1786/1786/1786 1797/1797/1797
f 1786/1786/1786 1798/1798/1798 1797/1797/1797
f 1786/1786/1786 1787/1787/1787 1798/1798/1798
f 1787/1787/1787 1799/1799/1799 1798/1798/1798
f 1787/1787/1787 1788/1788/1788 1799/1799/1799
f 1788/1788/1788 1800/1800/1800 1799/1799/1799
f 1788/1788/1788 1789/1789/1789 1800/1800/1800
f 1790/1790/1790 1802/1802/1802 1801/1801/1801
f 1790/1790/1790 1791/1791/1791 1802/1802/1802
f 1791/1791/1791 1803/1803/1803 1802/1802/1802
f 1791/1791/1791 1792/1792/1792 1803/1803/1803
f 1792/1792/1792 1804/1804/1804 1803/1803/1803
f 1792/1792/1792 1793/1793/1793 1804/1804/1804
f 1793/1793/1793 1805/1805/1805 1804/1804/1804
f 1793/1793/1793 1794/1794/1794 1805/1805/1805
f 1794/1794/1794 1806/1806/1806 1805/1805/1805
f 1794/1794/1794 1795/1795/1795 1806/1806/1806
f 1795/1795/1795 1807/1807/1807 1806/1806/1806
f 1795/1795/1795 1796/1796/1796 1807/1807/1807
f 1796/1796/1796 1808/1808/1808 1807/1807/1807
f 1796/1796/1796 1797/1797/1797 1808/1808/1808
f 1797/1797/1797 1809/1809/1809 1808/1808/1808
f 1797/1797/1797 1798/1798/1798 1809/1809/1809
f 1798/1798/1798 1810/1810/1810 1809/1809/1809
f 1798/1798/1798 1799/1799/1799 1810/1810/1810
f 1799/1799/1799 1811/1811/1811 1810/1810/1810
f 1799/1799/1799 1800/1800/1800 1811/1811/1811
f 1801/1801/1801 1813/1813/1813 1812/1812/1812
f 1801/1801/1801 1802/1802/1802 1813/1813/1813
f 1802/1802/1802 1814/1814/1814 1813/1813/1813
f 1802/1802/1802 1803/1803/1803 1814/1814/1814
f 1803/1803/1803 1815/1815/1815 1814/1814/1814
f 1803/1803/1803 1804/1804/1804 1815/1815/1815
f 1804/1804/1804 1816/1816/1816 1815/1815/1815
f 1804/1804/1804 1805/1805/1805 1816/1816/1816
f 1805/1805/1805 1817/1817/1817 1816/1816/1816
f 1805/1805/1805 1806/1806/1806 1817/1817/1817
f 1806/1806/1806 1818/1818/1818 1817/1817/1817
f 1806/1806/1806 1807/1807/1807 1818/1818/1818
f 1807/1807/1807 1819/1819/1819 1818/1818/1818
f 1807/1807/1807 1808/1808/1808 1819/1819/1819
f 1808/1808/1808 1820/1820/1820 1819/1819/1819
f 1808/1808/1808 1809/1809/1809 1820/1820/1820
f 1809/1809/1809 1821/1821/1821 1820/1820/1820
f 1809/1809/1809 1810/1810/1810 1821/1821/1821
f 1810/1810/1810 1822/1822/1822 1821/1821/1821
f 1810/1810/1810 1811/1811/1811 1822/1822/1822
f 1812/1812/1812 1824/1824/1824 1823/1823/1823
f 1812/1812/1812 1813/1813/1813 1824/1824/1824
f 1813/1813/1813 1825/1825/1825 1824/1824/1824
f 1813/1813/1813 1814/1814/1814 1825/1825/1825
f 1814/1814/1814 1826/1826/1826 1825/1825/1825
f 1814/1814/1814 1815/1815/1815 1826/1826/1826
f 1815/1815/1815 1827/1827/1827 1826/1826/1826
f 1815/1815/1815 1816/1816/1816 1827/1827/1827
f 1816/1816/1816 1828/1828/1828 1827/1827/1827
f 1816/1816/1816 1817/1817/1817 1828/1828/1828
f 1817/1817/1817 1829/1829/1829 1828/1828/1828
f 1817/1817/1817 1818/1818/1818 1829/1829/1829
f 1818/1818/1818 1830/1830/1830 1829/1829/1829
f 1818/1818/1818 1819/1819/1819 1830/1830/1830
f 1819/1819/1819 1831/1831/1831 1830/1830/1830
f 1819/1819/1819 1820/1820/1820 1831/1831/1831
f 1820/1820/1820 1832/1832/1832 1831/1831/1831
f 1820/1820/1820 1821/1821/1821 1832/1832/1832
f 1821/1821/1821 1833/1833/1833 1832/1832/1832
f 1821/1821/1821 1822/1822/1822 1833/1833/1833
f 1823/1823/1823 1835/1835/1835 1834/1834/1834
f 1823/1823/1823 1824/1824/1824 1835/1835/1835
f 1824/1824/1824 1836/1836/1836 1835/1835/1835
f 1824/1824/1824 1825/1825/1825 1836/1836/1836
f 1825/1825/1825 1837/1837/1837 1836/1836/1836
f 1825/1825/1825 1826/1826/1826 1837/1837/1837
f 1826/1826/1826 1838/1838/1838 1837/1837/1837
f 1826/1826/1826 1827/1827/1827 1838/1838/1838
f 1827/1827/1827 1839/1839/1839 1838/1838/1838
f 1827/1827/1827 1828/1828/1828 1839/1839/1839
f 1828/1828/1828 1840/1840/1840 1839/1839/1839
f 1828/1828/1828 1829/1829/1829 1840/1840/1840
f 1829/1829/1829 1841/1841/1841 1840/1840/1840
f 1829/1829/1829 1830/1830/1830 1841/1841/1841
f 1830/1830/1830 1842/1842/1842 1841/1841/1841
f 1830/1830/1830 1831/1831/1831 1842/1842/1842
f 1831/1831/1831 1843/1843/1843 1842/1842/1842
f 1831/1831/1831 1832/1832/1832 1843/1843/1843
f 1832/1832/1832 1844/1844/1844 1843/1843/1843
f 1832/1832/1832 1833/1833/1833 1844/1844/1844
f 1845/1845/1845 1854/1854/1854 1846/1846/1846
f 1845/1845/1845 1853/1853/1853 1854/1854/1854
f 1861/1861/1861 1845/1845/1845 1846/1846/1846
f 1862/1862/1862 1854/1854/1854 1853/1853/1853
f 1846/1846/1846 1855/1855/1855 1847/1847/1847
f 1846/1846/1846 1854/1854/1854 1855/1855/1855
f 1861/1861/1861 1846/1846/1846 1847/1847/1847
f 1862/1862/1862 1855/1855/1855 1854/1854/1854
f 1847/1847/1847 1856/1856/1856 1848/1848/1848
f 1847/1847/1847 1855/1855/1855 1856/1856/1856
f 1861/1861/1861 1847/1847/1847 1848/1848/1848
f 1862/1862/1862 1856/1856/1856 1855/1855/1855
f 1848/1848/1848 1857/1857/1857 1849/1849/1849
f 1848/1848/1848 1856/1856/1856 1857/1857/1857
f 1861/1861/1861 1848/1848/1848 1849/1849/1849
f 1862/1862/1862 1857/1857/1857 1856/1856/1856
f 1849/1849/1849 1858/1858/1858 1850/1850/1850
f 1849/1849/1849 1857/1857/1857 1858/1858/1858
f 1861/1861/1861 1849/1849/1849 1850/1850/1850
f 1862/1862/1862 1858/1858/1858 1857/1857/1857
f 1850/1850/1850 1859/1859/1859 1851/1851/1851
f 1850/1850/1850 1858/1858/1858 1859/1859/1859
f 1861/1861/1861 1850/1850/1850 1851/1851/1851
f 1862/1862/1862 1859/1859/1859 1858/1858/1858
f 1851/1851/1851 1860/1860/1860 1852/1852/1852
f 1851/1851/1851 1859/1859/1859 1860/1860/1860
f 1861/1861/1861 1851/1851/1851 1852/1852/1852
f 1862/1862/1862 1860/1860/1860 1859/1859/1859
f 1852/1852/1852 1853/1853/1853 1845/1845/1845
f 1852/1852/1852 1860/1860/1860 1853/1853/1853
f 1861/1861/1861 1852/1852/1852 1845/1845/1845
f 1862/1862/1862 1853/1853/1853 1860/1860/1860
f 1863/1863/1863 1871/1871/1871 1864/1864/1864
f 1863/1863/1863 1870/1870/1870 1871/1871/1871
f 1877/1877/1877 1863/1863/1863 1864/1864/1864
f 1878/1878/1878 1871/1871/1871 1870/1870/1870
f 1864/1864/1864 1872/1872/1872 1865/1865/1865
f 1864/1864/1864 1871/1871/1871 1872/1872/1872
f 1877/1877/1877 1864/1864/1864 1865/1865/1865
f 1878/1878/1878 1872/1872/1872 1871/1871/1871
f 1865/1865/1865 1873/1873/1873 1866/1866/1866
f 1865/1865/1865 1872/1872/1872 1873/1873/1873
f 1877/1877/1877 1865/1865/1865 1866/1866/1866
f 1878/1878/1878 1873/1873/1873 1872/1872/1872
f 1866/1866/1866 1874/1874/1874 1867/1867/1867
f 1866/1866/1866 1873/1873/1873 1874/1874/1874
f 1877/1877/1877 1866/1866/1866 1867/1867/1867
f 1878/1878/1878 1874/1874/1874 1873/1873/1873
f 1867/1867/1867 1875/1875/1875 1868/1868/1868
f 1867/1867/1867 1874/1874/1874 1875/1875/1875
f 1877/1877/1877 1867/1867/1867 1868/1868/1868
f 1878/1878/1878 1875/1875/1875 1874/1874/1874
f 1868/1868/1868 1876/1876/1876 1869/1869/1869
f 1868/1868/1868 1875/1875/1875 1876/1876/1876
f 1877/1877/1877 1868/1868/1868 1869/1869/1869
f 1878/1878/1878 1876/1876/1876 1875/1875/1875
f 1869/1869/1869 1870/1870/1870 1863/1863/1863
f 1869/1869/1869 1876/1876/1876 1870/1870/1870
f 1877/1877/1877 1869/1869/1869 1863/1863/1863
f 1878/1878/1878 1870/1870/1870 1876/1876/1876
f 1879/1879/1879 1887/1887/1887 1883/1883/1883
f 1879/1879/1879 1883/1883/1883 1893/1893/1893
f 1879/1879/1879 1893/1893/1893 1891/1891/1891
f 1879/1879/1879 1895/1895/1895 1881/1881/1881
f 1879/1879/1879 1881/1881/1881 1889/1889/1889
f 1879/1879/1879 1889/1889/1889 1887/1887/1887
f 1879/1879/1879 1891/1891/1891 1880/1880/1880
f 1879/1879/1879 1880/1880/1880 1896/1896/1896
f 1879/1879/1879 1896/1896/1896 1895/1895/1895
f 1887/1887/1887 1889/1889/1889 1885/1885/1885
f 1887/1887/1887 1885/1885/1885 1897/1897/1897
f 1887/1887/1887 1897/1897/1897 1883/1883/1883
f 1881/1881/1881 1892/1892/1892 1882/1882/1882
f 1881/1881/1881 1882/1882/1882 1890/1890/1890
f 1881/1881/1881 1890/1890/1890 1889/1889/1889
f 1881/1881/1881 1895/1895/1895 1896/1896/1896
f 1881/1881/1881 1896/1896/1896 1882/1882/1882
f 1881/1881/1881 1882/1882/1882 1892/1892/1892
f 1883/1883/1883 1897/1897/1897 1898/1898/1898
f 1883/1883/1883 1898/1898/1898 1884/1884/1884
f 1883/1883/1883 1884/1884/1884 1893/1893/1893
f 1885/1885/1885 1894/1894/1894 1886/1886/1886
f 1885/1885/1885 1886/1886/1886 1898/1898/1898
f 1885/1885/1885 1898/1898/1898 1897/1897/1897
f 1885/1885/1885 1889/1889/1889 1890/1890/1890
f 1885/1885/1885 1890/1890/1890 1886/1886/1886
f 1885/1885/1885 1886/1886/1886 1894/1894/1894
f 1880/1880/1880 1888/1888/1888 1884/1884/1884
f 1880/1880/1880 1884/1884/1884 1893/1893/1893
f 1880/1880/1880 1893/1893/1893 1891/1891/1891
f 1880/1880/1880 1896/1896/1896 1882/1882/1882
f 1880/1880/1880 1882/1882/1882 1890/1890/1890
f 1880/1880/1880 1890/1890/1890 1888/1888/1888
f 1884/1884/1884 1898/1898/1898 1886/1886/1886
f 1884/1884/1884 1886/1886/1886 1894/1894/1894
f 1884/1884/1884 1894/1894/1894 1888/1888/1888
f 1899/1899/1899 1911/1911/1911 1910/1910/1910
f 1899/1899/1899 1900/1900/1900 1911/1911/1911
f 1900/1900/1900 1912/1912/1912 1911/1911/1911
f 1900/1900/1900 1901/1901/1901 1912/1912/1912
f 1901/1901/1901 1913/1913/1913 1912/1912/1912
f 1901/1901/1901 1902/1902/1902 1913/1913/1913
f 1902/1902/1902 1914/1914/1914 1913/1913/1913
f 1902/1902/1902 1903/1903/1903 1914/1914/1914
f 1903/1903/1903 1915/1915/1915 1914/1914/1914
f 1903/1903/1903 1904/1904/1904 1915/1915/1915
f 1904/1904/1904 1916/1916/1916 1915/1915/1915
f 1904/1904/1904 1905/1905/1905 1916/1916/1916
f 1905/1905/1905 1917/1917/1917 1916/1916/1916
f 1905/1905/1905 1906/1906/1906 1917/1917/1917
f 1906/1906/1906 1918/1918/1918 1917/1917/1917
f 1906/1906/1906 1907/1907/1907 1918/1918/1918
f 1907/1907/1907 1919/1919/1919 1918/1918/1918
f 1907/1907/1907 1908/1908/1908 1919/1919/1919
f 1908/1908/1908 1920/1920/1920 1919/1919/1919
f 1908/1908/1908 1909/1909/1909 1920/1920/1920
f 1910/1910/1910 1922/1922/1922 1921/1921/1921
f 1910/1910/1910 1911/1911/1911 1922/1922/1922
f 1911/1911/1911 1923/1923/1923 1922/1922/1922
f 1911/1911/1911 1912/1912/1912 1923/1923/1923
f 1912/1912/1912 1924/1924/1924 1923/1923/1923
f 1912/1912/1912 1913/1913/1913 1924/1924/1924
f 1913/1913/1913 1925/1925/1925 1924/1924/1924
f 1913/1913/1913 1914/1914/1914 1925/1925/1925
f 1914/1914/1914 1926/1926/1926 1925/1925/1925
f 1914/1914/1914 1915/1915/1915 1926/1926/1926
f 1915/1915/1915 1927/1927/1927 1926/1926/1926
f 1915/1915/1915 1916/1916/1916 1927/1927/1927
f 1916/1916/1916 1928/1928/1928 1927/1927/1927
f 1916/1916/1916 1917/1917/1917 1928/1928/1928
f 1917/1917/1917 1929/1929/1929 1928/1928/1928
f 1917/1917/1917 1918/1918/1918 1929/1929/1929
f 1918/1918/1918 1930/1930/1930 1929/1929/1929
f 1918/1918/1918 1919/1919/1919 1930/1930/1930
f 1919/1919/1919 1931/1931/1931 1930/1930/1930
f 1919/1919/1919 1920/1920/1920 1931/1931/1931
f 1921/1921/1921 1933/1933/1933 1932/1932/1932
f 1921/1921/1921 1922/1922/1922 1933/1933/1933
f 1922/1922/1922 1934/1934/1934 1933/1933/1933
f 1922/1922/1922 1923/1923/1923 1934/1934/1934
f 1923/1923/1923 1935/1935/1935 1934/1934/1934
f 1923/1923/1923 1924/1924/1924 1935/1935/1935
f 1924/1924/1924 1936/1936/1936 1935/1935/1935
f 1924/1924/1924 1925/1925/1925 1936/1936/1936
f 1925/1925/1925 1937/1937/1937 1936/1936/1936
f 1925/1925/1925 1926/1926/1926 1937/1937/1937
f 1926/1926/1926 1938/1938/1938 1937/1937/1937
f 1926/1926/1926 1927/1927/1927 1938/1938/1938
f 1927/1927/1927 1939/1939/1939 1938/1938/1938
f 1927/1927/1927 1928/1928/1928 1939/1939/1939
f 1928/1928/1928 1940/1940/1940 1939/1939/1939
f 1928/1928/1928 1929/1929/1929 1940/1940/1940
f 1929/1929/1929 1941/1941/1941 1940/1940/1940
f 1929/1929/1929 1930/1930/1930 1941/1941/1941
f 1930/1930/1930 1942/1942/1942 1941/1941/1941
f 1930/1930/1930 1931/1931/1931 1942/1942/1942
f 1932/1932/1932 1944/1944/1944 1943/1943/1943
f 1932/1932/1932 1933/1933/1933 1944/1944/1944
f 1933/1933/1933 1945/1945/1945 1944/1944/1944
f 1933/1933/1933 1934/1934/1934 1945/1945/1945
f 1934/1934/1934 1946/1946/1946 1945/1945/1945
f 1934/1934/1934 1935/1935/1935 1946/1946/1946
f 1935/1935/1935 1947/1947/1947 1946/1946/1946
f 1935/1935/1935 1936/1936/1936 1947/1947/1947
f 1936/1936/1936 1948/1948/1948 1947/1947/1947
f 1936/1936/1936 1937/1937/1937 1948/1948/1948
f 1937/1937/1937 1949/1949/1949 1948/1948/1948
f 1937/1937/1937 1938/1938/1938 1949/1949/1949
f 1938/1938/1938 1950/1950/1950 1949/1949/1949
f 1938/1938/1938 1939/1939/1939 1950/1950/1950
f 1939/1939/1939 1951/1951/1951 1950/1950/1950
f 1939/1939/1939 1940/1940/1940 1951/1951/1951
f 1940/1940/1940 1952/1952/1952 1951/1951/1951
f 1940/1940/1940 1941/1941/1941 1952/1952/1952
f 1941/1941/1941 1953/1953/1953 1952/1952/1952
f 1941/1941/1941 1942/1942/1942 1953/1953/1953
f 1943/1943/1943 1955/1955/1955 1954/1954/1954
f 1943/1943/1943 1944/1944/1944 1955/1955/1955
f 1944/1944/1944 1956/1956/1956 1955/1955/1955
f 1944/1944/1944 1945/1945/1945 1956/1956/1956
f 1945/1945/1945 1957/1957/1957 1956/1956/1956
f 1945/1945/1945 1946/1946/1946 1957/1957/1957
f 1946/1946/1946 1958/1958/1958 1957/1957/1957
f 1946/1946/1946 1947/1947/1947 1958/1958/1958
f 1947/1947/1947 1959/1959/1959 1958/1958/1958
f 1947/1947/1947 1948/1948/1948 1959/1959/1959
f 1948/1948/1948 1960/1960/1960 1959/1959/1959
f 1948/1948/1948 1949/1949/1949 1960/1960/1960
f 1949/1949/1949 1961/1961/1961 1960/1960/1960
f 1949/1949/1949 1950/1950/1950 1961/1961/1961
f 1950/1950/1950 1962/1962/1962 1961/1961/1961
f 1950/1950/1950 1951/1951/1951 1962/1962/1962
f 1951/1951/1951 1963/1963/1963 1962/1962/1962
f 1951/1951/1951 1952/1952/1952 1963/1963/1963
f 1952/1952/1952 1964/1964/1964 1963/1963/1963
f 1952/1952/1952 1953/1953/1953 1964/1964/1964
f 1954/1954/1954 1966/1966/1966 1965/1965/1965
f 1954/1954/1954 1955/1955/1955 1966/1966/1966
f 1955/1955/1955 1967/1967/1967 1966/1966/1966
f 1955/1955/1955 1956/1956/1956 1967/1967/1967
f 1956/1956/1956 1968/1968/1968 1967/1967/1967
f 1956/1956/1956 1957/1957/1957 1968/1968/1968
f 1957/1957/1957 1969/1969/1969 1968/1968/1968
f 1957/1957/1957 1958/1958/1958 1969/1969/1969
f 1958/1958/1958 1970/1970/1970 1969/1969/1969
f 1958/1958/1958 1959/1959/1959 1970/1970/1970
f 1959/1959/1959 1971/1971/1971 1970/1970/1970
f 1959/1959/1959 1960/1960/1960 1971/1971/1971
f 1960/1960/1960 1972/1972/1972 1971/1971/1971
f 1960/1960/1960 1961/1961/1961 1972/1972/1972
f 1961/1961/1961 1973/1973/1973 1972/1972/1972
f 1961/1961/1961 1962/1962/1962 1973/1973/1973
f 1962/1962/1962 1974/1974/1974 1973/1973/1973
f 1962/1962/1962 1963/1963/1963 1974/1974/1974
f 1963/1963/1963 1975/1975/1975 1974/1974/1974
f 1963/1963/1963 1964/1964/1964 1975/1975/1975
f 1965/1965/1965 1977/1977/1977 1976/1976/1976
f 1965/1965/1965 1966/1966/1966 1977/1977/1977
f 1966/1966/1966 1978/1978/1978 1977/1977/1977
f 1966/1966/1966 1967/1967/1967 1978/1978/1978
f 1967/1967/1967 1979/1979/1979 1978/1978/1978
f 1967/1967/1967 1968/1968/1968 1979/1979/1979
f 1968/1968/1968 1980/1980/1980 1979/1979/1979
f 1968/1968/1968 1969/1969/1969 1980/1980/1980
f 1969/1969/1969 1981/1981/1981 1980/1980/1980
f 1969/1969/1969 1970/1970/1970 1981/1981/1981
f 1970/1970/1970 1982/1982/1982 1981/1981/1981
f 1970/1970/1970 1971/1971/1971 1982/1982/1982
f 1971/1971/1971 1983/1983/1983 1982/1982/1982
f 1971/1971/1971 1972/1972/1972 1983/1983/1983
f 1972/1972/1972 1984/1984/1984 1983/1983/1983
f 1972/1972/1972 1973/1973/1973 1984/1984/1984
f 1973/1973/1973 1985/1985/1985 1984/1984/1984
f 1973/1973/1973 1974/1974/1974 1985/1985/1985
f 1974/1974/1974 1986/1986/1986 1985/1985/1985
f 1974/1974/1974 1975/1975/1975 1986/1986/1986
f 1976/1976/1976 1988/1988/1988 1987/1987/1987
f 1976/1976/1976 1977/1977/1977 1988/1988/1988
f 1977/1977/1977 1989/1989/1989 1988/1988/1988
f 1977/1977/1977 1978/1978/1978 1989/1989/1989
f 1978/1978/1978 1990/1990/1990 1989/1989/1989
f 1978/1978/1978 1979/1979/1979 1990/1990/1990
f 1979/1979/1979 1991/1991/1991 1990/1990/1990
f 1979/1979/1979 1980/1980/1980 1991/1991/1991
f 1980/1980/1980 1992/1992/1992 1991/1991/1991
f 1980/1980/1980 1981/1981/1981 1992/1992/1992
f 1981/1981/1981 1993/1993/1993 1992/1992/1992
f 1981/1981/1981 1982/1982/1982 1993/1993/1993
f 1982/1982/1982 1994/1994/1994 1993/1993/1993
f 1982/1982/1982 1983/1983/1983 1994/1994/1994
f 1983/1983/1983 1995/1995/1995 1994/1994/1994
f 1983/1983/1983 1984/1984/1984 1995/1995/1995
f 1984/1984/1984 1996/1996/1996 1995/1995/1995
f 1984/1984/1984 1985/1985/1985 1996/1996/1996
f 1985/1985/1985 1997/1997/1997 1996/1996/1996
f 1985/1985/1985 1986/1986/1986 1997/1997/1997
f 1998/1998/1998 2010/2010/2010 2009/2009/2009
f 1998/1998/1998 1999/1999/1999 2010/2010/2010
f 1999/1999/1999 2011/2011/2011 2010/2010/2010
f 1999/1999/1999 2000/2000/2000 2011/2011/2011
f 2000/2000/2000 2012/2012/2012 2011/2011/2011
f 2000/2000/2000 2001/2001/2001 2012/2012/2012
f 2001/2001/2001 2013/2013/2013 2012/2012/2012
f 2001/2001/2001 2002/2002/2002 2013/2013/2013
f 2002/2002/2002 2014/2014/2014 2013/2013/2013
f 2002/2002/2002 2003/2003/2003 2014/2014/2014
f 2003/2003/2003 2015/2015/2015 2014/2014/2014
f 2003/2003/2003 2004/2004/2004 2015/2015/2015
f 2004/2004/2004 2016/2016/2016 2015/2015/2015
f 2004/2004/2004 2005/2005/2005 2016/2016/2016
f 2005/2005/2005 2017/2017/2017 2016/2016/2016
f 2005/2005/2005 2006/2006/2006 2017/2017/2017
f 2006/2006/2006 2018/2018/2018 2017/2017/2017
f 2006/2006/2006 2007/2007/2007 2018/2018/2018
f 2007/2007/2007 2019/2019/2019 2018/2018/2018
f 2007/2007/2007 2008/2008/2008 2019/2019/2019
f 2009/2009/2009 2021/2021/2021 2020/2020/2020
f 2009/2009/2009 2010/2010/2010 2021/2021/2021
f 2010/2010/2010 2022/2022/2022 2021/2021/2021
f 2010/2010/2010 2011/2011/2011 2022/2022/2022
f 2011/2011/2011 2023/2023/2023 2022/2022/2022
f 2011/2011/2011 2012/2012/2012 2023/2023/2023
f 2012/2012/2012 2024/2024/2024 2023/2023/2023
f 2012/2012/2012 2013/2013/2013 2024/2024/2024
f 2013/2013/2013 2025/2025/2025 2024/2024/2024
f 2013/2013/2013 2014/2014/2014 2025/2025/2025
f 2014/2014/2014 2026/2026/2026 2025/2025/2025
f 2014/2014/2014 2015/2015/2015 2026/2026/2026
f 2015/2015/2015 2027/2027/2027 2026/2026/2026
f 2015/2015/2015 2016/2016/2016 2027/2027/2027
f 2016/2016/2016 2028/2028/2028 2027/2027/2027
f 2016/2016/2016 2017/2017/2017 2028/2028/2028
f 2017/2017/2017 2029/2029/2029 2028/2028/2028
f 2017/2017/2017 2018/2018/2018 2029/2029/2029
f 2018/2018/2018 2030/2030/2030 2029/2029/2029
f 2018/2018/2018 2019/2019/2019 2030/2030/2030
f 2020/2020/2020 2032/2032/2032 2031/2031/2031
f 2020/2020/2020 2021/2021/2021 2032/2032/2032
f 2021/2021/2021 2033/2033/2033 2032/2032/2032
f 2021/2021/2021 2022/2022/2022 2033/2033/2033
f 2022/2022/2022 2034/2034/2034 2033/2033/2033
f 2022/2022/2022 2023/2023/2023 2034/2034/2034
f 2023/2023/2023 2035/2035/2035 2034/2034/2034
f 2023/2023/2023 2024/2024/2024 2035/2035/2035
f 2024/2024/2024 2036/2036/2036 2035/2035/2035
f 2024/2024/2024 2025/2025/2025 2036/2036/2036
f 2025/2025/2025 2037/2037/2037 2036/2036/2036
f 2025/2025/2025 2026/2026/2026 2037/2037/2037
f 2026/2026/2026 2038/2038/2038 2037/2037/2037
f 2026/2026/2026 2027/2027/2027 2038/2038/2038
f 2027/2027/2027 2039/2039/2039 2038/2038/2038
f 2027/2027/2027 2028/2028/2028 2039/2039/2039
f 2028/2028/2028 2040/2040/2040 2039/2039/2039
f 2028/2028/2028 2029/2029/2029 2040/2040/2040
f 2029/2029/2029 2041/2041/2041 2040/2040/2040
f 2029/2029/2029 2030/2030/2030 2041/2041/2041
f 2031/2031/2031 2043/2043/2043 2042/2042/2042
f 2031/2031/2031 2032/2032/2032 2043/2043/2043
f 2032/2032/2032 2044/2044/2044 2043/2043/2043
f 2032/2032/2032 2033/2033/2033 2044/2044/2044
f 2033/2033/2033 2045/2045/2045 2044/2044/2044
f 2033/2033/2033 2034/2034/2034 2045/2045/2045
f 2034/2034/2034 2046/2046/2046 2045/2045/2045
f 2034/2034/2034 2035/2035/2035 2046/2046/2046
f 2035/2035/2035 2047/2047/2047 2046/2046/2046
f 2035/2035/2035 2036/2036/2036 2047/2047/2047
f 2036/2036/2036 2048/2048/2048 2047/2047/2047
f 2036/2036/2036 2037/2037/2037 2048/2048/2048
f 2037/2037/2037 2049/2049/2049 2048/2048/2048
f 2037/2037/2037 2038/2038/2038 2049/2049/2049
f 2038/2038/2038 2050/2050/2050 2049/2049/2049
f 2038/2038/2038 2039/2039/2039 2050/2050/2050
f 2039/2039/2039 2051/2051/2051 2050/2050/2050
f 2039/2039/2039 2040/2040/2040 2051/2051/2051
f 2040/2040/2040 2052/2052/2052 2051/2051/2051
f 2040/2040/2040 2041/2041/2041 2052/2052/2052
f 2042/2042/2042 2054/2054/2054 2053/2053/2053
f 2042/2042/2042 2043/2043/2043 2054/2054/2054
f 2043/2043/2043 2055/2055/2055 2054/2054/2054
f 2043/2043/2043 2044/2044/2044 2055/2055/2055
f 2044/2044/2044 2056/2056/2056 2055/2055/2055
f 2044/2044/2044 2045/2045/2045 2056/2056/2056
f 2045/2045/2045 2057/2057/2057 2056/2056/2056
f 2045/2045/2045 2046/2046/2046 2057/2057/2057
f 2046/2046/2046 2058/2058/2058 2057/2057/2057
f 2046/2046/2046 2047/2047/2047 2058/2058/2058
f 2047/2047/2047 2059/2059/2059 2058/2058/2058
f 2047/2047/2047 2048/2048/2048 2059/2059/2059
f 2048/2048/2048 2060/2060/2060 2059/2059/2059
f 2048/2048/2048 2049/2049/2049 2060/2060/2060
f 2049/2049/2049 2061/2061/2061 2060/2060/2060
f 2049/2049/2049 2050/2050/2050 2061/2061/2061
f 2050/2050/2050 2062/2062/2062 2061/2061/2061
f 2050/2050/2050 2051/2051/2051 2062/2062/2062
f 2051/2051/2051 2063/2063/2063 2062/2062/2062
f 2051/2051/2051 2052/2052/2052 2063/2063/2063
f 2053/2053/2053 2065/2065/2065 2064/2064/2064
f 2053/2053/2053 2054/2054/2054 2065/2065/2065
f 2054/2054/2054 2066/2066/2066 2065/2065/2065
f 2054/2054/2054 2055/2055/2055 2066/2066/2066
f 2055/2055/2055 2067/2067/2067 2066/2066/2066
f 2055/2055/2055 2056/2056/2056 2067/2067/2067
f 2056/2056/2056 2068/2068/2068 2067/2067/2067
f 2056/2056/2056 2057/2057/2057 2068/2068/2068
f 2057/2057/2057 2069/2069/2069 2068/2068/2068
f 2057/2057/2057 2058/2058/2058 2069/2069/2069
f 2058/2058/2058 2070/2070/2070 2069/2069/2069
f 2058/2058/2058 2059/2059/2059 2070/2070/2070
f 2059/2059/2059 2071/2071/2071 2070/2070/2070
f 2059/2059/2059 2060/2060/2060 2071/2071/2071
f 2060/2060/2060 2072/2072/2072 2071/2071/2071
f 2060/2060/2060 2061/2061/2061 2072/2072/2072
f 2061/2061/2061 2073/2073/2073 2072/2072/2072
f 2061/2061/2061 2062/2062/2062 2073/2073/2073
f 2062/2062/2062 2074/2074/2074 2073/2073/2073
f 2062/2062/2062 2063/2063/2063 2074/2074/2074
f 2064/2064/2064 2076/2076/2076 2075/2075/2075
f 2064/2064/2064 2065/2065/2065 2076/2076/2076
f 2065/2065/2065 2077/2077/2077 2076/2076/2076
f 2065/2065/2065 2066/2066/2066 2077/2077/2077
f 2066/2066/2066 2078/2078/2078 2077/2077/2077
f 2066/2066/2066 2067/2067/2067 2078/2078/2078
f 2067/2067/2067 2079/2079/2079 2078/2078/2078
f 2067/2067/2067 2068/2068/2068 2079/2079/2079
f 2068/2068/2068 2080/2080/2080 2079/2079/2079
f 2068/2068/2068 2069/2069/2069 2080/2080/2080
f 2069/2069/2069 2081/2081/2081 2080/2080/2080
f 2069/2069/2069 2070/2070/2070 2081/2081/2081
f 2070/2070/2070 2082/2082/2082 2081/2081/2081
f 2070/2070/2070 2071/2071/2071 2082/2082/2082
f 2071/2071/2071 2083/2083/2083 2082/2082/2082
f 2071/2071/2071 2072/2072/2072 2083/2083/2083
f 2072/2072/2072 2084/2084/2084 2083/2083/2083
f 2072/2072/2072 2073/2073/2073 2084/2084/2084
f 2073/2073/2073 2085/2085/2085 2084/2084/2084
f 2073/2073/2073 2074/2074/2074 2085/2085/2085
f 2075/2075/2075 2087/2087/2087 2086/2086/2086
f 2075/2075/2075 2076/2076/2076 2087/2087/2087
f 2076/2076/2076 2088/2088/2088 2087/2087/2087
f 2076/2076/2076 2077/2077/2077 2088/2088/2088
f 2077/2077/2077 2089/2089/2089 2088/2088/2088
f 2077/2077/2077 2078/2078/2078 2089/2089/2089
f 2078/2078/2078 2090/2090/2090 2089/2089/2089
f 2078/2078/2078 2079/2079/2079 2090/2090/2090
f 2079/2079/2079 2091/2091/2091 2090/2090/2090
f 2079/2079/2079 2080/2080/2080 2091/2091/2091
f 2080/2080/2080 2092/2092/2092 2091/2091/2091
f 2080/2080/2080 2081/2081/2081 2092/2092/2092
f 2081/2081/2081 2093/2093/2093 2092/2092/2092
f 2081/2081/2081 2082/2082/2082 2093/2093/2093
f 2082/2082/2082 2094/2094/2094 2093/2093/2093
f 2082/2082/2082 2083/2083/2083 2094/2094/2094
f 2083/2083/2083 2095/2095/2095 2094/2094/2094
f 2083/2083/2083 2084/2084/2084 2095/2095/2095
f 2084/2084/2084 2096/2096/2096 2095/2095/2095
f 2084/2084/2084 2085/2085/2085 2096/2096/2096
f 2097/2097/2097 2109/2109/2109 2108/2108/2108
f 2097/2097/2097 2098/2098/2098 2109/2109/2109
f 2098/2098/2098 2110/2110/2110 2109/2109/2109
f 2098/2098/2098 2099/2099/2099 2110/2110/2110
f 2099/2099/2099 2111/2111/2111 2110/2110/2110
f 2099/2099/2099 2100/2100/2100 2111/2111/2111
f 2100/2100/2100 2112/2112/2112 2111/2111/2111
f 2100/2100/2100 2101/2101/2101 2112/2112/2112
f 2101/2101/2101 2113/2113/2113 2112/2112/2112
f 2101/2101/2101 2102/2102/2102 2113/2113/2113
f 2102/2102/2102 2114/2114/2114 2113/2113/2113
f 2102/2102/2102 2103/2103/2103 2114/2114/2114
f 2103/2103/2103 2115/2115/2115 2114/2114/2114
f 2103/2103/2103 2104/2104/2104 2115/2115/2115
f 2104/2104/2104 2116/2116/2116 2115/2115/2115
f 2104/2104/2104 2105/2105/2105 2116/2116/2116
f 2105/2105/2105 2117/2117/2117 2116/2116/2116
f 2105/2105/2105 2106/2106/2106 2117/2117/2117
f 2106/2106/2106 2118/2118/2118 2117/2117/2117
f 2106/2106/2106 2107/2107/2107 2118/2118/2118
f 2108/2108/2108 2120/2120/2120 2119/2119/2119
f 2108/2108/2108 2109/2109/2109 2120/2120/2120
f 2109/2109/2109 2121/2121/2121 2120/2120/2120
f 2109/2109/2109 2110/2110/2110 2121/2121/2121
f 2110/2110/2110 2122/2122/2122 2121/2121/2121
f 2110/2110/2110 2111/2111/2111 2122/2122/2122
f 2111/2111/2111 2123/2123/2123 2122/2122/2122
f 2111/2111/2111 2112/2112/2112 2123/2123/2123
f 2112/2112/2112 2124/2124/2124 2123/2123/2123
f 2112/2112/2112 2113/2113/2113 2124/2124/2124
f 2113/2113/2113 2125/2125/2125 2124/2124/2124
f 2113/2113/2113 2114/2114/2114 2125/2125/2125
f 2114/2114/2114 2126/2126/2126 2125/2125/2125
f 2114/2114/2114 2115/2115/2115 2126/2126/2126
f 2115/2115/2115 2127/2127/2127 2126/2126/2126
f 2115/2115/2115 2116/2116/2116 2127/2127/2127
f 2116/2116/2116 2128/2128/2128 2127/2127/2127
f 2116/2116/2116 2117/2117/2117 2128/2128/2128
f 2117/2117/2117 2129/2129/2129 2128/2128/2128
f 2117/2117/2117 2118/2118/2118 2129/2129/2129
f 2119/2119/2119 2131/2131/2131 2130/2130/2130
f 2119/2119/2119 2120/2120/2120 2131/2131/2131
f 2120/2120/2120 2132/2132/2132 2131/2131/2131
f 2120/2120/2120 2121/2121/2121 2132/2132/2132
f 2121/2121/2121 2133/2133/2133 2132/2132/2132
f 2121/2121/2121 2122/2122/2122 2133/2133/2133
f 2122/2122/2122 2134/2134/2134 2133/2133/2133
f 2122/2122/2122 2123/2123/2123 2134/2134/2134
f 2123/2123/2123 2135/2135/2135 2134/2134/2134
f 2123/2123/2123 2124/2124/2124 2135/2135/2135
f 2124/2124/2124 2136/2136/2136 2135/2135/2135
f 2124/2124/2124 2125/2125/2125 2136/2136/2136
f 2125/2125/2125 2137/2137/2137 2136/2136/2136
f 2125/2125/2125 2126/2126/2126 2137/2137/2137
f 2126/2126/2126 2138/2138/2138 2137/2137/2137
f 2126/2126/2126 2127/2127/2127 2138/2138/2138
f 2127/2127/2127 2139/2139/2139 2138/2138/2138
f 2127/2127/2127 2128/2128/2128 2139/2139/2139
f 2128/2128/2128 2140/2140/2140 2139/2139/2139
f 2128/2128/2128 2129/2129/2129 2140/2140/2140
f 2130/2130/2130 2142/2142/2142 2141/2141/2141
f 2130/2130/2130 2131/2131/2131 2142/2142/2142
f 2131/2131/2131 2143/2143/2143 2142/2142/2142
f 2131/2131/2131 2132/2132/2132 2143/2143/2143
f 2132/2132/2132 2144/2144/2144 2143/2143/2143
f 2132/2132/2132 2133/2133/2133 2144/2144/2144
f 2133/2133/2133 2145/2145/2145 2144/2144/2144
f 2133/2133/2133 2134/2134/2134 2145/2145/2145
f 2134/2134/2134 2146/2146/2146 2145/2145/2145
f 2134/2134/2134 2135/2135/2135 2146/2146/2146
f 2135/2135/2135 2147/2147/2147 2146/2146/2146
f 2135/2135/2135 2136/2136/2136 2147/2147/2147
f 2136/2136/2136 2148/2148/2148 2147/2147/2147
f 2136/2136/2136 2137/2137/2137 2148/2148/2148
f 2137/2137/2137 2149/2149/2149 2148/2148/2148
f 2137/2137/2137 2138/2138/2138 2149/2149/2149
f 2138/2138/2138 2150/2150/2150 2149/2149/2149
f 2138/2138/2138 2139/2139/2139 2150/2150/2150
f 2139/2139/2139 2151/2151/2151 2150/2150/2150
f 2139/2139/2139 2140/2140/2140 2151/2151/2151
f 2141/2141/2141 2153/2153/2153 2152/2152/2152
f 2141/2141/2141 2142/2142/2142 2153/2153/2153
f 2142/2142/2142 2154/2154/2154 2153/2153/2153
f 2142/2142/2142 2143/2143/2143 2154/2154/2154
f 2143/2143/2143 2155/2155/2155 2154/2154/2154
f 2143/2143/2143 2144/2144/2144 2155/2155/2155
f 2144/2144/2144 2156/2156/2156 2155/2155/2155
f 2144/2144/2144 2145/2145/2145 2156/2156/2156
f 2145/2145/2145 2157/2157/2157 2156/2156/2156
f 2145/2145/2145 2146/2146/2146 2157/2157/2157
f 2146/2146/2146 2158/2158/2158 2157/2157/2157
f 2146/2146/2146 2147/2147/2147 2158/2158/2158
f 2147/2147/2147 2159/2159/2159 2158/2158/2158
f 2147/2147/2147 2148/2148/2148 2159/2159/2159
f 2148/2148/2148 2160/2160/2160 2159/2159/2159
f 2148/2148/2148 2149/2149/2149 2160/2160/2160
f 2149/2149/2149 2161/2161/2161 2160/2160/2160
f 2149/2149/2149 2150/2150/2150 2161/2161/2161
f 2150/2150/2150 2162/2162/2162 2161/2161/2161
f 2150/2150/2150 2151/2151/2151 2162/2162/2162
f 2152/2152/2152 2164/2164/2164 2163/2163/2163
f 2152/2152/2152 2153/2153/2153 2164/2164/2164
f 2153/2153/2153 2165/2165/2165 2164/2164/2164
f 2153/2153/2153 2154/2154/2154 2165/2165/2165
f 2154/2154/2154 2166/2166/2166 2165/2165/2165
f 2154/2154/2154 2155/2155/2155 2166/2166/2166
f 2155/2155/2155 2167/2167/2167 2166/2166/2166
f 2155/2155/2155 2156/2156/2156 2167/2167/2167
f 2156/2156/2156 2168/2168/2168 2167/2167/2167
f 2156/2156/2156 2157/2157/2157 2168/2168/2168
f 2157/2157/2157 2169/2169/2169 2168/2168/2168
f 2157/2157/2157 2158/2158/2158 2169/2169/2169
f 2158/2158/2158 2170/2170/2170 2169/2169/2169
f 2158/2158/2158 2159/2159/2159 2170/2170/2170
f 2159/2159/2159 2171/2171/2171 2170/2170/2170
f 2159/2159/2159 2160/2160/2160 2171/2171/2171
f 2160/2160/2160 2172/2172/2172 2171/2171/2171
f 2160/2160/2160 2161/2161/2161 2172/2172/2172
f 2161/2161/2161 2173/2173/2173 2172/2172/2172
f 2161/2161/2161 2162/2162/2162 2173/2173/2173
f 2163/2163/2163 2175/2175/2175 2174/2174/2174
f 2163/2163/2163 2164/2164/2164 2175/2175/2175
f 2164/2164/2164 2176/2176/2176 2175/2175/2175
f 2164/2164/2164 2165/2165/2165 2176/2176/2176
f 2165/2165/2165 2177/2177/2177 2176/2176/2176
f 2165/2165/2165 2166/2166/2166 2177/2177/2177
f 2166/2166/2166 2178/2178/2178 2177/2177/2177
f 2166/2166/2166 2167/2167/2167 2178/2178/2178
f 2167/2167/2167 2179/2179/2179 2178/2178/2178
f 2167/2167/2167 2168/2168/2168 2179/2179/2179
f 2168/2168/2168 2180/2180/2180 2179/2179/2179
f 2168/2168/2168 2169/2169/2169 2180/2180/2180
f 2169/2169/2169 2181/2181/2181 2180/2180/2180
f 2169/2169/2169 2170/2170/2170 2181/2181/2181
f 2170/2170/2170 2182/2182/2182 2181/2181/2181
f 2170/2170/2170 2171/2171/2171 2182/2182/2182
f 2171/2171/2171 2183/2183/2183 2182/2182/2182
f 2171/2171/2171 2172/2172/2172 2183/2183/2183
f 2172/2172/2172 2184/2184/2184 2183/2183/2183
f 2172/2172/2172 2173/2173/2173 2184/2184/2184
f 2174/2174/2174 2186/2186/2186 2185/2185/2185
f 2174/2174/2174 2175/2175/2175 2186/2186/2186
f 2175/2175/2175 2187/2187/2187 2186/2186/2186
f 2175/2175/2175 2176/2176/2176 2187/2187/2187
f 2176/2176/2176 2188/2188/2188 2187/2187/2187
f 2176/2176/2176 2177/2177/2177 2188/2188/2188
f 2177/2177/2177 2189/2189/2189 2188/2188/2188
f 2177/2177/2177 2178/2178/2178 2189/2189/2189
f 2178/2178/2178 2190/2190/2190 2189/2189/2189
f 2178/2178/2178 2179/2179/2179 2190/2190/2190
f 2179/2179/2179 2191/2191/2191 2190/2190/2190
f 2179/2179/2179 2180/2180/2180 2191/2191/2191
f 2180/2180/2180 2192/2192/2192 2191/2191/2191
f 2180/2180/2180 2181/2181/2181 2192/2192/2192
f 2181/2181/2181 2193/2193/2193 2192/2192/2192
f 2181/2181/2181 2182/2182/2182 2193/2193/2193
f 2182/2182/2182 2194/2194/2194 2193/2193/2193
f 2182/2182/2182 2183/2183/2183 2194/2194/2194
f 2183/2183/2183 2195/2195/2195 2194/2194/2194
f 2183/2183/2183 2184/2184/2184 2195/2195/2195
f 2196/2196/2196 2208/2208/2208 2207/2207/2207
f 2196/2196/2196 2197/2197/2197 2208/2208/2208
f 2197/2197/2197 2209/2209/2209 2208/2208/2208
f 2197/2197/2197 2198/2198/2198 2209/2209/2209
f 2198/2198/2198 2210/2210/2210 2209/2209/2209
f 2198/2198/2198 2199/2199/2199 2210/2210/2210
f 2199/2199/2199 2211/2211/2211 2210/2210/2210
f 2199/2199/2199 2200/2200/2200 2211/2211/2211
f 2200/2200/2200 2212/2212/2212 2211/2211/2211
f 2200/2200/2200 2201/2201/2201 2212/2212/2212
f 2201/2201/2201 2213/2213/2213 2212/2212/2212
f 2201/2201/2201 2202/2202/2202 2213/2213/2213
f 2202/2202/2202 2214/2214/2214 2213/2213/2213
f 2202/2202/2202 2203/2203/2203 2214/2214/2214
f 2203/2203/2203 2215/2215/2215 2214/2214/2214
f 2203/2203/2203 2204/2204/2204 2215/2215/2215
f 2204/2204/2204 2216/2216/2216 2215/2215/2215
f 2204/2204/2204 2205/2205/2205 2216/2216/2216
f 2205/2205/2205 2217/2217/2217 2216/2216/2216
f 2205/2205/2205 2206/2206/2206 2217/2217/2217
f 2207/2207/2207 2219/2219/2219 2218/2218/2218
f 2207/2207/2207 2208/2208/2208 2219/2219/2219
f 2208/2208/2208 2220/2220/2220 2219/2219/2219
f 2208/2208/2208 2209/2209/2209 2220/2220/2220
f 2209/2209/2209 2221/2221/2221 2220/2220/2220
f 2209/2209/2209 2210/2210/2210 2221/2221/2221
f 2210/2210/2210 2222/2222/2222 2221/2221/2221
f 2210/2210/2210 2211/2211/2211 2222/2222/2222
f 2211/2211/2211 2223/2223/2223 2222/2222/2222
f 2211/2211/2211 2212/2212/2212 2223/2223/2223
f 2212/2212/2212 2224/2224/2224 2223/2223/2223
f 2212/2212/2212 2213/2213/2213 2224/2224/2224
f 2213/2213/2213 2225/2225/2225 2224/2224/2224
f 2213/2213/2213 2214/2214/2214 2225/2225/2225
f 2214/2214/2214 2226/2226/2226 2225/2225/2225
f 2214/2214/2214 2215/2215/2215 2226/2226/2226
f 2215/2215/2215 2227/2227/2227 2226/2226/2226
f 2215/2215/2215 2216/2216/2216 2227/2227/2227
f 2216/2216/2216 2228/2228/2228 2227/2227/2227
f 2216/2216/2216 2217/2217/2217 2228/2228/2228
f 2218/2218/2218 2230/2230/2230 2229/2229/2229
f 2218/2218/2218 2219/2219/2219 2230/2230/2230
f 2219/2219/2219 2231/2231/2231 2230/2230/2230
f 2219/2219/2219 2220/2220/2220 2231/2231/2231
f 2220/2220/2220 2232/2232/2232 2231/2231/2231
f 2220/2220/2220 2221/2221/2221 2232/2232/2232
f 2221/2221/2221 2233/2233/2233 2232/2232/2232
f 2221/2221/2221 2222/2222/2222 2233/2233/2233
f 2222/2222/2222 2234/2234/2234 2233/2233/2233
f 2222/2222/2222 2223/2223/2223 2234/2234/2234
f 2223/2223/2223 2235/2235/2235 2234/2234/2234
f 2223/2223/2223 2224/2224/2224 2235/2235/2235
f 2224/2224/2224 2236/2236/2236 2235/2235/2235
f 2224/2224/2224 2225/2225/2225 2236/2236/2236
f 2225/2225/2225 2237/2237/2237 2236/2236/2236
f 2225/2225/2225 2226/2226/2226 2237/2237/2237
f 2226/2226/2226 2238/2238/2238 2237/2237/2237
f 2226/2226/2226 2227/2227/2227 2238/2238/2238
f 2227/2227/2227 2239/2239/2239 2238/2238/2238
f 2227/2227/2227 2228/2228/2228 2239/2239/2239
f 2229/2229/2229 2241/2241/2241 2240/2240/2240
f 2229/2229/2229 2230/2230/2230 2241/2241/2241
f 2230/2230/2230 2242/2242/2242 2241/2241/2241
f 2230/2230/2230 2231/2231/2231 2242/2242/2242
f 2231/2231/2231 2243/2243/2243 2242/2242/2242
f 2231/2231/2231 2232/2232/2232 2243/2243/2243
f 2232/2232/2232 2244/2244/2244 2243/2243/2243
f 2232/2232/2232 2233/2233/2233 2244/2244/2244
f 2233/2233/2233 2245/2245/2245 2244/2244/2244
f 2233/2233/2233 2234/2234/2234 2245/2245/2245
f 2234/2234/2234 2246/2246/2246 2245/2245/2245
f 2234/2234/2234 2235/2235/2235 2246/2246/2246
f 2235/2235/2235 2247/2247/2247 2246/2246/2246
f 2235/2235/2235 2236/2236/2236 2247/2247/2247
f 2236/2236/2236 2248/2248/2248 2247/2247/2247
f 2236/2236/2236 2237/2237/2237 2248/2248/2248
f 2237/2237/2237 2249/2249/2249 2248/2248/2248
f 2237/2237/2237 2238/2238/2238 2249/2249/2249
f 2238/2238/2238 2250/2250/2250 2249/2249/2249
f 2238/2238/2238 2239/2239/2239 2250/2250/2250
f 2240/2240/2240 2252/2252/2252 2251/2251/2251
f 2240/2240/2240 2241/2241/2241 2252/2252/2252
f 2241/2241/2241 2253/2253/2253 2252/2252/2252
f 2241/2241/2241 2242/2242/2242 2253/2253/2253
f 2242/2242/2242 2254/2254/2254 2253/2253/2253
f 2242/2242/2242 2243/2243/2243 2254/2254/2254
f 2243/2243/2243 2255/2255/2255 2254/2254/2254
f 2243/2243/2243 2244/2244/2244 2255/2255/2255
f 2244/2244/2244 2256/2256/2256 2255/2255/2255
f 2244/2244/2244 2245/2245/2245 2256/2256/2256
f 2245/2245/2245 2257/2257/2257 2256/2256/2256
f 2245/2245/2245 2246/2246/2246 2257/2257/2257
f 2246/2246/2246 2258/2258/2258 2257/2257/2257
f 2246/2246/2246 2247/2247/2247 2258/2258/2258
f 2247/2247/2247 2259/2259/2259 2258/2258/2258
f 2247/2247/2247 2248/2248/2248 2259/2259/2259
f 2248/2248/2248 2260/2260/2260 2259/2259/2259
f 2248/2248/2248 2249/2249/2249 2260/2260/2260
f 2249/2249/2249 2261/2261/2261 2260/2260/2260
f 2249/2249/2249 2250/2250/2250 2261/2261/2261
f 2251/2251/2251 2263/2263/2263 2262/2262/2262
f 2251/2251/2251 2252/2252/2252 2263/2263/2263
f 2252/2252/2252 2264/2264/2264 2263/2263/2263
f 2252/2252/2252 2253/2253/2253 2264/2264/2264
f 2253/2253/2253 2265/2265/2265 2264/2264/2264
f 2253/2253/2253 2254/2254/2254 2265/2265/2265
f 2254/2254/2254 2266/2266/2266 2265/2265/2265
f 2254/2254/2254 2255/2255/2255 2266/2266/2266
f 2255/2255/2255 2267/2267/2267 2266/2266/2266
f 2255/2255/2255 2256/2256/2256 2267/2267/2267
f 2256/2256/2256 2268/2268/2268 2267/2267/2267
f 2256/2256/2256 2257/2257/2257 2268/2268/2268
f 2257/2257/2257 2269/2269/2269 2268/2268/2268
f 2257/2257/2257 2258/2258/2258 2269/2269/2269
f 2258/2258/2258 2270/2270/2270 2269/2269/2269
f 2258/2258/2258 2259/2259/2259 2270/2270/2270
f 2259/2259/2259 2271/2271/2271 2270/2270/2270
f 2259/2259/2259 2260/2260/2260 2271/2271/2271
f 2260/2260/2260 2272/2272/2272 2271/2271/2271
f 2260/2260/2260 2261/2261/2261 2272/2272/2272
f 2262/2262/2262 2274/2274/2274 2273/2273/2273
f 2262/2262/2262 2263/2263/2263 2274/2274/2274
f 2263/2263/2263 2275/2275/2275 2274/2274/2274
f 2263/2263/2263 2264/2264/2264 2275/2275/2275
f 2264/2264/2264 2276/2276/2276 2275/2275/2275
f 2264/2264/2264 2265/2265/2265 2276/2276/2276
f 2265/2265/2265 2277/2277/2277 2276/2276/2276
f 2265/2265/2265 2266/2266/2266 2277/2277/2277
f 2266/2266/2266 2278/2278/2278 2277/2277/2277
f 2266/2266/2266 2267/2267/2267 2278/2278/2278
f 2267/2267/2267 2279/2279/2279 2278/2278/2278
f 2267/2267/2267 2268/2268/2268 2279/2279/2279
f 2268/2268/2268 2280/2280/2280 2279/2279/2279
f 2268/2268/2268 2269/2269/2269 2280/2280/2280
f 2269/2269/2269 2281/2281/2281 2280/2280/2280
f 2269/2269/2269 2270/2270/2270 2281/2281/2281
f 2270/2270/2270 2282/2282/2282 2281/2281/2281
f 2270/2270/2270 2271/2271/2271 2282/2282/2282
f 2271/2271/2271 2283/2283/2283 2282/2282/2282
f 2271/2271/2271 2272/2272/2272 2283/2283/2283
f 2273/2273/2273 2285/2285/2285 2284/2284/2284
f 2273/2273/2273 2274/2274/2274 2285/2285/2285
f 2274/2274/2274 2286/2286/2286 2285/2285/2285
f 2274/2274/2274 2275/2275/2275 2286/2286/2286
f 2275/2275/2275 2287/2287/2287 2286/2286/2286
f 2275/2275/2275 2276/2276/2276 2287/2287/2287
f 2276/2276/2276 2288/2288/2288 2287/2287/2287
f 2276/2276/2276 2277/2277/2277 2288/2288/2288
f 2277/2277/2277 2289/2289/2289 2288/2288/2288
f 2277/2277/2277 2278/2278/2278 2289/2289/2289
f 2278/2278/2278 2290/2290/2290 2289/2289/2289
f 2278/2278/2278 2279/2279/2279 2290/2290/2290
f 2279/2279/2279 2291/2291/2291 2290/2290/2290
f 2279/2279/2279 2280/2280/2280 2291/2291/2291
f 2280/2280/2280 2292/2292/2292 2291/2291/2291
f 2280/2280/2280 2281/2281/2281 2292/2292/2292
f 2281/2281/2281 2293/2293/2293 2292/2292/2292
f 2281/2281/2281 2282/2282/2282 2293/2293/2293
f 2282/2282/2282 2294/2294/2294 2293/2293/2293
f 2282/2282/2282 2283/2283/2283 2294/2294/2294
f 2295/2295/2295 2303/2303/2303 2299/2299/2299
f 2295/2295/2295 2299/2299/2299 2309/2309/2309
f 2295/2295/2295 2309/2309/2309 2307/2307/2307
f 2295/2295/2295 2311/2311/2311 2297/2297/2297
f 2295/2295/2295 2297/2297/2297 2305/2305/2305
f 2295/2295/2295 2305/2305/2305 2303/2303/2303
f 2295/2295/2295 2307/2307/2307 2296/2296/2296
f 2295/2295/2295 2296/2296/2296 2312/2312/2312
f 2295/2295/2295 2312/2312/2312 2311/2311/2311
f 2303/2303/2303 2305/2305/2305 2301/2301/2301
f 2303/2303/2303 2301/2301/2301 2313/2313/2313
f 2303/2303/2303 2313/2313/2313 2299/2299/2299
f 2297/2297/2297 2308/2308/2308 2298/2298/2298
f 2297/2297/2297 2298/2298/2298 2306/2306/2306
f 2297/2297/2297 2306/2306/2306 2305/2305/2305
f 2297/2297/2297 2311/2311/2311 2312/2312/2312
f 2297/2297/2297 2312/2312/2312 2298/2298/2298
f 2297/2297/2297 2298/2298/2298 2308/2308/2308
f 2299/2299/2299 2313/2313/2313 2314/2314/2314
f 2299/2299/2299 2314/2314/2314 2300/2300/2300
f 2299/2299/2299 2300/2300/2300 2309/2309/2309
f 2301/2301/2301 2310/2310/2310 2302/2302/2302
f 2301/2301/2301 2302/2302/2302 2314/2314/2314
f 2301/2301/2301 2314/2314/2314 2313/2313/2313
f 2301/2301/2301 2305/2305/2305 2306/2306/2306
f 2301/2301/2301 2306/2306/2306 2302/2302/2302
f 2301/2301/2301 2302/2302/2302 2310/2310/2310
f 2296/2296/2296 2304/2304/2304 2300/2300/2300
f 2296/2296/2296 2300/2300/2300 2309/2309/2309
f 2296/2296/2296 2309/2309/2309 2307/2307/2307
f 2296/2296/2296 2312/2312/2312 2298/2298/2298
f 2296/2296/2296 2298/2298/2298 2306/2306/2306
f 2296/2296/2296 2306/2306/2306 2304/2304/2304
f 2300/2300/2300 2314/2314/2314 2302/2302/2302
f 2300/2300/2300 2302/2302/2302 2310/2310/2310
f 2300/2300/2300 2310/2310/2310 2304/2304/2304
f 2315/2315/2315 2327/2327/2327 2326/2326/2326
f 2315/2315/2315 2316/2316/2316 2327/2327/2327
f 2316/2316/2316 2328/2328/2328 2327/2327/2327
f 2316/2316/2316 2317/2317/2317 2328/2328/2328
f 2317/2317/2317 2329/2329/2329 2328/2328/2328
f 2317/2317/2317 2318/2318/2318 2329/2329/2329
f 2318/2318/2318 2330/2330/2330 2329/2329/2329
f 2318/2318/2318 2319/2319/2319 2330/2330/2330
f 2319/2319/2319 2331/2331/2331 2330/2330/2330
f 2319/2319/2319 2320/2320/2320 2331/2331/2331
f 2320/2320/2320 2332/2332/2332 2331/2331/2331
f 2320/2320/2320 2321/2321/2321 2332/2332/2332
f 2321/2321/2321 2333/2333/2333 2332/2332/2332
f 2321/2321/2321 2322/2322/2322 2333/2333/2333
f 2322/2322/2322 2334/2334/2334 2333/2333/2333
f 2322/2322/2322 2323/2323/2323 2334/2334/2334
f 2323/2323/2323 2335/2335/2335 2334/2334/2334
f 2323/2323/2323 2324/2324/2324 2335/2335/2335
f 2324/2324/2324 2336/2336/2336 2335/2335/2335
f 2324/2324/2324 2325/2325/2325 2336/2336/2336
f 2326/2326/2326 2338/2338/2338 2337/2337/2337
f 2326/2326/2326 2327/2327/2327 2338/2338/2338
f 2327/2327/2327 2339/2339/2339 2338/2338/2338
f 2327/2327/2327 2328/2328/2328 2339/2339/2339
f 2328/2328/2328 2340/2340/2340 2339/2339/2339
f 2328/2328/2328 2329/2329/2329 2340/2340/2340
f 2329/2329/2329 2341/2341/2341 2340/2340/2340
f 2329/2329/2329 2330/2330/2330 2341/2341/2341
f 2330/2330/2330 2342/2342/2342 2341/2341/2341
f 2330/2330/2330 2331/2331/2331 2342/2342/2342
f 2331/2331/2331 2343/2343/2343 2342/2342/2342
f 2331/2331/2331 2332/2332/2332 2343/2343/2343
f 2332/2332/2332 2344/2344/2344 2343/2343/2343
f 2332/2332/2332 2333/2333/2333 2344/2344/2344
f 2333/2333/2333 2345/2345/2345 2344/2344/2344
f 2333/2333/2333 2334/2334/2334 2345/2345/2345
f 2334/2334/2334 2346/2346/2346 2345/2345/2345
f 2334/2334/2334 2335/2335/2335 2346/2346/2346
f 2335/2335/2335 2347/2347/2347 2346/2346/2346
f 2335/2335/2335 2336/2336/2336 2347/2347/2347
f 2337/2337/2337 2349/2349/2349 2348/2348/2348
f 2337/2337/2337 2338/2338/2338 2349/2349/2349
f 2338/2338/2338 2350/2350/2350 2349/2349/2349
f 2338/2338/2338 2339/2339/2339 2350/2350/2350
f 2339/2339/2339 2351/2351/2351 2350/2350/2350
f 2339/2339/2339 2340/2340/2340 2351/2351/2351
f 2340/2340/2340 2352/2352/2352 2351/2351/2351
f 2340/2340/2340 2341/2341/2341 2352/2352/2352
f 2341/2341/2341 2353/2353/2353 2352/2352/2352
f 2341/2341/2341 2342/2342/2342 2353/2353/2353
f 2342/2342/2342 2354/2354/2354 2353/2353/2353
f 2342/2342/2342 2343/2343/2343 2354/2354/2354
f 2343/2343/2343 2355/2355/2355 2354/2354/2354
f 2343/2343/2343 2344/2344/2344 2355/2355/2355
f 2344/2344/2344 2356/2356/2356 2355/2355/2355
f 2344/2344/2344 2345/2345/2345 2356/2356/2356
f 2345/2345/2345 2357/2357/2357 2356/2356/2356
f 2345/2345/2345 2346/2346/2346 2357/2357/2357
f 2346/2346/2346 2358/2358/2358 2357/2357/2357
f 2346/2346/2346 2347/2347/2347 2358/2358/2358
f 2348/2348/2348 2360/2360/2360 2359/2359/2359
f 2348/2348/2348 2349/2349/2349 2360/2360/2360
f 2349/2349/2349 2361/2361/2361 2360/2360/2360
f 2349/2349/2349 2350/2350/2350 2361/2361/2361
f 2350/2350/2350 2362/2362/2362 2361/2361/2361
f 2350/2350/2350 2351/2351/2351 2362/2362/2362
f 2351/2351/2351 2363/2363/2363 2362/2362/2362
f 2351/2351/2351 2352/2352/2352 2363/2363/2363
f 2352/2352/2352 2364/2364/2364 2363/2363/2363
f 2352/2352/2352 2353/2353/2353 2364/2364/2364
f 2353/2353/2353 2365/2365/2365 2364/2364/2364
f 2353/2353/2353 2354/2354/2354 2365/2365/2365
f 2354/2354/2354 2366/2366/2366 2365/2365/2365
f 2354/2354/2354 2355/2355/2355 2366/2366/2366
f 2355/2355/2355 2367/2367/2367 2366/2366/2366
f 2355/2355/2355 2356/2356/2356 2367/2367/2367
f 2356/2356/2356 2368/2368/2368 2367/2367/2367
f 2356/2356/2356 2357/2357/2357 2368/2368/2368
f 2357/2357/2357 2369/2369/2369 2368/2368/2368
f 2357/2357/2357 2358/2358/2358 2369/2369/2369
f 2359/2359/2359 2371/2371/2371 2370/2370/2370
f 2359/2359/2359 2360/2360/2360 2371/2371/2371
f 2360/2360/2360 2372/2372/2372 2371/2371/2371
f 2360/2360/2360 2361/2361/2361 2372/2372/2372
f 2361/2361/2361 2373/2373/2373 2372/2372/2372
f 2361/2361/2361 2362/2362/2362 2373/2373/2373
f 2362/2362/2362 2374/2374/2374 2373/2373/2373
f 2362/2362/2362 2363/2363/2363 2374/2374/2374
f 2363/2363/2363 2375/2375/2375 2374/2374/2374
f 2363/2363/2363 2364/2364/2364 2375/2375/2375
f 2364/2364/2364 2376/2376/2376 2375/2375/2375
f 2364/2364/2364 2365/2365/2365 2376/2376/2376
f 2365/2365/2365 2377/2377/2377 2376/2376/2376
f 2365/2365/2365 2366/2366/2366 2377/2377/2377
f 2366/2366/2366 2378/2378/2378 2377/2377/2377
f 2366/2366/2366 2367/2367/2367 2378/2378/2378
f 2367/2367/2367 2379/2379/2379 2378/2378/2378
f 2367/2367/2367 2368/2368/2368 2379/2379/2379
f 2368/2368/2368 2380/2380/2380 2379/2379/2379
f 2368/2368/2368 2369/2369/2369 2380/2380/2380
f 2370/2370/2370 2382/2382/2382 2381/2381/2381
f 2370/2370/2370 2371/2371/2371 2382/2382/2382
f 2371/2371/2371 2383/2383/2383 2382/2382/2382
f 2371/2371/2371 2372/2372/2372 2383/2383/2383
f 2372/2372/2372 2384/2384/2384 2383/2383/2383
f 2372/2372/2372 2373/2373/2373 2384/2384/2384
f 2373/2373/2373 2385/2385/2385 2384/2384/2384
f 2373/2373/2373 2374/2374/2374 2385/2385/2385
f 2374/2374/2374 2386/2386/2386 2385/2385/2385
f 2374/2374/2374 2375/2375/2375 2386/2386/2386
f 2375/2375/2375 2387/2387/2387 2386/2386/2386
f 2375/2375/2375 2376/2376/2376 2387/2387/2387
f 2376/2376/2376 2388/2388/2388 2387/2387/2387
f 2376/2376/2376 2377/2377/2377 2388/2388/2388
f 2377/2377/2377 2389/2389/2389 2388/2388/2388
f 2377/2377/2377 2378/2378/2378 2389/2389/2389
f 2378/2378/2378 2390/2390/2390 2389/2389/2389
f 2378/2378/2378 2379/2379/2379 2390/2390/2390
f 2379/2379/2379 2391/2391/2391 2390/2390/2390
f 2379/2379/2379 2380/2380/2380 2391/2391/2391
f 2381/2381/2381 2393/2393/2393 2392/2392/2392
f 2381/2381/2381 2382/2382/2382 2393/2393/2393
f 2382/2382/2382 2394/2394/2394 2393/2393/2393
f 2382/2382/2382 2383/2383/2383 2394/2394/2394
f 2383/2383/2383 2395/2395/2395 2394/2394/2394
f 2383/2383/2383 2384/2384/2384 2395/2395/2395
f 2384/2384/2384 2396/2396/2396 2395/2395/2395
f 2384/2384/2384 2385/2385/2385 2396/2396/2396
f 2385/2385/2385 2397/2397/2397 2396/2396/2396
f 2385/2385/2385 2386/2386/2386 2397/2397/2397
f 2386/2386/2386 2398/2398/2398 2397/2397/2397
f 2386/2386/2386 2387/2387/2387 2398/2398/2398
f 2387/2387/2387 2399/2399/2399 2398/2398/2398
f 2387/2387/2387 2388/2388/2388 2399/2399/2399
f 2388/2388/2388 2400/2400/2400 2399/2399/2399
f 2388/2388/2388 2389/2389/2389 2400/2400/2400
f 2389/2389/2389 2401/2401/2401 2400/2400/2400
f 2389/2389/2389 2390/2390/2390 2401/2401/2401
f 2390/2390/2390 2402/2402/2402 2401/2401/2401
f 2390/2390/2390 2391/2391/2391 2402/2402/2402
f 2392/2392/2392 2404/2404/2404 2403/2403/2403
f 2392/2392/2392 2393/2393/2393 2404/2404/2404
f 2393/2393/2393 2405/2405/2405 2404/2404/2404
f 2393/2393/2393 2394/2394/2394 2405/2405/2405
f 2394/2394/2394 2406/2406/2406 2405/2405/2405
f 2394/2394/2394 2395/2395/2395 2406/2406/2406
f 2395/2395/2395 2407/2407/2407 2406/2406/2406
f 2395/2395/2395 2396/2396/2396 2407/2407/2407
f 2396/2396/2396 2408/2408/2408 2407/2407/2407
f 2396/2396/2396 2397/2397/2397 2408/2408/2408
f 2397/2397/2397 2409/2409/2409 2408/2408/2408
f 2397/2397/2397 2398/2398/2398 2409/2409/2409
f 2398/2398/2398 2410/2410/2410 2409/2409/2409
f 2398/2398/2398 2399/2399/2399 2410/2410/2410
f 2399/2399/2399 2411/2411/2411 2410/2410/2410
f 2399/2399/2399 2400/2400/2400 2411/2411/2411
f 2400/2400/2400 2412/2412/2412 2411/2411/2411
f 2400/2400/2400 2401/2401/2401 2412/2412/2412
f 2401/2401/2401 2413/2413/2413 2412/2412/2412
f 2401/2401/2401 2402/2402/2402 2413/2413/2413
f 2414/2414/2414 2426/2426/2426 2425/2425/2425
f 2414/2414/2414 2415/2415/2415 2426/2426/2426
f 2415/2415/2415 2427/2427/2427 2426/2426/2426
f 2415/2415/2415 2416/2416/2416 2427/2427/2427
f 2416/2416/2416 2428/2428/2428 2427/2427/2427
f 2416/2416/2416 2417/2417/2417 2428/2428/2428
f 2417/2417/2417 2429/2429/2429 2428/2428/2428
f 2417/2417/2417 2418/2418/2418 2429/2429/2429
f 2418/2418/2418 2430/2430/2430 2429/2429/2429
f 2418/2418/2418 2419/2419/2419 2430/2430/2430
f 2419/2419/2419 2431/2431/2431 2430/2430/2430
f 2419/2419/2419 2420/2420/2420 2431/2431/2431
f 2420/2420/2420 2432/2432/2432 2431/2431/2431
f 2420/2420/2420 2421/2421/2421 2432/2432/2432
f 2421/2421/2421 2433/2433/2433 2432/2432/2432
f 2421/2421/2421 2422/2422/2422 2433/2433/2433
f 2422/2422/2422 2434/2434/2434 2433/2433/2433
f 2422/2422/2422 2423/2423/2423 2434/2434/2434
f 2423/2423/2423 2435/2435/2435 2434/2434/2434
f 2423/2423/2423 2424/2424/2424 2435/2435/2435
f 2425/2425/2425 2437/2437/2437 2436/2436/2436
f 2425/2425/2425 2426/2426/2426 2437/2437/2437
f 2426/2426/2426 2438/2438/2438 2437/2437/2437
f 2426/2426/2426 2427/2427/2427 2438/2438/2438
f 2427/2427/2427 2439/2439/2439 2438/2438/2438
f 2427/2427/2427 2428/2428/2428 2439/2439/2439
f 2428/2428/2428 2440/2440/2440 2439/2439/2439
f 2428/2428/2428 2429/2429/2429 2440/2440/2440
f 2429/2429/2429 2441/2441/2441 2440/2440/2440
f 2429/2429/2429 2430/2430/2430 2441/2441/2441
f 2430/2430/2430 2442/2442/2442 2441/2441/2441
f 2430/2430/2430 2431/2431/2431 2442/2442/2442
f 2431/2431/2431 2443/2443/2443 2442/2442/2442
f 2431/2431/2431 2432/2432/2432 2443/2443/2443
f 2432/2432/2432 2444/2444/2444 2443/2443/2443
f 2432/2432/2432 2433/2433/2433 2444/2444/2444
f 2433/2433/2433 2445/2445/2445 2444/2444/2444
f 2433/2433/2433 2434/2434/2434 2445/2445/2445
f 2434/2434/2434 2446/2446/2446 2445/2445/2445
f 2434/2434/2434 2435/2435/2435 2446/2446/2446
f 2436/2436/2436 2448/2448/2448 2447/2447/2447
f 2436/2436/2436 2437/2437/2437 2448/2448/2448
f 2437/2437/2437 2449/2449/2449 2448/2448/2448
f 2437/2437/2437 2438/2438/2438 2449/2449/2449
f 2438/2438/2438 2450/2450/2450 2449/2449/2449
f 2438/2438/2438 2439/2439/2439 2450/2450/2450
f 2439/2439/2439 2451/2451/2451 2450/2450/2450
f 2439/2439/2439 2440/2440/2440 2451/2451/2451
f 2440/2440/2440 2452/2452/2452 2451/2451/2451
f 2440/2440/2440 2441/2441/2441 2452/2452/2452
f 2441/2441/2441 2453/2453/2453 2452/2452/2452
f 2441/2441/2441 2442/2442/2442 2453/2453/2453
f 2442/2442/2442 2454/2454/2454 2453/2453/2453
f 2442/2442/2442 2443/2443/2443 2454/2454/2454
f 2443/2443/2443 2455/2455/2455 2454/2454/2454
f 2443/2443/2443 2444/2444/2444 2455/2455/2455
f 2444/2444/2444 2456/2456/2456 2455/2455/2455
f 2444/2444/2444 2445/2445/2445 2456/2456/2456
f 2445/2445/2445 2457/2457/2457 2456/2456/2456
f 2445/2445/2445 2446/2446/2446 2457/2457/2457
f 2447/2447/2447 2459/2459/2459 2458/2458/2458
f 2447/2447/2447 2448/2448/2448 2459/2459/2459
f 2448/2448/2448 2460/2460/2460 2459/2459/2459
f 2448/2448/2448 2449/2449/2449 2460/2460/2460
f 2449/2449/2449 2461/2461/2461 2460/2460/2460
f 2449/2449/2449 2450/2450/2450 2461/2461/2461
f 2450/2450/2450 2462/2462/2462 2461/2461/2461
f 2450/2450/2450 2451/2451/2451 2462/2462/2462
f 2451/2451/2451 2463/2463/2463 2462/2462/2462
f 2451/2451/2451 2452/2452/2452 2463/2463/2463
f 2452/2452/2452 2464/2464/2464 2463/2463/2463
f 2452/2452/2452 2453/2453/2453 2464/2464/2464
f 2453/2453/2453 2465/2465/2465 2464/2464/2464
f 2453/2453/2453 2454/2454/2454 2465/2465/2465
f 2454/2454/2454 2466/2466/2466 2465/2465/2465
f 2454/2454/2454 2455/2455/2455 2466/2466/2466
f 2455/2455/2455 2467/2467/2467 2466/2466/2466
f 2455/2455/2455 2456/2456/2456 2467/2467/2467
f 2456/2456/2456 2468/2468/2468 2467/2467/2467
f 2456/2456/2456 2457/2457/2457 2468/2468/2468
f 2458/2458/2458 2470/2470/2470 2469/2469/2469
f 2458/2458/2458 2459/2459/2459 2470/2470/2470
f 2459/2459/2459 2471/2471/2471 2470/2470/2470
f 2459/2459/2459 2460/2460/2460 2471/2471/2471
f 2460/2460/2460 2472/2472/2472 2471/2471/2471
f 2460/2460/2460 2461/2461/2461 2472/2472/2472
f 2461/2461/2461 2473/2473/2473 2472/2472/2472
f 2461/2461/2461 2462/2462/2462 2473/2473/2473
f 2462/2462/2462 2474/2474/2474 2473/2473/2473
f 2462/2462/2462 2463/2463/2463 2474/2474/2474
f 2463/2463/2463 2475/2475/2475 2474/2474/2474
f 2463/2463/2463 2464/2464/2464 2475/2475/2475
f 2464/2464/2464 2476/2476/2476 2475/2475/2475
f 2464/2464/2464 2465/2465/2465 2476/2476/2476
f 2465/2465/2465 2477/2477/2477 2476/2476/2476
f 2465/2465/2465 2466/2466/2466 2477/2477/2477
f 2466/2466/2466 2478/2478/2478 2477/2477/2477
f 2466/2466/2466 2467/2467/2467 2478/2478/2478
f 2467/2467/2467 2479/2479/2479 2478/2478/2478
f 2467/2467/2467 2468/2468/2468 2479/2479/2479
f 2469/2469/2469 2481/2481/2481 2480/2480/2480
f 2469/2469/2469 2470/2470/2470 2481/2481/2481
f 2470/2470/2470 2482/2482/2482 2481/2481/2481
f 2470/2470/2470 2471/2471/2471 2482/2482/2482
f 2471/2471/2471 2483/2483/2483 2482/2482/2482
f 2471/2471/2471 2472/2472/2472 2483/2483/2483
f 2472/2472/2472 2484/2484/2484 2483/2483/2483
f 2472/2472/2472 2473/2473/2473 2484/2484/2484
f 2473/2473/2473 2485/2485/2485 2484/2484/2484
f 2473/2473/2473 2474/2474/2474 2485/2485/2485
f 2474/2474/2474 2486/2486/2486 2485/2485/2485
f 2474/2474/2474 2475/2475/2475 2486/2486/2486
f 2475/2475/2475 2487/2487/2487 2486/2486/2486
f 2475/2475/2475 2476/2476/2476 2487/2487/2487
f 2476/2476/2476 2488/2488/2488 2487/2487/2487
f 2476/2476/2476 2477/2477/2477 2488/2488/2488
f 2477/2477/2477 2489/2489/2489 2488/2488/2488
f 2477/2477/2477 2478/2478/2478 2489/2489/2489
f 2478/2478/2478 2490/2490/2490 2489/2489/2489
f 2478/2478/2478 2479/2479/2479 2490/2490/2490
f 2480/2480/2480 2492/2492/2492 2491/2491/2491
f 2480/2480/2480 2481/2481/2481 2492/2492/2492
f 2481/2481/2481 2493/2493/2493 2492/2492/2492
f 2481/2481/2481 2482/2482/2482 2493/2493/2493
f 2482/2482/2482 2494/2494/2494 2493/2493/2493
f 2482/2482/2482 2483/2483/2483 2494/2494/2494
f 2483/2483/2483 2495/2495/2495 2494/2494/2494
f 2483/2483/2483 2484/2484/2484 2495/2495/2495
f 2484/2484/2484 2496/2496/2496 2495/2495/2495
f 2484/2484/2484 2485/2485/2485 2496/2496/2496
f 2485/2485/2485 2497/2497/2497 2496/2496/2496
f 2485/2485/2485 2486/2486/2486 2497/2497/2497
f 2486/2486/2486 2498/2498/2498 2497/2497/2497
f 2486/2486/2486 2487/2487/2487 2498/2498/2498
f 2487/2487/2487 2499/2499/2499 2498/2498/2498
f 2487/2487/2487 2488/2488/2488 2499/2499/2499
f 2488/2488/2488 2500/2500/2500 2499/2499/2499
f 2488/2488/2488 2489/2489/2489 2500/2500/2500
f 2489/2489/2489 2501/2501/2501 2500/2500/2500
f 2489/2489/2489 2490/2490/2490 2501/2501/2501
f 2491/2491/2491 2503/2503/2503 2502/2502/2502
f 2491/2491/2491 2492/2492/2492 2503/2503/2503
f 2492/2492/2492 2504/2504/2504 2503/2503/2503
f 2492/2492/2492 2493/2493/2493 2504/2504/2504
f 2493/2493/2493 2505/2505/2505 2504/2504/2504
f 2493/2493/2493 2494/2494/2494 2505/2505/2505
f 2494/2494/2494 2506/2506/2506 2505/2505/2505
f 2494/2494/2494 2495/2495/2495 2506/2506/2506
f 2495/2495/2495 2507/2507/2507 2506/2506/2506
f 2495/2495/2495 2496/2496/2496 2507/2507/2507
f 2496/2496/2496 2508/2508/2508 2507/2507/2507
f 2496/2496/2496 2497/2497/2497 2508/2508/2508
f 2497/2497/2497 2509/2509/2509 2508/2508/2508
f 2497/2497/2497 2498/2498/2498 2509/2509/2509
f 2498/2498/2498 2510/2510/2510 2509/2509/2509
f 2498/2498/2498 2499/2499/2499 2510/2510/2510
f 2499/2499/2499 2511/2511/2511 2510/2510/2510
f 2499/2499/2499 2500/2500/2500 2511/2511/2511
f 2500/2500/2500 2512/2512/2512 2511/2511/2511
f 2500/2500/2500 2501/2501/2501 2512/2512/2512
f 2513/2513/2513 2525/2525/2525 2524/2524/2524
f 2513/2513/2513 2514/2514/2514 2525/2525/2525
f 2514/2514/2514 2526/2526/2526 2525/2525/2525
f 2514/2514/2514 2515/2515/2515 2526/2526/2526
f 2515/2515/2515 2527/2527/2527 2526/2526/2526
f 2515/2515/2515 2516/2516/2516 2527/2527/2527
f 2516/2516/2516 2528/2528/2528 2527/2527/2527
f 2516/2516/2516 2517/2517/2517 2528/2528/2528
f 2517/2517/2517 2529/2529/2529 2528/2528/2528
f 2517/2517/2517 2518/2518/2518 2529/2529/2529
f 2518/2518/2518 2530/2530/2530 2529/2529/2529
f 2518/2518/2518 2519/2519/2519 2530/2530/2530
f 2519/2519/2519 2531/2531/2531 2530/2530/2530
f 2519/2519/2519 2520/2520/2520 2531/2531/2531
f 2520/2520/2520 2532/2532/2532 2531/2531/2531
f 2520/2520/2520 2521/2521/2521 2532/2532/2532
f 2521/2521/2521 2533/2533/2533 2532/2532/2532
f 2521/2521/2521 2522/2522/2522 2533/2533/2533
f 2522/2522/2522 2534/2534/2534 2533/2533/2533
f 2522/2522/2522 2523/2523/2523 2534/2534/2534
f 2524/2524/2524 2536/2536/2536 2535/2535/2535
f 2524/2524/2524 2525/2525/2525 2536/2536/2536
f 2525/2525/2525 2537/2537/2537 2536/2536/2536
f 2525/2525/2525 2526/2526/2526 2537/2537/2537
f 2526/2526/2526 2538/2538/2538 2537/2537/2537
f 2526/2526/2526 2527/2527/2527 2538/2538/2538
f 2527/2527/2527 2539/2539/2539 2538/2538/2538
f 2527/2527/2527 2528/2528/2528 2539/2539/2539
f 2528/2528/2528 2540/2540/2540 2539/2539/2539
f 2528/2528/2528 2529/2529/2529 2540/2540/2540
f 2529/2529/2529 2541/2541/2541 2540/2540/2540
f 2529/2529/2529 2530/2530/2530 2541/2541/2541
f 2530/2530/2530 2542/2542/2542 2541/2541/2541
f 2530/2530/2530 2531/2531/2531 2542/2542/2542
f 2531/2531/2531 2543/2543/2543 2542/2542/2542
f 2531/2531/2531 2532/2532/2532 2543/2543/2543
f 2532/2532/2532 2544/2544/2544 2543/2543/2543
f 2532/2532/2532 2533/2533/2533 2544/2544/2544
f 2533/2533/2533 2545/2545/2545 2544/2544/2544
f 2533/2533/2533 2534/2534/2534 2545/2545/2545
f 2535/2535/2535 2547/2547/2547 2546/2546/2546
f 2535/2535/2535 2536/2536/2536 2547/2547/2547
f 2536/2536/2536 2548/2548/2548 2547/2547/2547
f 2536/2536/2536 2537/2537/2537 2548/2548/2548
f 2537/2537/2537 2549/2549/2549 2548/2548/2548
f 2537/2537/2537 2538/2538/2538 2549/2549/2549
f 2538/2538/2538 2550/2550/2550 2549/2549/2549
f 2538/2538/2538 2539/2539/2539 2550/2550/2550
f 2539/2539/2539 2551/2551/2551 2550/2550/2550
f 2539/2539/2539 2540/2540/2540 2551/2551/2551
f 2540/2540/2540 2552/2552/2552 2551/2551/2551
f 2540/2540/2540 2541/2541/2541 2552/2552/2552
f 2541/2541/2541 2553/2553/2553 2552/2552/2552
f 2541/2541/2541 2542/2542/2542 2553/2553/2553
f 2542/2542/2542 2554/2554/2554 2553/2553/2553
f 2542/2542/2542 2543/2543/2543 2554/2554/2554
f 2543/2543/2543 2555/2555/2555 2554/2554/2554
f 2543/2543/2543 2544/2544/2544 2555/2555/2555
f 2544/2544/2544 2556/2556/2556 2555/2555/2555
f 2544/2544/2544 2545/2545/2545 2556/2556/2556
f 2546/2546/2546 2558/2558/2558 2557/2557/2557
f 2546/2546/2546 2547/2547/2547 2558/2558/2558
f 2547/2547/2547 2559/2559/2559 2558/2558/2558
f 2547/2547/2547 2548/2548/2548 2559/2559/2559
f 2548/2548/2548 2560/2560/2560 2559/2559/2559
f 2548/2548/2548 2549/2549/2549 2560/2560/2560
f 2549/2549/2549 2561/2561/2561 2560/2560/2560
f 2549/2549/2549 2550/2550/2550 2561/2561/2561
f 2550/2550/2550 2562/2562/2562 2561/2561/2561
f 2550/2550/2550 2551/2551/2551 2562/2562/2562
f 2551/2551/2551 2563/2563/2563 2562/2562/2562
f 2551/2551/2551 2552/2552/2552 2563/2563/2563
f 2552/2552/2552 2564/2564/2564 2563/2563/2563
f 2552/2552/2552 2553/2553/2553 2564/2564/2564
f 2553/2553/2553 2565/2565/2565 2564/2564/2564
f 2553/2553/2553 2554/2554/2554 2565/2565/2565
f 2554/2554/2554 2566/2566/2566 2565/2565/2565
f 2554/2554/2554 2555/2555/2555 2566/2566/2566
f 2555/2555/2555 2567/2567/2567 2566/2566/2566
f 2555/2555/2555 2556/2556/2556 2567/2567/2567
f 2557/2557/2557 2569/2569/2569 2568/2568/2568
f 2557/2557/2557 2558/2558/2558 2569/2569/2569
f 2558/2558/2558 2570/2570/2570 2569/2569/2569
f 2558/2558/2558 2559/2559/2559 2570/2570/2570
f 2559/2559/2559 2571/2571/2571 2570/2570/2570
f 2559/2559/2559 2560/2560/2560 2571/2571/2571
f 2560/2560/2560 2572/2572/2572 2571/2571/2571
f 2560/2560/2560 2561/2561/2561 2572/2572/2572
f 2561/2561/2561 2573/2573/2573 2572/2572/2572
f 2561/2561/2561 2562/2562/2562 2573/2573/2573
f 2562/2562/2562 2574/2574/2574 2573/2573/2573
f 2562/2562/2562 2563/2563/2563 2574/2574/2574
f 2563/2563/2563 2575/2575/2575 2574/2574/2574
f 2563/2563/2563 2564/2564/2564 2575/2575/2575
f 2564/2564/2564 2576/2576/2576 2575/2575/2575
f 2564/2564/2564 2565/2565/2565 2576/2576/2576
f 2565/2565/2565 2577/2577/2577 2576/2576/2576
f 2565/2565/2565 2566/2566/2566 2577/2577/2577
f 2566/2566/2566 2578/2578/2578 2577/2577/2577
f 2566/2566/2566 2567/2567/2567 2578/2578/2578
f 2568/2568/2568 2580/2580/2580 2579/2579/2579
f 2568/2568/2568 2569/2569/2569 2580/2580/2580
f 2569/2569/2569 2581/2581/2581 2580/2580/2580
f 2569/2569/2569 2570/2570/2570 2581/2581/2581
f 2570/2570/2570 2582/2582/2582 2581/2581/2581
f 2570/2570/2570 2571/2571/2571 2582/2582/2582
f 2571/2571/2571 2583/2583/2583 2582/2582/2582
f 2571/2571/2571 2572/2572/2572 2583/2583/2583
f 2572/2572/2572 2584/2584/2584 2583/2583/2583
f 2572/2572/2572 2573/2573/2573 2584/2584/2584
f 2573/2573/2573 2585/2585/2585 2584/2584/2584
f 2573/2573/2573 2574/2574/2574 2585/2585/2585
f 2574/2574/2574 2586/2586/2586 2585/2585/2585
f 2574/2574/2574 2575/2575/2575 2586/2586/2586
f 2575/2575/2575 2587/2587/2587 2586/2586/2586
f 2575/2575/2575 2576/2576/2576 2587/2587/2587
f 2576/2576/2576 2588/2588/2588 2587/2587/2587
f 2576/2576/2576 2577/2577/2577 2588/2588/2588
f 2577/2577/2577 2589/2589/2589 2588/2588/2588
f 2577/2577/2577 2578/2578/2578 2589/2589/2589
f 2579/2579/2579 2591/2591/2591 2590/2590/2590
f 2579/2579/2579 2580/2580/2580 2591/2591/2591
f 2580/2580/2580 2592/2592/2592 2591/2591/2591
f 2580/2580/2580 2581/2581/2581 2592/2592/2592
f 2581/2581/2581 2593/2593/2593 2592/2592/2592
f 2581/2581/2581 2582/2582/2582 2593/2593/2593
f 2582/2582/2582 2594/2594/2594 2593/2593/2593
f 2582/2582/2582 2583/2583/2583 2594/2594/2594
f 2583/2583/2583 2595/2595/2595 2594/2594/2594
f 2583/2583/2583 2584/2584/2584 2595/2595/2595
f 2584/2584/2584 2596/2596/2596 2595/2595/2595
f 2584/2584/2584 2585/2585/2585 2596/2596/2596
f 2585/2585/2585 2597/2597/2597 2596/2596/2596
f 2585/2585/2585 2586/2586/2586 2597/2597/2597
f 2586/2586/2586 2598/2598/2598 2597/2597/2597
f 2586/2586/2586 2587/2587/2587 2598/2598/2598
f 2587/2587/2587 2599/2599/2599 2598/2598/2598
f 2587/2587/2587 2588/2588/2588 2599/2599/2599
f 2588/2588/2588 2600/2600/2600 2599/2599/2599
f 2588/2588/2588 2589/2589/2589 2600/2600/2600
f 2590/2590/2590 2602/2602/2602 2601/2601/2601
f 2590/2590/2590 2591/2591/2591 2602/2602/2602
f 2591/2591/2591 2603/2603/2603 2602/2602/2602
f 2591/2591/2591 2592/2592/2592 2603/2603/2603
f 2592/2592/2592 2604/2604/2604 2603/2603/2603
f 2592/2592/2592 2593/2593/2593 2604/2604/2604
f 2593/2593/2593 2605/2605/2605 2604/2604/2604
f 2593/2593/2593 2594/2594/2594 2605/2605/2605
f 2594/2594/2594 2606/2606/2606 2605/2605/2605
f 2594/2594/2594 2595/2595/2595 2606/2606/2606
f 2595/2595/2595 2607/2607/2607 2606/2606/2606
f 2595/2595/2595 2596/2596/2596 2607/2607/2607
f 2596/2596/2596 2608/2608/2608 2607/2607/2607
f 2596/2596/2596 2597/2597/2597 2608/2608/2608
f 2597/2597/2597 2609/2609/2609 2608/2608/2608
f 2597/2597/2597 2598/2598/2598 2609/2609/2609
f 2598/2598/2598 2610/2610/2610 2609/2609/2609
f 2598/2598/2598 2599/2599/2599 2610/2610/2610
f 2599/2599/2599 2611/2611/2611 2610/2610/2610
f 2599/2599/2599 2600/2600/2600 2611/2611/2611
f 2612/2612/2612 2624/2624/2624 2623/2623/2623
f 2612/2612/2612 2613/2613/2613 2624/2624/2624
f 2613/2613/2613 2625/2625/2625 2624/2624/2624
f 2613/2613/2613 2614/2614/2614 2625/2625/2625
f 2614/2614/2614 2626/2626/2626 2625/2625/2625
f 2614/2614/2614 2615/2615/2615 2626/2626/2626
f 2615/2615/2615 2627/2627/2627 2626/2626/2626
f 2615/2615/2615 2616/2616/2616 2627/2627/2627
f 2616/2616/2616 2628/2628/2628 2627/2627/2627
f 2616/2616/2616 2617/2617/2617 2628/2628/2628
f 2617/2617/2617 2629/2629/2629 2628/2628/2628
f 2617/2617/2617 2618/2618/2618 2629/2629/2629
f 2618/2618/2618 2630/2630/2630 2629/2629/2629
f 2618/2618/2618 2619/2619/2619 2630/2630/2630
f 2619/2619/2619 2631/2631/2631 2630/2630/2630
f 2619/2619/2619 2620/2620/2620 2631/2631/2631
f 2620/2620/2620 2632/2632/2632 2631/2631/2631
f 2620/2620/2620 2621/2621/2621 2632/2632/2632
f 2621/2621/2621 2633/2633/2633 2632/2632/2632
f 2621/2621/2621 2622/2622/2622 2633/2633/2633
f 2623/2623/2623 2635/2635/2635 2634/2634/2634
f 2623/2623/2623 2624/2624/2624 2635/2635/2635
f 2624/2624/2624 2636/2636/2636 2635/2635/2635
f 2624/2624/2624 2625/2625/2625 2636/2636/2636
f 2625/2625/2625 2637/2637/2637 2636/2636/2636
f 2625/2625/2625 2626/2626/2626 2637/2637/2637
f 2626/2626/2626 2638/2638/2638 2637/2637/2637
f 2626/2626/2626 2627/2627/2627 2638/2638/2638
f 2627/2627/2627 2639/2639/2639 2638/2638/2638
f 2627/2627/2627 2628/2628/2628 2639/2639/2639
f 2628/2628/2628 2640/2640/2640 2639/2639/2639
f 2628/2628/2628 2629/2629/2629 2640/2640/2640
f 2629/2629/2629 2641/2641/2641 2640/2640/2640
f 2629/2629/2629 2630/2630/2630 2641/2641/2641
f 2630/2630/2630 2642/2642/2642 2641/2641/2641
f 2630/2630/2630 2631/2631/2631 2642/2642/2642
f 2631/2631/2631 2643/2643/2643 2642/2642/2642
f 2631/2631/2631 2632/2632/2632 2643/2643/2643
f 2632/2632/2632 2644/2644/2644 2643/2643/2643
f 2632/2632/2632 2633/2633/2633 2644/2644/2644
f 2634/2634/2634 2646/2646/2646 2645/2645/2645
f 2634/2634/2634 2635/2635/2635 2646/2646/2646
f 2635/2635/2635 2647/2647/2647 2646/2646/2646
f 2635/2635/2635 2636/2636/2636 2647/2647/2647
f 2636/2636/2636 2648/2648/2648 2647/2647/2647
f 2636/2636/2636 2637/2637/2637 2648/2648/2648
f 2637/2637/2637 2649/2649/2649 2648/2648/2648
f 2637/2637/2637 2638/2638/2638 2649/2649/2649
f 2638/2638/2638 2650/2650/2650 2649/2649/2649
f 2638/2638/2638 2639/2639/2639 2650/2650/2650
f 2639/2639/2639 2651/2651/2651 2650/2650/2650
f 2639/2639/2639 2640/2640/2640 2651/2651/2651
f 2640/2640/2640 2652/2652/2652 2651/2651/2651
f 2640/2640/2640 2641/2641/2641 2652/2652/2652
f 2641/2641/2641 2653/2653/2653 2652/2652/2652
f 2641/2641/2641 2642/2642/2642 2653/2653/2653
f 2642/2642/2642 2654/2654/2654 2653/2653/2653
f 2642/2642/2642 2643/2643/2643 2654/2654/2654
f 2643/2643/2643 2655/2655/2655 2654/2654/2654
f 2643/2643/2643 2644/2644/2644 2655/2655/2655
f 2645/2645/2645 2657/2657/2657 2656/2656/2656
f 2645/2645/2645 2646/2646/2646 2657/2657/2657
f 2646/2646/2646 2658/2658/2658 2657/2657/2657
f 2646/2646/2646 2647/2647/2647 2658/2658/2658
f 2647/2647/2647 2659/2659/2659 2658/2658/2658
f 2647/2647/2647 2648/2648/2648 2659/2659/2659
f 2648/2648/2648 2660/2660/2660 2659/2659/2659
f 2648/2648/2648 2649/2649/2649 2660/2660/2660
f 2649/2649/2649 2661/2661/2661 2660/2660/2660
f 2649/2649/2649 2650/2650/2650 2661/2661/2661
f 2650/2650/2650 2662/2662/2662 2661/2661/2661
f 2650/2650/2650 2651/2651/2651 2662/2662/2662
f 2651/2651/2651 2663/2663/2663 2662/2662/2662
f 2651/2651/2651 2652/2652/2652 2663/2663/2663
f 2652/2652/2652 2664/2664/2664 2663/2663/2663
f 2652/2652/2652 2653/2653/2653 2664/2664/2664
f 2653/2653/2653 2665/2665/2665 2664/2664/2664
f 2653/2653/2653 2654/2654/2654 2665/2665/2665
f 2654/2654/2654 2666/2666/2666 2665/2665/2665
f 2654/2654/2654 2655/2655/2655 2666/2666/2666
f 2656/2656/2656 2668/2668/2668 2667/2667/2667
f 2656/2656/2656 2657/2657/2657 2668/2668/2668
f 2657/2657/2657 2669/2669/2669 2668/2668/2668
f 2657/2657/2657 2658/2658/2658 2669/2669/2669
f 2658/2658/2658 2670/2670/2670 2669/2669/2669
f 2658/2658/2658 2659/2659/2659 2670/2670/2670
f 2659/2659/2659 2671/2671/2671 2670/2670/2670
f 2659/2659/2659 2660/2660/2660 2671/2671/2671
f 2660/2660/2660 2672/2672/2672 2671/2671/2671
f 2660/2660/2660 2661/2661/2661 2672/2672/2672
f 2661/2661/2661 2673/2673/2673 2672/2672/2672
f 2661/2661/2661 2662/2662/2662 2673/2673/2673
f 2662/2662/2662 2674/2674/2674 2673/2673/2673
f 2662/2662/2662 2663/2663/2663 2674/2674/2674
f 2663/2663/2663 2675/2675/2675 2674/2674/2674
f 2663/2663/2663 2664/2664/2664 2675/2675/2675
f 2664/2664/2664 2676/2676/2676 2675/2675/2675
f 2664/2664/2664 2665/2665/2665 2676/2676/2676
f 2665/2665/2665 2677/2677/2677 2676/2676/2676
f 2665/2665/2665 2666/2666/2666 2677/2677/2677
f 2667/2667/2667 2679/2679/2679 2678/2678/2678
f 2667/2667/2667 2668/2668/2668 2679/2679/2679
f 2668/2668/2668 2680/2680/2680 2679/2679/2679
f 2668/2668/2668 2669/2669/2669 2680/2680/2680
f 2669/2669/2669 2681/2681/2681 2680/2680/2680
f 2669/2669/2669 2670/2670/2670 2681/2681/2681
f 2670/2670/2670 2682/2682/2682 2681/2681/2681
f 2670/2670/2670 2671/2671/2671 2682/2682/2682
f 2671/2671/2671 2683/2683/2683 2682/2682/2682
f 2671/2671/2671 2672/2672/2672 2683/2683/2683
f 2672/2672/2672 2684/2684/2684 2683/2683/2683
f 2672/2672/2672 2673/2673/2673 2684/2684/2684
f 2673/2673/2673 2685/2685/2685 2684/2684/2684
f 2673/2673/2673 2674/2674/2674 2685/2685/2685
f 2674/2674/2674 2686/2686/2686 2685/2685/2685
f 2674/2674/2674 2675/2675/2675 2686/2686/2686
f 2675/2675/2675 2687/2687/2687 2686/2686/2686
f 2675/2675/2675 2676/2676/2676 2687/2687/2687
f 2676/2676/2676 2688/2688/2688 2687/2687/2687
f 2676/2676/2676 2677/2677/2677 2688/2688/2688
f 2678/2678/2678 2690/2690/2690 2689/2689/2689
f 2678/2678/2678 2679/2679/2679 2690/2690/2690
f 2679/2679/2679 2691/2691/2691 2690/2690/2690
f 2679/2679/2679 2680/2680/2680 2691/2691/2691
f 2680/2680/2680 2692/2692/2692 2691/2691/2691
f 2680/2680/2680 2681/2681/2681 2692/2692/2692
f 2681/2681/2681 2693/2693/2693 2692/2692/2692
f 2681/2681/2681 2682/2682/2682 2693/2693/2693
f 2682/2682/2682 2694/2694/2694 2693/2693/2693
f 2682/2682/2682 2683/2683/2683 2694/2694/2694
f 2683/2683/2683 2695/2695/2695 2694/2694/2694
f 2683/2683/2683 2684/2684/2684 2695/2695/2695
f 2684/2684/2684 2696/2696/2696 2695/2695/2695
f 2684/2684/2684 2685/2685/2685 2696/2696/2696
f 2685/2685/2685 2697/2697/2697 2696/2696/2696
f 2685/2685/2685 2686/2686/2686 2697/2697/2697
f 2686/2686/2686 2698/2698/2698 2697/2697/2697
f 2686/2686/2686 2687/2687/2687 2698/2698/2698
f 2687/2687/2687 2699/2699/2699 2698/2698/2698
f 2687/2687/2687 2688/2688/2688 2699/2699/2699
f 2689/2689/2689 2701/2701/2701 2700/2700/2700
f 2689/2689/2689 2690/2690/2690 2701/2701/2701
f 2690/2690/2690 2702/2702/2702 2701/2701/2701
f 2690/2690/2690 2691/2691/2691 2702/2702/2702
f 2691/2691/2691 2703/2703/2703 2702/2702/2702
f 2691/2691/2691 2692/2692/2692 2703/2703/2703
f 2692/2692/2692 2704/2704/2704 2703/2703/2703
f 2692/2692/2692 2693/2693/2693 2704/2704/2704
f 2693/2693/2693 2705/2705/2705 2704/2704/2704
f 2693/2693/2693 2694/2694/2694 2705/2705/2705
f 2694/2694/2694 2706/2706/2706 2705/2705/2705
f 2694/2694/2694 2695/2695/2695 2706/2706/2706
f 2695/2695/2695 2707/2707/2707 2706/2706/2706
f 2695/2695/2695 2696/2696/2696 2707/2707/2707
f 2696/2696/2696 2708/2708/2708 2707/2707/2707
f 2696/2696/2696 2697/2697/2697 2708/2708/2708
f 2697/2697/2697 2709/2709/2709 2708/2708/2708
f 2697/2697/2697 2698/2698/2698 2709/2709/2709
f 2698/2698/2698 2710/2710/2710 2709/2709/2709
f 2698/2698/2698 2699/2699/2699 2710/2710/2710