# 3D Model: tree/canopy/tree_canopy_ddf148d60683c553 (v6 Gemini)
# Style: broadleaf open radial crown | Symmetry: asymmetric
# Dimensions: 7.168 x 7.376 x 6.978 m
# Triangles: 1968 | Vertices: 1191
v 0.7 0 0
v 0.5663 0 0.4114
v 0.2163 0 0.6657
v -0.2163 0 0.6657
v -0.5663 0 0.4114
v -0.7 0 0
v -0.5663 0 -0.4114
v -0.2163 0 -0.6657
v 0.2163 0 -0.6657
v 0.5663 0 -0.4114
v 0.25 5.4437 0
v 0.2023 5.4437 0.1469
v 0.0773 5.4437 0.2378
v -0.0773 5.4437 0.2378
v -0.2023 5.4437 0.1469
v -0.25 5.4437 0
v -0.2023 5.4437 -0.1469
v -0.0773 5.4437 -0.2378
v 0.0773 5.4437 -0.2378
v 0.2023 5.4437 -0.1469
v 0 0 0
v 0 5.4437 0
v 0.78 0 0
v 0.631 0 0.4585
v 0.241 0 0.7418
v -0.241 0 0.7418
v -0.631 0 0.4585
v -0.78 0 0
v -0.631 0 -0.4585
v -0.241 0 -0.7418
v 0.241 0 -0.7418
v 0.631 0 -0.4585
v 0.5616 0.5 0
v 0.4543 0.5 0.3301
v 0.1735 0.5 0.5341
v -0.1735 0.5 0.5341
v -0.4543 0.5 0.3301
v -0.5616 0.5 0
v -0.4543 0.5 -0.3301
v -0.1735 0.5 -0.5341
v 0.1735 0.5 -0.5341
v 0.4543 0.5 -0.3301
v 0 0 0
v 0 0.5 0
v -0.0127 4.3888 -0.1143
v 0.0331 4.3089 -0.0758
v 0.054 4.2891 0.0197
v 0.0342 4.3444 0.1004
v -0.0113 4.4331 0.1055
v -0.0483 4.4884 0.0311
v -0.0489 4.4686 -0.0667
v 0.5792 4.6945 -0.1478
v 0.6121 4.637 -0.1201
v 0.6272 4.6228 -0.0513
v 0.613 4.6626 0.0068
v 0.5802 4.7264 0.0105
v 0.5535 4.7662 -0.0431
v 0.5531 4.752 -0.1135
v 0 4.3888 0
v 0.5883 4.6945 -0.0655
v 0.5808 4.6945 -0.1331
v 0.5982 4.6434 -0.1093
v 0.6082 4.6308 -0.0525
v 0.6032 4.6661 -0.0055
v 0.587 4.7229 -0.0037
v 0.5718 4.7582 -0.0485
v 0.5691 4.7456 -0.106
v 2.1928 5.1593 -0.2935
v 2.2053 5.1225 -0.2763
v 2.2125 5.1134 -0.2354
v 2.2089 5.1389 -0.2016
v 2.1973 5.1797 -0.2003
v 2.1863 5.2052 -0.2325
v 2.1843 5.1961 -0.274
v 0.5883 4.6945 -0.0655
v 2.1982 5.1593 -0.2448
v 2.1828 5.4292 -0.233
v 2.1828 5.4292 -0.233
v 2.1828 5.4292 -0.233
v 2.1828 5.4292 -0.233
v 2.1828 5.4292 -0.233
v 2.1828 5.4292 -0.233
v 2.1828 5.4292 -0.233
v 2.1828 5.4292 -0.233
v 2.1828 5.4292 -0.233
v 2.1828 5.4292 -0.233
v 2.1828 5.4292 -0.233
v 2.6137 5.4312 -0.186
v 2.5063 5.4153 0.0376
v 2.2757 5.3969 0.1575
v 2.0101 5.383 0.1279
v 1.8109 5.3789 -0.0399
v 1.7542 5.3862 -0.2819
v 1.8616 5.4021 -0.5055
v 2.0922 5.4205 -0.6254
v 2.3578 5.4344 -0.5957
v 2.557 5.4384 -0.4279
v 2.6137 5.4312 -0.186
v 2.9814 5.3917 -0.1479
v 2.7829 5.3624 0.2652
v 2.3569 5.3284 0.4868
v 1.8661 5.3027 0.432
v 1.4981 5.2952 0.122
v 1.3932 5.3087 -0.325
v 1.5917 5.338 -0.7382
v 2.0177 5.372 -0.9597
v 2.5085 5.3976 -0.905
v 2.8766 5.4051 -0.5949
v 2.9814 5.3917 -0.1479
v 3.2298 5.3168 -0.1246
v 2.9705 5.2785 0.4152
v 2.4139 5.2341 0.7047
v 1.7727 5.2006 0.6332
v 1.2918 5.1908 0.228
v 1.1548 5.2084 -0.356
v 1.4142 5.2467 -0.8958
v 1.9707 5.2911 -1.1853
v 2.6119 5.3246 -1.1138
v 3.0929 5.3344 -0.7086
v 3.2298 5.3168 -0.1246
v 3.3212 5.218 -0.1196
v 3.0405 5.1765 0.4647
v 2.438 5.1285 0.778
v 1.744 5.0922 0.7007
v 1.2235 5.0816 0.2621
v 1.0752 5.1006 -0.37
v 1.356 5.1421 -0.9543
v 1.9584 5.1901 -1.2676
v 2.6524 5.2264 -1.1902
v 3.173 5.237 -0.7517
v 3.3212 5.218 -0.1196
v 3.2416 5.1102 -0.1336
v 2.9823 5.0719 0.4062
v 2.4257 5.0275 0.6957
v 1.7845 4.994 0.6242
v 1.3036 4.9842 0.219
v 1.1666 5.0018 -0.365
v 1.426 5.0401 -0.9048
v 1.9825 5.0845 -1.1943
v 2.6237 5.118 -1.1228
v 3.1047 5.1278 -0.7176
v 3.2416 5.1102 -0.1336
v 3.0032 5.0099 -0.1646
v 2.8047 4.9806 0.2486
v 2.3787 4.9466 0.4702
v 1.8879 4.921 0.4154
v 1.5199 4.9134 0.1053
v 1.4151 4.9269 -0.3416
v 1.6135 4.9562 -0.7548
v 2.0395 4.9902 -0.9764
v 2.5303 5.0158 -0.9216
v 2.8984 5.0234 -0.6115
v 3.0032 5.0099 -0.1646
v 2.6422 4.9324 -0.2077
v 2.5348 4.9165 0.0159
v 2.3042 4.8981 0.1358
v 2.0386 4.8842 0.1062
v 1.8394 4.8801 -0.0617
v 1.7827 4.8874 -0.3036
v 1.8901 4.9033 -0.5272
v 2.1207 4.9217 -0.6471
v 2.3863 4.9356 -0.6175
v 2.5855 4.9396 -0.4496
v 2.6422 4.9324 -0.2077
v 2.2136 4.8893 -0.2565
v 2.2136 4.8893 -0.2565
v 2.2136 4.8893 -0.2565
v 2.2136 4.8893 -0.2565
v 2.2136 4.8893 -0.2565
v 2.2136 4.8893 -0.2565
v 2.2136 4.8893 -0.2565
v 2.2136 4.8893 -0.2565
v 2.2136 4.8893 -0.2565
v 2.2136 4.8893 -0.2565
v 2.2136 4.8893 -0.2565
v 0.0687 4.9935 -0.0922
v 0.06 4.9061 -0.0447
v 0.0061 4.8846 0.0365
v -0.0524 4.945 0.0902
v -0.0714 5.0419 0.076
v -0.0367 5.1024 0.0046
v 0.0257 5.0808 -0.0703
v 0.7528 5.2083 0.4576
v 0.7465 5.1454 0.4918
v 0.7077 5.1299 0.5502
v 0.6656 5.1734 0.5889
v 0.6519 5.2432 0.5787
v 0.6769 5.2867 0.5273
v 0.7218 5.2712 0.4734
v 0 4.9935 0
v 0.7033 5.2083 0.524
v 0.7439 5.2083 0.4695
v 0.7489 5.1615 0.5051
v 0.7195 5.15 0.5549
v 0.6779 5.1823 0.5815
v 0.6555 5.2343 0.5648
v 0.669 5.2667 0.5173
v 0.7084 5.2551 0.4749
v 1.6576 5.8307 1.174
v 1.6612 5.797 1.1996
v 1.64 5.7887 1.2355
v 1.6101 5.812 1.2546
v 1.5939 5.8494 1.2426
v 1.6037 5.8727 1.2084
v 1.632 5.8644 1.1779
v 0.7033 5.2083 0.524
v 1.6284 5.8307 1.2132
v 1.6259 6.183 1.208
v 1.6259 6.183 1.208
v 1.6259 6.183 1.208
v 1.6259 6.183 1.208
v 1.6259 6.183 1.208
v 1.6259 6.183 1.208
v 1.6259 6.183 1.208
v 1.6259 6.183 1.208
v 1.6259 6.183 1.208
v 1.6259 6.183 1.208
v 1.6259 6.183 1.208
v 2.0214 6.1546 0.9139
v 2.0705 6.1582 1.1374
v 1.9499 6.1611 1.388
v 1.7056 6.1621 1.5701
v 1.4309 6.1608 1.6139
v 1.2308 6.1578 1.5029
v 1.1817 6.1541 1.2794
v 1.3023 6.1513 1.0288
v 1.5466 6.1503 0.8468
v 1.8213 6.1515 0.8029
v 2.0214 6.1546 0.9139
v 2.357 6.0769 0.6654
v 2.4478 6.0836 1.0784
v 2.225 6.0889 1.5415
v 1.7736 6.0907 1.8778
v 1.266 6.0884 1.9589
v 0.8962 6.0828 1.7537
v 0.8054 6.0761 1.3407
v 1.0283 6.0708 0.8776
v 1.4797 6.0689 0.5413
v 1.9872 6.0713 0.4602
v 2.357 6.0769 0.6654
v 2.5817 5.9617 0.5002
v 2.7004 5.9704 1.0398
v 2.4092 5.9774 1.6449
v 1.8194 5.9798 2.0843
v 1.1563 5.9767 2.1903
v 0.6731 5.9694 1.9222
v 0.5545 5.9606 1.3826
v 0.8457 5.9537 0.7776
v 1.4355 5.9513 0.3381
v 2.0986 5.9544 0.2322
v 2.5817 5.9617 0.5002
v 2.6613 5.8265 0.4436
v 2.7897 5.836 1.0277
v 2.4745 5.8435 1.6826
v 1.8361 5.8461 2.1582
v 1.1184 5.8428 2.2729
v 0.5954 5.8349 1.9828
v 0.467 5.8254 1.3988
v 0.7822 5.8179 0.7438
v 1.4206 5.8153 0.2682
v 2.1383 5.8186 0.1535
v 2.6613 5.8265 0.4436
v 2.5836 5.6921 0.5042
v 2.7022 5.7008 1.0438
v 2.411 5.7077 1.6489
v 1.8213 5.7101 2.0883
v 1.1581 5.7071 2.1942
v 0.675 5.6998 1.9262
v 0.5564 5.691 1.3866
v 0.8475 5.6841 0.7816
v 1.4373 5.6817 0.3421
v 2.1004 5.6848 0.2362
v 2.5836 5.6921 0.5042
v 2.3605 5.5787 0.6727
v 2.4513 5.5854 1.0857
v 2.2284 5.5907 1.5488
v 1.777 5.5925 1.8851
v 1.2695 5.5902 1.9662
v 0.8997 5.5846 1.7611
v 0.8089 5.5779 1.3481
v 1.0318 5.5726 0.885
v 1.4832 5.5708 0.5487
v 1.9907 5.5731 0.4676
v 2.3605 5.5787 0.6727
v 2.0259 5.5037 0.9235
v 2.075 5.5073 1.147
v 1.9544 5.5102 1.3976
v 1.7101 5.5112 1.5797
v 1.4355 5.5099 1.6235
v 1.2353 5.5069 1.5125
v 1.1862 5.5033 1.289
v 1.3068 5.5004 1.0384
v 1.5511 5.4994 0.8564
v 1.8258 5.5007 0.8125
v 2.0259 5.5037 0.9235
v 1.6308 5.4785 1.2184
v 1.6308 5.4785 1.2184
v 1.6308 5.4785 1.2184
v 1.6308 5.4785 1.2184
v 1.6308 5.4785 1.2184
v 1.6308 5.4785 1.2184
v 1.6308 5.4785 1.2184
v 1.6308 5.4785 1.2184
v 1.6308 5.4785 1.2184
v 1.6308 5.4785 1.2184
v 1.6308 5.4785 1.2184
v 0.1147 5.2414 -0.0077
v 0.0726 5.153 0.0111
v -0.0242 5.1311 0.0215
v -0.1028 5.1923 0.0157
v -0.104 5.2906 -0.0019
v -0.0269 5.3518 -0.0181
v 0.0705 5.3299 -0.0207
v 0.1388 5.3925 0.8324
v 0.1084 5.3288 0.846
v 0.0387 5.313 0.8535
v -0.0179 5.3571 0.8493
v -0.0187 5.4278 0.8366
v 0.0368 5.4719 0.825
v 0.1069 5.4562 0.8231
v 0 5.2414 0
v 0.0561 5.3925 0.838
v 0.124 5.3925 0.8334
v 0.0996 5.3422 0.8524
v 0.0425 5.3298 0.8605
v -0.0043 5.3646 0.8516
v -0.0056 5.4204 0.8325
v 0.0396 5.4552 0.8175
v 0.0973 5.4428 0.8179
v 0.2239 6.0031 2.6092
v 0.2063 5.9669 2.6228
v 0.1652 5.958 2.6287
v 0.1315 5.983 2.6223
v 0.1306 6.0232 2.6086
v 0.1631 6.0483 2.5977
v 0.2047 6.0393 2.598
v 0.0561 5.3925 0.838
v 0.175 6.0031 2.6125
v 0.2052 6.3349 2.6146
v 0.2052 6.3349 2.6146
v 0.2052 6.3349 2.6146
v 0.2052 6.3349 2.6146
v 0.2052 6.3349 2.6146
v 0.2052 6.3349 2.6146
v 0.2052 6.3349 2.6146
v 0.2052 6.3349 2.6146
v 0.2052 6.3349 2.6146
v 0.2052 6.3349 2.6146
v 0.2052 6.3349 2.6146
v 0.2381 6.3098 2.0893
v 0.4063 6.2938 2.2013
v 0.4968 6.2838 2.4711
v 0.475 6.2837 2.7956
v 0.3493 6.2936 3.051
v 0.1677 6.3095 3.1395
v -0.0005 6.3255 3.0275
v -0.091 6.3354 2.7577
v -0.0693 6.3355 2.4332
v 0.0564 6.3257 2.1779
v 0.2381 6.3098 2.0893
v 0.2613 6.2379 1.6437
v 0.5721 6.2084 1.8506
v 0.7394 6.19 2.3492
v 0.6992 6.1899 2.9488
v 0.467 6.208 3.4206
v 0.1313 6.2375 3.5842
v -0.1795 6.267 3.3773
v -0.3467 6.2854 2.8788
v -0.3065 6.2855 2.2791
v -0.0743 6.2674 1.8074
v 0.2613 6.2379 1.6437
v 0.2715 6.1304 1.3456
v 0.6776 6.0918 1.616
v 0.8961 6.0678 2.2673
v 0.8436 6.0676 3.0508
v 0.5401 6.0913 3.6672
v 0.1016 6.1298 3.881
v -0.3044 6.1684 3.6106
v -0.523 6.1923 2.9593
v -0.4705 6.1925 2.1758
v -0.167 6.1689 1.5594
v 0.2715 6.1304 1.3456
v 0.267 6.0034 1.2403
v 0.7065 5.9617 1.533
v 0.943 5.9357 2.238
v 0.8862 5.9355 3.086
v 0.5577 5.9611 3.7532
v 0.0831 6.0028 3.9847
v -0.3564 6.0446 3.692
v -0.593 6.0705 2.987
v -0.5362 6.0707 2.1389
v -0.2077 6.0451 1.4718
v 0.267 6.0034 1.2403
v 0.2484 5.8765 1.344
v 0.6545 5.8379 1.6144
v 0.873 5.8139 2.2657
v 0.8205 5.8137 3.0492
v 0.5171 5.8373 3.6656
v 0.0786 5.8758 3.8794
v -0.3275 5.9144 3.609
v -0.546 5.9384 2.9577
v -0.4936 5.9386 2.1742
v -0.1901 5.9149 1.5578
v 0.2484 5.8765 1.344
v 0.2187 5.7688 1.6407
v 0.5295 5.7392 1.8477
v 0.6968 5.7209 2.3462
v 0.6566 5.7207 2.9459
v 0.4243 5.7388 3.4176
v 0.0887 5.7683 3.5813
v -0.2221 5.7978 3.3743
v -0.3893 5.8162 2.8758
v -0.3492 5.8163 2.2761
v -0.1169 5.7982 1.8044
v 0.2187 5.7688 1.6407
v 0.1824 5.6967 2.0854
v 0.3506 5.6807 2.1974
v 0.4411 5.6708 2.4672
v 0.4193 5.6707 2.7918
v 0.2936 5.6805 3.0471
v 0.112 5.6965 3.1357
v -0.0562 5.7125 3.0237
v -0.1467 5.7224 2.7539
v -0.125 5.7225 2.4293
v 0.0007 5.7127 2.174
v 0.1824 5.6967 2.0854
v 0.1449 5.6713 2.6104
v 0.1449 5.6713 2.6104
v 0.1449 5.6713 2.6104
v 0.1449 5.6713 2.6104
v 0.1449 5.6713 2.6104
v 0.1449 5.6713 2.6104
v 0.1449 5.6713 2.6104
v 0.1449 5.6713 2.6104
v 0.1449 5.6713 2.6104
v 0.1449 5.6713 2.6104
v 0.1449 5.6713 2.6104
v 0.0938 4.9238 0.0665
v 0.04 4.8398 0.0676
v -0.044 4.819 0.0179
v -0.0948 4.8771 -0.0454
v -0.0743 4.9704 -0.0744
v 0.0022 5.0285 -0.0474
v 0.0771 5.0077 0.0153
v -0.233 5.1224 0.4722
v -0.2718 5.062 0.4731
v -0.3322 5.047 0.4372
v -0.3688 5.0889 0.3917
v -0.354 5.156 0.3708
v -0.2989 5.1978 0.3902
v -0.2451 5.1829 0.4354
v 0 4.9238 0
v -0.3006 5.1224 0.4244
v -0.2451 5.1224 0.4637
v -0.2775 5.0732 0.4651
v -0.3273 5.061 0.4359
v -0.3569 5.0951 0.398
v -0.3442 5.1498 0.3799
v -0.2985 5.1839 0.3953
v -0.2544 5.1717 0.4326
v -1.1235 5.7267 1.6711
v -1.1469 5.6912 1.6722
v -1.1827 5.6824 1.6511
v -1.2041 5.707 1.6238
v -1.1949 5.7464 1.6108
v -1.162 5.7709 1.6219
v -1.1303 5.7622 1.6487
v -0.3006 5.1224 0.4244
v -1.1635 5.7267 1.6428
v -1.0931 6.1755 1.6125
v -1.0931 6.1755 1.6125
v -1.0931 6.1755 1.6125
v -1.0931 6.1755 1.6125
v -1.0931 6.1755 1.6125
v -1.0931 6.1755 1.6125
v -1.0931 6.1755 1.6125
v -1.0931 6.1755 1.6125
v -1.0931 6.1755 1.6125
v -1.0931 6.1755 1.6125
v -1.0931 6.1755 1.6125
v -1.3821 6.1588 1.2136
v -1.1404 6.117 1.156
v -0.8828 6.0845 1.2737
v -0.7074 6.0737 1.5217
v -0.6815 6.0888 1.8053
v -0.8148 6.1239 2.0161
v -1.0565 6.1657 2.0737
v -1.3141 6.1982 1.956
v -1.4895 6.209 1.708
v -1.5154 6.1939 1.4244
v -1.3821 6.1588 1.2136
v -1.6378 6.0763 0.88
v -1.1913 5.999 0.7736
v -0.7152 5.939 0.9911
v -0.3912 5.9191 1.4493
v -0.3433 5.9469 1.9733
v -0.5896 6.0118 2.3628
v -1.0361 6.0891 2.4692
v -1.5123 6.1491 2.2518
v -1.8362 6.169 1.7935
v -1.8842 6.1412 1.2696
v -1.6378 6.0763 0.88
v -1.8213 5.9405 0.6625
v -1.2379 5.8396 0.5235
v -0.6158 5.7612 0.8077
v -0.1926 5.7352 1.4064
v -0.1299 5.7715 2.091
v -0.4518 5.8564 2.6
v -1.0352 5.9573 2.7389
v -1.6573 6.0357 2.4548
v -2.0805 6.0617 1.8561
v -2.1432 6.0254 1.1715
v -1.8213 5.9405 0.6625
v -1.9047 5.7722 0.5943
v -1.2732 5.663 0.4439
v -0.5999 5.5781 0.7514
v -0.1418 5.55 1.3994
v -0.0739 5.5893 2.1404
v -0.4223 5.6811 2.6914
v -1.0538 5.7904 2.8418
v -1.7272 5.8752 2.5343
v -2.1852 5.9034 1.8862
v -2.2531 5.8641 1.1452
v -1.9047 5.7722 0.5943
v -1.8752 5.597 0.6857
v -1.2918 5.4961 0.5467
v -0.6697 5.4177 0.8308
v -0.2465 5.3917 1.4295
v -0.1838 5.428 2.1141
v -0.5057 5.5129 2.6231
v -1.0891 5.6138 2.7621
v -1.7112 5.6922 2.478
v -2.1344 5.7182 1.8793
v -2.1971 5.6818 1.1947
v -1.8752 5.597 0.6857
v -1.7374 5.4415 0.9228
v -1.2909 5.3643 0.8164
v -0.8147 5.3043 1.0339
v -0.4908 5.2844 1.4921
v -0.4429 5.3122 2.0161
v -0.6892 5.3771 2.4057
v -1.1357 5.4543 2.512
v -1.6119 5.5144 2.2946
v -1.9358 5.5343 1.8363
v -1.9837 5.5065 1.3124
v -1.7374 5.4415 0.9228
v -1.5122 5.3295 1.2695
v -1.2705 5.2877 1.212
v -1.0129 5.2552 1.3297
v -0.8376 5.2444 1.5776
v -0.8116 5.2595 1.8612
v -0.9449 5.2946 2.072
v -1.1866 5.3364 2.1296
v -1.4443 5.3689 2.0119
v -1.6196 5.3797 1.7639
v -1.6455 5.3646 1.4804
v -1.5122 5.3295 1.2695
v -1.2339 5.2779 1.6731
v -1.2339 5.2779 1.6731
v -1.2339 5.2779 1.6731
v -1.2339 5.2779 1.6731
v -1.2339 5.2779 1.6731
v -1.2339 5.2779 1.6731
v -1.2339 5.2779 1.6731
v -1.2339 5.2779 1.6731
v -1.2339 5.2779 1.6731
v -1.2339 5.2779 1.6731
v -1.2339 5.2779 1.6731
v 0.0148 5.1254 0.114
v -0.0201 5.0405 0.0749
v -0.0399 5.0196 -0.0206
v -0.0296 5.0783 -0.1006
v 0.003 5.1725 -0.1049
v 0.0333 5.2313 -0.0301
v 0.0386 5.2103 0.0673
v -0.7477 5.3923 0.1805
v -0.7729 5.3312 0.1524
v -0.7871 5.3161 0.0836
v -0.7797 5.3584 0.026
v -0.7563 5.4262 0.0229
v -0.7344 5.4685 0.0767
v -0.7306 5.4534 0.1469
v 0 5.1254 0
v -0.7584 5.3923 0.0984
v -0.7496 5.3923 0.1658
v -0.7713 5.3425 0.1428
v -0.7833 5.3302 0.0864
v -0.7765 5.3646 0.039
v -0.7561 5.4199 0.0363
v -0.7374 5.4544 0.0804
v -0.7345 5.4421 0.1381
v -2.6293 6.0978 0.3906
v -2.645 6.0619 0.374
v -2.6536 6.053 0.3334
v -2.6487 6.0778 0.2992
v -2.6339 6.1177 0.2973
v -2.6205 6.1425 0.3291
v -2.6184 6.1336 0.3706
v -0.7584 5.3923 0.0984
v -2.6356 6.0978 0.342
v -2.6158 6.4709 0.3897
v -2.6158 6.4709 0.3897
v -2.6158 6.4709 0.3897
v -2.6158 6.4709 0.3897
v -2.6158 6.4709 0.3897
v -2.6158 6.4709 0.3897
v -2.6158 6.4709 0.3897
v -2.6158 6.4709 0.3897
v -2.6158 6.4709 0.3897
v -2.6158 6.4709 0.3897
v -2.6158 6.4709 0.3897
v -3.0807 6.4748 0.3258
v -2.9626 6.4943 0.1234
v -2.7126 6.4941 0.0214
v -2.4263 6.4742 0.0587
v -2.2129 6.4421 0.221
v -2.154 6.4102 0.4463
v -2.2721 6.3906 0.6486
v -2.5221 6.3909 0.7507
v -2.8085 6.4108 0.7134
v -3.0218 6.4428 0.5511
v -3.0807 6.4748 0.3258
v -3.4779 6.4212 0.2643
v -3.2596 6.4574 -0.1095
v -2.7977 6.457 -0.298
v -2.2685 6.4201 -0.2292
v -1.8742 6.3609 0.0707
v -1.7654 6.302 0.4871
v -1.9836 6.2658 0.8609
v -2.4456 6.2662 1.0494
v -2.9747 6.3031 0.9806
v -3.3691 6.3623 0.6807
v -3.4779 6.4212 0.2643
v -3.7468 6.3184 0.2147
v -3.4616 6.3657 -0.2737
v -2.8581 6.3652 -0.52
v -2.1667 6.317 -0.4301
v -1.6515 6.2397 -0.0382
v -1.5093 6.1627 0.5058
v -1.7945 6.1154 0.9942
v -2.398 6.1159 1.2405
v -3.0894 6.1641 1.1506
v -3.6046 6.2414 0.7588
v -3.7468 6.3184 0.2147
v -3.8465 6.1821 0.1845
v -3.5379 6.2332 -0.3442
v -2.8846 6.2326 -0.6108
v -2.1363 6.1805 -0.5134
v -1.5786 6.0968 -0.0893
v -1.4247 6.0134 0.4995
v -1.7334 5.9623 1.0282
v -2.3866 5.9629 1.2948
v -3.135 6.015 1.1974
v -3.6926 6.0987 0.7733
v -3.8465 6.1821 0.1845
v -3.7619 6.0328 0.1783
v -3.4768 6.0801 -0.3102
v -2.8732 6.0796 -0.5565
v -2.1818 6.0314 -0.4665
v -1.6667 5.9541 -0.0747
v -1.5245 5.8771 0.4693
v -1.8096 5.8298 0.9577
v -2.4131 5.8303 1.204
v -3.1046 5.8785 1.1141
v -3.6197 5.9558 0.7223
v -3.7619 6.0328 0.1783
v -3.5058 5.8935 0.1969
v -3.2876 5.9297 -0.1769
v -2.8257 5.9293 -0.3654
v -2.2965 5.8924 -0.2966
v -1.9022 5.8332 0.0033
v -1.7934 5.7743 0.4197
v -2.0116 5.7381 0.7935
v -2.4735 5.7385 0.982
v -3.0027 5.7754 0.9132
v -3.397 5.8346 0.6133
v -3.5058 5.8935 0.1969
v -3.1173 5.7853 0.2377
v -2.9992 5.8049 0.0354
v -2.7492 5.8046 -0.0666
v -2.4628 5.7847 -0.0294
v -2.2494 5.7527 0.1329
v -2.1905 5.7208 0.3583
v -2.3086 5.7012 0.5606
v -2.5586 5.7014 0.6626
v -2.845 5.7213 0.6253
v -3.0584 5.7534 0.463
v -3.1173 5.7853 0.2377
v -2.6554 5.7246 0.2944
v -2.6554 5.7246 0.2944
v -2.6554 5.7246 0.2944
v -2.6554 5.7246 0.2944
v -2.6554 5.7246 0.2944
v -2.6554 5.7246 0.2944
v -2.6554 5.7246 0.2944
v -2.6554 5.7246 0.2944
v -2.6554 5.7246 0.2944
v -2.6554 5.7246 0.2944
v -2.6554 5.7246 0.2944
v -0.0645 5.1959 0.0952
v -0.0681 5.1125 0.0404
v -0.0204 5.092 -0.0448
v 0.0427 5.1496 -0.0963
v 0.0736 5.2422 -0.0753
v 0.0491 5.2998 0.0024
v -0.0123 5.2793 0.0783
v -0.6858 5.5081 -0.3649
v -0.6883 5.4481 -0.4043
v -0.654 5.4332 -0.4657
v -0.6086 5.4748 -0.5027
v -0.5863 5.5414 -0.4876
v -0.6039 5.5829 -0.4317
v -0.6482 5.5681 -0.3771
v 0 5.1959 0
v -0.6393 5.5081 -0.4334
v -0.6774 5.5081 -0.3771
v -0.6731 5.4563 -0.4051
v -0.6433 5.4435 -0.4544
v -0.6105 5.4794 -0.4879
v -0.5993 5.5368 -0.4804
v -0.6183 5.5726 -0.4375
v -0.653 5.5598 -0.3915
v -2.1897 5.9395 -1.4254
v -2.1866 5.9022 -1.4456
v -2.1651 5.893 -1.4811
v -2.1415 5.9188 -1.5052
v -2.1334 5.9602 -1.4997
v -2.1471 5.986 -1.4688
v -2.1721 5.9768 -1.4358
v -0.6393 5.5081 -0.4334
v -2.1622 5.9395 -1.4659
v -2.1884 6.296 -1.4496
v -2.1884 6.296 -1.4496
v -2.1884 6.296 -1.4496
v -2.1884 6.296 -1.4496
v -2.1884 6.296 -1.4496
v -2.1884 6.296 -1.4496
v -2.1884 6.296 -1.4496
v -2.1884 6.296 -1.4496
v -2.1884 6.296 -1.4496
v -2.1884 6.296 -1.4496
v -2.1884 6.296 -1.4496
v -2.484 6.2377 -1.2479
v -2.5302 6.243 -1.4379
v -2.445 6.2582 -1.6328
v -2.2611 6.2775 -1.7582
v -2.0486 6.2934 -1.7662
v -1.8887 6.3 -1.6537
v -1.8426 6.2946 -1.4637
v -1.9277 6.2795 -1.2688
v -2.1116 6.2602 -1.1434
v -2.3241 6.2443 -1.1355
v -2.484 6.2377 -1.2479
v -2.7306 6.134 -1.0795
v -2.816 6.1439 -1.4305
v -2.6586 6.1719 -1.7906
v -2.3188 6.2075 -2.0223
v -1.9262 6.237 -2.0371
v -1.6308 6.2491 -1.8292
v -1.5454 6.2393 -1.4782
v -1.7028 6.2112 -1.1181
v -2.0426 6.1756 -0.8864
v -2.4352 6.1461 -0.8717
v -2.7306 6.134 -1.0795
v -2.8907 6.0007 -0.9699
v -3.0022 6.0136 -1.4285
v -2.7967 6.0503 -1.899
v -2.3526 6.0967 -2.2017
v -1.8396 6.1353 -2.221
v -1.4537 6.1511 -1.9495
v -1.3422 6.1383 -1.4908
v -1.5477 6.1016 -1.0203
v -1.9918 6.0551 -0.7176
v -2.5048 6.0166 -0.6983
v -2.8907 6.0007 -0.9699
v -2.9399 5.8581 -0.9358
v -3.0606 5.872 -1.4322
v -2.8381 5.9117 -1.9415
v -2.3575 5.962 -2.2691
v -1.8022 6.0037 -2.29
v -1.3845 6.0209 -1.9961
v -1.2638 6.007 -1.4997
v -1.4863 5.9673 -0.9904
v -1.9669 5.917 -0.6627
v -2.5222 5.8753 -0.6419
v -2.9399 5.8581 -0.9358
v -2.8707 5.7279 -0.9824
v -2.9822 5.7408 -1.441
v -2.7767 5.7774 -1.9116
v -2.3326 5.8239 -2.2143
v -1.8196 5.8624 -2.2335
v -1.4337 5.8783 -1.962
v -1.3222 5.8654 -1.5034
v -1.5277 5.8288 -1.0328
v -1.9718 5.7823 -0.7301
v -2.4848 5.7438 -0.7108
v -2.8707 5.7279 -0.9824
v -2.6936 5.6299 -1.1026
v -2.779 5.6398 -1.4536
v -2.6217 5.6678 -1.8138
v -2.2818 5.7034 -2.0455
v -1.8892 5.7329 -2.0602
v -1.5938 5.745 -1.8524
v -1.5085 5.7352 -1.5014
v -1.6658 5.7071 -1.1412
v -2.0056 5.6715 -0.9095
v -2.3983 5.642 -0.8948
v -2.6936 5.6299 -1.1026
v -2.4357 5.579 -1.2782
v -2.4818 5.5844 -1.4681
v -2.3967 5.5996 -1.663
v -2.2128 5.6188 -1.7884
v -2.0003 5.6348 -1.7964
v -1.8404 5.6413 -1.6839
v -1.7942 5.636 -1.494
v -1.8794 5.6208 -1.2991
v -2.0633 5.6016 -1.1737
v -2.2758 5.5856 -1.1657
v -2.4357 5.579 -1.2782
v -2.136 5.5831 -1.4823
v -2.136 5.5831 -1.4823
v -2.136 5.5831 -1.4823
v -2.136 5.5831 -1.4823
v -2.136 5.5831 -1.4823
v -2.136 5.5831 -1.4823
v -2.136 5.5831 -1.4823
v -2.136 5.5831 -1.4823
v -2.136 5.5831 -1.4823
v -2.136 5.5831 -1.4823
v -2.136 5.5831 -1.4823
v -0.1148 5.1988 -0.0061
v -0.0702 5.1131 -0.0309
v 0.0273 5.092 -0.0325
v 0.1043 5.1513 -0.0096
v 0.1027 5.2464 0.0205
v 0.0238 5.3057 0.0352
v -0.073 5.2845 0.0233
v -0.0514 5.3868 -0.5968
v -0.0193 5.3251 -0.6147
v 0.051 5.3099 -0.6158
v 0.1063 5.3526 -0.5993
v 0.1052 5.4211 -0.5776
v 0.0484 5.4638 -0.5671
v -0.0213 5.4486 -0.5756
v 0 5.1988 0
v 0.0313 5.3868 -0.5924
v -0.0366 5.3868 -0.596
v -0.0099 5.3383 -0.6164
v 0.0478 5.3264 -0.6187
v 0.0931 5.3599 -0.6012
v 0.0918 5.4138 -0.5771
v 0.045 5.4473 -0.5645
v -0.0122 5.4354 -0.5729
v 0.045 5.9198 -1.7813
v 0.0642 5.8849 -1.7959
v 0.1058 5.8763 -1.7976
v 0.1384 5.9004 -1.7851
v 0.1375 5.9392 -1.7677
v 0.1037 5.9634 -1.7586
v 0.0626 5.9548 -1.7647
v 0.0313 5.3868 -0.5924
v 0.0939 5.9198 -1.7787
v 0.0839 6.3752 -1.7766
v 0.0839 6.3752 -1.7766
v 0.0839 6.3752 -1.7766
v 0.0839 6.3752 -1.7766
v 0.0839 6.3752 -1.7766
v 0.0839 6.3752 -1.7766
v 0.0839 6.3752 -1.7766
v 0.0839 6.3752 -1.7766
v 0.0839 6.3752 -1.7766
v 0.0839 6.3752 -1.7766
v 0.0839 6.3752 -1.7766
v 0.1026 6.3394 -1.4365
v -0.1444 6.3342 -1.4887
v -0.3039 6.3315 -1.6509
v -0.315 6.3322 -1.8612
v -0.1734 6.3361 -2.0392
v 0.0667 6.3417 -2.117
v 0.3137 6.3469 -2.0649
v 0.4732 6.3497 -1.9027
v 0.4843 6.349 -1.6924
v 0.3427 6.3451 -1.5143
v 0.1026 6.3394 -1.4365
v 0.1199 6.2397 -1.1486
v -0.3365 6.2301 -1.2449
v -0.6312 6.225 -1.5447
v -0.6517 6.2263 -1.9332
v -0.39 6.2336 -2.2622
v 0.0537 6.244 -2.4059
v 0.5101 6.2536 -2.3095
v 0.8048 6.2587 -2.0098
v 0.8253 6.2574 -1.6213
v 0.5637 6.2501 -1.2923
v 0.1199 6.2397 -1.1486
v 0.1333 6.0913 -0.9565
v -0.463 6.0788 -1.0824
v -0.848 6.0721 -1.474
v -0.8748 6.0738 -1.9817
v -0.533 6.0833 -2.4115
v 0.0468 6.0969 -2.5993
v 0.6431 6.1094 -2.4734
v 1.0282 6.1161 -2.0818
v 1.0549 6.1144 -1.5741
v 0.7131 6.1049 -1.1443
v 0.1333 6.0913 -0.9565
v 0.1407 5.9168 -0.8896
v -0.5047 5.9033 -1.0259
v -0.9215 5.896 -1.4498
v -0.9505 5.8979 -1.9993
v -0.5805 5.9081 -2.4645
v 0.0471 5.9228 -2.6678
v 0.6925 5.9364 -2.5315
v 1.1093 5.9436 -2.1076
v 1.1382 5.9418 -1.5581
v 0.7683 5.9315 -1.0929
v 0.1407 5.9168 -0.8896
v 0.141 5.7428 -0.9581
v -0.4553 5.7303 -1.084
v -0.8404 5.7236 -1.4756
v -0.8671 5.7253 -1.9833
v -0.5253 5.7347 -2.4131
v 0.0544 5.7483 -2.6009
v 0.6508 5.7608 -2.475
v 1.0358 5.7675 -2.0834
v 1.0626 5.7658 -1.5757
v 0.7208 5.7564 -1.1459
v 0.141 5.7428 -0.9581
v 0.1341 5.5957 -1.1515
v -0.3223 5.5861 -1.2479
v -0.617 5.581 -1.5476
v -0.6375 5.5823 -1.9361
v -0.3759 5.5895 -2.2651
v 0.0678 5.5999 -2.4088
v 0.5242 5.6095 -2.3124
v 0.819 5.6146 -2.0127
v 0.8394 5.6133 -1.6242
v 0.5778 5.6061 -1.2952
v 0.1341 5.5957 -1.1515
v 0.1211 5.4979 -1.4404
v -0.1259 5.4927 -1.4925
v -0.2854 5.49 -1.6547
v -0.2965 5.4907 -1.865
v -0.1549 5.4946 -2.043
v 0.0852 5.5002 -2.1208
v 0.3322 5.5054 -2.0687
v 0.4917 5.5082 -1.9065
v 0.5028 5.5075 -1.6962
v 0.3612 5.5036 -1.5182
v 0.1211 5.4979 -1.4404
v 0.1039 5.4644 -1.7808
v 0.1039 5.4644 -1.7808
v 0.1039 5.4644 -1.7808
v 0.1039 5.4644 -1.7808
v 0.1039 5.4644 -1.7808
v 0.1039 5.4644 -1.7808
v 0.1039 5.4644 -1.7808
v 0.1039 5.4644 -1.7808
v 0.1039 5.4644 -1.7808
v 0.1039 5.4644 -1.7808
v 0.1039 5.4644 -1.7808
v -0.0877 4.8275 -0.0744
v -0.0403 4.7403 -0.0634
v 0.0375 4.7188 -0.0046
v 0.087 4.7791 0.0576
v 0.071 4.8758 0.0765
v 0.0016 4.9361 0.0377
v -0.0691 4.9146 -0.0294
v 0.2975 4.9698 -0.4784
v 0.3316 4.9071 -0.4705
v 0.3876 4.8916 -0.4281
v 0.4232 4.935 -0.3833
v 0.4117 5.0046 -0.3698
v 0.3617 5.048 -0.3977
v 0.3108 5.0325 -0.446
v 0 4.8275 0
v 0.3606 4.9698 -0.4248
v 0.3087 4.9698 -0.4688
v 0.3367 4.9183 -0.4622
v 0.3826 4.9055 -0.4274
v 0.412 4.9412 -0.3907
v 0.4026 4.9984 -0.3797
v 0.3616 5.0341 -0.4027
v 0.3198 5.0213 -0.4423
v 1.6335 5.4815 -2.0002
v 1.6536 5.4444 -1.9955
v 1.6867 5.4352 -1.9704
v 1.7078 5.4609 -1.944
v 1.7011 5.5021 -1.936
v 1.6716 5.5278 -1.9526
v 1.6415 5.5186 -1.9812
v 0.3606 4.9698 -0.4248
v 1.6708 5.4815 -1.9686
v 1.6682 5.7524 -1.9757
v 1.6682 5.7524 -1.9757
v 1.6682 5.7524 -1.9757
v 1.6682 5.7524 -1.9757
v 1.6682 5.7524 -1.9757
v 1.6682 5.7524 -1.9757
v 1.6682 5.7524 -1.9757
v 1.6682 5.7524 -1.9757
v 1.6682 5.7524 -1.9757
v 1.6682 5.7524 -1.9757
v 1.6682 5.7524 -1.9757
v 1.9149 5.7419 -1.6844
v 1.6829 5.7423 -1.5832
v 1.4453 5.7387 -1.6317
v 1.2929 5.7324 -1.8113
v 1.284 5.726 -2.0536
v 1.4218 5.7217 -2.2659
v 1.6539 5.7213 -2.3671
v 1.8914 5.725 -2.3186
v 2.0438 5.7312 -2.139
v 2.0528 5.7377 -1.8967
v 1.9149 5.7419 -1.6844
v 2.1245 5.6917 -1.4364
v 1.6958 5.6924 -1.2494
v 1.2568 5.6857 -1.3389
v 0.9752 5.6742 -1.6709
v 0.9587 5.6623 -2.1185
v 1.2134 5.6544 -2.5108
v 1.6421 5.6537 -2.6979
v 2.0811 5.6604 -2.6083
v 2.3627 5.6719 -2.2763
v 2.3792 5.6839 -1.8287
v 2.1245 5.6917 -1.4364
v 2.265 5.6095 -1.2694
v 1.7049 5.6105 -1.025
v 1.1313 5.6017 -1.142
v 0.7634 5.5867 -1.5758
v 0.7418 5.5711 -2.1607
v 1.0746 5.5608 -2.6732
v 1.6348 5.5599 -2.9176
v 2.2083 5.5686 -2.8005
v 2.5762 5.5837 -2.3668
v 2.5979 5.5993 -1.7819
v 2.265 5.6095 -1.2694
v 2.3151 5.5079 -1.2089
v 1.7088 5.5089 -0.9443
v 1.0879 5.4994 -1.071
v 0.6898 5.4831 -1.5405
v 0.6663 5.4662 -2.1735
v 1.0266 5.4551 -2.7283
v 1.6329 5.4541 -2.9928
v 2.2537 5.4636 -2.8661
v 2.6519 5.4799 -2.3966
v 2.6753 5.4968 -1.7636
v 2.3151 5.5079 -1.2089
v 2.2671 5.4022 -1.264
v 1.7069 5.4031 -1.0195
v 1.1333 5.3944 -1.1366
v 0.7655 5.3793 -1.5704
v 0.7438 5.3637 -2.1552
v 1.0766 5.3535 -2.6677
v 1.6368 5.3525 -2.9121
v 2.2104 5.3613 -2.7951
v 2.5782 5.3763 -2.3613
v 2.5999 5.3919 -1.7765
v 2.2671 5.4022 -1.264
v 2.1283 5.3085 -1.4263
v 1.6995 5.3093 -1.2393
v 1.2606 5.3026 -1.3288
v 0.979 5.2911 -1.6608
v 0.9624 5.2791 -2.1084
v 1.2172 5.2713 -2.5007
v 1.6459 5.2706 -2.6878
v 2.0849 5.2772 -2.5982
v 2.3664 5.2888 -2.2662
v 2.383 5.3007 -1.8186
v 2.1283 5.3085 -1.4263
v 1.9198 5.2413 -1.6712
v 1.6878 5.2417 -1.57
v 1.4502 5.238 -1.6185
v 1.2979 5.2318 -1.7982
v 1.2889 5.2253 -2.0404
v 1.4267 5.2211 -2.2527
v 1.6588 5.2207 -2.3539
v 1.8964 5.2243 -2.3055
v 2.0487 5.2306 -2.1258
v 2.0577 5.237 -1.8835
v 1.9198 5.2413 -1.6712
v 1.6735 5.2106 -1.9614
v 1.6735 5.2106 -1.9614
v 1.6735 5.2106 -1.9614
v 1.6735 5.2106 -1.9614
v 1.6735 5.2106 -1.9614
v 1.6735 5.2106 -1.9614
v 1.6735 5.2106 -1.9614
v 1.6735 5.2106 -1.9614
v 1.6735 5.2106 -1.9614
v 1.6735 5.2106 -1.9614
v 1.6735 5.2106 -1.9614
v 0 7.3759 0
v 0 7.3759 0
v 0 7.3759 0
v 0 7.3759 0
v 0 7.3759 0
v 0 7.3759 0
v 0 7.3759 0
v 0 7.3759 0
v 0 7.3759 0
v 0 7.3759 0
v 0 7.3759 0
v 0.3827 7.3439 0
v 0.3096 7.3439 0.1889
v 0.1183 7.3439 0.3057
v -0.1183 7.3439 0.3057
v -0.3096 7.3439 0.1889
v -0.3827 7.3439 0
v -0.3096 7.3439 -0.1889
v -0.1183 7.3439 -0.3057
v 0.1183 7.3439 -0.3057
v 0.3096 7.3439 -0.1889
v 0.3827 7.3439 0
v 0.7071 7.2529 0
v 0.5721 7.2529 0.3491
v 0.2185 7.2529 0.5649
v -0.2185 7.2529 0.5649
v -0.5721 7.2529 0.3491
v -0.7071 7.2529 0
v -0.5721 7.2529 -0.3491
v -0.2185 7.2529 -0.5649
v 0.2185 7.2529 -0.5649
v 0.5721 7.2529 -0.3491
v 0.7071 7.2529 0
v 0.9239 7.1166 0
v 0.7474 7.1166 0.4562
v 0.2855 7.1166 0.7381
v -0.2855 7.1166 0.7381
v -0.7474 7.1166 0.4562
v -0.9239 7.1166 0
v -0.7474 7.1166 -0.4562
v -0.2855 7.1166 -0.7381
v 0.2855 7.1166 -0.7381
v 0.7474 7.1166 -0.4562
v 0.9239 7.1166 0
v 1 6.9559 0
v 0.809 6.9559 0.4937
v 0.309 6.9559 0.7989
v -0.309 6.9559 0.7989
v -0.809 6.9559 0.4937
v -1 6.9559 0
v -0.809 6.9559 -0.4937
v -0.309 6.9559 -0.7989
v 0.309 6.9559 -0.7989
v 0.809 6.9559 -0.4937
v 1 6.9559 0
v 0.9239 6.7952 0
v 0.7474 6.7952 0.4562
v 0.2855 6.7952 0.7381
v -0.2855 6.7952 0.7381
v -0.7474 6.7952 0.4562
v -0.9239 6.7952 0
v -0.7474 6.7952 -0.4562
v -0.2855 6.7952 -0.7381
v 0.2855 6.7952 -0.7381
v 0.7474 6.7952 -0.4562
v 0.9239 6.7952 0
v 0.7071 6.6589 0
v 0.5721 6.6589 0.3491
v 0.2185 6.6589 0.5649
v -0.2185 6.6589 0.5649
v -0.5721 6.6589 0.3491
v -0.7071 6.6589 0
v -0.5721 6.6589 -0.3491
v -0.2185 6.6589 -0.5649
v 0.2185 6.6589 -0.5649
v 0.5721 6.6589 -0.3491
v 0.7071 6.6589 0
v 0.3827 6.5679 0
v 0.3096 6.5679 0.1889
v 0.1183 6.5679 0.3057
v -0.1183 6.5679 0.3057
v -0.3096 6.5679 0.1889
v -0.3827 6.5679 0
v -0.3096 6.5679 -0.1889
v -0.1183 6.5679 -0.3057
v 0.1183 6.5679 -0.3057
v 0.3096 6.5679 -0.1889
v 0.3827 6.5679 0
v 0 6.5359 0
v 0 6.5359 0
v 0 6.5359 0
v 0 6.5359 0
v 0 6.5359 0
v 0 6.5359 0
v 0 6.5359 0
v 0 6.5359 0
v 0 6.5359 0
v 0 6.5359 0
v 0 6.5359 0
vt 0 0
vt 0.1 0
vt 0.2 0
vt 0.3 0
vt 0.4 0
vt 0.5 0
vt 0.6 0
vt 0.7 0
vt 0.8 0
vt 0.9 0
vt 0 1
vt 0.1 1
vt 0.2 1
vt 0.3 1
vt 0.4 1
vt 0.5 1
vt 0.6 1
vt 0.7 1
vt 0.8 1
vt 0.9 1
vt 0.5 0.5
vt 0.5 0.5
vt 0 0
vt 0.1 0
vt 0.2 0
vt 0.3 0
vt 0.4 0
vt 0.5 0
vt 0.6 0
vt 0.7 0
vt 0.8 0
vt 0.9 0
vt 0 1
vt 0.1 1
vt 0.2 1
vt 0.3 1
vt 0.4 1
vt 0.5 1
vt 0.6 1
vt 0.7 1
vt 0.8 1
vt 0.9 1
vt 0.5 0.5
vt 0.5 0.5
vt 0 0
vt 0.14285714285714285 0
vt 0.2857142857142857 0
vt 0.42857142857142855 0
vt 0.5714285714285714 0
vt 0.7142857142857143 0
vt 0.8571428571428571 0
vt 0 1
vt 0.14285714285714285 1
vt 0.2857142857142857 1
vt 0.42857142857142855 1
vt 0.5714285714285714 1
vt 0.7142857142857143 1
vt 0.8571428571428571 1
vt 0.5 0.5
vt 0.5 0.5
vt 0 0
vt 0.14285714285714285 0
vt 0.2857142857142857 0
vt 0.42857142857142855 0
vt 0.5714285714285714 0
vt 0.7142857142857143 0
vt 0.8571428571428571 0
vt 0 1
vt 0.14285714285714285 1
vt 0.2857142857142857 1
vt 0.42857142857142855 1
vt 0.5714285714285714 1
vt 0.7142857142857143 1
vt 0.8571428571428571 1
vt 0.5 0.5
vt 0.5 0.5
vt 0 0
vt 0.1 0
vt 0.2 0
vt 0.3 0
vt 0.4 0
vt 0.5 0
vt 0.6 0
vt 0.7 0
vt 0.8 0
vt 0.9 0
vt 1 0
vt 0 0.125
vt 0.1 0.125
vt 0.2 0.125
vt 0.3 0.125
vt 0.4 0.125
vt 0.5 0.125
vt 0.6 0.125
vt 0.7 0.125
vt 0.8 0.125
vt 0.9 0.125
vt 1 0.125
vt 0 0.25
vt 0.1 0.25
vt 0.2 0.25
vt 0.3 0.25
vt 0.4 0.25
vt 0.5 0.25
vt 0.6 0.25
vt 0.7 0.25
vt 0.8 0.25
vt 0.9 0.25
vt 1 0.25
vt 0 0.375
vt 0.1 0.375
vt 0.2 0.375
vt 0.3 0.375
vt 0.4 0.375
vt 0.5 0.375
vt 0.6 0.375
vt 0.7 0.375
vt 0.8 0.375
vt 0.9 0.375
vt 1 0.375
vt 0 0.5
vt 0.1 0.5
vt 0.2 0.5
vt 0.3 0.5
vt 0.4 0.5
vt 0.5 0.5
vt 0.6 0.5
vt 0.7 0.5
vt 0.8 0.5
vt 0.9 0.5
vt 1 0.5
vt 0 0.625
vt 0.1 0.625
vt 0.2 0.625
vt 0.3 0.625
vt 0.4 0.625
vt 0.5 0.625
vt 0.6 0.625
vt 0.7 0.625
vt 0.8 0.625
vt 0.9 0.625
vt 1 0.625
vt 0 0.75
vt 0.1 0.75
vt 0.2 0.75
vt 0.3 0.75
vt 0.4 0.75
vt 0.5 0.75
vt 0.6 0.75
vt 0.7 0.75
vt 0.8 0.75
vt 0.9 0.75
vt 1 0.75
vt 0 0.875
vt 0.1 0.875
vt 0.2 0.875
vt 0.3 0.875
vt 0.4 0.875
vt 0.5 0.875
vt 0.6 0.875
vt 0.7 0.875
vt 0.8 0.875
vt 0.9 0.875
vt 1 0.875
vt 0 1
vt 0.1 1
vt 0.2 1
vt 0.3 1
vt 0.4 1
vt 0.5 1
vt 0.6 1
vt 0.7 1
vt 0.8 1
vt 0.9 1
vt 1 1
vt 0 0
vt 0.14285714285714285 0
vt 0.2857142857142857 0
vt 0.42857142857142855 0
vt 0.5714285714285714 0
vt 0.7142857142857143 0
vt 0.8571428571428571 0
vt 0 1
vt 0.14285714285714285 1
vt 0.2857142857142857 1
vt 0.42857142857142855 1
vt 0.5714285714285714 1
vt 0.7142857142857143 1
vt 0.8571428571428571 1
vt 0.5 0.5
vt 0.5 0.5
vt 0 0
vt 0.14285714285714285 0
vt 0.2857142857142857 0
vt 0.42857142857142855 0
vt 0.5714285714285714 0
vt 0.7142857142857143 0
vt 0.8571428571428571 0
vt 0 1
vt 0.14285714285714285 1
vt 0.2857142857142857 1
vt 0.42857142857142855 1
vt 0.5714285714285714 1
vt 0.7142857142857143 1
vt 0.8571428571428571 1
vt 0.5 0.5
vt 0.5 0.5
vt 0 0
vt 0.1 0
vt 0.2 0
vt 0.3 0
vt 0.4 0
vt 0.5 0
vt 0.6 0
vt 0.7 0
vt 0.8 0
vt 0.9 0
vt 1 0
vt 0 0.125
vt 0.1 0.125
vt 0.2 0.125
vt 0.3 0.125
vt 0.4 0.125
vt 0.5 0.125
vt 0.6 0.125
vt 0.7 0.125
vt 0.8 0.125
vt 0.9 0.125
vt 1 0.125
vt 0 0.25
vt 0.1 0.25
vt 0.2 0.25
vt 0.3 0.25
vt 0.4 0.25
vt 0.5 0.25
vt 0.6 0.25
vt 0.7 0.25
vt 0.8 0.25
vt 0.9 0.25
vt 1 0.25
vt 0 0.375
vt 0.1 0.375
vt 0.2 0.375
vt 0.3 0.375
vt 0.4 0.375
vt 0.5 0.375
vt 0.6 0.375
vt 0.7 0.375
vt 0.8 0.375
vt 0.9 0.375
vt 1 0.375
vt 0 0.5
vt 0.1 0.5
vt 0.2 0.5
vt 0.3 0.5
vt 0.4 0.5
vt 0.5 0.5
vt 0.6 0.5
vt 0.7 0.5
vt 0.8 0.5
vt 0.9 0.5
vt 1 0.5
vt 0 0.625
vt 0.1 0.625
vt 0.2 0.625
vt 0.3 0.625
vt 0.4 0.625
vt 0.5 0.625
vt 0.6 0.625
vt 0.7 0.625
vt 0.8 0.625
vt 0.9 0.625
vt 1 0.625
vt 0 0.75
vt 0.1 0.75
vt 0.2 0.75
vt 0.3 0.75
vt 0.4 0.75
vt 0.5 0.75
vt 0.6 0.75
vt 0.7 0.75
vt 0.8 0.75
vt 0.9 0.75
vt 1 0.75
vt 0 0.875
vt 0.1 0.875
vt 0.2 0.875
vt 0.3 0.875
vt 0.4 0.875
vt 0.5 0.875
vt 0.6 0.875
vt 0.7 0.875
vt 0.8 0.875
vt 0.9 0.875
vt 1 0.875
vt 0 1
vt 0.1 1
vt 0.2 1
vt 0.3 1
vt 0.4 1
vt 0.5 1
vt 0.6 1
vt 0.7 1
vt 0.8 1
vt 0.9 1
vt 1 1
vt 0 0
vt 0.14285714285714285 0
vt 0.2857142857142857 0
vt 0.42857142857142855 0
vt 0.5714285714285714 0
vt 0.7142857142857143 0
vt 0.8571428571428571 0
vt 0 1
vt 0.14285714285714285 1
vt 0.2857142857142857 1
vt 0.42857142857142855 1
vt 0.5714285714285714 1
vt 0.7142857142857143 1
vt 0.8571428571428571 1
vt 0.5 0.5
vt 0.5 0.5
vt 0 0
vt 0.14285714285714285 0
vt 0.2857142857142857 0
vt 0.42857142857142855 0
vt 0.5714285714285714 0
vt 0.7142857142857143 0
vt 0.8571428571428571 0
vt 0 1
vt 0.14285714285714285 1
vt 0.2857142857142857 1
vt 0.42857142857142855 1
vt 0.5714285714285714 1
vt 0.7142857142857143 1
vt 0.8571428571428571 1
vt 0.5 0.5
vt 0.5 0.5
vt 0 0
vt 0.1 0
vt 0.2 0
vt 0.3 0
vt 0.4 0
vt 0.5 0
vt 0.6 0
vt 0.7 0
vt 0.8 0
vt 0.9 0
vt 1 0
vt 0 0.125
vt 0.1 0.125
vt 0.2 0.125
vt 0.3 0.125
vt 0.4 0.125
vt 0.5 0.125
vt 0.6 0.125
vt 0.7 0.125
vt 0.8 0.125
vt 0.9 0.125
vt 1 0.125
vt 0 0.25
vt 0.1 0.25
vt 0.2 0.25
vt 0.3 0.25
vt 0.4 0.25
vt 0.5 0.25
vt 0.6 0.25
vt 0.7 0.25
vt 0.8 0.25
vt 0.9 0.25
vt 1 0.25
vt 0 0.375
vt 0.1 0.375
vt 0.2 0.375
vt 0.3 0.375
vt 0.4 0.375
vt 0.5 0.375
vt 0.6 0.375
vt 0.7 0.375
vt 0.8 0.375
vt 0.9 0.375
vt 1 0.375
vt 0 0.5
vt 0.1 0.5
vt 0.2 0.5
vt 0.3 0.5
vt 0.4 0.5
vt 0.5 0.5
vt 0.6 0.5
vt 0.7 0.5
vt 0.8 0.5
vt 0.9 0.5
vt 1 0.5
vt 0 0.625
vt 0.1 0.625
vt 0.2 0.625
vt 0.3 0.625
vt 0.4 0.625
vt 0.5 0.625
vt 0.6 0.625
vt 0.7 0.625
vt 0.8 0.625
vt 0.9 0.625
vt 1 0.625
vt 0 0.75
vt 0.1 0.75
vt 0.2 0.75
vt 0.3 0.75
vt 0.4 0.75
vt 0.5 0.75
vt 0.6 0.75
vt 0.7 0.75
vt 0.8 0.75
vt 0.9 0.75
vt 1 0.75
vt 0 0.875
vt 0.1 0.875
vt 0.2 0.875
vt 0.3 0.875
vt 0.4 0.875
vt 0.5 0.875
vt 0.6 0.875
vt 0.7 0.875
vt 0.8 0.875
vt 0.9 0.875
vt 1 0.875
vt 0 1
vt 0.1 1
vt 0.2 1
vt 0.3 1
vt 0.4 1
vt 0.5 1
vt 0.6 1
vt 0.7 1
vt 0.8 1
vt 0.9 1
vt 1 1
vt 0 0
vt 0.14285714285714285 0
vt 0.2857142857142857 0
vt 0.42857142857142855 0
vt 0.5714285714285714 0
vt 0.7142857142857143 0
vt 0.8571428571428571 0
vt 0 1
vt 0.14285714285714285 1
vt 0.2857142857142857 1
vt 0.42857142857142855 1
vt 0.5714285714285714 1
vt 0.7142857142857143 1
vt 0.8571428571428571 1
vt 0.5 0.5
vt 0.5 0.5
vt 0 0
vt 0.14285714285714285 0
vt 0.2857142857142857 0
vt 0.42857142857142855 0
vt 0.5714285714285714 0
vt 0.7142857142857143 0
vt 0.8571428571428571 0
vt 0 1
vt 0.14285714285714285 1
vt 0.2857142857142857 1
vt 0.42857142857142855 1
vt 0.5714285714285714 1
vt 0.7142857142857143 1
vt 0.8571428571428571 1
vt 0.5 0.5
vt 0.5 0.5
vt 0 0
vt 0.1 0
vt 0.2 0
vt 0.3 0
vt 0.4 0
vt 0.5 0
vt 0.6 0
vt 0.7 0
vt 0.8 0
vt 0.9 0
vt 1 0
vt 0 0.125
vt 0.1 0.125
vt 0.2 0.125
vt 0.3 0.125
vt 0.4 0.125
vt 0.5 0.125
vt 0.6 0.125
vt 0.7 0.125
vt 0.8 0.125
vt 0.9 0.125
vt 1 0.125
vt 0 0.25
vt 0.1 0.25
vt 0.2 0.25
vt 0.3 0.25
vt 0.4 0.25
vt 0.5 0.25
vt 0.6 0.25
vt 0.7 0.25
vt 0.8 0.25
vt 0.9 0.25
vt 1 0.25
vt 0 0.375
vt 0.1 0.375
vt 0.2 0.375
vt 0.3 0.375
vt 0.4 0.375
vt 0.5 0.375
vt 0.6 0.375
vt 0.7 0.375
vt 0.8 0.375
vt 0.9 0.375
vt 1 0.375
vt 0 0.5
vt 0.1 0.5
vt 0.2 0.5
vt 0.3 0.5
vt 0.4 0.5
vt 0.5 0.5
vt 0.6 0.5
vt 0.7 0.5
vt 0.8 0.5
vt 0.9 0.5
vt 1 0.5
vt 0 0.625
vt 0.1 0.625
vt 0.2 0.625
vt 0.3 0.625
vt 0.4 0.625
vt 0.5 0.625
vt 0.6 0.625
vt 0.7 0.625
vt 0.8 0.625
vt 0.9 0.625
vt 1 0.625
vt 0 0.75
vt 0.1 0.75
vt 0.2 0.75
vt 0.3 0.75
vt 0.4 0.75
vt 0.5 0.75
vt 0.6 0.75
vt 0.7 0.75
vt 0.8 0.75
vt 0.9 0.75
vt 1 0.75
vt 0 0.875
vt 0.1 0.875
vt 0.2 0.875
vt 0.3 0.875
vt 0.4 0.875
vt 0.5 0.875
vt 0.6 0.875
vt 0.7 0.875
vt 0.8 0.875
vt 0.9 0.875
vt 1 0.875
vt 0 1
vt 0.1 1
vt 0.2 1
vt 0.3 1
vt 0.4 1
vt 0.5 1
vt 0.6 1
vt 0.7 1
vt 0.8 1
vt 0.9 1
vt 1 1
vt 0 0
vt 0.14285714285714285 0
vt 0.2857142857142857 0
vt 0.42857142857142855 0
vt 0.5714285714285714 0
vt 0.7142857142857143 0
vt 0.8571428571428571 0
vt 0 1
vt 0.14285714285714285 1
vt 0.2857142857142857 1
vt 0.42857142857142855 1
vt 0.5714285714285714 1
vt 0.7142857142857143 1
vt 0.8571428571428571 1
vt 0.5 0.5
vt 0.5 0.5
vt 0 0
vt 0.14285714285714285 0
vt 0.2857142857142857 0
vt 0.42857142857142855 0
vt 0.5714285714285714 0
vt 0.7142857142857143 0
vt 0.8571428571428571 0
vt 0 1
vt 0.14285714285714285 1
vt 0.2857142857142857 1
vt 0.42857142857142855 1
vt 0.5714285714285714 1
vt 0.7142857142857143 1
vt 0.8571428571428571 1
vt 0.5 0.5
vt 0.5 0.5
vt 0 0
vt 0.1 0
vt 0.2 0
vt 0.3 0
vt 0.4 0
vt 0.5 0
vt 0.6 0
vt 0.7 0
vt 0.8 0
vt 0.9 0
vt 1 0
vt 0 0.125
vt 0.1 0.125
vt 0.2 0.125
vt 0.3 0.125
vt 0.4 0.125
vt 0.5 0.125
vt 0.6 0.125
vt 0.7 0.125
vt 0.8 0.125
vt 0.9 0.125
vt 1 0.125
vt 0 0.25
vt 0.1 0.25
vt 0.2 0.25
vt 0.3 0.25
vt 0.4 0.25
vt 0.5 0.25
vt 0.6 0.25
vt 0.7 0.25
vt 0.8 0.25
vt 0.9 0.25
vt 1 0.25
vt 0 0.375
vt 0.1 0.375
vt 0.2 0.375
vt 0.3 0.375
vt 0.4 0.375
vt 0.5 0.375
vt 0.6 0.375
vt 0.7 0.375
vt 0.8 0.375
vt 0.9 0.375
vt 1 0.375
vt 0 0.5
vt 0.1 0.5
vt 0.2 0.5
vt 0.3 0.5
vt 0.4 0.5
vt 0.5 0.5
vt 0.6 0.5
vt 0.7 0.5
vt 0.8 0.5
vt 0.9 0.5
vt 1 0.5
vt 0 0.625
vt 0.1 0.625
vt 0.2 0.625
vt 0.3 0.625
vt 0.4 0.625
vt 0.5 0.625
vt 0.6 0.625
vt 0.7 0.625
vt 0.8 0.625
vt 0.9 0.625
vt 1 0.625
vt 0 0.75
vt 0.1 0.75
vt 0.2 0.75
vt 0.3 0.75
vt 0.4 0.75
vt 0.5 0.75
vt 0.6 0.75
vt 0.7 0.75
vt 0.8 0.75
vt 0.9 0.75
vt 1 0.75
vt 0 0.875
vt 0.1 0.875
vt 0.2 0.875
vt 0.3 0.875
vt 0.4 0.875
vt 0.5 0.875
vt 0.6 0.875
vt 0.7 0.875
vt 0.8 0.875
vt 0.9 0.875
vt 1 0.875
vt 0 1
vt 0.1 1
vt 0.2 1
vt 0.3 1
vt 0.4 1
vt 0.5 1
vt 0.6 1
vt 0.7 1
vt 0.8 1
vt 0.9 1
vt 1 1
vt 0 0
vt 0.14285714285714285 0
vt 0.2857142857142857 0
vt 0.42857142857142855 0
vt 0.5714285714285714 0
vt 0.7142857142857143 0
vt 0.8571428571428571 0
vt 0 1
vt 0.14285714285714285 1
vt 0.2857142857142857 1
vt 0.42857142857142855 1
vt 0.5714285714285714 1
vt 0.7142857142857143 1
vt 0.8571428571428571 1
vt 0.5 0.5
vt 0.5 0.5
vt 0 0
vt 0.14285714285714285 0
vt 0.2857142857142857 0
vt 0.42857142857142855 0
vt 0.5714285714285714 0
vt 0.7142857142857143 0
vt 0.8571428571428571 0
vt 0 1
vt 0.14285714285714285 1
vt 0.2857142857142857 1
vt 0.42857142857142855 1
vt 0.5714285714285714 1
vt 0.7142857142857143 1
vt 0.8571428571428571 1
vt 0.5 0.5
vt 0.5 0.5
vt 0 0
vt 0.1 0
vt 0.2 0
vt 0.3 0
vt 0.4 0
vt 0.5 0
vt 0.6 0
vt 0.7 0
vt 0.8 0
vt 0.9 0
vt 1 0
vt 0 0.125
vt 0.1 0.125
vt 0.2 0.125
vt 0.3 0.125
vt 0.4 0.125
vt 0.5 0.125
vt 0.6 0.125
vt 0.7 0.125
vt 0.8 0.125
vt 0.9 0.125
vt 1 0.125
vt 0 0.25
vt 0.1 0.25
vt 0.2 0.25
vt 0.3 0.25
vt 0.4 0.25
vt 0.5 0.25
vt 0.6 0.25
vt 0.7 0.25
vt 0.8 0.25
vt 0.9 0.25
vt 1 0.25
vt 0 0.375
vt 0.1 0.375
vt 0.2 0.375
vt 0.3 0.375
vt 0.4 0.375
vt 0.5 0.375
vt 0.6 0.375
vt 0.7 0.375
vt 0.8 0.375
vt 0.9 0.375
vt 1 0.375
vt 0 0.5
vt 0.1 0.5
vt 0.2 0.5
vt 0.3 0.5
vt 0.4 0.5
vt 0.5 0.5
vt 0.6 0.5
vt 0.7 0.5
vt 0.8 0.5
vt 0.9 0.5
vt 1 0.5
vt 0 0.625
vt 0.1 0.625
vt 0.2 0.625
vt 0.3 0.625
vt 0.4 0.625
vt 0.5 0.625
vt 0.6 0.625
vt 0.7 0.625
vt 0.8 0.625
vt 0.9 0.625
vt 1 0.625
vt 0 0.75
vt 0.1 0.75
vt 0.2 0.75
vt 0.3 0.75
vt 0.4 0.75
vt 0.5 0.75
vt 0.6 0.75
vt 0.7 0.75
vt 0.8 0.75
vt 0.9 0.75
vt 1 0.75
vt 0 0.875
vt 0.1 0.875
vt 0.2 0.875
vt 0.3 0.875
vt 0.4 0.875
vt 0.5 0.875
vt 0.6 0.875
vt 0.7 0.875
vt 0.8 0.875
vt 0.9 0.875
vt 1 0.875
vt 0 1
vt 0.1 1
vt 0.2 1
vt 0.3 1
vt 0.4 1
vt 0.5 1
vt 0.6 1
vt 0.7 1
vt 0.8 1
vt 0.9 1
vt 1 1
vt 0 0
vt 0.14285714285714285 0
vt 0.2857142857142857 0
vt 0.42857142857142855 0
vt 0.5714285714285714 0
vt 0.7142857142857143 0
vt 0.8571428571428571 0
vt 0 1
vt 0.14285714285714285 1
vt 0.2857142857142857 1
vt 0.42857142857142855 1
vt 0.5714285714285714 1
vt 0.7142857142857143 1
vt 0.8571428571428571 1
vt 0.5 0.5
vt 0.5 0.5
vt 0 0
vt 0.14285714285714285 0
vt 0.2857142857142857 0
vt 0.42857142857142855 0
vt 0.5714285714285714 0
vt 0.7142857142857143 0
vt 0.8571428571428571 0
vt 0 1
vt 0.14285714285714285 1
vt 0.2857142857142857 1
vt 0.42857142857142855 1
vt 0.5714285714285714 1
vt 0.7142857142857143 1
vt 0.8571428571428571 1
vt 0.5 0.5
vt 0.5 0.5
vt 0 0
vt 0.1 0
vt 0.2 0
vt 0.3 0
vt 0.4 0
vt 0.5 0
vt 0.6 0
vt 0.7 0
vt 0.8 0
vt 0.9 0
vt 1 0
vt 0 0.125
vt 0.1 0.125
vt 0.2 0.125
vt 0.3 0.125
vt 0.4 0.125
vt 0.5 0.125
vt 0.6 0.125
vt 0.7 0.125
vt 0.8 0.125
vt 0.9 0.125
vt 1 0.125
vt 0 0.25
vt 0.1 0.25
vt 0.2 0.25
vt 0.3 0.25
vt 0.4 0.25
vt 0.5 0.25
vt 0.6 0.25
vt 0.7 0.25
vt 0.8 0.25
vt 0.9 0.25
vt 1 0.25
vt 0 0.375
vt 0.1 0.375
vt 0.2 0.375
vt 0.3 0.375
vt 0.4 0.375
vt 0.5 0.375
vt 0.6 0.375
vt 0.7 0.375
vt 0.8 0.375
vt 0.9 0.375
vt 1 0.375
vt 0 0.5
vt 0.1 0.5
vt 0.2 0.5
vt 0.3 0.5
vt 0.4 0.5
vt 0.5 0.5
vt 0.6 0.5
vt 0.7 0.5
vt 0.8 0.5
vt 0.9 0.5
vt 1 0.5
vt 0 0.625
vt 0.1 0.625
vt 0.2 0.625
vt 0.3 0.625
vt 0.4 0.625
vt 0.5 0.625
vt 0.6 0.625
vt 0.7 0.625
vt 0.8 0.625
vt 0.9 0.625
vt 1 0.625
vt 0 0.75
vt 0.1 0.75
vt 0.2 0.75
vt 0.3 0.75
vt 0.4 0.75
vt 0.5 0.75
vt 0.6 0.75
vt 0.7 0.75
vt 0.8 0.75
vt 0.9 0.75
vt 1 0.75
vt 0 0.875
vt 0.1 0.875
vt 0.2 0.875
vt 0.3 0.875
vt 0.4 0.875
vt 0.5 0.875
vt 0.6 0.875
vt 0.7 0.875
vt 0.8 0.875
vt 0.9 0.875
vt 1 0.875
vt 0 1
vt 0.1 1
vt 0.2 1
vt 0.3 1
vt 0.4 1
vt 0.5 1
vt 0.6 1
vt 0.7 1
vt 0.8 1
vt 0.9 1
vt 1 1
vt 0 0
vt 0.14285714285714285 0
vt 0.2857142857142857 0
vt 0.42857142857142855 0
vt 0.5714285714285714 0
vt 0.7142857142857143 0
vt 0.8571428571428571 0
vt 0 1
vt 0.14285714285714285 1
vt 0.2857142857142857 1
vt 0.42857142857142855 1
vt 0.5714285714285714 1
vt 0.7142857142857143 1
vt 0.8571428571428571 1
vt 0.5 0.5
vt 0.5 0.5
vt 0 0
vt 0.14285714285714285 0
vt 0.2857142857142857 0
vt 0.42857142857142855 0
vt 0.5714285714285714 0
vt 0.7142857142857143 0
vt 0.8571428571428571 0
vt 0 1
vt 0.14285714285714285 1
vt 0.2857142857142857 1
vt 0.42857142857142855 1
vt 0.5714285714285714 1
vt 0.7142857142857143 1
vt 0.8571428571428571 1
vt 0.5 0.5
vt 0.5 0.5
vt 0 0
vt 0.1 0
vt 0.2 0
vt 0.3 0
vt 0.4 0
vt 0.5 0
vt 0.6 0
vt 0.7 0
vt 0.8 0
vt 0.9 0
vt 1 0
vt 0 0.125
vt 0.1 0.125
vt 0.2 0.125
vt 0.3 0.125
vt 0.4 0.125
vt 0.5 0.125
vt 0.6 0.125
vt 0.7 0.125
vt 0.8 0.125
vt 0.9 0.125
vt 1 0.125
vt 0 0.25
vt 0.1 0.25
vt 0.2 0.25
vt 0.3 0.25
vt 0.4 0.25
vt 0.5 0.25
vt 0.6 0.25
vt 0.7 0.25
vt 0.8 0.25
vt 0.9 0.25
vt 1 0.25
vt 0 0.375
vt 0.1 0.375
vt 0.2 0.375
vt 0.3 0.375
vt 0.4 0.375
vt 0.5 0.375
vt 0.6 0.375
vt 0.7 0.375
vt 0.8 0.375
vt 0.9 0.375
vt 1 0.375
vt 0 0.5
vt 0.1 0.5
vt 0.2 0.5
vt 0.3 0.5
vt 0.4 0.5
vt 0.5 0.5
vt 0.6 0.5
vt 0.7 0.5
vt 0.8 0.5
vt 0.9 0.5
vt 1 0.5
vt 0 0.625
vt 0.1 0.625
vt 0.2 0.625
vt 0.3 0.625
vt 0.4 0.625
vt 0.5 0.625
vt 0.6 0.625
vt 0.7 0.625
vt 0.8 0.625
vt 0.9 0.625
vt 1 0.625
vt 0 0.75
vt 0.1 0.75
vt 0.2 0.75
vt 0.3 0.75
vt 0.4 0.75
vt 0.5 0.75
vt 0.6 0.75
vt 0.7 0.75
vt 0.8 0.75
vt 0.9 0.75
vt 1 0.75
vt 0 0.875
vt 0.1 0.875
vt 0.2 0.875
vt 0.3 0.875
vt 0.4 0.875
vt 0.5 0.875
vt 0.6 0.875
vt 0.7 0.875
vt 0.8 0.875
vt 0.9 0.875
vt 1 0.875
vt 0 1
vt 0.1 1
vt 0.2 1
vt 0.3 1
vt 0.4 1
vt 0.5 1
vt 0.6 1
vt 0.7 1
vt 0.8 1
vt 0.9 1
vt 1 1
vt 0 0
vt 0.1 0
vt 0.2 0
vt 0.3 0
vt 0.4 0
vt 0.5 0
vt 0.6 0
vt 0.7 0
vt 0.8 0
vt 0.9 0
vt 1 0
vt 0 0.125
vt 0.1 0.125
vt 0.2 0.125
vt 0.3 0.125
vt 0.4 0.125
vt 0.5 0.125
vt 0.6 0.125
vt 0.7 0.125
vt 0.8 0.125
vt 0.9 0.125
vt 1 0.125
vt 0 0.25
vt 0.1 0.25
vt 0.2 0.25
vt 0.3 0.25
vt 0.4 0.25
vt 0.5 0.25
vt 0.6 0.25
vt 0.7 0.25
vt 0.8 0.25
vt 0.9 0.25
vt 1 0.25
vt 0 0.375
vt 0.1 0.375
vt 0.2 0.375
vt 0.3 0.375
vt 0.4 0.375
vt 0.5 0.375
vt 0.6 0.375
vt 0.7 0.375
vt 0.8 0.375
vt 0.9 0.375
vt 1 0.375
vt 0 0.5
vt 0.1 0.5
vt 0.2 0.5
vt 0.3 0.5
vt 0.4 0.5
vt 0.5 0.5
vt 0.6 0.5
vt 0.7 0.5
vt 0.8 0.5
vt 0.9 0.5
vt 1 0.5
vt 0 0.625
vt 0.1 0.625
vt 0.2 0.625
vt 0.3 0.625
vt 0.4 0.625
vt 0.5 0.625
vt 0.6 0.625
vt 0.7 0.625
vt 0.8 0.625
vt 0.9 0.625
vt 1 0.625
vt 0 0.75
vt 0.1 0.75
vt 0.2 0.75
vt 0.3 0.75
vt 0.4 0.75
vt 0.5 0.75
vt 0.6 0.75
vt 0.7 0.75
vt 0.8 0.75
vt 0.9 0.75
vt 1 0.75
vt 0 0.875
vt 0.1 0.875
vt 0.2 0.875
vt 0.3 0.875
vt 0.4 0.875
vt 0.5 0.875
vt 0.6 0.875
vt 0.7 0.875
vt 0.8 0.875
vt 0.9 0.875
vt 1 0.875
vt 0 1
vt 0.1 1
vt 0.2 1
vt 0.3 1
vt 0.4 1
vt 0.5 1
vt 0.6 1
vt 0.7 1
vt 0.8 1
vt 0.9 1
vt 1 1
vn 0 -1 0
vn 0 -1 0
vn 0 -1 0
vn 0 -1 0
vn 0 -1 0
vn 0 -1 0
vn 0 -1 0
vn 0 -1 0
vn 0 -1 0
vn 0 -1 0
vn 0 1 0
vn 0 1 0
vn 0 1 0
vn 0 1 0
vn 0 1 0
vn 0 1 0
vn 0 1 0
vn 0 1 0
vn 0 1 0
vn 0 1 0
vn 0 -1 0
vn 0 1 0
vn 0 -1 0
vn 0 -1 0
vn 0 -1 0
vn 0 -1 0
vn 0 -1 0
vn 0 -1 0
vn 0 -1 0
vn 0 -1 0
vn 0 -1 0
vn 0 -1 0
vn 0 1 0
vn 0 1 0
vn 0 1 0
vn 0 1 0
vn 0 1 0
vn 0 1 0
vn 0 1 0
vn 0 1 0
vn 0 1 0
vn 0 1 0
vn 0 -1 0
vn 0 1 0
vn 0 -1 0
vn 0 -1 0
vn 0 -1 0
vn 0 -1 0
vn 0 -1 0
vn 0 -1 0
vn 0 -1 0
vn 0 1 0
vn 0 1 0
vn 0 1 0
vn 0 1 0
vn 0 1 0
vn 0 1 0
vn 0 1 0
vn 0 -1 0
vn 0 1 0
vn 0 -1 0
vn 0 -1 0
vn 0 -1 0
vn 0 -1 0
vn 0 -1 0
vn 0 -1 0
vn 0 -1 0
vn 0 1 0
vn 0 1 0
vn 0 1 0
vn 0 1 0
vn 0 1 0
vn 0 1 0
vn 0 1 0
vn 0 -1 0
vn 0 1 0
vn 0 1 0
vn 0 1 0
vn 0 1 0
vn 0 1 0
vn 0 1 0
vn 0 1 0
vn 0 1 0
vn 0 1 0
vn 0 1 0
vn 0 1 0
vn 0 1 0
vn 0.3826834323650898 0.9238795325112866 0
vn 0.30959740024909344 0.9238795325112866 0.22493567784086388
vn 0.11825568406654853 0.9238795325112866 0.3639535720290143
vn -0.11825568406654847 0.9238795325112866 0.36395357202901435
vn -0.3095974002490934 0.9238795325112866 0.2249356778408639
vn -0.3826834323650898 0.9238795325112866 4.6865204053262986e-17
vn -0.30959740024909344 0.9238795325112866 -0.22493567784086382
vn -0.11825568406654859 0.9238795325112866 -0.3639535720290143
vn 0.11825568406654846 0.9238795325112866 -0.36395357202901435
vn 0.3095974002490934 0.9238795325112866 -0.22493567784086396
vn 0.3826834323650898 0.9238795325112866 -9.373040810652597e-17
vn 0.7071067811865475 0.7071067811865476 0
vn 0.5720614028176843 0.7071067811865476 0.4156269377774534
vn 0.21850801222441055 0.7071067811865476 0.6724985119639573
vn -0.21850801222441046 0.7071067811865476 0.6724985119639573
vn -0.5720614028176841 0.7071067811865476 0.41562693777745346
vn -0.7071067811865475 0.7071067811865476 8.659560562354932e-17
vn -0.5720614028176843 0.7071067811865476 -0.4156269377774533
vn -0.2185080122244106 0.7071067811865476 -0.6724985119639573
vn 0.21850801222441038 0.7071067811865476 -0.6724985119639573
vn 0.5720614028176841 0.7071067811865476 -0.4156269377774536
vn 0.7071067811865475 0.7071067811865476 -1.7319121124709863e-16
vn 0.9238795325112867 0.38268343236508984 0
vn 0.7474342425568128 0.38268343236508984 0.5430427641049989
vn 0.28549447630116936 0.38268343236508984 0.8786616496665794
vn -0.28549447630116925 0.38268343236508984 0.8786616496665796
vn -0.7474342425568127 0.38268343236508984 0.543042764104999
vn -0.9238795325112867 0.38268343236508984 1.1314261122877003e-16
vn -0.7474342425568128 0.38268343236508984 -0.5430427641049987
vn -0.2854944763011695 0.38268343236508984 -0.8786616496665794
vn 0.28549447630116914 0.38268343236508984 -0.8786616496665796
vn 0.7474342425568127 0.38268343236508984 -0.543042764104999
vn 0.9238795325112867 0.38268343236508984 -2.2628522245754005e-16
vn 1 6.123233995736766e-17 0
vn 0.8090169943749475 6.123233995736766e-17 0.5877852522924731
vn 0.30901699437494745 6.123233995736766e-17 0.9510565162951535
vn -0.30901699437494734 6.123233995736766e-17 0.9510565162951536
vn -0.8090169943749473 6.123233995736766e-17 0.5877852522924732
vn -1 6.123233995736766e-17 1.2246467991473532e-16
vn -0.8090169943749475 6.123233995736766e-17 -0.587785252292473
vn -0.30901699437494756 6.123233995736766e-17 -0.9510565162951535
vn 0.30901699437494723 6.123233995736766e-17 -0.9510565162951536
vn 0.8090169943749473 6.123233995736766e-17 -0.5877852522924734
vn 1 6.123233995736766e-17 -2.4492935982947064e-16
vn 0.9238795325112867 -0.3826834323650897 0
vn 0.7474342425568128 -0.3826834323650897 0.5430427641049989
vn 0.28549447630116936 -0.3826834323650897 0.8786616496665794
vn -0.28549447630116925 -0.3826834323650897 0.8786616496665796
vn -0.7474342425568127 -0.3826834323650897 0.543042764104999
vn -0.9238795325112867 -0.3826834323650897 1.1314261122877003e-16
vn -0.7474342425568128 -0.3826834323650897 -0.5430427641049987
vn -0.2854944763011695 -0.3826834323650897 -0.8786616496665794
vn 0.28549447630116914 -0.3826834323650897 -0.8786616496665796
vn 0.7474342425568127 -0.3826834323650897 -0.543042764104999
vn 0.9238795325112867 -0.3826834323650897 -2.2628522245754005e-16
vn 0.7071067811865476 -0.7071067811865475 0
vn 0.5720614028176844 -0.7071067811865475 0.41562693777745346
vn 0.21850801222441057 -0.7071067811865475 0.6724985119639574
vn -0.2185080122244105 -0.7071067811865475 0.6724985119639574
vn -0.5720614028176843 -0.7071067811865475 0.4156269377774535
vn -0.7071067811865476 -0.7071067811865475 8.659560562354934e-17
vn -0.5720614028176844 -0.7071067811865475 -0.4156269377774534
vn -0.21850801222441066 -0.7071067811865475 -0.6724985119639574
vn 0.2185080122244104 -0.7071067811865475 -0.6724985119639574
vn 0.5720614028176843 -0.7071067811865475 -0.41562693777745363
vn 0.7071067811865476 -0.7071067811865475 -1.7319121124709868e-16
vn 0.3826834323650899 -0.9238795325112866 0
vn 0.3095974002490935 -0.9238795325112866 0.22493567784086393
vn 0.11825568406654859 -0.9238795325112866 0.3639535720290144
vn -0.11825568406654853 -0.9238795325112866 0.36395357202901446
vn -0.3095974002490935 -0.9238795325112866 0.224935677840864
vn -0.3826834323650899 -0.9238795325112866 4.6865204053263e-17
vn -0.3095974002490935 -0.9238795325112866 -0.2249356778408639
vn -0.1182556840665486 -0.9238795325112866 -0.3639535720290144
vn 0.11825568406654847 -0.9238795325112866 -0.36395357202901446
vn 0.3095974002490935 -0.9238795325112866 -0.22493567784086402
vn 0.3826834323650899 -0.9238795325112866 -9.3730408106526e-17
vn 1.2246467991473532e-16 -1 0
vn 9.907600726170916e-17 -1 7.198293278059966e-17
vn 3.7843667304341506e-17 -1 1.1647083184890923e-16
vn -3.7843667304341493e-17 -1 1.1647083184890926e-16
vn -9.907600726170915e-17 -1 7.198293278059968e-17
vn -1.2246467991473532e-16 -1 1.4997597826618576e-32
vn -9.907600726170916e-17 -1 -7.198293278059965e-17
vn -3.784366730434152e-17 -1 -1.1647083184890923e-16
vn 3.7843667304341475e-17 -1 -1.1647083184890926e-16
vn 9.907600726170915e-17 -1 -7.19829327805997e-17
vn 1.2246467991473532e-16 -1 -2.999519565323715e-32
vn 0 -1 0
vn 0 -1 0
vn 0 -1 0
vn 0 -1 0
vn 0 -1 0
vn 0 -1 0
vn 0 -1 0
vn 0 1 0
vn 0 1 0
vn 0 1 0
vn 0 1 0
vn 0 1 0
vn 0 1 0
vn 0 1 0
vn 0 -1 0
vn 0 1 0
vn 0 -1 0
vn 0 -1 0
vn 0 -1 0
vn 0 -1 0
vn 0 -1 0
vn 0 -1 0
vn 0 -1 0
vn 0 1 0
vn 0 1 0
vn 0 1 0
vn 0 1 0
vn 0 1 0
vn 0 1 0
vn 0 1 0
vn 0 -1 0
vn 0 1 0
vn 0 1 0
vn 0 1 0
vn 0 1 0
vn 0 1 0
vn 0 1 0
vn 0 1 0
vn 0 1 0
vn 0 1 0
vn 0 1 0
vn 0 1 0
vn 0 1 0
vn 0.3826834323650898 0.9238795325112867 0
vn 0.30959740024909344 0.9238795325112867 0.22493567784086388
vn 0.11825568406654852 0.9238795325112867 0.3639535720290143
vn -0.1182556840665485 0.9238795325112867 0.36395357202901435
vn -0.3095974002490934 0.9238795325112867 0.2249356778408639
vn -0.3826834323650898 0.9238795325112867 4.6865204053262986e-17
vn -0.30959740024909344 0.9238795325112867 -0.22493567784086382
vn -0.11825568406654856 0.9238795325112867 -0.3639535720290143
vn 0.11825568406654846 0.9238795325112867 -0.36395357202901435
vn 0.3095974002490934 0.9238795325112867 -0.22493567784086396
vn 0.3826834323650898 0.9238795325112867 -9.373040810652597e-17
vn 0.7071067811865475 0.7071067811865476 0
vn 0.5720614028176843 0.7071067811865476 0.4156269377774534
vn 0.21850801222441055 0.7071067811865476 0.6724985119639573
vn -0.21850801222441046 0.7071067811865476 0.6724985119639573
vn -0.5720614028176841 0.7071067811865476 0.41562693777745346
vn -0.7071067811865475 0.7071067811865476 8.659560562354932e-17
vn -0.5720614028176843 0.7071067811865476 -0.41562693777745324
vn -0.21850801222441057 0.7071067811865476 -0.6724985119639573
vn 0.21850801222441038 0.7071067811865476 -0.6724985119639573
vn 0.5720614028176841 0.7071067811865476 -0.4156269377774536
vn 0.7071067811865475 0.7071067811865476 -1.7319121124709863e-16
vn 0.9238795325112866 0.38268343236508984 0
vn 0.7474342425568128 0.38268343236508984 0.5430427641049989
vn 0.28549447630116936 0.38268343236508984 0.8786616496665794
vn -0.28549447630116925 0.38268343236508984 0.8786616496665796
vn -0.7474342425568127 0.38268343236508984 0.543042764104999
vn -0.9238795325112866 0.38268343236508984 1.1314261122877003e-16
vn -0.7474342425568128 0.38268343236508984 -0.5430427641049987
vn -0.2854944763011695 0.38268343236508984 -0.8786616496665794
vn 0.28549447630116914 0.38268343236508984 -0.8786616496665796
vn 0.7474342425568127 0.38268343236508984 -0.543042764104999
vn 0.9238795325112866 0.38268343236508984 -2.2628522245754005e-16
vn 1 6.123233995736766e-17 0
vn 0.8090169943749475 6.123233995736766e-17 0.5877852522924731
vn 0.30901699437494745 6.123233995736766e-17 0.9510565162951535
vn -0.30901699437494734 6.123233995736766e-17 0.9510565162951536
vn -0.8090169943749472 6.123233995736766e-17 0.5877852522924732
vn -1 6.123233995736766e-17 1.2246467991473532e-16
vn -0.8090169943749475 6.123233995736766e-17 -0.587785252292473
vn -0.30901699437494756 6.123233995736766e-17 -0.9510565162951535
vn 0.30901699437494723 6.123233995736766e-17 -0.9510565162951536
vn 0.8090169943749472 6.123233995736766e-17 -0.5877852522924734
vn 1 6.123233995736766e-17 -2.4492935982947064e-16
vn 0.9238795325112866 -0.3826834323650897 0
vn 0.7474342425568128 -0.3826834323650897 0.5430427641049989
vn 0.28549447630116936 -0.3826834323650897 0.8786616496665794
vn -0.28549447630116925 -0.3826834323650897 0.8786616496665796
vn -0.7474342425568127 -0.3826834323650897 0.543042764104999
vn -0.9238795325112866 -0.3826834323650897 1.1314261122877003e-16
vn -0.7474342425568128 -0.3826834323650897 -0.5430427641049987
vn -0.2854944763011695 -0.3826834323650897 -0.8786616496665794
vn 0.28549447630116914 -0.3826834323650897 -0.8786616496665796
vn 0.7474342425568127 -0.3826834323650897 -0.543042764104999
vn 0.9238795325112866 -0.3826834323650897 -2.2628522245754005e-16
vn 0.7071067811865476 -0.7071067811865475 0
vn 0.5720614028176844 -0.7071067811865475 0.41562693777745346
vn 0.21850801222441057 -0.7071067811865475 0.6724985119639574
vn -0.2185080122244105 -0.7071067811865475 0.6724985119639574
vn -0.5720614028176843 -0.7071067811865475 0.4156269377774535
vn -0.7071067811865476 -0.7071067811865475 8.659560562354934e-17
vn -0.5720614028176844 -0.7071067811865475 -0.4156269377774534
vn -0.21850801222441066 -0.7071067811865475 -0.6724985119639574
vn 0.2185080122244104 -0.7071067811865475 -0.6724985119639574
vn 0.5720614028176843 -0.7071067811865475 -0.41562693777745363
vn 0.7071067811865476 -0.7071067811865475 -1.7319121124709868e-16
vn 0.3826834323650899 -0.9238795325112867 0
vn 0.3095974002490935 -0.9238795325112867 0.2249356778408639
vn 0.11825568406654856 -0.9238795325112867 0.3639535720290144
vn -0.11825568406654852 -0.9238795325112867 0.36395357202901446
vn -0.3095974002490935 -0.9238795325112867 0.224935677840864
vn -0.3826834323650899 -0.9238795325112867 4.6865204053263e-17
vn -0.3095974002490935 -0.9238795325112867 -0.2249356778408639
vn -0.1182556840665486 -0.9238795325112867 -0.3639535720290144
vn 0.1182556840665485 -0.9238795325112867 -0.36395357202901446
vn 0.3095974002490935 -0.9238795325112867 -0.22493567784086402
vn 0.3826834323650899 -0.9238795325112867 -9.3730408106526e-17
vn 1.2246467991473532e-16 -1 0
vn 9.907600726170916e-17 -1 7.198293278059968e-17
vn 3.7843667304341506e-17 -1 1.1647083184890923e-16
vn -3.7843667304341493e-17 -1 1.1647083184890926e-16
vn -9.907600726170916e-17 -1 7.198293278059968e-17
vn -1.2246467991473532e-16 -1 1.4997597826618576e-32
vn -9.907600726170916e-17 -1 -7.198293278059965e-17
vn -3.784366730434152e-17 -1 -1.1647083184890923e-16
vn 3.7843667304341475e-17 -1 -1.1647083184890926e-16
vn 9.907600726170916e-17 -1 -7.19829327805997e-17
vn 1.2246467991473532e-16 -1 -2.999519565323715e-32
vn 0 -1 0
vn 0 -1 0
vn 0 -1 0
vn 0 -1 0
vn 0 -1 0
vn 0 -1 0
vn 0 -1 0
vn 0 1 0
vn 0 1 0
vn 0 1 0
vn 0 1 0
vn 0 1 0
vn 0 1 0
vn 0 1 0
vn 0 -1 0
vn 0 1 0
vn 0 -1 0
vn 0 -1 0
vn 0 -1 0
vn 0 -1 0
vn 0 -1 0
vn 0 -1 0
vn 0 -1 0
vn 0 1 0
vn 0 1 0
vn 0 1 0
vn 0 1 0
vn 0 1 0
vn 0 1 0
vn 0 1 0
vn 0 -1 0
vn 0 1 0
vn 0 1 0
vn 0 1 0
vn 0 1 0
vn 0 1 0
vn 0 1 0
vn 0 1 0
vn 0 1 0
vn 0 1 0
vn 0 1 0
vn 0 1 0
vn 0 1 0
vn 0.3826834323650898 0.9238795325112868 0
vn 0.30959740024909344 0.9238795325112868 0.22493567784086388
vn 0.11825568406654852 0.9238795325112868 0.3639535720290143
vn -0.11825568406654849 0.9238795325112868 0.36395357202901435
vn -0.3095974002490934 0.9238795325112868 0.22493567784086388
vn -0.3826834323650898 0.9238795325112868 4.6865204053262986e-17
vn -0.30959740024909344 0.9238795325112868 -0.22493567784086382
vn -0.11825568406654856 0.9238795325112868 -0.3639535720290143
vn 0.11825568406654845 0.9238795325112868 -0.36395357202901435
vn 0.3095974002490934 0.9238795325112868 -0.22493567784086396
vn 0.3826834323650898 0.9238795325112868 -9.373040810652597e-17
vn 0.7071067811865475 0.7071067811865476 0
vn 0.5720614028176843 0.7071067811865476 0.4156269377774534
vn 0.21850801222441057 0.7071067811865476 0.6724985119639573
vn -0.2185080122244105 0.7071067811865476 0.6724985119639573
vn -0.5720614028176841 0.7071067811865476 0.41562693777745346
vn -0.7071067811865475 0.7071067811865476 8.659560562354932e-17
vn -0.5720614028176843 0.7071067811865476 -0.41562693777745335
vn -0.2185080122244106 0.7071067811865476 -0.6724985119639573
vn 0.21850801222441035 0.7071067811865476 -0.6724985119639573
vn 0.5720614028176841 0.7071067811865476 -0.4156269377774535
vn 0.7071067811865475 0.7071067811865476 -1.7319121124709863e-16
vn 0.9238795325112868 0.38268343236508984 0
vn 0.7474342425568128 0.38268343236508984 0.5430427641049989
vn 0.28549447630116936 0.38268343236508984 0.8786616496665794
vn -0.28549447630116925 0.38268343236508984 0.8786616496665794
vn -0.7474342425568127 0.38268343236508984 0.543042764104999
vn -0.9238795325112868 0.38268343236508984 1.1314261122877003e-16
vn -0.7474342425568128 0.38268343236508984 -0.5430427641049987
vn -0.2854944763011695 0.38268343236508984 -0.8786616496665794
vn 0.28549447630116914 0.38268343236508984 -0.8786616496665794
vn 0.7474342425568127 0.38268343236508984 -0.543042764104999
vn 0.9238795325112868 0.38268343236508984 -2.2628522245754005e-16
vn 1 6.123233995736766e-17 0
vn 0.8090169943749475 6.123233995736766e-17 0.5877852522924731
vn 0.30901699437494745 6.123233995736766e-17 0.9510565162951535
vn -0.30901699437494734 6.123233995736766e-17 0.9510565162951536
vn -0.8090169943749473 6.123233995736766e-17 0.5877852522924732
vn -1 6.123233995736766e-17 1.2246467991473532e-16
vn -0.8090169943749475 6.123233995736766e-17 -0.587785252292473
vn -0.30901699437494756 6.123233995736766e-17 -0.9510565162951535
vn 0.30901699437494723 6.123233995736766e-17 -0.9510565162951536
vn 0.8090169943749473 6.123233995736766e-17 -0.5877852522924734
vn 1 6.123233995736766e-17 -2.4492935982947064e-16
vn 0.9238795325112868 -0.3826834323650897 0
vn 0.7474342425568128 -0.3826834323650897 0.5430427641049989
vn 0.28549447630116936 -0.3826834323650897 0.8786616496665794
vn -0.28549447630116925 -0.3826834323650897 0.8786616496665794
vn -0.7474342425568127 -0.3826834323650897 0.543042764104999
vn -0.9238795325112868 -0.3826834323650897 1.1314261122877003e-16
vn -0.7474342425568128 -0.3826834323650897 -0.5430427641049987
vn -0.2854944763011695 -0.3826834323650897 -0.8786616496665794
vn 0.28549447630116914 -0.3826834323650897 -0.8786616496665794
vn 0.7474342425568127 -0.3826834323650897 -0.543042764104999
vn 0.9238795325112868 -0.3826834323650897 -2.2628522245754005e-16
vn 0.7071067811865476 -0.7071067811865475 0
vn 0.5720614028176844 -0.7071067811865475 0.41562693777745346
vn 0.21850801222441057 -0.7071067811865475 0.6724985119639574
vn -0.2185080122244105 -0.7071067811865475 0.6724985119639574
vn -0.5720614028176843 -0.7071067811865475 0.4156269377774535
vn -0.7071067811865476 -0.7071067811865475 8.659560562354934e-17
vn -0.5720614028176844 -0.7071067811865475 -0.4156269377774534
vn -0.21850801222441066 -0.7071067811865475 -0.6724985119639574
vn 0.2185080122244104 -0.7071067811865475 -0.6724985119639574
vn 0.5720614028176843 -0.7071067811865475 -0.41562693777745363
vn 0.7071067811865476 -0.7071067811865475 -1.7319121124709868e-16
vn 0.3826834323650899 -0.9238795325112868 0
vn 0.3095974002490935 -0.9238795325112868 0.22493567784086393
vn 0.11825568406654856 -0.9238795325112868 0.3639535720290144
vn -0.11825568406654852 -0.9238795325112868 0.36395357202901446
vn -0.3095974002490935 -0.9238795325112868 0.224935677840864
vn -0.3826834323650899 -0.9238795325112868 4.6865204053263e-17
vn -0.3095974002490935 -0.9238795325112868 -0.22493567784086388
vn -0.1182556840665486 -0.9238795325112868 -0.3639535720290144
vn 0.11825568406654849 -0.9238795325112868 -0.36395357202901446
vn 0.3095974002490935 -0.9238795325112868 -0.22493567784086405
vn 0.3826834323650899 -0.9238795325112868 -9.3730408106526e-17
vn 1.2246467991473532e-16 -1 0
vn 9.907600726170915e-17 -1 7.198293278059966e-17
vn 3.7843667304341506e-17 -1 1.1647083184890923e-16
vn -3.7843667304341493e-17 -1 1.1647083184890926e-16
vn -9.907600726170915e-17 -1 7.198293278059966e-17
vn -1.2246467991473532e-16 -1 1.4997597826618576e-32
vn -9.907600726170915e-17 -1 -7.198293278059965e-17
vn -3.784366730434152e-17 -1 -1.1647083184890923e-16
vn 3.7843667304341475e-17 -1 -1.1647083184890926e-16
vn 9.907600726170915e-17 -1 -7.19829327805997e-17
vn 1.2246467991473532e-16 -1 -2.999519565323715e-32
vn 0 -1 0
vn 0 -1 0
vn 0 -1 0
vn 0 -1 0
vn 0 -1 0
vn 0 -1 0
vn 0 -1 0
vn 0 1 0
vn 0 1 0
vn 0 1 0
vn 0 1 0
vn 0 1 0
vn 0 1 0
vn 0 1 0
vn 0 -1 0
vn 0 1 0
vn 0 -1 0
vn 0 -1 0
vn 0 -1 0
vn 0 -1 0
vn 0 -1 0
vn 0 -1 0
vn 0 -1 0
vn 0 1 0
vn 0 1 0
vn 0 1 0
vn 0 1 0
vn 0 1 0
vn 0 1 0
vn 0 1 0
vn 0 -1 0
vn 0 1 0
vn 0 1 0
vn 0 1 0
vn 0 1 0
vn 0 1 0
vn 0 1 0
vn 0 1 0
vn 0 1 0
vn 0 1 0
vn 0 1 0
vn 0 1 0
vn 0 1 0
vn 0.3826834323650898 0.9238795325112867 0
vn 0.30959740024909344 0.9238795325112867 0.22493567784086388
vn 0.11825568406654853 0.9238795325112867 0.3639535720290143
vn -0.11825568406654849 0.9238795325112867 0.36395357202901435
vn -0.3095974002490934 0.9238795325112867 0.2249356778408639
vn -0.3826834323650898 0.9238795325112867 4.6865204053262986e-17
vn -0.30959740024909344 0.9238795325112867 -0.22493567784086382
vn -0.11825568406654857 0.9238795325112867 -0.3639535720290143
vn 0.11825568406654845 0.9238795325112867 -0.36395357202901435
vn 0.3095974002490934 0.9238795325112867 -0.22493567784086396
vn 0.3826834323650898 0.9238795325112867 -9.373040810652597e-17
vn 0.7071067811865475 0.7071067811865476 0
vn 0.5720614028176843 0.7071067811865476 0.4156269377774534
vn 0.21850801222441055 0.7071067811865476 0.6724985119639573
vn -0.21850801222441046 0.7071067811865476 0.6724985119639573
vn -0.5720614028176841 0.7071067811865476 0.41562693777745346
vn -0.7071067811865475 0.7071067811865476 8.659560562354932e-17
vn -0.5720614028176843 0.7071067811865476 -0.4156269377774533
vn -0.21850801222441057 0.7071067811865476 -0.6724985119639573
vn 0.21850801222441038 0.7071067811865476 -0.6724985119639573
vn 0.5720614028176841 0.7071067811865476 -0.4156269377774536
vn 0.7071067811865475 0.7071067811865476 -1.7319121124709863e-16
vn 0.9238795325112867 0.38268343236508984 0
vn 0.7474342425568128 0.38268343236508984 0.5430427641049989
vn 0.28549447630116936 0.38268343236508984 0.8786616496665794
vn -0.28549447630116925 0.38268343236508984 0.8786616496665796
vn -0.7474342425568127 0.38268343236508984 0.543042764104999
vn -0.9238795325112867 0.38268343236508984 1.1314261122877003e-16
vn -0.7474342425568128 0.38268343236508984 -0.5430427641049987
vn -0.2854944763011695 0.38268343236508984 -0.8786616496665794
vn 0.28549447630116914 0.38268343236508984 -0.8786616496665796
vn 0.7474342425568127 0.38268343236508984 -0.543042764104999
vn 0.9238795325112867 0.38268343236508984 -2.2628522245754005e-16
vn 1 6.123233995736766e-17 0
vn 0.8090169943749476 6.123233995736766e-17 0.5877852522924731
vn 0.30901699437494745 6.123233995736766e-17 0.9510565162951535
vn -0.30901699437494734 6.123233995736766e-17 0.9510565162951536
vn -0.8090169943749473 6.123233995736766e-17 0.5877852522924732
vn -1 6.123233995736766e-17 1.2246467991473532e-16
vn -0.8090169943749476 6.123233995736766e-17 -0.587785252292473
vn -0.30901699437494756 6.123233995736766e-17 -0.9510565162951535
vn 0.30901699437494723 6.123233995736766e-17 -0.9510565162951536
vn 0.8090169943749473 6.123233995736766e-17 -0.5877852522924734
vn 1 6.123233995736766e-17 -2.4492935982947064e-16
vn 0.9238795325112867 -0.3826834323650897 0
vn 0.7474342425568128 -0.3826834323650897 0.5430427641049989
vn 0.28549447630116936 -0.3826834323650897 0.8786616496665794
vn -0.28549447630116925 -0.3826834323650897 0.8786616496665796
vn -0.7474342425568127 -0.3826834323650897 0.543042764104999
vn -0.9238795325112867 -0.3826834323650897 1.1314261122877003e-16
vn -0.7474342425568128 -0.3826834323650897 -0.5430427641049987
vn -0.2854944763011695 -0.3826834323650897 -0.8786616496665794
vn 0.28549447630116914 -0.3826834323650897 -0.8786616496665796
vn 0.7474342425568127 -0.3826834323650897 -0.543042764104999
vn 0.9238795325112867 -0.3826834323650897 -2.2628522245754005e-16
vn 0.7071067811865476 -0.7071067811865475 0
vn 0.5720614028176844 -0.7071067811865475 0.41562693777745346
vn 0.21850801222441057 -0.7071067811865475 0.6724985119639574
vn -0.2185080122244105 -0.7071067811865475 0.6724985119639574
vn -0.5720614028176843 -0.7071067811865475 0.4156269377774535
vn -0.7071067811865476 -0.7071067811865475 8.659560562354934e-17
vn -0.5720614028176844 -0.7071067811865475 -0.4156269377774534
vn -0.21850801222441066 -0.7071067811865475 -0.6724985119639574
vn 0.2185080122244104 -0.7071067811865475 -0.6724985119639574
vn 0.5720614028176843 -0.7071067811865475 -0.41562693777745363
vn 0.7071067811865476 -0.7071067811865475 -1.7319121124709868e-16
vn 0.3826834323650899 -0.9238795325112867 0
vn 0.3095974002490935 -0.9238795325112867 0.22493567784086393
vn 0.11825568406654857 -0.9238795325112867 0.3639535720290144
vn -0.11825568406654853 -0.9238795325112867 0.36395357202901446
vn -0.3095974002490935 -0.9238795325112867 0.224935677840864
vn -0.3826834323650899 -0.9238795325112867 4.6865204053263e-17
vn -0.3095974002490935 -0.9238795325112867 -0.2249356778408639
vn -0.11825568406654863 -0.9238795325112867 -0.3639535720290144
vn 0.11825568406654849 -0.9238795325112867 -0.36395357202901446
vn 0.3095974002490935 -0.9238795325112867 -0.22493567784086402
vn 0.3826834323650899 -0.9238795325112867 -9.3730408106526e-17
vn 1.2246467991473532e-16 -1 0
vn 9.907600726170916e-17 -1 7.198293278059966e-17
vn 3.7843667304341506e-17 -1 1.1647083184890923e-16
vn -3.7843667304341493e-17 -1 1.1647083184890926e-16
vn -9.907600726170914e-17 -1 7.198293278059968e-17
vn -1.2246467991473532e-16 -1 1.4997597826618576e-32
vn -9.907600726170916e-17 -1 -7.198293278059965e-17
vn -3.784366730434152e-17 -1 -1.1647083184890923e-16
vn 3.7843667304341475e-17 -1 -1.1647083184890926e-16
vn 9.907600726170914e-17 -1 -7.19829327805997e-17
vn 1.2246467991473532e-16 -1 -2.999519565323715e-32
vn 0 -1 0
vn 0 -1 0
vn 0 -1 0
vn 0 -1 0
vn 0 -1 0
vn 0 -1 0
vn 0 -1 0
vn 0 1 0
vn 0 1 0
vn 0 1 0
vn 0 1 0
vn 0 1 0
vn 0 1 0
vn 0 1 0
vn 0 -1 0
vn 0 1 0
vn 0 -1 0
vn 0 -1 0
vn 0 -1 0
vn 0 -1 0
vn 0 -1 0
vn 0 -1 0
vn 0 -1 0
vn 0 1 0
vn 0 1 0
vn 0 1 0
vn 0 1 0
vn 0 1 0
vn 0 1 0
vn 0 1 0
vn 0 -1 0
vn 0 1 0
vn 0 1 0
vn 0 1 0
vn 0 1 0
vn 0 1 0
vn 0 1 0
vn 0 1 0
vn 0 1 0
vn 0 1 0
vn 0 1 0
vn 0 1 0
vn 0 1 0
vn 0.3826834323650898 0.9238795325112867 0
vn 0.30959740024909344 0.9238795325112867 0.22493567784086388
vn 0.11825568406654853 0.9238795325112867 0.3639535720290143
vn -0.11825568406654847 0.9238795325112867 0.36395357202901435
vn -0.3095974002490934 0.9238795325112867 0.2249356778408639
vn -0.3826834323650898 0.9238795325112867 4.6865204053262986e-17
vn -0.30959740024909344 0.9238795325112867 -0.22493567784086382
vn -0.11825568406654857 0.9238795325112867 -0.3639535720290143
vn 0.11825568406654846 0.9238795325112867 -0.36395357202901435
vn 0.3095974002490934 0.9238795325112867 -0.22493567784086396
vn 0.3826834323650898 0.9238795325112867 -9.373040810652597e-17
vn 0.7071067811865475 0.7071067811865476 0
vn 0.5720614028176843 0.7071067811865476 0.4156269377774534
vn 0.21850801222441055 0.7071067811865476 0.6724985119639572
vn -0.21850801222441044 0.7071067811865476 0.6724985119639572
vn -0.5720614028176841 0.7071067811865476 0.41562693777745346
vn -0.7071067811865475 0.7071067811865476 8.659560562354932e-17
vn -0.5720614028176843 0.7071067811865476 -0.4156269377774533
vn -0.21850801222441057 0.7071067811865476 -0.6724985119639572
vn 0.2185080122244104 0.7071067811865476 -0.6724985119639572
vn 0.5720614028176841 0.7071067811865476 -0.4156269377774536
vn 0.7071067811865475 0.7071067811865476 -1.7319121124709863e-16
vn 0.9238795325112867 0.38268343236508984 0
vn 0.7474342425568128 0.38268343236508984 0.5430427641049989
vn 0.28549447630116936 0.38268343236508984 0.8786616496665794
vn -0.28549447630116925 0.38268343236508984 0.8786616496665796
vn -0.7474342425568127 0.38268343236508984 0.543042764104999
vn -0.9238795325112867 0.38268343236508984 1.1314261122877003e-16
vn -0.7474342425568128 0.38268343236508984 -0.5430427641049987
vn -0.2854944763011695 0.38268343236508984 -0.8786616496665794
vn 0.28549447630116914 0.38268343236508984 -0.8786616496665796
vn 0.7474342425568127 0.38268343236508984 -0.543042764104999
vn 0.9238795325112867 0.38268343236508984 -2.2628522245754005e-16
vn 1 6.123233995736766e-17 0
vn 0.8090169943749475 6.123233995736766e-17 0.5877852522924731
vn 0.30901699437494745 6.123233995736766e-17 0.9510565162951535
vn -0.30901699437494734 6.123233995736766e-17 0.9510565162951536
vn -0.8090169943749473 6.123233995736766e-17 0.5877852522924732
vn -1 6.123233995736766e-17 1.2246467991473532e-16
vn -0.8090169943749475 6.123233995736766e-17 -0.587785252292473
vn -0.30901699437494756 6.123233995736766e-17 -0.9510565162951535
vn 0.30901699437494723 6.123233995736766e-17 -0.9510565162951536
vn 0.8090169943749473 6.123233995736766e-17 -0.5877852522924734
vn 1 6.123233995736766e-17 -2.4492935982947064e-16
vn 0.9238795325112867 -0.3826834323650897 0
vn 0.7474342425568128 -0.3826834323650897 0.5430427641049989
vn 0.28549447630116936 -0.3826834323650897 0.8786616496665794
vn -0.28549447630116925 -0.3826834323650897 0.8786616496665796
vn -0.7474342425568127 -0.3826834323650897 0.543042764104999
vn -0.9238795325112867 -0.3826834323650897 1.1314261122877003e-16
vn -0.7474342425568128 -0.3826834323650897 -0.5430427641049987
vn -0.2854944763011695 -0.3826834323650897 -0.8786616496665794
vn 0.28549447630116914 -0.3826834323650897 -0.8786616496665796
vn 0.7474342425568127 -0.3826834323650897 -0.543042764104999
vn 0.9238795325112867 -0.3826834323650897 -2.2628522245754005e-16
vn 0.7071067811865476 -0.7071067811865475 0
vn 0.5720614028176844 -0.7071067811865475 0.41562693777745346
vn 0.21850801222441057 -0.7071067811865475 0.6724985119639574
vn -0.2185080122244105 -0.7071067811865475 0.6724985119639574
vn -0.5720614028176843 -0.7071067811865475 0.41562693777745346
vn -0.7071067811865476 -0.7071067811865475 8.659560562354934e-17
vn -0.5720614028176844 -0.7071067811865475 -0.4156269377774534
vn -0.21850801222441066 -0.7071067811865475 -0.6724985119639574
vn 0.2185080122244104 -0.7071067811865475 -0.6724985119639574
vn 0.5720614028176843 -0.7071067811865475 -0.41562693777745363
vn 0.7071067811865476 -0.7071067811865475 -1.7319121124709868e-16
vn 0.3826834323650899 -0.9238795325112867 0
vn 0.3095974002490935 -0.9238795325112867 0.22493567784086393
vn 0.11825568406654857 -0.9238795325112867 0.3639535720290144
vn -0.11825568406654853 -0.9238795325112867 0.36395357202901446
vn -0.3095974002490935 -0.9238795325112867 0.224935677840864
vn -0.3826834323650899 -0.9238795325112867 4.6865204053263e-17
vn -0.3095974002490935 -0.9238795325112867 -0.2249356778408639
vn -0.11825568406654861 -0.9238795325112867 -0.3639535720290144
vn 0.11825568406654847 -0.9238795325112867 -0.36395357202901446
vn 0.3095974002490935 -0.9238795325112867 -0.22493567784086402
vn 0.3826834323650899 -0.9238795325112867 -9.3730408106526e-17
vn 1.2246467991473532e-16 -1 0
vn 9.907600726170917e-17 -1 7.198293278059966e-17
vn 3.7843667304341506e-17 -1 1.1647083184890923e-16
vn -3.7843667304341493e-17 -1 1.1647083184890926e-16
vn -9.907600726170915e-17 -1 7.198293278059968e-17
vn -1.2246467991473532e-16 -1 1.4997597826618576e-32
vn -9.907600726170917e-17 -1 -7.198293278059965e-17
vn -3.784366730434152e-17 -1 -1.1647083184890923e-16
vn 3.7843667304341475e-17 -1 -1.1647083184890926e-16
vn 9.907600726170915e-17 -1 -7.19829327805997e-17
vn 1.2246467991473532e-16 -1 -2.999519565323715e-32
vn 0 -1 0
vn 0 -1 0
vn 0 -1 0
vn 0 -1 0
vn 0 -1 0
vn 0 -1 0
vn 0 -1 0
vn 0 1 0
vn 0 1 0
vn 0 1 0
vn 0 1 0
vn 0 1 0
vn 0 1 0
vn 0 1 0
vn 0 -1 0
vn 0 1 0
vn 0 -1 0
vn 0 -1 0
vn 0 -1 0
vn 0 -1 0
vn 0 -1 0
vn 0 -1 0
vn 0 -1 0
vn 0 1 0
vn 0 1 0
vn 0 1 0
vn 0 1 0
vn 0 1 0
vn 0 1 0
vn 0 1 0
vn 0 -1 0
vn 0 1 0
vn 0 1 0
vn 0 1 0
vn 0 1 0
vn 0 1 0
vn 0 1 0
vn 0 1 0
vn 0 1 0
vn 0 1 0
vn 0 1 0
vn 0 1 0
vn 0 1 0
vn 0.3826834323650898 0.9238795325112867 0
vn 0.30959740024909344 0.9238795325112867 0.22493567784086388
vn 0.11825568406654853 0.9238795325112867 0.3639535720290143
vn -0.11825568406654849 0.9238795325112867 0.36395357202901435
vn -0.3095974002490934 0.9238795325112867 0.2249356778408639
vn -0.3826834323650898 0.9238795325112867 4.6865204053262986e-17
vn -0.30959740024909344 0.9238795325112867 -0.22493567784086385
vn -0.11825568406654857 0.9238795325112867 -0.3639535720290143
vn 0.11825568406654845 0.9238795325112867 -0.36395357202901435
vn 0.3095974002490934 0.9238795325112867 -0.224935677840864
vn 0.3826834323650898 0.9238795325112867 -9.373040810652597e-17
vn 0.7071067811865475 0.7071067811865476 0
vn 0.5720614028176843 0.7071067811865476 0.4156269377774534
vn 0.21850801222441055 0.7071067811865476 0.6724985119639573
vn -0.21850801222441046 0.7071067811865476 0.6724985119639573
vn -0.5720614028176841 0.7071067811865476 0.4156269377774535
vn -0.7071067811865475 0.7071067811865476 8.659560562354932e-17
vn -0.5720614028176843 0.7071067811865476 -0.4156269377774533
vn -0.2185080122244106 0.7071067811865476 -0.6724985119639573
vn 0.21850801222441038 0.7071067811865476 -0.6724985119639573
vn 0.5720614028176841 0.7071067811865476 -0.4156269377774536
vn 0.7071067811865475 0.7071067811865476 -1.7319121124709863e-16
vn 0.9238795325112867 0.38268343236508984 0
vn 0.7474342425568128 0.38268343236508984 0.5430427641049989
vn 0.28549447630116936 0.38268343236508984 0.8786616496665794
vn -0.28549447630116925 0.38268343236508984 0.8786616496665796
vn -0.7474342425568127 0.38268343236508984 0.543042764104999
vn -0.9238795325112867 0.38268343236508984 1.1314261122877003e-16
vn -0.7474342425568128 0.38268343236508984 -0.5430427641049987
vn -0.2854944763011694 0.38268343236508984 -0.8786616496665794
vn 0.28549447630116914 0.38268343236508984 -0.8786616496665796
vn 0.7474342425568127 0.38268343236508984 -0.543042764104999
vn 0.9238795325112867 0.38268343236508984 -2.2628522245754005e-16
vn 1 6.123233995736766e-17 0
vn 0.8090169943749475 6.123233995736766e-17 0.5877852522924731
vn 0.30901699437494745 6.123233995736766e-17 0.9510565162951535
vn -0.30901699437494734 6.123233995736766e-17 0.9510565162951536
vn -0.8090169943749473 6.123233995736766e-17 0.5877852522924732
vn -1 6.123233995736766e-17 1.2246467991473532e-16
vn -0.8090169943749475 6.123233995736766e-17 -0.587785252292473
vn -0.30901699437494756 6.123233995736766e-17 -0.9510565162951535
vn 0.30901699437494723 6.123233995736766e-17 -0.9510565162951536
vn 0.8090169943749473 6.123233995736766e-17 -0.5877852522924734
vn 1 6.123233995736766e-17 -2.4492935982947064e-16
vn 0.9238795325112867 -0.38268343236508967 0
vn 0.7474342425568128 -0.38268343236508967 0.5430427641049989
vn 0.28549447630116936 -0.38268343236508967 0.8786616496665794
vn -0.28549447630116925 -0.38268343236508967 0.8786616496665796
vn -0.7474342425568127 -0.38268343236508967 0.543042764104999
vn -0.9238795325112867 -0.38268343236508967 1.1314261122877003e-16
vn -0.7474342425568128 -0.38268343236508967 -0.5430427641049987
vn -0.2854944763011694 -0.38268343236508967 -0.8786616496665794
vn 0.28549447630116914 -0.38268343236508967 -0.8786616496665796
vn 0.7474342425568127 -0.38268343236508967 -0.543042764104999
vn 0.9238795325112867 -0.38268343236508967 -2.2628522245754005e-16
vn 0.7071067811865476 -0.7071067811865475 0
vn 0.5720614028176844 -0.7071067811865475 0.4156269377774535
vn 0.21850801222441057 -0.7071067811865475 0.6724985119639574
vn -0.2185080122244105 -0.7071067811865475 0.6724985119639574
vn -0.5720614028176843 -0.7071067811865475 0.4156269377774535
vn -0.7071067811865476 -0.7071067811865475 8.659560562354934e-17
vn -0.5720614028176844 -0.7071067811865475 -0.4156269377774534
vn -0.21850801222441066 -0.7071067811865475 -0.6724985119639574
vn 0.2185080122244104 -0.7071067811865475 -0.6724985119639574
vn 0.5720614028176843 -0.7071067811865475 -0.41562693777745363
vn 0.7071067811865476 -0.7071067811865475 -1.7319121124709868e-16
vn 0.3826834323650899 -0.9238795325112867 0
vn 0.3095974002490935 -0.9238795325112867 0.22493567784086393
vn 0.11825568406654857 -0.9238795325112867 0.36395357202901446
vn -0.11825568406654853 -0.9238795325112867 0.36395357202901446
vn -0.3095974002490935 -0.9238795325112867 0.224935677840864
vn -0.3826834323650899 -0.9238795325112867 4.6865204053263e-17
vn -0.3095974002490935 -0.9238795325112867 -0.2249356778408639
vn -0.11825568406654861 -0.9238795325112867 -0.36395357202901446
vn 0.11825568406654849 -0.9238795325112867 -0.36395357202901446
vn 0.3095974002490935 -0.9238795325112867 -0.22493567784086402
vn 0.3826834323650899 -0.9238795325112867 -9.3730408106526e-17
vn 1.2246467991473532e-16 -1 0
vn 9.907600726170916e-17 -1 7.198293278059966e-17
vn 3.7843667304341506e-17 -1 1.1647083184890923e-16
vn -3.7843667304341493e-17 -1 1.1647083184890926e-16
vn -9.907600726170915e-17 -1 7.198293278059968e-17
vn -1.2246467991473532e-16 -1 1.4997597826618576e-32
vn -9.907600726170916e-17 -1 -7.198293278059964e-17
vn -3.784366730434152e-17 -1 -1.1647083184890923e-16
vn 3.7843667304341475e-17 -1 -1.1647083184890926e-16
vn 9.907600726170915e-17 -1 -7.19829327805997e-17
vn 1.2246467991473532e-16 -1 -2.999519565323715e-32
vn 0 -1 0
vn 0 -1 0
vn 0 -1 0
vn 0 -1 0
vn 0 -1 0
vn 0 -1 0
vn 0 -1 0
vn 0 1 0
vn 0 1 0
vn 0 1 0
vn 0 1 0
vn 0 1 0
vn 0 1 0
vn 0 1 0
vn 0 -1 0
vn 0 1 0
vn 0 -1 0
vn 0 -1 0
vn 0 -1 0
vn 0 -1 0
vn 0 -1 0
vn 0 -1 0
vn 0 -1 0
vn 0 1 0
vn 0 1 0
vn 0 1 0
vn 0 1 0
vn 0 1 0
vn 0 1 0
vn 0 1 0
vn 0 -1 0
vn 0 1 0
vn 0 1 0
vn 0 1 0
vn 0 1 0
vn 0 1 0
vn 0 1 0
vn 0 1 0
vn 0 1 0
vn 0 1 0
vn 0 1 0
vn 0 1 0
vn 0 1 0
vn 0.3826834323650898 0.9238795325112867 0
vn 0.30959740024909344 0.9238795325112867 0.22493567784086388
vn 0.11825568406654853 0.9238795325112867 0.3639535720290143
vn -0.11825568406654849 0.9238795325112867 0.36395357202901435
vn -0.3095974002490934 0.9238795325112867 0.2249356778408639
vn -0.3826834323650898 0.9238795325112867 4.6865204053262986e-17
vn -0.30959740024909344 0.9238795325112867 -0.22493567784086382
vn -0.11825568406654857 0.9238795325112867 -0.3639535720290143
vn 0.11825568406654845 0.9238795325112867 -0.36395357202901435
vn 0.3095974002490934 0.9238795325112867 -0.22493567784086396
vn 0.3826834323650898 0.9238795325112867 -9.373040810652597e-17
vn 0.7071067811865475 0.7071067811865476 0
vn 0.5720614028176843 0.7071067811865476 0.4156269377774534
vn 0.21850801222441055 0.7071067811865476 0.6724985119639573
vn -0.21850801222441046 0.7071067811865476 0.6724985119639573
vn -0.5720614028176841 0.7071067811865476 0.41562693777745346
vn -0.7071067811865475 0.7071067811865476 8.659560562354932e-17
vn -0.5720614028176843 0.7071067811865476 -0.4156269377774533
vn -0.2185080122244106 0.7071067811865476 -0.6724985119639573
vn 0.21850801222441035 0.7071067811865476 -0.6724985119639573
vn 0.5720614028176841 0.7071067811865476 -0.4156269377774536
vn 0.7071067811865475 0.7071067811865476 -1.7319121124709863e-16
vn 0.9238795325112867 0.38268343236508984 0
vn 0.7474342425568128 0.38268343236508984 0.5430427641049989
vn 0.28549447630116936 0.38268343236508984 0.8786616496665794
vn -0.28549447630116925 0.38268343236508984 0.8786616496665796
vn -0.7474342425568127 0.38268343236508984 0.543042764104999
vn -0.9238795325112867 0.38268343236508984 1.1314261122877003e-16
vn -0.7474342425568128 0.38268343236508984 -0.5430427641049987
vn -0.2854944763011695 0.38268343236508984 -0.8786616496665794
vn 0.2854944763011692 0.38268343236508984 -0.8786616496665796
vn 0.7474342425568127 0.38268343236508984 -0.543042764104999
vn 0.9238795325112867 0.38268343236508984 -2.2628522245754005e-16
vn 1 6.123233995736766e-17 0
vn 0.8090169943749475 6.123233995736766e-17 0.5877852522924731
vn 0.3090169943749474 6.123233995736766e-17 0.9510565162951535
vn -0.30901699437494734 6.123233995736766e-17 0.9510565162951536
vn -0.8090169943749473 6.123233995736766e-17 0.5877852522924732
vn -1 6.123233995736766e-17 1.2246467991473532e-16
vn -0.8090169943749475 6.123233995736766e-17 -0.587785252292473
vn -0.30901699437494756 6.123233995736766e-17 -0.9510565162951535
vn 0.30901699437494723 6.123233995736766e-17 -0.9510565162951536
vn 0.8090169943749473 6.123233995736766e-17 -0.5877852522924734
vn 1 6.123233995736766e-17 -2.4492935982947064e-16
vn 0.9238795325112867 -0.3826834323650897 0
vn 0.7474342425568128 -0.3826834323650897 0.5430427641049989
vn 0.28549447630116936 -0.3826834323650897 0.8786616496665794
vn -0.28549447630116925 -0.3826834323650897 0.8786616496665796
vn -0.7474342425568127 -0.3826834323650897 0.543042764104999
vn -0.9238795325112867 -0.3826834323650897 1.1314261122877003e-16
vn -0.7474342425568128 -0.3826834323650897 -0.5430427641049987
vn -0.2854944763011695 -0.3826834323650897 -0.8786616496665794
vn 0.2854944763011692 -0.3826834323650897 -0.8786616496665796
vn 0.7474342425568127 -0.3826834323650897 -0.543042764104999
vn 0.9238795325112867 -0.3826834323650897 -2.2628522245754005e-16
vn 0.7071067811865476 -0.7071067811865475 0
vn 0.5720614028176844 -0.7071067811865475 0.41562693777745346
vn 0.21850801222441057 -0.7071067811865475 0.6724985119639574
vn -0.2185080122244105 -0.7071067811865475 0.6724985119639574
vn -0.5720614028176843 -0.7071067811865475 0.4156269377774535
vn -0.7071067811865476 -0.7071067811865475 8.659560562354934e-17
vn -0.5720614028176844 -0.7071067811865475 -0.4156269377774534
vn -0.21850801222441066 -0.7071067811865475 -0.6724985119639574
vn 0.2185080122244104 -0.7071067811865475 -0.6724985119639574
vn 0.5720614028176843 -0.7071067811865475 -0.41562693777745363
vn 0.7071067811865476 -0.7071067811865475 -1.7319121124709868e-16
vn 0.3826834323650899 -0.9238795325112867 0
vn 0.3095974002490935 -0.9238795325112867 0.22493567784086393
vn 0.11825568406654857 -0.9238795325112867 0.3639535720290144
vn -0.11825568406654853 -0.9238795325112867 0.36395357202901446
vn -0.3095974002490935 -0.9238795325112867 0.224935677840864
vn -0.3826834323650899 -0.9238795325112867 4.6865204053263e-17
vn -0.3095974002490935 -0.9238795325112867 -0.2249356778408639
vn -0.11825568406654861 -0.9238795325112867 -0.3639535720290144
vn 0.11825568406654849 -0.9238795325112867 -0.36395357202901446
vn 0.3095974002490935 -0.9238795325112867 -0.22493567784086402
vn 0.3826834323650899 -0.9238795325112867 -9.3730408106526e-17
vn 1.2246467991473532e-16 -1 0
vn 9.907600726170916e-17 -1 7.198293278059966e-17
vn 3.7843667304341506e-17 -1 1.1647083184890923e-16
vn -3.7843667304341493e-17 -1 1.1647083184890926e-16
vn -9.907600726170915e-17 -1 7.198293278059968e-17
vn -1.2246467991473532e-16 -1 1.4997597826618576e-32
vn -9.907600726170916e-17 -1 -7.198293278059965e-17
vn -3.784366730434152e-17 -1 -1.1647083184890923e-16
vn 3.7843667304341475e-17 -1 -1.1647083184890926e-16
vn 9.907600726170915e-17 -1 -7.19829327805997e-17
vn 1.2246467991473532e-16 -1 -2.999519565323715e-32
vn 0 -1 0
vn 0 -1 0
vn 0 -1 0
vn 0 -1 0
vn 0 -1 0
vn 0 -1 0
vn 0 -1 0
vn 0 1 0
vn 0 1 0
vn 0 1 0
vn 0 1 0
vn 0 1 0
vn 0 1 0
vn 0 1 0
vn 0 -1 0
vn 0 1 0
vn 0 -1 0
vn 0 -1 0
vn 0 -1 0
vn 0 -1 0
vn 0 -1 0
vn 0 -1 0
vn 0 -1 0
vn 0 1 0
vn 0 1 0
vn 0 1 0
vn 0 1 0
vn 0 1 0
vn 0 1 0
vn 0 1 0
vn 0 -1 0
vn 0 1 0
vn 0 1 0
vn 0 1 0
vn 0 1 0
vn 0 1 0
vn 0 1 0
vn 0 1 0
vn 0 1 0
vn 0 1 0
vn 0 1 0
vn 0 1 0
vn 0 1 0
vn 0.3826834323650898 0.9238795325112867 0
vn 0.30959740024909344 0.9238795325112867 0.22493567784086388
vn 0.11825568406654853 0.9238795325112867 0.3639535720290143
vn -0.11825568406654849 0.9238795325112867 0.36395357202901435
vn -0.3095974002490934 0.9238795325112867 0.2249356778408639
vn -0.3826834323650898 0.9238795325112867 4.6865204053262986e-17
vn -0.30959740024909344 0.9238795325112867 -0.22493567784086382
vn -0.11825568406654857 0.9238795325112867 -0.3639535720290143
vn 0.11825568406654845 0.9238795325112867 -0.36395357202901435
vn 0.3095974002490934 0.9238795325112867 -0.22493567784086396
vn 0.3826834323650898 0.9238795325112867 -9.373040810652597e-17
vn 0.7071067811865475 0.7071067811865476 0
vn 0.5720614028176843 0.7071067811865476 0.4156269377774534
vn 0.21850801222441055 0.7071067811865476 0.6724985119639573
vn -0.21850801222441046 0.7071067811865476 0.6724985119639573
vn -0.5720614028176841 0.7071067811865476 0.41562693777745346
vn -0.7071067811865475 0.7071067811865476 8.659560562354932e-17
vn -0.5720614028176843 0.7071067811865476 -0.4156269377774533
vn -0.2185080122244106 0.7071067811865476 -0.6724985119639573
vn 0.21850801222441038 0.7071067811865476 -0.6724985119639573
vn 0.5720614028176841 0.7071067811865476 -0.4156269377774536
vn 0.7071067811865475 0.7071067811865476 -1.7319121124709863e-16
vn 0.9238795325112867 0.38268343236508984 0
vn 0.7474342425568128 0.38268343236508984 0.5430427641049989
vn 0.28549447630116936 0.38268343236508984 0.8786616496665794
vn -0.28549447630116925 0.38268343236508984 0.8786616496665796
vn -0.7474342425568127 0.38268343236508984 0.543042764104999
vn -0.9238795325112867 0.38268343236508984 1.1314261122877003e-16
vn -0.7474342425568128 0.38268343236508984 -0.5430427641049987
vn -0.2854944763011695 0.38268343236508984 -0.8786616496665794
vn 0.28549447630116914 0.38268343236508984 -0.8786616496665796
vn 0.7474342425568127 0.38268343236508984 -0.543042764104999
vn 0.9238795325112867 0.38268343236508984 -2.2628522245754005e-16
vn 1 6.123233995736766e-17 0
vn 0.8090169943749475 6.123233995736766e-17 0.5877852522924731
vn 0.30901699437494745 6.123233995736766e-17 0.9510565162951534
vn -0.30901699437494734 6.123233995736766e-17 0.9510565162951536
vn -0.8090169943749473 6.123233995736766e-17 0.5877852522924732
vn -1 6.123233995736766e-17 1.2246467991473532e-16
vn -0.8090169943749475 6.123233995736766e-17 -0.587785252292473
vn -0.30901699437494756 6.123233995736766e-17 -0.9510565162951534
vn 0.30901699437494723 6.123233995736766e-17 -0.9510565162951536
vn 0.8090169943749473 6.123233995736766e-17 -0.5877852522924734
vn 1 6.123233995736766e-17 -2.4492935982947064e-16
vn 0.9238795325112867 -0.3826834323650897 0
vn 0.7474342425568128 -0.3826834323650897 0.5430427641049989
vn 0.28549447630116936 -0.3826834323650897 0.8786616496665794
vn -0.28549447630116925 -0.3826834323650897 0.8786616496665796
vn -0.7474342425568127 -0.3826834323650897 0.543042764104999
vn -0.9238795325112867 -0.3826834323650897 1.1314261122877003e-16
vn -0.7474342425568128 -0.3826834323650897 -0.5430427641049987
vn -0.2854944763011695 -0.3826834323650897 -0.8786616496665794
vn 0.28549447630116914 -0.3826834323650897 -0.8786616496665796
vn 0.7474342425568127 -0.3826834323650897 -0.543042764104999
vn 0.9238795325112867 -0.3826834323650897 -2.2628522245754005e-16
vn 0.7071067811865476 -0.7071067811865475 0
vn 0.5720614028176844 -0.7071067811865475 0.41562693777745346
vn 0.21850801222441057 -0.7071067811865475 0.6724985119639574
vn -0.2185080122244105 -0.7071067811865475 0.6724985119639574
vn -0.5720614028176843 -0.7071067811865475 0.4156269377774535
vn -0.7071067811865476 -0.7071067811865475 8.659560562354934e-17
vn -0.5720614028176844 -0.7071067811865475 -0.4156269377774534
vn -0.21850801222441066 -0.7071067811865475 -0.6724985119639574
vn 0.2185080122244104 -0.7071067811865475 -0.6724985119639574
vn 0.5720614028176843 -0.7071067811865475 -0.41562693777745363
vn 0.7071067811865476 -0.7071067811865475 -1.7319121124709868e-16
vn 0.3826834323650899 -0.9238795325112867 0
vn 0.3095974002490935 -0.9238795325112867 0.22493567784086393
vn 0.11825568406654857 -0.9238795325112867 0.3639535720290144
vn -0.11825568406654853 -0.9238795325112867 0.36395357202901446
vn -0.3095974002490935 -0.9238795325112867 0.224935677840864
vn -0.3826834323650899 -0.9238795325112867 4.6865204053263e-17
vn -0.3095974002490935 -0.9238795325112867 -0.2249356778408639
vn -0.11825568406654861 -0.9238795325112867 -0.3639535720290144
vn 0.11825568406654849 -0.9238795325112867 -0.36395357202901446
vn 0.3095974002490935 -0.9238795325112867 -0.22493567784086402
vn 0.3826834323650899 -0.9238795325112867 -9.3730408106526e-17
vn 1.2246467991473532e-16 -1 0
vn 9.907600726170916e-17 -1 7.198293278059966e-17
vn 3.7843667304341506e-17 -1 1.1647083184890923e-16
vn -3.7843667304341493e-17 -1 1.1647083184890926e-16
vn -9.907600726170915e-17 -1 7.198293278059968e-17
vn -1.2246467991473532e-16 -1 1.4997597826618576e-32
vn -9.907600726170916e-17 -1 -7.198293278059965e-17
vn -3.784366730434152e-17 -1 -1.1647083184890923e-16
vn 3.7843667304341475e-17 -1 -1.1647083184890926e-16
vn 9.907600726170915e-17 -1 -7.19829327805997e-17
vn 1.2246467991473532e-16 -1 -2.999519565323715e-32
vn 0 1 0
vn 0 1 0
vn 0 1 0
vn 0 1 0
vn 0 1 0
vn 0 1 0
vn 0 1 0
vn 0 1 0
vn 0 1 0
vn 0 1 0
vn 0 1 0
vn 0.3826834323650898 0.9238795325112867 0
vn 0.30959740024909344 0.9238795325112867 0.22493567784086388
vn 0.11825568406654853 0.9238795325112867 0.3639535720290143
vn -0.11825568406654849 0.9238795325112867 0.36395357202901435
vn -0.3095974002490934 0.9238795325112867 0.2249356778408639
vn -0.3826834323650898 0.9238795325112867 4.6865204053262986e-17
vn -0.30959740024909344 0.9238795325112867 -0.22493567784086382
vn -0.11825568406654857 0.9238795325112867 -0.3639535720290143
vn 0.11825568406654845 0.9238795325112867 -0.36395357202901435
vn 0.3095974002490934 0.9238795325112867 -0.22493567784086396
vn 0.3826834323650898 0.9238795325112867 -9.373040810652597e-17
vn 0.7071067811865475 0.7071067811865476 0
vn 0.5720614028176843 0.7071067811865476 0.4156269377774534
vn 0.21850801222441055 0.7071067811865476 0.6724985119639573
vn -0.21850801222441046 0.7071067811865476 0.6724985119639573
vn -0.5720614028176841 0.7071067811865476 0.41562693777745346
vn -0.7071067811865475 0.7071067811865476 8.659560562354932e-17
vn -0.5720614028176843 0.7071067811865476 -0.4156269377774533
vn -0.2185080122244106 0.7071067811865476 -0.6724985119639573
vn 0.21850801222441038 0.7071067811865476 -0.6724985119639573
vn 0.5720614028176841 0.7071067811865476 -0.4156269377774536
vn 0.7071067811865475 0.7071067811865476 -1.7319121124709863e-16
vn 0.9238795325112867 0.38268343236508984 0
vn 0.7474342425568128 0.38268343236508984 0.5430427641049989
vn 0.28549447630116936 0.38268343236508984 0.8786616496665794
vn -0.28549447630116925 0.38268343236508984 0.8786616496665796
vn -0.7474342425568127 0.38268343236508984 0.543042764104999
vn -0.9238795325112867 0.38268343236508984 1.1314261122877003e-16
vn -0.7474342425568128 0.38268343236508984 -0.5430427641049987
vn -0.2854944763011695 0.38268343236508984 -0.8786616496665794
vn 0.28549447630116914 0.38268343236508984 -0.8786616496665796
vn 0.7474342425568127 0.38268343236508984 -0.543042764104999
vn 0.9238795325112867 0.38268343236508984 -2.2628522245754005e-16
vn 1 6.123233995736766e-17 0
vn 0.8090169943749475 6.123233995736766e-17 0.5877852522924731
vn 0.30901699437494745 6.123233995736766e-17 0.9510565162951535
vn -0.30901699437494734 6.123233995736766e-17 0.9510565162951536
vn -0.8090169943749473 6.123233995736766e-17 0.5877852522924732
vn -1 6.123233995736766e-17 1.2246467991473532e-16
vn -0.8090169943749475 6.123233995736766e-17 -0.587785252292473
vn -0.30901699437494756 6.123233995736766e-17 -0.9510565162951535
vn 0.30901699437494723 6.123233995736766e-17 -0.9510565162951536
vn 0.8090169943749473 6.123233995736766e-17 -0.5877852522924734
vn 1 6.123233995736766e-17 -2.4492935982947064e-16
vn 0.9238795325112867 -0.3826834323650897 0
vn 0.7474342425568128 -0.3826834323650897 0.5430427641049989
vn 0.28549447630116936 -0.3826834323650897 0.8786616496665794
vn -0.28549447630116925 -0.3826834323650897 0.8786616496665796
vn -0.7474342425568127 -0.3826834323650897 0.543042764104999
vn -0.9238795325112867 -0.3826834323650897 1.1314261122877003e-16
vn -0.7474342425568128 -0.3826834323650897 -0.5430427641049987
vn -0.2854944763011695 -0.3826834323650897 -0.8786616496665794
vn 0.28549447630116914 -0.3826834323650897 -0.8786616496665796
vn 0.7474342425568127 -0.3826834323650897 -0.543042764104999
vn 0.9238795325112867 -0.3826834323650897 -2.2628522245754005e-16
vn 0.7071067811865476 -0.7071067811865475 0
vn 0.5720614028176844 -0.7071067811865475 0.41562693777745346
vn 0.21850801222441057 -0.7071067811865475 0.6724985119639575
vn -0.2185080122244105 -0.7071067811865475 0.6724985119639575
vn -0.5720614028176843 -0.7071067811865475 0.4156269377774536
vn -0.7071067811865476 -0.7071067811865475 8.659560562354935e-17
vn -0.5720614028176844 -0.7071067811865475 -0.4156269377774534
vn -0.21850801222441066 -0.7071067811865475 -0.6724985119639575
vn 0.2185080122244104 -0.7071067811865475 -0.6724985119639575
vn 0.5720614028176843 -0.7071067811865475 -0.41562693777745363
vn 0.7071067811865476 -0.7071067811865475 -1.731912112470987e-16
vn 0.3826834323650899 -0.9238795325112867 0
vn 0.3095974002490935 -0.9238795325112867 0.2249356778408639
vn 0.11825568406654857 -0.9238795325112867 0.36395357202901435
vn -0.11825568406654853 -0.9238795325112867 0.36395357202901446
vn -0.3095974002490935 -0.9238795325112867 0.224935677840864
vn -0.3826834323650899 -0.9238795325112867 4.6865204053263e-17
vn -0.3095974002490935 -0.9238795325112867 -0.2249356778408639
vn -0.11825568406654861 -0.9238795325112867 -0.36395357202901435
vn 0.11825568406654849 -0.9238795325112867 -0.36395357202901446
vn 0.3095974002490935 -0.9238795325112867 -0.22493567784086402
vn 0.3826834323650899 -0.9238795325112867 -9.3730408106526e-17
vn 1.2246467991473532e-16 -1 0
vn 9.907600726170916e-17 -1 7.198293278059968e-17
vn 3.7843667304341506e-17 -1 1.1647083184890923e-16
vn -3.7843667304341493e-17 -1 1.1647083184890926e-16
vn -9.907600726170915e-17 -1 7.198293278059968e-17
vn -1.2246467991473532e-16 -1 1.4997597826618576e-32
vn -9.907600726170916e-17 -1 -7.198293278059965e-17
vn -3.784366730434152e-17 -1 -1.1647083184890923e-16
vn 3.7843667304341475e-17 -1 -1.1647083184890926e-16
vn 9.907600726170915e-17 -1 -7.19829327805997e-17
vn 1.2246467991473532e-16 -1 -2.999519565323715e-32
f 1/1/1 12/12/12 2/2/2
f 1/1/1 11/11/11 12/12/12
f 21/21/21 1/1/1 2/2/2
f 22/22/22 12/12/12 11/11/11
f 2/2/2 13/13/13 3/3/3
f 2/2/2 12/12/12 13/13/13
f 21/21/21 2/2/2 3/3/3
f 22/22/22 13/13/13 12/12/12
f 3/3/3 14/14/14 4/4/4
f 3/3/3 13/13/13 14/14/14
f 21/21/21 3/3/3 4/4/4
f 22/22/22 14/14/14 13/13/13
f 4/4/4 15/15/15 5/5/5
f 4/4/4 14/14/14 15/15/15
f 21/21/21 4/4/4 5/5/5
f 22/22/22 15/15/15 14/14/14
f 5/5/5 16/16/16 6/6/6
f 5/5/5 15/15/15 16/16/16
f 21/21/21 5/5/5 6/6/6
f 22/22/22 16/16/16 15/15/15
f 6/6/6 17/17/17 7/7/7
f 6/6/6 16/16/16 17/17/17
f 21/21/21 6/6/6 7/7/7
f 22/22/22 17/17/17 16/16/16
f 7/7/7 18/18/18 8/8/8
f 7/7/7 17/17/17 18/18/18
f 21/21/21 7/7/7 8/8/8
f 22/22/22 18/18/18 17/17/17
f 8/8/8 19/19/19 9/9/9
f 8/8/8 18/18/18 19/19/19
f 21/21/21 8/8/8 9/9/9
f 22/22/22 19/19/19 18/18/18
f 9/9/9 20/20/20 10/10/10
f 9/9/9 19/19/19 20/20/20
f 21/21/21 9/9/9 10/10/10
f 22/22/22 20/20/20 19/19/19
f 10/10/10 11/11/11 1/1/1
f 10/10/10 20/20/20 11/11/11
f 21/21/21 10/10/10 1/1/1
f 22/22/22 11/11/11 20/20/20
f 23/23/23 34/34/34 24/24/24
f 23/23/23 33/33/33 34/34/34
f 43/43/43 23/23/23 24/24/24
f 44/44/44 34/34/34 33/33/33
f 24/24/24 35/35/35 25/25/25
f 24/24/24 34/34/34 35/35/35
f 43/43/43 24/24/24 25/25/25
f 44/44/44 35/35/35 34/34/34
f 25/25/25 36/36/36 26/26/26
f 25/25/25 35/35/35 36/36/36
f 43/43/43 25/25/25 26/26/26
f 44/44/44 36/36/36 35/35/35
f 26/26/26 37/37/37 27/27/27
f 26/26/26 36/36/36 37/37/37
f 43/43/43 26/26/26 27/27/27
f 44/44/44 37/37/37 36/36/36
f 27/27/27 38/38/38 28/28/28
f 27/27/27 37/37/37 38/38/38
f 43/43/43 27/27/27 28/28/28
f 44/44/44 38/38/38 37/37/37
f 28/28/28 39/39/39 29/29/29
f 28/28/28 38/38/38 39/39/39
f 43/43/43 28/28/28 29/29/29
f 44/44/44 39/39/39 38/38/38
f 29/29/29 40/40/40 30/30/30
f 29/29/29 39/39/39 40/40/40
f 43/43/43 29/29/29 30/30/30
f 44/44/44 40/40/40 39/39/39
f 30/30/30 41/41/41 31/31/31
f 30/30/30 40/40/40 41/41/41
f 43/43/43 30/30/30 31/31/31
f 44/44/44 41/41/41 40/40/40
f 31/31/31 42/42/42 32/32/32
f 31/31/31 41/41/41 42/42/42
f 43/43/43 31/31/31 32/32/32
f 44/44/44 42/42/42 41/41/41
f 32/32/32 33/33/33 23/23/23
f 32/32/32 42/42/42 33/33/33
f 43/43/43 32/32/32 23/23/23
f 44/44/44 33/33/33 42/42/42
f 45/45/45 53/53/53 46/46/46
f 45/45/45 52/52/52 53/53/53
f 59/59/59 45/45/45 46/46/46
f 60/60/60 53/53/53 52/52/52
f 46/46/46 54/54/54 47/47/47
f 46/46/46 53/53/53 54/54/54
f 59/59/59 46/46/46 47/47/47
f 60/60/60 54/54/54 53/53/53
f 47/47/47 55/55/55 48/48/48
f 47/47/47 54/54/54 55/55/55
f 59/59/59 47/47/47 48/48/48
f 60/60/60 55/55/55 54/54/54
f 48/48/48 56/56/56 49/49/49
f 48/48/48 55/55/55 56/56/56
f 59/59/59 48/48/48 49/49/49
f 60/60/60 56/56/56 55/55/55
f 49/49/49 57/57/57 50/50/50
f 49/49/49 56/56/56 57/57/57
f 59/59/59 49/49/49 50/50/50
f 60/60/60 57/57/57 56/56/56
f 50/50/50 58/58/58 51/51/51
f 50/50/50 57/57/57 58/58/58
f 59/59/59 50/50/50 51/51/51
f 60/60/60 58/58/58 57/57/57
f 51/51/51 52/52/52 45/45/45
f 51/51/51 58/58/58 52/52/52
f 59/59/59 51/51/51 45/45/45
f 60/60/60 52/52/52 58/58/58
f 61/61/61 69/69/69 62/62/62
f 61/61/61 68/68/68 69/69/69
f 75/75/75 61/61/61 62/62/62
f 76/76/76 69/69/69 68/68/68
f 62/62/62 70/70/70 63/63/63
f 62/62/62 69/69/69 70/70/70
f 75/75/75 62/62/62 63/63/63
f 76/76/76 70/70/70 69/69/69
f 63/63/63 71/71/71 64/64/64
f 63/63/63 70/70/70 71/71/71
f 75/75/75 63/63/63 64/64/64
f 76/76/76 71/71/71 70/70/70
f 64/64/64 72/72/72 65/65/65
f 64/64/64 71/71/71 72/72/72
f 75/75/75 64/64/64 65/65/65
f 76/76/76 72/72/72 71/71/71
f 65/65/65 73/73/73 66/66/66
f 65/65/65 72/72/72 73/73/73
f 75/75/75 65/65/65 66/66/66
f 76/76/76 73/73/73 72/72/72
f 66/66/66 74/74/74 67/67/67
f 66/66/66 73/73/73 74/74/74
f 75/75/75 66/66/66 67/67/67
f 76/76/76 74/74/74 73/73/73
f 67/67/67 68/68/68 61/61/61
f 67/67/67 74/74/74 68/68/68
f 75/75/75 67/67/67 61/61/61
f 76/76/76 68/68/68 74/74/74
f 77/77/77 89/89/89 88/88/88
f 77/77/77 78/78/78 89/89/89
f 78/78/78 90/90/90 89/89/89
f 78/78/78 79/79/79 90/90/90
f 79/79/79 91/91/91 90/90/90
f 79/79/79 80/80/80 91/91/91
f 80/80/80 92/92/92 91/91/91
f 80/80/80 81/81/81 92/92/92
f 81/81/81 93/93/93 92/92/92
f 81/81/81 82/82/82 93/93/93
f 82/82/82 94/94/94 93/93/93
f 82/82/82 83/83/83 94/94/94
f 83/83/83 95/95/95 94/94/94
f 83/83/83 84/84/84 95/95/95
f 84/84/84 96/96/96 95/95/95
f 84/84/84 85/85/85 96/96/96
f 85/85/85 97/97/97 96/96/96
f 85/85/85 86/86/86 97/97/97
f 86/86/86 98/98/98 97/97/97
f 86/86/86 87/87/87 98/98/98
f 88/88/88 100/100/100 99/99/99
f 88/88/88 89/89/89 100/100/100
f 89/89/89 101/101/101 100/100/100
f 89/89/89 90/90/90 101/101/101
f 90/90/90 102/102/102 101/101/101
f 90/90/90 91/91/91 102/102/102
f 91/91/91 103/103/103 102/102/102
f 91/91/91 92/92/92 103/103/103
f 92/92/92 104/104/104 103/103/103
f 92/92/92 93/93/93 104/104/104
f 93/93/93 105/105/105 104/104/104
f 93/93/93 94/94/94 105/105/105
f 94/94/94 106/106/106 105/105/105
f 94/94/94 95/95/95 106/106/106
f 95/95/95 107/107/107 106/106/106
f 95/95/95 96/96/96 107/107/107
f 96/96/96 108/108/108 107/107/107
f 96/96/96 97/97/97 108/108/108
f 97/97/97 109/109/109 108/108/108
f 97/97/97 98/98/98 109/109/109
f 99/99/99 111/111/111 110/110/110
f 99/99/99 100/100/100 111/111/111
f 100/100/100 112/112/112 111/111/111
f 100/100/100 101/101/101 112/112/112
f 101/101/101 113/113/113 112/112/112
f 101/101/101 102/102/102 113/113/113
f 102/102/102 114/114/114 113/113/113
f 102/102/102 103/103/103 114/114/114
f 103/103/103 115/115/115 114/114/114
f 103/103/103 104/104/104 115/115/115
f 104/104/104 116/116/116 115/115/115
f 104/104/104 105/105/105 116/116/116
f 105/105/105 117/117/117 116/116/116
f 105/105/105 106/106/106 117/117/117
f 106/106/106 118/118/118 117/117/117
f 106/106/106 107/107/107 118/118/118
f 107/107/107 119/119/119 118/118/118
f 107/107/107 108/108/108 119/119/119
f 108/108/108 120/120/120 119/119/119
f 108/108/108 109/109/109 120/120/120
f 110/110/110 122/122/122 121/121/121
f 110/110/110 111/111/111 122/122/122
f 111/111/111 123/123/123 122/122/122
f 111/111/111 112/112/112 123/123/123
f 112/112/112 124/124/124 123/123/123
f 112/112/112 113/113/113 124/124/124
f 113/113/113 125/125/125 124/124/124
f 113/113/113 114/114/114 125/125/125
f 114/114/114 126/126/126 125/125/125
f 114/114/114 115/115/115 126/126/126
f 115/115/115 127/127/127 126/126/126
f 115/115/115 116/116/116 127/127/127
f 116/116/116 128/128/128 127/127/127
f 116/116/116 117/117/117 128/128/128
f 117/117/117 129/129/129 128/128/128
f 117/117/117 118/118/118 129/129/129
f 118/118/118 130/130/130 129/129/129
f 118/118/118 119/119/119 130/130/130
f 119/119/119 131/131/131 130/130/130
f 119/119/119 120/120/120 131/131/131
f 121/121/121 133/133/133 132/132/132
f 121/121/121 122/122/122 133/133/133
f 122/122/122 134/134/134 133/133/133
f 122/122/122 123/123/123 134/134/134
f 123/123/123 135/135/135 134/134/134
f 123/123/123 124/124/124 135/135/135
f 124/124/124 136/136/136 135/135/135
f 124/124/124 125/125/125 136/136/136
f 125/125/125 137/137/137 136/136/136
f 125/125/125 126/126/126 137/137/137
f 126/126/126 138/138/138 137/137/137
f 126/126/126 127/127/127 138/138/138
f 127/127/127 139/139/139 138/138/138
f 127/127/127 128/128/128 139/139/139
f 128/128/128 140/140/140 139/139/139
f 128/128/128 129/129/129 140/140/140
f 129/129/129 141/141/141 140/140/140
f 129/129/129 130/130/130 141/141/141
f 130/130/130 142/142/142 141/141/141
f 130/130/130 131/131/131 142/142/142
f 132/132/132 144/144/144 143/143/143
f 132/132/132 133/133/133 144/144/144
f 133/133/133 145/145/145 144/144/144
f 133/133/133 134/134/134 145/145/145
f 134/134/134 146/146/146 145/145/145
f 134/134/134 135/135/135 146/146/146
f 135/135/135 147/147/147 146/146/146
f 135/135/135 136/136/136 147/147/147
f 136/136/136 148/148/148 147/147/147
f 136/136/136 137/137/137 148/148/148
f 137/137/137 149/149/149 148/148/148
f 137/137/137 138/138/138 149/149/149
f 138/138/138 150/150/150 149/149/149
f 138/138/138 139/139/139 150/150/150
f 139/139/139 151/151/151 150/150/150
f 139/139/139 140/140/140 151/151/151
f 140/140/140 152/152/152 151/151/151
f 140/140/140 141/141/141 152/152/152
f 141/141/141 153/153/153 152/152/152
f 141/141/141 142/142/142 153/153/153
f 143/143/143 155/155/155 154/154/154
f 143/143/143 144/144/144 155/155/155
f 144/144/144 156/156/156 155/155/155
f 144/144/144 145/145/145 156/156/156
f 145/145/145 157/157/157 156/156/156
f 145/145/145 146/146/146 157/157/157
f 146/146/146 158/158/158 157/157/157
f 146/146/146 147/147/147 158/158/158
f 147/147/147 159/159/159 158/158/158
f 147/147/147 148/148/148 159/159/159
f 148/148/148 160/160/160 159/159/159
f 148/148/148 149/149/149 160/160/160
f 149/149/149 161/161/161 160/160/160
f 149/149/149 150/150/150 161/161/161
f 150/150/150 162/162/162 161/161/161
f 150/150/150 151/151/151 162/162/162
f 151/151/151 163/163/163 162/162/162
f 151/151/151 152/152/152 163/163/163
f 152/152/152 164/164/164 163/163/163
f 152/152/152 153/153/153 164/164/164
f 154/154/154 166/166/166 165/165/165
f 154/154/154 155/155/155 166/166/166
f 155/155/155 167/167/167 166/166/166
f 155/155/155 156/156/156 167/167/167
f 156/156/156 168/168/168 167/167/167
f 156/156/156 157/157/157 168/168/168
f 157/157/157 169/169/169 168/168/168
f 157/157/157 158/158/158 169/169/169
f 158/158/158 170/170/170 169/169/169
f 158/158/158 159/159/159 170/170/170
f 159/159/159 171/171/171 170/170/170
f 159/159/159 160/160/160 171/171/171
f 160/160/160 172/172/172 171/171/171
f 160/160/160 161/161/161 172/172/172
f 161/161/161 173/173/173 172/172/172
f 161/161/161 162/162/162 173/173/173
f 162/162/162 174/174/174 173/173/173
f 162/162/162 163/163/163 174/174/174
f 163/163/163 175/175/175 174/174/174
f 163/163/163 164/164/164 175/175/175
f 176/176/176 184/184/184 177/177/177
f 176/176/176 183/183/183 184/184/184
f 190/190/190 176/176/176 177/177/177
f 191/191/191 184/184/184 183/183/183
f 177/177/177 185/185/185 178/178/178
f 177/177/177 184/184/184 185/185/185
f 190/190/190 177/177/177 178/178/178
f 191/191/191 185/185/185 184/184/184
f 178/178/178 186/186/186 179/179/179
f 178/178/178 185/185/185 186/186/186
f 190/190/190 178/178/178 179/179/179
f 191/191/191 186/186/186 185/185/185
f 179/179/179 187/187/187 180/180/180
f 179/179/179 186/186/186 187/187/187
f 190/190/190 179/179/179 180/180/180
f 191/191/191 187/187/187 186/186/186
f 180/180/180 188/188/188 181/181/181
f 180/180/180 187/187/187 188/188/188
f 190/190/190 180/180/180 181/181/181
f 191/191/191 188/188/188 187/187/187
f 181/181/181 189/189/189 182/182/182
f 181/181/181 188/188/188 189/189/189
f 190/190/190 181/181/181 182/182/182
f 191/191/191 189/189/189 188/188/188
f 182/182/182 183/183/183 176/176/176
f 182/182/182 189/189/189 183/183/183
f 190/190/190 182/182/182 176/176/176
f 191/191/191 183/183/183 189/189/189
f 192/192/192 200/200/200 193/193/193
f 192/192/192 199/199/199 200/200/200
f 206/206/206 192/192/192 193/193/193
f 207/207/207 200/200/200 199/199/199
f 193/193/193 201/201/201 194/194/194
f 193/193/193 200/200/200 201/201/201
f 206/206/206 193/193/193 194/194/194
f 207/207/207 201/201/201 200/200/200
f 194/194/194 202/202/202 195/195/195
f 194/194/194 201/201/201 202/202/202
f 206/206/206 194/194/194 195/195/195
f 207/207/207 202/202/202 201/201/201
f 195/195/195 203/203/203 196/196/196
f 195/195/195 202/202/202 203/203/203
f 206/206/206 195/195/195 196/196/196
f 207/207/207 203/203/203 202/202/202
f 196/196/196 204/204/204 197/197/197
f 196/196/196 203/203/203 204/204/204
f 206/206/206 196/196/196 197/197/197
f 207/207/207 204/204/204 203/203/203
f 197/197/197 205/205/205 198/198/198
f 197/197/197 204/204/204 205/205/205
f 206/206/206 197/197/197 198/198/198
f 207/207/207 205/205/205 204/204/204
f 198/198/198 199/199/199 192/192/192
f 198/198/198 205/205/205 199/199/199
f 206/206/206 198/198/198 192/192/192
f 207/207/207 199/199/199 205/205/205
f 208/208/208 220/220/220 219/219/219
f 208/208/208 209/209/209 220/220/220
f 209/209/209 221/221/221 220/220/220
f 209/209/209 210/210/210 221/221/221
f 210/210/210 222/222/222 221/221/221
f 210/210/210 211/211/211 222/222/222
f 211/211/211 223/223/223 222/222/222
f 211/211/211 212/212/212 223/223/223
f 212/212/212 224/224/224 223/223/223
f 212/212/212 213/213/213 224/224/224
f 213/213/213 225/225/225 224/224/224
f 213/213/213 214/214/214 225/225/225
f 214/214/214 226/226/226 225/225/225
f 214/214/214 215/215/215 226/226/226
f 215/215/215 227/227/227 226/226/226
f 215/215/215 216/216/216 227/227/227
f 216/216/216 228/228/228 227/227/227
f 216/216/216 217/217/217 228/228/228
f 217/217/217 229/229/229 228/228/228
f 217/217/217 218/218/218 229/229/229
f 219/219/219 231/231/231 230/230/230
f 219/219/219 220/220/220 231/231/231
f 220/220/220 232/232/232 231/231/231
f 220/220/220 221/221/221 232/232/232
f 221/221/221 233/233/233 232/232/232
f 221/221/221 222/222/222 233/233/233
f 222/222/222 234/234/234 233/233/233
f 222/222/222 223/223/223 234/234/234
f 223/223/223 235/235/235 234/234/234
f 223/223/223 224/224/224 235/235/235
f 224/224/224 236/236/236 235/235/235
f 224/224/224 225/225/225 236/236/236
f 225/225/225 237/237/237 236/236/236
f 225/225/225 226/226/226 237/237/237
f 226/226/226 238/238/238 237/237/237
f 226/226/226 227/227/227 238/238/238
f 227/227/227 239/239/239 238/238/238
f 227/227/227 228/228/228 239/239/239
f 228/228/228 240/240/240 239/239/239
f 228/228/228 229/229/229 240/240/240
f 230/230/230 242/242/242 241/241/241
f 230/230/230 231/231/231 242/242/242
f 231/231/231 243/243/243 242/242/242
f 231/231/231 232/232/232 243/243/243
f 232/232/232 244/244/244 243/243/243
f 232/232/232 233/233/233 244/244/244
f 233/233/233 245/245/245 244/244/244
f 233/233/233 234/234/234 245/245/245
f 234/234/234 246/246/246 245/245/245
f 234/234/234 235/235/235 246/246/246
f 235/235/235 247/247/247 246/246/246
f 235/235/235 236/236/236 247/247/247
f 236/236/236 248/248/248 247/247/247
f 236/236/236 237/237/237 248/248/248
f 237/237/237 249/249/249 248/248/248
f 237/237/237 238/238/238 249/249/249
f 238/238/238 250/250/250 249/249/249
f 238/238/238 239/239/239 250/250/250
f 239/239/239 251/251/251 250/250/250
f 239/239/239 240/240/240 251/251/251
f 241/241/241 253/253/253 252/252/252
f 241/241/241 242/242/242 253/253/253
f 242/242/242 254/254/254 253/253/253
f 242/242/242 243/243/243 254/254/254
f 243/243/243 255/255/255 254/254/254
f 243/243/243 244/244/244 255/255/255
f 244/244/244 256/256/256 255/255/255
f 244/244/244 245/245/245 256/256/256
f 245/245/245 257/257/257 256/256/256
f 245/245/245 246/246/246 257/257/257
f 246/246/246 258/258/258 257/257/257
f 246/246/246 247/247/247 258/258/258
f 247/247/247 259/259/259 258/258/258
f 247/247/247 248/248/248 259/259/259
f 248/248/248 260/260/260 259/259/259
f 248/248/248 249/249/249 260/260/260
f 249/249/249 261/261/261 260/260/260
f 249/249/249 250/250/250 261/261/261
f 250/250/250 262/262/262 261/261/261
f 250/250/250 251/251/251 262/262/262
f 252/252/252 264/264/264 263/263/263
f 252/252/252 253/253/253 264/264/264
f 253/253/253 265/265/265 264/264/264
f 253/253/253 254/254/254 265/265/265
f 254/254/254 266/266/266 265/265/265
f 254/254/254 255/255/255 266/266/266
f 255/255/255 267/267/267 266/266/266
f 255/255/255 256/256/256 267/267/267
f 256/256/256 268/268/268 267/267/267
f 256/256/256 257/257/257 268/268/268
f 257/257/257 269/269/269 268/268/268
f 257/257/257 258/258/258 269/269/269
f 258/258/258 270/270/270 269/269/269
f 258/258/258 259/259/259 270/270/270
f 259/259/259 271/271/271 270/270/270
f 259/259/259 260/260/260 271/271/271
f 260/260/260 272/272/272 271/271/271
f 260/260/260 261/261/261 272/272/272
f 261/261/261 273/273/273 272/272/272
f 261/261/261 262/262/262 273/273/273
f 263/263/263 275/275/275 274/274/274
f 263/263/263 264/264/264 275/275/275
f 264/264/264 276/276/276 275/275/275
f 264/264/264 265/265/265 276/276/276
f 265/265/265 277/277/277 276/276/276
f 265/265/265 266/266/266 277/277/277
f 266/266/266 278/278/278 277/277/277
f 266/266/266 267/267/267 278/278/278
f 267/267/267 279/279/279 278/278/278
f 267/267/267 268/268/268 279/279/279
f 268/268/268 280/280/280 279/279/279
f 268/268/268 269/269/269 280/280/280
f 269/269/269 281/281/281 280/280/280
f 269/269/269 270/270/270 281/281/281
f 270/270/270 282/282/282 281/281/281
f 270/270/270 271/271/271 282/282/282
f 271/271/271 283/283/283 282/282/282
f 271/271/271 272/272/272 283/283/283
f 272/272/272 284/284/284 283/283/283
f 272/272/272 273/273/273 284/284/284
f 274/274/274 286/286/286 285/285/285
f 274/274/274 275/275/275 286/286/286
f 275/275/275 287/287/287 286/286/286
f 275/275/275 276/276/276 287/287/287
f 276/276/276 288/288/288 287/287/287
f 276/276/276 277/277/277 288/288/288
f 277/277/277 289/289/289 288/288/288
f 277/277/277 278/278/278 289/289/289
f 278/278/278 290/290/290 289/289/289
f 278/278/278 279/279/279 290/290/290
f 279/279/279 291/291/291 290/290/290
f 279/279/279 280/280/280 291/291/291
f 280/280/280 292/292/292 291/291/291
f 280/280/280 281/281/281 292/292/292
f 281/281/281 293/293/293 292/292/292
f 281/281/281 282/282/282 293/293/293
f 282/282/282 294/294/294 293/293/293
f 282/282/282 283/283/283 294/294/294
f 283/283/283 295/295/295 294/294/294
f 283/283/283 284/284/284 295/295/295
f 285/285/285 297/297/297 296/296/296
f 285/285/285 286/286/286 297/297/297
f 286/286/286 298/298/298 297/297/297
f 286/286/286 287/287/287 298/298/298
f 287/287/287 299/299/299 298/298/298
f 287/287/287 288/288/288 299/299/299
f 288/288/288 300/300/300 299/299/299
f 288/288/288 289/289/289 300/300/300
f 289/289/289 301/301/301 300/300/300
f 289/289/289 290/290/290 301/301/301
f 290/290/290 302/302/302 301/301/301
f 290/290/290 291/291/291 302/302/302
f 291/291/291 303/303/303 302/302/302
f 291/291/291 292/292/292 303/303/303
f 292/292/292 304/304/304 303/303/303
f 292/292/292 293/293/293 304/304/304
f 293/293/293 305/305/305 304/304/304
f 293/293/293 294/294/294 305/305/305
f 294/294/294 306/306/306 305/305/305
f 294/294/294 295/295/295 306/306/306
f 307/307/307 315/315/315 308/308/308
f 307/307/307 314/314/314 315/315/315
f 321/321/321 307/307/307 308/308/308
f 322/322/322 315/315/315 314/314/314
f 308/308/308 316/316/316 309/309/309
f 308/308/308 315/315/315 316/316/316
f 321/321/321 308/308/308 309/309/309
f 322/322/322 316/316/316 315/315/315
f 309/309/309 317/317/317 310/310/310
f 309/309/309 316/316/316 317/317/317
f 321/321/321 309/309/309 310/310/310
f 322/322/322 317/317/317 316/316/316
f 310/310/310 318/318/318 311/311/311
f 310/310/310 317/317/317 318/318/318
f 321/321/321 310/310/310 311/311/311
f 322/322/322 318/318/318 317/317/317
f 311/311/311 319/319/319 312/312/312
f 311/311/311 318/318/318 319/319/319
f 321/321/321 311/311/311 312/312/312
f 322/322/322 319/319/319 318/318/318
f 312/312/312 320/320/320 313/313/313
f 312/312/312 319/319/319 320/320/320
f 321/321/321 312/312/312 313/313/313
f 322/322/322 320/320/320 319/319/319
f 313/313/313 314/314/314 307/307/307
f 313/313/313 320/320/320 314/314/314
f 321/321/321 313/313/313 307/307/307
f 322/322/322 314/314/314 320/320/320
f 323/323/323 331/331/331 324/324/324
f 323/323/323 330/330/330 331/331/331
f 337/337/337 323/323/323 324/324/324
f 338/338/338 331/331/331 330/330/330
f 324/324/324 332/332/332 325/325/325
f 324/324/324 331/331/331 332/332/332
f 337/337/337 324/324/324 325/325/325
f 338/338/338 332/332/332 331/331/331
f 325/325/325 333/333/333 326/326/326
f 325/325/325 332/332/332 333/333/333
f 337/337/337 325/325/325 326/326/326
f 338/338/338 333/333/333 332/332/332
f 326/326/326 334/334/334 327/327/327
f 326/326/326 333/333/333 334/334/334
f 337/337/337 326/326/326 327/327/327
f 338/338/338 334/334/334 333/333/333
f 327/327/327 335/335/335 328/328/328
f 327/327/327 334/334/334 335/335/335
f 337/337/337 327/327/327 328/328/328
f 338/338/338 335/335/335 334/334/334
f 328/328/328 336/336/336 329/329/329
f 328/328/328 335/335/335 336/336/336
f 337/337/337 328/328/328 329/329/329
f 338/338/338 336/336/336 335/335/335
f 329/329/329 330/330/330 323/323/323
f 329/329/329 336/336/336 330/330/330
f 337/337/337 329/329/329 323/323/323
f 338/338/338 330/330/330 336/336/336
f 339/339/339 351/351/351 350/350/350
f 339/339/339 340/340/340 351/351/351
f 340/340/340 352/352/352 351/351/351
f 340/340/340 341/341/341 352/352/352
f 341/341/341 353/353/353 352/352/352
f 341/341/341 342/342/342 353/353/353
f 342/342/342 354/354/354 353/353/353
f 342/342/342 343/343/343 354/354/354
f 343/343/343 355/355/355 354/354/354
f 343/343/343 344/344/344 355/355/355
f 344/344/344 356/356/356 355/355/355
f 344/344/344 345/345/345 356/356/356
f 345/345/345 357/357/357 356/356/356
f 345/345/345 346/346/346 357/357/357
f 346/346/346 358/358/358 357/357/357
f 346/346/346 347/347/347 358/358/358
f 347/347/347 359/359/359 358/358/358
f 347/347/347 348/348/348 359/359/359
f 348/348/348 360/360/360 359/359/359
f 348/348/348 349/349/349 360/360/360
f 350/350/350 362/362/362 361/361/361
f 350/350/350 351/351/351 362/362/362
f 351/351/351 363/363/363 362/362/362
f 351/351/351 352/352/352 363/363/363
f 352/352/352 364/364/364 363/363/363
f 352/352/352 353/353/353 364/364/364
f 353/353/353 365/365/365 364/364/364
f 353/353/353 354/354/354 365/365/365
f 354/354/354 366/366/366 365/365/365
f 354/354/354 355/355/355 366/366/366
f 355/355/355 367/367/367 366/366/366
f 355/355/355 356/356/356 367/367/367
f 356/356/356 368/368/368 367/367/367
f 356/356/356 357/357/357 368/368/368
f 357/357/357 369/369/369 368/368/368
f 357/357/357 358/358/358 369/369/369
f 358/358/358 370/370/370 369/369/369
f 358/358/358 359/359/359 370/370/370
f 359/359/359 371/371/371 370/370/370
f 359/359/359 360/360/360 371/371/371
f 361/361/361 373/373/373 372/372/372
f 361/361/361 362/362/362 373/373/373
f 362/362/362 374/374/374 373/373/373
f 362/362/362 363/363/363 374/374/374
f 363/363/363 375/375/375 374/374/374
f 363/363/363 364/364/364 375/375/375
f 364/364/364 376/376/376 375/375/375
f 364/364/364 365/365/365 376/376/376
f 365/365/365 377/377/377 376/376/376
f 365/365/365 366/366/366 377/377/377
f 366/366/366 378/378/378 377/377/377
f 366/366/366 367/367/367 378/378/378
f 367/367/367 379/379/379 378/378/378
f 367/367/367 368/368/368 379/379/379
f 368/368/368 380/380/380 379/379/379
f 368/368/368 369/369/369 380/380/380
f 369/369/369 381/381/381 380/380/380
f 369/369/369 370/370/370 381/381/381
f 370/370/370 382/382/382 381/381/381
f 370/370/370 371/371/371 382/382/382
f 372/372/372 384/384/384 383/383/383
f 372/372/372 373/373/373 384/384/384
f 373/373/373 385/385/385 384/384/384
f 373/373/373 374/374/374 385/385/385
f 374/374/374 386/386/386 385/385/385
f 374/374/374 375/375/375 386/386/386
f 375/375/375 387/387/387 386/386/386
f 375/375/375 376/376/376 387/387/387
f 376/376/376 388/388/388 387/387/387
f 376/376/376 377/377/377 388/388/388
f 377/377/377 389/389/389 388/388/388
f 377/377/377 378/378/378 389/389/389
f 378/378/378 390/390/390 389/389/389
f 378/378/378 379/379/379 390/390/390
f 379/379/379 391/391/391 390/390/390
f 379/379/379 380/380/380 391/391/391
f 380/380/380 392/392/392 391/391/391
f 380/380/380 381/381/381 392/392/392
f 381/381/381 393/393/393 392/392/392
f 381/381/381 382/382/382 393/393/393
f 383/383/383 395/395/395 394/394/394
f 383/383/383 384/384/384 395/395/395
f 384/384/384 396/396/396 395/395/395
f 384/384/384 385/385/385 396/396/396
f 385/385/385 397/397/397 396/396/396
f 385/385/385 386/386/386 397/397/397
f 386/386/386 398/398/398 397/397/397
f 386/386/386 387/387/387 398/398/398
f 387/387/387 399/399/399 398/398/398
f 387/387/387 388/388/388 399/399/399
f 388/388/388 400/400/400 399/399/399
f 388/388/388 389/389/389 400/400/400
f 389/389/389 401/401/401 400/400/400
f 389/389/389 390/390/390 401/401/401
f 390/390/390 402/402/402 401/401/401
f 390/390/390 391/391/391 402/402/402
f 391/391/391 403/403/403 402/402/402
f 391/391/391 392/392/392 403/403/403
f 392/392/392 404/404/404 403/403/403
f 392/392/392 393/393/393 404/404/404
f 394/394/394 406/406/406 405/405/405
f 394/394/394 395/395/395 406/406/406
f 395/395/395 407/407/407 406/406/406
f 395/395/395 396/396/396 407/407/407
f 396/396/396 408/408/408 407/407/407
f 396/396/396 397/397/397 408/408/408
f 397/397/397 409/409/409 408/408/408
f 397/397/397 398/398/398 409/409/409
f 398/398/398 410/410/410 409/409/409
f 398/398/398 399/399/399 410/410/410
f 399/399/399 411/411/411 410/410/410
f 399/399/399 400/400/400 411/411/411
f 400/400/400 412/412/412 411/411/411
f 400/400/400 401/401/401 412/412/412
f 401/401/401 413/413/413 412/412/412
f 401/401/401 402/402/402 413/413/413
f 402/402/402 414/414/414 413/413/413
f 402/402/402 403/403/403 414/414/414
f 403/403/403 415/415/415 414/414/414
f 403/403/403 404/404/404 415/415/415
f 405/405/405 417/417/417 416/416/416
f 405/405/405 406/406/406 417/417/417
f 406/406/406 418/418/418 417/417/417
f 406/406/406 407/407/407 418/418/418
f 407/407/407 419/419/419 418/418/418
f 407/407/407 408/408/408 419/419/419
f 408/408/408 420/420/420 419/419/419
f 408/408/408 409/409/409 420/420/420
f 409/409/409 421/421/421 420/420/420
f 409/409/409 410/410/410 421/421/421
f 410/410/410 422/422/422 421/421/421
f 410/410/410 411/411/411 422/422/422
f 411/411/411 423/423/423 422/422/422
f 411/411/411 412/412/412 423/423/423
f 412/412/412 424/424/424 423/423/423
f 412/412/412 413/413/413 424/424/424
f 413/413/413 425/425/425 424/424/424
f 413/413/413 414/414/414 425/425/425
f 414/414/414 426/426/426 425/425/425
f 414/414/414 415/415/415 426/426/426
f 416/416/416 428/428/428 427/427/427
f 416/416/416 417/417/417 428/428/428
f 417/417/417 429/429/429 428/428/428
f 417/417/417 418/418/418 429/429/429
f 418/418/418 430/430/430 429/429/429
f 418/418/418 419/419/419 430/430/430
f 419/419/419 431/431/431 430/430/430
f 419/419/419 420/420/420 431/431/431
f 420/420/420 432/432/432 431/431/431
f 420/420/420 421/421/421 432/432/432
f 421/421/421 433/433/433 432/432/432
f 421/421/421 422/422/422 433/433/433
f 422/422/422 434/434/434 433/433/433
f 422/422/422 423/423/423 434/434/434
f 423/423/423 435/435/435 434/434/434
f 423/423/423 424/424/424 435/435/435
f 424/424/424 436/436/436 435/435/435
f 424/424/424 425/425/425 436/436/436
f 425/425/425 437/437/437 436/436/436
f 425/425/425 426/426/426 437/437/437
f 438/438/438 446/446/446 439/439/439
f 438/438/438 445/445/445 446/446/446
f 452/452/452 438/438/438 439/439/439
f 453/453/453 446/446/446 445/445/445
f 439/439/439 447/447/447 440/440/440
f 439/439/439 446/446/446 447/447/447
f 452/452/452 439/439/439 440/440/440
f 453/453/453 447/447/447 446/446/446
f 440/440/440 448/448/448 441/441/441
f 440/440/440 447/447/447 448/448/448
f 452/452/452 440/440/440 441/441/441
f 453/453/453 448/448/448 447/447/447
f 441/441/441 449/449/449 442/442/442
f 441/441/441 448/448/448 449/449/449
f 452/452/452 441/441/441 442/442/442
f 453/453/453 449/449/449 448/448/448
f 442/442/442 450/450/450 443/443/443
f 442/442/442 449/449/449 450/450/450
f 452/452/452 442/442/442 443/443/443
f 453/453/453 450/450/450 449/449/449
f 443/443/443 451/451/451 444/444/444
f 443/443/443 450/450/450 451/451/451
f 452/452/452 443/443/443 444/444/444
f 453/453/453 451/451/451 450/450/450
f 444/444/444 445/445/445 438/438/438
f 444/444/444 451/451/451 445/445/445
f 452/452/452 444/444/444 438/438/438
f 453/453/453 445/445/445 451/451/451
f 454/454/454 462/462/462 455/455/455
f 454/454/454 461/461/461 462/462/462
f 468/468/468 454/454/454 455/455/455
f 469/469/469 462/462/462 461/461/461
f 455/455/455 463/463/463 456/456/456
f 455/455/455 462/462/462 463/463/463
f 468/468/468 455/455/455 456/456/456
f 469/469/469 463/463/463 462/462/462
f 456/456/456 464/464/464 457/457/457
f 456/456/456 463/463/463 464/464/464
f 468/468/468 456/456/456 457/457/457
f 469/469/469 464/464/464 463/463/463
f 457/457/457 465/465/465 458/458/458
f 457/457/457 464/464/464 465/465/465
f 468/468/468 457/457/457 458/458/458
f 469/469/469 465/465/465 464/464/464
f 458/458/458 466/466/466 459/459/459
f 458/458/458 465/465/465 466/466/466
f 468/468/468 458/458/458 459/459/459
f 469/469/469 466/466/466 465/465/465
f 459/459/459 467/467/467 460/460/460
f 459/459/459 466/466/466 467/467/467
f 468/468/468 459/459/459 460/460/460
f 469/469/469 467/467/467 466/466/466
f 460/460/460 461/461/461 454/454/454
f 460/460/460 467/467/467 461/461/461
f 468/468/468 460/460/460 454/454/454
f 469/469/469 461/461/461 467/467/467
f 470/470/470 482/482/482 481/481/481
f 470/470/470 471/471/471 482/482/482
f 471/471/471 483/483/483 482/482/482
f 471/471/471 472/472/472 483/483/483
f 472/472/472 484/484/484 483/483/483
f 472/472/472 473/473/473 484/484/484
f 473/473/473 485/485/485 484/484/484
f 473/473/473 474/474/474 485/485/485
f 474/474/474 486/486/486 485/485/485
f 474/474/474 475/475/475 486/486/486
f 475/475/475 487/487/487 486/486/486
f 475/475/475 476/476/476 487/487/487
f 476/476/476 488/488/488 487/487/487
f 476/476/476 477/477/477 488/488/488
f 477/477/477 489/489/489 488/488/488
f 477/477/477 478/478/478 489/489/489
f 478/478/478 490/490/490 489/489/489
f 478/478/478 479/479/479 490/490/490
f 479/479/479 491/491/491 490/490/490
f 479/479/479 480/480/480 491/491/491
f 481/481/481 493/493/493 492/492/492
f 481/481/481 482/482/482 493/493/493
f 482/482/482 494/494/494 493/493/493
f 482/482/482 483/483/483 494/494/494
f 483/483/483 495/495/495 494/494/494
f 483/483/483 484/484/484 495/495/495
f 484/484/484 496/496/496 495/495/495
f 484/484/484 485/485/485 496/496/496
f 485/485/485 497/497/497 496/496/496
f 485/485/485 486/486/486 497/497/497
f 486/486/486 498/498/498 497/497/497
f 486/486/486 487/487/487 498/498/498
f 487/487/487 499/499/499 498/498/498
f 487/487/487 488/488/488 499/499/499
f 488/488/488 500/500/500 499/499/499
f 488/488/488 489/489/489 500/500/500
f 489/489/489 501/501/501 500/500/500
f 489/489/489 490/490/490 501/501/501
f 490/490/490 502/502/502 501/501/501
f 490/490/490 491/491/491 502/502/502
f 492/492/492 504/504/504 503/503/503
f 492/492/492 493/493/493 504/504/504
f 493/493/493 505/505/505 504/504/504
f 493/493/493 494/494/494 505/505/505
f 494/494/494 506/506/506 505/505/505
f 494/494/494 495/495/495 506/506/506
f 495/495/495 507/507/507 506/506/506
f 495/495/495 496/496/496 507/507/507
f 496/496/496 508/508/508 507/507/507
f 496/496/496 497/497/497 508/508/508
f 497/497/497 509/509/509 508/508/508
f 497/497/497 498/498/498 509/509/509
f 498/498/498 510/510/510 509/509/509
f 498/498/498 499/499/499 510/510/510
f 499/499/499 511/511/511 510/510/510
f 499/499/499 500/500/500 511/511/511
f 500/500/500 512/512/512 511/511/511
f 500/500/500 501/501/501 512/512/512
f 501/501/501 513/513/513 512/512/512
f 501/501/501 502/502/502 513/513/513
f 503/503/503 515/515/515 514/514/514
f 503/503/503 504/504/504 515/515/515
f 504/504/504 516/516/516 515/515/515
f 504/504/504 505/505/505 516/516/516
f 505/505/505 517/517/517 516/516/516
f 505/505/505 506/506/506 517/517/517
f 506/506/506 518/518/518 517/517/517
f 506/506/506 507/507/507 518/518/518
f 507/507/507 519/519/519 518/518/518
f 507/507/507 508/508/508 519/519/519
f 508/508/508 520/520/520 519/519/519
f 508/508/508 509/509/509 520/520/520
f 509/509/509 521/521/521 520/520/520
f 509/509/509 510/510/510 521/521/521
f 510/510/510 522/522/522 521/521/521
f 510/510/510 511/511/511 522/522/522
f 511/511/511 523/523/523 522/522/522
f 511/511/511 512/512/512 523/523/523
f 512/512/512 524/524/524 523/523/523
f 512/512/512 513/513/513 524/524/524
f 514/514/514 526/526/526 525/525/525
f 514/514/514 515/515/515 526/526/526
f 515/515/515 527/527/527 526/526/526
f 515/515/515 516/516/516 527/527/527
f 516/516/516 528/528/528 527/527/527
f 516/516/516 517/517/517 528/528/528
f 517/517/517 529/529/529 528/528/528
f 517/517/517 518/518/518 529/529/529
f 518/518/518 530/530/530 529/529/529
f 518/518/518 519/519/519 530/530/530
f 519/519/519 531/531/531 530/530/530
f 519/519/519 520/520/520 531/531/531
f 520/520/520 532/532/532 531/531/531
f 520/520/520 521/521/521 532/532/532
f 521/521/521 533/533/533 532/532/532
f 521/521/521 522/522/522 533/533/533
f 522/522/522 534/534/534 533/533/533
f 522/522/522 523/523/523 534/534/534
f 523/523/523 535/535/535 534/534/534
f 523/523/523 524/524/524 535/535/535
f 525/525/525 537/537/537 536/536/536
f 525/525/525 526/526/526 537/537/537
f 526/526/526 538/538/538 537/537/537
f 526/526/526 527/527/527 538/538/538
f 527/527/527 539/539/539 538/538/538
f 527/527/527 528/528/528 539/539/539
f 528/528/528 540/540/540 539/539/539
f 528/528/528 529/529/529 540/540/540
f 529/529/529 541/541/541 540/540/540
f 529/529/529 530/530/530 541/541/541
f 530/530/530 542/542/542 541/541/541
f 530/530/530 531/531/531 542/542/542
f 531/531/531 543/543/543 542/542/542
f 531/531/531 532/532/532 543/543/543
f 532/532/532 544/544/544 543/543/543
f 532/532/532 533/533/533 544/544/544
f 533/533/533 545/545/545 544/544/544
f 533/533/533 534/534/534 545/545/545
f 534/534/534 546/546/546 545/545/545
f 534/534/534 535/535/535 546/546/546
f 536/536/536 548/548/548 547/547/547
f 536/536/536 537/537/537 548/548/548
f 537/537/537 549/549/549 548/548/548
f 537/537/537 538/538/538 549/549/549
f 538/538/538 550/550/550 549/549/549
f 538/538/538 539/539/539 550/550/550
f 539/539/539 551/551/551 550/550/550
f 539/539/539 540/540/540 551/551/551
f 540/540/540 552/552/552 551/551/551
f 540/540/540 541/541/541 552/552/552
f 541/541/541 553/553/553 552/552/552
f 541/541/541 542/542/542 553/553/553
f 542/542/542 554/554/554 553/553/553
f 542/542/542 543/543/543 554/554/554
f 543/543/543 555/555/555 554/554/554
f 543/543/543 544/544/544 555/555/555
f 544/544/544 556/556/556 555/555/555
f 544/544/544 545/545/545 556/556/556
f 545/545/545 557/557/557 556/556/556
f 545/545/545 546/546/546 557/557/557
f 547/547/547 559/559/559 558/558/558
f 547/547/547 548/548/548 559/559/559
f 548/548/548 560/560/560 559/559/559
f 548/548/548 549/549/549 560/560/560
f 549/549/549 561/561/561 560/560/560
f 549/549/549 550/550/550 561/561/561
f 550/550/550 562/562/562 561/561/561
f 550/550/550 551/551/551 562/562/562
f 551/551/551 563/563/563 562/562/562
f 551/551/551 552/552/552 563/563/563
f 552/552/552 564/564/564 563/563/563
f 552/552/552 553/553/553 564/564/564
f 553/553/553 565/565/565 564/564/564
f 553/553/553 554/554/554 565/565/565
f 554/554/554 566/566/566 565/565/565
f 554/554/554 555/555/555 566/566/566
f 555/555/555 567/567/567 566/566/566
f 555/555/555 556/556/556 567/567/567
f 556/556/556 568/568/568 567/567/567
f 556/556/556 557/557/557 568/568/568
f 569/569/569 577/577/577 570/570/570
f 569/569/569 576/576/576 577/577/577
f 583/583/583 569/569/569 570/570/570
f 584/584/584 577/577/577 576/576/576
f 570/570/570 578/578/578 571/571/571
f 570/570/570 577/577/577 578/578/578
f 583/583/583 570/570/570 571/571/571
f 584/584/584 578/578/578 577/577/577
f 571/571/571 579/579/579 572/572/572
f 571/571/571 578/578/578 579/579/579
f 583/583/583 571/571/571 572/572/572
f 584/584/584 579/579/579 578/578/578
f 572/572/572 580/580/580 573/573/573
f 572/572/572 579/579/579 580/580/580
f 583/583/583 572/572/572 573/573/573
f 584/584/584 580/580/580 579/579/579
f 573/573/573 581/581/581 574/574/574
f 573/573/573 580/580/580 581/581/581
f 583/583/583 573/573/573 574/574/574
f 584/584/584 581/581/581 580/580/580
f 574/574/574 582/582/582 575/575/575
f 574/574/574 581/581/581 582/582/582
f 583/583/583 574/574/574 575/575/575
f 584/584/584 582/582/582 581/581/581
f 575/575/575 576/576/576 569/569/569
f 575/575/575 582/582/582 576/576/576
f 583/583/583 575/575/575 569/569/569
f 584/584/584 576/576/576 582/582/582
f 585/585/585 593/593/593 586/586/586
f 585/585/585 592/592/592 593/593/593
f 599/599/599 585/585/585 586/586/586
f 600/600/600 593/593/593 592/592/592
f 586/586/586 594/594/594 587/587/587
f 586/586/586 593/593/593 594/594/594
f 599/599/599 586/586/586 587/587/587
f 600/600/600 594/594/594 593/593/593
f 587/587/587 595/595/595 588/588/588
f 587/587/587 594/594/594 595/595/595
f 599/599/599 587/587/587 588/588/588
f 600/600/600 595/595/595 594/594/594
f 588/588/588 596/596/596 589/589/589
f 588/588/588 595/595/595 596/596/596
f 599/599/599 588/588/588 589/589/589
f 600/600/600 596/596/596 595/595/595
f 589/589/589 597/597/597 590/590/590
f 589/589/589 596/596/596 597/597/597
f 599/599/599 589/589/589 590/590/590
f 600/600/600 597/597/597 596/596/596
f 590/590/590 598/598/598 591/591/591
f 590/590/590 597/597/597 598/598/598
f 599/599/599 590/590/590 591/591/591
f 600/600/600 598/598/598 597/597/597
f 591/591/591 592/592/592 585/585/585
f 591/591/591 598/598/598 592/592/592
f 599/599/599 591/591/591 585/585/585
f 600/600/600 592/592/592 598/598/598
f 601/601/601 613/613/613 612/612/612
f 601/601/601 602/602/602 613/613/613
f 602/602/602 614/614/614 613/613/613
f 602/602/602 603/603/603 614/614/614
f 603/603/603 615/615/615 614/614/614
f 603/603/603 604/604/604 615/615/615
f 604/604/604 616/616/616 615/615/615
f 604/604/604 605/605/605 616/616/616
f 605/605/605 617/617/617 616/616/616
f 605/605/605 606/606/606 617/617/617
f 606/606/606 618/618/618 617/617/617
f 606/606/606 607/607/607 618/618/618
f 607/607/607 619/619/619 618/618/618
f 607/607/607 608/608/608 619/619/619
f 608/608/608 620/620/620 619/619/619
f 608/608/608 609/609/609 620/620/620
f 609/609/609 621/621/621 620/620/620
f 609/609/609 610/610/610 621/621/621
f 610/610/610 622/622/622 621/621/621
f 610/610/610 611/611/611 622/622/622
f 612/612/612 624/624/624 623/623/623
f 612/612/612 613/613/613 624/624/624
f 613/613/613 625/625/625 624/624/624
f 613/613/613 614/614/614 625/625/625
f 614/614/614 626/626/626 625/625/625
f 614/614/614 615/615/615 626/626/626
f 615/615/615 627/627/627 626/626/626
f 615/615/615 616/616/616 627/627/627
f 616/616/616 628/628/628 627/627/627
f 616/616/616 617/617/617 628/628/628
f 617/617/617 629/629/629 628/628/628
f 617/617/617 618/618/618 629/629/629
f 618/618/618 630/630/630 629/629/629
f 618/618/618 619/619/619 630/630/630
f 619/619/619 631/631/631 630/630/630
f 619/619/619 620/620/620 631/631/631
f 620/620/620 632/632/632 631/631/631
f 620/620/620 621/621/621 632/632/632
f 621/621/621 633/633/633 632/632/632
f 621/621/621 622/622/622 633/633/633
f 623/623/623 635/635/635 634/634/634
f 623/623/623 624/624/624 635/635/635
f 624/624/624 636/636/636 635/635/635
f 624/624/624 625/625/625 636/636/636
f 625/625/625 637/637/637 636/636/636
f 625/625/625 626/626/626 637/637/637
f 626/626/626 638/638/638 637/637/637
f 626/626/626 627/627/627 638/638/638
f 627/627/627 639/639/639 638/638/638
f 627/627/627 628/628/628 639/639/639
f 628/628/628 640/640/640 639/639/639
f 628/628/628 629/629/629 640/640/640
f 629/629/629 641/641/641 640/640/640
f 629/629/629 630/630/630 641/641/641
f 630/630/630 642/642/642 641/641/641
f 630/630/630 631/631/631 642/642/642
f 631/631/631 643/643/643 642/642/642
f 631/631/631 632/632/632 643/643/643
f 632/632/632 644/644/644 643/643/643
f 632/632/632 633/633/633 644/644/644
f 634/634/634 646/646/646 645/645/645
f 634/634/634 635/635/635 646/646/646
f 635/635/635 647/647/647 646/646/646
f 635/635/635 636/636/636 647/647/647
f 636/636/636 648/648/648 647/647/647
f 636/636/636 637/637/637 648/648/648
f 637/637/637 649/649/649 648/648/648
f 637/637/637 638/638/638 649/649/649
f 638/638/638 650/650/650 649/649/649
f 638/638/638 639/639/639 650/650/650
f 639/639/639 651/651/651 650/650/650
f 639/639/639 640/640/640 651/651/651
f 640/640/640 652/652/652 651/651/651
f 640/640/640 641/641/641 652/652/652
f 641/641/641 653/653/653 652/652/652
f 641/641/641 642/642/642 653/653/653
f 642/642/642 654/654/654 653/653/653
f 642/642/642 643/643/643 654/654/654
f 643/643/643 655/655/655 654/654/654
f 643/643/643 644/644/644 655/655/655
f 645/645/645 657/657/657 656/656/656
f 645/645/645 646/646/646 657/657/657
f 646/646/646 658/658/658 657/657/657
f 646/646/646 647/647/647 658/658/658
f 647/647/647 659/659/659 658/658/658
f 647/647/647 648/648/648 659/659/659
f 648/648/648 660/660/660 659/659/659
f 648/648/648 649/649/649 660/660/660
f 649/649/649 661/661/661 660/660/660
f 649/649/649 650/650/650 661/661/661
f 650/650/650 662/662/662 661/661/661
f 650/650/650 651/651/651 662/662/662
f 651/651/651 663/663/663 662/662/662
f 651/651/651 652/652/652 663/663/663
f 652/652/652 664/664/664 663/663/663
f 652/652/652 653/653/653 664/664/664
f 653/653/653 665/665/665 664/664/664
f 653/653/653 654/654/654 665/665/665
f 654/654/654 666/666/666 665/665/665
f 654/654/654 655/655/655 666/666/666
f 656/656/656 668/668/668 667/667/667
f 656/656/656 657/657/657 668/668/668
f 657/657/657 669/669/669 668/668/668
f 657/657/657 658/658/658 669/669/669
f 658/658/658 670/670/670 669/669/669
f 658/658/658 659/659/659 670/670/670
f 659/659/659 671/671/671 670/670/670
f 659/659/659 660/660/660 671/671/671
f 660/660/660 672/672/672 671/671/671
f 660/660/660 661/661/661 672/672/672
f 661/661/661 673/673/673 672/672/672
f 661/661/661 662/662/662 673/673/673
f 662/662/662 674/674/674 673/673/673
f 662/662/662 663/663/663 674/674/674
f 663/663/663 675/675/675 674/674/674
f 663/663/663 664/664/664 675/675/675
f 664/664/664 676/676/676 675/675/675
f 664/664/664 665/665/665 676/676/676
f 665/665/665 677/677/677 676/676/676
f 665/665/665 666/666/666 677/677/677
f 667/667/667 679/679/679 678/678/678
f 667/667/667 668/668/668 679/679/679
f 668/668/668 680/680/680 679/679/679
f 668/668/668 669/669/669 680/680/680
f 669/669/669 681/681/681 680/680/680
f 669/669/669 670/670/670 681/681/681
f 670/670/670 682/682/682 681/681/681
f 670/670/670 671/671/671 682/682/682
f 671/671/671 683/683/683 682/682/682
f 671/671/671 672/672/672 683/683/683
f 672/672/672 684/684/684 683/683/683
f 672/672/672 673/673/673 684/684/684
f 673/673/673 685/685/685 684/684/684
f 673/673/673 674/674/674 685/685/685
f 674/674/674 686/686/686 685/685/685
f 674/674/674 675/675/675 686/686/686
f 675/675/675 687/687/687 686/686/686
f 675/675/675 676/676/676 687/687/687
f 676/676/676 688/688/688 687/687/687
f 676/676/676 677/677/677 688/688/688
f 678/678/678 690/690/690 689/689/689
f 678/678/678 679/679/679 690/690/690
f 679/679/679 691/691/691 690/690/690
f 679/679/679 680/680/680 691/691/691
f 680/680/680 692/692/692 691/691/691
f 680/680/680 681/681/681 692/692/692
f 681/681/681 693/693/693 692/692/692
f 681/681/681 682/682/682 693/693/693
f 682/682/682 694/694/694 693/693/693
f 682/682/682 683/683/683 694/694/694
f 683/683/683 695/695/695 694/694/694
f 683/683/683 684/684/684 695/695/695
f 684/684/684 696/696/696 695/695/695
f 684/684/684 685/685/685 696/696/696
f 685/685/685 697/697/697 696/696/696
f 685/685/685 686/686/686 697/697/697
f 686/686/686 698/698/698 697/697/697
f 686/686/686 687/687/687 698/698/698
f 687/687/687 699/699/699 698/698/698
f 687/687/687 688/688/688 699/699/699
f 700/700/700 708/708/708 701/701/701
f 700/700/700 707/707/707 708/708/708
f 714/714/714 700/700/700 701/701/701
f 715/715/715 708/708/708 707/707/707
f 701/701/701 709/709/709 702/702/702
f 701/701/701 708/708/708 709/709/709
f 714/714/714 701/701/701 702/702/702
f 715/715/715 709/709/709 708/708/708
f 702/702/702 710/710/710 703/703/703
f 702/702/702 709/709/709 710/710/710
f 714/714/714 702/702/702 703/703/703
f 715/715/715 710/710/710 709/709/709
f 703/703/703 711/711/711 704/704/704
f 703/703/703 710/710/710 711/711/711
f 714/714/714 703/703/703 704/704/704
f 715/715/715 711/711/711 710/710/710
f 704/704/704 712/712/712 705/705/705
f 704/704/704 711/711/711 712/712/712
f 714/714/714 704/704/704 705/705/705
f 715/715/715 712/712/712 711/711/711
f 705/705/705 713/713/713 706/706/706
f 705/705/705 712/712/712 713/713/713
f 714/714/714 705/705/705 706/706/706
f 715/715/715 713/713/713 712/712/712
f 706/706/706 707/707/707 700/700/700
f 706/706/706 713/713/713 707/707/707
f 714/714/714 706/706/706 700/700/700
f 715/715/715 707/707/707 713/713/713
f 716/716/716 724/724/724 717/717/717
f 716/716/716 723/723/723 724/724/724
f 730/730/730 716/716/716 717/717/717
f 731/731/731 724/724/724 723/723/723
f 717/717/717 725/725/725 718/718/718
f 717/717/717 724/724/724 725/725/725
f 730/730/730 717/717/717 718/718/718
f 731/731/731 725/725/725 724/724/724
f 718/718/718 726/726/726 719/719/719
f 718/718/718 725/725/725 726/726/726
f 730/730/730 718/718/718 719/719/719
f 731/731/731 726/726/726 725/725/725
f 719/719/719 727/727/727 720/720/720
f 719/719/719 726/726/726 727/727/727
f 730/730/730 719/719/719 720/720/720
f 731/731/731 727/727/727 726/726/726
f 720/720/720 728/728/728 721/721/721
f 720/720/720 727/727/727 728/728/728
f 730/730/730 720/720/720 721/721/721
f 731/731/731 728/728/728 727/727/727
f 721/721/721 729/729/729 722/722/722
f 721/721/721 728/728/728 729/729/729
f 730/730/730 721/721/721 722/722/722
f 731/731/731 729/729/729 728/728/728
f 722/722/722 723/723/723 716/716/716
f 722/722/722 729/729/729 723/723/723
f 730/730/730 722/722/722 716/716/716
f 731/731/731 723/723/723 729/729/729
f 732/732/732 744/744/744 743/743/743
f 732/732/732 733/733/733 744/744/744
f 733/733/733 745/745/745 744/744/744
f 733/733/733 734/734/734 745/745/745
f 734/734/734 746/746/746 745/745/745
f 734/734/734 735/735/735 746/746/746
f 735/735/735 747/747/747 746/746/746
f 735/735/735 736/736/736 747/747/747
f 736/736/736 748/748/748 747/747/747
f 736/736/736 737/737/737 748/748/748
f 737/737/737 749/749/749 748/748/748
f 737/737/737 738/738/738 749/749/749
f 738/738/738 750/750/750 749/749/749
f 738/738/738 739/739/739 750/750/750
f 739/739/739 751/751/751 750/750/750
f 739/739/739 740/740/740 751/751/751
f 740/740/740 752/752/752 751/751/751
f 740/740/740 741/741/741 752/752/752
f 741/741/741 753/753/753 752/752/752
f 741/741/741 742/742/742 753/753/753
f 743/743/743 755/755/755 754/754/754
f 743/743/743 744/744/744 755/755/755
f 744/744/744 756/756/756 755/755/755
f 744/744/744 745/745/745 756/756/756
f 745/745/745 757/757/757 756/756/756
f 745/745/745 746/746/746 757/757/757
f 746/746/746 758/758/758 757/757/757
f 746/746/746 747/747/747 758/758/758
f 747/747/747 759/759/759 758/758/758
f 747/747/747 748/748/748 759/759/759
f 748/748/748 760/760/760 759/759/759
f 748/748/748 749/749/749 760/760/760
f 749/749/749 761/761/761 760/760/760
f 749/749/749 750/750/750 761/761/761
f 750/750/750 762/762/762 761/761/761
f 750/750/750 751/751/751 762/762/762
f 751/751/751 763/763/763 762/762/762
f 751/751/751 752/752/752 763/763/763
f 752/752/752 764/764/764 763/763/763
f 752/752/752 753/753/753 764/764/764
f 754/754/754 766/766/766 765/765/765
f 754/754/754 755/755/755 766/766/766
f 755/755/755 767/767/767 766/766/766
f 755/755/755 756/756/756 767/767/767
f 756/756/756 768/768/768 767/767/767
f 756/756/756 757/757/757 768/768/768
f 757/757/757 769/769/769 768/768/768
f 757/757/757 758/758/758 769/769/769
f 758/758/758 770/770/770 769/769/769
f 758/758/758 759/759/759 770/770/770
f 759/759/759 771/771/771 770/770/770
f 759/759/759 760/760/760 771/771/771
f 760/760/760 772/772/772 771/771/771
f 760/760/760 761/761/761 772/772/772
f 761/761/761 773/773/773 772/772/772
f 761/761/761 762/762/762 773/773/773
f 762/762/762 774/774/774 773/773/773
f 762/762/762 763/763/763 774/774/774
f 763/763/763 775/775/775 774/774/774
f 763/763/763 764/764/764 775/775/775
f 765/765/765 777/777/777 776/776/776
f 765/765/765 766/766/766 777/777/777
f 766/766/766 778/778/778 777/777/777
f 766/766/766 767/767/767 778/778/778
f 767/767/767 779/779/779 778/778/778
f 767/767/767 768/768/768 779/779/779
f 768/768/768 780/780/780 779/779/779
f 768/768/768 769/769/769 780/780/780
f 769/769/769 781/781/781 780/780/780
f 769/769/769 770/770/770 781/781/781
f 770/770/770 782/782/782 781/781/781
f 770/770/770 771/771/771 782/782/782
f 771/771/771 783/783/783 782/782/782
f 771/771/771 772/772/772 783/783/783
f 772/772/772 784/784/784 783/783/783
f 772/772/772 773/773/773 784/784/784
f 773/773/773 785/785/785 784/784/784
f 773/773/773 774/774/774 785/785/785
f 774/774/774 786/786/786 785/785/785
f 774/774/774 775/775/775 786/786/786
f 776/776/776 788/788/788 787/787/787
f 776/776/776 777/777/777 788/788/788
f 777/777/777 789/789/789 788/788/788
f 777/777/777 778/778/778 789/789/789
f 778/778/778 790/790/790 789/789/789
f 778/778/778 779/779/779 790/790/790
f 779/779/779 791/791/791 790/790/790
f 779/779/779 780/780/780 791/791/791
f 780/780/780 792/792/792 791/791/791
f 780/780/780 781/781/781 792/792/792
f 781/781/781 793/793/793 792/792/792
f 781/781/781 782/782/782 793/793/793
f 782/782/782 794/794/794 793/793/793
f 782/782/782 783/783/783 794/794/794
f 783/783/783 795/795/795 794/794/794
f 783/783/783 784/784/784 795/795/795
f 784/784/784 796/796/796 795/795/795
f 784/784/784 785/785/785 796/796/796
f 785/785/785 797/797/797 796/796/796
f 785/785/785 786/786/786 797/797/797
f 787/787/787 799/799/799 798/798/798
f 787/787/787 788/788/788 799/799/799
f 788/788/788 800/800/800 799/799/799
f 788/788/788 789/789/789 800/800/800
f 789/789/789 801/801/801 800/800/800
f 789/789/789 790/790/790 801/801/801
f 790/790/790 802/802/802 801/801/801
f 790/790/790 791/791/791 802/802/802
f 791/791/791 803/803/803 802/802/802
f 791/791/791 792/792/792 803/803/803
f 792/792/792 804/804/804 803/803/803
f 792/792/792 793/793/793 804/804/804
f 793/793/793 805/805/805 804/804/804
f 793/793/793 794/794/794 805/805/805
f 794/794/794 806/806/806 805/805/805
f 794/794/794 795/795/795 806/806/806
f 795/795/795 807/807/807 806/806/806
f 795/795/795 796/796/796 807/807/807
f 796/796/796 808/808/808 807/807/807
f 796/796/796 797/797/797 808/808/808
f 798/798/798 810/810/810 809/809/809
f 798/798/798 799/799/799 810/810/810
f 799/799/799 811/811/811 810/810/810
f 799/799/799 800/800/800 811/811/811
f 800/800/800 812/812/812 811/811/811
f 800/800/800 801/801/801 812/812/812
f 801/801/801 813/813/813 812/812/812
f 801/801/801 802/802/802 813/813/813
f 802/802/802 814/814/814 813/813/813
f 802/802/802 803/803/803 814/814/814
f 803/803/803 815/815/815 814/814/814
f 803/803/803 804/804/804 815/815/815
f 804/804/804 816/816/816 815/815/815
f 804/804/804 805/805/805 816/816/816
f 805/805/805 817/817/817 816/816/816
f 805/805/805 806/806/806 817/817/817
f 806/806/806 818/818/818 817/817/817
f 806/806/806 807/807/807 818/818/818
f 807/807/807 819/819/819 818/818/818
f 807/807/807 808/808/808 819/819/819
f 809/809/809 821/821/821 820/820/820
f 809/809/809 810/810/810 821/821/821
f 810/810/810 822/822/822 821/821/821
f 810/810/810 811/811/811 822/822/822
f 811/811/811 823/823/823 822/822/822
f 811/811/811 812/812/812 823/823/823
f 812/812/812 824/824/824 823/823/823
f 812/812/812 813/813/813 824/824/824
f 813/813/813 825/825/825 824/824/824
f 813/813/813 814/814/814 825/825/825
f 814/814/814 826/826/826 825/825/825
f 814/814/814 815/815/815 826/826/826
f 815/815/815 827/827/827 826/826/826
f 815/815/815 816/816/816 827/827/827
f 816/816/816 828/828/828 827/827/827
f 816/816/816 817/817/817 828/828/828
f 817/817/817 829/829/829 828/828/828
f 817/817/817 818/818/818 829/829/829
f 818/818/818 830/830/830 829/829/829
f 818/818/818 819/819/819 830/830/830
f 831/831/831 839/839/839 832/832/832
f 831/831/831 838/838/838 839/839/839
f 845/845/845 831/831/831 832/832/832
f 846/846/846 839/839/839 838/838/838
f 832/832/832 840/840/840 833/833/833
f 832/832/832 839/839/839 840/840/840
f 845/845/845 832/832/832 833/833/833
f 846/846/846 840/840/840 839/839/839
f 833/833/833 841/841/841 834/834/834
f 833/833/833 840/840/840 841/841/841
f 845/845/845 833/833/833 834/834/834
f 846/846/846 841/841/841 840/840/840
f 834/834/834 842/842/842 835/835/835
f 834/834/834 841/841/841 842/842/842
f 845/845/845 834/834/834 835/835/835
f 846/846/846 842/842/842 841/841/841
f 835/835/835 843/843/843 836/836/836
f 835/835/835 842/842/842 843/843/843
f 845/845/845 835/835/835 836/836/836
f 846/846/846 843/843/843 842/842/842
f 836/836/836 844/844/844 837/837/837
f 836/836/836 843/843/843 844/844/844
f 845/845/845 836/836/836 837/837/837
f 846/846/846 844/844/844 843/843/843
f 837/837/837 838/838/838 831/831/831
f 837/837/837 844/844/844 838/838/838
f 845/845/845 837/837/837 831/831/831
f 846/846/846 838/838/838 844/844/844
f 847/847/847 855/855/855 848/848/848
f 847/847/847 854/854/854 855/855/855
f 861/861/861 847/847/847 848/848/848
f 862/862/862 855/855/855 854/854/854
f 848/848/848 856/856/856 849/849/849
f 848/848/848 855/855/855 856/856/856
f 861/861/861 848/848/848 849/849/849
f 862/862/862 856/856/856 855/855/855
f 849/849/849 857/857/857 850/850/850
f 849/849/849 856/856/856 857/857/857
f 861/861/861 849/849/849 850/850/850
f 862/862/862 857/857/857 856/856/856
f 850/850/850 858/858/858 851/851/851
f 850/850/850 857/857/857 858/858/858
f 861/861/861 850/850/850 851/851/851
f 862/862/862 858/858/858 857/857/857
f 851/851/851 859/859/859 852/852/852
f 851/851/851 858/858/858 859/859/859
f 861/861/861 851/851/851 852/852/852
f 862/862/862 859/859/859 858/858/858
f 852/852/852 860/860/860 853/853/853
f 852/852/852 859/859/859 860/860/860
f 861/861/861 852/852/852 853/853/853
f 862/862/862 860/860/860 859/859/859
f 853/853/853 854/854/854 847/847/847
f 853/853/853 860/860/860 854/854/854
f 861/861/861 853/853/853 847/847/847
f 862/862/862 854/854/854 860/860/860
f 863/863/863 875/875/875 874/874/874
f 863/863/863 864/864/864 875/875/875
f 864/864/864 876/876/876 875/875/875
f 864/864/864 865/865/865 876/876/876
f 865/865/865 877/877/877 876/876/876
f 865/865/865 866/866/866 877/877/877
f 866/866/866 878/878/878 877/877/877
f 866/866/866 867/867/867 878/878/878
f 867/867/867 879/879/879 878/878/878
f 867/867/867 868/868/868 879/879/879
f 868/868/868 880/880/880 879/879/879
f 868/868/868 869/869/869 880/880/880
f 869/869/869 881/881/881 880/880/880
f 869/869/869 870/870/870 881/881/881
f 870/870/870 882/882/882 881/881/881
f 870/870/870 871/871/871 882/882/882
f 871/871/871 883/883/883 882/882/882
f 871/871/871 872/872/872 883/883/883
f 872/872/872 884/884/884 883/883/883
f 872/872/872 873/873/873 884/884/884
f 874/874/874 886/886/886 885/885/885
f 874/874/874 875/875/875 886/886/886
f 875/875/875 887/887/887 886/886/886
f 875/875/875 876/876/876 887/887/887
f 876/876/876 888/888/888 887/887/887
f 876/876/876 877/877/877 888/888/888
f 877/877/877 889/889/889 888/888/888
f 877/877/877 878/878/878 889/889/889
f 878/878/878 890/890/890 889/889/889
f 878/878/878 879/879/879 890/890/890
f 879/879/879 891/891/891 890/890/890
f 879/879/879 880/880/880 891/891/891
f 880/880/880 892/892/892 891/891/891
f 880/880/880 881/881/881 892/892/892
f 881/881/881 893/893/893 892/892/892
f 881/881/881 882/882/882 893/893/893
f 882/882/882 894/894/894 893/893/893
f 882/882/882 883/883/883 894/894/894
f 883/883/883 895/895/895 894/894/894
f 883/883/883 884/884/884 895/895/895
f 885/885/885 897/897/897 896/896/896
f 885/885/885 886/886/886 897/897/897
f 886/886/886 898/898/898 897/897/897
f 886/886/886 887/887/887 898/898/898
f 887/887/887 899/899/899 898/898/898
f 887/887/887 888/888/888 899/899/899
f 888/888/888 900/900/900 899/899/899
f 888/888/888 889/889/889 900/900/900
f 889/889/889 901/901/901 900/900/900
f 889/889/889 890/890/890 901/901/901
f 890/890/890 902/902/902 901/901/901
f 890/890/890 891/891/891 902/902/902
f 891/891/891 903/903/903 902/902/902
f 891/891/891 892/892/892 903/903/903
f 892/892/892 904/904/904 903/903/903
f 892/892/892 893/893/893 904/904/904
f 893/893/893 905/905/905 904/904/904
f 893/893/893 894/894/894 905/905/905
f 894/894/894 906/906/906 905/905/905
f 894/894/894 895/895/895 906/906/906
f 896/896/896 908/908/908 907/907/907
f 896/896/896 897/897/897 908/908/908
f 897/897/897 909/909/909 908/908/908
f 897/897/897 898/898/898 909/909/909
f 898/898/898 910/910/910 909/909/909
f 898/898/898 899/899/899 910/910/910
f 899/899/899 911/911/911 910/910/910
f 899/899/899 900/900/900 911/911/911
f 900/900/900 912/912/912 911/911/911
f 900/900/900 901/901/901 912/912/912
f 901/901/901 913/913/913 912/912/912
f 901/901/901 902/902/902 913/913/913
f 902/902/902 914/914/914 913/913/913
f 902/902/902 903/903/903 914/914/914
f 903/903/903 915/915/915 914/914/914
f 903/903/903 904/904/904 915/915/915
f 904/904/904 916/916/916 915/915/915
f 904/904/904 905/905/905 916/916/916
f 905/905/905 917/917/917 916/916/916
f 905/905/905 906/906/906 917/917/917
f 907/907/907 919/919/919 918/918/918
f 907/907/907 908/908/908 919/919/919
f 908/908/908 920/920/920 919/919/919
f 908/908/908 909/909/909 920/920/920
f 909/909/909 921/921/921 920/920/920
f 909/909/909 910/910/910 921/921/921
f 910/910/910 922/922/922 921/921/921
f 910/910/910 911/911/911 922/922/922
f 911/911/911 923/923/923 922/922/922
f 911/911/911 912/912/912 923/923/923
f 912/912/912 924/924/924 923/923/923
f 912/912/912 913/913/913 924/924/924
f 913/913/913 925/925/925 924/924/924
f 913/913/913 914/914/914 925/925/925
f 914/914/914 926/926/926 925/925/925
f 914/914/914 915/915/915 926/926/926
f 915/915/915 927/927/927 926/926/926
f 915/915/915 916/916/916 927/927/927
f 916/916/916 928/928/928 927/927/927
f 916/916/916 917/917/917 928/928/928
f 918/918/918 930/930/930 929/929/929
f 918/918/918 919/919/919 930/930/930
f 919/919/919 931/931/931 930/930/930
f 919/919/919 920/920/920 931/931/931
f 920/920/920 932/932/932 931/931/931
f 920/920/920 921/921/921 932/932/932
f 921/921/921 933/933/933 932/932/932
f 921/921/921 922/922/922 933/933/933
f 922/922/922 934/934/934 933/933/933
f 922/922/922 923/923/923 934/934/934
f 923/923/923 935/935/935 934/934/934
f 923/923/923 924/924/924 935/935/935
f 924/924/924 936/936/936 935/935/935
f 924/924/924 925/925/925 936/936/936
f 925/925/925 937/937/937 936/936/936
f 925/925/925 926/926/926 937/937/937
f 926/926/926 938/938/938 937/937/937
f 926/926/926 927/927/927 938/938/938
f 927/927/927 939/939/939 938/938/938
f 927/927/927 928/928/928 939/939/939
f 929/929/929 941/941/941 940/940/940
f 929/929/929 930/930/930 941/941/941
f 930/930/930 942/942/942 941/941/941
f 930/930/930 931/931/931 942/942/942
f 931/931/931 943/943/943 942/942/942
f 931/931/931 932/932/932 943/943/943
f 932/932/932 944/944/944 943/943/943
f 932/932/932 933/933/933 944/944/944
f 933/933/933 945/945/945 944/944/944
f 933/933/933 934/934/934 945/945/945
f 934/934/934 946/946/946 945/945/945
f 934/934/934 935/935/935 946/946/946
f 935/935/935 947/947/947 946/946/946
f 935/935/935 936/936/936 947/947/947
f 936/936/936 948/948/948 947/947/947
f 936/936/936 937/937/937 948/948/948
f 937/937/937 949/949/949 948/948/948
f 937/937/937 938/938/938 949/949/949
f 938/938/938 950/950/950 949/949/949
f 938/938/938 939/939/939 950/950/950
f 940/940/940 952/952/952 951/951/951
f 940/940/940 941/941/941 952/952/952
f 941/941/941 953/953/953 952/952/952
f 941/941/941 942/942/942 953/953/953
f 942/942/942 954/954/954 953/953/953
f 942/942/942 943/943/943 954/954/954
f 943/943/943 955/955/955 954/954/954
f 943/943/943 944/944/944 955/955/955
f 944/944/944 956/956/956 955/955/955
f 944/944/944 945/945/945 956/956/956
f 945/945/945 957/957/957 956/956/956
f 945/945/945 946/946/946 957/957/957
f 946/946/946 958/958/958 957/957/957
f 946/946/946 947/947/947 958/958/958
f 947/947/947 959/959/959 958/958/958
f 947/947/947 948/948/948 959/959/959
f 948/948/948 960/960/960 959/959/959
f 948/948/948 949/949/949 960/960/960
f 949/949/949 961/961/961 960/960/960
f 949/949/949 950/950/950 961/961/961
f 962/962/962 970/970/970 963/963/963
f 962/962/962 969/969/969 970/970/970
f 976/976/976 962/962/962 963/963/963
f 977/977/977 970/970/970 969/969/969
f 963/963/963 971/971/971 964/964/964
f 963/963/963 970/970/970 971/971/971
f 976/976/976 963/963/963 964/964/964
f 977/977/977 971/971/971 970/970/970
f 964/964/964 972/972/972 965/965/965
f 964/964/964 971/971/971 972/972/972
f 976/976/976 964/964/964 965/965/965
f 977/977/977 972/972/972 971/971/971
f 965/965/965 973/973/973 966/966/966
f 965/965/965 972/972/972 973/973/973
f 976/976/976 965/965/965 966/966/966
f 977/977/977 973/973/973 972/972/972
f 966/966/966 974/974/974 967/967/967
f 966/966/966 973/973/973 974/974/974
f 976/976/976 966/966/966 967/967/967
f 977/977/977 974/974/974 973/973/973
f 967/967/967 975/975/975 968/968/968
f 967/967/967 974/974/974 975/975/975
f 976/976/976 967/967/967 968/968/968
f 977/977/977 975/975/975 974/974/974
f 968/968/968 969/969/969 962/962/962
f 968/968/968 975/975/975 969/969/969
f 976/976/976 968/968/968 962/962/962
f 977/977/977 969/969/969 975/975/975
f 978/978/978 986/986/986 979/979/979
f 978/978/978 985/985/985 986/986/986
f 992/992/992 978/978/978 979/979/979
f 993/993/993 986/986/986 985/985/985
f 979/979/979 987/987/987 980/980/980
f 979/979/979 986/986/986 987/987/987
f 992/992/992 979/979/979 980/980/980
f 993/993/993 987/987/987 986/986/986
f 980/980/980 988/988/988 981/981/981
f 980/980/980 987/987/987 988/988/988
f 992/992/992 980/980/980 981/981/981
f 993/993/993 988/988/988 987/987/987
f 981/981/981 989/989/989 982/982/982
f 981/981/981 988/988/988 989/989/989
f 992/992/992 981/981/981 982/982/982
f 993/993/993 989/989/989 988/988/988
f 982/982/982 990/990/990 983/983/983
f 982/982/982 989/989/989 990/990/990
f 992/992/992 982/982/982 983/983/983
f 993/993/993 990/990/990 989/989/989
f 983/983/983 991/991/991 984/984/984
f 983/983/983 990/990/990 991/991/991
f 992/992/992 983/983/983 984/984/984
f 993/993/993 991/991/991 990/990/990
f 984/984/984 985/985/985 978/978/978
f 984/984/984 991/991/991 985/985/985
f 992/992/992 984/984/984 978/978/978
f 993/993/993 985/985/985 991/991/991
f 994/994/994 1006/1006/1006 1005/1005/1005
f 994/994/994 995/995/995 1006/1006/1006
f 995/995/995 1007/1007/1007 1006/1006/1006
f 995/995/995 996/996/996 1007/1007/1007
f 996/996/996 1008/1008/1008 1007/1007/1007
f 996/996/996 997/997/997 1008/1008/1008
f 997/997/997 1009/1009/1009 1008/1008/1008
f 997/997/997 998/998/998 1009/1009/1009
f 998/998/998 1010/1010/1010 1009/1009/1009
f 998/998/998 999/999/999 1010/1010/1010
f 999/999/999 1011/1011/1011 1010/1010/1010
f 999/999/999 1000/1000/1000 1011/1011/1011
f 1000/1000/1000 1012/1012/1012 1011/1011/1011
f 1000/1000/1000 1001/1001/1001 1012/1012/1012
f 1001/1001/1001 1013/1013/1013 1012/1012/1012
f 1001/1001/1001 1002/1002/1002 1013/1013/1013
f 1002/1002/1002 1014/1014/1014 1013/1013/1013
f 1002/1002/1002 1003/1003/1003 1014/1014/1014
f 1003/1003/1003 1015/1015/1015 1014/1014/1014
f 1003/1003/1003 1004/1004/1004 1015/1015/1015
f 1005/1005/1005 1017/1017/1017 1016/1016/1016
f 1005/1005/1005 1006/1006/1006 1017/1017/1017
f 1006/1006/1006 1018/1018/1018 1017/1017/1017
f 1006/1006/1006 1007/1007/1007 1018/1018/1018
f 1007/1007/1007 1019/1019/1019 1018/1018/1018
f 1007/1007/1007 1008/1008/1008 1019/1019/1019
f 1008/1008/1008 1020/1020/1020 1019/1019/1019
f 1008/1008/1008 1009/1009/1009 1020/1020/1020
f 1009/1009/1009 1021/1021/1021 1020/1020/1020
f 1009/1009/1009 1010/1010/1010 1021/1021/1021
f 1010/1010/1010 1022/1022/1022 1021/1021/1021
f 1010/1010/1010 1011/1011/1011 1022/1022/1022
f 1011/1011/1011 1023/1023/1023 1022/1022/1022
f 1011/1011/1011 1012/1012/1012 1023/1023/1023
f 1012/1012/1012 1024/1024/1024 1023/1023/1023
f 1012/1012/1012 1013/1013/1013 1024/1024/1024
f 1013/1013/1013 1025/1025/1025 1024/1024/1024
f 1013/1013/1013 1014/1014/1014 1025/1025/1025
f 1014/1014/1014 1026/1026/1026 1025/1025/1025
f 1014/1014/1014 1015/1015/1015 1026/1026/1026
f 1016/1016/1016 1028/1028/1028 1027/1027/1027
f 1016/1016/1016 1017/1017/1017 1028/1028/1028
f 1017/1017/1017 1029/1029/1029 1028/1028/1028
f 1017/1017/1017 1018/1018/1018 1029/1029/1029
f 1018/1018/1018 1030/1030/1030 1029/1029/1029
f 1018/1018/1018 1019/1019/1019 1030/1030/1030
f 1019/1019/1019 1031/1031/1031 1030/1030/1030
f 1019/1019/1019 1020/1020/1020 1031/1031/1031
f 1020/1020/1020 1032/1032/1032 1031/1031/1031
f 1020/1020/1020 1021/1021/1021 1032/1032/1032
f 1021/1021/1021 1033/1033/1033 1032/1032/1032
f 1021/1021/1021 1022/1022/1022 1033/1033/1033
f 1022/1022/1022 1034/1034/1034 1033/1033/1033
f 1022/1022/1022 1023/1023/1023 1034/1034/1034
f 1023/1023/1023 1035/1035/1035 1034/1034/1034
f 1023/1023/1023 1024/1024/1024 1035/1035/1035
f 1024/1024/1024 1036/1036/1036 1035/1035/1035
f 1024/1024/1024 1025/1025/1025 1036/1036/1036
f 1025/1025/1025 1037/1037/1037 1036/1036/1036
f 1025/1025/1025 1026/1026/1026 1037/1037/1037
f 1027/1027/1027 1039/1039/1039 1038/1038/1038
f 1027/1027/1027 1028/1028/1028 1039/1039/1039
f 1028/1028/1028 1040/1040/1040 1039/1039/1039
f 1028/1028/1028 1029/1029/1029 1040/1040/1040
f 1029/1029/1029 1041/1041/1041 1040/1040/1040
f 1029/1029/1029 1030/1030/1030 1041/1041/1041
f 1030/1030/1030 1042/1042/1042 1041/1041/1041
f 1030/1030/1030 1031/1031/1031 1042/1042/1042
f 1031/1031/1031 1043/1043/1043 1042/1042/1042
f 1031/1031/1031 1032/1032/1032 1043/1043/1043
f 1032/1032/1032 1044/1044/1044 1043/1043/1043
f 1032/1032/1032 1033/1033/1033 1044/1044/1044
f 1033/1033/1033 1045/1045/1045 1044/1044/1044
f 1033/1033/1033 1034/1034/1034 1045/1045/1045
f 1034/1034/1034 1046/1046/1046 1045/1045/1045
f 1034/1034/1034 1035/1035/1035 1046/1046/1046
f 1035/1035/1035 1047/1047/1047 1046/1046/1046
f 1035/1035/1035 1036/1036/1036 1047/1047/1047
f 1036/1036/1036 1048/1048/1048 1047/1047/1047
f 1036/1036/1036 1037/1037/1037 1048/1048/1048
f 1038/1038/1038 1050/1050/1050 1049/1049/1049
f 1038/1038/1038 1039/1039/1039 1050/1050/1050
f 1039/1039/1039 1051/1051/1051 1050/1050/1050
f 1039/1039/1039 1040/1040/1040 1051/1051/1051
f 1040/1040/1040 1052/1052/1052 1051/1051/1051
f 1040/1040/1040 1041/1041/1041 1052/1052/1052
f 1041/1041/1041 1053/1053/1053 1052/1052/1052
f 1041/1041/1041 1042/1042/1042 1053/1053/1053
f 1042/1042/1042 1054/1054/1054 1053/1053/1053
f 1042/1042/1042 1043/1043/1043 1054/1054/1054
f 1043/1043/1043 1055/1055/1055 1054/1054/1054
f 1043/1043/1043 1044/1044/1044 1055/1055/1055
f 1044/1044/1044 1056/1056/1056 1055/1055/1055
f 1044/1044/1044 1045/1045/1045 1056/1056/1056
f 1045/1045/1045 1057/1057/1057 1056/1056/1056
f 1045/1045/1045 1046/1046/1046 1057/1057/1057
f 1046/1046/1046 1058/1058/1058 1057/1057/1057
f 1046/1046/1046 1047/1047/1047 1058/1058/1058
f 1047/1047/1047 1059/1059/1059 1058/1058/1058
f 1047/1047/1047 1048/1048/1048 1059/1059/1059
f 1049/1049/1049 1061/1061/1061 1060/1060/1060
f 1049/1049/1049 1050/1050/1050 1061/1061/1061
f 1050/1050/1050 1062/1062/1062 1061/1061/1061
f 1050/1050/1050 1051/1051/1051 1062/1062/1062
f 1051/1051/1051 1063/1063/1063 1062/1062/1062
f 1051/1051/1051 1052/1052/1052 1063/1063/1063
f 1052/1052/1052 1064/1064/1064 1063/1063/1063
f 1052/1052/1052 1053/1053/1053 1064/1064/1064
f 1053/1053/1053 1065/1065/1065 1064/1064/1064
f 1053/1053/1053 1054/1054/1054 1065/1065/1065
f 1054/1054/1054 1066/1066/1066 1065/1065/1065
f 1054/1054/1054 1055/1055/1055 1066/1066/1066
f 1055/1055/1055 1067/1067/1067 1066/1066/1066
f 1055/1055/1055 1056/1056/1056 1067/1067/1067
f 1056/1056/1056 1068/1068/1068 1067/1067/1067
f 1056/1056/1056 1057/1057/1057 1068/1068/1068
f 1057/1057/1057 1069/1069/1069 1068/1068/1068
f 1057/1057/1057 1058/1058/1058 1069/1069/1069
f 1058/1058/1058 1070/1070/1070 1069/1069/1069
f 1058/1058/1058 1059/1059/1059 1070/1070/1070
f 1060/1060/1060 1072/1072/1072 1071/1071/1071
f 1060/1060/1060 1061/1061/1061 1072/1072/1072
f 1061/1061/1061 1073/1073/1073 1072/1072/1072
f 1061/1061/1061 1062/1062/1062 1073/1073/1073
f 1062/1062/1062 1074/1074/1074 1073/1073/1073
f 1062/1062/1062 1063/1063/1063 1074/1074/1074
f 1063/1063/1063 1075/1075/1075 1074/1074/1074
f 1063/1063/1063 1064/1064/1064 1075/1075/1075
f 1064/1064/1064 1076/1076/1076 1075/1075/1075
f 1064/1064/1064 1065/1065/1065 1076/1076/1076
f 1065/1065/1065 1077/1077/1077 1076/1076/1076
f 1065/1065/1065 1066/1066/1066 1077/1077/1077
f 1066/1066/1066 1078/1078/1078 1077/1077/1077
f 1066/1066/1066 1067/1067/1067 1078/1078/1078
f 1067/1067/1067 1079/1079/1079 1078/1078/1078
f 1067/1067/1067 1068/1068/1068 1079/1079/1079
f 1068/1068/1068 1080/1080/1080 1079/1079/1079
f 1068/1068/1068 1069/1069/1069 1080/1080/1080
f 1069/1069/1069 1081/1081/1081 1080/1080/1080
f 1069/1069/1069 1070/1070/1070 1081/1081/1081
f 1071/1071/1071 1083/1083/1083 1082/1082/1082
f 1071/1071/1071 1072/1072/1072 1083/1083/1083
f 1072/1072/1072 1084/1084/1084 1083/1083/1083
f 1072/1072/1072 1073/1073/1073 1084/1084/1084
f 1073/1073/1073 1085/1085/1085 1084/1084/1084
f 1073/1073/1073 1074/1074/1074 1085/1085/1085
f 1074/1074/1074 1086/1086/1086 1085/1085/1085
f 1074/1074/1074 1075/1075/1075 1086/1086/1086
f 1075/1075/1075 1087/1087/1087 1086/1086/1086
f 1075/1075/1075 1076/1076/1076 1087/1087/1087
f 1076/1076/1076 1088/1088/1088 1087/1087/1087
f 1076/1076/1076 1077/1077/1077 1088/1088/1088
f 1077/1077/1077 1089/1089/1089 1088/1088/1088
f 1077/1077/1077 1078/1078/1078 1089/1089/1089
f 1078/1078/1078 1090/1090/1090 1089/1089/1089
f 1078/1078/1078 1079/1079/1079 1090/1090/1090
f 1079/1079/1079 1091/1091/1091 1090/1090/1090
f 1079/1079/1079 1080/1080/1080 1091/1091/1091
f 1080/1080/1080 1092/1092/1092 1091/1091/1091
f 1080/1080/1080 1081/1081/1081 1092/1092/1092
f 1093/1093/1093 1105/1105/1105 1104/1104/1104
f 1093/1093/1093 1094/1094/1094 1105/1105/1105
f 1094/1094/1094 1106/1106/1106 1105/1105/1105
f 1094/1094/1094 1095/1095/1095 1106/1106/1106
f 1095/1095/1095 1107/1107/1107 1106/1106/1106
f 1095/1095/1095 1096/1096/1096 1107/1107/1107
f 1096/1096/1096 1108/1108/1108 1107/1107/1107
f 1096/1096/1096 1097/1097/1097 1108/1108/1108
f 1097/1097/1097 1109/1109/1109 1108/1108/1108
f 1097/1097/1097 1098/1098/1098 1109/1109/1109
f 1098/1098/1098 1110/1110/1110 1109/1109/1109
f 1098/1098/1098 1099/1099/1099 1110/1110/1110
f 1099/1099/1099 1111/1111/1111 1110/1110/1110
f 1099/1099/1099 1100/1100/1100 1111/1111/1111
f 1100/1100/1100 1112/1112/1112 1111/1111/1111
f 1100/1100/1100 1101/1101/1101 1112/1112/1112
f 1101/1101/1101 1113/1113/1113 1112/1112/1112
f 1101/1101/1101 1102/1102/1102 1113/1113/1113
f 1102/1102/1102 1114/1114/1114 1113/1113/1113
f 1102/1102/1102 1103/1103/1103 1114/1114/1114
f 1104/1104/1104 1116/1116/1116 1115/1115/1115
f 1104/1104/1104 1105/1105/1105 1116/1116/1116
f 1105/1105/1105 1117/1117/1117 1116/1116/1116
f 1105/1105/1105 1106/1106/1106 1117/1117/1117
f 1106/1106/1106 1118/1118/1118 1117/1117/1117
f 1106/1106/1106 1107/1107/1107 1118/1118/1118
f 1107/1107/1107 1119/1119/1119 1118/1118/1118
f 1107/1107/1107 1108/1108/1108 1119/1119/1119
f 1108/1108/1108 1120/1120/1120 1119/1119/1119
f 1108/1108/1108 1109/1109/1109 1120/1120/1120
f 1109/1109/1109 1121/1121/1121 1120/1120/1120
f 1109/1109/1109 1110/1110/1110 1121/1121/1121
f 1110/1110/1110 1122/1122/1122 1121/1121/1121
f 1110/1110/1110 1111/1111/1111 1122/1122/1122
f 1111/1111/1111 1123/1123/1123 1122/1122/1122
f 1111/1111/1111 1112/1112/1112 1123/1123/1123
f 1112/1112/1112 1124/1124/1124 1123/1123/1123
f 1112/1112/1112 1113/1113/1113 1124/1124/1124
f 1113/1113/1113 1125/1125/1125 1124/1124/1124
f 1113/1113/1113 1114/1114/1114 1125/1125/1125
f 1115/1115/1115 1127/1127/1127 1126/1126/1126
f 1115/1115/1115 1116/1116/1116 1127/1127/1127
f 1116/1116/1116 1128/1128/1128 1127/1127/1127
f 1116/1116/1116 1117/1117/1117 1128/1128/1128
f 1117/1117/1117 1129/1129/1129 1128/1128/1128
f 1117/1117/1117 1118/1118/1118 1129/1129/1129
f 1118/1118/1118 1130/1130/1130 1129/1129/1129
f 1118/1118/1118 1119/1119/1119 1130/1130/1130
f 1119/1119/1119 1131/1131/1131 1130/1130/1130
f 1119/1119/1119 1120/1120/1120 1131/1131/1131
f 1120/1120/1120 1132/1132/1132 1131/1131/1131
f 1120/1120/1120 1121/1121/1121 1132/1132/1132
f 1121/1121/1121 1133/1133/1133 1132/1132/1132
f 1121/1121/1121 1122/1122/1122 1133/1133/1133
f 1122/1122/1122 1134/1134/1134 1133/1133/1133
f 1122/1122/1122 1123/1123/1123 1134/1134/1134
f 1123/1123/1123 1135/1135/1135 1134/1134/1134
f 1123/1123/1123 1124/1124/1124 1135/1135/1135
f 1124/1124/1124 1136/1136/1136 1135/1135/1135
f 1124/1124/1124 1125/1125/1125 1136/1136/1136
f 1126/1126/1126 1138/1138/1138 1137/1137/1137
f 1126/1126/1126 1127/1127/1127 1138/1138/1138
f 1127/1127/1127 1139/1139/1139 1138/1138/1138
f 1127/1127/1127 1128/1128/1128 1139/1139/1139
f 1128/1128/1128 1140/1140/1140 1139/1139/1139
f 1128/1128/1128 1129/1129/1129 1140/1140/1140
f 1129/1129/1129 1141/1141/1141 1140/1140/1140
f 1129/1129/1129 1130/1130/1130 1141/1141/1141
f 1130/1130/1130 1142/1142/1142 1141/1141/1141
f 1130/1130/1130 1131/1131/1131 1142/1142/1142
f 1131/1131/1131 1143/1143/1143 1142/1142/1142
f 1131/1131/1131 1132/1132/1132 1143/1143/1143
f 1132/1132/1132 1144/1144/1144 1143/1143/1143
f 1132/1132/1132 1133/1133/1133 1144/1144/1144
f 1133/1133/1133 1145/1145/1145 1144/1144/1144
f 1133/1133/1133 1134/1134/1134 1145/1145/1145
f 1134/1134/1134 1146/1146/1146 1145/1145/1145
f 1134/1134/1134 1135/1135/1135 1146/1146/1146
f 1135/1135/1135 1147/1147/1147 1146/1146/1146
f 1135/1135/1135 1136/1136/1136 1147/1147/1147
f 1137/1137/1137 1149/1149/1149 1148/1148/1148
f 1137/1137/1137 1138/1138/1138 1149/1149/1149
f 1138/1138/1138 1150/1150/1150 1149/1149/1149
f 1138/1138/1138 1139/1139/1139 1150/1150/1150
f 1139/1139/1139 1151/1151/1151 1150/1150/1150
f 1139/1139/1139 1140/1140/1140 1151/1151/1151
f 1140/1140/1140 1152/1152/1152 1151/1151/1151
f 1140/1140/1140 1141/1141/1141 1152/1152/1152
f 1141/1141/1141 1153/1153/1153 1152/1152/1152
f 1141/1141/1141 1142/1142/1142 1153/1153/1153
f 1142/1142/1142 1154/1154/1154 1153/1153/1153
f 1142/1142/1142 1143/1143/1143 1154/1154/1154
f 1143/1143/1143 1155/1155/1155 1154/1154/1154
f 1143/1143/1143 1144/1144/1144 1155/1155/1155
f 1144/1144/1144 1156/1156/1156 1155/1155/1155
f 1144/1144/1144 1145/1145/1145 1156/1156/1156
f 1145/1145/1145 1157/1157/1157 1156/1156/1156
f 1145/1145/1145 1146/1146/1146 1157/1157/1157
f 1146/1146/1146 1158/1158/1158 1157/1157/1157
f 1146/1146/1146 1147/1147/1147 1158/1158/1158
f 1148/1148/1148 1160/1160/1160 1159/1159/1159
f 1148/1148/1148 1149/1149/1149 1160/1160/1160
f 1149/1149/1149 1161/1161/1161 1160/1160/1160
f 1149/1149/1149 1150/1150/1150 1161/1161/1161
f 1150/1150/1150 1162/1162/1162 1161/1161/1161
f 1150/1150/1150 1151/1151/1151 1162/1162/1162
f 1151/1151/1151 1163/1163/1163 1162/1162/1162
f 1151/1151/1151 1152/1152/1152 1163/1163/1163
f 1152/1152/1152 1164/1164/1164 1163/1163/1163
f 1152/1152/1152 1153/1153/1153 1164/1164/1164
f 1153/1153/1153 1165/1165/1165 1164/1164/1164
f 1153/1153/1153 1154/1154/1154 1165/1165/1165
f 1154/1154/1154 1166/1166/1166 1165/1165/1165
f 1154/1154/1154 1155/1155/1155 1166/1166/1166
f 1155/1155/1155 1167/1167/1167 1166/1166/1166
f 1155/1155/1155 1156/1156/1156 1167/1167/1167
f 1156/1156/1156 1168/1168/1168 1167/1167/1167
f 1156/1156/1156 1157/1157/1157 1168/1168/1168
f 1157/1157/1157 1169/1169/1169 1168/1168/1168
f 1157/1157/1157 1158/1158/1158 1169/1169/1169
f 1159/1159/1159 1171/1171/1171 1170/1170/1170
f 1159/1159/1159 1160/1160/1160 1171/1171/1171
f 1160/1160/1160 1172/1172/1172 1171/1171/1171
f 1160/1160/1160 1161/1161/1161 1172/1172/1172
f 1161/1161/1161 1173/1173/1173 1172/1172/1172
f 1161/1161/1161 1162/1162/1162 1173/1173/1173
f 1162/1162/1162 1174/1174/1174 1173/1173/1173
f 1162/1162/1162 1163/1163/1163 1174/1174/1174
f 1163/1163/1163 1175/1175/1175 1174/1174/1174
f 1163/1163/1163 1164/1164/1164 1175/1175/1175
f 1164/1164/1164 1176/1176/1176 1175/1175/1175
f 1164/1164/1164 1165/1165/1165 1176/1176/1176
f 1165/1165/1165 1177/1177/1177 1176/1176/1176
f 1165/1165/1165 1166/1166/1166 1177/1177/1177
f 1166/1166/1166 1178/1178/1178 1177/1177/1177
f 1166/1166/1166 1167/1167/1167 1178/1178/1178
f 1167/1167/1167 1179/1179/1179 1178/1178/1178
f 1167/1167/1167 1168/1168/1168 1179/1179/1179
f 1168/1168/1168 1180/1180/1180 1179/1179/1179
f 1168/1168/1168 1169/1169/1169 1180/1180/1180
f 1170/1170/1170 1182/1182/1182 1181/1181/1181
f 1170/1170/1170 1171/1171/1171 1182/1182/1182
f 1171/1171/1171 1183/1183/1183 1182/1182/1182
f 1171/1171/1171 1172/1172/1172 1183/1183/1183
f 1172/1172/1172 1184/1184/1184 1183/1183/1183
f 1172/1172/1172 1173/1173/1173 1184/1184/1184
f 1173/1173/1173 1185/1185/1185 1184/1184/1184
f 1173/1173/1173 1174/1174/1174 1185/1185/1185
f 1174/1174/1174 1186/1186/1186 1185/1185/1185
f 1174/1174/1174 1175/1175/1175 1186/1186/1186
f 1175/1175/1175 1187/1187/1187 1186/1186/1186
f 1175/1175/1175 1176/1176/1176 1187/1187/1187
f 1176/1176/1176 1188/1188/1188 1187/1187/1187
f 1176/1176/1176 1177/1177/1177 1188/1188/1188
f 1177/1177/1177 1189/1189/1189 1188/1188/1188
f 1177/1177/1177 1178/1178/1178 1189/1189/1189
f 1178/1178/1178 1190/1190/1190 1189/1189/1189
f 1178/1178/1178 1179/1179/1179 1190/1190/1190
f 1179/1179/1179 1191/1191/1191 1190/1190/1190
f 1179/1179/1179 1180/1180/1180 1191/1191/1191