# 3D Model: tree/sp_cypress/tree_sp_cypress_ov_4b111732-01e7-4037-bfb5-1bed4585568a (v6 Gemini)
# Style: cypress narrow tiered crown | Symmetry: asymmetric
# Dimensions: 4.641 x 8.35 x 4.239 m
# Triangles: 8274 | Vertices: 4806
v 0.72 0 0
v 0.5825 0 0.4232
v 0.2225 0 0.6848
v -0.2225 0 0.6848
v -0.5825 0 0.4232
v -0.72 0 0
v -0.5825 0 -0.4232
v -0.2225 0 -0.6848
v 0.2225 0 -0.6848
v 0.5825 0 -0.4232
v 0.28 6.009 0
v 0.2265 6.009 0.1646
v 0.0865 6.009 0.2663
v -0.0865 6.009 0.2663
v -0.2265 6.009 0.1646
v -0.28 6.009 0
v -0.2265 6.009 -0.1646
v -0.0865 6.009 -0.2663
v 0.0865 6.009 -0.2663
v 0.2265 6.009 -0.1646
v 0 0 0
v 0 6.009 0
v 0.28 6.009 0
v 0.198 6.009 0.198
v 0 6.009 0.28
v -0.198 6.009 0.198
v -0.28 6.009 0
v -0.198 6.009 -0.198
v 0 6.009 -0.28
v 0.198 6.009 -0.198
v 0.126 8.3459 0
v 0.0891 8.3459 0.0891
v 0 8.3459 0.126
v -0.0891 8.3459 0.0891
v -0.126 8.3459 0
v -0.0891 8.3459 -0.0891
v 0 8.3459 -0.126
v 0.0891 8.3459 -0.0891
v 0 6.009 0
v 0 8.3459 0
v 0.72 0 0
v 0.5825 0 0.4232
v 0.2225 0 0.6848
v -0.2225 0 0.6848
v -0.5825 0 0.4232
v -0.72 0 0
v -0.5825 0 -0.4232
v -0.2225 0 -0.6848
v 0.2225 0 -0.6848
v 0.5825 0 -0.4232
v 0.5184 0.48 0
v 0.4194 0.48 0.3047
v 0.1602 0.48 0.493
v -0.1602 0.48 0.493
v -0.4194 0.48 0.3047
v -0.5184 0.48 0
v -0.4194 0.48 -0.3047
v -0.1602 0.48 -0.493
v 0.1602 0.48 -0.493
v 0.4194 0.48 -0.3047
v 0 0 0
v 0 0.48 0
v -0.004 1.9195 -0.0696
v 0.0054 1.8657 -0.0438
v 0.0108 1.8523 0.0149
v 0.008 1.8896 0.0624
v -0.0008 1.9495 0.0629
v -0.009 1.9867 0.016
v -0.0104 1.9734 -0.0429
v 1.545 2.1484 -0.1395
v 1.5518 2.1096 -0.121
v 1.5556 2.1 -0.0787
v 1.5536 2.1269 -0.0445
v 1.5473 2.1699 -0.0441
v 1.5414 2.1968 -0.0778
v 1.5403 2.1872 -0.1203
v 0 1.9195 0
v 1.5479 2.1484 -0.0894
v 1.5595 2.2699 -0.0684
v 1.5595 2.2699 -0.0684
v 1.5595 2.2699 -0.0684
v 1.5595 2.2699 -0.0684
v 1.5595 2.2699 -0.0684
v 1.5595 2.2699 -0.0684
v 1.5595 2.2699 -0.0684
v 1.5595 2.2699 -0.0684
v 1.5595 2.2699 -0.0684
v 1.5595 2.2699 -0.0684
v 1.5595 2.2699 -0.0684
v 1.7463 2.2561 -0.0557
v 1.7057 2.2533 0.0091
v 1.6091 2.2545 0.0441
v 1.4935 2.2593 0.036
v 1.403 2.2657 -0.0122
v 1.3722 2.2715 -0.082
v 1.4128 2.2742 -0.1468
v 1.5094 2.273 -0.1818
v 1.625 2.2683 -0.1737
v 1.7155 2.2618 -0.1255
v 1.7463 2.2561 -0.0557
v 1.9255 2.2306 -0.0442
v 1.8458 2.2251 0.0829
v 1.6564 2.2275 0.1516
v 1.4296 2.2368 0.1356
v 1.2521 2.2495 0.041
v 1.1916 2.2607 -0.0959
v 1.2714 2.2662 -0.223
v 1.4608 2.2638 -0.2916
v 1.6876 2.2545 -0.2757
v 1.8651 2.2418 -0.1811
v 1.9255 2.2306 -0.0442
v 2.0902 2.1943 -0.0344
v 1.9745 2.1864 0.1501
v 1.6995 2.1899 0.2497
v 1.3702 2.2034 0.2265
v 1.1125 2.2218 0.0893
v 1.0248 2.2381 -0.1095
v 1.1405 2.246 -0.294
v 1.4156 2.2425 -0.3937
v 1.7448 2.229 -0.3705
v 2.0025 2.2106 -0.2333
v 2.0902 2.1943 -0.0344
v 2.2341 2.1487 -0.0268
v 2.0868 2.1386 0.208
v 1.7367 2.143 0.3349
v 1.3177 2.1603 0.3053
v 0.9897 2.1837 0.1307
v 0.878 2.2044 -0.1224
v 1.0254 2.2145 -0.3572
v 1.3754 2.2101 -0.4841
v 1.7944 2.1929 -0.4545
v 2.1224 2.1694 -0.2798
v 2.2341 2.1487 -0.0268
v 2.3516 2.0955 -0.0216
v 2.1783 2.0837 0.2546
v 1.7667 2.0889 0.4037
v 1.274 2.1091 0.369
v 0.8883 2.1367 0.1636
v 0.757 2.161 -0.134
v 0.9303 2.1729 -0.4101
v 1.3419 2.1677 -0.5592
v 1.8346 2.1474 -0.5245
v 2.2203 2.1199 -0.3191
v 2.3516 2.0955 -0.0216
v 2.4382 2.0368 -0.0189
v 2.2457 2.0236 0.2879
v 1.7884 2.0294 0.4536
v 1.2409 2.0519 0.415
v 0.8123 2.0825 0.1868
v 0.6664 2.1095 -0.1438
v 0.8589 2.1227 -0.4506
v 1.3162 2.1169 -0.6164
v 1.8637 2.0945 -0.5778
v 2.2923 2.0638 -0.3496
v 2.4382 2.0368 -0.0189
v 2.4906 1.9748 -0.019
v 2.2862 1.9608 0.3067
v 1.8007 1.9669 0.4826
v 1.2195 1.9908 0.4417
v 0.7646 2.0233 0.1994
v 0.6097 2.052 -0.1516
v 0.814 2.066 -0.4773
v 1.2995 2.0599 -0.6533
v 1.8807 2.036 -0.6123
v 2.3357 2.0035 -0.37
v 2.4906 1.9748 -0.019
v 2.5067 1.9118 -0.0218
v 2.2984 1.8976 0.3103
v 1.8034 1.9038 0.4897
v 1.2107 1.9281 0.4479
v 0.7469 1.9613 0.2009
v 0.589 1.9906 -0.157
v 0.7973 2.0048 -0.4891
v 1.2923 1.9986 -0.6685
v 1.885 1.9743 -0.6267
v 2.3488 1.9411 -0.3797
v 2.5067 1.9118 -0.0218
v 1.5479 1.9512 -0.0894
v 1.4735 2.1081 -0.1638
v 1.4735 2.1081 -0.0151
v 1.4735 2.2567 -0.1638
v 1.4735 2.2567 -0.0151
v 1.6222 2.1081 -0.1638
v 1.6222 2.1081 -0.0151
v 1.6222 2.2567 -0.1638
v 1.6222 2.2567 -0.0151
v 1.5479 2.1364 -0.2097
v 1.5479 2.1364 0.0309
v 1.5479 2.2284 -0.2097
v 1.5479 2.2284 0.0309
v 1.5019 2.0621 -0.0894
v 1.5019 2.3027 -0.0894
v 1.5938 2.0621 -0.0894
v 1.5938 2.3027 -0.0894
v 1.4276 2.1824 -0.1354
v 1.4276 2.1824 -0.0435
v 1.6682 2.1824 -0.1354
v 1.6682 2.1824 -0.0435
v 0.0555 1.9195 -0.0292
v 0.0399 1.8719 -0.0082
v -0.0058 1.8601 0.019
v -0.0471 1.8931 0.0318
v -0.0529 1.946 0.0207
v -0.0189 1.979 -0.006
v 0.0293 1.9672 -0.0282
v 0.6539 2.2324 1.1476
v 0.6426 2.1981 1.1627
v 0.6098 2.1896 1.1822
v 0.58 2.2133 1.1915
v 0.5758 2.2514 1.1835
v 0.6003 2.2752 1.1642
v 0.6351 2.2667 1.1483
v 0 1.9195 0
v 0.6139 2.2324 1.1686
v 0.639 2.3537 1.1755
v 0.639 2.3537 1.1755
v 0.639 2.3537 1.1755
v 0.639 2.3537 1.1755
v 0.639 2.3537 1.1755
v 0.639 2.3537 1.1755
v 0.639 2.3537 1.1755
v 0.639 2.3537 1.1755
v 0.639 2.3537 1.1755
v 0.639 2.3537 1.1755
v 0.639 2.3537 1.1755
v 0.7127 2.3456 1.003
v 0.7604 2.3405 1.0627
v 0.7615 2.3382 1.1654
v 0.7157 2.3394 1.2719
v 0.6403 2.3438 1.3416
v 0.5643 2.3497 1.3478
v 0.5166 2.3547 1.2881
v 0.5154 2.3571 1.1854
v 0.5613 2.3558 1.0789
v 0.6367 2.3514 1.0092
v 0.7127 2.3456 1.003
v 0.7827 2.3254 0.8369
v 0.8762 2.3155 0.9539
v 0.8784 2.3109 1.1553
v 0.7885 2.3134 1.3643
v 0.6406 2.3221 1.5009
v 0.4915 2.3335 1.5131
v 0.3979 2.3434 1.3961
v 0.3957 2.348 1.1947
v 0.4857 2.3455 0.9857
v 0.6335 2.3369 0.8491
v 0.7827 2.3254 0.8369
v 0.8461 2.2942 0.6835
v 0.982 2.2798 0.8533
v 0.9852 2.2731 1.1457
v 0.8545 2.2768 1.4491
v 0.6399 2.2893 1.6475
v 0.4234 2.3059 1.6652
v 0.2875 2.3203 1.4954
v 0.2843 2.327 1.203
v 0.415 2.3233 0.8996
v 0.6296 2.3108 0.7012
v 0.8461 2.2942 0.6835
v 0.9007 2.253 0.5487
v 1.0736 2.2346 0.7649
v 1.0776 2.2262 1.1371
v 0.9114 2.2308 1.5232
v 0.6382 2.2467 1.7757
v 0.3626 2.2679 1.7982
v 0.1897 2.2862 1.5821
v 0.1856 2.2947 1.2099
v 0.3519 2.2901 0.8238
v 0.625 2.2741 0.5712
v 0.9007 2.253 0.5487
v 0.9442 2.2034 0.4378
v 1.1475 2.1818 0.6919
v 1.1523 2.1719 1.1296
v 0.9568 2.1773 1.5836
v 0.6356 2.196 1.8806
v 0.3115 2.2209 1.9071
v 0.1082 2.2425 1.6529
v 0.1034 2.2525 1.2152
v 0.2989 2.247 0.7612
v 0.6201 2.2283 0.4643
v 0.9442 2.2034 0.4378
v 0.975 2.1473 0.3549
v 1.2009 2.1234 0.6373
v 1.2063 2.1123 1.1237
v 0.989 2.1184 1.6281
v 0.6321 2.1392 1.9581
v 0.272 2.1669 1.9875
v 0.0461 2.1908 1.7051
v 0.0408 2.2019 1.2188
v 0.258 2.1958 0.7143
v 0.6149 2.175 0.3843
v 0.975 2.1473 0.3549
v 0.992 2.087 0.3034
v 1.2318 2.0616 0.6031
v 1.2375 2.0498 1.1194
v 1.0068 2.0562 1.655
v 0.628 2.0783 2.0053
v 0.2456 2.1077 2.0365
v 0.0058 2.1331 1.7367
v 0.0002 2.1449 1.2204
v 0.2308 2.1385 0.6849
v 0.6097 2.1164 0.3346
v 0.992 2.087 0.3034
v 0.9944 2.0246 0.285
v 1.2389 1.9987 0.5907
v 1.2447 1.9867 1.1171
v 1.0095 1.9933 1.6631
v 0.6233 2.0158 2.0203
v 0.2334 2.0458 2.0521
v -0.0111 2.0717 1.7464
v -0.0168 2.0837 1.22
v 0.2183 2.0771 0.674
v 0.6046 2.0546 0.3168
v 0.9944 2.0246 0.285
v 0.6139 2.0352 1.1686
v 0.5396 2.192 1.0942
v 0.5396 2.192 1.2429
v 0.5396 2.3407 1.0942
v 0.5396 2.3407 1.2429
v 0.6883 2.192 1.0942
v 0.6883 2.192 1.2429
v 0.6883 2.3407 1.0942
v 0.6883 2.3407 1.2429
v 0.6139 2.2204 1.0483
v 0.6139 2.2204 1.2889
v 0.6139 2.3123 1.0483
v 0.6139 2.3123 1.2889
v 0.568 2.1461 1.1686
v 0.568 2.3867 1.1686
v 0.6599 2.1461 1.1686
v 0.6599 2.3867 1.1686
v 0.4936 2.2664 1.1226
v 0.4936 2.2664 1.2145
v 0.7342 2.2664 1.1226
v 0.7342 2.2664 1.2145
v 0.0344 1.9195 0.0493
v 0.0136 1.8735 0.0363
v -0.0175 1.8621 -0.0041
v -0.0354 1.894 -0.0414
v -0.0267 1.9451 -0.0475
v 0.0022 1.977 -0.0178
v 0.0294 1.9656 0.0253
v -1.1567 2.2201 0.8604
v -1.1717 2.187 0.8509
v -1.1941 2.1788 0.8219
v -1.207 2.2017 0.795
v -1.2007 2.2385 0.7906
v -1.1799 2.2615 0.812
v -1.1603 2.2533 0.843
v 0 1.9195 0
v -1.1815 2.2201 0.8248
v -1.1359 2.3385 0.8031
v -1.1359 2.3385 0.8031
v -1.1359 2.3385 0.8031
v -1.1359 2.3385 0.8031
v -1.1359 2.3385 0.8031
v -1.1359 2.3385 0.8031
v -1.1359 2.3385 0.8031
v -1.1359 2.3385 0.8031
v -1.1359 2.3385 0.8031
v -1.1359 2.3385 0.8031
v -1.1359 2.3385 0.8031
v -1.2791 2.3446 0.6819
v -1.209 2.3326 0.6538
v -1.1112 2.3204 0.683
v -1.0232 2.3129 0.7581
v -0.9786 2.3128 0.8507
v -0.9944 2.3202 0.9252
v -1.0645 2.3323 0.9532
v -1.1623 2.3444 0.9241
v -1.2503 2.352 0.8489
v -1.2949 2.3521 0.7564
v -1.2791 2.3446 0.6819
v -1.4186 2.3384 0.5661
v -1.281 2.3147 0.5111
v -1.0892 2.2909 0.5683
v -0.9166 2.2762 0.7158
v -0.8291 2.276 0.8973
v -0.86 2.2906 1.0434
v -0.9977 2.3142 1.0984
v -1.1895 2.338 1.0413
v -1.3621 2.3528 0.8938
v -1.4496 2.353 0.7123
v -1.4186 2.3384 0.5661
v -1.549 2.3201 0.4603
v -1.3492 2.2857 0.3804
v -1.0708 2.2512 0.4634
v -0.8202 2.2297 0.6776
v -0.6931 2.2295 0.9411
v -0.7381 2.2506 1.1533
v -0.9379 2.285 1.2331
v -1.2163 2.3195 1.1501
v -1.4669 2.341 0.936
v -1.594 2.3412 0.6725
v -1.549 2.3201 0.4603
v -1.6653 2.2903 0.3685
v -1.411 2.2465 0.2668
v -1.0566 2.2026 0.3725
v -0.7377 2.1753 0.645
v -0.5759 2.175 0.9804
v -0.6331 2.2019 1.2505
v -0.8875 2.2456 1.3521
v -1.2418 2.2896 1.2465
v -1.5608 2.3169 0.9739
v -1.7225 2.3172 0.6386
v -1.6653 2.2903 0.3685
v -1.763 2.2502 0.2942
v -1.4639 2.1988 0.1747
v -1.0473 2.1471 0.2989
v -0.6722 2.115 0.6194
v -0.482 2.1147 1.0137
v -0.5493 2.1463 1.3313
v -0.8484 2.1977 1.4508
v -1.265 2.2494 1.3266
v -1.6401 2.2815 1.0061
v -1.8303 2.2818 0.6118
v -1.763 2.2502 0.2942
v -1.8383 2.2015 0.2403
v -1.506 2.1443 0.1075
v -1.043 2.0869 0.2456
v -0.6263 2.0512 0.6017
v -0.415 2.0508 1.0398
v -0.4897 2.0859 1.3927
v -0.8221 2.1431 1.5255
v -1.285 2.2005 1.3875
v -1.7017 2.2362 1.0314
v -1.9131 2.2366 0.5932
v -1.8383 2.2015 0.2403
v -1.8884 2.1458 0.2089
v -1.5356 2.0851 0.068
v -1.0441 2.0242 0.2145
v -0.6017 1.9863 0.5925
v -0.3774 1.9859 1.0577
v -0.4568 2.0232 1.4323
v -0.8096 2.0839 1.5732
v -1.301 2.1448 1.4267
v -1.7434 2.1827 1.0487
v -1.9678 2.1831 0.5835
v -1.8884 2.1458 0.2089
v -1.9113 2.0855 0.2012
v -1.5516 2.0236 0.0574
v -1.0505 1.9614 0.2068
v -0.5995 1.9228 0.5923
v -0.3707 1.9224 1.0665
v -0.4516 1.9604 1.4485
v -0.8113 2.0223 1.5922
v -1.3124 2.0844 1.4428
v -1.7635 2.1231 1.0574
v -1.9923 2.1235 0.5831
v -1.9113 2.0855 0.2012
v -1.1815 2.0229 0.8248
v -1.2558 2.1798 0.7505
v -1.2558 2.1798 0.8992
v -1.2558 2.3285 0.7505
v -1.2558 2.3285 0.8992
v -1.1071 2.1798 0.7505
v -1.1071 2.1798 0.8992
v -1.1071 2.3285 0.7505
v -1.1071 2.3285 0.8992
v -1.1815 2.2082 0.7045
v -1.1815 2.2082 0.9451
v -1.1815 2.3001 0.7045
v -1.1815 2.3001 0.9451
v -1.2274 2.1338 0.8248
v -1.2274 2.3744 0.8248
v -1.1355 2.1338 0.8248
v -1.1355 2.3744 0.8248
v -1.3018 2.2541 0.7789
v -1.3018 2.2541 0.8708
v -1.0612 2.2541 0.7789
v -1.0612 2.2541 0.8708
v -0.0394 1.9195 0.0727
v -0.0319 1.8554 0.0414
v -0.0004 1.8396 -0.0211
v 0.0314 1.884 -0.0677
v 0.0395 1.9551 -0.0633
v 0.0179 1.9995 -0.0112
v -0.0172 1.9837 0.0493
v -1.3233 2.1106 -0.6487
v -1.3179 2.0644 -0.6712
v -1.2952 2.053 -0.7162
v -1.2723 2.085 -0.7498
v -1.2665 2.1362 -0.7466
v -1.2821 2.1681 -0.7091
v -1.3073 2.1567 -0.6655
v 0 1.9195 0
v -1.2949 2.1106 -0.701
v -1.279 2.2324 -0.6909
v -1.279 2.2324 -0.6909
v -1.279 2.2324 -0.6909
v -1.279 2.2324 -0.6909
v -1.279 2.2324 -0.6909
v -1.279 2.2324 -0.6909
v -1.279 2.2324 -0.6909
v -1.279 2.2324 -0.6909
v -1.279 2.2324 -0.6909
v -1.279 2.2324 -0.6909
v -1.279 2.2324 -0.6909
v -1.4359 2.2308 -0.5877
v -1.4431 2.2336 -0.6638
v -1.3878 2.2336 -0.7504
v -1.291 2.2308 -0.8143
v -1.1898 2.2263 -0.8311
v -1.1227 2.2217 -0.7945
v -1.1155 2.219 -0.7184
v -1.1708 2.219 -0.6318
v -1.2676 2.2218 -0.5679
v -1.3688 2.2263 -0.5511
v -1.4359 2.2308 -0.5877
v -1.5873 2.217 -0.4888
v -1.6015 2.2225 -0.6382
v -1.493 2.2224 -0.808
v -1.3032 2.2169 -0.9333
v -1.1046 2.2081 -0.9664
v -0.9731 2.1992 -0.8945
v -0.9589 2.1938 -0.7452
v -1.0674 2.1938 -0.5754
v -1.2572 2.1993 -0.45
v -1.4558 2.2082 -0.417
v -1.5873 2.217 -0.4888
v -1.7275 2.1916 -0.3981
v -1.7481 2.1995 -0.6149
v -1.5906 2.1994 -0.8614
v -1.315 2.1914 -1.0434
v -1.0267 2.1786 -1.0914
v -0.8358 2.1657 -0.9871
v -0.8152 2.1578 -0.7703
v -0.9728 2.1579 -0.5238
v -1.2483 2.1658 -0.3418
v -1.5366 2.1787 -0.2938
v -1.7275 2.1916 -0.3981
v -1.8511 2.1554 -0.3191
v -1.8774 2.1655 -0.595
v -1.6768 2.1654 -0.9087
v -1.3261 2.1553 -1.1404
v -0.9592 2.1389 -1.2015
v -0.7162 2.1225 -1.0687
v -0.69 2.1125 -0.7927
v -0.8905 2.1125 -0.479
v -1.2412 2.1227 -0.2474
v -1.6082 2.1391 -0.1863
v -1.8511 2.1554 -0.3191
v -1.9533 2.1099 -0.2547
v -1.9842 2.1218 -0.5792
v -1.7484 2.1217 -0.9481
v -1.336 2.1098 -1.2204
v -0.9045 2.0905 -1.2923
v -0.6188 2.0713 -1.1361
v -0.588 2.0594 -0.8116
v -0.8238 2.0595 -0.4428
v -1.2362 2.0715 -0.1704
v -1.6676 2.0907 -0.0985
v -1.9533 2.1099 -0.2547
v -2.0303 2.0569 -0.2075
v -2.0645 2.0701 -0.568
v -1.8025 2.07 -0.9779
v -1.3443 2.0568 -1.2805
v -0.8649 2.0353 -1.3604
v -0.5474 2.014 -1.1869
v -0.5131 2.0008 -0.8263
v -0.7752 2.0009 -0.4164
v -1.2334 2.0142 -0.1138
v -1.7128 2.0356 -0.034
v -2.0303 2.0569 -0.2075
v -2.0789 1.9984 -0.1792
v -2.1153 2.0124 -0.5619
v -1.8371 2.0123 -0.9971
v -1.3507 1.9982 -1.3184
v -0.8417 1.9755 -1.4031
v -0.5047 1.9528 -1.2189
v -0.4683 1.9388 -0.8362
v -0.7465 1.9389 -0.401
v -1.233 1.953 -0.0797
v -1.7419 1.9757 0.005
v -2.0789 1.9984 -0.1792
v -2.0974 1.9366 -0.171
v -2.1345 1.9509 -0.5612
v -1.8509 1.9508 -1.0049
v -1.3549 1.9364 -1.3325
v -0.836 1.9132 -1.4189
v -0.4924 1.8901 -1.2311
v -0.4553 1.8759 -0.8408
v -0.7389 1.876 -0.3972
v -1.2349 1.8903 -0.0696
v -1.7538 1.9135 0.0168
v -2.0974 1.9366 -0.171
v -1.2949 1.9134 -0.701
v -1.3693 2.0702 -0.7754
v -1.3693 2.0702 -0.6267
v -1.3693 2.2189 -0.7754
v -1.3693 2.2189 -0.6267
v -1.2206 2.0702 -0.7754
v -1.2206 2.0702 -0.6267
v -1.2206 2.2189 -0.7754
v -1.2206 2.2189 -0.6267
v -1.2949 2.0986 -0.8213
v -1.2949 2.0986 -0.5807
v -1.2949 2.1905 -0.8213
v -1.2949 2.1905 -0.5807
v -1.3409 2.0243 -0.701
v -1.3409 2.2649 -0.701
v -1.249 2.0243 -0.701
v -1.249 2.2649 -0.701
v -1.4152 2.1446 -0.747
v -1.4152 2.1446 -0.6551
v -1.1746 2.1446 -0.747
v -1.1746 2.1446 -0.6551
v -0.0709 1.9195 -0.0182
v -0.0408 1.864 -0.0244
v 0.02 1.8503 -0.0123
v 0.0657 1.8887 0.0091
v 0.062 1.9504 0.0236
v 0.0116 1.9888 0.0204
v -0.0475 1.9751 0.0018
v 0.2681 2.2326 -1.2583
v 0.2897 2.1926 -1.2628
v 0.3335 2.1827 -1.2541
v 0.3664 2.2104 -1.2386
v 0.3637 2.2548 -1.2282
v 0.3274 2.2825 -1.2305
v 0.2849 2.2726 -1.2439
v 0 1.9195 0
v 0.3191 2.2326 -1.2452
v 0.296 2.3542 -1.2436
v 0.296 2.3542 -1.2436
v 0.296 2.3542 -1.2436
v 0.296 2.3542 -1.2436
v 0.296 2.3542 -1.2436
v 0.296 2.3542 -1.2436
v 0.296 2.3542 -1.2436
v 0.296 2.3542 -1.2436
v 0.296 2.3542 -1.2436
v 0.296 2.3542 -1.2436
v 0.296 2.3542 -1.2436
v 0.335 2.3499 -1.0599
v 0.2616 2.3447 -1.0811
v 0.2015 2.3408 -1.1643
v 0.1777 2.3396 -1.2779
v 0.1992 2.3417 -1.3783
v 0.2579 2.3462 -1.4273
v 0.3312 2.3514 -1.4061
v 0.3913 2.3553 -1.3228
v 0.4151 2.3565 -1.2093
v 0.3936 2.3544 -1.1089
v 0.335 2.3499 -1.0599
v 0.3733 2.3335 -0.8834
v 0.2295 2.3233 -0.9249
v 0.1116 2.3156 -1.0882
v 0.0649 2.3134 -1.3109
v 0.1071 2.3174 -1.5079
v 0.2221 2.3263 -1.604
v 0.366 2.3365 -1.5624
v 0.4838 2.3442 -1.3991
v 0.5305 2.3465 -1.1765
v 0.4884 2.3424 -0.9795
v 0.3733 2.3335 -0.8834
v 0.4096 2.3057 -0.7208
v 0.2008 2.2909 -0.7811
v 0.0297 2.2797 -1.0181
v -0.0381 2.2764 -1.3414
v 0.0231 2.2824 -1.6274
v 0.1901 2.2952 -1.7669
v 0.399 2.31 -1.7066
v 0.57 2.3212 -1.4695
v 0.6379 2.3245 -1.1462
v 0.5766 2.3186 -0.8602
v 0.4096 2.3057 -0.7208
v 0.4425 2.2675 -0.5783
v 0.1766 2.2486 -0.6551
v -0.0411 2.2344 -0.9568
v -0.1275 2.2302 -1.3682
v -0.0495 2.2378 -1.7322
v 0.163 2.2541 -1.9098
v 0.4289 2.273 -1.833
v 0.6466 2.2872 -1.5313
v 0.7329 2.2914 -1.1198
v 0.655 2.2839 -0.7558
v 0.4425 2.2675 -0.5783
v 0.4705 2.2204 -0.4615
v 0.1579 2.1982 -0.5517
v -0.0981 2.1815 -0.9065
v -0.1996 2.1766 -1.3903
v -0.1079 2.1854 -1.8184
v 0.1419 2.2046 -2.0271
v 0.4546 2.2268 -1.9368
v 0.7106 2.2436 -1.582
v 0.8121 2.2484 -1.0982
v 0.7204 2.2396 -0.6702
v 0.4705 2.2204 -0.4615
v 0.4928 2.1662 -0.3747
v 0.1454 2.1415 -0.475
v -0.139 2.1229 -0.8693
v -0.2518 2.1175 -1.4068
v -0.15 2.1273 -1.8824
v 0.1277 2.1486 -2.1144
v 0.4751 2.1733 -2.0141
v 0.7595 2.1919 -1.6199
v 0.8723 2.1973 -1.0823
v 0.7705 2.1875 -0.6067
v 0.4928 2.1662 -0.3747
v 0.5084 2.1069 -0.3215
v 0.1396 2.0807 -0.4279
v -0.1623 2.061 -0.8465
v -0.2821 2.0552 -1.4171
v -0.174 2.0656 -1.922
v 0.1208 2.0883 -2.1683
v 0.4895 2.1145 -2.0618
v 0.7915 2.1342 -1.6433
v 0.9113 2.14 -1.0726
v 0.8031 2.1296 -0.5677
v 0.5084 2.1069 -0.3215
v 0.5167 2.0449 -0.3037
v 0.1407 2.0182 -0.4123
v -0.1672 1.9981 -0.839
v -0.2893 1.9922 -1.4208
v -0.179 2.0028 -1.9356
v 0.1215 2.0259 -2.1867
v 0.4975 2.0526 -2.0781
v 0.8053 2.0728 -1.6514
v 0.9275 2.0786 -1.0695
v 0.8172 2.068 -0.5548
v 0.5167 2.0449 -0.3037
v 0.3191 2.0354 -1.2452
v 0.2447 2.1923 -1.3195
v 0.2447 2.1923 -1.1708
v 0.2447 2.341 -1.3195
v 0.2447 2.341 -1.1708
v 0.3934 2.1923 -1.3195
v 0.3934 2.1923 -1.1708
v 0.3934 2.341 -1.3195
v 0.3934 2.341 -1.1708
v 0.3191 2.2207 -1.3655
v 0.3191 2.2207 -1.1249
v 0.3191 2.3126 -1.3655
v 0.3191 2.3126 -1.1249
v 0.2731 2.1463 -1.2452
v 0.2731 2.3869 -1.2452
v 0.365 2.1463 -1.2452
v 0.365 2.3869 -1.2452
v 0.1988 2.2666 -1.2911
v 0.1988 2.2666 -1.1992
v 0.4394 2.2666 -1.2911
v 0.4394 2.2666 -1.1992
v 0.0076 2.9544 -0.046
v 0.0142 2.9193 -0.0271
v 0.0101 2.9106 0.0122
v -0.0016 2.9349 0.0423
v -0.0121 2.9739 0.0406
v -0.0135 2.9983 0.0083
v -0.0047 2.9896 -0.0302
v 1.1713 3.2772 0.1601
v 1.1761 3.2519 0.1737
v 1.1731 3.2456 0.202
v 1.1647 3.2631 0.2237
v 1.1571 3.2912 0.2224
v 1.1561 3.3087 0.1992
v 1.1624 3.3025 0.1715
v 0 2.9544 0
v 1.1658 3.2772 0.1932
v 1.1679 3.3995 0.1984
v 1.1679 3.3995 0.1984
v 1.1679 3.3995 0.1984
v 1.1679 3.3995 0.1984
v 1.1679 3.3995 0.1984
v 1.1679 3.3995 0.1984
v 1.1679 3.3995 0.1984
v 1.1679 3.3995 0.1984
v 1.1679 3.3995 0.1984
v 1.1679 3.3995 0.1984
v 1.1679 3.3995 0.1984
v 1.3089 3.3929 0.1698
v 1.2922 3.3921 0.226
v 1.2281 3.3918 0.2717
v 1.1409 3.3921 0.2893
v 1.0641 3.3929 0.2721
v 1.0269 3.3939 0.2268
v 1.0435 3.3947 0.1706
v 1.1077 3.395 0.1249
v 1.1949 3.3947 0.1073
v 1.2717 3.3939 0.1244
v 1.3089 3.3929 0.1698
v 1.4444 3.3743 0.1421
v 1.4117 3.3727 0.2524
v 1.2858 3.3721 0.3419
v 1.1149 3.3727 0.3765
v 0.9641 3.3742 0.3429
v 0.8912 3.3761 0.2539
v 0.9239 3.3777 0.1436
v 1.0497 3.3783 0.0541
v 1.2207 3.3777 0.0195
v 1.3714 3.3762 0.0531
v 1.4444 3.3743 0.1421
v 1.5691 3.3443 0.1164
v 1.5217 3.342 0.2765
v 1.339 3.3412 0.4065
v 1.0908 3.342 0.4566
v 0.8719 3.3442 0.4078
v 0.766 3.347 0.2787
v 0.8135 3.3493 0.1185
v 0.9962 3.3502 -0.0114
v 1.2444 3.3494 -0.0616
v 1.4632 3.3471 -0.0128
v 1.5691 3.3443 0.1164
v 1.6784 3.3042 0.0936
v 1.618 3.3013 0.2974
v 1.3854 3.3002 0.4628
v 1.0696 3.3013 0.5267
v 0.791 3.3041 0.4646
v 0.6562 3.3077 0.3002
v 0.7166 3.3106 0.0964
v 0.9492 3.3117 -0.0691
v 1.2651 3.3106 -0.1329
v 1.5436 3.3078 -0.0708
v 1.6784 3.3042 0.0936
v 1.768 3.2555 0.0746
v 1.6969 3.2521 0.3143
v 1.4235 3.2508 0.5088
v 1.0521 3.252 0.5839
v 0.7245 3.2554 0.5109
v 0.566 3.2595 0.3176
v 0.637 3.2629 0.0779
v 0.9105 3.2643 -0.1166
v 1.2819 3.263 -0.1917
v 1.6095 3.2597 -0.1187
v 1.768 3.2555 0.0746
v 1.8344 3.2 0.0602
v 1.7555 3.1962 0.3265
v 1.4516 3.1948 0.5427
v 1.0389 3.1962 0.6261
v 0.675 3.1999 0.5449
v 0.4988 3.2045 0.3302
v 0.5778 3.2083 0.0639
v 0.8816 3.2098 -0.1523
v 1.2943 3.2084 -0.2357
v 1.6583 3.2046 -0.1545
v 1.8344 3.2 0.0602
v 1.8751 3.1399 0.0509
v 1.7913 3.1359 0.3337
v 1.4688 3.1343 0.5631
v 1.0306 3.1358 0.6517
v 0.6443 3.1398 0.5655
v 0.4573 3.1447 0.3375
v 0.5411 3.1487 0.0548
v 0.8637 3.1503 -0.1747
v 1.3018 3.1488 -0.2632
v 1.6881 3.1448 -0.177
v 1.8751 3.1399 0.0509
v 1.8886 3.0775 0.0471
v 1.8032 3.0734 0.3354
v 1.4743 3.0719 0.5693
v 1.0276 3.0734 0.6596
v 0.6337 3.0774 0.5718
v 0.443 3.0824 0.3393
v 0.5284 3.0865 0.0511
v 0.8573 3.0881 -0.1829
v 1.304 3.0866 -0.2732
v 1.698 3.0826 -0.1853
v 1.8886 3.0775 0.0471
v 1.1658 3.08 0.1932
v 1.0938 3.2391 0.1212
v 1.0938 3.2391 0.2653
v 1.0938 3.3832 0.1212
v 1.0938 3.3832 0.2653
v 1.2379 3.2391 0.1212
v 1.2379 3.2391 0.2653
v 1.2379 3.3832 0.1212
v 1.2379 3.3832 0.2653
v 1.1658 3.2666 0.0766
v 1.1658 3.2666 0.3098
v 1.1658 3.3557 0.0766
v 1.1658 3.3557 0.3098
v 1.1213 3.1946 0.1932
v 1.1213 3.4278 0.1932
v 1.2103 3.1946 0.1932
v 1.2103 3.4278 0.1932
v 1.0492 3.3112 0.1487
v 1.0492 3.3112 0.2378
v 1.2824 3.3112 0.1487
v 1.2824 3.3112 0.2378
v 0.0474 2.9544 -0.0071
v 0.031 2.9182 0.0051
v -0.0088 2.9093 0.0135
v -0.0419 2.9343 0.0117
v -0.0435 2.9745 0.0011
v -0.0123 2.9996 -0.0103
v 0.0281 2.9906 -0.0139
v 0.1788 3.2148 0.963
v 0.167 3.1888 0.9717
v 0.1383 3.1823 0.9777
v 0.1145 3.2004 0.9765
v 0.1133 3.2293 0.9688
v 0.1358 3.2473 0.9606
v 0.1649 3.2409 0.958
v 0 2.9544 0
v 0.1447 3.2148 0.9681
v 0.2046 3.3315 0.972
v 0.2046 3.3315 0.972
v 0.2046 3.3315 0.972
v 0.2046 3.3315 0.972
v 0.2046 3.3315 0.972
v 0.2046 3.3315 0.972
v 0.2046 3.3315 0.972
v 0.2046 3.3315 0.972
v 0.2046 3.3315 0.972
v 0.2046 3.3315 0.972
v 0.2046 3.3315 0.972
v 0.2208 3.324 0.8292
v 0.268 3.3146 0.8627
v 0.2905 3.3093 0.938
v 0.2798 3.3103 1.0262
v 0.2398 3.317 1.0937
v 0.186 3.327 1.1147
v 0.1388 3.3365 1.0812
v 0.1163 3.3417 1.0059
v 0.1271 3.3408 0.9177
v 0.167 3.334 0.8502
v 0.2208 3.324 0.8292
v 0.2342 3.3047 0.6916
v 0.3268 3.2862 0.7574
v 0.3709 3.2759 0.9051
v 0.3498 3.2777 1.0782
v 0.2714 3.291 1.2106
v 0.1658 3.3106 1.2518
v 0.0732 3.3291 1.186
v 0.0291 3.3394 1.0384
v 0.0502 3.3376 0.8653
v 0.1286 3.3243 0.7328
v 0.2342 3.3047 0.6916
v 0.2441 3.2743 0.5647
v 0.3785 3.2475 0.6602
v 0.4426 3.2325 0.8746
v 0.4119 3.2352 1.1259
v 0.2982 3.2545 1.3182
v 0.1448 3.283 1.378
v 0.0104 3.3098 1.2825
v -0.0537 3.3248 1.0681
v -0.023 3.3221 0.8168
v 0.0908 3.3028 0.6245
v 0.2441 3.2743 0.5647
v 0.2502 3.2341 0.4533
v 0.4212 3.1999 0.5749
v 0.5028 3.1809 0.8477
v 0.4638 3.1843 1.1676
v 0.319 3.2088 1.4123
v 0.1238 3.2451 1.4884
v -0.0472 3.2793 1.3669
v -0.1288 3.2983 1.094
v -0.0897 3.2949 0.7742
v 0.055 3.2704 0.5294
v 0.2502 3.2341 0.4533
v 0.2522 3.1856 0.3617
v 0.4534 3.1454 0.5046
v 0.5493 3.123 0.8254
v 0.5034 3.127 1.2016
v 0.3332 3.1558 1.4893
v 0.1036 3.1985 1.5789
v -0.0975 3.2387 1.4359
v -0.1934 3.2611 1.1151
v -0.1475 3.2571 0.739
v 0.0227 3.2282 0.4512
v 0.2522 3.1856 0.3617
v 0.2501 3.1306 0.2933
v 0.4736 3.0859 0.4522
v 0.5802 3.0611 0.8087
v 0.5292 3.0655 1.2266
v 0.34 3.0976 1.5464
v 0.085 3.145 1.6458
v -0.1384 3.1896 1.487
v -0.245 3.2145 1.1305
v -0.194 3.21 0.7126
v -0.0049 3.178 0.3928
v 0.2501 3.1306 0.2933
v 0.244 3.0712 0.251
v 0.4812 3.0238 0.4196
v 0.5944 2.9974 0.798
v 0.5402 3.0022 1.2417
v 0.3394 3.0362 1.5811
v 0.0687 3.0865 1.6867
v -0.1685 3.1339 1.5181
v -0.2817 3.1603 1.1397
v -0.2275 3.1556 0.696
v -0.0267 3.1216 0.3565
v 0.244 3.0712 0.251
v 0.234 3.0098 0.2361
v 0.4759 2.9615 0.408
v 0.5913 2.9346 0.7939
v 0.536 2.9394 1.2462
v 0.3313 2.9741 1.5924
v 0.0553 3.0254 1.7
v -0.1866 3.0738 1.5281
v -0.302 3.1007 1.1422
v -0.2467 3.0959 0.6899
v -0.042 3.0612 0.3438
v 0.234 3.0098 0.2361
v 0.1447 3.0176 0.9681
v 0.0726 3.1768 0.896
v 0.0726 3.1768 1.0401
v 0.0726 3.3209 0.896
v 0.0726 3.3209 1.0401
v 0.2167 3.1768 0.896
v 0.2167 3.1768 1.0401
v 0.2167 3.3209 0.896
v 0.2167 3.3209 1.0401
v 0.1447 3.2043 0.8515
v 0.1447 3.2043 1.0846
v 0.1447 3.2934 0.8515
v 0.1447 3.2934 1.0846
v 0.1001 3.1322 0.9681
v 0.1001 3.3654 0.9681
v 0.1892 3.1322 0.9681
v 0.1892 3.3654 0.9681
v 0.0281 3.2488 0.9235
v 0.0281 3.2488 1.0126
v 0.2612 3.2488 0.9235
v 0.2612 3.2488 1.0126
v 0.0269 2.9544 0.0632
v 0.0046 2.9024 0.0446
v -0.0211 2.8895 -0.0076
v -0.031 2.9255 -0.0541
v -0.0175 2.9833 -0.0598
v 0.0091 3.0193 -0.0205
v 0.0289 3.0065 0.0342
v -1.0362 3.2451 0.495
v -1.0522 3.2076 0.4816
v -1.0707 3.1983 0.444
v -1.0778 3.2243 0.4106
v -1.0681 3.2659 0.4064
v -1.0489 3.2918 0.4347
v -1.0347 3.2826 0.4742
v 0 2.9544 0
v -1.0555 3.2451 0.4495
v -1.0688 3.3668 0.4658
v -1.0688 3.3668 0.4658
v -1.0688 3.3668 0.4658
v -1.0688 3.3668 0.4658
v -1.0688 3.3668 0.4658
v -1.0688 3.3668 0.4658
v -1.0688 3.3668 0.4658
v -1.0688 3.3668 0.4658
v -1.0688 3.3668 0.4658
v -1.0688 3.3668 0.4658
v -1.0688 3.3668 0.4658
v -1.1962 3.3587 0.3992
v -1.148 3.3624 0.3659
v -1.0695 3.3655 0.3707
v -0.9906 3.3666 0.4117
v -0.9415 3.3655 0.4732
v -0.9409 3.3626 0.5318
v -0.9891 3.3589 0.5651
v -1.0676 3.3558 0.5603
v -1.1465 3.3547 0.5193
v -1.1956 3.3558 0.4578
v -1.1962 3.3587 0.3992
v -1.3182 3.3387 0.3345
v -1.2237 3.346 0.2693
v -1.0696 3.3519 0.2786
v -0.9149 3.3543 0.359
v -0.8185 3.3521 0.4797
v -0.8174 3.3463 0.5946
v -0.9119 3.339 0.6599
v -1.0659 3.3331 0.6505
v -1.2207 3.3307 0.5701
v -1.317 3.3329 0.4494
v -1.3182 3.3387 0.3345
v -1.4301 3.3076 0.2742
v -1.2929 3.3181 0.1795
v -1.0692 3.3267 0.1931
v -0.8445 3.3301 0.3098
v -0.7047 3.327 0.4851
v -0.703 3.3185 0.6519
v -0.8402 3.3079 0.7466
v -1.0639 3.2993 0.733
v -1.2886 3.296 0.6163
v -1.4284 3.2991 0.4411
v -1.4301 3.3076 0.2742
v -1.5276 3.2664 0.2207
v -1.353 3.2799 0.1002
v -1.0683 3.2908 0.1175
v -0.7823 3.2951 0.266
v -0.6043 3.2911 0.489
v -0.6022 3.2803 0.7014
v -0.7768 3.2669 0.8219
v -1.0615 3.2559 0.8046
v -1.3475 3.2516 0.6561
v -1.5255 3.2557 0.433
v -1.5276 3.2664 0.2207
v -1.607 3.2169 0.176
v -1.4016 3.2327 0.0342
v -1.0669 3.2455 0.0546
v -0.7306 3.2506 0.2292
v -0.5213 3.2459 0.4915
v -0.5188 3.2332 0.7412
v -0.7242 3.2174 0.8829
v -1.0589 3.2045 0.8626
v -1.3951 3.1995 0.6879
v -1.6045 3.2042 0.4257
v -1.607 3.2169 0.176
v -1.6651 3.1608 0.1417
v -1.437 3.1784 -0.0157
v -1.065 3.1927 0.0069
v -0.6914 3.1983 0.2009
v -0.4588 3.1931 0.4923
v -0.4561 3.179 0.7698
v -0.6842 3.1614 0.9272
v -1.0562 3.1471 0.9046
v -1.4298 3.1415 0.7106
v -1.6624 3.1468 0.4192
v -1.6651 3.1608 0.1417
v -1.6999 3.1005 0.1193
v -1.4577 3.1191 -0.0478
v -1.0628 3.1343 -0.0238
v -0.6662 3.1402 0.1822
v -0.4193 3.1347 0.4915
v -0.4163 3.1197 0.786
v -0.6586 3.1011 0.9532
v -1.0534 3.0859 0.9292
v -1.45 3.08 0.7232
v -1.697 3.0855 0.4139
v -1.6999 3.1005 0.1193
v -1.7099 3.0381 0.1096
v -1.4629 3.057 -0.0608
v -1.0603 3.0725 -0.0364
v -0.6559 3.0786 0.1737
v -0.4041 3.0729 0.4891
v -0.4012 3.0577 0.7894
v -0.6481 3.0387 0.9598
v -1.0507 3.0232 0.9354
v -1.4551 3.0171 0.7253
v -1.7069 3.0228 0.4099
v -1.7099 3.0381 0.1096
v -1.0555 3.0479 0.4495
v -1.1276 3.207 0.3775
v -1.1276 3.207 0.5216
v -1.1276 3.3511 0.3775
v -1.1276 3.3511 0.5216
v -0.9835 3.207 0.3775
v -0.9835 3.207 0.5216
v -0.9835 3.3511 0.3775
v -0.9835 3.3511 0.5216
v -1.0555 3.2345 0.3329
v -1.0555 3.2345 0.5661
v -1.0555 3.3236 0.3329
v -1.0555 3.3236 0.5661
v -1.1001 3.1625 0.4495
v -1.1001 3.3957 0.4495
v -1.011 3.1625 0.4495
v -1.011 3.3957 0.4495
v -1.1721 3.2791 0.405
v -1.1721 3.2791 0.494
v -0.9389 3.2791 0.405
v -0.9389 3.2791 0.494
v -0.0519 2.9544 0.0618
v -0.0388 2.8919 0.0331
v 0.0036 2.8765 -0.0205
v 0.0432 2.9197 -0.0587
v 0.0503 2.9891 -0.0527
v 0.0195 3.0324 -0.007
v -0.026 3.017 0.0439
v -0.8682 3.0996 -0.6534
v -0.8587 3.0546 -0.674
v -0.8282 3.0435 -0.7126
v -0.7997 3.0746 -0.7401
v -0.7946 3.1246 -0.7358
v -0.8167 3.1557 -0.703
v -0.8495 3.1446 -0.6663
v 0 2.9544 0
v -0.8308 3.0996 -0.6979
v -0.8023 3.2207 -0.7037
v -0.8023 3.2207 -0.7037
v -0.8023 3.2207 -0.7037
v -0.8023 3.2207 -0.7037
v -0.8023 3.2207 -0.7037
v -0.8023 3.2207 -0.7037
v -0.8023 3.2207 -0.7037
v -0.8023 3.2207 -0.7037
v -0.8023 3.2207 -0.7037
v -0.8023 3.2207 -0.7037
v -0.8023 3.2207 -0.7037
v -0.9027 3.2254 -0.6007
v -0.9206 3.226 -0.6565
v -0.8936 3.2222 -0.7304
v -0.8318 3.2155 -0.794
v -0.759 3.2084 -0.8231
v -0.7029 3.2037 -0.8066
v -0.685 3.2031 -0.7507
v -0.7121 3.2069 -0.6769
v -0.7738 3.2136 -0.6133
v -0.8466 3.2207 -0.5842
v -0.9027 3.2254 -0.6007
v -1.0004 3.2177 -0.5014
v -1.0356 3.2189 -0.6109
v -0.9824 3.2114 -0.7558
v -0.8613 3.1983 -0.8806
v -0.7185 3.1844 -0.9377
v -0.6085 3.1752 -0.9052
v -0.5733 3.174 -0.7957
v -0.6264 3.1814 -0.6508
v -0.7476 3.1946 -0.526
v -0.8904 3.2084 -0.4689
v -1.0004 3.2177 -0.5014
v -1.0916 3.1979 -0.4096
v -1.1426 3.1996 -0.5686
v -1.0655 3.1888 -0.7789
v -0.8897 3.1697 -0.9601
v -0.6823 3.1496 -1.043
v -0.5226 3.1361 -0.9959
v -0.4715 3.1345 -0.8369
v -0.5487 3.1452 -0.6266
v -0.7245 3.1643 -0.4454
v -0.9319 3.1844 -0.3625
v -1.0916 3.1979 -0.4096
v -1.1727 3.1668 -0.3289
v -1.2377 3.1689 -0.5313
v -1.1395 3.1552 -0.799
v -0.9157 3.1309 -1.0296
v -0.6518 3.1053 -1.1351
v -0.4485 3.0881 -1.0752
v -0.3836 3.086 -0.8727
v -0.4817 3.0997 -0.6051
v -0.7055 3.124 -0.3745
v -0.9695 3.1496 -0.269
v -1.1727 3.1668 -0.3289
v -1.2407 3.1254 -0.2624
v -1.3171 3.1279 -0.5004
v -1.2017 3.1118 -0.8151
v -0.9386 3.0833 -1.0863
v -0.6282 3.0531 -1.2104
v -0.3892 3.033 -1.1399
v -0.3128 3.0305 -0.9019
v -0.4282 3.0466 -0.5872
v -0.6914 3.0752 -0.316
v -1.0017 3.1053 -0.1919
v -1.2407 3.1254 -0.2624
v -1.293 3.0755 -0.2126
v -1.3779 3.0783 -0.4771
v -1.2496 3.0604 -0.8268
v -0.9572 3.0287 -1.1281
v -0.6124 2.9952 -1.2659
v -0.3468 2.9728 -1.1877
v -0.2619 2.9701 -0.9232
v -0.3901 2.988 -0.5735
v -0.6825 3.0197 -0.2722
v -1.0274 3.0532 -0.1343
v -1.293 3.0755 -0.2126
v -1.3275 3.019 -0.1815
v -1.4176 3.0219 -0.4623
v -1.2815 3.0029 -0.8335
v -0.971 2.9692 -1.1534
v -0.6049 2.9337 -1.2997
v -0.323 2.91 -1.2166
v -0.2329 2.907 -0.9358
v -0.369 2.926 -0.5646
v -0.6794 2.9597 -0.2447
v -1.0455 2.9952 -0.0984
v -1.3275 3.019 -0.1815
v -1.3429 2.958 -0.1702
v -1.4348 2.961 -0.4565
v -1.296 2.9416 -0.835
v -0.9795 2.9072 -1.1611
v -0.6062 2.871 -1.3103
v -0.3187 2.8468 -1.2256
v -0.2268 2.8438 -0.9393
v -0.3657 2.8632 -0.5608
v -0.6822 2.8975 -0.2347
v -1.0554 2.9338 -0.0855
v -1.3429 2.958 -0.1702
v -0.8308 2.9024 -0.6979
v -0.9029 3.0615 -0.77
v -0.9029 3.0615 -0.6259
v -0.9029 3.2057 -0.77
v -0.9029 3.2057 -0.6259
v -0.7588 3.0615 -0.77
v -0.7588 3.0615 -0.6259
v -0.7588 3.2057 -0.77
v -0.7588 3.2057 -0.6259
v -0.8308 3.0891 -0.8145
v -0.8308 3.0891 -0.5813
v -0.8308 3.1781 -0.8145
v -0.8308 3.1781 -0.5813
v -0.8753 3.017 -0.6979
v -0.8753 3.2502 -0.6979
v -0.7863 3.017 -0.6979
v -0.7863 3.2502 -0.6979
v -0.9474 3.1336 -0.7424
v -0.9474 3.1336 -0.6534
v -0.7142 3.1336 -0.7424
v -0.7142 3.1336 -0.6534
v -0.0438 2.9544 -0.0273
v -0.0216 2.9155 -0.0263
v 0.0169 2.9059 -0.0054
v 0.0427 2.9328 0.0195
v 0.0363 2.976 0.0297
v 0.0026 3.0029 0.0176
v -0.0331 2.9933 -0.0078
v 0.5095 3.2401 -0.8882
v 0.5255 3.2121 -0.8874
v 0.5533 3.2052 -0.8724
v 0.5718 3.2246 -0.8545
v 0.5672 3.2557 -0.8471
v 0.543 3.2751 -0.8559
v 0.5173 3.2682 -0.8742
v 0 2.9544 0
v 0.5411 3.2401 -0.8685
v 0.5575 3.3621 -0.8659
v 0.5575 3.3621 -0.8659
v 0.5575 3.3621 -0.8659
v 0.5575 3.3621 -0.8659
v 0.5575 3.3621 -0.8659
v 0.5575 3.3621 -0.8659
v 0.5575 3.3621 -0.8659
v 0.5575 3.3621 -0.8659
v 0.5575 3.3621 -0.8659
v 0.5575 3.3621 -0.8659
v 0.5575 3.3621 -0.8659
v 0.6224 3.3516 -0.7378
v 0.5639 3.3546 -0.7387
v 0.5027 3.3581 -0.7882
v 0.4624 3.3609 -0.8674
v 0.4582 3.3617 -0.946
v 0.4918 3.3604 -0.994
v 0.5504 3.3574 -0.9931
v 0.6116 3.3538 -0.9436
v 0.6519 3.3511 -0.8645
v 0.6561 3.3502 -0.7858
v 0.6224 3.3516 -0.7378
v 0.6843 3.3292 -0.6148
v 0.5694 3.3351 -0.6165
v 0.4495 3.342 -0.7136
v 0.3703 3.3474 -0.8689
v 0.3622 3.3491 -1.0231
v 0.4281 3.3465 -1.1174
v 0.543 3.3406 -1.1156
v 0.663 3.3336 -1.0185
v 0.7421 3.3283 -0.8632
v 0.7503 3.3266 -0.709
v 0.6843 3.3292 -0.6148
v 0.7407 3.2957 -0.5015
v 0.5739 3.3043 -0.504
v 0.3997 3.3144 -0.6449
v 0.2848 3.3222 -0.8704
v 0.273 3.3247 -1.0943
v 0.3687 3.3209 -1.2311
v 0.5356 3.3123 -1.2286
v 0.7097 3.3022 -1.0877
v 0.8246 3.2944 -0.8622
v 0.8364 3.292 -0.6383
v 0.7407 3.2957 -0.5015
v 0.7893 3.2526 -0.4023
v 0.577 3.2635 -0.4055
v 0.3554 3.2764 -0.5849
v 0.2091 3.2863 -0.8719
v 0.1941 3.2894 -1.1569
v 0.316 3.2846 -1.331
v 0.5283 3.2737 -1.3278
v 0.7499 3.2609 -1.1484
v 0.8962 3.251 -0.8614
v 0.9113 3.2478 -0.5764
v 0.7893 3.2526 -0.4023
v 0.8285 3.2014 -0.321
v 0.5788 3.2143 -0.3248
v 0.3182 3.2294 -0.5357
v 0.1462 3.241 -0.8732
v 0.1285 3.2447 -1.2083
v 0.2719 3.2391 -1.4131
v 0.5215 3.2263 -1.4093
v 0.7821 3.2111 -1.1983
v 0.9541 3.1995 -0.8609
v 0.9718 3.1958 -0.5258
v 0.8285 3.2014 -0.321
v 0.8566 3.1442 -0.2608
v 0.5792 3.1584 -0.265
v 0.2896 3.1752 -0.4994
v 0.0985 3.1882 -0.8744
v 0.0788 3.1923 -1.2467
v 0.2381 3.186 -1.4742
v 0.5155 3.1718 -1.47
v 0.8051 3.1549 -1.2356
v 0.9962 3.142 -0.8607
v 1.0159 3.1379 -0.4883
v 0.8566 3.1442 -0.2608
v 0.8726 3.083 -0.2239
v 0.5781 3.0981 -0.2284
v 0.2707 3.116 -0.4772
v 0.0678 3.1297 -0.8753
v 0.0469 3.1341 -1.2706
v 0.216 3.1274 -1.5121
v 0.5105 3.1123 -1.5076
v 0.8179 3.0944 -1.2588
v 1.0208 3.0807 -0.8607
v 1.0417 3.0763 -0.4655
v 0.8726 3.083 -0.2239
v 0.8758 3.0203 -0.2118
v 0.5756 3.0357 -0.2164
v 0.2621 3.0539 -0.4701
v 0.0553 3.0679 -0.8759
v 0.034 3.0724 -1.279
v 0.2064 3.0656 -1.5252
v 0.5066 3.0502 -1.5206
v 0.82 3.032 -1.267
v 1.0269 3.018 -0.8611
v 1.0482 3.0135 -0.4581
v 0.8758 3.0203 -0.2118
v 0.5411 3.0429 -0.8685
v 0.469 3.2021 -0.9406
v 0.469 3.2021 -0.7965
v 0.469 3.3462 -0.9406
v 0.469 3.3462 -0.7965
v 0.6131 3.2021 -0.9406
v 0.6131 3.2021 -0.7965
v 0.6131 3.3462 -0.9406
v 0.6131 3.3462 -0.7965
v 0.5411 3.2296 -0.9851
v 0.5411 3.2296 -0.7519
v 0.5411 3.3187 -0.9851
v 0.5411 3.3187 -0.7519
v 0.4966 3.1576 -0.8685
v 0.4966 3.3907 -0.8685
v 0.5856 3.1576 -0.8685
v 0.5856 3.3907 -0.8685
v 0.4245 3.2741 -0.9131
v 0.4245 3.2741 -0.824
v 0.6577 3.2741 -0.9131
v 0.6577 3.2741 -0.824
v -0.0058 3.9893 -0.063
v 0.0086 3.9414 -0.0404
v 0.0166 3.9295 0.0126
v 0.0121 3.9627 0.0562
v -0.0015 4.0159 0.0574
v -0.014 4.0491 0.0154
v -0.0159 4.0373 -0.0382
v 1.1265 4.281 -0.1501
v 1.1369 4.2465 -0.1338
v 1.1427 4.238 -0.0957
v 1.1394 4.2619 -0.0643
v 1.1296 4.3002 -0.0634
v 1.1206 4.3241 -0.0936
v 1.1193 4.3156 -0.1322
v 0 3.9893 0
v 1.1307 4.281 -0.1047
v 1.1335 4.4031 -0.1192
v 1.1335 4.4031 -0.1192
v 1.1335 4.4031 -0.1192
v 1.1335 4.4031 -0.1192
v 1.1335 4.4031 -0.1192
v 1.1335 4.4031 -0.1192
v 1.1335 4.4031 -0.1192
v 1.1335 4.4031 -0.1192
v 1.1335 4.4031 -0.1192
v 1.1335 4.4031 -0.1192
v 1.1335 4.4031 -0.1192
v 1.2702 4.3965 -0.1034
v 1.2385 4.3988 -0.0572
v 1.1667 4.4005 -0.0345
v 1.0822 4.4008 -0.044
v 1.0172 4.3996 -0.0822
v 0.9967 4.3975 -0.1343
v 1.0283 4.3951 -0.1806
v 1.1002 4.3934 -0.2033
v 1.1847 4.3931 -0.1938
v 1.2496 4.3943 -0.1556
v 1.2702 4.3965 -0.1034
v 1.4016 4.3778 -0.0878
v 1.3394 4.3825 0.003
v 1.1986 4.3857 0.0475
v 1.0328 4.3863 0.0288
v 0.9053 4.384 -0.046
v 0.865 4.3798 -0.1484
v 0.9271 4.3751 -0.2391
v 1.068 4.3719 -0.2836
v 1.2338 4.3713 -0.2649
v 1.3612 4.3736 -0.1901
v 1.4016 4.3778 -0.0878
v 1.5225 4.3479 -0.0727
v 1.4323 4.3546 0.059
v 1.2278 4.3593 0.1237
v 0.9871 4.3602 0.0965
v 0.8021 4.3569 -0.0122
v 0.7435 4.3507 -0.1607
v 0.8337 4.3439 -0.2925
v 1.0382 4.3392 -0.3571
v 1.279 4.3384 -0.3299
v 1.4639 4.3417 -0.2213
v 1.5225 4.3479 -0.0727
v 1.6284 4.3078 -0.0589
v 1.5136 4.3164 0.1088
v 1.2533 4.3224 0.191
v 0.9469 4.3235 0.1564
v 0.7115 4.3193 0.0182
v 0.637 4.3114 -0.1709
v 0.7518 4.3028 -0.3386
v 1.0121 4.2968 -0.4209
v 1.3184 4.2957 -0.3863
v 1.5538 4.2999 -0.248
v 1.6284 4.3078 -0.0589
v 1.7152 4.2591 -0.0469
v 1.5802 4.2692 0.1503
v 1.2741 4.2762 0.247
v 0.9138 4.2775 0.2063
v 0.637 4.2726 0.0438
v 0.5494 4.2633 -0.1786
v 0.6843 4.2532 -0.3758
v 0.9904 4.2462 -0.4725
v 1.3507 4.2449 -0.4318
v 1.6275 4.2498 -0.2693
v 1.7152 4.2591 -0.0469
v 1.7795 4.2037 -0.0371
v 1.6295 4.2149 0.182
v 1.2894 4.2227 0.2895
v 0.8891 4.2241 0.2443
v 0.5815 4.2186 0.0636
v 0.4841 4.2083 -0.1834
v 0.6341 4.1971 -0.4025
v 0.9742 4.1893 -0.51
v 1.3745 4.1879 -0.4648
v 1.6821 4.1934 -0.2842
v 1.7795 4.2037 -0.0371
v 1.8188 4.1437 -0.0299
v 1.6596 4.1556 0.2027
v 1.2986 4.1639 0.3168
v 0.8736 4.1654 0.2688
v 0.5471 4.1595 0.0771
v 0.4437 4.1486 -0.1852
v 0.6029 4.1367 -0.4178
v 0.9639 4.1284 -0.5319
v 1.3889 4.1269 -0.4839
v 1.7154 4.1327 -0.2922
v 1.8188 4.1437 -0.0299
v 1.8318 4.0813 -0.0255
v 1.6694 4.0935 0.2116
v 1.3013 4.1019 0.328
v 0.868 4.1035 0.279
v 0.5351 4.0975 0.0835
v 0.4297 4.0863 -0.1839
v 0.592 4.0742 -0.4211
v 0.9601 4.0658 -0.5374
v 1.3934 4.0642 -0.4885
v 1.7263 4.0702 -0.293
v 1.8318 4.0813 -0.0255
v 1.1307 4.0838 -0.1047
v 1.0587 4.243 -0.1768
v 1.0587 4.243 -0.0327
v 1.0587 4.3871 -0.1768
v 1.0587 4.3871 -0.0327
v 1.2028 4.243 -0.1768
v 1.2028 4.243 -0.0327
v 1.2028 4.3871 -0.1768
v 1.2028 4.3871 -0.0327
v 1.1307 4.2705 -0.2213
v 1.1307 4.2705 0.0119
v 1.1307 4.3596 -0.2213
v 1.1307 4.3596 0.0119
v 1.0862 4.1985 -0.1047
v 1.0862 4.4316 -0.1047
v 1.1753 4.1985 -0.1047
v 1.1753 4.4316 -0.1047
v 1.0141 4.315 -0.1493
v 1.0141 4.315 -0.0602
v 1.2473 4.315 -0.1493
v 1.2473 4.315 -0.0602
v 0.0591 3.9893 -0.0517
v 0.043 3.9286 -0.0252
v -0.0056 3.9136 0.0202
v -0.0499 3.9556 0.0504
v -0.0567 4.023 0.0427
v -0.0208 4.065 0.0028
v 0.0308 4.05 -0.0392
v 0.7053 4.1429 0.7213
v 0.6937 4.0992 0.7403
v 0.6587 4.0884 0.773
v 0.6268 4.1187 0.7948
v 0.6219 4.1672 0.7892
v 0.6478 4.1974 0.7605
v 0.6849 4.1867 0.7303
v 0 3.9893 0
v 0.6627 4.1429 0.7585
v 0.6787 4.2649 0.7628
v 0.6787 4.2649 0.7628
v 0.6787 4.2649 0.7628
v 0.6787 4.2649 0.7628
v 0.6787 4.2649 0.7628
v 0.6787 4.2649 0.7628
v 0.6787 4.2649 0.7628
v 0.6787 4.2649 0.7628
v 0.6787 4.2649 0.7628
v 0.6787 4.2649 0.7628
v 0.6787 4.2649 0.7628
v 0.7585 4.2563 0.6508
v 0.7835 4.2543 0.701
v 0.7683 4.2541 0.7748
v 0.7187 4.2557 0.844
v 0.6538 4.2584 0.8821
v 0.5983 4.2613 0.8746
v 0.5733 4.2632 0.8243
v 0.5885 4.2634 0.7505
v 0.638 4.2619 0.6814
v 0.703 4.2591 0.6433
v 0.7585 4.2563 0.6508
v 0.8346 4.2357 0.543
v 0.8836 4.2319 0.6415
v 0.8538 4.2315 0.7862
v 0.7566 4.2345 0.9219
v 0.6293 4.2399 0.9966
v 0.5203 4.2456 0.9819
v 0.4714 4.2493 0.8834
v 0.5012 4.2498 0.7386
v 0.5983 4.2467 0.603
v 0.7257 4.2413 0.5282
v 0.8346 4.2357 0.543
v 0.9042 4.2039 0.4434
v 0.9752 4.1985 0.5865
v 0.9319 4.1979 0.7966
v 0.7909 4.2023 0.9935
v 0.606 4.2101 1.102
v 0.4478 4.2183 1.0807
v 0.3768 4.2238 0.9376
v 0.4201 4.2244 0.7275
v 0.5611 4.22 0.5305
v 0.746 4.2121 0.422
v 0.9042 4.2039 0.4434
v 0.9644 4.1623 0.356
v 1.0548 4.1553 0.5381
v 0.9998 4.1545 0.8055
v 0.8203 4.1602 1.0561
v 0.5849 4.1701 1.1942
v 0.3836 4.1806 1.167
v 0.2932 4.1875 0.9849
v 0.3483 4.1883 0.7175
v 0.5278 4.1827 0.4669
v 0.7631 4.1727 0.3288
v 0.9644 4.1623 0.356
v 1.0131 4.1123 0.284
v 1.1194 4.1041 0.4981
v 1.0546 4.1032 0.8126
v 0.8436 4.1099 1.1073
v 0.5669 4.1216 1.2697
v 0.3301 4.1338 1.2377
v 0.2238 4.142 1.0236
v 0.2886 4.1429 0.7091
v 0.4996 4.1363 0.4144
v 0.7763 4.1246 0.252
v 1.0131 4.1123 0.284
v 1.0483 4.0559 0.2303
v 1.1664 4.0469 0.4682
v 1.0944 4.0458 0.8176
v 0.8599 4.0532 1.1451
v 0.5524 4.0662 1.3255
v 0.2894 4.0798 1.29
v 0.1713 4.0889 1.0521
v 0.2432 4.09 0.7026
v 0.4777 4.0826 0.3752
v 0.7852 4.0696 0.1948
v 1.0483 4.0559 0.2303
v 1.0686 3.9953 0.1968
v 1.194 3.9857 0.4494
v 1.1176 3.9846 0.8204
v 0.8687 3.9924 1.168
v 0.5423 4.0062 1.3595
v 0.263 4.0207 1.3218
v 0.1377 4.0303 1.0693
v 0.214 4.0314 0.6983
v 0.463 4.0236 0.3507
v 0.7894 4.0098 0.1591
v 1.0686 3.9953 0.1968
v 1.0734 3.9328 0.185
v 1.2012 3.923 0.4425
v 1.1234 3.9219 0.8207
v 0.8696 3.9299 1.1752
v 0.5367 3.9439 1.3705
v 0.252 3.9587 1.332
v 0.1242 3.9685 1.0745
v 0.2021 3.9696 0.6963
v 0.4559 3.9616 0.3418
v 0.7887 3.9476 0.1465
v 1.0734 3.9328 0.185
v 0.6627 3.9457 0.7585
v 0.5907 4.1049 0.6865
v 0.5907 4.1049 0.8306
v 0.5907 4.249 0.6865
v 0.5907 4.249 0.8306
v 0.7348 4.1049 0.6865
v 0.7348 4.1049 0.8306
v 0.7348 4.249 0.6865
v 0.7348 4.249 0.8306
v 0.6627 4.1324 0.6419
v 0.6627 4.1324 0.8751
v 0.6627 4.2215 0.6419
v 0.6627 4.2215 0.8751
v 0.6182 4.0604 0.7585
v 0.6182 4.2935 0.7585
v 0.7073 4.0604 0.7585
v 0.7073 4.2935 0.7585
v 0.5461 4.1769 0.714
v 0.5461 4.1769 0.803
v 0.7793 4.1769 0.714
v 0.7793 4.1769 0.803
v 0.0498 3.9893 0.0277
v 0.0244 3.9469 0.0292
v -0.0194 3.9364 0.0087
v -0.0486 3.9658 -0.0183
v -0.0412 4.0129 -0.0316
v -0.0028 4.0422 -0.0211
v 0.0377 4.0318 0.0053
v -0.436 4.3019 0.869
v -0.4543 4.2713 0.8701
v -0.4858 4.2638 0.8554
v -0.5069 4.2849 0.8359
v -0.5016 4.3188 0.8263
v -0.4739 4.34 0.8339
v -0.4447 4.3324 0.8529
v 0 3.9893 0
v -0.4719 4.3019 0.8491
v -0.4236 4.4204 0.8375
v -0.4236 4.4204 0.8375
v -0.4236 4.4204 0.8375
v -0.4236 4.4204 0.8375
v -0.4236 4.4204 0.8375
v -0.4236 4.4204 0.8375
v -0.4236 4.4204 0.8375
v -0.4236 4.4204 0.8375
v -0.4236 4.4204 0.8375
v -0.4236 4.4204 0.8375
v -0.4236 4.4204 0.8375
v -0.4815 4.4185 0.7125
v -0.4261 4.4101 0.716
v -0.3701 4.4034 0.7659
v -0.3349 4.4008 0.8433
v -0.334 4.4034 0.9186
v -0.3676 4.4102 0.963
v -0.423 4.4186 0.9596
v -0.479 4.4253 0.9096
v -0.5142 4.4278 0.8322
v -0.5151 4.4252 0.7569
v -0.4815 4.4185 0.7125
v -0.5389 4.4045 0.5927
v -0.4303 4.3881 0.5995
v -0.3205 4.3749 0.6975
v -0.2515 4.3699 0.8493
v -0.2496 4.375 0.997
v -0.3156 4.3883 1.0841
v -0.4243 4.4046 1.0774
v -0.5341 4.4179 0.9794
v -0.6031 4.4229 0.8275
v -0.6049 4.4178 0.6798
v -0.5389 4.4045 0.5927
v -0.5939 4.379 0.4828
v -0.4361 4.3552 0.4926
v -0.2767 4.336 0.6349
v -0.1765 4.3287 0.8553
v -0.1738 4.3362 1.0697
v -0.2696 4.3554 1.1962
v -0.4274 4.3792 1.1864
v -0.5868 4.3984 1.0441
v -0.687 4.4057 0.8237
v -0.6897 4.3982 0.6093
v -0.5939 4.379 0.4828
v -0.6441 4.3429 0.387
v -0.4433 4.3127 0.3994
v -0.2404 4.2883 0.5805
v -0.1129 4.279 0.8611
v -0.1095 4.2884 1.1339
v -0.2314 4.313 1.2949
v -0.4322 4.3432 1.2824
v -0.6351 4.3676 1.1013
v -0.7626 4.3769 0.8208
v -0.766 4.3674 0.5479
v -0.6441 4.3429 0.387
v -0.6877 4.2977 0.3089
v -0.4516 4.2621 0.3235
v -0.213 4.2334 0.5365
v -0.0631 4.2225 0.8664
v -0.059 4.2336 1.1872
v -0.2024 4.2625 1.3765
v -0.4385 4.2981 1.3618
v -0.6771 4.3268 1.1489
v -0.827 4.3376 0.819
v -0.8311 4.3265 0.4981
v -0.6877 4.2977 0.3089
v -0.723 4.2451 0.2515
v -0.4607 4.2056 0.2678
v -0.1956 4.1737 0.5044
v -0.029 4.1616 0.871
v -0.0245 4.1739 1.2275
v -0.1838 4.2059 1.4378
v -0.4461 4.2455 1.4215
v -0.7112 4.2774 1.1849
v -0.8778 4.2895 0.8183
v -0.8823 4.2771 0.4618
v -0.723 4.2451 0.2515
v -0.7487 4.1871 0.2172
v -0.4702 4.1451 0.2344
v -0.1888 4.1112 0.4856
v -0.0119 4.0984 0.8748
v -0.0071 4.1115 1.2532
v -0.1763 4.1455 1.4765
v -0.4547 4.1875 1.4592
v -0.7362 4.2213 1.208
v -0.913 4.2342 0.8189
v -0.9178 4.2211 0.4404
v -0.7487 4.1871 0.2172
v -0.7637 4.1259 0.2071
v -0.4798 4.0831 0.2247
v -0.1928 4.0486 0.4808
v -0.0125 4.0355 0.8776
v -0.0076 4.0488 1.2634
v -0.1801 4.0835 1.4911
v -0.464 4.1263 1.4734
v -0.7509 4.1608 1.2173
v -0.9313 4.1739 0.8206
v -0.9362 4.1606 0.4347
v -0.7637 4.1259 0.2071
v -0.4719 4.1047 0.8491
v -0.5439 4.2638 0.777
v -0.5439 4.2638 0.9211
v -0.5439 4.4079 0.777
v -0.5439 4.4079 0.9211
v -0.3998 4.2638 0.777
v -0.3998 4.2638 0.9211
v -0.3998 4.4079 0.777
v -0.3998 4.4079 0.9211
v -0.4719 4.2914 0.7325
v -0.4719 4.2914 0.9657
v -0.4719 4.3804 0.7325
v -0.4719 4.3804 0.9657
v -0.5164 4.2193 0.8491
v -0.5164 4.4525 0.8491
v -0.4274 4.2193 0.8491
v -0.4274 4.4525 0.8491
v -0.5885 4.3359 0.8045
v -0.5885 4.3359 0.8936
v -0.3553 4.3359 0.8045
v -0.3553 4.3359 0.8936
v 0.0052 3.9893 0.0605
v -0.0007 3.942 0.038
v -0.006 3.9304 -0.013
v -0.0068 3.9631 -0.0543
v -0.0025 4.0156 -0.0547
v 0.0037 4.0483 -0.0139
v 0.0071 4.0366 0.0374
v -1.128 4.0831 0.1406
v -1.1322 4.0491 0.1245
v -1.1361 4.0406 0.0877
v -1.1367 4.0642 0.058
v -1.1335 4.102 0.0577
v -1.1291 4.1255 0.0871
v -1.1266 4.1171 0.124
v 0 3.9893 0
v -1.1317 4.0831 0.0971
v -1.1235 4.2051 0.0841
v -1.1235 4.2051 0.0841
v -1.1235 4.2051 0.0841
v -1.1235 4.2051 0.0841
v -1.1235 4.2051 0.0841
v -1.1235 4.2051 0.0841
v -1.1235 4.2051 0.0841
v -1.1235 4.2051 0.0841
v -1.1235 4.2051 0.0841
v -1.1235 4.2051 0.0841
v -1.1235 4.2051 0.0841
v -1.2605 4.2019 0.07
v -1.2293 4.1992 0.0235
v -1.1577 4.1964 0.0002
v -1.0731 4.1946 0.0091
v -1.0078 4.1945 0.0467
v -0.9868 4.196 0.0987
v -1.0181 4.1987 0.1452
v -1.0896 4.2015 0.1685
v -1.1742 4.2034 0.1597
v -1.2395 4.2035 0.122
v -1.2605 4.2019 0.07
v -1.3926 4.1866 0.057
v -1.3313 4.1813 -0.0343
v -1.1909 4.1758 -0.08
v -1.025 4.1723 -0.0626
v -0.8969 4.172 0.0112
v -0.8557 4.1751 0.1132
v -0.917 4.1803 0.2045
v -1.0574 4.1858 0.2502
v -1.2233 4.1894 0.2328
v -1.3513 4.1897 0.159
v -1.3926 4.1866 0.057
v -1.5146 4.1597 0.0455
v -1.4256 4.152 -0.087
v -1.2218 4.1441 -0.1533
v -0.9809 4.1389 -0.1281
v -0.795 4.1385 -0.021
v -0.7352 4.1429 0.1271
v -0.8241 4.1506 0.2596
v -1.028 4.1586 0.3259
v -1.2689 4.1638 0.3007
v -1.4548 4.1642 0.1936
v -1.5146 4.1597 0.0455
v -1.622 4.1223 0.036
v -1.5087 4.1125 -0.1327
v -1.2492 4.1024 -0.2171
v -0.9427 4.0958 -0.185
v -0.7061 4.0953 -0.0487
v -0.6299 4.101 0.1398
v -0.7431 4.1107 0.3085
v -1.0026 4.1209 0.3929
v -1.3092 4.1275 0.3608
v -1.5458 4.128 0.2245
v -1.622 4.1223 0.036
v -1.7104 4.0758 0.0288
v -1.5773 4.0643 -0.1695
v -1.2722 4.0524 -0.2688
v -0.9117 4.0446 -0.231
v -0.6335 4.044 -0.0707
v -0.5439 4.0507 0.1509
v -0.6771 4.0622 0.3493
v -0.9822 4.0741 0.4485
v -1.3427 4.0819 0.4108
v -1.6208 4.0825 0.2505
v -1.7104 4.0758 0.0288
v -1.7767 4.022 0.0243
v -1.6287 4.0092 -0.1961
v -1.2897 3.996 -0.3064
v -0.8891 3.9874 -0.2645
v -0.58 3.9867 -0.0863
v -0.4805 3.9941 0.16
v -0.6285 4.0069 0.3804
v -0.9675 4.0201 0.4907
v -1.368 4.0287 0.4487
v -1.6771 4.0295 0.2706
v -1.7767 4.022 0.0243
v -1.8182 3.963 0.0226
v -1.6611 3.9494 -0.2114
v -1.3012 3.9354 -0.3285
v -0.8759 3.9262 -0.284
v -0.5478 3.9255 -0.0949
v -0.4421 3.9334 0.1666
v -0.5992 3.9469 0.4005
v -0.9591 3.961 0.5176
v -1.3843 3.9701 0.4731
v -1.7125 3.9709 0.284
v -1.8182 3.963 0.0226
v -1.8332 3.901 0.0237
v -1.6731 3.8871 -0.2149
v -1.3061 3.8728 -0.3343
v -0.8726 3.8635 -0.2889
v -0.538 3.8627 -0.0961
v -0.4302 3.8708 0.1705
v -0.5904 3.8846 0.4091
v -0.9573 3.899 0.5285
v -1.3909 3.9083 0.4831
v -1.7255 3.909 0.2903
v -1.8332 3.901 0.0237
v -1.1317 3.8859 0.0971
v -1.2038 4.045 0.025
v -1.2038 4.045 0.1692
v -1.2038 4.1891 0.025
v -1.2038 4.1891 0.1692
v -1.0597 4.045 0.025
v -1.0597 4.045 0.1692
v -1.0597 4.1891 0.025
v -1.0597 4.1891 0.1692
v -1.1317 4.0726 -0.0195
v -1.1317 4.0726 0.2137
v -1.1317 4.1616 -0.0195
v -1.1317 4.1616 0.2137
v -1.1763 4.0005 0.0971
v -1.1763 4.2337 0.0971
v -1.0872 4.0005 0.0971
v -1.0872 4.2337 0.0971
v -1.2483 4.1171 0.0526
v -1.2483 4.1171 0.1416
v -1.0151 4.1171 0.0526
v -1.0151 4.1171 0.1416
v -0.0482 3.9893 0.0447
v -0.0362 3.9387 0.0212
v 0.003 3.9263 -0.0182
v 0.04 3.9613 -0.0439
v 0.0468 4.0174 -0.0366
v 0.0184 4.0524 -0.0016
v -0.0239 4.0399 0.0345
v -0.7234 4.171 -0.7106
v -0.7147 4.1345 -0.7275
v -0.6865 4.1256 -0.7559
v -0.6599 4.1508 -0.7744
v -0.655 4.1912 -0.7691
v -0.6754 4.2164 -0.744
v -0.7059 4.2074 -0.718
v 0 3.9893 0
v -0.6887 4.171 -0.7428
v -0.6417 4.2897 -0.7332
v -0.6417 4.2897 -0.7332
v -0.6417 4.2897 -0.7332
v -0.6417 4.2897 -0.7332
v -0.6417 4.2897 -0.7332
v -0.6417 4.2897 -0.7332
v -0.6417 4.2897 -0.7332
v -0.6417 4.2897 -0.7332
v -0.6417 4.2897 -0.7332
v -0.6417 4.2897 -0.7332
v -0.6417 4.2897 -0.7332
v -0.7254 4.2927 -0.6239
v -0.7486 4.2976 -0.6748
v -0.7312 4.2973 -0.7481
v -0.68 4.2917 -0.8158
v -0.6146 4.2831 -0.852
v -0.5598 4.2747 -0.843
v -0.5367 4.2697 -0.7921
v -0.554 4.2701 -0.7188
v -0.6052 4.2756 -0.6511
v -0.6707 4.2843 -0.6148
v -0.7254 4.2927 -0.6239
v -0.8077 4.2833 -0.519
v -0.8531 4.2931 -0.6189
v -0.8191 4.2924 -0.7627
v -0.7187 4.2815 -0.8955
v -0.5902 4.2645 -0.9666
v -0.4829 4.2481 -0.9489
v -0.4375 4.2383 -0.8491
v -0.4715 4.239 -0.7053
v -0.5719 4.2499 -0.5724
v -0.7004 4.2668 -0.5013
v -0.8077 4.2833 -0.519
v -0.8855 4.2621 -0.4228
v -0.9513 4.2763 -0.5678
v -0.9019 4.2752 -0.7765
v -0.7561 4.2594 -0.9694
v -0.5697 4.2348 -1.0726
v -0.4138 4.2109 -1.0469
v -0.348 4.1967 -0.9019
v -0.3974 4.1977 -0.6932
v -0.5431 4.2136 -0.5003
v -0.7296 4.2382 -0.3971
v -0.8855 4.2621 -0.4228
v -0.9556 4.2298 -0.3389
v -1.0394 4.2478 -0.5234
v -0.9765 4.2465 -0.7891
v -0.791 4.2264 -1.0345
v -0.5537 4.1951 -1.166
v -0.3553 4.1646 -1.1332
v -0.2715 4.1466 -0.9487
v -0.3344 4.1479 -0.683
v -0.5199 4.168 -0.4375
v -0.7572 4.1993 -0.3061
v -0.9556 4.2298 -0.3389
v -1.0155 4.1876 -0.2705
v -1.114 4.2088 -0.4874
v -1.0401 4.2073 -0.7999
v -0.822 4.1836 -1.0885
v -0.543 4.1468 -1.243
v -0.3096 4.111 -1.2045
v -0.2111 4.0898 -0.9875
v -0.2851 4.0913 -0.6751
v -0.5032 4.115 -0.3865
v -0.7822 4.1518 -0.232
v -1.0155 4.1876 -0.2705
v -1.0629 4.1373 -0.2203
v -1.1723 4.1608 -0.4613
v -1.0902 4.1591 -0.8085
v -0.8478 4.1328 -1.1291
v -0.5378 4.0919 -1.3009
v -0.2785 4.0521 -1.258
v -0.1691 4.0285 -1.017
v -0.2512 4.0303 -0.6698
v -0.4936 4.0566 -0.3491
v -0.8036 4.0974 -0.1774
v -1.0629 4.1373 -0.2203
v -1.0958 4.0806 -0.1901
v -1.212 4.1056 -0.446
v -1.1248 4.1038 -0.8145
v -0.8675 4.0759 -1.155
v -0.5384 4.0325 -1.3372
v -0.2632 3.9902 -1.2918
v -0.147 3.9652 -1.0359
v -0.2342 3.967 -0.6673
v -0.4915 3.9949 -0.3269
v -0.8206 4.0383 -0.1446
v -1.0958 4.0806 -0.1901
v -1.1132 4.0198 -0.1812
v -1.2316 4.0453 -0.4421
v -1.1427 4.0435 -0.8178
v -0.8804 4.015 -1.1649
v -0.5448 3.9708 -1.3508
v -0.2642 3.9277 -1.3044
v -0.1457 3.9022 -1.0435
v -0.2346 3.904 -0.6678
v -0.497 3.9325 -0.3207
v -0.8325 3.9767 -0.1348
v -1.1132 4.0198 -0.1812
v -0.6887 3.9738 -0.7428
v -0.7607 4.1329 -0.8149
v -0.7607 4.1329 -0.6707
v -0.7607 4.277 -0.8149
v -0.7607 4.277 -0.6707
v -0.6166 4.1329 -0.8149
v -0.6166 4.1329 -0.6707
v -0.6166 4.277 -0.8149
v -0.6166 4.277 -0.6707
v -0.6887 4.1604 -0.8594
v -0.6887 4.1604 -0.6262
v -0.6887 4.2495 -0.8594
v -0.6887 4.2495 -0.6262
v -0.7332 4.0884 -0.7428
v -0.7332 4.3215 -0.7428
v -0.6441 4.0884 -0.7428
v -0.6441 4.3215 -0.7428
v -0.8053 4.205 -0.7873
v -0.8053 4.205 -0.6983
v -0.5721 4.205 -0.7873
v -0.5721 4.205 -0.6983
v -0.0435 3.9893 -0.0262
v -0.0234 3.9503 -0.0224
v 0.0143 3.9407 -0.0018
v 0.0412 3.9677 0.0202
v 0.0371 4.011 0.027
v 0.0051 4.038 0.0135
v -0.0308 4.0283 -0.0102
v 0.472 4.1683 -0.8557
v 0.4865 4.1402 -0.853
v 0.5136 4.1333 -0.8381
v 0.533 4.1527 -0.8223
v 0.5301 4.1839 -0.8174
v 0.507 4.2034 -0.8271
v 0.4812 4.1964 -0.8442
v 0 3.9893 0
v 0.5033 4.1683 -0.8368
v 0.5437 4.2881 -0.843
v 0.5437 4.2881 -0.843
v 0.5437 4.2881 -0.843
v 0.5437 4.2881 -0.843
v 0.5437 4.2881 -0.843
v 0.5437 4.2881 -0.843
v 0.5437 4.2881 -0.843
v 0.5437 4.2881 -0.843
v 0.5437 4.2881 -0.843
v 0.5437 4.2881 -0.843
v 0.5437 4.2881 -0.843
v 0.6036 4.2767 -0.7195
v 0.5479 4.2838 -0.7211
v 0.4904 4.2901 -0.7693
v 0.4529 4.2934 -0.8456
v 0.4498 4.2923 -0.9209
v 0.4823 4.2873 -0.9664
v 0.5379 4.2803 -0.9647
v 0.5955 4.2739 -0.9165
v 0.633 4.2706 -0.8402
v 0.6361 4.2717 -0.765
v 0.6036 4.2767 -0.7195
v 0.6596 4.2536 -0.6004
v 0.5504 4.2674 -0.6037
v 0.4375 4.2799 -0.6982
v 0.364 4.2864 -0.8478
v 0.3579 4.2842 -0.9955
v 0.4217 4.2744 -1.0847
v 0.5308 4.2605 -1.0814
v 0.6437 4.248 -0.9869
v 0.7173 4.2416 -0.8373
v 0.7233 4.2437 -0.6897
v 0.6596 4.2536 -0.6004
v 0.7096 4.2196 -0.4905
v 0.5511 4.2397 -0.4952
v 0.3872 4.2578 -0.6324
v 0.2805 4.2672 -0.8497
v 0.2717 4.2641 -1.064
v 0.3642 4.2498 -1.1935
v 0.5227 4.2297 -1.1888
v 0.6866 4.2115 -1.0516
v 0.7933 4.2022 -0.8343
v 0.8021 4.2053 -0.62
v 0.7096 4.2196 -0.4905
v 0.7517 4.176 -0.3938
v 0.55 4.2016 -0.3998
v 0.3414 4.2247 -0.5745
v 0.2055 4.2366 -0.851
v 0.1943 4.2327 -1.1238
v 0.312 4.2145 -1.2886
v 0.5138 4.1889 -1.2826
v 0.7224 4.1658 -1.108
v 0.8583 4.1539 -0.8315
v 0.8695 4.1578 -0.5587
v 0.7517 4.176 -0.3938
v 0.7843 4.1246 -0.3142
v 0.5471 4.1547 -0.3213
v 0.3017 4.1819 -0.5266
v 0.142 4.1959 -0.8517
v 0.1288 4.1913 -1.1725
v 0.2673 4.1698 -1.3664
v 0.5045 4.1398 -1.3593
v 0.7498 4.1126 -1.154
v 0.9095 4.0986 -0.8288
v 0.9227 4.1032 -0.5081
v 0.7843 4.1246 -0.3142
v 0.806 4.0673 -0.2546
v 0.5425 4.1007 -0.2625
v 0.2699 4.1309 -0.4907
v 0.0924 4.1465 -0.852
v 0.0777 4.1413 -1.2084
v 0.2316 4.1175 -1.4238
v 0.4951 4.0841 -1.4159
v 0.7677 4.0539 -1.1878
v 0.9452 4.0384 -0.8265
v 0.9598 4.0435 -0.4701
v 0.806 4.0673 -0.2546
v 0.8161 4.0063 -0.2175
v 0.5364 4.0418 -0.2258
v 0.247 4.0739 -0.468
v 0.0585 4.0903 -0.8516
v 0.043 4.0849 -1.2299
v 0.2063 4.0596 -1.4586
v 0.4861 4.0242 -1.4503
v 0.7755 3.9921 -1.2081
v 0.9639 3.9756 -0.8245
v 0.9794 3.981 -0.4462
v 0.8161 4.0063 -0.2175
v 0.8142 3.9439 -0.2041
v 0.529 3.9801 -0.2126
v 0.2339 4.0128 -0.4596
v 0.0418 4.0296 -0.8506
v 0.0259 4.0241 -1.2364
v 0.1925 3.9983 -1.4696
v 0.4777 3.9622 -1.461
v 0.7728 3.9294 -1.2141
v 0.9649 3.9126 -0.823
v 0.9807 3.9182 -0.4373
v 0.8142 3.9439 -0.2041
v 0.5033 3.9711 -0.8368
v 0.4313 4.1303 -0.9089
v 0.4313 4.1303 -0.7648
v 0.4313 4.2744 -0.9089
v 0.4313 4.2744 -0.7648
v 0.5754 4.1303 -0.9089
v 0.5754 4.1303 -0.7648
v 0.5754 4.2744 -0.9089
v 0.5754 4.2744 -0.7648
v 0.5033 4.1578 -0.9534
v 0.5033 4.1578 -0.7203
v 0.5033 4.2469 -0.9534
v 0.5033 4.2469 -0.7203
v 0.4588 4.0857 -0.8368
v 0.4588 4.3189 -0.8368
v 0.5479 4.0857 -0.8368
v 0.5479 4.3189 -0.8368
v 0.3868 4.2023 -0.8814
v 0.3868 4.2023 -0.7923
v 0.6199 4.2023 -0.8814
v 0.6199 4.2023 -0.7923
v 0.0071 5.0242 -0.0559
v 0.0117 4.9808 -0.0339
v 0.0075 4.9701 0.0136
v -0.0023 5.0001 0.0508
v -0.0104 5.0483 0.0498
v -0.0107 5.0783 0.0113
v -0.0029 5.0676 -0.0358
v 0.8811 5.1738 0.071
v 0.8845 5.1425 0.0868
v 0.8814 5.1348 0.121
v 0.8743 5.1564 0.1478
v 0.8685 5.1911 0.1471
v 0.8683 5.2127 0.1193
v 0.8739 5.205 0.0855
v 0 5.0242 0
v 0.876 5.1738 0.1112
v 0.8852 5.296 0.1163
v 0.8852 5.296 0.1163
v 0.8852 5.296 0.1163
v 0.8852 5.296 0.1163
v 0.8852 5.296 0.1163
v 0.8852 5.296 0.1163
v 0.8852 5.296 0.1163
v 0.8852 5.296 0.1163
v 0.8852 5.296 0.1163
v 0.8852 5.296 0.1163
v 0.8852 5.296 0.1163
v 0.991 5.2871 0.0998
v 0.9766 5.2868 0.1411
v 0.9273 5.2877 0.1729
v 0.8618 5.2894 0.1831
v 0.8052 5.2913 0.1677
v 0.7791 5.2926 0.1326
v 0.7934 5.2929 0.0913
v 0.8428 5.292 0.0596
v 0.9082 5.2902 0.0494
v 0.9648 5.2884 0.0648
v 0.991 5.2871 0.0998
v 1.0923 5.2662 0.0838
v 1.0642 5.2657 0.1648
v 0.9674 5.2675 0.2271
v 0.839 5.2709 0.247
v 0.728 5.2746 0.2168
v 0.6767 5.2771 0.1481
v 0.7049 5.2776 0.0671
v 0.8016 5.2758 0.0048
v 0.93 5.2725 -0.0151
v 1.041 5.2688 0.015
v 1.0923 5.2662 0.0838
v 1.1853 5.2342 0.0688
v 1.1445 5.2335 0.1864
v 1.004 5.2361 0.2769
v 0.8176 5.241 0.3058
v 0.6564 5.2463 0.262
v 0.582 5.2501 0.1622
v 0.6228 5.2508 0.0446
v 0.7633 5.2482 -0.046
v 0.9497 5.2433 -0.0748
v 1.1109 5.238 -0.031
v 1.1853 5.2342 0.0688
v 1.2664 5.1923 0.0554
v 1.2145 5.1914 0.2051
v 1.0357 5.1947 0.3203
v 0.7984 5.201 0.357
v 0.5933 5.2078 0.3013
v 0.4986 5.2125 0.1743
v 0.5506 5.2134 0.0246
v 0.7293 5.2101 -0.0906
v 0.9666 5.2039 -0.1274
v 1.1718 5.1971 -0.0716
v 1.2664 5.1923 0.0554
v 1.3326 5.1421 0.0441
v 1.2715 5.1411 0.2202
v 1.0612 5.145 0.3557
v 0.7822 5.1523 0.3989
v 0.541 5.1603 0.3333
v 0.4297 5.1659 0.184
v 0.4908 5.167 0.008
v 0.701 5.1631 -0.1275
v 0.98 5.1557 -0.1707
v 1.2212 5.1477 -0.1052
v 1.3326 5.1421 0.0441
v 1.3811 5.0856 0.0355
v 1.3132 5.0844 0.2311
v 1.0797 5.0887 0.3816
v 0.7697 5.0969 0.4296
v 0.5016 5.1058 0.3568
v 0.3779 5.112 0.1909
v 0.4458 5.1132 -0.0047
v 0.6794 5.1089 -0.1553
v 0.9894 5.1007 -0.2033
v 1.2575 5.0918 -0.1304
v 1.3811 5.0856 0.0355
v 1.4103 5.0249 0.0297
v 1.3382 5.0236 0.2374
v 1.0903 5.0282 0.3972
v 0.7612 5.0368 0.4482
v 0.4766 5.0463 0.3708
v 0.3453 5.0529 0.1947
v 0.4174 5.0541 -0.0129
v 0.6653 5.0496 -0.1728
v 0.9944 5.0409 -0.2237
v 1.279 5.0315 -0.1464
v 1.4103 5.0249 0.0297
v 1.419 4.9623 0.0271
v 1.3455 4.961 0.2388
v 1.0927 4.9657 0.4018
v 0.7571 4.9745 0.4538
v 0.467 4.9841 0.3749
v 0.3331 4.9908 0.1953
v 0.4066 4.9921 -0.0164
v 0.6594 4.9874 -0.1794
v 0.9949 4.9786 -0.2313
v 1.2851 4.969 -0.1525
v 1.419 4.9623 0.0271
v 0.876 4.9766 0.1112
v 0.804 5.1357 0.0392
v 0.804 5.1357 0.1833
v 0.804 5.2798 0.0392
v 0.804 5.2798 0.1833
v 0.9481 5.1357 0.0392
v 0.9481 5.1357 0.1833
v 0.9481 5.2798 0.0392
v 0.9481 5.2798 0.1833
v 0.876 5.1632 -0.0054
v 0.876 5.1632 0.2278
v 0.876 5.2523 -0.0054
v 0.876 5.2523 0.2278
v 0.8315 5.0912 0.1112
v 0.8315 5.3243 0.1112
v 0.9205 5.0912 0.1112
v 0.9205 5.3243 0.1112
v 0.7594 5.2078 0.0667
v 0.7594 5.2078 0.1557
v 0.9926 5.2078 0.0667
v 0.9926 5.2078 0.1557
v 0.0681 5.0242 -0.0298
v 0.0488 4.9683 -0.004
v -0.0072 4.9545 0.0247
v -0.0578 4.9932 0.0349
v -0.0649 5.0552 0.0188
v -0.0231 5.0939 -0.0115
v 0.0361 5.0801 -0.0331
v 0.3481 5.2358 0.6628
v 0.3342 5.1955 0.6814
v 0.2939 5.1856 0.7021
v 0.2574 5.2134 0.7094
v 0.2524 5.2581 0.6978
v 0.2825 5.286 0.676
v 0.3251 5.276 0.6605
v 0 5.0242 0
v 0.2991 5.2358 0.6843
v 0.3742 5.3489 0.6991
v 0.3742 5.3489 0.6991
v 0.3742 5.3489 0.6991
v 0.3742 5.3489 0.6991
v 0.3742 5.3489 0.6991
v 0.3742 5.3489 0.6991
v 0.3742 5.3489 0.6991
v 0.3742 5.3489 0.6991
v 0.3742 5.3489 0.6991
v 0.3742 5.3489 0.6991
v 0.3742 5.3489 0.6991
v 0.4087 5.339 0.5979
v 0.4371 5.3306 0.6301
v 0.4409 5.3269 0.6885
v 0.4187 5.3293 0.7509
v 0.3789 5.3369 0.7934
v 0.3368 5.3468 0.7998
v 0.3084 5.3552 0.7676
v 0.3046 5.3589 0.7092
v 0.3269 5.3565 0.6468
v 0.3666 5.3489 0.6043
v 0.4087 5.339 0.5979
v 0.439 5.3177 0.5
v 0.4947 5.3012 0.5631
v 0.5021 5.2939 0.6778
v 0.4585 5.2986 0.8002
v 0.3805 5.3135 0.8835
v 0.2979 5.3328 0.896
v 0.2423 5.3493 0.8329
v 0.2348 5.3566 0.7182
v 0.2784 5.3519 0.5959
v 0.3564 5.3371 0.5125
v 0.439 5.3177 0.5
v 0.464 5.2856 0.4092
v 0.5448 5.2616 0.5009
v 0.5556 5.251 0.6673
v 0.4923 5.2578 0.8449
v 0.379 5.2794 0.9659
v 0.2591 5.3076 0.9841
v 0.1783 5.3316 0.8924
v 0.1675 5.3421 0.726
v 0.2308 5.3353 0.5483
v 0.3441 5.3137 0.4273
v 0.464 5.2856 0.4092
v 0.4826 5.244 0.3289
v 0.5854 5.2135 0.4456
v 0.5991 5.2 0.6574
v 0.5186 5.2087 0.8835
v 0.3745 5.2362 1.0375
v 0.2218 5.272 1.0606
v 0.119 5.3025 0.944
v 0.1053 5.316 0.7321
v 0.1858 5.3073 0.506
v 0.33 5.2798 0.352
v 0.4826 5.244 0.3289
v 0.4941 5.1945 0.2623
v 0.615 5.1586 0.3995
v 0.6312 5.1428 0.6486
v 0.5365 5.153 0.9145
v 0.367 5.1853 1.0956
v 0.1875 5.2275 1.1227
v 0.0666 5.2633 0.9855
v 0.0504 5.2792 0.7364
v 0.1452 5.269 0.4706
v 0.3147 5.2366 0.2895
v 0.4941 5.1945 0.2623
v 0.4982 5.139 0.212
v 0.6325 5.0992 0.3644
v 0.6505 5.0816 0.6412
v 0.5452 5.0929 0.9366
v 0.3569 5.1288 1.1378
v 0.1575 5.1757 1.1679
v 0.0232 5.2155 1.0155
v 0.0052 5.2331 0.7388
v 0.1105 5.2218 0.4433
v 0.2988 5.1858 0.2421
v 0.4982 5.139 0.212
v 0.4946 5.0797 0.1797
v 0.6372 5.0374 0.3415
v 0.6563 5.0187 0.6354
v 0.5445 5.0307 0.949
v 0.3446 5.0689 1.1626
v 0.1329 5.1186 1.1946
v -0.0097 5.1609 1.0328
v -0.0288 5.1795 0.739
v 0.083 5.1675 0.4254
v 0.2829 5.1294 0.2118
v 0.4946 5.0797 0.1797
v 0.4835 5.0188 0.1669
v 0.6289 4.9756 0.3319
v 0.6483 4.9566 0.6314
v 0.5344 4.9688 0.9512
v 0.3306 5.0077 1.169
v 0.1147 5.0584 1.2016
v -0.0307 5.1015 1.0367
v -0.0501 5.1206 0.7371
v 0.0638 5.1083 0.4173
v 0.2676 5.0694 0.1995
v 0.4835 5.0188 0.1669
v 0.2991 5.0386 0.6843
v 0.227 5.1977 0.6122
v 0.227 5.1977 0.7563
v 0.227 5.3418 0.6122
v 0.227 5.3418 0.7563
v 0.3711 5.1977 0.6122
v 0.3711 5.1977 0.7563
v 0.3711 5.3418 0.6122
v 0.3711 5.3418 0.7563
v 0.2991 5.2253 0.5677
v 0.2991 5.2253 0.8009
v 0.2991 5.3143 0.5677
v 0.2991 5.3143 0.8009
v 0.2546 5.1532 0.6843
v 0.2546 5.3864 0.6843
v 0.3436 5.1532 0.6843
v 0.3436 5.3864 0.6843
v 0.1825 5.2698 0.6397
v 0.1825 5.2698 0.7288
v 0.4157 5.2698 0.6397
v 0.4157 5.2698 0.7288
v 0.0341 5.0242 0.0363
v 0.0108 4.988 0.0325
v -0.0206 4.979 0.0042
v -0.0365 5.0041 -0.0273
v -0.025 5.0443 -0.0382
v 0.0054 5.0694 -0.0203
v 0.0317 5.0604 0.0128
v -0.5582 5.3404 0.5739
v -0.5749 5.3143 0.5711
v -0.5976 5.3078 0.5508
v -0.609 5.3259 0.5281
v -0.6007 5.3549 0.5203
v -0.5788 5.3729 0.5331
v -0.5599 5.3665 0.557
v 0 5.0242 0
v -0.5827 5.3404 0.5478
v -0.5292 5.457 0.5196
v -0.5292 5.457 0.5196
v -0.5292 5.457 0.5196
v -0.5292 5.457 0.5196
v -0.5292 5.457 0.5196
v -0.5292 5.457 0.5196
v -0.5292 5.457 0.5196
v -0.5292 5.457 0.5196
v -0.5292 5.457 0.5196
v -0.5292 5.457 0.5196
v -0.5292 5.457 0.5196
v -0.6005 5.4557 0.4393
v -0.5587 5.4477 0.4296
v -0.5059 5.4409 0.4545
v -0.4625 5.438 0.5044
v -0.4449 5.44 0.5603
v -0.4599 5.4462 0.6009
v -0.5018 5.4542 0.6107
v -0.5545 5.461 0.5858
v -0.598 5.4639 0.5359
v -0.6155 5.4619 0.4799
v -0.6005 5.4557 0.4393
v -0.6712 5.4424 0.3633
v -0.5891 5.4267 0.3442
v -0.4857 5.4134 0.3929
v -0.4004 5.4077 0.4909
v -0.3659 5.4116 0.6006
v -0.3953 5.4238 0.6802
v -0.4774 5.4395 0.6993
v -0.5809 5.4528 0.6506
v -0.6661 5.4586 0.5526
v -0.7006 5.4546 0.4429
v -0.6712 5.4424 0.3633
v -0.7385 5.4176 0.2943
v -0.6193 5.3948 0.2665
v -0.4691 5.3755 0.3373
v -0.3453 5.3672 0.4795
v -0.2952 5.3729 0.6388
v -0.3379 5.3906 0.7544
v -0.4572 5.4134 0.7822
v -0.6073 5.4327 0.7114
v -0.7311 5.441 0.5692
v -0.7812 5.4353 0.4099
v -0.7385 5.4176 0.2943
v -0.7998 5.3823 0.235
v -0.648 5.3532 0.1997
v -0.4569 5.3287 0.2898
v -0.2994 5.3181 0.4708
v -0.2356 5.3254 0.6736
v -0.29 5.3479 0.8207
v -0.4417 5.3769 0.856
v -0.6328 5.4015 0.7659
v -0.7904 5.4121 0.5849
v -0.8541 5.4048 0.3821
v -0.7998 5.3823 0.235
v -0.8527 5.3378 0.1878
v -0.6743 5.3036 0.1463
v -0.4495 5.2748 0.2522
v -0.2643 5.2623 0.465
v -0.1893 5.2709 0.7035
v -0.2533 5.2973 0.8765
v -0.4317 5.3315 0.918
v -0.6564 5.3603 0.8121
v -0.8417 5.3728 0.5992
v -0.9166 5.3642 0.3608
v -0.8527 5.3378 0.1878
v -0.8953 5.2858 0.1544
v -0.697 5.2478 0.1083
v -0.4473 5.2158 0.2259
v -0.2415 5.2019 0.4624
v -0.1582 5.2114 0.7274
v -0.2292 5.2408 0.9196
v -0.4275 5.2787 0.9657
v -0.6772 5.3108 0.848
v -0.883 5.3247 0.6116
v -0.9663 5.3151 0.3466
v -0.8953 5.2858 0.1544
v -0.9258 5.2283 0.1361
v -0.7154 5.188 0.0871
v -0.4503 5.154 0.2121
v -0.2318 5.1392 0.4631
v -0.1433 5.1494 0.7444
v -0.2187 5.1805 0.9485
v -0.4292 5.2208 0.9974
v -0.6943 5.2548 0.8725
v -0.9128 5.2696 0.6214
v -1.0012 5.2595 0.3401
v -0.9258 5.2283 0.1361
v -0.9432 5.1675 0.1336
v -0.7286 5.1264 0.0837
v -0.4583 5.0917 0.2111
v -0.2355 5.0767 0.467
v -0.1454 5.0871 0.7538
v -0.2223 5.1188 0.9619
v -0.4368 5.1599 1.0118
v -0.7071 5.1946 0.8844
v -0.9299 5.2097 0.6285
v -1.0201 5.1993 0.3417
v -0.9432 5.1675 0.1336
v -0.5827 5.1432 0.5478
v -0.6548 5.3023 0.4757
v -0.6548 5.3023 0.6198
v -0.6548 5.4464 0.4757
v -0.6548 5.4464 0.6198
v -0.5107 5.3023 0.4757
v -0.5107 5.3023 0.6198
v -0.5107 5.4464 0.4757
v -0.5107 5.4464 0.6198
v -0.5827 5.3298 0.4312
v -0.5827 5.3298 0.6643
v -0.5827 5.4189 0.4312
v -0.5827 5.4189 0.6643
v -0.6273 5.2578 0.5478
v -0.6273 5.491 0.5478
v -0.5382 5.2578 0.5478
v -0.5382 5.491 0.5478
v -0.6993 5.3744 0.5032
v -0.6993 5.3744 0.5923
v -0.4661 5.3744 0.5032
v -0.4661 5.3744 0.5923
v -0.0074 5.0242 0.0635
v -0.0111 4.9746 0.0388
v -0.0064 4.9624 -0.0151
v 0.0031 4.9967 -0.0576
v 0.0103 5.0517 -0.0568
v 0.0097 5.086 -0.0132
v 0.0018 5.0738 0.0404
v -0.8829 5.1403 -0.0571
v -0.8855 5.1046 -0.0749
v -0.8822 5.0957 -0.1137
v -0.8753 5.1204 -0.1443
v -0.8701 5.1601 -0.1437
v -0.8705 5.1848 -0.1123
v -0.8762 5.1759 -0.0738
v 0 5.0242 0
v -0.8775 5.1403 -0.1028
v -0.8493 5.2603 -0.1297
v -0.8493 5.2603 -0.1297
v -0.8493 5.2603 -0.1297
v -0.8493 5.2603 -0.1297
v -0.8493 5.2603 -0.1297
v -0.8493 5.2603 -0.1297
v -0.8493 5.2603 -0.1297
v -0.8493 5.2603 -0.1297
v -0.8493 5.2603 -0.1297
v -0.8493 5.2603 -0.1297
v -0.8493 5.2603 -0.1297
v -0.9555 5.2648 -0.114
v -0.9411 5.2601 -0.155
v -0.8918 5.2531 -0.1861
v -0.8266 5.2465 -0.1955
v -0.7702 5.2428 -0.1795
v -0.7443 5.2435 -0.1443
v -0.7587 5.2483 -0.1033
v -0.808 5.2553 -0.0722
v -0.8732 5.2619 -0.0628
v -0.9296 5.2655 -0.0788
v -0.9555 5.2648 -0.114
v -1.0586 5.2571 -0.0979
v -1.0304 5.2477 -0.1783
v -0.9337 5.234 -0.2394
v -0.8057 5.221 -0.2578
v -0.6952 5.2139 -0.2265
v -0.6443 5.2152 -0.1574
v -0.6726 5.2245 -0.077
v -0.7692 5.2383 -0.0159
v -0.8973 5.2512 0.0025
v -1.0078 5.2584 -0.0288
v -1.0586 5.2571 -0.0979
v -1.1548 5.2372 -0.082
v -1.1138 5.2237 -0.1987
v -0.9735 5.2037 -0.2874
v -0.7876 5.1849 -0.3141
v -0.6272 5.1745 -0.2686
v -0.5534 5.1764 -0.1684
v -0.5944 5.19 -0.0516
v -0.7347 5.2099 0.037
v -0.9205 5.2287 0.0637
v -1.081 5.2391 0.0183
v -1.1548 5.2372 -0.082
v -1.2404 5.206 -0.0668
v -1.1881 5.1888 -0.2154
v -1.0096 5.1634 -0.3283
v -0.773 5.1395 -0.3623
v -0.5688 5.1262 -0.3044
v -0.4748 5.1287 -0.1768
v -0.5271 5.1459 -0.0282
v -0.7056 5.1713 0.0846
v -0.9422 5.1952 0.1186
v -1.1464 5.2085 0.0608
v -1.2404 5.206 -0.0668
v -1.312 5.1648 -0.0531
v -1.2505 5.1445 -0.2278
v -1.0406 5.1146 -0.3605
v -0.7624 5.0865 -0.4005
v -0.5222 5.0709 -0.3324
v -0.4118 5.0738 -0.1824
v -0.4733 5.0941 -0.0077
v -0.6832 5.124 0.125
v -0.9613 5.1521 0.165
v -1.2015 5.1676 0.0969
v -1.312 5.1648 -0.0531
v -1.3669 5.115 -0.0413
v -1.2986 5.0925 -0.2354
v -1.0653 5.0593 -0.3829
v -0.7562 5.028 -0.4273
v -0.4894 5.0107 -0.3517
v -0.3666 5.0139 -0.1849
v -0.4349 5.0364 0.0092
v -0.6682 5.0696 0.1566
v -0.9773 5.1009 0.201
v -1.2441 5.1182 0.1254
v -1.3669 5.115 -0.0413
v -1.403 5.0586 -0.0318
v -1.3304 5.0347 -0.2379
v -1.0828 4.9994 -0.3944
v -0.7547 4.9663 -0.4416
v -0.4714 4.9479 -0.3613
v -0.3411 4.9513 -0.1843
v -0.4136 4.9752 0.0218
v -0.6612 5.0104 0.1783
v -0.9894 5.0436 0.2254
v -1.2727 5.062 0.1452
v -1.403 5.0586 -0.0318
v -1.4189 4.9977 -0.0251
v -1.3449 4.9734 -0.2352
v -1.0925 4.9374 -0.3948
v -0.7579 4.9036 -0.4429
v -0.4691 4.8849 -0.361
v -0.3362 4.8884 -0.1806
v -0.4101 4.9127 0.0296
v -0.6626 4.9487 0.1891
v -0.9971 4.9825 0.2372
v -1.286 5.0012 0.1554
v -1.4189 4.9977 -0.0251
v -0.8775 4.9431 -0.1028
v -0.9496 5.1022 -0.1749
v -0.9496 5.1022 -0.0308
v -0.9496 5.2463 -0.1749
v -0.9496 5.2463 -0.0308
v -0.8055 5.1022 -0.1749
v -0.8055 5.1022 -0.0308
v -0.8055 5.2463 -0.1749
v -0.8055 5.2463 -0.0308
v -0.8775 5.1297 -0.2194
v -0.8775 5.1297 0.0137
v -0.8775 5.2188 -0.2194
v -0.8775 5.2188 0.0137
v -0.9221 5.0577 -0.1028
v -0.9221 5.2908 -0.1028
v -0.833 5.0577 -0.1028
v -0.833 5.2908 -0.1028
v -0.9941 5.1743 -0.1474
v -0.9941 5.1743 -0.0583
v -0.761 5.1743 -0.1474
v -0.761 5.1743 -0.0583
v -0.0462 5.0242 0.0218
v -0.0321 4.985 0.0066
v 0.0062 4.9753 -0.0136
v 0.0398 5.0024 -0.0236
v 0.0435 5.046 -0.0158
v 0.0144 5.0731 0.0039
v -0.0255 5.0634 0.0206
v -0.3534 5.172 -0.6621
v -0.3432 5.1438 -0.6731
v -0.3156 5.1368 -0.6876
v -0.2914 5.1564 -0.6948
v -0.2888 5.1877 -0.6892
v -0.3097 5.2073 -0.6751
v -0.3385 5.2003 -0.663
v 0 5.0242 0
v -0.3201 5.172 -0.6779
v -0.3247 5.2944 -0.6806
v -0.3247 5.2944 -0.6806
v -0.3247 5.2944 -0.6806
v -0.3247 5.2944 -0.6806
v -0.3247 5.2944 -0.6806
v -0.3247 5.2944 -0.6806
v -0.3247 5.2944 -0.6806
v -0.3247 5.2944 -0.6806
v -0.3247 5.2944 -0.6806
v -0.3247 5.2944 -0.6806
v -0.3247 5.2944 -0.6806
v -0.3634 5.2886 -0.5806
v -0.392 5.2879 -0.6136
v -0.3949 5.2873 -0.6722
v -0.371 5.2871 -0.734
v -0.3293 5.2874 -0.7754
v -0.2859 5.2879 -0.7806
v -0.2573 5.2887 -0.7475
v -0.2544 5.2892 -0.6889
v -0.2783 5.2894 -0.6271
v -0.3199 5.2891 -0.5857
v -0.3634 5.2886 -0.5806
v -0.4003 5.2707 -0.4843
v -0.4565 5.2693 -0.5491
v -0.4622 5.2682 -0.6641
v -0.4152 5.2678 -0.7853
v -0.3336 5.2683 -0.8664
v -0.2484 5.2695 -0.8766
v -0.1923 5.2708 -0.8117
v -0.1866 5.2719 -0.6968
v -0.2335 5.2723 -0.5756
v -0.3152 5.2718 -0.4944
v -0.4003 5.2707 -0.4843
v -0.4342 5.2414 -0.3954
v -0.5157 5.2394 -0.4895
v -0.524 5.2378 -0.6564
v -0.4558 5.2373 -0.8324
v -0.3373 5.238 -0.9502
v -0.2137 5.2397 -0.9649
v -0.1322 5.2417 -0.8708
v -0.1239 5.2432 -0.7039
v -0.1921 5.2438 -0.5279
v -0.3106 5.2431 -0.4101
v -0.4342 5.2414 -0.3954
v -0.4637 5.2019 -0.3174
v -0.5674 5.1994 -0.4372
v -0.578 5.1974 -0.6496
v -0.4912 5.1967 -0.8736
v -0.3404 5.1976 -1.0236
v -0.183 5.1997 -1.0422
v -0.0793 5.2022 -0.9225
v -0.0688 5.2042 -0.71
v -0.1555 5.2049 -0.4861
v -0.3063 5.204 -0.3361
v -0.4637 5.2019 -0.3174
v -0.4877 5.1537 -0.2533
v -0.6097 5.1507 -0.3941
v -0.622 5.1483 -0.6439
v -0.5201 5.1475 -0.9072
v -0.3427 5.1486 -1.0836
v -0.1577 5.1511 -1.1055
v -0.0357 5.1541 -0.9647
v -0.0233 5.1564 -0.7149
v -0.1253 5.1572 -0.4516
v -0.3027 5.1562 -0.2752
v -0.4877 5.1537 -0.2533
v -0.5052 5.0986 -0.2054
v -0.6408 5.0953 -0.3619
v -0.6545 5.0926 -0.6394
v -0.5412 5.0917 -0.9321
v -0.3441 5.0929 -1.128
v -0.1385 5.0957 -1.1524
v -0.003 5.099 -0.996
v 0.0108 5.1016 -0.7184
v -0.1025 5.1025 -0.4258
v -0.2996 5.1014 -0.2298
v -0.5052 5.0986 -0.2054
v -0.5156 5.0387 -0.1757
v -0.6595 5.0352 -0.3418
v -0.6741 5.0324 -0.6365
v -0.5538 5.0315 -0.9472
v -0.3446 5.0327 -1.1552
v -0.1264 5.0356 -1.1811
v 0.0175 5.0392 -1.015
v 0.0321 5.042 -0.7203
v -0.0882 5.0429 -0.4096
v -0.2974 5.0417 -0.2016
v -0.5156 5.0387 -0.1757
v -0.5185 4.9764 -0.1653
v -0.6652 4.9728 -0.3347
v -0.6801 4.97 -0.6351
v -0.5575 4.969 -0.9519
v -0.3442 4.9703 -1.164
v -0.1216 4.9733 -1.1904
v 0.0251 4.9769 -1.021
v 0.04 4.9797 -0.7206
v -0.0827 4.9807 -0.4038
v -0.296 4.9794 -0.1917
v -0.5185 4.9764 -0.1653
v -0.3201 4.9748 -0.6779
v -0.3921 5.134 -0.7499
v -0.3921 5.134 -0.6058
v -0.3921 5.2781 -0.7499
v -0.3921 5.2781 -0.6058
v -0.248 5.134 -0.7499
v -0.248 5.134 -0.6058
v -0.248 5.2781 -0.7499
v -0.248 5.2781 -0.6058
v -0.3201 5.1615 -0.7944
v -0.3201 5.1615 -0.5613
v -0.3201 5.2506 -0.7944
v -0.3201 5.2506 -0.5613
v -0.3646 5.0895 -0.6779
v -0.3646 5.3226 -0.6779
v -0.2756 5.0895 -0.6779
v -0.2756 5.3226 -0.6779
v -0.4367 5.206 -0.7224
v -0.4367 5.206 -0.6333
v -0.2035 5.206 -0.7224
v -0.2035 5.206 -0.6333
v -0.0449 5.0242 -0.0412
v -0.018 4.9789 -0.0365
v 0.0224 4.9677 -0.0044
v 0.046 4.9991 0.0311
v 0.0349 5.0493 0.0431
v -0.0024 5.0807 0.0227
v -0.038 5.0695 -0.0148
v 0.5005 5.281 -0.6106
v 0.5199 5.2484 -0.6072
v 0.549 5.2404 -0.5841
v 0.5659 5.2629 -0.5586
v 0.558 5.2991 -0.5499
v 0.5311 5.3217 -0.5646
v 0.5055 5.3136 -0.5916
v 0 5.0242 0
v 0.5328 5.281 -0.5809
v 0.5511 5.4027 -0.5713
v 0.5511 5.4027 -0.5713
v 0.5511 5.4027 -0.5713
v 0.5511 5.4027 -0.5713
v 0.5511 5.4027 -0.5713
v 0.5511 5.4027 -0.5713
v 0.5511 5.4027 -0.5713
v 0.5511 5.4027 -0.5713
v 0.5511 5.4027 -0.5713
v 0.5511 5.4027 -0.5713
v 0.5511 5.4027 -0.5713
v 0.6149 5.3903 -0.4858
v 0.5718 5.3926 -0.479
v 0.5207 5.3964 -0.5075
v 0.481 5.4003 -0.5604
v 0.468 5.4028 -0.6176
v 0.4867 5.4029 -0.6572
v 0.5298 5.4006 -0.664
v 0.5809 5.3968 -0.6355
v 0.6206 5.3929 -0.5825
v 0.6336 5.3905 -0.5254
v 0.6149 5.3903 -0.4858
v 0.6756 5.3662 -0.4039
v 0.591 5.3706 -0.3906
v 0.4906 5.3781 -0.4465
v 0.4129 5.3857 -0.5504
v 0.3874 5.3905 -0.6625
v 0.4239 5.3908 -0.7401
v 0.5085 5.3863 -0.7535
v 0.6089 5.3789 -0.6976
v 0.6866 5.3713 -0.5937
v 0.7121 5.3664 -0.4815
v 0.6756 5.3662 -0.4039
v 0.7307 5.3311 -0.3289
v 0.6079 5.3376 -0.3095
v 0.4622 5.3484 -0.3907
v 0.3494 5.3595 -0.5415
v 0.3124 5.3665 -0.7043
v 0.3654 5.3668 -0.817
v 0.4882 5.3604 -0.8364
v 0.6339 5.3496 -0.7552
v 0.7468 5.3385 -0.6044
v 0.7838 5.3315 -0.4415
v 0.7307 5.3311 -0.3289
v 0.7783 5.2866 -0.2635
v 0.622 5.2948 -0.2388
v 0.4366 5.3086 -0.3422
v 0.2929 5.3226 -0.5341
v 0.2458 5.3316 -0.7413
v 0.3133 5.332 -0.8847
v 0.4696 5.3238 -0.9094
v 0.655 5.3101 -0.8061
v 0.7987 5.296 -0.6141
v 0.8458 5.2871 -0.4069
v 0.7783 5.2866 -0.2635
v 0.8164 5.2343 -0.2104
v 0.6326 5.244 -0.1813
v 0.4146 5.2601 -0.3028
v 0.2456 5.2767 -0.5285
v 0.1903 5.2872 -0.7722
v 0.2696 5.2877 -0.9408
v 0.4534 5.278 -0.9699
v 0.6714 5.2618 -0.8483
v 0.8404 5.2453 -0.6226
v 0.8958 5.2348 -0.379
v 0.8164 5.2343 -0.2104
v 0.8436 5.1762 -0.1714
v 0.6394 5.1869 -0.1391
v 0.3971 5.2049 -0.2742
v 0.2094 5.2233 -0.525
v 0.1479 5.235 -0.7957
v 0.2361 5.2355 -0.983
v 0.4403 5.2248 -1.0154
v 0.6825 5.2068 -0.8803
v 0.8703 5.1885 -0.6295
v 0.9318 5.1768 -0.3588
v 0.8436 5.1762 -0.1714
v 0.8589 5.1145 -0.1483
v 0.6421 5.1259 -0.1139
v 0.3849 5.145 -0.2573
v 0.1856 5.1645 -0.5235
v 0.1203 5.1769 -0.811
v 0.2139 5.1775 -1.0098
v 0.4307 5.1661 -1.0441
v 0.6879 5.147 -0.9008
v 0.8872 5.1276 -0.6346
v 0.9525 5.1151 -0.3471
v 0.8589 5.1145 -0.1483
v 0.8616 5.0517 -0.1417
v 0.6406 5.0633 -0.1067
v 0.3784 5.0828 -0.2529
v 0.1752 5.1026 -0.5243
v 0.1086 5.1153 -0.8174
v 0.204 5.1159 -1.0202
v 0.4251 5.1043 -1.0551
v 0.6873 5.0848 -0.909
v 0.8905 5.065 -0.6375
v 0.9571 5.0523 -0.3444
v 0.8616 5.0517 -0.1417
v 0.5328 5.0838 -0.5809
v 0.4608 5.243 -0.653
v 0.4608 5.243 -0.5089
v 0.4608 5.3871 -0.653
v 0.4608 5.3871 -0.5089
v 0.6049 5.243 -0.653
v 0.6049 5.243 -0.5089
v 0.6049 5.3871 -0.653
v 0.6049 5.3871 -0.5089
v 0.5328 5.2705 -0.6975
v 0.5328 5.2705 -0.4643
v 0.5328 5.3595 -0.6975
v 0.5328 5.3595 -0.4643
v 0.4883 5.1984 -0.5809
v 0.4883 5.4316 -0.5809
v 0.5774 5.1984 -0.5809
v 0.5774 5.4316 -0.5809
v 0.4162 5.315 -0.6255
v 0.4162 5.315 -0.5364
v 0.6494 5.315 -0.6255
v 0.6494 5.315 -0.5364
v -0.0034 6.0591 -0.0462
v 0.0076 6.0243 -0.0295
v 0.0129 6.0157 0.0094
v 0.0085 6.0398 0.0412
v -0.0023 6.0784 0.042
v -0.0114 6.1025 0.0112
v -0.0119 6.0939 -0.0281
v 0.6874 6.2537 -0.0843
v 0.6953 6.2286 -0.0723
v 0.6992 6.2224 -0.0443
v 0.696 6.2398 -0.0214
v 0.6882 6.2676 -0.0208
v 0.6816 6.285 -0.043
v 0.6813 6.2788 -0.0713
v 0 6.0591 0
v 0.6898 6.2537 -0.0511
v 0.6978 6.3749 -0.0244
v 0.6978 6.3749 -0.0244
v 0.6978 6.3749 -0.0244
v 0.6978 6.3749 -0.0244
v 0.6978 6.3749 -0.0244
v 0.6978 6.3749 -0.0244
v 0.6978 6.3749 -0.0244
v 0.6978 6.3749 -0.0244
v 0.6978 6.3749 -0.0244
v 0.6978 6.3749 -0.0244
v 0.6978 6.3749 -0.0244
v 0.7811 6.366 -0.0174
v 0.7624 6.3641 0.0111
v 0.7189 6.364 0.0259
v 0.6674 6.3656 0.0212
v 0.6274 6.3685 -0.001
v 0.6143 6.3715 -0.0324
v 0.633 6.3734 -0.061
v 0.6764 6.3735 -0.0757
v 0.728 6.3719 -0.071
v 0.7679 6.369 -0.0488
v 0.7811 6.366 -0.0174
v 0.8608 6.3453 -0.0117
v 0.8241 6.3415 0.0443
v 0.7389 6.3412 0.0732
v 0.6378 6.3445 0.0641
v 0.5594 6.3502 0.0204
v 0.5336 6.356 -0.0412
v 0.5703 6.3597 -0.0971
v 0.6555 6.36 -0.1261
v 0.7566 6.3567 -0.1169
v 0.835 6.3511 -0.0732
v 0.8608 6.3453 -0.0117
v 0.934 6.3135 -0.0074
v 0.8807 6.308 0.0738
v 0.757 6.3076 0.1158
v 0.6103 6.3124 0.1025
v 0.4964 6.3205 0.0391
v 0.459 6.329 -0.0503
v 0.5123 6.3344 -0.1315
v 0.6359 6.3349 -0.1735
v 0.7827 6.3301 -0.1603
v 0.8966 6.3219 -0.0968
v 0.934 6.3135 -0.0074
v 0.9978 6.2717 -0.0049
v 0.9299 6.2648 0.0984
v 0.7726 6.2643 0.1519
v 0.5858 6.2704 0.135
v 0.4409 6.2808 0.0543
v 0.3932 6.2915 -0.0595
v 0.461 6.2984 -0.1629
v 0.6184 6.299 -0.2163
v 0.8052 6.2929 -0.1994
v 0.9501 6.2825 -0.1187
v 0.9978 6.2717 -0.0049
v 1.0497 6.2218 -0.0041
v 0.97 6.2136 0.1174
v 0.7849 6.213 0.1802
v 0.5652 6.2201 0.1604
v 0.3949 6.2324 0.0654
v 0.3388 6.245 -0.0684
v 0.4186 6.2532 -0.1899
v 0.6037 6.2538 -0.2527
v 0.8233 6.2466 -0.2329
v 0.9937 6.2344 -0.1379
v 1.0497 6.2218 -0.0041
v 1.0878 6.1654 -0.0052
v 0.9992 6.1563 0.1299
v 0.7936 6.1557 0.1997
v 0.5495 6.1636 0.1776
v 0.3602 6.1772 0.0721
v 0.298 6.1912 -0.0765
v 0.3866 6.2003 -0.2116
v 0.5922 6.201 -0.2814
v 0.8363 6.193 -0.2594
v 1.0256 6.1794 -0.1539
v 1.0878 6.1654 -0.0052
v 1.1107 6.1049 -0.008
v 1.0166 6.0953 0.1354
v 0.7983 6.0945 0.2095
v 0.5392 6.103 0.1861
v 0.3382 6.1174 0.0741
v 0.2721 6.1323 -0.0837
v 0.3662 6.1419 -0.2271
v 0.5845 6.1427 -0.3012
v 0.8436 6.1342 -0.2778
v 1.0446 6.1198 -0.1658
v 1.1107 6.1049 -0.008
v 1.1173 6.0425 -0.0125
v 1.0214 6.0327 0.1337
v 0.7988 6.0319 0.2093
v 0.5346 6.0406 0.1854
v 0.3297 6.0553 0.0712
v 0.2624 6.0704 -0.0897
v 0.3583 6.0803 -0.2358
v 0.5808 6.081 -0.3114
v 0.845 6.0724 -0.2876
v 1.05 6.0577 -0.1734
v 1.1173 6.0425 -0.0125
v 0.6898 6.0565 -0.0511
v 0.6178 6.2156 -0.1231
v 0.6178 6.2156 0.021
v 0.6178 6.3597 -0.1231
v 0.6178 6.3597 0.021
v 0.7619 6.2156 -0.1231
v 0.7619 6.2156 0.021
v 0.7619 6.3597 -0.1231
v 0.7619 6.3597 0.021
v 0.6898 6.2432 -0.1677
v 0.6898 6.2432 0.0655
v 0.6898 6.3322 -0.1677
v 0.6898 6.3322 0.0655
v 0.6453 6.1711 -0.0511
v 0.6453 6.4043 -0.0511
v 0.7344 6.1711 -0.0511
v 0.7344 6.4043 -0.0511
v 0.5733 6.2877 -0.0956
v 0.5733 6.2877 -0.0065
v 0.8064 6.2877 -0.0956
v 0.8064 6.2877 -0.0065
v 0.0631 6.0591 -0.0551
v 0.0513 5.9962 -0.0206
v 0.0009 5.9807 0.0294
v -0.0502 6.0242 0.0573
v -0.0635 6.094 0.042
v -0.029 6.1375 -0.0049
v 0.0273 6.122 -0.0481
v 0.4488 6.2371 0.4221
v 0.4403 6.1918 0.4469
v 0.404 6.1806 0.4829
v 0.3672 6.2119 0.503
v 0.3576 6.2622 0.492
v 0.3825 6.2935 0.4582
v 0.423 6.2823 0.4271
v 0 6.0591 0
v 0.4033 6.2371 0.4617
v 0.4125 6.3593 0.4571
v 0.4125 6.3593 0.4571
v 0.4125 6.3593 0.4571
v 0.4125 6.3593 0.4571
v 0.4125 6.3593 0.4571
v 0.4125 6.3593 0.4571
v 0.4125 6.3593 0.4571
v 0.4125 6.3593 0.4571
v 0.4125 6.3593 0.4571
v 0.4125 6.3593 0.4571
v 0.4125 6.3593 0.4571
v 0.461 6.3508 0.3891
v 0.4763 6.3508 0.4196
v 0.4671 6.3517 0.4645
v 0.437 6.3532 0.5066
v 0.3974 6.3546 0.5298
v 0.3636 6.3555 0.5253
v 0.3484 6.3555 0.4947
v 0.3576 6.3546 0.4498
v 0.3877 6.3531 0.4077
v 0.4272 6.3517 0.3845
v 0.461 6.3508 0.3891
v 0.5074 6.3303 0.3238
v 0.5373 6.3303 0.3838
v 0.5192 6.3321 0.4719
v 0.4601 6.335 0.5545
v 0.3826 6.3379 0.6
v 0.3162 6.3397 0.591
v 0.2863 6.3396 0.5311
v 0.3044 6.3378 0.4429
v 0.3635 6.3349 0.3604
v 0.441 6.3321 0.3149
v 0.5074 6.3303 0.3238
v 0.5497 6.2987 0.2639
v 0.5931 6.2987 0.351
v 0.5669 6.3013 0.4789
v 0.4811 6.3055 0.5988
v 0.3686 6.3097 0.6648
v 0.2722 6.3123 0.6518
v 0.2288 6.3122 0.5647
v 0.255 6.3096 0.4368
v 0.3408 6.3054 0.317
v 0.4533 6.3012 0.2509
v 0.5497 6.2987 0.2639
v 0.5864 6.2571 0.2116
v 0.6416 6.2571 0.3224
v 0.6083 6.2604 0.4852
v 0.4991 6.2658 0.6378
v 0.3559 6.2711 0.7218
v 0.2332 6.2744 0.7053
v 0.178 6.2743 0.5945
v 0.2113 6.271 0.4317
v 0.3205 6.2657 0.2791
v 0.4638 6.2603 0.195
v 0.5864 6.2571 0.2116
v 0.6161 6.2071 0.1689
v 0.681 6.2072 0.2992
v 0.6418 6.2111 0.4906
v 0.5135 6.2174 0.67
v 0.345 6.2237 0.7689
v 0.2007 6.2275 0.7494
v 0.1358 6.2275 0.6191
v 0.175 6.2235 0.4277
v 0.3034 6.2173 0.2483
v 0.4719 6.211 0.1494
v 0.6161 6.2071 0.1689
v 0.6376 6.1508 0.1374
v 0.7097 6.1508 0.2822
v 0.6662 6.1552 0.4949
v 0.5235 6.1622 0.6943
v 0.3364 6.1691 0.8041
v 0.1761 6.1734 0.7825
v 0.104 6.1734 0.6377
v 0.1475 6.169 0.425
v 0.2901 6.162 0.2256
v 0.4773 6.1551 0.1158
v 0.6376 6.1508 0.1374
v 0.6501 6.0902 0.1184
v 0.7267 6.0902 0.2721
v 0.6804 6.0948 0.4979
v 0.529 6.1023 0.7096
v 0.3303 6.1096 0.8262
v 0.1602 6.1142 0.8032
v 0.0836 6.1141 0.6495
v 0.1298 6.1095 0.4237
v 0.2812 6.1021 0.2121
v 0.48 6.0947 0.0955
v 0.6501 6.0902 0.1184
v 0.6531 6.0276 0.1126
v 0.7312 6.0277 0.2694
v 0.684 6.0324 0.4996
v 0.5297 6.0399 0.7153
v 0.327 6.0475 0.8342
v 0.1536 6.0521 0.8108
v 0.0755 6.052 0.6541
v 0.1227 6.0473 0.4239
v 0.277 6.0398 0.2081
v 0.4797 6.0322 0.0892
v 0.6531 6.0276 0.1126
v 0.4033 6.0399 0.4617
v 0.3313 6.199 0.3897
v 0.3313 6.199 0.5338
v 0.3313 6.3431 0.3897
v 0.3313 6.3431 0.5338
v 0.4754 6.199 0.3897
v 0.4754 6.199 0.5338
v 0.4754 6.3431 0.3897
v 0.4754 6.3431 0.5338
v 0.4033 6.2265 0.3451
v 0.4033 6.2265 0.5783
v 0.4033 6.3156 0.3451
v 0.4033 6.3156 0.5783
v 0.3588 6.1545 0.4617
v 0.3588 6.3876 0.4617
v 0.4479 6.1545 0.4617
v 0.4479 6.3876 0.4617
v 0.2868 6.2711 0.4172
v 0.2868 6.2711 0.5063
v 0.5199 6.2711 0.4172
v 0.5199 6.2711 0.5063
v 0.0486 6.0591 0.0285
v 0.0212 6.0189 0.0333
v -0.0222 6.0089 0.013
v -0.0488 6.0368 -0.0171
v -0.0387 6.0814 -0.0343
v 0.0006 6.1092 -0.0257
v 0.0394 6.0993 0.0023
v -0.2656 6.3247 0.5322
v -0.2854 6.2958 0.5357
v -0.3166 6.2886 0.5211
v -0.3358 6.3087 0.4994
v -0.3285 6.3408 0.487
v -0.3002 6.3608 0.4932
v -0.2722 6.3537 0.5133
v 0 6.0591 0
v -0.3006 6.3247 0.5117
v -0.2963 6.4471 0.5086
v -0.2963 6.4471 0.5086
v -0.2963 6.4471 0.5086
v -0.2963 6.4471 0.5086
v -0.2963 6.4471 0.5086
v -0.2963 6.4471 0.5086
v -0.2963 6.4471 0.5086
v -0.2963 6.4471 0.5086
v -0.2963 6.4471 0.5086
v -0.2963 6.4471 0.5086
v -0.2963 6.4471 0.5086
v -0.3327 6.4407 0.4332
v -0.2986 6.4403 0.4345
v -0.2636 6.4401 0.4642
v -0.2412 6.4402 0.5108
v -0.2398 6.4406 0.5567
v -0.26 6.4412 0.5842
v -0.2942 6.4416 0.5829
v -0.3291 6.4418 0.5532
v -0.3516 6.4417 0.5066
v -0.353 6.4413 0.4607
v -0.3327 6.4407 0.4332
v -0.368 6.4223 0.3608
v -0.301 6.4214 0.3634
v -0.2324 6.4211 0.4216
v -0.1883 6.4213 0.5131
v -0.1856 6.4222 0.603
v -0.2253 6.4232 0.6569
v -0.2923 6.4241 0.6543
v -0.3609 6.4245 0.5962
v -0.405 6.4242 0.5047
v -0.4077 6.4234 0.4148
v -0.368 6.4223 0.3608
v -0.4006 6.3926 0.2942
v -0.3034 6.3913 0.298
v -0.2037 6.3908 0.3824
v -0.1398 6.3912 0.5152
v -0.1358 6.3924 0.6458
v -0.1935 6.3939 0.7241
v -0.2907 6.3952 0.7203
v -0.3903 6.3957 0.6359
v -0.4543 6.3953 0.5031
v -0.4582 6.3941 0.3726
v -0.4006 6.3926 0.2942
v -0.4294 6.3527 0.236
v -0.3056 6.351 0.2407
v -0.1788 6.3504 0.3482
v -0.0974 6.3509 0.5173
v -0.0924 6.3524 0.6834
v -0.1658 6.3543 0.7831
v -0.2895 6.3559 0.7783
v -0.4163 6.3566 0.6709
v -0.4977 6.3561 0.5018
v -0.5027 6.3546 0.3357
v -0.4294 6.3527 0.236
v -0.4532 6.3041 0.1883
v -0.3077 6.3022 0.1939
v -0.1586 6.3014 0.3203
v -0.0628 6.302 0.5191
v -0.057 6.3038 0.7144
v -0.1433 6.306 0.8317
v -0.2887 6.3079 0.8261
v -0.4378 6.3088 0.6997
v -0.5336 6.3082 0.5009
v -0.5395 6.3064 0.3056
v -0.4532 6.3041 0.1883
v -0.4712 6.2487 0.1531
v -0.3095 6.2466 0.1593
v -0.1438 6.2457 0.2997
v -0.0374 6.2464 0.5206
v -0.0309 6.2484 0.7377
v -0.1268 6.2509 0.868
v -0.2884 6.253 0.8617
v -0.4541 6.2539 0.7213
v -0.5605 6.2532 0.5004
v -0.567 6.2513 0.2834
v -0.4712 6.2487 0.1531
v -0.4826 6.1887 0.1316
v -0.311 6.1865 0.1383
v -0.1351 6.1855 0.2873
v -0.0221 6.1862 0.5218
v -0.0152 6.1883 0.7522
v -0.117 6.191 0.8906
v -0.2886 6.1933 0.8839
v -0.4644 6.1942 0.7349
v -0.5774 6.1935 0.5004
v -0.5843 6.1914 0.27
v -0.4826 6.1887 0.1316
v -0.487 6.1264 0.1248
v -0.312 6.1241 0.1316
v -0.1327 6.1231 0.2835
v -0.0175 6.1238 0.5226
v -0.0105 6.126 0.7576
v -0.1142 6.1287 0.8986
v -0.2892 6.131 0.8918
v -0.4685 6.132 0.7399
v -0.5837 6.1312 0.5008
v -0.5908 6.1291 0.2658
v -0.487 6.1264 0.1248
v -0.3006 6.1275 0.5117
v -0.3727 6.2867 0.4396
v -0.3727 6.2867 0.5837
v -0.3727 6.4308 0.4396
v -0.3727 6.4308 0.5837
v -0.2286 6.2867 0.4396
v -0.2286 6.2867 0.5837
v -0.2286 6.4308 0.4396
v -0.2286 6.4308 0.5837
v -0.3006 6.3142 0.3951
v -0.3006 6.3142 0.6283
v -0.3006 6.4033 0.3951
v -0.3006 6.4033 0.6283
v -0.3451 6.2421 0.5117
v -0.3451 6.4753 0.5117
v -0.2561 6.2421 0.5117
v -0.2561 6.4753 0.5117
v -0.4172 6.3587 0.4672
v -0.4172 6.3587 0.5562
v -0.184 6.3587 0.4672
v -0.184 6.3587 0.5562
v 0.0047 6.0591 0.0518
v -0.0133 6.0219 0.0338
v -0.0214 6.0127 -0.0097
v -0.0133 6.0384 -0.0458
v 0.0048 6.0797 -0.0475
v 0.0193 6.1055 -0.0134
v 0.0193 6.0963 0.0308
v -0.6849 6.3633 0.1004
v -0.698 6.3365 0.0875
v -0.7038 6.3299 0.0562
v -0.698 6.3485 0.0301
v -0.6849 6.3782 0.029
v -0.6745 6.3967 0.0535
v -0.6745 6.3901 0.0853
v 0 6.0591 0
v -0.6884 6.3633 0.0631
v -0.6864 6.4857 0.0574
v -0.6864 6.4857 0.0574
v -0.6864 6.4857 0.0574
v -0.6864 6.4857 0.0574
v -0.6864 6.4857 0.0574
v -0.6864 6.4857 0.0574
v -0.6864 6.4857 0.0574
v -0.6864 6.4857 0.0574
v -0.6864 6.4857 0.0574
v -0.6864 6.4857 0.0574
v -0.6864 6.4857 0.0574
v -0.7697 6.4799 0.0482
v -0.7504 6.4793 0.02
v -0.7067 6.4787 0.0061
v -0.6553 6.4785 0.0119
v -0.6157 6.4787 0.0351
v -0.6032 6.4792 0.0669
v -0.6224 6.4798 0.0951
v -0.6661 6.4803 0.1089
v -0.7176 6.4805 0.1032
v -0.7571 6.4804 0.08
v -0.7697 6.4799 0.0482
v -0.8498 6.462 0.0396
v -0.8121 6.4608 -0.0157
v -0.7264 6.4598 -0.043
v -0.6254 6.4594 -0.0317
v -0.5478 6.4597 0.0138
v -0.5232 6.4607 0.0761
v -0.561 6.4619 0.1315
v -0.6467 6.4629 0.1587
v -0.7476 6.4633 0.1474
v -0.8252 6.463 0.1019
v -0.8498 6.462 0.0396
v -0.9238 6.4328 0.0319
v -0.869 6.431 -0.0485
v -0.7445 6.4296 -0.088
v -0.598 6.4289 -0.0716
v -0.4853 6.4294 -0.0056
v -0.4496 6.4308 0.0849
v -0.5044 6.4326 0.1653
v -0.6289 6.4341 0.2048
v -0.7754 6.4347 0.1884
v -0.8881 6.4342 0.1223
v -0.9238 6.4328 0.0319
v -0.9887 6.3933 0.0253
v -0.9189 6.3911 -0.0769
v -0.7605 6.3892 -0.1272
v -0.574 6.3884 -0.1063
v -0.4307 6.389 -0.0223
v -0.3852 6.3908 0.0929
v -0.455 6.3931 0.1951
v -0.6134 6.3949 0.2454
v -0.7999 6.3957 0.2246
v -0.9432 6.3951 0.1405
v -0.9887 6.3933 0.0253
v -1.0421 6.3451 0.0203
v -0.96 6.3425 -0.1
v -0.7738 6.3403 -0.1591
v -0.5545 6.3394 -0.1346
v -0.3859 6.3401 -0.0357
v -0.3324 6.3422 0.0997
v -0.4145 6.3448 0.2199
v -0.6007 6.347 0.279
v -0.82 6.3479 0.2545
v -0.9886 6.3472 0.1557
v -1.0421 6.3451 0.0203
v -1.0819 6.2901 0.0168
v -0.9907 6.2871 -0.1168
v -0.7838 6.2847 -0.1825
v -0.5401 6.2836 -0.1552
v -0.3527 6.2844 -0.0454
v -0.2933 6.2867 0.1051
v -0.3845 6.2897 0.2387
v -0.5914 6.2922 0.3044
v -0.8351 6.2932 0.2771
v -1.0225 6.2924 0.1673
v -1.0819 6.2901 0.0168
v -1.1065 6.2302 0.0152
v -1.0098 6.2271 -0.1266
v -0.79 6.2245 -0.1964
v -0.5314 6.2234 -0.1675
v -0.3325 6.2242 -0.0509
v -0.2694 6.2267 0.1088
v -0.3662 6.2298 0.2507
v -0.5859 6.2324 0.3204
v -0.8446 6.2335 0.2915
v -1.0435 6.2327 0.1749
v -1.1065 6.2302 0.0152
v -1.1151 6.1679 0.0154
v -1.0164 6.1647 -0.1292
v -0.7924 6.1621 -0.2003
v -0.5287 6.161 -0.1708
v -0.3259 6.1618 -0.052
v -0.2616 6.1643 0.1109
v -0.3603 6.1675 0.2555
v -0.5843 6.1702 0.3266
v -0.848 6.1713 0.2971
v -1.0508 6.1704 0.1782
v -1.1151 6.1679 0.0154
v -0.6884 6.1661 0.0631
v -0.7604 6.3253 -0.0089
v -0.7604 6.3253 0.1352
v -0.7604 6.4694 -0.0089
v -0.7604 6.4694 0.1352
v -0.6163 6.3253 -0.0089
v -0.6163 6.3253 0.1352
v -0.6163 6.4694 -0.0089
v -0.6163 6.4694 0.1352
v -0.6884 6.3528 -0.0534
v -0.6884 6.3528 0.1797
v -0.6884 6.4419 -0.0534
v -0.6884 6.4419 0.1797
v -0.7329 6.2807 0.0631
v -0.7329 6.5139 0.0631
v -0.6438 6.2807 0.0631
v -0.6438 6.5139 0.0631
v -0.8049 6.3973 0.0186
v -0.8049 6.3973 0.1077
v -0.5718 6.3973 0.0186
v -0.5718 6.3973 0.1077
v -0.0506 6.0591 0.0385
v -0.0461 6.0156 0.0048
v -0.007 6.0049 -0.0325
v 0.0375 6.035 -0.0453
v 0.0537 6.0832 -0.024
v 0.0295 6.1133 0.0154
v -0.0169 6.1025 0.0432
v -0.4032 6.3951 -0.4541
v -0.4 6.3638 -0.4783
v -0.3718 6.3561 -0.5052
v -0.3398 6.3777 -0.5144
v -0.3281 6.4125 -0.4991
v -0.3456 6.4341 -0.4707
v -0.379 6.4264 -0.4507
v 0 6.0591 0
v -0.3668 6.3951 -0.4818
v -0.3766 6.5173 -0.4798
v -0.3766 6.5173 -0.4798
v -0.3766 6.5173 -0.4798
v -0.3766 6.5173 -0.4798
v -0.3766 6.5173 -0.4798
v -0.3766 6.5173 -0.4798
v -0.3766 6.5173 -0.4798
v -0.3766 6.5173 -0.4798
v -0.3766 6.5173 -0.4798
v -0.3766 6.5173 -0.4798
v -0.3766 6.5173 -0.4798
v -0.4208 6.5094 -0.4088
v -0.4379 6.5091 -0.4384
v -0.4316 6.5095 -0.4838
v -0.4042 6.5106 -0.5277
v -0.3662 6.512 -0.5534
v -0.3321 6.513 -0.551
v -0.315 6.5134 -0.5214
v -0.3213 6.5129 -0.476
v -0.3487 6.5118 -0.4321
v -0.3867 6.5104 -0.4064
v -0.4208 6.5094 -0.4088
v -0.4628 6.4895 -0.3406
v -0.4964 6.4888 -0.3986
v -0.484 6.4897 -0.4876
v -0.4303 6.4919 -0.5738
v -0.3557 6.4945 -0.6241
v -0.2889 6.4966 -0.6194
v -0.2553 6.4972 -0.5614
v -0.2678 6.4963 -0.4724
v -0.3215 6.4941 -0.3862
v -0.396 6.4915 -0.3359
v -0.4628 6.4895 -0.3406
v -0.5012 6.4584 -0.2778
v -0.55 6.4574 -0.362
v -0.5319 6.4587 -0.4913
v -0.4539 6.4619 -0.6164
v -0.3457 6.4657 -0.6894
v -0.2487 6.4686 -0.6826
v -0.2 6.4696 -0.5984
v -0.218 6.4683 -0.4691
v -0.2961 6.4651 -0.344
v -0.4042 6.4613 -0.2709
v -0.5012 6.4584 -0.2778
v -0.5344 6.4172 -0.2228
v -0.5965 6.416 -0.33
v -0.5735 6.4177 -0.4945
v -0.4742 6.4217 -0.6537
v -0.3365 6.4266 -0.7467
v -0.2131 6.4303 -0.738
v -0.151 6.4316 -0.6309
v -0.174 6.4299 -0.4663
v -0.2733 6.4258 -0.3071
v -0.411 6.421 -0.2141
v -0.5344 6.4172 -0.2228
v -0.5612 6.3677 -0.1778
v -0.6342 6.3662 -0.3038
v -0.6071 6.3682 -0.4973
v -0.4904 6.373 -0.6845
v -0.3285 6.3786 -0.7939
v -0.1833 6.383 -0.7836
v -0.1103 6.3845 -0.6576
v -0.1374 6.3825 -0.4641
v -0.2541 6.3778 -0.2769
v -0.416 6.3721 -0.1676
v -0.5612 6.3677 -0.1778
v -0.5805 6.3116 -0.1445
v -0.6616 6.31 -0.2845
v -0.6315 6.3122 -0.4995
v -0.5018 6.3175 -0.7075
v -0.3219 6.3238 -0.829
v -0.1606 6.3287 -0.8176
v -0.0795 6.3303 -0.6777
v -0.1096 6.3281 -0.4626
v -0.2393 6.3228 -0.2546
v -0.4192 6.3165 -0.1331
v -0.5805 6.3116 -0.1445
v -0.5916 6.2512 -0.1241
v -0.6777 6.2494 -0.2727
v -0.6458 6.2518 -0.501
v -0.508 6.2574 -0.7218
v -0.3171 6.2641 -0.8508
v -0.1459 6.2693 -0.8387
v -0.0597 6.271 -0.6901
v -0.0916 6.2686 -0.4618
v -0.2294 6.263 -0.241
v -0.4203 6.2564 -0.112
v -0.5916 6.2512 -0.1241
v -0.594 6.1887 -0.1175
v -0.6818 6.1869 -0.269
v -0.6493 6.1893 -0.5018
v -0.5088 6.195 -0.7269
v -0.3142 6.2018 -0.8584
v -0.1396 6.2071 -0.8461
v -0.0518 6.2089 -0.6946
v -0.0843 6.2065 -0.4618
v -0.2247 6.2008 -0.2367
v -0.4194 6.194 -0.1052
v -0.594 6.1887 -0.1175
v -0.3668 6.1979 -0.4818
v -0.4388 6.357 -0.5539
v -0.4388 6.357 -0.4097
v -0.4388 6.5012 -0.5539
v -0.4388 6.5012 -0.4097
v -0.2947 6.357 -0.5539
v -0.2947 6.357 -0.4097
v -0.2947 6.5012 -0.5539
v -0.2947 6.5012 -0.4097
v -0.3668 6.3846 -0.5984
v -0.3668 6.3846 -0.3652
v -0.3668 6.4736 -0.5984
v -0.3668 6.4736 -0.3652
v -0.4113 6.3125 -0.4818
v -0.4113 6.5457 -0.4818
v -0.3223 6.3125 -0.4818
v -0.3223 6.5457 -0.4818
v -0.4834 6.4291 -0.5263
v -0.4834 6.4291 -0.4373
v -0.2502 6.4291 -0.5263
v -0.2502 6.4291 -0.4373
v -0.0606 6.0591 -0.033
v -0.0286 6.0087 -0.0374
v 0.0249 5.9962 -0.0136
v 0.0597 6.0311 0.0204
v 0.0495 6.0871 0.0391
v 0.0021 6.122 0.0283
v -0.0469 6.1095 -0.0038
v 0.2391 6.283 -0.5423
v 0.2621 6.2467 -0.5454
v 0.3006 6.2377 -0.5283
v 0.3257 6.2629 -0.5038
v 0.3184 6.3032 -0.4904
v 0.2842 6.3283 -0.4981
v 0.2489 6.3193 -0.5212
v 0 6.0591 0
v 0.2827 6.283 -0.5185
v 0.3259 6.4025 -0.5237
v 0.3259 6.4025 -0.5237
v 0.3259 6.4025 -0.5237
v 0.3259 6.4025 -0.5237
v 0.3259 6.4025 -0.5237
v 0.3259 6.4025 -0.5237
v 0.3259 6.4025 -0.5237
v 0.3259 6.4025 -0.5237
v 0.3259 6.4025 -0.5237
v 0.3259 6.4025 -0.5237
v 0.3259 6.4025 -0.5237
v 0.3591 6.393 -0.4472
v 0.3253 6.3976 -0.4495
v 0.2914 6.4017 -0.4801
v 0.2704 6.4038 -0.5274
v 0.2703 6.403 -0.5732
v 0.291 6.3997 -0.6001
v 0.3248 6.3952 -0.5978
v 0.3587 6.3911 -0.5672
v 0.3797 6.389 -0.5199
v 0.3799 6.3897 -0.4741
v 0.3591 6.393 -0.4472
v 0.3894 6.3717 -0.3733
v 0.3231 6.3807 -0.3778
v 0.2567 6.3888 -0.4379
v 0.2154 6.3928 -0.5306
v 0.2151 6.3914 -0.6206
v 0.2559 6.385 -0.6734
v 0.3221 6.376 -0.6689
v 0.3886 6.3679 -0.6088
v 0.4298 6.3639 -0.5161
v 0.4301 6.3653 -0.4261
v 0.3894 6.3717 -0.3733
v 0.4155 6.3395 -0.3051
v 0.3193 6.3525 -0.3116
v 0.2229 6.3642 -0.3988
v 0.163 6.3701 -0.5334
v 0.1625 6.368 -0.664
v 0.2217 6.3587 -0.7407
v 0.3179 6.3457 -0.7341
v 0.4144 6.334 -0.6469
v 0.4743 6.328 -0.5123
v 0.4747 6.3301 -0.3817
v 0.4155 6.3395 -0.3051
v 0.4366 6.2975 -0.245
v 0.3142 6.314 -0.2533
v 0.1914 6.3289 -0.3644
v 0.1152 6.3365 -0.5357
v 0.1146 6.3338 -0.7019
v 0.1899 6.3219 -0.7994
v 0.3123 6.3054 -0.7911
v 0.4351 6.2905 -0.6801
v 0.5113 6.2829 -0.5087
v 0.5119 6.2856 -0.3426
v 0.4366 6.2975 -0.245
v 0.4517 6.2473 -0.1954
v 0.3078 6.2668 -0.2052
v 0.1634 6.2843 -0.3358
v 0.0738 6.2932 -0.5373
v 0.0731 6.2901 -0.7327
v 0.1617 6.2761 -0.8474
v 0.3056 6.2567 -0.8376
v 0.45 6.2391 -0.707
v 0.5396 6.2302 -0.5056
v 0.5403 6.2334 -0.3102
v 0.4517 6.2473 -0.1954
v 0.4604 6.191 -0.1583
v 0.3004 6.2126 -0.1692
v 0.14 6.2321 -0.3143
v 0.0404 6.242 -0.5381
v 0.0397 6.2385 -0.7552
v 0.1381 6.223 -0.8827
v 0.298 6.2013 -0.8718
v 0.4585 6.1819 -0.7268
v 0.5581 6.172 -0.5029
v 0.5588 6.1755 -0.2858
v 0.4604 6.191 -0.1583
v 0.4622 6.1306 -0.135
v 0.2924 6.1536 -0.1466
v 0.1221 6.1743 -0.3006
v 0.0164 6.1847 -0.5382
v 0.0156 6.181 -0.7687
v 0.1201 6.1646 -0.904
v 0.2899 6.1416 -0.8925
v 0.4602 6.1209 -0.7385
v 0.5659 6.1104 -0.5008
v 0.5667 6.1141 -0.2703
v 0.4622 6.1306 -0.135
v 0.4571 6.0685 -0.1265
v 0.284 6.0919 -0.1382
v 0.1104 6.113 -0.2953
v 0.0026 6.1237 -0.5376
v 0.0018 6.1199 -0.7726
v 0.1083 6.1031 -0.9105
v 0.2814 6.0797 -0.8988
v 0.455 6.0586 -0.7417
v 0.5629 6.0479 -0.4994
v 0.5637 6.0517 -0.2644
v 0.4571 6.0685 -0.1265
v 0.2827 6.0858 -0.5185
v 0.2107 6.245 -0.5906
v 0.2107 6.245 -0.4465
v 0.2107 6.3891 -0.5906
v 0.2107 6.3891 -0.4465
v 0.3548 6.245 -0.5906
v 0.3548 6.245 -0.4465
v 0.3548 6.3891 -0.5906
v 0.3548 6.3891 -0.4465
v 0.2827 6.2725 -0.6351
v 0.2827 6.2725 -0.4019
v 0.2827 6.3616 -0.6351
v 0.2827 6.3616 -0.4019
v 0.2382 6.2004 -0.5185
v 0.2382 6.4336 -0.5185
v 0.3273 6.2004 -0.5185
v 0.3273 6.4336 -0.5185
v 0.1661 6.317 -0.563
v 0.1661 6.317 -0.474
v 0.3993 6.317 -0.563
v 0.3993 6.317 -0.474
v 0.0077 7.094 -0.0447
v 0.023 7.0637 -0.0247
v 0.021 7.0562 0.0139
v 0.0031 7.0771 0.042
v -0.0171 7.1108 0.0386
v -0.0244 7.1318 0.006
v -0.0134 7.1243 -0.031
v 0.4336 7.3584 0.0419
v 0.4446 7.3366 0.0563
v 0.4431 7.3312 0.0841
v 0.4303 7.3463 0.1044
v 0.4157 7.3706 0.1019
v 0.4104 7.3857 0.0784
v 0.4184 7.3803 0.0518
v 0 7.094 0
v 0.428 7.3584 0.0741
v 0.451 7.48 0.0702
v 0.451 7.48 0.0702
v 0.451 7.48 0.0702
v 0.451 7.48 0.0702
v 0.451 7.48 0.0702
v 0.451 7.48 0.0702
v 0.451 7.48 0.0702
v 0.451 7.48 0.0702
v 0.451 7.48 0.0702
v 0.451 7.48 0.0702
v 0.451 7.48 0.0702
v 0.5022 7.47 0.0593
v 0.4963 7.4707 0.0801
v 0.4729 7.4726 0.097
v 0.441 7.475 0.1038
v 0.4127 7.4769 0.0977
v 0.3989 7.4777 0.0812
v 0.4048 7.477 0.0604
v 0.4282 7.4751 0.0435
v 0.4601 7.4728 0.0367
v 0.4884 7.4708 0.0428
v 0.5022 7.47 0.0593
v 0.5505 7.4482 0.049
v 0.5389 7.4495 0.0897
v 0.4931 7.4532 0.123
v 0.4305 7.4579 0.1363
v 0.3751 7.4617 0.1244
v 0.348 7.4633 0.0919
v 0.3596 7.462 0.0512
v 0.4054 7.4582 0.0179
v 0.468 7.4536 0.0047
v 0.5234 7.4497 0.0165
v 0.5505 7.4482 0.049
v 0.5941 7.4153 0.0397
v 0.5773 7.4172 0.0988
v 0.5107 7.4226 0.1471
v 0.4199 7.4294 0.1664
v 0.3394 7.435 0.1491
v 0.3001 7.4373 0.102
v 0.317 7.4353 0.0429
v 0.3835 7.4299 -0.0055
v 0.4744 7.4231 -0.0247
v 0.5548 7.4175 -0.0075
v 0.5941 7.4153 0.0397
v 0.6314 7.3726 0.0317
v 0.6099 7.3751 0.1069
v 0.5252 7.382 0.1685
v 0.4096 7.3906 0.1929
v 0.3072 7.3977 0.171
v 0.2571 7.4006 0.1109
v 0.2786 7.3981 0.0358
v 0.3633 7.3913 -0.0258
v 0.479 7.3826 -0.0503
v 0.5814 7.3755 -0.0283
v 0.6314 7.3726 0.0317
v 0.6608 7.3219 0.0253
v 0.6356 7.3248 0.1137
v 0.536 7.3329 0.1861
v 0.4 7.343 0.2149
v 0.2796 7.3514 0.1891
v 0.2208 7.3548 0.1185
v 0.246 7.3519 0.0301
v 0.3456 7.3438 -0.0423
v 0.4816 7.3336 -0.0711
v 0.602 7.3253 -0.0453
v 0.6608 7.3219 0.0253
v 0.6813 7.2649 0.0208
v 0.6533 7.2682 0.119
v 0.5426 7.2772 0.1995
v 0.3915 7.2884 0.2315
v 0.2577 7.2977 0.2028
v 0.1923 7.3015 0.1244
v 0.2203 7.2983 0.0262
v 0.331 7.2893 -0.0543
v 0.4821 7.278 -0.0863
v 0.6159 7.2687 -0.0576
v 0.6813 7.2649 0.0208
v 0.692 7.204 0.0184
v 0.6623 7.2075 0.1226
v 0.5448 7.217 0.2081
v 0.3844 7.229 0.242
v 0.2423 7.2388 0.2116
v 0.173 7.2428 0.1283
v 0.2027 7.2394 0.024
v 0.3202 7.2299 -0.0614
v 0.4806 7.2179 -0.0953
v 0.6226 7.208 -0.0649
v 0.692 7.204 0.0184
v 0.6926 7.1415 0.0181
v 0.6623 7.145 0.1244
v 0.5425 7.1547 0.2115
v 0.3789 7.1669 0.2461
v 0.2341 7.177 0.215
v 0.1634 7.181 0.1301
v 0.1937 7.1775 0.0238
v 0.3135 7.1678 -0.0633
v 0.4771 7.1556 -0.0979
v 0.6219 7.1455 -0.0668
v 0.6926 7.1415 0.0181
v 0.428 7.1612 0.0741
v 0.356 7.3204 0.0021
v 0.356 7.3204 0.1462
v 0.356 7.4645 0.0021
v 0.356 7.4645 0.1462
v 0.5001 7.3204 0.0021
v 0.5001 7.3204 0.1462
v 0.5001 7.4645 0.0021
v 0.5001 7.4645 0.1462
v 0.428 7.3479 -0.0425
v 0.428 7.3479 0.1907
v 0.428 7.437 -0.0425
v 0.428 7.437 0.1907
v 0.3835 7.2759 0.0741
v 0.3835 7.509 0.0741
v 0.4725 7.2759 0.0741
v 0.4725 7.509 0.0741
v 0.3114 7.3924 0.0296
v 0.3114 7.3924 0.1186
v 0.5446 7.3924 0.0296
v 0.5446 7.3924 0.1186
v 0.0762 7.094 -0.0291
v 0.0581 7.0375 0.0095
v -0.0038 7.0235 0.041
v -0.0628 7.0626 0.0416
v -0.0745 7.1253 0.0109
v -0.0302 7.1644 -0.028
v 0.0369 7.1505 -0.0458
v 0.1857 7.2862 0.3213
v 0.1727 7.2455 0.3491
v 0.1282 7.2355 0.3718
v 0.0857 7.2636 0.3722
v 0.0772 7.3088 0.3501
v 0.1092 7.3369 0.3221
v 0.1575 7.3269 0.3093
v 0 7.094 0
v 0.1309 7.2862 0.3423
v 0.139 7.4085 0.3423
v 0.139 7.4085 0.3423
v 0.139 7.4085 0.3423
v 0.139 7.4085 0.3423
v 0.139 7.4085 0.3423
v 0.139 7.4085 0.3423
v 0.139 7.4085 0.3423
v 0.139 7.4085 0.3423
v 0.139 7.4085 0.3423
v 0.139 7.4085 0.3423
v 0.139 7.4085 0.3423
v 0.1547 7.4019 0.2918
v 0.1698 7.4016 0.3071
v 0.1732 7.4015 0.3359
v 0.1634 7.4017 0.3671
v 0.1442 7.4022 0.3888
v 0.123 7.4027 0.3928
v 0.1079 7.4031 0.3774
v 0.1045 7.4032 0.3487
v 0.1143 7.403 0.3175
v 0.1335 7.4025 0.2957
v 0.1547 7.4019 0.2918
v 0.1694 7.3834 0.2432
v 0.1992 7.3826 0.2733
v 0.2057 7.3825 0.3298
v 0.1865 7.3829 0.391
v 0.1489 7.3839 0.4336
v 0.1073 7.385 0.4413
v 0.0776 7.3857 0.4112
v 0.0711 7.3859 0.3548
v 0.0903 7.3854 0.2936
v 0.1278 7.3844 0.251
v 0.1694 7.3834 0.2432
v 0.1827 7.3535 0.1985
v 0.2259 7.3524 0.2422
v 0.2353 7.3522 0.3241
v 0.2075 7.3529 0.413
v 0.153 7.3542 0.4748
v 0.0926 7.3558 0.4861
v 0.0494 7.3569 0.4424
v 0.0399 7.3571 0.3604
v 0.0678 7.3564 0.2716
v 0.1223 7.355 0.2097
v 0.1827 7.3535 0.1985
v 0.194 7.3135 0.1593
v 0.2489 7.312 0.2149
v 0.261 7.3117 0.3192
v 0.2255 7.3126 0.4323
v 0.1561 7.3144 0.511
v 0.0793 7.3164 0.5253
v 0.0243 7.3178 0.4697
v 0.0123 7.3181 0.3654
v 0.0477 7.3172 0.2523
v 0.1171 7.3154 0.1736
v 0.194 7.3135 0.1593
v 0.2028 7.2648 0.1271
v 0.2674 7.2631 0.1925
v 0.2816 7.2628 0.3151
v 0.2399 7.2638 0.4481
v 0.1583 7.2659 0.5407
v 0.0679 7.2682 0.5575
v 0.0033 7.2699 0.4921
v -0.0108 7.2702 0.3694
v 0.0308 7.2692 0.2365
v 0.1125 7.2671 0.1439
v 0.2028 7.2648 0.1271
v 0.2089 7.2094 0.1032
v 0.2807 7.2075 0.1759
v 0.2965 7.2071 0.3121
v 0.2502 7.2083 0.4599
v 0.1595 7.2106 0.5627
v 0.059 7.2132 0.5814
v -0.0127 7.215 0.5087
v -0.0285 7.2154 0.3725
v 0.0178 7.2142 0.2247
v 0.1085 7.2119 0.1218
v 0.2089 7.2094 0.1032
v 0.212 7.1493 0.0885
v 0.2882 7.1474 0.1656
v 0.3049 7.1469 0.3102
v 0.2558 7.1482 0.4671
v 0.1595 7.1506 0.5763
v 0.0529 7.1533 0.5961
v -0.0233 7.1553 0.519
v -0.04 7.1557 0.3743
v 0.0091 7.1545 0.2175
v 0.1054 7.152 0.1083
v 0.212 7.1493 0.0885
v 0.212 7.0869 0.0835
v 0.2897 7.0849 0.1621
v 0.3067 7.0845 0.3096
v 0.2566 7.0858 0.4695
v 0.1584 7.0883 0.5809
v 0.0498 7.091 0.6011
v -0.028 7.093 0.5224
v -0.045 7.0935 0.375
v 0.0051 7.0922 0.215
v 0.1033 7.0897 0.1037
v 0.212 7.0869 0.0835
v 0.1309 7.089 0.3423
v 0.0588 7.2481 0.2702
v 0.0588 7.2481 0.4143
v 0.0588 7.3922 0.2702
v 0.0588 7.3922 0.4143
v 0.2029 7.2481 0.2702
v 0.2029 7.2481 0.4143
v 0.2029 7.3922 0.2702
v 0.2029 7.3922 0.4143
v 0.1309 7.2757 0.2257
v 0.1309 7.2757 0.4589
v 0.1309 7.3647 0.2257
v 0.1309 7.3647 0.4589
v 0.0863 7.2036 0.3423
v 0.0863 7.4368 0.3423
v 0.1754 7.2036 0.3423
v 0.1754 7.4368 0.3423
v 0.0143 7.3202 0.2977
v 0.0143 7.3202 0.3868
v 0.2475 7.3202 0.2977
v 0.2475 7.3202 0.3868
v 0.0449 7.094 0.0432
v 0.0077 7.055 0.0481
v -0.0353 7.0454 0.0167
v -0.0518 7.0724 -0.0272
v -0.0292 7.1156 -0.0507
v 0.0153 7.1426 -0.036
v 0.0483 7.1329 0.0058
v -0.2386 7.3879 0.3127
v -0.2654 7.3599 0.3162
v -0.2964 7.353 0.2936
v -0.3082 7.3724 0.262
v -0.292 7.4035 0.2451
v -0.2599 7.4229 0.2557
v -0.2362 7.416 0.2858
v 0 7.094 0
v -0.271 7.3879 0.2816
v -0.2143 7.5047 0.2625
v -0.2143 7.5047 0.2625
v -0.2143 7.5047 0.2625
v -0.2143 7.5047 0.2625
v -0.2143 7.5047 0.2625
v -0.2143 7.5047 0.2625
v -0.2143 7.5047 0.2625
v -0.2143 7.5047 0.2625
v -0.2143 7.5047 0.2625
v -0.2143 7.5047 0.2625
v -0.2143 7.5047 0.2625
v -0.248 7.502 0.2213
v -0.2271 7.498 0.2175
v -0.2018 7.4943 0.231
v -0.1816 7.4922 0.2567
v -0.1744 7.4926 0.2847
v -0.1828 7.4953 0.3044
v -0.2036 7.4993 0.3082
v -0.229 7.503 0.2947
v -0.2491 7.5051 0.2691
v -0.2564 7.5047 0.241
v -0.248 7.502 0.2213
v -0.2826 7.4874 0.1825
v -0.2416 7.4795 0.175
v -0.1919 7.4722 0.2015
v -0.1524 7.4681 0.2518
v -0.1382 7.4689 0.3068
v -0.1546 7.4742 0.3454
v -0.1956 7.482 0.3529
v -0.2453 7.4894 0.3264
v -0.2848 7.4935 0.2761
v -0.299 7.4927 0.2211
v -0.2826 7.4874 0.1825
v -0.3167 7.4614 0.1474
v -0.2573 7.45 0.1366
v -0.1851 7.4393 0.175
v -0.1277 7.4334 0.2481
v -0.1071 7.4345 0.3279
v -0.131 7.4422 0.384
v -0.1904 7.4536 0.3949
v -0.2625 7.4643 0.3564
v -0.3199 7.4702 0.2833
v -0.3406 7.4691 0.2035
v -0.3167 7.4614 0.1474
v -0.3491 7.4249 0.1175
v -0.2735 7.4104 0.1037
v -0.1816 7.3968 0.1526
v -0.1086 7.3893 0.2457
v -0.0823 7.3907 0.3473
v -0.1127 7.4005 0.4186
v -0.1883 7.415 0.4325
v -0.2802 7.4287 0.3835
v -0.3532 7.4362 0.2905
v -0.3795 7.4348 0.1889
v -0.3491 7.4249 0.1175
v -0.3784 7.3795 0.094
v -0.2896 7.3625 0.0777
v -0.1816 7.3464 0.1352
v -0.0957 7.3376 0.2446
v -0.0647 7.3393 0.3641
v -0.1005 7.3508 0.448
v -0.1894 7.3679 0.4643
v -0.2974 7.3839 0.4067
v -0.3833 7.3927 0.2973
v -0.4142 7.3911 0.1779
v -0.3784 7.3795 0.094
v -0.4037 7.3268 0.0776
v -0.3049 7.3079 0.0595
v -0.1849 7.2901 0.1234
v -0.0895 7.2802 0.245
v -0.0551 7.2821 0.3778
v -0.0949 7.295 0.471
v -0.1936 7.3139 0.4891
v -0.3137 7.3317 0.4251
v -0.4091 7.3415 0.3036
v -0.4435 7.3397 0.1708
v -0.4037 7.3268 0.0776
v -0.4238 7.2689 0.069
v -0.319 7.2488 0.0498
v -0.1916 7.2299 0.1177
v -0.0903 7.2195 0.2468
v -0.0538 7.2214 0.3877
v -0.096 7.2351 0.4867
v -0.2008 7.2552 0.5059
v -0.3283 7.2741 0.438
v -0.4296 7.2845 0.3089
v -0.4661 7.2825 0.168
v -0.4238 7.2689 0.069
v -0.4381 7.208 0.0687
v -0.3312 7.1875 0.0491
v -0.2013 7.1682 0.1183
v -0.098 7.1576 0.2499
v -0.0608 7.1596 0.3936
v -0.1039 7.1735 0.4945
v -0.2108 7.194 0.5141
v -0.3407 7.2132 0.4449
v -0.4439 7.2239 0.3133
v -0.4812 7.2219 0.1696
v -0.4381 7.208 0.0687
v -0.271 7.1907 0.2816
v -0.343 7.3499 0.2095
v -0.343 7.3499 0.3536
v -0.343 7.494 0.2095
v -0.343 7.494 0.3536
v -0.1989 7.3499 0.2095
v -0.1989 7.3499 0.3536
v -0.1989 7.494 0.2095
v -0.1989 7.494 0.3536
v -0.271 7.3774 0.165
v -0.271 7.3774 0.3982
v -0.271 7.4665 0.165
v -0.271 7.4665 0.3982
v -0.3155 7.3054 0.2816
v -0.3155 7.5385 0.2816
v -0.2265 7.3054 0.2816
v -0.2265 7.5385 0.2816
v -0.3876 7.4219 0.2371
v -0.3876 7.4219 0.3261
v -0.1544 7.4219 0.2371
v -0.1544 7.4219 0.3261
v -0.0111 7.094 0.0621
v -0.0182 7.046 0.0367
v -0.0116 7.0342 -0.0163
v 0.0037 7.0674 -0.0571
v 0.0163 7.1206 -0.0548
v 0.0166 7.1538 -0.0113
v 0.0044 7.1419 0.0407
v -0.4354 7.1979 -0.0316
v -0.4406 7.1634 -0.0498
v -0.4358 7.1549 -0.088
v -0.4248 7.1788 -0.1173
v -0.4157 7.2171 -0.1157
v -0.4155 7.241 -0.0844
v -0.4243 7.2324 -0.0469
v 0 7.094 0
v -0.4274 7.1979 -0.0763
v -0.3969 7.3188 -0.0766
v -0.3969 7.3188 -0.0766
v -0.3969 7.3188 -0.0766
v -0.3969 7.3188 -0.0766
v -0.3969 7.3188 -0.0766
v -0.3969 7.3188 -0.0766
v -0.3969 7.3188 -0.0766
v -0.3969 7.3188 -0.0766
v -0.3969 7.3188 -0.0766
v -0.3969 7.3188 -0.0766
v -0.3969 7.3188 -0.0766
v -0.449 7.3177 -0.0653
v -0.4432 7.3171 -0.0861
v -0.4199 7.3149 -0.1032
v -0.3881 7.3118 -0.1102
v -0.3599 7.3091 -0.1043
v -0.346 7.3078 -0.0878
v -0.3518 7.3084 -0.067
v -0.3751 7.3106 -0.0499
v -0.4069 7.3137 -0.043
v -0.4351 7.3164 -0.0488
v -0.449 7.3177 -0.0653
v -0.5002 7.3043 -0.0545
v -0.4888 7.3032 -0.0952
v -0.4432 7.2988 -0.1289
v -0.3809 7.2928 -0.1425
v -0.3255 7.2875 -0.1309
v -0.2983 7.2849 -0.0986
v -0.3097 7.2861 -0.0579
v -0.3552 7.2905 -0.0243
v -0.4176 7.2965 -0.0106
v -0.473 7.3018 -0.0222
v -0.5002 7.3043 -0.0545
v -0.5486 7.2793 -0.0445
v -0.5321 7.2777 -0.1036
v -0.4659 7.2713 -0.1524
v -0.3754 7.2626 -0.1722
v -0.295 7.2549 -0.1555
v -0.2555 7.2511 -0.1086
v -0.272 7.2528 -0.0494
v -0.3382 7.2592 -0.0006
v -0.4288 7.2679 0.0192
v -0.5091 7.2756 0.0024
v -0.5486 7.2793 -0.0445
v -0.5924 7.2436 -0.0357
v -0.5714 7.2415 -0.111
v -0.4872 7.2334 -0.1731
v -0.3719 7.2223 -0.1983
v -0.2696 7.2125 -0.177
v -0.2193 7.2077 -0.1173
v -0.2403 7.2098 -0.042
v -0.3245 7.218 0.0201
v -0.4398 7.229 0.0453
v -0.5421 7.2388 0.024
v -0.5924 7.2436 -0.0357
v -0.6298 7.1986 -0.0285
v -0.6051 7.1961 -0.117
v -0.5061 7.1865 -0.1901
v -0.3705 7.1735 -0.2197
v -0.2502 7.162 -0.1946
v -0.1911 7.1564 -0.1244
v -0.2158 7.1588 -0.0358
v -0.3149 7.1684 0.0372
v -0.4504 7.1814 0.0668
v -0.5707 7.193 0.0417
v -0.6298 7.1986 -0.0285
v -0.6595 7.1459 -0.0231
v -0.632 7.1432 -0.1215
v -0.522 7.1325 -0.2026
v -0.3714 7.118 -0.2356
v -0.2377 7.1052 -0.2077
v -0.172 7.099 -0.1297
v -0.1995 7.1017 -0.0313
v -0.3095 7.1124 0.0499
v -0.4601 7.1269 0.0828
v -0.5938 7.1397 0.0549
v -0.6595 7.1459 -0.0231
v -0.6802 7.0877 -0.0198
v -0.6511 7.0848 -0.1242
v -0.5343 7.0735 -0.2104
v -0.3744 7.0581 -0.2453
v -0.2325 7.0445 -0.2157
v -0.1628 7.0379 -0.1329
v -0.1919 7.0408 -0.0284
v -0.3087 7.0521 0.0577
v -0.4686 7.0675 0.0927
v -0.6105 7.0811 0.0631
v -0.6802 7.0877 -0.0198
v -0.6912 7.0261 -0.0186
v -0.6615 7.0231 -0.1251
v -0.5424 7.0116 -0.2129
v -0.3794 6.9959 -0.2486
v -0.2347 6.9821 -0.2184
v -0.1636 6.9753 -0.1339
v -0.1933 6.9783 -0.0274
v -0.3125 6.9898 0.0604
v -0.4755 7.0055 0.096
v -0.6202 7.0193 0.0659
v -0.6912 7.0261 -0.0186
v -0.4274 7.0007 -0.0763
v -0.4995 7.1599 -0.1483
v -0.4995 7.1599 -0.0042
v -0.4995 7.304 -0.1483
v -0.4995 7.304 -0.0042
v -0.3554 7.1599 -0.1483
v -0.3554 7.1599 -0.0042
v -0.3554 7.304 -0.1483
v -0.3554 7.304 -0.0042
v -0.4274 7.1874 -0.1928
v -0.4274 7.1874 0.0403
v -0.4274 7.2764 -0.1928
v -0.4274 7.2764 0.0403
v -0.472 7.1153 -0.0763
v -0.472 7.3485 -0.0763
v -0.3829 7.1153 -0.0763
v -0.3829 7.3485 -0.0763
v -0.544 7.2319 -0.1208
v -0.544 7.2319 -0.0317
v -0.3109 7.2319 -0.1208
v -0.3109 7.2319 -0.0317
v -0.0572 7.094 0.0281
v -0.0437 7.0476 0.0012
v 0.0027 7.0362 -0.0267
v 0.047 7.0682 -0.0344
v 0.056 7.1197 -0.0162
v 0.0228 7.1518 0.0142
v -0.0276 7.1403 0.0339
v -0.2048 7.2398 -0.3124
v -0.1951 7.2065 -0.3318
v -0.1617 7.1982 -0.3519
v -0.1297 7.2213 -0.3575
v -0.1233 7.2583 -0.3444
v -0.1472 7.2814 -0.3225
v -0.1835 7.2732 -0.3083
v 0 7.094 0
v -0.1636 7.2398 -0.3327
v -0.1869 7.3612 -0.3424
v -0.1869 7.3612 -0.3424
v -0.1869 7.3612 -0.3424
v -0.1869 7.3612 -0.3424
v -0.1869 7.3612 -0.3424
v -0.1869 7.3612 -0.3424
v -0.1869 7.3612 -0.3424
v -0.1869 7.3612 -0.3424
v -0.1869 7.3612 -0.3424
v -0.1869 7.3612 -0.3424
v -0.1869 7.3612 -0.3424
v -0.2062 7.3552 -0.2932
v -0.2201 7.3536 -0.3097
v -0.2211 7.3527 -0.3386
v -0.2088 7.3527 -0.3689
v -0.188 7.3536 -0.3891
v -0.1666 7.355 -0.3913
v -0.1528 7.3566 -0.3749
v -0.1518 7.3575 -0.3459
v -0.164 7.3576 -0.3156
v -0.1848 7.3567 -0.2955
v -0.2062 7.3552 -0.2932
v -0.2239 7.3371 -0.2454
v -0.2511 7.3341 -0.2778
v -0.253 7.3322 -0.3345
v -0.229 7.3322 -0.394
v -0.1883 7.3339 -0.4335
v -0.1463 7.3369 -0.438
v -0.1191 7.3398 -0.4056
v -0.1172 7.3417 -0.3489
v -0.1412 7.3418 -0.2894
v -0.1819 7.34 -0.2499
v -0.2239 7.3371 -0.2454
v -0.2393 7.3077 -0.2011
v -0.2787 7.3034 -0.248
v -0.2816 7.3006 -0.3304
v -0.2467 7.3005 -0.4167
v -0.1876 7.3031 -0.4741
v -0.1266 7.3074 -0.4805
v -0.0872 7.3117 -0.4336
v -0.0843 7.3144 -0.3512
v -0.1192 7.3145 -0.2649
v -0.1784 7.312 -0.2075
v -0.2393 7.3077 -0.2011
v -0.2518 7.2681 -0.1617
v -0.302 7.2626 -0.2214
v -0.3056 7.2591 -0.3263
v -0.2613 7.259 -0.4362
v -0.1859 7.2623 -0.5092
v -0.1083 7.2677 -0.5174
v -0.0582 7.2732 -0.4577
v -0.0545 7.2767 -0.3529
v -0.0989 7.2768 -0.243
v -0.1742 7.2735 -0.1699
v -0.2518 7.2681 -0.1617
v -0.2609 7.2199 -0.129
v -0.3199 7.2134 -0.1992
v -0.3241 7.2093 -0.3225
v -0.272 7.2092 -0.4517
v -0.1834 7.213 -0.5376
v -0.0922 7.2194 -0.5472
v -0.0332 7.2258 -0.477
v -0.0289 7.2299 -0.3537
v -0.0811 7.2301 -0.2245
v -0.1696 7.2263 -0.1386
v -0.2609 7.2199 -0.129
v -0.2662 7.1648 -0.104
v -0.3318 7.1576 -0.1821
v -0.3365 7.1531 -0.319
v -0.2786 7.1529 -0.4627
v -0.1802 7.1572 -0.5581
v -0.0788 7.1643 -0.5688
v -0.0132 7.1715 -0.4908
v -0.0085 7.176 -0.3538
v -0.0664 7.1762 -0.2102
v -0.1649 7.1719 -0.1148
v -0.2662 7.1648 -0.104
v -0.2676 7.1051 -0.0879
v -0.3372 7.0975 -0.1707
v -0.3422 7.0926 -0.3161
v -0.2808 7.0924 -0.4686
v -0.1763 7.097 -0.5699
v -0.0687 7.1045 -0.5813
v 0.0009 7.1121 -0.4985
v 0.006 7.1169 -0.353
v -0.0555 7.1171 -0.2006
v -0.16 7.1126 -0.0993
v -0.2676 7.1051 -0.0879
v -0.265 7.0429 -0.0811
v -0.336 7.0352 -0.1656
v -0.3411 7.0302 -0.3139
v -0.2784 7.03 -0.4693
v -0.1719 7.0347 -0.5726
v -0.0622 7.0423 -0.5842
v 0.0088 7.0501 -0.4998
v 0.0139 7.055 -0.3515
v -0.0488 7.0552 -0.196
v -0.1553 7.0506 -0.0928
v -0.265 7.0429 -0.0811
v -0.1636 7.0426 -0.3327
v -0.2356 7.2018 -0.4047
v -0.2356 7.2018 -0.2606
v -0.2356 7.3459 -0.4047
v -0.2356 7.3459 -0.2606
v -0.0915 7.2018 -0.4047
v -0.0915 7.2018 -0.2606
v -0.0915 7.3459 -0.4047
v -0.0915 7.3459 -0.2606
v -0.1636 7.2293 -0.4493
v -0.1636 7.2293 -0.2161
v -0.1636 7.3184 -0.4493
v -0.1636 7.3184 -0.2161
v -0.2081 7.1572 -0.3327
v -0.2081 7.3904 -0.3327
v -0.1191 7.1572 -0.3327
v -0.1191 7.3904 -0.3327
v -0.2802 7.2738 -0.3772
v -0.2802 7.2738 -0.2881
v -0.047 7.2738 -0.3772
v -0.047 7.2738 -0.2881
v -0.0384 7.094 -0.0383
v -0.0125 7.0548 -0.0353
v 0.0228 7.0451 -0.0058
v 0.041 7.0722 0.0281
v 0.0283 7.1157 0.0408
v -0.0057 7.1429 0.0228
v -0.0354 7.1332 -0.0124
v 0.249 7.2558 -0.3054
v 0.2676 7.2276 -0.3033
v 0.2931 7.2206 -0.282
v 0.3062 7.2402 -0.2576
v 0.297 7.2715 -0.2484
v 0.2726 7.291 -0.2614
v 0.2512 7.284 -0.2868
v 0 7.094 0
v 0.2767 7.2558 -0.2778
v 0.2496 7.3763 -0.2563
v 0.2496 7.3763 -0.2563
v 0.2496 7.3763 -0.2563
v 0.2496 7.3763 -0.2563
v 0.2496 7.3763 -0.2563
v 0.2496 7.3763 -0.2563
v 0.2496 7.3763 -0.2563
v 0.2496 7.3763 -0.2563
v 0.2496 7.3763 -0.2563
v 0.2496 7.3763 -0.2563
v 0.2496 7.3763 -0.2563
v 0.2835 7.3703 -0.2157
v 0.2625 7.3682 -0.2115
v 0.2367 7.3669 -0.2246
v 0.216 7.3669 -0.2499
v 0.2083 7.3681 -0.2778
v 0.2166 7.3702 -0.2977
v 0.2377 7.3722 -0.3018
v 0.2635 7.3735 -0.2887
v 0.2842 7.3736 -0.2634
v 0.2918 7.3724 -0.2355
v 0.2835 7.3703 -0.2157
v 0.3173 7.3523 -0.1775
v 0.2759 7.3482 -0.1694
v 0.2253 7.3456 -0.195
v 0.1848 7.3455 -0.2447
v 0.1697 7.348 -0.2994
v 0.186 7.352 -0.3383
v 0.2273 7.3561 -0.3465
v 0.2779 7.3587 -0.3208
v 0.3185 7.3588 -0.2711
v 0.3335 7.3563 -0.2164
v 0.3173 7.3523 -0.1775
v 0.3494 7.323 -0.1432
v 0.2894 7.3171 -0.1313
v 0.216 7.3133 -0.1686
v 0.1571 7.3132 -0.2407
v 0.1352 7.3167 -0.3202
v 0.1588 7.3226 -0.3766
v 0.2188 7.3285 -0.3885
v 0.2923 7.3322 -0.3512
v 0.3512 7.3324 -0.2791
v 0.373 7.3288 -0.1996
v 0.3494 7.323 -0.1432
v 0.3788 7.2835 -0.114
v 0.3024 7.276 -0.099
v 0.2089 7.2712 -0.1464
v 0.134 7.2711 -0.2382
v 0.1062 7.2756 -0.3393
v 0.1362 7.283 -0.4111
v 0.2126 7.2905 -0.4262
v 0.3061 7.2953 -0.3788
v 0.3811 7.2955 -0.287
v 0.4088 7.291 -0.1859
v 0.3788 7.2835 -0.114
v 0.4042 7.2354 -0.0912
v 0.3145 7.2266 -0.0735
v 0.2045 7.221 -0.1292
v 0.1163 7.2208 -0.2372
v 0.0837 7.2261 -0.3561
v 0.119 7.2348 -0.4405
v 0.2088 7.2437 -0.4583
v 0.3187 7.2493 -0.4025
v 0.4069 7.2495 -0.2945
v 0.4396 7.2442 -0.1756
v 0.4042 7.2354 -0.0912
v 0.4248 7.1805 -0.0755
v 0.325 7.1707 -0.0558
v 0.2028 7.1645 -0.1178
v 0.1049 7.1643 -0.2377
v 0.0686 7.1701 -0.3698
v 0.1078 7.1799 -0.4637
v 0.2076 7.1897 -0.4834
v 0.3298 7.1959 -0.4214
v 0.4277 7.1961 -0.3015
v 0.464 7.1903 -0.1693
v 0.4248 7.1805 -0.0755
v 0.4396 7.121 -0.0676
v 0.3337 7.1105 -0.0467
v 0.204 7.1039 -0.1125
v 0.1 7.1037 -0.2398
v 0.0615 7.1099 -0.3801
v 0.1031 7.1202 -0.4797
v 0.2091 7.1307 -0.5006
v 0.3388 7.1373 -0.4348
v 0.4428 7.1375 -0.3075
v 0.4813 7.1313 -0.1672
v 0.4396 7.121 -0.0676
v 0.4482 7.059 -0.0678
v 0.3402 7.0483 -0.0464
v 0.208 7.0416 -0.1135
v 0.102 7.0414 -0.2433
v 0.0627 7.0477 -0.3863
v 0.1051 7.0582 -0.4879
v 0.2131 7.0689 -0.5092
v 0.3454 7.0756 -0.4422
v 0.4514 7.0759 -0.3123
v 0.4907 7.0695 -0.1693
v 0.4482 7.059 -0.0678
v 0.2767 7.0586 -0.2778
v 0.2046 7.2178 -0.3499
v 0.2046 7.2178 -0.2058
v 0.2046 7.3619 -0.3499
v 0.2046 7.3619 -0.2058
v 0.3487 7.2178 -0.3499
v 0.3487 7.2178 -0.2058
v 0.3487 7.3619 -0.3499
v 0.3487 7.3619 -0.2058
v 0.2767 7.2453 -0.3944
v 0.2767 7.2453 -0.1613
v 0.2767 7.3343 -0.3944
v 0.2767 7.3343 -0.1613
v 0.2321 7.1732 -0.2778
v 0.2321 7.4064 -0.2778
v 0.3212 7.1732 -0.2778
v 0.3212 7.4064 -0.2778
v 0.1601 7.2898 -0.3224
v 0.1601 7.2898 -0.2333
v 0.3933 7.2898 -0.3224
v 0.3933 7.2898 -0.2333
v -0.0478 8.3225 0.0225
v -0.0478 8.3225 0.0225
v -0.0478 8.3225 0.0225
v -0.0478 8.3225 0.0225
v -0.0478 8.3225 0.0225
v -0.0478 8.3225 0.0225
v -0.0478 8.3225 0.0225
v -0.0478 8.3225 0.0225
v -0.0478 8.3225 0.0225
v -0.0478 8.3225 0.0225
v -0.0478 8.3225 0.0225
v 0.0924 8.311 0.0222
v 0.0655 8.3089 0.0955
v -0.0048 8.3092 0.1408
v -0.0915 8.3118 0.1408
v -0.1617 8.3157 0.0955
v -0.1884 8.3195 0.0222
v -0.1615 8.3216 -0.0512
v -0.0913 8.3213 -0.0965
v -0.0045 8.3187 -0.0965
v 0.0657 8.3148 -0.0512
v 0.0924 8.311 0.0222
v 0.2268 8.2856 0.0213
v 0.174 8.2814 0.1652
v 0.0362 8.282 0.2541
v -0.134 8.2871 0.2541
v -0.2716 8.2948 0.1652
v -0.3241 8.3021 0.0213
v -0.2713 8.3063 -0.1225
v -0.1335 8.3057 -0.2114
v 0.0367 8.3006 -0.2114
v 0.1743 8.2929 -0.1225
v 0.2268 8.2856 0.0213
v 0.3501 8.2472 0.0199
v 0.2735 8.2411 0.2288
v 0.0735 8.242 0.3578
v -0.1737 8.2494 0.3578
v -0.3734 8.2605 0.2288
v -0.4495 8.2712 0.0199
v -0.3729 8.2772 -0.1889
v -0.1728 8.2764 -0.318
v 0.0743 8.269 -0.318
v 0.274 8.2578 -0.1889
v 0.3501 8.2472 0.0199
v 0.4578 8.1972 0.0181
v 0.3603 8.1895 0.2838
v 0.1056 8.1906 0.4481
v -0.2089 8.2 0.4481
v -0.4631 8.2142 0.2838
v -0.56 8.2277 0.0181
v -0.4625 8.2355 -0.2477
v -0.2078 8.2344 -0.412
v 0.1067 8.225 -0.412
v 0.3609 8.2108 -0.2477
v 0.4578 8.1972 0.0181
v 0.5456 8.1376 0.0158
v 0.4309 8.1285 0.3283
v 0.1315 8.1298 0.5215
v -0.2383 8.1409 0.5215
v -0.5373 8.1576 0.3283
v -0.6512 8.1735 0.0158
v -0.5365 8.1826 -0.2968
v -0.2371 8.1813 -0.4899
v 0.1327 8.1702 -0.4899
v 0.4317 8.1535 -0.2968
v 0.5456 8.1376 0.0158
v 0.6101 8.0707 0.0132
v 0.4827 8.0606 0.3604
v 0.15 8.062 0.5751
v -0.2609 8.0743 0.5751
v -0.5931 8.0929 0.3604
v -0.7196 8.1106 0.0132
v -0.5922 8.1207 -0.3341
v -0.2595 8.1193 -0.5487
v 0.1514 8.107 -0.5487
v 0.4836 8.0884 -0.3341
v 0.6101 8.0707 0.0132
v 0.649 7.999 0.0104
v 0.5137 7.9883 0.379
v 0.1605 7.9898 0.6069
v -0.2757 8.0029 0.6069
v -0.6283 8.0226 0.379
v -0.7627 8.0414 0.0104
v -0.6275 8.0521 -0.3583
v -0.2743 8.0506 -0.5861
v 0.162 8.0375 -0.5861
v 0.5146 8.0178 -0.3583
v 0.649 7.999 0.0104
v 0.6606 7.9253 0.0074
v 0.5227 7.9144 0.3833
v 0.1626 7.9159 0.6156
v -0.2822 7.9293 0.6156
v -0.6417 7.9494 0.3833
v -0.7787 7.9685 0.0074
v -0.6408 7.9794 -0.3685
v -0.2807 7.9779 -0.6008
v 0.1641 7.9646 -0.6008
v 0.5236 7.9445 -0.3685
v 0.6606 7.9253 0.0074
v -0.0591 7.9469 0.0074
v -0.1398 8.1382 -0.0733
v -0.1398 8.1382 0.0881
v -0.1398 8.2996 -0.0733
v -0.1398 8.2996 0.0881
v 0.0216 8.1382 -0.0733
v 0.0216 8.1382 0.0881
v 0.0216 8.2996 -0.0733
v 0.0216 8.2996 0.0881
v -0.0591 8.1691 -0.1232
v -0.0591 8.1691 0.138
v -0.0591 8.2688 -0.1232
v -0.0591 8.2688 0.138
v -0.1089 8.0884 0.0074
v -0.1089 8.3495 0.0074
v -0.0092 8.0884 0.0074
v -0.0092 8.3495 0.0074
v -0.1896 8.2189 -0.0425
v -0.1896 8.2189 0.0573
v 0.0715 8.2189 -0.0425
v 0.0715 8.2189 0.0573
vt 0 0
vt 0.1 0
vt 0.2 0
vt 0.3 0
vt 0.4 0
vt 0.5 0
vt 0.6 0
vt 0.7 0
vt 0.8 0
vt 0.9 0
vt 0 1
vt 0.1 1
vt 0.2 1
vt 0.3 1
vt 0.4 1
vt 0.5 1
vt 0.6 1
vt 0.7 1
vt 0.8 1
vt 0.9 1
vt 0.5 0.5
vt 0.5 0.5
vt 0 0
vt 0.125 0
vt 0.25 0
vt 0.375 0
vt 0.5 0
vt 0.625 0
vt 0.75 0
vt 0.875 0
vt 0 1
vt 0.125 1
vt 0.25 1
vt 0.375 1
vt 0.5 1
vt 0.625 1
vt 0.75 1
vt 0.875 1
vt 0.5 0.5
vt 0.5 0.5
vt 0 0
vt 0.1 0
vt 0.2 0
vt 0.3 0
vt 0.4 0
vt 0.5 0
vt 0.6 0
vt 0.7 0
vt 0.8 0
vt 0.9 0
vt 0 1
vt 0.1 1
vt 0.2 1
vt 0.3 1
vt 0.4 1
vt 0.5 1
vt 0.6 1
vt 0.7 1
vt 0.8 1
vt 0.9 1
vt 0.5 0.5
vt 0.5 0.5
vt 0 0
vt 0.14285714285714285 0
vt 0.2857142857142857 0
vt 0.42857142857142855 0
vt 0.5714285714285714 0
vt 0.7142857142857143 0
vt 0.8571428571428571 0
vt 0 1
vt 0.14285714285714285 1
vt 0.2857142857142857 1
vt 0.42857142857142855 1
vt 0.5714285714285714 1
vt 0.7142857142857143 1
vt 0.8571428571428571 1
vt 0.5 0.5
vt 0.5 0.5
vt 0 0
vt 0.1 0
vt 0.2 0
vt 0.3 0
vt 0.4 0
vt 0.5 0
vt 0.6 0
vt 0.7 0
vt 0.8 0
vt 0.9 0
vt 1 0
vt 0 0.125
vt 0.1 0.125
vt 0.2 0.125
vt 0.3 0.125
vt 0.4 0.125
vt 0.5 0.125
vt 0.6 0.125
vt 0.7 0.125
vt 0.8 0.125
vt 0.9 0.125
vt 1 0.125
vt 0 0.25
vt 0.1 0.25
vt 0.2 0.25
vt 0.3 0.25
vt 0.4 0.25
vt 0.5 0.25
vt 0.6 0.25
vt 0.7 0.25
vt 0.8 0.25
vt 0.9 0.25
vt 1 0.25
vt 0 0.375
vt 0.1 0.375
vt 0.2 0.375
vt 0.3 0.375
vt 0.4 0.375
vt 0.5 0.375
vt 0.6 0.375
vt 0.7 0.375
vt 0.8 0.375
vt 0.9 0.375
vt 1 0.375
vt 0 0.5
vt 0.1 0.5
vt 0.2 0.5
vt 0.3 0.5
vt 0.4 0.5
vt 0.5 0.5
vt 0.6 0.5
vt 0.7 0.5
vt 0.8 0.5
vt 0.9 0.5
vt 1 0.5
vt 0 0.625
vt 0.1 0.625
vt 0.2 0.625
vt 0.3 0.625
vt 0.4 0.625
vt 0.5 0.625
vt 0.6 0.625
vt 0.7 0.625
vt 0.8 0.625
vt 0.9 0.625
vt 1 0.625
vt 0 0.75
vt 0.1 0.75
vt 0.2 0.75
vt 0.3 0.75
vt 0.4 0.75
vt 0.5 0.75
vt 0.6 0.75
vt 0.7 0.75
vt 0.8 0.75
vt 0.9 0.75
vt 1 0.75
vt 0 0.875
vt 0.1 0.875
vt 0.2 0.875
vt 0.3 0.875
vt 0.4 0.875
vt 0.5 0.875
vt 0.6 0.875
vt 0.7 0.875
vt 0.8 0.875
vt 0.9 0.875
vt 1 0.875
vt 0 1
vt 0.1 1
vt 0.2 1
vt 0.3 1
vt 0.4 1
vt 0.5 1
vt 0.6 1
vt 0.7 1
vt 0.8 1
vt 0.9 1
vt 1 1
vt 0.5 0.5
vt 0.5 0.5
vt 0.5 0.5
vt 0.5 0.5
vt 0.5 0.5
vt 0.5 0.5
vt 0.5 0.5
vt 0.5 0.5
vt 0.5 0.5
vt 0.5 0.5
vt 0.5 0.5
vt 0.5 0.5
vt 0.5 0.5
vt 0.5 0.5
vt 0.5 0.5
vt 0.5 0.5
vt 0.5 0.5
vt 0.5 0.5
vt 0.5 0.5
vt 0.5 0.5
vt 0.5 0.5
vt 0 0
vt 0.14285714285714285 0
vt 0.2857142857142857 0
vt 0.42857142857142855 0
vt 0.5714285714285714 0
vt 0.7142857142857143 0
vt 0.8571428571428571 0
vt 0 1
vt 0.14285714285714285 1
vt 0.2857142857142857 1
vt 0.42857142857142855 1
vt 0.5714285714285714 1
vt 0.7142857142857143 1
vt 0.8571428571428571 1
vt 0.5 0.5
vt 0.5 0.5
vt 0 0
vt 0.1 0
vt 0.2 0
vt 0.3 0
vt 0.4 0
vt 0.5 0
vt 0.6 0
vt 0.7 0
vt 0.8 0
vt 0.9 0
vt 1 0
vt 0 0.125
vt 0.1 0.125
vt 0.2 0.125
vt 0.3 0.125
vt 0.4 0.125
vt 0.5 0.125
vt 0.6 0.125
vt 0.7 0.125
vt 0.8 0.125
vt 0.9 0.125
vt 1 0.125
vt 0 0.25
vt 0.1 0.25
vt 0.2 0.25
vt 0.3 0.25
vt 0.4 0.25
vt 0.5 0.25
vt 0.6 0.25
vt 0.7 0.25
vt 0.8 0.25
vt 0.9 0.25
vt 1 0.25
vt 0 0.375
vt 0.1 0.375
vt 0.2 0.375
vt 0.3 0.375
vt 0.4 0.375
vt 0.5 0.375
vt 0.6 0.375
vt 0.7 0.375
vt 0.8 0.375
vt 0.9 0.375
vt 1 0.375
vt 0 0.5
vt 0.1 0.5
vt 0.2 0.5
vt 0.3 0.5
vt 0.4 0.5
vt 0.5 0.5
vt 0.6 0.5
vt 0.7 0.5
vt 0.8 0.5
vt 0.9 0.5
vt 1 0.5
vt 0 0.625
vt 0.1 0.625
vt 0.2 0.625
vt 0.3 0.625
vt 0.4 0.625
vt 0.5 0.625
vt 0.6 0.625
vt 0.7 0.625
vt 0.8 0.625
vt 0.9 0.625
vt 1 0.625
vt 0 0.75
vt 0.1 0.75
vt 0.2 0.75
vt 0.3 0.75
vt 0.4 0.75
vt 0.5 0.75
vt 0.6 0.75
vt 0.7 0.75
vt 0.8 0.75
vt 0.9 0.75
vt 1 0.75
vt 0 0.875
vt 0.1 0.875
vt 0.2 0.875
vt 0.3 0.875
vt 0.4 0.875
vt 0.5 0.875
vt 0.6 0.875
vt 0.7 0.875
vt 0.8 0.875
vt 0.9 0.875
vt 1 0.875
vt 0 1
vt 0.1 1
vt 0.2 1
vt 0.3 1
vt 0.4 1
vt 0.5 1
vt 0.6 1
vt 0.7 1
vt 0.8 1
vt 0.9 1
vt 1 1
vt 0.5 0.5
vt 0.5 0.5
vt 0.5 0.5
vt 0.5 0.5
vt 0.5 0.5
vt 0.5 0.5
vt 0.5 0.5
vt 0.5 0.5
vt 0.5 0.5
vt 0.5 0.5
vt 0.5 0.5
vt 0.5 0.5
vt 0.5 0.5
vt 0.5 0.5
vt 0.5 0.5
vt 0.5 0.5
vt 0.5 0.5
vt 0.5 0.5
vt 0.5 0.5
vt 0.5 0.5
vt 0.5 0.5
vt 0 0
vt 0.14285714285714285 0
vt 0.2857142857142857 0
vt 0.42857142857142855 0
vt 0.5714285714285714 0
vt 0.7142857142857143 0
vt 0.8571428571428571 0
vt 0 1
vt 0.14285714285714285 1
vt 0.2857142857142857 1
vt 0.42857142857142855 1
vt 0.5714285714285714 1
vt 0.7142857142857143 1
vt 0.8571428571428571 1
vt 0.5 0.5
vt 0.5 0.5
vt 0 0
vt 0.1 0
vt 0.2 0
vt 0.3 0
vt 0.4 0
vt 0.5 0
vt 0.6 0
vt 0.7 0
vt 0.8 0
vt 0.9 0
vt 1 0
vt 0 0.125
vt 0.1 0.125
vt 0.2 0.125
vt 0.3 0.125
vt 0.4 0.125
vt 0.5 0.125
vt 0.6 0.125
vt 0.7 0.125
vt 0.8 0.125
vt 0.9 0.125
vt 1 0.125
vt 0 0.25
vt 0.1 0.25
vt 0.2 0.25
vt 0.3 0.25
vt 0.4 0.25
vt 0.5 0.25
vt 0.6 0.25
vt 0.7 0.25
vt 0.8 0.25
vt 0.9 0.25
vt 1 0.25
vt 0 0.375
vt 0.1 0.375
vt 0.2 0.375
vt 0.3 0.375
vt 0.4 0.375
vt 0.5 0.375
vt 0.6 0.375
vt 0.7 0.375
vt 0.8 0.375
vt 0.9 0.375
vt 1 0.375
vt 0 0.5
vt 0.1 0.5
vt 0.2 0.5
vt 0.3 0.5
vt 0.4 0.5
vt 0.5 0.5
vt 0.6 0.5
vt 0.7 0.5
vt 0.8 0.5
vt 0.9 0.5
vt 1 0.5
vt 0 0.625
vt 0.1 0.625
vt 0.2 0.625
vt 0.3 0.625
vt 0.4 0.625
vt 0.5 0.625
vt 0.6 0.625
vt 0.7 0.625
vt 0.8 0.625
vt 0.9 0.625
vt 1 0.625
vt 0 0.75
vt 0.1 0.75
vt 0.2 0.75
vt 0.3 0.75
vt 0.4 0.75
vt 0.5 0.75
vt 0.6 0.75
vt 0.7 0.75
vt 0.8 0.75
vt 0.9 0.75
vt 1 0.75
vt 0 0.875
vt 0.1 0.875
vt 0.2 0.875
vt 0.3 0.875
vt 0.4 0.875
vt 0.5 0.875
vt 0.6 0.875
vt 0.7 0.875
vt 0.8 0.875
vt 0.9 0.875
vt 1 0.875
vt 0 1
vt 0.1 1
vt 0.2 1
vt 0.3 1
vt 0.4 1
vt 0.5 1
vt 0.6 1
vt 0.7 1
vt 0.8 1
vt 0.9 1
vt 1 1
vt 0.5 0.5
vt 0.5 0.5
vt 0.5 0.5
vt 0.5 0.5
vt 0.5 0.5
vt 0.5 0.5
vt 0.5 0.5
vt 0.5 0.5
vt 0.5 0.5
vt 0.5 0.5
vt 0.5 0.5
vt 0.5 0.5
vt 0.5 0.5
vt 0.5 0.5
vt 0.5 0.5
vt 0.5 0.5
vt 0.5 0.5
vt 0.5 0.5
vt 0.5 0.5
vt 0.5 0.5
vt 0.5 0.5
vt 0 0
vt 0.14285714285714285 0
vt 0.2857142857142857 0
vt 0.42857142857142855 0
vt 0.5714285714285714 0
vt 0.7142857142857143 0
vt 0.8571428571428571 0
vt 0 1
vt 0.14285714285714285 1
vt 0.2857142857142857 1
vt 0.42857142857142855 1
vt 0.5714285714285714 1
vt 0.7142857142857143 1
vt 0.8571428571428571 1
vt 0.5 0.5
vt 0.5 0.5
vt 0 0
vt 0.1 0
vt 0.2 0
vt 0.3 0
vt 0.4 0
vt 0.5 0
vt 0.6 0
vt 0.7 0
vt 0.8 0
vt 0.9 0
vt 1 0
vt 0 0.125
vt 0.1 0.125
vt 0.2 0.125
vt 0.3 0.125
vt 0.4 0.125
vt 0.5 0.125
vt 0.6 0.125
vt 0.7 0.125
vt 0.8 0.125
vt 0.9 0.125
vt 1 0.125
vt 0 0.25
vt 0.1 0.25
vt 0.2 0.25
vt 0.3 0.25
vt 0.4 0.25
vt 0.5 0.25
vt 0.6 0.25
vt 0.7 0.25
vt 0.8 0.25
vt 0.9 0.25
vt 1 0.25
vt 0 0.375
vt 0.1 0.375
vt 0.2 0.375
vt 0.3 0.375
vt 0.4 0.375
vt 0.5 0.375
vt 0.6 0.375
vt 0.7 0.375
vt 0.8 0.375
vt 0.9 0.375
vt 1 0.375
vt 0 0.5
vt 0.1 0.5
vt 0.2 0.5
vt 0.3 0.5
vt 0.4 0.5
vt 0.5 0.5
vt 0.6 0.5
vt 0.7 0.5
vt 0.8 0.5
vt 0.9 0.5
vt 1 0.5
vt 0 0.625
vt 0.1 0.625
vt 0.2 0.625
vt 0.3 0.625
vt 0.4 0.625
vt 0.5 0.625
vt 0.6 0.625
vt 0.7 0.625
vt 0.8 0.625
vt 0.9 0.625
vt 1 0.625
vt 0 0.75
vt 0.1 0.75
vt 0.2 0.75
vt 0.3 0.75
vt 0.4 0.75
vt 0.5 0.75
vt 0.6 0.75
vt 0.7 0.75
vt 0.8 0.75
vt 0.9 0.75
vt 1 0.75
vt 0 0.875
vt 0.1 0.875
vt 0.2 0.875
vt 0.3 0.875
vt 0.4 0.875
vt 0.5 0.875
vt 0.6 0.875
vt 0.7 0.875
vt 0.8 0.875
vt 0.9 0.875
vt 1 0.875
vt 0 1
vt 0.1 1
vt 0.2 1
vt 0.3 1
vt 0.4 1
vt 0.5 1
vt 0.6 1
vt 0.7 1
vt 0.8 1
vt 0.9 1
vt 1 1
vt 0.5 0.5
vt 0.5 0.5
vt 0.5 0.5
vt 0.5 0.5
vt 0.5 0.5
vt 0.5 0.5
vt 0.5 0.5
vt 0.5 0.5
vt 0.5 0.5
vt 0.5 0.5
vt 0.5 0.5
vt 0.5 0.5
vt 0.5 0.5
vt 0.5 0.5
vt 0.5 0.5
vt 0.5 0.5
vt 0.5 0.5
vt 0.5 0.5
vt 0.5 0.5
vt 0.5 0.5
vt 0.5 0.5
vt 0 0
vt 0.14285714285714285 0
vt 0.2857142857142857 0
vt 0.42857142857142855 0
vt 0.5714285714285714 0
vt 0.7142857142857143 0
vt 0.8571428571428571 0
vt 0 1
vt 0.14285714285714285 1
vt 0.2857142857142857 1
vt 0.42857142857142855 1
vt 0.5714285714285714 1
vt 0.7142857142857143 1
vt 0.8571428571428571 1
vt 0.5 0.5
vt 0.5 0.5
vt 0 0
vt 0.1 0
vt 0.2 0
vt 0.3 0
vt 0.4 0
vt 0.5 0
vt 0.6 0
vt 0.7 0
vt 0.8 0
vt 0.9 0
vt 1 0
vt 0 0.125
vt 0.1 0.125
vt 0.2 0.125
vt 0.3 0.125
vt 0.4 0.125
vt 0.5 0.125
vt 0.6 0.125
vt 0.7 0.125
vt 0.8 0.125
vt 0.9 0.125
vt 1 0.125
vt 0 0.25
vt 0.1 0.25
vt 0.2 0.25
vt 0.3 0.25
vt 0.4 0.25
vt 0.5 0.25
vt 0.6 0.25
vt 0.7 0.25
vt 0.8 0.25
vt 0.9 0.25
vt 1 0.25
vt 0 0.375
vt 0.1 0.375
vt 0.2 0.375
vt 0.3 0.375
vt 0.4 0.375
vt 0.5 0.375
vt 0.6 0.375
vt 0.7 0.375
vt 0.8 0.375
vt 0.9 0.375
vt 1 0.375
vt 0 0.5
vt 0.1 0.5
vt 0.2 0.5
vt 0.3 0.5
vt 0.4 0.5
vt 0.5 0.5
vt 0.6 0.5
vt 0.7 0.5
vt 0.8 0.5
vt 0.9 0.5
vt 1 0.5
vt 0 0.625
vt 0.1 0.625
vt 0.2 0.625
vt 0.3 0.625
vt 0.4 0.625
vt 0.5 0.625
vt 0.6 0.625
vt 0.7 0.625
vt 0.8 0.625
vt 0.9 0.625
vt 1 0.625
vt 0 0.75
vt 0.1 0.75
vt 0.2 0.75
vt 0.3 0.75
vt 0.4 0.75
vt 0.5 0.75
vt 0.6 0.75
vt 0.7 0.75
vt 0.8 0.75
vt 0.9 0.75
vt 1 0.75
vt 0 0.875
vt 0.1 0.875
vt 0.2 0.875
vt 0.3 0.875
vt 0.4 0.875
vt 0.5 0.875
vt 0.6 0.875
vt 0.7 0.875
vt 0.8 0.875
vt 0.9 0.875
vt 1 0.875
vt 0 1
vt 0.1 1
vt 0.2 1
vt 0.3 1
vt 0.4 1
vt 0.5 1
vt 0.6 1
vt 0.7 1
vt 0.8 1
vt 0.9 1
vt 1 1
vt 0.5 0.5
vt 0.5 0.5
vt 0.5 0.5
vt 0.5 0.5
vt 0.5 0.5
vt 0.5 0.5
vt 0.5 0.5
vt 0.5 0.5
vt 0.5 0.5
vt 0.5 0.5
vt 0.5 0.5
vt 0.5 0.5
vt 0.5 0.5
vt 0.5 0.5
vt 0.5 0.5
vt 0.5 0.5
vt 0.5 0.5
vt 0.5 0.5
vt 0.5 0.5
vt 0.5 0.5
vt 0.5 0.5
vt 0 0
vt 0.14285714285714285 0
vt 0.2857142857142857 0
vt 0.42857142857142855 0
vt 0.5714285714285714 0
vt 0.7142857142857143 0
vt 0.8571428571428571 0
vt 0 1
vt 0.14285714285714285 1
vt 0.2857142857142857 1
vt 0.42857142857142855 1
vt 0.5714285714285714 1
vt 0.7142857142857143 1
vt 0.8571428571428571 1
vt 0.5 0.5
vt 0.5 0.5
vt 0 0
vt 0.1 0
vt 0.2 0
vt 0.3 0
vt 0.4 0
vt 0.5 0
vt 0.6 0
vt 0.7 0
vt 0.8 0
vt 0.9 0
vt 1 0
vt 0 0.125
vt 0.1 0.125
vt 0.2 0.125
vt 0.3 0.125
vt 0.4 0.125
vt 0.5 0.125
vt 0.6 0.125
vt 0.7 0.125
vt 0.8 0.125
vt 0.9 0.125
vt 1 0.125
vt 0 0.25
vt 0.1 0.25
vt 0.2 0.25
vt 0.3 0.25
vt 0.4 0.25
vt 0.5 0.25
vt 0.6 0.25
vt 0.7 0.25
vt 0.8 0.25
vt 0.9 0.25
vt 1 0.25
vt 0 0.375
vt 0.1 0.375
vt 0.2 0.375
vt 0.3 0.375
vt 0.4 0.375
vt 0.5 0.375
vt 0.6 0.375
vt 0.7 0.375
vt 0.8 0.375
vt 0.9 0.375
vt 1 0.375
vt 0 0.5
vt 0.1 0.5
vt 0.2 0.5
vt 0.3 0.5
vt 0.4 0.5
vt 0.5 0.5
vt 0.6 0.5
vt 0.7 0.5
vt 0.8 0.5
vt 0.9 0.5
vt 1 0.5
vt 0 0.625
vt 0.1 0.625
vt 0.2 0.625
vt 0.3 0.625
vt 0.4 0.625
vt 0.5 0.625
vt 0.6 0.625
vt 0.7 0.625
vt 0.8 0.625
vt 0.9 0.625
vt 1 0.625
vt 0 0.75
vt 0.1 0.75
vt 0.2 0.75
vt 0.3 0.75
vt 0.4 0.75
vt 0.5 0.75
vt 0.6 0.75
vt 0.7 0.75
vt 0.8 0.75
vt 0.9 0.75
vt 1 0.75
vt 0 0.875
vt 0.1 0.875
vt 0.2 0.875
vt 0.3 0.875
vt 0.4 0.875
vt 0.5 0.875
vt 0.6 0.875
vt 0.7 0.875
vt 0.8 0.875
vt 0.9 0.875
vt 1 0.875
vt 0 1
vt 0.1 1
vt 0.2 1
vt 0.3 1
vt 0.4 1
vt 0.5 1
vt 0.6 1
vt 0.7 1
vt 0.8 1
vt 0.9 1
vt 1 1
vt 0.5 0.5
vt 0.5 0.5
vt 0.5 0.5
vt 0.5 0.5
vt 0.5 0.5
vt 0.5 0.5
vt 0.5 0.5
vt 0.5 0.5
vt 0.5 0.5
vt 0.5 0.5
vt 0.5 0.5
vt 0.5 0.5
vt 0.5 0.5
vt 0.5 0.5
vt 0.5 0.5
vt 0.5 0.5
vt 0.5 0.5
vt 0.5 0.5
vt 0.5 0.5
vt 0.5 0.5
vt 0.5 0.5
vt 0 0
vt 0.14285714285714285 0
vt 0.2857142857142857 0
vt 0.42857142857142855 0
vt 0.5714285714285714 0
vt 0.7142857142857143 0
vt 0.8571428571428571 0
vt 0 1
vt 0.14285714285714285 1
vt 0.2857142857142857 1
vt 0.42857142857142855 1
vt 0.5714285714285714 1
vt 0.7142857142857143 1
vt 0.8571428571428571 1
vt 0.5 0.5
vt 0.5 0.5
vt 0 0
vt 0.1 0
vt 0.2 0
vt 0.3 0
vt 0.4 0
vt 0.5 0
vt 0.6 0
vt 0.7 0
vt 0.8 0
vt 0.9 0
vt 1 0
vt 0 0.125
vt 0.1 0.125
vt 0.2 0.125
vt 0.3 0.125
vt 0.4 0.125
vt 0.5 0.125
vt 0.6 0.125
vt 0.7 0.125
vt 0.8 0.125
vt 0.9 0.125
vt 1 0.125
vt 0 0.25
vt 0.1 0.25
vt 0.2 0.25
vt 0.3 0.25
vt 0.4 0.25
vt 0.5 0.25
vt 0.6 0.25
vt 0.7 0.25
vt 0.8 0.25
vt 0.9 0.25
vt 1 0.25
vt 0 0.375
vt 0.1 0.375
vt 0.2 0.375
vt 0.3 0.375
vt 0.4 0.375
vt 0.5 0.375
vt 0.6 0.375
vt 0.7 0.375
vt 0.8 0.375
vt 0.9 0.375
vt 1 0.375
vt 0 0.5
vt 0.1 0.5
vt 0.2 0.5
vt 0.3 0.5
vt 0.4 0.5
vt 0.5 0.5
vt 0.6 0.5
vt 0.7 0.5
vt 0.8 0.5
vt 0.9 0.5
vt 1 0.5
vt 0 0.625
vt 0.1 0.625
vt 0.2 0.625
vt 0.3 0.625
vt 0.4 0.625
vt 0.5 0.625
vt 0.6 0.625
vt 0.7 0.625
vt 0.8 0.625
vt 0.9 0.625
vt 1 0.625
vt 0 0.75
vt 0.1 0.75
vt 0.2 0.75
vt 0.3 0.75
vt 0.4 0.75
vt 0.5 0.75
vt 0.6 0.75
vt 0.7 0.75
vt 0.8 0.75
vt 0.9 0.75
vt 1 0.75
vt 0 0.875
vt 0.1 0.875
vt 0.2 0.875
vt 0.3 0.875
vt 0.4 0.875
vt 0.5 0.875
vt 0.6 0.875
vt 0.7 0.875
vt 0.8 0.875
vt 0.9 0.875
vt 1 0.875
vt 0 1
vt 0.1 1
vt 0.2 1
vt 0.3 1
vt 0.4 1
vt 0.5 1
vt 0.6 1
vt 0.7 1
vt 0.8 1
vt 0.9 1
vt 1 1
vt 0.5 0.5
vt 0.5 0.5
vt 0.5 0.5
vt 0.5 0.5
vt 0.5 0.5
vt 0.5 0.5
vt 0.5 0.5
vt 0.5 0.5
vt 0.5 0.5
vt 0.5 0.5
vt 0.5 0.5
vt 0.5 0.5
vt 0.5 0.5
vt 0.5 0.5
vt 0.5 0.5
vt 0.5 0.5
vt 0.5 0.5
vt 0.5 0.5
vt 0.5 0.5
vt 0.5 0.5
vt 0.5 0.5
vt 0 0
vt 0.14285714285714285 0
vt 0.2857142857142857 0
vt 0.42857142857142855 0
vt 0.5714285714285714 0
vt 0.7142857142857143 0
vt 0.8571428571428571 0
vt 0 1
vt 0.14285714285714285 1
vt 0.2857142857142857 1
vt 0.42857142857142855 1
vt 0.5714285714285714 1
vt 0.7142857142857143 1
vt 0.8571428571428571 1
vt 0.5 0.5
vt 0.5 0.5
vt 0 0
vt 0.1 0
vt 0.2 0
vt 0.3 0
vt 0.4 0
vt 0.5 0
vt 0.6 0
vt 0.7 0
vt 0.8 0
vt 0.9 0
vt 1 0
vt 0 0.125
vt 0.1 0.125
vt 0.2 0.125
vt 0.3 0.125
vt 0.4 0.125
vt 0.5 0.125
vt 0.6 0.125
vt 0.7 0.125
vt 0.8 0.125
vt 0.9 0.125
vt 1 0.125
vt 0 0.25
vt 0.1 0.25
vt 0.2 0.25
vt 0.3 0.25
vt 0.4 0.25
vt 0.5 0.25
vt 0.6 0.25
vt 0.7 0.25
vt 0.8 0.25
vt 0.9 0.25
vt 1 0.25
vt 0 0.375
vt 0.1 0.375
vt 0.2 0.375
vt 0.3 0.375
vt 0.4 0.375
vt 0.5 0.375
vt 0.6 0.375
vt 0.7 0.375
vt 0.8 0.375
vt 0.9 0.375
vt 1 0.375
vt 0 0.5
vt 0.1 0.5
vt 0.2 0.5
vt 0.3 0.5
vt 0.4 0.5
vt 0.5 0.5
vt 0.6 0.5
vt 0.7 0.5
vt 0.8 0.5
vt 0.9 0.5
vt 1 0.5
vt 0 0.625
vt 0.1 0.625
vt 0.2 0.625
vt 0.3 0.625
vt 0.4 0.625
vt 0.5 0.625
vt 0.6 0.625
vt 0.7 0.625
vt 0.8 0.625
vt 0.9 0.625
vt 1 0.625
vt 0 0.75
vt 0.1 0.75
vt 0.2 0.75
vt 0.3 0.75
vt 0.4 0.75
vt 0.5 0.75
vt 0.6 0.75
vt 0.7 0.75
vt 0.8 0.75
vt 0.9 0.75
vt 1 0.75
vt 0 0.875
vt 0.1 0.875
vt 0.2 0.875
vt 0.3 0.875
vt 0.4 0.875
vt 0.5 0.875
vt 0.6 0.875
vt 0.7 0.875
vt 0.8 0.875
vt 0.9 0.875
vt 1 0.875
vt 0 1
vt 0.1 1
vt 0.2 1
vt 0.3 1
vt 0.4 1
vt 0.5 1
vt 0.6 1
vt 0.7 1
vt 0.8 1
vt 0.9 1
vt 1 1
vt 0.5 0.5
vt 0.5 0.5
vt 0.5 0.5
vt 0.5 0.5
vt 0.5 0.5
vt 0.5 0.5
vt 0.5 0.5
vt 0.5 0.5
vt 0.5 0.5
vt 0.5 0.5
vt 0.5 0.5
vt 0.5 0.5
vt 0.5 0.5
vt 0.5 0.5
vt 0.5 0.5
vt 0.5 0.5
vt 0.5 0.5
vt 0.5 0.5
vt 0.5 0.5
vt 0.5 0.5
vt 0.5 0.5
vt 0 0
vt 0.14285714285714285 0
vt 0.2857142857142857 0
vt 0.42857142857142855 0
vt 0.5714285714285714 0
vt 0.7142857142857143 0
vt 0.8571428571428571 0
vt 0 1
vt 0.14285714285714285 1
vt 0.2857142857142857 1
vt 0.42857142857142855 1
vt 0.5714285714285714 1
vt 0.7142857142857143 1
vt 0.8571428571428571 1
vt 0.5 0.5
vt 0.5 0.5
vt 0 0
vt 0.1 0
vt 0.2 0
vt 0.3 0
vt 0.4 0
vt 0.5 0
vt 0.6 0
vt 0.7 0
vt 0.8 0
vt 0.9 0
vt 1 0
vt 0 0.125
vt 0.1 0.125
vt 0.2 0.125
vt 0.3 0.125
vt 0.4 0.125
vt 0.5 0.125
vt 0.6 0.125
vt 0.7 0.125
vt 0.8 0.125
vt 0.9 0.125
vt 1 0.125
vt 0 0.25
vt 0.1 0.25
vt 0.2 0.25
vt 0.3 0.25
vt 0.4 0.25
vt 0.5 0.25
vt 0.6 0.25
vt 0.7 0.25
vt 0.8 0.25
vt 0.9 0.25
vt 1 0.25
vt 0 0.375
vt 0.1 0.375
vt 0.2 0.375
vt 0.3 0.375
vt 0.4 0.375
vt 0.5 0.375
vt 0.6 0.375
vt 0.7 0.375
vt 0.8 0.375
vt 0.9 0.375
vt 1 0.375
vt 0 0.5
vt 0.1 0.5
vt 0.2 0.5
vt 0.3 0.5
vt 0.4 0.5
vt 0.5 0.5
vt 0.6 0.5
vt 0.7 0.5
vt 0.8 0.5
vt 0.9 0.5
vt 1 0.5
vt 0 0.625
vt 0.1 0.625
vt 0.2 0.625
vt 0.3 0.625
vt 0.4 0.625
vt 0.5 0.625
vt 0.6 0.625
vt 0.7 0.625
vt 0.8 0.625
vt 0.9 0.625
vt 1 0.625
vt 0 0.75
vt 0.1 0.75
vt 0.2 0.75
vt 0.3 0.75
vt 0.4 0.75
vt 0.5 0.75
vt 0.6 0.75
vt 0.7 0.75
vt 0.8 0.75
vt 0.9 0.75
vt 1 0.75
vt 0 0.875
vt 0.1 0.875
vt 0.2 0.875
vt 0.3 0.875
vt 0.4 0.875
vt 0.5 0.875
vt 0.6 0.875
vt 0.7 0.875
vt 0.8 0.875
vt 0.9 0.875
vt 1 0.875
vt 0 1
vt 0.1 1
vt 0.2 1
vt 0.3 1
vt 0.4 1
vt 0.5 1
vt 0.6 1
vt 0.7 1
vt 0.8 1
vt 0.9 1
vt 1 1
vt 0.5 0.5
vt 0.5 0.5
vt 0.5 0.5
vt 0.5 0.5
vt 0.5 0.5
vt 0.5 0.5
vt 0.5 0.5
vt 0.5 0.5
vt 0.5 0.5
vt 0.5 0.5
vt 0.5 0.5
vt 0.5 0.5
vt 0.5 0.5
vt 0.5 0.5
vt 0.5 0.5
vt 0.5 0.5
vt 0.5 0.5
vt 0.5 0.5
vt 0.5 0.5
vt 0.5 0.5
vt 0.5 0.5
vt 0 0
vt 0.14285714285714285 0
vt 0.2857142857142857 0
vt 0.42857142857142855 0
vt 0.5714285714285714 0
vt 0.7142857142857143 0
vt 0.8571428571428571 0
vt 0 1
vt 0.14285714285714285 1
vt 0.2857142857142857 1
vt 0.42857142857142855 1
vt 0.5714285714285714 1
vt 0.7142857142857143 1
vt 0.8571428571428571 1
vt 0.5 0.5
vt 0.5 0.5
vt 0 0
vt 0.1 0
vt 0.2 0
vt 0.3 0
vt 0.4 0
vt 0.5 0
vt 0.6 0
vt 0.7 0
vt 0.8 0
vt 0.9 0
vt 1 0
vt 0 0.125
vt 0.1 0.125
vt 0.2 0.125
vt 0.3 0.125
vt 0.4 0.125
vt 0.5 0.125
vt 0.6 0.125
vt 0.7 0.125
vt 0.8 0.125
vt 0.9 0.125
vt 1 0.125
vt 0 0.25
vt 0.1 0.25
vt 0.2 0.25
vt 0.3 0.25
vt 0.4 0.25
vt 0.5 0.25
vt 0.6 0.25
vt 0.7 0.25
vt 0.8 0.25
vt 0.9 0.25
vt 1 0.25
vt 0 0.375
vt 0.1 0.375
vt 0.2 0.375
vt 0.3 0.375
vt 0.4 0.375
vt 0.5 0.375
vt 0.6 0.375
vt 0.7 0.375
vt 0.8 0.375
vt 0.9 0.375
vt 1 0.375
vt 0 0.5
vt 0.1 0.5
vt 0.2 0.5
vt 0.3 0.5
vt 0.4 0.5
vt 0.5 0.5
vt 0.6 0.5
vt 0.7 0.5
vt 0.8 0.5
vt 0.9 0.5
vt 1 0.5
vt 0 0.625
vt 0.1 0.625
vt 0.2 0.625
vt 0.3 0.625
vt 0.4 0.625
vt 0.5 0.625
vt 0.6 0.625
vt 0.7 0.625
vt 0.8 0.625
vt 0.9 0.625
vt 1 0.625
vt 0 0.75
vt 0.1 0.75
vt 0.2 0.75
vt 0.3 0.75
vt 0.4 0.75
vt 0.5 0.75
vt 0.6 0.75
vt 0.7 0.75
vt 0.8 0.75
vt 0.9 0.75
vt 1 0.75
vt 0 0.875
vt 0.1 0.875
vt 0.2 0.875
vt 0.3 0.875
vt 0.4 0.875
vt 0.5 0.875
vt 0.6 0.875
vt 0.7 0.875
vt 0.8 0.875
vt 0.9 0.875
vt 1 0.875
vt 0 1
vt 0.1 1
vt 0.2 1
vt 0.3 1
vt 0.4 1
vt 0.5 1
vt 0.6 1
vt 0.7 1
vt 0.8 1
vt 0.9 1
vt 1 1
vt 0.5 0.5
vt 0.5 0.5
vt 0.5 0.5
vt 0.5 0.5
vt 0.5 0.5
vt 0.5 0.5
vt 0.5 0.5
vt 0.5 0.5
vt 0.5 0.5
vt 0.5 0.5
vt 0.5 0.5
vt 0.5 0.5
vt 0.5 0.5
vt 0.5 0.5
vt 0.5 0.5
vt 0.5 0.5
vt 0.5 0.5
vt 0.5 0.5
vt 0.5 0.5
vt 0.5 0.5
vt 0.5 0.5
vt 0 0
vt 0.14285714285714285 0
vt 0.2857142857142857 0
vt 0.42857142857142855 0
vt 0.5714285714285714 0
vt 0.7142857142857143 0
vt 0.8571428571428571 0
vt 0 1
vt 0.14285714285714285 1
vt 0.2857142857142857 1
vt 0.42857142857142855 1
vt 0.5714285714285714 1
vt 0.7142857142857143 1
vt 0.8571428571428571 1
vt 0.5 0.5
vt 0.5 0.5
vt 0 0
vt 0.1 0
vt 0.2 0
vt 0.3 0
vt 0.4 0
vt 0.5 0
vt 0.6 0
vt 0.7 0
vt 0.8 0
vt 0.9 0
vt 1 0
vt 0 0.125
vt 0.1 0.125
vt 0.2 0.125
vt 0.3 0.125
vt 0.4 0.125
vt 0.5 0.125
vt 0.6 0.125
vt 0.7 0.125
vt 0.8 0.125
vt 0.9 0.125
vt 1 0.125
vt 0 0.25
vt 0.1 0.25
vt 0.2 0.25
vt 0.3 0.25
vt 0.4 0.25
vt 0.5 0.25
vt 0.6 0.25
vt 0.7 0.25
vt 0.8 0.25
vt 0.9 0.25
vt 1 0.25
vt 0 0.375
vt 0.1 0.375
vt 0.2 0.375
vt 0.3 0.375
vt 0.4 0.375
vt 0.5 0.375
vt 0.6 0.375
vt 0.7 0.375
vt 0.8 0.375
vt 0.9 0.375
vt 1 0.375
vt 0 0.5
vt 0.1 0.5
vt 0.2 0.5
vt 0.3 0.5
vt 0.4 0.5
vt 0.5 0.5
vt 0.6 0.5
vt 0.7 0.5
vt 0.8 0.5
vt 0.9 0.5
vt 1 0.5
vt 0 0.625
vt 0.1 0.625
vt 0.2 0.625
vt 0.3 0.625
vt 0.4 0.625
vt 0.5 0.625
vt 0.6 0.625
vt 0.7 0.625
vt 0.8 0.625
vt 0.9 0.625
vt 1 0.625
vt 0 0.75
vt 0.1 0.75
vt 0.2 0.75
vt 0.3 0.75
vt 0.4 0.75
vt 0.5 0.75
vt 0.6 0.75
vt 0.7 0.75
vt 0.8 0.75
vt 0.9 0.75
vt 1 0.75
vt 0 0.875
vt 0.1 0.875
vt 0.2 0.875
vt 0.3 0.875
vt 0.4 0.875
vt 0.5 0.875
vt 0.6 0.875
vt 0.7 0.875
vt 0.8 0.875
vt 0.9 0.875
vt 1 0.875
vt 0 1
vt 0.1 1
vt 0.2 1
vt 0.3 1
vt 0.4 1
vt 0.5 1
vt 0.6 1
vt 0.7 1
vt 0.8 1
vt 0.9 1
vt 1 1
vt 0.5 0.5
vt 0.5 0.5
vt 0.5 0.5
vt 0.5 0.5
vt 0.5 0.5
vt 0.5 0.5
vt 0.5 0.5
vt 0.5 0.5
vt 0.5 0.5
vt 0.5 0.5
vt 0.5 0.5
vt 0.5 0.5
vt 0.5 0.5
vt 0.5 0.5
vt 0.5 0.5
vt 0.5 0.5
vt 0.5 0.5
vt 0.5 0.5
vt 0.5 0.5
vt 0.5 0.5
vt 0.5 0.5
vt 0 0
vt 0.14285714285714285 0
vt 0.2857142857142857 0
vt 0.42857142857142855 0
vt 0.5714285714285714 0
vt 0.7142857142857143 0
vt 0.8571428571428571 0
vt 0 1
vt 0.14285714285714285 1
vt 0.2857142857142857 1
vt 0.42857142857142855 1
vt 0.5714285714285714 1
vt 0.7142857142857143 1
vt 0.8571428571428571 1
vt 0.5 0.5
vt 0.5 0.5
vt 0 0
vt 0.1 0
vt 0.2 0
vt 0.3 0
vt 0.4 0
vt 0.5 0
vt 0.6 0
vt 0.7 0
vt 0.8 0
vt 0.9 0
vt 1 0
vt 0 0.125
vt 0.1 0.125
vt 0.2 0.125
vt 0.3 0.125
vt 0.4 0.125
vt 0.5 0.125
vt 0.6 0.125
vt 0.7 0.125
vt 0.8 0.125
vt 0.9 0.125
vt 1 0.125
vt 0 0.25
vt 0.1 0.25
vt 0.2 0.25
vt 0.3 0.25
vt 0.4 0.25
vt 0.5 0.25
vt 0.6 0.25
vt 0.7 0.25
vt 0.8 0.25
vt 0.9 0.25
vt 1 0.25
vt 0 0.375
vt 0.1 0.375
vt 0.2 0.375
vt 0.3 0.375
vt 0.4 0.375
vt 0.5 0.375
vt 0.6 0.375
vt 0.7 0.375
vt 0.8 0.375
vt 0.9 0.375
vt 1 0.375
vt 0 0.5
vt 0.1 0.5
vt 0.2 0.5
vt 0.3 0.5
vt 0.4 0.5
vt 0.5 0.5
vt 0.6 0.5
vt 0.7 0.5
vt 0.8 0.5
vt 0.9 0.5
vt 1 0.5
vt 0 0.625
vt 0.1 0.625
vt 0.2 0.625
vt 0.3 0.625
vt 0.4 0.625
vt 0.5 0.625
vt 0.6 0.625
vt 0.7 0.625
vt 0.8 0.625
vt 0.9 0.625
vt 1 0.625
vt 0 0.75
vt 0.1 0.75
vt 0.2 0.75
vt 0.3 0.75
vt 0.4 0.75
vt 0.5 0.75
vt 0.6 0.75
vt 0.7 0.75
vt 0.8 0.75
vt 0.9 0.75
vt 1 0.75
vt 0 0.875
vt 0.1 0.875
vt 0.2 0.875
vt 0.3 0.875
vt 0.4 0.875
vt 0.5 0.875
vt 0.6 0.875
vt 0.7 0.875
vt 0.8 0.875
vt 0.9 0.875
vt 1 0.875
vt 0 1
vt 0.1 1
vt 0.2 1
vt 0.3 1
vt 0.4 1
vt 0.5 1
vt 0.6 1
vt 0.7 1
vt 0.8 1
vt 0.9 1
vt 1 1
vt 0.5 0.5
vt 0.5 0.5
vt 0.5 0.5
vt 0.5 0.5
vt 0.5 0.5
vt 0.5 0.5
vt 0.5 0.5
vt 0.5 0.5
vt 0.5 0.5
vt 0.5 0.5
vt 0.5 0.5
vt 0.5 0.5
vt 0.5 0.5
vt 0.5 0.5
vt 0.5 0.5
vt 0.5 0.5
vt 0.5 0.5
vt 0.5 0.5
vt 0.5 0.5
vt 0.5 0.5
vt 0.5 0.5
vt 0 0
vt 0.14285714285714285 0
vt 0.2857142857142857 0
vt 0.42857142857142855 0
vt 0.5714285714285714 0
vt 0.7142857142857143 0
vt 0.8571428571428571 0
vt 0 1
vt 0.14285714285714285 1
vt 0.2857142857142857 1
vt 0.42857142857142855 1
vt 0.5714285714285714 1
vt 0.7142857142857143 1
vt 0.8571428571428571 1
vt 0.5 0.5
vt 0.5 0.5
vt 0 0
vt 0.1 0
vt 0.2 0
vt 0.3 0
vt 0.4 0
vt 0.5 0
vt 0.6 0
vt 0.7 0
vt 0.8 0
vt 0.9 0
vt 1 0
vt 0 0.125
vt 0.1 0.125
vt 0.2 0.125
vt 0.3 0.125
vt 0.4 0.125
vt 0.5 0.125
vt 0.6 0.125
vt 0.7 0.125
vt 0.8 0.125
vt 0.9 0.125
vt 1 0.125
vt 0 0.25
vt 0.1 0.25
vt 0.2 0.25
vt 0.3 0.25
vt 0.4 0.25
vt 0.5 0.25
vt 0.6 0.25
vt 0.7 0.25
vt 0.8 0.25
vt 0.9 0.25
vt 1 0.25
vt 0 0.375
vt 0.1 0.375
vt 0.2 0.375
vt 0.3 0.375
vt 0.4 0.375
vt 0.5 0.375
vt 0.6 0.375
vt 0.7 0.375
vt 0.8 0.375
vt 0.9 0.375
vt 1 0.375
vt 0 0.5
vt 0.1 0.5
vt 0.2 0.5
vt 0.3 0.5
vt 0.4 0.5
vt 0.5 0.5
vt 0.6 0.5
vt 0.7 0.5
vt 0.8 0.5
vt 0.9 0.5
vt 1 0.5
vt 0 0.625
vt 0.1 0.625
vt 0.2 0.625
vt 0.3 0.625
vt 0.4 0.625
vt 0.5 0.625
vt 0.6 0.625
vt 0.7 0.625
vt 0.8 0.625
vt 0.9 0.625
vt 1 0.625
vt 0 0.75
vt 0.1 0.75
vt 0.2 0.75
vt 0.3 0.75
vt 0.4 0.75
vt 0.5 0.75
vt 0.6 0.75
vt 0.7 0.75
vt 0.8 0.75
vt 0.9 0.75
vt 1 0.75
vt 0 0.875
vt 0.1 0.875
vt 0.2 0.875
vt 0.3 0.875
vt 0.4 0.875
vt 0.5 0.875
vt 0.6 0.875
vt 0.7 0.875
vt 0.8 0.875
vt 0.9 0.875
vt 1 0.875
vt 0 1
vt 0.1 1
vt 0.2 1
vt 0.3 1
vt 0.4 1
vt 0.5 1
vt 0.6 1
vt 0.7 1
vt 0.8 1
vt 0.9 1
vt 1 1
vt 0.5 0.5
vt 0.5 0.5
vt 0.5 0.5
vt 0.5 0.5
vt 0.5 0.5
vt 0.5 0.5
vt 0.5 0.5
vt 0.5 0.5
vt 0.5 0.5
vt 0.5 0.5
vt 0.5 0.5
vt 0.5 0.5
vt 0.5 0.5
vt 0.5 0.5
vt 0.5 0.5
vt 0.5 0.5
vt 0.5 0.5
vt 0.5 0.5
vt 0.5 0.5
vt 0.5 0.5
vt 0.5 0.5
vt 0 0
vt 0.14285714285714285 0
vt 0.2857142857142857 0
vt 0.42857142857142855 0
vt 0.5714285714285714 0
vt 0.7142857142857143 0
vt 0.8571428571428571 0
vt 0 1
vt 0.14285714285714285 1
vt 0.2857142857142857 1
vt 0.42857142857142855 1
vt 0.5714285714285714 1
vt 0.7142857142857143 1
vt 0.8571428571428571 1
vt 0.5 0.5
vt 0.5 0.5
vt 0 0
vt 0.1 0
vt 0.2 0
vt 0.3 0
vt 0.4 0
vt 0.5 0
vt 0.6 0
vt 0.7 0
vt 0.8 0
vt 0.9 0
vt 1 0
vt 0 0.125
vt 0.1 0.125
vt 0.2 0.125
vt 0.3 0.125
vt 0.4 0.125
vt 0.5 0.125
vt 0.6 0.125
vt 0.7 0.125
vt 0.8 0.125
vt 0.9 0.125
vt 1 0.125
vt 0 0.25
vt 0.1 0.25
vt 0.2 0.25
vt 0.3 0.25
vt 0.4 0.25
vt 0.5 0.25
vt 0.6 0.25
vt 0.7 0.25
vt 0.8 0.25
vt 0.9 0.25
vt 1 0.25
vt 0 0.375
vt 0.1 0.375
vt 0.2 0.375
vt 0.3 0.375
vt 0.4 0.375
vt 0.5 0.375
vt 0.6 0.375
vt 0.7 0.375
vt 0.8 0.375
vt 0.9 0.375
vt 1 0.375
vt 0 0.5
vt 0.1 0.5
vt 0.2 0.5
vt 0.3 0.5
vt 0.4 0.5
vt 0.5 0.5
vt 0.6 0.5
vt 0.7 0.5
vt 0.8 0.5
vt 0.9 0.5
vt 1 0.5
vt 0 0.625
vt 0.1 0.625
vt 0.2 0.625
vt 0.3 0.625
vt 0.4 0.625
vt 0.5 0.625
vt 0.6 0.625
vt 0.7 0.625
vt 0.8 0.625
vt 0.9 0.625
vt 1 0.625
vt 0 0.75
vt 0.1 0.75
vt 0.2 0.75
vt 0.3 0.75
vt 0.4 0.75
vt 0.5 0.75
vt 0.6 0.75
vt 0.7 0.75
vt 0.8 0.75
vt 0.9 0.75
vt 1 0.75
vt 0 0.875
vt 0.1 0.875
vt 0.2 0.875
vt 0.3 0.875
vt 0.4 0.875
vt 0.5 0.875
vt 0.6 0.875
vt 0.7 0.875
vt 0.8 0.875
vt 0.9 0.875
vt 1 0.875
vt 0 1
vt 0.1 1
vt 0.2 1
vt 0.3 1
vt 0.4 1
vt 0.5 1
vt 0.6 1
vt 0.7 1
vt 0.8 1
vt 0.9 1
vt 1 1
vt 0.5 0.5
vt 0.5 0.5
vt 0.5 0.5
vt 0.5 0.5
vt 0.5 0.5
vt 0.5 0.5
vt 0.5 0.5
vt 0.5 0.5
vt 0.5 0.5
vt 0.5 0.5
vt 0.5 0.5
vt 0.5 0.5
vt 0.5 0.5
vt 0.5 0.5
vt 0.5 0.5
vt 0.5 0.5
vt 0.5 0.5
vt 0.5 0.5
vt 0.5 0.5
vt 0.5 0.5
vt 0.5 0.5
vt 0 0
vt 0.14285714285714285 0
vt 0.2857142857142857 0
vt 0.42857142857142855 0
vt 0.5714285714285714 0
vt 0.7142857142857143 0
vt 0.8571428571428571 0
vt 0 1
vt 0.14285714285714285 1
vt 0.2857142857142857 1
vt 0.42857142857142855 1
vt 0.5714285714285714 1
vt 0.7142857142857143 1
vt 0.8571428571428571 1
vt 0.5 0.5
vt 0.5 0.5
vt 0 0
vt 0.1 0
vt 0.2 0
vt 0.3 0
vt 0.4 0
vt 0.5 0
vt 0.6 0
vt 0.7 0
vt 0.8 0
vt 0.9 0
vt 1 0
vt 0 0.125
vt 0.1 0.125
vt 0.2 0.125
vt 0.3 0.125
vt 0.4 0.125
vt 0.5 0.125
vt 0.6 0.125
vt 0.7 0.125
vt 0.8 0.125
vt 0.9 0.125
vt 1 0.125
vt 0 0.25
vt 0.1 0.25
vt 0.2 0.25
vt 0.3 0.25
vt 0.4 0.25
vt 0.5 0.25
vt 0.6 0.25
vt 0.7 0.25
vt 0.8 0.25
vt 0.9 0.25
vt 1 0.25
vt 0 0.375
vt 0.1 0.375
vt 0.2 0.375
vt 0.3 0.375
vt 0.4 0.375
vt 0.5 0.375
vt 0.6 0.375
vt 0.7 0.375
vt 0.8 0.375
vt 0.9 0.375
vt 1 0.375
vt 0 0.5
vt 0.1 0.5
vt 0.2 0.5
vt 0.3 0.5
vt 0.4 0.5
vt 0.5 0.5
vt 0.6 0.5
vt 0.7 0.5
vt 0.8 0.5
vt 0.9 0.5
vt 1 0.5
vt 0 0.625
vt 0.1 0.625
vt 0.2 0.625
vt 0.3 0.625
vt 0.4 0.625
vt 0.5 0.625
vt 0.6 0.625
vt 0.7 0.625
vt 0.8 0.625
vt 0.9 0.625
vt 1 0.625
vt 0 0.75
vt 0.1 0.75
vt 0.2 0.75
vt 0.3 0.75
vt 0.4 0.75
vt 0.5 0.75
vt 0.6 0.75
vt 0.7 0.75
vt 0.8 0.75
vt 0.9 0.75
vt 1 0.75
vt 0 0.875
vt 0.1 0.875
vt 0.2 0.875
vt 0.3 0.875
vt 0.4 0.875
vt 0.5 0.875
vt 0.6 0.875
vt 0.7 0.875
vt 0.8 0.875
vt 0.9 0.875
vt 1 0.875
vt 0 1
vt 0.1 1
vt 0.2 1
vt 0.3 1
vt 0.4 1
vt 0.5 1
vt 0.6 1
vt 0.7 1
vt 0.8 1
vt 0.9 1
vt 1 1
vt 0.5 0.5
vt 0.5 0.5
vt 0.5 0.5
vt 0.5 0.5
vt 0.5 0.5
vt 0.5 0.5
vt 0.5 0.5
vt 0.5 0.5
vt 0.5 0.5
vt 0.5 0.5
vt 0.5 0.5
vt 0.5 0.5
vt 0.5 0.5
vt 0.5 0.5
vt 0.5 0.5
vt 0.5 0.5
vt 0.5 0.5
vt 0.5 0.5
vt 0.5 0.5
vt 0.5 0.5
vt 0.5 0.5
vt 0 0
vt 0.14285714285714285 0
vt 0.2857142857142857 0
vt 0.42857142857142855 0
vt 0.5714285714285714 0
vt 0.7142857142857143 0
vt 0.8571428571428571 0
vt 0 1
vt 0.14285714285714285 1
vt 0.2857142857142857 1
vt 0.42857142857142855 1
vt 0.5714285714285714 1
vt 0.7142857142857143 1
vt 0.8571428571428571 1
vt 0.5 0.5
vt 0.5 0.5
vt 0 0
vt 0.1 0
vt 0.2 0
vt 0.3 0
vt 0.4 0
vt 0.5 0
vt 0.6 0
vt 0.7 0
vt 0.8 0
vt 0.9 0
vt 1 0
vt 0 0.125
vt 0.1 0.125
vt 0.2 0.125
vt 0.3 0.125
vt 0.4 0.125
vt 0.5 0.125
vt 0.6 0.125
vt 0.7 0.125
vt 0.8 0.125
vt 0.9 0.125
vt 1 0.125
vt 0 0.25
vt 0.1 0.25
vt 0.2 0.25
vt 0.3 0.25
vt 0.4 0.25
vt 0.5 0.25
vt 0.6 0.25
vt 0.7 0.25
vt 0.8 0.25
vt 0.9 0.25
vt 1 0.25
vt 0 0.375
vt 0.1 0.375
vt 0.2 0.375
vt 0.3 0.375
vt 0.4 0.375
vt 0.5 0.375
vt 0.6 0.375
vt 0.7 0.375
vt 0.8 0.375
vt 0.9 0.375
vt 1 0.375
vt 0 0.5
vt 0.1 0.5
vt 0.2 0.5
vt 0.3 0.5
vt 0.4 0.5
vt 0.5 0.5
vt 0.6 0.5
vt 0.7 0.5
vt 0.8 0.5
vt 0.9 0.5
vt 1 0.5
vt 0 0.625
vt 0.1 0.625
vt 0.2 0.625
vt 0.3 0.625
vt 0.4 0.625
vt 0.5 0.625
vt 0.6 0.625
vt 0.7 0.625
vt 0.8 0.625
vt 0.9 0.625
vt 1 0.625
vt 0 0.75
vt 0.1 0.75
vt 0.2 0.75
vt 0.3 0.75
vt 0.4 0.75
vt 0.5 0.75
vt 0.6 0.75
vt 0.7 0.75
vt 0.8 0.75
vt 0.9 0.75
vt 1 0.75
vt 0 0.875
vt 0.1 0.875
vt 0.2 0.875
vt 0.3 0.875
vt 0.4 0.875
vt 0.5 0.875
vt 0.6 0.875
vt 0.7 0.875
vt 0.8 0.875
vt 0.9 0.875
vt 1 0.875
vt 0 1
vt 0.1 1
vt 0.2 1
vt 0.3 1
vt 0.4 1
vt 0.5 1
vt 0.6 1
vt 0.7 1
vt 0.8 1
vt 0.9 1
vt 1 1
vt 0.5 0.5
vt 0.5 0.5
vt 0.5 0.5
vt 0.5 0.5
vt 0.5 0.5
vt 0.5 0.5
vt 0.5 0.5
vt 0.5 0.5
vt 0.5 0.5
vt 0.5 0.5
vt 0.5 0.5
vt 0.5 0.5
vt 0.5 0.5
vt 0.5 0.5
vt 0.5 0.5
vt 0.5 0.5
vt 0.5 0.5
vt 0.5 0.5
vt 0.5 0.5
vt 0.5 0.5
vt 0.5 0.5
vt 0 0
vt 0.14285714285714285 0
vt 0.2857142857142857 0
vt 0.42857142857142855 0
vt 0.5714285714285714 0
vt 0.7142857142857143 0
vt 0.8571428571428571 0
vt 0 1
vt 0.14285714285714285 1
vt 0.2857142857142857 1
vt 0.42857142857142855 1
vt 0.5714285714285714 1
vt 0.7142857142857143 1
vt 0.8571428571428571 1
vt 0.5 0.5
vt 0.5 0.5
vt 0 0
vt 0.1 0
vt 0.2 0
vt 0.3 0
vt 0.4 0
vt 0.5 0
vt 0.6 0
vt 0.7 0
vt 0.8 0
vt 0.9 0
vt 1 0
vt 0 0.125
vt 0.1 0.125
vt 0.2 0.125
vt 0.3 0.125
vt 0.4 0.125
vt 0.5 0.125
vt 0.6 0.125
vt 0.7 0.125
vt 0.8 0.125
vt 0.9 0.125
vt 1 0.125
vt 0 0.25
vt 0.1 0.25
vt 0.2 0.25
vt 0.3 0.25
vt 0.4 0.25
vt 0.5 0.25
vt 0.6 0.25
vt 0.7 0.25
vt 0.8 0.25
vt 0.9 0.25
vt 1 0.25
vt 0 0.375
vt 0.1 0.375
vt 0.2 0.375
vt 0.3 0.375
vt 0.4 0.375
vt 0.5 0.375
vt 0.6 0.375
vt 0.7 0.375
vt 0.8 0.375
vt 0.9 0.375
vt 1 0.375
vt 0 0.5
vt 0.1 0.5
vt 0.2 0.5
vt 0.3 0.5
vt 0.4 0.5
vt 0.5 0.5
vt 0.6 0.5
vt 0.7 0.5
vt 0.8 0.5
vt 0.9 0.5
vt 1 0.5
vt 0 0.625
vt 0.1 0.625
vt 0.2 0.625
vt 0.3 0.625
vt 0.4 0.625
vt 0.5 0.625
vt 0.6 0.625
vt 0.7 0.625
vt 0.8 0.625
vt 0.9 0.625
vt 1 0.625
vt 0 0.75
vt 0.1 0.75
vt 0.2 0.75
vt 0.3 0.75
vt 0.4 0.75
vt 0.5 0.75
vt 0.6 0.75
vt 0.7 0.75
vt 0.8 0.75
vt 0.9 0.75
vt 1 0.75
vt 0 0.875
vt 0.1 0.875
vt 0.2 0.875
vt 0.3 0.875
vt 0.4 0.875
vt 0.5 0.875
vt 0.6 0.875
vt 0.7 0.875
vt 0.8 0.875
vt 0.9 0.875
vt 1 0.875
vt 0 1
vt 0.1 1
vt 0.2 1
vt 0.3 1
vt 0.4 1
vt 0.5 1
vt 0.6 1
vt 0.7 1
vt 0.8 1
vt 0.9 1
vt 1 1
vt 0.5 0.5
vt 0.5 0.5
vt 0.5 0.5
vt 0.5 0.5
vt 0.5 0.5
vt 0.5 0.5
vt 0.5 0.5
vt 0.5 0.5
vt 0.5 0.5
vt 0.5 0.5
vt 0.5 0.5
vt 0.5 0.5
vt 0.5 0.5
vt 0.5 0.5
vt 0.5 0.5
vt 0.5 0.5
vt 0.5 0.5
vt 0.5 0.5
vt 0.5 0.5
vt 0.5 0.5
vt 0.5 0.5
vt 0 0
vt 0.14285714285714285 0
vt 0.2857142857142857 0
vt 0.42857142857142855 0
vt 0.5714285714285714 0
vt 0.7142857142857143 0
vt 0.8571428571428571 0
vt 0 1
vt 0.14285714285714285 1
vt 0.2857142857142857 1
vt 0.42857142857142855 1
vt 0.5714285714285714 1
vt 0.7142857142857143 1
vt 0.8571428571428571 1
vt 0.5 0.5
vt 0.5 0.5
vt 0 0
vt 0.1 0
vt 0.2 0
vt 0.3 0
vt 0.4 0
vt 0.5 0
vt 0.6 0
vt 0.7 0
vt 0.8 0
vt 0.9 0
vt 1 0
vt 0 0.125
vt 0.1 0.125
vt 0.2 0.125
vt 0.3 0.125
vt 0.4 0.125
vt 0.5 0.125
vt 0.6 0.125
vt 0.7 0.125
vt 0.8 0.125
vt 0.9 0.125
vt 1 0.125
vt 0 0.25
vt 0.1 0.25
vt 0.2 0.25
vt 0.3 0.25
vt 0.4 0.25
vt 0.5 0.25
vt 0.6 0.25
vt 0.7 0.25
vt 0.8 0.25
vt 0.9 0.25
vt 1 0.25
vt 0 0.375
vt 0.1 0.375
vt 0.2 0.375
vt 0.3 0.375
vt 0.4 0.375
vt 0.5 0.375
vt 0.6 0.375
vt 0.7 0.375
vt 0.8 0.375
vt 0.9 0.375
vt 1 0.375
vt 0 0.5
vt 0.1 0.5
vt 0.2 0.5
vt 0.3 0.5
vt 0.4 0.5
vt 0.5 0.5
vt 0.6 0.5
vt 0.7 0.5
vt 0.8 0.5
vt 0.9 0.5
vt 1 0.5
vt 0 0.625
vt 0.1 0.625
vt 0.2 0.625
vt 0.3 0.625
vt 0.4 0.625
vt 0.5 0.625
vt 0.6 0.625
vt 0.7 0.625
vt 0.8 0.625
vt 0.9 0.625
vt 1 0.625
vt 0 0.75
vt 0.1 0.75
vt 0.2 0.75
vt 0.3 0.75
vt 0.4 0.75
vt 0.5 0.75
vt 0.6 0.75
vt 0.7 0.75
vt 0.8 0.75
vt 0.9 0.75
vt 1 0.75
vt 0 0.875
vt 0.1 0.875
vt 0.2 0.875
vt 0.3 0.875
vt 0.4 0.875
vt 0.5 0.875
vt 0.6 0.875
vt 0.7 0.875
vt 0.8 0.875
vt 0.9 0.875
vt 1 0.875
vt 0 1
vt 0.1 1
vt 0.2 1
vt 0.3 1
vt 0.4 1
vt 0.5 1
vt 0.6 1
vt 0.7 1
vt 0.8 1
vt 0.9 1
vt 1 1
vt 0.5 0.5
vt 0.5 0.5
vt 0.5 0.5
vt 0.5 0.5
vt 0.5 0.5
vt 0.5 0.5
vt 0.5 0.5
vt 0.5 0.5
vt 0.5 0.5
vt 0.5 0.5
vt 0.5 0.5
vt 0.5 0.5
vt 0.5 0.5
vt 0.5 0.5
vt 0.5 0.5
vt 0.5 0.5
vt 0.5 0.5
vt 0.5 0.5
vt 0.5 0.5
vt 0.5 0.5
vt 0.5 0.5
vt 0 0
vt 0.14285714285714285 0
vt 0.2857142857142857 0
vt 0.42857142857142855 0
vt 0.5714285714285714 0
vt 0.7142857142857143 0
vt 0.8571428571428571 0
vt 0 1
vt 0.14285714285714285 1
vt 0.2857142857142857 1
vt 0.42857142857142855 1
vt 0.5714285714285714 1
vt 0.7142857142857143 1
vt 0.8571428571428571 1
vt 0.5 0.5
vt 0.5 0.5
vt 0 0
vt 0.1 0
vt 0.2 0
vt 0.3 0
vt 0.4 0
vt 0.5 0
vt 0.6 0
vt 0.7 0
vt 0.8 0
vt 0.9 0
vt 1 0
vt 0 0.125
vt 0.1 0.125
vt 0.2 0.125
vt 0.3 0.125
vt 0.4 0.125
vt 0.5 0.125
vt 0.6 0.125
vt 0.7 0.125
vt 0.8 0.125
vt 0.9 0.125
vt 1 0.125
vt 0 0.25
vt 0.1 0.25
vt 0.2 0.25
vt 0.3 0.25
vt 0.4 0.25
vt 0.5 0.25
vt 0.6 0.25
vt 0.7 0.25
vt 0.8 0.25
vt 0.9 0.25
vt 1 0.25
vt 0 0.375
vt 0.1 0.375
vt 0.2 0.375
vt 0.3 0.375
vt 0.4 0.375
vt 0.5 0.375
vt 0.6 0.375
vt 0.7 0.375
vt 0.8 0.375
vt 0.9 0.375
vt 1 0.375
vt 0 0.5
vt 0.1 0.5
vt 0.2 0.5
vt 0.3 0.5
vt 0.4 0.5
vt 0.5 0.5
vt 0.6 0.5
vt 0.7 0.5
vt 0.8 0.5
vt 0.9 0.5
vt 1 0.5
vt 0 0.625
vt 0.1 0.625
vt 0.2 0.625
vt 0.3 0.625
vt 0.4 0.625
vt 0.5 0.625
vt 0.6 0.625
vt 0.7 0.625
vt 0.8 0.625
vt 0.9 0.625
vt 1 0.625
vt 0 0.75
vt 0.1 0.75
vt 0.2 0.75
vt 0.3 0.75
vt 0.4 0.75
vt 0.5 0.75
vt 0.6 0.75
vt 0.7 0.75
vt 0.8 0.75
vt 0.9 0.75
vt 1 0.75
vt 0 0.875
vt 0.1 0.875
vt 0.2 0.875
vt 0.3 0.875
vt 0.4 0.875
vt 0.5 0.875
vt 0.6 0.875
vt 0.7 0.875
vt 0.8 0.875
vt 0.9 0.875
vt 1 0.875
vt 0 1
vt 0.1 1
vt 0.2 1
vt 0.3 1
vt 0.4 1
vt 0.5 1
vt 0.6 1
vt 0.7 1
vt 0.8 1
vt 0.9 1
vt 1 1
vt 0.5 0.5
vt 0.5 0.5
vt 0.5 0.5
vt 0.5 0.5
vt 0.5 0.5
vt 0.5 0.5
vt 0.5 0.5
vt 0.5 0.5
vt 0.5 0.5
vt 0.5 0.5
vt 0.5 0.5
vt 0.5 0.5
vt 0.5 0.5
vt 0.5 0.5
vt 0.5 0.5
vt 0.5 0.5
vt 0.5 0.5
vt 0.5 0.5
vt 0.5 0.5
vt 0.5 0.5
vt 0.5 0.5
vt 0 0
vt 0.14285714285714285 0
vt 0.2857142857142857 0
vt 0.42857142857142855 0
vt 0.5714285714285714 0
vt 0.7142857142857143 0
vt 0.8571428571428571 0
vt 0 1
vt 0.14285714285714285 1
vt 0.2857142857142857 1
vt 0.42857142857142855 1
vt 0.5714285714285714 1
vt 0.7142857142857143 1
vt 0.8571428571428571 1
vt 0.5 0.5
vt 0.5 0.5
vt 0 0
vt 0.1 0
vt 0.2 0
vt 0.3 0
vt 0.4 0
vt 0.5 0
vt 0.6 0
vt 0.7 0
vt 0.8 0
vt 0.9 0
vt 1 0
vt 0 0.125
vt 0.1 0.125
vt 0.2 0.125
vt 0.3 0.125
vt 0.4 0.125
vt 0.5 0.125
vt 0.6 0.125
vt 0.7 0.125
vt 0.8 0.125
vt 0.9 0.125
vt 1 0.125
vt 0 0.25
vt 0.1 0.25
vt 0.2 0.25
vt 0.3 0.25
vt 0.4 0.25
vt 0.5 0.25
vt 0.6 0.25
vt 0.7 0.25
vt 0.8 0.25
vt 0.9 0.25
vt 1 0.25
vt 0 0.375
vt 0.1 0.375
vt 0.2 0.375
vt 0.3 0.375
vt 0.4 0.375
vt 0.5 0.375
vt 0.6 0.375
vt 0.7 0.375
vt 0.8 0.375
vt 0.9 0.375
vt 1 0.375
vt 0 0.5
vt 0.1 0.5
vt 0.2 0.5
vt 0.3 0.5
vt 0.4 0.5
vt 0.5 0.5
vt 0.6 0.5
vt 0.7 0.5
vt 0.8 0.5
vt 0.9 0.5
vt 1 0.5
vt 0 0.625
vt 0.1 0.625
vt 0.2 0.625
vt 0.3 0.625
vt 0.4 0.625
vt 0.5 0.625
vt 0.6 0.625
vt 0.7 0.625
vt 0.8 0.625
vt 0.9 0.625
vt 1 0.625
vt 0 0.75
vt 0.1 0.75
vt 0.2 0.75
vt 0.3 0.75
vt 0.4 0.75
vt 0.5 0.75
vt 0.6 0.75
vt 0.7 0.75
vt 0.8 0.75
vt 0.9 0.75
vt 1 0.75
vt 0 0.875
vt 0.1 0.875
vt 0.2 0.875
vt 0.3 0.875
vt 0.4 0.875
vt 0.5 0.875
vt 0.6 0.875
vt 0.7 0.875
vt 0.8 0.875
vt 0.9 0.875
vt 1 0.875
vt 0 1
vt 0.1 1
vt 0.2 1
vt 0.3 1
vt 0.4 1
vt 0.5 1
vt 0.6 1
vt 0.7 1
vt 0.8 1
vt 0.9 1
vt 1 1
vt 0.5 0.5
vt 0.5 0.5
vt 0.5 0.5
vt 0.5 0.5
vt 0.5 0.5
vt 0.5 0.5
vt 0.5 0.5
vt 0.5 0.5
vt 0.5 0.5
vt 0.5 0.5
vt 0.5 0.5
vt 0.5 0.5
vt 0.5 0.5
vt 0.5 0.5
vt 0.5 0.5
vt 0.5 0.5
vt 0.5 0.5
vt 0.5 0.5
vt 0.5 0.5
vt 0.5 0.5
vt 0.5 0.5
vt 0 0
vt 0.14285714285714285 0
vt 0.2857142857142857 0
vt 0.42857142857142855 0
vt 0.5714285714285714 0
vt 0.7142857142857143 0
vt 0.8571428571428571 0
vt 0 1
vt 0.14285714285714285 1
vt 0.2857142857142857 1
vt 0.42857142857142855 1
vt 0.5714285714285714 1
vt 0.7142857142857143 1
vt 0.8571428571428571 1
vt 0.5 0.5
vt 0.5 0.5
vt 0 0
vt 0.1 0
vt 0.2 0
vt 0.3 0
vt 0.4 0
vt 0.5 0
vt 0.6 0
vt 0.7 0
vt 0.8 0
vt 0.9 0
vt 1 0
vt 0 0.125
vt 0.1 0.125
vt 0.2 0.125
vt 0.3 0.125
vt 0.4 0.125
vt 0.5 0.125
vt 0.6 0.125
vt 0.7 0.125
vt 0.8 0.125
vt 0.9 0.125
vt 1 0.125
vt 0 0.25
vt 0.1 0.25
vt 0.2 0.25
vt 0.3 0.25
vt 0.4 0.25
vt 0.5 0.25
vt 0.6 0.25
vt 0.7 0.25
vt 0.8 0.25
vt 0.9 0.25
vt 1 0.25
vt 0 0.375
vt 0.1 0.375
vt 0.2 0.375
vt 0.3 0.375
vt 0.4 0.375
vt 0.5 0.375
vt 0.6 0.375
vt 0.7 0.375
vt 0.8 0.375
vt 0.9 0.375
vt 1 0.375
vt 0 0.5
vt 0.1 0.5
vt 0.2 0.5
vt 0.3 0.5
vt 0.4 0.5
vt 0.5 0.5
vt 0.6 0.5
vt 0.7 0.5
vt 0.8 0.5
vt 0.9 0.5
vt 1 0.5
vt 0 0.625
vt 0.1 0.625
vt 0.2 0.625
vt 0.3 0.625
vt 0.4 0.625
vt 0.5 0.625
vt 0.6 0.625
vt 0.7 0.625
vt 0.8 0.625
vt 0.9 0.625
vt 1 0.625
vt 0 0.75
vt 0.1 0.75
vt 0.2 0.75
vt 0.3 0.75
vt 0.4 0.75
vt 0.5 0.75
vt 0.6 0.75
vt 0.7 0.75
vt 0.8 0.75
vt 0.9 0.75
vt 1 0.75
vt 0 0.875
vt 0.1 0.875
vt 0.2 0.875
vt 0.3 0.875
vt 0.4 0.875
vt 0.5 0.875
vt 0.6 0.875
vt 0.7 0.875
vt 0.8 0.875
vt 0.9 0.875
vt 1 0.875
vt 0 1
vt 0.1 1
vt 0.2 1
vt 0.3 1
vt 0.4 1
vt 0.5 1
vt 0.6 1
vt 0.7 1
vt 0.8 1
vt 0.9 1
vt 1 1
vt 0.5 0.5
vt 0.5 0.5
vt 0.5 0.5
vt 0.5 0.5
vt 0.5 0.5
vt 0.5 0.5
vt 0.5 0.5
vt 0.5 0.5
vt 0.5 0.5
vt 0.5 0.5
vt 0.5 0.5
vt 0.5 0.5
vt 0.5 0.5
vt 0.5 0.5
vt 0.5 0.5
vt 0.5 0.5
vt 0.5 0.5
vt 0.5 0.5
vt 0.5 0.5
vt 0.5 0.5
vt 0.5 0.5
vt 0 0
vt 0.14285714285714285 0
vt 0.2857142857142857 0
vt 0.42857142857142855 0
vt 0.5714285714285714 0
vt 0.7142857142857143 0
vt 0.8571428571428571 0
vt 0 1
vt 0.14285714285714285 1
vt 0.2857142857142857 1
vt 0.42857142857142855 1
vt 0.5714285714285714 1
vt 0.7142857142857143 1
vt 0.8571428571428571 1
vt 0.5 0.5
vt 0.5 0.5
vt 0 0
vt 0.1 0
vt 0.2 0
vt 0.3 0
vt 0.4 0
vt 0.5 0
vt 0.6 0
vt 0.7 0
vt 0.8 0
vt 0.9 0
vt 1 0
vt 0 0.125
vt 0.1 0.125
vt 0.2 0.125
vt 0.3 0.125
vt 0.4 0.125
vt 0.5 0.125
vt 0.6 0.125
vt 0.7 0.125
vt 0.8 0.125
vt 0.9 0.125
vt 1 0.125
vt 0 0.25
vt 0.1 0.25
vt 0.2 0.25
vt 0.3 0.25
vt 0.4 0.25
vt 0.5 0.25
vt 0.6 0.25
vt 0.7 0.25
vt 0.8 0.25
vt 0.9 0.25
vt 1 0.25
vt 0 0.375
vt 0.1 0.375
vt 0.2 0.375
vt 0.3 0.375
vt 0.4 0.375
vt 0.5 0.375
vt 0.6 0.375
vt 0.7 0.375
vt 0.8 0.375
vt 0.9 0.375
vt 1 0.375
vt 0 0.5
vt 0.1 0.5
vt 0.2 0.5
vt 0.3 0.5
vt 0.4 0.5
vt 0.5 0.5
vt 0.6 0.5
vt 0.7 0.5
vt 0.8 0.5
vt 0.9 0.5
vt 1 0.5
vt 0 0.625
vt 0.1 0.625
vt 0.2 0.625
vt 0.3 0.625
vt 0.4 0.625
vt 0.5 0.625
vt 0.6 0.625
vt 0.7 0.625
vt 0.8 0.625
vt 0.9 0.625
vt 1 0.625
vt 0 0.75
vt 0.1 0.75
vt 0.2 0.75
vt 0.3 0.75
vt 0.4 0.75
vt 0.5 0.75
vt 0.6 0.75
vt 0.7 0.75
vt 0.8 0.75
vt 0.9 0.75
vt 1 0.75
vt 0 0.875
vt 0.1 0.875
vt 0.2 0.875
vt 0.3 0.875
vt 0.4 0.875
vt 0.5 0.875
vt 0.6 0.875
vt 0.7 0.875
vt 0.8 0.875
vt 0.9 0.875
vt 1 0.875
vt 0 1
vt 0.1 1
vt 0.2 1
vt 0.3 1
vt 0.4 1
vt 0.5 1
vt 0.6 1
vt 0.7 1
vt 0.8 1
vt 0.9 1
vt 1 1
vt 0.5 0.5
vt 0.5 0.5
vt 0.5 0.5
vt 0.5 0.5
vt 0.5 0.5
vt 0.5 0.5
vt 0.5 0.5
vt 0.5 0.5
vt 0.5 0.5
vt 0.5 0.5
vt 0.5 0.5
vt 0.5 0.5
vt 0.5 0.5
vt 0.5 0.5
vt 0.5 0.5
vt 0.5 0.5
vt 0.5 0.5
vt 0.5 0.5
vt 0.5 0.5
vt 0.5 0.5
vt 0.5 0.5
vt 0 0
vt 0.14285714285714285 0
vt 0.2857142857142857 0
vt 0.42857142857142855 0
vt 0.5714285714285714 0
vt 0.7142857142857143 0
vt 0.8571428571428571 0
vt 0 1
vt 0.14285714285714285 1
vt 0.2857142857142857 1
vt 0.42857142857142855 1
vt 0.5714285714285714 1
vt 0.7142857142857143 1
vt 0.8571428571428571 1
vt 0.5 0.5
vt 0.5 0.5
vt 0 0
vt 0.1 0
vt 0.2 0
vt 0.3 0
vt 0.4 0
vt 0.5 0
vt 0.6 0
vt 0.7 0
vt 0.8 0
vt 0.9 0
vt 1 0
vt 0 0.125
vt 0.1 0.125
vt 0.2 0.125
vt 0.3 0.125
vt 0.4 0.125
vt 0.5 0.125
vt 0.6 0.125
vt 0.7 0.125
vt 0.8 0.125
vt 0.9 0.125
vt 1 0.125
vt 0 0.25
vt 0.1 0.25
vt 0.2 0.25
vt 0.3 0.25
vt 0.4 0.25
vt 0.5 0.25
vt 0.6 0.25
vt 0.7 0.25
vt 0.8 0.25
vt 0.9 0.25
vt 1 0.25
vt 0 0.375
vt 0.1 0.375
vt 0.2 0.375
vt 0.3 0.375
vt 0.4 0.375
vt 0.5 0.375
vt 0.6 0.375
vt 0.7 0.375
vt 0.8 0.375
vt 0.9 0.375
vt 1 0.375
vt 0 0.5
vt 0.1 0.5
vt 0.2 0.5
vt 0.3 0.5
vt 0.4 0.5
vt 0.5 0.5
vt 0.6 0.5
vt 0.7 0.5
vt 0.8 0.5
vt 0.9 0.5
vt 1 0.5
vt 0 0.625
vt 0.1 0.625
vt 0.2 0.625
vt 0.3 0.625
vt 0.4 0.625
vt 0.5 0.625
vt 0.6 0.625
vt 0.7 0.625
vt 0.8 0.625
vt 0.9 0.625
vt 1 0.625
vt 0 0.75
vt 0.1 0.75
vt 0.2 0.75
vt 0.3 0.75
vt 0.4 0.75
vt 0.5 0.75
vt 0.6 0.75
vt 0.7 0.75
vt 0.8 0.75
vt 0.9 0.75
vt 1 0.75
vt 0 0.875
vt 0.1 0.875
vt 0.2 0.875
vt 0.3 0.875
vt 0.4 0.875
vt 0.5 0.875
vt 0.6 0.875
vt 0.7 0.875
vt 0.8 0.875
vt 0.9 0.875
vt 1 0.875
vt 0 1
vt 0.1 1
vt 0.2 1
vt 0.3 1
vt 0.4 1
vt 0.5 1
vt 0.6 1
vt 0.7 1
vt 0.8 1
vt 0.9 1
vt 1 1
vt 0.5 0.5
vt 0.5 0.5
vt 0.5 0.5
vt 0.5 0.5
vt 0.5 0.5
vt 0.5 0.5
vt 0.5 0.5
vt 0.5 0.5
vt 0.5 0.5
vt 0.5 0.5
vt 0.5 0.5
vt 0.5 0.5
vt 0.5 0.5
vt 0.5 0.5
vt 0.5 0.5
vt 0.5 0.5
vt 0.5 0.5
vt 0.5 0.5
vt 0.5 0.5
vt 0.5 0.5
vt 0.5 0.5
vt 0 0
vt 0.14285714285714285 0
vt 0.2857142857142857 0
vt 0.42857142857142855 0
vt 0.5714285714285714 0
vt 0.7142857142857143 0
vt 0.8571428571428571 0
vt 0 1
vt 0.14285714285714285 1
vt 0.2857142857142857 1
vt 0.42857142857142855 1
vt 0.5714285714285714 1
vt 0.7142857142857143 1
vt 0.8571428571428571 1
vt 0.5 0.5
vt 0.5 0.5
vt 0 0
vt 0.1 0
vt 0.2 0
vt 0.3 0
vt 0.4 0
vt 0.5 0
vt 0.6 0
vt 0.7 0
vt 0.8 0
vt 0.9 0
vt 1 0
vt 0 0.125
vt 0.1 0.125
vt 0.2 0.125
vt 0.3 0.125
vt 0.4 0.125
vt 0.5 0.125
vt 0.6 0.125
vt 0.7 0.125
vt 0.8 0.125
vt 0.9 0.125
vt 1 0.125
vt 0 0.25
vt 0.1 0.25
vt 0.2 0.25
vt 0.3 0.25
vt 0.4 0.25
vt 0.5 0.25
vt 0.6 0.25
vt 0.7 0.25
vt 0.8 0.25
vt 0.9 0.25
vt 1 0.25
vt 0 0.375
vt 0.1 0.375
vt 0.2 0.375
vt 0.3 0.375
vt 0.4 0.375
vt 0.5 0.375
vt 0.6 0.375
vt 0.7 0.375
vt 0.8 0.375
vt 0.9 0.375
vt 1 0.375
vt 0 0.5
vt 0.1 0.5
vt 0.2 0.5
vt 0.3 0.5
vt 0.4 0.5
vt 0.5 0.5
vt 0.6 0.5
vt 0.7 0.5
vt 0.8 0.5
vt 0.9 0.5
vt 1 0.5
vt 0 0.625
vt 0.1 0.625
vt 0.2 0.625
vt 0.3 0.625
vt 0.4 0.625
vt 0.5 0.625
vt 0.6 0.625
vt 0.7 0.625
vt 0.8 0.625
vt 0.9 0.625
vt 1 0.625
vt 0 0.75
vt 0.1 0.75
vt 0.2 0.75
vt 0.3 0.75
vt 0.4 0.75
vt 0.5 0.75
vt 0.6 0.75
vt 0.7 0.75
vt 0.8 0.75
vt 0.9 0.75
vt 1 0.75
vt 0 0.875
vt 0.1 0.875
vt 0.2 0.875
vt 0.3 0.875
vt 0.4 0.875
vt 0.5 0.875
vt 0.6 0.875
vt 0.7 0.875
vt 0.8 0.875
vt 0.9 0.875
vt 1 0.875
vt 0 1
vt 0.1 1
vt 0.2 1
vt 0.3 1
vt 0.4 1
vt 0.5 1
vt 0.6 1
vt 0.7 1
vt 0.8 1
vt 0.9 1
vt 1 1
vt 0.5 0.5
vt 0.5 0.5
vt 0.5 0.5
vt 0.5 0.5
vt 0.5 0.5
vt 0.5 0.5
vt 0.5 0.5
vt 0.5 0.5
vt 0.5 0.5
vt 0.5 0.5
vt 0.5 0.5
vt 0.5 0.5
vt 0.5 0.5
vt 0.5 0.5
vt 0.5 0.5
vt 0.5 0.5
vt 0.5 0.5
vt 0.5 0.5
vt 0.5 0.5
vt 0.5 0.5
vt 0.5 0.5
vt 0 0
vt 0.14285714285714285 0
vt 0.2857142857142857 0
vt 0.42857142857142855 0
vt 0.5714285714285714 0
vt 0.7142857142857143 0
vt 0.8571428571428571 0
vt 0 1
vt 0.14285714285714285 1
vt 0.2857142857142857 1
vt 0.42857142857142855 1
vt 0.5714285714285714 1
vt 0.7142857142857143 1
vt 0.8571428571428571 1
vt 0.5 0.5
vt 0.5 0.5
vt 0 0
vt 0.1 0
vt 0.2 0
vt 0.3 0
vt 0.4 0
vt 0.5 0
vt 0.6 0
vt 0.7 0
vt 0.8 0
vt 0.9 0
vt 1 0
vt 0 0.125
vt 0.1 0.125
vt 0.2 0.125
vt 0.3 0.125
vt 0.4 0.125
vt 0.5 0.125
vt 0.6 0.125
vt 0.7 0.125
vt 0.8 0.125
vt 0.9 0.125
vt 1 0.125
vt 0 0.25
vt 0.1 0.25
vt 0.2 0.25
vt 0.3 0.25
vt 0.4 0.25
vt 0.5 0.25
vt 0.6 0.25
vt 0.7 0.25
vt 0.8 0.25
vt 0.9 0.25
vt 1 0.25
vt 0 0.375
vt 0.1 0.375
vt 0.2 0.375
vt 0.3 0.375
vt 0.4 0.375
vt 0.5 0.375
vt 0.6 0.375
vt 0.7 0.375
vt 0.8 0.375
vt 0.9 0.375
vt 1 0.375
vt 0 0.5
vt 0.1 0.5
vt 0.2 0.5
vt 0.3 0.5
vt 0.4 0.5
vt 0.5 0.5
vt 0.6 0.5
vt 0.7 0.5
vt 0.8 0.5
vt 0.9 0.5
vt 1 0.5
vt 0 0.625
vt 0.1 0.625
vt 0.2 0.625
vt 0.3 0.625
vt 0.4 0.625
vt 0.5 0.625
vt 0.6 0.625
vt 0.7 0.625
vt 0.8 0.625
vt 0.9 0.625
vt 1 0.625
vt 0 0.75
vt 0.1 0.75
vt 0.2 0.75
vt 0.3 0.75
vt 0.4 0.75
vt 0.5 0.75
vt 0.6 0.75
vt 0.7 0.75
vt 0.8 0.75
vt 0.9 0.75
vt 1 0.75
vt 0 0.875
vt 0.1 0.875
vt 0.2 0.875
vt 0.3 0.875
vt 0.4 0.875
vt 0.5 0.875
vt 0.6 0.875
vt 0.7 0.875
vt 0.8 0.875
vt 0.9 0.875
vt 1 0.875
vt 0 1
vt 0.1 1
vt 0.2 1
vt 0.3 1
vt 0.4 1
vt 0.5 1
vt 0.6 1
vt 0.7 1
vt 0.8 1
vt 0.9 1
vt 1 1
vt 0.5 0.5
vt 0.5 0.5
vt 0.5 0.5
vt 0.5 0.5
vt 0.5 0.5
vt 0.5 0.5
vt 0.5 0.5
vt 0.5 0.5
vt 0.5 0.5
vt 0.5 0.5
vt 0.5 0.5
vt 0.5 0.5
vt 0.5 0.5
vt 0.5 0.5
vt 0.5 0.5
vt 0.5 0.5
vt 0.5 0.5
vt 0.5 0.5
vt 0.5 0.5
vt 0.5 0.5
vt 0.5 0.5
vt 0 0
vt 0.14285714285714285 0
vt 0.2857142857142857 0
vt 0.42857142857142855 0
vt 0.5714285714285714 0
vt 0.7142857142857143 0
vt 0.8571428571428571 0
vt 0 1
vt 0.14285714285714285 1
vt 0.2857142857142857 1
vt 0.42857142857142855 1
vt 0.5714285714285714 1
vt 0.7142857142857143 1
vt 0.8571428571428571 1
vt 0.5 0.5
vt 0.5 0.5
vt 0 0
vt 0.1 0
vt 0.2 0
vt 0.3 0
vt 0.4 0
vt 0.5 0
vt 0.6 0
vt 0.7 0
vt 0.8 0
vt 0.9 0
vt 1 0
vt 0 0.125
vt 0.1 0.125
vt 0.2 0.125
vt 0.3 0.125
vt 0.4 0.125
vt 0.5 0.125
vt 0.6 0.125
vt 0.7 0.125
vt 0.8 0.125
vt 0.9 0.125
vt 1 0.125
vt 0 0.25
vt 0.1 0.25
vt 0.2 0.25
vt 0.3 0.25
vt 0.4 0.25
vt 0.5 0.25
vt 0.6 0.25
vt 0.7 0.25
vt 0.8 0.25
vt 0.9 0.25
vt 1 0.25
vt 0 0.375
vt 0.1 0.375
vt 0.2 0.375
vt 0.3 0.375
vt 0.4 0.375
vt 0.5 0.375
vt 0.6 0.375
vt 0.7 0.375
vt 0.8 0.375
vt 0.9 0.375
vt 1 0.375
vt 0 0.5
vt 0.1 0.5
vt 0.2 0.5
vt 0.3 0.5
vt 0.4 0.5
vt 0.5 0.5
vt 0.6 0.5
vt 0.7 0.5
vt 0.8 0.5
vt 0.9 0.5
vt 1 0.5
vt 0 0.625
vt 0.1 0.625
vt 0.2 0.625
vt 0.3 0.625
vt 0.4 0.625
vt 0.5 0.625
vt 0.6 0.625
vt 0.7 0.625
vt 0.8 0.625
vt 0.9 0.625
vt 1 0.625
vt 0 0.75
vt 0.1 0.75
vt 0.2 0.75
vt 0.3 0.75
vt 0.4 0.75
vt 0.5 0.75
vt 0.6 0.75
vt 0.7 0.75
vt 0.8 0.75
vt 0.9 0.75
vt 1 0.75
vt 0 0.875
vt 0.1 0.875
vt 0.2 0.875
vt 0.3 0.875
vt 0.4 0.875
vt 0.5 0.875
vt 0.6 0.875
vt 0.7 0.875
vt 0.8 0.875
vt 0.9 0.875
vt 1 0.875
vt 0 1
vt 0.1 1
vt 0.2 1
vt 0.3 1
vt 0.4 1
vt 0.5 1
vt 0.6 1
vt 0.7 1
vt 0.8 1
vt 0.9 1
vt 1 1
vt 0.5 0.5
vt 0.5 0.5
vt 0.5 0.5
vt 0.5 0.5
vt 0.5 0.5
vt 0.5 0.5
vt 0.5 0.5
vt 0.5 0.5
vt 0.5 0.5
vt 0.5 0.5
vt 0.5 0.5
vt 0.5 0.5
vt 0.5 0.5
vt 0.5 0.5
vt 0.5 0.5
vt 0.5 0.5
vt 0.5 0.5
vt 0.5 0.5
vt 0.5 0.5
vt 0.5 0.5
vt 0.5 0.5
vt 0 0
vt 0.14285714285714285 0
vt 0.2857142857142857 0
vt 0.42857142857142855 0
vt 0.5714285714285714 0
vt 0.7142857142857143 0
vt 0.8571428571428571 0
vt 0 1
vt 0.14285714285714285 1
vt 0.2857142857142857 1
vt 0.42857142857142855 1
vt 0.5714285714285714 1
vt 0.7142857142857143 1
vt 0.8571428571428571 1
vt 0.5 0.5
vt 0.5 0.5
vt 0 0
vt 0.1 0
vt 0.2 0
vt 0.3 0
vt 0.4 0
vt 0.5 0
vt 0.6 0
vt 0.7 0
vt 0.8 0
vt 0.9 0
vt 1 0
vt 0 0.125
vt 0.1 0.125
vt 0.2 0.125
vt 0.3 0.125
vt 0.4 0.125
vt 0.5 0.125
vt 0.6 0.125
vt 0.7 0.125
vt 0.8 0.125
vt 0.9 0.125
vt 1 0.125
vt 0 0.25
vt 0.1 0.25
vt 0.2 0.25
vt 0.3 0.25
vt 0.4 0.25
vt 0.5 0.25
vt 0.6 0.25
vt 0.7 0.25
vt 0.8 0.25
vt 0.9 0.25
vt 1 0.25
vt 0 0.375
vt 0.1 0.375
vt 0.2 0.375
vt 0.3 0.375
vt 0.4 0.375
vt 0.5 0.375
vt 0.6 0.375
vt 0.7 0.375
vt 0.8 0.375
vt 0.9 0.375
vt 1 0.375
vt 0 0.5
vt 0.1 0.5
vt 0.2 0.5
vt 0.3 0.5
vt 0.4 0.5
vt 0.5 0.5
vt 0.6 0.5
vt 0.7 0.5
vt 0.8 0.5
vt 0.9 0.5
vt 1 0.5
vt 0 0.625
vt 0.1 0.625
vt 0.2 0.625
vt 0.3 0.625
vt 0.4 0.625
vt 0.5 0.625
vt 0.6 0.625
vt 0.7 0.625
vt 0.8 0.625
vt 0.9 0.625
vt 1 0.625
vt 0 0.75
vt 0.1 0.75
vt 0.2 0.75
vt 0.3 0.75
vt 0.4 0.75
vt 0.5 0.75
vt 0.6 0.75
vt 0.7 0.75
vt 0.8 0.75
vt 0.9 0.75
vt 1 0.75
vt 0 0.875
vt 0.1 0.875
vt 0.2 0.875
vt 0.3 0.875
vt 0.4 0.875
vt 0.5 0.875
vt 0.6 0.875
vt 0.7 0.875
vt 0.8 0.875
vt 0.9 0.875
vt 1 0.875
vt 0 1
vt 0.1 1
vt 0.2 1
vt 0.3 1
vt 0.4 1
vt 0.5 1
vt 0.6 1
vt 0.7 1
vt 0.8 1
vt 0.9 1
vt 1 1
vt 0.5 0.5
vt 0.5 0.5
vt 0.5 0.5
vt 0.5 0.5
vt 0.5 0.5
vt 0.5 0.5
vt 0.5 0.5
vt 0.5 0.5
vt 0.5 0.5
vt 0.5 0.5
vt 0.5 0.5
vt 0.5 0.5
vt 0.5 0.5
vt 0.5 0.5
vt 0.5 0.5
vt 0.5 0.5
vt 0.5 0.5
vt 0.5 0.5
vt 0.5 0.5
vt 0.5 0.5
vt 0.5 0.5
vt 0 0
vt 0.14285714285714285 0
vt 0.2857142857142857 0
vt 0.42857142857142855 0
vt 0.5714285714285714 0
vt 0.7142857142857143 0
vt 0.8571428571428571 0
vt 0 1
vt 0.14285714285714285 1
vt 0.2857142857142857 1
vt 0.42857142857142855 1
vt 0.5714285714285714 1
vt 0.7142857142857143 1
vt 0.8571428571428571 1
vt 0.5 0.5
vt 0.5 0.5
vt 0 0
vt 0.1 0
vt 0.2 0
vt 0.3 0
vt 0.4 0
vt 0.5 0
vt 0.6 0
vt 0.7 0
vt 0.8 0
vt 0.9 0
vt 1 0
vt 0 0.125
vt 0.1 0.125
vt 0.2 0.125
vt 0.3 0.125
vt 0.4 0.125
vt 0.5 0.125
vt 0.6 0.125
vt 0.7 0.125
vt 0.8 0.125
vt 0.9 0.125
vt 1 0.125
vt 0 0.25
vt 0.1 0.25
vt 0.2 0.25
vt 0.3 0.25
vt 0.4 0.25
vt 0.5 0.25
vt 0.6 0.25
vt 0.7 0.25
vt 0.8 0.25
vt 0.9 0.25
vt 1 0.25
vt 0 0.375
vt 0.1 0.375
vt 0.2 0.375
vt 0.3 0.375
vt 0.4 0.375
vt 0.5 0.375
vt 0.6 0.375
vt 0.7 0.375
vt 0.8 0.375
vt 0.9 0.375
vt 1 0.375
vt 0 0.5
vt 0.1 0.5
vt 0.2 0.5
vt 0.3 0.5
vt 0.4 0.5
vt 0.5 0.5
vt 0.6 0.5
vt 0.7 0.5
vt 0.8 0.5
vt 0.9 0.5
vt 1 0.5
vt 0 0.625
vt 0.1 0.625
vt 0.2 0.625
vt 0.3 0.625
vt 0.4 0.625
vt 0.5 0.625
vt 0.6 0.625
vt 0.7 0.625
vt 0.8 0.625
vt 0.9 0.625
vt 1 0.625
vt 0 0.75
vt 0.1 0.75
vt 0.2 0.75
vt 0.3 0.75
vt 0.4 0.75
vt 0.5 0.75
vt 0.6 0.75
vt 0.7 0.75
vt 0.8 0.75
vt 0.9 0.75
vt 1 0.75
vt 0 0.875
vt 0.1 0.875
vt 0.2 0.875
vt 0.3 0.875
vt 0.4 0.875
vt 0.5 0.875
vt 0.6 0.875
vt 0.7 0.875
vt 0.8 0.875
vt 0.9 0.875
vt 1 0.875
vt 0 1
vt 0.1 1
vt 0.2 1
vt 0.3 1
vt 0.4 1
vt 0.5 1
vt 0.6 1
vt 0.7 1
vt 0.8 1
vt 0.9 1
vt 1 1
vt 0.5 0.5
vt 0.5 0.5
vt 0.5 0.5
vt 0.5 0.5
vt 0.5 0.5
vt 0.5 0.5
vt 0.5 0.5
vt 0.5 0.5
vt 0.5 0.5
vt 0.5 0.5
vt 0.5 0.5
vt 0.5 0.5
vt 0.5 0.5
vt 0.5 0.5
vt 0.5 0.5
vt 0.5 0.5
vt 0.5 0.5
vt 0.5 0.5
vt 0.5 0.5
vt 0.5 0.5
vt 0.5 0.5
vt 0 0
vt 0.14285714285714285 0
vt 0.2857142857142857 0
vt 0.42857142857142855 0
vt 0.5714285714285714 0
vt 0.7142857142857143 0
vt 0.8571428571428571 0
vt 0 1
vt 0.14285714285714285 1
vt 0.2857142857142857 1
vt 0.42857142857142855 1
vt 0.5714285714285714 1
vt 0.7142857142857143 1
vt 0.8571428571428571 1
vt 0.5 0.5
vt 0.5 0.5
vt 0 0
vt 0.1 0
vt 0.2 0
vt 0.3 0
vt 0.4 0
vt 0.5 0
vt 0.6 0
vt 0.7 0
vt 0.8 0
vt 0.9 0
vt 1 0
vt 0 0.125
vt 0.1 0.125
vt 0.2 0.125
vt 0.3 0.125
vt 0.4 0.125
vt 0.5 0.125
vt 0.6 0.125
vt 0.7 0.125
vt 0.8 0.125
vt 0.9 0.125
vt 1 0.125
vt 0 0.25
vt 0.1 0.25
vt 0.2 0.25
vt 0.3 0.25
vt 0.4 0.25
vt 0.5 0.25
vt 0.6 0.25
vt 0.7 0.25
vt 0.8 0.25
vt 0.9 0.25
vt 1 0.25
vt 0 0.375
vt 0.1 0.375
vt 0.2 0.375
vt 0.3 0.375
vt 0.4 0.375
vt 0.5 0.375
vt 0.6 0.375
vt 0.7 0.375
vt 0.8 0.375
vt 0.9 0.375
vt 1 0.375
vt 0 0.5
vt 0.1 0.5
vt 0.2 0.5
vt 0.3 0.5
vt 0.4 0.5
vt 0.5 0.5
vt 0.6 0.5
vt 0.7 0.5
vt 0.8 0.5
vt 0.9 0.5
vt 1 0.5
vt 0 0.625
vt 0.1 0.625
vt 0.2 0.625
vt 0.3 0.625
vt 0.4 0.625
vt 0.5 0.625
vt 0.6 0.625
vt 0.7 0.625
vt 0.8 0.625
vt 0.9 0.625
vt 1 0.625
vt 0 0.75
vt 0.1 0.75
vt 0.2 0.75
vt 0.3 0.75
vt 0.4 0.75
vt 0.5 0.75
vt 0.6 0.75
vt 0.7 0.75
vt 0.8 0.75
vt 0.9 0.75
vt 1 0.75
vt 0 0.875
vt 0.1 0.875
vt 0.2 0.875
vt 0.3 0.875
vt 0.4 0.875
vt 0.5 0.875
vt 0.6 0.875
vt 0.7 0.875
vt 0.8 0.875
vt 0.9 0.875
vt 1 0.875
vt 0 1
vt 0.1 1
vt 0.2 1
vt 0.3 1
vt 0.4 1
vt 0.5 1
vt 0.6 1
vt 0.7 1
vt 0.8 1
vt 0.9 1
vt 1 1
vt 0.5 0.5
vt 0.5 0.5
vt 0.5 0.5
vt 0.5 0.5
vt 0.5 0.5
vt 0.5 0.5
vt 0.5 0.5
vt 0.5 0.5
vt 0.5 0.5
vt 0.5 0.5
vt 0.5 0.5
vt 0.5 0.5
vt 0.5 0.5
vt 0.5 0.5
vt 0.5 0.5
vt 0.5 0.5
vt 0.5 0.5
vt 0.5 0.5
vt 0.5 0.5
vt 0.5 0.5
vt 0.5 0.5
vt 0 0
vt 0.14285714285714285 0
vt 0.2857142857142857 0
vt 0.42857142857142855 0
vt 0.5714285714285714 0
vt 0.7142857142857143 0
vt 0.8571428571428571 0
vt 0 1
vt 0.14285714285714285 1
vt 0.2857142857142857 1
vt 0.42857142857142855 1
vt 0.5714285714285714 1
vt 0.7142857142857143 1
vt 0.8571428571428571 1
vt 0.5 0.5
vt 0.5 0.5
vt 0 0
vt 0.1 0
vt 0.2 0
vt 0.3 0
vt 0.4 0
vt 0.5 0
vt 0.6 0
vt 0.7 0
vt 0.8 0
vt 0.9 0
vt 1 0
vt 0 0.125
vt 0.1 0.125
vt 0.2 0.125
vt 0.3 0.125
vt 0.4 0.125
vt 0.5 0.125
vt 0.6 0.125
vt 0.7 0.125
vt 0.8 0.125
vt 0.9 0.125
vt 1 0.125
vt 0 0.25
vt 0.1 0.25
vt 0.2 0.25
vt 0.3 0.25
vt 0.4 0.25
vt 0.5 0.25
vt 0.6 0.25
vt 0.7 0.25
vt 0.8 0.25
vt 0.9 0.25
vt 1 0.25
vt 0 0.375
vt 0.1 0.375
vt 0.2 0.375
vt 0.3 0.375
vt 0.4 0.375
vt 0.5 0.375
vt 0.6 0.375
vt 0.7 0.375
vt 0.8 0.375
vt 0.9 0.375
vt 1 0.375
vt 0 0.5
vt 0.1 0.5
vt 0.2 0.5
vt 0.3 0.5
vt 0.4 0.5
vt 0.5 0.5
vt 0.6 0.5
vt 0.7 0.5
vt 0.8 0.5
vt 0.9 0.5
vt 1 0.5
vt 0 0.625
vt 0.1 0.625
vt 0.2 0.625
vt 0.3 0.625
vt 0.4 0.625
vt 0.5 0.625
vt 0.6 0.625
vt 0.7 0.625
vt 0.8 0.625
vt 0.9 0.625
vt 1 0.625
vt 0 0.75
vt 0.1 0.75
vt 0.2 0.75
vt 0.3 0.75
vt 0.4 0.75
vt 0.5 0.75
vt 0.6 0.75
vt 0.7 0.75
vt 0.8 0.75
vt 0.9 0.75
vt 1 0.75
vt 0 0.875
vt 0.1 0.875
vt 0.2 0.875
vt 0.3 0.875
vt 0.4 0.875
vt 0.5 0.875
vt 0.6 0.875
vt 0.7 0.875
vt 0.8 0.875
vt 0.9 0.875
vt 1 0.875
vt 0 1
vt 0.1 1
vt 0.2 1
vt 0.3 1
vt 0.4 1
vt 0.5 1
vt 0.6 1
vt 0.7 1
vt 0.8 1
vt 0.9 1
vt 1 1
vt 0.5 0.5
vt 0.5 0.5
vt 0.5 0.5
vt 0.5 0.5
vt 0.5 0.5
vt 0.5 0.5
vt 0.5 0.5
vt 0.5 0.5
vt 0.5 0.5
vt 0.5 0.5
vt 0.5 0.5
vt 0.5 0.5
vt 0.5 0.5
vt 0.5 0.5
vt 0.5 0.5
vt 0.5 0.5
vt 0.5 0.5
vt 0.5 0.5
vt 0.5 0.5
vt 0.5 0.5
vt 0.5 0.5
vt 0 0
vt 0.14285714285714285 0
vt 0.2857142857142857 0
vt 0.42857142857142855 0
vt 0.5714285714285714 0
vt 0.7142857142857143 0
vt 0.8571428571428571 0
vt 0 1
vt 0.14285714285714285 1
vt 0.2857142857142857 1
vt 0.42857142857142855 1
vt 0.5714285714285714 1
vt 0.7142857142857143 1
vt 0.8571428571428571 1
vt 0.5 0.5
vt 0.5 0.5
vt 0 0
vt 0.1 0
vt 0.2 0
vt 0.3 0
vt 0.4 0
vt 0.5 0
vt 0.6 0
vt 0.7 0
vt 0.8 0
vt 0.9 0
vt 1 0
vt 0 0.125
vt 0.1 0.125
vt 0.2 0.125
vt 0.3 0.125
vt 0.4 0.125
vt 0.5 0.125
vt 0.6 0.125
vt 0.7 0.125
vt 0.8 0.125
vt 0.9 0.125
vt 1 0.125
vt 0 0.25
vt 0.1 0.25
vt 0.2 0.25
vt 0.3 0.25
vt 0.4 0.25
vt 0.5 0.25
vt 0.6 0.25
vt 0.7 0.25
vt 0.8 0.25
vt 0.9 0.25
vt 1 0.25
vt 0 0.375
vt 0.1 0.375
vt 0.2 0.375
vt 0.3 0.375
vt 0.4 0.375
vt 0.5 0.375
vt 0.6 0.375
vt 0.7 0.375
vt 0.8 0.375
vt 0.9 0.375
vt 1 0.375
vt 0 0.5
vt 0.1 0.5
vt 0.2 0.5
vt 0.3 0.5
vt 0.4 0.5
vt 0.5 0.5
vt 0.6 0.5
vt 0.7 0.5
vt 0.8 0.5
vt 0.9 0.5
vt 1 0.5
vt 0 0.625
vt 0.1 0.625
vt 0.2 0.625
vt 0.3 0.625
vt 0.4 0.625
vt 0.5 0.625
vt 0.6 0.625
vt 0.7 0.625
vt 0.8 0.625
vt 0.9 0.625
vt 1 0.625
vt 0 0.75
vt 0.1 0.75
vt 0.2 0.75
vt 0.3 0.75
vt 0.4 0.75
vt 0.5 0.75
vt 0.6 0.75
vt 0.7 0.75
vt 0.8 0.75
vt 0.9 0.75
vt 1 0.75
vt 0 0.875
vt 0.1 0.875
vt 0.2 0.875
vt 0.3 0.875
vt 0.4 0.875
vt 0.5 0.875
vt 0.6 0.875
vt 0.7 0.875
vt 0.8 0.875
vt 0.9 0.875
vt 1 0.875
vt 0 1
vt 0.1 1
vt 0.2 1
vt 0.3 1
vt 0.4 1
vt 0.5 1
vt 0.6 1
vt 0.7 1
vt 0.8 1
vt 0.9 1
vt 1 1
vt 0.5 0.5
vt 0.5 0.5
vt 0.5 0.5
vt 0.5 0.5
vt 0.5 0.5
vt 0.5 0.5
vt 0.5 0.5
vt 0.5 0.5
vt 0.5 0.5
vt 0.5 0.5
vt 0.5 0.5
vt 0.5 0.5
vt 0.5 0.5
vt 0.5 0.5
vt 0.5 0.5
vt 0.5 0.5
vt 0.5 0.5
vt 0.5 0.5
vt 0.5 0.5
vt 0.5 0.5
vt 0.5 0.5
vt 0 0
vt 0.14285714285714285 0
vt 0.2857142857142857 0
vt 0.42857142857142855 0
vt 0.5714285714285714 0
vt 0.7142857142857143 0
vt 0.8571428571428571 0
vt 0 1
vt 0.14285714285714285 1
vt 0.2857142857142857 1
vt 0.42857142857142855 1
vt 0.5714285714285714 1
vt 0.7142857142857143 1
vt 0.8571428571428571 1
vt 0.5 0.5
vt 0.5 0.5
vt 0 0
vt 0.1 0
vt 0.2 0
vt 0.3 0
vt 0.4 0
vt 0.5 0
vt 0.6 0
vt 0.7 0
vt 0.8 0
vt 0.9 0
vt 1 0
vt 0 0.125
vt 0.1 0.125
vt 0.2 0.125
vt 0.3 0.125
vt 0.4 0.125
vt 0.5 0.125
vt 0.6 0.125
vt 0.7 0.125
vt 0.8 0.125
vt 0.9 0.125
vt 1 0.125
vt 0 0.25
vt 0.1 0.25
vt 0.2 0.25
vt 0.3 0.25
vt 0.4 0.25
vt 0.5 0.25
vt 0.6 0.25
vt 0.7 0.25
vt 0.8 0.25
vt 0.9 0.25
vt 1 0.25
vt 0 0.375
vt 0.1 0.375
vt 0.2 0.375
vt 0.3 0.375
vt 0.4 0.375
vt 0.5 0.375
vt 0.6 0.375
vt 0.7 0.375
vt 0.8 0.375
vt 0.9 0.375
vt 1 0.375
vt 0 0.5
vt 0.1 0.5
vt 0.2 0.5
vt 0.3 0.5
vt 0.4 0.5
vt 0.5 0.5
vt 0.6 0.5
vt 0.7 0.5
vt 0.8 0.5
vt 0.9 0.5
vt 1 0.5
vt 0 0.625
vt 0.1 0.625
vt 0.2 0.625
vt 0.3 0.625
vt 0.4 0.625
vt 0.5 0.625
vt 0.6 0.625
vt 0.7 0.625
vt 0.8 0.625
vt 0.9 0.625
vt 1 0.625
vt 0 0.75
vt 0.1 0.75
vt 0.2 0.75
vt 0.3 0.75
vt 0.4 0.75
vt 0.5 0.75
vt 0.6 0.75
vt 0.7 0.75
vt 0.8 0.75
vt 0.9 0.75
vt 1 0.75
vt 0 0.875
vt 0.1 0.875
vt 0.2 0.875
vt 0.3 0.875
vt 0.4 0.875
vt 0.5 0.875
vt 0.6 0.875
vt 0.7 0.875
vt 0.8 0.875
vt 0.9 0.875
vt 1 0.875
vt 0 1
vt 0.1 1
vt 0.2 1
vt 0.3 1
vt 0.4 1
vt 0.5 1
vt 0.6 1
vt 0.7 1
vt 0.8 1
vt 0.9 1
vt 1 1
vt 0.5 0.5
vt 0.5 0.5
vt 0.5 0.5
vt 0.5 0.5
vt 0.5 0.5
vt 0.5 0.5
vt 0.5 0.5
vt 0.5 0.5
vt 0.5 0.5
vt 0.5 0.5
vt 0.5 0.5
vt 0.5 0.5
vt 0.5 0.5
vt 0.5 0.5
vt 0.5 0.5
vt 0.5 0.5
vt 0.5 0.5
vt 0.5 0.5
vt 0.5 0.5
vt 0.5 0.5
vt 0.5 0.5
vt 0 0
vt 0.14285714285714285 0
vt 0.2857142857142857 0
vt 0.42857142857142855 0
vt 0.5714285714285714 0
vt 0.7142857142857143 0
vt 0.8571428571428571 0
vt 0 1
vt 0.14285714285714285 1
vt 0.2857142857142857 1
vt 0.42857142857142855 1
vt 0.5714285714285714 1
vt 0.7142857142857143 1
vt 0.8571428571428571 1
vt 0.5 0.5
vt 0.5 0.5
vt 0 0
vt 0.1 0
vt 0.2 0
vt 0.3 0
vt 0.4 0
vt 0.5 0
vt 0.6 0
vt 0.7 0
vt 0.8 0
vt 0.9 0
vt 1 0
vt 0 0.125
vt 0.1 0.125
vt 0.2 0.125
vt 0.3 0.125
vt 0.4 0.125
vt 0.5 0.125
vt 0.6 0.125
vt 0.7 0.125
vt 0.8 0.125
vt 0.9 0.125
vt 1 0.125
vt 0 0.25
vt 0.1 0.25
vt 0.2 0.25
vt 0.3 0.25
vt 0.4 0.25
vt 0.5 0.25
vt 0.6 0.25
vt 0.7 0.25
vt 0.8 0.25
vt 0.9 0.25
vt 1 0.25
vt 0 0.375
vt 0.1 0.375
vt 0.2 0.375
vt 0.3 0.375
vt 0.4 0.375
vt 0.5 0.375
vt 0.6 0.375
vt 0.7 0.375
vt 0.8 0.375
vt 0.9 0.375
vt 1 0.375
vt 0 0.5
vt 0.1 0.5
vt 0.2 0.5
vt 0.3 0.5
vt 0.4 0.5
vt 0.5 0.5
vt 0.6 0.5
vt 0.7 0.5
vt 0.8 0.5
vt 0.9 0.5
vt 1 0.5
vt 0 0.625
vt 0.1 0.625
vt 0.2 0.625
vt 0.3 0.625
vt 0.4 0.625
vt 0.5 0.625
vt 0.6 0.625
vt 0.7 0.625
vt 0.8 0.625
vt 0.9 0.625
vt 1 0.625
vt 0 0.75
vt 0.1 0.75
vt 0.2 0.75
vt 0.3 0.75
vt 0.4 0.75
vt 0.5 0.75
vt 0.6 0.75
vt 0.7 0.75
vt 0.8 0.75
vt 0.9 0.75
vt 1 0.75
vt 0 0.875
vt 0.1 0.875
vt 0.2 0.875
vt 0.3 0.875
vt 0.4 0.875
vt 0.5 0.875
vt 0.6 0.875
vt 0.7 0.875
vt 0.8 0.875
vt 0.9 0.875
vt 1 0.875
vt 0 1
vt 0.1 1
vt 0.2 1
vt 0.3 1
vt 0.4 1
vt 0.5 1
vt 0.6 1
vt 0.7 1
vt 0.8 1
vt 0.9 1
vt 1 1
vt 0.5 0.5
vt 0.5 0.5
vt 0.5 0.5
vt 0.5 0.5
vt 0.5 0.5
vt 0.5 0.5
vt 0.5 0.5
vt 0.5 0.5
vt 0.5 0.5
vt 0.5 0.5
vt 0.5 0.5
vt 0.5 0.5
vt 0.5 0.5
vt 0.5 0.5
vt 0.5 0.5
vt 0.5 0.5
vt 0.5 0.5
vt 0.5 0.5
vt 0.5 0.5
vt 0.5 0.5
vt 0.5 0.5
vt 0 0
vt 0.14285714285714285 0
vt 0.2857142857142857 0
vt 0.42857142857142855 0
vt 0.5714285714285714 0
vt 0.7142857142857143 0
vt 0.8571428571428571 0
vt 0 1
vt 0.14285714285714285 1
vt 0.2857142857142857 1
vt 0.42857142857142855 1
vt 0.5714285714285714 1
vt 0.7142857142857143 1
vt 0.8571428571428571 1
vt 0.5 0.5
vt 0.5 0.5
vt 0 0
vt 0.1 0
vt 0.2 0
vt 0.3 0
vt 0.4 0
vt 0.5 0
vt 0.6 0
vt 0.7 0
vt 0.8 0
vt 0.9 0
vt 1 0
vt 0 0.125
vt 0.1 0.125
vt 0.2 0.125
vt 0.3 0.125
vt 0.4 0.125
vt 0.5 0.125
vt 0.6 0.125
vt 0.7 0.125
vt 0.8 0.125
vt 0.9 0.125
vt 1 0.125
vt 0 0.25
vt 0.1 0.25
vt 0.2 0.25
vt 0.3 0.25
vt 0.4 0.25
vt 0.5 0.25
vt 0.6 0.25
vt 0.7 0.25
vt 0.8 0.25
vt 0.9 0.25
vt 1 0.25
vt 0 0.375
vt 0.1 0.375
vt 0.2 0.375
vt 0.3 0.375
vt 0.4 0.375
vt 0.5 0.375
vt 0.6 0.375
vt 0.7 0.375
vt 0.8 0.375
vt 0.9 0.375
vt 1 0.375
vt 0 0.5
vt 0.1 0.5
vt 0.2 0.5
vt 0.3 0.5
vt 0.4 0.5
vt 0.5 0.5
vt 0.6 0.5
vt 0.7 0.5
vt 0.8 0.5
vt 0.9 0.5
vt 1 0.5
vt 0 0.625
vt 0.1 0.625
vt 0.2 0.625
vt 0.3 0.625
vt 0.4 0.625
vt 0.5 0.625
vt 0.6 0.625
vt 0.7 0.625
vt 0.8 0.625
vt 0.9 0.625
vt 1 0.625
vt 0 0.75
vt 0.1 0.75
vt 0.2 0.75
vt 0.3 0.75
vt 0.4 0.75
vt 0.5 0.75
vt 0.6 0.75
vt 0.7 0.75
vt 0.8 0.75
vt 0.9 0.75
vt 1 0.75
vt 0 0.875
vt 0.1 0.875
vt 0.2 0.875
vt 0.3 0.875
vt 0.4 0.875
vt 0.5 0.875
vt 0.6 0.875
vt 0.7 0.875
vt 0.8 0.875
vt 0.9 0.875
vt 1 0.875
vt 0 1
vt 0.1 1
vt 0.2 1
vt 0.3 1
vt 0.4 1
vt 0.5 1
vt 0.6 1
vt 0.7 1
vt 0.8 1
vt 0.9 1
vt 1 1
vt 0.5 0.5
vt 0.5 0.5
vt 0.5 0.5
vt 0.5 0.5
vt 0.5 0.5
vt 0.5 0.5
vt 0.5 0.5
vt 0.5 0.5
vt 0.5 0.5
vt 0.5 0.5
vt 0.5 0.5
vt 0.5 0.5
vt 0.5 0.5
vt 0.5 0.5
vt 0.5 0.5
vt 0.5 0.5
vt 0.5 0.5
vt 0.5 0.5
vt 0.5 0.5
vt 0.5 0.5
vt 0.5 0.5
vt 0 0
vt 0.1 0
vt 0.2 0
vt 0.3 0
vt 0.4 0
vt 0.5 0
vt 0.6 0
vt 0.7 0
vt 0.8 0
vt 0.9 0
vt 1 0
vt 0 0.125
vt 0.1 0.125
vt 0.2 0.125
vt 0.3 0.125
vt 0.4 0.125
vt 0.5 0.125
vt 0.6 0.125
vt 0.7 0.125
vt 0.8 0.125
vt 0.9 0.125
vt 1 0.125
vt 0 0.25
vt 0.1 0.25
vt 0.2 0.25
vt 0.3 0.25
vt 0.4 0.25
vt 0.5 0.25
vt 0.6 0.25
vt 0.7 0.25
vt 0.8 0.25
vt 0.9 0.25
vt 1 0.25
vt 0 0.375
vt 0.1 0.375
vt 0.2 0.375
vt 0.3 0.375
vt 0.4 0.375
vt 0.5 0.375
vt 0.6 0.375
vt 0.7 0.375
vt 0.8 0.375
vt 0.9 0.375
vt 1 0.375
vt 0 0.5
vt 0.1 0.5
vt 0.2 0.5
vt 0.3 0.5
vt 0.4 0.5
vt 0.5 0.5
vt 0.6 0.5
vt 0.7 0.5
vt 0.8 0.5
vt 0.9 0.5
vt 1 0.5
vt 0 0.625
vt 0.1 0.625
vt 0.2 0.625
vt 0.3 0.625
vt 0.4 0.625
vt 0.5 0.625
vt 0.6 0.625
vt 0.7 0.625
vt 0.8 0.625
vt 0.9 0.625
vt 1 0.625
vt 0 0.75
vt 0.1 0.75
vt 0.2 0.75
vt 0.3 0.75
vt 0.4 0.75
vt 0.5 0.75
vt 0.6 0.75
vt 0.7 0.75
vt 0.8 0.75
vt 0.9 0.75
vt 1 0.75
vt 0 0.875
vt 0.1 0.875
vt 0.2 0.875
vt 0.3 0.875
vt 0.4 0.875
vt 0.5 0.875
vt 0.6 0.875
vt 0.7 0.875
vt 0.8 0.875
vt 0.9 0.875
vt 1 0.875
vt 0 1
vt 0.1 1
vt 0.2 1
vt 0.3 1
vt 0.4 1
vt 0.5 1
vt 0.6 1
vt 0.7 1
vt 0.8 1
vt 0.9 1
vt 1 1
vt 0.5 0.5
vt 0.5 0.5
vt 0.5 0.5
vt 0.5 0.5
vt 0.5 0.5
vt 0.5 0.5
vt 0.5 0.5
vt 0.5 0.5
vt 0.5 0.5
vt 0.5 0.5
vt 0.5 0.5
vt 0.5 0.5
vt 0.5 0.5
vt 0.5 0.5
vt 0.5 0.5
vt 0.5 0.5
vt 0.5 0.5
vt 0.5 0.5
vt 0.5 0.5
vt 0.5 0.5
vt 0.5 0.5
vn 0 -1 0
vn 0 -1 0
vn 0 -1 0
vn 0 -1 0
vn 0 -1 0
vn 0 -1 0
vn 0 -1 0
vn 0 -1 0
vn 0 -1 0
vn 0 -1 0
vn 0 1 0
vn 0 1 0
vn 0 1 0
vn 0 1 0
vn 0 1 0
vn 0 1 0
vn 0 1 0
vn 0 1 0
vn 0 1 0
vn 0 1 0
vn 0 -1 0
vn 0 1 0
vn 0 -1 0
vn 0 -1 0
vn 0 -1 0
vn 0 -1 0
vn 0 -1 0
vn 0 -1 0
vn 0 -1 0
vn 0 -1 0
vn 0 1 0
vn 0 1 0
vn 0 1 0
vn 0 1 0
vn 0 1 0
vn 0 1 0
vn 0 1 0
vn 0 1 0
vn 0 -1 0
vn 0 1 0
vn 0 -1 0
vn 0 -1 0
vn 0 -1 0
vn 0 -1 0
vn 0 -1 0
vn 0 -1 0
vn 0 -1 0
vn 0 -1 0
vn 0 -1 0
vn 0 -1 0
vn 0 1 0
vn 0 1 0
vn 0 1 0
vn 0 1 0
vn 0 1 0
vn 0 1 0
vn 0 1 0
vn 0 1 0
vn 0 1 0
vn 0 1 0
vn 0 -1 0
vn 0 1 0
vn 0 -1 0
vn 0 -1 0
vn 0 -1 0
vn 0 -1 0
vn 0 -1 0
vn 0 -1 0
vn 0 -1 0
vn 0 1 0
vn 0 1 0
vn 0 1 0
vn 0 1 0
vn 0 1 0
vn 0 1 0
vn 0 1 0
vn 0 -1 0
vn 0 1 0
vn 0 1 0
vn 0 1 0
vn 0 1 0
vn 0 1 0
vn 0 1 0
vn 0 1 0
vn 0 1 0
vn 0 1 0
vn 0 1 0
vn 0 1 0
vn 0 1 0
vn 0.19509032201612825 0.9807852804032303 0
vn 0.1578313859491287 0.9807852804032303 0.11467121414606977
vn 0.06028622494106459 0.9807852804032303 0.18554192201955863
vn -0.060286224941064566 0.9807852804032303 0.18554192201955866
vn -0.15783138594912868 0.9807852804032303 0.11467121414606979
vn -0.19509032201612825 0.9807852804032303 2.389167384016779e-17
vn -0.1578313859491287 0.9807852804032303 -0.11467121414606975
vn -0.060286224941064614 0.9807852804032303 -0.18554192201955863
vn 0.060286224941064545 0.9807852804032303 -0.18554192201955866
vn 0.15783138594912868 0.9807852804032303 -0.11467121414606982
vn 0.19509032201612825 0.9807852804032303 -4.778334768033558e-17
vn 0.3826834323650898 0.9238795325112868 0
vn 0.30959740024909344 0.9238795325112868 0.22493567784086385
vn 0.11825568406654853 0.9238795325112868 0.3639535720290143
vn -0.11825568406654849 0.9238795325112868 0.36395357202901435
vn -0.3095974002490934 0.9238795325112868 0.2249356778408639
vn -0.3826834323650898 0.9238795325112868 4.6865204053262986e-17
vn -0.30959740024909344 0.9238795325112868 -0.22493567784086382
vn -0.11825568406654857 0.9238795325112868 -0.3639535720290143
vn 0.11825568406654846 0.9238795325112868 -0.36395357202901435
vn 0.3095974002490934 0.9238795325112868 -0.22493567784086396
vn 0.3826834323650898 0.9238795325112868 -9.373040810652597e-17
vn 0.5555702330196022 0.8314696123025452 0
vn 0.44946576008170774 0.8314696123025452 0.32655598958161497
vn 0.17168064357190665 0.8314696123025452 0.5283786903729095
vn -0.1716806435719066 0.8314696123025452 0.5283786903729096
vn -0.4494657600817077 0.8314696123025452 0.326555989581615
vn -0.5555702330196022 0.8314696123025452 6.80377307569005e-17
vn -0.44946576008170774 0.8314696123025452 -0.3265559895816149
vn -0.1716806435719067 0.8314696123025452 -0.5283786903729095
vn 0.17168064357190652 0.8314696123025452 -0.5283786903729096
vn 0.4494657600817077 0.8314696123025452 -0.3265559895816151
vn 0.5555702330196022 0.8314696123025452 -1.36075461513801e-16
vn 0.7071067811865475 0.7071067811865476 0
vn 0.5720614028176843 0.7071067811865476 0.4156269377774534
vn 0.21850801222441055 0.7071067811865476 0.6724985119639573
vn -0.21850801222441046 0.7071067811865476 0.6724985119639573
vn -0.5720614028176841 0.7071067811865476 0.41562693777745346
vn -0.7071067811865475 0.7071067811865476 8.659560562354932e-17
vn -0.5720614028176843 0.7071067811865476 -0.4156269377774533
vn -0.2185080122244106 0.7071067811865476 -0.6724985119639573
vn 0.21850801222441038 0.7071067811865476 -0.6724985119639573
vn 0.5720614028176841 0.7071067811865476 -0.4156269377774536
vn 0.7071067811865475 0.7071067811865476 -1.7319121124709863e-16
vn 0.8314696123025452 0.5555702330196023 0
vn 0.672673046659108 0.5555702330196023 0.48872557584077636
vn 0.25693824050783537 0.5555702330196023 0.7907745928817406
vn -0.25693824050783526 0.5555702330196023 0.7907745928817407
vn -0.6726730466591079 0.5555702330196023 0.48872557584077647
vn -0.8314696123025452 0.5555702330196023 1.0182565992946029e-16
vn -0.672673046659108 0.5555702330196023 -0.4887255758407763
vn -0.2569382405078354 0.5555702330196023 -0.7907745928817406
vn 0.25693824050783515 0.5555702330196023 -0.7907745928817407
vn 0.6726730466591079 0.5555702330196023 -0.4887255758407766
vn 0.8314696123025452 0.5555702330196023 -2.0365131985892058e-16
vn 0.9238795325112867 0.38268343236508984 0
vn 0.7474342425568128 0.38268343236508984 0.5430427641049989
vn 0.28549447630116936 0.38268343236508984 0.8786616496665794
vn -0.28549447630116925 0.38268343236508984 0.8786616496665796
vn -0.7474342425568127 0.38268343236508984 0.543042764104999
vn -0.9238795325112867 0.38268343236508984 1.1314261122877003e-16
vn -0.7474342425568128 0.38268343236508984 -0.5430427641049987
vn -0.2854944763011695 0.38268343236508984 -0.8786616496665794
vn 0.28549447630116914 0.38268343236508984 -0.8786616496665796
vn 0.7474342425568127 0.38268343236508984 -0.543042764104999
vn 0.9238795325112867 0.38268343236508984 -2.2628522245754005e-16
vn 0.9807852804032304 0.19509032201612833 0
vn 0.7934719596790115 0.19509032201612833 0.5764911234865568
vn 0.3030793194773963 0.19509032201612833 0.9327822320138617
vn -0.3030793194773962 0.19509032201612833 0.9327822320138617
vn -0.7934719596790114 0.19509032201612833 0.576491123486557
vn -0.9807852804032304 0.19509032201612833 1.2011155542966555e-16
vn -0.7934719596790115 0.19509032201612833 -0.5764911234865567
vn -0.3030793194773964 0.19509032201612833 -0.9327822320138617
vn 0.3030793194773961 0.19509032201612833 -0.9327822320138617
vn 0.7934719596790114 0.19509032201612833 -0.5764911234865571
vn 0.9807852804032304 0.19509032201612833 -2.402231108593311e-16
vn 1 6.123233995736766e-17 0
vn 0.8090169943749475 6.123233995736766e-17 0.5877852522924731
vn 0.30901699437494745 6.123233995736766e-17 0.9510565162951535
vn -0.30901699437494734 6.123233995736766e-17 0.9510565162951535
vn -0.8090169943749473 6.123233995736766e-17 0.5877852522924732
vn -1 6.123233995736766e-17 1.2246467991473532e-16
vn -0.8090169943749475 6.123233995736766e-17 -0.587785252292473
vn -0.30901699437494756 6.123233995736766e-17 -0.9510565162951535
vn 0.30901699437494723 6.123233995736766e-17 -0.9510565162951535
vn 0.8090169943749473 6.123233995736766e-17 -0.5877852522924734
vn 1 6.123233995736766e-17 -2.4492935982947064e-16
vn 0 -1 0
vn -0.5773502691896257 -0.5773502691896257 -0.5773502691896257
vn -0.5773502691896257 -0.5773502691896257 0.5773502691896257
vn -0.5773502691896257 0.5773502691896257 -0.5773502691896257
vn -0.5773502691896257 0.5773502691896257 0.5773502691896257
vn 0.5773502691896257 -0.5773502691896257 -0.5773502691896257
vn 0.5773502691896257 -0.5773502691896257 0.5773502691896257
vn 0.5773502691896257 0.5773502691896257 -0.5773502691896257
vn 0.5773502691896257 0.5773502691896257 0.5773502691896257
vn 0 -0.35682208977308993 -0.9341723589627158
vn 0 -0.35682208977308993 0.9341723589627158
vn 0 0.35682208977308993 -0.9341723589627158
vn 0 0.35682208977308993 0.9341723589627158
vn -0.35682208977308993 -0.9341723589627158 0
vn -0.35682208977308993 0.9341723589627158 0
vn 0.35682208977308993 -0.9341723589627158 0
vn 0.35682208977308993 0.9341723589627158 0
vn -0.9341723589627158 0 -0.35682208977308993
vn -0.9341723589627158 0 0.35682208977308993
vn 0.9341723589627158 0 -0.35682208977308993
vn 0.9341723589627158 0 0.35682208977308993
vn 0 -1 0
vn 0 -1 0
vn 0 -1 0
vn 0 -1 0
vn 0 -1 0
vn 0 -1 0
vn 0 -1 0
vn 0 1 0
vn 0 1 0
vn 0 1 0
vn 0 1 0
vn 0 1 0
vn 0 1 0
vn 0 1 0
vn 0 -1 0
vn 0 1 0
vn 0 1 0
vn 0 1 0
vn 0 1 0
vn 0 1 0
vn 0 1 0
vn 0 1 0
vn 0 1 0
vn 0 1 0
vn 0 1 0
vn 0 1 0
vn 0 1 0
vn 0.19509032201612825 0.9807852804032303 0
vn 0.1578313859491287 0.9807852804032303 0.11467121414606977
vn 0.06028622494106459 0.9807852804032303 0.18554192201955863
vn -0.060286224941064566 0.9807852804032303 0.18554192201955866
vn -0.15783138594912868 0.9807852804032303 0.11467121414606979
vn -0.19509032201612825 0.9807852804032303 2.389167384016779e-17
vn -0.1578313859491287 0.9807852804032303 -0.11467121414606975
vn -0.060286224941064614 0.9807852804032303 -0.18554192201955863
vn 0.060286224941064545 0.9807852804032303 -0.18554192201955866
vn 0.15783138594912868 0.9807852804032303 -0.11467121414606982
vn 0.19509032201612825 0.9807852804032303 -4.778334768033558e-17
vn 0.3826834323650898 0.9238795325112868 0
vn 0.30959740024909344 0.9238795325112868 0.22493567784086385
vn 0.11825568406654853 0.9238795325112868 0.3639535720290143
vn -0.11825568406654849 0.9238795325112868 0.36395357202901435
vn -0.3095974002490934 0.9238795325112868 0.2249356778408639
vn -0.3826834323650898 0.9238795325112868 4.6865204053262986e-17
vn -0.30959740024909344 0.9238795325112868 -0.22493567784086382
vn -0.11825568406654857 0.9238795325112868 -0.3639535720290143
vn 0.11825568406654846 0.9238795325112868 -0.36395357202901435
vn 0.3095974002490934 0.9238795325112868 -0.22493567784086396
vn 0.3826834323650898 0.9238795325112868 -9.373040810652597e-17
vn 0.5555702330196022 0.8314696123025452 0
vn 0.44946576008170774 0.8314696123025452 0.32655598958161497
vn 0.17168064357190665 0.8314696123025452 0.5283786903729095
vn -0.1716806435719066 0.8314696123025452 0.5283786903729096
vn -0.4494657600817077 0.8314696123025452 0.326555989581615
vn -0.5555702330196022 0.8314696123025452 6.80377307569005e-17
vn -0.44946576008170774 0.8314696123025452 -0.3265559895816149
vn -0.1716806435719067 0.8314696123025452 -0.5283786903729095
vn 0.17168064357190652 0.8314696123025452 -0.5283786903729096
vn 0.4494657600817077 0.8314696123025452 -0.3265559895816151
vn 0.5555702330196022 0.8314696123025452 -1.36075461513801e-16
vn 0.7071067811865475 0.7071067811865476 0
vn 0.5720614028176843 0.7071067811865476 0.4156269377774534
vn 0.21850801222441055 0.7071067811865476 0.6724985119639573
vn -0.21850801222441046 0.7071067811865476 0.6724985119639573
vn -0.5720614028176841 0.7071067811865476 0.41562693777745346
vn -0.7071067811865475 0.7071067811865476 8.659560562354932e-17
vn -0.5720614028176843 0.7071067811865476 -0.4156269377774533
vn -0.2185080122244106 0.7071067811865476 -0.6724985119639573
vn 0.21850801222441038 0.7071067811865476 -0.6724985119639573
vn 0.5720614028176841 0.7071067811865476 -0.4156269377774536
vn 0.7071067811865475 0.7071067811865476 -1.7319121124709863e-16
vn 0.8314696123025452 0.5555702330196023 0
vn 0.672673046659108 0.5555702330196023 0.48872557584077636
vn 0.25693824050783537 0.5555702330196023 0.7907745928817406
vn -0.25693824050783526 0.5555702330196023 0.7907745928817407
vn -0.6726730466591079 0.5555702330196023 0.48872557584077647
vn -0.8314696123025452 0.5555702330196023 1.0182565992946029e-16
vn -0.672673046659108 0.5555702330196023 -0.4887255758407763
vn -0.2569382405078354 0.5555702330196023 -0.7907745928817406
vn 0.25693824050783515 0.5555702330196023 -0.7907745928817407
vn 0.6726730466591079 0.5555702330196023 -0.4887255758407766
vn 0.8314696123025452 0.5555702330196023 -2.0365131985892058e-16
vn 0.9238795325112867 0.38268343236508984 0
vn 0.7474342425568128 0.38268343236508984 0.5430427641049989
vn 0.28549447630116936 0.38268343236508984 0.8786616496665794
vn -0.28549447630116925 0.38268343236508984 0.8786616496665796
vn -0.7474342425568127 0.38268343236508984 0.543042764104999
vn -0.9238795325112867 0.38268343236508984 1.1314261122877003e-16
vn -0.7474342425568128 0.38268343236508984 -0.5430427641049987
vn -0.2854944763011695 0.38268343236508984 -0.8786616496665794
vn 0.28549447630116914 0.38268343236508984 -0.8786616496665796
vn 0.7474342425568127 0.38268343236508984 -0.543042764104999
vn 0.9238795325112867 0.38268343236508984 -2.2628522245754005e-16
vn 0.9807852804032304 0.19509032201612833 0
vn 0.7934719596790115 0.19509032201612833 0.5764911234865568
vn 0.3030793194773963 0.19509032201612833 0.9327822320138617
vn -0.3030793194773962 0.19509032201612833 0.9327822320138617
vn -0.7934719596790114 0.19509032201612833 0.576491123486557
vn -0.9807852804032304 0.19509032201612833 1.2011155542966555e-16
vn -0.7934719596790115 0.19509032201612833 -0.5764911234865567
vn -0.3030793194773964 0.19509032201612833 -0.9327822320138617
vn 0.3030793194773961 0.19509032201612833 -0.9327822320138617
vn 0.7934719596790114 0.19509032201612833 -0.5764911234865571
vn 0.9807852804032304 0.19509032201612833 -2.402231108593311e-16
vn 1 6.123233995736766e-17 0
vn 0.8090169943749475 6.123233995736766e-17 0.5877852522924731
vn 0.30901699437494745 6.123233995736766e-17 0.9510565162951535
vn -0.30901699437494734 6.123233995736766e-17 0.9510565162951535
vn -0.8090169943749473 6.123233995736766e-17 0.5877852522924732
vn -1 6.123233995736766e-17 1.2246467991473532e-16
vn -0.8090169943749475 6.123233995736766e-17 -0.587785252292473
vn -0.30901699437494756 6.123233995736766e-17 -0.9510565162951535
vn 0.30901699437494723 6.123233995736766e-17 -0.9510565162951535
vn 0.8090169943749473 6.123233995736766e-17 -0.5877852522924734
vn 1 6.123233995736766e-17 -2.4492935982947064e-16
vn 0 -1 0
vn -0.5773502691896257 -0.5773502691896257 -0.5773502691896257
vn -0.5773502691896257 -0.5773502691896257 0.5773502691896257
vn -0.5773502691896257 0.5773502691896257 -0.5773502691896257
vn -0.5773502691896257 0.5773502691896257 0.5773502691896257
vn 0.5773502691896257 -0.5773502691896257 -0.5773502691896257
vn 0.5773502691896257 -0.5773502691896257 0.5773502691896257
vn 0.5773502691896257 0.5773502691896257 -0.5773502691896257
vn 0.5773502691896257 0.5773502691896257 0.5773502691896257
vn 0 -0.35682208977308993 -0.9341723589627158
vn 0 -0.35682208977308993 0.9341723589627158
vn 0 0.35682208977308993 -0.9341723589627158
vn 0 0.35682208977308993 0.9341723589627158
vn -0.35682208977308993 -0.9341723589627158 0
vn -0.35682208977308993 0.9341723589627158 0
vn 0.35682208977308993 -0.9341723589627158 0
vn 0.35682208977308993 0.9341723589627158 0
vn -0.9341723589627158 0 -0.35682208977308993
vn -0.9341723589627158 0 0.35682208977308993
vn 0.9341723589627158 0 -0.35682208977308993
vn 0.9341723589627158 0 0.35682208977308993
vn 0 -1 0
vn 0 -1 0
vn 0 -1 0
vn 0 -1 0
vn 0 -1 0
vn 0 -1 0
vn 0 -1 0
vn 0 1 0
vn 0 1 0
vn 0 1 0
vn 0 1 0
vn 0 1 0
vn 0 1 0
vn 0 1 0
vn 0 -1 0
vn 0 1 0
vn 0 1 0
vn 0 1 0
vn 0 1 0
vn 0 1 0
vn 0 1 0
vn 0 1 0
vn 0 1 0
vn 0 1 0
vn 0 1 0
vn 0 1 0
vn 0 1 0
vn 0.19509032201612825 0.9807852804032303 0
vn 0.1578313859491287 0.9807852804032303 0.11467121414606977
vn 0.06028622494106459 0.9807852804032303 0.18554192201955863
vn -0.060286224941064566 0.9807852804032303 0.18554192201955866
vn -0.15783138594912868 0.9807852804032303 0.11467121414606979
vn -0.19509032201612825 0.9807852804032303 2.389167384016779e-17
vn -0.1578313859491287 0.9807852804032303 -0.11467121414606975
vn -0.060286224941064614 0.9807852804032303 -0.18554192201955863
vn 0.060286224941064545 0.9807852804032303 -0.18554192201955866
vn 0.15783138594912868 0.9807852804032303 -0.11467121414606982
vn 0.19509032201612825 0.9807852804032303 -4.778334768033558e-17
vn 0.3826834323650898 0.9238795325112868 0
vn 0.30959740024909344 0.9238795325112868 0.22493567784086385
vn 0.11825568406654853 0.9238795325112868 0.3639535720290143
vn -0.11825568406654849 0.9238795325112868 0.36395357202901435
vn -0.3095974002490934 0.9238795325112868 0.2249356778408639
vn -0.3826834323650898 0.9238795325112868 4.6865204053262986e-17
vn -0.30959740024909344 0.9238795325112868 -0.22493567784086382
vn -0.11825568406654857 0.9238795325112868 -0.3639535720290143
vn 0.11825568406654846 0.9238795325112868 -0.36395357202901435
vn 0.3095974002490934 0.9238795325112868 -0.22493567784086396
vn 0.3826834323650898 0.9238795325112868 -9.373040810652597e-17
vn 0.5555702330196022 0.8314696123025452 0
vn 0.44946576008170774 0.8314696123025452 0.32655598958161497
vn 0.17168064357190665 0.8314696123025452 0.5283786903729095
vn -0.1716806435719066 0.8314696123025452 0.5283786903729096
vn -0.4494657600817077 0.8314696123025452 0.326555989581615
vn -0.5555702330196022 0.8314696123025452 6.80377307569005e-17
vn -0.44946576008170774 0.8314696123025452 -0.3265559895816149
vn -0.1716806435719067 0.8314696123025452 -0.5283786903729095
vn 0.17168064357190652 0.8314696123025452 -0.5283786903729096
vn 0.4494657600817077 0.8314696123025452 -0.3265559895816151
vn 0.5555702330196022 0.8314696123025452 -1.36075461513801e-16
vn 0.7071067811865475 0.7071067811865476 0
vn 0.5720614028176843 0.7071067811865476 0.4156269377774534
vn 0.21850801222441055 0.7071067811865476 0.6724985119639573
vn -0.21850801222441046 0.7071067811865476 0.6724985119639573
vn -0.5720614028176841 0.7071067811865476 0.41562693777745346
vn -0.7071067811865475 0.7071067811865476 8.659560562354932e-17
vn -0.5720614028176843 0.7071067811865476 -0.4156269377774533
vn -0.2185080122244106 0.7071067811865476 -0.6724985119639573
vn 0.21850801222441038 0.7071067811865476 -0.6724985119639573
vn 0.5720614028176841 0.7071067811865476 -0.4156269377774536
vn 0.7071067811865475 0.7071067811865476 -1.7319121124709863e-16
vn 0.8314696123025452 0.5555702330196023 0
vn 0.672673046659108 0.5555702330196023 0.48872557584077636
vn 0.25693824050783537 0.5555702330196023 0.7907745928817406
vn -0.25693824050783526 0.5555702330196023 0.7907745928817407
vn -0.6726730466591079 0.5555702330196023 0.48872557584077647
vn -0.8314696123025452 0.5555702330196023 1.0182565992946029e-16
vn -0.672673046659108 0.5555702330196023 -0.4887255758407763
vn -0.2569382405078354 0.5555702330196023 -0.7907745928817406
vn 0.25693824050783515 0.5555702330196023 -0.7907745928817407
vn 0.6726730466591079 0.5555702330196023 -0.4887255758407766
vn 0.8314696123025452 0.5555702330196023 -2.0365131985892058e-16
vn 0.9238795325112867 0.38268343236508984 0
vn 0.7474342425568128 0.38268343236508984 0.5430427641049989
vn 0.28549447630116936 0.38268343236508984 0.8786616496665794
vn -0.28549447630116925 0.38268343236508984 0.8786616496665796
vn -0.7474342425568127 0.38268343236508984 0.543042764104999
vn -0.9238795325112867 0.38268343236508984 1.1314261122877003e-16
vn -0.7474342425568128 0.38268343236508984 -0.5430427641049987
vn -0.2854944763011695 0.38268343236508984 -0.8786616496665794
vn 0.28549447630116914 0.38268343236508984 -0.8786616496665796
vn 0.7474342425568127 0.38268343236508984 -0.543042764104999
vn 0.9238795325112867 0.38268343236508984 -2.2628522245754005e-16
vn 0.9807852804032304 0.19509032201612833 0
vn 0.7934719596790115 0.19509032201612833 0.5764911234865568
vn 0.3030793194773963 0.19509032201612833 0.9327822320138617
vn -0.3030793194773962 0.19509032201612833 0.9327822320138617
vn -0.7934719596790114 0.19509032201612833 0.576491123486557
vn -0.9807852804032304 0.19509032201612833 1.2011155542966555e-16
vn -0.7934719596790115 0.19509032201612833 -0.5764911234865567
vn -0.3030793194773964 0.19509032201612833 -0.9327822320138617
vn 0.3030793194773961 0.19509032201612833 -0.9327822320138617
vn 0.7934719596790114 0.19509032201612833 -0.5764911234865571
vn 0.9807852804032304 0.19509032201612833 -2.402231108593311e-16
vn 1 6.123233995736766e-17 0
vn 0.8090169943749475 6.123233995736766e-17 0.5877852522924731
vn 0.30901699437494745 6.123233995736766e-17 0.9510565162951535
vn -0.30901699437494734 6.123233995736766e-17 0.9510565162951535
vn -0.8090169943749473 6.123233995736766e-17 0.5877852522924732
vn -1 6.123233995736766e-17 1.2246467991473532e-16
vn -0.8090169943749475 6.123233995736766e-17 -0.587785252292473
vn -0.30901699437494756 6.123233995736766e-17 -0.9510565162951535
vn 0.30901699437494723 6.123233995736766e-17 -0.9510565162951535
vn 0.8090169943749473 6.123233995736766e-17 -0.5877852522924734
vn 1 6.123233995736766e-17 -2.4492935982947064e-16
vn 0 -1 0
vn -0.5773502691896257 -0.5773502691896257 -0.5773502691896257
vn -0.5773502691896257 -0.5773502691896257 0.5773502691896257
vn -0.5773502691896257 0.5773502691896257 -0.5773502691896257
vn -0.5773502691896257 0.5773502691896257 0.5773502691896257
vn 0.5773502691896257 -0.5773502691896257 -0.5773502691896257
vn 0.5773502691896257 -0.5773502691896257 0.5773502691896257
vn 0.5773502691896257 0.5773502691896257 -0.5773502691896257
vn 0.5773502691896257 0.5773502691896257 0.5773502691896257
vn 0 -0.35682208977308993 -0.9341723589627158
vn 0 -0.35682208977308993 0.9341723589627158
vn 0 0.35682208977308993 -0.9341723589627158
vn 0 0.35682208977308993 0.9341723589627158
vn -0.35682208977308993 -0.9341723589627158 0
vn -0.35682208977308993 0.9341723589627158 0
vn 0.35682208977308993 -0.9341723589627158 0
vn 0.35682208977308993 0.9341723589627158 0
vn -0.9341723589627158 0 -0.35682208977308993
vn -0.9341723589627158 0 0.35682208977308993
vn 0.9341723589627158 0 -0.35682208977308993
vn 0.9341723589627158 0 0.35682208977308993
vn 0 -1 0
vn 0 -1 0
vn 0 -1 0
vn 0 -1 0
vn 0 -1 0
vn 0 -1 0
vn 0 -1 0
vn 0 1 0
vn 0 1 0
vn 0 1 0
vn 0 1 0
vn 0 1 0
vn 0 1 0
vn 0 1 0
vn 0 -1 0
vn 0 1 0
vn 0 1 0
vn 0 1 0
vn 0 1 0
vn 0 1 0
vn 0 1 0
vn 0 1 0
vn 0 1 0
vn 0 1 0
vn 0 1 0
vn 0 1 0
vn 0 1 0
vn 0.19509032201612825 0.9807852804032303 0
vn 0.1578313859491287 0.9807852804032303 0.11467121414606977
vn 0.06028622494106459 0.9807852804032303 0.18554192201955863
vn -0.060286224941064566 0.9807852804032303 0.18554192201955866
vn -0.15783138594912868 0.9807852804032303 0.11467121414606979
vn -0.19509032201612825 0.9807852804032303 2.389167384016779e-17
vn -0.1578313859491287 0.9807852804032303 -0.11467121414606975
vn -0.060286224941064614 0.9807852804032303 -0.18554192201955863
vn 0.060286224941064545 0.9807852804032303 -0.18554192201955866
vn 0.15783138594912868 0.9807852804032303 -0.11467121414606982
vn 0.19509032201612825 0.9807852804032303 -4.778334768033558e-17
vn 0.3826834323650898 0.9238795325112868 0
vn 0.30959740024909344 0.9238795325112868 0.22493567784086385
vn 0.11825568406654853 0.9238795325112868 0.3639535720290143
vn -0.11825568406654849 0.9238795325112868 0.36395357202901435
vn -0.3095974002490934 0.9238795325112868 0.2249356778408639
vn -0.3826834323650898 0.9238795325112868 4.6865204053262986e-17
vn -0.30959740024909344 0.9238795325112868 -0.22493567784086382
vn -0.11825568406654857 0.9238795325112868 -0.3639535720290143
vn 0.11825568406654846 0.9238795325112868 -0.36395357202901435
vn 0.3095974002490934 0.9238795325112868 -0.22493567784086396
vn 0.3826834323650898 0.9238795325112868 -9.373040810652597e-17
vn 0.5555702330196022 0.8314696123025452 0
vn 0.44946576008170774 0.8314696123025452 0.32655598958161497
vn 0.17168064357190665 0.8314696123025452 0.5283786903729095
vn -0.1716806435719066 0.8314696123025452 0.5283786903729096
vn -0.4494657600817077 0.8314696123025452 0.326555989581615
vn -0.5555702330196022 0.8314696123025452 6.80377307569005e-17
vn -0.44946576008170774 0.8314696123025452 -0.3265559895816149
vn -0.1716806435719067 0.8314696123025452 -0.5283786903729095
vn 0.17168064357190652 0.8314696123025452 -0.5283786903729096
vn 0.4494657600817077 0.8314696123025452 -0.3265559895816151
vn 0.5555702330196022 0.8314696123025452 -1.36075461513801e-16
vn 0.7071067811865475 0.7071067811865476 0
vn 0.5720614028176843 0.7071067811865476 0.4156269377774534
vn 0.21850801222441055 0.7071067811865476 0.6724985119639573
vn -0.21850801222441046 0.7071067811865476 0.6724985119639573
vn -0.5720614028176841 0.7071067811865476 0.41562693777745346
vn -0.7071067811865475 0.7071067811865476 8.659560562354932e-17
vn -0.5720614028176843 0.7071067811865476 -0.4156269377774533
vn -0.2185080122244106 0.7071067811865476 -0.6724985119639573
vn 0.21850801222441038 0.7071067811865476 -0.6724985119639573
vn 0.5720614028176841 0.7071067811865476 -0.4156269377774536
vn 0.7071067811865475 0.7071067811865476 -1.7319121124709863e-16
vn 0.8314696123025452 0.5555702330196023 0
vn 0.672673046659108 0.5555702330196023 0.48872557584077636
vn 0.25693824050783537 0.5555702330196023 0.7907745928817406
vn -0.25693824050783526 0.5555702330196023 0.7907745928817407
vn -0.6726730466591079 0.5555702330196023 0.48872557584077647
vn -0.8314696123025452 0.5555702330196023 1.0182565992946029e-16
vn -0.672673046659108 0.5555702330196023 -0.4887255758407763
vn -0.2569382405078354 0.5555702330196023 -0.7907745928817406
vn 0.25693824050783515 0.5555702330196023 -0.7907745928817407
vn 0.6726730466591079 0.5555702330196023 -0.4887255758407766
vn 0.8314696123025452 0.5555702330196023 -2.0365131985892058e-16
vn 0.9238795325112867 0.38268343236508984 0
vn 0.7474342425568128 0.38268343236508984 0.5430427641049989
vn 0.28549447630116936 0.38268343236508984 0.8786616496665794
vn -0.28549447630116925 0.38268343236508984 0.8786616496665796
vn -0.7474342425568127 0.38268343236508984 0.543042764104999
vn -0.9238795325112867 0.38268343236508984 1.1314261122877003e-16
vn -0.7474342425568128 0.38268343236508984 -0.5430427641049987
vn -0.2854944763011695 0.38268343236508984 -0.8786616496665794
vn 0.28549447630116914 0.38268343236508984 -0.8786616496665796
vn 0.7474342425568127 0.38268343236508984 -0.543042764104999
vn 0.9238795325112867 0.38268343236508984 -2.2628522245754005e-16
vn 0.9807852804032304 0.19509032201612833 0
vn 0.7934719596790115 0.19509032201612833 0.5764911234865568
vn 0.3030793194773963 0.19509032201612833 0.9327822320138617
vn -0.3030793194773962 0.19509032201612833 0.9327822320138617
vn -0.7934719596790114 0.19509032201612833 0.576491123486557
vn -0.9807852804032304 0.19509032201612833 1.2011155542966555e-16
vn -0.7934719596790115 0.19509032201612833 -0.5764911234865567
vn -0.3030793194773964 0.19509032201612833 -0.9327822320138617
vn 0.3030793194773961 0.19509032201612833 -0.9327822320138617
vn 0.7934719596790114 0.19509032201612833 -0.5764911234865571
vn 0.9807852804032304 0.19509032201612833 -2.402231108593311e-16
vn 1 6.123233995736766e-17 0
vn 0.8090169943749475 6.123233995736766e-17 0.5877852522924731
vn 0.30901699437494745 6.123233995736766e-17 0.9510565162951535
vn -0.30901699437494734 6.123233995736766e-17 0.9510565162951535
vn -0.8090169943749473 6.123233995736766e-17 0.5877852522924732
vn -1 6.123233995736766e-17 1.2246467991473532e-16
vn -0.8090169943749475 6.123233995736766e-17 -0.587785252292473
vn -0.30901699437494756 6.123233995736766e-17 -0.9510565162951535
vn 0.30901699437494723 6.123233995736766e-17 -0.9510565162951535
vn 0.8090169943749473 6.123233995736766e-17 -0.5877852522924734
vn 1 6.123233995736766e-17 -2.4492935982947064e-16
vn 0 -1 0
vn -0.5773502691896257 -0.5773502691896257 -0.5773502691896257
vn -0.5773502691896257 -0.5773502691896257 0.5773502691896257
vn -0.5773502691896257 0.5773502691896257 -0.5773502691896257
vn -0.5773502691896257 0.5773502691896257 0.5773502691896257
vn 0.5773502691896257 -0.5773502691896257 -0.5773502691896257
vn 0.5773502691896257 -0.5773502691896257 0.5773502691896257
vn 0.5773502691896257 0.5773502691896257 -0.5773502691896257
vn 0.5773502691896257 0.5773502691896257 0.5773502691896257
vn 0 -0.35682208977308993 -0.9341723589627158
vn 0 -0.35682208977308993 0.9341723589627158
vn 0 0.35682208977308993 -0.9341723589627158
vn 0 0.35682208977308993 0.9341723589627158
vn -0.35682208977308993 -0.9341723589627158 0
vn -0.35682208977308993 0.9341723589627158 0
vn 0.35682208977308993 -0.9341723589627158 0
vn 0.35682208977308993 0.9341723589627158 0
vn -0.9341723589627158 0 -0.35682208977308993
vn -0.9341723589627158 0 0.35682208977308993
vn 0.9341723589627158 0 -0.35682208977308993
vn 0.9341723589627158 0 0.35682208977308993
vn 0 -1 0
vn 0 -1 0
vn 0 -1 0
vn 0 -1 0
vn 0 -1 0
vn 0 -1 0
vn 0 -1 0
vn 0 1 0
vn 0 1 0
vn 0 1 0
vn 0 1 0
vn 0 1 0
vn 0 1 0
vn 0 1 0
vn 0 -1 0
vn 0 1 0
vn 0 1 0
vn 0 1 0
vn 0 1 0
vn 0 1 0
vn 0 1 0
vn 0 1 0
vn 0 1 0
vn 0 1 0
vn 0 1 0
vn 0 1 0
vn 0 1 0
vn 0.19509032201612825 0.9807852804032303 0
vn 0.1578313859491287 0.9807852804032303 0.11467121414606977
vn 0.06028622494106459 0.9807852804032303 0.18554192201955863
vn -0.060286224941064566 0.9807852804032303 0.18554192201955866
vn -0.15783138594912868 0.9807852804032303 0.11467121414606979
vn -0.19509032201612825 0.9807852804032303 2.389167384016779e-17
vn -0.1578313859491287 0.9807852804032303 -0.11467121414606975
vn -0.060286224941064614 0.9807852804032303 -0.18554192201955863
vn 0.060286224941064545 0.9807852804032303 -0.18554192201955866
vn 0.15783138594912868 0.9807852804032303 -0.11467121414606982
vn 0.19509032201612825 0.9807852804032303 -4.778334768033558e-17
vn 0.3826834323650898 0.9238795325112868 0
vn 0.30959740024909344 0.9238795325112868 0.22493567784086385
vn 0.11825568406654853 0.9238795325112868 0.3639535720290143
vn -0.11825568406654849 0.9238795325112868 0.36395357202901435
vn -0.3095974002490934 0.9238795325112868 0.2249356778408639
vn -0.3826834323650898 0.9238795325112868 4.6865204053262986e-17
vn -0.30959740024909344 0.9238795325112868 -0.22493567784086382
vn -0.11825568406654857 0.9238795325112868 -0.3639535720290143
vn 0.11825568406654846 0.9238795325112868 -0.36395357202901435
vn 0.3095974002490934 0.9238795325112868 -0.22493567784086396
vn 0.3826834323650898 0.9238795325112868 -9.373040810652597e-17
vn 0.5555702330196022 0.8314696123025452 0
vn 0.44946576008170774 0.8314696123025452 0.32655598958161497
vn 0.17168064357190665 0.8314696123025452 0.5283786903729095
vn -0.1716806435719066 0.8314696123025452 0.5283786903729096
vn -0.4494657600817077 0.8314696123025452 0.326555989581615
vn -0.5555702330196022 0.8314696123025452 6.80377307569005e-17
vn -0.44946576008170774 0.8314696123025452 -0.3265559895816149
vn -0.1716806435719067 0.8314696123025452 -0.5283786903729095
vn 0.17168064357190652 0.8314696123025452 -0.5283786903729096
vn 0.4494657600817077 0.8314696123025452 -0.3265559895816151
vn 0.5555702330196022 0.8314696123025452 -1.36075461513801e-16
vn 0.7071067811865475 0.7071067811865476 0
vn 0.5720614028176843 0.7071067811865476 0.4156269377774534
vn 0.21850801222441055 0.7071067811865476 0.6724985119639573
vn -0.21850801222441046 0.7071067811865476 0.6724985119639573
vn -0.5720614028176841 0.7071067811865476 0.41562693777745346
vn -0.7071067811865475 0.7071067811865476 8.659560562354932e-17
vn -0.5720614028176843 0.7071067811865476 -0.4156269377774533
vn -0.2185080122244106 0.7071067811865476 -0.6724985119639573
vn 0.21850801222441038 0.7071067811865476 -0.6724985119639573
vn 0.5720614028176841 0.7071067811865476 -0.4156269377774536
vn 0.7071067811865475 0.7071067811865476 -1.7319121124709863e-16
vn 0.8314696123025452 0.5555702330196023 0
vn 0.672673046659108 0.5555702330196023 0.48872557584077636
vn 0.25693824050783537 0.5555702330196023 0.7907745928817406
vn -0.25693824050783526 0.5555702330196023 0.7907745928817407
vn -0.6726730466591079 0.5555702330196023 0.48872557584077647
vn -0.8314696123025452 0.5555702330196023 1.0182565992946029e-16
vn -0.672673046659108 0.5555702330196023 -0.4887255758407763
vn -0.2569382405078354 0.5555702330196023 -0.7907745928817406
vn 0.25693824050783515 0.5555702330196023 -0.7907745928817407
vn 0.6726730466591079 0.5555702330196023 -0.4887255758407766
vn 0.8314696123025452 0.5555702330196023 -2.0365131985892058e-16
vn 0.9238795325112867 0.38268343236508984 0
vn 0.7474342425568128 0.38268343236508984 0.5430427641049989
vn 0.28549447630116936 0.38268343236508984 0.8786616496665794
vn -0.28549447630116925 0.38268343236508984 0.8786616496665796
vn -0.7474342425568127 0.38268343236508984 0.543042764104999
vn -0.9238795325112867 0.38268343236508984 1.1314261122877003e-16
vn -0.7474342425568128 0.38268343236508984 -0.5430427641049987
vn -0.2854944763011695 0.38268343236508984 -0.8786616496665794
vn 0.28549447630116914 0.38268343236508984 -0.8786616496665796
vn 0.7474342425568127 0.38268343236508984 -0.543042764104999
vn 0.9238795325112867 0.38268343236508984 -2.2628522245754005e-16
vn 0.9807852804032304 0.19509032201612833 0
vn 0.7934719596790115 0.19509032201612833 0.5764911234865568
vn 0.3030793194773963 0.19509032201612833 0.9327822320138617
vn -0.3030793194773962 0.19509032201612833 0.9327822320138617
vn -0.7934719596790114 0.19509032201612833 0.576491123486557
vn -0.9807852804032304 0.19509032201612833 1.2011155542966555e-16
vn -0.7934719596790115 0.19509032201612833 -0.5764911234865567
vn -0.3030793194773964 0.19509032201612833 -0.9327822320138617
vn 0.3030793194773961 0.19509032201612833 -0.9327822320138617
vn 0.7934719596790114 0.19509032201612833 -0.5764911234865571
vn 0.9807852804032304 0.19509032201612833 -2.402231108593311e-16
vn 1 6.123233995736766e-17 0
vn 0.8090169943749475 6.123233995736766e-17 0.5877852522924731
vn 0.30901699437494745 6.123233995736766e-17 0.9510565162951535
vn -0.30901699437494734 6.123233995736766e-17 0.9510565162951535
vn -0.8090169943749473 6.123233995736766e-17 0.5877852522924732
vn -1 6.123233995736766e-17 1.2246467991473532e-16
vn -0.8090169943749475 6.123233995736766e-17 -0.587785252292473
vn -0.30901699437494756 6.123233995736766e-17 -0.9510565162951535
vn 0.30901699437494723 6.123233995736766e-17 -0.9510565162951535
vn 0.8090169943749473 6.123233995736766e-17 -0.5877852522924734
vn 1 6.123233995736766e-17 -2.4492935982947064e-16
vn 0 -1 0
vn -0.5773502691896257 -0.5773502691896257 -0.5773502691896257
vn -0.5773502691896257 -0.5773502691896257 0.5773502691896257
vn -0.5773502691896257 0.5773502691896257 -0.5773502691896257
vn -0.5773502691896257 0.5773502691896257 0.5773502691896257
vn 0.5773502691896257 -0.5773502691896257 -0.5773502691896257
vn 0.5773502691896257 -0.5773502691896257 0.5773502691896257
vn 0.5773502691896257 0.5773502691896257 -0.5773502691896257
vn 0.5773502691896257 0.5773502691896257 0.5773502691896257
vn 0 -0.35682208977308993 -0.9341723589627158
vn 0 -0.35682208977308993 0.9341723589627158
vn 0 0.35682208977308993 -0.9341723589627158
vn 0 0.35682208977308993 0.9341723589627158
vn -0.35682208977308993 -0.9341723589627158 0
vn -0.35682208977308993 0.9341723589627158 0
vn 0.35682208977308993 -0.9341723589627158 0
vn 0.35682208977308993 0.9341723589627158 0
vn -0.9341723589627158 0 -0.35682208977308993
vn -0.9341723589627158 0 0.35682208977308993
vn 0.9341723589627158 0 -0.35682208977308993
vn 0.9341723589627158 0 0.35682208977308993
vn 0 -1 0
vn 0 -1 0
vn 0 -1 0
vn 0 -1 0
vn 0 -1 0
vn 0 -1 0
vn 0 -1 0
vn 0 1 0
vn 0 1 0
vn 0 1 0
vn 0 1 0
vn 0 1 0
vn 0 1 0
vn 0 1 0
vn 0 -1 0
vn 0 1 0
vn 0 1 0
vn 0 1 0
vn 0 1 0
vn 0 1 0
vn 0 1 0
vn 0 1 0
vn 0 1 0
vn 0 1 0
vn 0 1 0
vn 0 1 0
vn 0 1 0
vn 0.19509032201612825 0.9807852804032303 0
vn 0.1578313859491287 0.9807852804032303 0.11467121414606977
vn 0.06028622494106459 0.9807852804032303 0.18554192201955863
vn -0.06028622494106457 0.9807852804032303 0.18554192201955866
vn -0.15783138594912868 0.9807852804032303 0.11467121414606979
vn -0.19509032201612825 0.9807852804032303 2.3891673840167787e-17
vn -0.1578313859491287 0.9807852804032303 -0.11467121414606975
vn -0.060286224941064614 0.9807852804032303 -0.18554192201955863
vn 0.060286224941064545 0.9807852804032303 -0.18554192201955866
vn 0.15783138594912868 0.9807852804032303 -0.11467121414606982
vn 0.19509032201612825 0.9807852804032303 -4.7783347680335573e-17
vn 0.3826834323650898 0.9238795325112868 0
vn 0.30959740024909344 0.9238795325112868 0.22493567784086388
vn 0.11825568406654853 0.9238795325112868 0.3639535720290143
vn -0.1182556840665485 0.9238795325112868 0.36395357202901435
vn -0.3095974002490934 0.9238795325112868 0.22493567784086393
vn -0.3826834323650898 0.9238795325112868 4.6865204053262986e-17
vn -0.30959740024909344 0.9238795325112868 -0.22493567784086382
vn -0.11825568406654857 0.9238795325112868 -0.3639535720290143
vn 0.11825568406654845 0.9238795325112868 -0.36395357202901435
vn 0.3095974002490934 0.9238795325112868 -0.22493567784086396
vn 0.3826834323650898 0.9238795325112868 -9.373040810652597e-17
vn 0.5555702330196022 0.8314696123025452 0
vn 0.44946576008170774 0.8314696123025452 0.32655598958161497
vn 0.17168064357190663 0.8314696123025452 0.5283786903729095
vn -0.1716806435719066 0.8314696123025452 0.5283786903729096
vn -0.44946576008170763 0.8314696123025452 0.326555989581615
vn -0.5555702330196022 0.8314696123025452 6.80377307569005e-17
vn -0.44946576008170774 0.8314696123025452 -0.32655598958161497
vn -0.1716806435719067 0.8314696123025452 -0.5283786903729095
vn 0.17168064357190652 0.8314696123025452 -0.5283786903729096
vn 0.44946576008170763 0.8314696123025452 -0.3265559895816151
vn 0.5555702330196022 0.8314696123025452 -1.36075461513801e-16
vn 0.7071067811865475 0.7071067811865476 0
vn 0.5720614028176843 0.7071067811865476 0.4156269377774534
vn 0.21850801222441055 0.7071067811865476 0.6724985119639573
vn -0.21850801222441046 0.7071067811865476 0.6724985119639573
vn -0.5720614028176841 0.7071067811865476 0.41562693777745346
vn -0.7071067811865475 0.7071067811865476 8.659560562354932e-17
vn -0.5720614028176843 0.7071067811865476 -0.4156269377774533
vn -0.2185080122244106 0.7071067811865476 -0.6724985119639573
vn 0.21850801222441038 0.7071067811865476 -0.6724985119639573
vn 0.5720614028176841 0.7071067811865476 -0.4156269377774535
vn 0.7071067811865475 0.7071067811865476 -1.7319121124709863e-16
vn 0.8314696123025452 0.5555702330196023 0
vn 0.672673046659108 0.5555702330196023 0.48872557584077636
vn 0.25693824050783537 0.5555702330196023 0.7907745928817406
vn -0.25693824050783526 0.5555702330196023 0.7907745928817407
vn -0.6726730466591079 0.5555702330196023 0.48872557584077647
vn -0.8314696123025452 0.5555702330196023 1.0182565992946028e-16
vn -0.672673046659108 0.5555702330196023 -0.4887255758407763
vn -0.2569382405078354 0.5555702330196023 -0.7907745928817406
vn 0.25693824050783515 0.5555702330196023 -0.7907745928817407
vn 0.6726730466591079 0.5555702330196023 -0.4887255758407766
vn 0.8314696123025452 0.5555702330196023 -2.0365131985892056e-16
vn 0.9238795325112868 0.38268343236508984 0
vn 0.7474342425568128 0.38268343236508984 0.5430427641049989
vn 0.28549447630116936 0.38268343236508984 0.8786616496665794
vn -0.28549447630116925 0.38268343236508984 0.8786616496665796
vn -0.7474342425568128 0.38268343236508984 0.543042764104999
vn -0.9238795325112868 0.38268343236508984 1.1314261122877003e-16
vn -0.7474342425568128 0.38268343236508984 -0.5430427641049987
vn -0.2854944763011695 0.38268343236508984 -0.8786616496665794
vn 0.28549447630116914 0.38268343236508984 -0.8786616496665796
vn 0.7474342425568128 0.38268343236508984 -0.543042764104999
vn 0.9238795325112868 0.38268343236508984 -2.2628522245754005e-16
vn 0.9807852804032304 0.19509032201612833 0
vn 0.7934719596790114 0.19509032201612833 0.5764911234865568
vn 0.3030793194773963 0.19509032201612833 0.9327822320138617
vn -0.3030793194773962 0.19509032201612833 0.9327822320138618
vn -0.7934719596790114 0.19509032201612833 0.5764911234865571
vn -0.9807852804032304 0.19509032201612833 1.2011155542966555e-16
vn -0.7934719596790114 0.19509032201612833 -0.5764911234865567
vn -0.3030793194773964 0.19509032201612833 -0.9327822320138617
vn 0.3030793194773961 0.19509032201612833 -0.9327822320138618
vn 0.7934719596790114 0.19509032201612833 -0.5764911234865571
vn 0.9807852804032304 0.19509032201612833 -2.402231108593311e-16
vn 1 6.123233995736766e-17 0
vn 0.8090169943749475 6.123233995736766e-17 0.5877852522924731
vn 0.30901699437494745 6.123233995736766e-17 0.9510565162951535
vn -0.30901699437494734 6.123233995736766e-17 0.9510565162951536
vn -0.8090169943749473 6.123233995736766e-17 0.5877852522924732
vn -1 6.123233995736766e-17 1.2246467991473532e-16
vn -0.8090169943749475 6.123233995736766e-17 -0.587785252292473
vn -0.30901699437494756 6.123233995736766e-17 -0.9510565162951535
vn 0.30901699437494723 6.123233995736766e-17 -0.9510565162951536
vn 0.8090169943749473 6.123233995736766e-17 -0.5877852522924734
vn 1 6.123233995736766e-17 -2.4492935982947064e-16
vn 0 -1 0
vn -0.5773502691896258 -0.5773502691896258 -0.5773502691896258
vn -0.5773502691896258 -0.5773502691896258 0.5773502691896258
vn -0.5773502691896258 0.5773502691896258 -0.5773502691896258
vn -0.5773502691896258 0.5773502691896258 0.5773502691896258
vn 0.5773502691896258 -0.5773502691896258 -0.5773502691896258
vn 0.5773502691896258 -0.5773502691896258 0.5773502691896258
vn 0.5773502691896258 0.5773502691896258 -0.5773502691896258
vn 0.5773502691896258 0.5773502691896258 0.5773502691896258
vn 0 -0.35682208977308993 -0.9341723589627158
vn 0 -0.35682208977308993 0.9341723589627158
vn 0 0.35682208977308993 -0.9341723589627158
vn 0 0.35682208977308993 0.9341723589627158
vn -0.35682208977308993 -0.9341723589627158 0
vn -0.35682208977308993 0.9341723589627158 0
vn 0.35682208977308993 -0.9341723589627158 0
vn 0.35682208977308993 0.9341723589627158 0
vn -0.9341723589627158 0 -0.35682208977308993
vn -0.9341723589627158 0 0.35682208977308993
vn 0.9341723589627158 0 -0.35682208977308993
vn 0.9341723589627158 0 0.35682208977308993
vn 0 -1 0
vn 0 -1 0
vn 0 -1 0
vn 0 -1 0
vn 0 -1 0
vn 0 -1 0
vn 0 -1 0
vn 0 1 0
vn 0 1 0
vn 0 1 0
vn 0 1 0
vn 0 1 0
vn 0 1 0
vn 0 1 0
vn 0 -1 0
vn 0 1 0
vn 0 1 0
vn 0 1 0
vn 0 1 0
vn 0 1 0
vn 0 1 0
vn 0 1 0
vn 0 1 0
vn 0 1 0
vn 0 1 0
vn 0 1 0
vn 0 1 0
vn 0.19509032201612825 0.9807852804032303 0
vn 0.1578313859491287 0.9807852804032303 0.11467121414606977
vn 0.06028622494106459 0.9807852804032303 0.18554192201955863
vn -0.06028622494106457 0.9807852804032303 0.18554192201955866
vn -0.15783138594912868 0.9807852804032303 0.11467121414606979
vn -0.19509032201612825 0.9807852804032303 2.3891673840167787e-17
vn -0.1578313859491287 0.9807852804032303 -0.11467121414606975
vn -0.060286224941064614 0.9807852804032303 -0.18554192201955863
vn 0.060286224941064545 0.9807852804032303 -0.18554192201955866
vn 0.15783138594912868 0.9807852804032303 -0.11467121414606982
vn 0.19509032201612825 0.9807852804032303 -4.7783347680335573e-17
vn 0.3826834323650898 0.9238795325112868 0
vn 0.30959740024909344 0.9238795325112868 0.22493567784086388
vn 0.11825568406654853 0.9238795325112868 0.3639535720290143
vn -0.1182556840665485 0.9238795325112868 0.36395357202901435
vn -0.3095974002490934 0.9238795325112868 0.22493567784086393
vn -0.3826834323650898 0.9238795325112868 4.6865204053262986e-17
vn -0.30959740024909344 0.9238795325112868 -0.22493567784086382
vn -0.11825568406654857 0.9238795325112868 -0.3639535720290143
vn 0.11825568406654845 0.9238795325112868 -0.36395357202901435
vn 0.3095974002490934 0.9238795325112868 -0.22493567784086396
vn 0.3826834323650898 0.9238795325112868 -9.373040810652597e-17
vn 0.5555702330196022 0.8314696123025452 0
vn 0.44946576008170774 0.8314696123025452 0.32655598958161497
vn 0.17168064357190663 0.8314696123025452 0.5283786903729095
vn -0.1716806435719066 0.8314696123025452 0.5283786903729096
vn -0.44946576008170763 0.8314696123025452 0.326555989581615
vn -0.5555702330196022 0.8314696123025452 6.80377307569005e-17
vn -0.44946576008170774 0.8314696123025452 -0.32655598958161497
vn -0.1716806435719067 0.8314696123025452 -0.5283786903729095
vn 0.17168064357190652 0.8314696123025452 -0.5283786903729096
vn 0.44946576008170763 0.8314696123025452 -0.3265559895816151
vn 0.5555702330196022 0.8314696123025452 -1.36075461513801e-16
vn 0.7071067811865475 0.7071067811865476 0
vn 0.5720614028176843 0.7071067811865476 0.4156269377774534
vn 0.21850801222441055 0.7071067811865476 0.6724985119639573
vn -0.21850801222441046 0.7071067811865476 0.6724985119639573
vn -0.5720614028176841 0.7071067811865476 0.41562693777745346
vn -0.7071067811865475 0.7071067811865476 8.659560562354932e-17
vn -0.5720614028176843 0.7071067811865476 -0.4156269377774533
vn -0.2185080122244106 0.7071067811865476 -0.6724985119639573
vn 0.21850801222441038 0.7071067811865476 -0.6724985119639573
vn 0.5720614028176841 0.7071067811865476 -0.4156269377774535
vn 0.7071067811865475 0.7071067811865476 -1.7319121124709863e-16
vn 0.8314696123025452 0.5555702330196023 0
vn 0.672673046659108 0.5555702330196023 0.48872557584077636
vn 0.25693824050783537 0.5555702330196023 0.7907745928817406
vn -0.25693824050783526 0.5555702330196023 0.7907745928817407
vn -0.6726730466591079 0.5555702330196023 0.48872557584077647
vn -0.8314696123025452 0.5555702330196023 1.0182565992946028e-16
vn -0.672673046659108 0.5555702330196023 -0.4887255758407763
vn -0.2569382405078354 0.5555702330196023 -0.7907745928817406
vn 0.25693824050783515 0.5555702330196023 -0.7907745928817407
vn 0.6726730466591079 0.5555702330196023 -0.4887255758407766
vn 0.8314696123025452 0.5555702330196023 -2.0365131985892056e-16
vn 0.9238795325112868 0.38268343236508984 0
vn 0.7474342425568128 0.38268343236508984 0.5430427641049989
vn 0.28549447630116936 0.38268343236508984 0.8786616496665794
vn -0.28549447630116925 0.38268343236508984 0.8786616496665796
vn -0.7474342425568128 0.38268343236508984 0.543042764104999
vn -0.9238795325112868 0.38268343236508984 1.1314261122877003e-16
vn -0.7474342425568128 0.38268343236508984 -0.5430427641049987
vn -0.2854944763011695 0.38268343236508984 -0.8786616496665794
vn 0.28549447630116914 0.38268343236508984 -0.8786616496665796
vn 0.7474342425568128 0.38268343236508984 -0.543042764104999
vn 0.9238795325112868 0.38268343236508984 -2.2628522245754005e-16
vn 0.9807852804032304 0.19509032201612833 0
vn 0.7934719596790114 0.19509032201612833 0.5764911234865568
vn 0.3030793194773963 0.19509032201612833 0.9327822320138617
vn -0.3030793194773962 0.19509032201612833 0.9327822320138618
vn -0.7934719596790114 0.19509032201612833 0.5764911234865571
vn -0.9807852804032304 0.19509032201612833 1.2011155542966555e-16
vn -0.7934719596790114 0.19509032201612833 -0.5764911234865567
vn -0.3030793194773964 0.19509032201612833 -0.9327822320138617
vn 0.3030793194773961 0.19509032201612833 -0.9327822320138618
vn 0.7934719596790114 0.19509032201612833 -0.5764911234865571
vn 0.9807852804032304 0.19509032201612833 -2.402231108593311e-16
vn 1 6.123233995736766e-17 0
vn 0.8090169943749475 6.123233995736766e-17 0.5877852522924731
vn 0.30901699437494745 6.123233995736766e-17 0.9510565162951535
vn -0.30901699437494734 6.123233995736766e-17 0.9510565162951536
vn -0.8090169943749473 6.123233995736766e-17 0.5877852522924732
vn -1 6.123233995736766e-17 1.2246467991473532e-16
vn -0.8090169943749475 6.123233995736766e-17 -0.587785252292473
vn -0.30901699437494756 6.123233995736766e-17 -0.9510565162951535
vn 0.30901699437494723 6.123233995736766e-17 -0.9510565162951536
vn 0.8090169943749473 6.123233995736766e-17 -0.5877852522924734
vn 1 6.123233995736766e-17 -2.4492935982947064e-16
vn 0 -1 0
vn -0.5773502691896258 -0.5773502691896258 -0.5773502691896258
vn -0.5773502691896258 -0.5773502691896258 0.5773502691896258
vn -0.5773502691896258 0.5773502691896258 -0.5773502691896258
vn -0.5773502691896258 0.5773502691896258 0.5773502691896258
vn 0.5773502691896258 -0.5773502691896258 -0.5773502691896258
vn 0.5773502691896258 -0.5773502691896258 0.5773502691896258
vn 0.5773502691896258 0.5773502691896258 -0.5773502691896258
vn 0.5773502691896258 0.5773502691896258 0.5773502691896258
vn 0 -0.35682208977308993 -0.9341723589627158
vn 0 -0.35682208977308993 0.9341723589627158
vn 0 0.35682208977308993 -0.9341723589627158
vn 0 0.35682208977308993 0.9341723589627158
vn -0.35682208977308993 -0.9341723589627158 0
vn -0.35682208977308993 0.9341723589627158 0
vn 0.35682208977308993 -0.9341723589627158 0
vn 0.35682208977308993 0.9341723589627158 0
vn -0.9341723589627158 0 -0.35682208977308993
vn -0.9341723589627158 0 0.35682208977308993
vn 0.9341723589627158 0 -0.35682208977308993
vn 0.9341723589627158 0 0.35682208977308993
vn 0 -1 0
vn 0 -1 0
vn 0 -1 0
vn 0 -1 0
vn 0 -1 0
vn 0 -1 0
vn 0 -1 0
vn 0 1 0
vn 0 1 0
vn 0 1 0
vn 0 1 0
vn 0 1 0
vn 0 1 0
vn 0 1 0
vn 0 -1 0
vn 0 1 0
vn 0 1 0
vn 0 1 0
vn 0 1 0
vn 0 1 0
vn 0 1 0
vn 0 1 0
vn 0 1 0
vn 0 1 0
vn 0 1 0
vn 0 1 0
vn 0 1 0
vn 0.19509032201612825 0.9807852804032303 0
vn 0.1578313859491287 0.9807852804032303 0.11467121414606977
vn 0.06028622494106459 0.9807852804032303 0.18554192201955863
vn -0.06028622494106457 0.9807852804032303 0.18554192201955866
vn -0.15783138594912868 0.9807852804032303 0.11467121414606979
vn -0.19509032201612825 0.9807852804032303 2.3891673840167787e-17
vn -0.1578313859491287 0.9807852804032303 -0.11467121414606975
vn -0.060286224941064614 0.9807852804032303 -0.18554192201955863
vn 0.060286224941064545 0.9807852804032303 -0.18554192201955866
vn 0.15783138594912868 0.9807852804032303 -0.11467121414606982
vn 0.19509032201612825 0.9807852804032303 -4.7783347680335573e-17
vn 0.3826834323650898 0.9238795325112868 0
vn 0.30959740024909344 0.9238795325112868 0.22493567784086388
vn 0.11825568406654853 0.9238795325112868 0.3639535720290143
vn -0.1182556840665485 0.9238795325112868 0.36395357202901435
vn -0.3095974002490934 0.9238795325112868 0.22493567784086393
vn -0.3826834323650898 0.9238795325112868 4.6865204053262986e-17
vn -0.30959740024909344 0.9238795325112868 -0.22493567784086382
vn -0.11825568406654857 0.9238795325112868 -0.3639535720290143
vn 0.11825568406654845 0.9238795325112868 -0.36395357202901435
vn 0.3095974002490934 0.9238795325112868 -0.22493567784086396
vn 0.3826834323650898 0.9238795325112868 -9.373040810652597e-17
vn 0.5555702330196022 0.8314696123025452 0
vn 0.44946576008170774 0.8314696123025452 0.32655598958161497
vn 0.17168064357190663 0.8314696123025452 0.5283786903729095
vn -0.1716806435719066 0.8314696123025452 0.5283786903729096
vn -0.44946576008170763 0.8314696123025452 0.326555989581615
vn -0.5555702330196022 0.8314696123025452 6.80377307569005e-17
vn -0.44946576008170774 0.8314696123025452 -0.32655598958161497
vn -0.1716806435719067 0.8314696123025452 -0.5283786903729095
vn 0.17168064357190652 0.8314696123025452 -0.5283786903729096
vn 0.44946576008170763 0.8314696123025452 -0.3265559895816151
vn 0.5555702330196022 0.8314696123025452 -1.36075461513801e-16
vn 0.7071067811865475 0.7071067811865476 0
vn 0.5720614028176843 0.7071067811865476 0.4156269377774534
vn 0.21850801222441055 0.7071067811865476 0.6724985119639573
vn -0.21850801222441046 0.7071067811865476 0.6724985119639573
vn -0.5720614028176841 0.7071067811865476 0.41562693777745346
vn -0.7071067811865475 0.7071067811865476 8.659560562354932e-17
vn -0.5720614028176843 0.7071067811865476 -0.4156269377774533
vn -0.2185080122244106 0.7071067811865476 -0.6724985119639573
vn 0.21850801222441038 0.7071067811865476 -0.6724985119639573
vn 0.5720614028176841 0.7071067811865476 -0.4156269377774535
vn 0.7071067811865475 0.7071067811865476 -1.7319121124709863e-16
vn 0.8314696123025452 0.5555702330196023 0
vn 0.672673046659108 0.5555702330196023 0.48872557584077636
vn 0.25693824050783537 0.5555702330196023 0.7907745928817406
vn -0.25693824050783526 0.5555702330196023 0.7907745928817407
vn -0.6726730466591079 0.5555702330196023 0.48872557584077647
vn -0.8314696123025452 0.5555702330196023 1.0182565992946028e-16
vn -0.672673046659108 0.5555702330196023 -0.4887255758407763
vn -0.2569382405078354 0.5555702330196023 -0.7907745928817406
vn 0.25693824050783515 0.5555702330196023 -0.7907745928817407
vn 0.6726730466591079 0.5555702330196023 -0.4887255758407766
vn 0.8314696123025452 0.5555702330196023 -2.0365131985892056e-16
vn 0.9238795325112868 0.38268343236508984 0
vn 0.7474342425568128 0.38268343236508984 0.5430427641049989
vn 0.28549447630116936 0.38268343236508984 0.8786616496665794
vn -0.28549447630116925 0.38268343236508984 0.8786616496665796
vn -0.7474342425568128 0.38268343236508984 0.543042764104999
vn -0.9238795325112868 0.38268343236508984 1.1314261122877003e-16
vn -0.7474342425568128 0.38268343236508984 -0.5430427641049987
vn -0.2854944763011695 0.38268343236508984 -0.8786616496665794
vn 0.28549447630116914 0.38268343236508984 -0.8786616496665796
vn 0.7474342425568128 0.38268343236508984 -0.543042764104999
vn 0.9238795325112868 0.38268343236508984 -2.2628522245754005e-16
vn 0.9807852804032304 0.19509032201612833 0
vn 0.7934719596790114 0.19509032201612833 0.5764911234865568
vn 0.3030793194773963 0.19509032201612833 0.9327822320138617
vn -0.3030793194773962 0.19509032201612833 0.9327822320138618
vn -0.7934719596790114 0.19509032201612833 0.5764911234865571
vn -0.9807852804032304 0.19509032201612833 1.2011155542966555e-16
vn -0.7934719596790114 0.19509032201612833 -0.5764911234865567
vn -0.3030793194773964 0.19509032201612833 -0.9327822320138617
vn 0.3030793194773961 0.19509032201612833 -0.9327822320138618
vn 0.7934719596790114 0.19509032201612833 -0.5764911234865571
vn 0.9807852804032304 0.19509032201612833 -2.402231108593311e-16
vn 1 6.123233995736766e-17 0
vn 0.8090169943749475 6.123233995736766e-17 0.5877852522924731
vn 0.30901699437494745 6.123233995736766e-17 0.9510565162951535
vn -0.30901699437494734 6.123233995736766e-17 0.9510565162951536
vn -0.8090169943749473 6.123233995736766e-17 0.5877852522924732
vn -1 6.123233995736766e-17 1.2246467991473532e-16
vn -0.8090169943749475 6.123233995736766e-17 -0.587785252292473
vn -0.30901699437494756 6.123233995736766e-17 -0.9510565162951535
vn 0.30901699437494723 6.123233995736766e-17 -0.9510565162951536
vn 0.8090169943749473 6.123233995736766e-17 -0.5877852522924734
vn 1 6.123233995736766e-17 -2.4492935982947064e-16
vn 0 -1 0
vn -0.5773502691896258 -0.5773502691896258 -0.5773502691896258
vn -0.5773502691896258 -0.5773502691896258 0.5773502691896258
vn -0.5773502691896258 0.5773502691896258 -0.5773502691896258
vn -0.5773502691896258 0.5773502691896258 0.5773502691896258
vn 0.5773502691896258 -0.5773502691896258 -0.5773502691896258
vn 0.5773502691896258 -0.5773502691896258 0.5773502691896258
vn 0.5773502691896258 0.5773502691896258 -0.5773502691896258
vn 0.5773502691896258 0.5773502691896258 0.5773502691896258
vn 0 -0.35682208977308993 -0.9341723589627158
vn 0 -0.35682208977308993 0.9341723589627158
vn 0 0.35682208977308993 -0.9341723589627158
vn 0 0.35682208977308993 0.9341723589627158
vn -0.35682208977308993 -0.9341723589627158 0
vn -0.35682208977308993 0.9341723589627158 0
vn 0.35682208977308993 -0.9341723589627158 0
vn 0.35682208977308993 0.9341723589627158 0
vn -0.9341723589627158 0 -0.35682208977308993
vn -0.9341723589627158 0 0.35682208977308993
vn 0.9341723589627158 0 -0.35682208977308993
vn 0.9341723589627158 0 0.35682208977308993
vn 0 -1 0
vn 0 -1 0
vn 0 -1 0
vn 0 -1 0
vn 0 -1 0
vn 0 -1 0
vn 0 -1 0
vn 0 1 0
vn 0 1 0
vn 0 1 0
vn 0 1 0
vn 0 1 0
vn 0 1 0
vn 0 1 0
vn 0 -1 0
vn 0 1 0
vn 0 1 0
vn 0 1 0
vn 0 1 0
vn 0 1 0
vn 0 1 0
vn 0 1 0
vn 0 1 0
vn 0 1 0
vn 0 1 0
vn 0 1 0
vn 0 1 0
vn 0.19509032201612825 0.9807852804032303 0
vn 0.1578313859491287 0.9807852804032303 0.11467121414606977
vn 0.06028622494106459 0.9807852804032303 0.18554192201955863
vn -0.06028622494106457 0.9807852804032303 0.18554192201955866
vn -0.15783138594912868 0.9807852804032303 0.11467121414606979
vn -0.19509032201612825 0.9807852804032303 2.3891673840167787e-17
vn -0.1578313859491287 0.9807852804032303 -0.11467121414606975
vn -0.060286224941064614 0.9807852804032303 -0.18554192201955863
vn 0.060286224941064545 0.9807852804032303 -0.18554192201955866
vn 0.15783138594912868 0.9807852804032303 -0.11467121414606982
vn 0.19509032201612825 0.9807852804032303 -4.7783347680335573e-17
vn 0.3826834323650898 0.9238795325112868 0
vn 0.30959740024909344 0.9238795325112868 0.22493567784086388
vn 0.11825568406654853 0.9238795325112868 0.3639535720290143
vn -0.1182556840665485 0.9238795325112868 0.36395357202901435
vn -0.3095974002490934 0.9238795325112868 0.22493567784086393
vn -0.3826834323650898 0.9238795325112868 4.6865204053262986e-17
vn -0.30959740024909344 0.9238795325112868 -0.22493567784086382
vn -0.11825568406654857 0.9238795325112868 -0.3639535720290143
vn 0.11825568406654845 0.9238795325112868 -0.36395357202901435
vn 0.3095974002490934 0.9238795325112868 -0.22493567784086396
vn 0.3826834323650898 0.9238795325112868 -9.373040810652597e-17
vn 0.5555702330196022 0.8314696123025452 0
vn 0.44946576008170774 0.8314696123025452 0.32655598958161497
vn 0.17168064357190663 0.8314696123025452 0.5283786903729095
vn -0.1716806435719066 0.8314696123025452 0.5283786903729096
vn -0.44946576008170763 0.8314696123025452 0.326555989581615
vn -0.5555702330196022 0.8314696123025452 6.80377307569005e-17
vn -0.44946576008170774 0.8314696123025452 -0.32655598958161497
vn -0.1716806435719067 0.8314696123025452 -0.5283786903729095
vn 0.17168064357190652 0.8314696123025452 -0.5283786903729096
vn 0.44946576008170763 0.8314696123025452 -0.3265559895816151
vn 0.5555702330196022 0.8314696123025452 -1.36075461513801e-16
vn 0.7071067811865475 0.7071067811865476 0
vn 0.5720614028176843 0.7071067811865476 0.4156269377774534
vn 0.21850801222441055 0.7071067811865476 0.6724985119639573
vn -0.21850801222441046 0.7071067811865476 0.6724985119639573
vn -0.5720614028176841 0.7071067811865476 0.41562693777745346
vn -0.7071067811865475 0.7071067811865476 8.659560562354932e-17
vn -0.5720614028176843 0.7071067811865476 -0.4156269377774533
vn -0.2185080122244106 0.7071067811865476 -0.6724985119639573
vn 0.21850801222441038 0.7071067811865476 -0.6724985119639573
vn 0.5720614028176841 0.7071067811865476 -0.4156269377774535
vn 0.7071067811865475 0.7071067811865476 -1.7319121124709863e-16
vn 0.8314696123025452 0.5555702330196023 0
vn 0.672673046659108 0.5555702330196023 0.48872557584077636
vn 0.25693824050783537 0.5555702330196023 0.7907745928817406
vn -0.25693824050783526 0.5555702330196023 0.7907745928817407
vn -0.6726730466591079 0.5555702330196023 0.48872557584077647
vn -0.8314696123025452 0.5555702330196023 1.0182565992946028e-16
vn -0.672673046659108 0.5555702330196023 -0.4887255758407763
vn -0.2569382405078354 0.5555702330196023 -0.7907745928817406
vn 0.25693824050783515 0.5555702330196023 -0.7907745928817407
vn 0.6726730466591079 0.5555702330196023 -0.4887255758407766
vn 0.8314696123025452 0.5555702330196023 -2.0365131985892056e-16
vn 0.9238795325112868 0.38268343236508984 0
vn 0.7474342425568128 0.38268343236508984 0.5430427641049989
vn 0.28549447630116936 0.38268343236508984 0.8786616496665794
vn -0.28549447630116925 0.38268343236508984 0.8786616496665796
vn -0.7474342425568128 0.38268343236508984 0.543042764104999
vn -0.9238795325112868 0.38268343236508984 1.1314261122877003e-16
vn -0.7474342425568128 0.38268343236508984 -0.5430427641049987
vn -0.2854944763011695 0.38268343236508984 -0.8786616496665794
vn 0.28549447630116914 0.38268343236508984 -0.8786616496665796
vn 0.7474342425568128 0.38268343236508984 -0.543042764104999
vn 0.9238795325112868 0.38268343236508984 -2.2628522245754005e-16
vn 0.9807852804032304 0.19509032201612833 0
vn 0.7934719596790114 0.19509032201612833 0.5764911234865568
vn 0.3030793194773963 0.19509032201612833 0.9327822320138617
vn -0.3030793194773962 0.19509032201612833 0.9327822320138618
vn -0.7934719596790114 0.19509032201612833 0.5764911234865571
vn -0.9807852804032304 0.19509032201612833 1.2011155542966555e-16
vn -0.7934719596790114 0.19509032201612833 -0.5764911234865567
vn -0.3030793194773964 0.19509032201612833 -0.9327822320138617
vn 0.3030793194773961 0.19509032201612833 -0.9327822320138618
vn 0.7934719596790114 0.19509032201612833 -0.5764911234865571
vn 0.9807852804032304 0.19509032201612833 -2.402231108593311e-16
vn 1 6.123233995736766e-17 0
vn 0.8090169943749475 6.123233995736766e-17 0.5877852522924731
vn 0.30901699437494745 6.123233995736766e-17 0.9510565162951535
vn -0.30901699437494734 6.123233995736766e-17 0.9510565162951536
vn -0.8090169943749473 6.123233995736766e-17 0.5877852522924732
vn -1 6.123233995736766e-17 1.2246467991473532e-16
vn -0.8090169943749475 6.123233995736766e-17 -0.587785252292473
vn -0.30901699437494756 6.123233995736766e-17 -0.9510565162951535
vn 0.30901699437494723 6.123233995736766e-17 -0.9510565162951536
vn 0.8090169943749473 6.123233995736766e-17 -0.5877852522924734
vn 1 6.123233995736766e-17 -2.4492935982947064e-16
vn 0 -1 0
vn -0.5773502691896258 -0.5773502691896258 -0.5773502691896258
vn -0.5773502691896258 -0.5773502691896258 0.5773502691896258
vn -0.5773502691896258 0.5773502691896258 -0.5773502691896258
vn -0.5773502691896258 0.5773502691896258 0.5773502691896258
vn 0.5773502691896258 -0.5773502691896258 -0.5773502691896258
vn 0.5773502691896258 -0.5773502691896258 0.5773502691896258
vn 0.5773502691896258 0.5773502691896258 -0.5773502691896258
vn 0.5773502691896258 0.5773502691896258 0.5773502691896258
vn 0 -0.35682208977308993 -0.9341723589627158
vn 0 -0.35682208977308993 0.9341723589627158
vn 0 0.35682208977308993 -0.9341723589627158
vn 0 0.35682208977308993 0.9341723589627158
vn -0.35682208977308993 -0.9341723589627158 0
vn -0.35682208977308993 0.9341723589627158 0
vn 0.35682208977308993 -0.9341723589627158 0
vn 0.35682208977308993 0.9341723589627158 0
vn -0.9341723589627158 0 -0.35682208977308993
vn -0.9341723589627158 0 0.35682208977308993
vn 0.9341723589627158 0 -0.35682208977308993
vn 0.9341723589627158 0 0.35682208977308993
vn 0 -1 0
vn 0 -1 0
vn 0 -1 0
vn 0 -1 0
vn 0 -1 0
vn 0 -1 0
vn 0 -1 0
vn 0 1 0
vn 0 1 0
vn 0 1 0
vn 0 1 0
vn 0 1 0
vn 0 1 0
vn 0 1 0
vn 0 -1 0
vn 0 1 0
vn 0 1 0
vn 0 1 0
vn 0 1 0
vn 0 1 0
vn 0 1 0
vn 0 1 0
vn 0 1 0
vn 0 1 0
vn 0 1 0
vn 0 1 0
vn 0 1 0
vn 0.19509032201612825 0.9807852804032303 0
vn 0.1578313859491287 0.9807852804032303 0.11467121414606977
vn 0.06028622494106459 0.9807852804032303 0.18554192201955863
vn -0.06028622494106457 0.9807852804032303 0.18554192201955866
vn -0.15783138594912868 0.9807852804032303 0.11467121414606979
vn -0.19509032201612825 0.9807852804032303 2.3891673840167787e-17
vn -0.1578313859491287 0.9807852804032303 -0.11467121414606975
vn -0.060286224941064614 0.9807852804032303 -0.18554192201955863
vn 0.060286224941064545 0.9807852804032303 -0.18554192201955866
vn 0.15783138594912868 0.9807852804032303 -0.11467121414606982
vn 0.19509032201612825 0.9807852804032303 -4.7783347680335573e-17
vn 0.3826834323650898 0.9238795325112868 0
vn 0.30959740024909344 0.9238795325112868 0.22493567784086388
vn 0.11825568406654853 0.9238795325112868 0.3639535720290143
vn -0.1182556840665485 0.9238795325112868 0.36395357202901435
vn -0.3095974002490934 0.9238795325112868 0.22493567784086393
vn -0.3826834323650898 0.9238795325112868 4.6865204053262986e-17
vn -0.30959740024909344 0.9238795325112868 -0.22493567784086382
vn -0.11825568406654857 0.9238795325112868 -0.3639535720290143
vn 0.11825568406654845 0.9238795325112868 -0.36395357202901435
vn 0.3095974002490934 0.9238795325112868 -0.22493567784086396
vn 0.3826834323650898 0.9238795325112868 -9.373040810652597e-17
vn 0.5555702330196022 0.8314696123025452 0
vn 0.44946576008170774 0.8314696123025452 0.32655598958161497
vn 0.17168064357190663 0.8314696123025452 0.5283786903729095
vn -0.1716806435719066 0.8314696123025452 0.5283786903729096
vn -0.44946576008170763 0.8314696123025452 0.326555989581615
vn -0.5555702330196022 0.8314696123025452 6.80377307569005e-17
vn -0.44946576008170774 0.8314696123025452 -0.32655598958161497
vn -0.1716806435719067 0.8314696123025452 -0.5283786903729095
vn 0.17168064357190652 0.8314696123025452 -0.5283786903729096
vn 0.44946576008170763 0.8314696123025452 -0.3265559895816151
vn 0.5555702330196022 0.8314696123025452 -1.36075461513801e-16
vn 0.7071067811865475 0.7071067811865476 0
vn 0.5720614028176843 0.7071067811865476 0.4156269377774534
vn 0.21850801222441055 0.7071067811865476 0.6724985119639573
vn -0.21850801222441046 0.7071067811865476 0.6724985119639573
vn -0.5720614028176841 0.7071067811865476 0.41562693777745346
vn -0.7071067811865475 0.7071067811865476 8.659560562354932e-17
vn -0.5720614028176843 0.7071067811865476 -0.4156269377774533
vn -0.2185080122244106 0.7071067811865476 -0.6724985119639573
vn 0.21850801222441038 0.7071067811865476 -0.6724985119639573
vn 0.5720614028176841 0.7071067811865476 -0.4156269377774535
vn 0.7071067811865475 0.7071067811865476 -1.7319121124709863e-16
vn 0.8314696123025452 0.5555702330196023 0
vn 0.672673046659108 0.5555702330196023 0.48872557584077636
vn 0.25693824050783537 0.5555702330196023 0.7907745928817406
vn -0.25693824050783526 0.5555702330196023 0.7907745928817407
vn -0.6726730466591079 0.5555702330196023 0.48872557584077647
vn -0.8314696123025452 0.5555702330196023 1.0182565992946028e-16
vn -0.672673046659108 0.5555702330196023 -0.4887255758407763
vn -0.2569382405078354 0.5555702330196023 -0.7907745928817406
vn 0.25693824050783515 0.5555702330196023 -0.7907745928817407
vn 0.6726730466591079 0.5555702330196023 -0.4887255758407766
vn 0.8314696123025452 0.5555702330196023 -2.0365131985892056e-16
vn 0.9238795325112868 0.38268343236508984 0
vn 0.7474342425568128 0.38268343236508984 0.5430427641049989
vn 0.28549447630116936 0.38268343236508984 0.8786616496665794
vn -0.28549447630116925 0.38268343236508984 0.8786616496665796
vn -0.7474342425568128 0.38268343236508984 0.543042764104999
vn -0.9238795325112868 0.38268343236508984 1.1314261122877003e-16
vn -0.7474342425568128 0.38268343236508984 -0.5430427641049987
vn -0.2854944763011695 0.38268343236508984 -0.8786616496665794
vn 0.28549447630116914 0.38268343236508984 -0.8786616496665796
vn 0.7474342425568128 0.38268343236508984 -0.543042764104999
vn 0.9238795325112868 0.38268343236508984 -2.2628522245754005e-16
vn 0.9807852804032304 0.19509032201612833 0
vn 0.7934719596790114 0.19509032201612833 0.5764911234865568
vn 0.3030793194773963 0.19509032201612833 0.9327822320138617
vn -0.3030793194773962 0.19509032201612833 0.9327822320138618
vn -0.7934719596790114 0.19509032201612833 0.5764911234865571
vn -0.9807852804032304 0.19509032201612833 1.2011155542966555e-16
vn -0.7934719596790114 0.19509032201612833 -0.5764911234865567
vn -0.3030793194773964 0.19509032201612833 -0.9327822320138617
vn 0.3030793194773961 0.19509032201612833 -0.9327822320138618
vn 0.7934719596790114 0.19509032201612833 -0.5764911234865571
vn 0.9807852804032304 0.19509032201612833 -2.402231108593311e-16
vn 1 6.123233995736766e-17 0
vn 0.8090169943749475 6.123233995736766e-17 0.5877852522924731
vn 0.30901699437494745 6.123233995736766e-17 0.9510565162951535
vn -0.30901699437494734 6.123233995736766e-17 0.9510565162951536
vn -0.8090169943749473 6.123233995736766e-17 0.5877852522924732
vn -1 6.123233995736766e-17 1.2246467991473532e-16
vn -0.8090169943749475 6.123233995736766e-17 -0.587785252292473
vn -0.30901699437494756 6.123233995736766e-17 -0.9510565162951535
vn 0.30901699437494723 6.123233995736766e-17 -0.9510565162951536
vn 0.8090169943749473 6.123233995736766e-17 -0.5877852522924734
vn 1 6.123233995736766e-17 -2.4492935982947064e-16
vn 0 -1 0
vn -0.5773502691896258 -0.5773502691896258 -0.5773502691896258
vn -0.5773502691896258 -0.5773502691896258 0.5773502691896258
vn -0.5773502691896258 0.5773502691896258 -0.5773502691896258
vn -0.5773502691896258 0.5773502691896258 0.5773502691896258
vn 0.5773502691896258 -0.5773502691896258 -0.5773502691896258
vn 0.5773502691896258 -0.5773502691896258 0.5773502691896258
vn 0.5773502691896258 0.5773502691896258 -0.5773502691896258
vn 0.5773502691896258 0.5773502691896258 0.5773502691896258
vn 0 -0.35682208977308993 -0.9341723589627158
vn 0 -0.35682208977308993 0.9341723589627158
vn 0 0.35682208977308993 -0.9341723589627158
vn 0 0.35682208977308993 0.9341723589627158
vn -0.35682208977308993 -0.9341723589627158 0
vn -0.35682208977308993 0.9341723589627158 0
vn 0.35682208977308993 -0.9341723589627158 0
vn 0.35682208977308993 0.9341723589627158 0
vn -0.9341723589627158 0 -0.35682208977308993
vn -0.9341723589627158 0 0.35682208977308993
vn 0.9341723589627158 0 -0.35682208977308993
vn 0.9341723589627158 0 0.35682208977308993
vn 0 -1 0
vn 0 -1 0
vn 0 -1 0
vn 0 -1 0
vn 0 -1 0
vn 0 -1 0
vn 0 -1 0
vn 0 1 0
vn 0 1 0
vn 0 1 0
vn 0 1 0
vn 0 1 0
vn 0 1 0
vn 0 1 0
vn 0 -1 0
vn 0 1 0
vn 0 1 0
vn 0 1 0
vn 0 1 0
vn 0 1 0
vn 0 1 0
vn 0 1 0
vn 0 1 0
vn 0 1 0
vn 0 1 0
vn 0 1 0
vn 0 1 0
vn 0.19509032201612825 0.9807852804032303 0
vn 0.1578313859491287 0.9807852804032303 0.11467121414606977
vn 0.06028622494106459 0.9807852804032303 0.18554192201955863
vn -0.060286224941064566 0.9807852804032303 0.18554192201955866
vn -0.15783138594912868 0.9807852804032303 0.11467121414606979
vn -0.19509032201612825 0.9807852804032303 2.3891673840167787e-17
vn -0.1578313859491287 0.9807852804032303 -0.11467121414606975
vn -0.06028622494106462 0.9807852804032303 -0.18554192201955863
vn 0.06028622494106455 0.9807852804032303 -0.18554192201955866
vn 0.15783138594912868 0.9807852804032303 -0.11467121414606982
vn 0.19509032201612825 0.9807852804032303 -4.7783347680335573e-17
vn 0.3826834323650898 0.9238795325112868 0
vn 0.30959740024909344 0.9238795325112868 0.22493567784086388
vn 0.11825568406654853 0.9238795325112868 0.3639535720290143
vn -0.1182556840665485 0.9238795325112868 0.36395357202901435
vn -0.3095974002490934 0.9238795325112868 0.2249356778408639
vn -0.3826834323650898 0.9238795325112868 4.6865204053262986e-17
vn -0.30959740024909344 0.9238795325112868 -0.22493567784086382
vn -0.11825568406654857 0.9238795325112868 -0.3639535720290143
vn 0.11825568406654846 0.9238795325112868 -0.36395357202901435
vn 0.3095974002490934 0.9238795325112868 -0.22493567784086393
vn 0.3826834323650898 0.9238795325112868 -9.373040810652597e-17
vn 0.5555702330196022 0.8314696123025452 0
vn 0.44946576008170774 0.8314696123025452 0.32655598958161497
vn 0.17168064357190665 0.8314696123025452 0.5283786903729095
vn -0.1716806435719066 0.8314696123025452 0.5283786903729096
vn -0.44946576008170763 0.8314696123025452 0.326555989581615
vn -0.5555702330196022 0.8314696123025452 6.80377307569005e-17
vn -0.44946576008170774 0.8314696123025452 -0.3265559895816149
vn -0.1716806435719067 0.8314696123025452 -0.5283786903729095
vn 0.17168064357190652 0.8314696123025452 -0.5283786903729096
vn 0.44946576008170763 0.8314696123025452 -0.3265559895816151
vn 0.5555702330196022 0.8314696123025452 -1.36075461513801e-16
vn 0.7071067811865475 0.7071067811865476 0
vn 0.5720614028176843 0.7071067811865476 0.4156269377774534
vn 0.21850801222441055 0.7071067811865476 0.6724985119639573
vn -0.21850801222441046 0.7071067811865476 0.6724985119639573
vn -0.5720614028176841 0.7071067811865476 0.41562693777745346
vn -0.7071067811865475 0.7071067811865476 8.659560562354932e-17
vn -0.5720614028176843 0.7071067811865476 -0.4156269377774533
vn -0.21850801222441057 0.7071067811865476 -0.6724985119639573
vn 0.21850801222441038 0.7071067811865476 -0.6724985119639573
vn 0.5720614028176841 0.7071067811865476 -0.4156269377774536
vn 0.7071067811865475 0.7071067811865476 -1.7319121124709863e-16
vn 0.8314696123025451 0.5555702330196023 0
vn 0.672673046659108 0.5555702330196023 0.48872557584077636
vn 0.25693824050783537 0.5555702330196023 0.7907745928817406
vn -0.25693824050783526 0.5555702330196023 0.7907745928817407
vn -0.6726730466591079 0.5555702330196023 0.48872557584077647
vn -0.8314696123025451 0.5555702330196023 1.0182565992946028e-16
vn -0.672673046659108 0.5555702330196023 -0.4887255758407763
vn -0.2569382405078354 0.5555702330196023 -0.7907745928817406
vn 0.25693824050783515 0.5555702330196023 -0.7907745928817407
vn 0.6726730466591079 0.5555702330196023 -0.4887255758407766
vn 0.8314696123025451 0.5555702330196023 -2.0365131985892056e-16
vn 0.9238795325112868 0.38268343236508984 0
vn 0.7474342425568128 0.38268343236508984 0.5430427641049989
vn 0.28549447630116936 0.38268343236508984 0.8786616496665794
vn -0.28549447630116925 0.38268343236508984 0.8786616496665796
vn -0.7474342425568126 0.38268343236508984 0.543042764104999
vn -0.9238795325112868 0.38268343236508984 1.1314261122877003e-16
vn -0.7474342425568128 0.38268343236508984 -0.5430427641049987
vn -0.2854944763011695 0.38268343236508984 -0.8786616496665794
vn 0.28549447630116914 0.38268343236508984 -0.8786616496665796
vn 0.7474342425568126 0.38268343236508984 -0.543042764104999
vn 0.9238795325112868 0.38268343236508984 -2.2628522245754005e-16
vn 0.9807852804032304 0.19509032201612833 0
vn 0.7934719596790115 0.19509032201612833 0.5764911234865568
vn 0.3030793194773963 0.19509032201612833 0.9327822320138617
vn -0.3030793194773962 0.19509032201612833 0.9327822320138618
vn -0.7934719596790115 0.19509032201612833 0.576491123486557
vn -0.9807852804032304 0.19509032201612833 1.2011155542966555e-16
vn -0.7934719596790115 0.19509032201612833 -0.5764911234865567
vn -0.3030793194773964 0.19509032201612833 -0.9327822320138617
vn 0.3030793194773961 0.19509032201612833 -0.9327822320138618
vn 0.7934719596790115 0.19509032201612833 -0.5764911234865571
vn 0.9807852804032304 0.19509032201612833 -2.402231108593311e-16
vn 1 6.123233995736766e-17 0
vn 0.8090169943749475 6.123233995736766e-17 0.5877852522924731
vn 0.30901699437494745 6.123233995736766e-17 0.9510565162951535
vn -0.30901699437494734 6.123233995736766e-17 0.9510565162951535
vn -0.8090169943749475 6.123233995736766e-17 0.5877852522924732
vn -1 6.123233995736766e-17 1.2246467991473532e-16
vn -0.8090169943749475 6.123233995736766e-17 -0.587785252292473
vn -0.30901699437494756 6.123233995736766e-17 -0.9510565162951535
vn 0.30901699437494723 6.123233995736766e-17 -0.9510565162951535
vn 0.8090169943749475 6.123233995736766e-17 -0.5877852522924734
vn 1 6.123233995736766e-17 -2.4492935982947064e-16
vn 0 -1 0
vn -0.5773502691896258 -0.5773502691896258 -0.5773502691896258
vn -0.5773502691896258 -0.5773502691896258 0.5773502691896258
vn -0.5773502691896258 0.5773502691896258 -0.5773502691896258
vn -0.5773502691896258 0.5773502691896258 0.5773502691896258
vn 0.5773502691896258 -0.5773502691896258 -0.5773502691896258
vn 0.5773502691896258 -0.5773502691896258 0.5773502691896258
vn 0.5773502691896258 0.5773502691896258 -0.5773502691896258
vn 0.5773502691896258 0.5773502691896258 0.5773502691896258
vn 0 -0.35682208977308993 -0.9341723589627158
vn 0 -0.35682208977308993 0.9341723589627158
vn 0 0.35682208977308993 -0.9341723589627158
vn 0 0.35682208977308993 0.9341723589627158
vn -0.35682208977308993 -0.9341723589627158 0
vn -0.35682208977308993 0.9341723589627158 0
vn 0.35682208977308993 -0.9341723589627158 0
vn 0.35682208977308993 0.9341723589627158 0
vn -0.9341723589627158 0 -0.35682208977308993
vn -0.9341723589627158 0 0.35682208977308993
vn 0.9341723589627158 0 -0.35682208977308993
vn 0.9341723589627158 0 0.35682208977308993
vn 0 -1 0
vn 0 -1 0
vn 0 -1 0
vn 0 -1 0
vn 0 -1 0
vn 0 -1 0
vn 0 -1 0
vn 0 1 0
vn 0 1 0
vn 0 1 0
vn 0 1 0
vn 0 1 0
vn 0 1 0
vn 0 1 0
vn 0 -1 0
vn 0 1 0
vn 0 1 0
vn 0 1 0
vn 0 1 0
vn 0 1 0
vn 0 1 0
vn 0 1 0
vn 0 1 0
vn 0 1 0
vn 0 1 0
vn 0 1 0
vn 0 1 0
vn 0.19509032201612825 0.9807852804032303 0
vn 0.1578313859491287 0.9807852804032303 0.11467121414606977
vn 0.06028622494106459 0.9807852804032303 0.18554192201955863
vn -0.060286224941064566 0.9807852804032303 0.18554192201955866
vn -0.15783138594912868 0.9807852804032303 0.11467121414606979
vn -0.19509032201612825 0.9807852804032303 2.3891673840167787e-17
vn -0.1578313859491287 0.9807852804032303 -0.11467121414606975
vn -0.06028622494106462 0.9807852804032303 -0.18554192201955863
vn 0.06028622494106455 0.9807852804032303 -0.18554192201955866
vn 0.15783138594912868 0.9807852804032303 -0.11467121414606982
vn 0.19509032201612825 0.9807852804032303 -4.7783347680335573e-17
vn 0.3826834323650898 0.9238795325112868 0
vn 0.30959740024909344 0.9238795325112868 0.22493567784086388
vn 0.11825568406654853 0.9238795325112868 0.3639535720290143
vn -0.1182556840665485 0.9238795325112868 0.36395357202901435
vn -0.3095974002490934 0.9238795325112868 0.2249356778408639
vn -0.3826834323650898 0.9238795325112868 4.6865204053262986e-17
vn -0.30959740024909344 0.9238795325112868 -0.22493567784086382
vn -0.11825568406654857 0.9238795325112868 -0.3639535720290143
vn 0.11825568406654846 0.9238795325112868 -0.36395357202901435
vn 0.3095974002490934 0.9238795325112868 -0.22493567784086393
vn 0.3826834323650898 0.9238795325112868 -9.373040810652597e-17
vn 0.5555702330196022 0.8314696123025452 0
vn 0.44946576008170774 0.8314696123025452 0.32655598958161497
vn 0.17168064357190665 0.8314696123025452 0.5283786903729095
vn -0.1716806435719066 0.8314696123025452 0.5283786903729096
vn -0.44946576008170763 0.8314696123025452 0.326555989581615
vn -0.5555702330196022 0.8314696123025452 6.80377307569005e-17
vn -0.44946576008170774 0.8314696123025452 -0.3265559895816149
vn -0.1716806435719067 0.8314696123025452 -0.5283786903729095
vn 0.17168064357190652 0.8314696123025452 -0.5283786903729096
vn 0.44946576008170763 0.8314696123025452 -0.3265559895816151
vn 0.5555702330196022 0.8314696123025452 -1.36075461513801e-16
vn 0.7071067811865475 0.7071067811865476 0
vn 0.5720614028176843 0.7071067811865476 0.4156269377774534
vn 0.21850801222441055 0.7071067811865476 0.6724985119639573
vn -0.21850801222441046 0.7071067811865476 0.6724985119639573
vn -0.5720614028176841 0.7071067811865476 0.41562693777745346
vn -0.7071067811865475 0.7071067811865476 8.659560562354932e-17
vn -0.5720614028176843 0.7071067811865476 -0.4156269377774533
vn -0.21850801222441057 0.7071067811865476 -0.6724985119639573
vn 0.21850801222441038 0.7071067811865476 -0.6724985119639573
vn 0.5720614028176841 0.7071067811865476 -0.4156269377774536
vn 0.7071067811865475 0.7071067811865476 -1.7319121124709863e-16
vn 0.8314696123025451 0.5555702330196023 0
vn 0.672673046659108 0.5555702330196023 0.48872557584077636
vn 0.25693824050783537 0.5555702330196023 0.7907745928817406
vn -0.25693824050783526 0.5555702330196023 0.7907745928817407
vn -0.6726730466591079 0.5555702330196023 0.48872557584077647
vn -0.8314696123025451 0.5555702330196023 1.0182565992946028e-16
vn -0.672673046659108 0.5555702330196023 -0.4887255758407763
vn -0.2569382405078354 0.5555702330196023 -0.7907745928817406
vn 0.25693824050783515 0.5555702330196023 -0.7907745928817407
vn 0.6726730466591079 0.5555702330196023 -0.4887255758407766
vn 0.8314696123025451 0.5555702330196023 -2.0365131985892056e-16
vn 0.9238795325112868 0.38268343236508984 0
vn 0.7474342425568128 0.38268343236508984 0.5430427641049989
vn 0.28549447630116936 0.38268343236508984 0.8786616496665794
vn -0.28549447630116925 0.38268343236508984 0.8786616496665796
vn -0.7474342425568126 0.38268343236508984 0.543042764104999
vn -0.9238795325112868 0.38268343236508984 1.1314261122877003e-16
vn -0.7474342425568128 0.38268343236508984 -0.5430427641049987
vn -0.2854944763011695 0.38268343236508984 -0.8786616496665794
vn 0.28549447630116914 0.38268343236508984 -0.8786616496665796
vn 0.7474342425568126 0.38268343236508984 -0.543042764104999
vn 0.9238795325112868 0.38268343236508984 -2.2628522245754005e-16
vn 0.9807852804032304 0.19509032201612833 0
vn 0.7934719596790115 0.19509032201612833 0.5764911234865568
vn 0.3030793194773963 0.19509032201612833 0.9327822320138617
vn -0.3030793194773962 0.19509032201612833 0.9327822320138618
vn -0.7934719596790115 0.19509032201612833 0.576491123486557
vn -0.9807852804032304 0.19509032201612833 1.2011155542966555e-16
vn -0.7934719596790115 0.19509032201612833 -0.5764911234865567
vn -0.3030793194773964 0.19509032201612833 -0.9327822320138617
vn 0.3030793194773961 0.19509032201612833 -0.9327822320138618
vn 0.7934719596790115 0.19509032201612833 -0.5764911234865571
vn 0.9807852804032304 0.19509032201612833 -2.402231108593311e-16
vn 1 6.123233995736766e-17 0
vn 0.8090169943749475 6.123233995736766e-17 0.5877852522924731
vn 0.30901699437494745 6.123233995736766e-17 0.9510565162951535
vn -0.30901699437494734 6.123233995736766e-17 0.9510565162951535
vn -0.8090169943749475 6.123233995736766e-17 0.5877852522924732
vn -1 6.123233995736766e-17 1.2246467991473532e-16
vn -0.8090169943749475 6.123233995736766e-17 -0.587785252292473
vn -0.30901699437494756 6.123233995736766e-17 -0.9510565162951535
vn 0.30901699437494723 6.123233995736766e-17 -0.9510565162951535
vn 0.8090169943749475 6.123233995736766e-17 -0.5877852522924734
vn 1 6.123233995736766e-17 -2.4492935982947064e-16
vn 0 -1 0
vn -0.5773502691896258 -0.5773502691896258 -0.5773502691896258
vn -0.5773502691896258 -0.5773502691896258 0.5773502691896258
vn -0.5773502691896258 0.5773502691896258 -0.5773502691896258
vn -0.5773502691896258 0.5773502691896258 0.5773502691896258
vn 0.5773502691896258 -0.5773502691896258 -0.5773502691896258
vn 0.5773502691896258 -0.5773502691896258 0.5773502691896258
vn 0.5773502691896258 0.5773502691896258 -0.5773502691896258
vn 0.5773502691896258 0.5773502691896258 0.5773502691896258
vn 0 -0.35682208977308993 -0.9341723589627158
vn 0 -0.35682208977308993 0.9341723589627158
vn 0 0.35682208977308993 -0.9341723589627158
vn 0 0.35682208977308993 0.9341723589627158
vn -0.35682208977308993 -0.9341723589627158 0
vn -0.35682208977308993 0.9341723589627158 0
vn 0.35682208977308993 -0.9341723589627158 0
vn 0.35682208977308993 0.9341723589627158 0
vn -0.9341723589627158 0 -0.35682208977308993
vn -0.9341723589627158 0 0.35682208977308993
vn 0.9341723589627158 0 -0.35682208977308993
vn 0.9341723589627158 0 0.35682208977308993
vn 0 -1 0
vn 0 -1 0
vn 0 -1 0
vn 0 -1 0
vn 0 -1 0
vn 0 -1 0
vn 0 -1 0
vn 0 1 0
vn 0 1 0
vn 0 1 0
vn 0 1 0
vn 0 1 0
vn 0 1 0
vn 0 1 0
vn 0 -1 0
vn 0 1 0
vn 0 1 0
vn 0 1 0
vn 0 1 0
vn 0 1 0
vn 0 1 0
vn 0 1 0
vn 0 1 0
vn 0 1 0
vn 0 1 0
vn 0 1 0
vn 0 1 0
vn 0.19509032201612825 0.9807852804032303 0
vn 0.1578313859491287 0.9807852804032303 0.11467121414606977
vn 0.06028622494106459 0.9807852804032303 0.18554192201955863
vn -0.060286224941064566 0.9807852804032303 0.18554192201955866
vn -0.15783138594912868 0.9807852804032303 0.11467121414606979
vn -0.19509032201612825 0.9807852804032303 2.3891673840167787e-17
vn -0.1578313859491287 0.9807852804032303 -0.11467121414606975
vn -0.06028622494106462 0.9807852804032303 -0.18554192201955863
vn 0.06028622494106455 0.9807852804032303 -0.18554192201955866
vn 0.15783138594912868 0.9807852804032303 -0.11467121414606982
vn 0.19509032201612825 0.9807852804032303 -4.7783347680335573e-17
vn 0.3826834323650898 0.9238795325112868 0
vn 0.30959740024909344 0.9238795325112868 0.22493567784086388
vn 0.11825568406654853 0.9238795325112868 0.3639535720290143
vn -0.1182556840665485 0.9238795325112868 0.36395357202901435
vn -0.3095974002490934 0.9238795325112868 0.2249356778408639
vn -0.3826834323650898 0.9238795325112868 4.6865204053262986e-17
vn -0.30959740024909344 0.9238795325112868 -0.22493567784086382
vn -0.11825568406654857 0.9238795325112868 -0.3639535720290143
vn 0.11825568406654846 0.9238795325112868 -0.36395357202901435
vn 0.3095974002490934 0.9238795325112868 -0.22493567784086393
vn 0.3826834323650898 0.9238795325112868 -9.373040810652597e-17
vn 0.5555702330196022 0.8314696123025452 0
vn 0.44946576008170774 0.8314696123025452 0.32655598958161497
vn 0.17168064357190665 0.8314696123025452 0.5283786903729095
vn -0.1716806435719066 0.8314696123025452 0.5283786903729096
vn -0.44946576008170763 0.8314696123025452 0.326555989581615
vn -0.5555702330196022 0.8314696123025452 6.80377307569005e-17
vn -0.44946576008170774 0.8314696123025452 -0.3265559895816149
vn -0.1716806435719067 0.8314696123025452 -0.5283786903729095
vn 0.17168064357190652 0.8314696123025452 -0.5283786903729096
vn 0.44946576008170763 0.8314696123025452 -0.3265559895816151
vn 0.5555702330196022 0.8314696123025452 -1.36075461513801e-16
vn 0.7071067811865475 0.7071067811865476 0
vn 0.5720614028176843 0.7071067811865476 0.4156269377774534
vn 0.21850801222441055 0.7071067811865476 0.6724985119639573
vn -0.21850801222441046 0.7071067811865476 0.6724985119639573
vn -0.5720614028176841 0.7071067811865476 0.41562693777745346
vn -0.7071067811865475 0.7071067811865476 8.659560562354932e-17
vn -0.5720614028176843 0.7071067811865476 -0.4156269377774533
vn -0.21850801222441057 0.7071067811865476 -0.6724985119639573
vn 0.21850801222441038 0.7071067811865476 -0.6724985119639573
vn 0.5720614028176841 0.7071067811865476 -0.4156269377774536
vn 0.7071067811865475 0.7071067811865476 -1.7319121124709863e-16
vn 0.8314696123025451 0.5555702330196023 0
vn 0.672673046659108 0.5555702330196023 0.48872557584077636
vn 0.25693824050783537 0.5555702330196023 0.7907745928817406
vn -0.25693824050783526 0.5555702330196023 0.7907745928817407
vn -0.6726730466591079 0.5555702330196023 0.48872557584077647
vn -0.8314696123025451 0.5555702330196023 1.0182565992946028e-16
vn -0.672673046659108 0.5555702330196023 -0.4887255758407763
vn -0.2569382405078354 0.5555702330196023 -0.7907745928817406
vn 0.25693824050783515 0.5555702330196023 -0.7907745928817407
vn 0.6726730466591079 0.5555702330196023 -0.4887255758407766
vn 0.8314696123025451 0.5555702330196023 -2.0365131985892056e-16
vn 0.9238795325112868 0.38268343236508984 0
vn 0.7474342425568128 0.38268343236508984 0.5430427641049989
vn 0.28549447630116936 0.38268343236508984 0.8786616496665794
vn -0.28549447630116925 0.38268343236508984 0.8786616496665796
vn -0.7474342425568126 0.38268343236508984 0.543042764104999
vn -0.9238795325112868 0.38268343236508984 1.1314261122877003e-16
vn -0.7474342425568128 0.38268343236508984 -0.5430427641049987
vn -0.2854944763011695 0.38268343236508984 -0.8786616496665794
vn 0.28549447630116914 0.38268343236508984 -0.8786616496665796
vn 0.7474342425568126 0.38268343236508984 -0.543042764104999
vn 0.9238795325112868 0.38268343236508984 -2.2628522245754005e-16
vn 0.9807852804032304 0.19509032201612833 0
vn 0.7934719596790115 0.19509032201612833 0.5764911234865568
vn 0.3030793194773963 0.19509032201612833 0.9327822320138617
vn -0.3030793194773962 0.19509032201612833 0.9327822320138618
vn -0.7934719596790115 0.19509032201612833 0.576491123486557
vn -0.9807852804032304 0.19509032201612833 1.2011155542966555e-16
vn -0.7934719596790115 0.19509032201612833 -0.5764911234865567
vn -0.3030793194773964 0.19509032201612833 -0.9327822320138617
vn 0.3030793194773961 0.19509032201612833 -0.9327822320138618
vn 0.7934719596790115 0.19509032201612833 -0.5764911234865571
vn 0.9807852804032304 0.19509032201612833 -2.402231108593311e-16
vn 1 6.123233995736766e-17 0
vn 0.8090169943749475 6.123233995736766e-17 0.5877852522924731
vn 0.30901699437494745 6.123233995736766e-17 0.9510565162951535
vn -0.30901699437494734 6.123233995736766e-17 0.9510565162951535
vn -0.8090169943749475 6.123233995736766e-17 0.5877852522924732
vn -1 6.123233995736766e-17 1.2246467991473532e-16
vn -0.8090169943749475 6.123233995736766e-17 -0.587785252292473
vn -0.30901699437494756 6.123233995736766e-17 -0.9510565162951535
vn 0.30901699437494723 6.123233995736766e-17 -0.9510565162951535
vn 0.8090169943749475 6.123233995736766e-17 -0.5877852522924734
vn 1 6.123233995736766e-17 -2.4492935982947064e-16
vn 0 -1 0
vn -0.5773502691896258 -0.5773502691896258 -0.5773502691896258
vn -0.5773502691896258 -0.5773502691896258 0.5773502691896258
vn -0.5773502691896258 0.5773502691896258 -0.5773502691896258
vn -0.5773502691896258 0.5773502691896258 0.5773502691896258
vn 0.5773502691896258 -0.5773502691896258 -0.5773502691896258
vn 0.5773502691896258 -0.5773502691896258 0.5773502691896258
vn 0.5773502691896258 0.5773502691896258 -0.5773502691896258
vn 0.5773502691896258 0.5773502691896258 0.5773502691896258
vn 0 -0.35682208977308993 -0.9341723589627158
vn 0 -0.35682208977308993 0.9341723589627158
vn 0 0.35682208977308993 -0.9341723589627158
vn 0 0.35682208977308993 0.9341723589627158
vn -0.35682208977308993 -0.9341723589627158 0
vn -0.35682208977308993 0.9341723589627158 0
vn 0.35682208977308993 -0.9341723589627158 0
vn 0.35682208977308993 0.9341723589627158 0
vn -0.9341723589627158 0 -0.35682208977308993
vn -0.9341723589627158 0 0.35682208977308993
vn 0.9341723589627158 0 -0.35682208977308993
vn 0.9341723589627158 0 0.35682208977308993
vn 0 -1 0
vn 0 -1 0
vn 0 -1 0
vn 0 -1 0
vn 0 -1 0
vn 0 -1 0
vn 0 -1 0
vn 0 1 0
vn 0 1 0
vn 0 1 0
vn 0 1 0
vn 0 1 0
vn 0 1 0
vn 0 1 0
vn 0 -1 0
vn 0 1 0
vn 0 1 0
vn 0 1 0
vn 0 1 0
vn 0 1 0
vn 0 1 0
vn 0 1 0
vn 0 1 0
vn 0 1 0
vn 0 1 0
vn 0 1 0
vn 0 1 0
vn 0.19509032201612825 0.9807852804032303 0
vn 0.1578313859491287 0.9807852804032303 0.11467121414606977
vn 0.06028622494106459 0.9807852804032303 0.18554192201955863
vn -0.060286224941064566 0.9807852804032303 0.18554192201955866
vn -0.15783138594912868 0.9807852804032303 0.11467121414606979
vn -0.19509032201612825 0.9807852804032303 2.3891673840167787e-17
vn -0.1578313859491287 0.9807852804032303 -0.11467121414606975
vn -0.06028622494106462 0.9807852804032303 -0.18554192201955863
vn 0.06028622494106455 0.9807852804032303 -0.18554192201955866
vn 0.15783138594912868 0.9807852804032303 -0.11467121414606982
vn 0.19509032201612825 0.9807852804032303 -4.7783347680335573e-17
vn 0.3826834323650898 0.9238795325112868 0
vn 0.30959740024909344 0.9238795325112868 0.22493567784086388
vn 0.11825568406654853 0.9238795325112868 0.3639535720290143
vn -0.1182556840665485 0.9238795325112868 0.36395357202901435
vn -0.3095974002490934 0.9238795325112868 0.2249356778408639
vn -0.3826834323650898 0.9238795325112868 4.6865204053262986e-17
vn -0.30959740024909344 0.9238795325112868 -0.22493567784086382
vn -0.11825568406654857 0.9238795325112868 -0.3639535720290143
vn 0.11825568406654846 0.9238795325112868 -0.36395357202901435
vn 0.3095974002490934 0.9238795325112868 -0.22493567784086393
vn 0.3826834323650898 0.9238795325112868 -9.373040810652597e-17
vn 0.5555702330196022 0.8314696123025452 0
vn 0.44946576008170774 0.8314696123025452 0.32655598958161497
vn 0.17168064357190665 0.8314696123025452 0.5283786903729095
vn -0.1716806435719066 0.8314696123025452 0.5283786903729096
vn -0.44946576008170763 0.8314696123025452 0.326555989581615
vn -0.5555702330196022 0.8314696123025452 6.80377307569005e-17
vn -0.44946576008170774 0.8314696123025452 -0.3265559895816149
vn -0.1716806435719067 0.8314696123025452 -0.5283786903729095
vn 0.17168064357190652 0.8314696123025452 -0.5283786903729096
vn 0.44946576008170763 0.8314696123025452 -0.3265559895816151
vn 0.5555702330196022 0.8314696123025452 -1.36075461513801e-16
vn 0.7071067811865475 0.7071067811865476 0
vn 0.5720614028176843 0.7071067811865476 0.4156269377774534
vn 0.21850801222441055 0.7071067811865476 0.6724985119639573
vn -0.21850801222441046 0.7071067811865476 0.6724985119639573
vn -0.5720614028176841 0.7071067811865476 0.41562693777745346
vn -0.7071067811865475 0.7071067811865476 8.659560562354932e-17
vn -0.5720614028176843 0.7071067811865476 -0.4156269377774533
vn -0.21850801222441057 0.7071067811865476 -0.6724985119639573
vn 0.21850801222441038 0.7071067811865476 -0.6724985119639573
vn 0.5720614028176841 0.7071067811865476 -0.4156269377774536
vn 0.7071067811865475 0.7071067811865476 -1.7319121124709863e-16
vn 0.8314696123025451 0.5555702330196023 0
vn 0.672673046659108 0.5555702330196023 0.48872557584077636
vn 0.25693824050783537 0.5555702330196023 0.7907745928817406
vn -0.25693824050783526 0.5555702330196023 0.7907745928817407
vn -0.6726730466591079 0.5555702330196023 0.48872557584077647
vn -0.8314696123025451 0.5555702330196023 1.0182565992946028e-16
vn -0.672673046659108 0.5555702330196023 -0.4887255758407763
vn -0.2569382405078354 0.5555702330196023 -0.7907745928817406
vn 0.25693824050783515 0.5555702330196023 -0.7907745928817407
vn 0.6726730466591079 0.5555702330196023 -0.4887255758407766
vn 0.8314696123025451 0.5555702330196023 -2.0365131985892056e-16
vn 0.9238795325112868 0.38268343236508984 0
vn 0.7474342425568128 0.38268343236508984 0.5430427641049989
vn 0.28549447630116936 0.38268343236508984 0.8786616496665794
vn -0.28549447630116925 0.38268343236508984 0.8786616496665796
vn -0.7474342425568126 0.38268343236508984 0.543042764104999
vn -0.9238795325112868 0.38268343236508984 1.1314261122877003e-16
vn -0.7474342425568128 0.38268343236508984 -0.5430427641049987
vn -0.2854944763011695 0.38268343236508984 -0.8786616496665794
vn 0.28549447630116914 0.38268343236508984 -0.8786616496665796
vn 0.7474342425568126 0.38268343236508984 -0.543042764104999
vn 0.9238795325112868 0.38268343236508984 -2.2628522245754005e-16
vn 0.9807852804032304 0.19509032201612833 0
vn 0.7934719596790115 0.19509032201612833 0.5764911234865568
vn 0.3030793194773963 0.19509032201612833 0.9327822320138617
vn -0.3030793194773962 0.19509032201612833 0.9327822320138618
vn -0.7934719596790115 0.19509032201612833 0.576491123486557
vn -0.9807852804032304 0.19509032201612833 1.2011155542966555e-16
vn -0.7934719596790115 0.19509032201612833 -0.5764911234865567
vn -0.3030793194773964 0.19509032201612833 -0.9327822320138617
vn 0.3030793194773961 0.19509032201612833 -0.9327822320138618
vn 0.7934719596790115 0.19509032201612833 -0.5764911234865571
vn 0.9807852804032304 0.19509032201612833 -2.402231108593311e-16
vn 1 6.123233995736766e-17 0
vn 0.8090169943749475 6.123233995736766e-17 0.5877852522924731
vn 0.30901699437494745 6.123233995736766e-17 0.9510565162951535
vn -0.30901699437494734 6.123233995736766e-17 0.9510565162951535
vn -0.8090169943749475 6.123233995736766e-17 0.5877852522924732
vn -1 6.123233995736766e-17 1.2246467991473532e-16
vn -0.8090169943749475 6.123233995736766e-17 -0.587785252292473
vn -0.30901699437494756 6.123233995736766e-17 -0.9510565162951535
vn 0.30901699437494723 6.123233995736766e-17 -0.9510565162951535
vn 0.8090169943749475 6.123233995736766e-17 -0.5877852522924734
vn 1 6.123233995736766e-17 -2.4492935982947064e-16
vn 0 -1 0
vn -0.5773502691896258 -0.5773502691896258 -0.5773502691896258
vn -0.5773502691896258 -0.5773502691896258 0.5773502691896258
vn -0.5773502691896258 0.5773502691896258 -0.5773502691896258
vn -0.5773502691896258 0.5773502691896258 0.5773502691896258
vn 0.5773502691896258 -0.5773502691896258 -0.5773502691896258
vn 0.5773502691896258 -0.5773502691896258 0.5773502691896258
vn 0.5773502691896258 0.5773502691896258 -0.5773502691896258
vn 0.5773502691896258 0.5773502691896258 0.5773502691896258
vn 0 -0.35682208977308993 -0.9341723589627158
vn 0 -0.35682208977308993 0.9341723589627158
vn 0 0.35682208977308993 -0.9341723589627158
vn 0 0.35682208977308993 0.9341723589627158
vn -0.35682208977308993 -0.9341723589627158 0
vn -0.35682208977308993 0.9341723589627158 0
vn 0.35682208977308993 -0.9341723589627158 0
vn 0.35682208977308993 0.9341723589627158 0
vn -0.9341723589627158 0 -0.35682208977308993
vn -0.9341723589627158 0 0.35682208977308993
vn 0.9341723589627158 0 -0.35682208977308993
vn 0.9341723589627158 0 0.35682208977308993
vn 0 -1 0
vn 0 -1 0
vn 0 -1 0
vn 0 -1 0
vn 0 -1 0
vn 0 -1 0
vn 0 -1 0
vn 0 1 0
vn 0 1 0
vn 0 1 0
vn 0 1 0
vn 0 1 0
vn 0 1 0
vn 0 1 0
vn 0 -1 0
vn 0 1 0
vn 0 1 0
vn 0 1 0
vn 0 1 0
vn 0 1 0
vn 0 1 0
vn 0 1 0
vn 0 1 0
vn 0 1 0
vn 0 1 0
vn 0 1 0
vn 0 1 0
vn 0.19509032201612825 0.9807852804032303 0
vn 0.1578313859491287 0.9807852804032303 0.11467121414606977
vn 0.06028622494106459 0.9807852804032303 0.18554192201955863
vn -0.060286224941064566 0.9807852804032303 0.18554192201955866
vn -0.15783138594912868 0.9807852804032303 0.11467121414606979
vn -0.19509032201612825 0.9807852804032303 2.3891673840167787e-17
vn -0.1578313859491287 0.9807852804032303 -0.11467121414606975
vn -0.06028622494106462 0.9807852804032303 -0.18554192201955863
vn 0.06028622494106455 0.9807852804032303 -0.18554192201955866
vn 0.15783138594912868 0.9807852804032303 -0.11467121414606982
vn 0.19509032201612825 0.9807852804032303 -4.7783347680335573e-17
vn 0.3826834323650898 0.9238795325112868 0
vn 0.30959740024909344 0.9238795325112868 0.22493567784086388
vn 0.11825568406654853 0.9238795325112868 0.3639535720290143
vn -0.1182556840665485 0.9238795325112868 0.36395357202901435
vn -0.3095974002490934 0.9238795325112868 0.2249356778408639
vn -0.3826834323650898 0.9238795325112868 4.6865204053262986e-17
vn -0.30959740024909344 0.9238795325112868 -0.22493567784086382
vn -0.11825568406654857 0.9238795325112868 -0.3639535720290143
vn 0.11825568406654846 0.9238795325112868 -0.36395357202901435
vn 0.3095974002490934 0.9238795325112868 -0.22493567784086393
vn 0.3826834323650898 0.9238795325112868 -9.373040810652597e-17
vn 0.5555702330196022 0.8314696123025452 0
vn 0.44946576008170774 0.8314696123025452 0.32655598958161497
vn 0.17168064357190665 0.8314696123025452 0.5283786903729095
vn -0.1716806435719066 0.8314696123025452 0.5283786903729096
vn -0.44946576008170763 0.8314696123025452 0.326555989581615
vn -0.5555702330196022 0.8314696123025452 6.80377307569005e-17
vn -0.44946576008170774 0.8314696123025452 -0.3265559895816149
vn -0.1716806435719067 0.8314696123025452 -0.5283786903729095
vn 0.17168064357190652 0.8314696123025452 -0.5283786903729096
vn 0.44946576008170763 0.8314696123025452 -0.3265559895816151
vn 0.5555702330196022 0.8314696123025452 -1.36075461513801e-16
vn 0.7071067811865475 0.7071067811865476 0
vn 0.5720614028176843 0.7071067811865476 0.4156269377774534
vn 0.21850801222441055 0.7071067811865476 0.6724985119639573
vn -0.21850801222441046 0.7071067811865476 0.6724985119639573
vn -0.5720614028176841 0.7071067811865476 0.41562693777745346
vn -0.7071067811865475 0.7071067811865476 8.659560562354932e-17
vn -0.5720614028176843 0.7071067811865476 -0.4156269377774533
vn -0.21850801222441057 0.7071067811865476 -0.6724985119639573
vn 0.21850801222441038 0.7071067811865476 -0.6724985119639573
vn 0.5720614028176841 0.7071067811865476 -0.4156269377774536
vn 0.7071067811865475 0.7071067811865476 -1.7319121124709863e-16
vn 0.8314696123025451 0.5555702330196023 0
vn 0.672673046659108 0.5555702330196023 0.48872557584077636
vn 0.25693824050783537 0.5555702330196023 0.7907745928817406
vn -0.25693824050783526 0.5555702330196023 0.7907745928817407
vn -0.6726730466591079 0.5555702330196023 0.48872557584077647
vn -0.8314696123025451 0.5555702330196023 1.0182565992946028e-16
vn -0.672673046659108 0.5555702330196023 -0.4887255758407763
vn -0.2569382405078354 0.5555702330196023 -0.7907745928817406
vn 0.25693824050783515 0.5555702330196023 -0.7907745928817407
vn 0.6726730466591079 0.5555702330196023 -0.4887255758407766
vn 0.8314696123025451 0.5555702330196023 -2.0365131985892056e-16
vn 0.9238795325112868 0.38268343236508984 0
vn 0.7474342425568128 0.38268343236508984 0.5430427641049989
vn 0.28549447630116936 0.38268343236508984 0.8786616496665794
vn -0.28549447630116925 0.38268343236508984 0.8786616496665796
vn -0.7474342425568126 0.38268343236508984 0.543042764104999
vn -0.9238795325112868 0.38268343236508984 1.1314261122877003e-16
vn -0.7474342425568128 0.38268343236508984 -0.5430427641049987
vn -0.2854944763011695 0.38268343236508984 -0.8786616496665794
vn 0.28549447630116914 0.38268343236508984 -0.8786616496665796
vn 0.7474342425568126 0.38268343236508984 -0.543042764104999
vn 0.9238795325112868 0.38268343236508984 -2.2628522245754005e-16
vn 0.9807852804032304 0.19509032201612833 0
vn 0.7934719596790115 0.19509032201612833 0.5764911234865568
vn 0.3030793194773963 0.19509032201612833 0.9327822320138617
vn -0.3030793194773962 0.19509032201612833 0.9327822320138618
vn -0.7934719596790115 0.19509032201612833 0.576491123486557
vn -0.9807852804032304 0.19509032201612833 1.2011155542966555e-16
vn -0.7934719596790115 0.19509032201612833 -0.5764911234865567
vn -0.3030793194773964 0.19509032201612833 -0.9327822320138617
vn 0.3030793194773961 0.19509032201612833 -0.9327822320138618
vn 0.7934719596790115 0.19509032201612833 -0.5764911234865571
vn 0.9807852804032304 0.19509032201612833 -2.402231108593311e-16
vn 1 6.123233995736766e-17 0
vn 0.8090169943749475 6.123233995736766e-17 0.5877852522924731
vn 0.30901699437494745 6.123233995736766e-17 0.9510565162951535
vn -0.30901699437494734 6.123233995736766e-17 0.9510565162951535
vn -0.8090169943749475 6.123233995736766e-17 0.5877852522924732
vn -1 6.123233995736766e-17 1.2246467991473532e-16
vn -0.8090169943749475 6.123233995736766e-17 -0.587785252292473
vn -0.30901699437494756 6.123233995736766e-17 -0.9510565162951535
vn 0.30901699437494723 6.123233995736766e-17 -0.9510565162951535
vn 0.8090169943749475 6.123233995736766e-17 -0.5877852522924734
vn 1 6.123233995736766e-17 -2.4492935982947064e-16
vn 0 -1 0
vn -0.5773502691896258 -0.5773502691896258 -0.5773502691896258
vn -0.5773502691896258 -0.5773502691896258 0.5773502691896258
vn -0.5773502691896258 0.5773502691896258 -0.5773502691896258
vn -0.5773502691896258 0.5773502691896258 0.5773502691896258
vn 0.5773502691896258 -0.5773502691896258 -0.5773502691896258
vn 0.5773502691896258 -0.5773502691896258 0.5773502691896258
vn 0.5773502691896258 0.5773502691896258 -0.5773502691896258
vn 0.5773502691896258 0.5773502691896258 0.5773502691896258
vn 0 -0.35682208977308993 -0.9341723589627158
vn 0 -0.35682208977308993 0.9341723589627158
vn 0 0.35682208977308993 -0.9341723589627158
vn 0 0.35682208977308993 0.9341723589627158
vn -0.35682208977308993 -0.9341723589627158 0
vn -0.35682208977308993 0.9341723589627158 0
vn 0.35682208977308993 -0.9341723589627158 0
vn 0.35682208977308993 0.9341723589627158 0
vn -0.9341723589627158 0 -0.35682208977308993
vn -0.9341723589627158 0 0.35682208977308993
vn 0.9341723589627158 0 -0.35682208977308993
vn 0.9341723589627158 0 0.35682208977308993
vn 0 -1 0
vn 0 -1 0
vn 0 -1 0
vn 0 -1 0
vn 0 -1 0
vn 0 -1 0
vn 0 -1 0
vn 0 1 0
vn 0 1 0
vn 0 1 0
vn 0 1 0
vn 0 1 0
vn 0 1 0
vn 0 1 0
vn 0 -1 0
vn 0 1 0
vn 0 1 0
vn 0 1 0
vn 0 1 0
vn 0 1 0
vn 0 1 0
vn 0 1 0
vn 0 1 0
vn 0 1 0
vn 0 1 0
vn 0 1 0
vn 0 1 0
vn 0.19509032201612825 0.9807852804032303 0
vn 0.1578313859491287 0.9807852804032303 0.11467121414606977
vn 0.06028622494106459 0.9807852804032303 0.18554192201955863
vn -0.060286224941064566 0.9807852804032303 0.18554192201955866
vn -0.15783138594912868 0.9807852804032303 0.11467121414606979
vn -0.19509032201612825 0.9807852804032303 2.3891673840167787e-17
vn -0.1578313859491287 0.9807852804032303 -0.11467121414606975
vn -0.06028622494106462 0.9807852804032303 -0.18554192201955863
vn 0.06028622494106455 0.9807852804032303 -0.18554192201955866
vn 0.15783138594912868 0.9807852804032303 -0.11467121414606982
vn 0.19509032201612825 0.9807852804032303 -4.7783347680335573e-17
vn 0.3826834323650898 0.9238795325112868 0
vn 0.30959740024909344 0.9238795325112868 0.22493567784086388
vn 0.11825568406654853 0.9238795325112868 0.3639535720290143
vn -0.1182556840665485 0.9238795325112868 0.36395357202901435
vn -0.3095974002490934 0.9238795325112868 0.2249356778408639
vn -0.3826834323650898 0.9238795325112868 4.6865204053262986e-17
vn -0.30959740024909344 0.9238795325112868 -0.22493567784086382
vn -0.11825568406654857 0.9238795325112868 -0.3639535720290143
vn 0.11825568406654846 0.9238795325112868 -0.36395357202901435
vn 0.3095974002490934 0.9238795325112868 -0.22493567784086393
vn 0.3826834323650898 0.9238795325112868 -9.373040810652597e-17
vn 0.5555702330196022 0.8314696123025452 0
vn 0.44946576008170774 0.8314696123025452 0.32655598958161497
vn 0.17168064357190665 0.8314696123025452 0.5283786903729095
vn -0.1716806435719066 0.8314696123025452 0.5283786903729096
vn -0.44946576008170763 0.8314696123025452 0.326555989581615
vn -0.5555702330196022 0.8314696123025452 6.80377307569005e-17
vn -0.44946576008170774 0.8314696123025452 -0.3265559895816149
vn -0.1716806435719067 0.8314696123025452 -0.5283786903729095
vn 0.17168064357190652 0.8314696123025452 -0.5283786903729096
vn 0.44946576008170763 0.8314696123025452 -0.3265559895816151
vn 0.5555702330196022 0.8314696123025452 -1.36075461513801e-16
vn 0.7071067811865475 0.7071067811865476 0
vn 0.5720614028176843 0.7071067811865476 0.4156269377774534
vn 0.21850801222441055 0.7071067811865476 0.6724985119639573
vn -0.21850801222441046 0.7071067811865476 0.6724985119639573
vn -0.5720614028176841 0.7071067811865476 0.41562693777745346
vn -0.7071067811865475 0.7071067811865476 8.659560562354932e-17
vn -0.5720614028176843 0.7071067811865476 -0.4156269377774533
vn -0.21850801222441057 0.7071067811865476 -0.6724985119639573
vn 0.21850801222441038 0.7071067811865476 -0.6724985119639573
vn 0.5720614028176841 0.7071067811865476 -0.4156269377774536
vn 0.7071067811865475 0.7071067811865476 -1.7319121124709863e-16
vn 0.8314696123025451 0.5555702330196023 0
vn 0.672673046659108 0.5555702330196023 0.48872557584077636
vn 0.25693824050783537 0.5555702330196023 0.7907745928817406
vn -0.25693824050783526 0.5555702330196023 0.7907745928817407
vn -0.6726730466591079 0.5555702330196023 0.48872557584077647
vn -0.8314696123025451 0.5555702330196023 1.0182565992946028e-16
vn -0.672673046659108 0.5555702330196023 -0.4887255758407763
vn -0.2569382405078354 0.5555702330196023 -0.7907745928817406
vn 0.25693824050783515 0.5555702330196023 -0.7907745928817407
vn 0.6726730466591079 0.5555702330196023 -0.4887255758407766
vn 0.8314696123025451 0.5555702330196023 -2.0365131985892056e-16
vn 0.9238795325112868 0.38268343236508984 0
vn 0.7474342425568128 0.38268343236508984 0.5430427641049989
vn 0.28549447630116936 0.38268343236508984 0.8786616496665794
vn -0.28549447630116925 0.38268343236508984 0.8786616496665796
vn -0.7474342425568126 0.38268343236508984 0.543042764104999
vn -0.9238795325112868 0.38268343236508984 1.1314261122877003e-16
vn -0.7474342425568128 0.38268343236508984 -0.5430427641049987
vn -0.2854944763011695 0.38268343236508984 -0.8786616496665794
vn 0.28549447630116914 0.38268343236508984 -0.8786616496665796
vn 0.7474342425568126 0.38268343236508984 -0.543042764104999
vn 0.9238795325112868 0.38268343236508984 -2.2628522245754005e-16
vn 0.9807852804032304 0.19509032201612833 0
vn 0.7934719596790115 0.19509032201612833 0.5764911234865568
vn 0.3030793194773963 0.19509032201612833 0.9327822320138617
vn -0.3030793194773962 0.19509032201612833 0.9327822320138618
vn -0.7934719596790115 0.19509032201612833 0.576491123486557
vn -0.9807852804032304 0.19509032201612833 1.2011155542966555e-16
vn -0.7934719596790115 0.19509032201612833 -0.5764911234865567
vn -0.3030793194773964 0.19509032201612833 -0.9327822320138617
vn 0.3030793194773961 0.19509032201612833 -0.9327822320138618
vn 0.7934719596790115 0.19509032201612833 -0.5764911234865571
vn 0.9807852804032304 0.19509032201612833 -2.402231108593311e-16
vn 1 6.123233995736766e-17 0
vn 0.8090169943749475 6.123233995736766e-17 0.5877852522924731
vn 0.30901699437494745 6.123233995736766e-17 0.9510565162951535
vn -0.30901699437494734 6.123233995736766e-17 0.9510565162951535
vn -0.8090169943749475 6.123233995736766e-17 0.5877852522924732
vn -1 6.123233995736766e-17 1.2246467991473532e-16
vn -0.8090169943749475 6.123233995736766e-17 -0.587785252292473
vn -0.30901699437494756 6.123233995736766e-17 -0.9510565162951535
vn 0.30901699437494723 6.123233995736766e-17 -0.9510565162951535
vn 0.8090169943749475 6.123233995736766e-17 -0.5877852522924734
vn 1 6.123233995736766e-17 -2.4492935982947064e-16
vn 0 -1 0
vn -0.5773502691896258 -0.5773502691896258 -0.5773502691896258
vn -0.5773502691896258 -0.5773502691896258 0.5773502691896258
vn -0.5773502691896258 0.5773502691896258 -0.5773502691896258
vn -0.5773502691896258 0.5773502691896258 0.5773502691896258
vn 0.5773502691896258 -0.5773502691896258 -0.5773502691896258
vn 0.5773502691896258 -0.5773502691896258 0.5773502691896258
vn 0.5773502691896258 0.5773502691896258 -0.5773502691896258
vn 0.5773502691896258 0.5773502691896258 0.5773502691896258
vn 0 -0.35682208977308993 -0.9341723589627158
vn 0 -0.35682208977308993 0.9341723589627158
vn 0 0.35682208977308993 -0.9341723589627158
vn 0 0.35682208977308993 0.9341723589627158
vn -0.35682208977308993 -0.9341723589627158 0
vn -0.35682208977308993 0.9341723589627158 0
vn 0.35682208977308993 -0.9341723589627158 0
vn 0.35682208977308993 0.9341723589627158 0
vn -0.9341723589627158 0 -0.35682208977308993
vn -0.9341723589627158 0 0.35682208977308993
vn 0.9341723589627158 0 -0.35682208977308993
vn 0.9341723589627158 0 0.35682208977308993
vn 0 -1 0
vn 0 -1 0
vn 0 -1 0
vn 0 -1 0
vn 0 -1 0
vn 0 -1 0
vn 0 -1 0
vn 0 1 0
vn 0 1 0
vn 0 1 0
vn 0 1 0
vn 0 1 0
vn 0 1 0
vn 0 1 0
vn 0 -1 0
vn 0 1 0
vn 0 1 0
vn 0 1 0
vn 0 1 0
vn 0 1 0
vn 0 1 0
vn 0 1 0
vn 0 1 0
vn 0 1 0
vn 0 1 0
vn 0 1 0
vn 0 1 0
vn 0.19509032201612825 0.9807852804032303 0
vn 0.1578313859491287 0.9807852804032303 0.11467121414606979
vn 0.06028622494106459 0.9807852804032303 0.18554192201955866
vn -0.06028622494106456 0.9807852804032303 0.18554192201955866
vn -0.15783138594912868 0.9807852804032303 0.11467121414606979
vn -0.19509032201612825 0.9807852804032303 2.3891673840167787e-17
vn -0.1578313859491287 0.9807852804032303 -0.11467121414606975
vn -0.060286224941064614 0.9807852804032303 -0.18554192201955866
vn 0.060286224941064545 0.9807852804032303 -0.18554192201955866
vn 0.15783138594912868 0.9807852804032303 -0.11467121414606983
vn 0.19509032201612825 0.9807852804032303 -4.7783347680335573e-17
vn 0.3826834323650898 0.9238795325112868 0
vn 0.30959740024909344 0.9238795325112868 0.22493567784086388
vn 0.11825568406654853 0.9238795325112868 0.3639535720290143
vn -0.11825568406654847 0.9238795325112868 0.36395357202901435
vn -0.3095974002490934 0.9238795325112868 0.22493567784086393
vn -0.3826834323650898 0.9238795325112868 4.6865204053262986e-17
vn -0.30959740024909344 0.9238795325112868 -0.22493567784086385
vn -0.11825568406654859 0.9238795325112868 -0.3639535720290143
vn 0.11825568406654846 0.9238795325112868 -0.36395357202901435
vn 0.3095974002490934 0.9238795325112868 -0.22493567784086396
vn 0.3826834323650898 0.9238795325112868 -9.373040810652597e-17
vn 0.5555702330196022 0.8314696123025452 0
vn 0.44946576008170774 0.8314696123025452 0.32655598958161497
vn 0.17168064357190665 0.8314696123025452 0.5283786903729095
vn -0.1716806435719066 0.8314696123025452 0.5283786903729096
vn -0.4494657600817077 0.8314696123025452 0.326555989581615
vn -0.5555702330196022 0.8314696123025452 6.80377307569005e-17
vn -0.44946576008170774 0.8314696123025452 -0.3265559895816149
vn -0.1716806435719067 0.8314696123025452 -0.5283786903729095
vn 0.17168064357190652 0.8314696123025452 -0.5283786903729096
vn 0.4494657600817077 0.8314696123025452 -0.3265559895816151
vn 0.5555702330196022 0.8314696123025452 -1.36075461513801e-16
vn 0.7071067811865475 0.7071067811865476 0
vn 0.5720614028176843 0.7071067811865476 0.4156269377774534
vn 0.21850801222441055 0.7071067811865476 0.6724985119639573
vn -0.21850801222441046 0.7071067811865476 0.6724985119639573
vn -0.5720614028176841 0.7071067811865476 0.4156269377774535
vn -0.7071067811865475 0.7071067811865476 8.659560562354932e-17
vn -0.5720614028176843 0.7071067811865476 -0.41562693777745335
vn -0.2185080122244106 0.7071067811865476 -0.6724985119639573
vn 0.21850801222441038 0.7071067811865476 -0.6724985119639573
vn 0.5720614028176841 0.7071067811865476 -0.4156269377774536
vn 0.7071067811865475 0.7071067811865476 -1.7319121124709863e-16
vn 0.8314696123025452 0.5555702330196023 0
vn 0.672673046659108 0.5555702330196023 0.48872557584077636
vn 0.25693824050783537 0.5555702330196023 0.7907745928817407
vn -0.25693824050783526 0.5555702330196023 0.7907745928817407
vn -0.6726730466591079 0.5555702330196023 0.4887255758407764
vn -0.8314696123025452 0.5555702330196023 1.0182565992946028e-16
vn -0.672673046659108 0.5555702330196023 -0.48872557584077625
vn -0.2569382405078354 0.5555702330196023 -0.7907745928817407
vn 0.25693824050783515 0.5555702330196023 -0.7907745928817407
vn 0.6726730466591079 0.5555702330196023 -0.4887255758407766
vn 0.8314696123025452 0.5555702330196023 -2.0365131985892056e-16
vn 0.9238795325112867 0.38268343236508984 0
vn 0.7474342425568128 0.38268343236508984 0.5430427641049989
vn 0.28549447630116936 0.38268343236508984 0.8786616496665794
vn -0.28549447630116925 0.38268343236508984 0.8786616496665797
vn -0.7474342425568127 0.38268343236508984 0.543042764104999
vn -0.9238795325112867 0.38268343236508984 1.1314261122877003e-16
vn -0.7474342425568128 0.38268343236508984 -0.5430427641049987
vn -0.2854944763011695 0.38268343236508984 -0.8786616496665794
vn 0.28549447630116914 0.38268343236508984 -0.8786616496665797
vn 0.7474342425568127 0.38268343236508984 -0.543042764104999
vn 0.9238795325112867 0.38268343236508984 -2.2628522245754005e-16
vn 0.9807852804032304 0.19509032201612833 0
vn 0.7934719596790115 0.19509032201612833 0.5764911234865568
vn 0.3030793194773963 0.19509032201612833 0.9327822320138618
vn -0.3030793194773962 0.19509032201612833 0.9327822320138618
vn -0.7934719596790114 0.19509032201612833 0.576491123486557
vn -0.9807852804032304 0.19509032201612833 1.2011155542966555e-16
vn -0.7934719596790115 0.19509032201612833 -0.5764911234865567
vn -0.3030793194773964 0.19509032201612833 -0.9327822320138618
vn 0.3030793194773961 0.19509032201612833 -0.9327822320138618
vn 0.7934719596790114 0.19509032201612833 -0.5764911234865571
vn 0.9807852804032304 0.19509032201612833 -2.402231108593311e-16
vn 1 6.123233995736766e-17 0
vn 0.8090169943749475 6.123233995736766e-17 0.5877852522924731
vn 0.30901699437494745 6.123233995736766e-17 0.9510565162951536
vn -0.30901699437494734 6.123233995736766e-17 0.9510565162951536
vn -0.8090169943749473 6.123233995736766e-17 0.5877852522924732
vn -1 6.123233995736766e-17 1.2246467991473532e-16
vn -0.8090169943749475 6.123233995736766e-17 -0.587785252292473
vn -0.30901699437494756 6.123233995736766e-17 -0.9510565162951536
vn 0.30901699437494723 6.123233995736766e-17 -0.9510565162951536
vn 0.8090169943749473 6.123233995736766e-17 -0.5877852522924734
vn 1 6.123233995736766e-17 -2.4492935982947064e-16
vn 0 -1 0
vn -0.5773502691896258 -0.5773502691896258 -0.5773502691896258
vn -0.5773502691896258 -0.5773502691896258 0.5773502691896258
vn -0.5773502691896258 0.5773502691896258 -0.5773502691896258
vn -0.5773502691896258 0.5773502691896258 0.5773502691896258
vn 0.5773502691896258 -0.5773502691896258 -0.5773502691896258
vn 0.5773502691896258 -0.5773502691896258 0.5773502691896258
vn 0.5773502691896258 0.5773502691896258 -0.5773502691896258
vn 0.5773502691896258 0.5773502691896258 0.5773502691896258
vn 0 -0.35682208977308993 -0.9341723589627158
vn 0 -0.35682208977308993 0.9341723589627158
vn 0 0.35682208977308993 -0.9341723589627158
vn 0 0.35682208977308993 0.9341723589627158
vn -0.35682208977308993 -0.9341723589627158 0
vn -0.35682208977308993 0.9341723589627158 0
vn 0.35682208977308993 -0.9341723589627158 0
vn 0.35682208977308993 0.9341723589627158 0
vn -0.9341723589627158 0 -0.35682208977308993
vn -0.9341723589627158 0 0.35682208977308993
vn 0.9341723589627158 0 -0.35682208977308993
vn 0.9341723589627158 0 0.35682208977308993
vn 0 -1 0
vn 0 -1 0
vn 0 -1 0
vn 0 -1 0
vn 0 -1 0
vn 0 -1 0
vn 0 -1 0
vn 0 1 0
vn 0 1 0
vn 0 1 0
vn 0 1 0
vn 0 1 0
vn 0 1 0
vn 0 1 0
vn 0 -1 0
vn 0 1 0
vn 0 1 0
vn 0 1 0
vn 0 1 0
vn 0 1 0
vn 0 1 0
vn 0 1 0
vn 0 1 0
vn 0 1 0
vn 0 1 0
vn 0 1 0
vn 0 1 0
vn 0.19509032201612825 0.9807852804032303 0
vn 0.1578313859491287 0.9807852804032303 0.11467121414606979
vn 0.06028622494106459 0.9807852804032303 0.18554192201955866
vn -0.06028622494106456 0.9807852804032303 0.18554192201955866
vn -0.15783138594912868 0.9807852804032303 0.11467121414606979
vn -0.19509032201612825 0.9807852804032303 2.3891673840167787e-17
vn -0.1578313859491287 0.9807852804032303 -0.11467121414606975
vn -0.060286224941064614 0.9807852804032303 -0.18554192201955866
vn 0.060286224941064545 0.9807852804032303 -0.18554192201955866
vn 0.15783138594912868 0.9807852804032303 -0.11467121414606983
vn 0.19509032201612825 0.9807852804032303 -4.7783347680335573e-17
vn 0.3826834323650898 0.9238795325112868 0
vn 0.30959740024909344 0.9238795325112868 0.22493567784086388
vn 0.11825568406654853 0.9238795325112868 0.3639535720290143
vn -0.11825568406654847 0.9238795325112868 0.36395357202901435
vn -0.3095974002490934 0.9238795325112868 0.22493567784086393
vn -0.3826834323650898 0.9238795325112868 4.6865204053262986e-17
vn -0.30959740024909344 0.9238795325112868 -0.22493567784086385
vn -0.11825568406654859 0.9238795325112868 -0.3639535720290143
vn 0.11825568406654846 0.9238795325112868 -0.36395357202901435
vn 0.3095974002490934 0.9238795325112868 -0.22493567784086396
vn 0.3826834323650898 0.9238795325112868 -9.373040810652597e-17
vn 0.5555702330196022 0.8314696123025452 0
vn 0.44946576008170774 0.8314696123025452 0.32655598958161497
vn 0.17168064357190665 0.8314696123025452 0.5283786903729095
vn -0.1716806435719066 0.8314696123025452 0.5283786903729096
vn -0.4494657600817077 0.8314696123025452 0.326555989581615
vn -0.5555702330196022 0.8314696123025452 6.80377307569005e-17
vn -0.44946576008170774 0.8314696123025452 -0.3265559895816149
vn -0.1716806435719067 0.8314696123025452 -0.5283786903729095
vn 0.17168064357190652 0.8314696123025452 -0.5283786903729096
vn 0.4494657600817077 0.8314696123025452 -0.3265559895816151
vn 0.5555702330196022 0.8314696123025452 -1.36075461513801e-16
vn 0.7071067811865475 0.7071067811865476 0
vn 0.5720614028176843 0.7071067811865476 0.4156269377774534
vn 0.21850801222441055 0.7071067811865476 0.6724985119639573
vn -0.21850801222441046 0.7071067811865476 0.6724985119639573
vn -0.5720614028176841 0.7071067811865476 0.4156269377774535
vn -0.7071067811865475 0.7071067811865476 8.659560562354932e-17
vn -0.5720614028176843 0.7071067811865476 -0.41562693777745335
vn -0.2185080122244106 0.7071067811865476 -0.6724985119639573
vn 0.21850801222441038 0.7071067811865476 -0.6724985119639573
vn 0.5720614028176841 0.7071067811865476 -0.4156269377774536
vn 0.7071067811865475 0.7071067811865476 -1.7319121124709863e-16
vn 0.8314696123025452 0.5555702330196023 0
vn 0.672673046659108 0.5555702330196023 0.48872557584077636
vn 0.25693824050783537 0.5555702330196023 0.7907745928817407
vn -0.25693824050783526 0.5555702330196023 0.7907745928817407
vn -0.6726730466591079 0.5555702330196023 0.4887255758407764
vn -0.8314696123025452 0.5555702330196023 1.0182565992946028e-16
vn -0.672673046659108 0.5555702330196023 -0.48872557584077625
vn -0.2569382405078354 0.5555702330196023 -0.7907745928817407
vn 0.25693824050783515 0.5555702330196023 -0.7907745928817407
vn 0.6726730466591079 0.5555702330196023 -0.4887255758407766
vn 0.8314696123025452 0.5555702330196023 -2.0365131985892056e-16
vn 0.9238795325112867 0.38268343236508984 0
vn 0.7474342425568128 0.38268343236508984 0.5430427641049989
vn 0.28549447630116936 0.38268343236508984 0.8786616496665794
vn -0.28549447630116925 0.38268343236508984 0.8786616496665797
vn -0.7474342425568127 0.38268343236508984 0.543042764104999
vn -0.9238795325112867 0.38268343236508984 1.1314261122877003e-16
vn -0.7474342425568128 0.38268343236508984 -0.5430427641049987
vn -0.2854944763011695 0.38268343236508984 -0.8786616496665794
vn 0.28549447630116914 0.38268343236508984 -0.8786616496665797
vn 0.7474342425568127 0.38268343236508984 -0.543042764104999
vn 0.9238795325112867 0.38268343236508984 -2.2628522245754005e-16
vn 0.9807852804032304 0.19509032201612833 0
vn 0.7934719596790115 0.19509032201612833 0.5764911234865568
vn 0.3030793194773963 0.19509032201612833 0.9327822320138618
vn -0.3030793194773962 0.19509032201612833 0.9327822320138618
vn -0.7934719596790114 0.19509032201612833 0.576491123486557
vn -0.9807852804032304 0.19509032201612833 1.2011155542966555e-16
vn -0.7934719596790115 0.19509032201612833 -0.5764911234865567
vn -0.3030793194773964 0.19509032201612833 -0.9327822320138618
vn 0.3030793194773961 0.19509032201612833 -0.9327822320138618
vn 0.7934719596790114 0.19509032201612833 -0.5764911234865571
vn 0.9807852804032304 0.19509032201612833 -2.402231108593311e-16
vn 1 6.123233995736766e-17 0
vn 0.8090169943749475 6.123233995736766e-17 0.5877852522924731
vn 0.30901699437494745 6.123233995736766e-17 0.9510565162951536
vn -0.30901699437494734 6.123233995736766e-17 0.9510565162951536
vn -0.8090169943749473 6.123233995736766e-17 0.5877852522924732
vn -1 6.123233995736766e-17 1.2246467991473532e-16
vn -0.8090169943749475 6.123233995736766e-17 -0.587785252292473
vn -0.30901699437494756 6.123233995736766e-17 -0.9510565162951536
vn 0.30901699437494723 6.123233995736766e-17 -0.9510565162951536
vn 0.8090169943749473 6.123233995736766e-17 -0.5877852522924734
vn 1 6.123233995736766e-17 -2.4492935982947064e-16
vn 0 -1 0
vn -0.5773502691896258 -0.5773502691896258 -0.5773502691896258
vn -0.5773502691896258 -0.5773502691896258 0.5773502691896258
vn -0.5773502691896258 0.5773502691896258 -0.5773502691896258
vn -0.5773502691896258 0.5773502691896258 0.5773502691896258
vn 0.5773502691896258 -0.5773502691896258 -0.5773502691896258
vn 0.5773502691896258 -0.5773502691896258 0.5773502691896258
vn 0.5773502691896258 0.5773502691896258 -0.5773502691896258
vn 0.5773502691896258 0.5773502691896258 0.5773502691896258
vn 0 -0.35682208977308993 -0.9341723589627158
vn 0 -0.35682208977308993 0.9341723589627158
vn 0 0.35682208977308993 -0.9341723589627158
vn 0 0.35682208977308993 0.9341723589627158
vn -0.35682208977308993 -0.9341723589627158 0
vn -0.35682208977308993 0.9341723589627158 0
vn 0.35682208977308993 -0.9341723589627158 0
vn 0.35682208977308993 0.9341723589627158 0
vn -0.9341723589627158 0 -0.35682208977308993
vn -0.9341723589627158 0 0.35682208977308993
vn 0.9341723589627158 0 -0.35682208977308993
vn 0.9341723589627158 0 0.35682208977308993
vn 0 -1 0
vn 0 -1 0
vn 0 -1 0
vn 0 -1 0
vn 0 -1 0
vn 0 -1 0
vn 0 -1 0
vn 0 1 0
vn 0 1 0
vn 0 1 0
vn 0 1 0
vn 0 1 0
vn 0 1 0
vn 0 1 0
vn 0 -1 0
vn 0 1 0
vn 0 1 0
vn 0 1 0
vn 0 1 0
vn 0 1 0
vn 0 1 0
vn 0 1 0
vn 0 1 0
vn 0 1 0
vn 0 1 0
vn 0 1 0
vn 0 1 0
vn 0.19509032201612825 0.9807852804032303 0
vn 0.1578313859491287 0.9807852804032303 0.11467121414606979
vn 0.06028622494106459 0.9807852804032303 0.18554192201955866
vn -0.06028622494106456 0.9807852804032303 0.18554192201955866
vn -0.15783138594912868 0.9807852804032303 0.11467121414606979
vn -0.19509032201612825 0.9807852804032303 2.3891673840167787e-17
vn -0.1578313859491287 0.9807852804032303 -0.11467121414606975
vn -0.060286224941064614 0.9807852804032303 -0.18554192201955866
vn 0.060286224941064545 0.9807852804032303 -0.18554192201955866
vn 0.15783138594912868 0.9807852804032303 -0.11467121414606983
vn 0.19509032201612825 0.9807852804032303 -4.7783347680335573e-17
vn 0.3826834323650898 0.9238795325112868 0
vn 0.30959740024909344 0.9238795325112868 0.22493567784086388
vn 0.11825568406654853 0.9238795325112868 0.3639535720290143
vn -0.11825568406654847 0.9238795325112868 0.36395357202901435
vn -0.3095974002490934 0.9238795325112868 0.22493567784086393
vn -0.3826834323650898 0.9238795325112868 4.6865204053262986e-17
vn -0.30959740024909344 0.9238795325112868 -0.22493567784086385
vn -0.11825568406654859 0.9238795325112868 -0.3639535720290143
vn 0.11825568406654846 0.9238795325112868 -0.36395357202901435
vn 0.3095974002490934 0.9238795325112868 -0.22493567784086396
vn 0.3826834323650898 0.9238795325112868 -9.373040810652597e-17
vn 0.5555702330196022 0.8314696123025452 0
vn 0.44946576008170774 0.8314696123025452 0.32655598958161497
vn 0.17168064357190665 0.8314696123025452 0.5283786903729095
vn -0.1716806435719066 0.8314696123025452 0.5283786903729096
vn -0.4494657600817077 0.8314696123025452 0.326555989581615
vn -0.5555702330196022 0.8314696123025452 6.80377307569005e-17
vn -0.44946576008170774 0.8314696123025452 -0.3265559895816149
vn -0.1716806435719067 0.8314696123025452 -0.5283786903729095
vn 0.17168064357190652 0.8314696123025452 -0.5283786903729096
vn 0.4494657600817077 0.8314696123025452 -0.3265559895816151
vn 0.5555702330196022 0.8314696123025452 -1.36075461513801e-16
vn 0.7071067811865475 0.7071067811865476 0
vn 0.5720614028176843 0.7071067811865476 0.4156269377774534
vn 0.21850801222441055 0.7071067811865476 0.6724985119639573
vn -0.21850801222441046 0.7071067811865476 0.6724985119639573
vn -0.5720614028176841 0.7071067811865476 0.4156269377774535
vn -0.7071067811865475 0.7071067811865476 8.659560562354932e-17
vn -0.5720614028176843 0.7071067811865476 -0.41562693777745335
vn -0.2185080122244106 0.7071067811865476 -0.6724985119639573
vn 0.21850801222441038 0.7071067811865476 -0.6724985119639573
vn 0.5720614028176841 0.7071067811865476 -0.4156269377774536
vn 0.7071067811865475 0.7071067811865476 -1.7319121124709863e-16
vn 0.8314696123025452 0.5555702330196023 0
vn 0.672673046659108 0.5555702330196023 0.48872557584077636
vn 0.25693824050783537 0.5555702330196023 0.7907745928817407
vn -0.25693824050783526 0.5555702330196023 0.7907745928817407
vn -0.6726730466591079 0.5555702330196023 0.4887255758407764
vn -0.8314696123025452 0.5555702330196023 1.0182565992946028e-16
vn -0.672673046659108 0.5555702330196023 -0.48872557584077625
vn -0.2569382405078354 0.5555702330196023 -0.7907745928817407
vn 0.25693824050783515 0.5555702330196023 -0.7907745928817407
vn 0.6726730466591079 0.5555702330196023 -0.4887255758407766
vn 0.8314696123025452 0.5555702330196023 -2.0365131985892056e-16
vn 0.9238795325112867 0.38268343236508984 0
vn 0.7474342425568128 0.38268343236508984 0.5430427641049989
vn 0.28549447630116936 0.38268343236508984 0.8786616496665794
vn -0.28549447630116925 0.38268343236508984 0.8786616496665797
vn -0.7474342425568127 0.38268343236508984 0.543042764104999
vn -0.9238795325112867 0.38268343236508984 1.1314261122877003e-16
vn -0.7474342425568128 0.38268343236508984 -0.5430427641049987
vn -0.2854944763011695 0.38268343236508984 -0.8786616496665794
vn 0.28549447630116914 0.38268343236508984 -0.8786616496665797
vn 0.7474342425568127 0.38268343236508984 -0.543042764104999
vn 0.9238795325112867 0.38268343236508984 -2.2628522245754005e-16
vn 0.9807852804032304 0.19509032201612833 0
vn 0.7934719596790115 0.19509032201612833 0.5764911234865568
vn 0.3030793194773963 0.19509032201612833 0.9327822320138618
vn -0.3030793194773962 0.19509032201612833 0.9327822320138618
vn -0.7934719596790114 0.19509032201612833 0.576491123486557
vn -0.9807852804032304 0.19509032201612833 1.2011155542966555e-16
vn -0.7934719596790115 0.19509032201612833 -0.5764911234865567
vn -0.3030793194773964 0.19509032201612833 -0.9327822320138618
vn 0.3030793194773961 0.19509032201612833 -0.9327822320138618
vn 0.7934719596790114 0.19509032201612833 -0.5764911234865571
vn 0.9807852804032304 0.19509032201612833 -2.402231108593311e-16
vn 1 6.123233995736766e-17 0
vn 0.8090169943749475 6.123233995736766e-17 0.5877852522924731
vn 0.30901699437494745 6.123233995736766e-17 0.9510565162951536
vn -0.30901699437494734 6.123233995736766e-17 0.9510565162951536
vn -0.8090169943749473 6.123233995736766e-17 0.5877852522924732
vn -1 6.123233995736766e-17 1.2246467991473532e-16
vn -0.8090169943749475 6.123233995736766e-17 -0.587785252292473
vn -0.30901699437494756 6.123233995736766e-17 -0.9510565162951536
vn 0.30901699437494723 6.123233995736766e-17 -0.9510565162951536
vn 0.8090169943749473 6.123233995736766e-17 -0.5877852522924734
vn 1 6.123233995736766e-17 -2.4492935982947064e-16
vn 0 -1 0
vn -0.5773502691896258 -0.5773502691896258 -0.5773502691896258
vn -0.5773502691896258 -0.5773502691896258 0.5773502691896258
vn -0.5773502691896258 0.5773502691896258 -0.5773502691896258
vn -0.5773502691896258 0.5773502691896258 0.5773502691896258
vn 0.5773502691896258 -0.5773502691896258 -0.5773502691896258
vn 0.5773502691896258 -0.5773502691896258 0.5773502691896258
vn 0.5773502691896258 0.5773502691896258 -0.5773502691896258
vn 0.5773502691896258 0.5773502691896258 0.5773502691896258
vn 0 -0.35682208977308993 -0.9341723589627158
vn 0 -0.35682208977308993 0.9341723589627158
vn 0 0.35682208977308993 -0.9341723589627158
vn 0 0.35682208977308993 0.9341723589627158
vn -0.35682208977308993 -0.9341723589627158 0
vn -0.35682208977308993 0.9341723589627158 0
vn 0.35682208977308993 -0.9341723589627158 0
vn 0.35682208977308993 0.9341723589627158 0
vn -0.9341723589627158 0 -0.35682208977308993
vn -0.9341723589627158 0 0.35682208977308993
vn 0.9341723589627158 0 -0.35682208977308993
vn 0.9341723589627158 0 0.35682208977308993
vn 0 -1 0
vn 0 -1 0
vn 0 -1 0
vn 0 -1 0
vn 0 -1 0
vn 0 -1 0
vn 0 -1 0
vn 0 1 0
vn 0 1 0
vn 0 1 0
vn 0 1 0
vn 0 1 0
vn 0 1 0
vn 0 1 0
vn 0 -1 0
vn 0 1 0
vn 0 1 0
vn 0 1 0
vn 0 1 0
vn 0 1 0
vn 0 1 0
vn 0 1 0
vn 0 1 0
vn 0 1 0
vn 0 1 0
vn 0 1 0
vn 0 1 0
vn 0.19509032201612825 0.9807852804032303 0
vn 0.1578313859491287 0.9807852804032303 0.11467121414606979
vn 0.06028622494106459 0.9807852804032303 0.18554192201955866
vn -0.06028622494106456 0.9807852804032303 0.18554192201955866
vn -0.15783138594912868 0.9807852804032303 0.11467121414606979
vn -0.19509032201612825 0.9807852804032303 2.3891673840167787e-17
vn -0.1578313859491287 0.9807852804032303 -0.11467121414606975
vn -0.060286224941064614 0.9807852804032303 -0.18554192201955866
vn 0.060286224941064545 0.9807852804032303 -0.18554192201955866
vn 0.15783138594912868 0.9807852804032303 -0.11467121414606983
vn 0.19509032201612825 0.9807852804032303 -4.7783347680335573e-17
vn 0.3826834323650898 0.9238795325112868 0
vn 0.30959740024909344 0.9238795325112868 0.22493567784086388
vn 0.11825568406654853 0.9238795325112868 0.3639535720290143
vn -0.11825568406654847 0.9238795325112868 0.36395357202901435
vn -0.3095974002490934 0.9238795325112868 0.22493567784086393
vn -0.3826834323650898 0.9238795325112868 4.6865204053262986e-17
vn -0.30959740024909344 0.9238795325112868 -0.22493567784086385
vn -0.11825568406654859 0.9238795325112868 -0.3639535720290143
vn 0.11825568406654846 0.9238795325112868 -0.36395357202901435
vn 0.3095974002490934 0.9238795325112868 -0.22493567784086396
vn 0.3826834323650898 0.9238795325112868 -9.373040810652597e-17
vn 0.5555702330196022 0.8314696123025452 0
vn 0.44946576008170774 0.8314696123025452 0.32655598958161497
vn 0.17168064357190665 0.8314696123025452 0.5283786903729095
vn -0.1716806435719066 0.8314696123025452 0.5283786903729096
vn -0.4494657600817077 0.8314696123025452 0.326555989581615
vn -0.5555702330196022 0.8314696123025452 6.80377307569005e-17
vn -0.44946576008170774 0.8314696123025452 -0.3265559895816149
vn -0.1716806435719067 0.8314696123025452 -0.5283786903729095
vn 0.17168064357190652 0.8314696123025452 -0.5283786903729096
vn 0.4494657600817077 0.8314696123025452 -0.3265559895816151
vn 0.5555702330196022 0.8314696123025452 -1.36075461513801e-16
vn 0.7071067811865475 0.7071067811865476 0
vn 0.5720614028176843 0.7071067811865476 0.4156269377774534
vn 0.21850801222441055 0.7071067811865476 0.6724985119639573
vn -0.21850801222441046 0.7071067811865476 0.6724985119639573
vn -0.5720614028176841 0.7071067811865476 0.4156269377774535
vn -0.7071067811865475 0.7071067811865476 8.659560562354932e-17
vn -0.5720614028176843 0.7071067811865476 -0.41562693777745335
vn -0.2185080122244106 0.7071067811865476 -0.6724985119639573
vn 0.21850801222441038 0.7071067811865476 -0.6724985119639573
vn 0.5720614028176841 0.7071067811865476 -0.4156269377774536
vn 0.7071067811865475 0.7071067811865476 -1.7319121124709863e-16
vn 0.8314696123025452 0.5555702330196023 0
vn 0.672673046659108 0.5555702330196023 0.48872557584077636
vn 0.25693824050783537 0.5555702330196023 0.7907745928817407
vn -0.25693824050783526 0.5555702330196023 0.7907745928817407
vn -0.6726730466591079 0.5555702330196023 0.4887255758407764
vn -0.8314696123025452 0.5555702330196023 1.0182565992946028e-16
vn -0.672673046659108 0.5555702330196023 -0.48872557584077625
vn -0.2569382405078354 0.5555702330196023 -0.7907745928817407
vn 0.25693824050783515 0.5555702330196023 -0.7907745928817407
vn 0.6726730466591079 0.5555702330196023 -0.4887255758407766
vn 0.8314696123025452 0.5555702330196023 -2.0365131985892056e-16
vn 0.9238795325112867 0.38268343236508984 0
vn 0.7474342425568128 0.38268343236508984 0.5430427641049989
vn 0.28549447630116936 0.38268343236508984 0.8786616496665794
vn -0.28549447630116925 0.38268343236508984 0.8786616496665797
vn -0.7474342425568127 0.38268343236508984 0.543042764104999
vn -0.9238795325112867 0.38268343236508984 1.1314261122877003e-16
vn -0.7474342425568128 0.38268343236508984 -0.5430427641049987
vn -0.2854944763011695 0.38268343236508984 -0.8786616496665794
vn 0.28549447630116914 0.38268343236508984 -0.8786616496665797
vn 0.7474342425568127 0.38268343236508984 -0.543042764104999
vn 0.9238795325112867 0.38268343236508984 -2.2628522245754005e-16
vn 0.9807852804032304 0.19509032201612833 0
vn 0.7934719596790115 0.19509032201612833 0.5764911234865568
vn 0.3030793194773963 0.19509032201612833 0.9327822320138618
vn -0.3030793194773962 0.19509032201612833 0.9327822320138618
vn -0.7934719596790114 0.19509032201612833 0.576491123486557
vn -0.9807852804032304 0.19509032201612833 1.2011155542966555e-16
vn -0.7934719596790115 0.19509032201612833 -0.5764911234865567
vn -0.3030793194773964 0.19509032201612833 -0.9327822320138618
vn 0.3030793194773961 0.19509032201612833 -0.9327822320138618
vn 0.7934719596790114 0.19509032201612833 -0.5764911234865571
vn 0.9807852804032304 0.19509032201612833 -2.402231108593311e-16
vn 1 6.123233995736766e-17 0
vn 0.8090169943749475 6.123233995736766e-17 0.5877852522924731
vn 0.30901699437494745 6.123233995736766e-17 0.9510565162951536
vn -0.30901699437494734 6.123233995736766e-17 0.9510565162951536
vn -0.8090169943749473 6.123233995736766e-17 0.5877852522924732
vn -1 6.123233995736766e-17 1.2246467991473532e-16
vn -0.8090169943749475 6.123233995736766e-17 -0.587785252292473
vn -0.30901699437494756 6.123233995736766e-17 -0.9510565162951536
vn 0.30901699437494723 6.123233995736766e-17 -0.9510565162951536
vn 0.8090169943749473 6.123233995736766e-17 -0.5877852522924734
vn 1 6.123233995736766e-17 -2.4492935982947064e-16
vn 0 -1 0
vn -0.5773502691896258 -0.5773502691896258 -0.5773502691896258
vn -0.5773502691896258 -0.5773502691896258 0.5773502691896258
vn -0.5773502691896258 0.5773502691896258 -0.5773502691896258
vn -0.5773502691896258 0.5773502691896258 0.5773502691896258
vn 0.5773502691896258 -0.5773502691896258 -0.5773502691896258
vn 0.5773502691896258 -0.5773502691896258 0.5773502691896258
vn 0.5773502691896258 0.5773502691896258 -0.5773502691896258
vn 0.5773502691896258 0.5773502691896258 0.5773502691896258
vn 0 -0.35682208977308993 -0.9341723589627158
vn 0 -0.35682208977308993 0.9341723589627158
vn 0 0.35682208977308993 -0.9341723589627158
vn 0 0.35682208977308993 0.9341723589627158
vn -0.35682208977308993 -0.9341723589627158 0
vn -0.35682208977308993 0.9341723589627158 0
vn 0.35682208977308993 -0.9341723589627158 0
vn 0.35682208977308993 0.9341723589627158 0
vn -0.9341723589627158 0 -0.35682208977308993
vn -0.9341723589627158 0 0.35682208977308993
vn 0.9341723589627158 0 -0.35682208977308993
vn 0.9341723589627158 0 0.35682208977308993
vn 0 -1 0
vn 0 -1 0
vn 0 -1 0
vn 0 -1 0
vn 0 -1 0
vn 0 -1 0
vn 0 -1 0
vn 0 1 0
vn 0 1 0
vn 0 1 0
vn 0 1 0
vn 0 1 0
vn 0 1 0
vn 0 1 0
vn 0 -1 0
vn 0 1 0
vn 0 1 0
vn 0 1 0
vn 0 1 0
vn 0 1 0
vn 0 1 0
vn 0 1 0
vn 0 1 0
vn 0 1 0
vn 0 1 0
vn 0 1 0
vn 0 1 0
vn 0.19509032201612825 0.9807852804032303 0
vn 0.1578313859491287 0.9807852804032303 0.11467121414606979
vn 0.06028622494106459 0.9807852804032303 0.18554192201955866
vn -0.06028622494106456 0.9807852804032303 0.18554192201955866
vn -0.15783138594912868 0.9807852804032303 0.11467121414606979
vn -0.19509032201612825 0.9807852804032303 2.3891673840167787e-17
vn -0.1578313859491287 0.9807852804032303 -0.11467121414606975
vn -0.060286224941064614 0.9807852804032303 -0.18554192201955866
vn 0.060286224941064545 0.9807852804032303 -0.18554192201955866
vn 0.15783138594912868 0.9807852804032303 -0.11467121414606983
vn 0.19509032201612825 0.9807852804032303 -4.7783347680335573e-17
vn 0.3826834323650898 0.9238795325112868 0
vn 0.30959740024909344 0.9238795325112868 0.22493567784086388
vn 0.11825568406654853 0.9238795325112868 0.3639535720290143
vn -0.11825568406654847 0.9238795325112868 0.36395357202901435
vn -0.3095974002490934 0.9238795325112868 0.22493567784086393
vn -0.3826834323650898 0.9238795325112868 4.6865204053262986e-17
vn -0.30959740024909344 0.9238795325112868 -0.22493567784086385
vn -0.11825568406654859 0.9238795325112868 -0.3639535720290143
vn 0.11825568406654846 0.9238795325112868 -0.36395357202901435
vn 0.3095974002490934 0.9238795325112868 -0.22493567784086396
vn 0.3826834323650898 0.9238795325112868 -9.373040810652597e-17
vn 0.5555702330196022 0.8314696123025452 0
vn 0.44946576008170774 0.8314696123025452 0.32655598958161497
vn 0.17168064357190665 0.8314696123025452 0.5283786903729095
vn -0.1716806435719066 0.8314696123025452 0.5283786903729096
vn -0.4494657600817077 0.8314696123025452 0.326555989581615
vn -0.5555702330196022 0.8314696123025452 6.80377307569005e-17
vn -0.44946576008170774 0.8314696123025452 -0.3265559895816149
vn -0.1716806435719067 0.8314696123025452 -0.5283786903729095
vn 0.17168064357190652 0.8314696123025452 -0.5283786903729096
vn 0.4494657600817077 0.8314696123025452 -0.3265559895816151
vn 0.5555702330196022 0.8314696123025452 -1.36075461513801e-16
vn 0.7071067811865475 0.7071067811865476 0
vn 0.5720614028176843 0.7071067811865476 0.4156269377774534
vn 0.21850801222441055 0.7071067811865476 0.6724985119639573
vn -0.21850801222441046 0.7071067811865476 0.6724985119639573
vn -0.5720614028176841 0.7071067811865476 0.4156269377774535
vn -0.7071067811865475 0.7071067811865476 8.659560562354932e-17
vn -0.5720614028176843 0.7071067811865476 -0.41562693777745335
vn -0.2185080122244106 0.7071067811865476 -0.6724985119639573
vn 0.21850801222441038 0.7071067811865476 -0.6724985119639573
vn 0.5720614028176841 0.7071067811865476 -0.4156269377774536
vn 0.7071067811865475 0.7071067811865476 -1.7319121124709863e-16
vn 0.8314696123025452 0.5555702330196023 0
vn 0.672673046659108 0.5555702330196023 0.48872557584077636
vn 0.25693824050783537 0.5555702330196023 0.7907745928817407
vn -0.25693824050783526 0.5555702330196023 0.7907745928817407
vn -0.6726730466591079 0.5555702330196023 0.4887255758407764
vn -0.8314696123025452 0.5555702330196023 1.0182565992946028e-16
vn -0.672673046659108 0.5555702330196023 -0.48872557584077625
vn -0.2569382405078354 0.5555702330196023 -0.7907745928817407
vn 0.25693824050783515 0.5555702330196023 -0.7907745928817407
vn 0.6726730466591079 0.5555702330196023 -0.4887255758407766
vn 0.8314696123025452 0.5555702330196023 -2.0365131985892056e-16
vn 0.9238795325112867 0.38268343236508984 0
vn 0.7474342425568128 0.38268343236508984 0.5430427641049989
vn 0.28549447630116936 0.38268343236508984 0.8786616496665794
vn -0.28549447630116925 0.38268343236508984 0.8786616496665797
vn -0.7474342425568127 0.38268343236508984 0.543042764104999
vn -0.9238795325112867 0.38268343236508984 1.1314261122877003e-16
vn -0.7474342425568128 0.38268343236508984 -0.5430427641049987
vn -0.2854944763011695 0.38268343236508984 -0.8786616496665794
vn 0.28549447630116914 0.38268343236508984 -0.8786616496665797
vn 0.7474342425568127 0.38268343236508984 -0.543042764104999
vn 0.9238795325112867 0.38268343236508984 -2.2628522245754005e-16
vn 0.9807852804032304 0.19509032201612833 0
vn 0.7934719596790115 0.19509032201612833 0.5764911234865568
vn 0.3030793194773963 0.19509032201612833 0.9327822320138618
vn -0.3030793194773962 0.19509032201612833 0.9327822320138618
vn -0.7934719596790114 0.19509032201612833 0.576491123486557
vn -0.9807852804032304 0.19509032201612833 1.2011155542966555e-16
vn -0.7934719596790115 0.19509032201612833 -0.5764911234865567
vn -0.3030793194773964 0.19509032201612833 -0.9327822320138618
vn 0.3030793194773961 0.19509032201612833 -0.9327822320138618
vn 0.7934719596790114 0.19509032201612833 -0.5764911234865571
vn 0.9807852804032304 0.19509032201612833 -2.402231108593311e-16
vn 1 6.123233995736766e-17 0
vn 0.8090169943749475 6.123233995736766e-17 0.5877852522924731
vn 0.30901699437494745 6.123233995736766e-17 0.9510565162951536
vn -0.30901699437494734 6.123233995736766e-17 0.9510565162951536
vn -0.8090169943749473 6.123233995736766e-17 0.5877852522924732
vn -1 6.123233995736766e-17 1.2246467991473532e-16
vn -0.8090169943749475 6.123233995736766e-17 -0.587785252292473
vn -0.30901699437494756 6.123233995736766e-17 -0.9510565162951536
vn 0.30901699437494723 6.123233995736766e-17 -0.9510565162951536
vn 0.8090169943749473 6.123233995736766e-17 -0.5877852522924734
vn 1 6.123233995736766e-17 -2.4492935982947064e-16
vn 0 -1 0
vn -0.5773502691896258 -0.5773502691896258 -0.5773502691896258
vn -0.5773502691896258 -0.5773502691896258 0.5773502691896258
vn -0.5773502691896258 0.5773502691896258 -0.5773502691896258
vn -0.5773502691896258 0.5773502691896258 0.5773502691896258
vn 0.5773502691896258 -0.5773502691896258 -0.5773502691896258
vn 0.5773502691896258 -0.5773502691896258 0.5773502691896258
vn 0.5773502691896258 0.5773502691896258 -0.5773502691896258
vn 0.5773502691896258 0.5773502691896258 0.5773502691896258
vn 0 -0.35682208977308993 -0.9341723589627158
vn 0 -0.35682208977308993 0.9341723589627158
vn 0 0.35682208977308993 -0.9341723589627158
vn 0 0.35682208977308993 0.9341723589627158
vn -0.35682208977308993 -0.9341723589627158 0
vn -0.35682208977308993 0.9341723589627158 0
vn 0.35682208977308993 -0.9341723589627158 0
vn 0.35682208977308993 0.9341723589627158 0
vn -0.9341723589627158 0 -0.35682208977308993
vn -0.9341723589627158 0 0.35682208977308993
vn 0.9341723589627158 0 -0.35682208977308993
vn 0.9341723589627158 0 0.35682208977308993
vn 0 -1 0
vn 0 -1 0
vn 0 -1 0
vn 0 -1 0
vn 0 -1 0
vn 0 -1 0
vn 0 -1 0
vn 0 1 0
vn 0 1 0
vn 0 1 0
vn 0 1 0
vn 0 1 0
vn 0 1 0
vn 0 1 0
vn 0 -1 0
vn 0 1 0
vn 0 1 0
vn 0 1 0
vn 0 1 0
vn 0 1 0
vn 0 1 0
vn 0 1 0
vn 0 1 0
vn 0 1 0
vn 0 1 0
vn 0 1 0
vn 0 1 0
vn 0.19509032201612825 0.9807852804032303 0
vn 0.1578313859491287 0.9807852804032303 0.11467121414606979
vn 0.06028622494106459 0.9807852804032303 0.18554192201955866
vn -0.06028622494106456 0.9807852804032303 0.18554192201955866
vn -0.15783138594912868 0.9807852804032303 0.11467121414606979
vn -0.19509032201612825 0.9807852804032303 2.3891673840167787e-17
vn -0.1578313859491287 0.9807852804032303 -0.11467121414606975
vn -0.060286224941064614 0.9807852804032303 -0.18554192201955866
vn 0.060286224941064545 0.9807852804032303 -0.18554192201955866
vn 0.15783138594912868 0.9807852804032303 -0.11467121414606983
vn 0.19509032201612825 0.9807852804032303 -4.7783347680335573e-17
vn 0.3826834323650898 0.9238795325112868 0
vn 0.30959740024909344 0.9238795325112868 0.22493567784086388
vn 0.11825568406654853 0.9238795325112868 0.3639535720290143
vn -0.11825568406654847 0.9238795325112868 0.36395357202901435
vn -0.3095974002490934 0.9238795325112868 0.22493567784086393
vn -0.3826834323650898 0.9238795325112868 4.6865204053262986e-17
vn -0.30959740024909344 0.9238795325112868 -0.22493567784086385
vn -0.11825568406654859 0.9238795325112868 -0.3639535720290143
vn 0.11825568406654846 0.9238795325112868 -0.36395357202901435
vn 0.3095974002490934 0.9238795325112868 -0.22493567784086396
vn 0.3826834323650898 0.9238795325112868 -9.373040810652597e-17
vn 0.5555702330196022 0.8314696123025452 0
vn 0.44946576008170774 0.8314696123025452 0.32655598958161497
vn 0.17168064357190665 0.8314696123025452 0.5283786903729095
vn -0.1716806435719066 0.8314696123025452 0.5283786903729096
vn -0.4494657600817077 0.8314696123025452 0.326555989581615
vn -0.5555702330196022 0.8314696123025452 6.80377307569005e-17
vn -0.44946576008170774 0.8314696123025452 -0.3265559895816149
vn -0.1716806435719067 0.8314696123025452 -0.5283786903729095
vn 0.17168064357190652 0.8314696123025452 -0.5283786903729096
vn 0.4494657600817077 0.8314696123025452 -0.3265559895816151
vn 0.5555702330196022 0.8314696123025452 -1.36075461513801e-16
vn 0.7071067811865475 0.7071067811865476 0
vn 0.5720614028176843 0.7071067811865476 0.4156269377774534
vn 0.21850801222441055 0.7071067811865476 0.6724985119639573
vn -0.21850801222441046 0.7071067811865476 0.6724985119639573
vn -0.5720614028176841 0.7071067811865476 0.4156269377774535
vn -0.7071067811865475 0.7071067811865476 8.659560562354932e-17
vn -0.5720614028176843 0.7071067811865476 -0.41562693777745335
vn -0.2185080122244106 0.7071067811865476 -0.6724985119639573
vn 0.21850801222441038 0.7071067811865476 -0.6724985119639573
vn 0.5720614028176841 0.7071067811865476 -0.4156269377774536
vn 0.7071067811865475 0.7071067811865476 -1.7319121124709863e-16
vn 0.8314696123025452 0.5555702330196023 0
vn 0.672673046659108 0.5555702330196023 0.48872557584077636
vn 0.25693824050783537 0.5555702330196023 0.7907745928817407
vn -0.25693824050783526 0.5555702330196023 0.7907745928817407
vn -0.6726730466591079 0.5555702330196023 0.4887255758407764
vn -0.8314696123025452 0.5555702330196023 1.0182565992946028e-16
vn -0.672673046659108 0.5555702330196023 -0.48872557584077625
vn -0.2569382405078354 0.5555702330196023 -0.7907745928817407
vn 0.25693824050783515 0.5555702330196023 -0.7907745928817407
vn 0.6726730466591079 0.5555702330196023 -0.4887255758407766
vn 0.8314696123025452 0.5555702330196023 -2.0365131985892056e-16
vn 0.9238795325112867 0.38268343236508984 0
vn 0.7474342425568128 0.38268343236508984 0.5430427641049989
vn 0.28549447630116936 0.38268343236508984 0.8786616496665794
vn -0.28549447630116925 0.38268343236508984 0.8786616496665797
vn -0.7474342425568127 0.38268343236508984 0.543042764104999
vn -0.9238795325112867 0.38268343236508984 1.1314261122877003e-16
vn -0.7474342425568128 0.38268343236508984 -0.5430427641049987
vn -0.2854944763011695 0.38268343236508984 -0.8786616496665794
vn 0.28549447630116914 0.38268343236508984 -0.8786616496665797
vn 0.7474342425568127 0.38268343236508984 -0.543042764104999
vn 0.9238795325112867 0.38268343236508984 -2.2628522245754005e-16
vn 0.9807852804032304 0.19509032201612833 0
vn 0.7934719596790115 0.19509032201612833 0.5764911234865568
vn 0.3030793194773963 0.19509032201612833 0.9327822320138618
vn -0.3030793194773962 0.19509032201612833 0.9327822320138618
vn -0.7934719596790114 0.19509032201612833 0.576491123486557
vn -0.9807852804032304 0.19509032201612833 1.2011155542966555e-16
vn -0.7934719596790115 0.19509032201612833 -0.5764911234865567
vn -0.3030793194773964 0.19509032201612833 -0.9327822320138618
vn 0.3030793194773961 0.19509032201612833 -0.9327822320138618
vn 0.7934719596790114 0.19509032201612833 -0.5764911234865571
vn 0.9807852804032304 0.19509032201612833 -2.402231108593311e-16
vn 1 6.123233995736766e-17 0
vn 0.8090169943749475 6.123233995736766e-17 0.5877852522924731
vn 0.30901699437494745 6.123233995736766e-17 0.9510565162951536
vn -0.30901699437494734 6.123233995736766e-17 0.9510565162951536
vn -0.8090169943749473 6.123233995736766e-17 0.5877852522924732
vn -1 6.123233995736766e-17 1.2246467991473532e-16
vn -0.8090169943749475 6.123233995736766e-17 -0.587785252292473
vn -0.30901699437494756 6.123233995736766e-17 -0.9510565162951536
vn 0.30901699437494723 6.123233995736766e-17 -0.9510565162951536
vn 0.8090169943749473 6.123233995736766e-17 -0.5877852522924734
vn 1 6.123233995736766e-17 -2.4492935982947064e-16
vn 0 -1 0
vn -0.5773502691896258 -0.5773502691896258 -0.5773502691896258
vn -0.5773502691896258 -0.5773502691896258 0.5773502691896258
vn -0.5773502691896258 0.5773502691896258 -0.5773502691896258
vn -0.5773502691896258 0.5773502691896258 0.5773502691896258
vn 0.5773502691896258 -0.5773502691896258 -0.5773502691896258
vn 0.5773502691896258 -0.5773502691896258 0.5773502691896258
vn 0.5773502691896258 0.5773502691896258 -0.5773502691896258
vn 0.5773502691896258 0.5773502691896258 0.5773502691896258
vn 0 -0.35682208977308993 -0.9341723589627158
vn 0 -0.35682208977308993 0.9341723589627158
vn 0 0.35682208977308993 -0.9341723589627158
vn 0 0.35682208977308993 0.9341723589627158
vn -0.35682208977308993 -0.9341723589627158 0
vn -0.35682208977308993 0.9341723589627158 0
vn 0.35682208977308993 -0.9341723589627158 0
vn 0.35682208977308993 0.9341723589627158 0
vn -0.9341723589627158 0 -0.35682208977308993
vn -0.9341723589627158 0 0.35682208977308993
vn 0.9341723589627158 0 -0.35682208977308993
vn 0.9341723589627158 0 0.35682208977308993
vn 0 -1 0
vn 0 -1 0
vn 0 -1 0
vn 0 -1 0
vn 0 -1 0
vn 0 -1 0
vn 0 -1 0
vn 0 1 0
vn 0 1 0
vn 0 1 0
vn 0 1 0
vn 0 1 0
vn 0 1 0
vn 0 1 0
vn 0 -1 0
vn 0 1 0
vn 0 1 0
vn 0 1 0
vn 0 1 0
vn 0 1 0
vn 0 1 0
vn 0 1 0
vn 0 1 0
vn 0 1 0
vn 0 1 0
vn 0 1 0
vn 0 1 0
vn 0.19509032201612825 0.9807852804032303 0
vn 0.1578313859491287 0.9807852804032303 0.11467121414606977
vn 0.06028622494106459 0.9807852804032303 0.18554192201955863
vn -0.060286224941064566 0.9807852804032303 0.18554192201955866
vn -0.15783138594912868 0.9807852804032303 0.11467121414606979
vn -0.19509032201612825 0.9807852804032303 2.3891673840167787e-17
vn -0.1578313859491287 0.9807852804032303 -0.11467121414606975
vn -0.060286224941064614 0.9807852804032303 -0.18554192201955863
vn 0.060286224941064545 0.9807852804032303 -0.18554192201955866
vn 0.15783138594912868 0.9807852804032303 -0.11467121414606982
vn 0.19509032201612825 0.9807852804032303 -4.7783347680335573e-17
vn 0.3826834323650898 0.9238795325112868 0
vn 0.30959740024909344 0.9238795325112868 0.22493567784086388
vn 0.11825568406654853 0.9238795325112868 0.3639535720290143
vn -0.11825568406654849 0.9238795325112868 0.36395357202901435
vn -0.3095974002490934 0.9238795325112868 0.2249356778408639
vn -0.3826834323650898 0.9238795325112868 4.6865204053262986e-17
vn -0.30959740024909344 0.9238795325112868 -0.22493567784086382
vn -0.11825568406654859 0.9238795325112868 -0.3639535720290143
vn 0.11825568406654845 0.9238795325112868 -0.36395357202901435
vn 0.3095974002490934 0.9238795325112868 -0.22493567784086396
vn 0.3826834323650898 0.9238795325112868 -9.373040810652597e-17
vn 0.5555702330196022 0.8314696123025452 0
vn 0.44946576008170774 0.8314696123025452 0.32655598958161497
vn 0.17168064357190665 0.8314696123025452 0.5283786903729095
vn -0.1716806435719066 0.8314696123025452 0.5283786903729096
vn -0.4494657600817077 0.8314696123025452 0.326555989581615
vn -0.5555702330196022 0.8314696123025452 6.80377307569005e-17
vn -0.44946576008170774 0.8314696123025452 -0.3265559895816149
vn -0.1716806435719067 0.8314696123025452 -0.5283786903729095
vn 0.17168064357190652 0.8314696123025452 -0.5283786903729096
vn 0.4494657600817077 0.8314696123025452 -0.3265559895816151
vn 0.5555702330196022 0.8314696123025452 -1.36075461513801e-16
vn 0.7071067811865475 0.7071067811865476 0
vn 0.5720614028176843 0.7071067811865476 0.4156269377774534
vn 0.21850801222441055 0.7071067811865476 0.6724985119639573
vn -0.21850801222441046 0.7071067811865476 0.6724985119639573
vn -0.5720614028176841 0.7071067811865476 0.41562693777745346
vn -0.7071067811865475 0.7071067811865476 8.659560562354932e-17
vn -0.5720614028176843 0.7071067811865476 -0.4156269377774533
vn -0.2185080122244106 0.7071067811865476 -0.6724985119639573
vn 0.21850801222441038 0.7071067811865476 -0.6724985119639573
vn 0.5720614028176841 0.7071067811865476 -0.4156269377774536
vn 0.7071067811865475 0.7071067811865476 -1.7319121124709863e-16
vn 0.8314696123025452 0.5555702330196023 0
vn 0.672673046659108 0.5555702330196023 0.48872557584077636
vn 0.25693824050783537 0.5555702330196023 0.7907745928817406
vn -0.25693824050783526 0.5555702330196023 0.7907745928817407
vn -0.672673046659108 0.5555702330196023 0.48872557584077647
vn -0.8314696123025452 0.5555702330196023 1.0182565992946028e-16
vn -0.672673046659108 0.5555702330196023 -0.48872557584077636
vn -0.2569382405078354 0.5555702330196023 -0.7907745928817406
vn 0.25693824050783515 0.5555702330196023 -0.7907745928817407
vn 0.672673046659108 0.5555702330196023 -0.4887255758407765
vn 0.8314696123025452 0.5555702330196023 -2.0365131985892056e-16
vn 0.9238795325112867 0.38268343236508984 0
vn 0.7474342425568129 0.38268343236508984 0.5430427641049989
vn 0.28549447630116936 0.38268343236508984 0.8786616496665794
vn -0.28549447630116925 0.38268343236508984 0.8786616496665796
vn -0.7474342425568127 0.38268343236508984 0.543042764104999
vn -0.9238795325112867 0.38268343236508984 1.1314261122877003e-16
vn -0.7474342425568129 0.38268343236508984 -0.5430427641049987
vn -0.2854944763011695 0.38268343236508984 -0.8786616496665794
vn 0.28549447630116914 0.38268343236508984 -0.8786616496665796
vn 0.7474342425568127 0.38268343236508984 -0.543042764104999
vn 0.9238795325112867 0.38268343236508984 -2.2628522245754005e-16
vn 0.9807852804032303 0.19509032201612833 0
vn 0.7934719596790115 0.19509032201612833 0.5764911234865568
vn 0.3030793194773963 0.19509032201612833 0.9327822320138617
vn -0.3030793194773962 0.19509032201612833 0.9327822320138618
vn -0.7934719596790114 0.19509032201612833 0.576491123486557
vn -0.9807852804032303 0.19509032201612833 1.2011155542966555e-16
vn -0.7934719596790115 0.19509032201612833 -0.5764911234865567
vn -0.3030793194773964 0.19509032201612833 -0.9327822320138617
vn 0.303079319477396 0.19509032201612833 -0.9327822320138618
vn 0.7934719596790114 0.19509032201612833 -0.5764911234865571
vn 0.9807852804032303 0.19509032201612833 -2.402231108593311e-16
vn 1 6.123233995736766e-17 0
vn 0.8090169943749475 6.123233995736766e-17 0.5877852522924731
vn 0.3090169943749474 6.123233995736766e-17 0.9510565162951535
vn -0.30901699437494734 6.123233995736766e-17 0.9510565162951535
vn -0.8090169943749473 6.123233995736766e-17 0.5877852522924732
vn -1 6.123233995736766e-17 1.2246467991473532e-16
vn -0.8090169943749475 6.123233995736766e-17 -0.587785252292473
vn -0.30901699437494756 6.123233995736766e-17 -0.9510565162951535
vn 0.30901699437494723 6.123233995736766e-17 -0.9510565162951535
vn 0.8090169943749473 6.123233995736766e-17 -0.5877852522924734
vn 1 6.123233995736766e-17 -2.4492935982947064e-16
vn 0 -1 0
vn -0.5773502691896258 -0.5773502691896258 -0.5773502691896258
vn -0.5773502691896258 -0.5773502691896258 0.5773502691896258
vn -0.5773502691896258 0.5773502691896258 -0.5773502691896258
vn -0.5773502691896258 0.5773502691896258 0.5773502691896258
vn 0.5773502691896258 -0.5773502691896258 -0.5773502691896258
vn 0.5773502691896258 -0.5773502691896258 0.5773502691896258
vn 0.5773502691896258 0.5773502691896258 -0.5773502691896258
vn 0.5773502691896258 0.5773502691896258 0.5773502691896258
vn 0 -0.35682208977308993 -0.9341723589627158
vn 0 -0.35682208977308993 0.9341723589627158
vn 0 0.35682208977308993 -0.9341723589627158
vn 0 0.35682208977308993 0.9341723589627158
vn -0.35682208977308993 -0.9341723589627158 0
vn -0.35682208977308993 0.9341723589627158 0
vn 0.35682208977308993 -0.9341723589627158 0
vn 0.35682208977308993 0.9341723589627158 0
vn -0.9341723589627158 0 -0.35682208977308993
vn -0.9341723589627158 0 0.35682208977308993
vn 0.9341723589627158 0 -0.35682208977308993
vn 0.9341723589627158 0 0.35682208977308993
vn 0 -1 0
vn 0 -1 0
vn 0 -1 0
vn 0 -1 0
vn 0 -1 0
vn 0 -1 0
vn 0 -1 0
vn 0 1 0
vn 0 1 0
vn 0 1 0
vn 0 1 0
vn 0 1 0
vn 0 1 0
vn 0 1 0
vn 0 -1 0
vn 0 1 0
vn 0 1 0
vn 0 1 0
vn 0 1 0
vn 0 1 0
vn 0 1 0
vn 0 1 0
vn 0 1 0
vn 0 1 0
vn 0 1 0
vn 0 1 0
vn 0 1 0
vn 0.19509032201612825 0.9807852804032303 0
vn 0.1578313859491287 0.9807852804032303 0.11467121414606977
vn 0.06028622494106459 0.9807852804032303 0.18554192201955863
vn -0.060286224941064566 0.9807852804032303 0.18554192201955866
vn -0.15783138594912868 0.9807852804032303 0.11467121414606979
vn -0.19509032201612825 0.9807852804032303 2.3891673840167787e-17
vn -0.1578313859491287 0.9807852804032303 -0.11467121414606975
vn -0.060286224941064614 0.9807852804032303 -0.18554192201955863
vn 0.060286224941064545 0.9807852804032303 -0.18554192201955866
vn 0.15783138594912868 0.9807852804032303 -0.11467121414606982
vn 0.19509032201612825 0.9807852804032303 -4.7783347680335573e-17
vn 0.3826834323650898 0.9238795325112868 0
vn 0.30959740024909344 0.9238795325112868 0.22493567784086388
vn 0.11825568406654853 0.9238795325112868 0.3639535720290143
vn -0.11825568406654849 0.9238795325112868 0.36395357202901435
vn -0.3095974002490934 0.9238795325112868 0.2249356778408639
vn -0.3826834323650898 0.9238795325112868 4.6865204053262986e-17
vn -0.30959740024909344 0.9238795325112868 -0.22493567784086382
vn -0.11825568406654859 0.9238795325112868 -0.3639535720290143
vn 0.11825568406654845 0.9238795325112868 -0.36395357202901435
vn 0.3095974002490934 0.9238795325112868 -0.22493567784086396
vn 0.3826834323650898 0.9238795325112868 -9.373040810652597e-17
vn 0.5555702330196022 0.8314696123025452 0
vn 0.44946576008170774 0.8314696123025452 0.32655598958161497
vn 0.17168064357190665 0.8314696123025452 0.5283786903729095
vn -0.1716806435719066 0.8314696123025452 0.5283786903729096
vn -0.4494657600817077 0.8314696123025452 0.326555989581615
vn -0.5555702330196022 0.8314696123025452 6.80377307569005e-17
vn -0.44946576008170774 0.8314696123025452 -0.3265559895816149
vn -0.1716806435719067 0.8314696123025452 -0.5283786903729095
vn 0.17168064357190652 0.8314696123025452 -0.5283786903729096
vn 0.4494657600817077 0.8314696123025452 -0.3265559895816151
vn 0.5555702330196022 0.8314696123025452 -1.36075461513801e-16
vn 0.7071067811865475 0.7071067811865476 0
vn 0.5720614028176843 0.7071067811865476 0.4156269377774534
vn 0.21850801222441055 0.7071067811865476 0.6724985119639573
vn -0.21850801222441046 0.7071067811865476 0.6724985119639573
vn -0.5720614028176841 0.7071067811865476 0.41562693777745346
vn -0.7071067811865475 0.7071067811865476 8.659560562354932e-17
vn -0.5720614028176843 0.7071067811865476 -0.4156269377774533
vn -0.2185080122244106 0.7071067811865476 -0.6724985119639573
vn 0.21850801222441038 0.7071067811865476 -0.6724985119639573
vn 0.5720614028176841 0.7071067811865476 -0.4156269377774536
vn 0.7071067811865475 0.7071067811865476 -1.7319121124709863e-16
vn 0.8314696123025452 0.5555702330196023 0
vn 0.672673046659108 0.5555702330196023 0.48872557584077636
vn 0.25693824050783537 0.5555702330196023 0.7907745928817406
vn -0.25693824050783526 0.5555702330196023 0.7907745928817407
vn -0.672673046659108 0.5555702330196023 0.48872557584077647
vn -0.8314696123025452 0.5555702330196023 1.0182565992946028e-16
vn -0.672673046659108 0.5555702330196023 -0.48872557584077636
vn -0.2569382405078354 0.5555702330196023 -0.7907745928817406
vn 0.25693824050783515 0.5555702330196023 -0.7907745928817407
vn 0.672673046659108 0.5555702330196023 -0.4887255758407765
vn 0.8314696123025452 0.5555702330196023 -2.0365131985892056e-16
vn 0.9238795325112867 0.38268343236508984 0
vn 0.7474342425568129 0.38268343236508984 0.5430427641049989
vn 0.28549447630116936 0.38268343236508984 0.8786616496665794
vn -0.28549447630116925 0.38268343236508984 0.8786616496665796
vn -0.7474342425568127 0.38268343236508984 0.543042764104999
vn -0.9238795325112867 0.38268343236508984 1.1314261122877003e-16
vn -0.7474342425568129 0.38268343236508984 -0.5430427641049987
vn -0.2854944763011695 0.38268343236508984 -0.8786616496665794
vn 0.28549447630116914 0.38268343236508984 -0.8786616496665796
vn 0.7474342425568127 0.38268343236508984 -0.543042764104999
vn 0.9238795325112867 0.38268343236508984 -2.2628522245754005e-16
vn 0.9807852804032303 0.19509032201612833 0
vn 0.7934719596790115 0.19509032201612833 0.5764911234865568
vn 0.3030793194773963 0.19509032201612833 0.9327822320138617
vn -0.3030793194773962 0.19509032201612833 0.9327822320138618
vn -0.7934719596790114 0.19509032201612833 0.576491123486557
vn -0.9807852804032303 0.19509032201612833 1.2011155542966555e-16
vn -0.7934719596790115 0.19509032201612833 -0.5764911234865567
vn -0.3030793194773964 0.19509032201612833 -0.9327822320138617
vn 0.303079319477396 0.19509032201612833 -0.9327822320138618
vn 0.7934719596790114 0.19509032201612833 -0.5764911234865571
vn 0.9807852804032303 0.19509032201612833 -2.402231108593311e-16
vn 1 6.123233995736766e-17 0
vn 0.8090169943749475 6.123233995736766e-17 0.5877852522924731
vn 0.3090169943749474 6.123233995736766e-17 0.9510565162951535
vn -0.30901699437494734 6.123233995736766e-17 0.9510565162951535
vn -0.8090169943749473 6.123233995736766e-17 0.5877852522924732
vn -1 6.123233995736766e-17 1.2246467991473532e-16
vn -0.8090169943749475 6.123233995736766e-17 -0.587785252292473
vn -0.30901699437494756 6.123233995736766e-17 -0.9510565162951535
vn 0.30901699437494723 6.123233995736766e-17 -0.9510565162951535
vn 0.8090169943749473 6.123233995736766e-17 -0.5877852522924734
vn 1 6.123233995736766e-17 -2.4492935982947064e-16
vn 0 -1 0
vn -0.5773502691896258 -0.5773502691896258 -0.5773502691896258
vn -0.5773502691896258 -0.5773502691896258 0.5773502691896258
vn -0.5773502691896258 0.5773502691896258 -0.5773502691896258
vn -0.5773502691896258 0.5773502691896258 0.5773502691896258
vn 0.5773502691896258 -0.5773502691896258 -0.5773502691896258
vn 0.5773502691896258 -0.5773502691896258 0.5773502691896258
vn 0.5773502691896258 0.5773502691896258 -0.5773502691896258
vn 0.5773502691896258 0.5773502691896258 0.5773502691896258
vn 0 -0.35682208977308993 -0.9341723589627158
vn 0 -0.35682208977308993 0.9341723589627158
vn 0 0.35682208977308993 -0.9341723589627158
vn 0 0.35682208977308993 0.9341723589627158
vn -0.35682208977308993 -0.9341723589627158 0
vn -0.35682208977308993 0.9341723589627158 0
vn 0.35682208977308993 -0.9341723589627158 0
vn 0.35682208977308993 0.9341723589627158 0
vn -0.9341723589627158 0 -0.35682208977308993
vn -0.9341723589627158 0 0.35682208977308993
vn 0.9341723589627158 0 -0.35682208977308993
vn 0.9341723589627158 0 0.35682208977308993
vn 0 -1 0
vn 0 -1 0
vn 0 -1 0
vn 0 -1 0
vn 0 -1 0
vn 0 -1 0
vn 0 -1 0
vn 0 1 0
vn 0 1 0
vn 0 1 0
vn 0 1 0
vn 0 1 0
vn 0 1 0
vn 0 1 0
vn 0 -1 0
vn 0 1 0
vn 0 1 0
vn 0 1 0
vn 0 1 0
vn 0 1 0
vn 0 1 0
vn 0 1 0
vn 0 1 0
vn 0 1 0
vn 0 1 0
vn 0 1 0
vn 0 1 0
vn 0.19509032201612825 0.9807852804032303 0
vn 0.1578313859491287 0.9807852804032303 0.11467121414606977
vn 0.06028622494106459 0.9807852804032303 0.18554192201955863
vn -0.060286224941064566 0.9807852804032303 0.18554192201955866
vn -0.15783138594912868 0.9807852804032303 0.11467121414606979
vn -0.19509032201612825 0.9807852804032303 2.3891673840167787e-17
vn -0.1578313859491287 0.9807852804032303 -0.11467121414606975
vn -0.060286224941064614 0.9807852804032303 -0.18554192201955863
vn 0.060286224941064545 0.9807852804032303 -0.18554192201955866
vn 0.15783138594912868 0.9807852804032303 -0.11467121414606982
vn 0.19509032201612825 0.9807852804032303 -4.7783347680335573e-17
vn 0.3826834323650898 0.9238795325112868 0
vn 0.30959740024909344 0.9238795325112868 0.22493567784086388
vn 0.11825568406654853 0.9238795325112868 0.3639535720290143
vn -0.11825568406654849 0.9238795325112868 0.36395357202901435
vn -0.3095974002490934 0.9238795325112868 0.2249356778408639
vn -0.3826834323650898 0.9238795325112868 4.6865204053262986e-17
vn -0.30959740024909344 0.9238795325112868 -0.22493567784086382
vn -0.11825568406654859 0.9238795325112868 -0.3639535720290143
vn 0.11825568406654845 0.9238795325112868 -0.36395357202901435
vn 0.3095974002490934 0.9238795325112868 -0.22493567784086396
vn 0.3826834323650898 0.9238795325112868 -9.373040810652597e-17
vn 0.5555702330196022 0.8314696123025452 0
vn 0.44946576008170774 0.8314696123025452 0.32655598958161497
vn 0.17168064357190665 0.8314696123025452 0.5283786903729095
vn -0.1716806435719066 0.8314696123025452 0.5283786903729096
vn -0.4494657600817077 0.8314696123025452 0.326555989581615
vn -0.5555702330196022 0.8314696123025452 6.80377307569005e-17
vn -0.44946576008170774 0.8314696123025452 -0.3265559895816149
vn -0.1716806435719067 0.8314696123025452 -0.5283786903729095
vn 0.17168064357190652 0.8314696123025452 -0.5283786903729096
vn 0.4494657600817077 0.8314696123025452 -0.3265559895816151
vn 0.5555702330196022 0.8314696123025452 -1.36075461513801e-16
vn 0.7071067811865475 0.7071067811865476 0
vn 0.5720614028176843 0.7071067811865476 0.4156269377774534
vn 0.21850801222441055 0.7071067811865476 0.6724985119639573
vn -0.21850801222441046 0.7071067811865476 0.6724985119639573
vn -0.5720614028176841 0.7071067811865476 0.41562693777745346
vn -0.7071067811865475 0.7071067811865476 8.659560562354932e-17
vn -0.5720614028176843 0.7071067811865476 -0.4156269377774533
vn -0.2185080122244106 0.7071067811865476 -0.6724985119639573
vn 0.21850801222441038 0.7071067811865476 -0.6724985119639573
vn 0.5720614028176841 0.7071067811865476 -0.4156269377774536
vn 0.7071067811865475 0.7071067811865476 -1.7319121124709863e-16
vn 0.8314696123025452 0.5555702330196023 0
vn 0.672673046659108 0.5555702330196023 0.48872557584077636
vn 0.25693824050783537 0.5555702330196023 0.7907745928817406
vn -0.25693824050783526 0.5555702330196023 0.7907745928817407
vn -0.672673046659108 0.5555702330196023 0.48872557584077647
vn -0.8314696123025452 0.5555702330196023 1.0182565992946028e-16
vn -0.672673046659108 0.5555702330196023 -0.48872557584077636
vn -0.2569382405078354 0.5555702330196023 -0.7907745928817406
vn 0.25693824050783515 0.5555702330196023 -0.7907745928817407
vn 0.672673046659108 0.5555702330196023 -0.4887255758407765
vn 0.8314696123025452 0.5555702330196023 -2.0365131985892056e-16
vn 0.9238795325112867 0.38268343236508984 0
vn 0.7474342425568129 0.38268343236508984 0.5430427641049989
vn 0.28549447630116936 0.38268343236508984 0.8786616496665794
vn -0.28549447630116925 0.38268343236508984 0.8786616496665796
vn -0.7474342425568127 0.38268343236508984 0.543042764104999
vn -0.9238795325112867 0.38268343236508984 1.1314261122877003e-16
vn -0.7474342425568129 0.38268343236508984 -0.5430427641049987
vn -0.2854944763011695 0.38268343236508984 -0.8786616496665794
vn 0.28549447630116914 0.38268343236508984 -0.8786616496665796
vn 0.7474342425568127 0.38268343236508984 -0.543042764104999
vn 0.9238795325112867 0.38268343236508984 -2.2628522245754005e-16
vn 0.9807852804032303 0.19509032201612833 0
vn 0.7934719596790115 0.19509032201612833 0.5764911234865568
vn 0.3030793194773963 0.19509032201612833 0.9327822320138617
vn -0.3030793194773962 0.19509032201612833 0.9327822320138618
vn -0.7934719596790114 0.19509032201612833 0.576491123486557
vn -0.9807852804032303 0.19509032201612833 1.2011155542966555e-16
vn -0.7934719596790115 0.19509032201612833 -0.5764911234865567
vn -0.3030793194773964 0.19509032201612833 -0.9327822320138617
vn 0.303079319477396 0.19509032201612833 -0.9327822320138618
vn 0.7934719596790114 0.19509032201612833 -0.5764911234865571
vn 0.9807852804032303 0.19509032201612833 -2.402231108593311e-16
vn 1 6.123233995736766e-17 0
vn 0.8090169943749475 6.123233995736766e-17 0.5877852522924731
vn 0.3090169943749474 6.123233995736766e-17 0.9510565162951535
vn -0.30901699437494734 6.123233995736766e-17 0.9510565162951535
vn -0.8090169943749473 6.123233995736766e-17 0.5877852522924732
vn -1 6.123233995736766e-17 1.2246467991473532e-16
vn -0.8090169943749475 6.123233995736766e-17 -0.587785252292473
vn -0.30901699437494756 6.123233995736766e-17 -0.9510565162951535
vn 0.30901699437494723 6.123233995736766e-17 -0.9510565162951535
vn 0.8090169943749473 6.123233995736766e-17 -0.5877852522924734
vn 1 6.123233995736766e-17 -2.4492935982947064e-16
vn 0 -1 0
vn -0.5773502691896258 -0.5773502691896258 -0.5773502691896258
vn -0.5773502691896258 -0.5773502691896258 0.5773502691896258
vn -0.5773502691896258 0.5773502691896258 -0.5773502691896258
vn -0.5773502691896258 0.5773502691896258 0.5773502691896258
vn 0.5773502691896258 -0.5773502691896258 -0.5773502691896258
vn 0.5773502691896258 -0.5773502691896258 0.5773502691896258
vn 0.5773502691896258 0.5773502691896258 -0.5773502691896258
vn 0.5773502691896258 0.5773502691896258 0.5773502691896258
vn 0 -0.35682208977308993 -0.9341723589627158
vn 0 -0.35682208977308993 0.9341723589627158
vn 0 0.35682208977308993 -0.9341723589627158
vn 0 0.35682208977308993 0.9341723589627158
vn -0.35682208977308993 -0.9341723589627158 0
vn -0.35682208977308993 0.9341723589627158 0
vn 0.35682208977308993 -0.9341723589627158 0
vn 0.35682208977308993 0.9341723589627158 0
vn -0.9341723589627158 0 -0.35682208977308993
vn -0.9341723589627158 0 0.35682208977308993
vn 0.9341723589627158 0 -0.35682208977308993
vn 0.9341723589627158 0 0.35682208977308993
vn 0 -1 0
vn 0 -1 0
vn 0 -1 0
vn 0 -1 0
vn 0 -1 0
vn 0 -1 0
vn 0 -1 0
vn 0 1 0
vn 0 1 0
vn 0 1 0
vn 0 1 0
vn 0 1 0
vn 0 1 0
vn 0 1 0
vn 0 -1 0
vn 0 1 0
vn 0 1 0
vn 0 1 0
vn 0 1 0
vn 0 1 0
vn 0 1 0
vn 0 1 0
vn 0 1 0
vn 0 1 0
vn 0 1 0
vn 0 1 0
vn 0 1 0
vn 0.19509032201612825 0.9807852804032303 0
vn 0.1578313859491287 0.9807852804032303 0.11467121414606977
vn 0.06028622494106459 0.9807852804032303 0.18554192201955863
vn -0.060286224941064566 0.9807852804032303 0.18554192201955866
vn -0.15783138594912868 0.9807852804032303 0.11467121414606979
vn -0.19509032201612825 0.9807852804032303 2.3891673840167787e-17
vn -0.1578313859491287 0.9807852804032303 -0.11467121414606975
vn -0.060286224941064614 0.9807852804032303 -0.18554192201955863
vn 0.060286224941064545 0.9807852804032303 -0.18554192201955866
vn 0.15783138594912868 0.9807852804032303 -0.11467121414606982
vn 0.19509032201612825 0.9807852804032303 -4.7783347680335573e-17
vn 0.3826834323650898 0.9238795325112868 0
vn 0.30959740024909344 0.9238795325112868 0.22493567784086388
vn 0.11825568406654853 0.9238795325112868 0.3639535720290143
vn -0.11825568406654849 0.9238795325112868 0.36395357202901435
vn -0.3095974002490934 0.9238795325112868 0.2249356778408639
vn -0.3826834323650898 0.9238795325112868 4.6865204053262986e-17
vn -0.30959740024909344 0.9238795325112868 -0.22493567784086382
vn -0.11825568406654859 0.9238795325112868 -0.3639535720290143
vn 0.11825568406654845 0.9238795325112868 -0.36395357202901435
vn 0.3095974002490934 0.9238795325112868 -0.22493567784086396
vn 0.3826834323650898 0.9238795325112868 -9.373040810652597e-17
vn 0.5555702330196022 0.8314696123025452 0
vn 0.44946576008170774 0.8314696123025452 0.32655598958161497
vn 0.17168064357190665 0.8314696123025452 0.5283786903729095
vn -0.1716806435719066 0.8314696123025452 0.5283786903729096
vn -0.4494657600817077 0.8314696123025452 0.326555989581615
vn -0.5555702330196022 0.8314696123025452 6.80377307569005e-17
vn -0.44946576008170774 0.8314696123025452 -0.3265559895816149
vn -0.1716806435719067 0.8314696123025452 -0.5283786903729095
vn 0.17168064357190652 0.8314696123025452 -0.5283786903729096
vn 0.4494657600817077 0.8314696123025452 -0.3265559895816151
vn 0.5555702330196022 0.8314696123025452 -1.36075461513801e-16
vn 0.7071067811865475 0.7071067811865476 0
vn 0.5720614028176843 0.7071067811865476 0.4156269377774534
vn 0.21850801222441055 0.7071067811865476 0.6724985119639573
vn -0.21850801222441046 0.7071067811865476 0.6724985119639573
vn -0.5720614028176841 0.7071067811865476 0.41562693777745346
vn -0.7071067811865475 0.7071067811865476 8.659560562354932e-17
vn -0.5720614028176843 0.7071067811865476 -0.4156269377774533
vn -0.2185080122244106 0.7071067811865476 -0.6724985119639573
vn 0.21850801222441038 0.7071067811865476 -0.6724985119639573
vn 0.5720614028176841 0.7071067811865476 -0.4156269377774536
vn 0.7071067811865475 0.7071067811865476 -1.7319121124709863e-16
vn 0.8314696123025452 0.5555702330196023 0
vn 0.672673046659108 0.5555702330196023 0.48872557584077636
vn 0.25693824050783537 0.5555702330196023 0.7907745928817406
vn -0.25693824050783526 0.5555702330196023 0.7907745928817407
vn -0.672673046659108 0.5555702330196023 0.48872557584077647
vn -0.8314696123025452 0.5555702330196023 1.0182565992946028e-16
vn -0.672673046659108 0.5555702330196023 -0.48872557584077636
vn -0.2569382405078354 0.5555702330196023 -0.7907745928817406
vn 0.25693824050783515 0.5555702330196023 -0.7907745928817407
vn 0.672673046659108 0.5555702330196023 -0.4887255758407765
vn 0.8314696123025452 0.5555702330196023 -2.0365131985892056e-16
vn 0.9238795325112867 0.38268343236508984 0
vn 0.7474342425568129 0.38268343236508984 0.5430427641049989
vn 0.28549447630116936 0.38268343236508984 0.8786616496665794
vn -0.28549447630116925 0.38268343236508984 0.8786616496665796
vn -0.7474342425568127 0.38268343236508984 0.543042764104999
vn -0.9238795325112867 0.38268343236508984 1.1314261122877003e-16
vn -0.7474342425568129 0.38268343236508984 -0.5430427641049987
vn -0.2854944763011695 0.38268343236508984 -0.8786616496665794
vn 0.28549447630116914 0.38268343236508984 -0.8786616496665796
vn 0.7474342425568127 0.38268343236508984 -0.543042764104999
vn 0.9238795325112867 0.38268343236508984 -2.2628522245754005e-16
vn 0.9807852804032303 0.19509032201612833 0
vn 0.7934719596790115 0.19509032201612833 0.5764911234865568
vn 0.3030793194773963 0.19509032201612833 0.9327822320138617
vn -0.3030793194773962 0.19509032201612833 0.9327822320138618
vn -0.7934719596790114 0.19509032201612833 0.576491123486557
vn -0.9807852804032303 0.19509032201612833 1.2011155542966555e-16
vn -0.7934719596790115 0.19509032201612833 -0.5764911234865567
vn -0.3030793194773964 0.19509032201612833 -0.9327822320138617
vn 0.303079319477396 0.19509032201612833 -0.9327822320138618
vn 0.7934719596790114 0.19509032201612833 -0.5764911234865571
vn 0.9807852804032303 0.19509032201612833 -2.402231108593311e-16
vn 1 6.123233995736766e-17 0
vn 0.8090169943749475 6.123233995736766e-17 0.5877852522924731
vn 0.3090169943749474 6.123233995736766e-17 0.9510565162951535
vn -0.30901699437494734 6.123233995736766e-17 0.9510565162951535
vn -0.8090169943749473 6.123233995736766e-17 0.5877852522924732
vn -1 6.123233995736766e-17 1.2246467991473532e-16
vn -0.8090169943749475 6.123233995736766e-17 -0.587785252292473
vn -0.30901699437494756 6.123233995736766e-17 -0.9510565162951535
vn 0.30901699437494723 6.123233995736766e-17 -0.9510565162951535
vn 0.8090169943749473 6.123233995736766e-17 -0.5877852522924734
vn 1 6.123233995736766e-17 -2.4492935982947064e-16
vn 0 -1 0
vn -0.5773502691896258 -0.5773502691896258 -0.5773502691896258
vn -0.5773502691896258 -0.5773502691896258 0.5773502691896258
vn -0.5773502691896258 0.5773502691896258 -0.5773502691896258
vn -0.5773502691896258 0.5773502691896258 0.5773502691896258
vn 0.5773502691896258 -0.5773502691896258 -0.5773502691896258
vn 0.5773502691896258 -0.5773502691896258 0.5773502691896258
vn 0.5773502691896258 0.5773502691896258 -0.5773502691896258
vn 0.5773502691896258 0.5773502691896258 0.5773502691896258
vn 0 -0.35682208977308993 -0.9341723589627158
vn 0 -0.35682208977308993 0.9341723589627158
vn 0 0.35682208977308993 -0.9341723589627158
vn 0 0.35682208977308993 0.9341723589627158
vn -0.35682208977308993 -0.9341723589627158 0
vn -0.35682208977308993 0.9341723589627158 0
vn 0.35682208977308993 -0.9341723589627158 0
vn 0.35682208977308993 0.9341723589627158 0
vn -0.9341723589627158 0 -0.35682208977308993
vn -0.9341723589627158 0 0.35682208977308993
vn 0.9341723589627158 0 -0.35682208977308993
vn 0.9341723589627158 0 0.35682208977308993
vn 0 -1 0
vn 0 -1 0
vn 0 -1 0
vn 0 -1 0
vn 0 -1 0
vn 0 -1 0
vn 0 -1 0
vn 0 1 0
vn 0 1 0
vn 0 1 0
vn 0 1 0
vn 0 1 0
vn 0 1 0
vn 0 1 0
vn 0 -1 0
vn 0 1 0
vn 0 1 0
vn 0 1 0
vn 0 1 0
vn 0 1 0
vn 0 1 0
vn 0 1 0
vn 0 1 0
vn 0 1 0
vn 0 1 0
vn 0 1 0
vn 0 1 0
vn 0.19509032201612825 0.9807852804032303 0
vn 0.1578313859491287 0.9807852804032303 0.11467121414606977
vn 0.06028622494106459 0.9807852804032303 0.18554192201955863
vn -0.060286224941064566 0.9807852804032303 0.18554192201955866
vn -0.15783138594912868 0.9807852804032303 0.11467121414606979
vn -0.19509032201612825 0.9807852804032303 2.3891673840167787e-17
vn -0.1578313859491287 0.9807852804032303 -0.11467121414606975
vn -0.060286224941064614 0.9807852804032303 -0.18554192201955863
vn 0.060286224941064545 0.9807852804032303 -0.18554192201955866
vn 0.15783138594912868 0.9807852804032303 -0.11467121414606982
vn 0.19509032201612825 0.9807852804032303 -4.7783347680335573e-17
vn 0.3826834323650898 0.9238795325112868 0
vn 0.30959740024909344 0.9238795325112868 0.22493567784086388
vn 0.11825568406654853 0.9238795325112868 0.3639535720290143
vn -0.11825568406654849 0.9238795325112868 0.36395357202901435
vn -0.3095974002490934 0.9238795325112868 0.2249356778408639
vn -0.3826834323650898 0.9238795325112868 4.6865204053262986e-17
vn -0.30959740024909344 0.9238795325112868 -0.22493567784086382
vn -0.11825568406654859 0.9238795325112868 -0.3639535720290143
vn 0.11825568406654845 0.9238795325112868 -0.36395357202901435
vn 0.3095974002490934 0.9238795325112868 -0.22493567784086396
vn 0.3826834323650898 0.9238795325112868 -9.373040810652597e-17
vn 0.5555702330196022 0.8314696123025452 0
vn 0.44946576008170774 0.8314696123025452 0.32655598958161497
vn 0.17168064357190665 0.8314696123025452 0.5283786903729095
vn -0.1716806435719066 0.8314696123025452 0.5283786903729096
vn -0.4494657600817077 0.8314696123025452 0.326555989581615
vn -0.5555702330196022 0.8314696123025452 6.80377307569005e-17
vn -0.44946576008170774 0.8314696123025452 -0.3265559895816149
vn -0.1716806435719067 0.8314696123025452 -0.5283786903729095
vn 0.17168064357190652 0.8314696123025452 -0.5283786903729096
vn 0.4494657600817077 0.8314696123025452 -0.3265559895816151
vn 0.5555702330196022 0.8314696123025452 -1.36075461513801e-16
vn 0.7071067811865475 0.7071067811865476 0
vn 0.5720614028176843 0.7071067811865476 0.4156269377774534
vn 0.21850801222441055 0.7071067811865476 0.6724985119639573
vn -0.21850801222441046 0.7071067811865476 0.6724985119639573
vn -0.5720614028176841 0.7071067811865476 0.41562693777745346
vn -0.7071067811865475 0.7071067811865476 8.659560562354932e-17
vn -0.5720614028176843 0.7071067811865476 -0.4156269377774533
vn -0.2185080122244106 0.7071067811865476 -0.6724985119639573
vn 0.21850801222441038 0.7071067811865476 -0.6724985119639573
vn 0.5720614028176841 0.7071067811865476 -0.4156269377774536
vn 0.7071067811865475 0.7071067811865476 -1.7319121124709863e-16
vn 0.8314696123025452 0.5555702330196023 0
vn 0.672673046659108 0.5555702330196023 0.48872557584077636
vn 0.25693824050783537 0.5555702330196023 0.7907745928817406
vn -0.25693824050783526 0.5555702330196023 0.7907745928817407
vn -0.672673046659108 0.5555702330196023 0.48872557584077647
vn -0.8314696123025452 0.5555702330196023 1.0182565992946028e-16
vn -0.672673046659108 0.5555702330196023 -0.48872557584077636
vn -0.2569382405078354 0.5555702330196023 -0.7907745928817406
vn 0.25693824050783515 0.5555702330196023 -0.7907745928817407
vn 0.672673046659108 0.5555702330196023 -0.4887255758407765
vn 0.8314696123025452 0.5555702330196023 -2.0365131985892056e-16
vn 0.9238795325112867 0.38268343236508984 0
vn 0.7474342425568129 0.38268343236508984 0.5430427641049989
vn 0.28549447630116936 0.38268343236508984 0.8786616496665794
vn -0.28549447630116925 0.38268343236508984 0.8786616496665796
vn -0.7474342425568127 0.38268343236508984 0.543042764104999
vn -0.9238795325112867 0.38268343236508984 1.1314261122877003e-16
vn -0.7474342425568129 0.38268343236508984 -0.5430427641049987
vn -0.2854944763011695 0.38268343236508984 -0.8786616496665794
vn 0.28549447630116914 0.38268343236508984 -0.8786616496665796
vn 0.7474342425568127 0.38268343236508984 -0.543042764104999
vn 0.9238795325112867 0.38268343236508984 -2.2628522245754005e-16
vn 0.9807852804032303 0.19509032201612833 0
vn 0.7934719596790115 0.19509032201612833 0.5764911234865568
vn 0.3030793194773963 0.19509032201612833 0.9327822320138617
vn -0.3030793194773962 0.19509032201612833 0.9327822320138618
vn -0.7934719596790114 0.19509032201612833 0.576491123486557
vn -0.9807852804032303 0.19509032201612833 1.2011155542966555e-16
vn -0.7934719596790115 0.19509032201612833 -0.5764911234865567
vn -0.3030793194773964 0.19509032201612833 -0.9327822320138617
vn 0.303079319477396 0.19509032201612833 -0.9327822320138618
vn 0.7934719596790114 0.19509032201612833 -0.5764911234865571
vn 0.9807852804032303 0.19509032201612833 -2.402231108593311e-16
vn 1 6.123233995736766e-17 0
vn 0.8090169943749475 6.123233995736766e-17 0.5877852522924731
vn 0.3090169943749474 6.123233995736766e-17 0.9510565162951535
vn -0.30901699437494734 6.123233995736766e-17 0.9510565162951535
vn -0.8090169943749473 6.123233995736766e-17 0.5877852522924732
vn -1 6.123233995736766e-17 1.2246467991473532e-16
vn -0.8090169943749475 6.123233995736766e-17 -0.587785252292473
vn -0.30901699437494756 6.123233995736766e-17 -0.9510565162951535
vn 0.30901699437494723 6.123233995736766e-17 -0.9510565162951535
vn 0.8090169943749473 6.123233995736766e-17 -0.5877852522924734
vn 1 6.123233995736766e-17 -2.4492935982947064e-16
vn 0 -1 0
vn -0.5773502691896258 -0.5773502691896258 -0.5773502691896258
vn -0.5773502691896258 -0.5773502691896258 0.5773502691896258
vn -0.5773502691896258 0.5773502691896258 -0.5773502691896258
vn -0.5773502691896258 0.5773502691896258 0.5773502691896258
vn 0.5773502691896258 -0.5773502691896258 -0.5773502691896258
vn 0.5773502691896258 -0.5773502691896258 0.5773502691896258
vn 0.5773502691896258 0.5773502691896258 -0.5773502691896258
vn 0.5773502691896258 0.5773502691896258 0.5773502691896258
vn 0 -0.35682208977308993 -0.9341723589627158
vn 0 -0.35682208977308993 0.9341723589627158
vn 0 0.35682208977308993 -0.9341723589627158
vn 0 0.35682208977308993 0.9341723589627158
vn -0.35682208977308993 -0.9341723589627158 0
vn -0.35682208977308993 0.9341723589627158 0
vn 0.35682208977308993 -0.9341723589627158 0
vn 0.35682208977308993 0.9341723589627158 0
vn -0.9341723589627158 0 -0.35682208977308993
vn -0.9341723589627158 0 0.35682208977308993
vn 0.9341723589627158 0 -0.35682208977308993
vn 0.9341723589627158 0 0.35682208977308993
vn 0 -1 0
vn 0 -1 0
vn 0 -1 0
vn 0 -1 0
vn 0 -1 0
vn 0 -1 0
vn 0 -1 0
vn 0 1 0
vn 0 1 0
vn 0 1 0
vn 0 1 0
vn 0 1 0
vn 0 1 0
vn 0 1 0
vn 0 -1 0
vn 0 1 0
vn 0 1 0
vn 0 1 0
vn 0 1 0
vn 0 1 0
vn 0 1 0
vn 0 1 0
vn 0 1 0
vn 0 1 0
vn 0 1 0
vn 0 1 0
vn 0 1 0
vn 0.19509032201612825 0.9807852804032303 0
vn 0.1578313859491287 0.9807852804032303 0.11467121414606977
vn 0.06028622494106459 0.9807852804032303 0.18554192201955863
vn -0.060286224941064566 0.9807852804032303 0.18554192201955866
vn -0.15783138594912868 0.9807852804032303 0.11467121414606979
vn -0.19509032201612825 0.9807852804032303 2.3891673840167787e-17
vn -0.1578313859491287 0.9807852804032303 -0.11467121414606975
vn -0.060286224941064614 0.9807852804032303 -0.18554192201955863
vn 0.060286224941064545 0.9807852804032303 -0.18554192201955866
vn 0.15783138594912868 0.9807852804032303 -0.11467121414606982
vn 0.19509032201612825 0.9807852804032303 -4.7783347680335573e-17
vn 0.3826834323650898 0.9238795325112868 0
vn 0.30959740024909344 0.9238795325112868 0.22493567784086388
vn 0.11825568406654853 0.9238795325112868 0.3639535720290143
vn -0.11825568406654849 0.9238795325112868 0.36395357202901435
vn -0.3095974002490934 0.9238795325112868 0.2249356778408639
vn -0.3826834323650898 0.9238795325112868 4.6865204053262986e-17
vn -0.30959740024909344 0.9238795325112868 -0.22493567784086382
vn -0.11825568406654859 0.9238795325112868 -0.3639535720290143
vn 0.11825568406654845 0.9238795325112868 -0.36395357202901435
vn 0.3095974002490934 0.9238795325112868 -0.22493567784086396
vn 0.3826834323650898 0.9238795325112868 -9.373040810652597e-17
vn 0.5555702330196022 0.8314696123025452 0
vn 0.44946576008170774 0.8314696123025452 0.32655598958161497
vn 0.17168064357190665 0.8314696123025452 0.5283786903729095
vn -0.1716806435719066 0.8314696123025452 0.5283786903729096
vn -0.4494657600817077 0.8314696123025452 0.326555989581615
vn -0.5555702330196022 0.8314696123025452 6.80377307569005e-17
vn -0.44946576008170774 0.8314696123025452 -0.3265559895816149
vn -0.1716806435719067 0.8314696123025452 -0.5283786903729095
vn 0.17168064357190652 0.8314696123025452 -0.5283786903729096
vn 0.4494657600817077 0.8314696123025452 -0.3265559895816151
vn 0.5555702330196022 0.8314696123025452 -1.36075461513801e-16
vn 0.7071067811865475 0.7071067811865476 0
vn 0.5720614028176843 0.7071067811865476 0.4156269377774534
vn 0.21850801222441055 0.7071067811865476 0.6724985119639573
vn -0.21850801222441046 0.7071067811865476 0.6724985119639573
vn -0.5720614028176841 0.7071067811865476 0.41562693777745346
vn -0.7071067811865475 0.7071067811865476 8.659560562354932e-17
vn -0.5720614028176843 0.7071067811865476 -0.4156269377774533
vn -0.2185080122244106 0.7071067811865476 -0.6724985119639573
vn 0.21850801222441038 0.7071067811865476 -0.6724985119639573
vn 0.5720614028176841 0.7071067811865476 -0.4156269377774536
vn 0.7071067811865475 0.7071067811865476 -1.7319121124709863e-16
vn 0.8314696123025452 0.5555702330196023 0
vn 0.672673046659108 0.5555702330196023 0.48872557584077636
vn 0.25693824050783537 0.5555702330196023 0.7907745928817406
vn -0.25693824050783526 0.5555702330196023 0.7907745928817407
vn -0.672673046659108 0.5555702330196023 0.48872557584077647
vn -0.8314696123025452 0.5555702330196023 1.0182565992946028e-16
vn -0.672673046659108 0.5555702330196023 -0.48872557584077636
vn -0.2569382405078354 0.5555702330196023 -0.7907745928817406
vn 0.25693824050783515 0.5555702330196023 -0.7907745928817407
vn 0.672673046659108 0.5555702330196023 -0.4887255758407765
vn 0.8314696123025452 0.5555702330196023 -2.0365131985892056e-16
vn 0.9238795325112867 0.38268343236508984 0
vn 0.7474342425568129 0.38268343236508984 0.5430427641049989
vn 0.28549447630116936 0.38268343236508984 0.8786616496665794
vn -0.28549447630116925 0.38268343236508984 0.8786616496665796
vn -0.7474342425568127 0.38268343236508984 0.543042764104999
vn -0.9238795325112867 0.38268343236508984 1.1314261122877003e-16
vn -0.7474342425568129 0.38268343236508984 -0.5430427641049987
vn -0.2854944763011695 0.38268343236508984 -0.8786616496665794
vn 0.28549447630116914 0.38268343236508984 -0.8786616496665796
vn 0.7474342425568127 0.38268343236508984 -0.543042764104999
vn 0.9238795325112867 0.38268343236508984 -2.2628522245754005e-16
vn 0.9807852804032303 0.19509032201612833 0
vn 0.7934719596790115 0.19509032201612833 0.5764911234865568
vn 0.3030793194773963 0.19509032201612833 0.9327822320138617
vn -0.3030793194773962 0.19509032201612833 0.9327822320138618
vn -0.7934719596790114 0.19509032201612833 0.576491123486557
vn -0.9807852804032303 0.19509032201612833 1.2011155542966555e-16
vn -0.7934719596790115 0.19509032201612833 -0.5764911234865567
vn -0.3030793194773964 0.19509032201612833 -0.9327822320138617
vn 0.303079319477396 0.19509032201612833 -0.9327822320138618
vn 0.7934719596790114 0.19509032201612833 -0.5764911234865571
vn 0.9807852804032303 0.19509032201612833 -2.402231108593311e-16
vn 1 6.123233995736766e-17 0
vn 0.8090169943749475 6.123233995736766e-17 0.5877852522924731
vn 0.3090169943749474 6.123233995736766e-17 0.9510565162951535
vn -0.30901699437494734 6.123233995736766e-17 0.9510565162951535
vn -0.8090169943749473 6.123233995736766e-17 0.5877852522924732
vn -1 6.123233995736766e-17 1.2246467991473532e-16
vn -0.8090169943749475 6.123233995736766e-17 -0.587785252292473
vn -0.30901699437494756 6.123233995736766e-17 -0.9510565162951535
vn 0.30901699437494723 6.123233995736766e-17 -0.9510565162951535
vn 0.8090169943749473 6.123233995736766e-17 -0.5877852522924734
vn 1 6.123233995736766e-17 -2.4492935982947064e-16
vn 0 -1 0
vn -0.5773502691896258 -0.5773502691896258 -0.5773502691896258
vn -0.5773502691896258 -0.5773502691896258 0.5773502691896258
vn -0.5773502691896258 0.5773502691896258 -0.5773502691896258
vn -0.5773502691896258 0.5773502691896258 0.5773502691896258
vn 0.5773502691896258 -0.5773502691896258 -0.5773502691896258
vn 0.5773502691896258 -0.5773502691896258 0.5773502691896258
vn 0.5773502691896258 0.5773502691896258 -0.5773502691896258
vn 0.5773502691896258 0.5773502691896258 0.5773502691896258
vn 0 -0.35682208977308993 -0.9341723589627158
vn 0 -0.35682208977308993 0.9341723589627158
vn 0 0.35682208977308993 -0.9341723589627158
vn 0 0.35682208977308993 0.9341723589627158
vn -0.35682208977308993 -0.9341723589627158 0
vn -0.35682208977308993 0.9341723589627158 0
vn 0.35682208977308993 -0.9341723589627158 0
vn 0.35682208977308993 0.9341723589627158 0
vn -0.9341723589627158 0 -0.35682208977308993
vn -0.9341723589627158 0 0.35682208977308993
vn 0.9341723589627158 0 -0.35682208977308993
vn 0.9341723589627158 0 0.35682208977308993
vn 0 -1 0
vn 0 -1 0
vn 0 -1 0
vn 0 -1 0
vn 0 -1 0
vn 0 -1 0
vn 0 -1 0
vn 0 1 0
vn 0 1 0
vn 0 1 0
vn 0 1 0
vn 0 1 0
vn 0 1 0
vn 0 1 0
vn 0 -1 0
vn 0 1 0
vn 0 1 0
vn 0 1 0
vn 0 1 0
vn 0 1 0
vn 0 1 0
vn 0 1 0
vn 0 1 0
vn 0 1 0
vn 0 1 0
vn 0 1 0
vn 0 1 0
vn 0.19509032201612825 0.9807852804032303 0
vn 0.1578313859491287 0.9807852804032303 0.11467121414606977
vn 0.06028622494106459 0.9807852804032303 0.18554192201955863
vn -0.06028622494106456 0.9807852804032303 0.18554192201955866
vn -0.15783138594912868 0.9807852804032303 0.11467121414606979
vn -0.19509032201612825 0.9807852804032303 2.3891673840167787e-17
vn -0.1578313859491287 0.9807852804032303 -0.11467121414606975
vn -0.060286224941064614 0.9807852804032303 -0.18554192201955863
vn 0.060286224941064545 0.9807852804032303 -0.18554192201955866
vn 0.15783138594912868 0.9807852804032303 -0.11467121414606982
vn 0.19509032201612825 0.9807852804032303 -4.7783347680335573e-17
vn 0.3826834323650898 0.9238795325112868 0
vn 0.30959740024909344 0.9238795325112868 0.22493567784086385
vn 0.11825568406654854 0.9238795325112868 0.3639535720290143
vn -0.11825568406654849 0.9238795325112868 0.36395357202901435
vn -0.3095974002490934 0.9238795325112868 0.2249356778408639
vn -0.3826834323650898 0.9238795325112868 4.6865204053262986e-17
vn -0.30959740024909344 0.9238795325112868 -0.22493567784086382
vn -0.11825568406654856 0.9238795325112868 -0.3639535720290143
vn 0.11825568406654843 0.9238795325112868 -0.36395357202901435
vn 0.3095974002490934 0.9238795325112868 -0.22493567784086393
vn 0.3826834323650898 0.9238795325112868 -9.373040810652597e-17
vn 0.5555702330196022 0.8314696123025452 0
vn 0.44946576008170774 0.8314696123025452 0.32655598958161497
vn 0.17168064357190665 0.8314696123025452 0.5283786903729095
vn -0.1716806435719066 0.8314696123025452 0.5283786903729096
vn -0.4494657600817077 0.8314696123025452 0.326555989581615
vn -0.5555702330196022 0.8314696123025452 6.80377307569005e-17
vn -0.44946576008170774 0.8314696123025452 -0.3265559895816149
vn -0.1716806435719067 0.8314696123025452 -0.5283786903729095
vn 0.17168064357190652 0.8314696123025452 -0.5283786903729096
vn 0.4494657600817077 0.8314696123025452 -0.3265559895816151
vn 0.5555702330196022 0.8314696123025452 -1.36075461513801e-16
vn 0.7071067811865475 0.7071067811865476 0
vn 0.5720614028176843 0.7071067811865476 0.4156269377774534
vn 0.21850801222441055 0.7071067811865476 0.6724985119639573
vn -0.21850801222441046 0.7071067811865476 0.6724985119639573
vn -0.5720614028176841 0.7071067811865476 0.41562693777745346
vn -0.7071067811865475 0.7071067811865476 8.65956056235493e-17
vn -0.5720614028176843 0.7071067811865476 -0.4156269377774533
vn -0.2185080122244106 0.7071067811865476 -0.6724985119639573
vn 0.21850801222441038 0.7071067811865476 -0.6724985119639573
vn 0.5720614028176841 0.7071067811865476 -0.4156269377774536
vn 0.7071067811865475 0.7071067811865476 -1.731912112470986e-16
vn 0.8314696123025452 0.5555702330196023 0
vn 0.672673046659108 0.5555702330196023 0.48872557584077636
vn 0.25693824050783537 0.5555702330196023 0.7907745928817406
vn -0.25693824050783526 0.5555702330196023 0.7907745928817407
vn -0.6726730466591079 0.5555702330196023 0.4887255758407765
vn -0.8314696123025452 0.5555702330196023 1.0182565992946028e-16
vn -0.672673046659108 0.5555702330196023 -0.48872557584077636
vn -0.2569382405078354 0.5555702330196023 -0.7907745928817406
vn 0.25693824050783515 0.5555702330196023 -0.7907745928817407
vn 0.6726730466591079 0.5555702330196023 -0.4887255758407766
vn 0.8314696123025452 0.5555702330196023 -2.0365131985892056e-16
vn 0.9238795325112866 0.38268343236508984 0
vn 0.7474342425568128 0.38268343236508984 0.5430427641049989
vn 0.28549447630116936 0.38268343236508984 0.8786616496665794
vn -0.28549447630116925 0.38268343236508984 0.8786616496665794
vn -0.7474342425568127 0.38268343236508984 0.543042764104999
vn -0.9238795325112866 0.38268343236508984 1.1314261122877003e-16
vn -0.7474342425568128 0.38268343236508984 -0.5430427641049987
vn -0.2854944763011695 0.38268343236508984 -0.8786616496665794
vn 0.28549447630116914 0.38268343236508984 -0.8786616496665794
vn 0.7474342425568127 0.38268343236508984 -0.543042764104999
vn 0.9238795325112866 0.38268343236508984 -2.2628522245754005e-16
vn 0.9807852804032304 0.19509032201612833 0
vn 0.7934719596790115 0.19509032201612833 0.5764911234865568
vn 0.3030793194773963 0.19509032201612833 0.9327822320138618
vn -0.3030793194773962 0.19509032201612833 0.9327822320138618
vn -0.7934719596790114 0.19509032201612833 0.576491123486557
vn -0.9807852804032304 0.19509032201612833 1.2011155542966555e-16
vn -0.7934719596790115 0.19509032201612833 -0.5764911234865567
vn -0.3030793194773964 0.19509032201612833 -0.9327822320138618
vn 0.3030793194773961 0.19509032201612833 -0.9327822320138618
vn 0.7934719596790114 0.19509032201612833 -0.5764911234865571
vn 0.9807852804032304 0.19509032201612833 -2.402231108593311e-16
vn 1 6.123233995736766e-17 0
vn 0.8090169943749475 6.123233995736766e-17 0.5877852522924731
vn 0.30901699437494745 6.123233995736766e-17 0.9510565162951535
vn -0.30901699437494734 6.123233995736766e-17 0.9510565162951535
vn -0.8090169943749473 6.123233995736766e-17 0.5877852522924732
vn -1 6.123233995736766e-17 1.2246467991473532e-16
vn -0.8090169943749475 6.123233995736766e-17 -0.587785252292473
vn -0.30901699437494756 6.123233995736766e-17 -0.9510565162951535
vn 0.30901699437494723 6.123233995736766e-17 -0.9510565162951535
vn 0.8090169943749473 6.123233995736766e-17 -0.5877852522924734
vn 1 6.123233995736766e-17 -2.4492935982947064e-16
vn 0 -1 0
vn -0.5773502691896258 -0.5773502691896258 -0.5773502691896258
vn -0.5773502691896258 -0.5773502691896258 0.5773502691896258
vn -0.5773502691896258 0.5773502691896258 -0.5773502691896258
vn -0.5773502691896258 0.5773502691896258 0.5773502691896258
vn 0.5773502691896258 -0.5773502691896258 -0.5773502691896258
vn 0.5773502691896258 -0.5773502691896258 0.5773502691896258
vn 0.5773502691896258 0.5773502691896258 -0.5773502691896258
vn 0.5773502691896258 0.5773502691896258 0.5773502691896258
vn 0 -0.35682208977308993 -0.9341723589627158
vn 0 -0.35682208977308993 0.9341723589627158
vn 0 0.35682208977308993 -0.9341723589627158
vn 0 0.35682208977308993 0.9341723589627158
vn -0.35682208977308993 -0.9341723589627158 0
vn -0.35682208977308993 0.9341723589627158 0
vn 0.35682208977308993 -0.9341723589627158 0
vn 0.35682208977308993 0.9341723589627158 0
vn -0.9341723589627158 0 -0.35682208977308993
vn -0.9341723589627158 0 0.35682208977308993
vn 0.9341723589627158 0 -0.35682208977308993
vn 0.9341723589627158 0 0.35682208977308993
vn 0 -1 0
vn 0 -1 0
vn 0 -1 0
vn 0 -1 0
vn 0 -1 0
vn 0 -1 0
vn 0 -1 0
vn 0 1 0
vn 0 1 0
vn 0 1 0
vn 0 1 0
vn 0 1 0
vn 0 1 0
vn 0 1 0
vn 0 -1 0
vn 0 1 0
vn 0 1 0
vn 0 1 0
vn 0 1 0
vn 0 1 0
vn 0 1 0
vn 0 1 0
vn 0 1 0
vn 0 1 0
vn 0 1 0
vn 0 1 0
vn 0 1 0
vn 0.19509032201612825 0.9807852804032303 0
vn 0.1578313859491287 0.9807852804032303 0.11467121414606977
vn 0.06028622494106459 0.9807852804032303 0.18554192201955863
vn -0.06028622494106456 0.9807852804032303 0.18554192201955866
vn -0.15783138594912868 0.9807852804032303 0.11467121414606979
vn -0.19509032201612825 0.9807852804032303 2.3891673840167787e-17
vn -0.1578313859491287 0.9807852804032303 -0.11467121414606975
vn -0.060286224941064614 0.9807852804032303 -0.18554192201955863
vn 0.060286224941064545 0.9807852804032303 -0.18554192201955866
vn 0.15783138594912868 0.9807852804032303 -0.11467121414606982
vn 0.19509032201612825 0.9807852804032303 -4.7783347680335573e-17
vn 0.3826834323650898 0.9238795325112868 0
vn 0.30959740024909344 0.9238795325112868 0.22493567784086385
vn 0.11825568406654854 0.9238795325112868 0.3639535720290143
vn -0.11825568406654849 0.9238795325112868 0.36395357202901435
vn -0.3095974002490934 0.9238795325112868 0.2249356778408639
vn -0.3826834323650898 0.9238795325112868 4.6865204053262986e-17
vn -0.30959740024909344 0.9238795325112868 -0.22493567784086382
vn -0.11825568406654856 0.9238795325112868 -0.3639535720290143
vn 0.11825568406654843 0.9238795325112868 -0.36395357202901435
vn 0.3095974002490934 0.9238795325112868 -0.22493567784086393
vn 0.3826834323650898 0.9238795325112868 -9.373040810652597e-17
vn 0.5555702330196022 0.8314696123025452 0
vn 0.44946576008170774 0.8314696123025452 0.32655598958161497
vn 0.17168064357190665 0.8314696123025452 0.5283786903729095
vn -0.1716806435719066 0.8314696123025452 0.5283786903729096
vn -0.4494657600817077 0.8314696123025452 0.326555989581615
vn -0.5555702330196022 0.8314696123025452 6.80377307569005e-17
vn -0.44946576008170774 0.8314696123025452 -0.3265559895816149
vn -0.1716806435719067 0.8314696123025452 -0.5283786903729095
vn 0.17168064357190652 0.8314696123025452 -0.5283786903729096
vn 0.4494657600817077 0.8314696123025452 -0.3265559895816151
vn 0.5555702330196022 0.8314696123025452 -1.36075461513801e-16
vn 0.7071067811865475 0.7071067811865476 0
vn 0.5720614028176843 0.7071067811865476 0.4156269377774534
vn 0.21850801222441055 0.7071067811865476 0.6724985119639573
vn -0.21850801222441046 0.7071067811865476 0.6724985119639573
vn -0.5720614028176841 0.7071067811865476 0.41562693777745346
vn -0.7071067811865475 0.7071067811865476 8.65956056235493e-17
vn -0.5720614028176843 0.7071067811865476 -0.4156269377774533
vn -0.2185080122244106 0.7071067811865476 -0.6724985119639573
vn 0.21850801222441038 0.7071067811865476 -0.6724985119639573
vn 0.5720614028176841 0.7071067811865476 -0.4156269377774536
vn 0.7071067811865475 0.7071067811865476 -1.731912112470986e-16
vn 0.8314696123025452 0.5555702330196023 0
vn 0.672673046659108 0.5555702330196023 0.48872557584077636
vn 0.25693824050783537 0.5555702330196023 0.7907745928817406
vn -0.25693824050783526 0.5555702330196023 0.7907745928817407
vn -0.6726730466591079 0.5555702330196023 0.4887255758407765
vn -0.8314696123025452 0.5555702330196023 1.0182565992946028e-16
vn -0.672673046659108 0.5555702330196023 -0.48872557584077636
vn -0.2569382405078354 0.5555702330196023 -0.7907745928817406
vn 0.25693824050783515 0.5555702330196023 -0.7907745928817407
vn 0.6726730466591079 0.5555702330196023 -0.4887255758407766
vn 0.8314696123025452 0.5555702330196023 -2.0365131985892056e-16
vn 0.9238795325112866 0.38268343236508984 0
vn 0.7474342425568128 0.38268343236508984 0.5430427641049989
vn 0.28549447630116936 0.38268343236508984 0.8786616496665794
vn -0.28549447630116925 0.38268343236508984 0.8786616496665794
vn -0.7474342425568127 0.38268343236508984 0.543042764104999
vn -0.9238795325112866 0.38268343236508984 1.1314261122877003e-16
vn -0.7474342425568128 0.38268343236508984 -0.5430427641049987
vn -0.2854944763011695 0.38268343236508984 -0.8786616496665794
vn 0.28549447630116914 0.38268343236508984 -0.8786616496665794
vn 0.7474342425568127 0.38268343236508984 -0.543042764104999
vn 0.9238795325112866 0.38268343236508984 -2.2628522245754005e-16
vn 0.9807852804032304 0.19509032201612833 0
vn 0.7934719596790115 0.19509032201612833 0.5764911234865568
vn 0.3030793194773963 0.19509032201612833 0.9327822320138618
vn -0.3030793194773962 0.19509032201612833 0.9327822320138618
vn -0.7934719596790114 0.19509032201612833 0.576491123486557
vn -0.9807852804032304 0.19509032201612833 1.2011155542966555e-16
vn -0.7934719596790115 0.19509032201612833 -0.5764911234865567
vn -0.3030793194773964 0.19509032201612833 -0.9327822320138618
vn 0.3030793194773961 0.19509032201612833 -0.9327822320138618
vn 0.7934719596790114 0.19509032201612833 -0.5764911234865571
vn 0.9807852804032304 0.19509032201612833 -2.402231108593311e-16
vn 1 6.123233995736766e-17 0
vn 0.8090169943749475 6.123233995736766e-17 0.5877852522924731
vn 0.30901699437494745 6.123233995736766e-17 0.9510565162951535
vn -0.30901699437494734 6.123233995736766e-17 0.9510565162951535
vn -0.8090169943749473 6.123233995736766e-17 0.5877852522924732
vn -1 6.123233995736766e-17 1.2246467991473532e-16
vn -0.8090169943749475 6.123233995736766e-17 -0.587785252292473
vn -0.30901699437494756 6.123233995736766e-17 -0.9510565162951535
vn 0.30901699437494723 6.123233995736766e-17 -0.9510565162951535
vn 0.8090169943749473 6.123233995736766e-17 -0.5877852522924734
vn 1 6.123233995736766e-17 -2.4492935982947064e-16
vn 0 -1 0
vn -0.5773502691896258 -0.5773502691896258 -0.5773502691896258
vn -0.5773502691896258 -0.5773502691896258 0.5773502691896258
vn -0.5773502691896258 0.5773502691896258 -0.5773502691896258
vn -0.5773502691896258 0.5773502691896258 0.5773502691896258
vn 0.5773502691896258 -0.5773502691896258 -0.5773502691896258
vn 0.5773502691896258 -0.5773502691896258 0.5773502691896258
vn 0.5773502691896258 0.5773502691896258 -0.5773502691896258
vn 0.5773502691896258 0.5773502691896258 0.5773502691896258
vn 0 -0.35682208977308993 -0.9341723589627158
vn 0 -0.35682208977308993 0.9341723589627158
vn 0 0.35682208977308993 -0.9341723589627158
vn 0 0.35682208977308993 0.9341723589627158
vn -0.35682208977308993 -0.9341723589627158 0
vn -0.35682208977308993 0.9341723589627158 0
vn 0.35682208977308993 -0.9341723589627158 0
vn 0.35682208977308993 0.9341723589627158 0
vn -0.9341723589627158 0 -0.35682208977308993
vn -0.9341723589627158 0 0.35682208977308993
vn 0.9341723589627158 0 -0.35682208977308993
vn 0.9341723589627158 0 0.35682208977308993
vn 0 -1 0
vn 0 -1 0
vn 0 -1 0
vn 0 -1 0
vn 0 -1 0
vn 0 -1 0
vn 0 -1 0
vn 0 1 0
vn 0 1 0
vn 0 1 0
vn 0 1 0
vn 0 1 0
vn 0 1 0
vn 0 1 0
vn 0 -1 0
vn 0 1 0
vn 0 1 0
vn 0 1 0
vn 0 1 0
vn 0 1 0
vn 0 1 0
vn 0 1 0
vn 0 1 0
vn 0 1 0
vn 0 1 0
vn 0 1 0
vn 0 1 0
vn 0.19509032201612825 0.9807852804032303 0
vn 0.1578313859491287 0.9807852804032303 0.11467121414606977
vn 0.06028622494106459 0.9807852804032303 0.18554192201955863
vn -0.06028622494106456 0.9807852804032303 0.18554192201955866
vn -0.15783138594912868 0.9807852804032303 0.11467121414606979
vn -0.19509032201612825 0.9807852804032303 2.3891673840167787e-17
vn -0.1578313859491287 0.9807852804032303 -0.11467121414606975
vn -0.060286224941064614 0.9807852804032303 -0.18554192201955863
vn 0.060286224941064545 0.9807852804032303 -0.18554192201955866
vn 0.15783138594912868 0.9807852804032303 -0.11467121414606982
vn 0.19509032201612825 0.9807852804032303 -4.7783347680335573e-17
vn 0.3826834323650898 0.9238795325112868 0
vn 0.30959740024909344 0.9238795325112868 0.22493567784086385
vn 0.11825568406654854 0.9238795325112868 0.3639535720290143
vn -0.11825568406654849 0.9238795325112868 0.36395357202901435
vn -0.3095974002490934 0.9238795325112868 0.2249356778408639
vn -0.3826834323650898 0.9238795325112868 4.6865204053262986e-17
vn -0.30959740024909344 0.9238795325112868 -0.22493567784086382
vn -0.11825568406654856 0.9238795325112868 -0.3639535720290143
vn 0.11825568406654843 0.9238795325112868 -0.36395357202901435
vn 0.3095974002490934 0.9238795325112868 -0.22493567784086393
vn 0.3826834323650898 0.9238795325112868 -9.373040810652597e-17
vn 0.5555702330196022 0.8314696123025452 0
vn 0.44946576008170774 0.8314696123025452 0.32655598958161497
vn 0.17168064357190665 0.8314696123025452 0.5283786903729095
vn -0.1716806435719066 0.8314696123025452 0.5283786903729096
vn -0.4494657600817077 0.8314696123025452 0.326555989581615
vn -0.5555702330196022 0.8314696123025452 6.80377307569005e-17
vn -0.44946576008170774 0.8314696123025452 -0.3265559895816149
vn -0.1716806435719067 0.8314696123025452 -0.5283786903729095
vn 0.17168064357190652 0.8314696123025452 -0.5283786903729096
vn 0.4494657600817077 0.8314696123025452 -0.3265559895816151
vn 0.5555702330196022 0.8314696123025452 -1.36075461513801e-16
vn 0.7071067811865475 0.7071067811865476 0
vn 0.5720614028176843 0.7071067811865476 0.4156269377774534
vn 0.21850801222441055 0.7071067811865476 0.6724985119639573
vn -0.21850801222441046 0.7071067811865476 0.6724985119639573
vn -0.5720614028176841 0.7071067811865476 0.41562693777745346
vn -0.7071067811865475 0.7071067811865476 8.65956056235493e-17
vn -0.5720614028176843 0.7071067811865476 -0.4156269377774533
vn -0.2185080122244106 0.7071067811865476 -0.6724985119639573
vn 0.21850801222441038 0.7071067811865476 -0.6724985119639573
vn 0.5720614028176841 0.7071067811865476 -0.4156269377774536
vn 0.7071067811865475 0.7071067811865476 -1.731912112470986e-16
vn 0.8314696123025452 0.5555702330196023 0
vn 0.672673046659108 0.5555702330196023 0.48872557584077636
vn 0.25693824050783537 0.5555702330196023 0.7907745928817406
vn -0.25693824050783526 0.5555702330196023 0.7907745928817407
vn -0.6726730466591079 0.5555702330196023 0.4887255758407765
vn -0.8314696123025452 0.5555702330196023 1.0182565992946028e-16
vn -0.672673046659108 0.5555702330196023 -0.48872557584077636
vn -0.2569382405078354 0.5555702330196023 -0.7907745928817406
vn 0.25693824050783515 0.5555702330196023 -0.7907745928817407
vn 0.6726730466591079 0.5555702330196023 -0.4887255758407766
vn 0.8314696123025452 0.5555702330196023 -2.0365131985892056e-16
vn 0.9238795325112866 0.38268343236508984 0
vn 0.7474342425568128 0.38268343236508984 0.5430427641049989
vn 0.28549447630116936 0.38268343236508984 0.8786616496665794
vn -0.28549447630116925 0.38268343236508984 0.8786616496665794
vn -0.7474342425568127 0.38268343236508984 0.543042764104999
vn -0.9238795325112866 0.38268343236508984 1.1314261122877003e-16
vn -0.7474342425568128 0.38268343236508984 -0.5430427641049987
vn -0.2854944763011695 0.38268343236508984 -0.8786616496665794
vn 0.28549447630116914 0.38268343236508984 -0.8786616496665794
vn 0.7474342425568127 0.38268343236508984 -0.543042764104999
vn 0.9238795325112866 0.38268343236508984 -2.2628522245754005e-16
vn 0.9807852804032304 0.19509032201612833 0
vn 0.7934719596790115 0.19509032201612833 0.5764911234865568
vn 0.3030793194773963 0.19509032201612833 0.9327822320138618
vn -0.3030793194773962 0.19509032201612833 0.9327822320138618
vn -0.7934719596790114 0.19509032201612833 0.576491123486557
vn -0.9807852804032304 0.19509032201612833 1.2011155542966555e-16
vn -0.7934719596790115 0.19509032201612833 -0.5764911234865567
vn -0.3030793194773964 0.19509032201612833 -0.9327822320138618
vn 0.3030793194773961 0.19509032201612833 -0.9327822320138618
vn 0.7934719596790114 0.19509032201612833 -0.5764911234865571
vn 0.9807852804032304 0.19509032201612833 -2.402231108593311e-16
vn 1 6.123233995736766e-17 0
vn 0.8090169943749475 6.123233995736766e-17 0.5877852522924731
vn 0.30901699437494745 6.123233995736766e-17 0.9510565162951535
vn -0.30901699437494734 6.123233995736766e-17 0.9510565162951535
vn -0.8090169943749473 6.123233995736766e-17 0.5877852522924732
vn -1 6.123233995736766e-17 1.2246467991473532e-16
vn -0.8090169943749475 6.123233995736766e-17 -0.587785252292473
vn -0.30901699437494756 6.123233995736766e-17 -0.9510565162951535
vn 0.30901699437494723 6.123233995736766e-17 -0.9510565162951535
vn 0.8090169943749473 6.123233995736766e-17 -0.5877852522924734
vn 1 6.123233995736766e-17 -2.4492935982947064e-16
vn 0 -1 0
vn -0.5773502691896258 -0.5773502691896258 -0.5773502691896258
vn -0.5773502691896258 -0.5773502691896258 0.5773502691896258
vn -0.5773502691896258 0.5773502691896258 -0.5773502691896258
vn -0.5773502691896258 0.5773502691896258 0.5773502691896258
vn 0.5773502691896258 -0.5773502691896258 -0.5773502691896258
vn 0.5773502691896258 -0.5773502691896258 0.5773502691896258
vn 0.5773502691896258 0.5773502691896258 -0.5773502691896258
vn 0.5773502691896258 0.5773502691896258 0.5773502691896258
vn 0 -0.35682208977308993 -0.9341723589627158
vn 0 -0.35682208977308993 0.9341723589627158
vn 0 0.35682208977308993 -0.9341723589627158
vn 0 0.35682208977308993 0.9341723589627158
vn -0.35682208977308993 -0.9341723589627158 0
vn -0.35682208977308993 0.9341723589627158 0
vn 0.35682208977308993 -0.9341723589627158 0
vn 0.35682208977308993 0.9341723589627158 0
vn -0.9341723589627158 0 -0.35682208977308993
vn -0.9341723589627158 0 0.35682208977308993
vn 0.9341723589627158 0 -0.35682208977308993
vn 0.9341723589627158 0 0.35682208977308993
vn 0 -1 0
vn 0 -1 0
vn 0 -1 0
vn 0 -1 0
vn 0 -1 0
vn 0 -1 0
vn 0 -1 0
vn 0 1 0
vn 0 1 0
vn 0 1 0
vn 0 1 0
vn 0 1 0
vn 0 1 0
vn 0 1 0
vn 0 -1 0
vn 0 1 0
vn 0 1 0
vn 0 1 0
vn 0 1 0
vn 0 1 0
vn 0 1 0
vn 0 1 0
vn 0 1 0
vn 0 1 0
vn 0 1 0
vn 0 1 0
vn 0 1 0
vn 0.19509032201612825 0.9807852804032303 0
vn 0.1578313859491287 0.9807852804032303 0.11467121414606977
vn 0.06028622494106459 0.9807852804032303 0.18554192201955863
vn -0.06028622494106456 0.9807852804032303 0.18554192201955866
vn -0.15783138594912868 0.9807852804032303 0.11467121414606979
vn -0.19509032201612825 0.9807852804032303 2.3891673840167787e-17
vn -0.1578313859491287 0.9807852804032303 -0.11467121414606975
vn -0.060286224941064614 0.9807852804032303 -0.18554192201955863
vn 0.060286224941064545 0.9807852804032303 -0.18554192201955866
vn 0.15783138594912868 0.9807852804032303 -0.11467121414606982
vn 0.19509032201612825 0.9807852804032303 -4.7783347680335573e-17
vn 0.3826834323650898 0.9238795325112868 0
vn 0.30959740024909344 0.9238795325112868 0.22493567784086385
vn 0.11825568406654854 0.9238795325112868 0.3639535720290143
vn -0.11825568406654849 0.9238795325112868 0.36395357202901435
vn -0.3095974002490934 0.9238795325112868 0.2249356778408639
vn -0.3826834323650898 0.9238795325112868 4.6865204053262986e-17
vn -0.30959740024909344 0.9238795325112868 -0.22493567784086382
vn -0.11825568406654856 0.9238795325112868 -0.3639535720290143
vn 0.11825568406654843 0.9238795325112868 -0.36395357202901435
vn 0.3095974002490934 0.9238795325112868 -0.22493567784086393
vn 0.3826834323650898 0.9238795325112868 -9.373040810652597e-17
vn 0.5555702330196022 0.8314696123025452 0
vn 0.44946576008170774 0.8314696123025452 0.32655598958161497
vn 0.17168064357190665 0.8314696123025452 0.5283786903729095
vn -0.1716806435719066 0.8314696123025452 0.5283786903729096
vn -0.4494657600817077 0.8314696123025452 0.326555989581615
vn -0.5555702330196022 0.8314696123025452 6.80377307569005e-17
vn -0.44946576008170774 0.8314696123025452 -0.3265559895816149
vn -0.1716806435719067 0.8314696123025452 -0.5283786903729095
vn 0.17168064357190652 0.8314696123025452 -0.5283786903729096
vn 0.4494657600817077 0.8314696123025452 -0.3265559895816151
vn 0.5555702330196022 0.8314696123025452 -1.36075461513801e-16
vn 0.7071067811865475 0.7071067811865476 0
vn 0.5720614028176843 0.7071067811865476 0.4156269377774534
vn 0.21850801222441055 0.7071067811865476 0.6724985119639573
vn -0.21850801222441046 0.7071067811865476 0.6724985119639573
vn -0.5720614028176841 0.7071067811865476 0.41562693777745346
vn -0.7071067811865475 0.7071067811865476 8.65956056235493e-17
vn -0.5720614028176843 0.7071067811865476 -0.4156269377774533
vn -0.2185080122244106 0.7071067811865476 -0.6724985119639573
vn 0.21850801222441038 0.7071067811865476 -0.6724985119639573
vn 0.5720614028176841 0.7071067811865476 -0.4156269377774536
vn 0.7071067811865475 0.7071067811865476 -1.731912112470986e-16
vn 0.8314696123025452 0.5555702330196023 0
vn 0.672673046659108 0.5555702330196023 0.48872557584077636
vn 0.25693824050783537 0.5555702330196023 0.7907745928817406
vn -0.25693824050783526 0.5555702330196023 0.7907745928817407
vn -0.6726730466591079 0.5555702330196023 0.4887255758407765
vn -0.8314696123025452 0.5555702330196023 1.0182565992946028e-16
vn -0.672673046659108 0.5555702330196023 -0.48872557584077636
vn -0.2569382405078354 0.5555702330196023 -0.7907745928817406
vn 0.25693824050783515 0.5555702330196023 -0.7907745928817407
vn 0.6726730466591079 0.5555702330196023 -0.4887255758407766
vn 0.8314696123025452 0.5555702330196023 -2.0365131985892056e-16
vn 0.9238795325112866 0.38268343236508984 0
vn 0.7474342425568128 0.38268343236508984 0.5430427641049989
vn 0.28549447630116936 0.38268343236508984 0.8786616496665794
vn -0.28549447630116925 0.38268343236508984 0.8786616496665794
vn -0.7474342425568127 0.38268343236508984 0.543042764104999
vn -0.9238795325112866 0.38268343236508984 1.1314261122877003e-16
vn -0.7474342425568128 0.38268343236508984 -0.5430427641049987
vn -0.2854944763011695 0.38268343236508984 -0.8786616496665794
vn 0.28549447630116914 0.38268343236508984 -0.8786616496665794
vn 0.7474342425568127 0.38268343236508984 -0.543042764104999
vn 0.9238795325112866 0.38268343236508984 -2.2628522245754005e-16
vn 0.9807852804032304 0.19509032201612833 0
vn 0.7934719596790115 0.19509032201612833 0.5764911234865568
vn 0.3030793194773963 0.19509032201612833 0.9327822320138618
vn -0.3030793194773962 0.19509032201612833 0.9327822320138618
vn -0.7934719596790114 0.19509032201612833 0.576491123486557
vn -0.9807852804032304 0.19509032201612833 1.2011155542966555e-16
vn -0.7934719596790115 0.19509032201612833 -0.5764911234865567
vn -0.3030793194773964 0.19509032201612833 -0.9327822320138618
vn 0.3030793194773961 0.19509032201612833 -0.9327822320138618
vn 0.7934719596790114 0.19509032201612833 -0.5764911234865571
vn 0.9807852804032304 0.19509032201612833 -2.402231108593311e-16
vn 1 6.123233995736766e-17 0
vn 0.8090169943749475 6.123233995736766e-17 0.5877852522924731
vn 0.30901699437494745 6.123233995736766e-17 0.9510565162951535
vn -0.30901699437494734 6.123233995736766e-17 0.9510565162951535
vn -0.8090169943749473 6.123233995736766e-17 0.5877852522924732
vn -1 6.123233995736766e-17 1.2246467991473532e-16
vn -0.8090169943749475 6.123233995736766e-17 -0.587785252292473
vn -0.30901699437494756 6.123233995736766e-17 -0.9510565162951535
vn 0.30901699437494723 6.123233995736766e-17 -0.9510565162951535
vn 0.8090169943749473 6.123233995736766e-17 -0.5877852522924734
vn 1 6.123233995736766e-17 -2.4492935982947064e-16
vn 0 -1 0
vn -0.5773502691896258 -0.5773502691896258 -0.5773502691896258
vn -0.5773502691896258 -0.5773502691896258 0.5773502691896258
vn -0.5773502691896258 0.5773502691896258 -0.5773502691896258
vn -0.5773502691896258 0.5773502691896258 0.5773502691896258
vn 0.5773502691896258 -0.5773502691896258 -0.5773502691896258
vn 0.5773502691896258 -0.5773502691896258 0.5773502691896258
vn 0.5773502691896258 0.5773502691896258 -0.5773502691896258
vn 0.5773502691896258 0.5773502691896258 0.5773502691896258
vn 0 -0.35682208977308993 -0.9341723589627158
vn 0 -0.35682208977308993 0.9341723589627158
vn 0 0.35682208977308993 -0.9341723589627158
vn 0 0.35682208977308993 0.9341723589627158
vn -0.35682208977308993 -0.9341723589627158 0
vn -0.35682208977308993 0.9341723589627158 0
vn 0.35682208977308993 -0.9341723589627158 0
vn 0.35682208977308993 0.9341723589627158 0
vn -0.9341723589627158 0 -0.35682208977308993
vn -0.9341723589627158 0 0.35682208977308993
vn 0.9341723589627158 0 -0.35682208977308993
vn 0.9341723589627158 0 0.35682208977308993
vn 0 -1 0
vn 0 -1 0
vn 0 -1 0
vn 0 -1 0
vn 0 -1 0
vn 0 -1 0
vn 0 -1 0
vn 0 1 0
vn 0 1 0
vn 0 1 0
vn 0 1 0
vn 0 1 0
vn 0 1 0
vn 0 1 0
vn 0 -1 0
vn 0 1 0
vn 0 1 0
vn 0 1 0
vn 0 1 0
vn 0 1 0
vn 0 1 0
vn 0 1 0
vn 0 1 0
vn 0 1 0
vn 0 1 0
vn 0 1 0
vn 0 1 0
vn 0.19509032201612825 0.9807852804032303 0
vn 0.1578313859491287 0.9807852804032303 0.11467121414606977
vn 0.06028622494106459 0.9807852804032303 0.18554192201955863
vn -0.06028622494106456 0.9807852804032303 0.18554192201955866
vn -0.15783138594912868 0.9807852804032303 0.11467121414606979
vn -0.19509032201612825 0.9807852804032303 2.3891673840167787e-17
vn -0.1578313859491287 0.9807852804032303 -0.11467121414606975
vn -0.060286224941064614 0.9807852804032303 -0.18554192201955863
vn 0.060286224941064545 0.9807852804032303 -0.18554192201955866
vn 0.15783138594912868 0.9807852804032303 -0.11467121414606982
vn 0.19509032201612825 0.9807852804032303 -4.7783347680335573e-17
vn 0.3826834323650898 0.9238795325112868 0
vn 0.30959740024909344 0.9238795325112868 0.22493567784086385
vn 0.11825568406654854 0.9238795325112868 0.3639535720290143
vn -0.11825568406654849 0.9238795325112868 0.36395357202901435
vn -0.3095974002490934 0.9238795325112868 0.2249356778408639
vn -0.3826834323650898 0.9238795325112868 4.6865204053262986e-17
vn -0.30959740024909344 0.9238795325112868 -0.22493567784086382
vn -0.11825568406654856 0.9238795325112868 -0.3639535720290143
vn 0.11825568406654843 0.9238795325112868 -0.36395357202901435
vn 0.3095974002490934 0.9238795325112868 -0.22493567784086393
vn 0.3826834323650898 0.9238795325112868 -9.373040810652597e-17
vn 0.5555702330196022 0.8314696123025452 0
vn 0.44946576008170774 0.8314696123025452 0.32655598958161497
vn 0.17168064357190665 0.8314696123025452 0.5283786903729095
vn -0.1716806435719066 0.8314696123025452 0.5283786903729096
vn -0.4494657600817077 0.8314696123025452 0.326555989581615
vn -0.5555702330196022 0.8314696123025452 6.80377307569005e-17
vn -0.44946576008170774 0.8314696123025452 -0.3265559895816149
vn -0.1716806435719067 0.8314696123025452 -0.5283786903729095
vn 0.17168064357190652 0.8314696123025452 -0.5283786903729096
vn 0.4494657600817077 0.8314696123025452 -0.3265559895816151
vn 0.5555702330196022 0.8314696123025452 -1.36075461513801e-16
vn 0.7071067811865475 0.7071067811865476 0
vn 0.5720614028176843 0.7071067811865476 0.4156269377774534
vn 0.21850801222441055 0.7071067811865476 0.6724985119639573
vn -0.21850801222441046 0.7071067811865476 0.6724985119639573
vn -0.5720614028176841 0.7071067811865476 0.41562693777745346
vn -0.7071067811865475 0.7071067811865476 8.65956056235493e-17
vn -0.5720614028176843 0.7071067811865476 -0.4156269377774533
vn -0.2185080122244106 0.7071067811865476 -0.6724985119639573
vn 0.21850801222441038 0.7071067811865476 -0.6724985119639573
vn 0.5720614028176841 0.7071067811865476 -0.4156269377774536
vn 0.7071067811865475 0.7071067811865476 -1.731912112470986e-16
vn 0.8314696123025452 0.5555702330196023 0
vn 0.672673046659108 0.5555702330196023 0.48872557584077636
vn 0.25693824050783537 0.5555702330196023 0.7907745928817406
vn -0.25693824050783526 0.5555702330196023 0.7907745928817407
vn -0.6726730466591079 0.5555702330196023 0.4887255758407765
vn -0.8314696123025452 0.5555702330196023 1.0182565992946028e-16
vn -0.672673046659108 0.5555702330196023 -0.48872557584077636
vn -0.2569382405078354 0.5555702330196023 -0.7907745928817406
vn 0.25693824050783515 0.5555702330196023 -0.7907745928817407
vn 0.6726730466591079 0.5555702330196023 -0.4887255758407766
vn 0.8314696123025452 0.5555702330196023 -2.0365131985892056e-16
vn 0.9238795325112866 0.38268343236508984 0
vn 0.7474342425568128 0.38268343236508984 0.5430427641049989
vn 0.28549447630116936 0.38268343236508984 0.8786616496665794
vn -0.28549447630116925 0.38268343236508984 0.8786616496665794
vn -0.7474342425568127 0.38268343236508984 0.543042764104999
vn -0.9238795325112866 0.38268343236508984 1.1314261122877003e-16
vn -0.7474342425568128 0.38268343236508984 -0.5430427641049987
vn -0.2854944763011695 0.38268343236508984 -0.8786616496665794
vn 0.28549447630116914 0.38268343236508984 -0.8786616496665794
vn 0.7474342425568127 0.38268343236508984 -0.543042764104999
vn 0.9238795325112866 0.38268343236508984 -2.2628522245754005e-16
vn 0.9807852804032304 0.19509032201612833 0
vn 0.7934719596790115 0.19509032201612833 0.5764911234865568
vn 0.3030793194773963 0.19509032201612833 0.9327822320138618
vn -0.3030793194773962 0.19509032201612833 0.9327822320138618
vn -0.7934719596790114 0.19509032201612833 0.576491123486557
vn -0.9807852804032304 0.19509032201612833 1.2011155542966555e-16
vn -0.7934719596790115 0.19509032201612833 -0.5764911234865567
vn -0.3030793194773964 0.19509032201612833 -0.9327822320138618
vn 0.3030793194773961 0.19509032201612833 -0.9327822320138618
vn 0.7934719596790114 0.19509032201612833 -0.5764911234865571
vn 0.9807852804032304 0.19509032201612833 -2.402231108593311e-16
vn 1 6.123233995736766e-17 0
vn 0.8090169943749475 6.123233995736766e-17 0.5877852522924731
vn 0.30901699437494745 6.123233995736766e-17 0.9510565162951535
vn -0.30901699437494734 6.123233995736766e-17 0.9510565162951535
vn -0.8090169943749473 6.123233995736766e-17 0.5877852522924732
vn -1 6.123233995736766e-17 1.2246467991473532e-16
vn -0.8090169943749475 6.123233995736766e-17 -0.587785252292473
vn -0.30901699437494756 6.123233995736766e-17 -0.9510565162951535
vn 0.30901699437494723 6.123233995736766e-17 -0.9510565162951535
vn 0.8090169943749473 6.123233995736766e-17 -0.5877852522924734
vn 1 6.123233995736766e-17 -2.4492935982947064e-16
vn 0 -1 0
vn -0.5773502691896258 -0.5773502691896258 -0.5773502691896258
vn -0.5773502691896258 -0.5773502691896258 0.5773502691896258
vn -0.5773502691896258 0.5773502691896258 -0.5773502691896258
vn -0.5773502691896258 0.5773502691896258 0.5773502691896258
vn 0.5773502691896258 -0.5773502691896258 -0.5773502691896258
vn 0.5773502691896258 -0.5773502691896258 0.5773502691896258
vn 0.5773502691896258 0.5773502691896258 -0.5773502691896258
vn 0.5773502691896258 0.5773502691896258 0.5773502691896258
vn 0 -0.35682208977308993 -0.9341723589627158
vn 0 -0.35682208977308993 0.9341723589627158
vn 0 0.35682208977308993 -0.9341723589627158
vn 0 0.35682208977308993 0.9341723589627158
vn -0.35682208977308993 -0.9341723589627158 0
vn -0.35682208977308993 0.9341723589627158 0
vn 0.35682208977308993 -0.9341723589627158 0
vn 0.35682208977308993 0.9341723589627158 0
vn -0.9341723589627158 0 -0.35682208977308993
vn -0.9341723589627158 0 0.35682208977308993
vn 0.9341723589627158 0 -0.35682208977308993
vn 0.9341723589627158 0 0.35682208977308993
vn 0 -1 0
vn 0 -1 0
vn 0 -1 0
vn 0 -1 0
vn 0 -1 0
vn 0 -1 0
vn 0 -1 0
vn 0 1 0
vn 0 1 0
vn 0 1 0
vn 0 1 0
vn 0 1 0
vn 0 1 0
vn 0 1 0
vn 0 -1 0
vn 0 1 0
vn 0 1 0
vn 0 1 0
vn 0 1 0
vn 0 1 0
vn 0 1 0
vn 0 1 0
vn 0 1 0
vn 0 1 0
vn 0 1 0
vn 0 1 0
vn 0 1 0
vn 0.19509032201612825 0.9807852804032303 0
vn 0.1578313859491287 0.9807852804032303 0.11467121414606977
vn 0.06028622494106459 0.9807852804032303 0.18554192201955863
vn -0.06028622494106456 0.9807852804032303 0.18554192201955866
vn -0.15783138594912868 0.9807852804032303 0.11467121414606979
vn -0.19509032201612825 0.9807852804032303 2.3891673840167787e-17
vn -0.1578313859491287 0.9807852804032303 -0.11467121414606975
vn -0.060286224941064614 0.9807852804032303 -0.18554192201955863
vn 0.060286224941064545 0.9807852804032303 -0.18554192201955866
vn 0.15783138594912868 0.9807852804032303 -0.11467121414606982
vn 0.19509032201612825 0.9807852804032303 -4.7783347680335573e-17
vn 0.3826834323650898 0.9238795325112868 0
vn 0.30959740024909344 0.9238795325112868 0.22493567784086385
vn 0.11825568406654854 0.9238795325112868 0.3639535720290143
vn -0.11825568406654849 0.9238795325112868 0.36395357202901435
vn -0.3095974002490934 0.9238795325112868 0.2249356778408639
vn -0.3826834323650898 0.9238795325112868 4.6865204053262986e-17
vn -0.30959740024909344 0.9238795325112868 -0.22493567784086382
vn -0.11825568406654856 0.9238795325112868 -0.3639535720290143
vn 0.11825568406654843 0.9238795325112868 -0.36395357202901435
vn 0.3095974002490934 0.9238795325112868 -0.22493567784086393
vn 0.3826834323650898 0.9238795325112868 -9.373040810652597e-17
vn 0.5555702330196022 0.8314696123025452 0
vn 0.44946576008170774 0.8314696123025452 0.32655598958161497
vn 0.17168064357190665 0.8314696123025452 0.5283786903729095
vn -0.1716806435719066 0.8314696123025452 0.5283786903729096
vn -0.4494657600817077 0.8314696123025452 0.326555989581615
vn -0.5555702330196022 0.8314696123025452 6.80377307569005e-17
vn -0.44946576008170774 0.8314696123025452 -0.3265559895816149
vn -0.1716806435719067 0.8314696123025452 -0.5283786903729095
vn 0.17168064357190652 0.8314696123025452 -0.5283786903729096
vn 0.4494657600817077 0.8314696123025452 -0.3265559895816151
vn 0.5555702330196022 0.8314696123025452 -1.36075461513801e-16
vn 0.7071067811865475 0.7071067811865476 0
vn 0.5720614028176843 0.7071067811865476 0.4156269377774534
vn 0.21850801222441055 0.7071067811865476 0.6724985119639573
vn -0.21850801222441046 0.7071067811865476 0.6724985119639573
vn -0.5720614028176841 0.7071067811865476 0.41562693777745346
vn -0.7071067811865475 0.7071067811865476 8.65956056235493e-17
vn -0.5720614028176843 0.7071067811865476 -0.4156269377774533
vn -0.2185080122244106 0.7071067811865476 -0.6724985119639573
vn 0.21850801222441038 0.7071067811865476 -0.6724985119639573
vn 0.5720614028176841 0.7071067811865476 -0.4156269377774536
vn 0.7071067811865475 0.7071067811865476 -1.731912112470986e-16
vn 0.8314696123025452 0.5555702330196023 0
vn 0.672673046659108 0.5555702330196023 0.48872557584077636
vn 0.25693824050783537 0.5555702330196023 0.7907745928817406
vn -0.25693824050783526 0.5555702330196023 0.7907745928817407
vn -0.6726730466591079 0.5555702330196023 0.4887255758407765
vn -0.8314696123025452 0.5555702330196023 1.0182565992946028e-16
vn -0.672673046659108 0.5555702330196023 -0.48872557584077636
vn -0.2569382405078354 0.5555702330196023 -0.7907745928817406
vn 0.25693824050783515 0.5555702330196023 -0.7907745928817407
vn 0.6726730466591079 0.5555702330196023 -0.4887255758407766
vn 0.8314696123025452 0.5555702330196023 -2.0365131985892056e-16
vn 0.9238795325112866 0.38268343236508984 0
vn 0.7474342425568128 0.38268343236508984 0.5430427641049989
vn 0.28549447630116936 0.38268343236508984 0.8786616496665794
vn -0.28549447630116925 0.38268343236508984 0.8786616496665794
vn -0.7474342425568127 0.38268343236508984 0.543042764104999
vn -0.9238795325112866 0.38268343236508984 1.1314261122877003e-16
vn -0.7474342425568128 0.38268343236508984 -0.5430427641049987
vn -0.2854944763011695 0.38268343236508984 -0.8786616496665794
vn 0.28549447630116914 0.38268343236508984 -0.8786616496665794
vn 0.7474342425568127 0.38268343236508984 -0.543042764104999
vn 0.9238795325112866 0.38268343236508984 -2.2628522245754005e-16
vn 0.9807852804032304 0.19509032201612833 0
vn 0.7934719596790115 0.19509032201612833 0.5764911234865568
vn 0.3030793194773963 0.19509032201612833 0.9327822320138618
vn -0.3030793194773962 0.19509032201612833 0.9327822320138618
vn -0.7934719596790114 0.19509032201612833 0.576491123486557
vn -0.9807852804032304 0.19509032201612833 1.2011155542966555e-16
vn -0.7934719596790115 0.19509032201612833 -0.5764911234865567
vn -0.3030793194773964 0.19509032201612833 -0.9327822320138618
vn 0.3030793194773961 0.19509032201612833 -0.9327822320138618
vn 0.7934719596790114 0.19509032201612833 -0.5764911234865571
vn 0.9807852804032304 0.19509032201612833 -2.402231108593311e-16
vn 1 6.123233995736766e-17 0
vn 0.8090169943749475 6.123233995736766e-17 0.5877852522924731
vn 0.30901699437494745 6.123233995736766e-17 0.9510565162951535
vn -0.30901699437494734 6.123233995736766e-17 0.9510565162951535
vn -0.8090169943749473 6.123233995736766e-17 0.5877852522924732
vn -1 6.123233995736766e-17 1.2246467991473532e-16
vn -0.8090169943749475 6.123233995736766e-17 -0.587785252292473
vn -0.30901699437494756 6.123233995736766e-17 -0.9510565162951535
vn 0.30901699437494723 6.123233995736766e-17 -0.9510565162951535
vn 0.8090169943749473 6.123233995736766e-17 -0.5877852522924734
vn 1 6.123233995736766e-17 -2.4492935982947064e-16
vn 0 -1 0
vn -0.5773502691896258 -0.5773502691896258 -0.5773502691896258
vn -0.5773502691896258 -0.5773502691896258 0.5773502691896258
vn -0.5773502691896258 0.5773502691896258 -0.5773502691896258
vn -0.5773502691896258 0.5773502691896258 0.5773502691896258
vn 0.5773502691896258 -0.5773502691896258 -0.5773502691896258
vn 0.5773502691896258 -0.5773502691896258 0.5773502691896258
vn 0.5773502691896258 0.5773502691896258 -0.5773502691896258
vn 0.5773502691896258 0.5773502691896258 0.5773502691896258
vn 0 -0.35682208977308993 -0.9341723589627158
vn 0 -0.35682208977308993 0.9341723589627158
vn 0 0.35682208977308993 -0.9341723589627158
vn 0 0.35682208977308993 0.9341723589627158
vn -0.35682208977308993 -0.9341723589627158 0
vn -0.35682208977308993 0.9341723589627158 0
vn 0.35682208977308993 -0.9341723589627158 0
vn 0.35682208977308993 0.9341723589627158 0
vn -0.9341723589627158 0 -0.35682208977308993
vn -0.9341723589627158 0 0.35682208977308993
vn 0.9341723589627158 0 -0.35682208977308993
vn 0.9341723589627158 0 0.35682208977308993
vn 0 1 0
vn 0 1 0
vn 0 1 0
vn 0 1 0
vn 0 1 0
vn 0 1 0
vn 0 1 0
vn 0 1 0
vn 0 1 0
vn 0 1 0
vn 0 1 0
vn 0.19509032201612825 0.9807852804032304 0
vn 0.1578313859491287 0.9807852804032304 0.11467121414606977
vn 0.06028622494106458 0.9807852804032304 0.18554192201955863
vn -0.060286224941064566 0.9807852804032304 0.18554192201955866
vn -0.15783138594912868 0.9807852804032304 0.1146712141460698
vn -0.19509032201612825 0.9807852804032304 2.3891673840167787e-17
vn -0.1578313859491287 0.9807852804032304 -0.11467121414606976
vn -0.06028622494106461 0.9807852804032304 -0.18554192201955863
vn 0.060286224941064545 0.9807852804032304 -0.18554192201955866
vn 0.15783138594912868 0.9807852804032304 -0.11467121414606982
vn 0.19509032201612825 0.9807852804032304 -4.7783347680335573e-17
vn 0.3826834323650897 0.9238795325112867 0
vn 0.30959740024909344 0.9238795325112867 0.22493567784086388
vn 0.11825568406654853 0.9238795325112867 0.3639535720290143
vn -0.11825568406654849 0.9238795325112867 0.36395357202901435
vn -0.3095974002490934 0.9238795325112867 0.22493567784086393
vn -0.3826834323650897 0.9238795325112867 4.686520405326299e-17
vn -0.30959740024909344 0.9238795325112867 -0.22493567784086385
vn -0.11825568406654857 0.9238795325112867 -0.3639535720290143
vn 0.11825568406654845 0.9238795325112867 -0.36395357202901435
vn 0.3095974002490934 0.9238795325112867 -0.22493567784086396
vn 0.3826834323650897 0.9238795325112867 -9.373040810652598e-17
vn 0.5555702330196022 0.8314696123025452 0
vn 0.44946576008170774 0.8314696123025452 0.32655598958161497
vn 0.17168064357190665 0.8314696123025452 0.5283786903729095
vn -0.1716806435719066 0.8314696123025452 0.5283786903729096
vn -0.4494657600817077 0.8314696123025452 0.326555989581615
vn -0.5555702330196022 0.8314696123025452 6.80377307569005e-17
vn -0.44946576008170774 0.8314696123025452 -0.3265559895816149
vn -0.1716806435719067 0.8314696123025452 -0.5283786903729095
vn 0.17168064357190652 0.8314696123025452 -0.5283786903729096
vn 0.4494657600817077 0.8314696123025452 -0.3265559895816151
vn 0.5555702330196022 0.8314696123025452 -1.36075461513801e-16
vn 0.7071067811865475 0.7071067811865476 0
vn 0.5720614028176843 0.7071067811865476 0.41562693777745346
vn 0.21850801222441055 0.7071067811865476 0.6724985119639573
vn -0.21850801222441046 0.7071067811865476 0.6724985119639573
vn -0.5720614028176841 0.7071067811865476 0.41562693777745346
vn -0.7071067811865475 0.7071067811865476 8.659560562354932e-17
vn -0.5720614028176843 0.7071067811865476 -0.41562693777745324
vn -0.21850801222441057 0.7071067811865476 -0.6724985119639573
vn 0.21850801222441038 0.7071067811865476 -0.6724985119639573
vn 0.5720614028176841 0.7071067811865476 -0.41562693777745363
vn 0.7071067811865475 0.7071067811865476 -1.7319121124709863e-16
vn 0.8314696123025452 0.5555702330196023 0
vn 0.672673046659108 0.5555702330196023 0.48872557584077636
vn 0.25693824050783537 0.5555702330196023 0.7907745928817406
vn -0.25693824050783526 0.5555702330196023 0.7907745928817407
vn -0.6726730466591079 0.5555702330196023 0.48872557584077647
vn -0.8314696123025452 0.5555702330196023 1.0182565992946028e-16
vn -0.672673046659108 0.5555702330196023 -0.4887255758407763
vn -0.2569382405078354 0.5555702330196023 -0.7907745928817406
vn 0.25693824050783515 0.5555702330196023 -0.7907745928817407
vn 0.6726730466591079 0.5555702330196023 -0.48872557584077664
vn 0.8314696123025452 0.5555702330196023 -2.0365131985892056e-16
vn 0.9238795325112867 0.38268343236508984 0
vn 0.7474342425568128 0.38268343236508984 0.5430427641049989
vn 0.28549447630116936 0.38268343236508984 0.8786616496665794
vn -0.28549447630116925 0.38268343236508984 0.8786616496665796
vn -0.7474342425568127 0.38268343236508984 0.543042764104999
vn -0.9238795325112867 0.38268343236508984 1.1314261122877003e-16
vn -0.7474342425568128 0.38268343236508984 -0.5430427641049987
vn -0.2854944763011695 0.38268343236508984 -0.8786616496665794
vn 0.28549447630116914 0.38268343236508984 -0.8786616496665796
vn 0.7474342425568127 0.38268343236508984 -0.543042764104999
vn 0.9238795325112867 0.38268343236508984 -2.2628522245754005e-16
vn 0.9807852804032303 0.19509032201612836 0
vn 0.7934719596790115 0.19509032201612836 0.5764911234865568
vn 0.3030793194773963 0.19509032201612836 0.9327822320138617
vn -0.3030793194773962 0.19509032201612836 0.9327822320138618
vn -0.7934719596790114 0.19509032201612836 0.576491123486557
vn -0.9807852804032303 0.19509032201612836 1.2011155542966555e-16
vn -0.7934719596790115 0.19509032201612836 -0.5764911234865567
vn -0.3030793194773964 0.19509032201612836 -0.9327822320138617
vn 0.3030793194773961 0.19509032201612836 -0.9327822320138618
vn 0.7934719596790114 0.19509032201612836 -0.5764911234865571
vn 0.9807852804032303 0.19509032201612836 -2.402231108593311e-16
vn 1 6.123233995736766e-17 0
vn 0.8090169943749475 6.123233995736766e-17 0.5877852522924731
vn 0.30901699437494745 6.123233995736766e-17 0.9510565162951536
vn -0.30901699437494734 6.123233995736766e-17 0.9510565162951536
vn -0.8090169943749472 6.123233995736766e-17 0.5877852522924732
vn -1 6.123233995736766e-17 1.2246467991473532e-16
vn -0.8090169943749475 6.123233995736766e-17 -0.587785252292473
vn -0.30901699437494756 6.123233995736766e-17 -0.9510565162951536
vn 0.30901699437494723 6.123233995736766e-17 -0.9510565162951536
vn 0.8090169943749472 6.123233995736766e-17 -0.5877852522924734
vn 1 6.123233995736766e-17 -2.4492935982947064e-16
vn 0 -1 0
vn -0.5773502691896257 -0.5773502691896257 -0.5773502691896257
vn -0.5773502691896257 -0.5773502691896257 0.5773502691896257
vn -0.5773502691896257 0.5773502691896257 -0.5773502691896257
vn -0.5773502691896257 0.5773502691896257 0.5773502691896257
vn 0.5773502691896257 -0.5773502691896257 -0.5773502691896257
vn 0.5773502691896257 -0.5773502691896257 0.5773502691896257
vn 0.5773502691896257 0.5773502691896257 -0.5773502691896257
vn 0.5773502691896257 0.5773502691896257 0.5773502691896257
vn 0 -0.35682208977308993 -0.9341723589627158
vn 0 -0.35682208977308993 0.9341723589627158
vn 0 0.35682208977308993 -0.9341723589627158
vn 0 0.35682208977308993 0.9341723589627158
vn -0.35682208977308993 -0.9341723589627158 0
vn -0.35682208977308993 0.9341723589627158 0
vn 0.35682208977308993 -0.9341723589627158 0
vn 0.35682208977308993 0.9341723589627158 0
vn -0.9341723589627158 0 -0.35682208977308993
vn -0.9341723589627158 0 0.35682208977308993
vn 0.9341723589627158 0 -0.35682208977308993
vn 0.9341723589627158 0 0.35682208977308993
f 1/1/1 12/12/12 2/2/2
f 1/1/1 11/11/11 12/12/12
f 21/21/21 1/1/1 2/2/2
f 22/22/22 12/12/12 11/11/11
f 2/2/2 13/13/13 3/3/3
f 2/2/2 12/12/12 13/13/13
f 21/21/21 2/2/2 3/3/3
f 22/22/22 13/13/13 12/12/12
f 3/3/3 14/14/14 4/4/4
f 3/3/3 13/13/13 14/14/14
f 21/21/21 3/3/3 4/4/4
f 22/22/22 14/14/14 13/13/13
f 4/4/4 15/15/15 5/5/5
f 4/4/4 14/14/14 15/15/15
f 21/21/21 4/4/4 5/5/5
f 22/22/22 15/15/15 14/14/14
f 5/5/5 16/16/16 6/6/6
f 5/5/5 15/15/15 16/16/16
f 21/21/21 5/5/5 6/6/6
f 22/22/22 16/16/16 15/15/15
f 6/6/6 17/17/17 7/7/7
f 6/6/6 16/16/16 17/17/17
f 21/21/21 6/6/6 7/7/7
f 22/22/22 17/17/17 16/16/16
f 7/7/7 18/18/18 8/8/8
f 7/7/7 17/17/17 18/18/18
f 21/21/21 7/7/7 8/8/8
f 22/22/22 18/18/18 17/17/17
f 8/8/8 19/19/19 9/9/9
f 8/8/8 18/18/18 19/19/19
f 21/21/21 8/8/8 9/9/9
f 22/22/22 19/19/19 18/18/18
f 9/9/9 20/20/20 10/10/10
f 9/9/9 19/19/19 20/20/20
f 21/21/21 9/9/9 10/10/10
f 22/22/22 20/20/20 19/19/19
f 10/10/10 11/11/11 1/1/1
f 10/10/10 20/20/20 11/11/11
f 21/21/21 10/10/10 1/1/1
f 22/22/22 11/11/11 20/20/20
f 23/23/23 32/32/32 24/24/24
f 23/23/23 31/31/31 32/32/32
f 39/39/39 23/23/23 24/24/24
f 40/40/40 32/32/32 31/31/31
f 24/24/24 33/33/33 25/25/25
f 24/24/24 32/32/32 33/33/33
f 39/39/39 24/24/24 25/25/25
f 40/40/40 33/33/33 32/32/32
f 25/25/25 34/34/34 26/26/26
f 25/25/25 33/33/33 34/34/34
f 39/39/39 25/25/25 26/26/26
f 40/40/40 34/34/34 33/33/33
f 26/26/26 35/35/35 27/27/27
f 26/26/26 34/34/34 35/35/35
f 39/39/39 26/26/26 27/27/27
f 40/40/40 35/35/35 34/34/34
f 27/27/27 36/36/36 28/28/28
f 27/27/27 35/35/35 36/36/36
f 39/39/39 27/27/27 28/28/28
f 40/40/40 36/36/36 35/35/35
f 28/28/28 37/37/37 29/29/29
f 28/28/28 36/36/36 37/37/37
f 39/39/39 28/28/28 29/29/29
f 40/40/40 37/37/37 36/36/36
f 29/29/29 38/38/38 30/30/30
f 29/29/29 37/37/37 38/38/38
f 39/39/39 29/29/29 30/30/30
f 40/40/40 38/38/38 37/37/37
f 30/30/30 31/31/31 23/23/23
f 30/30/30 38/38/38 31/31/31
f 39/39/39 30/30/30 23/23/23
f 40/40/40 31/31/31 38/38/38
f 41/41/41 52/52/52 42/42/42
f 41/41/41 51/51/51 52/52/52
f 61/61/61 41/41/41 42/42/42
f 62/62/62 52/52/52 51/51/51
f 42/42/42 53/53/53 43/43/43
f 42/42/42 52/52/52 53/53/53
f 61/61/61 42/42/42 43/43/43
f 62/62/62 53/53/53 52/52/52
f 43/43/43 54/54/54 44/44/44
f 43/43/43 53/53/53 54/54/54
f 61/61/61 43/43/43 44/44/44
f 62/62/62 54/54/54 53/53/53
f 44/44/44 55/55/55 45/45/45
f 44/44/44 54/54/54 55/55/55
f 61/61/61 44/44/44 45/45/45
f 62/62/62 55/55/55 54/54/54
f 45/45/45 56/56/56 46/46/46
f 45/45/45 55/55/55 56/56/56
f 61/61/61 45/45/45 46/46/46
f 62/62/62 56/56/56 55/55/55
f 46/46/46 57/57/57 47/47/47
f 46/46/46 56/56/56 57/57/57
f 61/61/61 46/46/46 47/47/47
f 62/62/62 57/57/57 56/56/56
f 47/47/47 58/58/58 48/48/48
f 47/47/47 57/57/57 58/58/58
f 61/61/61 47/47/47 48/48/48
f 62/62/62 58/58/58 57/57/57
f 48/48/48 59/59/59 49/49/49
f 48/48/48 58/58/58 59/59/59
f 61/61/61 48/48/48 49/49/49
f 62/62/62 59/59/59 58/58/58
f 49/49/49 60/60/60 50/50/50
f 49/49/49 59/59/59 60/60/60
f 61/61/61 49/49/49 50/50/50
f 62/62/62 60/60/60 59/59/59
f 50/50/50 51/51/51 41/41/41
f 50/50/50 60/60/60 51/51/51
f 61/61/61 50/50/50 41/41/41
f 62/62/62 51/51/51 60/60/60
f 63/63/63 71/71/71 64/64/64
f 63/63/63 70/70/70 71/71/71
f 77/77/77 63/63/63 64/64/64
f 78/78/78 71/71/71 70/70/70
f 64/64/64 72/72/72 65/65/65
f 64/64/64 71/71/71 72/72/72
f 77/77/77 64/64/64 65/65/65
f 78/78/78 72/72/72 71/71/71
f 65/65/65 73/73/73 66/66/66
f 65/65/65 72/72/72 73/73/73
f 77/77/77 65/65/65 66/66/66
f 78/78/78 73/73/73 72/72/72
f 66/66/66 74/74/74 67/67/67
f 66/66/66 73/73/73 74/74/74
f 77/77/77 66/66/66 67/67/67
f 78/78/78 74/74/74 73/73/73
f 67/67/67 75/75/75 68/68/68
f 67/67/67 74/74/74 75/75/75
f 77/77/77 67/67/67 68/68/68
f 78/78/78 75/75/75 74/74/74
f 68/68/68 76/76/76 69/69/69
f 68/68/68 75/75/75 76/76/76
f 77/77/77 68/68/68 69/69/69
f 78/78/78 76/76/76 75/75/75
f 69/69/69 70/70/70 63/63/63
f 69/69/69 76/76/76 70/70/70
f 77/77/77 69/69/69 63/63/63
f 78/78/78 70/70/70 76/76/76
f 79/79/79 91/91/91 90/90/90
f 79/79/79 80/80/80 91/91/91
f 80/80/80 92/92/92 91/91/91
f 80/80/80 81/81/81 92/92/92
f 81/81/81 93/93/93 92/92/92
f 81/81/81 82/82/82 93/93/93
f 82/82/82 94/94/94 93/93/93
f 82/82/82 83/83/83 94/94/94
f 83/83/83 95/95/95 94/94/94
f 83/83/83 84/84/84 95/95/95
f 84/84/84 96/96/96 95/95/95
f 84/84/84 85/85/85 96/96/96
f 85/85/85 97/97/97 96/96/96
f 85/85/85 86/86/86 97/97/97
f 86/86/86 98/98/98 97/97/97
f 86/86/86 87/87/87 98/98/98
f 87/87/87 99/99/99 98/98/98
f 87/87/87 88/88/88 99/99/99
f 88/88/88 100/100/100 99/99/99
f 88/88/88 89/89/89 100/100/100
f 90/90/90 102/102/102 101/101/101
f 90/90/90 91/91/91 102/102/102
f 91/91/91 103/103/103 102/102/102
f 91/91/91 92/92/92 103/103/103
f 92/92/92 104/104/104 103/103/103
f 92/92/92 93/93/93 104/104/104
f 93/93/93 105/105/105 104/104/104
f 93/93/93 94/94/94 105/105/105
f 94/94/94 106/106/106 105/105/105
f 94/94/94 95/95/95 106/106/106
f 95/95/95 107/107/107 106/106/106
f 95/95/95 96/96/96 107/107/107
f 96/96/96 108/108/108 107/107/107
f 96/96/96 97/97/97 108/108/108
f 97/97/97 109/109/109 108/108/108
f 97/97/97 98/98/98 109/109/109
f 98/98/98 110/110/110 109/109/109
f 98/98/98 99/99/99 110/110/110
f 99/99/99 111/111/111 110/110/110
f 99/99/99 100/100/100 111/111/111
f 101/101/101 113/113/113 112/112/112
f 101/101/101 102/102/102 113/113/113
f 102/102/102 114/114/114 113/113/113
f 102/102/102 103/103/103 114/114/114
f 103/103/103 115/115/115 114/114/114
f 103/103/103 104/104/104 115/115/115
f 104/104/104 116/116/116 115/115/115
f 104/104/104 105/105/105 116/116/116
f 105/105/105 117/117/117 116/116/116
f 105/105/105 106/106/106 117/117/117
f 106/106/106 118/118/118 117/117/117
f 106/106/106 107/107/107 118/118/118
f 107/107/107 119/119/119 118/118/118
f 107/107/107 108/108/108 119/119/119
f 108/108/108 120/120/120 119/119/119
f 108/108/108 109/109/109 120/120/120
f 109/109/109 121/121/121 120/120/120
f 109/109/109 110/110/110 121/121/121
f 110/110/110 122/122/122 121/121/121
f 110/110/110 111/111/111 122/122/122
f 112/112/112 124/124/124 123/123/123
f 112/112/112 113/113/113 124/124/124
f 113/113/113 125/125/125 124/124/124
f 113/113/113 114/114/114 125/125/125
f 114/114/114 126/126/126 125/125/125
f 114/114/114 115/115/115 126/126/126
f 115/115/115 127/127/127 126/126/126
f 115/115/115 116/116/116 127/127/127
f 116/116/116 128/128/128 127/127/127
f 116/116/116 117/117/117 128/128/128
f 117/117/117 129/129/129 128/128/128
f 117/117/117 118/118/118 129/129/129
f 118/118/118 130/130/130 129/129/129
f 118/118/118 119/119/119 130/130/130
f 119/119/119 131/131/131 130/130/130
f 119/119/119 120/120/120 131/131/131
f 120/120/120 132/132/132 131/131/131
f 120/120/120 121/121/121 132/132/132
f 121/121/121 133/133/133 132/132/132
f 121/121/121 122/122/122 133/133/133
f 123/123/123 135/135/135 134/134/134
f 123/123/123 124/124/124 135/135/135
f 124/124/124 136/136/136 135/135/135
f 124/124/124 125/125/125 136/136/136
f 125/125/125 137/137/137 136/136/136
f 125/125/125 126/126/126 137/137/137
f 126/126/126 138/138/138 137/137/137
f 126/126/126 127/127/127 138/138/138
f 127/127/127 139/139/139 138/138/138
f 127/127/127 128/128/128 139/139/139
f 128/128/128 140/140/140 139/139/139
f 128/128/128 129/129/129 140/140/140
f 129/129/129 141/141/141 140/140/140
f 129/129/129 130/130/130 141/141/141
f 130/130/130 142/142/142 141/141/141
f 130/130/130 131/131/131 142/142/142
f 131/131/131 143/143/143 142/142/142
f 131/131/131 132/132/132 143/143/143
f 132/132/132 144/144/144 143/143/143
f 132/132/132 133/133/133 144/144/144
f 134/134/134 146/146/146 145/145/145
f 134/134/134 135/135/135 146/146/146
f 135/135/135 147/147/147 146/146/146
f 135/135/135 136/136/136 147/147/147
f 136/136/136 148/148/148 147/147/147
f 136/136/136 137/137/137 148/148/148
f 137/137/137 149/149/149 148/148/148
f 137/137/137 138/138/138 149/149/149
f 138/138/138 150/150/150 149/149/149
f 138/138/138 139/139/139 150/150/150
f 139/139/139 151/151/151 150/150/150
f 139/139/139 140/140/140 151/151/151
f 140/140/140 152/152/152 151/151/151
f 140/140/140 141/141/141 152/152/152
f 141/141/141 153/153/153 152/152/152
f 141/141/141 142/142/142 153/153/153
f 142/142/142 154/154/154 153/153/153
f 142/142/142 143/143/143 154/154/154
f 143/143/143 155/155/155 154/154/154
f 143/143/143 144/144/144 155/155/155
f 145/145/145 157/157/157 156/156/156
f 145/145/145 146/146/146 157/157/157
f 146/146/146 158/158/158 157/157/157
f 146/146/146 147/147/147 158/158/158
f 147/147/147 159/159/159 158/158/158
f 147/147/147 148/148/148 159/159/159
f 148/148/148 160/160/160 159/159/159
f 148/148/148 149/149/149 160/160/160
f 149/149/149 161/161/161 160/160/160
f 149/149/149 150/150/150 161/161/161
f 150/150/150 162/162/162 161/161/161
f 150/150/150 151/151/151 162/162/162
f 151/151/151 163/163/163 162/162/162
f 151/151/151 152/152/152 163/163/163
f 152/152/152 164/164/164 163/163/163
f 152/152/152 153/153/153 164/164/164
f 153/153/153 165/165/165 164/164/164
f 153/153/153 154/154/154 165/165/165
f 154/154/154 166/166/166 165/165/165
f 154/154/154 155/155/155 166/166/166
f 156/156/156 168/168/168 167/167/167
f 156/156/156 157/157/157 168/168/168
f 157/157/157 169/169/169 168/168/168
f 157/157/157 158/158/158 169/169/169
f 158/158/158 170/170/170 169/169/169
f 158/158/158 159/159/159 170/170/170
f 159/159/159 171/171/171 170/170/170
f 159/159/159 160/160/160 171/171/171
f 160/160/160 172/172/172 171/171/171
f 160/160/160 161/161/161 172/172/172
f 161/161/161 173/173/173 172/172/172
f 161/161/161 162/162/162 173/173/173
f 162/162/162 174/174/174 173/173/173
f 162/162/162 163/163/163 174/174/174
f 163/163/163 175/175/175 174/174/174
f 163/163/163 164/164/164 175/175/175
f 164/164/164 176/176/176 175/175/175
f 164/164/164 165/165/165 176/176/176
f 165/165/165 177/177/177 176/176/176
f 165/165/165 166/166/166 177/177/177
f 178/178/178 167/167/167 168/168/168
f 178/178/178 168/168/168 169/169/169
f 178/178/178 169/169/169 170/170/170
f 178/178/178 170/170/170 171/171/171
f 178/178/178 171/171/171 172/172/172
f 178/178/178 172/172/172 173/173/173
f 178/178/178 173/173/173 174/174/174
f 178/178/178 174/174/174 175/175/175
f 178/178/178 175/175/175 176/176/176
f 178/178/178 176/176/176 177/177/177
f 179/179/179 187/187/187 183/183/183
f 179/179/179 183/183/183 193/193/193
f 179/179/179 193/193/193 191/191/191
f 179/179/179 195/195/195 181/181/181
f 179/179/179 181/181/181 189/189/189
f 179/179/179 189/189/189 187/187/187
f 179/179/179 191/191/191 180/180/180
f 179/179/179 180/180/180 196/196/196
f 179/179/179 196/196/196 195/195/195
f 187/187/187 189/189/189 185/185/185
f 187/187/187 185/185/185 197/197/197
f 187/187/187 197/197/197 183/183/183
f 181/181/181 192/192/192 182/182/182
f 181/181/181 182/182/182 190/190/190
f 181/181/181 190/190/190 189/189/189
f 181/181/181 195/195/195 196/196/196
f 181/181/181 196/196/196 182/182/182
f 181/181/181 182/182/182 192/192/192
f 183/183/183 197/197/197 198/198/198
f 183/183/183 198/198/198 184/184/184
f 183/183/183 184/184/184 193/193/193
f 185/185/185 194/194/194 186/186/186
f 185/185/185 186/186/186 198/198/198
f 185/185/185 198/198/198 197/197/197
f 185/185/185 189/189/189 190/190/190
f 185/185/185 190/190/190 186/186/186
f 185/185/185 186/186/186 194/194/194
f 180/180/180 188/188/188 184/184/184
f 180/180/180 184/184/184 193/193/193
f 180/180/180 193/193/193 191/191/191
f 180/180/180 196/196/196 182/182/182
f 180/180/180 182/182/182 190/190/190
f 180/180/180 190/190/190 188/188/188
f 184/184/184 198/198/198 186/186/186
f 184/184/184 186/186/186 194/194/194
f 184/184/184 194/194/194 188/188/188
f 199/199/199 207/207/207 200/200/200
f 199/199/199 206/206/206 207/207/207
f 213/213/213 199/199/199 200/200/200
f 214/214/214 207/207/207 206/206/206
f 200/200/200 208/208/208 201/201/201
f 200/200/200 207/207/207 208/208/208
f 213/213/213 200/200/200 201/201/201
f 214/214/214 208/208/208 207/207/207
f 201/201/201 209/209/209 202/202/202
f 201/201/201 208/208/208 209/209/209
f 213/213/213 201/201/201 202/202/202
f 214/214/214 209/209/209 208/208/208
f 202/202/202 210/210/210 203/203/203
f 202/202/202 209/209/209 210/210/210
f 213/213/213 202/202/202 203/203/203
f 214/214/214 210/210/210 209/209/209
f 203/203/203 211/211/211 204/204/204
f 203/203/203 210/210/210 211/211/211
f 213/213/213 203/203/203 204/204/204
f 214/214/214 211/211/211 210/210/210
f 204/204/204 212/212/212 205/205/205
f 204/204/204 211/211/211 212/212/212
f 213/213/213 204/204/204 205/205/205
f 214/214/214 212/212/212 211/211/211
f 205/205/205 206/206/206 199/199/199
f 205/205/205 212/212/212 206/206/206
f 213/213/213 205/205/205 199/199/199
f 214/214/214 206/206/206 212/212/212
f 215/215/215 227/227/227 226/226/226
f 215/215/215 216/216/216 227/227/227
f 216/216/216 228/228/228 227/227/227
f 216/216/216 217/217/217 228/228/228
f 217/217/217 229/229/229 228/228/228
f 217/217/217 218/218/218 229/229/229
f 218/218/218 230/230/230 229/229/229
f 218/218/218 219/219/219 230/230/230
f 219/219/219 231/231/231 230/230/230
f 219/219/219 220/220/220 231/231/231
f 220/220/220 232/232/232 231/231/231
f 220/220/220 221/221/221 232/232/232
f 221/221/221 233/233/233 232/232/232
f 221/221/221 222/222/222 233/233/233
f 222/222/222 234/234/234 233/233/233
f 222/222/222 223/223/223 234/234/234
f 223/223/223 235/235/235 234/234/234
f 223/223/223 224/224/224 235/235/235
f 224/224/224 236/236/236 235/235/235
f 224/224/224 225/225/225 236/236/236
f 226/226/226 238/238/238 237/237/237
f 226/226/226 227/227/227 238/238/238
f 227/227/227 239/239/239 238/238/238
f 227/227/227 228/228/228 239/239/239
f 228/228/228 240/240/240 239/239/239
f 228/228/228 229/229/229 240/240/240
f 229/229/229 241/241/241 240/240/240
f 229/229/229 230/230/230 241/241/241
f 230/230/230 242/242/242 241/241/241
f 230/230/230 231/231/231 242/242/242
f 231/231/231 243/243/243 242/242/242
f 231/231/231 232/232/232 243/243/243
f 232/232/232 244/244/244 243/243/243
f 232/232/232 233/233/233 244/244/244
f 233/233/233 245/245/245 244/244/244
f 233/233/233 234/234/234 245/245/245
f 234/234/234 246/246/246 245/245/245
f 234/234/234 235/235/235 246/246/246
f 235/235/235 247/247/247 246/246/246
f 235/235/235 236/236/236 247/247/247
f 237/237/237 249/249/249 248/248/248
f 237/237/237 238/238/238 249/249/249
f 238/238/238 250/250/250 249/249/249
f 238/238/238 239/239/239 250/250/250
f 239/239/239 251/251/251 250/250/250
f 239/239/239 240/240/240 251/251/251
f 240/240/240 252/252/252 251/251/251
f 240/240/240 241/241/241 252/252/252
f 241/241/241 253/253/253 252/252/252
f 241/241/241 242/242/242 253/253/253
f 242/242/242 254/254/254 253/253/253
f 242/242/242 243/243/243 254/254/254
f 243/243/243 255/255/255 254/254/254
f 243/243/243 244/244/244 255/255/255
f 244/244/244 256/256/256 255/255/255
f 244/244/244 245/245/245 256/256/256
f 245/245/245 257/257/257 256/256/256
f 245/245/245 246/246/246 257/257/257
f 246/246/246 258/258/258 257/257/257
f 246/246/246 247/247/247 258/258/258
f 248/248/248 260/260/260 259/259/259
f 248/248/248 249/249/249 260/260/260
f 249/249/249 261/261/261 260/260/260
f 249/249/249 250/250/250 261/261/261
f 250/250/250 262/262/262 261/261/261
f 250/250/250 251/251/251 262/262/262
f 251/251/251 263/263/263 262/262/262
f 251/251/251 252/252/252 263/263/263
f 252/252/252 264/264/264 263/263/263
f 252/252/252 253/253/253 264/264/264
f 253/253/253 265/265/265 264/264/264
f 253/253/253 254/254/254 265/265/265
f 254/254/254 266/266/266 265/265/265
f 254/254/254 255/255/255 266/266/266
f 255/255/255 267/267/267 266/266/266
f 255/255/255 256/256/256 267/267/267
f 256/256/256 268/268/268 267/267/267
f 256/256/256 257/257/257 268/268/268
f 257/257/257 269/269/269 268/268/268
f 257/257/257 258/258/258 269/269/269
f 259/259/259 271/271/271 270/270/270
f 259/259/259 260/260/260 271/271/271
f 260/260/260 272/272/272 271/271/271
f 260/260/260 261/261/261 272/272/272
f 261/261/261 273/273/273 272/272/272
f 261/261/261 262/262/262 273/273/273
f 262/262/262 274/274/274 273/273/273
f 262/262/262 263/263/263 274/274/274
f 263/263/263 275/275/275 274/274/274
f 263/263/263 264/264/264 275/275/275
f 264/264/264 276/276/276 275/275/275
f 264/264/264 265/265/265 276/276/276
f 265/265/265 277/277/277 276/276/276
f 265/265/265 266/266/266 277/277/277
f 266/266/266 278/278/278 277/277/277
f 266/266/266 267/267/267 278/278/278
f 267/267/267 279/279/279 278/278/278
f 267/267/267 268/268/268 279/279/279
f 268/268/268 280/280/280 279/279/279
f 268/268/268 269/269/269 280/280/280
f 270/270/270 282/282/282 281/281/281
f 270/270/270 271/271/271 282/282/282
f 271/271/271 283/283/283 282/282/282
f 271/271/271 272/272/272 283/283/283
f 272/272/272 284/284/284 283/283/283
f 272/272/272 273/273/273 284/284/284
f 273/273/273 285/285/285 284/284/284
f 273/273/273 274/274/274 285/285/285
f 274/274/274 286/286/286 285/285/285
f 274/274/274 275/275/275 286/286/286
f 275/275/275 287/287/287 286/286/286
f 275/275/275 276/276/276 287/287/287
f 276/276/276 288/288/288 287/287/287
f 276/276/276 277/277/277 288/288/288
f 277/277/277 289/289/289 288/288/288
f 277/277/277 278/278/278 289/289/289
f 278/278/278 290/290/290 289/289/289
f 278/278/278 279/279/279 290/290/290
f 279/279/279 291/291/291 290/290/290
f 279/279/279 280/280/280 291/291/291
f 281/281/281 293/293/293 292/292/292
f 281/281/281 282/282/282 293/293/293
f 282/282/282 294/294/294 293/293/293
f 282/282/282 283/283/283 294/294/294
f 283/283/283 295/295/295 294/294/294
f 283/283/283 284/284/284 295/295/295
f 284/284/284 296/296/296 295/295/295
f 284/284/284 285/285/285 296/296/296
f 285/285/285 297/297/297 296/296/296
f 285/285/285 286/286/286 297/297/297
f 286/286/286 298/298/298 297/297/297
f 286/286/286 287/287/287 298/298/298
f 287/287/287 299/299/299 298/298/298
f 287/287/287 288/288/288 299/299/299
f 288/288/288 300/300/300 299/299/299
f 288/288/288 289/289/289 300/300/300
f 289/289/289 301/301/301 300/300/300
f 289/289/289 290/290/290 301/301/301
f 290/290/290 302/302/302 301/301/301
f 290/290/290 291/291/291 302/302/302
f 292/292/292 304/304/304 303/303/303
f 292/292/292 293/293/293 304/304/304
f 293/293/293 305/305/305 304/304/304
f 293/293/293 294/294/294 305/305/305
f 294/294/294 306/306/306 305/305/305
f 294/294/294 295/295/295 306/306/306
f 295/295/295 307/307/307 306/306/306
f 295/295/295 296/296/296 307/307/307
f 296/296/296 308/308/308 307/307/307
f 296/296/296 297/297/297 308/308/308
f 297/297/297 309/309/309 308/308/308
f 297/297/297 298/298/298 309/309/309
f 298/298/298 310/310/310 309/309/309
f 298/298/298 299/299/299 310/310/310
f 299/299/299 311/311/311 310/310/310
f 299/299/299 300/300/300 311/311/311
f 300/300/300 312/312/312 311/311/311
f 300/300/300 301/301/301 312/312/312
f 301/301/301 313/313/313 312/312/312
f 301/301/301 302/302/302 313/313/313
f 314/314/314 303/303/303 304/304/304
f 314/314/314 304/304/304 305/305/305
f 314/314/314 305/305/305 306/306/306
f 314/314/314 306/306/306 307/307/307
f 314/314/314 307/307/307 308/308/308
f 314/314/314 308/308/308 309/309/309
f 314/314/314 309/309/309 310/310/310
f 314/314/314 310/310/310 311/311/311
f 314/314/314 311/311/311 312/312/312
f 314/314/314 312/312/312 313/313/313
f 315/315/315 323/323/323 319/319/319
f 315/315/315 319/319/319 329/329/329
f 315/315/315 329/329/329 327/327/327
f 315/315/315 331/331/331 317/317/317
f 315/315/315 317/317/317 325/325/325
f 315/315/315 325/325/325 323/323/323
f 315/315/315 327/327/327 316/316/316
f 315/315/315 316/316/316 332/332/332
f 315/315/315 332/332/332 331/331/331
f 323/323/323 325/325/325 321/321/321
f 323/323/323 321/321/321 333/333/333
f 323/323/323 333/333/333 319/319/319
f 317/317/317 328/328/328 318/318/318
f 317/317/317 318/318/318 326/326/326
f 317/317/317 326/326/326 325/325/325
f 317/317/317 331/331/331 332/332/332
f 317/317/317 332/332/332 318/318/318
f 317/317/317 318/318/318 328/328/328
f 319/319/319 333/333/333 334/334/334
f 319/319/319 334/334/334 320/320/320
f 319/319/319 320/320/320 329/329/329
f 321/321/321 330/330/330 322/322/322
f 321/321/321 322/322/322 334/334/334
f 321/321/321 334/334/334 333/333/333
f 321/321/321 325/325/325 326/326/326
f 321/321/321 326/326/326 322/322/322
f 321/321/321 322/322/322 330/330/330
f 316/316/316 324/324/324 320/320/320
f 316/316/316 320/320/320 329/329/329
f 316/316/316 329/329/329 327/327/327
f 316/316/316 332/332/332 318/318/318
f 316/316/316 318/318/318 326/326/326
f 316/316/316 326/326/326 324/324/324
f 320/320/320 334/334/334 322/322/322
f 320/320/320 322/322/322 330/330/330
f 320/320/320 330/330/330 324/324/324
f 335/335/335 343/343/343 336/336/336
f 335/335/335 342/342/342 343/343/343
f 349/349/349 335/335/335 336/336/336
f 350/350/350 343/343/343 342/342/342
f 336/336/336 344/344/344 337/337/337
f 336/336/336 343/343/343 344/344/344
f 349/349/349 336/336/336 337/337/337
f 350/350/350 344/344/344 343/343/343
f 337/337/337 345/345/345 338/338/338
f 337/337/337 344/344/344 345/345/345
f 349/349/349 337/337/337 338/338/338
f 350/350/350 345/345/345 344/344/344
f 338/338/338 346/346/346 339/339/339
f 338/338/338 345/345/345 346/346/346
f 349/349/349 338/338/338 339/339/339
f 350/350/350 346/346/346 345/345/345
f 339/339/339 347/347/347 340/340/340
f 339/339/339 346/346/346 347/347/347
f 349/349/349 339/339/339 340/340/340
f 350/350/350 347/347/347 346/346/346
f 340/340/340 348/348/348 341/341/341
f 340/340/340 347/347/347 348/348/348
f 349/349/349 340/340/340 341/341/341
f 350/350/350 348/348/348 347/347/347
f 341/341/341 342/342/342 335/335/335
f 341/341/341 348/348/348 342/342/342
f 349/349/349 341/341/341 335/335/335
f 350/350/350 342/342/342 348/348/348
f 351/351/351 363/363/363 362/362/362
f 351/351/351 352/352/352 363/363/363
f 352/352/352 364/364/364 363/363/363
f 352/352/352 353/353/353 364/364/364
f 353/353/353 365/365/365 364/364/364
f 353/353/353 354/354/354 365/365/365
f 354/354/354 366/366/366 365/365/365
f 354/354/354 355/355/355 366/366/366
f 355/355/355 367/367/367 366/366/366
f 355/355/355 356/356/356 367/367/367
f 356/356/356 368/368/368 367/367/367
f 356/356/356 357/357/357 368/368/368
f 357/357/357 369/369/369 368/368/368
f 357/357/357 358/358/358 369/369/369
f 358/358/358 370/370/370 369/369/369
f 358/358/358 359/359/359 370/370/370
f 359/359/359 371/371/371 370/370/370
f 359/359/359 360/360/360 371/371/371
f 360/360/360 372/372/372 371/371/371
f 360/360/360 361/361/361 372/372/372
f 362/362/362 374/374/374 373/373/373
f 362/362/362 363/363/363 374/374/374
f 363/363/363 375/375/375 374/374/374
f 363/363/363 364/364/364 375/375/375
f 364/364/364 376/376/376 375/375/375
f 364/364/364 365/365/365 376/376/376
f 365/365/365 377/377/377 376/376/376
f 365/365/365 366/366/366 377/377/377
f 366/366/366 378/378/378 377/377/377
f 366/366/366 367/367/367 378/378/378
f 367/367/367 379/379/379 378/378/378
f 367/367/367 368/368/368 379/379/379
f 368/368/368 380/380/380 379/379/379
f 368/368/368 369/369/369 380/380/380
f 369/369/369 381/381/381 380/380/380
f 369/369/369 370/370/370 381/381/381
f 370/370/370 382/382/382 381/381/381
f 370/370/370 371/371/371 382/382/382
f 371/371/371 383/383/383 382/382/382
f 371/371/371 372/372/372 383/383/383
f 373/373/373 385/385/385 384/384/384
f 373/373/373 374/374/374 385/385/385
f 374/374/374 386/386/386 385/385/385
f 374/374/374 375/375/375 386/386/386
f 375/375/375 387/387/387 386/386/386
f 375/375/375 376/376/376 387/387/387
f 376/376/376 388/388/388 387/387/387
f 376/376/376 377/377/377 388/388/388
f 377/377/377 389/389/389 388/388/388
f 377/377/377 378/378/378 389/389/389
f 378/378/378 390/390/390 389/389/389
f 378/378/378 379/379/379 390/390/390
f 379/379/379 391/391/391 390/390/390
f 379/379/379 380/380/380 391/391/391
f 380/380/380 392/392/392 391/391/391
f 380/380/380 381/381/381 392/392/392
f 381/381/381 393/393/393 392/392/392
f 381/381/381 382/382/382 393/393/393
f 382/382/382 394/394/394 393/393/393
f 382/382/382 383/383/383 394/394/394
f 384/384/384 396/396/396 395/395/395
f 384/384/384 385/385/385 396/396/396
f 385/385/385 397/397/397 396/396/396
f 385/385/385 386/386/386 397/397/397
f 386/386/386 398/398/398 397/397/397
f 386/386/386 387/387/387 398/398/398
f 387/387/387 399/399/399 398/398/398
f 387/387/387 388/388/388 399/399/399
f 388/388/388 400/400/400 399/399/399
f 388/388/388 389/389/389 400/400/400
f 389/389/389 401/401/401 400/400/400
f 389/389/389 390/390/390 401/401/401
f 390/390/390 402/402/402 401/401/401
f 390/390/390 391/391/391 402/402/402
f 391/391/391 403/403/403 402/402/402
f 391/391/391 392/392/392 403/403/403
f 392/392/392 404/404/404 403/403/403
f 392/392/392 393/393/393 404/404/404
f 393/393/393 405/405/405 404/404/404
f 393/393/393 394/394/394 405/405/405
f 395/395/395 407/407/407 406/406/406
f 395/395/395 396/396/396 407/407/407
f 396/396/396 408/408/408 407/407/407
f 396/396/396 397/397/397 408/408/408
f 397/397/397 409/409/409 408/408/408
f 397/397/397 398/398/398 409/409/409
f 398/398/398 410/410/410 409/409/409
f 398/398/398 399/399/399 410/410/410
f 399/399/399 411/411/411 410/410/410
f 399/399/399 400/400/400 411/411/411
f 400/400/400 412/412/412 411/411/411
f 400/400/400 401/401/401 412/412/412
f 401/401/401 413/413/413 412/412/412
f 401/401/401 402/402/402 413/413/413
f 402/402/402 414/414/414 413/413/413
f 402/402/402 403/403/403 414/414/414
f 403/403/403 415/415/415 414/414/414
f 403/403/403 404/404/404 415/415/415
f 404/404/404 416/416/416 415/415/415
f 404/404/404 405/405/405 416/416/416
f 406/406/406 418/418/418 417/417/417
f 406/406/406 407/407/407 418/418/418
f 407/407/407 419/419/419 418/418/418
f 407/407/407 408/408/408 419/419/419
f 408/408/408 420/420/420 419/419/419
f 408/408/408 409/409/409 420/420/420
f 409/409/409 421/421/421 420/420/420
f 409/409/409 410/410/410 421/421/421
f 410/410/410 422/422/422 421/421/421
f 410/410/410 411/411/411 422/422/422
f 411/411/411 423/423/423 422/422/422
f 411/411/411 412/412/412 423/423/423
f 412/412/412 424/424/424 423/423/423
f 412/412/412 413/413/413 424/424/424
f 413/413/413 425/425/425 424/424/424
f 413/413/413 414/414/414 425/425/425
f 414/414/414 426/426/426 425/425/425
f 414/414/414 415/415/415 426/426/426
f 415/415/415 427/427/427 426/426/426
f 415/415/415 416/416/416 427/427/427
f 417/417/417 429/429/429 428/428/428
f 417/417/417 418/418/418 429/429/429
f 418/418/418 430/430/430 429/429/429
f 418/418/418 419/419/419 430/430/430
f 419/419/419 431/431/431 430/430/430
f 419/419/419 420/420/420 431/431/431
f 420/420/420 432/432/432 431/431/431
f 420/420/420 421/421/421 432/432/432
f 421/421/421 433/433/433 432/432/432
f 421/421/421 422/422/422 433/433/433
f 422/422/422 434/434/434 433/433/433
f 422/422/422 423/423/423 434/434/434
f 423/423/423 435/435/435 434/434/434
f 423/423/423 424/424/424 435/435/435
f 424/424/424 436/436/436 435/435/435
f 424/424/424 425/425/425 436/436/436
f 425/425/425 437/437/437 436/436/436
f 425/425/425 426/426/426 437/437/437
f 426/426/426 438/438/438 437/437/437
f 426/426/426 427/427/427 438/438/438
f 428/428/428 440/440/440 439/439/439
f 428/428/428 429/429/429 440/440/440
f 429/429/429 441/441/441 440/440/440
f 429/429/429 430/430/430 441/441/441
f 430/430/430 442/442/442 441/441/441
f 430/430/430 431/431/431 442/442/442
f 431/431/431 443/443/443 442/442/442
f 431/431/431 432/432/432 443/443/443
f 432/432/432 444/444/444 443/443/443
f 432/432/432 433/433/433 444/444/444
f 433/433/433 445/445/445 444/444/444
f 433/433/433 434/434/434 445/445/445
f 434/434/434 446/446/446 445/445/445
f 434/434/434 435/435/435 446/446/446
f 435/435/435 447/447/447 446/446/446
f 435/435/435 436/436/436 447/447/447
f 436/436/436 448/448/448 447/447/447
f 436/436/436 437/437/437 448/448/448
f 437/437/437 449/449/449 448/448/448
f 437/437/437 438/438/438 449/449/449
f 450/450/450 439/439/439 440/440/440
f 450/450/450 440/440/440 441/441/441
f 450/450/450 441/441/441 442/442/442
f 450/450/450 442/442/442 443/443/443
f 450/450/450 443/443/443 444/444/444
f 450/450/450 444/444/444 445/445/445
f 450/450/450 445/445/445 446/446/446
f 450/450/450 446/446/446 447/447/447
f 450/450/450 447/447/447 448/448/448
f 450/450/450 448/448/448 449/449/449
f 451/451/451 459/459/459 455/455/455
f 451/451/451 455/455/455 465/465/465
f 451/451/451 465/465/465 463/463/463
f 451/451/451 467/467/467 453/453/453
f 451/451/451 453/453/453 461/461/461
f 451/451/451 461/461/461 459/459/459
f 451/451/451 463/463/463 452/452/452
f 451/451/451 452/452/452 468/468/468
f 451/451/451 468/468/468 467/467/467
f 459/459/459 461/461/461 457/457/457
f 459/459/459 457/457/457 469/469/469
f 459/459/459 469/469/469 455/455/455
f 453/453/453 464/464/464 454/454/454
f 453/453/453 454/454/454 462/462/462
f 453/453/453 462/462/462 461/461/461
f 453/453/453 467/467/467 468/468/468
f 453/453/453 468/468/468 454/454/454
f 453/453/453 454/454/454 464/464/464
f 455/455/455 469/469/469 470/470/470
f 455/455/455 470/470/470 456/456/456
f 455/455/455 456/456/456 465/465/465
f 457/457/457 466/466/466 458/458/458
f 457/457/457 458/458/458 470/470/470
f 457/457/457 470/470/470 469/469/469
f 457/457/457 461/461/461 462/462/462
f 457/457/457 462/462/462 458/458/458
f 457/457/457 458/458/458 466/466/466
f 452/452/452 460/460/460 456/456/456
f 452/452/452 456/456/456 465/465/465
f 452/452/452 465/465/465 463/463/463
f 452/452/452 468/468/468 454/454/454
f 452/452/452 454/454/454 462/462/462
f 452/452/452 462/462/462 460/460/460
f 456/456/456 470/470/470 458/458/458
f 456/456/456 458/458/458 466/466/466
f 456/456/456 466/466/466 460/460/460
f 471/471/471 479/479/479 472/472/472
f 471/471/471 478/478/478 479/479/479
f 485/485/485 471/471/471 472/472/472
f 486/486/486 479/479/479 478/478/478
f 472/472/472 480/480/480 473/473/473
f 472/472/472 479/479/479 480/480/480
f 485/485/485 472/472/472 473/473/473
f 486/486/486 480/480/480 479/479/479
f 473/473/473 481/481/481 474/474/474
f 473/473/473 480/480/480 481/481/481
f 485/485/485 473/473/473 474/474/474
f 486/486/486 481/481/481 480/480/480
f 474/474/474 482/482/482 475/475/475
f 474/474/474 481/481/481 482/482/482
f 485/485/485 474/474/474 475/475/475
f 486/486/486 482/482/482 481/481/481
f 475/475/475 483/483/483 476/476/476
f 475/475/475 482/482/482 483/483/483
f 485/485/485 475/475/475 476/476/476
f 486/486/486 483/483/483 482/482/482
f 476/476/476 484/484/484 477/477/477
f 476/476/476 483/483/483 484/484/484
f 485/485/485 476/476/476 477/477/477
f 486/486/486 484/484/484 483/483/483
f 477/477/477 478/478/478 471/471/471
f 477/477/477 484/484/484 478/478/478
f 485/485/485 477/477/477 471/471/471
f 486/486/486 478/478/478 484/484/484
f 487/487/487 499/499/499 498/498/498
f 487/487/487 488/488/488 499/499/499
f 488/488/488 500/500/500 499/499/499
f 488/488/488 489/489/489 500/500/500
f 489/489/489 501/501/501 500/500/500
f 489/489/489 490/490/490 501/501/501
f 490/490/490 502/502/502 501/501/501
f 490/490/490 491/491/491 502/502/502
f 491/491/491 503/503/503 502/502/502
f 491/491/491 492/492/492 503/503/503
f 492/492/492 504/504/504 503/503/503
f 492/492/492 493/493/493 504/504/504
f 493/493/493 505/505/505 504/504/504
f 493/493/493 494/494/494 505/505/505
f 494/494/494 506/506/506 505/505/505
f 494/494/494 495/495/495 506/506/506
f 495/495/495 507/507/507 506/506/506
f 495/495/495 496/496/496 507/507/507
f 496/496/496 508/508/508 507/507/507
f 496/496/496 497/497/497 508/508/508
f 498/498/498 510/510/510 509/509/509
f 498/498/498 499/499/499 510/510/510
f 499/499/499 511/511/511 510/510/510
f 499/499/499 500/500/500 511/511/511
f 500/500/500 512/512/512 511/511/511
f 500/500/500 501/501/501 512/512/512
f 501/501/501 513/513/513 512/512/512
f 501/501/501 502/502/502 513/513/513
f 502/502/502 514/514/514 513/513/513
f 502/502/502 503/503/503 514/514/514
f 503/503/503 515/515/515 514/514/514
f 503/503/503 504/504/504 515/515/515
f 504/504/504 516/516/516 515/515/515
f 504/504/504 505/505/505 516/516/516
f 505/505/505 517/517/517 516/516/516
f 505/505/505 506/506/506 517/517/517
f 506/506/506 518/518/518 517/517/517
f 506/506/506 507/507/507 518/518/518
f 507/507/507 519/519/519 518/518/518
f 507/507/507 508/508/508 519/519/519
f 509/509/509 521/521/521 520/520/520
f 509/509/509 510/510/510 521/521/521
f 510/510/510 522/522/522 521/521/521
f 510/510/510 511/511/511 522/522/522
f 511/511/511 523/523/523 522/522/522
f 511/511/511 512/512/512 523/523/523
f 512/512/512 524/524/524 523/523/523
f 512/512/512 513/513/513 524/524/524
f 513/513/513 525/525/525 524/524/524
f 513/513/513 514/514/514 525/525/525
f 514/514/514 526/526/526 525/525/525
f 514/514/514 515/515/515 526/526/526
f 515/515/515 527/527/527 526/526/526
f 515/515/515 516/516/516 527/527/527
f 516/516/516 528/528/528 527/527/527
f 516/516/516 517/517/517 528/528/528
f 517/517/517 529/529/529 528/528/528
f 517/517/517 518/518/518 529/529/529
f 518/518/518 530/530/530 529/529/529
f 518/518/518 519/519/519 530/530/530
f 520/520/520 532/532/532 531/531/531
f 520/520/520 521/521/521 532/532/532
f 521/521/521 533/533/533 532/532/532
f 521/521/521 522/522/522 533/533/533
f 522/522/522 534/534/534 533/533/533
f 522/522/522 523/523/523 534/534/534
f 523/523/523 535/535/535 534/534/534
f 523/523/523 524/524/524 535/535/535
f 524/524/524 536/536/536 535/535/535
f 524/524/524 525/525/525 536/536/536
f 525/525/525 537/537/537 536/536/536
f 525/525/525 526/526/526 537/537/537
f 526/526/526 538/538/538 537/537/537
f 526/526/526 527/527/527 538/538/538
f 527/527/527 539/539/539 538/538/538
f 527/527/527 528/528/528 539/539/539
f 528/528/528 540/540/540 539/539/539
f 528/528/528 529/529/529 540/540/540
f 529/529/529 541/541/541 540/540/540
f 529/529/529 530/530/530 541/541/541
f 531/531/531 543/543/543 542/542/542
f 531/531/531 532/532/532 543/543/543
f 532/532/532 544/544/544 543/543/543
f 532/532/532 533/533/533 544/544/544
f 533/533/533 545/545/545 544/544/544
f 533/533/533 534/534/534 545/545/545
f 534/534/534 546/546/546 545/545/545
f 534/534/534 535/535/535 546/546/546
f 535/535/535 547/547/547 546/546/546
f 535/535/535 536/536/536 547/547/547
f 536/536/536 548/548/548 547/547/547
f 536/536/536 537/537/537 548/548/548
f 537/537/537 549/549/549 548/548/548
f 537/537/537 538/538/538 549/549/549
f 538/538/538 550/550/550 549/549/549
f 538/538/538 539/539/539 550/550/550
f 539/539/539 551/551/551 550/550/550
f 539/539/539 540/540/540 551/551/551
f 540/540/540 552/552/552 551/551/551
f 540/540/540 541/541/541 552/552/552
f 542/542/542 554/554/554 553/553/553
f 542/542/542 543/543/543 554/554/554
f 543/543/543 555/555/555 554/554/554
f 543/543/543 544/544/544 555/555/555
f 544/544/544 556/556/556 555/555/555
f 544/544/544 545/545/545 556/556/556
f 545/545/545 557/557/557 556/556/556
f 545/545/545 546/546/546 557/557/557
f 546/546/546 558/558/558 557/557/557
f 546/546/546 547/547/547 558/558/558
f 547/547/547 559/559/559 558/558/558
f 547/547/547 548/548/548 559/559/559
f 548/548/548 560/560/560 559/559/559
f 548/548/548 549/549/549 560/560/560
f 549/549/549 561/561/561 560/560/560
f 549/549/549 550/550/550 561/561/561
f 550/550/550 562/562/562 561/561/561
f 550/550/550 551/551/551 562/562/562
f 551/551/551 563/563/563 562/562/562
f 551/551/551 552/552/552 563/563/563
f 553/553/553 565/565/565 564/564/564
f 553/553/553 554/554/554 565/565/565
f 554/554/554 566/566/566 565/565/565
f 554/554/554 555/555/555 566/566/566
f 555/555/555 567/567/567 566/566/566
f 555/555/555 556/556/556 567/567/567
f 556/556/556 568/568/568 567/567/567
f 556/556/556 557/557/557 568/568/568
f 557/557/557 569/569/569 568/568/568
f 557/557/557 558/558/558 569/569/569
f 558/558/558 570/570/570 569/569/569
f 558/558/558 559/559/559 570/570/570
f 559/559/559 571/571/571 570/570/570
f 559/559/559 560/560/560 571/571/571
f 560/560/560 572/572/572 571/571/571
f 560/560/560 561/561/561 572/572/572
f 561/561/561 573/573/573 572/572/572
f 561/561/561 562/562/562 573/573/573
f 562/562/562 574/574/574 573/573/573
f 562/562/562 563/563/563 574/574/574
f 564/564/564 576/576/576 575/575/575
f 564/564/564 565/565/565 576/576/576
f 565/565/565 577/577/577 576/576/576
f 565/565/565 566/566/566 577/577/577
f 566/566/566 578/578/578 577/577/577
f 566/566/566 567/567/567 578/578/578
f 567/567/567 579/579/579 578/578/578
f 567/567/567 568/568/568 579/579/579
f 568/568/568 580/580/580 579/579/579
f 568/568/568 569/569/569 580/580/580
f 569/569/569 581/581/581 580/580/580
f 569/569/569 570/570/570 581/581/581
f 570/570/570 582/582/582 581/581/581
f 570/570/570 571/571/571 582/582/582
f 571/571/571 583/583/583 582/582/582
f 571/571/571 572/572/572 583/583/583
f 572/572/572 584/584/584 583/583/583
f 572/572/572 573/573/573 584/584/584
f 573/573/573 585/585/585 584/584/584
f 573/573/573 574/574/574 585/585/585
f 586/586/586 575/575/575 576/576/576
f 586/586/586 576/576/576 577/577/577
f 586/586/586 577/577/577 578/578/578
f 586/586/586 578/578/578 579/579/579
f 586/586/586 579/579/579 580/580/580
f 586/586/586 580/580/580 581/581/581
f 586/586/586 581/581/581 582/582/582
f 586/586/586 582/582/582 583/583/583
f 586/586/586 583/583/583 584/584/584
f 586/586/586 584/584/584 585/585/585
f 587/587/587 595/595/595 591/591/591
f 587/587/587 591/591/591 601/601/601
f 587/587/587 601/601/601 599/599/599
f 587/587/587 603/603/603 589/589/589
f 587/587/587 589/589/589 597/597/597
f 587/587/587 597/597/597 595/595/595
f 587/587/587 599/599/599 588/588/588
f 587/587/587 588/588/588 604/604/604
f 587/587/587 604/604/604 603/603/603
f 595/595/595 597/597/597 593/593/593
f 595/595/595 593/593/593 605/605/605
f 595/595/595 605/605/605 591/591/591
f 589/589/589 600/600/600 590/590/590
f 589/589/589 590/590/590 598/598/598
f 589/589/589 598/598/598 597/597/597
f 589/589/589 603/603/603 604/604/604
f 589/589/589 604/604/604 590/590/590
f 589/589/589 590/590/590 600/600/600
f 591/591/591 605/605/605 606/606/606
f 591/591/591 606/606/606 592/592/592
f 591/591/591 592/592/592 601/601/601
f 593/593/593 602/602/602 594/594/594
f 593/593/593 594/594/594 606/606/606
f 593/593/593 606/606/606 605/605/605
f 593/593/593 597/597/597 598/598/598
f 593/593/593 598/598/598 594/594/594
f 593/593/593 594/594/594 602/602/602
f 588/588/588 596/596/596 592/592/592
f 588/588/588 592/592/592 601/601/601
f 588/588/588 601/601/601 599/599/599
f 588/588/588 604/604/604 590/590/590
f 588/588/588 590/590/590 598/598/598
f 588/588/588 598/598/598 596/596/596
f 592/592/592 606/606/606 594/594/594
f 592/592/592 594/594/594 602/602/602
f 592/592/592 602/602/602 596/596/596
f 607/607/607 615/615/615 608/608/608
f 607/607/607 614/614/614 615/615/615
f 621/621/621 607/607/607 608/608/608
f 622/622/622 615/615/615 614/614/614
f 608/608/608 616/616/616 609/609/609
f 608/608/608 615/615/615 616/616/616
f 621/621/621 608/608/608 609/609/609
f 622/622/622 616/616/616 615/615/615
f 609/609/609 617/617/617 610/610/610
f 609/609/609 616/616/616 617/617/617
f 621/621/621 609/609/609 610/610/610
f 622/622/622 617/617/617 616/616/616
f 610/610/610 618/618/618 611/611/611
f 610/610/610 617/617/617 618/618/618
f 621/621/621 610/610/610 611/611/611
f 622/622/622 618/618/618 617/617/617
f 611/611/611 619/619/619 612/612/612
f 611/611/611 618/618/618 619/619/619
f 621/621/621 611/611/611 612/612/612
f 622/622/622 619/619/619 618/618/618
f 612/612/612 620/620/620 613/613/613
f 612/612/612 619/619/619 620/620/620
f 621/621/621 612/612/612 613/613/613
f 622/622/622 620/620/620 619/619/619
f 613/613/613 614/614/614 607/607/607
f 613/613/613 620/620/620 614/614/614
f 621/621/621 613/613/613 607/607/607
f 622/622/622 614/614/614 620/620/620
f 623/623/623 635/635/635 634/634/634
f 623/623/623 624/624/624 635/635/635
f 624/624/624 636/636/636 635/635/635
f 624/624/624 625/625/625 636/636/636
f 625/625/625 637/637/637 636/636/636
f 625/625/625 626/626/626 637/637/637
f 626/626/626 638/638/638 637/637/637
f 626/626/626 627/627/627 638/638/638
f 627/627/627 639/639/639 638/638/638
f 627/627/627 628/628/628 639/639/639
f 628/628/628 640/640/640 639/639/639
f 628/628/628 629/629/629 640/640/640
f 629/629/629 641/641/641 640/640/640
f 629/629/629 630/630/630 641/641/641
f 630/630/630 642/642/642 641/641/641
f 630/630/630 631/631/631 642/642/642
f 631/631/631 643/643/643 642/642/642
f 631/631/631 632/632/632 643/643/643
f 632/632/632 644/644/644 643/643/643
f 632/632/632 633/633/633 644/644/644
f 634/634/634 646/646/646 645/645/645
f 634/634/634 635/635/635 646/646/646
f 635/635/635 647/647/647 646/646/646
f 635/635/635 636/636/636 647/647/647
f 636/636/636 648/648/648 647/647/647
f 636/636/636 637/637/637 648/648/648
f 637/637/637 649/649/649 648/648/648
f 637/637/637 638/638/638 649/649/649
f 638/638/638 650/650/650 649/649/649
f 638/638/638 639/639/639 650/650/650
f 639/639/639 651/651/651 650/650/650
f 639/639/639 640/640/640 651/651/651
f 640/640/640 652/652/652 651/651/651
f 640/640/640 641/641/641 652/652/652
f 641/641/641 653/653/653 652/652/652
f 641/641/641 642/642/642 653/653/653
f 642/642/642 654/654/654 653/653/653
f 642/642/642 643/643/643 654/654/654
f 643/643/643 655/655/655 654/654/654
f 643/643/643 644/644/644 655/655/655
f 645/645/645 657/657/657 656/656/656
f 645/645/645 646/646/646 657/657/657
f 646/646/646 658/658/658 657/657/657
f 646/646/646 647/647/647 658/658/658
f 647/647/647 659/659/659 658/658/658
f 647/647/647 648/648/648 659/659/659
f 648/648/648 660/660/660 659/659/659
f 648/648/648 649/649/649 660/660/660
f 649/649/649 661/661/661 660/660/660
f 649/649/649 650/650/650 661/661/661
f 650/650/650 662/662/662 661/661/661
f 650/650/650 651/651/651 662/662/662
f 651/651/651 663/663/663 662/662/662
f 651/651/651 652/652/652 663/663/663
f 652/652/652 664/664/664 663/663/663
f 652/652/652 653/653/653 664/664/664
f 653/653/653 665/665/665 664/664/664
f 653/653/653 654/654/654 665/665/665
f 654/654/654 666/666/666 665/665/665
f 654/654/654 655/655/655 666/666/666
f 656/656/656 668/668/668 667/667/667
f 656/656/656 657/657/657 668/668/668
f 657/657/657 669/669/669 668/668/668
f 657/657/657 658/658/658 669/669/669
f 658/658/658 670/670/670 669/669/669
f 658/658/658 659/659/659 670/670/670
f 659/659/659 671/671/671 670/670/670
f 659/659/659 660/660/660 671/671/671
f 660/660/660 672/672/672 671/671/671
f 660/660/660 661/661/661 672/672/672
f 661/661/661 673/673/673 672/672/672
f 661/661/661 662/662/662 673/673/673
f 662/662/662 674/674/674 673/673/673
f 662/662/662 663/663/663 674/674/674
f 663/663/663 675/675/675 674/674/674
f 663/663/663 664/664/664 675/675/675
f 664/664/664 676/676/676 675/675/675
f 664/664/664 665/665/665 676/676/676
f 665/665/665 677/677/677 676/676/676
f 665/665/665 666/666/666 677/677/677
f 667/667/667 679/679/679 678/678/678
f 667/667/667 668/668/668 679/679/679
f 668/668/668 680/680/680 679/679/679
f 668/668/668 669/669/669 680/680/680
f 669/669/669 681/681/681 680/680/680
f 669/669/669 670/670/670 681/681/681
f 670/670/670 682/682/682 681/681/681
f 670/670/670 671/671/671 682/682/682
f 671/671/671 683/683/683 682/682/682
f 671/671/671 672/672/672 683/683/683
f 672/672/672 684/684/684 683/683/683
f 672/672/672 673/673/673 684/684/684
f 673/673/673 685/685/685 684/684/684
f 673/673/673 674/674/674 685/685/685
f 674/674/674 686/686/686 685/685/685
f 674/674/674 675/675/675 686/686/686
f 675/675/675 687/687/687 686/686/686
f 675/675/675 676/676/676 687/687/687
f 676/676/676 688/688/688 687/687/687
f 676/676/676 677/677/677 688/688/688
f 678/678/678 690/690/690 689/689/689
f 678/678/678 679/679/679 690/690/690
f 679/679/679 691/691/691 690/690/690
f 679/679/679 680/680/680 691/691/691
f 680/680/680 692/692/692 691/691/691
f 680/680/680 681/681/681 692/692/692
f 681/681/681 693/693/693 692/692/692
f 681/681/681 682/682/682 693/693/693
f 682/682/682 694/694/694 693/693/693
f 682/682/682 683/683/683 694/694/694
f 683/683/683 695/695/695 694/694/694
f 683/683/683 684/684/684 695/695/695
f 684/684/684 696/696/696 695/695/695
f 684/684/684 685/685/685 696/696/696
f 685/685/685 697/697/697 696/696/696
f 685/685/685 686/686/686 697/697/697
f 686/686/686 698/698/698 697/697/697
f 686/686/686 687/687/687 698/698/698
f 687/687/687 699/699/699 698/698/698
f 687/687/687 688/688/688 699/699/699
f 689/689/689 701/701/701 700/700/700
f 689/689/689 690/690/690 701/701/701
f 690/690/690 702/702/702 701/701/701
f 690/690/690 691/691/691 702/702/702
f 691/691/691 703/703/703 702/702/702
f 691/691/691 692/692/692 703/703/703
f 692/692/692 704/704/704 703/703/703
f 692/692/692 693/693/693 704/704/704
f 693/693/693 705/705/705 704/704/704
f 693/693/693 694/694/694 705/705/705
f 694/694/694 706/706/706 705/705/705
f 694/694/694 695/695/695 706/706/706
f 695/695/695 707/707/707 706/706/706
f 695/695/695 696/696/696 707/707/707
f 696/696/696 708/708/708 707/707/707
f 696/696/696 697/697/697 708/708/708
f 697/697/697 709/709/709 708/708/708
f 697/697/697 698/698/698 709/709/709
f 698/698/698 710/710/710 709/709/709
f 698/698/698 699/699/699 710/710/710
f 700/700/700 712/712/712 711/711/711
f 700/700/700 701/701/701 712/712/712
f 701/701/701 713/713/713 712/712/712
f 701/701/701 702/702/702 713/713/713
f 702/702/702 714/714/714 713/713/713
f 702/702/702 703/703/703 714/714/714
f 703/703/703 715/715/715 714/714/714
f 703/703/703 704/704/704 715/715/715
f 704/704/704 716/716/716 715/715/715
f 704/704/704 705/705/705 716/716/716
f 705/705/705 717/717/717 716/716/716
f 705/705/705 706/706/706 717/717/717
f 706/706/706 718/718/718 717/717/717
f 706/706/706 707/707/707 718/718/718
f 707/707/707 719/719/719 718/718/718
f 707/707/707 708/708/708 719/719/719
f 708/708/708 720/720/720 719/719/719
f 708/708/708 709/709/709 720/720/720
f 709/709/709 721/721/721 720/720/720
f 709/709/709 710/710/710 721/721/721
f 722/722/722 711/711/711 712/712/712
f 722/722/722 712/712/712 713/713/713
f 722/722/722 713/713/713 714/714/714
f 722/722/722 714/714/714 715/715/715
f 722/722/722 715/715/715 716/716/716
f 722/722/722 716/716/716 717/717/717
f 722/722/722 717/717/717 718/718/718
f 722/722/722 718/718/718 719/719/719
f 722/722/722 719/719/719 720/720/720
f 722/722/722 720/720/720 721/721/721
f 723/723/723 731/731/731 727/727/727
f 723/723/723 727/727/727 737/737/737
f 723/723/723 737/737/737 735/735/735
f 723/723/723 739/739/739 725/725/725
f 723/723/723 725/725/725 733/733/733
f 723/723/723 733/733/733 731/731/731
f 723/723/723 735/735/735 724/724/724
f 723/723/723 724/724/724 740/740/740
f 723/723/723 740/740/740 739/739/739
f 731/731/731 733/733/733 729/729/729
f 731/731/731 729/729/729 741/741/741
f 731/731/731 741/741/741 727/727/727
f 725/725/725 736/736/736 726/726/726
f 725/725/725 726/726/726 734/734/734
f 725/725/725 734/734/734 733/733/733
f 725/725/725 739/739/739 740/740/740
f 725/725/725 740/740/740 726/726/726
f 725/725/725 726/726/726 736/736/736
f 727/727/727 741/741/741 742/742/742
f 727/727/727 742/742/742 728/728/728
f 727/727/727 728/728/728 737/737/737
f 729/729/729 738/738/738 730/730/730
f 729/729/729 730/730/730 742/742/742
f 729/729/729 742/742/742 741/741/741
f 729/729/729 733/733/733 734/734/734
f 729/729/729 734/734/734 730/730/730
f 729/729/729 730/730/730 738/738/738
f 724/724/724 732/732/732 728/728/728
f 724/724/724 728/728/728 737/737/737
f 724/724/724 737/737/737 735/735/735
f 724/724/724 740/740/740 726/726/726
f 724/724/724 726/726/726 734/734/734
f 724/724/724 734/734/734 732/732/732
f 728/728/728 742/742/742 730/730/730
f 728/728/728 730/730/730 738/738/738
f 728/728/728 738/738/738 732/732/732
f 743/743/743 751/751/751 744/744/744
f 743/743/743 750/750/750 751/751/751
f 757/757/757 743/743/743 744/744/744
f 758/758/758 751/751/751 750/750/750
f 744/744/744 752/752/752 745/745/745
f 744/744/744 751/751/751 752/752/752
f 757/757/757 744/744/744 745/745/745
f 758/758/758 752/752/752 751/751/751
f 745/745/745 753/753/753 746/746/746
f 745/745/745 752/752/752 753/753/753
f 757/757/757 745/745/745 746/746/746
f 758/758/758 753/753/753 752/752/752
f 746/746/746 754/754/754 747/747/747
f 746/746/746 753/753/753 754/754/754
f 757/757/757 746/746/746 747/747/747
f 758/758/758 754/754/754 753/753/753
f 747/747/747 755/755/755 748/748/748
f 747/747/747 754/754/754 755/755/755
f 757/757/757 747/747/747 748/748/748
f 758/758/758 755/755/755 754/754/754
f 748/748/748 756/756/756 749/749/749
f 748/748/748 755/755/755 756/756/756
f 757/757/757 748/748/748 749/749/749
f 758/758/758 756/756/756 755/755/755
f 749/749/749 750/750/750 743/743/743
f 749/749/749 756/756/756 750/750/750
f 757/757/757 749/749/749 743/743/743
f 758/758/758 750/750/750 756/756/756
f 759/759/759 771/771/771 770/770/770
f 759/759/759 760/760/760 771/771/771
f 760/760/760 772/772/772 771/771/771
f 760/760/760 761/761/761 772/772/772
f 761/761/761 773/773/773 772/772/772
f 761/761/761 762/762/762 773/773/773
f 762/762/762 774/774/774 773/773/773
f 762/762/762 763/763/763 774/774/774
f 763/763/763 775/775/775 774/774/774
f 763/763/763 764/764/764 775/775/775
f 764/764/764 776/776/776 775/775/775
f 764/764/764 765/765/765 776/776/776
f 765/765/765 777/777/777 776/776/776
f 765/765/765 766/766/766 777/777/777
f 766/766/766 778/778/778 777/777/777
f 766/766/766 767/767/767 778/778/778
f 767/767/767 779/779/779 778/778/778
f 767/767/767 768/768/768 779/779/779
f 768/768/768 780/780/780 779/779/779
f 768/768/768 769/769/769 780/780/780
f 770/770/770 782/782/782 781/781/781
f 770/770/770 771/771/771 782/782/782
f 771/771/771 783/783/783 782/782/782
f 771/771/771 772/772/772 783/783/783
f 772/772/772 784/784/784 783/783/783
f 772/772/772 773/773/773 784/784/784
f 773/773/773 785/785/785 784/784/784
f 773/773/773 774/774/774 785/785/785
f 774/774/774 786/786/786 785/785/785
f 774/774/774 775/775/775 786/786/786
f 775/775/775 787/787/787 786/786/786
f 775/775/775 776/776/776 787/787/787
f 776/776/776 788/788/788 787/787/787
f 776/776/776 777/777/777 788/788/788
f 777/777/777 789/789/789 788/788/788
f 777/777/777 778/778/778 789/789/789
f 778/778/778 790/790/790 789/789/789
f 778/778/778 779/779/779 790/790/790
f 779/779/779 791/791/791 790/790/790
f 779/779/779 780/780/780 791/791/791
f 781/781/781 793/793/793 792/792/792
f 781/781/781 782/782/782 793/793/793
f 782/782/782 794/794/794 793/793/793
f 782/782/782 783/783/783 794/794/794
f 783/783/783 795/795/795 794/794/794
f 783/783/783 784/784/784 795/795/795
f 784/784/784 796/796/796 795/795/795
f 784/784/784 785/785/785 796/796/796
f 785/785/785 797/797/797 796/796/796
f 785/785/785 786/786/786 797/797/797
f 786/786/786 798/798/798 797/797/797
f 786/786/786 787/787/787 798/798/798
f 787/787/787 799/799/799 798/798/798
f 787/787/787 788/788/788 799/799/799
f 788/788/788 800/800/800 799/799/799
f 788/788/788 789/789/789 800/800/800
f 789/789/789 801/801/801 800/800/800
f 789/789/789 790/790/790 801/801/801
f 790/790/790 802/802/802 801/801/801
f 790/790/790 791/791/791 802/802/802
f 792/792/792 804/804/804 803/803/803
f 792/792/792 793/793/793 804/804/804
f 793/793/793 805/805/805 804/804/804
f 793/793/793 794/794/794 805/805/805
f 794/794/794 806/806/806 805/805/805
f 794/794/794 795/795/795 806/806/806
f 795/795/795 807/807/807 806/806/806
f 795/795/795 796/796/796 807/807/807
f 796/796/796 808/808/808 807/807/807
f 796/796/796 797/797/797 808/808/808
f 797/797/797 809/809/809 808/808/808
f 797/797/797 798/798/798 809/809/809
f 798/798/798 810/810/810 809/809/809
f 798/798/798 799/799/799 810/810/810
f 799/799/799 811/811/811 810/810/810
f 799/799/799 800/800/800 811/811/811
f 800/800/800 812/812/812 811/811/811
f 800/800/800 801/801/801 812/812/812
f 801/801/801 813/813/813 812/812/812
f 801/801/801 802/802/802 813/813/813
f 803/803/803 815/815/815 814/814/814
f 803/803/803 804/804/804 815/815/815
f 804/804/804 816/816/816 815/815/815
f 804/804/804 805/805/805 816/816/816
f 805/805/805 817/817/817 816/816/816
f 805/805/805 806/806/806 817/817/817
f 806/806/806 818/818/818 817/817/817
f 806/806/806 807/807/807 818/818/818
f 807/807/807 819/819/819 818/818/818
f 807/807/807 808/808/808 819/819/819
f 808/808/808 820/820/820 819/819/819
f 808/808/808 809/809/809 820/820/820
f 809/809/809 821/821/821 820/820/820
f 809/809/809 810/810/810 821/821/821
f 810/810/810 822/822/822 821/821/821
f 810/810/810 811/811/811 822/822/822
f 811/811/811 823/823/823 822/822/822
f 811/811/811 812/812/812 823/823/823
f 812/812/812 824/824/824 823/823/823
f 812/812/812 813/813/813 824/824/824
f 814/814/814 826/826/826 825/825/825
f 814/814/814 815/815/815 826/826/826
f 815/815/815 827/827/827 826/826/826
f 815/815/815 816/816/816 827/827/827
f 816/816/816 828/828/828 827/827/827
f 816/816/816 817/817/817 828/828/828
f 817/817/817 829/829/829 828/828/828
f 817/817/817 818/818/818 829/829/829
f 818/818/818 830/830/830 829/829/829
f 818/818/818 819/819/819 830/830/830
f 819/819/819 831/831/831 830/830/830
f 819/819/819 820/820/820 831/831/831
f 820/820/820 832/832/832 831/831/831
f 820/820/820 821/821/821 832/832/832
f 821/821/821 833/833/833 832/832/832
f 821/821/821 822/822/822 833/833/833
f 822/822/822 834/834/834 833/833/833
f 822/822/822 823/823/823 834/834/834
f 823/823/823 835/835/835 834/834/834
f 823/823/823 824/824/824 835/835/835
f 825/825/825 837/837/837 836/836/836
f 825/825/825 826/826/826 837/837/837
f 826/826/826 838/838/838 837/837/837
f 826/826/826 827/827/827 838/838/838
f 827/827/827 839/839/839 838/838/838
f 827/827/827 828/828/828 839/839/839
f 828/828/828 840/840/840 839/839/839
f 828/828/828 829/829/829 840/840/840
f 829/829/829 841/841/841 840/840/840
f 829/829/829 830/830/830 841/841/841
f 830/830/830 842/842/842 841/841/841
f 830/830/830 831/831/831 842/842/842
f 831/831/831 843/843/843 842/842/842
f 831/831/831 832/832/832 843/843/843
f 832/832/832 844/844/844 843/843/843
f 832/832/832 833/833/833 844/844/844
f 833/833/833 845/845/845 844/844/844
f 833/833/833 834/834/834 845/845/845
f 834/834/834 846/846/846 845/845/845
f 834/834/834 835/835/835 846/846/846
f 836/836/836 848/848/848 847/847/847
f 836/836/836 837/837/837 848/848/848
f 837/837/837 849/849/849 848/848/848
f 837/837/837 838/838/838 849/849/849
f 838/838/838 850/850/850 849/849/849
f 838/838/838 839/839/839 850/850/850
f 839/839/839 851/851/851 850/850/850
f 839/839/839 840/840/840 851/851/851
f 840/840/840 852/852/852 851/851/851
f 840/840/840 841/841/841 852/852/852
f 841/841/841 853/853/853 852/852/852
f 841/841/841 842/842/842 853/853/853
f 842/842/842 854/854/854 853/853/853
f 842/842/842 843/843/843 854/854/854
f 843/843/843 855/855/855 854/854/854
f 843/843/843 844/844/844 855/855/855
f 844/844/844 856/856/856 855/855/855
f 844/844/844 845/845/845 856/856/856
f 845/845/845 857/857/857 856/856/856
f 845/845/845 846/846/846 857/857/857
f 858/858/858 847/847/847 848/848/848
f 858/858/858 848/848/848 849/849/849
f 858/858/858 849/849/849 850/850/850
f 858/858/858 850/850/850 851/851/851
f 858/858/858 851/851/851 852/852/852
f 858/858/858 852/852/852 853/853/853
f 858/858/858 853/853/853 854/854/854
f 858/858/858 854/854/854 855/855/855
f 858/858/858 855/855/855 856/856/856
f 858/858/858 856/856/856 857/857/857
f 859/859/859 867/867/867 863/863/863
f 859/859/859 863/863/863 873/873/873
f 859/859/859 873/873/873 871/871/871
f 859/859/859 875/875/875 861/861/861
f 859/859/859 861/861/861 869/869/869
f 859/859/859 869/869/869 867/867/867
f 859/859/859 871/871/871 860/860/860
f 859/859/859 860/860/860 876/876/876
f 859/859/859 876/876/876 875/875/875
f 867/867/867 869/869/869 865/865/865
f 867/867/867 865/865/865 877/877/877
f 867/867/867 877/877/877 863/863/863
f 861/861/861 872/872/872 862/862/862
f 861/861/861 862/862/862 870/870/870
f 861/861/861 870/870/870 869/869/869
f 861/861/861 875/875/875 876/876/876
f 861/861/861 876/876/876 862/862/862
f 861/861/861 862/862/862 872/872/872
f 863/863/863 877/877/877 878/878/878
f 863/863/863 878/878/878 864/864/864
f 863/863/863 864/864/864 873/873/873
f 865/865/865 874/874/874 866/866/866
f 865/865/865 866/866/866 878/878/878
f 865/865/865 878/878/878 877/877/877
f 865/865/865 869/869/869 870/870/870
f 865/865/865 870/870/870 866/866/866
f 865/865/865 866/866/866 874/874/874
f 860/860/860 868/868/868 864/864/864
f 860/860/860 864/864/864 873/873/873
f 860/860/860 873/873/873 871/871/871
f 860/860/860 876/876/876 862/862/862
f 860/860/860 862/862/862 870/870/870
f 860/860/860 870/870/870 868/868/868
f 864/864/864 878/878/878 866/866/866
f 864/864/864 866/866/866 874/874/874
f 864/864/864 874/874/874 868/868/868
f 879/879/879 887/887/887 880/880/880
f 879/879/879 886/886/886 887/887/887
f 893/893/893 879/879/879 880/880/880
f 894/894/894 887/887/887 886/886/886
f 880/880/880 888/888/888 881/881/881
f 880/880/880 887/887/887 888/888/888
f 893/893/893 880/880/880 881/881/881
f 894/894/894 888/888/888 887/887/887
f 881/881/881 889/889/889 882/882/882
f 881/881/881 888/888/888 889/889/889
f 893/893/893 881/881/881 882/882/882
f 894/894/894 889/889/889 888/888/888
f 882/882/882 890/890/890 883/883/883
f 882/882/882 889/889/889 890/890/890
f 893/893/893 882/882/882 883/883/883
f 894/894/894 890/890/890 889/889/889
f 883/883/883 891/891/891 884/884/884
f 883/883/883 890/890/890 891/891/891
f 893/893/893 883/883/883 884/884/884
f 894/894/894 891/891/891 890/890/890
f 884/884/884 892/892/892 885/885/885
f 884/884/884 891/891/891 892/892/892
f 893/893/893 884/884/884 885/885/885
f 894/894/894 892/892/892 891/891/891
f 885/885/885 886/886/886 879/879/879
f 885/885/885 892/892/892 886/886/886
f 893/893/893 885/885/885 879/879/879
f 894/894/894 886/886/886 892/892/892
f 895/895/895 907/907/907 906/906/906
f 895/895/895 896/896/896 907/907/907
f 896/896/896 908/908/908 907/907/907
f 896/896/896 897/897/897 908/908/908
f 897/897/897 909/909/909 908/908/908
f 897/897/897 898/898/898 909/909/909
f 898/898/898 910/910/910 909/909/909
f 898/898/898 899/899/899 910/910/910
f 899/899/899 911/911/911 910/910/910
f 899/899/899 900/900/900 911/911/911
f 900/900/900 912/912/912 911/911/911
f 900/900/900 901/901/901 912/912/912
f 901/901/901 913/913/913 912/912/912
f 901/901/901 902/902/902 913/913/913
f 902/902/902 914/914/914 913/913/913
f 902/902/902 903/903/903 914/914/914
f 903/903/903 915/915/915 914/914/914
f 903/903/903 904/904/904 915/915/915
f 904/904/904 916/916/916 915/915/915
f 904/904/904 905/905/905 916/916/916
f 906/906/906 918/918/918 917/917/917
f 906/906/906 907/907/907 918/918/918
f 907/907/907 919/919/919 918/918/918
f 907/907/907 908/908/908 919/919/919
f 908/908/908 920/920/920 919/919/919
f 908/908/908 909/909/909 920/920/920
f 909/909/909 921/921/921 920/920/920
f 909/909/909 910/910/910 921/921/921
f 910/910/910 922/922/922 921/921/921
f 910/910/910 911/911/911 922/922/922
f 911/911/911 923/923/923 922/922/922
f 911/911/911 912/912/912 923/923/923
f 912/912/912 924/924/924 923/923/923
f 912/912/912 913/913/913 924/924/924
f 913/913/913 925/925/925 924/924/924
f 913/913/913 914/914/914 925/925/925
f 914/914/914 926/926/926 925/925/925
f 914/914/914 915/915/915 926/926/926
f 915/915/915 927/927/927 926/926/926
f 915/915/915 916/916/916 927/927/927
f 917/917/917 929/929/929 928/928/928
f 917/917/917 918/918/918 929/929/929
f 918/918/918 930/930/930 929/929/929
f 918/918/918 919/919/919 930/930/930
f 919/919/919 931/931/931 930/930/930
f 919/919/919 920/920/920 931/931/931
f 920/920/920 932/932/932 931/931/931
f 920/920/920 921/921/921 932/932/932
f 921/921/921 933/933/933 932/932/932
f 921/921/921 922/922/922 933/933/933
f 922/922/922 934/934/934 933/933/933
f 922/922/922 923/923/923 934/934/934
f 923/923/923 935/935/935 934/934/934
f 923/923/923 924/924/924 935/935/935
f 924/924/924 936/936/936 935/935/935
f 924/924/924 925/925/925 936/936/936
f 925/925/925 937/937/937 936/936/936
f 925/925/925 926/926/926 937/937/937
f 926/926/926 938/938/938 937/937/937
f 926/926/926 927/927/927 938/938/938
f 928/928/928 940/940/940 939/939/939
f 928/928/928 929/929/929 940/940/940
f 929/929/929 941/941/941 940/940/940
f 929/929/929 930/930/930 941/941/941
f 930/930/930 942/942/942 941/941/941
f 930/930/930 931/931/931 942/942/942
f 931/931/931 943/943/943 942/942/942
f 931/931/931 932/932/932 943/943/943
f 932/932/932 944/944/944 943/943/943
f 932/932/932 933/933/933 944/944/944
f 933/933/933 945/945/945 944/944/944
f 933/933/933 934/934/934 945/945/945
f 934/934/934 946/946/946 945/945/945
f 934/934/934 935/935/935 946/946/946
f 935/935/935 947/947/947 946/946/946
f 935/935/935 936/936/936 947/947/947
f 936/936/936 948/948/948 947/947/947
f 936/936/936 937/937/937 948/948/948
f 937/937/937 949/949/949 948/948/948
f 937/937/937 938/938/938 949/949/949
f 939/939/939 951/951/951 950/950/950
f 939/939/939 940/940/940 951/951/951
f 940/940/940 952/952/952 951/951/951
f 940/940/940 941/941/941 952/952/952
f 941/941/941 953/953/953 952/952/952
f 941/941/941 942/942/942 953/953/953
f 942/942/942 954/954/954 953/953/953
f 942/942/942 943/943/943 954/954/954
f 943/943/943 955/955/955 954/954/954
f 943/943/943 944/944/944 955/955/955
f 944/944/944 956/956/956 955/955/955
f 944/944/944 945/945/945 956/956/956
f 945/945/945 957/957/957 956/956/956
f 945/945/945 946/946/946 957/957/957
f 946/946/946 958/958/958 957/957/957
f 946/946/946 947/947/947 958/958/958
f 947/947/947 959/959/959 958/958/958
f 947/947/947 948/948/948 959/959/959
f 948/948/948 960/960/960 959/959/959
f 948/948/948 949/949/949 960/960/960
f 950/950/950 962/962/962 961/961/961
f 950/950/950 951/951/951 962/962/962
f 951/951/951 963/963/963 962/962/962
f 951/951/951 952/952/952 963/963/963
f 952/952/952 964/964/964 963/963/963
f 952/952/952 953/953/953 964/964/964
f 953/953/953 965/965/965 964/964/964
f 953/953/953 954/954/954 965/965/965
f 954/954/954 966/966/966 965/965/965
f 954/954/954 955/955/955 966/966/966
f 955/955/955 967/967/967 966/966/966
f 955/955/955 956/956/956 967/967/967
f 956/956/956 968/968/968 967/967/967
f 956/956/956 957/957/957 968/968/968
f 957/957/957 969/969/969 968/968/968
f 957/957/957 958/958/958 969/969/969
f 958/958/958 970/970/970 969/969/969
f 958/958/958 959/959/959 970/970/970
f 959/959/959 971/971/971 970/970/970
f 959/959/959 960/960/960 971/971/971
f 961/961/961 973/973/973 972/972/972
f 961/961/961 962/962/962 973/973/973
f 962/962/962 974/974/974 973/973/973
f 962/962/962 963/963/963 974/974/974
f 963/963/963 975/975/975 974/974/974
f 963/963/963 964/964/964 975/975/975
f 964/964/964 976/976/976 975/975/975
f 964/964/964 965/965/965 976/976/976
f 965/965/965 977/977/977 976/976/976
f 965/965/965 966/966/966 977/977/977
f 966/966/966 978/978/978 977/977/977
f 966/966/966 967/967/967 978/978/978
f 967/967/967 979/979/979 978/978/978
f 967/967/967 968/968/968 979/979/979
f 968/968/968 980/980/980 979/979/979
f 968/968/968 969/969/969 980/980/980
f 969/969/969 981/981/981 980/980/980
f 969/969/969 970/970/970 981/981/981
f 970/970/970 982/982/982 981/981/981
f 970/970/970 971/971/971 982/982/982
f 972/972/972 984/984/984 983/983/983
f 972/972/972 973/973/973 984/984/984
f 973/973/973 985/985/985 984/984/984
f 973/973/973 974/974/974 985/985/985
f 974/974/974 986/986/986 985/985/985
f 974/974/974 975/975/975 986/986/986
f 975/975/975 987/987/987 986/986/986
f 975/975/975 976/976/976 987/987/987
f 976/976/976 988/988/988 987/987/987
f 976/976/976 977/977/977 988/988/988
f 977/977/977 989/989/989 988/988/988
f 977/977/977 978/978/978 989/989/989
f 978/978/978 990/990/990 989/989/989
f 978/978/978 979/979/979 990/990/990
f 979/979/979 991/991/991 990/990/990
f 979/979/979 980/980/980 991/991/991
f 980/980/980 992/992/992 991/991/991
f 980/980/980 981/981/981 992/992/992
f 981/981/981 993/993/993 992/992/992
f 981/981/981 982/982/982 993/993/993
f 994/994/994 983/983/983 984/984/984
f 994/994/994 984/984/984 985/985/985
f 994/994/994 985/985/985 986/986/986
f 994/994/994 986/986/986 987/987/987
f 994/994/994 987/987/987 988/988/988
f 994/994/994 988/988/988 989/989/989
f 994/994/994 989/989/989 990/990/990
f 994/994/994 990/990/990 991/991/991
f 994/994/994 991/991/991 992/992/992
f 994/994/994 992/992/992 993/993/993
f 995/995/995 1003/1003/1003 999/999/999
f 995/995/995 999/999/999 1009/1009/1009
f 995/995/995 1009/1009/1009 1007/1007/1007
f 995/995/995 1011/1011/1011 997/997/997
f 995/995/995 997/997/997 1005/1005/1005
f 995/995/995 1005/1005/1005 1003/1003/1003
f 995/995/995 1007/1007/1007 996/996/996
f 995/995/995 996/996/996 1012/1012/1012
f 995/995/995 1012/1012/1012 1011/1011/1011
f 1003/1003/1003 1005/1005/1005 1001/1001/1001
f 1003/1003/1003 1001/1001/1001 1013/1013/1013
f 1003/1003/1003 1013/1013/1013 999/999/999
f 997/997/997 1008/1008/1008 998/998/998
f 997/997/997 998/998/998 1006/1006/1006
f 997/997/997 1006/1006/1006 1005/1005/1005
f 997/997/997 1011/1011/1011 1012/1012/1012
f 997/997/997 1012/1012/1012 998/998/998
f 997/997/997 998/998/998 1008/1008/1008
f 999/999/999 1013/1013/1013 1014/1014/1014
f 999/999/999 1014/1014/1014 1000/1000/1000
f 999/999/999 1000/1000/1000 1009/1009/1009
f 1001/1001/1001 1010/1010/1010 1002/1002/1002
f 1001/1001/1001 1002/1002/1002 1014/1014/1014
f 1001/1001/1001 1014/1014/1014 1013/1013/1013
f 1001/1001/1001 1005/1005/1005 1006/1006/1006
f 1001/1001/1001 1006/1006/1006 1002/1002/1002
f 1001/1001/1001 1002/1002/1002 1010/1010/1010
f 996/996/996 1004/1004/1004 1000/1000/1000
f 996/996/996 1000/1000/1000 1009/1009/1009
f 996/996/996 1009/1009/1009 1007/1007/1007
f 996/996/996 1012/1012/1012 998/998/998
f 996/996/996 998/998/998 1006/1006/1006
f 996/996/996 1006/1006/1006 1004/1004/1004
f 1000/1000/1000 1014/1014/1014 1002/1002/1002
f 1000/1000/1000 1002/1002/1002 1010/1010/1010
f 1000/1000/1000 1010/1010/1010 1004/1004/1004
f 1015/1015/1015 1023/1023/1023 1016/1016/1016
f 1015/1015/1015 1022/1022/1022 1023/1023/1023
f 1029/1029/1029 1015/1015/1015 1016/1016/1016
f 1030/1030/1030 1023/1023/1023 1022/1022/1022
f 1016/1016/1016 1024/1024/1024 1017/1017/1017
f 1016/1016/1016 1023/1023/1023 1024/1024/1024
f 1029/1029/1029 1016/1016/1016 1017/1017/1017
f 1030/1030/1030 1024/1024/1024 1023/1023/1023
f 1017/1017/1017 1025/1025/1025 1018/1018/1018
f 1017/1017/1017 1024/1024/1024 1025/1025/1025
f 1029/1029/1029 1017/1017/1017 1018/1018/1018
f 1030/1030/1030 1025/1025/1025 1024/1024/1024
f 1018/1018/1018 1026/1026/1026 1019/1019/1019
f 1018/1018/1018 1025/1025/1025 1026/1026/1026
f 1029/1029/1029 1018/1018/1018 1019/1019/1019
f 1030/1030/1030 1026/1026/1026 1025/1025/1025
f 1019/1019/1019 1027/1027/1027 1020/1020/1020
f 1019/1019/1019 1026/1026/1026 1027/1027/1027
f 1029/1029/1029 1019/1019/1019 1020/1020/1020
f 1030/1030/1030 1027/1027/1027 1026/1026/1026
f 1020/1020/1020 1028/1028/1028 1021/1021/1021
f 1020/1020/1020 1027/1027/1027 1028/1028/1028
f 1029/1029/1029 1020/1020/1020 1021/1021/1021
f 1030/1030/1030 1028/1028/1028 1027/1027/1027
f 1021/1021/1021 1022/1022/1022 1015/1015/1015
f 1021/1021/1021 1028/1028/1028 1022/1022/1022
f 1029/1029/1029 1021/1021/1021 1015/1015/1015
f 1030/1030/1030 1022/1022/1022 1028/1028/1028
f 1031/1031/1031 1043/1043/1043 1042/1042/1042
f 1031/1031/1031 1032/1032/1032 1043/1043/1043
f 1032/1032/1032 1044/1044/1044 1043/1043/1043
f 1032/1032/1032 1033/1033/1033 1044/1044/1044
f 1033/1033/1033 1045/1045/1045 1044/1044/1044
f 1033/1033/1033 1034/1034/1034 1045/1045/1045
f 1034/1034/1034 1046/1046/1046 1045/1045/1045
f 1034/1034/1034 1035/1035/1035 1046/1046/1046
f 1035/1035/1035 1047/1047/1047 1046/1046/1046
f 1035/1035/1035 1036/1036/1036 1047/1047/1047
f 1036/1036/1036 1048/1048/1048 1047/1047/1047
f 1036/1036/1036 1037/1037/1037 1048/1048/1048
f 1037/1037/1037 1049/1049/1049 1048/1048/1048
f 1037/1037/1037 1038/1038/1038 1049/1049/1049
f 1038/1038/1038 1050/1050/1050 1049/1049/1049
f 1038/1038/1038 1039/1039/1039 1050/1050/1050
f 1039/1039/1039 1051/1051/1051 1050/1050/1050
f 1039/1039/1039 1040/1040/1040 1051/1051/1051
f 1040/1040/1040 1052/1052/1052 1051/1051/1051
f 1040/1040/1040 1041/1041/1041 1052/1052/1052
f 1042/1042/1042 1054/1054/1054 1053/1053/1053
f 1042/1042/1042 1043/1043/1043 1054/1054/1054
f 1043/1043/1043 1055/1055/1055 1054/1054/1054
f 1043/1043/1043 1044/1044/1044 1055/1055/1055
f 1044/1044/1044 1056/1056/1056 1055/1055/1055
f 1044/1044/1044 1045/1045/1045 1056/1056/1056
f 1045/1045/1045 1057/1057/1057 1056/1056/1056
f 1045/1045/1045 1046/1046/1046 1057/1057/1057
f 1046/1046/1046 1058/1058/1058 1057/1057/1057
f 1046/1046/1046 1047/1047/1047 1058/1058/1058
f 1047/1047/1047 1059/1059/1059 1058/1058/1058
f 1047/1047/1047 1048/1048/1048 1059/1059/1059
f 1048/1048/1048 1060/1060/1060 1059/1059/1059
f 1048/1048/1048 1049/1049/1049 1060/1060/1060
f 1049/1049/1049 1061/1061/1061 1060/1060/1060
f 1049/1049/1049 1050/1050/1050 1061/1061/1061
f 1050/1050/1050 1062/1062/1062 1061/1061/1061
f 1050/1050/1050 1051/1051/1051 1062/1062/1062
f 1051/1051/1051 1063/1063/1063 1062/1062/1062
f 1051/1051/1051 1052/1052/1052 1063/1063/1063
f 1053/1053/1053 1065/1065/1065 1064/1064/1064
f 1053/1053/1053 1054/1054/1054 1065/1065/1065
f 1054/1054/1054 1066/1066/1066 1065/1065/1065
f 1054/1054/1054 1055/1055/1055 1066/1066/1066
f 1055/1055/1055 1067/1067/1067 1066/1066/1066
f 1055/1055/1055 1056/1056/1056 1067/1067/1067
f 1056/1056/1056 1068/1068/1068 1067/1067/1067
f 1056/1056/1056 1057/1057/1057 1068/1068/1068
f 1057/1057/1057 1069/1069/1069 1068/1068/1068
f 1057/1057/1057 1058/1058/1058 1069/1069/1069
f 1058/1058/1058 1070/1070/1070 1069/1069/1069
f 1058/1058/1058 1059/1059/1059 1070/1070/1070
f 1059/1059/1059 1071/1071/1071 1070/1070/1070
f 1059/1059/1059 1060/1060/1060 1071/1071/1071
f 1060/1060/1060 1072/1072/1072 1071/1071/1071
f 1060/1060/1060 1061/1061/1061 1072/1072/1072
f 1061/1061/1061 1073/1073/1073 1072/1072/1072
f 1061/1061/1061 1062/1062/1062 1073/1073/1073
f 1062/1062/1062 1074/1074/1074 1073/1073/1073
f 1062/1062/1062 1063/1063/1063 1074/1074/1074
f 1064/1064/1064 1076/1076/1076 1075/1075/1075
f 1064/1064/1064 1065/1065/1065 1076/1076/1076
f 1065/1065/1065 1077/1077/1077 1076/1076/1076
f 1065/1065/1065 1066/1066/1066 1077/1077/1077
f 1066/1066/1066 1078/1078/1078 1077/1077/1077
f 1066/1066/1066 1067/1067/1067 1078/1078/1078
f 1067/1067/1067 1079/1079/1079 1078/1078/1078
f 1067/1067/1067 1068/1068/1068 1079/1079/1079
f 1068/1068/1068 1080/1080/1080 1079/1079/1079
f 1068/1068/1068 1069/1069/1069 1080/1080/1080
f 1069/1069/1069 1081/1081/1081 1080/1080/1080
f 1069/1069/1069 1070/1070/1070 1081/1081/1081
f 1070/1070/1070 1082/1082/1082 1081/1081/1081
f 1070/1070/1070 1071/1071/1071 1082/1082/1082
f 1071/1071/1071 1083/1083/1083 1082/1082/1082
f 1071/1071/1071 1072/1072/1072 1083/1083/1083
f 1072/1072/1072 1084/1084/1084 1083/1083/1083
f 1072/1072/1072 1073/1073/1073 1084/1084/1084
f 1073/1073/1073 1085/1085/1085 1084/1084/1084
f 1073/1073/1073 1074/1074/1074 1085/1085/1085
f 1075/1075/1075 1087/1087/1087 1086/1086/1086
f 1075/1075/1075 1076/1076/1076 1087/1087/1087
f 1076/1076/1076 1088/1088/1088 1087/1087/1087
f 1076/1076/1076 1077/1077/1077 1088/1088/1088
f 1077/1077/1077 1089/1089/1089 1088/1088/1088
f 1077/1077/1077 1078/1078/1078 1089/1089/1089
f 1078/1078/1078 1090/1090/1090 1089/1089/1089
f 1078/1078/1078 1079/1079/1079 1090/1090/1090
f 1079/1079/1079 1091/1091/1091 1090/1090/1090
f 1079/1079/1079 1080/1080/1080 1091/1091/1091
f 1080/1080/1080 1092/1092/1092 1091/1091/1091
f 1080/1080/1080 1081/1081/1081 1092/1092/1092
f 1081/1081/1081 1093/1093/1093 1092/1092/1092
f 1081/1081/1081 1082/1082/1082 1093/1093/1093
f 1082/1082/1082 1094/1094/1094 1093/1093/1093
f 1082/1082/1082 1083/1083/1083 1094/1094/1094
f 1083/1083/1083 1095/1095/1095 1094/1094/1094
f 1083/1083/1083 1084/1084/1084 1095/1095/1095
f 1084/1084/1084 1096/1096/1096 1095/1095/1095
f 1084/1084/1084 1085/1085/1085 1096/1096/1096
f 1086/1086/1086 1098/1098/1098 1097/1097/1097
f 1086/1086/1086 1087/1087/1087 1098/1098/1098
f 1087/1087/1087 1099/1099/1099 1098/1098/1098
f 1087/1087/1087 1088/1088/1088 1099/1099/1099
f 1088/1088/1088 1100/1100/1100 1099/1099/1099
f 1088/1088/1088 1089/1089/1089 1100/1100/1100
f 1089/1089/1089 1101/1101/1101 1100/1100/1100
f 1089/1089/1089 1090/1090/1090 1101/1101/1101
f 1090/1090/1090 1102/1102/1102 1101/1101/1101
f 1090/1090/1090 1091/1091/1091 1102/1102/1102
f 1091/1091/1091 1103/1103/1103 1102/1102/1102
f 1091/1091/1091 1092/1092/1092 1103/1103/1103
f 1092/1092/1092 1104/1104/1104 1103/1103/1103
f 1092/1092/1092 1093/1093/1093 1104/1104/1104
f 1093/1093/1093 1105/1105/1105 1104/1104/1104
f 1093/1093/1093 1094/1094/1094 1105/1105/1105
f 1094/1094/1094 1106/1106/1106 1105/1105/1105
f 1094/1094/1094 1095/1095/1095 1106/1106/1106
f 1095/1095/1095 1107/1107/1107 1106/1106/1106
f 1095/1095/1095 1096/1096/1096 1107/1107/1107
f 1097/1097/1097 1109/1109/1109 1108/1108/1108
f 1097/1097/1097 1098/1098/1098 1109/1109/1109
f 1098/1098/1098 1110/1110/1110 1109/1109/1109
f 1098/1098/1098 1099/1099/1099 1110/1110/1110
f 1099/1099/1099 1111/1111/1111 1110/1110/1110
f 1099/1099/1099 1100/1100/1100 1111/1111/1111
f 1100/1100/1100 1112/1112/1112 1111/1111/1111
f 1100/1100/1100 1101/1101/1101 1112/1112/1112
f 1101/1101/1101 1113/1113/1113 1112/1112/1112
f 1101/1101/1101 1102/1102/1102 1113/1113/1113
f 1102/1102/1102 1114/1114/1114 1113/1113/1113
f 1102/1102/1102 1103/1103/1103 1114/1114/1114
f 1103/1103/1103 1115/1115/1115 1114/1114/1114
f 1103/1103/1103 1104/1104/1104 1115/1115/1115
f 1104/1104/1104 1116/1116/1116 1115/1115/1115
f 1104/1104/1104 1105/1105/1105 1116/1116/1116
f 1105/1105/1105 1117/1117/1117 1116/1116/1116
f 1105/1105/1105 1106/1106/1106 1117/1117/1117
f 1106/1106/1106 1118/1118/1118 1117/1117/1117
f 1106/1106/1106 1107/1107/1107 1118/1118/1118
f 1108/1108/1108 1120/1120/1120 1119/1119/1119
f 1108/1108/1108 1109/1109/1109 1120/1120/1120
f 1109/1109/1109 1121/1121/1121 1120/1120/1120
f 1109/1109/1109 1110/1110/1110 1121/1121/1121
f 1110/1110/1110 1122/1122/1122 1121/1121/1121
f 1110/1110/1110 1111/1111/1111 1122/1122/1122
f 1111/1111/1111 1123/1123/1123 1122/1122/1122
f 1111/1111/1111 1112/1112/1112 1123/1123/1123
f 1112/1112/1112 1124/1124/1124 1123/1123/1123
f 1112/1112/1112 1113/1113/1113 1124/1124/1124
f 1113/1113/1113 1125/1125/1125 1124/1124/1124
f 1113/1113/1113 1114/1114/1114 1125/1125/1125
f 1114/1114/1114 1126/1126/1126 1125/1125/1125
f 1114/1114/1114 1115/1115/1115 1126/1126/1126
f 1115/1115/1115 1127/1127/1127 1126/1126/1126
f 1115/1115/1115 1116/1116/1116 1127/1127/1127
f 1116/1116/1116 1128/1128/1128 1127/1127/1127
f 1116/1116/1116 1117/1117/1117 1128/1128/1128
f 1117/1117/1117 1129/1129/1129 1128/1128/1128
f 1117/1117/1117 1118/1118/1118 1129/1129/1129
f 1130/1130/1130 1119/1119/1119 1120/1120/1120
f 1130/1130/1130 1120/1120/1120 1121/1121/1121
f 1130/1130/1130 1121/1121/1121 1122/1122/1122
f 1130/1130/1130 1122/1122/1122 1123/1123/1123
f 1130/1130/1130 1123/1123/1123 1124/1124/1124
f 1130/1130/1130 1124/1124/1124 1125/1125/1125
f 1130/1130/1130 1125/1125/1125 1126/1126/1126
f 1130/1130/1130 1126/1126/1126 1127/1127/1127
f 1130/1130/1130 1127/1127/1127 1128/1128/1128
f 1130/1130/1130 1128/1128/1128 1129/1129/1129
f 1131/1131/1131 1139/1139/1139 1135/1135/1135
f 1131/1131/1131 1135/1135/1135 1145/1145/1145
f 1131/1131/1131 1145/1145/1145 1143/1143/1143
f 1131/1131/1131 1147/1147/1147 1133/1133/1133
f 1131/1131/1131 1133/1133/1133 1141/1141/1141
f 1131/1131/1131 1141/1141/1141 1139/1139/1139
f 1131/1131/1131 1143/1143/1143 1132/1132/1132
f 1131/1131/1131 1132/1132/1132 1148/1148/1148
f 1131/1131/1131 1148/1148/1148 1147/1147/1147
f 1139/1139/1139 1141/1141/1141 1137/1137/1137
f 1139/1139/1139 1137/1137/1137 1149/1149/1149
f 1139/1139/1139 1149/1149/1149 1135/1135/1135
f 1133/1133/1133 1144/1144/1144 1134/1134/1134
f 1133/1133/1133 1134/1134/1134 1142/1142/1142
f 1133/1133/1133 1142/1142/1142 1141/1141/1141
f 1133/1133/1133 1147/1147/1147 1148/1148/1148
f 1133/1133/1133 1148/1148/1148 1134/1134/1134
f 1133/1133/1133 1134/1134/1134 1144/1144/1144
f 1135/1135/1135 1149/1149/1149 1150/1150/1150
f 1135/1135/1135 1150/1150/1150 1136/1136/1136
f 1135/1135/1135 1136/1136/1136 1145/1145/1145
f 1137/1137/1137 1146/1146/1146 1138/1138/1138
f 1137/1137/1137 1138/1138/1138 1150/1150/1150
f 1137/1137/1137 1150/1150/1150 1149/1149/1149
f 1137/1137/1137 1141/1141/1141 1142/1142/1142
f 1137/1137/1137 1142/1142/1142 1138/1138/1138
f 1137/1137/1137 1138/1138/1138 1146/1146/1146
f 1132/1132/1132 1140/1140/1140 1136/1136/1136
f 1132/1132/1132 1136/1136/1136 1145/1145/1145
f 1132/1132/1132 1145/1145/1145 1143/1143/1143
f 1132/1132/1132 1148/1148/1148 1134/1134/1134
f 1132/1132/1132 1134/1134/1134 1142/1142/1142
f 1132/1132/1132 1142/1142/1142 1140/1140/1140
f 1136/1136/1136 1150/1150/1150 1138/1138/1138
f 1136/1136/1136 1138/1138/1138 1146/1146/1146
f 1136/1136/1136 1146/1146/1146 1140/1140/1140
f 1151/1151/1151 1159/1159/1159 1152/1152/1152
f 1151/1151/1151 1158/1158/1158 1159/1159/1159
f 1165/1165/1165 1151/1151/1151 1152/1152/1152
f 1166/1166/1166 1159/1159/1159 1158/1158/1158
f 1152/1152/1152 1160/1160/1160 1153/1153/1153
f 1152/1152/1152 1159/1159/1159 1160/1160/1160
f 1165/1165/1165 1152/1152/1152 1153/1153/1153
f 1166/1166/1166 1160/1160/1160 1159/1159/1159
f 1153/1153/1153 1161/1161/1161 1154/1154/1154
f 1153/1153/1153 1160/1160/1160 1161/1161/1161
f 1165/1165/1165 1153/1153/1153 1154/1154/1154
f 1166/1166/1166 1161/1161/1161 1160/1160/1160
f 1154/1154/1154 1162/1162/1162 1155/1155/1155
f 1154/1154/1154 1161/1161/1161 1162/1162/1162
f 1165/1165/1165 1154/1154/1154 1155/1155/1155
f 1166/1166/1166 1162/1162/1162 1161/1161/1161
f 1155/1155/1155 1163/1163/1163 1156/1156/1156
f 1155/1155/1155 1162/1162/1162 1163/1163/1163
f 1165/1165/1165 1155/1155/1155 1156/1156/1156
f 1166/1166/1166 1163/1163/1163 1162/1162/1162
f 1156/1156/1156 1164/1164/1164 1157/1157/1157
f 1156/1156/1156 1163/1163/1163 1164/1164/1164
f 1165/1165/1165 1156/1156/1156 1157/1157/1157
f 1166/1166/1166 1164/1164/1164 1163/1163/1163
f 1157/1157/1157 1158/1158/1158 1151/1151/1151
f 1157/1157/1157 1164/1164/1164 1158/1158/1158
f 1165/1165/1165 1157/1157/1157 1151/1151/1151
f 1166/1166/1166 1158/1158/1158 1164/1164/1164
f 1167/1167/1167 1179/1179/1179 1178/1178/1178
f 1167/1167/1167 1168/1168/1168 1179/1179/1179
f 1168/1168/1168 1180/1180/1180 1179/1179/1179
f 1168/1168/1168 1169/1169/1169 1180/1180/1180
f 1169/1169/1169 1181/1181/1181 1180/1180/1180
f 1169/1169/1169 1170/1170/1170 1181/1181/1181
f 1170/1170/1170 1182/1182/1182 1181/1181/1181
f 1170/1170/1170 1171/1171/1171 1182/1182/1182
f 1171/1171/1171 1183/1183/1183 1182/1182/1182
f 1171/1171/1171 1172/1172/1172 1183/1183/1183
f 1172/1172/1172 1184/1184/1184 1183/1183/1183
f 1172/1172/1172 1173/1173/1173 1184/1184/1184
f 1173/1173/1173 1185/1185/1185 1184/1184/1184
f 1173/1173/1173 1174/1174/1174 1185/1185/1185
f 1174/1174/1174 1186/1186/1186 1185/1185/1185
f 1174/1174/1174 1175/1175/1175 1186/1186/1186
f 1175/1175/1175 1187/1187/1187 1186/1186/1186
f 1175/1175/1175 1176/1176/1176 1187/1187/1187
f 1176/1176/1176 1188/1188/1188 1187/1187/1187
f 1176/1176/1176 1177/1177/1177 1188/1188/1188
f 1178/1178/1178 1190/1190/1190 1189/1189/1189
f 1178/1178/1178 1179/1179/1179 1190/1190/1190
f 1179/1179/1179 1191/1191/1191 1190/1190/1190
f 1179/1179/1179 1180/1180/1180 1191/1191/1191
f 1180/1180/1180 1192/1192/1192 1191/1191/1191
f 1180/1180/1180 1181/1181/1181 1192/1192/1192
f 1181/1181/1181 1193/1193/1193 1192/1192/1192
f 1181/1181/1181 1182/1182/1182 1193/1193/1193
f 1182/1182/1182 1194/1194/1194 1193/1193/1193
f 1182/1182/1182 1183/1183/1183 1194/1194/1194
f 1183/1183/1183 1195/1195/1195 1194/1194/1194
f 1183/1183/1183 1184/1184/1184 1195/1195/1195
f 1184/1184/1184 1196/1196/1196 1195/1195/1195
f 1184/1184/1184 1185/1185/1185 1196/1196/1196
f 1185/1185/1185 1197/1197/1197 1196/1196/1196
f 1185/1185/1185 1186/1186/1186 1197/1197/1197
f 1186/1186/1186 1198/1198/1198 1197/1197/1197
f 1186/1186/1186 1187/1187/1187 1198/1198/1198
f 1187/1187/1187 1199/1199/1199 1198/1198/1198
f 1187/1187/1187 1188/1188/1188 1199/1199/1199
f 1189/1189/1189 1201/1201/1201 1200/1200/1200
f 1189/1189/1189 1190/1190/1190 1201/1201/1201
f 1190/1190/1190 1202/1202/1202 1201/1201/1201
f 1190/1190/1190 1191/1191/1191 1202/1202/1202
f 1191/1191/1191 1203/1203/1203 1202/1202/1202
f 1191/1191/1191 1192/1192/1192 1203/1203/1203
f 1192/1192/1192 1204/1204/1204 1203/1203/1203
f 1192/1192/1192 1193/1193/1193 1204/1204/1204
f 1193/1193/1193 1205/1205/1205 1204/1204/1204
f 1193/1193/1193 1194/1194/1194 1205/1205/1205
f 1194/1194/1194 1206/1206/1206 1205/1205/1205
f 1194/1194/1194 1195/1195/1195 1206/1206/1206
f 1195/1195/1195 1207/1207/1207 1206/1206/1206
f 1195/1195/1195 1196/1196/1196 1207/1207/1207
f 1196/1196/1196 1208/1208/1208 1207/1207/1207
f 1196/1196/1196 1197/1197/1197 1208/1208/1208
f 1197/1197/1197 1209/1209/1209 1208/1208/1208
f 1197/1197/1197 1198/1198/1198 1209/1209/1209
f 1198/1198/1198 1210/1210/1210 1209/1209/1209
f 1198/1198/1198 1199/1199/1199 1210/1210/1210
f 1200/1200/1200 1212/1212/1212 1211/1211/1211
f 1200/1200/1200 1201/1201/1201 1212/1212/1212
f 1201/1201/1201 1213/1213/1213 1212/1212/1212
f 1201/1201/1201 1202/1202/1202 1213/1213/1213
f 1202/1202/1202 1214/1214/1214 1213/1213/1213
f 1202/1202/1202 1203/1203/1203 1214/1214/1214
f 1203/1203/1203 1215/1215/1215 1214/1214/1214
f 1203/1203/1203 1204/1204/1204 1215/1215/1215
f 1204/1204/1204 1216/1216/1216 1215/1215/1215
f 1204/1204/1204 1205/1205/1205 1216/1216/1216
f 1205/1205/1205 1217/1217/1217 1216/1216/1216
f 1205/1205/1205 1206/1206/1206 1217/1217/1217
f 1206/1206/1206 1218/1218/1218 1217/1217/1217
f 1206/1206/1206 1207/1207/1207 1218/1218/1218
f 1207/1207/1207 1219/1219/1219 1218/1218/1218
f 1207/1207/1207 1208/1208/1208 1219/1219/1219
f 1208/1208/1208 1220/1220/1220 1219/1219/1219
f 1208/1208/1208 1209/1209/1209 1220/1220/1220
f 1209/1209/1209 1221/1221/1221 1220/1220/1220
f 1209/1209/1209 1210/1210/1210 1221/1221/1221
f 1211/1211/1211 1223/1223/1223 1222/1222/1222
f 1211/1211/1211 1212/1212/1212 1223/1223/1223
f 1212/1212/1212 1224/1224/1224 1223/1223/1223
f 1212/1212/1212 1213/1213/1213 1224/1224/1224
f 1213/1213/1213 1225/1225/1225 1224/1224/1224
f 1213/1213/1213 1214/1214/1214 1225/1225/1225
f 1214/1214/1214 1226/1226/1226 1225/1225/1225
f 1214/1214/1214 1215/1215/1215 1226/1226/1226
f 1215/1215/1215 1227/1227/1227 1226/1226/1226
f 1215/1215/1215 1216/1216/1216 1227/1227/1227
f 1216/1216/1216 1228/1228/1228 1227/1227/1227
f 1216/1216/1216 1217/1217/1217 1228/1228/1228
f 1217/1217/1217 1229/1229/1229 1228/1228/1228
f 1217/1217/1217 1218/1218/1218 1229/1229/1229
f 1218/1218/1218 1230/1230/1230 1229/1229/1229
f 1218/1218/1218 1219/1219/1219 1230/1230/1230
f 1219/1219/1219 1231/1231/1231 1230/1230/1230
f 1219/1219/1219 1220/1220/1220 1231/1231/1231
f 1220/1220/1220 1232/1232/1232 1231/1231/1231
f 1220/1220/1220 1221/1221/1221 1232/1232/1232
f 1222/1222/1222 1234/1234/1234 1233/1233/1233
f 1222/1222/1222 1223/1223/1223 1234/1234/1234
f 1223/1223/1223 1235/1235/1235 1234/1234/1234
f 1223/1223/1223 1224/1224/1224 1235/1235/1235
f 1224/1224/1224 1236/1236/1236 1235/1235/1235
f 1224/1224/1224 1225/1225/1225 1236/1236/1236
f 1225/1225/1225 1237/1237/1237 1236/1236/1236
f 1225/1225/1225 1226/1226/1226 1237/1237/1237
f 1226/1226/1226 1238/1238/1238 1237/1237/1237
f 1226/1226/1226 1227/1227/1227 1238/1238/1238
f 1227/1227/1227 1239/1239/1239 1238/1238/1238
f 1227/1227/1227 1228/1228/1228 1239/1239/1239
f 1228/1228/1228 1240/1240/1240 1239/1239/1239
f 1228/1228/1228 1229/1229/1229 1240/1240/1240
f 1229/1229/1229 1241/1241/1241 1240/1240/1240
f 1229/1229/1229 1230/1230/1230 1241/1241/1241
f 1230/1230/1230 1242/1242/1242 1241/1241/1241
f 1230/1230/1230 1231/1231/1231 1242/1242/1242
f 1231/1231/1231 1243/1243/1243 1242/1242/1242
f 1231/1231/1231 1232/1232/1232 1243/1243/1243
f 1233/1233/1233 1245/1245/1245 1244/1244/1244
f 1233/1233/1233 1234/1234/1234 1245/1245/1245
f 1234/1234/1234 1246/1246/1246 1245/1245/1245
f 1234/1234/1234 1235/1235/1235 1246/1246/1246
f 1235/1235/1235 1247/1247/1247 1246/1246/1246
f 1235/1235/1235 1236/1236/1236 1247/1247/1247
f 1236/1236/1236 1248/1248/1248 1247/1247/1247
f 1236/1236/1236 1237/1237/1237 1248/1248/1248
f 1237/1237/1237 1249/1249/1249 1248/1248/1248
f 1237/1237/1237 1238/1238/1238 1249/1249/1249
f 1238/1238/1238 1250/1250/1250 1249/1249/1249
f 1238/1238/1238 1239/1239/1239 1250/1250/1250
f 1239/1239/1239 1251/1251/1251 1250/1250/1250
f 1239/1239/1239 1240/1240/1240 1251/1251/1251
f 1240/1240/1240 1252/1252/1252 1251/1251/1251
f 1240/1240/1240 1241/1241/1241 1252/1252/1252
f 1241/1241/1241 1253/1253/1253 1252/1252/1252
f 1241/1241/1241 1242/1242/1242 1253/1253/1253
f 1242/1242/1242 1254/1254/1254 1253/1253/1253
f 1242/1242/1242 1243/1243/1243 1254/1254/1254
f 1244/1244/1244 1256/1256/1256 1255/1255/1255
f 1244/1244/1244 1245/1245/1245 1256/1256/1256
f 1245/1245/1245 1257/1257/1257 1256/1256/1256
f 1245/1245/1245 1246/1246/1246 1257/1257/1257
f 1246/1246/1246 1258/1258/1258 1257/1257/1257
f 1246/1246/1246 1247/1247/1247 1258/1258/1258
f 1247/1247/1247 1259/1259/1259 1258/1258/1258
f 1247/1247/1247 1248/1248/1248 1259/1259/1259
f 1248/1248/1248 1260/1260/1260 1259/1259/1259
f 1248/1248/1248 1249/1249/1249 1260/1260/1260
f 1249/1249/1249 1261/1261/1261 1260/1260/1260
f 1249/1249/1249 1250/1250/1250 1261/1261/1261
f 1250/1250/1250 1262/1262/1262 1261/1261/1261
f 1250/1250/1250 1251/1251/1251 1262/1262/1262
f 1251/1251/1251 1263/1263/1263 1262/1262/1262
f 1251/1251/1251 1252/1252/1252 1263/1263/1263
f 1252/1252/1252 1264/1264/1264 1263/1263/1263
f 1252/1252/1252 1253/1253/1253 1264/1264/1264
f 1253/1253/1253 1265/1265/1265 1264/1264/1264
f 1253/1253/1253 1254/1254/1254 1265/1265/1265
f 1266/1266/1266 1255/1255/1255 1256/1256/1256
f 1266/1266/1266 1256/1256/1256 1257/1257/1257
f 1266/1266/1266 1257/1257/1257 1258/1258/1258
f 1266/1266/1266 1258/1258/1258 1259/1259/1259
f 1266/1266/1266 1259/1259/1259 1260/1260/1260
f 1266/1266/1266 1260/1260/1260 1261/1261/1261
f 1266/1266/1266 1261/1261/1261 1262/1262/1262
f 1266/1266/1266 1262/1262/1262 1263/1263/1263
f 1266/1266/1266 1263/1263/1263 1264/1264/1264
f 1266/1266/1266 1264/1264/1264 1265/1265/1265
f 1267/1267/1267 1275/1275/1275 1271/1271/1271
f 1267/1267/1267 1271/1271/1271 1281/1281/1281
f 1267/1267/1267 1281/1281/1281 1279/1279/1279
f 1267/1267/1267 1283/1283/1283 1269/1269/1269
f 1267/1267/1267 1269/1269/1269 1277/1277/1277
f 1267/1267/1267 1277/1277/1277 1275/1275/1275
f 1267/1267/1267 1279/1279/1279 1268/1268/1268
f 1267/1267/1267 1268/1268/1268 1284/1284/1284
f 1267/1267/1267 1284/1284/1284 1283/1283/1283
f 1275/1275/1275 1277/1277/1277 1273/1273/1273
f 1275/1275/1275 1273/1273/1273 1285/1285/1285
f 1275/1275/1275 1285/1285/1285 1271/1271/1271
f 1269/1269/1269 1280/1280/1280 1270/1270/1270
f 1269/1269/1269 1270/1270/1270 1278/1278/1278
f 1269/1269/1269 1278/1278/1278 1277/1277/1277
f 1269/1269/1269 1283/1283/1283 1284/1284/1284
f 1269/1269/1269 1284/1284/1284 1270/1270/1270
f 1269/1269/1269 1270/1270/1270 1280/1280/1280
f 1271/1271/1271 1285/1285/1285 1286/1286/1286
f 1271/1271/1271 1286/1286/1286 1272/1272/1272
f 1271/1271/1271 1272/1272/1272 1281/1281/1281
f 1273/1273/1273 1282/1282/1282 1274/1274/1274
f 1273/1273/1273 1274/1274/1274 1286/1286/1286
f 1273/1273/1273 1286/1286/1286 1285/1285/1285
f 1273/1273/1273 1277/1277/1277 1278/1278/1278
f 1273/1273/1273 1278/1278/1278 1274/1274/1274
f 1273/1273/1273 1274/1274/1274 1282/1282/1282
f 1268/1268/1268 1276/1276/1276 1272/1272/1272
f 1268/1268/1268 1272/1272/1272 1281/1281/1281
f 1268/1268/1268 1281/1281/1281 1279/1279/1279
f 1268/1268/1268 1284/1284/1284 1270/1270/1270
f 1268/1268/1268 1270/1270/1270 1278/1278/1278
f 1268/1268/1268 1278/1278/1278 1276/1276/1276
f 1272/1272/1272 1286/1286/1286 1274/1274/1274
f 1272/1272/1272 1274/1274/1274 1282/1282/1282
f 1272/1272/1272 1282/1282/1282 1276/1276/1276
f 1287/1287/1287 1295/1295/1295 1288/1288/1288
f 1287/1287/1287 1294/1294/1294 1295/1295/1295
f 1301/1301/1301 1287/1287/1287 1288/1288/1288
f 1302/1302/1302 1295/1295/1295 1294/1294/1294
f 1288/1288/1288 1296/1296/1296 1289/1289/1289
f 1288/1288/1288 1295/1295/1295 1296/1296/1296
f 1301/1301/1301 1288/1288/1288 1289/1289/1289
f 1302/1302/1302 1296/1296/1296 1295/1295/1295
f 1289/1289/1289 1297/1297/1297 1290/1290/1290
f 1289/1289/1289 1296/1296/1296 1297/1297/1297
f 1301/1301/1301 1289/1289/1289 1290/1290/1290
f 1302/1302/1302 1297/1297/1297 1296/1296/1296
f 1290/1290/1290 1298/1298/1298 1291/1291/1291
f 1290/1290/1290 1297/1297/1297 1298/1298/1298
f 1301/1301/1301 1290/1290/1290 1291/1291/1291
f 1302/1302/1302 1298/1298/1298 1297/1297/1297
f 1291/1291/1291 1299/1299/1299 1292/1292/1292
f 1291/1291/1291 1298/1298/1298 1299/1299/1299
f 1301/1301/1301 1291/1291/1291 1292/1292/1292
f 1302/1302/1302 1299/1299/1299 1298/1298/1298
f 1292/1292/1292 1300/1300/1300 1293/1293/1293
f 1292/1292/1292 1299/1299/1299 1300/1300/1300
f 1301/1301/1301 1292/1292/1292 1293/1293/1293
f 1302/1302/1302 1300/1300/1300 1299/1299/1299
f 1293/1293/1293 1294/1294/1294 1287/1287/1287
f 1293/1293/1293 1300/1300/1300 1294/1294/1294
f 1301/1301/1301 1293/1293/1293 1287/1287/1287
f 1302/1302/1302 1294/1294/1294 1300/1300/1300
f 1303/1303/1303 1315/1315/1315 1314/1314/1314
f 1303/1303/1303 1304/1304/1304 1315/1315/1315
f 1304/1304/1304 1316/1316/1316 1315/1315/1315
f 1304/1304/1304 1305/1305/1305 1316/1316/1316
f 1305/1305/1305 1317/1317/1317 1316/1316/1316
f 1305/1305/1305 1306/1306/1306 1317/1317/1317
f 1306/1306/1306 1318/1318/1318 1317/1317/1317
f 1306/1306/1306 1307/1307/1307 1318/1318/1318
f 1307/1307/1307 1319/1319/1319 1318/1318/1318
f 1307/1307/1307 1308/1308/1308 1319/1319/1319
f 1308/1308/1308 1320/1320/1320 1319/1319/1319
f 1308/1308/1308 1309/1309/1309 1320/1320/1320
f 1309/1309/1309 1321/1321/1321 1320/1320/1320
f 1309/1309/1309 1310/1310/1310 1321/1321/1321
f 1310/1310/1310 1322/1322/1322 1321/1321/1321
f 1310/1310/1310 1311/1311/1311 1322/1322/1322
f 1311/1311/1311 1323/1323/1323 1322/1322/1322
f 1311/1311/1311 1312/1312/1312 1323/1323/1323
f 1312/1312/1312 1324/1324/1324 1323/1323/1323
f 1312/1312/1312 1313/1313/1313 1324/1324/1324
f 1314/1314/1314 1326/1326/1326 1325/1325/1325
f 1314/1314/1314 1315/1315/1315 1326/1326/1326
f 1315/1315/1315 1327/1327/1327 1326/1326/1326
f 1315/1315/1315 1316/1316/1316 1327/1327/1327
f 1316/1316/1316 1328/1328/1328 1327/1327/1327
f 1316/1316/1316 1317/1317/1317 1328/1328/1328
f 1317/1317/1317 1329/1329/1329 1328/1328/1328
f 1317/1317/1317 1318/1318/1318 1329/1329/1329
f 1318/1318/1318 1330/1330/1330 1329/1329/1329
f 1318/1318/1318 1319/1319/1319 1330/1330/1330
f 1319/1319/1319 1331/1331/1331 1330/1330/1330
f 1319/1319/1319 1320/1320/1320 1331/1331/1331
f 1320/1320/1320 1332/1332/1332 1331/1331/1331
f 1320/1320/1320 1321/1321/1321 1332/1332/1332
f 1321/1321/1321 1333/1333/1333 1332/1332/1332
f 1321/1321/1321 1322/1322/1322 1333/1333/1333
f 1322/1322/1322 1334/1334/1334 1333/1333/1333
f 1322/1322/1322 1323/1323/1323 1334/1334/1334
f 1323/1323/1323 1335/1335/1335 1334/1334/1334
f 1323/1323/1323 1324/1324/1324 1335/1335/1335
f 1325/1325/1325 1337/1337/1337 1336/1336/1336
f 1325/1325/1325 1326/1326/1326 1337/1337/1337
f 1326/1326/1326 1338/1338/1338 1337/1337/1337
f 1326/1326/1326 1327/1327/1327 1338/1338/1338
f 1327/1327/1327 1339/1339/1339 1338/1338/1338
f 1327/1327/1327 1328/1328/1328 1339/1339/1339
f 1328/1328/1328 1340/1340/1340 1339/1339/1339
f 1328/1328/1328 1329/1329/1329 1340/1340/1340
f 1329/1329/1329 1341/1341/1341 1340/1340/1340
f 1329/1329/1329 1330/1330/1330 1341/1341/1341
f 1330/1330/1330 1342/1342/1342 1341/1341/1341
f 1330/1330/1330 1331/1331/1331 1342/1342/1342
f 1331/1331/1331 1343/1343/1343 1342/1342/1342
f 1331/1331/1331 1332/1332/1332 1343/1343/1343
f 1332/1332/1332 1344/1344/1344 1343/1343/1343
f 1332/1332/1332 1333/1333/1333 1344/1344/1344
f 1333/1333/1333 1345/1345/1345 1344/1344/1344
f 1333/1333/1333 1334/1334/1334 1345/1345/1345
f 1334/1334/1334 1346/1346/1346 1345/1345/1345
f 1334/1334/1334 1335/1335/1335 1346/1346/1346
f 1336/1336/1336 1348/1348/1348 1347/1347/1347
f 1336/1336/1336 1337/1337/1337 1348/1348/1348
f 1337/1337/1337 1349/1349/1349 1348/1348/1348
f 1337/1337/1337 1338/1338/1338 1349/1349/1349
f 1338/1338/1338 1350/1350/1350 1349/1349/1349
f 1338/1338/1338 1339/1339/1339 1350/1350/1350
f 1339/1339/1339 1351/1351/1351 1350/1350/1350
f 1339/1339/1339 1340/1340/1340 1351/1351/1351
f 1340/1340/1340 1352/1352/1352 1351/1351/1351
f 1340/1340/1340 1341/1341/1341 1352/1352/1352
f 1341/1341/1341 1353/1353/1353 1352/1352/1352
f 1341/1341/1341 1342/1342/1342 1353/1353/1353
f 1342/1342/1342 1354/1354/1354 1353/1353/1353
f 1342/1342/1342 1343/1343/1343 1354/1354/1354
f 1343/1343/1343 1355/1355/1355 1354/1354/1354
f 1343/1343/1343 1344/1344/1344 1355/1355/1355
f 1344/1344/1344 1356/1356/1356 1355/1355/1355
f 1344/1344/1344 1345/1345/1345 1356/1356/1356
f 1345/1345/1345 1357/1357/1357 1356/1356/1356
f 1345/1345/1345 1346/1346/1346 1357/1357/1357
f 1347/1347/1347 1359/1359/1359 1358/1358/1358
f 1347/1347/1347 1348/1348/1348 1359/1359/1359
f 1348/1348/1348 1360/1360/1360 1359/1359/1359
f 1348/1348/1348 1349/1349/1349 1360/1360/1360
f 1349/1349/1349 1361/1361/1361 1360/1360/1360
f 1349/1349/1349 1350/1350/1350 1361/1361/1361
f 1350/1350/1350 1362/1362/1362 1361/1361/1361
f 1350/1350/1350 1351/1351/1351 1362/1362/1362
f 1351/1351/1351 1363/1363/1363 1362/1362/1362
f 1351/1351/1351 1352/1352/1352 1363/1363/1363
f 1352/1352/1352 1364/1364/1364 1363/1363/1363
f 1352/1352/1352 1353/1353/1353 1364/1364/1364
f 1353/1353/1353 1365/1365/1365 1364/1364/1364
f 1353/1353/1353 1354/1354/1354 1365/1365/1365
f 1354/1354/1354 1366/1366/1366 1365/1365/1365
f 1354/1354/1354 1355/1355/1355 1366/1366/1366
f 1355/1355/1355 1367/1367/1367 1366/1366/1366
f 1355/1355/1355 1356/1356/1356 1367/1367/1367
f 1356/1356/1356 1368/1368/1368 1367/1367/1367
f 1356/1356/1356 1357/1357/1357 1368/1368/1368
f 1358/1358/1358 1370/1370/1370 1369/1369/1369
f 1358/1358/1358 1359/1359/1359 1370/1370/1370
f 1359/1359/1359 1371/1371/1371 1370/1370/1370
f 1359/1359/1359 1360/1360/1360 1371/1371/1371
f 1360/1360/1360 1372/1372/1372 1371/1371/1371
f 1360/1360/1360 1361/1361/1361 1372/1372/1372
f 1361/1361/1361 1373/1373/1373 1372/1372/1372
f 1361/1361/1361 1362/1362/1362 1373/1373/1373
f 1362/1362/1362 1374/1374/1374 1373/1373/1373
f 1362/1362/1362 1363/1363/1363 1374/1374/1374
f 1363/1363/1363 1375/1375/1375 1374/1374/1374
f 1363/1363/1363 1364/1364/1364 1375/1375/1375
f 1364/1364/1364 1376/1376/1376 1375/1375/1375
f 1364/1364/1364 1365/1365/1365 1376/1376/1376
f 1365/1365/1365 1377/1377/1377 1376/1376/1376
f 1365/1365/1365 1366/1366/1366 1377/1377/1377
f 1366/1366/1366 1378/1378/1378 1377/1377/1377
f 1366/1366/1366 1367/1367/1367 1378/1378/1378
f 1367/1367/1367 1379/1379/1379 1378/1378/1378
f 1367/1367/1367 1368/1368/1368 1379/1379/1379
f 1369/1369/1369 1381/1381/1381 1380/1380/1380
f 1369/1369/1369 1370/1370/1370 1381/1381/1381
f 1370/1370/1370 1382/1382/1382 1381/1381/1381
f 1370/1370/1370 1371/1371/1371 1382/1382/1382
f 1371/1371/1371 1383/1383/1383 1382/1382/1382
f 1371/1371/1371 1372/1372/1372 1383/1383/1383
f 1372/1372/1372 1384/1384/1384 1383/1383/1383
f 1372/1372/1372 1373/1373/1373 1384/1384/1384
f 1373/1373/1373 1385/1385/1385 1384/1384/1384
f 1373/1373/1373 1374/1374/1374 1385/1385/1385
f 1374/1374/1374 1386/1386/1386 1385/1385/1385
f 1374/1374/1374 1375/1375/1375 1386/1386/1386
f 1375/1375/1375 1387/1387/1387 1386/1386/1386
f 1375/1375/1375 1376/1376/1376 1387/1387/1387
f 1376/1376/1376 1388/1388/1388 1387/1387/1387
f 1376/1376/1376 1377/1377/1377 1388/1388/1388
f 1377/1377/1377 1389/1389/1389 1388/1388/1388
f 1377/1377/1377 1378/1378/1378 1389/1389/1389
f 1378/1378/1378 1390/1390/1390 1389/1389/1389
f 1378/1378/1378 1379/1379/1379 1390/1390/1390
f 1380/1380/1380 1392/1392/1392 1391/1391/1391
f 1380/1380/1380 1381/1381/1381 1392/1392/1392
f 1381/1381/1381 1393/1393/1393 1392/1392/1392
f 1381/1381/1381 1382/1382/1382 1393/1393/1393
f 1382/1382/1382 1394/1394/1394 1393/1393/1393
f 1382/1382/1382 1383/1383/1383 1394/1394/1394
f 1383/1383/1383 1395/1395/1395 1394/1394/1394
f 1383/1383/1383 1384/1384/1384 1395/1395/1395
f 1384/1384/1384 1396/1396/1396 1395/1395/1395
f 1384/1384/1384 1385/1385/1385 1396/1396/1396
f 1385/1385/1385 1397/1397/1397 1396/1396/1396
f 1385/1385/1385 1386/1386/1386 1397/1397/1397
f 1386/1386/1386 1398/1398/1398 1397/1397/1397
f 1386/1386/1386 1387/1387/1387 1398/1398/1398
f 1387/1387/1387 1399/1399/1399 1398/1398/1398
f 1387/1387/1387 1388/1388/1388 1399/1399/1399
f 1388/1388/1388 1400/1400/1400 1399/1399/1399
f 1388/1388/1388 1389/1389/1389 1400/1400/1400
f 1389/1389/1389 1401/1401/1401 1400/1400/1400
f 1389/1389/1389 1390/1390/1390 1401/1401/1401
f 1402/1402/1402 1391/1391/1391 1392/1392/1392
f 1402/1402/1402 1392/1392/1392 1393/1393/1393
f 1402/1402/1402 1393/1393/1393 1394/1394/1394
f 1402/1402/1402 1394/1394/1394 1395/1395/1395
f 1402/1402/1402 1395/1395/1395 1396/1396/1396
f 1402/1402/1402 1396/1396/1396 1397/1397/1397
f 1402/1402/1402 1397/1397/1397 1398/1398/1398
f 1402/1402/1402 1398/1398/1398 1399/1399/1399
f 1402/1402/1402 1399/1399/1399 1400/1400/1400
f 1402/1402/1402 1400/1400/1400 1401/1401/1401
f 1403/1403/1403 1411/1411/1411 1407/1407/1407
f 1403/1403/1403 1407/1407/1407 1417/1417/1417
f 1403/1403/1403 1417/1417/1417 1415/1415/1415
f 1403/1403/1403 1419/1419/1419 1405/1405/1405
f 1403/1403/1403 1405/1405/1405 1413/1413/1413
f 1403/1403/1403 1413/1413/1413 1411/1411/1411
f 1403/1403/1403 1415/1415/1415 1404/1404/1404
f 1403/1403/1403 1404/1404/1404 1420/1420/1420
f 1403/1403/1403 1420/1420/1420 1419/1419/1419
f 1411/1411/1411 1413/1413/1413 1409/1409/1409
f 1411/1411/1411 1409/1409/1409 1421/1421/1421
f 1411/1411/1411 1421/1421/1421 1407/1407/1407
f 1405/1405/1405 1416/1416/1416 1406/1406/1406
f 1405/1405/1405 1406/1406/1406 1414/1414/1414
f 1405/1405/1405 1414/1414/1414 1413/1413/1413
f 1405/1405/1405 1419/1419/1419 1420/1420/1420
f 1405/1405/1405 1420/1420/1420 1406/1406/1406
f 1405/1405/1405 1406/1406/1406 1416/1416/1416
f 1407/1407/1407 1421/1421/1421 1422/1422/1422
f 1407/1407/1407 1422/1422/1422 1408/1408/1408
f 1407/1407/1407 1408/1408/1408 1417/1417/1417
f 1409/1409/1409 1418/1418/1418 1410/1410/1410
f 1409/1409/1409 1410/1410/1410 1422/1422/1422
f 1409/1409/1409 1422/1422/1422 1421/1421/1421
f 1409/1409/1409 1413/1413/1413 1414/1414/1414
f 1409/1409/1409 1414/1414/1414 1410/1410/1410
f 1409/1409/1409 1410/1410/1410 1418/1418/1418
f 1404/1404/1404 1412/1412/1412 1408/1408/1408
f 1404/1404/1404 1408/1408/1408 1417/1417/1417
f 1404/1404/1404 1417/1417/1417 1415/1415/1415
f 1404/1404/1404 1420/1420/1420 1406/1406/1406
f 1404/1404/1404 1406/1406/1406 1414/1414/1414
f 1404/1404/1404 1414/1414/1414 1412/1412/1412
f 1408/1408/1408 1422/1422/1422 1410/1410/1410
f 1408/1408/1408 1410/1410/1410 1418/1418/1418
f 1408/1408/1408 1418/1418/1418 1412/1412/1412
f 1423/1423/1423 1431/1431/1431 1424/1424/1424
f 1423/1423/1423 1430/1430/1430 1431/1431/1431
f 1437/1437/1437 1423/1423/1423 1424/1424/1424
f 1438/1438/1438 1431/1431/1431 1430/1430/1430
f 1424/1424/1424 1432/1432/1432 1425/1425/1425
f 1424/1424/1424 1431/1431/1431 1432/1432/1432
f 1437/1437/1437 1424/1424/1424 1425/1425/1425
f 1438/1438/1438 1432/1432/1432 1431/1431/1431
f 1425/1425/1425 1433/1433/1433 1426/1426/1426
f 1425/1425/1425 1432/1432/1432 1433/1433/1433
f 1437/1437/1437 1425/1425/1425 1426/1426/1426
f 1438/1438/1438 1433/1433/1433 1432/1432/1432
f 1426/1426/1426 1434/1434/1434 1427/1427/1427
f 1426/1426/1426 1433/1433/1433 1434/1434/1434
f 1437/1437/1437 1426/1426/1426 1427/1427/1427
f 1438/1438/1438 1434/1434/1434 1433/1433/1433
f 1427/1427/1427 1435/1435/1435 1428/1428/1428
f 1427/1427/1427 1434/1434/1434 1435/1435/1435
f 1437/1437/1437 1427/1427/1427 1428/1428/1428
f 1438/1438/1438 1435/1435/1435 1434/1434/1434
f 1428/1428/1428 1436/1436/1436 1429/1429/1429
f 1428/1428/1428 1435/1435/1435 1436/1436/1436
f 1437/1437/1437 1428/1428/1428 1429/1429/1429
f 1438/1438/1438 1436/1436/1436 1435/1435/1435
f 1429/1429/1429 1430/1430/1430 1423/1423/1423
f 1429/1429/1429 1436/1436/1436 1430/1430/1430
f 1437/1437/1437 1429/1429/1429 1423/1423/1423
f 1438/1438/1438 1430/1430/1430 1436/1436/1436
f 1439/1439/1439 1451/1451/1451 1450/1450/1450
f 1439/1439/1439 1440/1440/1440 1451/1451/1451
f 1440/1440/1440 1452/1452/1452 1451/1451/1451
f 1440/1440/1440 1441/1441/1441 1452/1452/1452
f 1441/1441/1441 1453/1453/1453 1452/1452/1452
f 1441/1441/1441 1442/1442/1442 1453/1453/1453
f 1442/1442/1442 1454/1454/1454 1453/1453/1453
f 1442/1442/1442 1443/1443/1443 1454/1454/1454
f 1443/1443/1443 1455/1455/1455 1454/1454/1454
f 1443/1443/1443 1444/1444/1444 1455/1455/1455
f 1444/1444/1444 1456/1456/1456 1455/1455/1455
f 1444/1444/1444 1445/1445/1445 1456/1456/1456
f 1445/1445/1445 1457/1457/1457 1456/1456/1456
f 1445/1445/1445 1446/1446/1446 1457/1457/1457
f 1446/1446/1446 1458/1458/1458 1457/1457/1457
f 1446/1446/1446 1447/1447/1447 1458/1458/1458
f 1447/1447/1447 1459/1459/1459 1458/1458/1458
f 1447/1447/1447 1448/1448/1448 1459/1459/1459
f 1448/1448/1448 1460/1460/1460 1459/1459/1459
f 1448/1448/1448 1449/1449/1449 1460/1460/1460
f 1450/1450/1450 1462/1462/1462 1461/1461/1461
f 1450/1450/1450 1451/1451/1451 1462/1462/1462
f 1451/1451/1451 1463/1463/1463 1462/1462/1462
f 1451/1451/1451 1452/1452/1452 1463/1463/1463
f 1452/1452/1452 1464/1464/1464 1463/1463/1463
f 1452/1452/1452 1453/1453/1453 1464/1464/1464
f 1453/1453/1453 1465/1465/1465 1464/1464/1464
f 1453/1453/1453 1454/1454/1454 1465/1465/1465
f 1454/1454/1454 1466/1466/1466 1465/1465/1465
f 1454/1454/1454 1455/1455/1455 1466/1466/1466
f 1455/1455/1455 1467/1467/1467 1466/1466/1466
f 1455/1455/1455 1456/1456/1456 1467/1467/1467
f 1456/1456/1456 1468/1468/1468 1467/1467/1467
f 1456/1456/1456 1457/1457/1457 1468/1468/1468
f 1457/1457/1457 1469/1469/1469 1468/1468/1468
f 1457/1457/1457 1458/1458/1458 1469/1469/1469
f 1458/1458/1458 1470/1470/1470 1469/1469/1469
f 1458/1458/1458 1459/1459/1459 1470/1470/1470
f 1459/1459/1459 1471/1471/1471 1470/1470/1470
f 1459/1459/1459 1460/1460/1460 1471/1471/1471
f 1461/1461/1461 1473/1473/1473 1472/1472/1472
f 1461/1461/1461 1462/1462/1462 1473/1473/1473
f 1462/1462/1462 1474/1474/1474 1473/1473/1473
f 1462/1462/1462 1463/1463/1463 1474/1474/1474
f 1463/1463/1463 1475/1475/1475 1474/1474/1474
f 1463/1463/1463 1464/1464/1464 1475/1475/1475
f 1464/1464/1464 1476/1476/1476 1475/1475/1475
f 1464/1464/1464 1465/1465/1465 1476/1476/1476
f 1465/1465/1465 1477/1477/1477 1476/1476/1476
f 1465/1465/1465 1466/1466/1466 1477/1477/1477
f 1466/1466/1466 1478/1478/1478 1477/1477/1477
f 1466/1466/1466 1467/1467/1467 1478/1478/1478
f 1467/1467/1467 1479/1479/1479 1478/1478/1478
f 1467/1467/1467 1468/1468/1468 1479/1479/1479
f 1468/1468/1468 1480/1480/1480 1479/1479/1479
f 1468/1468/1468 1469/1469/1469 1480/1480/1480
f 1469/1469/1469 1481/1481/1481 1480/1480/1480
f 1469/1469/1469 1470/1470/1470 1481/1481/1481
f 1470/1470/1470 1482/1482/1482 1481/1481/1481
f 1470/1470/1470 1471/1471/1471 1482/1482/1482
f 1472/1472/1472 1484/1484/1484 1483/1483/1483
f 1472/1472/1472 1473/1473/1473 1484/1484/1484
f 1473/1473/1473 1485/1485/1485 1484/1484/1484
f 1473/1473/1473 1474/1474/1474 1485/1485/1485
f 1474/1474/1474 1486/1486/1486 1485/1485/1485
f 1474/1474/1474 1475/1475/1475 1486/1486/1486
f 1475/1475/1475 1487/1487/1487 1486/1486/1486
f 1475/1475/1475 1476/1476/1476 1487/1487/1487
f 1476/1476/1476 1488/1488/1488 1487/1487/1487
f 1476/1476/1476 1477/1477/1477 1488/1488/1488
f 1477/1477/1477 1489/1489/1489 1488/1488/1488
f 1477/1477/1477 1478/1478/1478 1489/1489/1489
f 1478/1478/1478 1490/1490/1490 1489/1489/1489
f 1478/1478/1478 1479/1479/1479 1490/1490/1490
f 1479/1479/1479 1491/1491/1491 1490/1490/1490
f 1479/1479/1479 1480/1480/1480 1491/1491/1491
f 1480/1480/1480 1492/1492/1492 1491/1491/1491
f 1480/1480/1480 1481/1481/1481 1492/1492/1492
f 1481/1481/1481 1493/1493/1493 1492/1492/1492
f 1481/1481/1481 1482/1482/1482 1493/1493/1493
f 1483/1483/1483 1495/1495/1495 1494/1494/1494
f 1483/1483/1483 1484/1484/1484 1495/1495/1495
f 1484/1484/1484 1496/1496/1496 1495/1495/1495
f 1484/1484/1484 1485/1485/1485 1496/1496/1496
f 1485/1485/1485 1497/1497/1497 1496/1496/1496
f 1485/1485/1485 1486/1486/1486 1497/1497/1497
f 1486/1486/1486 1498/1498/1498 1497/1497/1497
f 1486/1486/1486 1487/1487/1487 1498/1498/1498
f 1487/1487/1487 1499/1499/1499 1498/1498/1498
f 1487/1487/1487 1488/1488/1488 1499/1499/1499
f 1488/1488/1488 1500/1500/1500 1499/1499/1499
f 1488/1488/1488 1489/1489/1489 1500/1500/1500
f 1489/1489/1489 1501/1501/1501 1500/1500/1500
f 1489/1489/1489 1490/1490/1490 1501/1501/1501
f 1490/1490/1490 1502/1502/1502 1501/1501/1501
f 1490/1490/1490 1491/1491/1491 1502/1502/1502
f 1491/1491/1491 1503/1503/1503 1502/1502/1502
f 1491/1491/1491 1492/1492/1492 1503/1503/1503
f 1492/1492/1492 1504/1504/1504 1503/1503/1503
f 1492/1492/1492 1493/1493/1493 1504/1504/1504
f 1494/1494/1494 1506/1506/1506 1505/1505/1505
f 1494/1494/1494 1495/1495/1495 1506/1506/1506
f 1495/1495/1495 1507/1507/1507 1506/1506/1506
f 1495/1495/1495 1496/1496/1496 1507/1507/1507
f 1496/1496/1496 1508/1508/1508 1507/1507/1507
f 1496/1496/1496 1497/1497/1497 1508/1508/1508
f 1497/1497/1497 1509/1509/1509 1508/1508/1508
f 1497/1497/1497 1498/1498/1498 1509/1509/1509
f 1498/1498/1498 1510/1510/1510 1509/1509/1509
f 1498/1498/1498 1499/1499/1499 1510/1510/1510
f 1499/1499/1499 1511/1511/1511 1510/1510/1510
f 1499/1499/1499 1500/1500/1500 1511/1511/1511
f 1500/1500/1500 1512/1512/1512 1511/1511/1511
f 1500/1500/1500 1501/1501/1501 1512/1512/1512
f 1501/1501/1501 1513/1513/1513 1512/1512/1512
f 1501/1501/1501 1502/1502/1502 1513/1513/1513
f 1502/1502/1502 1514/1514/1514 1513/1513/1513
f 1502/1502/1502 1503/1503/1503 1514/1514/1514
f 1503/1503/1503 1515/1515/1515 1514/1514/1514
f 1503/1503/1503 1504/1504/1504 1515/1515/1515
f 1505/1505/1505 1517/1517/1517 1516/1516/1516
f 1505/1505/1505 1506/1506/1506 1517/1517/1517
f 1506/1506/1506 1518/1518/1518 1517/1517/1517
f 1506/1506/1506 1507/1507/1507 1518/1518/1518
f 1507/1507/1507 1519/1519/1519 1518/1518/1518
f 1507/1507/1507 1508/1508/1508 1519/1519/1519
f 1508/1508/1508 1520/1520/1520 1519/1519/1519
f 1508/1508/1508 1509/1509/1509 1520/1520/1520
f 1509/1509/1509 1521/1521/1521 1520/1520/1520
f 1509/1509/1509 1510/1510/1510 1521/1521/1521
f 1510/1510/1510 1522/1522/1522 1521/1521/1521
f 1510/1510/1510 1511/1511/1511 1522/1522/1522
f 1511/1511/1511 1523/1523/1523 1522/1522/1522
f 1511/1511/1511 1512/1512/1512 1523/1523/1523
f 1512/1512/1512 1524/1524/1524 1523/1523/1523
f 1512/1512/1512 1513/1513/1513 1524/1524/1524
f 1513/1513/1513 1525/1525/1525 1524/1524/1524
f 1513/1513/1513 1514/1514/1514 1525/1525/1525
f 1514/1514/1514 1526/1526/1526 1525/1525/1525
f 1514/1514/1514 1515/1515/1515 1526/1526/1526
f 1516/1516/1516 1528/1528/1528 1527/1527/1527
f 1516/1516/1516 1517/1517/1517 1528/1528/1528
f 1517/1517/1517 1529/1529/1529 1528/1528/1528
f 1517/1517/1517 1518/1518/1518 1529/1529/1529
f 1518/1518/1518 1530/1530/1530 1529/1529/1529
f 1518/1518/1518 1519/1519/1519 1530/1530/1530
f 1519/1519/1519 1531/1531/1531 1530/1530/1530
f 1519/1519/1519 1520/1520/1520 1531/1531/1531
f 1520/1520/1520 1532/1532/1532 1531/1531/1531
f 1520/1520/1520 1521/1521/1521 1532/1532/1532
f 1521/1521/1521 1533/1533/1533 1532/1532/1532
f 1521/1521/1521 1522/1522/1522 1533/1533/1533
f 1522/1522/1522 1534/1534/1534 1533/1533/1533
f 1522/1522/1522 1523/1523/1523 1534/1534/1534
f 1523/1523/1523 1535/1535/1535 1534/1534/1534
f 1523/1523/1523 1524/1524/1524 1535/1535/1535
f 1524/1524/1524 1536/1536/1536 1535/1535/1535
f 1524/1524/1524 1525/1525/1525 1536/1536/1536
f 1525/1525/1525 1537/1537/1537 1536/1536/1536
f 1525/1525/1525 1526/1526/1526 1537/1537/1537
f 1538/1538/1538 1527/1527/1527 1528/1528/1528
f 1538/1538/1538 1528/1528/1528 1529/1529/1529
f 1538/1538/1538 1529/1529/1529 1530/1530/1530
f 1538/1538/1538 1530/1530/1530 1531/1531/1531
f 1538/1538/1538 1531/1531/1531 1532/1532/1532
f 1538/1538/1538 1532/1532/1532 1533/1533/1533
f 1538/1538/1538 1533/1533/1533 1534/1534/1534
f 1538/1538/1538 1534/1534/1534 1535/1535/1535
f 1538/1538/1538 1535/1535/1535 1536/1536/1536
f 1538/1538/1538 1536/1536/1536 1537/1537/1537
f 1539/1539/1539 1547/1547/1547 1543/1543/1543
f 1539/1539/1539 1543/1543/1543 1553/1553/1553
f 1539/1539/1539 1553/1553/1553 1551/1551/1551
f 1539/1539/1539 1555/1555/1555 1541/1541/1541
f 1539/1539/1539 1541/1541/1541 1549/1549/1549
f 1539/1539/1539 1549/1549/1549 1547/1547/1547
f 1539/1539/1539 1551/1551/1551 1540/1540/1540
f 1539/1539/1539 1540/1540/1540 1556/1556/1556
f 1539/1539/1539 1556/1556/1556 1555/1555/1555
f 1547/1547/1547 1549/1549/1549 1545/1545/1545
f 1547/1547/1547 1545/1545/1545 1557/1557/1557
f 1547/1547/1547 1557/1557/1557 1543/1543/1543
f 1541/1541/1541 1552/1552/1552 1542/1542/1542
f 1541/1541/1541 1542/1542/1542 1550/1550/1550
f 1541/1541/1541 1550/1550/1550 1549/1549/1549
f 1541/1541/1541 1555/1555/1555 1556/1556/1556
f 1541/1541/1541 1556/1556/1556 1542/1542/1542
f 1541/1541/1541 1542/1542/1542 1552/1552/1552
f 1543/1543/1543 1557/1557/1557 1558/1558/1558
f 1543/1543/1543 1558/1558/1558 1544/1544/1544
f 1543/1543/1543 1544/1544/1544 1553/1553/1553
f 1545/1545/1545 1554/1554/1554 1546/1546/1546
f 1545/1545/1545 1546/1546/1546 1558/1558/1558
f 1545/1545/1545 1558/1558/1558 1557/1557/1557
f 1545/1545/1545 1549/1549/1549 1550/1550/1550
f 1545/1545/1545 1550/1550/1550 1546/1546/1546
f 1545/1545/1545 1546/1546/1546 1554/1554/1554
f 1540/1540/1540 1548/1548/1548 1544/1544/1544
f 1540/1540/1540 1544/1544/1544 1553/1553/1553
f 1540/1540/1540 1553/1553/1553 1551/1551/1551
f 1540/1540/1540 1556/1556/1556 1542/1542/1542
f 1540/1540/1540 1542/1542/1542 1550/1550/1550
f 1540/1540/1540 1550/1550/1550 1548/1548/1548
f 1544/1544/1544 1558/1558/1558 1546/1546/1546
f 1544/1544/1544 1546/1546/1546 1554/1554/1554
f 1544/1544/1544 1554/1554/1554 1548/1548/1548
f 1559/1559/1559 1567/1567/1567 1560/1560/1560
f 1559/1559/1559 1566/1566/1566 1567/1567/1567
f 1573/1573/1573 1559/1559/1559 1560/1560/1560
f 1574/1574/1574 1567/1567/1567 1566/1566/1566
f 1560/1560/1560 1568/1568/1568 1561/1561/1561
f 1560/1560/1560 1567/1567/1567 1568/1568/1568
f 1573/1573/1573 1560/1560/1560 1561/1561/1561
f 1574/1574/1574 1568/1568/1568 1567/1567/1567
f 1561/1561/1561 1569/1569/1569 1562/1562/1562
f 1561/1561/1561 1568/1568/1568 1569/1569/1569
f 1573/1573/1573 1561/1561/1561 1562/1562/1562
f 1574/1574/1574 1569/1569/1569 1568/1568/1568
f 1562/1562/1562 1570/1570/1570 1563/1563/1563
f 1562/1562/1562 1569/1569/1569 1570/1570/1570
f 1573/1573/1573 1562/1562/1562 1563/1563/1563
f 1574/1574/1574 1570/1570/1570 1569/1569/1569
f 1563/1563/1563 1571/1571/1571 1564/1564/1564
f 1563/1563/1563 1570/1570/1570 1571/1571/1571
f 1573/1573/1573 1563/1563/1563 1564/1564/1564
f 1574/1574/1574 1571/1571/1571 1570/1570/1570
f 1564/1564/1564 1572/1572/1572 1565/1565/1565
f 1564/1564/1564 1571/1571/1571 1572/1572/1572
f 1573/1573/1573 1564/1564/1564 1565/1565/1565
f 1574/1574/1574 1572/1572/1572 1571/1571/1571
f 1565/1565/1565 1566/1566/1566 1559/1559/1559
f 1565/1565/1565 1572/1572/1572 1566/1566/1566
f 1573/1573/1573 1565/1565/1565 1559/1559/1559
f 1574/1574/1574 1566/1566/1566 1572/1572/1572
f 1575/1575/1575 1587/1587/1587 1586/1586/1586
f 1575/1575/1575 1576/1576/1576 1587/1587/1587
f 1576/1576/1576 1588/1588/1588 1587/1587/1587
f 1576/1576/1576 1577/1577/1577 1588/1588/1588
f 1577/1577/1577 1589/1589/1589 1588/1588/1588
f 1577/1577/1577 1578/1578/1578 1589/1589/1589
f 1578/1578/1578 1590/1590/1590 1589/1589/1589
f 1578/1578/1578 1579/1579/1579 1590/1590/1590
f 1579/1579/1579 1591/1591/1591 1590/1590/1590
f 1579/1579/1579 1580/1580/1580 1591/1591/1591
f 1580/1580/1580 1592/1592/1592 1591/1591/1591
f 1580/1580/1580 1581/1581/1581 1592/1592/1592
f 1581/1581/1581 1593/1593/1593 1592/1592/1592
f 1581/1581/1581 1582/1582/1582 1593/1593/1593
f 1582/1582/1582 1594/1594/1594 1593/1593/1593
f 1582/1582/1582 1583/1583/1583 1594/1594/1594
f 1583/1583/1583 1595/1595/1595 1594/1594/1594
f 1583/1583/1583 1584/1584/1584 1595/1595/1595
f 1584/1584/1584 1596/1596/1596 1595/1595/1595
f 1584/1584/1584 1585/1585/1585 1596/1596/1596
f 1586/1586/1586 1598/1598/1598 1597/1597/1597
f 1586/1586/1586 1587/1587/1587 1598/1598/1598
f 1587/1587/1587 1599/1599/1599 1598/1598/1598
f 1587/1587/1587 1588/1588/1588 1599/1599/1599
f 1588/1588/1588 1600/1600/1600 1599/1599/1599
f 1588/1588/1588 1589/1589/1589 1600/1600/1600
f 1589/1589/1589 1601/1601/1601 1600/1600/1600
f 1589/1589/1589 1590/1590/1590 1601/1601/1601
f 1590/1590/1590 1602/1602/1602 1601/1601/1601
f 1590/1590/1590 1591/1591/1591 1602/1602/1602
f 1591/1591/1591 1603/1603/1603 1602/1602/1602
f 1591/1591/1591 1592/1592/1592 1603/1603/1603
f 1592/1592/1592 1604/1604/1604 1603/1603/1603
f 1592/1592/1592 1593/1593/1593 1604/1604/1604
f 1593/1593/1593 1605/1605/1605 1604/1604/1604
f 1593/1593/1593 1594/1594/1594 1605/1605/1605
f 1594/1594/1594 1606/1606/1606 1605/1605/1605
f 1594/1594/1594 1595/1595/1595 1606/1606/1606
f 1595/1595/1595 1607/1607/1607 1606/1606/1606
f 1595/1595/1595 1596/1596/1596 1607/1607/1607
f 1597/1597/1597 1609/1609/1609 1608/1608/1608
f 1597/1597/1597 1598/1598/1598 1609/1609/1609
f 1598/1598/1598 1610/1610/1610 1609/1609/1609
f 1598/1598/1598 1599/1599/1599 1610/1610/1610
f 1599/1599/1599 1611/1611/1611 1610/1610/1610
f 1599/1599/1599 1600/1600/1600 1611/1611/1611
f 1600/1600/1600 1612/1612/1612 1611/1611/1611
f 1600/1600/1600 1601/1601/1601 1612/1612/1612
f 1601/1601/1601 1613/1613/1613 1612/1612/1612
f 1601/1601/1601 1602/1602/1602 1613/1613/1613
f 1602/1602/1602 1614/1614/1614 1613/1613/1613
f 1602/1602/1602 1603/1603/1603 1614/1614/1614
f 1603/1603/1603 1615/1615/1615 1614/1614/1614
f 1603/1603/1603 1604/1604/1604 1615/1615/1615
f 1604/1604/1604 1616/1616/1616 1615/1615/1615
f 1604/1604/1604 1605/1605/1605 1616/1616/1616
f 1605/1605/1605 1617/1617/1617 1616/1616/1616
f 1605/1605/1605 1606/1606/1606 1617/1617/1617
f 1606/1606/1606 1618/1618/1618 1617/1617/1617
f 1606/1606/1606 1607/1607/1607 1618/1618/1618
f 1608/1608/1608 1620/1620/1620 1619/1619/1619
f 1608/1608/1608 1609/1609/1609 1620/1620/1620
f 1609/1609/1609 1621/1621/1621 1620/1620/1620
f 1609/1609/1609 1610/1610/1610 1621/1621/1621
f 1610/1610/1610 1622/1622/1622 1621/1621/1621
f 1610/1610/1610 1611/1611/1611 1622/1622/1622
f 1611/1611/1611 1623/1623/1623 1622/1622/1622
f 1611/1611/1611 1612/1612/1612 1623/1623/1623
f 1612/1612/1612 1624/1624/1624 1623/1623/1623
f 1612/1612/1612 1613/1613/1613 1624/1624/1624
f 1613/1613/1613 1625/1625/1625 1624/1624/1624
f 1613/1613/1613 1614/1614/1614 1625/1625/1625
f 1614/1614/1614 1626/1626/1626 1625/1625/1625
f 1614/1614/1614 1615/1615/1615 1626/1626/1626
f 1615/1615/1615 1627/1627/1627 1626/1626/1626
f 1615/1615/1615 1616/1616/1616 1627/1627/1627
f 1616/1616/1616 1628/1628/1628 1627/1627/1627
f 1616/1616/1616 1617/1617/1617 1628/1628/1628
f 1617/1617/1617 1629/1629/1629 1628/1628/1628
f 1617/1617/1617 1618/1618/1618 1629/1629/1629
f 1619/1619/1619 1631/1631/1631 1630/1630/1630
f 1619/1619/1619 1620/1620/1620 1631/1631/1631
f 1620/1620/1620 1632/1632/1632 1631/1631/1631
f 1620/1620/1620 1621/1621/1621 1632/1632/1632
f 1621/1621/1621 1633/1633/1633 1632/1632/1632
f 1621/1621/1621 1622/1622/1622 1633/1633/1633
f 1622/1622/1622 1634/1634/1634 1633/1633/1633
f 1622/1622/1622 1623/1623/1623 1634/1634/1634
f 1623/1623/1623 1635/1635/1635 1634/1634/1634
f 1623/1623/1623 1624/1624/1624 1635/1635/1635
f 1624/1624/1624 1636/1636/1636 1635/1635/1635
f 1624/1624/1624 1625/1625/1625 1636/1636/1636
f 1625/1625/1625 1637/1637/1637 1636/1636/1636
f 1625/1625/1625 1626/1626/1626 1637/1637/1637
f 1626/1626/1626 1638/1638/1638 1637/1637/1637
f 1626/1626/1626 1627/1627/1627 1638/1638/1638
f 1627/1627/1627 1639/1639/1639 1638/1638/1638
f 1627/1627/1627 1628/1628/1628 1639/1639/1639
f 1628/1628/1628 1640/1640/1640 1639/1639/1639
f 1628/1628/1628 1629/1629/1629 1640/1640/1640
f 1630/1630/1630 1642/1642/1642 1641/1641/1641
f 1630/1630/1630 1631/1631/1631 1642/1642/1642
f 1631/1631/1631 1643/1643/1643 1642/1642/1642
f 1631/1631/1631 1632/1632/1632 1643/1643/1643
f 1632/1632/1632 1644/1644/1644 1643/1643/1643
f 1632/1632/1632 1633/1633/1633 1644/1644/1644
f 1633/1633/1633 1645/1645/1645 1644/1644/1644
f 1633/1633/1633 1634/1634/1634 1645/1645/1645
f 1634/1634/1634 1646/1646/1646 1645/1645/1645
f 1634/1634/1634 1635/1635/1635 1646/1646/1646
f 1635/1635/1635 1647/1647/1647 1646/1646/1646
f 1635/1635/1635 1636/1636/1636 1647/1647/1647
f 1636/1636/1636 1648/1648/1648 1647/1647/1647
f 1636/1636/1636 1637/1637/1637 1648/1648/1648
f 1637/1637/1637 1649/1649/1649 1648/1648/1648
f 1637/1637/1637 1638/1638/1638 1649/1649/1649
f 1638/1638/1638 1650/1650/1650 1649/1649/1649
f 1638/1638/1638 1639/1639/1639 1650/1650/1650
f 1639/1639/1639 1651/1651/1651 1650/1650/1650
f 1639/1639/1639 1640/1640/1640 1651/1651/1651
f 1641/1641/1641 1653/1653/1653 1652/1652/1652
f 1641/1641/1641 1642/1642/1642 1653/1653/1653
f 1642/1642/1642 1654/1654/1654 1653/1653/1653
f 1642/1642/1642 1643/1643/1643 1654/1654/1654
f 1643/1643/1643 1655/1655/1655 1654/1654/1654
f 1643/1643/1643 1644/1644/1644 1655/1655/1655
f 1644/1644/1644 1656/1656/1656 1655/1655/1655
f 1644/1644/1644 1645/1645/1645 1656/1656/1656
f 1645/1645/1645 1657/1657/1657 1656/1656/1656
f 1645/1645/1645 1646/1646/1646 1657/1657/1657
f 1646/1646/1646 1658/1658/1658 1657/1657/1657
f 1646/1646/1646 1647/1647/1647 1658/1658/1658
f 1647/1647/1647 1659/1659/1659 1658/1658/1658
f 1647/1647/1647 1648/1648/1648 1659/1659/1659
f 1648/1648/1648 1660/1660/1660 1659/1659/1659
f 1648/1648/1648 1649/1649/1649 1660/1660/1660
f 1649/1649/1649 1661/1661/1661 1660/1660/1660
f 1649/1649/1649 1650/1650/1650 1661/1661/1661
f 1650/1650/1650 1662/1662/1662 1661/1661/1661
f 1650/1650/1650 1651/1651/1651 1662/1662/1662
f 1652/1652/1652 1664/1664/1664 1663/1663/1663
f 1652/1652/1652 1653/1653/1653 1664/1664/1664
f 1653/1653/1653 1665/1665/1665 1664/1664/1664
f 1653/1653/1653 1654/1654/1654 1665/1665/1665
f 1654/1654/1654 1666/1666/1666 1665/1665/1665
f 1654/1654/1654 1655/1655/1655 1666/1666/1666
f 1655/1655/1655 1667/1667/1667 1666/1666/1666
f 1655/1655/1655 1656/1656/1656 1667/1667/1667
f 1656/1656/1656 1668/1668/1668 1667/1667/1667
f 1656/1656/1656 1657/1657/1657 1668/1668/1668
f 1657/1657/1657 1669/1669/1669 1668/1668/1668
f 1657/1657/1657 1658/1658/1658 1669/1669/1669
f 1658/1658/1658 1670/1670/1670 1669/1669/1669
f 1658/1658/1658 1659/1659/1659 1670/1670/1670
f 1659/1659/1659 1671/1671/1671 1670/1670/1670
f 1659/1659/1659 1660/1660/1660 1671/1671/1671
f 1660/1660/1660 1672/1672/1672 1671/1671/1671
f 1660/1660/1660 1661/1661/1661 1672/1672/1672
f 1661/1661/1661 1673/1673/1673 1672/1672/1672
f 1661/1661/1661 1662/1662/1662 1673/1673/1673
f 1674/1674/1674 1663/1663/1663 1664/1664/1664
f 1674/1674/1674 1664/1664/1664 1665/1665/1665
f 1674/1674/1674 1665/1665/1665 1666/1666/1666
f 1674/1674/1674 1666/1666/1666 1667/1667/1667
f 1674/1674/1674 1667/1667/1667 1668/1668/1668
f 1674/1674/1674 1668/1668/1668 1669/1669/1669
f 1674/1674/1674 1669/1669/1669 1670/1670/1670
f 1674/1674/1674 1670/1670/1670 1671/1671/1671
f 1674/1674/1674 1671/1671/1671 1672/1672/1672
f 1674/1674/1674 1672/1672/1672 1673/1673/1673
f 1675/1675/1675 1683/1683/1683 1679/1679/1679
f 1675/1675/1675 1679/1679/1679 1689/1689/1689
f 1675/1675/1675 1689/1689/1689 1687/1687/1687
f 1675/1675/1675 1691/1691/1691 1677/1677/1677
f 1675/1675/1675 1677/1677/1677 1685/1685/1685
f 1675/1675/1675 1685/1685/1685 1683/1683/1683
f 1675/1675/1675 1687/1687/1687 1676/1676/1676
f 1675/1675/1675 1676/1676/1676 1692/1692/1692
f 1675/1675/1675 1692/1692/1692 1691/1691/1691
f 1683/1683/1683 1685/1685/1685 1681/1681/1681
f 1683/1683/1683 1681/1681/1681 1693/1693/1693
f 1683/1683/1683 1693/1693/1693 1679/1679/1679
f 1677/1677/1677 1688/1688/1688 1678/1678/1678
f 1677/1677/1677 1678/1678/1678 1686/1686/1686
f 1677/1677/1677 1686/1686/1686 1685/1685/1685
f 1677/1677/1677 1691/1691/1691 1692/1692/1692
f 1677/1677/1677 1692/1692/1692 1678/1678/1678
f 1677/1677/1677 1678/1678/1678 1688/1688/1688
f 1679/1679/1679 1693/1693/1693 1694/1694/1694
f 1679/1679/1679 1694/1694/1694 1680/1680/1680
f 1679/1679/1679 1680/1680/1680 1689/1689/1689
f 1681/1681/1681 1690/1690/1690 1682/1682/1682
f 1681/1681/1681 1682/1682/1682 1694/1694/1694
f 1681/1681/1681 1694/1694/1694 1693/1693/1693
f 1681/1681/1681 1685/1685/1685 1686/1686/1686
f 1681/1681/1681 1686/1686/1686 1682/1682/1682
f 1681/1681/1681 1682/1682/1682 1690/1690/1690
f 1676/1676/1676 1684/1684/1684 1680/1680/1680
f 1676/1676/1676 1680/1680/1680 1689/1689/1689
f 1676/1676/1676 1689/1689/1689 1687/1687/1687
f 1676/1676/1676 1692/1692/1692 1678/1678/1678
f 1676/1676/1676 1678/1678/1678 1686/1686/1686
f 1676/1676/1676 1686/1686/1686 1684/1684/1684
f 1680/1680/1680 1694/1694/1694 1682/1682/1682
f 1680/1680/1680 1682/1682/1682 1690/1690/1690
f 1680/1680/1680 1690/1690/1690 1684/1684/1684
f 1695/1695/1695 1703/1703/1703 1696/1696/1696
f 1695/1695/1695 1702/1702/1702 1703/1703/1703
f 1709/1709/1709 1695/1695/1695 1696/1696/1696
f 1710/1710/1710 1703/1703/1703 1702/1702/1702
f 1696/1696/1696 1704/1704/1704 1697/1697/1697
f 1696/1696/1696 1703/1703/1703 1704/1704/1704
f 1709/1709/1709 1696/1696/1696 1697/1697/1697
f 1710/1710/1710 1704/1704/1704 1703/1703/1703
f 1697/1697/1697 1705/1705/1705 1698/1698/1698
f 1697/1697/1697 1704/1704/1704 1705/1705/1705
f 1709/1709/1709 1697/1697/1697 1698/1698/1698
f 1710/1710/1710 1705/1705/1705 1704/1704/1704
f 1698/1698/1698 1706/1706/1706 1699/1699/1699
f 1698/1698/1698 1705/1705/1705 1706/1706/1706
f 1709/1709/1709 1698/1698/1698 1699/1699/1699
f 1710/1710/1710 1706/1706/1706 1705/1705/1705
f 1699/1699/1699 1707/1707/1707 1700/1700/1700
f 1699/1699/1699 1706/1706/1706 1707/1707/1707
f 1709/1709/1709 1699/1699/1699 1700/1700/1700
f 1710/1710/1710 1707/1707/1707 1706/1706/1706
f 1700/1700/1700 1708/1708/1708 1701/1701/1701
f 1700/1700/1700 1707/1707/1707 1708/1708/1708
f 1709/1709/1709 1700/1700/1700 1701/1701/1701
f 1710/1710/1710 1708/1708/1708 1707/1707/1707
f 1701/1701/1701 1702/1702/1702 1695/1695/1695
f 1701/1701/1701 1708/1708/1708 1702/1702/1702
f 1709/1709/1709 1701/1701/1701 1695/1695/1695
f 1710/1710/1710 1702/1702/1702 1708/1708/1708
f 1711/1711/1711 1723/1723/1723 1722/1722/1722
f 1711/1711/1711 1712/1712/1712 1723/1723/1723
f 1712/1712/1712 1724/1724/1724 1723/1723/1723
f 1712/1712/1712 1713/1713/1713 1724/1724/1724
f 1713/1713/1713 1725/1725/1725 1724/1724/1724
f 1713/1713/1713 1714/1714/1714 1725/1725/1725
f 1714/1714/1714 1726/1726/1726 1725/1725/1725
f 1714/1714/1714 1715/1715/1715 1726/1726/1726
f 1715/1715/1715 1727/1727/1727 1726/1726/1726
f 1715/1715/1715 1716/1716/1716 1727/1727/1727
f 1716/1716/1716 1728/1728/1728 1727/1727/1727
f 1716/1716/1716 1717/1717/1717 1728/1728/1728
f 1717/1717/1717 1729/1729/1729 1728/1728/1728
f 1717/1717/1717 1718/1718/1718 1729/1729/1729
f 1718/1718/1718 1730/1730/1730 1729/1729/1729
f 1718/1718/1718 1719/1719/1719 1730/1730/1730
f 1719/1719/1719 1731/1731/1731 1730/1730/1730
f 1719/1719/1719 1720/1720/1720 1731/1731/1731
f 1720/1720/1720 1732/1732/1732 1731/1731/1731
f 1720/1720/1720 1721/1721/1721 1732/1732/1732
f 1722/1722/1722 1734/1734/1734 1733/1733/1733
f 1722/1722/1722 1723/1723/1723 1734/1734/1734
f 1723/1723/1723 1735/1735/1735 1734/1734/1734
f 1723/1723/1723 1724/1724/1724 1735/1735/1735
f 1724/1724/1724 1736/1736/1736 1735/1735/1735
f 1724/1724/1724 1725/1725/1725 1736/1736/1736
f 1725/1725/1725 1737/1737/1737 1736/1736/1736
f 1725/1725/1725 1726/1726/1726 1737/1737/1737
f 1726/1726/1726 1738/1738/1738 1737/1737/1737
f 1726/1726/1726 1727/1727/1727 1738/1738/1738
f 1727/1727/1727 1739/1739/1739 1738/1738/1738
f 1727/1727/1727 1728/1728/1728 1739/1739/1739
f 1728/1728/1728 1740/1740/1740 1739/1739/1739
f 1728/1728/1728 1729/1729/1729 1740/1740/1740
f 1729/1729/1729 1741/1741/1741 1740/1740/1740
f 1729/1729/1729 1730/1730/1730 1741/1741/1741
f 1730/1730/1730 1742/1742/1742 1741/1741/1741
f 1730/1730/1730 1731/1731/1731 1742/1742/1742
f 1731/1731/1731 1743/1743/1743 1742/1742/1742
f 1731/1731/1731 1732/1732/1732 1743/1743/1743
f 1733/1733/1733 1745/1745/1745 1744/1744/1744
f 1733/1733/1733 1734/1734/1734 1745/1745/1745
f 1734/1734/1734 1746/1746/1746 1745/1745/1745
f 1734/1734/1734 1735/1735/1735 1746/1746/1746
f 1735/1735/1735 1747/1747/1747 1746/1746/1746
f 1735/1735/1735 1736/1736/1736 1747/1747/1747
f 1736/1736/1736 1748/1748/1748 1747/1747/1747
f 1736/1736/1736 1737/1737/1737 1748/1748/1748
f 1737/1737/1737 1749/1749/1749 1748/1748/1748
f 1737/1737/1737 1738/1738/1738 1749/1749/1749
f 1738/1738/1738 1750/1750/1750 1749/1749/1749
f 1738/1738/1738 1739/1739/1739 1750/1750/1750
f 1739/1739/1739 1751/1751/1751 1750/1750/1750
f 1739/1739/1739 1740/1740/1740 1751/1751/1751
f 1740/1740/1740 1752/1752/1752 1751/1751/1751
f 1740/1740/1740 1741/1741/1741 1752/1752/1752
f 1741/1741/1741 1753/1753/1753 1752/1752/1752
f 1741/1741/1741 1742/1742/1742 1753/1753/1753
f 1742/1742/1742 1754/1754/1754 1753/1753/1753
f 1742/1742/1742 1743/1743/1743 1754/1754/1754
f 1744/1744/1744 1756/1756/1756 1755/1755/1755
f 1744/1744/1744 1745/1745/1745 1756/1756/1756
f 1745/1745/1745 1757/1757/1757 1756/1756/1756
f 1745/1745/1745 1746/1746/1746 1757/1757/1757
f 1746/1746/1746 1758/1758/1758 1757/1757/1757
f 1746/1746/1746 1747/1747/1747 1758/1758/1758
f 1747/1747/1747 1759/1759/1759 1758/1758/1758
f 1747/1747/1747 1748/1748/1748 1759/1759/1759
f 1748/1748/1748 1760/1760/1760 1759/1759/1759
f 1748/1748/1748 1749/1749/1749 1760/1760/1760
f 1749/1749/1749 1761/1761/1761 1760/1760/1760
f 1749/1749/1749 1750/1750/1750 1761/1761/1761
f 1750/1750/1750 1762/1762/1762 1761/1761/1761
f 1750/1750/1750 1751/1751/1751 1762/1762/1762
f 1751/1751/1751 1763/1763/1763 1762/1762/1762
f 1751/1751/1751 1752/1752/1752 1763/1763/1763
f 1752/1752/1752 1764/1764/1764 1763/1763/1763
f 1752/1752/1752 1753/1753/1753 1764/1764/1764
f 1753/1753/1753 1765/1765/1765 1764/1764/1764
f 1753/1753/1753 1754/1754/1754 1765/1765/1765
f 1755/1755/1755 1767/1767/1767 1766/1766/1766
f 1755/1755/1755 1756/1756/1756 1767/1767/1767
f 1756/1756/1756 1768/1768/1768 1767/1767/1767
f 1756/1756/1756 1757/1757/1757 1768/1768/1768
f 1757/1757/1757 1769/1769/1769 1768/1768/1768
f 1757/1757/1757 1758/1758/1758 1769/1769/1769
f 1758/1758/1758 1770/1770/1770 1769/1769/1769
f 1758/1758/1758 1759/1759/1759 1770/1770/1770
f 1759/1759/1759 1771/1771/1771 1770/1770/1770
f 1759/1759/1759 1760/1760/1760 1771/1771/1771
f 1760/1760/1760 1772/1772/1772 1771/1771/1771
f 1760/1760/1760 1761/1761/1761 1772/1772/1772
f 1761/1761/1761 1773/1773/1773 1772/1772/1772
f 1761/1761/1761 1762/1762/1762 1773/1773/1773
f 1762/1762/1762 1774/1774/1774 1773/1773/1773
f 1762/1762/1762 1763/1763/1763 1774/1774/1774
f 1763/1763/1763 1775/1775/1775 1774/1774/1774
f 1763/1763/1763 1764/1764/1764 1775/1775/1775
f 1764/1764/1764 1776/1776/1776 1775/1775/1775
f 1764/1764/1764 1765/1765/1765 1776/1776/1776
f 1766/1766/1766 1778/1778/1778 1777/1777/1777
f 1766/1766/1766 1767/1767/1767 1778/1778/1778
f 1767/1767/1767 1779/1779/1779 1778/1778/1778
f 1767/1767/1767 1768/1768/1768 1779/1779/1779
f 1768/1768/1768 1780/1780/1780 1779/1779/1779
f 1768/1768/1768 1769/1769/1769 1780/1780/1780
f 1769/1769/1769 1781/1781/1781 1780/1780/1780
f 1769/1769/1769 1770/1770/1770 1781/1781/1781
f 1770/1770/1770 1782/1782/1782 1781/1781/1781
f 1770/1770/1770 1771/1771/1771 1782/1782/1782
f 1771/1771/1771 1783/1783/1783 1782/1782/1782
f 1771/1771/1771 1772/1772/1772 1783/1783/1783
f 1772/1772/1772 1784/1784/1784 1783/1783/1783
f 1772/1772/1772 1773/1773/1773 1784/1784/1784
f 1773/1773/1773 1785/1785/1785 1784/1784/1784
f 1773/1773/1773 1774/1774/1774 1785/1785/1785
f 1774/1774/1774 1786/1786/1786 1785/1785/1785
f 1774/1774/1774 1775/1775/1775 1786/1786/1786
f 1775/1775/1775 1787/1787/1787 1786/1786/1786
f 1775/1775/1775 1776/1776/1776 1787/1787/1787
f 1777/1777/1777 1789/1789/1789 1788/1788/1788
f 1777/1777/1777 1778/1778/1778 1789/1789/1789
f 1778/1778/1778 1790/1790/1790 1789/1789/1789
f 1778/1778/1778 1779/1779/1779 1790/1790/1790
f 1779/1779/1779 1791/1791/1791 1790/1790/1790
f 1779/1779/1779 1780/1780/1780 1791/1791/1791
f 1780/1780/1780 1792/1792/1792 1791/1791/1791
f 1780/1780/1780 1781/1781/1781 1792/1792/1792
f 1781/1781/1781 1793/1793/1793 1792/1792/1792
f 1781/1781/1781 1782/1782/1782 1793/1793/1793
f 1782/1782/1782 1794/1794/1794 1793/1793/1793
f 1782/1782/1782 1783/1783/1783 1794/1794/1794
f 1783/1783/1783 1795/1795/1795 1794/1794/1794
f 1783/1783/1783 1784/1784/1784 1795/1795/1795
f 1784/1784/1784 1796/1796/1796 1795/1795/1795
f 1784/1784/1784 1785/1785/1785 1796/1796/1796
f 1785/1785/1785 1797/1797/1797 1796/1796/1796
f 1785/1785/1785 1786/1786/1786 1797/1797/1797
f 1786/1786/1786 1798/1798/1798 1797/1797/1797
f 1786/1786/1786 1787/1787/1787 1798/1798/1798
f 1788/1788/1788 1800/1800/1800 1799/1799/1799
f 1788/1788/1788 1789/1789/1789 1800/1800/1800
f 1789/1789/1789 1801/1801/1801 1800/1800/1800
f 1789/1789/1789 1790/1790/1790 1801/1801/1801
f 1790/1790/1790 1802/1802/1802 1801/1801/1801
f 1790/1790/1790 1791/1791/1791 1802/1802/1802
f 1791/1791/1791 1803/1803/1803 1802/1802/1802
f 1791/1791/1791 1792/1792/1792 1803/1803/1803
f 1792/1792/1792 1804/1804/1804 1803/1803/1803
f 1792/1792/1792 1793/1793/1793 1804/1804/1804
f 1793/1793/1793 1805/1805/1805 1804/1804/1804
f 1793/1793/1793 1794/1794/1794 1805/1805/1805
f 1794/1794/1794 1806/1806/1806 1805/1805/1805
f 1794/1794/1794 1795/1795/1795 1806/1806/1806
f 1795/1795/1795 1807/1807/1807 1806/1806/1806
f 1795/1795/1795 1796/1796/1796 1807/1807/1807
f 1796/1796/1796 1808/1808/1808 1807/1807/1807
f 1796/1796/1796 1797/1797/1797 1808/1808/1808
f 1797/1797/1797 1809/1809/1809 1808/1808/1808
f 1797/1797/1797 1798/1798/1798 1809/1809/1809
f 1810/1810/1810 1799/1799/1799 1800/1800/1800
f 1810/1810/1810 1800/1800/1800 1801/1801/1801
f 1810/1810/1810 1801/1801/1801 1802/1802/1802
f 1810/1810/1810 1802/1802/1802 1803/1803/1803
f 1810/1810/1810 1803/1803/1803 1804/1804/1804
f 1810/1810/1810 1804/1804/1804 1805/1805/1805
f 1810/1810/1810 1805/1805/1805 1806/1806/1806
f 1810/1810/1810 1806/1806/1806 1807/1807/1807
f 1810/1810/1810 1807/1807/1807 1808/1808/1808
f 1810/1810/1810 1808/1808/1808 1809/1809/1809
f 1811/1811/1811 1819/1819/1819 1815/1815/1815
f 1811/1811/1811 1815/1815/1815 1825/1825/1825
f 1811/1811/1811 1825/1825/1825 1823/1823/1823
f 1811/1811/1811 1827/1827/1827 1813/1813/1813
f 1811/1811/1811 1813/1813/1813 1821/1821/1821
f 1811/1811/1811 1821/1821/1821 1819/1819/1819
f 1811/1811/1811 1823/1823/1823 1812/1812/1812
f 1811/1811/1811 1812/1812/1812 1828/1828/1828
f 1811/1811/1811 1828/1828/1828 1827/1827/1827
f 1819/1819/1819 1821/1821/1821 1817/1817/1817
f 1819/1819/1819 1817/1817/1817 1829/1829/1829
f 1819/1819/1819 1829/1829/1829 1815/1815/1815
f 1813/1813/1813 1824/1824/1824 1814/1814/1814
f 1813/1813/1813 1814/1814/1814 1822/1822/1822
f 1813/1813/1813 1822/1822/1822 1821/1821/1821
f 1813/1813/1813 1827/1827/1827 1828/1828/1828
f 1813/1813/1813 1828/1828/1828 1814/1814/1814
f 1813/1813/1813 1814/1814/1814 1824/1824/1824
f 1815/1815/1815 1829/1829/1829 1830/1830/1830
f 1815/1815/1815 1830/1830/1830 1816/1816/1816
f 1815/1815/1815 1816/1816/1816 1825/1825/1825
f 1817/1817/1817 1826/1826/1826 1818/1818/1818
f 1817/1817/1817 1818/1818/1818 1830/1830/1830
f 1817/1817/1817 1830/1830/1830 1829/1829/1829
f 1817/1817/1817 1821/1821/1821 1822/1822/1822
f 1817/1817/1817 1822/1822/1822 1818/1818/1818
f 1817/1817/1817 1818/1818/1818 1826/1826/1826
f 1812/1812/1812 1820/1820/1820 1816/1816/1816
f 1812/1812/1812 1816/1816/1816 1825/1825/1825
f 1812/1812/1812 1825/1825/1825 1823/1823/1823
f 1812/1812/1812 1828/1828/1828 1814/1814/1814
f 1812/1812/1812 1814/1814/1814 1822/1822/1822
f 1812/1812/1812 1822/1822/1822 1820/1820/1820
f 1816/1816/1816 1830/1830/1830 1818/1818/1818
f 1816/1816/1816 1818/1818/1818 1826/1826/1826
f 1816/1816/1816 1826/1826/1826 1820/1820/1820
f 1831/1831/1831 1839/1839/1839 1832/1832/1832
f 1831/1831/1831 1838/1838/1838 1839/1839/1839
f 1845/1845/1845 1831/1831/1831 1832/1832/1832
f 1846/1846/1846 1839/1839/1839 1838/1838/1838
f 1832/1832/1832 1840/1840/1840 1833/1833/1833
f 1832/1832/1832 1839/1839/1839 1840/1840/1840
f 1845/1845/1845 1832/1832/1832 1833/1833/1833
f 1846/1846/1846 1840/1840/1840 1839/1839/1839
f 1833/1833/1833 1841/1841/1841 1834/1834/1834
f 1833/1833/1833 1840/1840/1840 1841/1841/1841
f 1845/1845/1845 1833/1833/1833 1834/1834/1834
f 1846/1846/1846 1841/1841/1841 1840/1840/1840
f 1834/1834/1834 1842/1842/1842 1835/1835/1835
f 1834/1834/1834 1841/1841/1841 1842/1842/1842
f 1845/1845/1845 1834/1834/1834 1835/1835/1835
f 1846/1846/1846 1842/1842/1842 1841/1841/1841
f 1835/1835/1835 1843/1843/1843 1836/1836/1836
f 1835/1835/1835 1842/1842/1842 1843/1843/1843
f 1845/1845/1845 1835/1835/1835 1836/1836/1836
f 1846/1846/1846 1843/1843/1843 1842/1842/1842
f 1836/1836/1836 1844/1844/1844 1837/1837/1837
f 1836/1836/1836 1843/1843/1843 1844/1844/1844
f 1845/1845/1845 1836/1836/1836 1837/1837/1837
f 1846/1846/1846 1844/1844/1844 1843/1843/1843
f 1837/1837/1837 1838/1838/1838 1831/1831/1831
f 1837/1837/1837 1844/1844/1844 1838/1838/1838
f 1845/1845/1845 1837/1837/1837 1831/1831/1831
f 1846/1846/1846 1838/1838/1838 1844/1844/1844
f 1847/1847/1847 1859/1859/1859 1858/1858/1858
f 1847/1847/1847 1848/1848/1848 1859/1859/1859
f 1848/1848/1848 1860/1860/1860 1859/1859/1859
f 1848/1848/1848 1849/1849/1849 1860/1860/1860
f 1849/1849/1849 1861/1861/1861 1860/1860/1860
f 1849/1849/1849 1850/1850/1850 1861/1861/1861
f 1850/1850/1850 1862/1862/1862 1861/1861/1861
f 1850/1850/1850 1851/1851/1851 1862/1862/1862
f 1851/1851/1851 1863/1863/1863 1862/1862/1862
f 1851/1851/1851 1852/1852/1852 1863/1863/1863
f 1852/1852/1852 1864/1864/1864 1863/1863/1863
f 1852/1852/1852 1853/1853/1853 1864/1864/1864
f 1853/1853/1853 1865/1865/1865 1864/1864/1864
f 1853/1853/1853 1854/1854/1854 1865/1865/1865
f 1854/1854/1854 1866/1866/1866 1865/1865/1865
f 1854/1854/1854 1855/1855/1855 1866/1866/1866
f 1855/1855/1855 1867/1867/1867 1866/1866/1866
f 1855/1855/1855 1856/1856/1856 1867/1867/1867
f 1856/1856/1856 1868/1868/1868 1867/1867/1867
f 1856/1856/1856 1857/1857/1857 1868/1868/1868
f 1858/1858/1858 1870/1870/1870 1869/1869/1869
f 1858/1858/1858 1859/1859/1859 1870/1870/1870
f 1859/1859/1859 1871/1871/1871 1870/1870/1870
f 1859/1859/1859 1860/1860/1860 1871/1871/1871
f 1860/1860/1860 1872/1872/1872 1871/1871/1871
f 1860/1860/1860 1861/1861/1861 1872/1872/1872
f 1861/1861/1861 1873/1873/1873 1872/1872/1872
f 1861/1861/1861 1862/1862/1862 1873/1873/1873
f 1862/1862/1862 1874/1874/1874 1873/1873/1873
f 1862/1862/1862 1863/1863/1863 1874/1874/1874
f 1863/1863/1863 1875/1875/1875 1874/1874/1874
f 1863/1863/1863 1864/1864/1864 1875/1875/1875
f 1864/1864/1864 1876/1876/1876 1875/1875/1875
f 1864/1864/1864 1865/1865/1865 1876/1876/1876
f 1865/1865/1865 1877/1877/1877 1876/1876/1876
f 1865/1865/1865 1866/1866/1866 1877/1877/1877
f 1866/1866/1866 1878/1878/1878 1877/1877/1877
f 1866/1866/1866 1867/1867/1867 1878/1878/1878
f 1867/1867/1867 1879/1879/1879 1878/1878/1878
f 1867/1867/1867 1868/1868/1868 1879/1879/1879
f 1869/1869/1869 1881/1881/1881 1880/1880/1880
f 1869/1869/1869 1870/1870/1870 1881/1881/1881
f 1870/1870/1870 1882/1882/1882 1881/1881/1881
f 1870/1870/1870 1871/1871/1871 1882/1882/1882
f 1871/1871/1871 1883/1883/1883 1882/1882/1882
f 1871/1871/1871 1872/1872/1872 1883/1883/1883
f 1872/1872/1872 1884/1884/1884 1883/1883/1883
f 1872/1872/1872 1873/1873/1873 1884/1884/1884
f 1873/1873/1873 1885/1885/1885 1884/1884/1884
f 1873/1873/1873 1874/1874/1874 1885/1885/1885
f 1874/1874/1874 1886/1886/1886 1885/1885/1885
f 1874/1874/1874 1875/1875/1875 1886/1886/1886
f 1875/1875/1875 1887/1887/1887 1886/1886/1886
f 1875/1875/1875 1876/1876/1876 1887/1887/1887
f 1876/1876/1876 1888/1888/1888 1887/1887/1887
f 1876/1876/1876 1877/1877/1877 1888/1888/1888
f 1877/1877/1877 1889/1889/1889 1888/1888/1888
f 1877/1877/1877 1878/1878/1878 1889/1889/1889
f 1878/1878/1878 1890/1890/1890 1889/1889/1889
f 1878/1878/1878 1879/1879/1879 1890/1890/1890
f 1880/1880/1880 1892/1892/1892 1891/1891/1891
f 1880/1880/1880 1881/1881/1881 1892/1892/1892
f 1881/1881/1881 1893/1893/1893 1892/1892/1892
f 1881/1881/1881 1882/1882/1882 1893/1893/1893
f 1882/1882/1882 1894/1894/1894 1893/1893/1893
f 1882/1882/1882 1883/1883/1883 1894/1894/1894
f 1883/1883/1883 1895/1895/1895 1894/1894/1894
f 1883/1883/1883 1884/1884/1884 1895/1895/1895
f 1884/1884/1884 1896/1896/1896 1895/1895/1895
f 1884/1884/1884 1885/1885/1885 1896/1896/1896
f 1885/1885/1885 1897/1897/1897 1896/1896/1896
f 1885/1885/1885 1886/1886/1886 1897/1897/1897
f 1886/1886/1886 1898/1898/1898 1897/1897/1897
f 1886/1886/1886 1887/1887/1887 1898/1898/1898
f 1887/1887/1887 1899/1899/1899 1898/1898/1898
f 1887/1887/1887 1888/1888/1888 1899/1899/1899
f 1888/1888/1888 1900/1900/1900 1899/1899/1899
f 1888/1888/1888 1889/1889/1889 1900/1900/1900
f 1889/1889/1889 1901/1901/1901 1900/1900/1900
f 1889/1889/1889 1890/1890/1890 1901/1901/1901
f 1891/1891/1891 1903/1903/1903 1902/1902/1902
f 1891/1891/1891 1892/1892/1892 1903/1903/1903
f 1892/1892/1892 1904/1904/1904 1903/1903/1903
f 1892/1892/1892 1893/1893/1893 1904/1904/1904
f 1893/1893/1893 1905/1905/1905 1904/1904/1904
f 1893/1893/1893 1894/1894/1894 1905/1905/1905
f 1894/1894/1894 1906/1906/1906 1905/1905/1905
f 1894/1894/1894 1895/1895/1895 1906/1906/1906
f 1895/1895/1895 1907/1907/1907 1906/1906/1906
f 1895/1895/1895 1896/1896/1896 1907/1907/1907
f 1896/1896/1896 1908/1908/1908 1907/1907/1907
f 1896/1896/1896 1897/1897/1897 1908/1908/1908
f 1897/1897/1897 1909/1909/1909 1908/1908/1908
f 1897/1897/1897 1898/1898/1898 1909/1909/1909
f 1898/1898/1898 1910/1910/1910 1909/1909/1909
f 1898/1898/1898 1899/1899/1899 1910/1910/1910
f 1899/1899/1899 1911/1911/1911 1910/1910/1910
f 1899/1899/1899 1900/1900/1900 1911/1911/1911
f 1900/1900/1900 1912/1912/1912 1911/1911/1911
f 1900/1900/1900 1901/1901/1901 1912/1912/1912
f 1902/1902/1902 1914/1914/1914 1913/1913/1913
f 1902/1902/1902 1903/1903/1903 1914/1914/1914
f 1903/1903/1903 1915/1915/1915 1914/1914/1914
f 1903/1903/1903 1904/1904/1904 1915/1915/1915
f 1904/1904/1904 1916/1916/1916 1915/1915/1915
f 1904/1904/1904 1905/1905/1905 1916/1916/1916
f 1905/1905/1905 1917/1917/1917 1916/1916/1916
f 1905/1905/1905 1906/1906/1906 1917/1917/1917
f 1906/1906/1906 1918/1918/1918 1917/1917/1917
f 1906/1906/1906 1907/1907/1907 1918/1918/1918
f 1907/1907/1907 1919/1919/1919 1918/1918/1918
f 1907/1907/1907 1908/1908/1908 1919/1919/1919
f 1908/1908/1908 1920/1920/1920 1919/1919/1919
f 1908/1908/1908 1909/1909/1909 1920/1920/1920
f 1909/1909/1909 1921/1921/1921 1920/1920/1920
f 1909/1909/1909 1910/1910/1910 1921/1921/1921
f 1910/1910/1910 1922/1922/1922 1921/1921/1921
f 1910/1910/1910 1911/1911/1911 1922/1922/1922
f 1911/1911/1911 1923/1923/1923 1922/1922/1922
f 1911/1911/1911 1912/1912/1912 1923/1923/1923
f 1913/1913/1913 1925/1925/1925 1924/1924/1924
f 1913/1913/1913 1914/1914/1914 1925/1925/1925
f 1914/1914/1914 1926/1926/1926 1925/1925/1925
f 1914/1914/1914 1915/1915/1915 1926/1926/1926
f 1915/1915/1915 1927/1927/1927 1926/1926/1926
f 1915/1915/1915 1916/1916/1916 1927/1927/1927
f 1916/1916/1916 1928/1928/1928 1927/1927/1927
f 1916/1916/1916 1917/1917/1917 1928/1928/1928
f 1917/1917/1917 1929/1929/1929 1928/1928/1928
f 1917/1917/1917 1918/1918/1918 1929/1929/1929
f 1918/1918/1918 1930/1930/1930 1929/1929/1929
f 1918/1918/1918 1919/1919/1919 1930/1930/1930
f 1919/1919/1919 1931/1931/1931 1930/1930/1930
f 1919/1919/1919 1920/1920/1920 1931/1931/1931
f 1920/1920/1920 1932/1932/1932 1931/1931/1931
f 1920/1920/1920 1921/1921/1921 1932/1932/1932
f 1921/1921/1921 1933/1933/1933 1932/1932/1932
f 1921/1921/1921 1922/1922/1922 1933/1933/1933
f 1922/1922/1922 1934/1934/1934 1933/1933/1933
f 1922/1922/1922 1923/1923/1923 1934/1934/1934
f 1924/1924/1924 1936/1936/1936 1935/1935/1935
f 1924/1924/1924 1925/1925/1925 1936/1936/1936
f 1925/1925/1925 1937/1937/1937 1936/1936/1936
f 1925/1925/1925 1926/1926/1926 1937/1937/1937
f 1926/1926/1926 1938/1938/1938 1937/1937/1937
f 1926/1926/1926 1927/1927/1927 1938/1938/1938
f 1927/1927/1927 1939/1939/1939 1938/1938/1938
f 1927/1927/1927 1928/1928/1928 1939/1939/1939
f 1928/1928/1928 1940/1940/1940 1939/1939/1939
f 1928/1928/1928 1929/1929/1929 1940/1940/1940
f 1929/1929/1929 1941/1941/1941 1940/1940/1940
f 1929/1929/1929 1930/1930/1930 1941/1941/1941
f 1930/1930/1930 1942/1942/1942 1941/1941/1941
f 1930/1930/1930 1931/1931/1931 1942/1942/1942
f 1931/1931/1931 1943/1943/1943 1942/1942/1942
f 1931/1931/1931 1932/1932/1932 1943/1943/1943
f 1932/1932/1932 1944/1944/1944 1943/1943/1943
f 1932/1932/1932 1933/1933/1933 1944/1944/1944
f 1933/1933/1933 1945/1945/1945 1944/1944/1944
f 1933/1933/1933 1934/1934/1934 1945/1945/1945
f 1946/1946/1946 1935/1935/1935 1936/1936/1936
f 1946/1946/1946 1936/1936/1936 1937/1937/1937
f 1946/1946/1946 1937/1937/1937 1938/1938/1938
f 1946/1946/1946 1938/1938/1938 1939/1939/1939
f 1946/1946/1946 1939/1939/1939 1940/1940/1940
f 1946/1946/1946 1940/1940/1940 1941/1941/1941
f 1946/1946/1946 1941/1941/1941 1942/1942/1942
f 1946/1946/1946 1942/1942/1942 1943/1943/1943
f 1946/1946/1946 1943/1943/1943 1944/1944/1944
f 1946/1946/1946 1944/1944/1944 1945/1945/1945
f 1947/1947/1947 1955/1955/1955 1951/1951/1951
f 1947/1947/1947 1951/1951/1951 1961/1961/1961
f 1947/1947/1947 1961/1961/1961 1959/1959/1959
f 1947/1947/1947 1963/1963/1963 1949/1949/1949
f 1947/1947/1947 1949/1949/1949 1957/1957/1957
f 1947/1947/1947 1957/1957/1957 1955/1955/1955
f 1947/1947/1947 1959/1959/1959 1948/1948/1948
f 1947/1947/1947 1948/1948/1948 1964/1964/1964
f 1947/1947/1947 1964/1964/1964 1963/1963/1963
f 1955/1955/1955 1957/1957/1957 1953/1953/1953
f 1955/1955/1955 1953/1953/1953 1965/1965/1965
f 1955/1955/1955 1965/1965/1965 1951/1951/1951
f 1949/1949/1949 1960/1960/1960 1950/1950/1950
f 1949/1949/1949 1950/1950/1950 1958/1958/1958
f 1949/1949/1949 1958/1958/1958 1957/1957/1957
f 1949/1949/1949 1963/1963/1963 1964/1964/1964
f 1949/1949/1949 1964/1964/1964 1950/1950/1950
f 1949/1949/1949 1950/1950/1950 1960/1960/1960
f 1951/1951/1951 1965/1965/1965 1966/1966/1966
f 1951/1951/1951 1966/1966/1966 1952/1952/1952
f 1951/1951/1951 1952/1952/1952 1961/1961/1961
f 1953/1953/1953 1962/1962/1962 1954/1954/1954
f 1953/1953/1953 1954/1954/1954 1966/1966/1966
f 1953/1953/1953 1966/1966/1966 1965/1965/1965
f 1953/1953/1953 1957/1957/1957 1958/1958/1958
f 1953/1953/1953 1958/1958/1958 1954/1954/1954
f 1953/1953/1953 1954/1954/1954 1962/1962/1962
f 1948/1948/1948 1956/1956/1956 1952/1952/1952
f 1948/1948/1948 1952/1952/1952 1961/1961/1961
f 1948/1948/1948 1961/1961/1961 1959/1959/1959
f 1948/1948/1948 1964/1964/1964 1950/1950/1950
f 1948/1948/1948 1950/1950/1950 1958/1958/1958
f 1948/1948/1948 1958/1958/1958 1956/1956/1956
f 1952/1952/1952 1966/1966/1966 1954/1954/1954
f 1952/1952/1952 1954/1954/1954 1962/1962/1962
f 1952/1952/1952 1962/1962/1962 1956/1956/1956
f 1967/1967/1967 1975/1975/1975 1968/1968/1968
f 1967/1967/1967 1974/1974/1974 1975/1975/1975
f 1981/1981/1981 1967/1967/1967 1968/1968/1968
f 1982/1982/1982 1975/1975/1975 1974/1974/1974
f 1968/1968/1968 1976/1976/1976 1969/1969/1969
f 1968/1968/1968 1975/1975/1975 1976/1976/1976
f 1981/1981/1981 1968/1968/1968 1969/1969/1969
f 1982/1982/1982 1976/1976/1976 1975/1975/1975
f 1969/1969/1969 1977/1977/1977 1970/1970/1970
f 1969/1969/1969 1976/1976/1976 1977/1977/1977
f 1981/1981/1981 1969/1969/1969 1970/1970/1970
f 1982/1982/1982 1977/1977/1977 1976/1976/1976
f 1970/1970/1970 1978/1978/1978 1971/1971/1971
f 1970/1970/1970 1977/1977/1977 1978/1978/1978
f 1981/1981/1981 1970/1970/1970 1971/1971/1971
f 1982/1982/1982 1978/1978/1978 1977/1977/1977
f 1971/1971/1971 1979/1979/1979 1972/1972/1972
f 1971/1971/1971 1978/1978/1978 1979/1979/1979
f 1981/1981/1981 1971/1971/1971 1972/1972/1972
f 1982/1982/1982 1979/1979/1979 1978/1978/1978
f 1972/1972/1972 1980/1980/1980 1973/1973/1973
f 1972/1972/1972 1979/1979/1979 1980/1980/1980
f 1981/1981/1981 1972/1972/1972 1973/1973/1973
f 1982/1982/1982 1980/1980/1980 1979/1979/1979
f 1973/1973/1973 1974/1974/1974 1967/1967/1967
f 1973/1973/1973 1980/1980/1980 1974/1974/1974
f 1981/1981/1981 1973/1973/1973 1967/1967/1967
f 1982/1982/1982 1974/1974/1974 1980/1980/1980
f 1983/1983/1983 1995/1995/1995 1994/1994/1994
f 1983/1983/1983 1984/1984/1984 1995/1995/1995
f 1984/1984/1984 1996/1996/1996 1995/1995/1995
f 1984/1984/1984 1985/1985/1985 1996/1996/1996
f 1985/1985/1985 1997/1997/1997 1996/1996/1996
f 1985/1985/1985 1986/1986/1986 1997/1997/1997
f 1986/1986/1986 1998/1998/1998 1997/1997/1997
f 1986/1986/1986 1987/1987/1987 1998/1998/1998
f 1987/1987/1987 1999/1999/1999 1998/1998/1998
f 1987/1987/1987 1988/1988/1988 1999/1999/1999
f 1988/1988/1988 2000/2000/2000 1999/1999/1999
f 1988/1988/1988 1989/1989/1989 2000/2000/2000
f 1989/1989/1989 2001/2001/2001 2000/2000/2000
f 1989/1989/1989 1990/1990/1990 2001/2001/2001
f 1990/1990/1990 2002/2002/2002 2001/2001/2001
f 1990/1990/1990 1991/1991/1991 2002/2002/2002
f 1991/1991/1991 2003/2003/2003 2002/2002/2002
f 1991/1991/1991 1992/1992/1992 2003/2003/2003
f 1992/1992/1992 2004/2004/2004 2003/2003/2003
f 1992/1992/1992 1993/1993/1993 2004/2004/2004
f 1994/1994/1994 2006/2006/2006 2005/2005/2005
f 1994/1994/1994 1995/1995/1995 2006/2006/2006
f 1995/1995/1995 2007/2007/2007 2006/2006/2006
f 1995/1995/1995 1996/1996/1996 2007/2007/2007
f 1996/1996/1996 2008/2008/2008 2007/2007/2007
f 1996/1996/1996 1997/1997/1997 2008/2008/2008
f 1997/1997/1997 2009/2009/2009 2008/2008/2008
f 1997/1997/1997 1998/1998/1998 2009/2009/2009
f 1998/1998/1998 2010/2010/2010 2009/2009/2009
f 1998/1998/1998 1999/1999/1999 2010/2010/2010
f 1999/1999/1999 2011/2011/2011 2010/2010/2010
f 1999/1999/1999 2000/2000/2000 2011/2011/2011
f 2000/2000/2000 2012/2012/2012 2011/2011/2011
f 2000/2000/2000 2001/2001/2001 2012/2012/2012
f 2001/2001/2001 2013/2013/2013 2012/2012/2012
f 2001/2001/2001 2002/2002/2002 2013/2013/2013
f 2002/2002/2002 2014/2014/2014 2013/2013/2013
f 2002/2002/2002 2003/2003/2003 2014/2014/2014
f 2003/2003/2003 2015/2015/2015 2014/2014/2014
f 2003/2003/2003 2004/2004/2004 2015/2015/2015
f 2005/2005/2005 2017/2017/2017 2016/2016/2016
f 2005/2005/2005 2006/2006/2006 2017/2017/2017
f 2006/2006/2006 2018/2018/2018 2017/2017/2017
f 2006/2006/2006 2007/2007/2007 2018/2018/2018
f 2007/2007/2007 2019/2019/2019 2018/2018/2018
f 2007/2007/2007 2008/2008/2008 2019/2019/2019
f 2008/2008/2008 2020/2020/2020 2019/2019/2019
f 2008/2008/2008 2009/2009/2009 2020/2020/2020
f 2009/2009/2009 2021/2021/2021 2020/2020/2020
f 2009/2009/2009 2010/2010/2010 2021/2021/2021
f 2010/2010/2010 2022/2022/2022 2021/2021/2021
f 2010/2010/2010 2011/2011/2011 2022/2022/2022
f 2011/2011/2011 2023/2023/2023 2022/2022/2022
f 2011/2011/2011 2012/2012/2012 2023/2023/2023
f 2012/2012/2012 2024/2024/2024 2023/2023/2023
f 2012/2012/2012 2013/2013/2013 2024/2024/2024
f 2013/2013/2013 2025/2025/2025 2024/2024/2024
f 2013/2013/2013 2014/2014/2014 2025/2025/2025
f 2014/2014/2014 2026/2026/2026 2025/2025/2025
f 2014/2014/2014 2015/2015/2015 2026/2026/2026
f 2016/2016/2016 2028/2028/2028 2027/2027/2027
f 2016/2016/2016 2017/2017/2017 2028/2028/2028
f 2017/2017/2017 2029/2029/2029 2028/2028/2028
f 2017/2017/2017 2018/2018/2018 2029/2029/2029
f 2018/2018/2018 2030/2030/2030 2029/2029/2029
f 2018/2018/2018 2019/2019/2019 2030/2030/2030
f 2019/2019/2019 2031/2031/2031 2030/2030/2030
f 2019/2019/2019 2020/2020/2020 2031/2031/2031
f 2020/2020/2020 2032/2032/2032 2031/2031/2031
f 2020/2020/2020 2021/2021/2021 2032/2032/2032
f 2021/2021/2021 2033/2033/2033 2032/2032/2032
f 2021/2021/2021 2022/2022/2022 2033/2033/2033
f 2022/2022/2022 2034/2034/2034 2033/2033/2033
f 2022/2022/2022 2023/2023/2023 2034/2034/2034
f 2023/2023/2023 2035/2035/2035 2034/2034/2034
f 2023/2023/2023 2024/2024/2024 2035/2035/2035
f 2024/2024/2024 2036/2036/2036 2035/2035/2035
f 2024/2024/2024 2025/2025/2025 2036/2036/2036
f 2025/2025/2025 2037/2037/2037 2036/2036/2036
f 2025/2025/2025 2026/2026/2026 2037/2037/2037
f 2027/2027/2027 2039/2039/2039 2038/2038/2038
f 2027/2027/2027 2028/2028/2028 2039/2039/2039
f 2028/2028/2028 2040/2040/2040 2039/2039/2039
f 2028/2028/2028 2029/2029/2029 2040/2040/2040
f 2029/2029/2029 2041/2041/2041 2040/2040/2040
f 2029/2029/2029 2030/2030/2030 2041/2041/2041
f 2030/2030/2030 2042/2042/2042 2041/2041/2041
f 2030/2030/2030 2031/2031/2031 2042/2042/2042
f 2031/2031/2031 2043/2043/2043 2042/2042/2042
f 2031/2031/2031 2032/2032/2032 2043/2043/2043
f 2032/2032/2032 2044/2044/2044 2043/2043/2043
f 2032/2032/2032 2033/2033/2033 2044/2044/2044
f 2033/2033/2033 2045/2045/2045 2044/2044/2044
f 2033/2033/2033 2034/2034/2034 2045/2045/2045
f 2034/2034/2034 2046/2046/2046 2045/2045/2045
f 2034/2034/2034 2035/2035/2035 2046/2046/2046
f 2035/2035/2035 2047/2047/2047 2046/2046/2046
f 2035/2035/2035 2036/2036/2036 2047/2047/2047
f 2036/2036/2036 2048/2048/2048 2047/2047/2047
f 2036/2036/2036 2037/2037/2037 2048/2048/2048
f 2038/2038/2038 2050/2050/2050 2049/2049/2049
f 2038/2038/2038 2039/2039/2039 2050/2050/2050
f 2039/2039/2039 2051/2051/2051 2050/2050/2050
f 2039/2039/2039 2040/2040/2040 2051/2051/2051
f 2040/2040/2040 2052/2052/2052 2051/2051/2051
f 2040/2040/2040 2041/2041/2041 2052/2052/2052
f 2041/2041/2041 2053/2053/2053 2052/2052/2052
f 2041/2041/2041 2042/2042/2042 2053/2053/2053
f 2042/2042/2042 2054/2054/2054 2053/2053/2053
f 2042/2042/2042 2043/2043/2043 2054/2054/2054
f 2043/2043/2043 2055/2055/2055 2054/2054/2054
f 2043/2043/2043 2044/2044/2044 2055/2055/2055
f 2044/2044/2044 2056/2056/2056 2055/2055/2055
f 2044/2044/2044 2045/2045/2045 2056/2056/2056
f 2045/2045/2045 2057/2057/2057 2056/2056/2056
f 2045/2045/2045 2046/2046/2046 2057/2057/2057
f 2046/2046/2046 2058/2058/2058 2057/2057/2057
f 2046/2046/2046 2047/2047/2047 2058/2058/2058
f 2047/2047/2047 2059/2059/2059 2058/2058/2058
f 2047/2047/2047 2048/2048/2048 2059/2059/2059
f 2049/2049/2049 2061/2061/2061 2060/2060/2060
f 2049/2049/2049 2050/2050/2050 2061/2061/2061
f 2050/2050/2050 2062/2062/2062 2061/2061/2061
f 2050/2050/2050 2051/2051/2051 2062/2062/2062
f 2051/2051/2051 2063/2063/2063 2062/2062/2062
f 2051/2051/2051 2052/2052/2052 2063/2063/2063
f 2052/2052/2052 2064/2064/2064 2063/2063/2063
f 2052/2052/2052 2053/2053/2053 2064/2064/2064
f 2053/2053/2053 2065/2065/2065 2064/2064/2064
f 2053/2053/2053 2054/2054/2054 2065/2065/2065
f 2054/2054/2054 2066/2066/2066 2065/2065/2065
f 2054/2054/2054 2055/2055/2055 2066/2066/2066
f 2055/2055/2055 2067/2067/2067 2066/2066/2066
f 2055/2055/2055 2056/2056/2056 2067/2067/2067
f 2056/2056/2056 2068/2068/2068 2067/2067/2067
f 2056/2056/2056 2057/2057/2057 2068/2068/2068
f 2057/2057/2057 2069/2069/2069 2068/2068/2068
f 2057/2057/2057 2058/2058/2058 2069/2069/2069
f 2058/2058/2058 2070/2070/2070 2069/2069/2069
f 2058/2058/2058 2059/2059/2059 2070/2070/2070
f 2060/2060/2060 2072/2072/2072 2071/2071/2071
f 2060/2060/2060 2061/2061/2061 2072/2072/2072
f 2061/2061/2061 2073/2073/2073 2072/2072/2072
f 2061/2061/2061 2062/2062/2062 2073/2073/2073
f 2062/2062/2062 2074/2074/2074 2073/2073/2073
f 2062/2062/2062 2063/2063/2063 2074/2074/2074
f 2063/2063/2063 2075/2075/2075 2074/2074/2074
f 2063/2063/2063 2064/2064/2064 2075/2075/2075
f 2064/2064/2064 2076/2076/2076 2075/2075/2075
f 2064/2064/2064 2065/2065/2065 2076/2076/2076
f 2065/2065/2065 2077/2077/2077 2076/2076/2076
f 2065/2065/2065 2066/2066/2066 2077/2077/2077
f 2066/2066/2066 2078/2078/2078 2077/2077/2077
f 2066/2066/2066 2067/2067/2067 2078/2078/2078
f 2067/2067/2067 2079/2079/2079 2078/2078/2078
f 2067/2067/2067 2068/2068/2068 2079/2079/2079
f 2068/2068/2068 2080/2080/2080 2079/2079/2079
f 2068/2068/2068 2069/2069/2069 2080/2080/2080
f 2069/2069/2069 2081/2081/2081 2080/2080/2080
f 2069/2069/2069 2070/2070/2070 2081/2081/2081
f 2082/2082/2082 2071/2071/2071 2072/2072/2072
f 2082/2082/2082 2072/2072/2072 2073/2073/2073
f 2082/2082/2082 2073/2073/2073 2074/2074/2074
f 2082/2082/2082 2074/2074/2074 2075/2075/2075
f 2082/2082/2082 2075/2075/2075 2076/2076/2076
f 2082/2082/2082 2076/2076/2076 2077/2077/2077
f 2082/2082/2082 2077/2077/2077 2078/2078/2078
f 2082/2082/2082 2078/2078/2078 2079/2079/2079
f 2082/2082/2082 2079/2079/2079 2080/2080/2080
f 2082/2082/2082 2080/2080/2080 2081/2081/2081
f 2083/2083/2083 2091/2091/2091 2087/2087/2087
f 2083/2083/2083 2087/2087/2087 2097/2097/2097
f 2083/2083/2083 2097/2097/2097 2095/2095/2095
f 2083/2083/2083 2099/2099/2099 2085/2085/2085
f 2083/2083/2083 2085/2085/2085 2093/2093/2093
f 2083/2083/2083 2093/2093/2093 2091/2091/2091
f 2083/2083/2083 2095/2095/2095 2084/2084/2084
f 2083/2083/2083 2084/2084/2084 2100/2100/2100
f 2083/2083/2083 2100/2100/2100 2099/2099/2099
f 2091/2091/2091 2093/2093/2093 2089/2089/2089
f 2091/2091/2091 2089/2089/2089 2101/2101/2101
f 2091/2091/2091 2101/2101/2101 2087/2087/2087
f 2085/2085/2085 2096/2096/2096 2086/2086/2086
f 2085/2085/2085 2086/2086/2086 2094/2094/2094
f 2085/2085/2085 2094/2094/2094 2093/2093/2093
f 2085/2085/2085 2099/2099/2099 2100/2100/2100
f 2085/2085/2085 2100/2100/2100 2086/2086/2086
f 2085/2085/2085 2086/2086/2086 2096/2096/2096
f 2087/2087/2087 2101/2101/2101 2102/2102/2102
f 2087/2087/2087 2102/2102/2102 2088/2088/2088
f 2087/2087/2087 2088/2088/2088 2097/2097/2097
f 2089/2089/2089 2098/2098/2098 2090/2090/2090
f 2089/2089/2089 2090/2090/2090 2102/2102/2102
f 2089/2089/2089 2102/2102/2102 2101/2101/2101
f 2089/2089/2089 2093/2093/2093 2094/2094/2094
f 2089/2089/2089 2094/2094/2094 2090/2090/2090
f 2089/2089/2089 2090/2090/2090 2098/2098/2098
f 2084/2084/2084 2092/2092/2092 2088/2088/2088
f 2084/2084/2084 2088/2088/2088 2097/2097/2097
f 2084/2084/2084 2097/2097/2097 2095/2095/2095
f 2084/2084/2084 2100/2100/2100 2086/2086/2086
f 2084/2084/2084 2086/2086/2086 2094/2094/2094
f 2084/2084/2084 2094/2094/2094 2092/2092/2092
f 2088/2088/2088 2102/2102/2102 2090/2090/2090
f 2088/2088/2088 2090/2090/2090 2098/2098/2098
f 2088/2088/2088 2098/2098/2098 2092/2092/2092
f 2103/2103/2103 2111/2111/2111 2104/2104/2104
f 2103/2103/2103 2110/2110/2110 2111/2111/2111
f 2117/2117/2117 2103/2103/2103 2104/2104/2104
f 2118/2118/2118 2111/2111/2111 2110/2110/2110
f 2104/2104/2104 2112/2112/2112 2105/2105/2105
f 2104/2104/2104 2111/2111/2111 2112/2112/2112
f 2117/2117/2117 2104/2104/2104 2105/2105/2105
f 2118/2118/2118 2112/2112/2112 2111/2111/2111
f 2105/2105/2105 2113/2113/2113 2106/2106/2106
f 2105/2105/2105 2112/2112/2112 2113/2113/2113
f 2117/2117/2117 2105/2105/2105 2106/2106/2106
f 2118/2118/2118 2113/2113/2113 2112/2112/2112
f 2106/2106/2106 2114/2114/2114 2107/2107/2107
f 2106/2106/2106 2113/2113/2113 2114/2114/2114
f 2117/2117/2117 2106/2106/2106 2107/2107/2107
f 2118/2118/2118 2114/2114/2114 2113/2113/2113
f 2107/2107/2107 2115/2115/2115 2108/2108/2108
f 2107/2107/2107 2114/2114/2114 2115/2115/2115
f 2117/2117/2117 2107/2107/2107 2108/2108/2108
f 2118/2118/2118 2115/2115/2115 2114/2114/2114
f 2108/2108/2108 2116/2116/2116 2109/2109/2109
f 2108/2108/2108 2115/2115/2115 2116/2116/2116
f 2117/2117/2117 2108/2108/2108 2109/2109/2109
f 2118/2118/2118 2116/2116/2116 2115/2115/2115
f 2109/2109/2109 2110/2110/2110 2103/2103/2103
f 2109/2109/2109 2116/2116/2116 2110/2110/2110
f 2117/2117/2117 2109/2109/2109 2103/2103/2103
f 2118/2118/2118 2110/2110/2110 2116/2116/2116
f 2119/2119/2119 2131/2131/2131 2130/2130/2130
f 2119/2119/2119 2120/2120/2120 2131/2131/2131
f 2120/2120/2120 2132/2132/2132 2131/2131/2131
f 2120/2120/2120 2121/2121/2121 2132/2132/2132
f 2121/2121/2121 2133/2133/2133 2132/2132/2132
f 2121/2121/2121 2122/2122/2122 2133/2133/2133
f 2122/2122/2122 2134/2134/2134 2133/2133/2133
f 2122/2122/2122 2123/2123/2123 2134/2134/2134
f 2123/2123/2123 2135/2135/2135 2134/2134/2134
f 2123/2123/2123 2124/2124/2124 2135/2135/2135
f 2124/2124/2124 2136/2136/2136 2135/2135/2135
f 2124/2124/2124 2125/2125/2125 2136/2136/2136
f 2125/2125/2125 2137/2137/2137 2136/2136/2136
f 2125/2125/2125 2126/2126/2126 2137/2137/2137
f 2126/2126/2126 2138/2138/2138 2137/2137/2137
f 2126/2126/2126 2127/2127/2127 2138/2138/2138
f 2127/2127/2127 2139/2139/2139 2138/2138/2138
f 2127/2127/2127 2128/2128/2128 2139/2139/2139
f 2128/2128/2128 2140/2140/2140 2139/2139/2139
f 2128/2128/2128 2129/2129/2129 2140/2140/2140
f 2130/2130/2130 2142/2142/2142 2141/2141/2141
f 2130/2130/2130 2131/2131/2131 2142/2142/2142
f 2131/2131/2131 2143/2143/2143 2142/2142/2142
f 2131/2131/2131 2132/2132/2132 2143/2143/2143
f 2132/2132/2132 2144/2144/2144 2143/2143/2143
f 2132/2132/2132 2133/2133/2133 2144/2144/2144
f 2133/2133/2133 2145/2145/2145 2144/2144/2144
f 2133/2133/2133 2134/2134/2134 2145/2145/2145
f 2134/2134/2134 2146/2146/2146 2145/2145/2145
f 2134/2134/2134 2135/2135/2135 2146/2146/2146
f 2135/2135/2135 2147/2147/2147 2146/2146/2146
f 2135/2135/2135 2136/2136/2136 2147/2147/2147
f 2136/2136/2136 2148/2148/2148 2147/2147/2147
f 2136/2136/2136 2137/2137/2137 2148/2148/2148
f 2137/2137/2137 2149/2149/2149 2148/2148/2148
f 2137/2137/2137 2138/2138/2138 2149/2149/2149
f 2138/2138/2138 2150/2150/2150 2149/2149/2149
f 2138/2138/2138 2139/2139/2139 2150/2150/2150
f 2139/2139/2139 2151/2151/2151 2150/2150/2150
f 2139/2139/2139 2140/2140/2140 2151/2151/2151
f 2141/2141/2141 2153/2153/2153 2152/2152/2152
f 2141/2141/2141 2142/2142/2142 2153/2153/2153
f 2142/2142/2142 2154/2154/2154 2153/2153/2153
f 2142/2142/2142 2143/2143/2143 2154/2154/2154
f 2143/2143/2143 2155/2155/2155 2154/2154/2154
f 2143/2143/2143 2144/2144/2144 2155/2155/2155
f 2144/2144/2144 2156/2156/2156 2155/2155/2155
f 2144/2144/2144 2145/2145/2145 2156/2156/2156
f 2145/2145/2145 2157/2157/2157 2156/2156/2156
f 2145/2145/2145 2146/2146/2146 2157/2157/2157
f 2146/2146/2146 2158/2158/2158 2157/2157/2157
f 2146/2146/2146 2147/2147/2147 2158/2158/2158
f 2147/2147/2147 2159/2159/2159 2158/2158/2158
f 2147/2147/2147 2148/2148/2148 2159/2159/2159
f 2148/2148/2148 2160/2160/2160 2159/2159/2159
f 2148/2148/2148 2149/2149/2149 2160/2160/2160
f 2149/2149/2149 2161/2161/2161 2160/2160/2160
f 2149/2149/2149 2150/2150/2150 2161/2161/2161
f 2150/2150/2150 2162/2162/2162 2161/2161/2161
f 2150/2150/2150 2151/2151/2151 2162/2162/2162
f 2152/2152/2152 2164/2164/2164 2163/2163/2163
f 2152/2152/2152 2153/2153/2153 2164/2164/2164
f 2153/2153/2153 2165/2165/2165 2164/2164/2164
f 2153/2153/2153 2154/2154/2154 2165/2165/2165
f 2154/2154/2154 2166/2166/2166 2165/2165/2165
f 2154/2154/2154 2155/2155/2155 2166/2166/2166
f 2155/2155/2155 2167/2167/2167 2166/2166/2166
f 2155/2155/2155 2156/2156/2156 2167/2167/2167
f 2156/2156/2156 2168/2168/2168 2167/2167/2167
f 2156/2156/2156 2157/2157/2157 2168/2168/2168
f 2157/2157/2157 2169/2169/2169 2168/2168/2168
f 2157/2157/2157 2158/2158/2158 2169/2169/2169
f 2158/2158/2158 2170/2170/2170 2169/2169/2169
f 2158/2158/2158 2159/2159/2159 2170/2170/2170
f 2159/2159/2159 2171/2171/2171 2170/2170/2170
f 2159/2159/2159 2160/2160/2160 2171/2171/2171
f 2160/2160/2160 2172/2172/2172 2171/2171/2171
f 2160/2160/2160 2161/2161/2161 2172/2172/2172
f 2161/2161/2161 2173/2173/2173 2172/2172/2172
f 2161/2161/2161 2162/2162/2162 2173/2173/2173
f 2163/2163/2163 2175/2175/2175 2174/2174/2174
f 2163/2163/2163 2164/2164/2164 2175/2175/2175
f 2164/2164/2164 2176/2176/2176 2175/2175/2175
f 2164/2164/2164 2165/2165/2165 2176/2176/2176
f 2165/2165/2165 2177/2177/2177 2176/2176/2176
f 2165/2165/2165 2166/2166/2166 2177/2177/2177
f 2166/2166/2166 2178/2178/2178 2177/2177/2177
f 2166/2166/2166 2167/2167/2167 2178/2178/2178
f 2167/2167/2167 2179/2179/2179 2178/2178/2178
f 2167/2167/2167 2168/2168/2168 2179/2179/2179
f 2168/2168/2168 2180/2180/2180 2179/2179/2179
f 2168/2168/2168 2169/2169/2169 2180/2180/2180
f 2169/2169/2169 2181/2181/2181 2180/2180/2180
f 2169/2169/2169 2170/2170/2170 2181/2181/2181
f 2170/2170/2170 2182/2182/2182 2181/2181/2181
f 2170/2170/2170 2171/2171/2171 2182/2182/2182
f 2171/2171/2171 2183/2183/2183 2182/2182/2182
f 2171/2171/2171 2172/2172/2172 2183/2183/2183
f 2172/2172/2172 2184/2184/2184 2183/2183/2183
f 2172/2172/2172 2173/2173/2173 2184/2184/2184
f 2174/2174/2174 2186/2186/2186 2185/2185/2185
f 2174/2174/2174 2175/2175/2175 2186/2186/2186
f 2175/2175/2175 2187/2187/2187 2186/2186/2186
f 2175/2175/2175 2176/2176/2176 2187/2187/2187
f 2176/2176/2176 2188/2188/2188 2187/2187/2187
f 2176/2176/2176 2177/2177/2177 2188/2188/2188
f 2177/2177/2177 2189/2189/2189 2188/2188/2188
f 2177/2177/2177 2178/2178/2178 2189/2189/2189
f 2178/2178/2178 2190/2190/2190 2189/2189/2189
f 2178/2178/2178 2179/2179/2179 2190/2190/2190
f 2179/2179/2179 2191/2191/2191 2190/2190/2190
f 2179/2179/2179 2180/2180/2180 2191/2191/2191
f 2180/2180/2180 2192/2192/2192 2191/2191/2191
f 2180/2180/2180 2181/2181/2181 2192/2192/2192
f 2181/2181/2181 2193/2193/2193 2192/2192/2192
f 2181/2181/2181 2182/2182/2182 2193/2193/2193
f 2182/2182/2182 2194/2194/2194 2193/2193/2193
f 2182/2182/2182 2183/2183/2183 2194/2194/2194
f 2183/2183/2183 2195/2195/2195 2194/2194/2194
f 2183/2183/2183 2184/2184/2184 2195/2195/2195
f 2185/2185/2185 2197/2197/2197 2196/2196/2196
f 2185/2185/2185 2186/2186/2186 2197/2197/2197
f 2186/2186/2186 2198/2198/2198 2197/2197/2197
f 2186/2186/2186 2187/2187/2187 2198/2198/2198
f 2187/2187/2187 2199/2199/2199 2198/2198/2198
f 2187/2187/2187 2188/2188/2188 2199/2199/2199
f 2188/2188/2188 2200/2200/2200 2199/2199/2199
f 2188/2188/2188 2189/2189/2189 2200/2200/2200
f 2189/2189/2189 2201/2201/2201 2200/2200/2200
f 2189/2189/2189 2190/2190/2190 2201/2201/2201
f 2190/2190/2190 2202/2202/2202 2201/2201/2201
f 2190/2190/2190 2191/2191/2191 2202/2202/2202
f 2191/2191/2191 2203/2203/2203 2202/2202/2202
f 2191/2191/2191 2192/2192/2192 2203/2203/2203
f 2192/2192/2192 2204/2204/2204 2203/2203/2203
f 2192/2192/2192 2193/2193/2193 2204/2204/2204
f 2193/2193/2193 2205/2205/2205 2204/2204/2204
f 2193/2193/2193 2194/2194/2194 2205/2205/2205
f 2194/2194/2194 2206/2206/2206 2205/2205/2205
f 2194/2194/2194 2195/2195/2195 2206/2206/2206
f 2196/2196/2196 2208/2208/2208 2207/2207/2207
f 2196/2196/2196 2197/2197/2197 2208/2208/2208
f 2197/2197/2197 2209/2209/2209 2208/2208/2208
f 2197/2197/2197 2198/2198/2198 2209/2209/2209
f 2198/2198/2198 2210/2210/2210 2209/2209/2209
f 2198/2198/2198 2199/2199/2199 2210/2210/2210
f 2199/2199/2199 2211/2211/2211 2210/2210/2210
f 2199/2199/2199 2200/2200/2200 2211/2211/2211
f 2200/2200/2200 2212/2212/2212 2211/2211/2211
f 2200/2200/2200 2201/2201/2201 2212/2212/2212
f 2201/2201/2201 2213/2213/2213 2212/2212/2212
f 2201/2201/2201 2202/2202/2202 2213/2213/2213
f 2202/2202/2202 2214/2214/2214 2213/2213/2213
f 2202/2202/2202 2203/2203/2203 2214/2214/2214
f 2203/2203/2203 2215/2215/2215 2214/2214/2214
f 2203/2203/2203 2204/2204/2204 2215/2215/2215
f 2204/2204/2204 2216/2216/2216 2215/2215/2215
f 2204/2204/2204 2205/2205/2205 2216/2216/2216
f 2205/2205/2205 2217/2217/2217 2216/2216/2216
f 2205/2205/2205 2206/2206/2206 2217/2217/2217
f 2218/2218/2218 2207/2207/2207 2208/2208/2208
f 2218/2218/2218 2208/2208/2208 2209/2209/2209
f 2218/2218/2218 2209/2209/2209 2210/2210/2210
f 2218/2218/2218 2210/2210/2210 2211/2211/2211
f 2218/2218/2218 2211/2211/2211 2212/2212/2212
f 2218/2218/2218 2212/2212/2212 2213/2213/2213
f 2218/2218/2218 2213/2213/2213 2214/2214/2214
f 2218/2218/2218 2214/2214/2214 2215/2215/2215
f 2218/2218/2218 2215/2215/2215 2216/2216/2216
f 2218/2218/2218 2216/2216/2216 2217/2217/2217
f 2219/2219/2219 2227/2227/2227 2223/2223/2223
f 2219/2219/2219 2223/2223/2223 2233/2233/2233
f 2219/2219/2219 2233/2233/2233 2231/2231/2231
f 2219/2219/2219 2235/2235/2235 2221/2221/2221
f 2219/2219/2219 2221/2221/2221 2229/2229/2229
f 2219/2219/2219 2229/2229/2229 2227/2227/2227
f 2219/2219/2219 2231/2231/2231 2220/2220/2220
f 2219/2219/2219 2220/2220/2220 2236/2236/2236
f 2219/2219/2219 2236/2236/2236 2235/2235/2235
f 2227/2227/2227 2229/2229/2229 2225/2225/2225
f 2227/2227/2227 2225/2225/2225 2237/2237/2237
f 2227/2227/2227 2237/2237/2237 2223/2223/2223
f 2221/2221/2221 2232/2232/2232 2222/2222/2222
f 2221/2221/2221 2222/2222/2222 2230/2230/2230
f 2221/2221/2221 2230/2230/2230 2229/2229/2229
f 2221/2221/2221 2235/2235/2235 2236/2236/2236
f 2221/2221/2221 2236/2236/2236 2222/2222/2222
f 2221/2221/2221 2222/2222/2222 2232/2232/2232
f 2223/2223/2223 2237/2237/2237 2238/2238/2238
f 2223/2223/2223 2238/2238/2238 2224/2224/2224
f 2223/2223/2223 2224/2224/2224 2233/2233/2233
f 2225/2225/2225 2234/2234/2234 2226/2226/2226
f 2225/2225/2225 2226/2226/2226 2238/2238/2238
f 2225/2225/2225 2238/2238/2238 2237/2237/2237
f 2225/2225/2225 2229/2229/2229 2230/2230/2230
f 2225/2225/2225 2230/2230/2230 2226/2226/2226
f 2225/2225/2225 2226/2226/2226 2234/2234/2234
f 2220/2220/2220 2228/2228/2228 2224/2224/2224
f 2220/2220/2220 2224/2224/2224 2233/2233/2233
f 2220/2220/2220 2233/2233/2233 2231/2231/2231
f 2220/2220/2220 2236/2236/2236 2222/2222/2222
f 2220/2220/2220 2222/2222/2222 2230/2230/2230
f 2220/2220/2220 2230/2230/2230 2228/2228/2228
f 2224/2224/2224 2238/2238/2238 2226/2226/2226
f 2224/2224/2224 2226/2226/2226 2234/2234/2234
f 2224/2224/2224 2234/2234/2234 2228/2228/2228
f 2239/2239/2239 2247/2247/2247 2240/2240/2240
f 2239/2239/2239 2246/2246/2246 2247/2247/2247
f 2253/2253/2253 2239/2239/2239 2240/2240/2240
f 2254/2254/2254 2247/2247/2247 2246/2246/2246
f 2240/2240/2240 2248/2248/2248 2241/2241/2241
f 2240/2240/2240 2247/2247/2247 2248/2248/2248
f 2253/2253/2253 2240/2240/2240 2241/2241/2241
f 2254/2254/2254 2248/2248/2248 2247/2247/2247
f 2241/2241/2241 2249/2249/2249 2242/2242/2242
f 2241/2241/2241 2248/2248/2248 2249/2249/2249
f 2253/2253/2253 2241/2241/2241 2242/2242/2242
f 2254/2254/2254 2249/2249/2249 2248/2248/2248
f 2242/2242/2242 2250/2250/2250 2243/2243/2243
f 2242/2242/2242 2249/2249/2249 2250/2250/2250
f 2253/2253/2253 2242/2242/2242 2243/2243/2243
f 2254/2254/2254 2250/2250/2250 2249/2249/2249
f 2243/2243/2243 2251/2251/2251 2244/2244/2244
f 2243/2243/2243 2250/2250/2250 2251/2251/2251
f 2253/2253/2253 2243/2243/2243 2244/2244/2244
f 2254/2254/2254 2251/2251/2251 2250/2250/2250
f 2244/2244/2244 2252/2252/2252 2245/2245/2245
f 2244/2244/2244 2251/2251/2251 2252/2252/2252
f 2253/2253/2253 2244/2244/2244 2245/2245/2245
f 2254/2254/2254 2252/2252/2252 2251/2251/2251
f 2245/2245/2245 2246/2246/2246 2239/2239/2239
f 2245/2245/2245 2252/2252/2252 2246/2246/2246
f 2253/2253/2253 2245/2245/2245 2239/2239/2239
f 2254/2254/2254 2246/2246/2246 2252/2252/2252
f 2255/2255/2255 2267/2267/2267 2266/2266/2266
f 2255/2255/2255 2256/2256/2256 2267/2267/2267
f 2256/2256/2256 2268/2268/2268 2267/2267/2267
f 2256/2256/2256 2257/2257/2257 2268/2268/2268
f 2257/2257/2257 2269/2269/2269 2268/2268/2268
f 2257/2257/2257 2258/2258/2258 2269/2269/2269
f 2258/2258/2258 2270/2270/2270 2269/2269/2269
f 2258/2258/2258 2259/2259/2259 2270/2270/2270
f 2259/2259/2259 2271/2271/2271 2270/2270/2270
f 2259/2259/2259 2260/2260/2260 2271/2271/2271
f 2260/2260/2260 2272/2272/2272 2271/2271/2271
f 2260/2260/2260 2261/2261/2261 2272/2272/2272
f 2261/2261/2261 2273/2273/2273 2272/2272/2272
f 2261/2261/2261 2262/2262/2262 2273/2273/2273
f 2262/2262/2262 2274/2274/2274 2273/2273/2273
f 2262/2262/2262 2263/2263/2263 2274/2274/2274
f 2263/2263/2263 2275/2275/2275 2274/2274/2274
f 2263/2263/2263 2264/2264/2264 2275/2275/2275
f 2264/2264/2264 2276/2276/2276 2275/2275/2275
f 2264/2264/2264 2265/2265/2265 2276/2276/2276
f 2266/2266/2266 2278/2278/2278 2277/2277/2277
f 2266/2266/2266 2267/2267/2267 2278/2278/2278
f 2267/2267/2267 2279/2279/2279 2278/2278/2278
f 2267/2267/2267 2268/2268/2268 2279/2279/2279
f 2268/2268/2268 2280/2280/2280 2279/2279/2279
f 2268/2268/2268 2269/2269/2269 2280/2280/2280
f 2269/2269/2269 2281/2281/2281 2280/2280/2280
f 2269/2269/2269 2270/2270/2270 2281/2281/2281
f 2270/2270/2270 2282/2282/2282 2281/2281/2281
f 2270/2270/2270 2271/2271/2271 2282/2282/2282
f 2271/2271/2271 2283/2283/2283 2282/2282/2282
f 2271/2271/2271 2272/2272/2272 2283/2283/2283
f 2272/2272/2272 2284/2284/2284 2283/2283/2283
f 2272/2272/2272 2273/2273/2273 2284/2284/2284
f 2273/2273/2273 2285/2285/2285 2284/2284/2284
f 2273/2273/2273 2274/2274/2274 2285/2285/2285
f 2274/2274/2274 2286/2286/2286 2285/2285/2285
f 2274/2274/2274 2275/2275/2275 2286/2286/2286
f 2275/2275/2275 2287/2287/2287 2286/2286/2286
f 2275/2275/2275 2276/2276/2276 2287/2287/2287
f 2277/2277/2277 2289/2289/2289 2288/2288/2288
f 2277/2277/2277 2278/2278/2278 2289/2289/2289
f 2278/2278/2278 2290/2290/2290 2289/2289/2289
f 2278/2278/2278 2279/2279/2279 2290/2290/2290
f 2279/2279/2279 2291/2291/2291 2290/2290/2290
f 2279/2279/2279 2280/2280/2280 2291/2291/2291
f 2280/2280/2280 2292/2292/2292 2291/2291/2291
f 2280/2280/2280 2281/2281/2281 2292/2292/2292
f 2281/2281/2281 2293/2293/2293 2292/2292/2292
f 2281/2281/2281 2282/2282/2282 2293/2293/2293
f 2282/2282/2282 2294/2294/2294 2293/2293/2293
f 2282/2282/2282 2283/2283/2283 2294/2294/2294
f 2283/2283/2283 2295/2295/2295 2294/2294/2294
f 2283/2283/2283 2284/2284/2284 2295/2295/2295
f 2284/2284/2284 2296/2296/2296 2295/2295/2295
f 2284/2284/2284 2285/2285/2285 2296/2296/2296
f 2285/2285/2285 2297/2297/2297 2296/2296/2296
f 2285/2285/2285 2286/2286/2286 2297/2297/2297
f 2286/2286/2286 2298/2298/2298 2297/2297/2297
f 2286/2286/2286 2287/2287/2287 2298/2298/2298
f 2288/2288/2288 2300/2300/2300 2299/2299/2299
f 2288/2288/2288 2289/2289/2289 2300/2300/2300
f 2289/2289/2289 2301/2301/2301 2300/2300/2300
f 2289/2289/2289 2290/2290/2290 2301/2301/2301
f 2290/2290/2290 2302/2302/2302 2301/2301/2301
f 2290/2290/2290 2291/2291/2291 2302/2302/2302
f 2291/2291/2291 2303/2303/2303 2302/2302/2302
f 2291/2291/2291 2292/2292/2292 2303/2303/2303
f 2292/2292/2292 2304/2304/2304 2303/2303/2303
f 2292/2292/2292 2293/2293/2293 2304/2304/2304
f 2293/2293/2293 2305/2305/2305 2304/2304/2304
f 2293/2293/2293 2294/2294/2294 2305/2305/2305
f 2294/2294/2294 2306/2306/2306 2305/2305/2305
f 2294/2294/2294 2295/2295/2295 2306/2306/2306
f 2295/2295/2295 2307/2307/2307 2306/2306/2306
f 2295/2295/2295 2296/2296/2296 2307/2307/2307
f 2296/2296/2296 2308/2308/2308 2307/2307/2307
f 2296/2296/2296 2297/2297/2297 2308/2308/2308
f 2297/2297/2297 2309/2309/2309 2308/2308/2308
f 2297/2297/2297 2298/2298/2298 2309/2309/2309
f 2299/2299/2299 2311/2311/2311 2310/2310/2310
f 2299/2299/2299 2300/2300/2300 2311/2311/2311
f 2300/2300/2300 2312/2312/2312 2311/2311/2311
f 2300/2300/2300 2301/2301/2301 2312/2312/2312
f 2301/2301/2301 2313/2313/2313 2312/2312/2312
f 2301/2301/2301 2302/2302/2302 2313/2313/2313
f 2302/2302/2302 2314/2314/2314 2313/2313/2313
f 2302/2302/2302 2303/2303/2303 2314/2314/2314
f 2303/2303/2303 2315/2315/2315 2314/2314/2314
f 2303/2303/2303 2304/2304/2304 2315/2315/2315
f 2304/2304/2304 2316/2316/2316 2315/2315/2315
f 2304/2304/2304 2305/2305/2305 2316/2316/2316
f 2305/2305/2305 2317/2317/2317 2316/2316/2316
f 2305/2305/2305 2306/2306/2306 2317/2317/2317
f 2306/2306/2306 2318/2318/2318 2317/2317/2317
f 2306/2306/2306 2307/2307/2307 2318/2318/2318
f 2307/2307/2307 2319/2319/2319 2318/2318/2318
f 2307/2307/2307 2308/2308/2308 2319/2319/2319
f 2308/2308/2308 2320/2320/2320 2319/2319/2319
f 2308/2308/2308 2309/2309/2309 2320/2320/2320
f 2310/2310/2310 2322/2322/2322 2321/2321/2321
f 2310/2310/2310 2311/2311/2311 2322/2322/2322
f 2311/2311/2311 2323/2323/2323 2322/2322/2322
f 2311/2311/2311 2312/2312/2312 2323/2323/2323
f 2312/2312/2312 2324/2324/2324 2323/2323/2323
f 2312/2312/2312 2313/2313/2313 2324/2324/2324
f 2313/2313/2313 2325/2325/2325 2324/2324/2324
f 2313/2313/2313 2314/2314/2314 2325/2325/2325
f 2314/2314/2314 2326/2326/2326 2325/2325/2325
f 2314/2314/2314 2315/2315/2315 2326/2326/2326
f 2315/2315/2315 2327/2327/2327 2326/2326/2326
f 2315/2315/2315 2316/2316/2316 2327/2327/2327
f 2316/2316/2316 2328/2328/2328 2327/2327/2327
f 2316/2316/2316 2317/2317/2317 2328/2328/2328
f 2317/2317/2317 2329/2329/2329 2328/2328/2328
f 2317/2317/2317 2318/2318/2318 2329/2329/2329
f 2318/2318/2318 2330/2330/2330 2329/2329/2329
f 2318/2318/2318 2319/2319/2319 2330/2330/2330
f 2319/2319/2319 2331/2331/2331 2330/2330/2330
f 2319/2319/2319 2320/2320/2320 2331/2331/2331
f 2321/2321/2321 2333/2333/2333 2332/2332/2332
f 2321/2321/2321 2322/2322/2322 2333/2333/2333
f 2322/2322/2322 2334/2334/2334 2333/2333/2333
f 2322/2322/2322 2323/2323/2323 2334/2334/2334
f 2323/2323/2323 2335/2335/2335 2334/2334/2334
f 2323/2323/2323 2324/2324/2324 2335/2335/2335
f 2324/2324/2324 2336/2336/2336 2335/2335/2335
f 2324/2324/2324 2325/2325/2325 2336/2336/2336
f 2325/2325/2325 2337/2337/2337 2336/2336/2336
f 2325/2325/2325 2326/2326/2326 2337/2337/2337
f 2326/2326/2326 2338/2338/2338 2337/2337/2337
f 2326/2326/2326 2327/2327/2327 2338/2338/2338
f 2327/2327/2327 2339/2339/2339 2338/2338/2338
f 2327/2327/2327 2328/2328/2328 2339/2339/2339
f 2328/2328/2328 2340/2340/2340 2339/2339/2339
f 2328/2328/2328 2329/2329/2329 2340/2340/2340
f 2329/2329/2329 2341/2341/2341 2340/2340/2340
f 2329/2329/2329 2330/2330/2330 2341/2341/2341
f 2330/2330/2330 2342/2342/2342 2341/2341/2341
f 2330/2330/2330 2331/2331/2331 2342/2342/2342
f 2332/2332/2332 2344/2344/2344 2343/2343/2343
f 2332/2332/2332 2333/2333/2333 2344/2344/2344
f 2333/2333/2333 2345/2345/2345 2344/2344/2344
f 2333/2333/2333 2334/2334/2334 2345/2345/2345
f 2334/2334/2334 2346/2346/2346 2345/2345/2345
f 2334/2334/2334 2335/2335/2335 2346/2346/2346
f 2335/2335/2335 2347/2347/2347 2346/2346/2346
f 2335/2335/2335 2336/2336/2336 2347/2347/2347
f 2336/2336/2336 2348/2348/2348 2347/2347/2347
f 2336/2336/2336 2337/2337/2337 2348/2348/2348
f 2337/2337/2337 2349/2349/2349 2348/2348/2348
f 2337/2337/2337 2338/2338/2338 2349/2349/2349
f 2338/2338/2338 2350/2350/2350 2349/2349/2349
f 2338/2338/2338 2339/2339/2339 2350/2350/2350
f 2339/2339/2339 2351/2351/2351 2350/2350/2350
f 2339/2339/2339 2340/2340/2340 2351/2351/2351
f 2340/2340/2340 2352/2352/2352 2351/2351/2351
f 2340/2340/2340 2341/2341/2341 2352/2352/2352
f 2341/2341/2341 2353/2353/2353 2352/2352/2352
f 2341/2341/2341 2342/2342/2342 2353/2353/2353
f 2354/2354/2354 2343/2343/2343 2344/2344/2344
f 2354/2354/2354 2344/2344/2344 2345/2345/2345
f 2354/2354/2354 2345/2345/2345 2346/2346/2346
f 2354/2354/2354 2346/2346/2346 2347/2347/2347
f 2354/2354/2354 2347/2347/2347 2348/2348/2348
f 2354/2354/2354 2348/2348/2348 2349/2349/2349
f 2354/2354/2354 2349/2349/2349 2350/2350/2350
f 2354/2354/2354 2350/2350/2350 2351/2351/2351
f 2354/2354/2354 2351/2351/2351 2352/2352/2352
f 2354/2354/2354 2352/2352/2352 2353/2353/2353
f 2355/2355/2355 2363/2363/2363 2359/2359/2359
f 2355/2355/2355 2359/2359/2359 2369/2369/2369
f 2355/2355/2355 2369/2369/2369 2367/2367/2367
f 2355/2355/2355 2371/2371/2371 2357/2357/2357
f 2355/2355/2355 2357/2357/2357 2365/2365/2365
f 2355/2355/2355 2365/2365/2365 2363/2363/2363
f 2355/2355/2355 2367/2367/2367 2356/2356/2356
f 2355/2355/2355 2356/2356/2356 2372/2372/2372
f 2355/2355/2355 2372/2372/2372 2371/2371/2371
f 2363/2363/2363 2365/2365/2365 2361/2361/2361
f 2363/2363/2363 2361/2361/2361 2373/2373/2373
f 2363/2363/2363 2373/2373/2373 2359/2359/2359
f 2357/2357/2357 2368/2368/2368 2358/2358/2358
f 2357/2357/2357 2358/2358/2358 2366/2366/2366
f 2357/2357/2357 2366/2366/2366 2365/2365/2365
f 2357/2357/2357 2371/2371/2371 2372/2372/2372
f 2357/2357/2357 2372/2372/2372 2358/2358/2358
f 2357/2357/2357 2358/2358/2358 2368/2368/2368
f 2359/2359/2359 2373/2373/2373 2374/2374/2374
f 2359/2359/2359 2374/2374/2374 2360/2360/2360
f 2359/2359/2359 2360/2360/2360 2369/2369/2369
f 2361/2361/2361 2370/2370/2370 2362/2362/2362
f 2361/2361/2361 2362/2362/2362 2374/2374/2374
f 2361/2361/2361 2374/2374/2374 2373/2373/2373
f 2361/2361/2361 2365/2365/2365 2366/2366/2366
f 2361/2361/2361 2366/2366/2366 2362/2362/2362
f 2361/2361/2361 2362/2362/2362 2370/2370/2370
f 2356/2356/2356 2364/2364/2364 2360/2360/2360
f 2356/2356/2356 2360/2360/2360 2369/2369/2369
f 2356/2356/2356 2369/2369/2369 2367/2367/2367
f 2356/2356/2356 2372/2372/2372 2358/2358/2358
f 2356/2356/2356 2358/2358/2358 2366/2366/2366
f 2356/2356/2356 2366/2366/2366 2364/2364/2364
f 2360/2360/2360 2374/2374/2374 2362/2362/2362
f 2360/2360/2360 2362/2362/2362 2370/2370/2370
f 2360/2360/2360 2370/2370/2370 2364/2364/2364
f 2375/2375/2375 2383/2383/2383 2376/2376/2376
f 2375/2375/2375 2382/2382/2382 2383/2383/2383
f 2389/2389/2389 2375/2375/2375 2376/2376/2376
f 2390/2390/2390 2383/2383/2383 2382/2382/2382
f 2376/2376/2376 2384/2384/2384 2377/2377/2377
f 2376/2376/2376 2383/2383/2383 2384/2384/2384
f 2389/2389/2389 2376/2376/2376 2377/2377/2377
f 2390/2390/2390 2384/2384/2384 2383/2383/2383
f 2377/2377/2377 2385/2385/2385 2378/2378/2378
f 2377/2377/2377 2384/2384/2384 2385/2385/2385
f 2389/2389/2389 2377/2377/2377 2378/2378/2378
f 2390/2390/2390 2385/2385/2385 2384/2384/2384
f 2378/2378/2378 2386/2386/2386 2379/2379/2379
f 2378/2378/2378 2385/2385/2385 2386/2386/2386
f 2389/2389/2389 2378/2378/2378 2379/2379/2379
f 2390/2390/2390 2386/2386/2386 2385/2385/2385
f 2379/2379/2379 2387/2387/2387 2380/2380/2380
f 2379/2379/2379 2386/2386/2386 2387/2387/2387
f 2389/2389/2389 2379/2379/2379 2380/2380/2380
f 2390/2390/2390 2387/2387/2387 2386/2386/2386
f 2380/2380/2380 2388/2388/2388 2381/2381/2381
f 2380/2380/2380 2387/2387/2387 2388/2388/2388
f 2389/2389/2389 2380/2380/2380 2381/2381/2381
f 2390/2390/2390 2388/2388/2388 2387/2387/2387
f 2381/2381/2381 2382/2382/2382 2375/2375/2375
f 2381/2381/2381 2388/2388/2388 2382/2382/2382
f 2389/2389/2389 2381/2381/2381 2375/2375/2375
f 2390/2390/2390 2382/2382/2382 2388/2388/2388
f 2391/2391/2391 2403/2403/2403 2402/2402/2402
f 2391/2391/2391 2392/2392/2392 2403/2403/2403
f 2392/2392/2392 2404/2404/2404 2403/2403/2403
f 2392/2392/2392 2393/2393/2393 2404/2404/2404
f 2393/2393/2393 2405/2405/2405 2404/2404/2404
f 2393/2393/2393 2394/2394/2394 2405/2405/2405
f 2394/2394/2394 2406/2406/2406 2405/2405/2405
f 2394/2394/2394 2395/2395/2395 2406/2406/2406
f 2395/2395/2395 2407/2407/2407 2406/2406/2406
f 2395/2395/2395 2396/2396/2396 2407/2407/2407
f 2396/2396/2396 2408/2408/2408 2407/2407/2407
f 2396/2396/2396 2397/2397/2397 2408/2408/2408
f 2397/2397/2397 2409/2409/2409 2408/2408/2408
f 2397/2397/2397 2398/2398/2398 2409/2409/2409
f 2398/2398/2398 2410/2410/2410 2409/2409/2409
f 2398/2398/2398 2399/2399/2399 2410/2410/2410
f 2399/2399/2399 2411/2411/2411 2410/2410/2410
f 2399/2399/2399 2400/2400/2400 2411/2411/2411
f 2400/2400/2400 2412/2412/2412 2411/2411/2411
f 2400/2400/2400 2401/2401/2401 2412/2412/2412
f 2402/2402/2402 2414/2414/2414 2413/2413/2413
f 2402/2402/2402 2403/2403/2403 2414/2414/2414
f 2403/2403/2403 2415/2415/2415 2414/2414/2414
f 2403/2403/2403 2404/2404/2404 2415/2415/2415
f 2404/2404/2404 2416/2416/2416 2415/2415/2415
f 2404/2404/2404 2405/2405/2405 2416/2416/2416
f 2405/2405/2405 2417/2417/2417 2416/2416/2416
f 2405/2405/2405 2406/2406/2406 2417/2417/2417
f 2406/2406/2406 2418/2418/2418 2417/2417/2417
f 2406/2406/2406 2407/2407/2407 2418/2418/2418
f 2407/2407/2407 2419/2419/2419 2418/2418/2418
f 2407/2407/2407 2408/2408/2408 2419/2419/2419
f 2408/2408/2408 2420/2420/2420 2419/2419/2419
f 2408/2408/2408 2409/2409/2409 2420/2420/2420
f 2409/2409/2409 2421/2421/2421 2420/2420/2420
f 2409/2409/2409 2410/2410/2410 2421/2421/2421
f 2410/2410/2410 2422/2422/2422 2421/2421/2421
f 2410/2410/2410 2411/2411/2411 2422/2422/2422
f 2411/2411/2411 2423/2423/2423 2422/2422/2422
f 2411/2411/2411 2412/2412/2412 2423/2423/2423
f 2413/2413/2413 2425/2425/2425 2424/2424/2424
f 2413/2413/2413 2414/2414/2414 2425/2425/2425
f 2414/2414/2414 2426/2426/2426 2425/2425/2425
f 2414/2414/2414 2415/2415/2415 2426/2426/2426
f 2415/2415/2415 2427/2427/2427 2426/2426/2426
f 2415/2415/2415 2416/2416/2416 2427/2427/2427
f 2416/2416/2416 2428/2428/2428 2427/2427/2427
f 2416/2416/2416 2417/2417/2417 2428/2428/2428
f 2417/2417/2417 2429/2429/2429 2428/2428/2428
f 2417/2417/2417 2418/2418/2418 2429/2429/2429
f 2418/2418/2418 2430/2430/2430 2429/2429/2429
f 2418/2418/2418 2419/2419/2419 2430/2430/2430
f 2419/2419/2419 2431/2431/2431 2430/2430/2430
f 2419/2419/2419 2420/2420/2420 2431/2431/2431
f 2420/2420/2420 2432/2432/2432 2431/2431/2431
f 2420/2420/2420 2421/2421/2421 2432/2432/2432
f 2421/2421/2421 2433/2433/2433 2432/2432/2432
f 2421/2421/2421 2422/2422/2422 2433/2433/2433
f 2422/2422/2422 2434/2434/2434 2433/2433/2433
f 2422/2422/2422 2423/2423/2423 2434/2434/2434
f 2424/2424/2424 2436/2436/2436 2435/2435/2435
f 2424/2424/2424 2425/2425/2425 2436/2436/2436
f 2425/2425/2425 2437/2437/2437 2436/2436/2436
f 2425/2425/2425 2426/2426/2426 2437/2437/2437
f 2426/2426/2426 2438/2438/2438 2437/2437/2437
f 2426/2426/2426 2427/2427/2427 2438/2438/2438
f 2427/2427/2427 2439/2439/2439 2438/2438/2438
f 2427/2427/2427 2428/2428/2428 2439/2439/2439
f 2428/2428/2428 2440/2440/2440 2439/2439/2439
f 2428/2428/2428 2429/2429/2429 2440/2440/2440
f 2429/2429/2429 2441/2441/2441 2440/2440/2440
f 2429/2429/2429 2430/2430/2430 2441/2441/2441
f 2430/2430/2430 2442/2442/2442 2441/2441/2441
f 2430/2430/2430 2431/2431/2431 2442/2442/2442
f 2431/2431/2431 2443/2443/2443 2442/2442/2442
f 2431/2431/2431 2432/2432/2432 2443/2443/2443
f 2432/2432/2432 2444/2444/2444 2443/2443/2443
f 2432/2432/2432 2433/2433/2433 2444/2444/2444
f 2433/2433/2433 2445/2445/2445 2444/2444/2444
f 2433/2433/2433 2434/2434/2434 2445/2445/2445
f 2435/2435/2435 2447/2447/2447 2446/2446/2446
f 2435/2435/2435 2436/2436/2436 2447/2447/2447
f 2436/2436/2436 2448/2448/2448 2447/2447/2447
f 2436/2436/2436 2437/2437/2437 2448/2448/2448
f 2437/2437/2437 2449/2449/2449 2448/2448/2448
f 2437/2437/2437 2438/2438/2438 2449/2449/2449
f 2438/2438/2438 2450/2450/2450 2449/2449/2449
f 2438/2438/2438 2439/2439/2439 2450/2450/2450
f 2439/2439/2439 2451/2451/2451 2450/2450/2450
f 2439/2439/2439 2440/2440/2440 2451/2451/2451
f 2440/2440/2440 2452/2452/2452 2451/2451/2451
f 2440/2440/2440 2441/2441/2441 2452/2452/2452
f 2441/2441/2441 2453/2453/2453 2452/2452/2452
f 2441/2441/2441 2442/2442/2442 2453/2453/2453
f 2442/2442/2442 2454/2454/2454 2453/2453/2453
f 2442/2442/2442 2443/2443/2443 2454/2454/2454
f 2443/2443/2443 2455/2455/2455 2454/2454/2454
f 2443/2443/2443 2444/2444/2444 2455/2455/2455
f 2444/2444/2444 2456/2456/2456 2455/2455/2455
f 2444/2444/2444 2445/2445/2445 2456/2456/2456
f 2446/2446/2446 2458/2458/2458 2457/2457/2457
f 2446/2446/2446 2447/2447/2447 2458/2458/2458
f 2447/2447/2447 2459/2459/2459 2458/2458/2458
f 2447/2447/2447 2448/2448/2448 2459/2459/2459
f 2448/2448/2448 2460/2460/2460 2459/2459/2459
f 2448/2448/2448 2449/2449/2449 2460/2460/2460
f 2449/2449/2449 2461/2461/2461 2460/2460/2460
f 2449/2449/2449 2450/2450/2450 2461/2461/2461
f 2450/2450/2450 2462/2462/2462 2461/2461/2461
f 2450/2450/2450 2451/2451/2451 2462/2462/2462
f 2451/2451/2451 2463/2463/2463 2462/2462/2462
f 2451/2451/2451 2452/2452/2452 2463/2463/2463
f 2452/2452/2452 2464/2464/2464 2463/2463/2463
f 2452/2452/2452 2453/2453/2453 2464/2464/2464
f 2453/2453/2453 2465/2465/2465 2464/2464/2464
f 2453/2453/2453 2454/2454/2454 2465/2465/2465
f 2454/2454/2454 2466/2466/2466 2465/2465/2465
f 2454/2454/2454 2455/2455/2455 2466/2466/2466
f 2455/2455/2455 2467/2467/2467 2466/2466/2466
f 2455/2455/2455 2456/2456/2456 2467/2467/2467
f 2457/2457/2457 2469/2469/2469 2468/2468/2468
f 2457/2457/2457 2458/2458/2458 2469/2469/2469
f 2458/2458/2458 2470/2470/2470 2469/2469/2469
f 2458/2458/2458 2459/2459/2459 2470/2470/2470
f 2459/2459/2459 2471/2471/2471 2470/2470/2470
f 2459/2459/2459 2460/2460/2460 2471/2471/2471
f 2460/2460/2460 2472/2472/2472 2471/2471/2471
f 2460/2460/2460 2461/2461/2461 2472/2472/2472
f 2461/2461/2461 2473/2473/2473 2472/2472/2472
f 2461/2461/2461 2462/2462/2462 2473/2473/2473
f 2462/2462/2462 2474/2474/2474 2473/2473/2473
f 2462/2462/2462 2463/2463/2463 2474/2474/2474
f 2463/2463/2463 2475/2475/2475 2474/2474/2474
f 2463/2463/2463 2464/2464/2464 2475/2475/2475
f 2464/2464/2464 2476/2476/2476 2475/2475/2475
f 2464/2464/2464 2465/2465/2465 2476/2476/2476
f 2465/2465/2465 2477/2477/2477 2476/2476/2476
f 2465/2465/2465 2466/2466/2466 2477/2477/2477
f 2466/2466/2466 2478/2478/2478 2477/2477/2477
f 2466/2466/2466 2467/2467/2467 2478/2478/2478
f 2468/2468/2468 2480/2480/2480 2479/2479/2479
f 2468/2468/2468 2469/2469/2469 2480/2480/2480
f 2469/2469/2469 2481/2481/2481 2480/2480/2480
f 2469/2469/2469 2470/2470/2470 2481/2481/2481
f 2470/2470/2470 2482/2482/2482 2481/2481/2481
f 2470/2470/2470 2471/2471/2471 2482/2482/2482
f 2471/2471/2471 2483/2483/2483 2482/2482/2482
f 2471/2471/2471 2472/2472/2472 2483/2483/2483
f 2472/2472/2472 2484/2484/2484 2483/2483/2483
f 2472/2472/2472 2473/2473/2473 2484/2484/2484
f 2473/2473/2473 2485/2485/2485 2484/2484/2484
f 2473/2473/2473 2474/2474/2474 2485/2485/2485
f 2474/2474/2474 2486/2486/2486 2485/2485/2485
f 2474/2474/2474 2475/2475/2475 2486/2486/2486
f 2475/2475/2475 2487/2487/2487 2486/2486/2486
f 2475/2475/2475 2476/2476/2476 2487/2487/2487
f 2476/2476/2476 2488/2488/2488 2487/2487/2487
f 2476/2476/2476 2477/2477/2477 2488/2488/2488
f 2477/2477/2477 2489/2489/2489 2488/2488/2488
f 2477/2477/2477 2478/2478/2478 2489/2489/2489
f 2490/2490/2490 2479/2479/2479 2480/2480/2480
f 2490/2490/2490 2480/2480/2480 2481/2481/2481
f 2490/2490/2490 2481/2481/2481 2482/2482/2482
f 2490/2490/2490 2482/2482/2482 2483/2483/2483
f 2490/2490/2490 2483/2483/2483 2484/2484/2484
f 2490/2490/2490 2484/2484/2484 2485/2485/2485
f 2490/2490/2490 2485/2485/2485 2486/2486/2486
f 2490/2490/2490 2486/2486/2486 2487/2487/2487
f 2490/2490/2490 2487/2487/2487 2488/2488/2488
f 2490/2490/2490 2488/2488/2488 2489/2489/2489
f 2491/2491/2491 2499/2499/2499 2495/2495/2495
f 2491/2491/2491 2495/2495/2495 2505/2505/2505
f 2491/2491/2491 2505/2505/2505 2503/2503/2503
f 2491/2491/2491 2507/2507/2507 2493/2493/2493
f 2491/2491/2491 2493/2493/2493 2501/2501/2501
f 2491/2491/2491 2501/2501/2501 2499/2499/2499
f 2491/2491/2491 2503/2503/2503 2492/2492/2492
f 2491/2491/2491 2492/2492/2492 2508/2508/2508
f 2491/2491/2491 2508/2508/2508 2507/2507/2507
f 2499/2499/2499 2501/2501/2501 2497/2497/2497
f 2499/2499/2499 2497/2497/2497 2509/2509/2509
f 2499/2499/2499 2509/2509/2509 2495/2495/2495
f 2493/2493/2493 2504/2504/2504 2494/2494/2494
f 2493/2493/2493 2494/2494/2494 2502/2502/2502
f 2493/2493/2493 2502/2502/2502 2501/2501/2501
f 2493/2493/2493 2507/2507/2507 2508/2508/2508
f 2493/2493/2493 2508/2508/2508 2494/2494/2494
f 2493/2493/2493 2494/2494/2494 2504/2504/2504
f 2495/2495/2495 2509/2509/2509 2510/2510/2510
f 2495/2495/2495 2510/2510/2510 2496/2496/2496
f 2495/2495/2495 2496/2496/2496 2505/2505/2505
f 2497/2497/2497 2506/2506/2506 2498/2498/2498
f 2497/2497/2497 2498/2498/2498 2510/2510/2510
f 2497/2497/2497 2510/2510/2510 2509/2509/2509
f 2497/2497/2497 2501/2501/2501 2502/2502/2502
f 2497/2497/2497 2502/2502/2502 2498/2498/2498
f 2497/2497/2497 2498/2498/2498 2506/2506/2506
f 2492/2492/2492 2500/2500/2500 2496/2496/2496
f 2492/2492/2492 2496/2496/2496 2505/2505/2505
f 2492/2492/2492 2505/2505/2505 2503/2503/2503
f 2492/2492/2492 2508/2508/2508 2494/2494/2494
f 2492/2492/2492 2494/2494/2494 2502/2502/2502
f 2492/2492/2492 2502/2502/2502 2500/2500/2500
f 2496/2496/2496 2510/2510/2510 2498/2498/2498
f 2496/2496/2496 2498/2498/2498 2506/2506/2506
f 2496/2496/2496 2506/2506/2506 2500/2500/2500
f 2511/2511/2511 2519/2519/2519 2512/2512/2512
f 2511/2511/2511 2518/2518/2518 2519/2519/2519
f 2525/2525/2525 2511/2511/2511 2512/2512/2512
f 2526/2526/2526 2519/2519/2519 2518/2518/2518
f 2512/2512/2512 2520/2520/2520 2513/2513/2513
f 2512/2512/2512 2519/2519/2519 2520/2520/2520
f 2525/2525/2525 2512/2512/2512 2513/2513/2513
f 2526/2526/2526 2520/2520/2520 2519/2519/2519
f 2513/2513/2513 2521/2521/2521 2514/2514/2514
f 2513/2513/2513 2520/2520/2520 2521/2521/2521
f 2525/2525/2525 2513/2513/2513 2514/2514/2514
f 2526/2526/2526 2521/2521/2521 2520/2520/2520
f 2514/2514/2514 2522/2522/2522 2515/2515/2515
f 2514/2514/2514 2521/2521/2521 2522/2522/2522
f 2525/2525/2525 2514/2514/2514 2515/2515/2515
f 2526/2526/2526 2522/2522/2522 2521/2521/2521
f 2515/2515/2515 2523/2523/2523 2516/2516/2516
f 2515/2515/2515 2522/2522/2522 2523/2523/2523
f 2525/2525/2525 2515/2515/2515 2516/2516/2516
f 2526/2526/2526 2523/2523/2523 2522/2522/2522
f 2516/2516/2516 2524/2524/2524 2517/2517/2517
f 2516/2516/2516 2523/2523/2523 2524/2524/2524
f 2525/2525/2525 2516/2516/2516 2517/2517/2517
f 2526/2526/2526 2524/2524/2524 2523/2523/2523
f 2517/2517/2517 2518/2518/2518 2511/2511/2511
f 2517/2517/2517 2524/2524/2524 2518/2518/2518
f 2525/2525/2525 2517/2517/2517 2511/2511/2511
f 2526/2526/2526 2518/2518/2518 2524/2524/2524
f 2527/2527/2527 2539/2539/2539 2538/2538/2538
f 2527/2527/2527 2528/2528/2528 2539/2539/2539
f 2528/2528/2528 2540/2540/2540 2539/2539/2539
f 2528/2528/2528 2529/2529/2529 2540/2540/2540
f 2529/2529/2529 2541/2541/2541 2540/2540/2540
f 2529/2529/2529 2530/2530/2530 2541/2541/2541
f 2530/2530/2530 2542/2542/2542 2541/2541/2541
f 2530/2530/2530 2531/2531/2531 2542/2542/2542
f 2531/2531/2531 2543/2543/2543 2542/2542/2542
f 2531/2531/2531 2532/2532/2532 2543/2543/2543
f 2532/2532/2532 2544/2544/2544 2543/2543/2543
f 2532/2532/2532 2533/2533/2533 2544/2544/2544
f 2533/2533/2533 2545/2545/2545 2544/2544/2544
f 2533/2533/2533 2534/2534/2534 2545/2545/2545
f 2534/2534/2534 2546/2546/2546 2545/2545/2545
f 2534/2534/2534 2535/2535/2535 2546/2546/2546
f 2535/2535/2535 2547/2547/2547 2546/2546/2546
f 2535/2535/2535 2536/2536/2536 2547/2547/2547
f 2536/2536/2536 2548/2548/2548 2547/2547/2547
f 2536/2536/2536 2537/2537/2537 2548/2548/2548
f 2538/2538/2538 2550/2550/2550 2549/2549/2549
f 2538/2538/2538 2539/2539/2539 2550/2550/2550
f 2539/2539/2539 2551/2551/2551 2550/2550/2550
f 2539/2539/2539 2540/2540/2540 2551/2551/2551
f 2540/2540/2540 2552/2552/2552 2551/2551/2551
f 2540/2540/2540 2541/2541/2541 2552/2552/2552
f 2541/2541/2541 2553/2553/2553 2552/2552/2552
f 2541/2541/2541 2542/2542/2542 2553/2553/2553
f 2542/2542/2542 2554/2554/2554 2553/2553/2553
f 2542/2542/2542 2543/2543/2543 2554/2554/2554
f 2543/2543/2543 2555/2555/2555 2554/2554/2554
f 2543/2543/2543 2544/2544/2544 2555/2555/2555
f 2544/2544/2544 2556/2556/2556 2555/2555/2555
f 2544/2544/2544 2545/2545/2545 2556/2556/2556
f 2545/2545/2545 2557/2557/2557 2556/2556/2556
f 2545/2545/2545 2546/2546/2546 2557/2557/2557
f 2546/2546/2546 2558/2558/2558 2557/2557/2557
f 2546/2546/2546 2547/2547/2547 2558/2558/2558
f 2547/2547/2547 2559/2559/2559 2558/2558/2558
f 2547/2547/2547 2548/2548/2548 2559/2559/2559
f 2549/2549/2549 2561/2561/2561 2560/2560/2560
f 2549/2549/2549 2550/2550/2550 2561/2561/2561
f 2550/2550/2550 2562/2562/2562 2561/2561/2561
f 2550/2550/2550 2551/2551/2551 2562/2562/2562
f 2551/2551/2551 2563/2563/2563 2562/2562/2562
f 2551/2551/2551 2552/2552/2552 2563/2563/2563
f 2552/2552/2552 2564/2564/2564 2563/2563/2563
f 2552/2552/2552 2553/2553/2553 2564/2564/2564
f 2553/2553/2553 2565/2565/2565 2564/2564/2564
f 2553/2553/2553 2554/2554/2554 2565/2565/2565
f 2554/2554/2554 2566/2566/2566 2565/2565/2565
f 2554/2554/2554 2555/2555/2555 2566/2566/2566
f 2555/2555/2555 2567/2567/2567 2566/2566/2566
f 2555/2555/2555 2556/2556/2556 2567/2567/2567
f 2556/2556/2556 2568/2568/2568 2567/2567/2567
f 2556/2556/2556 2557/2557/2557 2568/2568/2568
f 2557/2557/2557 2569/2569/2569 2568/2568/2568
f 2557/2557/2557 2558/2558/2558 2569/2569/2569
f 2558/2558/2558 2570/2570/2570 2569/2569/2569
f 2558/2558/2558 2559/2559/2559 2570/2570/2570
f 2560/2560/2560 2572/2572/2572 2571/2571/2571
f 2560/2560/2560 2561/2561/2561 2572/2572/2572
f 2561/2561/2561 2573/2573/2573 2572/2572/2572
f 2561/2561/2561 2562/2562/2562 2573/2573/2573
f 2562/2562/2562 2574/2574/2574 2573/2573/2573
f 2562/2562/2562 2563/2563/2563 2574/2574/2574
f 2563/2563/2563 2575/2575/2575 2574/2574/2574
f 2563/2563/2563 2564/2564/2564 2575/2575/2575
f 2564/2564/2564 2576/2576/2576 2575/2575/2575
f 2564/2564/2564 2565/2565/2565 2576/2576/2576
f 2565/2565/2565 2577/2577/2577 2576/2576/2576
f 2565/2565/2565 2566/2566/2566 2577/2577/2577
f 2566/2566/2566 2578/2578/2578 2577/2577/2577
f 2566/2566/2566 2567/2567/2567 2578/2578/2578
f 2567/2567/2567 2579/2579/2579 2578/2578/2578
f 2567/2567/2567 2568/2568/2568 2579/2579/2579
f 2568/2568/2568 2580/2580/2580 2579/2579/2579
f 2568/2568/2568 2569/2569/2569 2580/2580/2580
f 2569/2569/2569 2581/2581/2581 2580/2580/2580
f 2569/2569/2569 2570/2570/2570 2581/2581/2581
f 2571/2571/2571 2583/2583/2583 2582/2582/2582
f 2571/2571/2571 2572/2572/2572 2583/2583/2583
f 2572/2572/2572 2584/2584/2584 2583/2583/2583
f 2572/2572/2572 2573/2573/2573 2584/2584/2584
f 2573/2573/2573 2585/2585/2585 2584/2584/2584
f 2573/2573/2573 2574/2574/2574 2585/2585/2585
f 2574/2574/2574 2586/2586/2586 2585/2585/2585
f 2574/2574/2574 2575/2575/2575 2586/2586/2586
f 2575/2575/2575 2587/2587/2587 2586/2586/2586
f 2575/2575/2575 2576/2576/2576 2587/2587/2587
f 2576/2576/2576 2588/2588/2588 2587/2587/2587
f 2576/2576/2576 2577/2577/2577 2588/2588/2588
f 2577/2577/2577 2589/2589/2589 2588/2588/2588
f 2577/2577/2577 2578/2578/2578 2589/2589/2589
f 2578/2578/2578 2590/2590/2590 2589/2589/2589
f 2578/2578/2578 2579/2579/2579 2590/2590/2590
f 2579/2579/2579 2591/2591/2591 2590/2590/2590
f 2579/2579/2579 2580/2580/2580 2591/2591/2591
f 2580/2580/2580 2592/2592/2592 2591/2591/2591
f 2580/2580/2580 2581/2581/2581 2592/2592/2592
f 2582/2582/2582 2594/2594/2594 2593/2593/2593
f 2582/2582/2582 2583/2583/2583 2594/2594/2594
f 2583/2583/2583 2595/2595/2595 2594/2594/2594
f 2583/2583/2583 2584/2584/2584 2595/2595/2595
f 2584/2584/2584 2596/2596/2596 2595/2595/2595
f 2584/2584/2584 2585/2585/2585 2596/2596/2596
f 2585/2585/2585 2597/2597/2597 2596/2596/2596
f 2585/2585/2585 2586/2586/2586 2597/2597/2597
f 2586/2586/2586 2598/2598/2598 2597/2597/2597
f 2586/2586/2586 2587/2587/2587 2598/2598/2598
f 2587/2587/2587 2599/2599/2599 2598/2598/2598
f 2587/2587/2587 2588/2588/2588 2599/2599/2599
f 2588/2588/2588 2600/2600/2600 2599/2599/2599
f 2588/2588/2588 2589/2589/2589 2600/2600/2600
f 2589/2589/2589 2601/2601/2601 2600/2600/2600
f 2589/2589/2589 2590/2590/2590 2601/2601/2601
f 2590/2590/2590 2602/2602/2602 2601/2601/2601
f 2590/2590/2590 2591/2591/2591 2602/2602/2602
f 2591/2591/2591 2603/2603/2603 2602/2602/2602
f 2591/2591/2591 2592/2592/2592 2603/2603/2603
f 2593/2593/2593 2605/2605/2605 2604/2604/2604
f 2593/2593/2593 2594/2594/2594 2605/2605/2605
f 2594/2594/2594 2606/2606/2606 2605/2605/2605
f 2594/2594/2594 2595/2595/2595 2606/2606/2606
f 2595/2595/2595 2607/2607/2607 2606/2606/2606
f 2595/2595/2595 2596/2596/2596 2607/2607/2607
f 2596/2596/2596 2608/2608/2608 2607/2607/2607
f 2596/2596/2596 2597/2597/2597 2608/2608/2608
f 2597/2597/2597 2609/2609/2609 2608/2608/2608
f 2597/2597/2597 2598/2598/2598 2609/2609/2609
f 2598/2598/2598 2610/2610/2610 2609/2609/2609
f 2598/2598/2598 2599/2599/2599 2610/2610/2610
f 2599/2599/2599 2611/2611/2611 2610/2610/2610
f 2599/2599/2599 2600/2600/2600 2611/2611/2611
f 2600/2600/2600 2612/2612/2612 2611/2611/2611
f 2600/2600/2600 2601/2601/2601 2612/2612/2612
f 2601/2601/2601 2613/2613/2613 2612/2612/2612
f 2601/2601/2601 2602/2602/2602 2613/2613/2613
f 2602/2602/2602 2614/2614/2614 2613/2613/2613
f 2602/2602/2602 2603/2603/2603 2614/2614/2614
f 2604/2604/2604 2616/2616/2616 2615/2615/2615
f 2604/2604/2604 2605/2605/2605 2616/2616/2616
f 2605/2605/2605 2617/2617/2617 2616/2616/2616
f 2605/2605/2605 2606/2606/2606 2617/2617/2617
f 2606/2606/2606 2618/2618/2618 2617/2617/2617
f 2606/2606/2606 2607/2607/2607 2618/2618/2618
f 2607/2607/2607 2619/2619/2619 2618/2618/2618
f 2607/2607/2607 2608/2608/2608 2619/2619/2619
f 2608/2608/2608 2620/2620/2620 2619/2619/2619
f 2608/2608/2608 2609/2609/2609 2620/2620/2620
f 2609/2609/2609 2621/2621/2621 2620/2620/2620
f 2609/2609/2609 2610/2610/2610 2621/2621/2621
f 2610/2610/2610 2622/2622/2622 2621/2621/2621
f 2610/2610/2610 2611/2611/2611 2622/2622/2622
f 2611/2611/2611 2623/2623/2623 2622/2622/2622
f 2611/2611/2611 2612/2612/2612 2623/2623/2623
f 2612/2612/2612 2624/2624/2624 2623/2623/2623
f 2612/2612/2612 2613/2613/2613 2624/2624/2624
f 2613/2613/2613 2625/2625/2625 2624/2624/2624
f 2613/2613/2613 2614/2614/2614 2625/2625/2625
f 2626/2626/2626 2615/2615/2615 2616/2616/2616
f 2626/2626/2626 2616/2616/2616 2617/2617/2617
f 2626/2626/2626 2617/2617/2617 2618/2618/2618
f 2626/2626/2626 2618/2618/2618 2619/2619/2619
f 2626/2626/2626 2619/2619/2619 2620/2620/2620
f 2626/2626/2626 2620/2620/2620 2621/2621/2621
f 2626/2626/2626 2621/2621/2621 2622/2622/2622
f 2626/2626/2626 2622/2622/2622 2623/2623/2623
f 2626/2626/2626 2623/2623/2623 2624/2624/2624
f 2626/2626/2626 2624/2624/2624 2625/2625/2625
f 2627/2627/2627 2635/2635/2635 2631/2631/2631
f 2627/2627/2627 2631/2631/2631 2641/2641/2641
f 2627/2627/2627 2641/2641/2641 2639/2639/2639
f 2627/2627/2627 2643/2643/2643 2629/2629/2629
f 2627/2627/2627 2629/2629/2629 2637/2637/2637
f 2627/2627/2627 2637/2637/2637 2635/2635/2635
f 2627/2627/2627 2639/2639/2639 2628/2628/2628
f 2627/2627/2627 2628/2628/2628 2644/2644/2644
f 2627/2627/2627 2644/2644/2644 2643/2643/2643
f 2635/2635/2635 2637/2637/2637 2633/2633/2633
f 2635/2635/2635 2633/2633/2633 2645/2645/2645
f 2635/2635/2635 2645/2645/2645 2631/2631/2631
f 2629/2629/2629 2640/2640/2640 2630/2630/2630
f 2629/2629/2629 2630/2630/2630 2638/2638/2638
f 2629/2629/2629 2638/2638/2638 2637/2637/2637
f 2629/2629/2629 2643/2643/2643 2644/2644/2644
f 2629/2629/2629 2644/2644/2644 2630/2630/2630
f 2629/2629/2629 2630/2630/2630 2640/2640/2640
f 2631/2631/2631 2645/2645/2645 2646/2646/2646
f 2631/2631/2631 2646/2646/2646 2632/2632/2632
f 2631/2631/2631 2632/2632/2632 2641/2641/2641
f 2633/2633/2633 2642/2642/2642 2634/2634/2634
f 2633/2633/2633 2634/2634/2634 2646/2646/2646
f 2633/2633/2633 2646/2646/2646 2645/2645/2645
f 2633/2633/2633 2637/2637/2637 2638/2638/2638
f 2633/2633/2633 2638/2638/2638 2634/2634/2634
f 2633/2633/2633 2634/2634/2634 2642/2642/2642
f 2628/2628/2628 2636/2636/2636 2632/2632/2632
f 2628/2628/2628 2632/2632/2632 2641/2641/2641
f 2628/2628/2628 2641/2641/2641 2639/2639/2639
f 2628/2628/2628 2644/2644/2644 2630/2630/2630
f 2628/2628/2628 2630/2630/2630 2638/2638/2638
f 2628/2628/2628 2638/2638/2638 2636/2636/2636
f 2632/2632/2632 2646/2646/2646 2634/2634/2634
f 2632/2632/2632 2634/2634/2634 2642/2642/2642
f 2632/2632/2632 2642/2642/2642 2636/2636/2636
f 2647/2647/2647 2655/2655/2655 2648/2648/2648
f 2647/2647/2647 2654/2654/2654 2655/2655/2655
f 2661/2661/2661 2647/2647/2647 2648/2648/2648
f 2662/2662/2662 2655/2655/2655 2654/2654/2654
f 2648/2648/2648 2656/2656/2656 2649/2649/2649
f 2648/2648/2648 2655/2655/2655 2656/2656/2656
f 2661/2661/2661 2648/2648/2648 2649/2649/2649
f 2662/2662/2662 2656/2656/2656 2655/2655/2655
f 2649/2649/2649 2657/2657/2657 2650/2650/2650
f 2649/2649/2649 2656/2656/2656 2657/2657/2657
f 2661/2661/2661 2649/2649/2649 2650/2650/2650
f 2662/2662/2662 2657/2657/2657 2656/2656/2656
f 2650/2650/2650 2658/2658/2658 2651/2651/2651
f 2650/2650/2650 2657/2657/2657 2658/2658/2658
f 2661/2661/2661 2650/2650/2650 2651/2651/2651
f 2662/2662/2662 2658/2658/2658 2657/2657/2657
f 2651/2651/2651 2659/2659/2659 2652/2652/2652
f 2651/2651/2651 2658/2658/2658 2659/2659/2659
f 2661/2661/2661 2651/2651/2651 2652/2652/2652
f 2662/2662/2662 2659/2659/2659 2658/2658/2658
f 2652/2652/2652 2660/2660/2660 2653/2653/2653
f 2652/2652/2652 2659/2659/2659 2660/2660/2660
f 2661/2661/2661 2652/2652/2652 2653/2653/2653
f 2662/2662/2662 2660/2660/2660 2659/2659/2659
f 2653/2653/2653 2654/2654/2654 2647/2647/2647
f 2653/2653/2653 2660/2660/2660 2654/2654/2654
f 2661/2661/2661 2653/2653/2653 2647/2647/2647
f 2662/2662/2662 2654/2654/2654 2660/2660/2660
f 2663/2663/2663 2675/2675/2675 2674/2674/2674
f 2663/2663/2663 2664/2664/2664 2675/2675/2675
f 2664/2664/2664 2676/2676/2676 2675/2675/2675
f 2664/2664/2664 2665/2665/2665 2676/2676/2676
f 2665/2665/2665 2677/2677/2677 2676/2676/2676
f 2665/2665/2665 2666/2666/2666 2677/2677/2677
f 2666/2666/2666 2678/2678/2678 2677/2677/2677
f 2666/2666/2666 2667/2667/2667 2678/2678/2678
f 2667/2667/2667 2679/2679/2679 2678/2678/2678
f 2667/2667/2667 2668/2668/2668 2679/2679/2679
f 2668/2668/2668 2680/2680/2680 2679/2679/2679
f 2668/2668/2668 2669/2669/2669 2680/2680/2680
f 2669/2669/2669 2681/2681/2681 2680/2680/2680
f 2669/2669/2669 2670/2670/2670 2681/2681/2681
f 2670/2670/2670 2682/2682/2682 2681/2681/2681
f 2670/2670/2670 2671/2671/2671 2682/2682/2682
f 2671/2671/2671 2683/2683/2683 2682/2682/2682
f 2671/2671/2671 2672/2672/2672 2683/2683/2683
f 2672/2672/2672 2684/2684/2684 2683/2683/2683
f 2672/2672/2672 2673/2673/2673 2684/2684/2684
f 2674/2674/2674 2686/2686/2686 2685/2685/2685
f 2674/2674/2674 2675/2675/2675 2686/2686/2686
f 2675/2675/2675 2687/2687/2687 2686/2686/2686
f 2675/2675/2675 2676/2676/2676 2687/2687/2687
f 2676/2676/2676 2688/2688/2688 2687/2687/2687
f 2676/2676/2676 2677/2677/2677 2688/2688/2688
f 2677/2677/2677 2689/2689/2689 2688/2688/2688
f 2677/2677/2677 2678/2678/2678 2689/2689/2689
f 2678/2678/2678 2690/2690/2690 2689/2689/2689
f 2678/2678/2678 2679/2679/2679 2690/2690/2690
f 2679/2679/2679 2691/2691/2691 2690/2690/2690
f 2679/2679/2679 2680/2680/2680 2691/2691/2691
f 2680/2680/2680 2692/2692/2692 2691/2691/2691
f 2680/2680/2680 2681/2681/2681 2692/2692/2692
f 2681/2681/2681 2693/2693/2693 2692/2692/2692
f 2681/2681/2681 2682/2682/2682 2693/2693/2693
f 2682/2682/2682 2694/2694/2694 2693/2693/2693
f 2682/2682/2682 2683/2683/2683 2694/2694/2694
f 2683/2683/2683 2695/2695/2695 2694/2694/2694
f 2683/2683/2683 2684/2684/2684 2695/2695/2695
f 2685/2685/2685 2697/2697/2697 2696/2696/2696
f 2685/2685/2685 2686/2686/2686 2697/2697/2697
f 2686/2686/2686 2698/2698/2698 2697/2697/2697
f 2686/2686/2686 2687/2687/2687 2698/2698/2698
f 2687/2687/2687 2699/2699/2699 2698/2698/2698
f 2687/2687/2687 2688/2688/2688 2699/2699/2699
f 2688/2688/2688 2700/2700/2700 2699/2699/2699
f 2688/2688/2688 2689/2689/2689 2700/2700/2700
f 2689/2689/2689 2701/2701/2701 2700/2700/2700
f 2689/2689/2689 2690/2690/2690 2701/2701/2701
f 2690/2690/2690 2702/2702/2702 2701/2701/2701
f 2690/2690/2690 2691/2691/2691 2702/2702/2702
f 2691/2691/2691 2703/2703/2703 2702/2702/2702
f 2691/2691/2691 2692/2692/2692 2703/2703/2703
f 2692/2692/2692 2704/2704/2704 2703/2703/2703
f 2692/2692/2692 2693/2693/2693 2704/2704/2704
f 2693/2693/2693 2705/2705/2705 2704/2704/2704
f 2693/2693/2693 2694/2694/2694 2705/2705/2705
f 2694/2694/2694 2706/2706/2706 2705/2705/2705
f 2694/2694/2694 2695/2695/2695 2706/2706/2706
f 2696/2696/2696 2708/2708/2708 2707/2707/2707
f 2696/2696/2696 2697/2697/2697 2708/2708/2708
f 2697/2697/2697 2709/2709/2709 2708/2708/2708
f 2697/2697/2697 2698/2698/2698 2709/2709/2709
f 2698/2698/2698 2710/2710/2710 2709/2709/2709
f 2698/2698/2698 2699/2699/2699 2710/2710/2710
f 2699/2699/2699 2711/2711/2711 2710/2710/2710
f 2699/2699/2699 2700/2700/2700 2711/2711/2711
f 2700/2700/2700 2712/2712/2712 2711/2711/2711
f 2700/2700/2700 2701/2701/2701 2712/2712/2712
f 2701/2701/2701 2713/2713/2713 2712/2712/2712
f 2701/2701/2701 2702/2702/2702 2713/2713/2713
f 2702/2702/2702 2714/2714/2714 2713/2713/2713
f 2702/2702/2702 2703/2703/2703 2714/2714/2714
f 2703/2703/2703 2715/2715/2715 2714/2714/2714
f 2703/2703/2703 2704/2704/2704 2715/2715/2715
f 2704/2704/2704 2716/2716/2716 2715/2715/2715
f 2704/2704/2704 2705/2705/2705 2716/2716/2716
f 2705/2705/2705 2717/2717/2717 2716/2716/2716
f 2705/2705/2705 2706/2706/2706 2717/2717/2717
f 2707/2707/2707 2719/2719/2719 2718/2718/2718
f 2707/2707/2707 2708/2708/2708 2719/2719/2719
f 2708/2708/2708 2720/2720/2720 2719/2719/2719
f 2708/2708/2708 2709/2709/2709 2720/2720/2720
f 2709/2709/2709 2721/2721/2721 2720/2720/2720
f 2709/2709/2709 2710/2710/2710 2721/2721/2721
f 2710/2710/2710 2722/2722/2722 2721/2721/2721
f 2710/2710/2710 2711/2711/2711 2722/2722/2722
f 2711/2711/2711 2723/2723/2723 2722/2722/2722
f 2711/2711/2711 2712/2712/2712 2723/2723/2723
f 2712/2712/2712 2724/2724/2724 2723/2723/2723
f 2712/2712/2712 2713/2713/2713 2724/2724/2724
f 2713/2713/2713 2725/2725/2725 2724/2724/2724
f 2713/2713/2713 2714/2714/2714 2725/2725/2725
f 2714/2714/2714 2726/2726/2726 2725/2725/2725
f 2714/2714/2714 2715/2715/2715 2726/2726/2726
f 2715/2715/2715 2727/2727/2727 2726/2726/2726
f 2715/2715/2715 2716/2716/2716 2727/2727/2727
f 2716/2716/2716 2728/2728/2728 2727/2727/2727
f 2716/2716/2716 2717/2717/2717 2728/2728/2728
f 2718/2718/2718 2730/2730/2730 2729/2729/2729
f 2718/2718/2718 2719/2719/2719 2730/2730/2730
f 2719/2719/2719 2731/2731/2731 2730/2730/2730
f 2719/2719/2719 2720/2720/2720 2731/2731/2731
f 2720/2720/2720 2732/2732/2732 2731/2731/2731
f 2720/2720/2720 2721/2721/2721 2732/2732/2732
f 2721/2721/2721 2733/2733/2733 2732/2732/2732
f 2721/2721/2721 2722/2722/2722 2733/2733/2733
f 2722/2722/2722 2734/2734/2734 2733/2733/2733
f 2722/2722/2722 2723/2723/2723 2734/2734/2734
f 2723/2723/2723 2735/2735/2735 2734/2734/2734
f 2723/2723/2723 2724/2724/2724 2735/2735/2735
f 2724/2724/2724 2736/2736/2736 2735/2735/2735
f 2724/2724/2724 2725/2725/2725 2736/2736/2736
f 2725/2725/2725 2737/2737/2737 2736/2736/2736
f 2725/2725/2725 2726/2726/2726 2737/2737/2737
f 2726/2726/2726 2738/2738/2738 2737/2737/2737
f 2726/2726/2726 2727/2727/2727 2738/2738/2738
f 2727/2727/2727 2739/2739/2739 2738/2738/2738
f 2727/2727/2727 2728/2728/2728 2739/2739/2739
f 2729/2729/2729 2741/2741/2741 2740/2740/2740
f 2729/2729/2729 2730/2730/2730 2741/2741/2741
f 2730/2730/2730 2742/2742/2742 2741/2741/2741
f 2730/2730/2730 2731/2731/2731 2742/2742/2742
f 2731/2731/2731 2743/2743/2743 2742/2742/2742
f 2731/2731/2731 2732/2732/2732 2743/2743/2743
f 2732/2732/2732 2744/2744/2744 2743/2743/2743
f 2732/2732/2732 2733/2733/2733 2744/2744/2744
f 2733/2733/2733 2745/2745/2745 2744/2744/2744
f 2733/2733/2733 2734/2734/2734 2745/2745/2745
f 2734/2734/2734 2746/2746/2746 2745/2745/2745
f 2734/2734/2734 2735/2735/2735 2746/2746/2746
f 2735/2735/2735 2747/2747/2747 2746/2746/2746
f 2735/2735/2735 2736/2736/2736 2747/2747/2747
f 2736/2736/2736 2748/2748/2748 2747/2747/2747
f 2736/2736/2736 2737/2737/2737 2748/2748/2748
f 2737/2737/2737 2749/2749/2749 2748/2748/2748
f 2737/2737/2737 2738/2738/2738 2749/2749/2749
f 2738/2738/2738 2750/2750/2750 2749/2749/2749
f 2738/2738/2738 2739/2739/2739 2750/2750/2750
f 2740/2740/2740 2752/2752/2752 2751/2751/2751
f 2740/2740/2740 2741/2741/2741 2752/2752/2752
f 2741/2741/2741 2753/2753/2753 2752/2752/2752
f 2741/2741/2741 2742/2742/2742 2753/2753/2753
f 2742/2742/2742 2754/2754/2754 2753/2753/2753
f 2742/2742/2742 2743/2743/2743 2754/2754/2754
f 2743/2743/2743 2755/2755/2755 2754/2754/2754
f 2743/2743/2743 2744/2744/2744 2755/2755/2755
f 2744/2744/2744 2756/2756/2756 2755/2755/2755
f 2744/2744/2744 2745/2745/2745 2756/2756/2756
f 2745/2745/2745 2757/2757/2757 2756/2756/2756
f 2745/2745/2745 2746/2746/2746 2757/2757/2757
f 2746/2746/2746 2758/2758/2758 2757/2757/2757
f 2746/2746/2746 2747/2747/2747 2758/2758/2758
f 2747/2747/2747 2759/2759/2759 2758/2758/2758
f 2747/2747/2747 2748/2748/2748 2759/2759/2759
f 2748/2748/2748 2760/2760/2760 2759/2759/2759
f 2748/2748/2748 2749/2749/2749 2760/2760/2760
f 2749/2749/2749 2761/2761/2761 2760/2760/2760
f 2749/2749/2749 2750/2750/2750 2761/2761/2761
f 2762/2762/2762 2751/2751/2751 2752/2752/2752
f 2762/2762/2762 2752/2752/2752 2753/2753/2753
f 2762/2762/2762 2753/2753/2753 2754/2754/2754
f 2762/2762/2762 2754/2754/2754 2755/2755/2755
f 2762/2762/2762 2755/2755/2755 2756/2756/2756
f 2762/2762/2762 2756/2756/2756 2757/2757/2757
f 2762/2762/2762 2757/2757/2757 2758/2758/2758
f 2762/2762/2762 2758/2758/2758 2759/2759/2759
f 2762/2762/2762 2759/2759/2759 2760/2760/2760
f 2762/2762/2762 2760/2760/2760 2761/2761/2761
f 2763/2763/2763 2771/2771/2771 2767/2767/2767
f 2763/2763/2763 2767/2767/2767 2777/2777/2777
f 2763/2763/2763 2777/2777/2777 2775/2775/2775
f 2763/2763/2763 2779/2779/2779 2765/2765/2765
f 2763/2763/2763 2765/2765/2765 2773/2773/2773
f 2763/2763/2763 2773/2773/2773 2771/2771/2771
f 2763/2763/2763 2775/2775/2775 2764/2764/2764
f 2763/2763/2763 2764/2764/2764 2780/2780/2780
f 2763/2763/2763 2780/2780/2780 2779/2779/2779
f 2771/2771/2771 2773/2773/2773 2769/2769/2769
f 2771/2771/2771 2769/2769/2769 2781/2781/2781
f 2771/2771/2771 2781/2781/2781 2767/2767/2767
f 2765/2765/2765 2776/2776/2776 2766/2766/2766
f 2765/2765/2765 2766/2766/2766 2774/2774/2774
f 2765/2765/2765 2774/2774/2774 2773/2773/2773
f 2765/2765/2765 2779/2779/2779 2780/2780/2780
f 2765/2765/2765 2780/2780/2780 2766/2766/2766
f 2765/2765/2765 2766/2766/2766 2776/2776/2776
f 2767/2767/2767 2781/2781/2781 2782/2782/2782
f 2767/2767/2767 2782/2782/2782 2768/2768/2768
f 2767/2767/2767 2768/2768/2768 2777/2777/2777
f 2769/2769/2769 2778/2778/2778 2770/2770/2770
f 2769/2769/2769 2770/2770/2770 2782/2782/2782
f 2769/2769/2769 2782/2782/2782 2781/2781/2781
f 2769/2769/2769 2773/2773/2773 2774/2774/2774
f 2769/2769/2769 2774/2774/2774 2770/2770/2770
f 2769/2769/2769 2770/2770/2770 2778/2778/2778
f 2764/2764/2764 2772/2772/2772 2768/2768/2768
f 2764/2764/2764 2768/2768/2768 2777/2777/2777
f 2764/2764/2764 2777/2777/2777 2775/2775/2775
f 2764/2764/2764 2780/2780/2780 2766/2766/2766
f 2764/2764/2764 2766/2766/2766 2774/2774/2774
f 2764/2764/2764 2774/2774/2774 2772/2772/2772
f 2768/2768/2768 2782/2782/2782 2770/2770/2770
f 2768/2768/2768 2770/2770/2770 2778/2778/2778
f 2768/2768/2768 2778/2778/2778 2772/2772/2772
f 2783/2783/2783 2791/2791/2791 2784/2784/2784
f 2783/2783/2783 2790/2790/2790 2791/2791/2791
f 2797/2797/2797 2783/2783/2783 2784/2784/2784
f 2798/2798/2798 2791/2791/2791 2790/2790/2790
f 2784/2784/2784 2792/2792/2792 2785/2785/2785
f 2784/2784/2784 2791/2791/2791 2792/2792/2792
f 2797/2797/2797 2784/2784/2784 2785/2785/2785
f 2798/2798/2798 2792/2792/2792 2791/2791/2791
f 2785/2785/2785 2793/2793/2793 2786/2786/2786
f 2785/2785/2785 2792/2792/2792 2793/2793/2793
f 2797/2797/2797 2785/2785/2785 2786/2786/2786
f 2798/2798/2798 2793/2793/2793 2792/2792/2792
f 2786/2786/2786 2794/2794/2794 2787/2787/2787
f 2786/2786/2786 2793/2793/2793 2794/2794/2794
f 2797/2797/2797 2786/2786/2786 2787/2787/2787
f 2798/2798/2798 2794/2794/2794 2793/2793/2793
f 2787/2787/2787 2795/2795/2795 2788/2788/2788
f 2787/2787/2787 2794/2794/2794 2795/2795/2795
f 2797/2797/2797 2787/2787/2787 2788/2788/2788
f 2798/2798/2798 2795/2795/2795 2794/2794/2794
f 2788/2788/2788 2796/2796/2796 2789/2789/2789
f 2788/2788/2788 2795/2795/2795 2796/2796/2796
f 2797/2797/2797 2788/2788/2788 2789/2789/2789
f 2798/2798/2798 2796/2796/2796 2795/2795/2795
f 2789/2789/2789 2790/2790/2790 2783/2783/2783
f 2789/2789/2789 2796/2796/2796 2790/2790/2790
f 2797/2797/2797 2789/2789/2789 2783/2783/2783
f 2798/2798/2798 2790/2790/2790 2796/2796/2796
f 2799/2799/2799 2811/2811/2811 2810/2810/2810
f 2799/2799/2799 2800/2800/2800 2811/2811/2811
f 2800/2800/2800 2812/2812/2812 2811/2811/2811
f 2800/2800/2800 2801/2801/2801 2812/2812/2812
f 2801/2801/2801 2813/2813/2813 2812/2812/2812
f 2801/2801/2801 2802/2802/2802 2813/2813/2813
f 2802/2802/2802 2814/2814/2814 2813/2813/2813
f 2802/2802/2802 2803/2803/2803 2814/2814/2814
f 2803/2803/2803 2815/2815/2815 2814/2814/2814
f 2803/2803/2803 2804/2804/2804 2815/2815/2815
f 2804/2804/2804 2816/2816/2816 2815/2815/2815
f 2804/2804/2804 2805/2805/2805 2816/2816/2816
f 2805/2805/2805 2817/2817/2817 2816/2816/2816
f 2805/2805/2805 2806/2806/2806 2817/2817/2817
f 2806/2806/2806 2818/2818/2818 2817/2817/2817
f 2806/2806/2806 2807/2807/2807 2818/2818/2818
f 2807/2807/2807 2819/2819/2819 2818/2818/2818
f 2807/2807/2807 2808/2808/2808 2819/2819/2819
f 2808/2808/2808 2820/2820/2820 2819/2819/2819
f 2808/2808/2808 2809/2809/2809 2820/2820/2820
f 2810/2810/2810 2822/2822/2822 2821/2821/2821
f 2810/2810/2810 2811/2811/2811 2822/2822/2822
f 2811/2811/2811 2823/2823/2823 2822/2822/2822
f 2811/2811/2811 2812/2812/2812 2823/2823/2823
f 2812/2812/2812 2824/2824/2824 2823/2823/2823
f 2812/2812/2812 2813/2813/2813 2824/2824/2824
f 2813/2813/2813 2825/2825/2825 2824/2824/2824
f 2813/2813/2813 2814/2814/2814 2825/2825/2825
f 2814/2814/2814 2826/2826/2826 2825/2825/2825
f 2814/2814/2814 2815/2815/2815 2826/2826/2826
f 2815/2815/2815 2827/2827/2827 2826/2826/2826
f 2815/2815/2815 2816/2816/2816 2827/2827/2827
f 2816/2816/2816 2828/2828/2828 2827/2827/2827
f 2816/2816/2816 2817/2817/2817 2828/2828/2828
f 2817/2817/2817 2829/2829/2829 2828/2828/2828
f 2817/2817/2817 2818/2818/2818 2829/2829/2829
f 2818/2818/2818 2830/2830/2830 2829/2829/2829
f 2818/2818/2818 2819/2819/2819 2830/2830/2830
f 2819/2819/2819 2831/2831/2831 2830/2830/2830
f 2819/2819/2819 2820/2820/2820 2831/2831/2831
f 2821/2821/2821 2833/2833/2833 2832/2832/2832
f 2821/2821/2821 2822/2822/2822 2833/2833/2833
f 2822/2822/2822 2834/2834/2834 2833/2833/2833
f 2822/2822/2822 2823/2823/2823 2834/2834/2834
f 2823/2823/2823 2835/2835/2835 2834/2834/2834
f 2823/2823/2823 2824/2824/2824 2835/2835/2835
f 2824/2824/2824 2836/2836/2836 2835/2835/2835
f 2824/2824/2824 2825/2825/2825 2836/2836/2836
f 2825/2825/2825 2837/2837/2837 2836/2836/2836
f 2825/2825/2825 2826/2826/2826 2837/2837/2837
f 2826/2826/2826 2838/2838/2838 2837/2837/2837
f 2826/2826/2826 2827/2827/2827 2838/2838/2838
f 2827/2827/2827 2839/2839/2839 2838/2838/2838
f 2827/2827/2827 2828/2828/2828 2839/2839/2839
f 2828/2828/2828 2840/2840/2840 2839/2839/2839
f 2828/2828/2828 2829/2829/2829 2840/2840/2840
f 2829/2829/2829 2841/2841/2841 2840/2840/2840
f 2829/2829/2829 2830/2830/2830 2841/2841/2841
f 2830/2830/2830 2842/2842/2842 2841/2841/2841
f 2830/2830/2830 2831/2831/2831 2842/2842/2842
f 2832/2832/2832 2844/2844/2844 2843/2843/2843
f 2832/2832/2832 2833/2833/2833 2844/2844/2844
f 2833/2833/2833 2845/2845/2845 2844/2844/2844
f 2833/2833/2833 2834/2834/2834 2845/2845/2845
f 2834/2834/2834 2846/2846/2846 2845/2845/2845
f 2834/2834/2834 2835/2835/2835 2846/2846/2846
f 2835/2835/2835 2847/2847/2847 2846/2846/2846
f 2835/2835/2835 2836/2836/2836 2847/2847/2847
f 2836/2836/2836 2848/2848/2848 2847/2847/2847
f 2836/2836/2836 2837/2837/2837 2848/2848/2848
f 2837/2837/2837 2849/2849/2849 2848/2848/2848
f 2837/2837/2837 2838/2838/2838 2849/2849/2849
f 2838/2838/2838 2850/2850/2850 2849/2849/2849
f 2838/2838/2838 2839/2839/2839 2850/2850/2850
f 2839/2839/2839 2851/2851/2851 2850/2850/2850
f 2839/2839/2839 2840/2840/2840 2851/2851/2851
f 2840/2840/2840 2852/2852/2852 2851/2851/2851
f 2840/2840/2840 2841/2841/2841 2852/2852/2852
f 2841/2841/2841 2853/2853/2853 2852/2852/2852
f 2841/2841/2841 2842/2842/2842 2853/2853/2853
f 2843/2843/2843 2855/2855/2855 2854/2854/2854
f 2843/2843/2843 2844/2844/2844 2855/2855/2855
f 2844/2844/2844 2856/2856/2856 2855/2855/2855
f 2844/2844/2844 2845/2845/2845 2856/2856/2856
f 2845/2845/2845 2857/2857/2857 2856/2856/2856
f 2845/2845/2845 2846/2846/2846 2857/2857/2857
f 2846/2846/2846 2858/2858/2858 2857/2857/2857
f 2846/2846/2846 2847/2847/2847 2858/2858/2858
f 2847/2847/2847 2859/2859/2859 2858/2858/2858
f 2847/2847/2847 2848/2848/2848 2859/2859/2859
f 2848/2848/2848 2860/2860/2860 2859/2859/2859
f 2848/2848/2848 2849/2849/2849 2860/2860/2860
f 2849/2849/2849 2861/2861/2861 2860/2860/2860
f 2849/2849/2849 2850/2850/2850 2861/2861/2861
f 2850/2850/2850 2862/2862/2862 2861/2861/2861
f 2850/2850/2850 2851/2851/2851 2862/2862/2862
f 2851/2851/2851 2863/2863/2863 2862/2862/2862
f 2851/2851/2851 2852/2852/2852 2863/2863/2863
f 2852/2852/2852 2864/2864/2864 2863/2863/2863
f 2852/2852/2852 2853/2853/2853 2864/2864/2864
f 2854/2854/2854 2866/2866/2866 2865/2865/2865
f 2854/2854/2854 2855/2855/2855 2866/2866/2866
f 2855/2855/2855 2867/2867/2867 2866/2866/2866
f 2855/2855/2855 2856/2856/2856 2867/2867/2867
f 2856/2856/2856 2868/2868/2868 2867/2867/2867
f 2856/2856/2856 2857/2857/2857 2868/2868/2868
f 2857/2857/2857 2869/2869/2869 2868/2868/2868
f 2857/2857/2857 2858/2858/2858 2869/2869/2869
f 2858/2858/2858 2870/2870/2870 2869/2869/2869
f 2858/2858/2858 2859/2859/2859 2870/2870/2870
f 2859/2859/2859 2871/2871/2871 2870/2870/2870
f 2859/2859/2859 2860/2860/2860 2871/2871/2871
f 2860/2860/2860 2872/2872/2872 2871/2871/2871
f 2860/2860/2860 2861/2861/2861 2872/2872/2872
f 2861/2861/2861 2873/2873/2873 2872/2872/2872
f 2861/2861/2861 2862/2862/2862 2873/2873/2873
f 2862/2862/2862 2874/2874/2874 2873/2873/2873
f 2862/2862/2862 2863/2863/2863 2874/2874/2874
f 2863/2863/2863 2875/2875/2875 2874/2874/2874
f 2863/2863/2863 2864/2864/2864 2875/2875/2875
f 2865/2865/2865 2877/2877/2877 2876/2876/2876
f 2865/2865/2865 2866/2866/2866 2877/2877/2877
f 2866/2866/2866 2878/2878/2878 2877/2877/2877
f 2866/2866/2866 2867/2867/2867 2878/2878/2878
f 2867/2867/2867 2879/2879/2879 2878/2878/2878
f 2867/2867/2867 2868/2868/2868 2879/2879/2879
f 2868/2868/2868 2880/2880/2880 2879/2879/2879
f 2868/2868/2868 2869/2869/2869 2880/2880/2880
f 2869/2869/2869 2881/2881/2881 2880/2880/2880
f 2869/2869/2869 2870/2870/2870 2881/2881/2881
f 2870/2870/2870 2882/2882/2882 2881/2881/2881
f 2870/2870/2870 2871/2871/2871 2882/2882/2882
f 2871/2871/2871 2883/2883/2883 2882/2882/2882
f 2871/2871/2871 2872/2872/2872 2883/2883/2883
f 2872/2872/2872 2884/2884/2884 2883/2883/2883
f 2872/2872/2872 2873/2873/2873 2884/2884/2884
f 2873/2873/2873 2885/2885/2885 2884/2884/2884
f 2873/2873/2873 2874/2874/2874 2885/2885/2885
f 2874/2874/2874 2886/2886/2886 2885/2885/2885
f 2874/2874/2874 2875/2875/2875 2886/2886/2886
f 2876/2876/2876 2888/2888/2888 2887/2887/2887
f 2876/2876/2876 2877/2877/2877 2888/2888/2888
f 2877/2877/2877 2889/2889/2889 2888/2888/2888
f 2877/2877/2877 2878/2878/2878 2889/2889/2889
f 2878/2878/2878 2890/2890/2890 2889/2889/2889
f 2878/2878/2878 2879/2879/2879 2890/2890/2890
f 2879/2879/2879 2891/2891/2891 2890/2890/2890
f 2879/2879/2879 2880/2880/2880 2891/2891/2891
f 2880/2880/2880 2892/2892/2892 2891/2891/2891
f 2880/2880/2880 2881/2881/2881 2892/2892/2892
f 2881/2881/2881 2893/2893/2893 2892/2892/2892
f 2881/2881/2881 2882/2882/2882 2893/2893/2893
f 2882/2882/2882 2894/2894/2894 2893/2893/2893
f 2882/2882/2882 2883/2883/2883 2894/2894/2894
f 2883/2883/2883 2895/2895/2895 2894/2894/2894
f 2883/2883/2883 2884/2884/2884 2895/2895/2895
f 2884/2884/2884 2896/2896/2896 2895/2895/2895
f 2884/2884/2884 2885/2885/2885 2896/2896/2896
f 2885/2885/2885 2897/2897/2897 2896/2896/2896
f 2885/2885/2885 2886/2886/2886 2897/2897/2897
f 2898/2898/2898 2887/2887/2887 2888/2888/2888
f 2898/2898/2898 2888/2888/2888 2889/2889/2889
f 2898/2898/2898 2889/2889/2889 2890/2890/2890
f 2898/2898/2898 2890/2890/2890 2891/2891/2891
f 2898/2898/2898 2891/2891/2891 2892/2892/2892
f 2898/2898/2898 2892/2892/2892 2893/2893/2893
f 2898/2898/2898 2893/2893/2893 2894/2894/2894
f 2898/2898/2898 2894/2894/2894 2895/2895/2895
f 2898/2898/2898 2895/2895/2895 2896/2896/2896
f 2898/2898/2898 2896/2896/2896 2897/2897/2897
f 2899/2899/2899 2907/2907/2907 2903/2903/2903
f 2899/2899/2899 2903/2903/2903 2913/2913/2913
f 2899/2899/2899 2913/2913/2913 2911/2911/2911
f 2899/2899/2899 2915/2915/2915 2901/2901/2901
f 2899/2899/2899 2901/2901/2901 2909/2909/2909
f 2899/2899/2899 2909/2909/2909 2907/2907/2907
f 2899/2899/2899 2911/2911/2911 2900/2900/2900
f 2899/2899/2899 2900/2900/2900 2916/2916/2916
f 2899/2899/2899 2916/2916/2916 2915/2915/2915
f 2907/2907/2907 2909/2909/2909 2905/2905/2905
f 2907/2907/2907 2905/2905/2905 2917/2917/2917
f 2907/2907/2907 2917/2917/2917 2903/2903/2903
f 2901/2901/2901 2912/2912/2912 2902/2902/2902
f 2901/2901/2901 2902/2902/2902 2910/2910/2910
f 2901/2901/2901 2910/2910/2910 2909/2909/2909
f 2901/2901/2901 2915/2915/2915 2916/2916/2916
f 2901/2901/2901 2916/2916/2916 2902/2902/2902
f 2901/2901/2901 2902/2902/2902 2912/2912/2912
f 2903/2903/2903 2917/2917/2917 2918/2918/2918
f 2903/2903/2903 2918/2918/2918 2904/2904/2904
f 2903/2903/2903 2904/2904/2904 2913/2913/2913
f 2905/2905/2905 2914/2914/2914 2906/2906/2906
f 2905/2905/2905 2906/2906/2906 2918/2918/2918
f 2905/2905/2905 2918/2918/2918 2917/2917/2917
f 2905/2905/2905 2909/2909/2909 2910/2910/2910
f 2905/2905/2905 2910/2910/2910 2906/2906/2906
f 2905/2905/2905 2906/2906/2906 2914/2914/2914
f 2900/2900/2900 2908/2908/2908 2904/2904/2904
f 2900/2900/2900 2904/2904/2904 2913/2913/2913
f 2900/2900/2900 2913/2913/2913 2911/2911/2911
f 2900/2900/2900 2916/2916/2916 2902/2902/2902
f 2900/2900/2900 2902/2902/2902 2910/2910/2910
f 2900/2900/2900 2910/2910/2910 2908/2908/2908
f 2904/2904/2904 2918/2918/2918 2906/2906/2906
f 2904/2904/2904 2906/2906/2906 2914/2914/2914
f 2904/2904/2904 2914/2914/2914 2908/2908/2908
f 2919/2919/2919 2927/2927/2927 2920/2920/2920
f 2919/2919/2919 2926/2926/2926 2927/2927/2927
f 2933/2933/2933 2919/2919/2919 2920/2920/2920
f 2934/2934/2934 2927/2927/2927 2926/2926/2926
f 2920/2920/2920 2928/2928/2928 2921/2921/2921
f 2920/2920/2920 2927/2927/2927 2928/2928/2928
f 2933/2933/2933 2920/2920/2920 2921/2921/2921
f 2934/2934/2934 2928/2928/2928 2927/2927/2927
f 2921/2921/2921 2929/2929/2929 2922/2922/2922
f 2921/2921/2921 2928/2928/2928 2929/2929/2929
f 2933/2933/2933 2921/2921/2921 2922/2922/2922
f 2934/2934/2934 2929/2929/2929 2928/2928/2928
f 2922/2922/2922 2930/2930/2930 2923/2923/2923
f 2922/2922/2922 2929/2929/2929 2930/2930/2930
f 2933/2933/2933 2922/2922/2922 2923/2923/2923
f 2934/2934/2934 2930/2930/2930 2929/2929/2929
f 2923/2923/2923 2931/2931/2931 2924/2924/2924
f 2923/2923/2923 2930/2930/2930 2931/2931/2931
f 2933/2933/2933 2923/2923/2923 2924/2924/2924
f 2934/2934/2934 2931/2931/2931 2930/2930/2930
f 2924/2924/2924 2932/2932/2932 2925/2925/2925
f 2924/2924/2924 2931/2931/2931 2932/2932/2932
f 2933/2933/2933 2924/2924/2924 2925/2925/2925
f 2934/2934/2934 2932/2932/2932 2931/2931/2931
f 2925/2925/2925 2926/2926/2926 2919/2919/2919
f 2925/2925/2925 2932/2932/2932 2926/2926/2926
f 2933/2933/2933 2925/2925/2925 2919/2919/2919
f 2934/2934/2934 2926/2926/2926 2932/2932/2932
f 2935/2935/2935 2947/2947/2947 2946/2946/2946
f 2935/2935/2935 2936/2936/2936 2947/2947/2947
f 2936/2936/2936 2948/2948/2948 2947/2947/2947
f 2936/2936/2936 2937/2937/2937 2948/2948/2948
f 2937/2937/2937 2949/2949/2949 2948/2948/2948
f 2937/2937/2937 2938/2938/2938 2949/2949/2949
f 2938/2938/2938 2950/2950/2950 2949/2949/2949
f 2938/2938/2938 2939/2939/2939 2950/2950/2950
f 2939/2939/2939 2951/2951/2951 2950/2950/2950
f 2939/2939/2939 2940/2940/2940 2951/2951/2951
f 2940/2940/2940 2952/2952/2952 2951/2951/2951
f 2940/2940/2940 2941/2941/2941 2952/2952/2952
f 2941/2941/2941 2953/2953/2953 2952/2952/2952
f 2941/2941/2941 2942/2942/2942 2953/2953/2953
f 2942/2942/2942 2954/2954/2954 2953/2953/2953
f 2942/2942/2942 2943/2943/2943 2954/2954/2954
f 2943/2943/2943 2955/2955/2955 2954/2954/2954
f 2943/2943/2943 2944/2944/2944 2955/2955/2955
f 2944/2944/2944 2956/2956/2956 2955/2955/2955
f 2944/2944/2944 2945/2945/2945 2956/2956/2956
f 2946/2946/2946 2958/2958/2958 2957/2957/2957
f 2946/2946/2946 2947/2947/2947 2958/2958/2958
f 2947/2947/2947 2959/2959/2959 2958/2958/2958
f 2947/2947/2947 2948/2948/2948 2959/2959/2959
f 2948/2948/2948 2960/2960/2960 2959/2959/2959
f 2948/2948/2948 2949/2949/2949 2960/2960/2960
f 2949/2949/2949 2961/2961/2961 2960/2960/2960
f 2949/2949/2949 2950/2950/2950 2961/2961/2961
f 2950/2950/2950 2962/2962/2962 2961/2961/2961
f 2950/2950/2950 2951/2951/2951 2962/2962/2962
f 2951/2951/2951 2963/2963/2963 2962/2962/2962
f 2951/2951/2951 2952/2952/2952 2963/2963/2963
f 2952/2952/2952 2964/2964/2964 2963/2963/2963
f 2952/2952/2952 2953/2953/2953 2964/2964/2964
f 2953/2953/2953 2965/2965/2965 2964/2964/2964
f 2953/2953/2953 2954/2954/2954 2965/2965/2965
f 2954/2954/2954 2966/2966/2966 2965/2965/2965
f 2954/2954/2954 2955/2955/2955 2966/2966/2966
f 2955/2955/2955 2967/2967/2967 2966/2966/2966
f 2955/2955/2955 2956/2956/2956 2967/2967/2967
f 2957/2957/2957 2969/2969/2969 2968/2968/2968
f 2957/2957/2957 2958/2958/2958 2969/2969/2969
f 2958/2958/2958 2970/2970/2970 2969/2969/2969
f 2958/2958/2958 2959/2959/2959 2970/2970/2970
f 2959/2959/2959 2971/2971/2971 2970/2970/2970
f 2959/2959/2959 2960/2960/2960 2971/2971/2971
f 2960/2960/2960 2972/2972/2972 2971/2971/2971
f 2960/2960/2960 2961/2961/2961 2972/2972/2972
f 2961/2961/2961 2973/2973/2973 2972/2972/2972
f 2961/2961/2961 2962/2962/2962 2973/2973/2973
f 2962/2962/2962 2974/2974/2974 2973/2973/2973
f 2962/2962/2962 2963/2963/2963 2974/2974/2974
f 2963/2963/2963 2975/2975/2975 2974/2974/2974
f 2963/2963/2963 2964/2964/2964 2975/2975/2975
f 2964/2964/2964 2976/2976/2976 2975/2975/2975
f 2964/2964/2964 2965/2965/2965 2976/2976/2976
f 2965/2965/2965 2977/2977/2977 2976/2976/2976
f 2965/2965/2965 2966/2966/2966 2977/2977/2977
f 2966/2966/2966 2978/2978/2978 2977/2977/2977
f 2966/2966/2966 2967/2967/2967 2978/2978/2978
f 2968/2968/2968 2980/2980/2980 2979/2979/2979
f 2968/2968/2968 2969/2969/2969 2980/2980/2980
f 2969/2969/2969 2981/2981/2981 2980/2980/2980
f 2969/2969/2969 2970/2970/2970 2981/2981/2981
f 2970/2970/2970 2982/2982/2982 2981/2981/2981
f 2970/2970/2970 2971/2971/2971 2982/2982/2982
f 2971/2971/2971 2983/2983/2983 2982/2982/2982
f 2971/2971/2971 2972/2972/2972 2983/2983/2983
f 2972/2972/2972 2984/2984/2984 2983/2983/2983
f 2972/2972/2972 2973/2973/2973 2984/2984/2984
f 2973/2973/2973 2985/2985/2985 2984/2984/2984
f 2973/2973/2973 2974/2974/2974 2985/2985/2985
f 2974/2974/2974 2986/2986/2986 2985/2985/2985
f 2974/2974/2974 2975/2975/2975 2986/2986/2986
f 2975/2975/2975 2987/2987/2987 2986/2986/2986
f 2975/2975/2975 2976/2976/2976 2987/2987/2987
f 2976/2976/2976 2988/2988/2988 2987/2987/2987
f 2976/2976/2976 2977/2977/2977 2988/2988/2988
f 2977/2977/2977 2989/2989/2989 2988/2988/2988
f 2977/2977/2977 2978/2978/2978 2989/2989/2989
f 2979/2979/2979 2991/2991/2991 2990/2990/2990
f 2979/2979/2979 2980/2980/2980 2991/2991/2991
f 2980/2980/2980 2992/2992/2992 2991/2991/2991
f 2980/2980/2980 2981/2981/2981 2992/2992/2992
f 2981/2981/2981 2993/2993/2993 2992/2992/2992
f 2981/2981/2981 2982/2982/2982 2993/2993/2993
f 2982/2982/2982 2994/2994/2994 2993/2993/2993
f 2982/2982/2982 2983/2983/2983 2994/2994/2994
f 2983/2983/2983 2995/2995/2995 2994/2994/2994
f 2983/2983/2983 2984/2984/2984 2995/2995/2995
f 2984/2984/2984 2996/2996/2996 2995/2995/2995
f 2984/2984/2984 2985/2985/2985 2996/2996/2996
f 2985/2985/2985 2997/2997/2997 2996/2996/2996
f 2985/2985/2985 2986/2986/2986 2997/2997/2997
f 2986/2986/2986 2998/2998/2998 2997/2997/2997
f 2986/2986/2986 2987/2987/2987 2998/2998/2998
f 2987/2987/2987 2999/2999/2999 2998/2998/2998
f 2987/2987/2987 2988/2988/2988 2999/2999/2999
f 2988/2988/2988 3000/3000/3000 2999/2999/2999
f 2988/2988/2988 2989/2989/2989 3000/3000/3000
f 2990/2990/2990 3002/3002/3002 3001/3001/3001
f 2990/2990/2990 2991/2991/2991 3002/3002/3002
f 2991/2991/2991 3003/3003/3003 3002/3002/3002
f 2991/2991/2991 2992/2992/2992 3003/3003/3003
f 2992/2992/2992 3004/3004/3004 3003/3003/3003
f 2992/2992/2992 2993/2993/2993 3004/3004/3004
f 2993/2993/2993 3005/3005/3005 3004/3004/3004
f 2993/2993/2993 2994/2994/2994 3005/3005/3005
f 2994/2994/2994 3006/3006/3006 3005/3005/3005
f 2994/2994/2994 2995/2995/2995 3006/3006/3006
f 2995/2995/2995 3007/3007/3007 3006/3006/3006
f 2995/2995/2995 2996/2996/2996 3007/3007/3007
f 2996/2996/2996 3008/3008/3008 3007/3007/3007
f 2996/2996/2996 2997/2997/2997 3008/3008/3008
f 2997/2997/2997 3009/3009/3009 3008/3008/3008
f 2997/2997/2997 2998/2998/2998 3009/3009/3009
f 2998/2998/2998 3010/3010/3010 3009/3009/3009
f 2998/2998/2998 2999/2999/2999 3010/3010/3010
f 2999/2999/2999 3011/3011/3011 3010/3010/3010
f 2999/2999/2999 3000/3000/3000 3011/3011/3011
f 3001/3001/3001 3013/3013/3013 3012/3012/3012
f 3001/3001/3001 3002/3002/3002 3013/3013/3013
f 3002/3002/3002 3014/3014/3014 3013/3013/3013
f 3002/3002/3002 3003/3003/3003 3014/3014/3014
f 3003/3003/3003 3015/3015/3015 3014/3014/3014
f 3003/3003/3003 3004/3004/3004 3015/3015/3015
f 3004/3004/3004 3016/3016/3016 3015/3015/3015
f 3004/3004/3004 3005/3005/3005 3016/3016/3016
f 3005/3005/3005 3017/3017/3017 3016/3016/3016
f 3005/3005/3005 3006/3006/3006 3017/3017/3017
f 3006/3006/3006 3018/3018/3018 3017/3017/3017
f 3006/3006/3006 3007/3007/3007 3018/3018/3018
f 3007/3007/3007 3019/3019/3019 3018/3018/3018
f 3007/3007/3007 3008/3008/3008 3019/3019/3019
f 3008/3008/3008 3020/3020/3020 3019/3019/3019
f 3008/3008/3008 3009/3009/3009 3020/3020/3020
f 3009/3009/3009 3021/3021/3021 3020/3020/3020
f 3009/3009/3009 3010/3010/3010 3021/3021/3021
f 3010/3010/3010 3022/3022/3022 3021/3021/3021
f 3010/3010/3010 3011/3011/3011 3022/3022/3022
f 3012/3012/3012 3024/3024/3024 3023/3023/3023
f 3012/3012/3012 3013/3013/3013 3024/3024/3024
f 3013/3013/3013 3025/3025/3025 3024/3024/3024
f 3013/3013/3013 3014/3014/3014 3025/3025/3025
f 3014/3014/3014 3026/3026/3026 3025/3025/3025
f 3014/3014/3014 3015/3015/3015 3026/3026/3026
f 3015/3015/3015 3027/3027/3027 3026/3026/3026
f 3015/3015/3015 3016/3016/3016 3027/3027/3027
f 3016/3016/3016 3028/3028/3028 3027/3027/3027
f 3016/3016/3016 3017/3017/3017 3028/3028/3028
f 3017/3017/3017 3029/3029/3029 3028/3028/3028
f 3017/3017/3017 3018/3018/3018 3029/3029/3029
f 3018/3018/3018 3030/3030/3030 3029/3029/3029
f 3018/3018/3018 3019/3019/3019 3030/3030/3030
f 3019/3019/3019 3031/3031/3031 3030/3030/3030
f 3019/3019/3019 3020/3020/3020 3031/3031/3031
f 3020/3020/3020 3032/3032/3032 3031/3031/3031
f 3020/3020/3020 3021/3021/3021 3032/3032/3032
f 3021/3021/3021 3033/3033/3033 3032/3032/3032
f 3021/3021/3021 3022/3022/3022 3033/3033/3033
f 3034/3034/3034 3023/3023/3023 3024/3024/3024
f 3034/3034/3034 3024/3024/3024 3025/3025/3025
f 3034/3034/3034 3025/3025/3025 3026/3026/3026
f 3034/3034/3034 3026/3026/3026 3027/3027/3027
f 3034/3034/3034 3027/3027/3027 3028/3028/3028
f 3034/3034/3034 3028/3028/3028 3029/3029/3029
f 3034/3034/3034 3029/3029/3029 3030/3030/3030
f 3034/3034/3034 3030/3030/3030 3031/3031/3031
f 3034/3034/3034 3031/3031/3031 3032/3032/3032
f 3034/3034/3034 3032/3032/3032 3033/3033/3033
f 3035/3035/3035 3043/3043/3043 3039/3039/3039
f 3035/3035/3035 3039/3039/3039 3049/3049/3049
f 3035/3035/3035 3049/3049/3049 3047/3047/3047
f 3035/3035/3035 3051/3051/3051 3037/3037/3037
f 3035/3035/3035 3037/3037/3037 3045/3045/3045
f 3035/3035/3035 3045/3045/3045 3043/3043/3043
f 3035/3035/3035 3047/3047/3047 3036/3036/3036
f 3035/3035/3035 3036/3036/3036 3052/3052/3052
f 3035/3035/3035 3052/3052/3052 3051/3051/3051
f 3043/3043/3043 3045/3045/3045 3041/3041/3041
f 3043/3043/3043 3041/3041/3041 3053/3053/3053
f 3043/3043/3043 3053/3053/3053 3039/3039/3039
f 3037/3037/3037 3048/3048/3048 3038/3038/3038
f 3037/3037/3037 3038/3038/3038 3046/3046/3046
f 3037/3037/3037 3046/3046/3046 3045/3045/3045
f 3037/3037/3037 3051/3051/3051 3052/3052/3052
f 3037/3037/3037 3052/3052/3052 3038/3038/3038
f 3037/3037/3037 3038/3038/3038 3048/3048/3048
f 3039/3039/3039 3053/3053/3053 3054/3054/3054
f 3039/3039/3039 3054/3054/3054 3040/3040/3040
f 3039/3039/3039 3040/3040/3040 3049/3049/3049
f 3041/3041/3041 3050/3050/3050 3042/3042/3042
f 3041/3041/3041 3042/3042/3042 3054/3054/3054
f 3041/3041/3041 3054/3054/3054 3053/3053/3053
f 3041/3041/3041 3045/3045/3045 3046/3046/3046
f 3041/3041/3041 3046/3046/3046 3042/3042/3042
f 3041/3041/3041 3042/3042/3042 3050/3050/3050
f 3036/3036/3036 3044/3044/3044 3040/3040/3040
f 3036/3036/3036 3040/3040/3040 3049/3049/3049
f 3036/3036/3036 3049/3049/3049 3047/3047/3047
f 3036/3036/3036 3052/3052/3052 3038/3038/3038
f 3036/3036/3036 3038/3038/3038 3046/3046/3046
f 3036/3036/3036 3046/3046/3046 3044/3044/3044
f 3040/3040/3040 3054/3054/3054 3042/3042/3042
f 3040/3040/3040 3042/3042/3042 3050/3050/3050
f 3040/3040/3040 3050/3050/3050 3044/3044/3044
f 3055/3055/3055 3063/3063/3063 3056/3056/3056
f 3055/3055/3055 3062/3062/3062 3063/3063/3063
f 3069/3069/3069 3055/3055/3055 3056/3056/3056
f 3070/3070/3070 3063/3063/3063 3062/3062/3062
f 3056/3056/3056 3064/3064/3064 3057/3057/3057
f 3056/3056/3056 3063/3063/3063 3064/3064/3064
f 3069/3069/3069 3056/3056/3056 3057/3057/3057
f 3070/3070/3070 3064/3064/3064 3063/3063/3063
f 3057/3057/3057 3065/3065/3065 3058/3058/3058
f 3057/3057/3057 3064/3064/3064 3065/3065/3065
f 3069/3069/3069 3057/3057/3057 3058/3058/3058
f 3070/3070/3070 3065/3065/3065 3064/3064/3064
f 3058/3058/3058 3066/3066/3066 3059/3059/3059
f 3058/3058/3058 3065/3065/3065 3066/3066/3066
f 3069/3069/3069 3058/3058/3058 3059/3059/3059
f 3070/3070/3070 3066/3066/3066 3065/3065/3065
f 3059/3059/3059 3067/3067/3067 3060/3060/3060
f 3059/3059/3059 3066/3066/3066 3067/3067/3067
f 3069/3069/3069 3059/3059/3059 3060/3060/3060
f 3070/3070/3070 3067/3067/3067 3066/3066/3066
f 3060/3060/3060 3068/3068/3068 3061/3061/3061
f 3060/3060/3060 3067/3067/3067 3068/3068/3068
f 3069/3069/3069 3060/3060/3060 3061/3061/3061
f 3070/3070/3070 3068/3068/3068 3067/3067/3067
f 3061/3061/3061 3062/3062/3062 3055/3055/3055
f 3061/3061/3061 3068/3068/3068 3062/3062/3062
f 3069/3069/3069 3061/3061/3061 3055/3055/3055
f 3070/3070/3070 3062/3062/3062 3068/3068/3068
f 3071/3071/3071 3083/3083/3083 3082/3082/3082
f 3071/3071/3071 3072/3072/3072 3083/3083/3083
f 3072/3072/3072 3084/3084/3084 3083/3083/3083
f 3072/3072/3072 3073/3073/3073 3084/3084/3084
f 3073/3073/3073 3085/3085/3085 3084/3084/3084
f 3073/3073/3073 3074/3074/3074 3085/3085/3085
f 3074/3074/3074 3086/3086/3086 3085/3085/3085
f 3074/3074/3074 3075/3075/3075 3086/3086/3086
f 3075/3075/3075 3087/3087/3087 3086/3086/3086
f 3075/3075/3075 3076/3076/3076 3087/3087/3087
f 3076/3076/3076 3088/3088/3088 3087/3087/3087
f 3076/3076/3076 3077/3077/3077 3088/3088/3088
f 3077/3077/3077 3089/3089/3089 3088/3088/3088
f 3077/3077/3077 3078/3078/3078 3089/3089/3089
f 3078/3078/3078 3090/3090/3090 3089/3089/3089
f 3078/3078/3078 3079/3079/3079 3090/3090/3090
f 3079/3079/3079 3091/3091/3091 3090/3090/3090
f 3079/3079/3079 3080/3080/3080 3091/3091/3091
f 3080/3080/3080 3092/3092/3092 3091/3091/3091
f 3080/3080/3080 3081/3081/3081 3092/3092/3092
f 3082/3082/3082 3094/3094/3094 3093/3093/3093
f 3082/3082/3082 3083/3083/3083 3094/3094/3094
f 3083/3083/3083 3095/3095/3095 3094/3094/3094
f 3083/3083/3083 3084/3084/3084 3095/3095/3095
f 3084/3084/3084 3096/3096/3096 3095/3095/3095
f 3084/3084/3084 3085/3085/3085 3096/3096/3096
f 3085/3085/3085 3097/3097/3097 3096/3096/3096
f 3085/3085/3085 3086/3086/3086 3097/3097/3097
f 3086/3086/3086 3098/3098/3098 3097/3097/3097
f 3086/3086/3086 3087/3087/3087 3098/3098/3098
f 3087/3087/3087 3099/3099/3099 3098/3098/3098
f 3087/3087/3087 3088/3088/3088 3099/3099/3099
f 3088/3088/3088 3100/3100/3100 3099/3099/3099
f 3088/3088/3088 3089/3089/3089 3100/3100/3100
f 3089/3089/3089 3101/3101/3101 3100/3100/3100
f 3089/3089/3089 3090/3090/3090 3101/3101/3101
f 3090/3090/3090 3102/3102/3102 3101/3101/3101
f 3090/3090/3090 3091/3091/3091 3102/3102/3102
f 3091/3091/3091 3103/3103/3103 3102/3102/3102
f 3091/3091/3091 3092/3092/3092 3103/3103/3103
f 3093/3093/3093 3105/3105/3105 3104/3104/3104
f 3093/3093/3093 3094/3094/3094 3105/3105/3105
f 3094/3094/3094 3106/3106/3106 3105/3105/3105
f 3094/3094/3094 3095/3095/3095 3106/3106/3106
f 3095/3095/3095 3107/3107/3107 3106/3106/3106
f 3095/3095/3095 3096/3096/3096 3107/3107/3107
f 3096/3096/3096 3108/3108/3108 3107/3107/3107
f 3096/3096/3096 3097/3097/3097 3108/3108/3108
f 3097/3097/3097 3109/3109/3109 3108/3108/3108
f 3097/3097/3097 3098/3098/3098 3109/3109/3109
f 3098/3098/3098 3110/3110/3110 3109/3109/3109
f 3098/3098/3098 3099/3099/3099 3110/3110/3110
f 3099/3099/3099 3111/3111/3111 3110/3110/3110
f 3099/3099/3099 3100/3100/3100 3111/3111/3111
f 3100/3100/3100 3112/3112/3112 3111/3111/3111
f 3100/3100/3100 3101/3101/3101 3112/3112/3112
f 3101/3101/3101 3113/3113/3113 3112/3112/3112
f 3101/3101/3101 3102/3102/3102 3113/3113/3113
f 3102/3102/3102 3114/3114/3114 3113/3113/3113
f 3102/3102/3102 3103/3103/3103 3114/3114/3114
f 3104/3104/3104 3116/3116/3116 3115/3115/3115
f 3104/3104/3104 3105/3105/3105 3116/3116/3116
f 3105/3105/3105 3117/3117/3117 3116/3116/3116
f 3105/3105/3105 3106/3106/3106 3117/3117/3117
f 3106/3106/3106 3118/3118/3118 3117/3117/3117
f 3106/3106/3106 3107/3107/3107 3118/3118/3118
f 3107/3107/3107 3119/3119/3119 3118/3118/3118
f 3107/3107/3107 3108/3108/3108 3119/3119/3119
f 3108/3108/3108 3120/3120/3120 3119/3119/3119
f 3108/3108/3108 3109/3109/3109 3120/3120/3120
f 3109/3109/3109 3121/3121/3121 3120/3120/3120
f 3109/3109/3109 3110/3110/3110 3121/3121/3121
f 3110/3110/3110 3122/3122/3122 3121/3121/3121
f 3110/3110/3110 3111/3111/3111 3122/3122/3122
f 3111/3111/3111 3123/3123/3123 3122/3122/3122
f 3111/3111/3111 3112/3112/3112 3123/3123/3123
f 3112/3112/3112 3124/3124/3124 3123/3123/3123
f 3112/3112/3112 3113/3113/3113 3124/3124/3124
f 3113/3113/3113 3125/3125/3125 3124/3124/3124
f 3113/3113/3113 3114/3114/3114 3125/3125/3125
f 3115/3115/3115 3127/3127/3127 3126/3126/3126
f 3115/3115/3115 3116/3116/3116 3127/3127/3127
f 3116/3116/3116 3128/3128/3128 3127/3127/3127
f 3116/3116/3116 3117/3117/3117 3128/3128/3128
f 3117/3117/3117 3129/3129/3129 3128/3128/3128
f 3117/3117/3117 3118/3118/3118 3129/3129/3129
f 3118/3118/3118 3130/3130/3130 3129/3129/3129
f 3118/3118/3118 3119/3119/3119 3130/3130/3130
f 3119/3119/3119 3131/3131/3131 3130/3130/3130
f 3119/3119/3119 3120/3120/3120 3131/3131/3131
f 3120/3120/3120 3132/3132/3132 3131/3131/3131
f 3120/3120/3120 3121/3121/3121 3132/3132/3132
f 3121/3121/3121 3133/3133/3133 3132/3132/3132
f 3121/3121/3121 3122/3122/3122 3133/3133/3133
f 3122/3122/3122 3134/3134/3134 3133/3133/3133
f 3122/3122/3122 3123/3123/3123 3134/3134/3134
f 3123/3123/3123 3135/3135/3135 3134/3134/3134
f 3123/3123/3123 3124/3124/3124 3135/3135/3135
f 3124/3124/3124 3136/3136/3136 3135/3135/3135
f 3124/3124/3124 3125/3125/3125 3136/3136/3136
f 3126/3126/3126 3138/3138/3138 3137/3137/3137
f 3126/3126/3126 3127/3127/3127 3138/3138/3138
f 3127/3127/3127 3139/3139/3139 3138/3138/3138
f 3127/3127/3127 3128/3128/3128 3139/3139/3139
f 3128/3128/3128 3140/3140/3140 3139/3139/3139
f 3128/3128/3128 3129/3129/3129 3140/3140/3140
f 3129/3129/3129 3141/3141/3141 3140/3140/3140
f 3129/3129/3129 3130/3130/3130 3141/3141/3141
f 3130/3130/3130 3142/3142/3142 3141/3141/3141
f 3130/3130/3130 3131/3131/3131 3142/3142/3142
f 3131/3131/3131 3143/3143/3143 3142/3142/3142
f 3131/3131/3131 3132/3132/3132 3143/3143/3143
f 3132/3132/3132 3144/3144/3144 3143/3143/3143
f 3132/3132/3132 3133/3133/3133 3144/3144/3144
f 3133/3133/3133 3145/3145/3145 3144/3144/3144
f 3133/3133/3133 3134/3134/3134 3145/3145/3145
f 3134/3134/3134 3146/3146/3146 3145/3145/3145
f 3134/3134/3134 3135/3135/3135 3146/3146/3146
f 3135/3135/3135 3147/3147/3147 3146/3146/3146
f 3135/3135/3135 3136/3136/3136 3147/3147/3147
f 3137/3137/3137 3149/3149/3149 3148/3148/3148
f 3137/3137/3137 3138/3138/3138 3149/3149/3149
f 3138/3138/3138 3150/3150/3150 3149/3149/3149
f 3138/3138/3138 3139/3139/3139 3150/3150/3150
f 3139/3139/3139 3151/3151/3151 3150/3150/3150
f 3139/3139/3139 3140/3140/3140 3151/3151/3151
f 3140/3140/3140 3152/3152/3152 3151/3151/3151
f 3140/3140/3140 3141/3141/3141 3152/3152/3152
f 3141/3141/3141 3153/3153/3153 3152/3152/3152
f 3141/3141/3141 3142/3142/3142 3153/3153/3153
f 3142/3142/3142 3154/3154/3154 3153/3153/3153
f 3142/3142/3142 3143/3143/3143 3154/3154/3154
f 3143/3143/3143 3155/3155/3155 3154/3154/3154
f 3143/3143/3143 3144/3144/3144 3155/3155/3155
f 3144/3144/3144 3156/3156/3156 3155/3155/3155
f 3144/3144/3144 3145/3145/3145 3156/3156/3156
f 3145/3145/3145 3157/3157/3157 3156/3156/3156
f 3145/3145/3145 3146/3146/3146 3157/3157/3157
f 3146/3146/3146 3158/3158/3158 3157/3157/3157
f 3146/3146/3146 3147/3147/3147 3158/3158/3158
f 3148/3148/3148 3160/3160/3160 3159/3159/3159
f 3148/3148/3148 3149/3149/3149 3160/3160/3160
f 3149/3149/3149 3161/3161/3161 3160/3160/3160
f 3149/3149/3149 3150/3150/3150 3161/3161/3161
f 3150/3150/3150 3162/3162/3162 3161/3161/3161
f 3150/3150/3150 3151/3151/3151 3162/3162/3162
f 3151/3151/3151 3163/3163/3163 3162/3162/3162
f 3151/3151/3151 3152/3152/3152 3163/3163/3163
f 3152/3152/3152 3164/3164/3164 3163/3163/3163
f 3152/3152/3152 3153/3153/3153 3164/3164/3164
f 3153/3153/3153 3165/3165/3165 3164/3164/3164
f 3153/3153/3153 3154/3154/3154 3165/3165/3165
f 3154/3154/3154 3166/3166/3166 3165/3165/3165
f 3154/3154/3154 3155/3155/3155 3166/3166/3166
f 3155/3155/3155 3167/3167/3167 3166/3166/3166
f 3155/3155/3155 3156/3156/3156 3167/3167/3167
f 3156/3156/3156 3168/3168/3168 3167/3167/3167
f 3156/3156/3156 3157/3157/3157 3168/3168/3168
f 3157/3157/3157 3169/3169/3169 3168/3168/3168
f 3157/3157/3157 3158/3158/3158 3169/3169/3169
f 3170/3170/3170 3159/3159/3159 3160/3160/3160
f 3170/3170/3170 3160/3160/3160 3161/3161/3161
f 3170/3170/3170 3161/3161/3161 3162/3162/3162
f 3170/3170/3170 3162/3162/3162 3163/3163/3163
f 3170/3170/3170 3163/3163/3163 3164/3164/3164
f 3170/3170/3170 3164/3164/3164 3165/3165/3165
f 3170/3170/3170 3165/3165/3165 3166/3166/3166
f 3170/3170/3170 3166/3166/3166 3167/3167/3167
f 3170/3170/3170 3167/3167/3167 3168/3168/3168
f 3170/3170/3170 3168/3168/3168 3169/3169/3169
f 3171/3171/3171 3179/3179/3179 3175/3175/3175
f 3171/3171/3171 3175/3175/3175 3185/3185/3185
f 3171/3171/3171 3185/3185/3185 3183/3183/3183
f 3171/3171/3171 3187/3187/3187 3173/3173/3173
f 3171/3171/3171 3173/3173/3173 3181/3181/3181
f 3171/3171/3171 3181/3181/3181 3179/3179/3179
f 3171/3171/3171 3183/3183/3183 3172/3172/3172
f 3171/3171/3171 3172/3172/3172 3188/3188/3188
f 3171/3171/3171 3188/3188/3188 3187/3187/3187
f 3179/3179/3179 3181/3181/3181 3177/3177/3177
f 3179/3179/3179 3177/3177/3177 3189/3189/3189
f 3179/3179/3179 3189/3189/3189 3175/3175/3175
f 3173/3173/3173 3184/3184/3184 3174/3174/3174
f 3173/3173/3173 3174/3174/3174 3182/3182/3182
f 3173/3173/3173 3182/3182/3182 3181/3181/3181
f 3173/3173/3173 3187/3187/3187 3188/3188/3188
f 3173/3173/3173 3188/3188/3188 3174/3174/3174
f 3173/3173/3173 3174/3174/3174 3184/3184/3184
f 3175/3175/3175 3189/3189/3189 3190/3190/3190
f 3175/3175/3175 3190/3190/3190 3176/3176/3176
f 3175/3175/3175 3176/3176/3176 3185/3185/3185
f 3177/3177/3177 3186/3186/3186 3178/3178/3178
f 3177/3177/3177 3178/3178/3178 3190/3190/3190
f 3177/3177/3177 3190/3190/3190 3189/3189/3189
f 3177/3177/3177 3181/3181/3181 3182/3182/3182
f 3177/3177/3177 3182/3182/3182 3178/3178/3178
f 3177/3177/3177 3178/3178/3178 3186/3186/3186
f 3172/3172/3172 3180/3180/3180 3176/3176/3176
f 3172/3172/3172 3176/3176/3176 3185/3185/3185
f 3172/3172/3172 3185/3185/3185 3183/3183/3183
f 3172/3172/3172 3188/3188/3188 3174/3174/3174
f 3172/3172/3172 3174/3174/3174 3182/3182/3182
f 3172/3172/3172 3182/3182/3182 3180/3180/3180
f 3176/3176/3176 3190/3190/3190 3178/3178/3178
f 3176/3176/3176 3178/3178/3178 3186/3186/3186
f 3176/3176/3176 3186/3186/3186 3180/3180/3180
f 3191/3191/3191 3199/3199/3199 3192/3192/3192
f 3191/3191/3191 3198/3198/3198 3199/3199/3199
f 3205/3205/3205 3191/3191/3191 3192/3192/3192
f 3206/3206/3206 3199/3199/3199 3198/3198/3198
f 3192/3192/3192 3200/3200/3200 3193/3193/3193
f 3192/3192/3192 3199/3199/3199 3200/3200/3200
f 3205/3205/3205 3192/3192/3192 3193/3193/3193
f 3206/3206/3206 3200/3200/3200 3199/3199/3199
f 3193/3193/3193 3201/3201/3201 3194/3194/3194
f 3193/3193/3193 3200/3200/3200 3201/3201/3201
f 3205/3205/3205 3193/3193/3193 3194/3194/3194
f 3206/3206/3206 3201/3201/3201 3200/3200/3200
f 3194/3194/3194 3202/3202/3202 3195/3195/3195
f 3194/3194/3194 3201/3201/3201 3202/3202/3202
f 3205/3205/3205 3194/3194/3194 3195/3195/3195
f 3206/3206/3206 3202/3202/3202 3201/3201/3201
f 3195/3195/3195 3203/3203/3203 3196/3196/3196
f 3195/3195/3195 3202/3202/3202 3203/3203/3203
f 3205/3205/3205 3195/3195/3195 3196/3196/3196
f 3206/3206/3206 3203/3203/3203 3202/3202/3202
f 3196/3196/3196 3204/3204/3204 3197/3197/3197
f 3196/3196/3196 3203/3203/3203 3204/3204/3204
f 3205/3205/3205 3196/3196/3196 3197/3197/3197
f 3206/3206/3206 3204/3204/3204 3203/3203/3203
f 3197/3197/3197 3198/3198/3198 3191/3191/3191
f 3197/3197/3197 3204/3204/3204 3198/3198/3198
f 3205/3205/3205 3197/3197/3197 3191/3191/3191
f 3206/3206/3206 3198/3198/3198 3204/3204/3204
f 3207/3207/3207 3219/3219/3219 3218/3218/3218
f 3207/3207/3207 3208/3208/3208 3219/3219/3219
f 3208/3208/3208 3220/3220/3220 3219/3219/3219
f 3208/3208/3208 3209/3209/3209 3220/3220/3220
f 3209/3209/3209 3221/3221/3221 3220/3220/3220
f 3209/3209/3209 3210/3210/3210 3221/3221/3221
f 3210/3210/3210 3222/3222/3222 3221/3221/3221
f 3210/3210/3210 3211/3211/3211 3222/3222/3222
f 3211/3211/3211 3223/3223/3223 3222/3222/3222
f 3211/3211/3211 3212/3212/3212 3223/3223/3223
f 3212/3212/3212 3224/3224/3224 3223/3223/3223
f 3212/3212/3212 3213/3213/3213 3224/3224/3224
f 3213/3213/3213 3225/3225/3225 3224/3224/3224
f 3213/3213/3213 3214/3214/3214 3225/3225/3225
f 3214/3214/3214 3226/3226/3226 3225/3225/3225
f 3214/3214/3214 3215/3215/3215 3226/3226/3226
f 3215/3215/3215 3227/3227/3227 3226/3226/3226
f 3215/3215/3215 3216/3216/3216 3227/3227/3227
f 3216/3216/3216 3228/3228/3228 3227/3227/3227
f 3216/3216/3216 3217/3217/3217 3228/3228/3228
f 3218/3218/3218 3230/3230/3230 3229/3229/3229
f 3218/3218/3218 3219/3219/3219 3230/3230/3230
f 3219/3219/3219 3231/3231/3231 3230/3230/3230
f 3219/3219/3219 3220/3220/3220 3231/3231/3231
f 3220/3220/3220 3232/3232/3232 3231/3231/3231
f 3220/3220/3220 3221/3221/3221 3232/3232/3232
f 3221/3221/3221 3233/3233/3233 3232/3232/3232
f 3221/3221/3221 3222/3222/3222 3233/3233/3233
f 3222/3222/3222 3234/3234/3234 3233/3233/3233
f 3222/3222/3222 3223/3223/3223 3234/3234/3234
f 3223/3223/3223 3235/3235/3235 3234/3234/3234
f 3223/3223/3223 3224/3224/3224 3235/3235/3235
f 3224/3224/3224 3236/3236/3236 3235/3235/3235
f 3224/3224/3224 3225/3225/3225 3236/3236/3236
f 3225/3225/3225 3237/3237/3237 3236/3236/3236
f 3225/3225/3225 3226/3226/3226 3237/3237/3237
f 3226/3226/3226 3238/3238/3238 3237/3237/3237
f 3226/3226/3226 3227/3227/3227 3238/3238/3238
f 3227/3227/3227 3239/3239/3239 3238/3238/3238
f 3227/3227/3227 3228/3228/3228 3239/3239/3239
f 3229/3229/3229 3241/3241/3241 3240/3240/3240
f 3229/3229/3229 3230/3230/3230 3241/3241/3241
f 3230/3230/3230 3242/3242/3242 3241/3241/3241
f 3230/3230/3230 3231/3231/3231 3242/3242/3242
f 3231/3231/3231 3243/3243/3243 3242/3242/3242
f 3231/3231/3231 3232/3232/3232 3243/3243/3243
f 3232/3232/3232 3244/3244/3244 3243/3243/3243
f 3232/3232/3232 3233/3233/3233 3244/3244/3244
f 3233/3233/3233 3245/3245/3245 3244/3244/3244
f 3233/3233/3233 3234/3234/3234 3245/3245/3245
f 3234/3234/3234 3246/3246/3246 3245/3245/3245
f 3234/3234/3234 3235/3235/3235 3246/3246/3246
f 3235/3235/3235 3247/3247/3247 3246/3246/3246
f 3235/3235/3235 3236/3236/3236 3247/3247/3247
f 3236/3236/3236 3248/3248/3248 3247/3247/3247
f 3236/3236/3236 3237/3237/3237 3248/3248/3248
f 3237/3237/3237 3249/3249/3249 3248/3248/3248
f 3237/3237/3237 3238/3238/3238 3249/3249/3249
f 3238/3238/3238 3250/3250/3250 3249/3249/3249
f 3238/3238/3238 3239/3239/3239 3250/3250/3250
f 3240/3240/3240 3252/3252/3252 3251/3251/3251
f 3240/3240/3240 3241/3241/3241 3252/3252/3252
f 3241/3241/3241 3253/3253/3253 3252/3252/3252
f 3241/3241/3241 3242/3242/3242 3253/3253/3253
f 3242/3242/3242 3254/3254/3254 3253/3253/3253
f 3242/3242/3242 3243/3243/3243 3254/3254/3254
f 3243/3243/3243 3255/3255/3255 3254/3254/3254
f 3243/3243/3243 3244/3244/3244 3255/3255/3255
f 3244/3244/3244 3256/3256/3256 3255/3255/3255
f 3244/3244/3244 3245/3245/3245 3256/3256/3256
f 3245/3245/3245 3257/3257/3257 3256/3256/3256
f 3245/3245/3245 3246/3246/3246 3257/3257/3257
f 3246/3246/3246 3258/3258/3258 3257/3257/3257
f 3246/3246/3246 3247/3247/3247 3258/3258/3258
f 3247/3247/3247 3259/3259/3259 3258/3258/3258
f 3247/3247/3247 3248/3248/3248 3259/3259/3259
f 3248/3248/3248 3260/3260/3260 3259/3259/3259
f 3248/3248/3248 3249/3249/3249 3260/3260/3260
f 3249/3249/3249 3261/3261/3261 3260/3260/3260
f 3249/3249/3249 3250/3250/3250 3261/3261/3261
f 3251/3251/3251 3263/3263/3263 3262/3262/3262
f 3251/3251/3251 3252/3252/3252 3263/3263/3263
f 3252/3252/3252 3264/3264/3264 3263/3263/3263
f 3252/3252/3252 3253/3253/3253 3264/3264/3264
f 3253/3253/3253 3265/3265/3265 3264/3264/3264
f 3253/3253/3253 3254/3254/3254 3265/3265/3265
f 3254/3254/3254 3266/3266/3266 3265/3265/3265
f 3254/3254/3254 3255/3255/3255 3266/3266/3266
f 3255/3255/3255 3267/3267/3267 3266/3266/3266
f 3255/3255/3255 3256/3256/3256 3267/3267/3267
f 3256/3256/3256 3268/3268/3268 3267/3267/3267
f 3256/3256/3256 3257/3257/3257 3268/3268/3268
f 3257/3257/3257 3269/3269/3269 3268/3268/3268
f 3257/3257/3257 3258/3258/3258 3269/3269/3269
f 3258/3258/3258 3270/3270/3270 3269/3269/3269
f 3258/3258/3258 3259/3259/3259 3270/3270/3270
f 3259/3259/3259 3271/3271/3271 3270/3270/3270
f 3259/3259/3259 3260/3260/3260 3271/3271/3271
f 3260/3260/3260 3272/3272/3272 3271/3271/3271
f 3260/3260/3260 3261/3261/3261 3272/3272/3272
f 3262/3262/3262 3274/3274/3274 3273/3273/3273
f 3262/3262/3262 3263/3263/3263 3274/3274/3274
f 3263/3263/3263 3275/3275/3275 3274/3274/3274
f 3263/3263/3263 3264/3264/3264 3275/3275/3275
f 3264/3264/3264 3276/3276/3276 3275/3275/3275
f 3264/3264/3264 3265/3265/3265 3276/3276/3276
f 3265/3265/3265 3277/3277/3277 3276/3276/3276
f 3265/3265/3265 3266/3266/3266 3277/3277/3277
f 3266/3266/3266 3278/3278/3278 3277/3277/3277
f 3266/3266/3266 3267/3267/3267 3278/3278/3278
f 3267/3267/3267 3279/3279/3279 3278/3278/3278
f 3267/3267/3267 3268/3268/3268 3279/3279/3279
f 3268/3268/3268 3280/3280/3280 3279/3279/3279
f 3268/3268/3268 3269/3269/3269 3280/3280/3280
f 3269/3269/3269 3281/3281/3281 3280/3280/3280
f 3269/3269/3269 3270/3270/3270 3281/3281/3281
f 3270/3270/3270 3282/3282/3282 3281/3281/3281
f 3270/3270/3270 3271/3271/3271 3282/3282/3282
f 3271/3271/3271 3283/3283/3283 3282/3282/3282
f 3271/3271/3271 3272/3272/3272 3283/3283/3283
f 3273/3273/3273 3285/3285/3285 3284/3284/3284
f 3273/3273/3273 3274/3274/3274 3285/3285/3285
f 3274/3274/3274 3286/3286/3286 3285/3285/3285
f 3274/3274/3274 3275/3275/3275 3286/3286/3286
f 3275/3275/3275 3287/3287/3287 3286/3286/3286
f 3275/3275/3275 3276/3276/3276 3287/3287/3287
f 3276/3276/3276 3288/3288/3288 3287/3287/3287
f 3276/3276/3276 3277/3277/3277 3288/3288/3288
f 3277/3277/3277 3289/3289/3289 3288/3288/3288
f 3277/3277/3277 3278/3278/3278 3289/3289/3289
f 3278/3278/3278 3290/3290/3290 3289/3289/3289
f 3278/3278/3278 3279/3279/3279 3290/3290/3290
f 3279/3279/3279 3291/3291/3291 3290/3290/3290
f 3279/3279/3279 3280/3280/3280 3291/3291/3291
f 3280/3280/3280 3292/3292/3292 3291/3291/3291
f 3280/3280/3280 3281/3281/3281 3292/3292/3292
f 3281/3281/3281 3293/3293/3293 3292/3292/3292
f 3281/3281/3281 3282/3282/3282 3293/3293/3293
f 3282/3282/3282 3294/3294/3294 3293/3293/3293
f 3282/3282/3282 3283/3283/3283 3294/3294/3294
f 3284/3284/3284 3296/3296/3296 3295/3295/3295
f 3284/3284/3284 3285/3285/3285 3296/3296/3296
f 3285/3285/3285 3297/3297/3297 3296/3296/3296
f 3285/3285/3285 3286/3286/3286 3297/3297/3297
f 3286/3286/3286 3298/3298/3298 3297/3297/3297
f 3286/3286/3286 3287/3287/3287 3298/3298/3298
f 3287/3287/3287 3299/3299/3299 3298/3298/3298
f 3287/3287/3287 3288/3288/3288 3299/3299/3299
f 3288/3288/3288 3300/3300/3300 3299/3299/3299
f 3288/3288/3288 3289/3289/3289 3300/3300/3300
f 3289/3289/3289 3301/3301/3301 3300/3300/3300
f 3289/3289/3289 3290/3290/3290 3301/3301/3301
f 3290/3290/3290 3302/3302/3302 3301/3301/3301
f 3290/3290/3290 3291/3291/3291 3302/3302/3302
f 3291/3291/3291 3303/3303/3303 3302/3302/3302
f 3291/3291/3291 3292/3292/3292 3303/3303/3303
f 3292/3292/3292 3304/3304/3304 3303/3303/3303
f 3292/3292/3292 3293/3293/3293 3304/3304/3304
f 3293/3293/3293 3305/3305/3305 3304/3304/3304
f 3293/3293/3293 3294/3294/3294 3305/3305/3305
f 3306/3306/3306 3295/3295/3295 3296/3296/3296
f 3306/3306/3306 3296/3296/3296 3297/3297/3297
f 3306/3306/3306 3297/3297/3297 3298/3298/3298
f 3306/3306/3306 3298/3298/3298 3299/3299/3299
f 3306/3306/3306 3299/3299/3299 3300/3300/3300
f 3306/3306/3306 3300/3300/3300 3301/3301/3301
f 3306/3306/3306 3301/3301/3301 3302/3302/3302
f 3306/3306/3306 3302/3302/3302 3303/3303/3303
f 3306/3306/3306 3303/3303/3303 3304/3304/3304
f 3306/3306/3306 3304/3304/3304 3305/3305/3305
f 3307/3307/3307 3315/3315/3315 3311/3311/3311
f 3307/3307/3307 3311/3311/3311 3321/3321/3321
f 3307/3307/3307 3321/3321/3321 3319/3319/3319
f 3307/3307/3307 3323/3323/3323 3309/3309/3309
f 3307/3307/3307 3309/3309/3309 3317/3317/3317
f 3307/3307/3307 3317/3317/3317 3315/3315/3315
f 3307/3307/3307 3319/3319/3319 3308/3308/3308
f 3307/3307/3307 3308/3308/3308 3324/3324/3324
f 3307/3307/3307 3324/3324/3324 3323/3323/3323
f 3315/3315/3315 3317/3317/3317 3313/3313/3313
f 3315/3315/3315 3313/3313/3313 3325/3325/3325
f 3315/3315/3315 3325/3325/3325 3311/3311/3311
f 3309/3309/3309 3320/3320/3320 3310/3310/3310
f 3309/3309/3309 3310/3310/3310 3318/3318/3318
f 3309/3309/3309 3318/3318/3318 3317/3317/3317
f 3309/3309/3309 3323/3323/3323 3324/3324/3324
f 3309/3309/3309 3324/3324/3324 3310/3310/3310
f 3309/3309/3309 3310/3310/3310 3320/3320/3320
f 3311/3311/3311 3325/3325/3325 3326/3326/3326
f 3311/3311/3311 3326/3326/3326 3312/3312/3312
f 3311/3311/3311 3312/3312/3312 3321/3321/3321
f 3313/3313/3313 3322/3322/3322 3314/3314/3314
f 3313/3313/3313 3314/3314/3314 3326/3326/3326
f 3313/3313/3313 3326/3326/3326 3325/3325/3325
f 3313/3313/3313 3317/3317/3317 3318/3318/3318
f 3313/3313/3313 3318/3318/3318 3314/3314/3314
f 3313/3313/3313 3314/3314/3314 3322/3322/3322
f 3308/3308/3308 3316/3316/3316 3312/3312/3312
f 3308/3308/3308 3312/3312/3312 3321/3321/3321
f 3308/3308/3308 3321/3321/3321 3319/3319/3319
f 3308/3308/3308 3324/3324/3324 3310/3310/3310
f 3308/3308/3308 3310/3310/3310 3318/3318/3318
f 3308/3308/3308 3318/3318/3318 3316/3316/3316
f 3312/3312/3312 3326/3326/3326 3314/3314/3314
f 3312/3312/3312 3314/3314/3314 3322/3322/3322
f 3312/3312/3312 3322/3322/3322 3316/3316/3316
f 3327/3327/3327 3335/3335/3335 3328/3328/3328
f 3327/3327/3327 3334/3334/3334 3335/3335/3335
f 3341/3341/3341 3327/3327/3327 3328/3328/3328
f 3342/3342/3342 3335/3335/3335 3334/3334/3334
f 3328/3328/3328 3336/3336/3336 3329/3329/3329
f 3328/3328/3328 3335/3335/3335 3336/3336/3336
f 3341/3341/3341 3328/3328/3328 3329/3329/3329
f 3342/3342/3342 3336/3336/3336 3335/3335/3335
f 3329/3329/3329 3337/3337/3337 3330/3330/3330
f 3329/3329/3329 3336/3336/3336 3337/3337/3337
f 3341/3341/3341 3329/3329/3329 3330/3330/3330
f 3342/3342/3342 3337/3337/3337 3336/3336/3336
f 3330/3330/3330 3338/3338/3338 3331/3331/3331
f 3330/3330/3330 3337/3337/3337 3338/3338/3338
f 3341/3341/3341 3330/3330/3330 3331/3331/3331
f 3342/3342/3342 3338/3338/3338 3337/3337/3337
f 3331/3331/3331 3339/3339/3339 3332/3332/3332
f 3331/3331/3331 3338/3338/3338 3339/3339/3339
f 3341/3341/3341 3331/3331/3331 3332/3332/3332
f 3342/3342/3342 3339/3339/3339 3338/3338/3338
f 3332/3332/3332 3340/3340/3340 3333/3333/3333
f 3332/3332/3332 3339/3339/3339 3340/3340/3340
f 3341/3341/3341 3332/3332/3332 3333/3333/3333
f 3342/3342/3342 3340/3340/3340 3339/3339/3339
f 3333/3333/3333 3334/3334/3334 3327/3327/3327
f 3333/3333/3333 3340/3340/3340 3334/3334/3334
f 3341/3341/3341 3333/3333/3333 3327/3327/3327
f 3342/3342/3342 3334/3334/3334 3340/3340/3340
f 3343/3343/3343 3355/3355/3355 3354/3354/3354
f 3343/3343/3343 3344/3344/3344 3355/3355/3355
f 3344/3344/3344 3356/3356/3356 3355/3355/3355
f 3344/3344/3344 3345/3345/3345 3356/3356/3356
f 3345/3345/3345 3357/3357/3357 3356/3356/3356
f 3345/3345/3345 3346/3346/3346 3357/3357/3357
f 3346/3346/3346 3358/3358/3358 3357/3357/3357
f 3346/3346/3346 3347/3347/3347 3358/3358/3358
f 3347/3347/3347 3359/3359/3359 3358/3358/3358
f 3347/3347/3347 3348/3348/3348 3359/3359/3359
f 3348/3348/3348 3360/3360/3360 3359/3359/3359
f 3348/3348/3348 3349/3349/3349 3360/3360/3360
f 3349/3349/3349 3361/3361/3361 3360/3360/3360
f 3349/3349/3349 3350/3350/3350 3361/3361/3361
f 3350/3350/3350 3362/3362/3362 3361/3361/3361
f 3350/3350/3350 3351/3351/3351 3362/3362/3362
f 3351/3351/3351 3363/3363/3363 3362/3362/3362
f 3351/3351/3351 3352/3352/3352 3363/3363/3363
f 3352/3352/3352 3364/3364/3364 3363/3363/3363
f 3352/3352/3352 3353/3353/3353 3364/3364/3364
f 3354/3354/3354 3366/3366/3366 3365/3365/3365
f 3354/3354/3354 3355/3355/3355 3366/3366/3366
f 3355/3355/3355 3367/3367/3367 3366/3366/3366
f 3355/3355/3355 3356/3356/3356 3367/3367/3367
f 3356/3356/3356 3368/3368/3368 3367/3367/3367
f 3356/3356/3356 3357/3357/3357 3368/3368/3368
f 3357/3357/3357 3369/3369/3369 3368/3368/3368
f 3357/3357/3357 3358/3358/3358 3369/3369/3369
f 3358/3358/3358 3370/3370/3370 3369/3369/3369
f 3358/3358/3358 3359/3359/3359 3370/3370/3370
f 3359/3359/3359 3371/3371/3371 3370/3370/3370
f 3359/3359/3359 3360/3360/3360 3371/3371/3371
f 3360/3360/3360 3372/3372/3372 3371/3371/3371
f 3360/3360/3360 3361/3361/3361 3372/3372/3372
f 3361/3361/3361 3373/3373/3373 3372/3372/3372
f 3361/3361/3361 3362/3362/3362 3373/3373/3373
f 3362/3362/3362 3374/3374/3374 3373/3373/3373
f 3362/3362/3362 3363/3363/3363 3374/3374/3374
f 3363/3363/3363 3375/3375/3375 3374/3374/3374
f 3363/3363/3363 3364/3364/3364 3375/3375/3375
f 3365/3365/3365 3377/3377/3377 3376/3376/3376
f 3365/3365/3365 3366/3366/3366 3377/3377/3377
f 3366/3366/3366 3378/3378/3378 3377/3377/3377
f 3366/3366/3366 3367/3367/3367 3378/3378/3378
f 3367/3367/3367 3379/3379/3379 3378/3378/3378
f 3367/3367/3367 3368/3368/3368 3379/3379/3379
f 3368/3368/3368 3380/3380/3380 3379/3379/3379
f 3368/3368/3368 3369/3369/3369 3380/3380/3380
f 3369/3369/3369 3381/3381/3381 3380/3380/3380
f 3369/3369/3369 3370/3370/3370 3381/3381/3381
f 3370/3370/3370 3382/3382/3382 3381/3381/3381
f 3370/3370/3370 3371/3371/3371 3382/3382/3382
f 3371/3371/3371 3383/3383/3383 3382/3382/3382
f 3371/3371/3371 3372/3372/3372 3383/3383/3383
f 3372/3372/3372 3384/3384/3384 3383/3383/3383
f 3372/3372/3372 3373/3373/3373 3384/3384/3384
f 3373/3373/3373 3385/3385/3385 3384/3384/3384
f 3373/3373/3373 3374/3374/3374 3385/3385/3385
f 3374/3374/3374 3386/3386/3386 3385/3385/3385
f 3374/3374/3374 3375/3375/3375 3386/3386/3386
f 3376/3376/3376 3388/3388/3388 3387/3387/3387
f 3376/3376/3376 3377/3377/3377 3388/3388/3388
f 3377/3377/3377 3389/3389/3389 3388/3388/3388
f 3377/3377/3377 3378/3378/3378 3389/3389/3389
f 3378/3378/3378 3390/3390/3390 3389/3389/3389
f 3378/3378/3378 3379/3379/3379 3390/3390/3390
f 3379/3379/3379 3391/3391/3391 3390/3390/3390
f 3379/3379/3379 3380/3380/3380 3391/3391/3391
f 3380/3380/3380 3392/3392/3392 3391/3391/3391
f 3380/3380/3380 3381/3381/3381 3392/3392/3392
f 3381/3381/3381 3393/3393/3393 3392/3392/3392
f 3381/3381/3381 3382/3382/3382 3393/3393/3393
f 3382/3382/3382 3394/3394/3394 3393/3393/3393
f 3382/3382/3382 3383/3383/3383 3394/3394/3394
f 3383/3383/3383 3395/3395/3395 3394/3394/3394
f 3383/3383/3383 3384/3384/3384 3395/3395/3395
f 3384/3384/3384 3396/3396/3396 3395/3395/3395
f 3384/3384/3384 3385/3385/3385 3396/3396/3396
f 3385/3385/3385 3397/3397/3397 3396/3396/3396
f 3385/3385/3385 3386/3386/3386 3397/3397/3397
f 3387/3387/3387 3399/3399/3399 3398/3398/3398
f 3387/3387/3387 3388/3388/3388 3399/3399/3399
f 3388/3388/3388 3400/3400/3400 3399/3399/3399
f 3388/3388/3388 3389/3389/3389 3400/3400/3400
f 3389/3389/3389 3401/3401/3401 3400/3400/3400
f 3389/3389/3389 3390/3390/3390 3401/3401/3401
f 3390/3390/3390 3402/3402/3402 3401/3401/3401
f 3390/3390/3390 3391/3391/3391 3402/3402/3402
f 3391/3391/3391 3403/3403/3403 3402/3402/3402
f 3391/3391/3391 3392/3392/3392 3403/3403/3403
f 3392/3392/3392 3404/3404/3404 3403/3403/3403
f 3392/3392/3392 3393/3393/3393 3404/3404/3404
f 3393/3393/3393 3405/3405/3405 3404/3404/3404
f 3393/3393/3393 3394/3394/3394 3405/3405/3405
f 3394/3394/3394 3406/3406/3406 3405/3405/3405
f 3394/3394/3394 3395/3395/3395 3406/3406/3406
f 3395/3395/3395 3407/3407/3407 3406/3406/3406
f 3395/3395/3395 3396/3396/3396 3407/3407/3407
f 3396/3396/3396 3408/3408/3408 3407/3407/3407
f 3396/3396/3396 3397/3397/3397 3408/3408/3408
f 3398/3398/3398 3410/3410/3410 3409/3409/3409
f 3398/3398/3398 3399/3399/3399 3410/3410/3410
f 3399/3399/3399 3411/3411/3411 3410/3410/3410
f 3399/3399/3399 3400/3400/3400 3411/3411/3411
f 3400/3400/3400 3412/3412/3412 3411/3411/3411
f 3400/3400/3400 3401/3401/3401 3412/3412/3412
f 3401/3401/3401 3413/3413/3413 3412/3412/3412
f 3401/3401/3401 3402/3402/3402 3413/3413/3413
f 3402/3402/3402 3414/3414/3414 3413/3413/3413
f 3402/3402/3402 3403/3403/3403 3414/3414/3414
f 3403/3403/3403 3415/3415/3415 3414/3414/3414
f 3403/3403/3403 3404/3404/3404 3415/3415/3415
f 3404/3404/3404 3416/3416/3416 3415/3415/3415
f 3404/3404/3404 3405/3405/3405 3416/3416/3416
f 3405/3405/3405 3417/3417/3417 3416/3416/3416
f 3405/3405/3405 3406/3406/3406 3417/3417/3417
f 3406/3406/3406 3418/3418/3418 3417/3417/3417
f 3406/3406/3406 3407/3407/3407 3418/3418/3418
f 3407/3407/3407 3419/3419/3419 3418/3418/3418
f 3407/3407/3407 3408/3408/3408 3419/3419/3419
f 3409/3409/3409 3421/3421/3421 3420/3420/3420
f 3409/3409/3409 3410/3410/3410 3421/3421/3421
f 3410/3410/3410 3422/3422/3422 3421/3421/3421
f 3410/3410/3410 3411/3411/3411 3422/3422/3422
f 3411/3411/3411 3423/3423/3423 3422/3422/3422
f 3411/3411/3411 3412/3412/3412 3423/3423/3423
f 3412/3412/3412 3424/3424/3424 3423/3423/3423
f 3412/3412/3412 3413/3413/3413 3424/3424/3424
f 3413/3413/3413 3425/3425/3425 3424/3424/3424
f 3413/3413/3413 3414/3414/3414 3425/3425/3425
f 3414/3414/3414 3426/3426/3426 3425/3425/3425
f 3414/3414/3414 3415/3415/3415 3426/3426/3426
f 3415/3415/3415 3427/3427/3427 3426/3426/3426
f 3415/3415/3415 3416/3416/3416 3427/3427/3427
f 3416/3416/3416 3428/3428/3428 3427/3427/3427
f 3416/3416/3416 3417/3417/3417 3428/3428/3428
f 3417/3417/3417 3429/3429/3429 3428/3428/3428
f 3417/3417/3417 3418/3418/3418 3429/3429/3429
f 3418/3418/3418 3430/3430/3430 3429/3429/3429
f 3418/3418/3418 3419/3419/3419 3430/3430/3430
f 3420/3420/3420 3432/3432/3432 3431/3431/3431
f 3420/3420/3420 3421/3421/3421 3432/3432/3432
f 3421/3421/3421 3433/3433/3433 3432/3432/3432
f 3421/3421/3421 3422/3422/3422 3433/3433/3433
f 3422/3422/3422 3434/3434/3434 3433/3433/3433
f 3422/3422/3422 3423/3423/3423 3434/3434/3434
f 3423/3423/3423 3435/3435/3435 3434/3434/3434
f 3423/3423/3423 3424/3424/3424 3435/3435/3435
f 3424/3424/3424 3436/3436/3436 3435/3435/3435
f 3424/3424/3424 3425/3425/3425 3436/3436/3436
f 3425/3425/3425 3437/3437/3437 3436/3436/3436
f 3425/3425/3425 3426/3426/3426 3437/3437/3437
f 3426/3426/3426 3438/3438/3438 3437/3437/3437
f 3426/3426/3426 3427/3427/3427 3438/3438/3438
f 3427/3427/3427 3439/3439/3439 3438/3438/3438
f 3427/3427/3427 3428/3428/3428 3439/3439/3439
f 3428/3428/3428 3440/3440/3440 3439/3439/3439
f 3428/3428/3428 3429/3429/3429 3440/3440/3440
f 3429/3429/3429 3441/3441/3441 3440/3440/3440
f 3429/3429/3429 3430/3430/3430 3441/3441/3441
f 3442/3442/3442 3431/3431/3431 3432/3432/3432
f 3442/3442/3442 3432/3432/3432 3433/3433/3433
f 3442/3442/3442 3433/3433/3433 3434/3434/3434
f 3442/3442/3442 3434/3434/3434 3435/3435/3435
f 3442/3442/3442 3435/3435/3435 3436/3436/3436
f 3442/3442/3442 3436/3436/3436 3437/3437/3437
f 3442/3442/3442 3437/3437/3437 3438/3438/3438
f 3442/3442/3442 3438/3438/3438 3439/3439/3439
f 3442/3442/3442 3439/3439/3439 3440/3440/3440
f 3442/3442/3442 3440/3440/3440 3441/3441/3441
f 3443/3443/3443 3451/3451/3451 3447/3447/3447
f 3443/3443/3443 3447/3447/3447 3457/3457/3457
f 3443/3443/3443 3457/3457/3457 3455/3455/3455
f 3443/3443/3443 3459/3459/3459 3445/3445/3445
f 3443/3443/3443 3445/3445/3445 3453/3453/3453
f 3443/3443/3443 3453/3453/3453 3451/3451/3451
f 3443/3443/3443 3455/3455/3455 3444/3444/3444
f 3443/3443/3443 3444/3444/3444 3460/3460/3460
f 3443/3443/3443 3460/3460/3460 3459/3459/3459
f 3451/3451/3451 3453/3453/3453 3449/3449/3449
f 3451/3451/3451 3449/3449/3449 3461/3461/3461
f 3451/3451/3451 3461/3461/3461 3447/3447/3447
f 3445/3445/3445 3456/3456/3456 3446/3446/3446
f 3445/3445/3445 3446/3446/3446 3454/3454/3454
f 3445/3445/3445 3454/3454/3454 3453/3453/3453
f 3445/3445/3445 3459/3459/3459 3460/3460/3460
f 3445/3445/3445 3460/3460/3460 3446/3446/3446
f 3445/3445/3445 3446/3446/3446 3456/3456/3456
f 3447/3447/3447 3461/3461/3461 3462/3462/3462
f 3447/3447/3447 3462/3462/3462 3448/3448/3448
f 3447/3447/3447 3448/3448/3448 3457/3457/3457
f 3449/3449/3449 3458/3458/3458 3450/3450/3450
f 3449/3449/3449 3450/3450/3450 3462/3462/3462
f 3449/3449/3449 3462/3462/3462 3461/3461/3461
f 3449/3449/3449 3453/3453/3453 3454/3454/3454
f 3449/3449/3449 3454/3454/3454 3450/3450/3450
f 3449/3449/3449 3450/3450/3450 3458/3458/3458
f 3444/3444/3444 3452/3452/3452 3448/3448/3448
f 3444/3444/3444 3448/3448/3448 3457/3457/3457
f 3444/3444/3444 3457/3457/3457 3455/3455/3455
f 3444/3444/3444 3460/3460/3460 3446/3446/3446
f 3444/3444/3444 3446/3446/3446 3454/3454/3454
f 3444/3444/3444 3454/3454/3454 3452/3452/3452
f 3448/3448/3448 3462/3462/3462 3450/3450/3450
f 3448/3448/3448 3450/3450/3450 3458/3458/3458
f 3448/3448/3448 3458/3458/3458 3452/3452/3452
f 3463/3463/3463 3471/3471/3471 3464/3464/3464
f 3463/3463/3463 3470/3470/3470 3471/3471/3471
f 3477/3477/3477 3463/3463/3463 3464/3464/3464
f 3478/3478/3478 3471/3471/3471 3470/3470/3470
f 3464/3464/3464 3472/3472/3472 3465/3465/3465
f 3464/3464/3464 3471/3471/3471 3472/3472/3472
f 3477/3477/3477 3464/3464/3464 3465/3465/3465
f 3478/3478/3478 3472/3472/3472 3471/3471/3471
f 3465/3465/3465 3473/3473/3473 3466/3466/3466
f 3465/3465/3465 3472/3472/3472 3473/3473/3473
f 3477/3477/3477 3465/3465/3465 3466/3466/3466
f 3478/3478/3478 3473/3473/3473 3472/3472/3472
f 3466/3466/3466 3474/3474/3474 3467/3467/3467
f 3466/3466/3466 3473/3473/3473 3474/3474/3474
f 3477/3477/3477 3466/3466/3466 3467/3467/3467
f 3478/3478/3478 3474/3474/3474 3473/3473/3473
f 3467/3467/3467 3475/3475/3475 3468/3468/3468
f 3467/3467/3467 3474/3474/3474 3475/3475/3475
f 3477/3477/3477 3467/3467/3467 3468/3468/3468
f 3478/3478/3478 3475/3475/3475 3474/3474/3474
f 3468/3468/3468 3476/3476/3476 3469/3469/3469
f 3468/3468/3468 3475/3475/3475 3476/3476/3476
f 3477/3477/3477 3468/3468/3468 3469/3469/3469
f 3478/3478/3478 3476/3476/3476 3475/3475/3475
f 3469/3469/3469 3470/3470/3470 3463/3463/3463
f 3469/3469/3469 3476/3476/3476 3470/3470/3470
f 3477/3477/3477 3469/3469/3469 3463/3463/3463
f 3478/3478/3478 3470/3470/3470 3476/3476/3476
f 3479/3479/3479 3491/3491/3491 3490/3490/3490
f 3479/3479/3479 3480/3480/3480 3491/3491/3491
f 3480/3480/3480 3492/3492/3492 3491/3491/3491
f 3480/3480/3480 3481/3481/3481 3492/3492/3492
f 3481/3481/3481 3493/3493/3493 3492/3492/3492
f 3481/3481/3481 3482/3482/3482 3493/3493/3493
f 3482/3482/3482 3494/3494/3494 3493/3493/3493
f 3482/3482/3482 3483/3483/3483 3494/3494/3494
f 3483/3483/3483 3495/3495/3495 3494/3494/3494
f 3483/3483/3483 3484/3484/3484 3495/3495/3495
f 3484/3484/3484 3496/3496/3496 3495/3495/3495
f 3484/3484/3484 3485/3485/3485 3496/3496/3496
f 3485/3485/3485 3497/3497/3497 3496/3496/3496
f 3485/3485/3485 3486/3486/3486 3497/3497/3497
f 3486/3486/3486 3498/3498/3498 3497/3497/3497
f 3486/3486/3486 3487/3487/3487 3498/3498/3498
f 3487/3487/3487 3499/3499/3499 3498/3498/3498
f 3487/3487/3487 3488/3488/3488 3499/3499/3499
f 3488/3488/3488 3500/3500/3500 3499/3499/3499
f 3488/3488/3488 3489/3489/3489 3500/3500/3500
f 3490/3490/3490 3502/3502/3502 3501/3501/3501
f 3490/3490/3490 3491/3491/3491 3502/3502/3502
f 3491/3491/3491 3503/3503/3503 3502/3502/3502
f 3491/3491/3491 3492/3492/3492 3503/3503/3503
f 3492/3492/3492 3504/3504/3504 3503/3503/3503
f 3492/3492/3492 3493/3493/3493 3504/3504/3504
f 3493/3493/3493 3505/3505/3505 3504/3504/3504
f 3493/3493/3493 3494/3494/3494 3505/3505/3505
f 3494/3494/3494 3506/3506/3506 3505/3505/3505
f 3494/3494/3494 3495/3495/3495 3506/3506/3506
f 3495/3495/3495 3507/3507/3507 3506/3506/3506
f 3495/3495/3495 3496/3496/3496 3507/3507/3507
f 3496/3496/3496 3508/3508/3508 3507/3507/3507
f 3496/3496/3496 3497/3497/3497 3508/3508/3508
f 3497/3497/3497 3509/3509/3509 3508/3508/3508
f 3497/3497/3497 3498/3498/3498 3509/3509/3509
f 3498/3498/3498 3510/3510/3510 3509/3509/3509
f 3498/3498/3498 3499/3499/3499 3510/3510/3510
f 3499/3499/3499 3511/3511/3511 3510/3510/3510
f 3499/3499/3499 3500/3500/3500 3511/3511/3511
f 3501/3501/3501 3513/3513/3513 3512/3512/3512
f 3501/3501/3501 3502/3502/3502 3513/3513/3513
f 3502/3502/3502 3514/3514/3514 3513/3513/3513
f 3502/3502/3502 3503/3503/3503 3514/3514/3514
f 3503/3503/3503 3515/3515/3515 3514/3514/3514
f 3503/3503/3503 3504/3504/3504 3515/3515/3515
f 3504/3504/3504 3516/3516/3516 3515/3515/3515
f 3504/3504/3504 3505/3505/3505 3516/3516/3516
f 3505/3505/3505 3517/3517/3517 3516/3516/3516
f 3505/3505/3505 3506/3506/3506 3517/3517/3517
f 3506/3506/3506 3518/3518/3518 3517/3517/3517
f 3506/3506/3506 3507/3507/3507 3518/3518/3518
f 3507/3507/3507 3519/3519/3519 3518/3518/3518
f 3507/3507/3507 3508/3508/3508 3519/3519/3519
f 3508/3508/3508 3520/3520/3520 3519/3519/3519
f 3508/3508/3508 3509/3509/3509 3520/3520/3520
f 3509/3509/3509 3521/3521/3521 3520/3520/3520
f 3509/3509/3509 3510/3510/3510 3521/3521/3521
f 3510/3510/3510 3522/3522/3522 3521/3521/3521
f 3510/3510/3510 3511/3511/3511 3522/3522/3522
f 3512/3512/3512 3524/3524/3524 3523/3523/3523
f 3512/3512/3512 3513/3513/3513 3524/3524/3524
f 3513/3513/3513 3525/3525/3525 3524/3524/3524
f 3513/3513/3513 3514/3514/3514 3525/3525/3525
f 3514/3514/3514 3526/3526/3526 3525/3525/3525
f 3514/3514/3514 3515/3515/3515 3526/3526/3526
f 3515/3515/3515 3527/3527/3527 3526/3526/3526
f 3515/3515/3515 3516/3516/3516 3527/3527/3527
f 3516/3516/3516 3528/3528/3528 3527/3527/3527
f 3516/3516/3516 3517/3517/3517 3528/3528/3528
f 3517/3517/3517 3529/3529/3529 3528/3528/3528
f 3517/3517/3517 3518/3518/3518 3529/3529/3529
f 3518/3518/3518 3530/3530/3530 3529/3529/3529
f 3518/3518/3518 3519/3519/3519 3530/3530/3530
f 3519/3519/3519 3531/3531/3531 3530/3530/3530
f 3519/3519/3519 3520/3520/3520 3531/3531/3531
f 3520/3520/3520 3532/3532/3532 3531/3531/3531
f 3520/3520/3520 3521/3521/3521 3532/3532/3532
f 3521/3521/3521 3533/3533/3533 3532/3532/3532
f 3521/3521/3521 3522/3522/3522 3533/3533/3533
f 3523/3523/3523 3535/3535/3535 3534/3534/3534
f 3523/3523/3523 3524/3524/3524 3535/3535/3535
f 3524/3524/3524 3536/3536/3536 3535/3535/3535
f 3524/3524/3524 3525/3525/3525 3536/3536/3536
f 3525/3525/3525 3537/3537/3537 3536/3536/3536
f 3525/3525/3525 3526/3526/3526 3537/3537/3537
f 3526/3526/3526 3538/3538/3538 3537/3537/3537
f 3526/3526/3526 3527/3527/3527 3538/3538/3538
f 3527/3527/3527 3539/3539/3539 3538/3538/3538
f 3527/3527/3527 3528/3528/3528 3539/3539/3539
f 3528/3528/3528 3540/3540/3540 3539/3539/3539
f 3528/3528/3528 3529/3529/3529 3540/3540/3540
f 3529/3529/3529 3541/3541/3541 3540/3540/3540
f 3529/3529/3529 3530/3530/3530 3541/3541/3541
f 3530/3530/3530 3542/3542/3542 3541/3541/3541
f 3530/3530/3530 3531/3531/3531 3542/3542/3542
f 3531/3531/3531 3543/3543/3543 3542/3542/3542
f 3531/3531/3531 3532/3532/3532 3543/3543/3543
f 3532/3532/3532 3544/3544/3544 3543/3543/3543
f 3532/3532/3532 3533/3533/3533 3544/3544/3544
f 3534/3534/3534 3546/3546/3546 3545/3545/3545
f 3534/3534/3534 3535/3535/3535 3546/3546/3546
f 3535/3535/3535 3547/3547/3547 3546/3546/3546
f 3535/3535/3535 3536/3536/3536 3547/3547/3547
f 3536/3536/3536 3548/3548/3548 3547/3547/3547
f 3536/3536/3536 3537/3537/3537 3548/3548/3548
f 3537/3537/3537 3549/3549/3549 3548/3548/3548
f 3537/3537/3537 3538/3538/3538 3549/3549/3549
f 3538/3538/3538 3550/3550/3550 3549/3549/3549
f 3538/3538/3538 3539/3539/3539 3550/3550/3550
f 3539/3539/3539 3551/3551/3551 3550/3550/3550
f 3539/3539/3539 3540/3540/3540 3551/3551/3551
f 3540/3540/3540 3552/3552/3552 3551/3551/3551
f 3540/3540/3540 3541/3541/3541 3552/3552/3552
f 3541/3541/3541 3553/3553/3553 3552/3552/3552
f 3541/3541/3541 3542/3542/3542 3553/3553/3553
f 3542/3542/3542 3554/3554/3554 3553/3553/3553
f 3542/3542/3542 3543/3543/3543 3554/3554/3554
f 3543/3543/3543 3555/3555/3555 3554/3554/3554
f 3543/3543/3543 3544/3544/3544 3555/3555/3555
f 3545/3545/3545 3557/3557/3557 3556/3556/3556
f 3545/3545/3545 3546/3546/3546 3557/3557/3557
f 3546/3546/3546 3558/3558/3558 3557/3557/3557
f 3546/3546/3546 3547/3547/3547 3558/3558/3558
f 3547/3547/3547 3559/3559/3559 3558/3558/3558
f 3547/3547/3547 3548/3548/3548 3559/3559/3559
f 3548/3548/3548 3560/3560/3560 3559/3559/3559
f 3548/3548/3548 3549/3549/3549 3560/3560/3560
f 3549/3549/3549 3561/3561/3561 3560/3560/3560
f 3549/3549/3549 3550/3550/3550 3561/3561/3561
f 3550/3550/3550 3562/3562/3562 3561/3561/3561
f 3550/3550/3550 3551/3551/3551 3562/3562/3562
f 3551/3551/3551 3563/3563/3563 3562/3562/3562
f 3551/3551/3551 3552/3552/3552 3563/3563/3563
f 3552/3552/3552 3564/3564/3564 3563/3563/3563
f 3552/3552/3552 3553/3553/3553 3564/3564/3564
f 3553/3553/3553 3565/3565/3565 3564/3564/3564
f 3553/3553/3553 3554/3554/3554 3565/3565/3565
f 3554/3554/3554 3566/3566/3566 3565/3565/3565
f 3554/3554/3554 3555/3555/3555 3566/3566/3566
f 3556/3556/3556 3568/3568/3568 3567/3567/3567
f 3556/3556/3556 3557/3557/3557 3568/3568/3568
f 3557/3557/3557 3569/3569/3569 3568/3568/3568
f 3557/3557/3557 3558/3558/3558 3569/3569/3569
f 3558/3558/3558 3570/3570/3570 3569/3569/3569
f 3558/3558/3558 3559/3559/3559 3570/3570/3570
f 3559/3559/3559 3571/3571/3571 3570/3570/3570
f 3559/3559/3559 3560/3560/3560 3571/3571/3571
f 3560/3560/3560 3572/3572/3572 3571/3571/3571
f 3560/3560/3560 3561/3561/3561 3572/3572/3572
f 3561/3561/3561 3573/3573/3573 3572/3572/3572
f 3561/3561/3561 3562/3562/3562 3573/3573/3573
f 3562/3562/3562 3574/3574/3574 3573/3573/3573
f 3562/3562/3562 3563/3563/3563 3574/3574/3574
f 3563/3563/3563 3575/3575/3575 3574/3574/3574
f 3563/3563/3563 3564/3564/3564 3575/3575/3575
f 3564/3564/3564 3576/3576/3576 3575/3575/3575
f 3564/3564/3564 3565/3565/3565 3576/3576/3576
f 3565/3565/3565 3577/3577/3577 3576/3576/3576
f 3565/3565/3565 3566/3566/3566 3577/3577/3577
f 3578/3578/3578 3567/3567/3567 3568/3568/3568
f 3578/3578/3578 3568/3568/3568 3569/3569/3569
f 3578/3578/3578 3569/3569/3569 3570/3570/3570
f 3578/3578/3578 3570/3570/3570 3571/3571/3571
f 3578/3578/3578 3571/3571/3571 3572/3572/3572
f 3578/3578/3578 3572/3572/3572 3573/3573/3573
f 3578/3578/3578 3573/3573/3573 3574/3574/3574
f 3578/3578/3578 3574/3574/3574 3575/3575/3575
f 3578/3578/3578 3575/3575/3575 3576/3576/3576
f 3578/3578/3578 3576/3576/3576 3577/3577/3577
f 3579/3579/3579 3587/3587/3587 3583/3583/3583
f 3579/3579/3579 3583/3583/3583 3593/3593/3593
f 3579/3579/3579 3593/3593/3593 3591/3591/3591
f 3579/3579/3579 3595/3595/3595 3581/3581/3581
f 3579/3579/3579 3581/3581/3581 3589/3589/3589
f 3579/3579/3579 3589/3589/3589 3587/3587/3587
f 3579/3579/3579 3591/3591/3591 3580/3580/3580
f 3579/3579/3579 3580/3580/3580 3596/3596/3596
f 3579/3579/3579 3596/3596/3596 3595/3595/3595
f 3587/3587/3587 3589/3589/3589 3585/3585/3585
f 3587/3587/3587 3585/3585/3585 3597/3597/3597
f 3587/3587/3587 3597/3597/3597 3583/3583/3583
f 3581/3581/3581 3592/3592/3592 3582/3582/3582
f 3581/3581/3581 3582/3582/3582 3590/3590/3590
f 3581/3581/3581 3590/3590/3590 3589/3589/3589
f 3581/3581/3581 3595/3595/3595 3596/3596/3596
f 3581/3581/3581 3596/3596/3596 3582/3582/3582
f 3581/3581/3581 3582/3582/3582 3592/3592/3592
f 3583/3583/3583 3597/3597/3597 3598/3598/3598
f 3583/3583/3583 3598/3598/3598 3584/3584/3584
f 3583/3583/3583 3584/3584/3584 3593/3593/3593
f 3585/3585/3585 3594/3594/3594 3586/3586/3586
f 3585/3585/3585 3586/3586/3586 3598/3598/3598
f 3585/3585/3585 3598/3598/3598 3597/3597/3597
f 3585/3585/3585 3589/3589/3589 3590/3590/3590
f 3585/3585/3585 3590/3590/3590 3586/3586/3586
f 3585/3585/3585 3586/3586/3586 3594/3594/3594
f 3580/3580/3580 3588/3588/3588 3584/3584/3584
f 3580/3580/3580 3584/3584/3584 3593/3593/3593
f 3580/3580/3580 3593/3593/3593 3591/3591/3591
f 3580/3580/3580 3596/3596/3596 3582/3582/3582
f 3580/3580/3580 3582/3582/3582 3590/3590/3590
f 3580/3580/3580 3590/3590/3590 3588/3588/3588
f 3584/3584/3584 3598/3598/3598 3586/3586/3586
f 3584/3584/3584 3586/3586/3586 3594/3594/3594
f 3584/3584/3584 3594/3594/3594 3588/3588/3588
f 3599/3599/3599 3607/3607/3607 3600/3600/3600
f 3599/3599/3599 3606/3606/3606 3607/3607/3607
f 3613/3613/3613 3599/3599/3599 3600/3600/3600
f 3614/3614/3614 3607/3607/3607 3606/3606/3606
f 3600/3600/3600 3608/3608/3608 3601/3601/3601
f 3600/3600/3600 3607/3607/3607 3608/3608/3608
f 3613/3613/3613 3600/3600/3600 3601/3601/3601
f 3614/3614/3614 3608/3608/3608 3607/3607/3607
f 3601/3601/3601 3609/3609/3609 3602/3602/3602
f 3601/3601/3601 3608/3608/3608 3609/3609/3609
f 3613/3613/3613 3601/3601/3601 3602/3602/3602
f 3614/3614/3614 3609/3609/3609 3608/3608/3608
f 3602/3602/3602 3610/3610/3610 3603/3603/3603
f 3602/3602/3602 3609/3609/3609 3610/3610/3610
f 3613/3613/3613 3602/3602/3602 3603/3603/3603
f 3614/3614/3614 3610/3610/3610 3609/3609/3609
f 3603/3603/3603 3611/3611/3611 3604/3604/3604
f 3603/3603/3603 3610/3610/3610 3611/3611/3611
f 3613/3613/3613 3603/3603/3603 3604/3604/3604
f 3614/3614/3614 3611/3611/3611 3610/3610/3610
f 3604/3604/3604 3612/3612/3612 3605/3605/3605
f 3604/3604/3604 3611/3611/3611 3612/3612/3612
f 3613/3613/3613 3604/3604/3604 3605/3605/3605
f 3614/3614/3614 3612/3612/3612 3611/3611/3611
f 3605/3605/3605 3606/3606/3606 3599/3599/3599
f 3605/3605/3605 3612/3612/3612 3606/3606/3606
f 3613/3613/3613 3605/3605/3605 3599/3599/3599
f 3614/3614/3614 3606/3606/3606 3612/3612/3612
f 3615/3615/3615 3627/3627/3627 3626/3626/3626
f 3615/3615/3615 3616/3616/3616 3627/3627/3627
f 3616/3616/3616 3628/3628/3628 3627/3627/3627
f 3616/3616/3616 3617/3617/3617 3628/3628/3628
f 3617/3617/3617 3629/3629/3629 3628/3628/3628
f 3617/3617/3617 3618/3618/3618 3629/3629/3629
f 3618/3618/3618 3630/3630/3630 3629/3629/3629
f 3618/3618/3618 3619/3619/3619 3630/3630/3630
f 3619/3619/3619 3631/3631/3631 3630/3630/3630
f 3619/3619/3619 3620/3620/3620 3631/3631/3631
f 3620/3620/3620 3632/3632/3632 3631/3631/3631
f 3620/3620/3620 3621/3621/3621 3632/3632/3632
f 3621/3621/3621 3633/3633/3633 3632/3632/3632
f 3621/3621/3621 3622/3622/3622 3633/3633/3633
f 3622/3622/3622 3634/3634/3634 3633/3633/3633
f 3622/3622/3622 3623/3623/3623 3634/3634/3634
f 3623/3623/3623 3635/3635/3635 3634/3634/3634
f 3623/3623/3623 3624/3624/3624 3635/3635/3635
f 3624/3624/3624 3636/3636/3636 3635/3635/3635
f 3624/3624/3624 3625/3625/3625 3636/3636/3636
f 3626/3626/3626 3638/3638/3638 3637/3637/3637
f 3626/3626/3626 3627/3627/3627 3638/3638/3638
f 3627/3627/3627 3639/3639/3639 3638/3638/3638
f 3627/3627/3627 3628/3628/3628 3639/3639/3639
f 3628/3628/3628 3640/3640/3640 3639/3639/3639
f 3628/3628/3628 3629/3629/3629 3640/3640/3640
f 3629/3629/3629 3641/3641/3641 3640/3640/3640
f 3629/3629/3629 3630/3630/3630 3641/3641/3641
f 3630/3630/3630 3642/3642/3642 3641/3641/3641
f 3630/3630/3630 3631/3631/3631 3642/3642/3642
f 3631/3631/3631 3643/3643/3643 3642/3642/3642
f 3631/3631/3631 3632/3632/3632 3643/3643/3643
f 3632/3632/3632 3644/3644/3644 3643/3643/3643
f 3632/3632/3632 3633/3633/3633 3644/3644/3644
f 3633/3633/3633 3645/3645/3645 3644/3644/3644
f 3633/3633/3633 3634/3634/3634 3645/3645/3645
f 3634/3634/3634 3646/3646/3646 3645/3645/3645
f 3634/3634/3634 3635/3635/3635 3646/3646/3646
f 3635/3635/3635 3647/3647/3647 3646/3646/3646
f 3635/3635/3635 3636/3636/3636 3647/3647/3647
f 3637/3637/3637 3649/3649/3649 3648/3648/3648
f 3637/3637/3637 3638/3638/3638 3649/3649/3649
f 3638/3638/3638 3650/3650/3650 3649/3649/3649
f 3638/3638/3638 3639/3639/3639 3650/3650/3650
f 3639/3639/3639 3651/3651/3651 3650/3650/3650
f 3639/3639/3639 3640/3640/3640 3651/3651/3651
f 3640/3640/3640 3652/3652/3652 3651/3651/3651
f 3640/3640/3640 3641/3641/3641 3652/3652/3652
f 3641/3641/3641 3653/3653/3653 3652/3652/3652
f 3641/3641/3641 3642/3642/3642 3653/3653/3653
f 3642/3642/3642 3654/3654/3654 3653/3653/3653
f 3642/3642/3642 3643/3643/3643 3654/3654/3654
f 3643/3643/3643 3655/3655/3655 3654/3654/3654
f 3643/3643/3643 3644/3644/3644 3655/3655/3655
f 3644/3644/3644 3656/3656/3656 3655/3655/3655
f 3644/3644/3644 3645/3645/3645 3656/3656/3656
f 3645/3645/3645 3657/3657/3657 3656/3656/3656
f 3645/3645/3645 3646/3646/3646 3657/3657/3657
f 3646/3646/3646 3658/3658/3658 3657/3657/3657
f 3646/3646/3646 3647/3647/3647 3658/3658/3658
f 3648/3648/3648 3660/3660/3660 3659/3659/3659
f 3648/3648/3648 3649/3649/3649 3660/3660/3660
f 3649/3649/3649 3661/3661/3661 3660/3660/3660
f 3649/3649/3649 3650/3650/3650 3661/3661/3661
f 3650/3650/3650 3662/3662/3662 3661/3661/3661
f 3650/3650/3650 3651/3651/3651 3662/3662/3662
f 3651/3651/3651 3663/3663/3663 3662/3662/3662
f 3651/3651/3651 3652/3652/3652 3663/3663/3663
f 3652/3652/3652 3664/3664/3664 3663/3663/3663
f 3652/3652/3652 3653/3653/3653 3664/3664/3664
f 3653/3653/3653 3665/3665/3665 3664/3664/3664
f 3653/3653/3653 3654/3654/3654 3665/3665/3665
f 3654/3654/3654 3666/3666/3666 3665/3665/3665
f 3654/3654/3654 3655/3655/3655 3666/3666/3666
f 3655/3655/3655 3667/3667/3667 3666/3666/3666
f 3655/3655/3655 3656/3656/3656 3667/3667/3667
f 3656/3656/3656 3668/3668/3668 3667/3667/3667
f 3656/3656/3656 3657/3657/3657 3668/3668/3668
f 3657/3657/3657 3669/3669/3669 3668/3668/3668
f 3657/3657/3657 3658/3658/3658 3669/3669/3669
f 3659/3659/3659 3671/3671/3671 3670/3670/3670
f 3659/3659/3659 3660/3660/3660 3671/3671/3671
f 3660/3660/3660 3672/3672/3672 3671/3671/3671
f 3660/3660/3660 3661/3661/3661 3672/3672/3672
f 3661/3661/3661 3673/3673/3673 3672/3672/3672
f 3661/3661/3661 3662/3662/3662 3673/3673/3673
f 3662/3662/3662 3674/3674/3674 3673/3673/3673
f 3662/3662/3662 3663/3663/3663 3674/3674/3674
f 3663/3663/3663 3675/3675/3675 3674/3674/3674
f 3663/3663/3663 3664/3664/3664 3675/3675/3675
f 3664/3664/3664 3676/3676/3676 3675/3675/3675
f 3664/3664/3664 3665/3665/3665 3676/3676/3676
f 3665/3665/3665 3677/3677/3677 3676/3676/3676
f 3665/3665/3665 3666/3666/3666 3677/3677/3677
f 3666/3666/3666 3678/3678/3678 3677/3677/3677
f 3666/3666/3666 3667/3667/3667 3678/3678/3678
f 3667/3667/3667 3679/3679/3679 3678/3678/3678
f 3667/3667/3667 3668/3668/3668 3679/3679/3679
f 3668/3668/3668 3680/3680/3680 3679/3679/3679
f 3668/3668/3668 3669/3669/3669 3680/3680/3680
f 3670/3670/3670 3682/3682/3682 3681/3681/3681
f 3670/3670/3670 3671/3671/3671 3682/3682/3682
f 3671/3671/3671 3683/3683/3683 3682/3682/3682
f 3671/3671/3671 3672/3672/3672 3683/3683/3683
f 3672/3672/3672 3684/3684/3684 3683/3683/3683
f 3672/3672/3672 3673/3673/3673 3684/3684/3684
f 3673/3673/3673 3685/3685/3685 3684/3684/3684
f 3673/3673/3673 3674/3674/3674 3685/3685/3685
f 3674/3674/3674 3686/3686/3686 3685/3685/3685
f 3674/3674/3674 3675/3675/3675 3686/3686/3686
f 3675/3675/3675 3687/3687/3687 3686/3686/3686
f 3675/3675/3675 3676/3676/3676 3687/3687/3687
f 3676/3676/3676 3688/3688/3688 3687/3687/3687
f 3676/3676/3676 3677/3677/3677 3688/3688/3688
f 3677/3677/3677 3689/3689/3689 3688/3688/3688
f 3677/3677/3677 3678/3678/3678 3689/3689/3689
f 3678/3678/3678 3690/3690/3690 3689/3689/3689
f 3678/3678/3678 3679/3679/3679 3690/3690/3690
f 3679/3679/3679 3691/3691/3691 3690/3690/3690
f 3679/3679/3679 3680/3680/3680 3691/3691/3691
f 3681/3681/3681 3693/3693/3693 3692/3692/3692
f 3681/3681/3681 3682/3682/3682 3693/3693/3693
f 3682/3682/3682 3694/3694/3694 3693/3693/3693
f 3682/3682/3682 3683/3683/3683 3694/3694/3694
f 3683/3683/3683 3695/3695/3695 3694/3694/3694
f 3683/3683/3683 3684/3684/3684 3695/3695/3695
f 3684/3684/3684 3696/3696/3696 3695/3695/3695
f 3684/3684/3684 3685/3685/3685 3696/3696/3696
f 3685/3685/3685 3697/3697/3697 3696/3696/3696
f 3685/3685/3685 3686/3686/3686 3697/3697/3697
f 3686/3686/3686 3698/3698/3698 3697/3697/3697
f 3686/3686/3686 3687/3687/3687 3698/3698/3698
f 3687/3687/3687 3699/3699/3699 3698/3698/3698
f 3687/3687/3687 3688/3688/3688 3699/3699/3699
f 3688/3688/3688 3700/3700/3700 3699/3699/3699
f 3688/3688/3688 3689/3689/3689 3700/3700/3700
f 3689/3689/3689 3701/3701/3701 3700/3700/3700
f 3689/3689/3689 3690/3690/3690 3701/3701/3701
f 3690/3690/3690 3702/3702/3702 3701/3701/3701
f 3690/3690/3690 3691/3691/3691 3702/3702/3702
f 3692/3692/3692 3704/3704/3704 3703/3703/3703
f 3692/3692/3692 3693/3693/3693 3704/3704/3704
f 3693/3693/3693 3705/3705/3705 3704/3704/3704
f 3693/3693/3693 3694/3694/3694 3705/3705/3705
f 3694/3694/3694 3706/3706/3706 3705/3705/3705
f 3694/3694/3694 3695/3695/3695 3706/3706/3706
f 3695/3695/3695 3707/3707/3707 3706/3706/3706
f 3695/3695/3695 3696/3696/3696 3707/3707/3707
f 3696/3696/3696 3708/3708/3708 3707/3707/3707
f 3696/3696/3696 3697/3697/3697 3708/3708/3708
f 3697/3697/3697 3709/3709/3709 3708/3708/3708
f 3697/3697/3697 3698/3698/3698 3709/3709/3709
f 3698/3698/3698 3710/3710/3710 3709/3709/3709
f 3698/3698/3698 3699/3699/3699 3710/3710/3710
f 3699/3699/3699 3711/3711/3711 3710/3710/3710
f 3699/3699/3699 3700/3700/3700 3711/3711/3711
f 3700/3700/3700 3712/3712/3712 3711/3711/3711
f 3700/3700/3700 3701/3701/3701 3712/3712/3712
f 3701/3701/3701 3713/3713/3713 3712/3712/3712
f 3701/3701/3701 3702/3702/3702 3713/3713/3713
f 3714/3714/3714 3703/3703/3703 3704/3704/3704
f 3714/3714/3714 3704/3704/3704 3705/3705/3705
f 3714/3714/3714 3705/3705/3705 3706/3706/3706
f 3714/3714/3714 3706/3706/3706 3707/3707/3707
f 3714/3714/3714 3707/3707/3707 3708/3708/3708
f 3714/3714/3714 3708/3708/3708 3709/3709/3709
f 3714/3714/3714 3709/3709/3709 3710/3710/3710
f 3714/3714/3714 3710/3710/3710 3711/3711/3711
f 3714/3714/3714 3711/3711/3711 3712/3712/3712
f 3714/3714/3714 3712/3712/3712 3713/3713/3713
f 3715/3715/3715 3723/3723/3723 3719/3719/3719
f 3715/3715/3715 3719/3719/3719 3729/3729/3729
f 3715/3715/3715 3729/3729/3729 3727/3727/3727
f 3715/3715/3715 3731/3731/3731 3717/3717/3717
f 3715/3715/3715 3717/3717/3717 3725/3725/3725
f 3715/3715/3715 3725/3725/3725 3723/3723/3723
f 3715/3715/3715 3727/3727/3727 3716/3716/3716
f 3715/3715/3715 3716/3716/3716 3732/3732/3732
f 3715/3715/3715 3732/3732/3732 3731/3731/3731
f 3723/3723/3723 3725/3725/3725 3721/3721/3721
f 3723/3723/3723 3721/3721/3721 3733/3733/3733
f 3723/3723/3723 3733/3733/3733 3719/3719/3719
f 3717/3717/3717 3728/3728/3728 3718/3718/3718
f 3717/3717/3717 3718/3718/3718 3726/3726/3726
f 3717/3717/3717 3726/3726/3726 3725/3725/3725
f 3717/3717/3717 3731/3731/3731 3732/3732/3732
f 3717/3717/3717 3732/3732/3732 3718/3718/3718
f 3717/3717/3717 3718/3718/3718 3728/3728/3728
f 3719/3719/3719 3733/3733/3733 3734/3734/3734
f 3719/3719/3719 3734/3734/3734 3720/3720/3720
f 3719/3719/3719 3720/3720/3720 3729/3729/3729
f 3721/3721/3721 3730/3730/3730 3722/3722/3722
f 3721/3721/3721 3722/3722/3722 3734/3734/3734
f 3721/3721/3721 3734/3734/3734 3733/3733/3733
f 3721/3721/3721 3725/3725/3725 3726/3726/3726
f 3721/3721/3721 3726/3726/3726 3722/3722/3722
f 3721/3721/3721 3722/3722/3722 3730/3730/3730
f 3716/3716/3716 3724/3724/3724 3720/3720/3720
f 3716/3716/3716 3720/3720/3720 3729/3729/3729
f 3716/3716/3716 3729/3729/3729 3727/3727/3727
f 3716/3716/3716 3732/3732/3732 3718/3718/3718
f 3716/3716/3716 3718/3718/3718 3726/3726/3726
f 3716/3716/3716 3726/3726/3726 3724/3724/3724
f 3720/3720/3720 3734/3734/3734 3722/3722/3722
f 3720/3720/3720 3722/3722/3722 3730/3730/3730
f 3720/3720/3720 3730/3730/3730 3724/3724/3724
f 3735/3735/3735 3743/3743/3743 3736/3736/3736
f 3735/3735/3735 3742/3742/3742 3743/3743/3743
f 3749/3749/3749 3735/3735/3735 3736/3736/3736
f 3750/3750/3750 3743/3743/3743 3742/3742/3742
f 3736/3736/3736 3744/3744/3744 3737/3737/3737
f 3736/3736/3736 3743/3743/3743 3744/3744/3744
f 3749/3749/3749 3736/3736/3736 3737/3737/3737
f 3750/3750/3750 3744/3744/3744 3743/3743/3743
f 3737/3737/3737 3745/3745/3745 3738/3738/3738
f 3737/3737/3737 3744/3744/3744 3745/3745/3745
f 3749/3749/3749 3737/3737/3737 3738/3738/3738
f 3750/3750/3750 3745/3745/3745 3744/3744/3744
f 3738/3738/3738 3746/3746/3746 3739/3739/3739
f 3738/3738/3738 3745/3745/3745 3746/3746/3746
f 3749/3749/3749 3738/3738/3738 3739/3739/3739
f 3750/3750/3750 3746/3746/3746 3745/3745/3745
f 3739/3739/3739 3747/3747/3747 3740/3740/3740
f 3739/3739/3739 3746/3746/3746 3747/3747/3747
f 3749/3749/3749 3739/3739/3739 3740/3740/3740
f 3750/3750/3750 3747/3747/3747 3746/3746/3746
f 3740/3740/3740 3748/3748/3748 3741/3741/3741
f 3740/3740/3740 3747/3747/3747 3748/3748/3748
f 3749/3749/3749 3740/3740/3740 3741/3741/3741
f 3750/3750/3750 3748/3748/3748 3747/3747/3747
f 3741/3741/3741 3742/3742/3742 3735/3735/3735
f 3741/3741/3741 3748/3748/3748 3742/3742/3742
f 3749/3749/3749 3741/3741/3741 3735/3735/3735
f 3750/3750/3750 3742/3742/3742 3748/3748/3748
f 3751/3751/3751 3763/3763/3763 3762/3762/3762
f 3751/3751/3751 3752/3752/3752 3763/3763/3763
f 3752/3752/3752 3764/3764/3764 3763/3763/3763
f 3752/3752/3752 3753/3753/3753 3764/3764/3764
f 3753/3753/3753 3765/3765/3765 3764/3764/3764
f 3753/3753/3753 3754/3754/3754 3765/3765/3765
f 3754/3754/3754 3766/3766/3766 3765/3765/3765
f 3754/3754/3754 3755/3755/3755 3766/3766/3766
f 3755/3755/3755 3767/3767/3767 3766/3766/3766
f 3755/3755/3755 3756/3756/3756 3767/3767/3767
f 3756/3756/3756 3768/3768/3768 3767/3767/3767
f 3756/3756/3756 3757/3757/3757 3768/3768/3768
f 3757/3757/3757 3769/3769/3769 3768/3768/3768
f 3757/3757/3757 3758/3758/3758 3769/3769/3769
f 3758/3758/3758 3770/3770/3770 3769/3769/3769
f 3758/3758/3758 3759/3759/3759 3770/3770/3770
f 3759/3759/3759 3771/3771/3771 3770/3770/3770
f 3759/3759/3759 3760/3760/3760 3771/3771/3771
f 3760/3760/3760 3772/3772/3772 3771/3771/3771
f 3760/3760/3760 3761/3761/3761 3772/3772/3772
f 3762/3762/3762 3774/3774/3774 3773/3773/3773
f 3762/3762/3762 3763/3763/3763 3774/3774/3774
f 3763/3763/3763 3775/3775/3775 3774/3774/3774
f 3763/3763/3763 3764/3764/3764 3775/3775/3775
f 3764/3764/3764 3776/3776/3776 3775/3775/3775
f 3764/3764/3764 3765/3765/3765 3776/3776/3776
f 3765/3765/3765 3777/3777/3777 3776/3776/3776
f 3765/3765/3765 3766/3766/3766 3777/3777/3777
f 3766/3766/3766 3778/3778/3778 3777/3777/3777
f 3766/3766/3766 3767/3767/3767 3778/3778/3778
f 3767/3767/3767 3779/3779/3779 3778/3778/3778
f 3767/3767/3767 3768/3768/3768 3779/3779/3779
f 3768/3768/3768 3780/3780/3780 3779/3779/3779
f 3768/3768/3768 3769/3769/3769 3780/3780/3780
f 3769/3769/3769 3781/3781/3781 3780/3780/3780
f 3769/3769/3769 3770/3770/3770 3781/3781/3781
f 3770/3770/3770 3782/3782/3782 3781/3781/3781
f 3770/3770/3770 3771/3771/3771 3782/3782/3782
f 3771/3771/3771 3783/3783/3783 3782/3782/3782
f 3771/3771/3771 3772/3772/3772 3783/3783/3783
f 3773/3773/3773 3785/3785/3785 3784/3784/3784
f 3773/3773/3773 3774/3774/3774 3785/3785/3785
f 3774/3774/3774 3786/3786/3786 3785/3785/3785
f 3774/3774/3774 3775/3775/3775 3786/3786/3786
f 3775/3775/3775 3787/3787/3787 3786/3786/3786
f 3775/3775/3775 3776/3776/3776 3787/3787/3787
f 3776/3776/3776 3788/3788/3788 3787/3787/3787
f 3776/3776/3776 3777/3777/3777 3788/3788/3788
f 3777/3777/3777 3789/3789/3789 3788/3788/3788
f 3777/3777/3777 3778/3778/3778 3789/3789/3789
f 3778/3778/3778 3790/3790/3790 3789/3789/3789
f 3778/3778/3778 3779/3779/3779 3790/3790/3790
f 3779/3779/3779 3791/3791/3791 3790/3790/3790
f 3779/3779/3779 3780/3780/3780 3791/3791/3791
f 3780/3780/3780 3792/3792/3792 3791/3791/3791
f 3780/3780/3780 3781/3781/3781 3792/3792/3792
f 3781/3781/3781 3793/3793/3793 3792/3792/3792
f 3781/3781/3781 3782/3782/3782 3793/3793/3793
f 3782/3782/3782 3794/3794/3794 3793/3793/3793
f 3782/3782/3782 3783/3783/3783 3794/3794/3794
f 3784/3784/3784 3796/3796/3796 3795/3795/3795
f 3784/3784/3784 3785/3785/3785 3796/3796/3796
f 3785/3785/3785 3797/3797/3797 3796/3796/3796
f 3785/3785/3785 3786/3786/3786 3797/3797/3797
f 3786/3786/3786 3798/3798/3798 3797/3797/3797
f 3786/3786/3786 3787/3787/3787 3798/3798/3798
f 3787/3787/3787 3799/3799/3799 3798/3798/3798
f 3787/3787/3787 3788/3788/3788 3799/3799/3799
f 3788/3788/3788 3800/3800/3800 3799/3799/3799
f 3788/3788/3788 3789/3789/3789 3800/3800/3800
f 3789/3789/3789 3801/3801/3801 3800/3800/3800
f 3789/3789/3789 3790/3790/3790 3801/3801/3801
f 3790/3790/3790 3802/3802/3802 3801/3801/3801
f 3790/3790/3790 3791/3791/3791 3802/3802/3802
f 3791/3791/3791 3803/3803/3803 3802/3802/3802
f 3791/3791/3791 3792/3792/3792 3803/3803/3803
f 3792/3792/3792 3804/3804/3804 3803/3803/3803
f 3792/3792/3792 3793/3793/3793 3804/3804/3804
f 3793/3793/3793 3805/3805/3805 3804/3804/3804
f 3793/3793/3793 3794/3794/3794 3805/3805/3805
f 3795/3795/3795 3807/3807/3807 3806/3806/3806
f 3795/3795/3795 3796/3796/3796 3807/3807/3807
f 3796/3796/3796 3808/3808/3808 3807/3807/3807
f 3796/3796/3796 3797/3797/3797 3808/3808/3808
f 3797/3797/3797 3809/3809/3809 3808/3808/3808
f 3797/3797/3797 3798/3798/3798 3809/3809/3809
f 3798/3798/3798 3810/3810/3810 3809/3809/3809
f 3798/3798/3798 3799/3799/3799 3810/3810/3810
f 3799/3799/3799 3811/3811/3811 3810/3810/3810
f 3799/3799/3799 3800/3800/3800 3811/3811/3811
f 3800/3800/3800 3812/3812/3812 3811/3811/3811
f 3800/3800/3800 3801/3801/3801 3812/3812/3812
f 3801/3801/3801 3813/3813/3813 3812/3812/3812
f 3801/3801/3801 3802/3802/3802 3813/3813/3813
f 3802/3802/3802 3814/3814/3814 3813/3813/3813
f 3802/3802/3802 3803/3803/3803 3814/3814/3814
f 3803/3803/3803 3815/3815/3815 3814/3814/3814
f 3803/3803/3803 3804/3804/3804 3815/3815/3815
f 3804/3804/3804 3816/3816/3816 3815/3815/3815
f 3804/3804/3804 3805/3805/3805 3816/3816/3816
f 3806/3806/3806 3818/3818/3818 3817/3817/3817
f 3806/3806/3806 3807/3807/3807 3818/3818/3818
f 3807/3807/3807 3819/3819/3819 3818/3818/3818
f 3807/3807/3807 3808/3808/3808 3819/3819/3819
f 3808/3808/3808 3820/3820/3820 3819/3819/3819
f 3808/3808/3808 3809/3809/3809 3820/3820/3820
f 3809/3809/3809 3821/3821/3821 3820/3820/3820
f 3809/3809/3809 3810/3810/3810 3821/3821/3821
f 3810/3810/3810 3822/3822/3822 3821/3821/3821
f 3810/3810/3810 3811/3811/3811 3822/3822/3822
f 3811/3811/3811 3823/3823/3823 3822/3822/3822
f 3811/3811/3811 3812/3812/3812 3823/3823/3823
f 3812/3812/3812 3824/3824/3824 3823/3823/3823
f 3812/3812/3812 3813/3813/3813 3824/3824/3824
f 3813/3813/3813 3825/3825/3825 3824/3824/3824
f 3813/3813/3813 3814/3814/3814 3825/3825/3825
f 3814/3814/3814 3826/3826/3826 3825/3825/3825
f 3814/3814/3814 3815/3815/3815 3826/3826/3826
f 3815/3815/3815 3827/3827/3827 3826/3826/3826
f 3815/3815/3815 3816/3816/3816 3827/3827/3827
f 3817/3817/3817 3829/3829/3829 3828/3828/3828
f 3817/3817/3817 3818/3818/3818 3829/3829/3829
f 3818/3818/3818 3830/3830/3830 3829/3829/3829
f 3818/3818/3818 3819/3819/3819 3830/3830/3830
f 3819/3819/3819 3831/3831/3831 3830/3830/3830
f 3819/3819/3819 3820/3820/3820 3831/3831/3831
f 3820/3820/3820 3832/3832/3832 3831/3831/3831
f 3820/3820/3820 3821/3821/3821 3832/3832/3832
f 3821/3821/3821 3833/3833/3833 3832/3832/3832
f 3821/3821/3821 3822/3822/3822 3833/3833/3833
f 3822/3822/3822 3834/3834/3834 3833/3833/3833
f 3822/3822/3822 3823/3823/3823 3834/3834/3834
f 3823/3823/3823 3835/3835/3835 3834/3834/3834
f 3823/3823/3823 3824/3824/3824 3835/3835/3835
f 3824/3824/3824 3836/3836/3836 3835/3835/3835
f 3824/3824/3824 3825/3825/3825 3836/3836/3836
f 3825/3825/3825 3837/3837/3837 3836/3836/3836
f 3825/3825/3825 3826/3826/3826 3837/3837/3837
f 3826/3826/3826 3838/3838/3838 3837/3837/3837
f 3826/3826/3826 3827/3827/3827 3838/3838/3838
f 3828/3828/3828 3840/3840/3840 3839/3839/3839
f 3828/3828/3828 3829/3829/3829 3840/3840/3840
f 3829/3829/3829 3841/3841/3841 3840/3840/3840
f 3829/3829/3829 3830/3830/3830 3841/3841/3841
f 3830/3830/3830 3842/3842/3842 3841/3841/3841
f 3830/3830/3830 3831/3831/3831 3842/3842/3842
f 3831/3831/3831 3843/3843/3843 3842/3842/3842
f 3831/3831/3831 3832/3832/3832 3843/3843/3843
f 3832/3832/3832 3844/3844/3844 3843/3843/3843
f 3832/3832/3832 3833/3833/3833 3844/3844/3844
f 3833/3833/3833 3845/3845/3845 3844/3844/3844
f 3833/3833/3833 3834/3834/3834 3845/3845/3845
f 3834/3834/3834 3846/3846/3846 3845/3845/3845
f 3834/3834/3834 3835/3835/3835 3846/3846/3846
f 3835/3835/3835 3847/3847/3847 3846/3846/3846
f 3835/3835/3835 3836/3836/3836 3847/3847/3847
f 3836/3836/3836 3848/3848/3848 3847/3847/3847
f 3836/3836/3836 3837/3837/3837 3848/3848/3848
f 3837/3837/3837 3849/3849/3849 3848/3848/3848
f 3837/3837/3837 3838/3838/3838 3849/3849/3849
f 3850/3850/3850 3839/3839/3839 3840/3840/3840
f 3850/3850/3850 3840/3840/3840 3841/3841/3841
f 3850/3850/3850 3841/3841/3841 3842/3842/3842
f 3850/3850/3850 3842/3842/3842 3843/3843/3843
f 3850/3850/3850 3843/3843/3843 3844/3844/3844
f 3850/3850/3850 3844/3844/3844 3845/3845/3845
f 3850/3850/3850 3845/3845/3845 3846/3846/3846
f 3850/3850/3850 3846/3846/3846 3847/3847/3847
f 3850/3850/3850 3847/3847/3847 3848/3848/3848
f 3850/3850/3850 3848/3848/3848 3849/3849/3849
f 3851/3851/3851 3859/3859/3859 3855/3855/3855
f 3851/3851/3851 3855/3855/3855 3865/3865/3865
f 3851/3851/3851 3865/3865/3865 3863/3863/3863
f 3851/3851/3851 3867/3867/3867 3853/3853/3853
f 3851/3851/3851 3853/3853/3853 3861/3861/3861
f 3851/3851/3851 3861/3861/3861 3859/3859/3859
f 3851/3851/3851 3863/3863/3863 3852/3852/3852
f 3851/3851/3851 3852/3852/3852 3868/3868/3868
f 3851/3851/3851 3868/3868/3868 3867/3867/3867
f 3859/3859/3859 3861/3861/3861 3857/3857/3857
f 3859/3859/3859 3857/3857/3857 3869/3869/3869
f 3859/3859/3859 3869/3869/3869 3855/3855/3855
f 3853/3853/3853 3864/3864/3864 3854/3854/3854
f 3853/3853/3853 3854/3854/3854 3862/3862/3862
f 3853/3853/3853 3862/3862/3862 3861/3861/3861
f 3853/3853/3853 3867/3867/3867 3868/3868/3868
f 3853/3853/3853 3868/3868/3868 3854/3854/3854
f 3853/3853/3853 3854/3854/3854 3864/3864/3864
f 3855/3855/3855 3869/3869/3869 3870/3870/3870
f 3855/3855/3855 3870/3870/3870 3856/3856/3856
f 3855/3855/3855 3856/3856/3856 3865/3865/3865
f 3857/3857/3857 3866/3866/3866 3858/3858/3858
f 3857/3857/3857 3858/3858/3858 3870/3870/3870
f 3857/3857/3857 3870/3870/3870 3869/3869/3869
f 3857/3857/3857 3861/3861/3861 3862/3862/3862
f 3857/3857/3857 3862/3862/3862 3858/3858/3858
f 3857/3857/3857 3858/3858/3858 3866/3866/3866
f 3852/3852/3852 3860/3860/3860 3856/3856/3856
f 3852/3852/3852 3856/3856/3856 3865/3865/3865
f 3852/3852/3852 3865/3865/3865 3863/3863/3863
f 3852/3852/3852 3868/3868/3868 3854/3854/3854
f 3852/3852/3852 3854/3854/3854 3862/3862/3862
f 3852/3852/3852 3862/3862/3862 3860/3860/3860
f 3856/3856/3856 3870/3870/3870 3858/3858/3858
f 3856/3856/3856 3858/3858/3858 3866/3866/3866
f 3856/3856/3856 3866/3866/3866 3860/3860/3860
f 3871/3871/3871 3879/3879/3879 3872/3872/3872
f 3871/3871/3871 3878/3878/3878 3879/3879/3879
f 3885/3885/3885 3871/3871/3871 3872/3872/3872
f 3886/3886/3886 3879/3879/3879 3878/3878/3878
f 3872/3872/3872 3880/3880/3880 3873/3873/3873
f 3872/3872/3872 3879/3879/3879 3880/3880/3880
f 3885/3885/3885 3872/3872/3872 3873/3873/3873
f 3886/3886/3886 3880/3880/3880 3879/3879/3879
f 3873/3873/3873 3881/3881/3881 3874/3874/3874
f 3873/3873/3873 3880/3880/3880 3881/3881/3881
f 3885/3885/3885 3873/3873/3873 3874/3874/3874
f 3886/3886/3886 3881/3881/3881 3880/3880/3880
f 3874/3874/3874 3882/3882/3882 3875/3875/3875
f 3874/3874/3874 3881/3881/3881 3882/3882/3882
f 3885/3885/3885 3874/3874/3874 3875/3875/3875
f 3886/3886/3886 3882/3882/3882 3881/3881/3881
f 3875/3875/3875 3883/3883/3883 3876/3876/3876
f 3875/3875/3875 3882/3882/3882 3883/3883/3883
f 3885/3885/3885 3875/3875/3875 3876/3876/3876
f 3886/3886/3886 3883/3883/3883 3882/3882/3882
f 3876/3876/3876 3884/3884/3884 3877/3877/3877
f 3876/3876/3876 3883/3883/3883 3884/3884/3884
f 3885/3885/3885 3876/3876/3876 3877/3877/3877
f 3886/3886/3886 3884/3884/3884 3883/3883/3883
f 3877/3877/3877 3878/3878/3878 3871/3871/3871
f 3877/3877/3877 3884/3884/3884 3878/3878/3878
f 3885/3885/3885 3877/3877/3877 3871/3871/3871
f 3886/3886/3886 3878/3878/3878 3884/3884/3884
f 3887/3887/3887 3899/3899/3899 3898/3898/3898
f 3887/3887/3887 3888/3888/3888 3899/3899/3899
f 3888/3888/3888 3900/3900/3900 3899/3899/3899
f 3888/3888/3888 3889/3889/3889 3900/3900/3900
f 3889/3889/3889 3901/3901/3901 3900/3900/3900
f 3889/3889/3889 3890/3890/3890 3901/3901/3901
f 3890/3890/3890 3902/3902/3902 3901/3901/3901
f 3890/3890/3890 3891/3891/3891 3902/3902/3902
f 3891/3891/3891 3903/3903/3903 3902/3902/3902
f 3891/3891/3891 3892/3892/3892 3903/3903/3903
f 3892/3892/3892 3904/3904/3904 3903/3903/3903
f 3892/3892/3892 3893/3893/3893 3904/3904/3904
f 3893/3893/3893 3905/3905/3905 3904/3904/3904
f 3893/3893/3893 3894/3894/3894 3905/3905/3905
f 3894/3894/3894 3906/3906/3906 3905/3905/3905
f 3894/3894/3894 3895/3895/3895 3906/3906/3906
f 3895/3895/3895 3907/3907/3907 3906/3906/3906
f 3895/3895/3895 3896/3896/3896 3907/3907/3907
f 3896/3896/3896 3908/3908/3908 3907/3907/3907
f 3896/3896/3896 3897/3897/3897 3908/3908/3908
f 3898/3898/3898 3910/3910/3910 3909/3909/3909
f 3898/3898/3898 3899/3899/3899 3910/3910/3910
f 3899/3899/3899 3911/3911/3911 3910/3910/3910
f 3899/3899/3899 3900/3900/3900 3911/3911/3911
f 3900/3900/3900 3912/3912/3912 3911/3911/3911
f 3900/3900/3900 3901/3901/3901 3912/3912/3912
f 3901/3901/3901 3913/3913/3913 3912/3912/3912
f 3901/3901/3901 3902/3902/3902 3913/3913/3913
f 3902/3902/3902 3914/3914/3914 3913/3913/3913
f 3902/3902/3902 3903/3903/3903 3914/3914/3914
f 3903/3903/3903 3915/3915/3915 3914/3914/3914
f 3903/3903/3903 3904/3904/3904 3915/3915/3915
f 3904/3904/3904 3916/3916/3916 3915/3915/3915
f 3904/3904/3904 3905/3905/3905 3916/3916/3916
f 3905/3905/3905 3917/3917/3917 3916/3916/3916
f 3905/3905/3905 3906/3906/3906 3917/3917/3917
f 3906/3906/3906 3918/3918/3918 3917/3917/3917
f 3906/3906/3906 3907/3907/3907 3918/3918/3918
f 3907/3907/3907 3919/3919/3919 3918/3918/3918
f 3907/3907/3907 3908/3908/3908 3919/3919/3919
f 3909/3909/3909 3921/3921/3921 3920/3920/3920
f 3909/3909/3909 3910/3910/3910 3921/3921/3921
f 3910/3910/3910 3922/3922/3922 3921/3921/3921
f 3910/3910/3910 3911/3911/3911 3922/3922/3922
f 3911/3911/3911 3923/3923/3923 3922/3922/3922
f 3911/3911/3911 3912/3912/3912 3923/3923/3923
f 3912/3912/3912 3924/3924/3924 3923/3923/3923
f 3912/3912/3912 3913/3913/3913 3924/3924/3924
f 3913/3913/3913 3925/3925/3925 3924/3924/3924
f 3913/3913/3913 3914/3914/3914 3925/3925/3925
f 3914/3914/3914 3926/3926/3926 3925/3925/3925
f 3914/3914/3914 3915/3915/3915 3926/3926/3926
f 3915/3915/3915 3927/3927/3927 3926/3926/3926
f 3915/3915/3915 3916/3916/3916 3927/3927/3927
f 3916/3916/3916 3928/3928/3928 3927/3927/3927
f 3916/3916/3916 3917/3917/3917 3928/3928/3928
f 3917/3917/3917 3929/3929/3929 3928/3928/3928
f 3917/3917/3917 3918/3918/3918 3929/3929/3929
f 3918/3918/3918 3930/3930/3930 3929/3929/3929
f 3918/3918/3918 3919/3919/3919 3930/3930/3930
f 3920/3920/3920 3932/3932/3932 3931/3931/3931
f 3920/3920/3920 3921/3921/3921 3932/3932/3932
f 3921/3921/3921 3933/3933/3933 3932/3932/3932
f 3921/3921/3921 3922/3922/3922 3933/3933/3933
f 3922/3922/3922 3934/3934/3934 3933/3933/3933
f 3922/3922/3922 3923/3923/3923 3934/3934/3934
f 3923/3923/3923 3935/3935/3935 3934/3934/3934
f 3923/3923/3923 3924/3924/3924 3935/3935/3935
f 3924/3924/3924 3936/3936/3936 3935/3935/3935
f 3924/3924/3924 3925/3925/3925 3936/3936/3936
f 3925/3925/3925 3937/3937/3937 3936/3936/3936
f 3925/3925/3925 3926/3926/3926 3937/3937/3937
f 3926/3926/3926 3938/3938/3938 3937/3937/3937
f 3926/3926/3926 3927/3927/3927 3938/3938/3938
f 3927/3927/3927 3939/3939/3939 3938/3938/3938
f 3927/3927/3927 3928/3928/3928 3939/3939/3939
f 3928/3928/3928 3940/3940/3940 3939/3939/3939
f 3928/3928/3928 3929/3929/3929 3940/3940/3940
f 3929/3929/3929 3941/3941/3941 3940/3940/3940
f 3929/3929/3929 3930/3930/3930 3941/3941/3941
f 3931/3931/3931 3943/3943/3943 3942/3942/3942
f 3931/3931/3931 3932/3932/3932 3943/3943/3943
f 3932/3932/3932 3944/3944/3944 3943/3943/3943
f 3932/3932/3932 3933/3933/3933 3944/3944/3944
f 3933/3933/3933 3945/3945/3945 3944/3944/3944
f 3933/3933/3933 3934/3934/3934 3945/3945/3945
f 3934/3934/3934 3946/3946/3946 3945/3945/3945
f 3934/3934/3934 3935/3935/3935 3946/3946/3946
f 3935/3935/3935 3947/3947/3947 3946/3946/3946
f 3935/3935/3935 3936/3936/3936 3947/3947/3947
f 3936/3936/3936 3948/3948/3948 3947/3947/3947
f 3936/3936/3936 3937/3937/3937 3948/3948/3948
f 3937/3937/3937 3949/3949/3949 3948/3948/3948
f 3937/3937/3937 3938/3938/3938 3949/3949/3949
f 3938/3938/3938 3950/3950/3950 3949/3949/3949
f 3938/3938/3938 3939/3939/3939 3950/3950/3950
f 3939/3939/3939 3951/3951/3951 3950/3950/3950
f 3939/3939/3939 3940/3940/3940 3951/3951/3951
f 3940/3940/3940 3952/3952/3952 3951/3951/3951
f 3940/3940/3940 3941/3941/3941 3952/3952/3952
f 3942/3942/3942 3954/3954/3954 3953/3953/3953
f 3942/3942/3942 3943/3943/3943 3954/3954/3954
f 3943/3943/3943 3955/3955/3955 3954/3954/3954
f 3943/3943/3943 3944/3944/3944 3955/3955/3955
f 3944/3944/3944 3956/3956/3956 3955/3955/3955
f 3944/3944/3944 3945/3945/3945 3956/3956/3956
f 3945/3945/3945 3957/3957/3957 3956/3956/3956
f 3945/3945/3945 3946/3946/3946 3957/3957/3957
f 3946/3946/3946 3958/3958/3958 3957/3957/3957
f 3946/3946/3946 3947/3947/3947 3958/3958/3958
f 3947/3947/3947 3959/3959/3959 3958/3958/3958
f 3947/3947/3947 3948/3948/3948 3959/3959/3959
f 3948/3948/3948 3960/3960/3960 3959/3959/3959
f 3948/3948/3948 3949/3949/3949 3960/3960/3960
f 3949/3949/3949 3961/3961/3961 3960/3960/3960
f 3949/3949/3949 3950/3950/3950 3961/3961/3961
f 3950/3950/3950 3962/3962/3962 3961/3961/3961
f 3950/3950/3950 3951/3951/3951 3962/3962/3962
f 3951/3951/3951 3963/3963/3963 3962/3962/3962
f 3951/3951/3951 3952/3952/3952 3963/3963/3963
f 3953/3953/3953 3965/3965/3965 3964/3964/3964
f 3953/3953/3953 3954/3954/3954 3965/3965/3965
f 3954/3954/3954 3966/3966/3966 3965/3965/3965
f 3954/3954/3954 3955/3955/3955 3966/3966/3966
f 3955/3955/3955 3967/3967/3967 3966/3966/3966
f 3955/3955/3955 3956/3956/3956 3967/3967/3967
f 3956/3956/3956 3968/3968/3968 3967/3967/3967
f 3956/3956/3956 3957/3957/3957 3968/3968/3968
f 3957/3957/3957 3969/3969/3969 3968/3968/3968
f 3957/3957/3957 3958/3958/3958 3969/3969/3969
f 3958/3958/3958 3970/3970/3970 3969/3969/3969
f 3958/3958/3958 3959/3959/3959 3970/3970/3970
f 3959/3959/3959 3971/3971/3971 3970/3970/3970
f 3959/3959/3959 3960/3960/3960 3971/3971/3971
f 3960/3960/3960 3972/3972/3972 3971/3971/3971
f 3960/3960/3960 3961/3961/3961 3972/3972/3972
f 3961/3961/3961 3973/3973/3973 3972/3972/3972
f 3961/3961/3961 3962/3962/3962 3973/3973/3973
f 3962/3962/3962 3974/3974/3974 3973/3973/3973
f 3962/3962/3962 3963/3963/3963 3974/3974/3974
f 3964/3964/3964 3976/3976/3976 3975/3975/3975
f 3964/3964/3964 3965/3965/3965 3976/3976/3976
f 3965/3965/3965 3977/3977/3977 3976/3976/3976
f 3965/3965/3965 3966/3966/3966 3977/3977/3977
f 3966/3966/3966 3978/3978/3978 3977/3977/3977
f 3966/3966/3966 3967/3967/3967 3978/3978/3978
f 3967/3967/3967 3979/3979/3979 3978/3978/3978
f 3967/3967/3967 3968/3968/3968 3979/3979/3979
f 3968/3968/3968 3980/3980/3980 3979/3979/3979
f 3968/3968/3968 3969/3969/3969 3980/3980/3980
f 3969/3969/3969 3981/3981/3981 3980/3980/3980
f 3969/3969/3969 3970/3970/3970 3981/3981/3981
f 3970/3970/3970 3982/3982/3982 3981/3981/3981
f 3970/3970/3970 3971/3971/3971 3982/3982/3982
f 3971/3971/3971 3983/3983/3983 3982/3982/3982
f 3971/3971/3971 3972/3972/3972 3983/3983/3983
f 3972/3972/3972 3984/3984/3984 3983/3983/3983
f 3972/3972/3972 3973/3973/3973 3984/3984/3984
f 3973/3973/3973 3985/3985/3985 3984/3984/3984
f 3973/3973/3973 3974/3974/3974 3985/3985/3985
f 3986/3986/3986 3975/3975/3975 3976/3976/3976
f 3986/3986/3986 3976/3976/3976 3977/3977/3977
f 3986/3986/3986 3977/3977/3977 3978/3978/3978
f 3986/3986/3986 3978/3978/3978 3979/3979/3979
f 3986/3986/3986 3979/3979/3979 3980/3980/3980
f 3986/3986/3986 3980/3980/3980 3981/3981/3981
f 3986/3986/3986 3981/3981/3981 3982/3982/3982
f 3986/3986/3986 3982/3982/3982 3983/3983/3983
f 3986/3986/3986 3983/3983/3983 3984/3984/3984
f 3986/3986/3986 3984/3984/3984 3985/3985/3985
f 3987/3987/3987 3995/3995/3995 3991/3991/3991
f 3987/3987/3987 3991/3991/3991 4001/4001/4001
f 3987/3987/3987 4001/4001/4001 3999/3999/3999
f 3987/3987/3987 4003/4003/4003 3989/3989/3989
f 3987/3987/3987 3989/3989/3989 3997/3997/3997
f 3987/3987/3987 3997/3997/3997 3995/3995/3995
f 3987/3987/3987 3999/3999/3999 3988/3988/3988
f 3987/3987/3987 3988/3988/3988 4004/4004/4004
f 3987/3987/3987 4004/4004/4004 4003/4003/4003
f 3995/3995/3995 3997/3997/3997 3993/3993/3993
f 3995/3995/3995 3993/3993/3993 4005/4005/4005
f 3995/3995/3995 4005/4005/4005 3991/3991/3991
f 3989/3989/3989 4000/4000/4000 3990/3990/3990
f 3989/3989/3989 3990/3990/3990 3998/3998/3998
f 3989/3989/3989 3998/3998/3998 3997/3997/3997
f 3989/3989/3989 4003/4003/4003 4004/4004/4004
f 3989/3989/3989 4004/4004/4004 3990/3990/3990
f 3989/3989/3989 3990/3990/3990 4000/4000/4000
f 3991/3991/3991 4005/4005/4005 4006/4006/4006
f 3991/3991/3991 4006/4006/4006 3992/3992/3992
f 3991/3991/3991 3992/3992/3992 4001/4001/4001
f 3993/3993/3993 4002/4002/4002 3994/3994/3994
f 3993/3993/3993 3994/3994/3994 4006/4006/4006
f 3993/3993/3993 4006/4006/4006 4005/4005/4005
f 3993/3993/3993 3997/3997/3997 3998/3998/3998
f 3993/3993/3993 3998/3998/3998 3994/3994/3994
f 3993/3993/3993 3994/3994/3994 4002/4002/4002
f 3988/3988/3988 3996/3996/3996 3992/3992/3992
f 3988/3988/3988 3992/3992/3992 4001/4001/4001
f 3988/3988/3988 4001/4001/4001 3999/3999/3999
f 3988/3988/3988 4004/4004/4004 3990/3990/3990
f 3988/3988/3988 3990/3990/3990 3998/3998/3998
f 3988/3988/3988 3998/3998/3998 3996/3996/3996
f 3992/3992/3992 4006/4006/4006 3994/3994/3994
f 3992/3992/3992 3994/3994/3994 4002/4002/4002
f 3992/3992/3992 4002/4002/4002 3996/3996/3996
f 4007/4007/4007 4015/4015/4015 4008/4008/4008
f 4007/4007/4007 4014/4014/4014 4015/4015/4015
f 4021/4021/4021 4007/4007/4007 4008/4008/4008
f 4022/4022/4022 4015/4015/4015 4014/4014/4014
f 4008/4008/4008 4016/4016/4016 4009/4009/4009
f 4008/4008/4008 4015/4015/4015 4016/4016/4016
f 4021/4021/4021 4008/4008/4008 4009/4009/4009
f 4022/4022/4022 4016/4016/4016 4015/4015/4015
f 4009/4009/4009 4017/4017/4017 4010/4010/4010
f 4009/4009/4009 4016/4016/4016 4017/4017/4017
f 4021/4021/4021 4009/4009/4009 4010/4010/4010
f 4022/4022/4022 4017/4017/4017 4016/4016/4016
f 4010/4010/4010 4018/4018/4018 4011/4011/4011
f 4010/4010/4010 4017/4017/4017 4018/4018/4018
f 4021/4021/4021 4010/4010/4010 4011/4011/4011
f 4022/4022/4022 4018/4018/4018 4017/4017/4017
f 4011/4011/4011 4019/4019/4019 4012/4012/4012
f 4011/4011/4011 4018/4018/4018 4019/4019/4019
f 4021/4021/4021 4011/4011/4011 4012/4012/4012
f 4022/4022/4022 4019/4019/4019 4018/4018/4018
f 4012/4012/4012 4020/4020/4020 4013/4013/4013
f 4012/4012/4012 4019/4019/4019 4020/4020/4020
f 4021/4021/4021 4012/4012/4012 4013/4013/4013
f 4022/4022/4022 4020/4020/4020 4019/4019/4019
f 4013/4013/4013 4014/4014/4014 4007/4007/4007
f 4013/4013/4013 4020/4020/4020 4014/4014/4014
f 4021/4021/4021 4013/4013/4013 4007/4007/4007
f 4022/4022/4022 4014/4014/4014 4020/4020/4020
f 4023/4023/4023 4035/4035/4035 4034/4034/4034
f 4023/4023/4023 4024/4024/4024 4035/4035/4035
f 4024/4024/4024 4036/4036/4036 4035/4035/4035
f 4024/4024/4024 4025/4025/4025 4036/4036/4036
f 4025/4025/4025 4037/4037/4037 4036/4036/4036
f 4025/4025/4025 4026/4026/4026 4037/4037/4037
f 4026/4026/4026 4038/4038/4038 4037/4037/4037
f 4026/4026/4026 4027/4027/4027 4038/4038/4038
f 4027/4027/4027 4039/4039/4039 4038/4038/4038
f 4027/4027/4027 4028/4028/4028 4039/4039/4039
f 4028/4028/4028 4040/4040/4040 4039/4039/4039
f 4028/4028/4028 4029/4029/4029 4040/4040/4040
f 4029/4029/4029 4041/4041/4041 4040/4040/4040
f 4029/4029/4029 4030/4030/4030 4041/4041/4041
f 4030/4030/4030 4042/4042/4042 4041/4041/4041
f 4030/4030/4030 4031/4031/4031 4042/4042/4042
f 4031/4031/4031 4043/4043/4043 4042/4042/4042
f 4031/4031/4031 4032/4032/4032 4043/4043/4043
f 4032/4032/4032 4044/4044/4044 4043/4043/4043
f 4032/4032/4032 4033/4033/4033 4044/4044/4044
f 4034/4034/4034 4046/4046/4046 4045/4045/4045
f 4034/4034/4034 4035/4035/4035 4046/4046/4046
f 4035/4035/4035 4047/4047/4047 4046/4046/4046
f 4035/4035/4035 4036/4036/4036 4047/4047/4047
f 4036/4036/4036 4048/4048/4048 4047/4047/4047
f 4036/4036/4036 4037/4037/4037 4048/4048/4048
f 4037/4037/4037 4049/4049/4049 4048/4048/4048
f 4037/4037/4037 4038/4038/4038 4049/4049/4049
f 4038/4038/4038 4050/4050/4050 4049/4049/4049
f 4038/4038/4038 4039/4039/4039 4050/4050/4050
f 4039/4039/4039 4051/4051/4051 4050/4050/4050
f 4039/4039/4039 4040/4040/4040 4051/4051/4051
f 4040/4040/4040 4052/4052/4052 4051/4051/4051
f 4040/4040/4040 4041/4041/4041 4052/4052/4052
f 4041/4041/4041 4053/4053/4053 4052/4052/4052
f 4041/4041/4041 4042/4042/4042 4053/4053/4053
f 4042/4042/4042 4054/4054/4054 4053/4053/4053
f 4042/4042/4042 4043/4043/4043 4054/4054/4054
f 4043/4043/4043 4055/4055/4055 4054/4054/4054
f 4043/4043/4043 4044/4044/4044 4055/4055/4055
f 4045/4045/4045 4057/4057/4057 4056/4056/4056
f 4045/4045/4045 4046/4046/4046 4057/4057/4057
f 4046/4046/4046 4058/4058/4058 4057/4057/4057
f 4046/4046/4046 4047/4047/4047 4058/4058/4058
f 4047/4047/4047 4059/4059/4059 4058/4058/4058
f 4047/4047/4047 4048/4048/4048 4059/4059/4059
f 4048/4048/4048 4060/4060/4060 4059/4059/4059
f 4048/4048/4048 4049/4049/4049 4060/4060/4060
f 4049/4049/4049 4061/4061/4061 4060/4060/4060
f 4049/4049/4049 4050/4050/4050 4061/4061/4061
f 4050/4050/4050 4062/4062/4062 4061/4061/4061
f 4050/4050/4050 4051/4051/4051 4062/4062/4062
f 4051/4051/4051 4063/4063/4063 4062/4062/4062
f 4051/4051/4051 4052/4052/4052 4063/4063/4063
f 4052/4052/4052 4064/4064/4064 4063/4063/4063
f 4052/4052/4052 4053/4053/4053 4064/4064/4064
f 4053/4053/4053 4065/4065/4065 4064/4064/4064
f 4053/4053/4053 4054/4054/4054 4065/4065/4065
f 4054/4054/4054 4066/4066/4066 4065/4065/4065
f 4054/4054/4054 4055/4055/4055 4066/4066/4066
f 4056/4056/4056 4068/4068/4068 4067/4067/4067
f 4056/4056/4056 4057/4057/4057 4068/4068/4068
f 4057/4057/4057 4069/4069/4069 4068/4068/4068
f 4057/4057/4057 4058/4058/4058 4069/4069/4069
f 4058/4058/4058 4070/4070/4070 4069/4069/4069
f 4058/4058/4058 4059/4059/4059 4070/4070/4070
f 4059/4059/4059 4071/4071/4071 4070/4070/4070
f 4059/4059/4059 4060/4060/4060 4071/4071/4071
f 4060/4060/4060 4072/4072/4072 4071/4071/4071
f 4060/4060/4060 4061/4061/4061 4072/4072/4072
f 4061/4061/4061 4073/4073/4073 4072/4072/4072
f 4061/4061/4061 4062/4062/4062 4073/4073/4073
f 4062/4062/4062 4074/4074/4074 4073/4073/4073
f 4062/4062/4062 4063/4063/4063 4074/4074/4074
f 4063/4063/4063 4075/4075/4075 4074/4074/4074
f 4063/4063/4063 4064/4064/4064 4075/4075/4075
f 4064/4064/4064 4076/4076/4076 4075/4075/4075
f 4064/4064/4064 4065/4065/4065 4076/4076/4076
f 4065/4065/4065 4077/4077/4077 4076/4076/4076
f 4065/4065/4065 4066/4066/4066 4077/4077/4077
f 4067/4067/4067 4079/4079/4079 4078/4078/4078
f 4067/4067/4067 4068/4068/4068 4079/4079/4079
f 4068/4068/4068 4080/4080/4080 4079/4079/4079
f 4068/4068/4068 4069/4069/4069 4080/4080/4080
f 4069/4069/4069 4081/4081/4081 4080/4080/4080
f 4069/4069/4069 4070/4070/4070 4081/4081/4081
f 4070/4070/4070 4082/4082/4082 4081/4081/4081
f 4070/4070/4070 4071/4071/4071 4082/4082/4082
f 4071/4071/4071 4083/4083/4083 4082/4082/4082
f 4071/4071/4071 4072/4072/4072 4083/4083/4083
f 4072/4072/4072 4084/4084/4084 4083/4083/4083
f 4072/4072/4072 4073/4073/4073 4084/4084/4084
f 4073/4073/4073 4085/4085/4085 4084/4084/4084
f 4073/4073/4073 4074/4074/4074 4085/4085/4085
f 4074/4074/4074 4086/4086/4086 4085/4085/4085
f 4074/4074/4074 4075/4075/4075 4086/4086/4086
f 4075/4075/4075 4087/4087/4087 4086/4086/4086
f 4075/4075/4075 4076/4076/4076 4087/4087/4087
f 4076/4076/4076 4088/4088/4088 4087/4087/4087
f 4076/4076/4076 4077/4077/4077 4088/4088/4088
f 4078/4078/4078 4090/4090/4090 4089/4089/4089
f 4078/4078/4078 4079/4079/4079 4090/4090/4090
f 4079/4079/4079 4091/4091/4091 4090/4090/4090
f 4079/4079/4079 4080/4080/4080 4091/4091/4091
f 4080/4080/4080 4092/4092/4092 4091/4091/4091
f 4080/4080/4080 4081/4081/4081 4092/4092/4092
f 4081/4081/4081 4093/4093/4093 4092/4092/4092
f 4081/4081/4081 4082/4082/4082 4093/4093/4093
f 4082/4082/4082 4094/4094/4094 4093/4093/4093
f 4082/4082/4082 4083/4083/4083 4094/4094/4094
f 4083/4083/4083 4095/4095/4095 4094/4094/4094
f 4083/4083/4083 4084/4084/4084 4095/4095/4095
f 4084/4084/4084 4096/4096/4096 4095/4095/4095
f 4084/4084/4084 4085/4085/4085 4096/4096/4096
f 4085/4085/4085 4097/4097/4097 4096/4096/4096
f 4085/4085/4085 4086/4086/4086 4097/4097/4097
f 4086/4086/4086 4098/4098/4098 4097/4097/4097
f 4086/4086/4086 4087/4087/4087 4098/4098/4098
f 4087/4087/4087 4099/4099/4099 4098/4098/4098
f 4087/4087/4087 4088/4088/4088 4099/4099/4099
f 4089/4089/4089 4101/4101/4101 4100/4100/4100
f 4089/4089/4089 4090/4090/4090 4101/4101/4101
f 4090/4090/4090 4102/4102/4102 4101/4101/4101
f 4090/4090/4090 4091/4091/4091 4102/4102/4102
f 4091/4091/4091 4103/4103/4103 4102/4102/4102
f 4091/4091/4091 4092/4092/4092 4103/4103/4103
f 4092/4092/4092 4104/4104/4104 4103/4103/4103
f 4092/4092/4092 4093/4093/4093 4104/4104/4104
f 4093/4093/4093 4105/4105/4105 4104/4104/4104
f 4093/4093/4093 4094/4094/4094 4105/4105/4105
f 4094/4094/4094 4106/4106/4106 4105/4105/4105
f 4094/4094/4094 4095/4095/4095 4106/4106/4106
f 4095/4095/4095 4107/4107/4107 4106/4106/4106
f 4095/4095/4095 4096/4096/4096 4107/4107/4107
f 4096/4096/4096 4108/4108/4108 4107/4107/4107
f 4096/4096/4096 4097/4097/4097 4108/4108/4108
f 4097/4097/4097 4109/4109/4109 4108/4108/4108
f 4097/4097/4097 4098/4098/4098 4109/4109/4109
f 4098/4098/4098 4110/4110/4110 4109/4109/4109
f 4098/4098/4098 4099/4099/4099 4110/4110/4110
f 4100/4100/4100 4112/4112/4112 4111/4111/4111
f 4100/4100/4100 4101/4101/4101 4112/4112/4112
f 4101/4101/4101 4113/4113/4113 4112/4112/4112
f 4101/4101/4101 4102/4102/4102 4113/4113/4113
f 4102/4102/4102 4114/4114/4114 4113/4113/4113
f 4102/4102/4102 4103/4103/4103 4114/4114/4114
f 4103/4103/4103 4115/4115/4115 4114/4114/4114
f 4103/4103/4103 4104/4104/4104 4115/4115/4115
f 4104/4104/4104 4116/4116/4116 4115/4115/4115
f 4104/4104/4104 4105/4105/4105 4116/4116/4116
f 4105/4105/4105 4117/4117/4117 4116/4116/4116
f 4105/4105/4105 4106/4106/4106 4117/4117/4117
f 4106/4106/4106 4118/4118/4118 4117/4117/4117
f 4106/4106/4106 4107/4107/4107 4118/4118/4118
f 4107/4107/4107 4119/4119/4119 4118/4118/4118
f 4107/4107/4107 4108/4108/4108 4119/4119/4119
f 4108/4108/4108 4120/4120/4120 4119/4119/4119
f 4108/4108/4108 4109/4109/4109 4120/4120/4120
f 4109/4109/4109 4121/4121/4121 4120/4120/4120
f 4109/4109/4109 4110/4110/4110 4121/4121/4121
f 4122/4122/4122 4111/4111/4111 4112/4112/4112
f 4122/4122/4122 4112/4112/4112 4113/4113/4113
f 4122/4122/4122 4113/4113/4113 4114/4114/4114
f 4122/4122/4122 4114/4114/4114 4115/4115/4115
f 4122/4122/4122 4115/4115/4115 4116/4116/4116
f 4122/4122/4122 4116/4116/4116 4117/4117/4117
f 4122/4122/4122 4117/4117/4117 4118/4118/4118
f 4122/4122/4122 4118/4118/4118 4119/4119/4119
f 4122/4122/4122 4119/4119/4119 4120/4120/4120
f 4122/4122/4122 4120/4120/4120 4121/4121/4121
f 4123/4123/4123 4131/4131/4131 4127/4127/4127
f 4123/4123/4123 4127/4127/4127 4137/4137/4137
f 4123/4123/4123 4137/4137/4137 4135/4135/4135
f 4123/4123/4123 4139/4139/4139 4125/4125/4125
f 4123/4123/4123 4125/4125/4125 4133/4133/4133
f 4123/4123/4123 4133/4133/4133 4131/4131/4131
f 4123/4123/4123 4135/4135/4135 4124/4124/4124
f 4123/4123/4123 4124/4124/4124 4140/4140/4140
f 4123/4123/4123 4140/4140/4140 4139/4139/4139
f 4131/4131/4131 4133/4133/4133 4129/4129/4129
f 4131/4131/4131 4129/4129/4129 4141/4141/4141
f 4131/4131/4131 4141/4141/4141 4127/4127/4127
f 4125/4125/4125 4136/4136/4136 4126/4126/4126
f 4125/4125/4125 4126/4126/4126 4134/4134/4134
f 4125/4125/4125 4134/4134/4134 4133/4133/4133
f 4125/4125/4125 4139/4139/4139 4140/4140/4140
f 4125/4125/4125 4140/4140/4140 4126/4126/4126
f 4125/4125/4125 4126/4126/4126 4136/4136/4136
f 4127/4127/4127 4141/4141/4141 4142/4142/4142
f 4127/4127/4127 4142/4142/4142 4128/4128/4128
f 4127/4127/4127 4128/4128/4128 4137/4137/4137
f 4129/4129/4129 4138/4138/4138 4130/4130/4130
f 4129/4129/4129 4130/4130/4130 4142/4142/4142
f 4129/4129/4129 4142/4142/4142 4141/4141/4141
f 4129/4129/4129 4133/4133/4133 4134/4134/4134
f 4129/4129/4129 4134/4134/4134 4130/4130/4130
f 4129/4129/4129 4130/4130/4130 4138/4138/4138
f 4124/4124/4124 4132/4132/4132 4128/4128/4128
f 4124/4124/4124 4128/4128/4128 4137/4137/4137
f 4124/4124/4124 4137/4137/4137 4135/4135/4135
f 4124/4124/4124 4140/4140/4140 4126/4126/4126
f 4124/4124/4124 4126/4126/4126 4134/4134/4134
f 4124/4124/4124 4134/4134/4134 4132/4132/4132
f 4128/4128/4128 4142/4142/4142 4130/4130/4130
f 4128/4128/4128 4130/4130/4130 4138/4138/4138
f 4128/4128/4128 4138/4138/4138 4132/4132/4132
f 4143/4143/4143 4151/4151/4151 4144/4144/4144
f 4143/4143/4143 4150/4150/4150 4151/4151/4151
f 4157/4157/4157 4143/4143/4143 4144/4144/4144
f 4158/4158/4158 4151/4151/4151 4150/4150/4150
f 4144/4144/4144 4152/4152/4152 4145/4145/4145
f 4144/4144/4144 4151/4151/4151 4152/4152/4152
f 4157/4157/4157 4144/4144/4144 4145/4145/4145
f 4158/4158/4158 4152/4152/4152 4151/4151/4151
f 4145/4145/4145 4153/4153/4153 4146/4146/4146
f 4145/4145/4145 4152/4152/4152 4153/4153/4153
f 4157/4157/4157 4145/4145/4145 4146/4146/4146
f 4158/4158/4158 4153/4153/4153 4152/4152/4152
f 4146/4146/4146 4154/4154/4154 4147/4147/4147
f 4146/4146/4146 4153/4153/4153 4154/4154/4154
f 4157/4157/4157 4146/4146/4146 4147/4147/4147
f 4158/4158/4158 4154/4154/4154 4153/4153/4153
f 4147/4147/4147 4155/4155/4155 4148/4148/4148
f 4147/4147/4147 4154/4154/4154 4155/4155/4155
f 4157/4157/4157 4147/4147/4147 4148/4148/4148
f 4158/4158/4158 4155/4155/4155 4154/4154/4154
f 4148/4148/4148 4156/4156/4156 4149/4149/4149
f 4148/4148/4148 4155/4155/4155 4156/4156/4156
f 4157/4157/4157 4148/4148/4148 4149/4149/4149
f 4158/4158/4158 4156/4156/4156 4155/4155/4155
f 4149/4149/4149 4150/4150/4150 4143/4143/4143
f 4149/4149/4149 4156/4156/4156 4150/4150/4150
f 4157/4157/4157 4149/4149/4149 4143/4143/4143
f 4158/4158/4158 4150/4150/4150 4156/4156/4156
f 4159/4159/4159 4171/4171/4171 4170/4170/4170
f 4159/4159/4159 4160/4160/4160 4171/4171/4171
f 4160/4160/4160 4172/4172/4172 4171/4171/4171
f 4160/4160/4160 4161/4161/4161 4172/4172/4172
f 4161/4161/4161 4173/4173/4173 4172/4172/4172
f 4161/4161/4161 4162/4162/4162 4173/4173/4173
f 4162/4162/4162 4174/4174/4174 4173/4173/4173
f 4162/4162/4162 4163/4163/4163 4174/4174/4174
f 4163/4163/4163 4175/4175/4175 4174/4174/4174
f 4163/4163/4163 4164/4164/4164 4175/4175/4175
f 4164/4164/4164 4176/4176/4176 4175/4175/4175
f 4164/4164/4164 4165/4165/4165 4176/4176/4176
f 4165/4165/4165 4177/4177/4177 4176/4176/4176
f 4165/4165/4165 4166/4166/4166 4177/4177/4177
f 4166/4166/4166 4178/4178/4178 4177/4177/4177
f 4166/4166/4166 4167/4167/4167 4178/4178/4178
f 4167/4167/4167 4179/4179/4179 4178/4178/4178
f 4167/4167/4167 4168/4168/4168 4179/4179/4179
f 4168/4168/4168 4180/4180/4180 4179/4179/4179
f 4168/4168/4168 4169/4169/4169 4180/4180/4180
f 4170/4170/4170 4182/4182/4182 4181/4181/4181
f 4170/4170/4170 4171/4171/4171 4182/4182/4182
f 4171/4171/4171 4183/4183/4183 4182/4182/4182
f 4171/4171/4171 4172/4172/4172 4183/4183/4183
f 4172/4172/4172 4184/4184/4184 4183/4183/4183
f 4172/4172/4172 4173/4173/4173 4184/4184/4184
f 4173/4173/4173 4185/4185/4185 4184/4184/4184
f 4173/4173/4173 4174/4174/4174 4185/4185/4185
f 4174/4174/4174 4186/4186/4186 4185/4185/4185
f 4174/4174/4174 4175/4175/4175 4186/4186/4186
f 4175/4175/4175 4187/4187/4187 4186/4186/4186
f 4175/4175/4175 4176/4176/4176 4187/4187/4187
f 4176/4176/4176 4188/4188/4188 4187/4187/4187
f 4176/4176/4176 4177/4177/4177 4188/4188/4188
f 4177/4177/4177 4189/4189/4189 4188/4188/4188
f 4177/4177/4177 4178/4178/4178 4189/4189/4189
f 4178/4178/4178 4190/4190/4190 4189/4189/4189
f 4178/4178/4178 4179/4179/4179 4190/4190/4190
f 4179/4179/4179 4191/4191/4191 4190/4190/4190
f 4179/4179/4179 4180/4180/4180 4191/4191/4191
f 4181/4181/4181 4193/4193/4193 4192/4192/4192
f 4181/4181/4181 4182/4182/4182 4193/4193/4193
f 4182/4182/4182 4194/4194/4194 4193/4193/4193
f 4182/4182/4182 4183/4183/4183 4194/4194/4194
f 4183/4183/4183 4195/4195/4195 4194/4194/4194
f 4183/4183/4183 4184/4184/4184 4195/4195/4195
f 4184/4184/4184 4196/4196/4196 4195/4195/4195
f 4184/4184/4184 4185/4185/4185 4196/4196/4196
f 4185/4185/4185 4197/4197/4197 4196/4196/4196
f 4185/4185/4185 4186/4186/4186 4197/4197/4197
f 4186/4186/4186 4198/4198/4198 4197/4197/4197
f 4186/4186/4186 4187/4187/4187 4198/4198/4198
f 4187/4187/4187 4199/4199/4199 4198/4198/4198
f 4187/4187/4187 4188/4188/4188 4199/4199/4199
f 4188/4188/4188 4200/4200/4200 4199/4199/4199
f 4188/4188/4188 4189/4189/4189 4200/4200/4200
f 4189/4189/4189 4201/4201/4201 4200/4200/4200
f 4189/4189/4189 4190/4190/4190 4201/4201/4201
f 4190/4190/4190 4202/4202/4202 4201/4201/4201
f 4190/4190/4190 4191/4191/4191 4202/4202/4202
f 4192/4192/4192 4204/4204/4204 4203/4203/4203
f 4192/4192/4192 4193/4193/4193 4204/4204/4204
f 4193/4193/4193 4205/4205/4205 4204/4204/4204
f 4193/4193/4193 4194/4194/4194 4205/4205/4205
f 4194/4194/4194 4206/4206/4206 4205/4205/4205
f 4194/4194/4194 4195/4195/4195 4206/4206/4206
f 4195/4195/4195 4207/4207/4207 4206/4206/4206
f 4195/4195/4195 4196/4196/4196 4207/4207/4207
f 4196/4196/4196 4208/4208/4208 4207/4207/4207
f 4196/4196/4196 4197/4197/4197 4208/4208/4208
f 4197/4197/4197 4209/4209/4209 4208/4208/4208
f 4197/4197/4197 4198/4198/4198 4209/4209/4209
f 4198/4198/4198 4210/4210/4210 4209/4209/4209
f 4198/4198/4198 4199/4199/4199 4210/4210/4210
f 4199/4199/4199 4211/4211/4211 4210/4210/4210
f 4199/4199/4199 4200/4200/4200 4211/4211/4211
f 4200/4200/4200 4212/4212/4212 4211/4211/4211
f 4200/4200/4200 4201/4201/4201 4212/4212/4212
f 4201/4201/4201 4213/4213/4213 4212/4212/4212
f 4201/4201/4201 4202/4202/4202 4213/4213/4213
f 4203/4203/4203 4215/4215/4215 4214/4214/4214
f 4203/4203/4203 4204/4204/4204 4215/4215/4215
f 4204/4204/4204 4216/4216/4216 4215/4215/4215
f 4204/4204/4204 4205/4205/4205 4216/4216/4216
f 4205/4205/4205 4217/4217/4217 4216/4216/4216
f 4205/4205/4205 4206/4206/4206 4217/4217/4217
f 4206/4206/4206 4218/4218/4218 4217/4217/4217
f 4206/4206/4206 4207/4207/4207 4218/4218/4218
f 4207/4207/4207 4219/4219/4219 4218/4218/4218
f 4207/4207/4207 4208/4208/4208 4219/4219/4219
f 4208/4208/4208 4220/4220/4220 4219/4219/4219
f 4208/4208/4208 4209/4209/4209 4220/4220/4220
f 4209/4209/4209 4221/4221/4221 4220/4220/4220
f 4209/4209/4209 4210/4210/4210 4221/4221/4221
f 4210/4210/4210 4222/4222/4222 4221/4221/4221
f 4210/4210/4210 4211/4211/4211 4222/4222/4222
f 4211/4211/4211 4223/4223/4223 4222/4222/4222
f 4211/4211/4211 4212/4212/4212 4223/4223/4223
f 4212/4212/4212 4224/4224/4224 4223/4223/4223
f 4212/4212/4212 4213/4213/4213 4224/4224/4224
f 4214/4214/4214 4226/4226/4226 4225/4225/4225
f 4214/4214/4214 4215/4215/4215 4226/4226/4226
f 4215/4215/4215 4227/4227/4227 4226/4226/4226
f 4215/4215/4215 4216/4216/4216 4227/4227/4227
f 4216/4216/4216 4228/4228/4228 4227/4227/4227
f 4216/4216/4216 4217/4217/4217 4228/4228/4228
f 4217/4217/4217 4229/4229/4229 4228/4228/4228
f 4217/4217/4217 4218/4218/4218 4229/4229/4229
f 4218/4218/4218 4230/4230/4230 4229/4229/4229
f 4218/4218/4218 4219/4219/4219 4230/4230/4230
f 4219/4219/4219 4231/4231/4231 4230/4230/4230
f 4219/4219/4219 4220/4220/4220 4231/4231/4231
f 4220/4220/4220 4232/4232/4232 4231/4231/4231
f 4220/4220/4220 4221/4221/4221 4232/4232/4232
f 4221/4221/4221 4233/4233/4233 4232/4232/4232
f 4221/4221/4221 4222/4222/4222 4233/4233/4233
f 4222/4222/4222 4234/4234/4234 4233/4233/4233
f 4222/4222/4222 4223/4223/4223 4234/4234/4234
f 4223/4223/4223 4235/4235/4235 4234/4234/4234
f 4223/4223/4223 4224/4224/4224 4235/4235/4235
f 4225/4225/4225 4237/4237/4237 4236/4236/4236
f 4225/4225/4225 4226/4226/4226 4237/4237/4237
f 4226/4226/4226 4238/4238/4238 4237/4237/4237
f 4226/4226/4226 4227/4227/4227 4238/4238/4238
f 4227/4227/4227 4239/4239/4239 4238/4238/4238
f 4227/4227/4227 4228/4228/4228 4239/4239/4239
f 4228/4228/4228 4240/4240/4240 4239/4239/4239
f 4228/4228/4228 4229/4229/4229 4240/4240/4240
f 4229/4229/4229 4241/4241/4241 4240/4240/4240
f 4229/4229/4229 4230/4230/4230 4241/4241/4241
f 4230/4230/4230 4242/4242/4242 4241/4241/4241
f 4230/4230/4230 4231/4231/4231 4242/4242/4242
f 4231/4231/4231 4243/4243/4243 4242/4242/4242
f 4231/4231/4231 4232/4232/4232 4243/4243/4243
f 4232/4232/4232 4244/4244/4244 4243/4243/4243
f 4232/4232/4232 4233/4233/4233 4244/4244/4244
f 4233/4233/4233 4245/4245/4245 4244/4244/4244
f 4233/4233/4233 4234/4234/4234 4245/4245/4245
f 4234/4234/4234 4246/4246/4246 4245/4245/4245
f 4234/4234/4234 4235/4235/4235 4246/4246/4246
f 4236/4236/4236 4248/4248/4248 4247/4247/4247
f 4236/4236/4236 4237/4237/4237 4248/4248/4248
f 4237/4237/4237 4249/4249/4249 4248/4248/4248
f 4237/4237/4237 4238/4238/4238 4249/4249/4249
f 4238/4238/4238 4250/4250/4250 4249/4249/4249
f 4238/4238/4238 4239/4239/4239 4250/4250/4250
f 4239/4239/4239 4251/4251/4251 4250/4250/4250
f 4239/4239/4239 4240/4240/4240 4251/4251/4251
f 4240/4240/4240 4252/4252/4252 4251/4251/4251
f 4240/4240/4240 4241/4241/4241 4252/4252/4252
f 4241/4241/4241 4253/4253/4253 4252/4252/4252
f 4241/4241/4241 4242/4242/4242 4253/4253/4253
f 4242/4242/4242 4254/4254/4254 4253/4253/4253
f 4242/4242/4242 4243/4243/4243 4254/4254/4254
f 4243/4243/4243 4255/4255/4255 4254/4254/4254
f 4243/4243/4243 4244/4244/4244 4255/4255/4255
f 4244/4244/4244 4256/4256/4256 4255/4255/4255
f 4244/4244/4244 4245/4245/4245 4256/4256/4256
f 4245/4245/4245 4257/4257/4257 4256/4256/4256
f 4245/4245/4245 4246/4246/4246 4257/4257/4257
f 4258/4258/4258 4247/4247/4247 4248/4248/4248
f 4258/4258/4258 4248/4248/4248 4249/4249/4249
f 4258/4258/4258 4249/4249/4249 4250/4250/4250
f 4258/4258/4258 4250/4250/4250 4251/4251/4251
f 4258/4258/4258 4251/4251/4251 4252/4252/4252
f 4258/4258/4258 4252/4252/4252 4253/4253/4253
f 4258/4258/4258 4253/4253/4253 4254/4254/4254
f 4258/4258/4258 4254/4254/4254 4255/4255/4255
f 4258/4258/4258 4255/4255/4255 4256/4256/4256
f 4258/4258/4258 4256/4256/4256 4257/4257/4257
f 4259/4259/4259 4267/4267/4267 4263/4263/4263
f 4259/4259/4259 4263/4263/4263 4273/4273/4273
f 4259/4259/4259 4273/4273/4273 4271/4271/4271
f 4259/4259/4259 4275/4275/4275 4261/4261/4261
f 4259/4259/4259 4261/4261/4261 4269/4269/4269
f 4259/4259/4259 4269/4269/4269 4267/4267/4267
f 4259/4259/4259 4271/4271/4271 4260/4260/4260
f 4259/4259/4259 4260/4260/4260 4276/4276/4276
f 4259/4259/4259 4276/4276/4276 4275/4275/4275
f 4267/4267/4267 4269/4269/4269 4265/4265/4265
f 4267/4267/4267 4265/4265/4265 4277/4277/4277
f 4267/4267/4267 4277/4277/4277 4263/4263/4263
f 4261/4261/4261 4272/4272/4272 4262/4262/4262
f 4261/4261/4261 4262/4262/4262 4270/4270/4270
f 4261/4261/4261 4270/4270/4270 4269/4269/4269
f 4261/4261/4261 4275/4275/4275 4276/4276/4276
f 4261/4261/4261 4276/4276/4276 4262/4262/4262
f 4261/4261/4261 4262/4262/4262 4272/4272/4272
f 4263/4263/4263 4277/4277/4277 4278/4278/4278
f 4263/4263/4263 4278/4278/4278 4264/4264/4264
f 4263/4263/4263 4264/4264/4264 4273/4273/4273
f 4265/4265/4265 4274/4274/4274 4266/4266/4266
f 4265/4265/4265 4266/4266/4266 4278/4278/4278
f 4265/4265/4265 4278/4278/4278 4277/4277/4277
f 4265/4265/4265 4269/4269/4269 4270/4270/4270
f 4265/4265/4265 4270/4270/4270 4266/4266/4266
f 4265/4265/4265 4266/4266/4266 4274/4274/4274
f 4260/4260/4260 4268/4268/4268 4264/4264/4264
f 4260/4260/4260 4264/4264/4264 4273/4273/4273
f 4260/4260/4260 4273/4273/4273 4271/4271/4271
f 4260/4260/4260 4276/4276/4276 4262/4262/4262
f 4260/4260/4260 4262/4262/4262 4270/4270/4270
f 4260/4260/4260 4270/4270/4270 4268/4268/4268
f 4264/4264/4264 4278/4278/4278 4266/4266/4266
f 4264/4264/4264 4266/4266/4266 4274/4274/4274
f 4264/4264/4264 4274/4274/4274 4268/4268/4268
f 4279/4279/4279 4287/4287/4287 4280/4280/4280
f 4279/4279/4279 4286/4286/4286 4287/4287/4287
f 4293/4293/4293 4279/4279/4279 4280/4280/4280
f 4294/4294/4294 4287/4287/4287 4286/4286/4286
f 4280/4280/4280 4288/4288/4288 4281/4281/4281
f 4280/4280/4280 4287/4287/4287 4288/4288/4288
f 4293/4293/4293 4280/4280/4280 4281/4281/4281
f 4294/4294/4294 4288/4288/4288 4287/4287/4287
f 4281/4281/4281 4289/4289/4289 4282/4282/4282
f 4281/4281/4281 4288/4288/4288 4289/4289/4289
f 4293/4293/4293 4281/4281/4281 4282/4282/4282
f 4294/4294/4294 4289/4289/4289 4288/4288/4288
f 4282/4282/4282 4290/4290/4290 4283/4283/4283
f 4282/4282/4282 4289/4289/4289 4290/4290/4290
f 4293/4293/4293 4282/4282/4282 4283/4283/4283
f 4294/4294/4294 4290/4290/4290 4289/4289/4289
f 4283/4283/4283 4291/4291/4291 4284/4284/4284
f 4283/4283/4283 4290/4290/4290 4291/4291/4291
f 4293/4293/4293 4283/4283/4283 4284/4284/4284
f 4294/4294/4294 4291/4291/4291 4290/4290/4290
f 4284/4284/4284 4292/4292/4292 4285/4285/4285
f 4284/4284/4284 4291/4291/4291 4292/4292/4292
f 4293/4293/4293 4284/4284/4284 4285/4285/4285
f 4294/4294/4294 4292/4292/4292 4291/4291/4291
f 4285/4285/4285 4286/4286/4286 4279/4279/4279
f 4285/4285/4285 4292/4292/4292 4286/4286/4286
f 4293/4293/4293 4285/4285/4285 4279/4279/4279
f 4294/4294/4294 4286/4286/4286 4292/4292/4292
f 4295/4295/4295 4307/4307/4307 4306/4306/4306
f 4295/4295/4295 4296/4296/4296 4307/4307/4307
f 4296/4296/4296 4308/4308/4308 4307/4307/4307
f 4296/4296/4296 4297/4297/4297 4308/4308/4308
f 4297/4297/4297 4309/4309/4309 4308/4308/4308
f 4297/4297/4297 4298/4298/4298 4309/4309/4309
f 4298/4298/4298 4310/4310/4310 4309/4309/4309
f 4298/4298/4298 4299/4299/4299 4310/4310/4310
f 4299/4299/4299 4311/4311/4311 4310/4310/4310
f 4299/4299/4299 4300/4300/4300 4311/4311/4311
f 4300/4300/4300 4312/4312/4312 4311/4311/4311
f 4300/4300/4300 4301/4301/4301 4312/4312/4312
f 4301/4301/4301 4313/4313/4313 4312/4312/4312
f 4301/4301/4301 4302/4302/4302 4313/4313/4313
f 4302/4302/4302 4314/4314/4314 4313/4313/4313
f 4302/4302/4302 4303/4303/4303 4314/4314/4314
f 4303/4303/4303 4315/4315/4315 4314/4314/4314
f 4303/4303/4303 4304/4304/4304 4315/4315/4315
f 4304/4304/4304 4316/4316/4316 4315/4315/4315
f 4304/4304/4304 4305/4305/4305 4316/4316/4316
f 4306/4306/4306 4318/4318/4318 4317/4317/4317
f 4306/4306/4306 4307/4307/4307 4318/4318/4318
f 4307/4307/4307 4319/4319/4319 4318/4318/4318
f 4307/4307/4307 4308/4308/4308 4319/4319/4319
f 4308/4308/4308 4320/4320/4320 4319/4319/4319
f 4308/4308/4308 4309/4309/4309 4320/4320/4320
f 4309/4309/4309 4321/4321/4321 4320/4320/4320
f 4309/4309/4309 4310/4310/4310 4321/4321/4321
f 4310/4310/4310 4322/4322/4322 4321/4321/4321
f 4310/4310/4310 4311/4311/4311 4322/4322/4322
f 4311/4311/4311 4323/4323/4323 4322/4322/4322
f 4311/4311/4311 4312/4312/4312 4323/4323/4323
f 4312/4312/4312 4324/4324/4324 4323/4323/4323
f 4312/4312/4312 4313/4313/4313 4324/4324/4324
f 4313/4313/4313 4325/4325/4325 4324/4324/4324
f 4313/4313/4313 4314/4314/4314 4325/4325/4325
f 4314/4314/4314 4326/4326/4326 4325/4325/4325
f 4314/4314/4314 4315/4315/4315 4326/4326/4326
f 4315/4315/4315 4327/4327/4327 4326/4326/4326
f 4315/4315/4315 4316/4316/4316 4327/4327/4327
f 4317/4317/4317 4329/4329/4329 4328/4328/4328
f 4317/4317/4317 4318/4318/4318 4329/4329/4329
f 4318/4318/4318 4330/4330/4330 4329/4329/4329
f 4318/4318/4318 4319/4319/4319 4330/4330/4330
f 4319/4319/4319 4331/4331/4331 4330/4330/4330
f 4319/4319/4319 4320/4320/4320 4331/4331/4331
f 4320/4320/4320 4332/4332/4332 4331/4331/4331
f 4320/4320/4320 4321/4321/4321 4332/4332/4332
f 4321/4321/4321 4333/4333/4333 4332/4332/4332
f 4321/4321/4321 4322/4322/4322 4333/4333/4333
f 4322/4322/4322 4334/4334/4334 4333/4333/4333
f 4322/4322/4322 4323/4323/4323 4334/4334/4334
f 4323/4323/4323 4335/4335/4335 4334/4334/4334
f 4323/4323/4323 4324/4324/4324 4335/4335/4335
f 4324/4324/4324 4336/4336/4336 4335/4335/4335
f 4324/4324/4324 4325/4325/4325 4336/4336/4336
f 4325/4325/4325 4337/4337/4337 4336/4336/4336
f 4325/4325/4325 4326/4326/4326 4337/4337/4337
f 4326/4326/4326 4338/4338/4338 4337/4337/4337
f 4326/4326/4326 4327/4327/4327 4338/4338/4338
f 4328/4328/4328 4340/4340/4340 4339/4339/4339
f 4328/4328/4328 4329/4329/4329 4340/4340/4340
f 4329/4329/4329 4341/4341/4341 4340/4340/4340
f 4329/4329/4329 4330/4330/4330 4341/4341/4341
f 4330/4330/4330 4342/4342/4342 4341/4341/4341
f 4330/4330/4330 4331/4331/4331 4342/4342/4342
f 4331/4331/4331 4343/4343/4343 4342/4342/4342
f 4331/4331/4331 4332/4332/4332 4343/4343/4343
f 4332/4332/4332 4344/4344/4344 4343/4343/4343
f 4332/4332/4332 4333/4333/4333 4344/4344/4344
f 4333/4333/4333 4345/4345/4345 4344/4344/4344
f 4333/4333/4333 4334/4334/4334 4345/4345/4345
f 4334/4334/4334 4346/4346/4346 4345/4345/4345
f 4334/4334/4334 4335/4335/4335 4346/4346/4346
f 4335/4335/4335 4347/4347/4347 4346/4346/4346
f 4335/4335/4335 4336/4336/4336 4347/4347/4347
f 4336/4336/4336 4348/4348/4348 4347/4347/4347
f 4336/4336/4336 4337/4337/4337 4348/4348/4348
f 4337/4337/4337 4349/4349/4349 4348/4348/4348
f 4337/4337/4337 4338/4338/4338 4349/4349/4349
f 4339/4339/4339 4351/4351/4351 4350/4350/4350
f 4339/4339/4339 4340/4340/4340 4351/4351/4351
f 4340/4340/4340 4352/4352/4352 4351/4351/4351
f 4340/4340/4340 4341/4341/4341 4352/4352/4352
f 4341/4341/4341 4353/4353/4353 4352/4352/4352
f 4341/4341/4341 4342/4342/4342 4353/4353/4353
f 4342/4342/4342 4354/4354/4354 4353/4353/4353
f 4342/4342/4342 4343/4343/4343 4354/4354/4354
f 4343/4343/4343 4355/4355/4355 4354/4354/4354
f 4343/4343/4343 4344/4344/4344 4355/4355/4355
f 4344/4344/4344 4356/4356/4356 4355/4355/4355
f 4344/4344/4344 4345/4345/4345 4356/4356/4356
f 4345/4345/4345 4357/4357/4357 4356/4356/4356
f 4345/4345/4345 4346/4346/4346 4357/4357/4357
f 4346/4346/4346 4358/4358/4358 4357/4357/4357
f 4346/4346/4346 4347/4347/4347 4358/4358/4358
f 4347/4347/4347 4359/4359/4359 4358/4358/4358
f 4347/4347/4347 4348/4348/4348 4359/4359/4359
f 4348/4348/4348 4360/4360/4360 4359/4359/4359
f 4348/4348/4348 4349/4349/4349 4360/4360/4360
f 4350/4350/4350 4362/4362/4362 4361/4361/4361
f 4350/4350/4350 4351/4351/4351 4362/4362/4362
f 4351/4351/4351 4363/4363/4363 4362/4362/4362
f 4351/4351/4351 4352/4352/4352 4363/4363/4363
f 4352/4352/4352 4364/4364/4364 4363/4363/4363
f 4352/4352/4352 4353/4353/4353 4364/4364/4364
f 4353/4353/4353 4365/4365/4365 4364/4364/4364
f 4353/4353/4353 4354/4354/4354 4365/4365/4365
f 4354/4354/4354 4366/4366/4366 4365/4365/4365
f 4354/4354/4354 4355/4355/4355 4366/4366/4366
f 4355/4355/4355 4367/4367/4367 4366/4366/4366
f 4355/4355/4355 4356/4356/4356 4367/4367/4367
f 4356/4356/4356 4368/4368/4368 4367/4367/4367
f 4356/4356/4356 4357/4357/4357 4368/4368/4368
f 4357/4357/4357 4369/4369/4369 4368/4368/4368
f 4357/4357/4357 4358/4358/4358 4369/4369/4369
f 4358/4358/4358 4370/4370/4370 4369/4369/4369
f 4358/4358/4358 4359/4359/4359 4370/4370/4370
f 4359/4359/4359 4371/4371/4371 4370/4370/4370
f 4359/4359/4359 4360/4360/4360 4371/4371/4371
f 4361/4361/4361 4373/4373/4373 4372/4372/4372
f 4361/4361/4361 4362/4362/4362 4373/4373/4373
f 4362/4362/4362 4374/4374/4374 4373/4373/4373
f 4362/4362/4362 4363/4363/4363 4374/4374/4374
f 4363/4363/4363 4375/4375/4375 4374/4374/4374
f 4363/4363/4363 4364/4364/4364 4375/4375/4375
f 4364/4364/4364 4376/4376/4376 4375/4375/4375
f 4364/4364/4364 4365/4365/4365 4376/4376/4376
f 4365/4365/4365 4377/4377/4377 4376/4376/4376
f 4365/4365/4365 4366/4366/4366 4377/4377/4377
f 4366/4366/4366 4378/4378/4378 4377/4377/4377
f 4366/4366/4366 4367/4367/4367 4378/4378/4378
f 4367/4367/4367 4379/4379/4379 4378/4378/4378
f 4367/4367/4367 4368/4368/4368 4379/4379/4379
f 4368/4368/4368 4380/4380/4380 4379/4379/4379
f 4368/4368/4368 4369/4369/4369 4380/4380/4380
f 4369/4369/4369 4381/4381/4381 4380/4380/4380
f 4369/4369/4369 4370/4370/4370 4381/4381/4381
f 4370/4370/4370 4382/4382/4382 4381/4381/4381
f 4370/4370/4370 4371/4371/4371 4382/4382/4382
f 4372/4372/4372 4384/4384/4384 4383/4383/4383
f 4372/4372/4372 4373/4373/4373 4384/4384/4384
f 4373/4373/4373 4385/4385/4385 4384/4384/4384
f 4373/4373/4373 4374/4374/4374 4385/4385/4385
f 4374/4374/4374 4386/4386/4386 4385/4385/4385
f 4374/4374/4374 4375/4375/4375 4386/4386/4386
f 4375/4375/4375 4387/4387/4387 4386/4386/4386
f 4375/4375/4375 4376/4376/4376 4387/4387/4387
f 4376/4376/4376 4388/4388/4388 4387/4387/4387
f 4376/4376/4376 4377/4377/4377 4388/4388/4388
f 4377/4377/4377 4389/4389/4389 4388/4388/4388
f 4377/4377/4377 4378/4378/4378 4389/4389/4389
f 4378/4378/4378 4390/4390/4390 4389/4389/4389
f 4378/4378/4378 4379/4379/4379 4390/4390/4390
f 4379/4379/4379 4391/4391/4391 4390/4390/4390
f 4379/4379/4379 4380/4380/4380 4391/4391/4391
f 4380/4380/4380 4392/4392/4392 4391/4391/4391
f 4380/4380/4380 4381/4381/4381 4392/4392/4392
f 4381/4381/4381 4393/4393/4393 4392/4392/4392
f 4381/4381/4381 4382/4382/4382 4393/4393/4393
f 4394/4394/4394 4383/4383/4383 4384/4384/4384
f 4394/4394/4394 4384/4384/4384 4385/4385/4385
f 4394/4394/4394 4385/4385/4385 4386/4386/4386
f 4394/4394/4394 4386/4386/4386 4387/4387/4387
f 4394/4394/4394 4387/4387/4387 4388/4388/4388
f 4394/4394/4394 4388/4388/4388 4389/4389/4389
f 4394/4394/4394 4389/4389/4389 4390/4390/4390
f 4394/4394/4394 4390/4390/4390 4391/4391/4391
f 4394/4394/4394 4391/4391/4391 4392/4392/4392
f 4394/4394/4394 4392/4392/4392 4393/4393/4393
f 4395/4395/4395 4403/4403/4403 4399/4399/4399
f 4395/4395/4395 4399/4399/4399 4409/4409/4409
f 4395/4395/4395 4409/4409/4409 4407/4407/4407
f 4395/4395/4395 4411/4411/4411 4397/4397/4397
f 4395/4395/4395 4397/4397/4397 4405/4405/4405
f 4395/4395/4395 4405/4405/4405 4403/4403/4403
f 4395/4395/4395 4407/4407/4407 4396/4396/4396
f 4395/4395/4395 4396/4396/4396 4412/4412/4412
f 4395/4395/4395 4412/4412/4412 4411/4411/4411
f 4403/4403/4403 4405/4405/4405 4401/4401/4401
f 4403/4403/4403 4401/4401/4401 4413/4413/4413
f 4403/4403/4403 4413/4413/4413 4399/4399/4399
f 4397/4397/4397 4408/4408/4408 4398/4398/4398
f 4397/4397/4397 4398/4398/4398 4406/4406/4406
f 4397/4397/4397 4406/4406/4406 4405/4405/4405
f 4397/4397/4397 4411/4411/4411 4412/4412/4412
f 4397/4397/4397 4412/4412/4412 4398/4398/4398
f 4397/4397/4397 4398/4398/4398 4408/4408/4408
f 4399/4399/4399 4413/4413/4413 4414/4414/4414
f 4399/4399/4399 4414/4414/4414 4400/4400/4400
f 4399/4399/4399 4400/4400/4400 4409/4409/4409
f 4401/4401/4401 4410/4410/4410 4402/4402/4402
f 4401/4401/4401 4402/4402/4402 4414/4414/4414
f 4401/4401/4401 4414/4414/4414 4413/4413/4413
f 4401/4401/4401 4405/4405/4405 4406/4406/4406
f 4401/4401/4401 4406/4406/4406 4402/4402/4402
f 4401/4401/4401 4402/4402/4402 4410/4410/4410
f 4396/4396/4396 4404/4404/4404 4400/4400/4400
f 4396/4396/4396 4400/4400/4400 4409/4409/4409
f 4396/4396/4396 4409/4409/4409 4407/4407/4407
f 4396/4396/4396 4412/4412/4412 4398/4398/4398
f 4396/4396/4396 4398/4398/4398 4406/4406/4406
f 4396/4396/4396 4406/4406/4406 4404/4404/4404
f 4400/4400/4400 4414/4414/4414 4402/4402/4402
f 4400/4400/4400 4402/4402/4402 4410/4410/4410
f 4400/4400/4400 4410/4410/4410 4404/4404/4404
f 4415/4415/4415 4423/4423/4423 4416/4416/4416
f 4415/4415/4415 4422/4422/4422 4423/4423/4423
f 4429/4429/4429 4415/4415/4415 4416/4416/4416
f 4430/4430/4430 4423/4423/4423 4422/4422/4422
f 4416/4416/4416 4424/4424/4424 4417/4417/4417
f 4416/4416/4416 4423/4423/4423 4424/4424/4424
f 4429/4429/4429 4416/4416/4416 4417/4417/4417
f 4430/4430/4430 4424/4424/4424 4423/4423/4423
f 4417/4417/4417 4425/4425/4425 4418/4418/4418
f 4417/4417/4417 4424/4424/4424 4425/4425/4425
f 4429/4429/4429 4417/4417/4417 4418/4418/4418
f 4430/4430/4430 4425/4425/4425 4424/4424/4424
f 4418/4418/4418 4426/4426/4426 4419/4419/4419
f 4418/4418/4418 4425/4425/4425 4426/4426/4426
f 4429/4429/4429 4418/4418/4418 4419/4419/4419
f 4430/4430/4430 4426/4426/4426 4425/4425/4425
f 4419/4419/4419 4427/4427/4427 4420/4420/4420
f 4419/4419/4419 4426/4426/4426 4427/4427/4427
f 4429/4429/4429 4419/4419/4419 4420/4420/4420
f 4430/4430/4430 4427/4427/4427 4426/4426/4426
f 4420/4420/4420 4428/4428/4428 4421/4421/4421
f 4420/4420/4420 4427/4427/4427 4428/4428/4428
f 4429/4429/4429 4420/4420/4420 4421/4421/4421
f 4430/4430/4430 4428/4428/4428 4427/4427/4427
f 4421/4421/4421 4422/4422/4422 4415/4415/4415
f 4421/4421/4421 4428/4428/4428 4422/4422/4422
f 4429/4429/4429 4421/4421/4421 4415/4415/4415
f 4430/4430/4430 4422/4422/4422 4428/4428/4428
f 4431/4431/4431 4443/4443/4443 4442/4442/4442
f 4431/4431/4431 4432/4432/4432 4443/4443/4443
f 4432/4432/4432 4444/4444/4444 4443/4443/4443
f 4432/4432/4432 4433/4433/4433 4444/4444/4444
f 4433/4433/4433 4445/4445/4445 4444/4444/4444
f 4433/4433/4433 4434/4434/4434 4445/4445/4445
f 4434/4434/4434 4446/4446/4446 4445/4445/4445
f 4434/4434/4434 4435/4435/4435 4446/4446/4446
f 4435/4435/4435 4447/4447/4447 4446/4446/4446
f 4435/4435/4435 4436/4436/4436 4447/4447/4447
f 4436/4436/4436 4448/4448/4448 4447/4447/4447
f 4436/4436/4436 4437/4437/4437 4448/4448/4448
f 4437/4437/4437 4449/4449/4449 4448/4448/4448
f 4437/4437/4437 4438/4438/4438 4449/4449/4449
f 4438/4438/4438 4450/4450/4450 4449/4449/4449
f 4438/4438/4438 4439/4439/4439 4450/4450/4450
f 4439/4439/4439 4451/4451/4451 4450/4450/4450
f 4439/4439/4439 4440/4440/4440 4451/4451/4451
f 4440/4440/4440 4452/4452/4452 4451/4451/4451
f 4440/4440/4440 4441/4441/4441 4452/4452/4452
f 4442/4442/4442 4454/4454/4454 4453/4453/4453
f 4442/4442/4442 4443/4443/4443 4454/4454/4454
f 4443/4443/4443 4455/4455/4455 4454/4454/4454
f 4443/4443/4443 4444/4444/4444 4455/4455/4455
f 4444/4444/4444 4456/4456/4456 4455/4455/4455
f 4444/4444/4444 4445/4445/4445 4456/4456/4456
f 4445/4445/4445 4457/4457/4457 4456/4456/4456
f 4445/4445/4445 4446/4446/4446 4457/4457/4457
f 4446/4446/4446 4458/4458/4458 4457/4457/4457
f 4446/4446/4446 4447/4447/4447 4458/4458/4458
f 4447/4447/4447 4459/4459/4459 4458/4458/4458
f 4447/4447/4447 4448/4448/4448 4459/4459/4459
f 4448/4448/4448 4460/4460/4460 4459/4459/4459
f 4448/4448/4448 4449/4449/4449 4460/4460/4460
f 4449/4449/4449 4461/4461/4461 4460/4460/4460
f 4449/4449/4449 4450/4450/4450 4461/4461/4461
f 4450/4450/4450 4462/4462/4462 4461/4461/4461
f 4450/4450/4450 4451/4451/4451 4462/4462/4462
f 4451/4451/4451 4463/4463/4463 4462/4462/4462
f 4451/4451/4451 4452/4452/4452 4463/4463/4463
f 4453/4453/4453 4465/4465/4465 4464/4464/4464
f 4453/4453/4453 4454/4454/4454 4465/4465/4465
f 4454/4454/4454 4466/4466/4466 4465/4465/4465
f 4454/4454/4454 4455/4455/4455 4466/4466/4466
f 4455/4455/4455 4467/4467/4467 4466/4466/4466
f 4455/4455/4455 4456/4456/4456 4467/4467/4467
f 4456/4456/4456 4468/4468/4468 4467/4467/4467
f 4456/4456/4456 4457/4457/4457 4468/4468/4468
f 4457/4457/4457 4469/4469/4469 4468/4468/4468
f 4457/4457/4457 4458/4458/4458 4469/4469/4469
f 4458/4458/4458 4470/4470/4470 4469/4469/4469
f 4458/4458/4458 4459/4459/4459 4470/4470/4470
f 4459/4459/4459 4471/4471/4471 4470/4470/4470
f 4459/4459/4459 4460/4460/4460 4471/4471/4471
f 4460/4460/4460 4472/4472/4472 4471/4471/4471
f 4460/4460/4460 4461/4461/4461 4472/4472/4472
f 4461/4461/4461 4473/4473/4473 4472/4472/4472
f 4461/4461/4461 4462/4462/4462 4473/4473/4473
f 4462/4462/4462 4474/4474/4474 4473/4473/4473
f 4462/4462/4462 4463/4463/4463 4474/4474/4474
f 4464/4464/4464 4476/4476/4476 4475/4475/4475
f 4464/4464/4464 4465/4465/4465 4476/4476/4476
f 4465/4465/4465 4477/4477/4477 4476/4476/4476
f 4465/4465/4465 4466/4466/4466 4477/4477/4477
f 4466/4466/4466 4478/4478/4478 4477/4477/4477
f 4466/4466/4466 4467/4467/4467 4478/4478/4478
f 4467/4467/4467 4479/4479/4479 4478/4478/4478
f 4467/4467/4467 4468/4468/4468 4479/4479/4479
f 4468/4468/4468 4480/4480/4480 4479/4479/4479
f 4468/4468/4468 4469/4469/4469 4480/4480/4480
f 4469/4469/4469 4481/4481/4481 4480/4480/4480
f 4469/4469/4469 4470/4470/4470 4481/4481/4481
f 4470/4470/4470 4482/4482/4482 4481/4481/4481
f 4470/4470/4470 4471/4471/4471 4482/4482/4482
f 4471/4471/4471 4483/4483/4483 4482/4482/4482
f 4471/4471/4471 4472/4472/4472 4483/4483/4483
f 4472/4472/4472 4484/4484/4484 4483/4483/4483
f 4472/4472/4472 4473/4473/4473 4484/4484/4484
f 4473/4473/4473 4485/4485/4485 4484/4484/4484
f 4473/4473/4473 4474/4474/4474 4485/4485/4485
f 4475/4475/4475 4487/4487/4487 4486/4486/4486
f 4475/4475/4475 4476/4476/4476 4487/4487/4487
f 4476/4476/4476 4488/4488/4488 4487/4487/4487
f 4476/4476/4476 4477/4477/4477 4488/4488/4488
f 4477/4477/4477 4489/4489/4489 4488/4488/4488
f 4477/4477/4477 4478/4478/4478 4489/4489/4489
f 4478/4478/4478 4490/4490/4490 4489/4489/4489
f 4478/4478/4478 4479/4479/4479 4490/4490/4490
f 4479/4479/4479 4491/4491/4491 4490/4490/4490
f 4479/4479/4479 4480/4480/4480 4491/4491/4491
f 4480/4480/4480 4492/4492/4492 4491/4491/4491
f 4480/4480/4480 4481/4481/4481 4492/4492/4492
f 4481/4481/4481 4493/4493/4493 4492/4492/4492
f 4481/4481/4481 4482/4482/4482 4493/4493/4493
f 4482/4482/4482 4494/4494/4494 4493/4493/4493
f 4482/4482/4482 4483/4483/4483 4494/4494/4494
f 4483/4483/4483 4495/4495/4495 4494/4494/4494
f 4483/4483/4483 4484/4484/4484 4495/4495/4495
f 4484/4484/4484 4496/4496/4496 4495/4495/4495
f 4484/4484/4484 4485/4485/4485 4496/4496/4496
f 4486/4486/4486 4498/4498/4498 4497/4497/4497
f 4486/4486/4486 4487/4487/4487 4498/4498/4498
f 4487/4487/4487 4499/4499/4499 4498/4498/4498
f 4487/4487/4487 4488/4488/4488 4499/4499/4499
f 4488/4488/4488 4500/4500/4500 4499/4499/4499
f 4488/4488/4488 4489/4489/4489 4500/4500/4500
f 4489/4489/4489 4501/4501/4501 4500/4500/4500
f 4489/4489/4489 4490/4490/4490 4501/4501/4501
f 4490/4490/4490 4502/4502/4502 4501/4501/4501
f 4490/4490/4490 4491/4491/4491 4502/4502/4502
f 4491/4491/4491 4503/4503/4503 4502/4502/4502
f 4491/4491/4491 4492/4492/4492 4503/4503/4503
f 4492/4492/4492 4504/4504/4504 4503/4503/4503
f 4492/4492/4492 4493/4493/4493 4504/4504/4504
f 4493/4493/4493 4505/4505/4505 4504/4504/4504
f 4493/4493/4493 4494/4494/4494 4505/4505/4505
f 4494/4494/4494 4506/4506/4506 4505/4505/4505
f 4494/4494/4494 4495/4495/4495 4506/4506/4506
f 4495/4495/4495 4507/4507/4507 4506/4506/4506
f 4495/4495/4495 4496/4496/4496 4507/4507/4507
f 4497/4497/4497 4509/4509/4509 4508/4508/4508
f 4497/4497/4497 4498/4498/4498 4509/4509/4509
f 4498/4498/4498 4510/4510/4510 4509/4509/4509
f 4498/4498/4498 4499/4499/4499 4510/4510/4510
f 4499/4499/4499 4511/4511/4511 4510/4510/4510
f 4499/4499/4499 4500/4500/4500 4511/4511/4511
f 4500/4500/4500 4512/4512/4512 4511/4511/4511
f 4500/4500/4500 4501/4501/4501 4512/4512/4512
f 4501/4501/4501 4513/4513/4513 4512/4512/4512
f 4501/4501/4501 4502/4502/4502 4513/4513/4513
f 4502/4502/4502 4514/4514/4514 4513/4513/4513
f 4502/4502/4502 4503/4503/4503 4514/4514/4514
f 4503/4503/4503 4515/4515/4515 4514/4514/4514
f 4503/4503/4503 4504/4504/4504 4515/4515/4515
f 4504/4504/4504 4516/4516/4516 4515/4515/4515
f 4504/4504/4504 4505/4505/4505 4516/4516/4516
f 4505/4505/4505 4517/4517/4517 4516/4516/4516
f 4505/4505/4505 4506/4506/4506 4517/4517/4517
f 4506/4506/4506 4518/4518/4518 4517/4517/4517
f 4506/4506/4506 4507/4507/4507 4518/4518/4518
f 4508/4508/4508 4520/4520/4520 4519/4519/4519
f 4508/4508/4508 4509/4509/4509 4520/4520/4520
f 4509/4509/4509 4521/4521/4521 4520/4520/4520
f 4509/4509/4509 4510/4510/4510 4521/4521/4521
f 4510/4510/4510 4522/4522/4522 4521/4521/4521
f 4510/4510/4510 4511/4511/4511 4522/4522/4522
f 4511/4511/4511 4523/4523/4523 4522/4522/4522
f 4511/4511/4511 4512/4512/4512 4523/4523/4523
f 4512/4512/4512 4524/4524/4524 4523/4523/4523
f 4512/4512/4512 4513/4513/4513 4524/4524/4524
f 4513/4513/4513 4525/4525/4525 4524/4524/4524
f 4513/4513/4513 4514/4514/4514 4525/4525/4525
f 4514/4514/4514 4526/4526/4526 4525/4525/4525
f 4514/4514/4514 4515/4515/4515 4526/4526/4526
f 4515/4515/4515 4527/4527/4527 4526/4526/4526
f 4515/4515/4515 4516/4516/4516 4527/4527/4527
f 4516/4516/4516 4528/4528/4528 4527/4527/4527
f 4516/4516/4516 4517/4517/4517 4528/4528/4528
f 4517/4517/4517 4529/4529/4529 4528/4528/4528
f 4517/4517/4517 4518/4518/4518 4529/4529/4529
f 4530/4530/4530 4519/4519/4519 4520/4520/4520
f 4530/4530/4530 4520/4520/4520 4521/4521/4521
f 4530/4530/4530 4521/4521/4521 4522/4522/4522
f 4530/4530/4530 4522/4522/4522 4523/4523/4523
f 4530/4530/4530 4523/4523/4523 4524/4524/4524
f 4530/4530/4530 4524/4524/4524 4525/4525/4525
f 4530/4530/4530 4525/4525/4525 4526/4526/4526
f 4530/4530/4530 4526/4526/4526 4527/4527/4527
f 4530/4530/4530 4527/4527/4527 4528/4528/4528
f 4530/4530/4530 4528/4528/4528 4529/4529/4529
f 4531/4531/4531 4539/4539/4539 4535/4535/4535
f 4531/4531/4531 4535/4535/4535 4545/4545/4545
f 4531/4531/4531 4545/4545/4545 4543/4543/4543
f 4531/4531/4531 4547/4547/4547 4533/4533/4533
f 4531/4531/4531 4533/4533/4533 4541/4541/4541
f 4531/4531/4531 4541/4541/4541 4539/4539/4539
f 4531/4531/4531 4543/4543/4543 4532/4532/4532
f 4531/4531/4531 4532/4532/4532 4548/4548/4548
f 4531/4531/4531 4548/4548/4548 4547/4547/4547
f 4539/4539/4539 4541/4541/4541 4537/4537/4537
f 4539/4539/4539 4537/4537/4537 4549/4549/4549
f 4539/4539/4539 4549/4549/4549 4535/4535/4535
f 4533/4533/4533 4544/4544/4544 4534/4534/4534
f 4533/4533/4533 4534/4534/4534 4542/4542/4542
f 4533/4533/4533 4542/4542/4542 4541/4541/4541
f 4533/4533/4533 4547/4547/4547 4548/4548/4548
f 4533/4533/4533 4548/4548/4548 4534/4534/4534
f 4533/4533/4533 4534/4534/4534 4544/4544/4544
f 4535/4535/4535 4549/4549/4549 4550/4550/4550
f 4535/4535/4535 4550/4550/4550 4536/4536/4536
f 4535/4535/4535 4536/4536/4536 4545/4545/4545
f 4537/4537/4537 4546/4546/4546 4538/4538/4538
f 4537/4537/4537 4538/4538/4538 4550/4550/4550
f 4537/4537/4537 4550/4550/4550 4549/4549/4549
f 4537/4537/4537 4541/4541/4541 4542/4542/4542
f 4537/4537/4537 4542/4542/4542 4538/4538/4538
f 4537/4537/4537 4538/4538/4538 4546/4546/4546
f 4532/4532/4532 4540/4540/4540 4536/4536/4536
f 4532/4532/4532 4536/4536/4536 4545/4545/4545
f 4532/4532/4532 4545/4545/4545 4543/4543/4543
f 4532/4532/4532 4548/4548/4548 4534/4534/4534
f 4532/4532/4532 4534/4534/4534 4542/4542/4542
f 4532/4532/4532 4542/4542/4542 4540/4540/4540
f 4536/4536/4536 4550/4550/4550 4538/4538/4538
f 4536/4536/4536 4538/4538/4538 4546/4546/4546
f 4536/4536/4536 4546/4546/4546 4540/4540/4540
f 4551/4551/4551 4559/4559/4559 4552/4552/4552
f 4551/4551/4551 4558/4558/4558 4559/4559/4559
f 4565/4565/4565 4551/4551/4551 4552/4552/4552
f 4566/4566/4566 4559/4559/4559 4558/4558/4558
f 4552/4552/4552 4560/4560/4560 4553/4553/4553
f 4552/4552/4552 4559/4559/4559 4560/4560/4560
f 4565/4565/4565 4552/4552/4552 4553/4553/4553
f 4566/4566/4566 4560/4560/4560 4559/4559/4559
f 4553/4553/4553 4561/4561/4561 4554/4554/4554
f 4553/4553/4553 4560/4560/4560 4561/4561/4561
f 4565/4565/4565 4553/4553/4553 4554/4554/4554
f 4566/4566/4566 4561/4561/4561 4560/4560/4560
f 4554/4554/4554 4562/4562/4562 4555/4555/4555
f 4554/4554/4554 4561/4561/4561 4562/4562/4562
f 4565/4565/4565 4554/4554/4554 4555/4555/4555
f 4566/4566/4566 4562/4562/4562 4561/4561/4561
f 4555/4555/4555 4563/4563/4563 4556/4556/4556
f 4555/4555/4555 4562/4562/4562 4563/4563/4563
f 4565/4565/4565 4555/4555/4555 4556/4556/4556
f 4566/4566/4566 4563/4563/4563 4562/4562/4562
f 4556/4556/4556 4564/4564/4564 4557/4557/4557
f 4556/4556/4556 4563/4563/4563 4564/4564/4564
f 4565/4565/4565 4556/4556/4556 4557/4557/4557
f 4566/4566/4566 4564/4564/4564 4563/4563/4563
f 4557/4557/4557 4558/4558/4558 4551/4551/4551
f 4557/4557/4557 4564/4564/4564 4558/4558/4558
f 4565/4565/4565 4557/4557/4557 4551/4551/4551
f 4566/4566/4566 4558/4558/4558 4564/4564/4564
f 4567/4567/4567 4579/4579/4579 4578/4578/4578
f 4567/4567/4567 4568/4568/4568 4579/4579/4579
f 4568/4568/4568 4580/4580/4580 4579/4579/4579
f 4568/4568/4568 4569/4569/4569 4580/4580/4580
f 4569/4569/4569 4581/4581/4581 4580/4580/4580
f 4569/4569/4569 4570/4570/4570 4581/4581/4581
f 4570/4570/4570 4582/4582/4582 4581/4581/4581
f 4570/4570/4570 4571/4571/4571 4582/4582/4582
f 4571/4571/4571 4583/4583/4583 4582/4582/4582
f 4571/4571/4571 4572/4572/4572 4583/4583/4583
f 4572/4572/4572 4584/4584/4584 4583/4583/4583
f 4572/4572/4572 4573/4573/4573 4584/4584/4584
f 4573/4573/4573 4585/4585/4585 4584/4584/4584
f 4573/4573/4573 4574/4574/4574 4585/4585/4585
f 4574/4574/4574 4586/4586/4586 4585/4585/4585
f 4574/4574/4574 4575/4575/4575 4586/4586/4586
f 4575/4575/4575 4587/4587/4587 4586/4586/4586
f 4575/4575/4575 4576/4576/4576 4587/4587/4587
f 4576/4576/4576 4588/4588/4588 4587/4587/4587
f 4576/4576/4576 4577/4577/4577 4588/4588/4588
f 4578/4578/4578 4590/4590/4590 4589/4589/4589
f 4578/4578/4578 4579/4579/4579 4590/4590/4590
f 4579/4579/4579 4591/4591/4591 4590/4590/4590
f 4579/4579/4579 4580/4580/4580 4591/4591/4591
f 4580/4580/4580 4592/4592/4592 4591/4591/4591
f 4580/4580/4580 4581/4581/4581 4592/4592/4592
f 4581/4581/4581 4593/4593/4593 4592/4592/4592
f 4581/4581/4581 4582/4582/4582 4593/4593/4593
f 4582/4582/4582 4594/4594/4594 4593/4593/4593
f 4582/4582/4582 4583/4583/4583 4594/4594/4594
f 4583/4583/4583 4595/4595/4595 4594/4594/4594
f 4583/4583/4583 4584/4584/4584 4595/4595/4595
f 4584/4584/4584 4596/4596/4596 4595/4595/4595
f 4584/4584/4584 4585/4585/4585 4596/4596/4596
f 4585/4585/4585 4597/4597/4597 4596/4596/4596
f 4585/4585/4585 4586/4586/4586 4597/4597/4597
f 4586/4586/4586 4598/4598/4598 4597/4597/4597
f 4586/4586/4586 4587/4587/4587 4598/4598/4598
f 4587/4587/4587 4599/4599/4599 4598/4598/4598
f 4587/4587/4587 4588/4588/4588 4599/4599/4599
f 4589/4589/4589 4601/4601/4601 4600/4600/4600
f 4589/4589/4589 4590/4590/4590 4601/4601/4601
f 4590/4590/4590 4602/4602/4602 4601/4601/4601
f 4590/4590/4590 4591/4591/4591 4602/4602/4602
f 4591/4591/4591 4603/4603/4603 4602/4602/4602
f 4591/4591/4591 4592/4592/4592 4603/4603/4603
f 4592/4592/4592 4604/4604/4604 4603/4603/4603
f 4592/4592/4592 4593/4593/4593 4604/4604/4604
f 4593/4593/4593 4605/4605/4605 4604/4604/4604
f 4593/4593/4593 4594/4594/4594 4605/4605/4605
f 4594/4594/4594 4606/4606/4606 4605/4605/4605
f 4594/4594/4594 4595/4595/4595 4606/4606/4606
f 4595/4595/4595 4607/4607/4607 4606/4606/4606
f 4595/4595/4595 4596/4596/4596 4607/4607/4607
f 4596/4596/4596 4608/4608/4608 4607/4607/4607
f 4596/4596/4596 4597/4597/4597 4608/4608/4608
f 4597/4597/4597 4609/4609/4609 4608/4608/4608
f 4597/4597/4597 4598/4598/4598 4609/4609/4609
f 4598/4598/4598 4610/4610/4610 4609/4609/4609
f 4598/4598/4598 4599/4599/4599 4610/4610/4610
f 4600/4600/4600 4612/4612/4612 4611/4611/4611
f 4600/4600/4600 4601/4601/4601 4612/4612/4612
f 4601/4601/4601 4613/4613/4613 4612/4612/4612
f 4601/4601/4601 4602/4602/4602 4613/4613/4613
f 4602/4602/4602 4614/4614/4614 4613/4613/4613
f 4602/4602/4602 4603/4603/4603 4614/4614/4614
f 4603/4603/4603 4615/4615/4615 4614/4614/4614
f 4603/4603/4603 4604/4604/4604 4615/4615/4615
f 4604/4604/4604 4616/4616/4616 4615/4615/4615
f 4604/4604/4604 4605/4605/4605 4616/4616/4616
f 4605/4605/4605 4617/4617/4617 4616/4616/4616
f 4605/4605/4605 4606/4606/4606 4617/4617/4617
f 4606/4606/4606 4618/4618/4618 4617/4617/4617
f 4606/4606/4606 4607/4607/4607 4618/4618/4618
f 4607/4607/4607 4619/4619/4619 4618/4618/4618
f 4607/4607/4607 4608/4608/4608 4619/4619/4619
f 4608/4608/4608 4620/4620/4620 4619/4619/4619
f 4608/4608/4608 4609/4609/4609 4620/4620/4620
f 4609/4609/4609 4621/4621/4621 4620/4620/4620
f 4609/4609/4609 4610/4610/4610 4621/4621/4621
f 4611/4611/4611 4623/4623/4623 4622/4622/4622
f 4611/4611/4611 4612/4612/4612 4623/4623/4623
f 4612/4612/4612 4624/4624/4624 4623/4623/4623
f 4612/4612/4612 4613/4613/4613 4624/4624/4624
f 4613/4613/4613 4625/4625/4625 4624/4624/4624
f 4613/4613/4613 4614/4614/4614 4625/4625/4625
f 4614/4614/4614 4626/4626/4626 4625/4625/4625
f 4614/4614/4614 4615/4615/4615 4626/4626/4626
f 4615/4615/4615 4627/4627/4627 4626/4626/4626
f 4615/4615/4615 4616/4616/4616 4627/4627/4627
f 4616/4616/4616 4628/4628/4628 4627/4627/4627
f 4616/4616/4616 4617/4617/4617 4628/4628/4628
f 4617/4617/4617 4629/4629/4629 4628/4628/4628
f 4617/4617/4617 4618/4618/4618 4629/4629/4629
f 4618/4618/4618 4630/4630/4630 4629/4629/4629
f 4618/4618/4618 4619/4619/4619 4630/4630/4630
f 4619/4619/4619 4631/4631/4631 4630/4630/4630
f 4619/4619/4619 4620/4620/4620 4631/4631/4631
f 4620/4620/4620 4632/4632/4632 4631/4631/4631
f 4620/4620/4620 4621/4621/4621 4632/4632/4632
f 4622/4622/4622 4634/4634/4634 4633/4633/4633
f 4622/4622/4622 4623/4623/4623 4634/4634/4634
f 4623/4623/4623 4635/4635/4635 4634/4634/4634
f 4623/4623/4623 4624/4624/4624 4635/4635/4635
f 4624/4624/4624 4636/4636/4636 4635/4635/4635
f 4624/4624/4624 4625/4625/4625 4636/4636/4636
f 4625/4625/4625 4637/4637/4637 4636/4636/4636
f 4625/4625/4625 4626/4626/4626 4637/4637/4637
f 4626/4626/4626 4638/4638/4638 4637/4637/4637
f 4626/4626/4626 4627/4627/4627 4638/4638/4638
f 4627/4627/4627 4639/4639/4639 4638/4638/4638
f 4627/4627/4627 4628/4628/4628 4639/4639/4639
f 4628/4628/4628 4640/4640/4640 4639/4639/4639
f 4628/4628/4628 4629/4629/4629 4640/4640/4640
f 4629/4629/4629 4641/4641/4641 4640/4640/4640
f 4629/4629/4629 4630/4630/4630 4641/4641/4641
f 4630/4630/4630 4642/4642/4642 4641/4641/4641
f 4630/4630/4630 4631/4631/4631 4642/4642/4642
f 4631/4631/4631 4643/4643/4643 4642/4642/4642
f 4631/4631/4631 4632/4632/4632 4643/4643/4643
f 4633/4633/4633 4645/4645/4645 4644/4644/4644
f 4633/4633/4633 4634/4634/4634 4645/4645/4645
f 4634/4634/4634 4646/4646/4646 4645/4645/4645
f 4634/4634/4634 4635/4635/4635 4646/4646/4646
f 4635/4635/4635 4647/4647/4647 4646/4646/4646
f 4635/4635/4635 4636/4636/4636 4647/4647/4647
f 4636/4636/4636 4648/4648/4648 4647/4647/4647
f 4636/4636/4636 4637/4637/4637 4648/4648/4648
f 4637/4637/4637 4649/4649/4649 4648/4648/4648
f 4637/4637/4637 4638/4638/4638 4649/4649/4649
f 4638/4638/4638 4650/4650/4650 4649/4649/4649
f 4638/4638/4638 4639/4639/4639 4650/4650/4650
f 4639/4639/4639 4651/4651/4651 4650/4650/4650
f 4639/4639/4639 4640/4640/4640 4651/4651/4651
f 4640/4640/4640 4652/4652/4652 4651/4651/4651
f 4640/4640/4640 4641/4641/4641 4652/4652/4652
f 4641/4641/4641 4653/4653/4653 4652/4652/4652
f 4641/4641/4641 4642/4642/4642 4653/4653/4653
f 4642/4642/4642 4654/4654/4654 4653/4653/4653
f 4642/4642/4642 4643/4643/4643 4654/4654/4654
f 4644/4644/4644 4656/4656/4656 4655/4655/4655
f 4644/4644/4644 4645/4645/4645 4656/4656/4656
f 4645/4645/4645 4657/4657/4657 4656/4656/4656
f 4645/4645/4645 4646/4646/4646 4657/4657/4657
f 4646/4646/4646 4658/4658/4658 4657/4657/4657
f 4646/4646/4646 4647/4647/4647 4658/4658/4658
f 4647/4647/4647 4659/4659/4659 4658/4658/4658
f 4647/4647/4647 4648/4648/4648 4659/4659/4659
f 4648/4648/4648 4660/4660/4660 4659/4659/4659
f 4648/4648/4648 4649/4649/4649 4660/4660/4660
f 4649/4649/4649 4661/4661/4661 4660/4660/4660
f 4649/4649/4649 4650/4650/4650 4661/4661/4661
f 4650/4650/4650 4662/4662/4662 4661/4661/4661
f 4650/4650/4650 4651/4651/4651 4662/4662/4662
f 4651/4651/4651 4663/4663/4663 4662/4662/4662
f 4651/4651/4651 4652/4652/4652 4663/4663/4663
f 4652/4652/4652 4664/4664/4664 4663/4663/4663
f 4652/4652/4652 4653/4653/4653 4664/4664/4664
f 4653/4653/4653 4665/4665/4665 4664/4664/4664
f 4653/4653/4653 4654/4654/4654 4665/4665/4665
f 4666/4666/4666 4655/4655/4655 4656/4656/4656
f 4666/4666/4666 4656/4656/4656 4657/4657/4657
f 4666/4666/4666 4657/4657/4657 4658/4658/4658
f 4666/4666/4666 4658/4658/4658 4659/4659/4659
f 4666/4666/4666 4659/4659/4659 4660/4660/4660
f 4666/4666/4666 4660/4660/4660 4661/4661/4661
f 4666/4666/4666 4661/4661/4661 4662/4662/4662
f 4666/4666/4666 4662/4662/4662 4663/4663/4663
f 4666/4666/4666 4663/4663/4663 4664/4664/4664
f 4666/4666/4666 4664/4664/4664 4665/4665/4665
f 4667/4667/4667 4675/4675/4675 4671/4671/4671
f 4667/4667/4667 4671/4671/4671 4681/4681/4681
f 4667/4667/4667 4681/4681/4681 4679/4679/4679
f 4667/4667/4667 4683/4683/4683 4669/4669/4669
f 4667/4667/4667 4669/4669/4669 4677/4677/4677
f 4667/4667/4667 4677/4677/4677 4675/4675/4675
f 4667/4667/4667 4679/4679/4679 4668/4668/4668
f 4667/4667/4667 4668/4668/4668 4684/4684/4684
f 4667/4667/4667 4684/4684/4684 4683/4683/4683
f 4675/4675/4675 4677/4677/4677 4673/4673/4673
f 4675/4675/4675 4673/4673/4673 4685/4685/4685
f 4675/4675/4675 4685/4685/4685 4671/4671/4671
f 4669/4669/4669 4680/4680/4680 4670/4670/4670
f 4669/4669/4669 4670/4670/4670 4678/4678/4678
f 4669/4669/4669 4678/4678/4678 4677/4677/4677
f 4669/4669/4669 4683/4683/4683 4684/4684/4684
f 4669/4669/4669 4684/4684/4684 4670/4670/4670
f 4669/4669/4669 4670/4670/4670 4680/4680/4680
f 4671/4671/4671 4685/4685/4685 4686/4686/4686
f 4671/4671/4671 4686/4686/4686 4672/4672/4672
f 4671/4671/4671 4672/4672/4672 4681/4681/4681
f 4673/4673/4673 4682/4682/4682 4674/4674/4674
f 4673/4673/4673 4674/4674/4674 4686/4686/4686
f 4673/4673/4673 4686/4686/4686 4685/4685/4685
f 4673/4673/4673 4677/4677/4677 4678/4678/4678
f 4673/4673/4673 4678/4678/4678 4674/4674/4674
f 4673/4673/4673 4674/4674/4674 4682/4682/4682
f 4668/4668/4668 4676/4676/4676 4672/4672/4672
f 4668/4668/4668 4672/4672/4672 4681/4681/4681
f 4668/4668/4668 4681/4681/4681 4679/4679/4679
f 4668/4668/4668 4684/4684/4684 4670/4670/4670
f 4668/4668/4668 4670/4670/4670 4678/4678/4678
f 4668/4668/4668 4678/4678/4678 4676/4676/4676
f 4672/4672/4672 4686/4686/4686 4674/4674/4674
f 4672/4672/4672 4674/4674/4674 4682/4682/4682
f 4672/4672/4672 4682/4682/4682 4676/4676/4676
f 4687/4687/4687 4699/4699/4699 4698/4698/4698
f 4687/4687/4687 4688/4688/4688 4699/4699/4699
f 4688/4688/4688 4700/4700/4700 4699/4699/4699
f 4688/4688/4688 4689/4689/4689 4700/4700/4700
f 4689/4689/4689 4701/4701/4701 4700/4700/4700
f 4689/4689/4689 4690/4690/4690 4701/4701/4701
f 4690/4690/4690 4702/4702/4702 4701/4701/4701
f 4690/4690/4690 4691/4691/4691 4702/4702/4702
f 4691/4691/4691 4703/4703/4703 4702/4702/4702
f 4691/4691/4691 4692/4692/4692 4703/4703/4703
f 4692/4692/4692 4704/4704/4704 4703/4703/4703
f 4692/4692/4692 4693/4693/4693 4704/4704/4704
f 4693/4693/4693 4705/4705/4705 4704/4704/4704
f 4693/4693/4693 4694/4694/4694 4705/4705/4705
f 4694/4694/4694 4706/4706/4706 4705/4705/4705
f 4694/4694/4694 4695/4695/4695 4706/4706/4706
f 4695/4695/4695 4707/4707/4707 4706/4706/4706
f 4695/4695/4695 4696/4696/4696 4707/4707/4707
f 4696/4696/4696 4708/4708/4708 4707/4707/4707
f 4696/4696/4696 4697/4697/4697 4708/4708/4708
f 4698/4698/4698 4710/4710/4710 4709/4709/4709
f 4698/4698/4698 4699/4699/4699 4710/4710/4710
f 4699/4699/4699 4711/4711/4711 4710/4710/4710
f 4699/4699/4699 4700/4700/4700 4711/4711/4711
f 4700/4700/4700 4712/4712/4712 4711/4711/4711
f 4700/4700/4700 4701/4701/4701 4712/4712/4712
f 4701/4701/4701 4713/4713/4713 4712/4712/4712
f 4701/4701/4701 4702/4702/4702 4713/4713/4713
f 4702/4702/4702 4714/4714/4714 4713/4713/4713
f 4702/4702/4702 4703/4703/4703 4714/4714/4714
f 4703/4703/4703 4715/4715/4715 4714/4714/4714
f 4703/4703/4703 4704/4704/4704 4715/4715/4715
f 4704/4704/4704 4716/4716/4716 4715/4715/4715
f 4704/4704/4704 4705/4705/4705 4716/4716/4716
f 4705/4705/4705 4717/4717/4717 4716/4716/4716
f 4705/4705/4705 4706/4706/4706 4717/4717/4717
f 4706/4706/4706 4718/4718/4718 4717/4717/4717
f 4706/4706/4706 4707/4707/4707 4718/4718/4718
f 4707/4707/4707 4719/4719/4719 4718/4718/4718
f 4707/4707/4707 4708/4708/4708 4719/4719/4719
f 4709/4709/4709 4721/4721/4721 4720/4720/4720
f 4709/4709/4709 4710/4710/4710 4721/4721/4721
f 4710/4710/4710 4722/4722/4722 4721/4721/4721
f 4710/4710/4710 4711/4711/4711 4722/4722/4722
f 4711/4711/4711 4723/4723/4723 4722/4722/4722
f 4711/4711/4711 4712/4712/4712 4723/4723/4723
f 4712/4712/4712 4724/4724/4724 4723/4723/4723
f 4712/4712/4712 4713/4713/4713 4724/4724/4724
f 4713/4713/4713 4725/4725/4725 4724/4724/4724
f 4713/4713/4713 4714/4714/4714 4725/4725/4725
f 4714/4714/4714 4726/4726/4726 4725/4725/4725
f 4714/4714/4714 4715/4715/4715 4726/4726/4726
f 4715/4715/4715 4727/4727/4727 4726/4726/4726
f 4715/4715/4715 4716/4716/4716 4727/4727/4727
f 4716/4716/4716 4728/4728/4728 4727/4727/4727
f 4716/4716/4716 4717/4717/4717 4728/4728/4728
f 4717/4717/4717 4729/4729/4729 4728/4728/4728
f 4717/4717/4717 4718/4718/4718 4729/4729/4729
f 4718/4718/4718 4730/4730/4730 4729/4729/4729
f 4718/4718/4718 4719/4719/4719 4730/4730/4730
f 4720/4720/4720 4732/4732/4732 4731/4731/4731
f 4720/4720/4720 4721/4721/4721 4732/4732/4732
f 4721/4721/4721 4733/4733/4733 4732/4732/4732
f 4721/4721/4721 4722/4722/4722 4733/4733/4733
f 4722/4722/4722 4734/4734/4734 4733/4733/4733
f 4722/4722/4722 4723/4723/4723 4734/4734/4734
f 4723/4723/4723 4735/4735/4735 4734/4734/4734
f 4723/4723/4723 4724/4724/4724 4735/4735/4735
f 4724/4724/4724 4736/4736/4736 4735/4735/4735
f 4724/4724/4724 4725/4725/4725 4736/4736/4736
f 4725/4725/4725 4737/4737/4737 4736/4736/4736
f 4725/4725/4725 4726/4726/4726 4737/4737/4737
f 4726/4726/4726 4738/4738/4738 4737/4737/4737
f 4726/4726/4726 4727/4727/4727 4738/4738/4738
f 4727/4727/4727 4739/4739/4739 4738/4738/4738
f 4727/4727/4727 4728/4728/4728 4739/4739/4739
f 4728/4728/4728 4740/4740/4740 4739/4739/4739
f 4728/4728/4728 4729/4729/4729 4740/4740/4740
f 4729/4729/4729 4741/4741/4741 4740/4740/4740
f 4729/4729/4729 4730/4730/4730 4741/4741/4741
f 4731/4731/4731 4743/4743/4743 4742/4742/4742
f 4731/4731/4731 4732/4732/4732 4743/4743/4743
f 4732/4732/4732 4744/4744/4744 4743/4743/4743
f 4732/4732/4732 4733/4733/4733 4744/4744/4744
f 4733/4733/4733 4745/4745/4745 4744/4744/4744
f 4733/4733/4733 4734/4734/4734 4745/4745/4745
f 4734/4734/4734 4746/4746/4746 4745/4745/4745
f 4734/4734/4734 4735/4735/4735 4746/4746/4746
f 4735/4735/4735 4747/4747/4747 4746/4746/4746
f 4735/4735/4735 4736/4736/4736 4747/4747/4747
f 4736/4736/4736 4748/4748/4748 4747/4747/4747
f 4736/4736/4736 4737/4737/4737 4748/4748/4748
f 4737/4737/4737 4749/4749/4749 4748/4748/4748
f 4737/4737/4737 4738/4738/4738 4749/4749/4749
f 4738/4738/4738 4750/4750/4750 4749/4749/4749
f 4738/4738/4738 4739/4739/4739 4750/4750/4750
f 4739/4739/4739 4751/4751/4751 4750/4750/4750
f 4739/4739/4739 4740/4740/4740 4751/4751/4751
f 4740/4740/4740 4752/4752/4752 4751/4751/4751
f 4740/4740/4740 4741/4741/4741 4752/4752/4752
f 4742/4742/4742 4754/4754/4754 4753/4753/4753
f 4742/4742/4742 4743/4743/4743 4754/4754/4754
f 4743/4743/4743 4755/4755/4755 4754/4754/4754
f 4743/4743/4743 4744/4744/4744 4755/4755/4755
f 4744/4744/4744 4756/4756/4756 4755/4755/4755
f 4744/4744/4744 4745/4745/4745 4756/4756/4756
f 4745/4745/4745 4757/4757/4757 4756/4756/4756
f 4745/4745/4745 4746/4746/4746 4757/4757/4757
f 4746/4746/4746 4758/4758/4758 4757/4757/4757
f 4746/4746/4746 4747/4747/4747 4758/4758/4758
f 4747/4747/4747 4759/4759/4759 4758/4758/4758
f 4747/4747/4747 4748/4748/4748 4759/4759/4759
f 4748/4748/4748 4760/4760/4760 4759/4759/4759
f 4748/4748/4748 4749/4749/4749 4760/4760/4760
f 4749/4749/4749 4761/4761/4761 4760/4760/4760
f 4749/4749/4749 4750/4750/4750 4761/4761/4761
f 4750/4750/4750 4762/4762/4762 4761/4761/4761
f 4750/4750/4750 4751/4751/4751 4762/4762/4762
f 4751/4751/4751 4763/4763/4763 4762/4762/4762
f 4751/4751/4751 4752/4752/4752 4763/4763/4763
f 4753/4753/4753 4765/4765/4765 4764/4764/4764
f 4753/4753/4753 4754/4754/4754 4765/4765/4765
f 4754/4754/4754 4766/4766/4766 4765/4765/4765
f 4754/4754/4754 4755/4755/4755 4766/4766/4766
f 4755/4755/4755 4767/4767/4767 4766/4766/4766
f 4755/4755/4755 4756/4756/4756 4767/4767/4767
f 4756/4756/4756 4768/4768/4768 4767/4767/4767
f 4756/4756/4756 4757/4757/4757 4768/4768/4768
f 4757/4757/4757 4769/4769/4769 4768/4768/4768
f 4757/4757/4757 4758/4758/4758 4769/4769/4769
f 4758/4758/4758 4770/4770/4770 4769/4769/4769
f 4758/4758/4758 4759/4759/4759 4770/4770/4770
f 4759/4759/4759 4771/4771/4771 4770/4770/4770
f 4759/4759/4759 4760/4760/4760 4771/4771/4771
f 4760/4760/4760 4772/4772/4772 4771/4771/4771
f 4760/4760/4760 4761/4761/4761 4772/4772/4772
f 4761/4761/4761 4773/4773/4773 4772/4772/4772
f 4761/4761/4761 4762/4762/4762 4773/4773/4773
f 4762/4762/4762 4774/4774/4774 4773/4773/4773
f 4762/4762/4762 4763/4763/4763 4774/4774/4774
f 4764/4764/4764 4776/4776/4776 4775/4775/4775
f 4764/4764/4764 4765/4765/4765 4776/4776/4776
f 4765/4765/4765 4777/4777/4777 4776/4776/4776
f 4765/4765/4765 4766/4766/4766 4777/4777/4777
f 4766/4766/4766 4778/4778/4778 4777/4777/4777
f 4766/4766/4766 4767/4767/4767 4778/4778/4778
f 4767/4767/4767 4779/4779/4779 4778/4778/4778
f 4767/4767/4767 4768/4768/4768 4779/4779/4779
f 4768/4768/4768 4780/4780/4780 4779/4779/4779
f 4768/4768/4768 4769/4769/4769 4780/4780/4780
f 4769/4769/4769 4781/4781/4781 4780/4780/4780
f 4769/4769/4769 4770/4770/4770 4781/4781/4781
f 4770/4770/4770 4782/4782/4782 4781/4781/4781
f 4770/4770/4770 4771/4771/4771 4782/4782/4782
f 4771/4771/4771 4783/4783/4783 4782/4782/4782
f 4771/4771/4771 4772/4772/4772 4783/4783/4783
f 4772/4772/4772 4784/4784/4784 4783/4783/4783
f 4772/4772/4772 4773/4773/4773 4784/4784/4784
f 4773/4773/4773 4785/4785/4785 4784/4784/4784
f 4773/4773/4773 4774/4774/4774 4785/4785/4785
f 4786/4786/4786 4775/4775/4775 4776/4776/4776
f 4786/4786/4786 4776/4776/4776 4777/4777/4777
f 4786/4786/4786 4777/4777/4777 4778/4778/4778
f 4786/4786/4786 4778/4778/4778 4779/4779/4779
f 4786/4786/4786 4779/4779/4779 4780/4780/4780
f 4786/4786/4786 4780/4780/4780 4781/4781/4781
f 4786/4786/4786 4781/4781/4781 4782/4782/4782
f 4786/4786/4786 4782/4782/4782 4783/4783/4783
f 4786/4786/4786 4783/4783/4783 4784/4784/4784
f 4786/4786/4786 4784/4784/4784 4785/4785/4785
f 4787/4787/4787 4795/4795/4795 4791/4791/4791
f 4787/4787/4787 4791/4791/4791 4801/4801/4801
f 4787/4787/4787 4801/4801/4801 4799/4799/4799
f 4787/4787/4787 4803/4803/4803 4789/4789/4789
f 4787/4787/4787 4789/4789/4789 4797/4797/4797
f 4787/4787/4787 4797/4797/4797 4795/4795/4795
f 4787/4787/4787 4799/4799/4799 4788/4788/4788
f 4787/4787/4787 4788/4788/4788 4804/4804/4804
f 4787/4787/4787 4804/4804/4804 4803/4803/4803
f 4795/4795/4795 4797/4797/4797 4793/4793/4793
f 4795/4795/4795 4793/4793/4793 4805/4805/4805
f 4795/4795/4795 4805/4805/4805 4791/4791/4791
f 4789/4789/4789 4800/4800/4800 4790/4790/4790
f 4789/4789/4789 4790/4790/4790 4798/4798/4798
f 4789/4789/4789 4798/4798/4798 4797/4797/4797
f 4789/4789/4789 4803/4803/4803 4804/4804/4804
f 4789/4789/4789 4804/4804/4804 4790/4790/4790
f 4789/4789/4789 4790/4790/4790 4800/4800/4800
f 4791/4791/4791 4805/4805/4805 4806/4806/4806
f 4791/4791/4791 4806/4806/4806 4792/4792/4792
f 4791/4791/4791 4792/4792/4792 4801/4801/4801
f 4793/4793/4793 4802/4802/4802 4794/4794/4794
f 4793/4793/4793 4794/4794/4794 4806/4806/4806
f 4793/4793/4793 4806/4806/4806 4805/4805/4805
f 4793/4793/4793 4797/4797/4797 4798/4798/4798
f 4793/4793/4793 4798/4798/4798 4794/4794/4794
f 4793/4793/4793 4794/4794/4794 4802/4802/4802
f 4788/4788/4788 4796/4796/4796 4792/4792/4792
f 4788/4788/4788 4792/4792/4792 4801/4801/4801
f 4788/4788/4788 4801/4801/4801 4799/4799/4799
f 4788/4788/4788 4804/4804/4804 4790/4790/4790
f 4788/4788/4788 4790/4790/4790 4798/4798/4798
f 4788/4788/4788 4798/4798/4798 4796/4796/4796
f 4792/4792/4792 4806/4806/4806 4794/4794/4794
f 4792/4792/4792 4794/4794/4794 4802/4802/4802
f 4792/4792/4792 4802/4802/4802 4796/4796/4796