# 3D Model: tree/gt_dragontree/tree_gt_dragontree_wc_29765656 (v6 Gemini)
# Style: dragon tree high candelabra rosettes | Symmetry: asymmetric
# Dimensions: 3.636 x 7.86 x 4.264 m
# Triangles: 4436 | Vertices: 2710
v 0.78 0 0
v 0.631 0 0.4585
v 0.241 0 0.7418
v -0.241 0 0.7418
v -0.631 0 0.4585
v -0.78 0 0
v -0.631 0 -0.4585
v -0.241 0 -0.7418
v 0.241 0 -0.7418
v 0.631 0 -0.4585
v 0.3 5.7162 0
v 0.2427 5.7162 0.1763
v 0.0927 5.7162 0.2853
v -0.0927 5.7162 0.2853
v -0.2427 5.7162 0.1763
v -0.3 5.7162 0
v -0.2427 5.7162 -0.1763
v -0.0927 5.7162 -0.2853
v 0.0927 5.7162 -0.2853
v 0.2427 5.7162 -0.1763
v 0 0 0
v 0 5.7162 0
v 0.85 0 0
v 0.6877 0 0.4996
v 0.2627 0 0.8084
v -0.2627 0 0.8084
v -0.6877 0 0.4996
v -0.85 0 0
v -0.6877 0 -0.4996
v -0.2627 0 -0.8084
v 0.2627 0 -0.8084
v 0.6877 0 -0.4996
v 0.612 0.55 0
v 0.4951 0.55 0.3597
v 0.1891 0.55 0.582
v -0.1891 0.55 0.582
v -0.4951 0.55 0.3597
v -0.612 0.55 0
v -0.4951 0.55 -0.3597
v -0.1891 0.55 -0.582
v 0.1891 0.55 -0.582
v 0.4951 0.55 -0.3597
v 0 0 0
v 0 0.55 0
v -0.0174 5.152 -0.1288
v 0.0091 5.0626 -0.094
v 0.0302 5.0256 -0.0041
v 0.0337 5.0626 0.0882
v 0.0174 5.152 0.1288
v -0.0091 5.2413 0.094
v -0.0302 5.2784 0.0041
v -0.0337 5.2413 -0.0882
v 0.7926 5.3481 -0.2013
v 0.8117 5.2837 -0.1762
v 0.8269 5.2571 -0.1115
v 0.8294 5.2837 -0.045
v 0.8176 5.3481 -0.0158
v 0.7986 5.4124 -0.0409
v 0.7834 5.439 -0.1056
v 0.7809 5.4124 -0.1721
v 0 5.152 0
v 0.8051 5.3481 -0.1085
v 0.7945 5.3481 -0.1878
v 0.835 5.2975 -0.1629
v 0.853 5.285 -0.097
v 0.835 5.32 -0.0398
v 0.7945 5.3761 -0.0344
v 0.762 5.4111 -0.0848
v 0.762 5.3986 -0.1531
v 1.5275 5.8842 -0.2641
v 1.5566 5.8478 -0.2461
v 1.5696 5.8388 -0.1987
v 1.5567 5.864 -0.1575
v 1.5275 5.9044 -0.1536
v 1.5041 5.9296 -0.1899
v 1.5041 5.9207 -0.239
v 0.8051 5.3481 -0.1085
v 1.5352 5.8842 -0.207
v 1.4418 5.7909 -0.3003
v 1.4418 5.7909 -0.1136
v 1.4418 5.9776 -0.3003
v 1.4418 5.9776 -0.1136
v 1.6285 5.7909 -0.3003
v 1.6285 5.7909 -0.1136
v 1.6285 5.9776 -0.3003
v 1.6285 5.9776 -0.1136
v 1.5352 5.8266 -0.358
v 1.5352 5.8266 -0.0559
v 1.5352 5.9419 -0.358
v 1.5352 5.9419 -0.0559
v 1.4775 5.7332 -0.207
v 1.4775 6.0353 -0.207
v 1.5929 5.7332 -0.207
v 1.5929 6.0353 -0.207
v 1.3841 5.8842 -0.2647
v 1.3841 5.8842 -0.1493
v 1.6862 5.8842 -0.2647
v 1.6862 5.8842 -0.1493
v 1.6922 6.3797 -0.1884
v 1.6922 6.3797 -0.1884
v 1.6922 6.3797 -0.1884
v 1.6922 6.3797 -0.1884
v 1.6922 6.3797 -0.1884
v 1.6922 6.3797 -0.1884
v 1.6922 6.3797 -0.1884
v 1.6922 6.3797 -0.1884
v 1.6922 6.3797 -0.1884
v 1.6922 6.3797 -0.1884
v 1.6922 6.3797 -0.1884
v 1.7302 6.3453 -0.1833
v 1.7061 6.3383 -0.113
v 1.676 6.3352 -0.0729
v 1.6514 6.3372 -0.0784
v 1.6418 6.3435 -0.1272
v 1.6507 6.3517 -0.2009
v 1.6749 6.3586 -0.2712
v 1.705 6.3617 -0.3113
v 1.7295 6.3598 -0.3058
v 1.7392 6.3535 -0.257
v 1.7302 6.3453 -0.1833
v 1.7591 6.2538 -0.1863
v 1.7145 6.2409 -0.0564
v 1.6589 6.2351 0.0176
v 1.6135 6.2388 0.0076
v 1.5957 6.2504 -0.0827
v 1.6122 6.2655 -0.2188
v 1.6568 6.2784 -0.3487
v 1.7124 6.2842 -0.4228
v 1.7578 6.2805 -0.4127
v 1.7756 6.2689 -0.3224
v 1.7591 6.2538 -0.1863
v 1.7744 6.119 -0.197
v 1.7162 6.1022 -0.0273
v 1.6435 6.0947 0.0695
v 1.5842 6.0995 0.0564
v 1.5609 6.1146 -0.0617
v 1.5825 6.1344 -0.2395
v 1.6408 6.1513 -0.4092
v 1.7134 6.1588 -0.506
v 1.7727 6.154 -0.4928
v 1.796 6.1388 -0.3748
v 1.7744 6.119 -0.197
v 1.7739 5.9616 -0.2137
v 1.7108 5.9434 -0.03
v 1.6322 5.9353 0.0747
v 1.568 5.9404 0.0605
v 1.5428 5.9568 -0.0672
v 1.5661 5.9783 -0.2597
v 1.6292 5.9965 -0.4434
v 1.7078 6.0046 -0.5482
v 1.772 5.9995 -0.534
v 1.7972 5.983 -0.4062
v 1.7739 5.9616 -0.2137
v 1.7575 5.8054 -0.234
v 1.6992 5.7886 -0.0643
v 1.6266 5.7811 0.0325
v 1.5673 5.7859 0.0194
v 1.544 5.801 -0.0986
v 1.5656 5.8208 -0.2764
v 1.6238 5.8377 -0.4462
v 1.6965 5.8452 -0.5429
v 1.7558 5.8404 -0.5298
v 1.7791 5.8252 -0.4118
v 1.7575 5.8054 -0.234
v 1.7278 5.6743 -0.2546
v 1.6832 5.6614 -0.1247
v 1.6276 5.6557 -0.0507
v 1.5822 5.6593 -0.0607
v 1.5644 5.671 -0.151
v 1.5809 5.6861 -0.2871
v 1.6255 5.699 -0.417
v 1.6811 5.7047 -0.4911
v 1.7265 5.7011 -0.481
v 1.7443 5.6895 -0.3907
v 1.7278 5.6743 -0.2546
v 1.6893 5.5882 -0.2725
v 1.6651 5.5812 -0.2023
v 1.635 5.5781 -0.1622
v 1.6105 5.5801 -0.1676
v 1.6008 5.5864 -0.2165
v 1.6098 5.5946 -0.2901
v 1.6339 5.6016 -0.3604
v 1.664 5.6047 -0.4005
v 1.6886 5.6027 -0.3951
v 1.6982 5.5964 -0.3462
v 1.6893 5.5882 -0.2725
v 1.6478 5.5602 -0.285
v 1.6478 5.5602 -0.285
v 1.6478 5.5602 -0.285
v 1.6478 5.5602 -0.285
v 1.6478 5.5602 -0.285
v 1.6478 5.5602 -0.285
v 1.6478 5.5602 -0.285
v 1.6478 5.5602 -0.285
v 1.6478 5.5602 -0.285
v 1.6478 5.5602 -0.285
v 1.6478 5.5602 -0.285
v 1.6458 6.3749 -0.0615
v 1.6458 6.3749 -0.0615
v 1.6458 6.3749 -0.0615
v 1.6458 6.3749 -0.0615
v 1.6458 6.3749 -0.0615
v 1.6458 6.3749 -0.0615
v 1.6458 6.3749 -0.0615
v 1.6458 6.3749 -0.0615
v 1.6458 6.3749 -0.0615
v 1.6458 6.3749 -0.0615
v 1.6458 6.3749 -0.0615
v 1.6485 6.3434 -0.1022
v 1.7178 6.3289 -0.0787
v 1.7573 6.3203 -0.0489
v 1.7519 6.3207 -0.0243
v 1.7036 6.3301 -0.0142
v 1.6309 6.3448 -0.0224
v 1.5616 6.3593 -0.0459
v 1.522 6.368 -0.0757
v 1.5275 6.3675 -0.1003
v 1.5757 6.3582 -0.1104
v 1.6485 6.3434 -0.1022
v 1.6383 6.255 -0.1383
v 1.7665 6.2283 -0.0949
v 1.8395 6.2122 -0.0399
v 1.8295 6.213 0.0056
v 1.7403 6.2304 0.0243
v 1.6059 6.2576 0.0091
v 1.4778 6.2844 -0.0344
v 1.4048 6.3004 -0.0893
v 1.4148 6.2996 -0.1349
v 1.504 6.2823 -0.1536
v 1.6383 6.255 -0.1383
v 1.6171 6.1232 -0.1643
v 1.7845 6.0883 -0.1076
v 1.8799 6.0673 -0.0358
v 1.8668 6.0684 0.0237
v 1.7503 6.091 0.0481
v 1.5747 6.1266 0.0282
v 1.4073 6.1616 -0.0285
v 1.3119 6.1825 -0.1004
v 1.3249 6.1815 -0.1599
v 1.4415 6.1588 -0.1843
v 1.6171 6.1232 -0.1643
v 1.5878 5.9681 -0.1763
v 1.7691 5.9303 -0.1149
v 1.8724 5.9076 -0.0372
v 1.8582 5.9087 0.0272
v 1.732 5.9332 0.0536
v 1.542 5.9718 0.032
v 1.3608 6.0096 -0.0294
v 1.2575 6.0323 -0.1071
v 1.2716 6.0311 -0.1715
v 1.3978 6.0066 -0.1979
v 1.5878 5.9681 -0.1763
v 1.5551 5.8132 -0.1725
v 1.7226 5.7783 -0.1158
v 1.818 5.7573 -0.0439
v 1.8049 5.7584 0.0156
v 1.6883 5.781 0.04
v 1.5128 5.8166 0.02
v 1.3453 5.8516 -0.0367
v 1.2499 5.8725 -0.1085
v 1.263 5.8715 -0.168
v 1.3796 5.8488 -0.1924
v 1.5551 5.8132 -0.1725
v 1.5239 5.6822 -0.1534
v 1.6521 5.6555 -0.1099
v 1.7251 5.6395 -0.055
v 1.7151 5.6403 -0.0094
v 1.6259 5.6576 0.0093
v 1.4915 5.6848 -0.006
v 1.3633 5.7116 -0.0494
v 1.2903 5.7276 -0.1044
v 1.3003 5.7268 -0.1499
v 1.3896 5.7095 -0.1686
v 1.5239 5.6822 -0.1534
v 1.4989 5.595 -0.1219
v 1.5683 5.5806 -0.0984
v 1.6078 5.5719 -0.0686
v 1.6024 5.5723 -0.044
v 1.5541 5.5817 -0.0339
v 1.4814 5.5965 -0.0421
v 1.412 5.6109 -0.0656
v 1.3725 5.6196 -0.0954
v 1.3779 5.6192 -0.12
v 1.4262 5.6098 -0.1301
v 1.4989 5.595 -0.1219
v 1.484 5.5649 -0.0828
v 1.484 5.5649 -0.0828
v 1.484 5.5649 -0.0828
v 1.484 5.5649 -0.0828
v 1.484 5.5649 -0.0828
v 1.484 5.5649 -0.0828
v 1.484 5.5649 -0.0828
v 1.484 5.5649 -0.0828
v 1.484 5.5649 -0.0828
v 1.484 5.5649 -0.0828
v 1.484 5.5649 -0.0828
v 1.4437 6.378 -0.2255
v 1.4437 6.378 -0.2255
v 1.4437 6.378 -0.2255
v 1.4437 6.378 -0.2255
v 1.4437 6.378 -0.2255
v 1.4437 6.378 -0.2255
v 1.4437 6.378 -0.2255
v 1.4437 6.378 -0.2255
v 1.4437 6.378 -0.2255
v 1.4437 6.378 -0.2255
v 1.4437 6.378 -0.2255
v 1.4007 6.3501 -0.2306
v 1.4234 6.3393 -0.3009
v 1.4526 6.3315 -0.341
v 1.4772 6.3295 -0.3356
v 1.4877 6.3342 -0.2867
v 1.4802 6.3437 -0.213
v 1.4575 6.3544 -0.1427
v 1.4283 6.3623 -0.1027
v 1.4037 6.3643 -0.1081
v 1.3932 6.3596 -0.157
v 1.4007 6.3501 -0.2306
v 1.3576 6.2643 -0.2276
v 1.3996 6.2445 -0.3575
v 1.4536 6.23 -0.4316
v 1.4989 6.2263 -0.4215
v 1.5184 6.235 -0.3312
v 1.5045 6.2526 -0.1951
v 1.4625 6.2724 -0.0652
v 1.4085 6.2869 0.0088
v 1.3631 6.2905 -0.0012
v 1.3437 6.2819 -0.0915
v 1.3576 6.2643 -0.2276
v 1.321 6.1338 -0.2169
v 1.3758 6.1078 -0.3867
v 1.4464 6.0889 -0.4834
v 1.5057 6.0841 -0.4703
v 1.5311 6.0954 -0.3523
v 1.5129 6.1184 -0.1745
v 1.4581 6.1443 -0.0048
v 1.3875 6.1633 0.092
v 1.3282 6.168 0.0789
v 1.3028 6.1568 -0.0391
v 1.321 6.1338 -0.2169
v 1.2965 5.9783 -0.2002
v 1.3558 5.9502 -0.3839
v 1.4322 5.9297 -0.4887
v 1.4964 5.9245 -0.4745
v 1.5239 5.9367 -0.3467
v 1.5042 5.9616 -0.1542
v 1.4448 5.9897 0.0295
v 1.3685 6.0102 0.1342
v 1.3043 6.0153 0.12
v 1.2768 6.0031 -0.0077
v 1.2965 5.9783 -0.2002
v 1.2878 5.8215 -0.18
v 1.3426 5.7956 -0.3497
v 1.4132 5.7766 -0.4465
v 1.4725 5.7718 -0.4333
v 1.4979 5.7831 -0.3153
v 1.4797 5.8061 -0.1375
v 1.4249 5.832 0.0322
v 1.3543 5.851 0.129
v 1.295 5.8557 0.1159
v 1.2696 5.8445 -0.0022
v 1.2878 5.8215 -0.18
v 1.2962 5.6873 -0.1593
v 1.3382 5.6675 -0.2892
v 1.3922 5.653 -0.3633
v 1.4376 5.6493 -0.3532
v 1.457 5.6579 -0.2629
v 1.4431 5.6755 -0.1268
v 1.4011 5.6954 0.0031
v 1.3471 5.7099 0.0771
v 1.3018 5.7135 0.0671
v 1.2823 5.7049 -0.0232
v 1.2962 5.6873 -0.1593
v 1.3205 5.5962 -0.1414
v 1.3432 5.5854 -0.2117
v 1.3724 5.5776 -0.2518
v 1.397 5.5756 -0.2463
v 1.4075 5.5803 -0.1975
v 1.4 5.5898 -0.1238
v 1.3773 5.6005 -0.0535
v 1.3481 5.6084 -0.0134
v 1.3235 5.6103 -0.0189
v 1.313 5.6057 -0.0677
v 1.3205 5.5962 -0.1414
v 1.3569 5.5619 -0.1289
v 1.3569 5.5619 -0.1289
v 1.3569 5.5619 -0.1289
v 1.3569 5.5619 -0.1289
v 1.3569 5.5619 -0.1289
v 1.3569 5.5619 -0.1289
v 1.3569 5.5619 -0.1289
v 1.3569 5.5619 -0.1289
v 1.3569 5.5619 -0.1289
v 1.3569 5.5619 -0.1289
v 1.3569 5.5619 -0.1289
v 1.4901 6.3827 -0.3525
v 1.4901 6.3827 -0.3525
v 1.4901 6.3827 -0.3525
v 1.4901 6.3827 -0.3525
v 1.4901 6.3827 -0.3525
v 1.4901 6.3827 -0.3525
v 1.4901 6.3827 -0.3525
v 1.4901 6.3827 -0.3525
v 1.4901 6.3827 -0.3525
v 1.4901 6.3827 -0.3525
v 1.4901 6.3827 -0.3525
v 1.4825 6.352 -0.3118
v 1.4117 6.3487 -0.3353
v 1.3713 6.3464 -0.365
v 1.3767 6.346 -0.3897
v 1.4259 6.3476 -0.3998
v 1.5 6.3505 -0.3915
v 1.5708 6.3538 -0.368
v 1.6112 6.3561 -0.3383
v 1.6058 6.3565 -0.3136
v 1.5566 6.3549 -0.3035
v 1.4825 6.352 -0.3118
v 1.4784 6.2631 -0.2757
v 1.3476 6.2571 -0.3191
v 1.2729 6.2529 -0.3741
v 1.2829 6.2521 -0.4196
v 1.3738 6.255 -0.4383
v 1.5108 6.2605 -0.423
v 1.6416 6.2665 -0.3796
v 1.7162 6.2707 -0.3246
v 1.7062 6.2715 -0.2791
v 1.6153 6.2686 -0.2604
v 1.4784 6.2631 -0.2757
v 1.4784 6.1296 -0.2496
v 1.3075 6.1218 -0.3064
v 1.21 6.1163 -0.3782
v 1.223 6.1152 -0.4377
v 1.3417 6.119 -0.4621
v 1.5207 6.1262 -0.4421
v 1.6916 6.134 -0.3854
v 1.7891 6.1395 -0.3136
v 1.776 6.1405 -0.2541
v 1.6573 6.1368 -0.2297
v 1.4784 6.1296 -0.2496
v 1.4825 5.9718 -0.2376
v 1.2975 5.9633 -0.299
v 1.192 5.9574 -0.3768
v 1.2061 5.9562 -0.4411
v 1.3346 5.9603 -0.4676
v 1.5283 5.9681 -0.446
v 1.7133 5.9766 -0.3846
v 1.8189 5.9825 -0.3068
v 1.8047 5.9836 -0.2425
v 1.6762 5.9795 -0.216
v 1.4825 5.9718 -0.2376
v 1.4901 5.8137 -0.2415
v 1.3192 5.8059 -0.2982
v 1.2217 5.8004 -0.37
v 1.2348 5.7993 -0.4295
v 1.3535 5.8031 -0.4539
v 1.5325 5.8103 -0.434
v 1.7034 5.8181 -0.3772
v 1.8009 5.8236 -0.3054
v 1.7878 5.8247 -0.2459
v 1.6691 5.8209 -0.2215
v 1.4901 5.8137 -0.2415
v 1.5001 5.6794 -0.2606
v 1.3693 5.6734 -0.304
v 1.2946 5.6692 -0.359
v 1.3047 5.6684 -0.4045
v 1.3955 5.6713 -0.4232
v 1.5325 5.6768 -0.4079
v 1.6633 5.6828 -0.3645
v 1.7379 5.687 -0.3095
v 1.7279 5.6878 -0.264
v 1.6371 5.6849 -0.2453
v 1.5001 5.6794 -0.2606
v 1.5108 5.5893 -0.2921
v 1.4401 5.5861 -0.3156
v 1.3997 5.5838 -0.3453
v 1.4051 5.5834 -0.37
v 1.4543 5.5849 -0.3801
v 1.5284 5.5879 -0.3718
v 1.5992 5.5912 -0.3483
v 1.6396 5.5934 -0.3186
v 1.6341 5.5939 -0.2939
v 1.585 5.5923 -0.2838
v 1.5108 5.5893 -0.2921
v 1.5208 5.5572 -0.3311
v 1.5208 5.5572 -0.3311
v 1.5208 5.5572 -0.3311
v 1.5208 5.5572 -0.3311
v 1.5208 5.5572 -0.3311
v 1.5208 5.5572 -0.3311
v 1.5208 5.5572 -0.3311
v 1.5208 5.5572 -0.3311
v 1.5208 5.5572 -0.3311
v 1.5208 5.5572 -0.3311
v 1.5208 5.5572 -0.3311
v 0.1278 4.8416 -0.0239
v 0.0938 4.7516 0.0015
v 0.0049 4.7143 0.026
v -0.0869 4.7516 0.0353
v -0.1278 4.8416 0.0239
v -0.0938 4.9316 -0.0015
v -0.0049 4.9689 -0.026
v 0.0869 4.9316 -0.0353
v 0.2216 4.9879 0.6752
v 0.1971 4.923 0.6934
v 0.1331 4.8962 0.7111
v 0.067 4.923 0.7178
v 0.0376 4.9879 0.7096
v 0.0621 5.0527 0.6913
v 0.1261 5.0795 0.6737
v 0.1922 5.0527 0.667
v 0 4.8416 0
v 0.1296 4.9879 0.6924
v 0.2082 4.9879 0.6777
v 0.1837 4.9316 0.71
v 0.1184 4.9177 0.7291
v 0.0615 4.9566 0.7205
v 0.056 5.0191 0.6908
v 0.1058 5.058 0.6622
v 0.1736 5.0441 0.6564
v 0.4237 5.6137 1.9504
v 0.406 5.5732 1.9737
v 0.359 5.5632 1.9875
v 0.3181 5.5912 1.9813
v 0.3141 5.6362 1.9599
v 0.35 5.6642 1.9393
v 0.3988 5.6542 1.9351
v 0.1296 4.9879 0.6924
v 0.3671 5.6137 1.961
v 0.2691 5.5157 1.863
v 0.2691 5.5157 2.059
v 0.2691 5.7117 1.863
v 0.2691 5.7117 2.059
v 0.4651 5.5157 1.863
v 0.4651 5.5157 2.059
v 0.4651 5.7117 1.863
v 0.4651 5.7117 2.059
v 0.3671 5.5531 1.8025
v 0.3671 5.5531 2.1196
v 0.3671 5.6743 1.8025
v 0.3671 5.6743 2.1196
v 0.3065 5.4551 1.961
v 0.3065 5.7723 1.961
v 0.4276 5.4551 1.961
v 0.4276 5.7723 1.961
v 0.2085 5.6137 1.9005
v 0.2085 5.6137 2.0216
v 0.5256 5.6137 1.9005
v 0.5256 5.6137 2.0216
v 0.4656 5.9883 2.1108
v 0.4656 5.9883 2.1108
v 0.4656 5.9883 2.1108
v 0.4656 5.9883 2.1108
v 0.4656 5.9883 2.1108
v 0.4656 5.9883 2.1108
v 0.4656 5.9883 2.1108
v 0.4656 5.9883 2.1108
v 0.4656 5.9883 2.1108
v 0.4656 5.9883 2.1108
v 0.4656 5.9883 2.1108
v 0.4739 5.9637 2.0606
v 0.5388 5.95 2.0882
v 0.5739 5.9419 2.124
v 0.5659 5.9425 2.1546
v 0.5177 5.9517 2.1682
v 0.4478 5.9658 2.1596
v 0.3829 5.9796 2.1321
v 0.3478 5.9877 2.0962
v 0.3559 5.987 2.0656
v 0.4041 5.9779 2.052
v 0.4739 5.9637 2.0606
v 0.4717 5.8958 2.0166
v 0.5916 5.8704 2.0674
v 0.6565 5.8555 2.1338
v 0.6416 5.8567 2.1903
v 0.5526 5.8735 2.2153
v 0.4235 5.8997 2.1994
v 0.3036 5.9251 2.1486
v 0.2387 5.94 2.0822
v 0.2536 5.9389 2.0258
v 0.3426 5.922 2.0007
v 0.4717 5.8958 2.0166
v 0.4591 5.7949 1.9855
v 0.6158 5.7617 2.0519
v 0.7006 5.7422 2.1385
v 0.6811 5.7437 2.2123
v 0.5649 5.7658 2.2451
v 0.3962 5.8 2.2243
v 0.2395 5.8332 2.1579
v 0.1547 5.8527 2.0712
v 0.1742 5.8511 1.9974
v 0.2904 5.8291 1.9646
v 0.4591 5.7949 1.9855
v 0.4382 5.6764 1.9719
v 0.6078 5.6404 2.0438
v 0.6996 5.6193 2.1376
v 0.6785 5.621 2.2175
v 0.5527 5.6449 2.253
v 0.3701 5.6818 2.2304
v 0.2005 5.7178 2.1585
v 0.1087 5.7389 2.0647
v 0.1298 5.7372 1.9848
v 0.2556 5.7133 1.9494
v 0.4382 5.6764 1.9719
v 0.4121 5.5582 1.9781
v 0.5688 5.5251 2.0445
v 0.6536 5.5055 2.1312
v 0.6341 5.5071 2.205
v 0.5179 5.5291 2.2377
v 0.3492 5.5633 2.2169
v 0.1925 5.5965 2.1505
v 0.1077 5.616 2.0638
v 0.1272 5.6145 1.99
v 0.2434 5.5924 1.9573
v 0.4121 5.5582 1.9781
v 0.3848 5.4585 2.003
v 0.5047 5.4331 2.0538
v 0.5696 5.4182 2.1201
v 0.5547 5.4194 2.1766
v 0.4657 5.4362 2.2017
v 0.3366 5.4624 2.1857
v 0.2167 5.4878 2.1349
v 0.1518 5.5027 2.0686
v 0.1667 5.5016 2.0121
v 0.2557 5.4847 1.987
v 0.3848 5.4585 2.003
v 0.3605 5.3924 2.0428
v 0.4254 5.3786 2.0703
v 0.4605 5.3705 2.1062
v 0.4524 5.3712 2.1368
v 0.4042 5.3803 2.1503
v 0.3344 5.3945 2.1417
v 0.2695 5.4082 2.1142
v 0.2344 5.4163 2.0783
v 0.2424 5.4157 2.0477
v 0.2906 5.4065 2.0342
v 0.3605 5.3924 2.0428
v 0.3427 5.3699 2.0915
v 0.3427 5.3699 2.0915
v 0.3427 5.3699 2.0915
v 0.3427 5.3699 2.0915
v 0.3427 5.3699 2.0915
v 0.3427 5.3699 2.0915
v 0.3427 5.3699 2.0915
v 0.3427 5.3699 2.0915
v 0.3427 5.3699 2.0915
v 0.3427 5.3699 2.0915
v 0.3427 5.3699 2.0915
v 0.2616 5.9905 1.9616
v 0.2616 5.9905 1.9616
v 0.2616 5.9905 1.9616
v 0.2616 5.9905 1.9616
v 0.2616 5.9905 1.9616
v 0.2616 5.9905 1.9616
v 0.2616 5.9905 1.9616
v 0.2616 5.9905 1.9616
v 0.2616 5.9905 1.9616
v 0.2616 5.9905 1.9616
v 0.2616 5.9905 1.9616
v 0.2096 5.9707 1.9513
v 0.2364 5.96 1.8855
v 0.2717 5.9519 1.8499
v 0.3022 5.9495 1.8579
v 0.3162 5.9536 1.9067
v 0.3082 5.9628 1.9775
v 0.2815 5.9735 2.0433
v 0.2461 5.9816 2.0789
v 0.2157 5.9841 2.0708
v 0.2017 5.9799 2.0221
v 0.2096 5.9707 1.9513
v 0.1603 5.9066 1.9481
v 0.2097 5.8868 1.8266
v 0.2751 5.8718 1.7607
v 0.3314 5.8673 1.7756
v 0.3571 5.875 1.8657
v 0.3425 5.892 1.9965
v 0.2931 5.9117 2.118
v 0.2278 5.9267 2.1839
v 0.1715 5.9312 2.169
v 0.1457 5.9235 2.0789
v 0.1603 5.9066 1.9481
v 0.1212 5.8078 1.9526
v 0.1857 5.782 1.7937
v 0.2711 5.7624 1.7076
v 0.3447 5.7565 1.7272
v 0.3783 5.7666 1.8449
v 0.3592 5.7887 2.0157
v 0.2947 5.8145 2.1746
v 0.2093 5.8341 2.2606
v 0.1357 5.84 2.2411
v 0.1021 5.83 2.1234
v 0.1212 5.8078 1.9526
v 0.0981 5.6894 1.9639
v 0.168 5.6615 1.792
v 0.2604 5.6403 1.6988
v 0.34 5.6339 1.72
v 0.3764 5.6448 1.8473
v 0.3558 5.6688 2.0323
v 0.2859 5.6967 2.2042
v 0.1935 5.7179 2.2974
v 0.1138 5.7243 2.2763
v 0.0774 5.7134 2.1489
v 0.0981 5.6894 1.9639
v 0.0946 5.5695 1.9805
v 0.1592 5.5437 1.8217
v 0.2446 5.5241 1.7356
v 0.3181 5.5182 1.7551
v 0.3518 5.5282 1.8728
v 0.3327 5.5504 2.0437
v 0.2681 5.5762 2.2025
v 0.1828 5.5958 2.2886
v 0.1092 5.6017 2.2691
v 0.0755 5.5917 2.1514
v 0.0946 5.5695 1.9805
v 0.1113 5.4662 1.9997
v 0.1607 5.4465 1.8782
v 0.2261 5.4315 1.8123
v 0.2824 5.427 1.8272
v 0.3081 5.4347 1.9173
v 0.2935 5.4516 2.0481
v 0.2441 5.4714 2.1697
v 0.1788 5.4864 2.2355
v 0.1225 5.4909 2.2206
v 0.0967 5.4832 2.1305
v 0.1113 5.4662 1.9997
v 0.1456 5.3954 2.0187
v 0.1724 5.3847 1.953
v 0.2077 5.3766 1.9173
v 0.2382 5.3741 1.9254
v 0.2521 5.3783 1.9741
v 0.2442 5.3875 2.0449
v 0.2175 5.3982 2.1107
v 0.1821 5.4063 2.1464
v 0.1516 5.4087 2.1383
v 0.1377 5.4046 2.0895
v 0.1456 5.3954 2.0187
v 0.1923 5.3677 2.0346
v 0.1923 5.3677 2.0346
v 0.1923 5.3677 2.0346
v 0.1923 5.3677 2.0346
v 0.1923 5.3677 2.0346
v 0.1923 5.3677 2.0346
v 0.1923 5.3677 2.0346
v 0.1923 5.3677 2.0346
v 0.1923 5.3677 2.0346
v 0.1923 5.3677 2.0346
v 0.1923 5.3677 2.0346
v 0.3186 5.9942 1.8112
v 0.3186 5.9942 1.8112
v 0.3186 5.9942 1.8112
v 0.3186 5.9942 1.8112
v 0.3186 5.9942 1.8112
v 0.3186 5.9942 1.8112
v 0.3186 5.9942 1.8112
v 0.3186 5.9942 1.8112
v 0.3186 5.9942 1.8112
v 0.3186 5.9942 1.8112
v 0.3186 5.9942 1.8112
v 0.3064 5.9712 1.8614
v 0.2402 5.968 1.8339
v 0.2042 5.9656 1.798
v 0.2123 5.9649 1.7674
v 0.2613 5.9663 1.7539
v 0.3325 5.9691 1.7625
v 0.3988 5.9724 1.79
v 0.4348 5.9748 1.8259
v 0.4267 5.9754 1.8565
v 0.3777 5.9741 1.87
v 0.3064 5.9712 1.8614
v 0.2979 5.9038 1.9055
v 0.1754 5.8978 1.8546
v 0.109 5.8934 1.7883
v 0.1239 5.8922 1.7318
v 0.2144 5.8947 1.7067
v 0.3461 5.8999 1.7227
v 0.4685 5.9059 1.7735
v 0.5349 5.9104 1.8398
v 0.52 5.9115 1.8963
v 0.4295 5.909 1.9214
v 0.2979 5.9038 1.9055
v 0.2941 5.8022 1.9366
v 0.1342 5.7944 1.8702
v 0.0474 5.7886 1.7835
v 0.0668 5.787 1.7097
v 0.1852 5.7903 1.677
v 0.3571 5.7971 1.6978
v 0.5171 5.8049 1.7642
v 0.6039 5.8107 1.8509
v 0.5845 5.8123 1.9247
v 0.4661 5.809 1.9574
v 0.2941 5.8022 1.9366
v 0.2959 5.6818 1.9501
v 0.1228 5.6734 1.8782
v 0.0288 5.6671 1.7844
v 0.0499 5.6654 1.7046
v 0.1779 5.669 1.6691
v 0.3641 5.6764 1.6916
v 0.5372 5.6848 1.7635
v 0.6312 5.6911 1.8573
v 0.6101 5.6928 1.9372
v 0.4821 5.6892 1.9727
v 0.2959 5.6818 1.9501
v 0.3028 5.5611 1.944
v 0.1429 5.5533 1.8776
v 0.0561 5.5475 1.7909
v 0.0755 5.5459 1.7171
v 0.1938 5.5492 1.6844
v 0.3658 5.556 1.7052
v 0.5258 5.5638 1.7716
v 0.6126 5.5696 1.8583
v 0.5931 5.5712 1.9321
v 0.4748 5.5679 1.9648
v 0.3028 5.5611 1.944
v 0.3139 5.4583 1.9191
v 0.1915 5.4523 1.8683
v 0.125 5.4479 1.8019
v 0.1399 5.4467 1.7455
v 0.2305 5.4492 1.7204
v 0.3621 5.4544 1.7363
v 0.4846 5.4604 1.7872
v 0.551 5.4648 1.8535
v 0.5361 5.466 1.91
v 0.4455 5.4635 1.935
v 0.3139 5.4583 1.9191
v 0.3274 5.3891 1.8793
v 0.2612 5.3858 1.8518
v 0.2252 5.3835 1.8159
v 0.2333 5.3828 1.7853
v 0.2823 5.3842 1.7717
v 0.3535 5.387 1.7803
v 0.4198 5.3902 1.8079
v 0.4558 5.3926 1.8438
v 0.4477 5.3933 1.8743
v 0.3987 5.3919 1.8879
v 0.3274 5.3891 1.8793
v 0.3414 5.3641 1.8305
v 0.3414 5.3641 1.8305
v 0.3414 5.3641 1.8305
v 0.3414 5.3641 1.8305
v 0.3414 5.3641 1.8305
v 0.3414 5.3641 1.8305
v 0.3414 5.3641 1.8305
v 0.3414 5.3641 1.8305
v 0.3414 5.3641 1.8305
v 0.3414 5.3641 1.8305
v 0.3414 5.3641 1.8305
v 0.5226 5.992 1.9605
v 0.5226 5.992 1.9605
v 0.5226 5.992 1.9605
v 0.5226 5.992 1.9605
v 0.5226 5.992 1.9605
v 0.5226 5.992 1.9605
v 0.5226 5.992 1.9605
v 0.5226 5.992 1.9605
v 0.5226 5.992 1.9605
v 0.5226 5.992 1.9605
v 0.5226 5.992 1.9605
v 0.5707 5.9642 1.9708
v 0.5426 5.9579 2.0365
v 0.5064 5.9556 2.0722
v 0.476 5.958 2.0641
v 0.4629 5.9643 2.0154
v 0.4721 5.9721 1.9446
v 0.5002 5.9784 1.8788
v 0.5364 5.9808 1.8431
v 0.5669 5.9784 1.8512
v 0.58 5.972 1.9
v 0.5707 5.9642 1.9708
v 0.6092 5.8931 1.9739
v 0.5573 5.8814 2.0955
v 0.4904 5.877 2.1614
v 0.4341 5.8816 2.1464
v 0.4099 5.8933 2.0564
v 0.427 5.9077 1.9256
v 0.4789 5.9193 1.804
v 0.5458 5.9237 1.7381
v 0.6021 5.9192 1.7531
v 0.6263 5.9075 1.8432
v 0.6092 5.8931 1.9739
v 0.6321 5.7893 1.9695
v 0.5643 5.7741 2.1283
v 0.4769 5.7684 2.2144
v 0.4033 5.7743 2.1949
v 0.3717 5.7896 2.0772
v 0.3941 5.8084 1.9063
v 0.4619 5.8236 1.7475
v 0.5493 5.8293 1.6614
v 0.6229 5.8234 1.6809
v 0.6545 5.8081 1.7986
v 0.6321 5.7893 1.9695
v 0.6361 5.6688 1.9582
v 0.5626 5.6523 2.1301
v 0.468 5.6461 2.2232
v 0.3884 5.6525 2.2021
v 0.3541 5.669 2.0747
v 0.3784 5.6894 1.8898
v 0.4518 5.7059 1.7179
v 0.5464 5.7121 1.6247
v 0.6261 5.7057 1.6458
v 0.6603 5.6892 1.7732
v 0.6361 5.6688 1.9582
v 0.6204 5.5498 1.9416
v 0.5525 5.5346 2.1004
v 0.4651 5.5289 2.1865
v 0.3915 5.5348 2.167
v 0.3599 5.5501 2.0493
v 0.3823 5.5689 1.8784
v 0.4501 5.5841 1.7196
v 0.5375 5.5898 1.6335
v 0.6111 5.5839 1.653
v 0.6427 5.5687 1.7707
v 0.6204 5.5498 1.9416
v 0.5874 5.4505 1.9223
v 0.5355 5.4389 2.0439
v 0.4686 5.4345 2.1098
v 0.4123 5.439 2.0948
v 0.3881 5.4507 2.0048
v 0.4052 5.4652 1.874
v 0.4572 5.4768 1.7524
v 0.5241 5.4812 1.6865
v 0.5804 5.4767 1.7015
v 0.6046 5.465 1.7915
v 0.5874 5.4505 1.9223
v 0.5423 5.3861 1.9033
v 0.5142 5.3798 1.9691
v 0.478 5.3774 2.0048
v 0.4475 5.3798 1.9967
v 0.4344 5.3862 1.9479
v 0.4437 5.394 1.8771
v 0.4718 5.4003 1.8114
v 0.508 5.4026 1.7757
v 0.5385 5.4002 1.7838
v 0.5516 5.3939 1.8325
v 0.5423 5.3861 1.9033
v 0.4918 5.3662 1.8875
v 0.4918 5.3662 1.8875
v 0.4918 5.3662 1.8875
v 0.4918 5.3662 1.8875
v 0.4918 5.3662 1.8875
v 0.4918 5.3662 1.8875
v 0.4918 5.3662 1.8875
v 0.4918 5.3662 1.8875
v 0.4918 5.3662 1.8875
v 0.4918 5.3662 1.8875
v 0.4918 5.3662 1.8875
v 0.0883 4.5781 0.0954
v 0.0451 4.4893 0.0836
v -0.0246 4.4525 0.0228
v -0.0799 4.4893 -0.0513
v -0.0883 4.5781 -0.0954
v -0.0451 4.6669 -0.0836
v 0.0246 4.7037 -0.0228
v 0.0799 4.6669 0.0513
v -0.5006 4.7834 0.5912
v -0.5317 4.7195 0.5827
v -0.5819 4.693 0.539
v -0.6217 4.7195 0.4856
v -0.6278 4.7834 0.4539
v -0.5966 4.8474 0.4624
v -0.5465 4.8739 0.5062
v -0.5067 4.8474 0.5595
v 0 4.5781 0
v -0.5642 4.7834 0.5226
v -0.5098 4.7834 0.5813
v -0.5662 4.7446 0.5925
v -0.6211 4.735 0.5511
v -0.6331 4.7619 0.4882
v -0.5932 4.805 0.4512
v -0.5314 4.8319 0.468
v -0.4943 4.8223 0.5258
v -1.031 5.654 1.0335
v -1.0716 5.6261 1.0415
v -1.1111 5.6192 1.0117
v -1.1197 5.6385 0.9665
v -1.091 5.6696 0.9398
v -1.0465 5.6889 0.9519
v -1.0198 5.682 0.9936
v -0.5642 4.7834 0.5226
v -1.0701 5.654 0.9912
v -1.1617 5.5624 0.8996
v -1.1617 5.5624 1.0828
v -1.1617 5.7457 0.8996
v -1.1617 5.7457 1.0828
v -0.9785 5.5624 0.8996
v -0.9785 5.5624 1.0828
v -0.9785 5.7457 0.8996
v -0.9785 5.7457 1.0828
v -1.0701 5.5974 0.843
v -1.0701 5.5974 1.1395
v -1.0701 5.7107 0.843
v -1.0701 5.7107 1.1395
v -1.1267 5.5058 0.9912
v -1.1267 5.8023 0.9912
v -1.0135 5.5058 0.9912
v -1.0135 5.8023 0.9912
v -1.2183 5.654 0.9346
v -1.2183 5.654 1.0478
v -0.9219 5.654 0.9346
v -0.9219 5.654 1.0478
v -1.1004 6.1425 1.0507
v -1.1004 6.1425 1.0507
v -1.1004 6.1425 1.0507
v -1.1004 6.1425 1.0507
v -1.1004 6.1425 1.0507
v -1.1004 6.1425 1.0507
v -1.1004 6.1425 1.0507
v -1.1004 6.1425 1.0507
v -1.1004 6.1425 1.0507
v -1.1004 6.1425 1.0507
v -1.1004 6.1425 1.0507
v -1.1387 6.1144 1.0209
v -1.087 6.1023 0.9798
v -1.0424 6.0938 0.9668
v -1.0219 6.0921 0.9869
v -1.0333 6.098 1.0323
v -1.0723 6.1091 1.0858
v -1.1239 6.1212 1.1269
v -1.1686 6.1297 1.1399
v -1.1891 6.1314 1.1198
v -1.1777 6.1255 1.0743
v -1.1387 6.1144 1.0209
v -1.1813 6.0292 1.001
v -1.0858 6.0068 0.9251
v -1.0034 5.9911 0.9011
v -0.9655 5.9881 0.9381
v -0.9866 5.9989 1.0221
v -1.0586 6.0194 1.1209
v -1.1541 6.0418 1.1969
v -1.2365 6.0576 1.2209
v -1.2744 6.0606 1.1838
v -1.2533 6.0498 1.0998
v -1.1813 6.0292 1.001
v -1.2217 5.8999 0.994
v -1.097 5.8706 0.8948
v -0.9894 5.8501 0.8635
v -0.9398 5.8461 0.9119
v -0.9674 5.8602 1.0216
v -1.0615 5.8871 1.1507
v -1.1862 5.9163 1.2499
v -1.2939 5.9369 1.2813
v -1.3434 5.9409 1.2328
v -1.3158 5.9267 1.1231
v -1.2217 5.8999 0.994
v -1.2539 5.7461 1.001
v -1.1189 5.7144 0.8936
v -1.0023 5.6922 0.8597
v -0.9487 5.6879 0.9121
v -0.9786 5.7031 1.0309
v -1.0804 5.7322 1.1707
v -1.2154 5.7639 1.278
v -1.3319 5.7861 1.312
v -1.3855 5.7904 1.2595
v -1.3557 5.7751 1.1407
v -1.2539 5.7461 1.001
v -1.2728 5.5912 1.0209
v -1.1481 5.5619 0.9217
v -1.0404 5.5414 0.8904
v -0.9909 5.5374 0.9388
v -1.0184 5.5515 1.0485
v -1.1125 5.5784 1.1777
v -1.2372 5.6077 1.2768
v -1.3449 5.6282 1.3082
v -1.3945 5.6322 1.2598
v -1.3669 5.618 1.15
v -1.2728 5.5912 1.0209
v -1.2757 5.4589 1.0507
v -1.1802 5.4365 0.9748
v -1.0978 5.4207 0.9508
v -1.0599 5.4177 0.9879
v -1.081 5.4285 1.0719
v -1.153 5.449 1.1707
v -1.2484 5.4714 1.2466
v -1.3309 5.4872 1.2706
v -1.3688 5.4902 1.2335
v -1.3477 5.4794 1.1495
v -1.2757 5.4589 1.0507
v -1.262 5.3692 1.0859
v -1.2103 5.3571 1.0448
v -1.1657 5.3485 1.0318
v -1.1452 5.3469 1.0518
v -1.1566 5.3527 1.0973
v -1.1956 5.3639 1.1508
v -1.2473 5.376 1.1919
v -1.2919 5.3845 1.2049
v -1.3124 5.3861 1.1848
v -1.301 5.3803 1.1393
v -1.262 5.3692 1.0859
v -1.2339 5.3358 1.121
v -1.2339 5.3358 1.121
v -1.2339 5.3358 1.121
v -1.2339 5.3358 1.121
v -1.2339 5.3358 1.121
v -1.2339 5.3358 1.121
v -1.2339 5.3358 1.121
v -1.2339 5.3358 1.121
v -1.2339 5.3358 1.121
v -1.2339 5.3358 1.121
v -1.2339 5.3358 1.121
v -1.1672 6.148 0.8599
v -1.1672 6.148 0.8599
v -1.1672 6.148 0.8599
v -1.1672 6.148 0.8599
v -1.1672 6.148 0.8599
v -1.1672 6.148 0.8599
v -1.1672 6.148 0.8599
v -1.1672 6.148 0.8599
v -1.1672 6.148 0.8599
v -1.1672 6.148 0.8599
v -1.1672 6.148 0.8599
v -1.1994 6.1195 0.8958
v -1.241 6.1148 0.8433
v -1.2543 6.111 0.7982
v -1.2343 6.1094 0.7776
v -1.1886 6.1106 0.7895
v -1.1347 6.1143 0.8292
v -1.0931 6.1189 0.8817
v -1.0797 6.1228 0.9268
v -1.0997 6.1244 0.9474
v -1.1454 6.1231 0.9355
v -1.1994 6.1195 0.8958
v -1.2263 6.033 0.9315
v -1.3031 6.0244 0.8345
v -1.3278 6.0173 0.7511
v -1.2908 6.0143 0.7131
v -1.2064 6.0167 0.735
v -1.1067 6.0235 0.8084
v -1.0298 6.0321 0.9053
v -1.0052 6.0392 0.9887
v -1.0422 6.0422 1.0268
v -1.1266 6.0398 1.0049
v -1.2263 6.033 0.9315
v -1.2438 5.9019 0.9614
v -1.3442 5.8906 0.8348
v -1.3764 5.8813 0.7258
v -1.3281 5.8774 0.6761
v -1.2178 5.8805 0.7047
v -1.0875 5.8893 0.8007
v -0.9871 5.9006 0.9273
v -0.9549 5.9099 1.0363
v -1.0032 5.9138 1.086
v -1.1136 5.9107 1.0574
v -1.2438 5.9019 0.9614
v -1.2493 5.7459 0.9812
v -1.358 5.7338 0.8441
v -1.3928 5.7237 0.7262
v -1.3405 5.7195 0.6724
v -1.2211 5.7228 0.7033
v -1.0801 5.7324 0.8072
v -0.9715 5.7445 0.9442
v -0.9366 5.7546 1.0622
v -0.9889 5.7588 1.116
v -1.1083 5.7555 1.085
v -1.2493 5.7459 0.9812
v -1.2419 5.5889 0.9877
v -1.3423 5.5777 0.861
v -1.3745 5.5684 0.7521
v -1.3262 5.5645 0.7024
v -1.2159 5.5676 0.731
v -1.0856 5.5764 0.8269
v -0.9852 5.5876 0.9535
v -0.953 5.597 1.0625
v -1.0013 5.6009 1.1122
v -1.1116 5.5978 1.0836
v -1.2419 5.5889 0.9877
v -1.2227 5.4548 0.98
v -1.2996 5.4462 0.883
v -1.3242 5.4391 0.7996
v -1.2873 5.4361 0.7616
v -1.2028 5.4385 0.7835
v -1.1031 5.4452 0.8569
v -1.0263 5.4538 0.9538
v -1.0017 5.461 1.0372
v -1.0386 5.4639 1.0753
v -1.1231 5.4616 1.0534
v -1.2227 5.4548 0.98
v -1.1948 5.364 0.9592
v -1.2363 5.3593 0.9067
v -1.2497 5.3555 0.8616
v -1.2297 5.3539 0.841
v -1.184 5.3551 0.8528
v -1.13 5.3588 0.8926
v -1.0885 5.3635 0.945
v -1.0751 5.3673 0.9902
v -1.0951 5.3689 1.0107
v -1.1408 5.3677 0.9989
v -1.1948 5.364 0.9592
v -1.1622 5.3303 0.9285
v -1.1622 5.3303 0.9285
v -1.1622 5.3303 0.9285
v -1.1622 5.3303 0.9285
v -1.1622 5.3303 0.9285
v -1.1622 5.3303 0.9285
v -1.1622 5.3303 0.9285
v -1.1622 5.3303 0.9285
v -1.1622 5.3303 0.9285
v -1.1622 5.3303 0.9285
v -1.1622 5.3303 0.9285
v -0.9747 6.1479 0.9318
v -0.9747 6.1479 0.9318
v -0.9747 6.1479 0.9318
v -0.9747 6.1479 0.9318
v -0.9747 6.1479 0.9318
v -0.9747 6.1479 0.9318
v -0.9747 6.1479 0.9318
v -0.9747 6.1479 0.9318
v -0.9747 6.1479 0.9318
v -0.9747 6.1479 0.9318
v -0.9747 6.1479 0.9318
v -0.9414 6.1142 0.9616
v -0.9943 6.1104 1.0026
v -1.0397 6.1091 1.0156
v -1.0602 6.1108 0.9956
v -1.048 6.1147 0.9501
v -1.0078 6.1195 0.8966
v -0.9548 6.1232 0.8555
v -0.9094 6.1245 0.8426
v -0.8889 6.1229 0.8626
v -0.9011 6.1189 0.9081
v -0.9414 6.1142 0.9616
v -0.9129 6.0233 0.9815
v -1.0107 6.0164 1.0574
v -1.0945 6.014 1.0814
v -1.1325 6.017 1.0443
v -1.1099 6.0243 0.9603
v -1.0355 6.0331 0.8615
v -0.9378 6.04 0.7856
v -0.8539 6.0424 0.7616
v -0.816 6.0394 0.7986
v -0.8385 6.0321 0.8826
v -0.9129 6.0233 0.9815
v -0.8936 5.8892 0.9884
v -1.0213 5.8801 1.0876
v -1.1309 5.877 1.119
v -1.1804 5.881 1.0705
v -1.151 5.8905 0.9608
v -1.0538 5.902 0.8317
v -0.926 5.911 0.7325
v -0.8165 5.9142 0.7011
v -0.7669 5.9102 0.7496
v -0.7964 5.9006 0.8593
v -0.8936 5.8892 0.9884
v -0.8863 5.7322 0.9814
v -1.0246 5.7224 1.0888
v -1.1432 5.719 1.1227
v -1.1968 5.7233 1.0703
v -1.165 5.7336 0.9515
v -1.0598 5.7461 0.8118
v -0.9215 5.7559 0.7044
v -0.8029 5.7593 0.6705
v -0.7493 5.755 0.7229
v -0.7812 5.7446 0.8417
v -0.8863 5.7322 0.9814
v -0.8923 5.5763 0.9615
v -1.0201 5.5672 1.0607
v -1.1297 5.5641 1.0921
v -1.1792 5.5681 1.0436
v -1.1497 5.5776 0.9339
v -1.0526 5.5891 0.8048
v -0.9248 5.5982 0.7056
v -0.8152 5.6013 0.6742
v -0.7657 5.5973 0.7227
v -0.7951 5.5878 0.8324
v -0.8923 5.5763 0.9615
v -0.9106 5.4452 0.9317
v -1.0084 5.4382 1.0076
v -1.0922 5.4358 1.0316
v -1.1302 5.4389 0.9946
v -1.1076 5.4462 0.9106
v -1.0332 5.455 0.8117
v -0.9355 5.4619 0.7358
v -0.8516 5.4643 0.7118
v -0.8137 5.4613 0.7489
v -0.8362 5.454 0.8329
v -0.9106 5.4452 0.9317
v -0.9384 5.3588 0.8966
v -0.9913 5.3551 0.9377
v -1.0367 5.3538 0.9506
v -1.0572 5.3554 0.9306
v -1.045 5.3594 0.8851
v -1.0048 5.3641 0.8316
v -0.9518 5.3679 0.7906
v -0.9064 5.3692 0.7776
v -0.8859 5.3675 0.7976
v -0.8981 5.3636 0.8431
v -0.9384 5.3588 0.8966
v -0.9714 5.3303 0.8614
v -0.9714 5.3303 0.8614
v -0.9714 5.3303 0.8614
v -0.9714 5.3303 0.8614
v -0.9714 5.3303 0.8614
v -0.9714 5.3303 0.8614
v -0.9714 5.3303 0.8614
v -0.9714 5.3303 0.8614
v -0.9714 5.3303 0.8614
v -0.9714 5.3303 0.8614
v -0.9714 5.3303 0.8614
v -0.9079 6.1424 1.1225
v -0.9079 6.1424 1.1225
v -0.9079 6.1424 1.1225
v -0.9079 6.1424 1.1225
v -0.9079 6.1424 1.1225
v -0.9079 6.1424 1.1225
v -0.9079 6.1424 1.1225
v -0.9079 6.1424 1.1225
v -0.9079 6.1424 1.1225
v -0.9079 6.1424 1.1225
v -0.9079 6.1424 1.1225
v -0.8807 6.1091 1.0866
v -0.8404 6.0979 1.1391
v -0.8278 6.0919 1.1842
v -0.8478 6.0935 1.2048
v -0.8927 6.1021 1.193
v -0.9454 6.1143 1.1532
v -0.9857 6.1255 1.1008
v -0.9983 6.1314 1.0556
v -0.9783 6.1298 1.0351
v -0.9333 6.1213 1.0469
v -0.8807 6.1091 1.0866
v -0.8679 6.0195 1.051
v -0.7934 5.9988 1.1479
v -0.7702 5.9878 1.2313
v -0.8072 5.9907 1.2693
v -0.8902 6.0065 1.2475
v -0.9875 6.0291 1.174
v -1.062 6.0498 1.0771
v -1.0852 6.0608 0.9937
v -1.0482 6.0578 0.9557
v -0.9652 6.042 0.9775
v -0.8679 6.0195 1.051
v -0.8715 5.8872 1.021
v -0.7742 5.8601 1.1476
v -0.7439 5.8458 1.2566
v -0.7921 5.8496 1.3063
v -0.9006 5.8702 1.2777
v -1.0277 5.8997 1.1818
v -1.1251 5.9268 1.0551
v -1.1554 5.9412 0.9461
v -1.1071 5.9373 0.8965
v -0.9987 5.9167 0.925
v -0.8715 5.8872 1.021
v -0.8909 5.7324 1.0012
v -0.7856 5.703 1.1383
v -0.7528 5.6875 1.2563
v -0.805 5.6917 1.3101
v -0.9224 5.714 1.2791
v -1.0601 5.7459 1.1753
v -1.1654 5.7752 1.0382
v -1.1982 5.7908 0.9202
v -1.1459 5.7866 0.8665
v -1.0286 5.7643 0.8974
v -0.8909 5.7324 1.0012
v -0.9232 5.5786 0.9947
v -0.8259 5.5515 1.1214
v -0.7956 5.5371 1.2304
v -0.8439 5.541 1.28
v -0.9523 5.5616 1.2515
v -1.0795 5.5911 1.1555
v -1.1768 5.6182 1.0289
v -1.2071 5.6325 0.9199
v -1.1588 5.6286 0.8702
v -1.0504 5.608 0.8988
v -0.9232 5.5786 0.9947
v -0.9635 5.4492 1.0025
v -0.889 5.4285 1.0994
v -0.8658 5.4175 1.1828
v -0.9028 5.4205 1.2208
v -0.9858 5.4362 1.199
v -1.0831 5.4588 1.1255
v -1.1576 5.4795 1.0286
v -1.1808 5.4905 0.9452
v -1.1438 5.4875 0.9072
v -1.0608 5.4718 0.929
v -0.9635 5.4492 1.0025
v -1.0056 5.364 1.0233
v -0.9653 5.3528 1.0757
v -0.9527 5.3468 1.1209
v -0.9727 5.3484 1.1415
v -1.0176 5.357 1.1296
v -1.0703 5.3692 1.0899
v -1.1106 5.3804 1.0374
v -1.1232 5.3863 0.9923
v -1.1032 5.3847 0.9717
v -1.0583 5.3762 0.9835
v -1.0056 5.364 1.0233
v -1.0431 5.3359 1.054
v -1.0431 5.3359 1.054
v -1.0431 5.3359 1.054
v -1.0431 5.3359 1.054
v -1.0431 5.3359 1.054
v -1.0431 5.3359 1.054
v -1.0431 5.3359 1.054
v -1.0431 5.3359 1.054
v -1.0431 5.3359 1.054
v -1.0431 5.3359 1.054
v -1.0431 5.3359 1.054
v -0.07 4.8056 0.1095
v -0.0722 4.7177 0.063
v -0.0321 4.6813 -0.0205
v 0.0268 4.7177 -0.0919
v 0.07 4.8056 -0.1095
v 0.0722 4.8935 -0.063
v 0.0321 4.9299 0.0205
v -0.0268 4.8935 0.0919
v -0.4432 4.9483 -0.1722
v -0.4448 4.885 -0.2057
v -0.4159 4.8588 -0.2658
v -0.3735 4.885 -0.3173
v -0.3424 4.9483 -0.33
v -0.3409 5.0116 -0.2964
v -0.3698 5.0378 -0.2363
v -0.4122 5.0116 -0.1849
v 0 4.8056 0
v -0.3928 4.9483 -0.2511
v -0.4359 4.9483 -0.1837
v -0.4448 4.8932 -0.2251
v -0.4145 4.8797 -0.2861
v -0.3679 4.9177 -0.3207
v -0.3401 4.9788 -0.3029
v -0.352 5.0169 -0.2461
v -0.3946 5.0033 -0.193
v -1.3732 5.5572 -0.8093
v -1.3796 5.5176 -0.8391
v -1.3578 5.5078 -0.883
v -1.3243 5.5353 -0.908
v -1.3042 5.5792 -0.8952
v -1.3128 5.6066 -0.8543
v -1.3435 5.5969 -0.8161
v -0.3928 4.9483 -0.2511
v -1.3422 5.5572 -0.8579
v -1.4406 5.4589 -0.9562
v -1.4406 5.4589 -0.7595
v -1.4406 5.6556 -0.9562
v -1.4406 5.6556 -0.7595
v -1.2438 5.4589 -0.9562
v -1.2438 5.4589 -0.7595
v -1.2438 5.6556 -0.9562
v -1.2438 5.6556 -0.7595
v -1.3422 5.4964 -1.0171
v -1.3422 5.4964 -0.6987
v -1.3422 5.618 -1.0171
v -1.3422 5.618 -0.6987
v -1.403 5.398 -0.8579
v -1.403 5.7164 -0.8579
v -1.2814 5.398 -0.8579
v -1.2814 5.7164 -0.8579
v -1.5014 5.5572 -0.9187
v -1.5014 5.5572 -0.7971
v -1.183 5.5572 -0.9187
v -1.183 5.5572 -0.7971
v -1.4563 6.0521 -0.9829
v -1.4563 6.0521 -0.9829
v -1.4563 6.0521 -0.9829
v -1.4563 6.0521 -0.9829
v -1.4563 6.0521 -0.9829
v -1.4563 6.0521 -0.9829
v -1.4563 6.0521 -0.9829
v -1.4563 6.0521 -0.9829
v -1.4563 6.0521 -0.9829
v -1.4563 6.0521 -0.9829
v -1.4563 6.0521 -0.9829
v -1.4914 6.0237 -0.9547
v -1.5383 6.0165 -1.0329
v -1.5541 6.011 -1.0908
v -1.5325 6.0093 -1.1063
v -1.482 6.012 -1.0736
v -1.4218 6.0181 -1.005
v -1.3749 6.0253 -0.9269
v -1.3592 6.0308 -0.8689
v -1.3807 6.0325 -0.8534
v -1.4312 6.0298 -0.8862
v -1.4914 6.0237 -0.9547
v -1.5218 5.9373 -0.9247
v -1.6085 5.924 -1.0691
v -1.6375 5.9139 -1.1762
v -1.5978 5.9107 -1.2049
v -1.5044 5.9157 -1.1444
v -1.3932 5.927 -1.0177
v -1.3065 5.9403 -0.8733
v -1.2775 5.9504 -0.7662
v -1.3172 5.9536 -0.7375
v -1.4105 5.9486 -0.798
v -1.5218 5.9373 -0.9247
v -1.5428 5.806 -0.8975
v -1.6561 5.7887 -1.0862
v -1.694 5.7754 -1.226
v -1.642 5.7713 -1.2636
v -1.5201 5.7778 -1.1845
v -1.3747 5.7926 -1.019
v -1.2615 5.8099 -0.8303
v -1.2235 5.8232 -0.6904
v -1.2755 5.8273 -0.6529
v -1.3974 5.8208 -0.732
v -1.5428 5.806 -0.8975
v -1.5512 5.6499 -0.8772
v -1.6738 5.6311 -1.0815
v -1.7149 5.6167 -1.2328
v -1.6586 5.6122 -1.2734
v -1.5267 5.6193 -1.1878
v -1.3693 5.6353 -1.0087
v -1.2467 5.654 -0.8044
v -1.2057 5.6684 -0.6531
v -1.2619 5.6729 -0.6125
v -1.3939 5.6658 -0.6981
v -1.5512 5.6499 -0.8772
v -1.5458 5.4926 -0.8669
v -1.6591 5.4753 -1.0556
v -1.697 5.462 -1.1955
v -1.6451 5.4578 -1.233
v -1.5231 5.4644 -1.1539
v -1.3777 5.4791 -0.9884
v -1.2645 5.4965 -0.7997
v -1.2266 5.5097 -0.6599
v -1.2785 5.5139 -0.6223
v -1.4004 5.5074 -0.7014
v -1.5458 5.4926 -0.8669
v -1.5274 5.3582 -0.8682
v -1.6141 5.3449 -1.0126
v -1.6431 5.3347 -1.1197
v -1.6033 5.3316 -1.1484
v -1.51 5.3366 -1.0879
v -1.3987 5.3479 -0.9612
v -1.312 5.3611 -0.8167
v -1.283 5.3713 -0.7097
v -1.3228 5.3745 -0.681
v -1.4161 5.3695 -0.7415
v -1.5274 5.3582 -0.8682
v -1.4987 5.267 -0.8809
v -1.5456 5.2599 -0.959
v -1.5613 5.2544 -1.017
v -1.5398 5.2526 -1.0325
v -1.4893 5.2553 -0.9997
v -1.4291 5.2615 -0.9312
v -1.3822 5.2686 -0.853
v -1.3665 5.2741 -0.7951
v -1.388 5.2759 -0.7796
v -1.4385 5.2731 -0.8123
v -1.4987 5.267 -0.8809
v -1.4642 5.2331 -0.903
v -1.4642 5.2331 -0.903
v -1.4642 5.2331 -0.903
v -1.4642 5.2331 -0.903
v -1.4642 5.2331 -0.903
v -1.4642 5.2331 -0.903
v -1.4642 5.2331 -0.903
v -1.4642 5.2331 -0.903
v -1.4642 5.2331 -0.903
v -1.4642 5.2331 -0.903
v -1.4642 5.2331 -0.903
v -1.2643 6.053 -0.9471
v -1.2643 6.053 -0.9471
v -1.2643 6.053 -0.9471
v -1.2643 6.053 -0.9471
v -1.2643 6.053 -0.9471
v -1.2643 6.053 -0.9471
v -1.2643 6.053 -0.9471
v -1.2643 6.053 -0.9471
v -1.2643 6.053 -0.9471
v -1.2643 6.053 -0.9471
v -1.2643 6.053 -0.9471
v -1.2387 6.0197 -0.9144
v -1.3175 6.0151 -0.8682
v -1.3757 6.013 -0.853
v -1.3912 6.0143 -0.8746
v -1.358 6.0184 -0.9247
v -1.2888 6.0238 -0.9842
v -1.21 6.0284 -1.0304
v -1.1518 6.0305 -1.0457
v -1.1363 6.0292 -1.0241
v -1.1695 6.0251 -0.9739
v -1.2387 6.0197 -0.9144
v -1.2159 5.9291 -0.8911
v -1.3614 5.9205 -0.8057
v -1.4691 5.9167 -0.7776
v -1.4977 5.919 -0.8175
v -1.4364 5.9265 -0.9101
v -1.3085 5.9365 -1.0201
v -1.163 5.945 -1.1054
v -1.0553 5.9489 -1.1336
v -1.0266 5.9466 -1.0937
v -1.088 5.939 -1.0011
v -1.2159 5.9291 -0.8911
v -1.1993 5.7948 -0.8806
v -1.3895 5.7836 -0.7691
v -1.5302 5.7786 -0.7324
v -1.5676 5.7816 -0.7845
v -1.4875 5.7915 -0.9055
v -1.3204 5.8045 -1.0492
v -1.1302 5.8156 -1.1607
v -0.9895 5.8207 -1.1975
v -0.9521 5.8177 -1.1454
v -1.0322 5.8078 -1.0243
v -1.1993 5.7948 -0.8806
v -1.1916 5.6373 -0.8847
v -1.3975 5.6252 -0.764
v -1.5497 5.6198 -0.7242
v -1.5902 5.623 -0.7806
v -1.5035 5.6338 -0.9116
v -1.3226 5.6478 -1.0672
v -1.1168 5.6599 -1.1879
v -0.9645 5.6654 -1.2276
v -0.924 5.6621 -1.1713
v -1.0107 5.6514 -1.0403
v -1.1916 5.6373 -0.8847
v -1.1938 5.4807 -0.9027
v -1.384 5.4695 -0.7911
v -1.5247 5.4645 -0.7544
v -1.5621 5.4675 -0.8065
v -1.482 5.4774 -0.9275
v -1.3149 5.4904 -1.0712
v -1.1247 5.5015 -1.1828
v -0.984 5.5066 -1.2195
v -0.9466 5.5036 -1.1674
v -1.0267 5.4937 -1.0464
v -1.1938 5.4807 -0.9027
v -1.2057 5.3487 -0.9318
v -1.3513 5.3401 -0.8464
v -1.4589 5.3363 -0.8183
v -1.4876 5.3386 -0.8582
v -1.4262 5.3461 -0.9508
v -1.2984 5.3561 -1.0608
v -1.1528 5.3646 -1.1462
v -1.0451 5.3685 -1.1743
v -1.0165 5.3662 -1.1344
v -1.0778 5.3586 -1.0418
v -1.2057 5.3487 -0.9318
v -1.2254 5.2614 -0.9676
v -1.3042 5.2568 -0.9214
v -1.3624 5.2547 -0.9062
v -1.3779 5.2559 -0.9278
v -1.3448 5.26 -0.9779
v -1.2755 5.2654 -1.0375
v -1.1968 5.2701 -1.0837
v -1.1385 5.2721 -1.0989
v -1.123 5.2709 -1.0773
v -1.1562 5.2668 -1.0272
v -1.2254 5.2614 -0.9676
v -1.2499 5.2322 -1.0047
v -1.2499 5.2322 -1.0047
v -1.2499 5.2322 -1.0047
v -1.2499 5.2322 -1.0047
v -1.2499 5.2322 -1.0047
v -1.2499 5.2322 -1.0047
v -1.2499 5.2322 -1.0047
v -1.2499 5.2322 -1.0047
v -1.2499 5.2322 -1.0047
v -1.2499 5.2322 -1.0047
v -1.2499 5.2322 -1.0047
v -1.1628 6.0475 -0.7328
v -1.1628 6.0475 -0.7328
v -1.1628 6.0475 -0.7328
v -1.1628 6.0475 -0.7328
v -1.1628 6.0475 -0.7328
v -1.1628 6.0475 -0.7328
v -1.1628 6.0475 -0.7328
v -1.1628 6.0475 -0.7328
v -1.1628 6.0475 -0.7328
v -1.1628 6.0475 -0.7328
v -1.1628 6.0475 -0.7328
v -1.1326 6.0139 -0.761
v -1.0875 5.9993 -0.6829
v -1.0728 5.9914 -0.6249
v -1.0943 5.9931 -0.6094
v -1.1438 6.0038 -0.6421
v -1.2022 6.0195 -0.7107
v -1.2474 6.034 -0.7889
v -1.262 6.0419 -0.8468
v -1.2405 6.0402 -0.8623
v -1.1911 6.0295 -0.8296
v -1.1326 6.0139 -0.761
v -1.1164 5.9237 -0.791
v -1.033 5.8968 -0.6466
v -1.0059 5.8822 -0.5396
v -1.0457 5.8854 -0.5108
v -1.137 5.9052 -0.5714
v -1.245 5.934 -0.698
v -1.3285 5.961 -0.8425
v -1.3556 5.9756 -0.9495
v -1.3158 5.9724 -0.9782
v -1.2245 5.9526 -0.9177
v -1.1164 5.9237 -0.791
v -1.1166 5.7908 -0.8182
v -1.0076 5.7556 -0.6295
v -0.9722 5.7365 -0.4897
v -1.0242 5.7407 -0.4522
v -1.1435 5.7665 -0.5312
v -1.2847 5.8043 -0.6967
v -1.3937 5.8394 -0.8855
v -1.429 5.8586 -1.0253
v -1.3771 5.8544 -1.0628
v -1.2578 5.8285 -0.9837
v -1.1166 5.7908 -0.8182
v -1.1332 5.6353 -0.8385
v -1.0151 5.5972 -0.6343
v -0.9769 5.5765 -0.4829
v -1.0331 5.581 -0.4423
v -1.1623 5.609 -0.5279
v -1.3151 5.6499 -0.707
v -1.4331 5.6879 -0.9113
v -1.4713 5.7086 -1.0626
v -1.4151 5.7041 -1.1033
v -1.286 5.6761 -1.0177
v -1.1332 5.6353 -0.8385
v -1.1636 5.4809 -0.8488
v -1.0545 5.4457 -0.6601
v -1.0192 5.4266 -0.5203
v -1.0711 5.4308 -0.4827
v -1.1905 5.4566 -0.5618
v -1.3316 5.4944 -0.7273
v -1.4407 5.5295 -0.916
v -1.476 5.5487 -1.0559
v -1.4241 5.5445 -1.0934
v -1.3047 5.5186 -1.0143
v -1.1636 5.4809 -0.8488
v -1.2032 5.3511 -0.8475
v -1.1197 5.3242 -0.7031
v -1.0927 5.3096 -0.5961
v -1.1324 5.3127 -0.5673
v -1.2238 5.3326 -0.6279
v -1.3318 5.3614 -0.7546
v -1.4153 5.3883 -0.899
v -1.4423 5.403 -1.006
v -1.4026 5.3998 -1.0347
v -1.3112 5.38 -0.9742
v -1.2032 5.3511 -0.8475
v -1.246 5.2657 -0.8349
v -1.2008 5.2511 -0.7567
v -1.1862 5.2432 -0.6988
v -1.2077 5.2449 -0.6832
v -1.2571 5.2557 -0.716
v -1.3156 5.2713 -0.7845
v -1.3608 5.2858 -0.8627
v -1.3754 5.2938 -0.9206
v -1.3539 5.2921 -0.9362
v -1.3045 5.2813 -0.9034
v -1.246 5.2657 -0.8349
v -1.2855 5.2377 -0.8127
v -1.2855 5.2377 -0.8127
v -1.2855 5.2377 -0.8127
v -1.2855 5.2377 -0.8127
v -1.2855 5.2377 -0.8127
v -1.2855 5.2377 -0.8127
v -1.2855 5.2377 -0.8127
v -1.2855 5.2377 -0.8127
v -1.2855 5.2377 -0.8127
v -1.2855 5.2377 -0.8127
v -1.2855 5.2377 -0.8127
v -1.3548 6.0466 -0.7686
v -1.3548 6.0466 -0.7686
v -1.3548 6.0466 -0.7686
v -1.3548 6.0466 -0.7686
v -1.3548 6.0466 -0.7686
v -1.3548 6.0466 -0.7686
v -1.3548 6.0466 -0.7686
v -1.3548 6.0466 -0.7686
v -1.3548 6.0466 -0.7686
v -1.3548 6.0466 -0.7686
v -1.3548 6.0466 -0.7686
v -1.3854 6.0179 -0.8013
v -1.3083 6.0007 -0.8475
v -1.2512 5.9894 -0.8627
v -1.2357 5.9881 -0.8411
v -1.2678 5.9975 -0.791
v -1.3352 6.0138 -0.7315
v -1.4123 6.0309 -0.6853
v -1.4695 6.0423 -0.6701
v -1.485 6.0435 -0.6917
v -1.4529 6.0342 -0.7418
v -1.3854 6.0179 -0.8013
v -1.4224 5.932 -0.8247
v -1.28 5.9004 -0.91
v -1.1743 5.8794 -0.9381
v -1.1457 5.8771 -0.8983
v -1.205 5.8943 -0.8056
v -1.3297 5.9245 -0.6956
v -1.472 5.9562 -0.6103
v -1.5777 5.9771 -0.5822
v -1.6064 5.9794 -0.622
v -1.547 5.9622 -0.7147
v -1.4224 5.932 -0.8247
v -1.4601 5.802 -0.8351
v -1.2741 5.7607 -0.9466
v -1.136 5.7333 -0.9834
v -1.0986 5.7303 -0.9313
v -1.1761 5.7529 -0.8102
v -1.339 5.7923 -0.6665
v -1.525 5.8337 -0.555
v -1.6631 5.861 -0.5183
v -1.7005 5.864 -0.5704
v -1.623 5.8415 -0.6914
v -1.4601 5.802 -0.8351
v -1.4928 5.6478 -0.831
v -1.2915 5.6031 -0.9517
v -1.142 5.5735 -0.9915
v -1.1015 5.5702 -0.9351
v -1.1854 5.5946 -0.8041
v -1.3617 5.6373 -0.6486
v -1.5631 5.6821 -0.5278
v -1.7125 5.7117 -0.4881
v -1.753 5.7149 -0.5445
v -1.6691 5.6906 -0.6755
v -1.4928 5.6478 -0.831
v -1.5156 5.4928 -0.8131
v -1.3296 5.4515 -0.9246
v -1.1915 5.4241 -0.9613
v -1.1541 5.4211 -0.9092
v -1.2316 5.4437 -0.7882
v -1.3945 5.4831 -0.6445
v -1.5805 5.5244 -0.533
v -1.7185 5.5518 -0.4962
v -1.756 5.5548 -0.5483
v -1.6784 5.5323 -0.6693
v -1.5156 5.4928 -0.8131
v -1.5249 5.3606 -0.7839
v -1.3825 5.329 -0.8693
v -1.2768 5.308 -0.8974
v -1.2482 5.3057 -0.8575
v -1.3075 5.323 -0.7649
v -1.4322 5.3532 -0.6549
v -1.5745 5.3848 -0.5696
v -1.6802 5.4058 -0.5414
v -1.7089 5.4081 -0.5813
v -1.6495 5.3908 -0.6739
v -1.5249 5.3606 -0.7839
v -1.5193 5.2713 -0.7481
v -1.4423 5.2542 -0.7943
v -1.3851 5.2429 -0.8095
v -1.3696 5.2416 -0.7879
v -1.4017 5.251 -0.7378
v -1.4692 5.2673 -0.6783
v -1.5462 5.2844 -0.6321
v -1.6034 5.2958 -0.6169
v -1.6189 5.297 -0.6384
v -1.5868 5.2877 -0.6886
v -1.5193 5.2713 -0.7481
v -1.4998 5.2386 -0.711
v -1.4998 5.2386 -0.711
v -1.4998 5.2386 -0.711
v -1.4998 5.2386 -0.711
v -1.4998 5.2386 -0.711
v -1.4998 5.2386 -0.711
v -1.4998 5.2386 -0.711
v -1.4998 5.2386 -0.711
v -1.4998 5.2386 -0.711
v -1.4998 5.2386 -0.711
v -1.4998 5.2386 -0.711
v -0.1209 4.6681 -0.0479
v -0.0787 4.578 -0.051
v 0.0096 4.5407 -0.0242
v 0.0922 4.578 0.0167
v 0.1209 4.6681 0.0479
v 0.0787 4.7582 0.051
v -0.0096 4.7955 0.0242
v -0.0922 4.7582 -0.0167
v 0.1798 4.8163 -0.7077
v 0.2102 4.7515 -0.71
v 0.2737 4.7246 -0.6907
v 0.3332 4.7515 -0.6612
v 0.3538 4.8163 -0.6388
v 0.3235 4.8812 -0.6365
v 0.2599 4.908 -0.6558
v 0.2004 4.8812 -0.6853
v 0 4.6681 0
v 0.2668 4.8163 -0.6733
v 0.1925 4.8163 -0.7027
v 0.2327 4.7634 -0.7226
v 0.2987 4.7503 -0.7053
v 0.3406 4.7869 -0.6639
v 0.327 4.8457 -0.6295
v 0.2681 4.8824 -0.6281
v 0.2082 4.8693 -0.6607
v 0.5897 5.4581 -1.6442
v 0.6187 5.4199 -1.6585
v 0.6662 5.4105 -1.6461
v 0.6964 5.4369 -1.6163
v 0.6866 5.4792 -1.5915
v 0.6441 5.5056 -1.5905
v 0.601 5.4962 -1.614
v 0.2668 4.8163 -0.6733
v 0.6432 5.4581 -1.623
v 0.5442 5.3591 -1.722
v 0.5442 5.3591 -1.524
v 0.5442 5.5571 -1.722
v 0.5442 5.5571 -1.524
v 0.7422 5.3591 -1.722
v 0.7422 5.3591 -1.524
v 0.7422 5.5571 -1.722
v 0.7422 5.5571 -1.524
v 0.6432 5.3969 -1.7832
v 0.6432 5.3969 -1.4629
v 0.6432 5.5192 -1.7832
v 0.6432 5.5192 -1.4629
v 0.5821 5.2979 -1.623
v 0.5821 5.6182 -1.623
v 0.7044 5.2979 -1.623
v 0.7044 5.6182 -1.623
v 0.4831 5.4581 -1.6842
v 0.4831 5.4581 -1.5618
v 0.8034 5.4581 -1.6842
v 0.8034 5.4581 -1.5618
v 0.6749 5.8903 -1.7498
v 0.6749 5.8903 -1.7498
v 0.6749 5.8903 -1.7498
v 0.6749 5.8903 -1.7498
v 0.6749 5.8903 -1.7498
v 0.6749 5.8903 -1.7498
v 0.6749 5.8903 -1.7498
v 0.6749 5.8903 -1.7498
v 0.6749 5.8903 -1.7498
v 0.6749 5.8903 -1.7498
v 0.6749 5.8903 -1.7498
v 0.6899 5.862 -1.7059
v 0.6187 5.859 -1.6931
v 0.5693 5.8577 -1.7022
v 0.5606 5.8584 -1.73
v 0.5959 5.8609 -1.7656
v 0.6617 5.8642 -1.7956
v 0.7329 5.8672 -1.8085
v 0.7823 5.8685 -1.7993
v 0.791 5.8678 -1.7716
v 0.7557 5.8653 -1.7359
v 0.6899 5.862 -1.7059
v 0.7045 5.7834 -1.6707
v 0.5729 5.778 -1.6469
v 0.4817 5.7755 -1.6639
v 0.4656 5.7768 -1.7151
v 0.5308 5.7814 -1.781
v 0.6525 5.7876 -1.8365
v 0.784 5.793 -1.8602
v 0.8753 5.7955 -1.8433
v 0.8914 5.7942 -1.792
v 0.8261 5.7896 -1.7261
v 0.7045 5.7834 -1.6707
v 0.7165 5.6667 -1.6495
v 0.5446 5.6596 -1.6184
v 0.4253 5.6563 -1.6406
v 0.4043 5.658 -1.7075
v 0.4896 5.664 -1.7936
v 0.6485 5.6721 -1.8661
v 0.8204 5.6792 -1.8971
v 0.9396 5.6825 -1.875
v 0.9607 5.6808 -1.808
v 0.8754 5.6747 -1.7219
v 0.7165 5.6667 -1.6495
v 0.724 5.5294 -1.6455
v 0.538 5.5218 -1.6118
v 0.4089 5.5182 -1.6358
v 0.3861 5.52 -1.7083
v 0.4784 5.5266 -1.8015
v 0.6504 5.5353 -1.8799
v 0.8365 5.543 -1.9135
v 0.9656 5.5466 -1.8895
v 0.9883 5.5448 -1.8171
v 0.8961 5.5382 -1.7239
v 0.724 5.5294 -1.6455
v 0.726 5.3927 -1.6593
v 0.554 5.3856 -1.6283
v 0.4348 5.3823 -1.6504
v 0.4138 5.384 -1.7174
v 0.499 5.3901 -1.8035
v 0.658 5.3981 -1.8759
v 0.8299 5.4052 -1.907
v 0.9491 5.4085 -1.8848
v 0.9701 5.4068 -1.8179
v 0.8849 5.4008 -1.7318
v 0.726 5.3927 -1.6593
v 0.722 5.2772 -1.6889
v 0.5904 5.2718 -1.6651
v 0.4991 5.2693 -1.6821
v 0.4831 5.2706 -1.7333
v 0.5483 5.2752 -1.7993
v 0.6699 5.2814 -1.8547
v 0.8015 5.2868 -1.8785
v 0.8928 5.2893 -1.8615
v 0.9089 5.288 -1.8103
v 0.8436 5.2834 -1.7444
v 0.722 5.2772 -1.6889
v 0.7127 5.2006 -1.7297
v 0.6415 5.1976 -1.7169
v 0.5921 5.1963 -1.7261
v 0.5834 5.197 -1.7538
v 0.6187 5.1995 -1.7895
v 0.6846 5.2028 -1.8195
v 0.7558 5.2057 -1.8323
v 0.8052 5.2071 -1.8231
v 0.8139 5.2064 -1.7954
v 0.7786 5.2039 -1.7597
v 0.7127 5.2006 -1.7297
v 0.6996 5.1745 -1.7756
v 0.6996 5.1745 -1.7756
v 0.6996 5.1745 -1.7756
v 0.6996 5.1745 -1.7756
v 0.6996 5.1745 -1.7756
v 0.6996 5.1745 -1.7756
v 0.6996 5.1745 -1.7756
v 0.6996 5.1745 -1.7756
v 0.6996 5.1745 -1.7756
v 0.6996 5.1745 -1.7756
v 0.6996 5.1745 -1.7756
v 0.8242 5.886 -1.5381
v 0.8242 5.886 -1.5381
v 0.8242 5.886 -1.5381
v 0.8242 5.886 -1.5381
v 0.8242 5.886 -1.5381
v 0.8242 5.886 -1.5381
v 0.8242 5.886 -1.5381
v 0.8242 5.886 -1.5381
v 0.8242 5.886 -1.5381
v 0.8242 5.886 -1.5381
v 0.8242 5.886 -1.5381
v 0.8658 5.8555 -1.5554
v 0.8779 5.8459 -1.4846
v 0.8683 5.8414 -1.4355
v 0.8407 5.8436 -1.4268
v 0.8055 5.8517 -1.4617
v 0.7763 5.8627 -1.5271
v 0.7642 5.8723 -1.5978
v 0.7738 5.8769 -1.647
v 0.8014 5.8747 -1.6557
v 0.8365 5.8665 -1.6207
v 0.8658 5.8555 -1.5554
v 0.8947 5.7758 -1.5762
v 0.9171 5.7581 -1.4455
v 0.8994 5.7497 -1.3547
v 0.8484 5.7538 -1.3386
v 0.7835 5.7688 -1.4032
v 0.7295 5.7891 -1.524
v 0.707 5.8068 -1.6547
v 0.7247 5.8153 -1.7455
v 0.7758 5.8112 -1.7616
v 0.8407 5.7961 -1.697
v 0.8947 5.7758 -1.5762
v 0.9066 5.6591 -1.5975
v 0.9359 5.6359 -1.4267
v 0.9128 5.6249 -1.3081
v 0.8461 5.6302 -1.287
v 0.7613 5.6499 -1.3715
v 0.6907 5.6764 -1.5293
v 0.6614 5.6996 -1.7001
v 0.6846 5.7106 -1.8187
v 0.7513 5.7052 -1.8397
v 0.8361 5.6856 -1.7553
v 0.9066 5.6591 -1.5975
v 0.8997 5.523 -1.616
v 0.9315 5.4979 -1.4311
v 0.9064 5.486 -1.3027
v 0.8342 5.4918 -1.2799
v 0.7424 5.5131 -1.3713
v 0.6661 5.5418 -1.5421
v 0.6343 5.5669 -1.727
v 0.6594 5.5788 -1.8553
v 0.7316 5.573 -1.8782
v 0.8234 5.5517 -1.7867
v 0.8997 5.523 -1.616
v 0.875 5.3884 -1.6288
v 0.9044 5.3652 -1.458
v 0.8812 5.3542 -1.3394
v 0.8145 5.3595 -1.3183
v 0.7297 5.3792 -1.4028
v 0.6592 5.4057 -1.5606
v 0.6298 5.4289 -1.7314
v 0.653 5.4399 -1.85
v 0.7197 5.4346 -1.8711
v 0.8045 5.4149 -1.7866
v 0.875 5.3884 -1.6288
v 0.8363 5.2757 -1.6341
v 0.8588 5.258 -1.5034
v 0.8411 5.2495 -1.4126
v 0.79 5.2536 -1.3965
v 0.7251 5.2687 -1.4611
v 0.6711 5.289 -1.5819
v 0.6487 5.3067 -1.7126
v 0.6664 5.3151 -1.8034
v 0.7174 5.311 -1.8195
v 0.7823 5.296 -1.7548
v 0.8363 5.2757 -1.6341
v 0.7895 5.2021 -1.631
v 0.8016 5.1925 -1.5602
v 0.792 5.1879 -1.5111
v 0.7644 5.1901 -1.5024
v 0.7293 5.1983 -1.5374
v 0.7 5.2093 -1.6027
v 0.6879 5.2189 -1.6735
v 0.6975 5.2234 -1.7226
v 0.7251 5.2212 -1.7313
v 0.7603 5.2131 -1.6963
v 0.7895 5.2021 -1.631
v 0.7416 5.1788 -1.62
v 0.7416 5.1788 -1.62
v 0.7416 5.1788 -1.62
v 0.7416 5.1788 -1.62
v 0.7416 5.1788 -1.62
v 0.7416 5.1788 -1.62
v 0.7416 5.1788 -1.62
v 0.7416 5.1788 -1.62
v 0.7416 5.1788 -1.62
v 0.7416 5.1788 -1.62
v 0.7416 5.1788 -1.62
v 0.6685 5.8838 -1.4963
v 0.6685 5.8838 -1.4963
v 0.6685 5.8838 -1.4963
v 0.6685 5.8838 -1.4963
v 0.6685 5.8838 -1.4963
v 0.6685 5.8838 -1.4963
v 0.6685 5.8838 -1.4963
v 0.6685 5.8838 -1.4963
v 0.6685 5.8838 -1.4963
v 0.6685 5.8838 -1.4963
v 0.6685 5.8838 -1.4963
v 0.6491 5.8582 -1.5401
v 0.7189 5.844 -1.553
v 0.7675 5.8347 -1.5438
v 0.7762 5.834 -1.5161
v 0.7417 5.8421 -1.4804
v 0.6773 5.8559 -1.4504
v 0.6074 5.8702 -1.4375
v 0.5589 5.8794 -1.4467
v 0.5502 5.8801 -1.4745
v 0.5847 5.872 -1.5101
v 0.6491 5.8582 -1.5401
v 0.6222 5.783 -1.5754
v 0.7512 5.7567 -1.5991
v 0.8409 5.7396 -1.5822
v 0.857 5.7383 -1.5309
v 0.7933 5.7533 -1.465
v 0.6742 5.7788 -1.4096
v 0.5452 5.8051 -1.3858
v 0.4555 5.8221 -1.4028
v 0.4394 5.8234 -1.454
v 0.5031 5.8085 -1.5199
v 0.6222 5.783 -1.5754
v 0.5917 5.6696 -1.5966
v 0.7603 5.6353 -1.6277
v 0.8775 5.613 -1.6055
v 0.8985 5.6113 -1.5386
v 0.8153 5.6308 -1.4524
v 0.6597 5.6642 -1.38
v 0.4911 5.6985 -1.3489
v 0.374 5.7208 -1.3711
v 0.3529 5.7225 -1.438
v 0.4361 5.7029 -1.5242
v 0.5917 5.6696 -1.5966
v 0.5624 5.5353 -1.6006
v 0.7449 5.4982 -1.6342
v 0.8718 5.4741 -1.6102
v 0.8945 5.4722 -1.5378
v 0.8045 5.4934 -1.4445
v 0.636 5.5294 -1.3661
v 0.4536 5.5666 -1.3325
v 0.3267 5.5907 -1.3565
v 0.304 5.5926 -1.429
v 0.394 5.5714 -1.5222
v 0.5624 5.5353 -1.6006
v 0.5387 5.4006 -1.5867
v 0.7073 5.3663 -1.6178
v 0.8245 5.344 -1.5956
v 0.8455 5.3423 -1.5287
v 0.7624 5.3619 -1.4426
v 0.6068 5.3952 -1.3701
v 0.4382 5.4295 -1.3391
v 0.321 5.4518 -1.3612
v 0.3 5.4535 -1.4282
v 0.3831 5.434 -1.5143
v 0.5387 5.4006 -1.5867
v 0.5243 5.286 -1.5571
v 0.6533 5.2597 -1.5809
v 0.743 5.2427 -1.5639
v 0.7591 5.2414 -1.5127
v 0.6954 5.2563 -1.4468
v 0.5763 5.2818 -1.3914
v 0.4473 5.3081 -1.3676
v 0.3576 5.3252 -1.3846
v 0.3415 5.3265 -1.4358
v 0.4052 5.3115 -1.5017
v 0.5243 5.286 -1.5571
v 0.5212 5.2089 -1.5163
v 0.591 5.1946 -1.5292
v 0.6396 5.1854 -1.52
v 0.6483 5.1847 -1.4923
v 0.6138 5.1928 -1.4566
v 0.5494 5.2066 -1.4266
v 0.4795 5.2208 -1.4137
v 0.431 5.2301 -1.4229
v 0.4223 5.2308 -1.4506
v 0.4567 5.2227 -1.4863
v 0.5212 5.2089 -1.5163
v 0.53 5.181 -1.4705
v 0.53 5.181 -1.4705
v 0.53 5.181 -1.4705
v 0.53 5.181 -1.4705
v 0.53 5.181 -1.4705
v 0.53 5.181 -1.4705
v 0.53 5.181 -1.4705
v 0.53 5.181 -1.4705
v 0.53 5.181 -1.4705
v 0.53 5.181 -1.4705
v 0.53 5.181 -1.4705
v 0.5192 5.8881 -1.7079
v 0.5192 5.8881 -1.7079
v 0.5192 5.8881 -1.7079
v 0.5192 5.8881 -1.7079
v 0.5192 5.8881 -1.7079
v 0.5192 5.8881 -1.7079
v 0.5192 5.8881 -1.7079
v 0.5192 5.8881 -1.7079
v 0.5192 5.8881 -1.7079
v 0.5192 5.8881 -1.7079
v 0.5192 5.8881 -1.7079
v 0.4733 5.8646 -1.6907
v 0.4597 5.8571 -1.7614
v 0.4685 5.851 -1.8106
v 0.4961 5.8488 -1.8193
v 0.5321 5.8513 -1.7843
v 0.5627 5.8574 -1.719
v 0.5762 5.865 -1.6482
v 0.5675 5.871 -1.5991
v 0.5398 5.8732 -1.5904
v 0.5038 5.8708 -1.6253
v 0.4733 5.8646 -1.6907
v 0.432 5.7905 -1.6698
v 0.407 5.7766 -1.8006
v 0.4231 5.7655 -1.8913
v 0.4742 5.7614 -1.9075
v 0.5407 5.7659 -1.8428
v 0.5972 5.7773 -1.7221
v 0.6222 5.7912 -1.5913
v 0.6061 5.8024 -1.5006
v 0.555 5.8065 -1.4844
v 0.4885 5.802 -1.5491
v 0.432 5.7905 -1.6698
v 0.4016 5.6772 -1.6486
v 0.369 5.659 -1.8194
v 0.39 5.6444 -1.938
v 0.4567 5.639 -1.959
v 0.5436 5.645 -1.8746
v 0.6175 5.6599 -1.7168
v 0.6501 5.6781 -1.546
v 0.629 5.6927 -1.4274
v 0.5623 5.698 -1.4063
v 0.4754 5.6921 -1.4908
v 0.4016 5.6772 -1.6486
v 0.3867 5.5418 -1.6301
v 0.3514 5.522 -1.815
v 0.3742 5.5063 -1.9433
v 0.4464 5.5005 -1.9662
v 0.5405 5.5069 -1.8747
v 0.6204 5.523 -1.7039
v 0.6557 5.5428 -1.5191
v 0.6329 5.5585 -1.3907
v 0.5607 5.5643 -1.3679
v 0.4667 5.5579 -1.4593
v 0.3867 5.5418 -1.6301
v 0.3897 5.4049 -1.6172
v 0.357 5.3867 -1.788
v 0.3781 5.3721 -1.9066
v 0.4448 5.3668 -1.9277
v 0.5317 5.3727 -1.8432
v 0.6056 5.3876 -1.6855
v 0.6382 5.4058 -1.5147
v 0.6171 5.4204 -1.3961
v 0.5504 5.4258 -1.375
v 0.4635 5.4198 -1.4595
v 0.3897 5.4049 -1.6172
v 0.4099 5.2875 -1.612
v 0.385 5.2736 -1.7427
v 0.4011 5.2624 -1.8335
v 0.4521 5.2583 -1.8496
v 0.5186 5.2628 -1.7849
v 0.5752 5.2743 -1.6642
v 0.6001 5.2882 -1.5335
v 0.584 5.2993 -1.4427
v 0.533 5.3034 -1.4266
v 0.4665 5.2989 -1.4912
v 0.4099 5.2875 -1.612
v 0.4445 5.2074 -1.6151
v 0.4309 5.1998 -1.6858
v 0.4397 5.1938 -1.735
v 0.4673 5.1916 -1.7437
v 0.5033 5.194 -1.7087
v 0.5339 5.2002 -1.6433
v 0.5474 5.2077 -1.5726
v 0.5387 5.2138 -1.5235
v 0.511 5.216 -1.5147
v 0.4751 5.2135 -1.5497
v 0.4445 5.2074 -1.6151
v 0.488 5.1767 -1.6261
v 0.488 5.1767 -1.6261
v 0.488 5.1767 -1.6261
v 0.488 5.1767 -1.6261
v 0.488 5.1767 -1.6261
v 0.488 5.1767 -1.6261
v 0.488 5.1767 -1.6261
v 0.488 5.1767 -1.6261
v 0.488 5.1767 -1.6261
v 0.488 5.1767 -1.6261
v 0.488 5.1767 -1.6261
v -0.1309 7.2401 -0.1309
v -0.1309 7.2401 0.1309
v -0.1309 7.5018 -0.1309
v -0.1309 7.5018 0.1309
v 0.1309 7.2401 -0.1309
v 0.1309 7.2401 0.1309
v 0.1309 7.5018 -0.1309
v 0.1309 7.5018 0.1309
v 0 7.2901 -0.2118
v 0 7.2901 0.2118
v 0 7.4518 -0.2118
v 0 7.4518 0.2118
v -0.0809 7.1592 0
v -0.0809 7.5827 0
v 0.0809 7.1592 0
v 0.0809 7.5827 0
v -0.2118 7.3709 -0.0809
v -0.2118 7.3709 0.0809
v 0.2118 7.3709 -0.0809
v 0.2118 7.3709 0.0809
v 0.2259 7.8557 0.0491
v 0.2259 7.8557 0.0491
v 0.2259 7.8557 0.0491
v 0.2259 7.8557 0.0491
v 0.2259 7.8557 0.0491
v 0.2259 7.8557 0.0491
v 0.2259 7.8557 0.0491
v 0.2259 7.8557 0.0491
v 0.2259 7.8557 0.0491
v 0.2259 7.8557 0.0491
v 0.2259 7.8557 0.0491
v 0.2818 7.8205 0.0452
v 0.27 7.8101 0.1396
v 0.2404 7.8054 0.1979
v 0.2044 7.8083 0.1981
v 0.1756 7.8176 0.1398
v 0.1651 7.8299 0.0455
v 0.1768 7.8404 -0.0488
v 0.2064 7.8451 -0.1072
v 0.2425 7.8422 -0.1073
v 0.2713 7.8328 -0.0491
v 0.2818 7.8205 0.0452
v 0.3243 7.7297 0.0345
v 0.3025 7.7104 0.2089
v 0.2479 7.7017 0.3168
v 0.1812 7.7071 0.317
v 0.128 7.7243 0.2094
v 0.1086 7.747 0.0352
v 0.1303 7.7663 -0.1392
v 0.185 7.775 -0.2471
v 0.2516 7.7696 -0.2473
v 0.3048 7.7523 -0.1397
v 0.3243 7.7297 0.0345
v 0.3469 7.597 0.0187
v 0.3184 7.5718 0.2465
v 0.247 7.5605 0.3875
v 0.16 7.5674 0.3877
v 0.0904 7.59 0.2472
v 0.0651 7.6196 0.0196
v 0.0935 7.6449 -0.2083
v 0.1649 7.6562 -0.3492
v 0.2519 7.6492 -0.3495
v 0.3215 7.6266 -0.2089
v 0.3469 7.597 0.0187
v 0.3461 7.4427 0.0001
v 0.3153 7.4154 0.2467
v 0.2381 7.4031 0.3993
v 0.1438 7.4107 0.3996
v 0.0686 7.4351 0.2474
v 0.0411 7.4672 0.001
v 0.0719 7.4945 -0.2455
v 0.1491 7.5068 -0.3981
v 0.2434 7.4992 -0.3984
v 0.3186 7.4747 -0.2463
v 0.3461 7.4427 0.0001
v 0.3221 7.2903 -0.0184
v 0.2937 7.265 0.2094
v 0.2223 7.2537 0.3504
v 0.1353 7.2607 0.3506
v 0.0657 7.2833 0.2101
v 0.0403 7.3129 -0.0176
v 0.0688 7.3381 -0.2454
v 0.1402 7.3494 -0.3863
v 0.2272 7.3425 -0.3866
v 0.2968 7.3199 -0.246
v 0.3221 7.2903 -0.0184
v 0.2786 7.1629 -0.034
v 0.2569 7.1436 0.1403
v 0.2022 7.1349 0.2482
v 0.1356 7.1402 0.2484
v 0.0824 7.1575 0.1409
v 0.0629 7.1802 -0.0334
v 0.0847 7.1995 -0.2077
v 0.1393 7.2082 -0.3156
v 0.206 7.2028 -0.3158
v 0.2592 7.1855 -0.2083
v 0.2786 7.1629 -0.034
v 0.2221 7.08 -0.0444
v 0.2104 7.0695 0.05
v 0.1808 7.0648 0.1084
v 0.1447 7.0677 0.1085
v 0.1159 7.0771 0.0503
v 0.1054 7.0893 -0.044
v 0.1172 7.0998 -0.1384
v 0.1468 7.1045 -0.1968
v 0.1828 7.1016 -0.1969
v 0.2116 7.0922 -0.1387
v 0.2221 7.08 -0.0444
v 0.1613 7.0542 -0.0479
v 0.1613 7.0542 -0.0479
v 0.1613 7.0542 -0.0479
v 0.1613 7.0542 -0.0479
v 0.1613 7.0542 -0.0479
v 0.1613 7.0542 -0.0479
v 0.1613 7.0542 -0.0479
v 0.1613 7.0542 -0.0479
v 0.1613 7.0542 -0.0479
v 0.1613 7.0542 -0.0479
v 0.1613 7.0542 -0.0479
v 0.0799 7.8519 0.1935
v 0.0799 7.8519 0.1935
v 0.0799 7.8519 0.1935
v 0.0799 7.8519 0.1935
v 0.0799 7.8519 0.1935
v 0.0799 7.8519 0.1935
v 0.0799 7.8519 0.1935
v 0.0799 7.8519 0.1935
v 0.0799 7.8519 0.1935
v 0.0799 7.8519 0.1935
v 0.0799 7.8519 0.1935
v 0.0736 7.8217 0.1349
v 0.1667 7.8028 0.1458
v 0.2244 7.7911 0.1749
v 0.2245 7.7911 0.2111
v 0.167 7.8028 0.2406
v 0.0739 7.8216 0.252
v -0.0192 7.8405 0.2411
v -0.0769 7.8522 0.212
v -0.077 7.8522 0.1758
v -0.0195 7.8405 0.1464
v 0.0736 7.8217 0.1349
v 0.056 7.7356 0.0853
v 0.2281 7.7008 0.1055
v 0.3346 7.6792 0.1592
v 0.3348 7.6792 0.2261
v 0.2286 7.7007 0.2805
v 0.0566 7.7356 0.3017
v -0.1155 7.7705 0.2815
v -0.222 7.792 0.2278
v -0.2222 7.7921 0.1609
v -0.116 7.7705 0.1065
v 0.056 7.7356 0.0853
v 0.0298 7.6069 0.0522
v 0.2547 7.5613 0.0785
v 0.3938 7.5331 0.1488
v 0.3941 7.5331 0.2361
v 0.2554 7.5612 0.3072
v 0.0306 7.6068 0.3349
v -0.1943 7.6524 0.3086
v -0.3334 7.6806 0.2383
v -0.3337 7.6806 0.151
v -0.1949 7.6524 0.0799
v 0.0298 7.6069 0.0522
v -0.001 7.455 0.0406
v 0.2424 7.4056 0.0691
v 0.393 7.3751 0.1451
v 0.3933 7.3751 0.2397
v 0.2431 7.4056 0.3166
v -0.0001 7.4549 0.3466
v -0.2435 7.5042 0.3181
v -0.3942 7.5347 0.2421
v -0.3944 7.5348 0.1475
v -0.2443 7.5043 0.0706
v -0.001 7.455 0.0406
v -0.0318 7.3031 0.0523
v 0.1931 7.2575 0.0786
v 0.3322 7.2293 0.1489
v 0.3325 7.2293 0.2362
v 0.1938 7.2574 0.3073
v -0.0309 7.303 0.335
v -0.2558 7.3486 0.3087
v -0.395 7.3768 0.2384
v -0.3952 7.3768 0.1511
v -0.2565 7.3486 0.08
v -0.0318 7.3031 0.0523
v -0.0578 7.1743 0.0855
v 0.1143 7.1394 0.1057
v 0.2208 7.1178 0.1594
v 0.221 7.1178 0.2263
v 0.1148 7.1394 0.2807
v -0.0571 7.1742 0.3019
v -0.2293 7.2091 0.2817
v -0.3358 7.2307 0.228
v -0.336 7.2307 0.1611
v -0.2298 7.2092 0.1067
v -0.0578 7.1743 0.0855
v -0.0751 7.0882 0.1352
v 0.0181 7.0694 0.1461
v 0.0757 7.0577 0.1752
v 0.0758 7.0577 0.2114
v 0.0183 7.0693 0.2408
v -0.0747 7.0882 0.2523
v -0.1679 7.1071 0.2414
v -0.2255 7.1188 0.2123
v -0.2256 7.1188 0.1761
v -0.1682 7.1071 0.1466
v -0.0751 7.0882 0.1352
v -0.081 7.058 0.1937
v -0.081 7.058 0.1937
v -0.081 7.058 0.1937
v -0.081 7.058 0.1937
v -0.081 7.058 0.1937
v -0.081 7.058 0.1937
v -0.081 7.058 0.1937
v -0.081 7.058 0.1937
v -0.081 7.058 0.1937
v -0.081 7.058 0.1937
v -0.081 7.058 0.1937
v -0.1616 7.8558 -0.0491
v -0.1616 7.8558 -0.0491
v -0.1616 7.8558 -0.0491
v -0.1616 7.8558 -0.0491
v -0.1616 7.8558 -0.0491
v -0.1616 7.8558 -0.0491
v -0.1616 7.8558 -0.0491
v -0.1616 7.8558 -0.0491
v -0.1616 7.8558 -0.0491
v -0.1616 7.8558 -0.0491
v -0.1616 7.8558 -0.0491
v -0.2224 7.8299 -0.0452
v -0.2125 7.8177 -0.1396
v -0.184 7.8084 -0.1979
v -0.1479 7.8055 -0.1981
v -0.118 7.8101 -0.1398
v -0.1057 7.8206 -0.0455
v -0.1156 7.8328 0.0488
v -0.1441 7.8421 0.1072
v -0.1802 7.845 0.1073
v -0.2101 7.8403 0.0491
v -0.2224 7.8299 -0.0452
v -0.2788 7.747 -0.0345
v -0.2604 7.7244 -0.2089
v -0.2079 7.7072 -0.3168
v -0.1412 7.7019 -0.317
v -0.0859 7.7105 -0.2094
v -0.0631 7.7297 -0.0352
v -0.0815 7.7523 0.1392
v -0.1341 7.7695 0.2471
v -0.2007 7.7749 0.2473
v -0.256 7.7663 0.1397
v -0.2788 7.747 -0.0345
v -0.3223 7.6196 -0.0187
v -0.2982 7.5901 -0.2465
v -0.2295 7.5676 -0.3875
v -0.1425 7.5606 -0.3877
v -0.0702 7.5719 -0.2472
v -0.0405 7.597 -0.0196
v -0.0645 7.6265 0.2083
v -0.1332 7.649 0.3492
v -0.2203 7.656 0.3495
v -0.2925 7.6448 0.2089
v -0.3223 7.6196 -0.0187
v -0.3461 7.4672 -0.0001
v -0.3201 7.4353 -0.2467
v -0.2458 7.4109 -0.3993
v -0.1515 7.4033 -0.3996
v -0.0733 7.4155 -0.2474
v -0.0411 7.4427 -0.001
v -0.0671 7.4746 0.2455
v -0.1414 7.499 0.3981
v -0.2357 7.5066 0.3984
v -0.3139 7.4944 0.2463
v -0.3461 7.4672 -0.0001
v -0.3467 7.3129 0.0184
v -0.3227 7.2834 -0.2094
v -0.254 7.2608 -0.3504
v -0.1669 7.2539 -0.3506
v -0.0947 7.2651 -0.2101
v -0.0649 7.2903 0.0176
v -0.089 7.3197 0.2454
v -0.1577 7.3423 0.3863
v -0.2447 7.3493 0.3866
v -0.317 7.338 0.246
v -0.3467 7.3129 0.0184
v -0.3241 7.1802 0.034
v -0.3057 7.1576 -0.1403
v -0.2531 7.1404 -0.2482
v -0.1864 7.135 -0.2484
v -0.1312 7.1436 -0.1409
v -0.1084 7.1629 0.0334
v -0.1268 7.1854 0.2077
v -0.1793 7.2027 0.3156
v -0.246 7.208 0.3158
v -0.3013 7.1994 0.2083
v -0.3241 7.1802 0.034
v -0.2815 7.0893 0.0444
v -0.2716 7.0771 -0.05
v -0.2431 7.0678 -0.1084
v -0.207 7.0649 -0.1085
v -0.1771 7.0695 -0.0503
v -0.1648 7.08 0.044
v -0.1747 7.0922 0.1384
v -0.2032 7.1015 0.1968
v -0.2393 7.1044 0.1969
v -0.2692 7.0997 0.1387
v -0.2815 7.0893 0.0444
v -0.2256 7.0541 0.0479
v -0.2256 7.0541 0.0479
v -0.2256 7.0541 0.0479
v -0.2256 7.0541 0.0479
v -0.2256 7.0541 0.0479
v -0.2256 7.0541 0.0479
v -0.2256 7.0541 0.0479
v -0.2256 7.0541 0.0479
v -0.2256 7.0541 0.0479
v -0.2256 7.0541 0.0479
v -0.2256 7.0541 0.0479
v -0.0156 7.8596 -0.1935
v -0.0156 7.8596 -0.1935
v -0.0156 7.8596 -0.1935
v -0.0156 7.8596 -0.1935
v -0.0156 7.8596 -0.1935
v -0.0156 7.8596 -0.1935
v -0.0156 7.8596 -0.1935
v -0.0156 7.8596 -0.1935
v -0.0156 7.8596 -0.1935
v -0.0156 7.8596 -0.1935
v -0.0156 7.8596 -0.1935
v -0.0142 7.8288 -0.1349
v -0.1092 7.825 -0.1458
v -0.1679 7.8227 -0.1749
v -0.168 7.8227 -0.2111
v -0.1095 7.825 -0.2406
v -0.0146 7.8288 -0.252
v 0.0804 7.8326 -0.2411
v 0.1392 7.835 -0.212
v 0.1393 7.835 -0.1758
v 0.0807 7.8326 -0.1464
v -0.0142 7.8288 -0.1349
v -0.0106 7.7411 -0.0853
v -0.186 7.7341 -0.1055
v -0.2946 7.7297 -0.1592
v -0.2948 7.7297 -0.2261
v -0.1866 7.7341 -0.2805
v -0.0112 7.7411 -0.3017
v 0.1643 7.7481 -0.2815
v 0.2729 7.7525 -0.2278
v 0.2731 7.7524 -0.1609
v 0.1648 7.7481 -0.1065
v -0.0106 7.7411 -0.0853
v -0.0052 7.6098 -0.0522
v -0.2345 7.6006 -0.0785
v -0.3763 7.595 -0.1488
v -0.3766 7.595 -0.2361
v -0.2352 7.6007 -0.3072
v -0.006 7.6098 -0.3349
v 0.2232 7.619 -0.3086
v 0.3651 7.6247 -0.2383
v 0.3654 7.6246 -0.151
v 0.2239 7.619 -0.0799
v -0.0052 7.6098 -0.0522
v 0.001 7.4549 -0.0406
v -0.2471 7.445 -0.0691
v -0.4007 7.4389 -0.1451
v -0.401 7.4389 -0.2397
v -0.2479 7.445 -0.3166
v 0.0001 7.455 -0.3466
v 0.2483 7.4649 -0.3181
v 0.4018 7.471 -0.2421
v 0.4021 7.471 -0.1475
v 0.249 7.4648 -0.0706
v 0.001 7.4549 -0.0406
v 0.0072 7.3 -0.0523
v -0.2221 7.2909 -0.0786
v -0.3639 7.2852 -0.1489
v -0.3642 7.2852 -0.2362
v -0.2228 7.2909 -0.3073
v 0.0064 7.3001 -0.335
v 0.2356 7.3093 -0.3087
v 0.3775 7.3149 -0.2384
v 0.3778 7.3149 -0.1511
v 0.2363 7.3092 -0.08
v 0.0072 7.3 -0.0523
v 0.0124 7.1688 -0.0855
v -0.1631 7.1618 -0.1057
v -0.2717 7.1574 -0.1594
v -0.2719 7.1574 -0.2263
v -0.1637 7.1618 -0.2807
v 0.0117 7.1688 -0.3019
v 0.1872 7.1758 -0.2817
v 0.2958 7.1802 -0.228
v 0.296 7.1801 -0.1611
v 0.1877 7.1758 -0.1067
v 0.0124 7.1688 -0.0855
v 0.0157 7.0811 -0.1352
v -0.0793 7.0773 -0.1461
v -0.138 7.0749 -0.1752
v -0.1381 7.0749 -0.2114
v -0.0795 7.0773 -0.2408
v 0.0154 7.0811 -0.2523
v 0.1103 7.0849 -0.2414
v 0.1691 7.0872 -0.2123
v 0.1692 7.0872 -0.1761
v 0.1106 7.0849 -0.1466
v 0.0157 7.0811 -0.1352
v 0.0168 7.0503 -0.1937
v 0.0168 7.0503 -0.1937
v 0.0168 7.0503 -0.1937
v 0.0168 7.0503 -0.1937
v 0.0168 7.0503 -0.1937
v 0.0168 7.0503 -0.1937
v 0.0168 7.0503 -0.1937
v 0.0168 7.0503 -0.1937
v 0.0168 7.0503 -0.1937
v 0.0168 7.0503 -0.1937
v 0.0168 7.0503 -0.1937
vt 0 0
vt 0.1 0
vt 0.2 0
vt 0.3 0
vt 0.4 0
vt 0.5 0
vt 0.6 0
vt 0.7 0
vt 0.8 0
vt 0.9 0
vt 0 1
vt 0.1 1
vt 0.2 1
vt 0.3 1
vt 0.4 1
vt 0.5 1
vt 0.6 1
vt 0.7 1
vt 0.8 1
vt 0.9 1
vt 0.5 0.5
vt 0.5 0.5
vt 0 0
vt 0.1 0
vt 0.2 0
vt 0.3 0
vt 0.4 0
vt 0.5 0
vt 0.6 0
vt 0.7 0
vt 0.8 0
vt 0.9 0
vt 0 1
vt 0.1 1
vt 0.2 1
vt 0.3 1
vt 0.4 1
vt 0.5 1
vt 0.6 1
vt 0.7 1
vt 0.8 1
vt 0.9 1
vt 0.5 0.5
vt 0.5 0.5
vt 0 0
vt 0.125 0
vt 0.25 0
vt 0.375 0
vt 0.5 0
vt 0.625 0
vt 0.75 0
vt 0.875 0
vt 0 1
vt 0.125 1
vt 0.25 1
vt 0.375 1
vt 0.5 1
vt 0.625 1
vt 0.75 1
vt 0.875 1
vt 0.5 0.5
vt 0.5 0.5
vt 0 0
vt 0.14285714285714285 0
vt 0.2857142857142857 0
vt 0.42857142857142855 0
vt 0.5714285714285714 0
vt 0.7142857142857143 0
vt 0.8571428571428571 0
vt 0 1
vt 0.14285714285714285 1
vt 0.2857142857142857 1
vt 0.42857142857142855 1
vt 0.5714285714285714 1
vt 0.7142857142857143 1
vt 0.8571428571428571 1
vt 0.5 0.5
vt 0.5 0.5
vt 0.5 0.5
vt 0.5 0.5
vt 0.5 0.5
vt 0.5 0.5
vt 0.5 0.5
vt 0.5 0.5
vt 0.5 0.5
vt 0.5 0.5
vt 0.5 0.5
vt 0.5 0.5
vt 0.5 0.5
vt 0.5 0.5
vt 0.5 0.5
vt 0.5 0.5
vt 0.5 0.5
vt 0.5 0.5
vt 0.5 0.5
vt 0.5 0.5
vt 0.5 0.5
vt 0.5 0.5
vt 0 0
vt 0.1 0
vt 0.2 0
vt 0.3 0
vt 0.4 0
vt 0.5 0
vt 0.6 0
vt 0.7 0
vt 0.8 0
vt 0.9 0
vt 1 0
vt 0 0.125
vt 0.1 0.125
vt 0.2 0.125
vt 0.3 0.125
vt 0.4 0.125
vt 0.5 0.125
vt 0.6 0.125
vt 0.7 0.125
vt 0.8 0.125
vt 0.9 0.125
vt 1 0.125
vt 0 0.25
vt 0.1 0.25
vt 0.2 0.25
vt 0.3 0.25
vt 0.4 0.25
vt 0.5 0.25
vt 0.6 0.25
vt 0.7 0.25
vt 0.8 0.25
vt 0.9 0.25
vt 1 0.25
vt 0 0.375
vt 0.1 0.375
vt 0.2 0.375
vt 0.3 0.375
vt 0.4 0.375
vt 0.5 0.375
vt 0.6 0.375
vt 0.7 0.375
vt 0.8 0.375
vt 0.9 0.375
vt 1 0.375
vt 0 0.5
vt 0.1 0.5
vt 0.2 0.5
vt 0.3 0.5
vt 0.4 0.5
vt 0.5 0.5
vt 0.6 0.5
vt 0.7 0.5
vt 0.8 0.5
vt 0.9 0.5
vt 1 0.5
vt 0 0.625
vt 0.1 0.625
vt 0.2 0.625
vt 0.3 0.625
vt 0.4 0.625
vt 0.5 0.625
vt 0.6 0.625
vt 0.7 0.625
vt 0.8 0.625
vt 0.9 0.625
vt 1 0.625
vt 0 0.75
vt 0.1 0.75
vt 0.2 0.75
vt 0.3 0.75
vt 0.4 0.75
vt 0.5 0.75
vt 0.6 0.75
vt 0.7 0.75
vt 0.8 0.75
vt 0.9 0.75
vt 1 0.75
vt 0 0.875
vt 0.1 0.875
vt 0.2 0.875
vt 0.3 0.875
vt 0.4 0.875
vt 0.5 0.875
vt 0.6 0.875
vt 0.7 0.875
vt 0.8 0.875
vt 0.9 0.875
vt 1 0.875
vt 0 1
vt 0.1 1
vt 0.2 1
vt 0.3 1
vt 0.4 1
vt 0.5 1
vt 0.6 1
vt 0.7 1
vt 0.8 1
vt 0.9 1
vt 1 1
vt 0 0
vt 0.1 0
vt 0.2 0
vt 0.3 0
vt 0.4 0
vt 0.5 0
vt 0.6 0
vt 0.7 0
vt 0.8 0
vt 0.9 0
vt 1 0
vt 0 0.125
vt 0.1 0.125
vt 0.2 0.125
vt 0.3 0.125
vt 0.4 0.125
vt 0.5 0.125
vt 0.6 0.125
vt 0.7 0.125
vt 0.8 0.125
vt 0.9 0.125
vt 1 0.125
vt 0 0.25
vt 0.1 0.25
vt 0.2 0.25
vt 0.3 0.25
vt 0.4 0.25
vt 0.5 0.25
vt 0.6 0.25
vt 0.7 0.25
vt 0.8 0.25
vt 0.9 0.25
vt 1 0.25
vt 0 0.375
vt 0.1 0.375
vt 0.2 0.375
vt 0.3 0.375
vt 0.4 0.375
vt 0.5 0.375
vt 0.6 0.375
vt 0.7 0.375
vt 0.8 0.375
vt 0.9 0.375
vt 1 0.375
vt 0 0.5
vt 0.1 0.5
vt 0.2 0.5
vt 0.3 0.5
vt 0.4 0.5
vt 0.5 0.5
vt 0.6 0.5
vt 0.7 0.5
vt 0.8 0.5
vt 0.9 0.5
vt 1 0.5
vt 0 0.625
vt 0.1 0.625
vt 0.2 0.625
vt 0.3 0.625
vt 0.4 0.625
vt 0.5 0.625
vt 0.6 0.625
vt 0.7 0.625
vt 0.8 0.625
vt 0.9 0.625
vt 1 0.625
vt 0 0.75
vt 0.1 0.75
vt 0.2 0.75
vt 0.3 0.75
vt 0.4 0.75
vt 0.5 0.75
vt 0.6 0.75
vt 0.7 0.75
vt 0.8 0.75
vt 0.9 0.75
vt 1 0.75
vt 0 0.875
vt 0.1 0.875
vt 0.2 0.875
vt 0.3 0.875
vt 0.4 0.875
vt 0.5 0.875
vt 0.6 0.875
vt 0.7 0.875
vt 0.8 0.875
vt 0.9 0.875
vt 1 0.875
vt 0 1
vt 0.1 1
vt 0.2 1
vt 0.3 1
vt 0.4 1
vt 0.5 1
vt 0.6 1
vt 0.7 1
vt 0.8 1
vt 0.9 1
vt 1 1
vt 0 0
vt 0.1 0
vt 0.2 0
vt 0.3 0
vt 0.4 0
vt 0.5 0
vt 0.6 0
vt 0.7 0
vt 0.8 0
vt 0.9 0
vt 1 0
vt 0 0.125
vt 0.1 0.125
vt 0.2 0.125
vt 0.3 0.125
vt 0.4 0.125
vt 0.5 0.125
vt 0.6 0.125
vt 0.7 0.125
vt 0.8 0.125
vt 0.9 0.125
vt 1 0.125
vt 0 0.25
vt 0.1 0.25
vt 0.2 0.25
vt 0.3 0.25
vt 0.4 0.25
vt 0.5 0.25
vt 0.6 0.25
vt 0.7 0.25
vt 0.8 0.25
vt 0.9 0.25
vt 1 0.25
vt 0 0.375
vt 0.1 0.375
vt 0.2 0.375
vt 0.3 0.375
vt 0.4 0.375
vt 0.5 0.375
vt 0.6 0.375
vt 0.7 0.375
vt 0.8 0.375
vt 0.9 0.375
vt 1 0.375
vt 0 0.5
vt 0.1 0.5
vt 0.2 0.5
vt 0.3 0.5
vt 0.4 0.5
vt 0.5 0.5
vt 0.6 0.5
vt 0.7 0.5
vt 0.8 0.5
vt 0.9 0.5
vt 1 0.5
vt 0 0.625
vt 0.1 0.625
vt 0.2 0.625
vt 0.3 0.625
vt 0.4 0.625
vt 0.5 0.625
vt 0.6 0.625
vt 0.7 0.625
vt 0.8 0.625
vt 0.9 0.625
vt 1 0.625
vt 0 0.75
vt 0.1 0.75
vt 0.2 0.75
vt 0.3 0.75
vt 0.4 0.75
vt 0.5 0.75
vt 0.6 0.75
vt 0.7 0.75
vt 0.8 0.75
vt 0.9 0.75
vt 1 0.75
vt 0 0.875
vt 0.1 0.875
vt 0.2 0.875
vt 0.3 0.875
vt 0.4 0.875
vt 0.5 0.875
vt 0.6 0.875
vt 0.7 0.875
vt 0.8 0.875
vt 0.9 0.875
vt 1 0.875
vt 0 1
vt 0.1 1
vt 0.2 1
vt 0.3 1
vt 0.4 1
vt 0.5 1
vt 0.6 1
vt 0.7 1
vt 0.8 1
vt 0.9 1
vt 1 1
vt 0 0
vt 0.1 0
vt 0.2 0
vt 0.3 0
vt 0.4 0
vt 0.5 0
vt 0.6 0
vt 0.7 0
vt 0.8 0
vt 0.9 0
vt 1 0
vt 0 0.125
vt 0.1 0.125
vt 0.2 0.125
vt 0.3 0.125
vt 0.4 0.125
vt 0.5 0.125
vt 0.6 0.125
vt 0.7 0.125
vt 0.8 0.125
vt 0.9 0.125
vt 1 0.125
vt 0 0.25
vt 0.1 0.25
vt 0.2 0.25
vt 0.3 0.25
vt 0.4 0.25
vt 0.5 0.25
vt 0.6 0.25
vt 0.7 0.25
vt 0.8 0.25
vt 0.9 0.25
vt 1 0.25
vt 0 0.375
vt 0.1 0.375
vt 0.2 0.375
vt 0.3 0.375
vt 0.4 0.375
vt 0.5 0.375
vt 0.6 0.375
vt 0.7 0.375
vt 0.8 0.375
vt 0.9 0.375
vt 1 0.375
vt 0 0.5
vt 0.1 0.5
vt 0.2 0.5
vt 0.3 0.5
vt 0.4 0.5
vt 0.5 0.5
vt 0.6 0.5
vt 0.7 0.5
vt 0.8 0.5
vt 0.9 0.5
vt 1 0.5
vt 0 0.625
vt 0.1 0.625
vt 0.2 0.625
vt 0.3 0.625
vt 0.4 0.625
vt 0.5 0.625
vt 0.6 0.625
vt 0.7 0.625
vt 0.8 0.625
vt 0.9 0.625
vt 1 0.625
vt 0 0.75
vt 0.1 0.75
vt 0.2 0.75
vt 0.3 0.75
vt 0.4 0.75
vt 0.5 0.75
vt 0.6 0.75
vt 0.7 0.75
vt 0.8 0.75
vt 0.9 0.75
vt 1 0.75
vt 0 0.875
vt 0.1 0.875
vt 0.2 0.875
vt 0.3 0.875
vt 0.4 0.875
vt 0.5 0.875
vt 0.6 0.875
vt 0.7 0.875
vt 0.8 0.875
vt 0.9 0.875
vt 1 0.875
vt 0 1
vt 0.1 1
vt 0.2 1
vt 0.3 1
vt 0.4 1
vt 0.5 1
vt 0.6 1
vt 0.7 1
vt 0.8 1
vt 0.9 1
vt 1 1
vt 0 0
vt 0.125 0
vt 0.25 0
vt 0.375 0
vt 0.5 0
vt 0.625 0
vt 0.75 0
vt 0.875 0
vt 0 1
vt 0.125 1
vt 0.25 1
vt 0.375 1
vt 0.5 1
vt 0.625 1
vt 0.75 1
vt 0.875 1
vt 0.5 0.5
vt 0.5 0.5
vt 0 0
vt 0.14285714285714285 0
vt 0.2857142857142857 0
vt 0.42857142857142855 0
vt 0.5714285714285714 0
vt 0.7142857142857143 0
vt 0.8571428571428571 0
vt 0 1
vt 0.14285714285714285 1
vt 0.2857142857142857 1
vt 0.42857142857142855 1
vt 0.5714285714285714 1
vt 0.7142857142857143 1
vt 0.8571428571428571 1
vt 0.5 0.5
vt 0.5 0.5
vt 0.5 0.5
vt 0.5 0.5
vt 0.5 0.5
vt 0.5 0.5
vt 0.5 0.5
vt 0.5 0.5
vt 0.5 0.5
vt 0.5 0.5
vt 0.5 0.5
vt 0.5 0.5
vt 0.5 0.5
vt 0.5 0.5
vt 0.5 0.5
vt 0.5 0.5
vt 0.5 0.5
vt 0.5 0.5
vt 0.5 0.5
vt 0.5 0.5
vt 0.5 0.5
vt 0.5 0.5
vt 0 0
vt 0.1 0
vt 0.2 0
vt 0.3 0
vt 0.4 0
vt 0.5 0
vt 0.6 0
vt 0.7 0
vt 0.8 0
vt 0.9 0
vt 1 0
vt 0 0.125
vt 0.1 0.125
vt 0.2 0.125
vt 0.3 0.125
vt 0.4 0.125
vt 0.5 0.125
vt 0.6 0.125
vt 0.7 0.125
vt 0.8 0.125
vt 0.9 0.125
vt 1 0.125
vt 0 0.25
vt 0.1 0.25
vt 0.2 0.25
vt 0.3 0.25
vt 0.4 0.25
vt 0.5 0.25
vt 0.6 0.25
vt 0.7 0.25
vt 0.8 0.25
vt 0.9 0.25
vt 1 0.25
vt 0 0.375
vt 0.1 0.375
vt 0.2 0.375
vt 0.3 0.375
vt 0.4 0.375
vt 0.5 0.375
vt 0.6 0.375
vt 0.7 0.375
vt 0.8 0.375
vt 0.9 0.375
vt 1 0.375
vt 0 0.5
vt 0.1 0.5
vt 0.2 0.5
vt 0.3 0.5
vt 0.4 0.5
vt 0.5 0.5
vt 0.6 0.5
vt 0.7 0.5
vt 0.8 0.5
vt 0.9 0.5
vt 1 0.5
vt 0 0.625
vt 0.1 0.625
vt 0.2 0.625
vt 0.3 0.625
vt 0.4 0.625
vt 0.5 0.625
vt 0.6 0.625
vt 0.7 0.625
vt 0.8 0.625
vt 0.9 0.625
vt 1 0.625
vt 0 0.75
vt 0.1 0.75
vt 0.2 0.75
vt 0.3 0.75
vt 0.4 0.75
vt 0.5 0.75
vt 0.6 0.75
vt 0.7 0.75
vt 0.8 0.75
vt 0.9 0.75
vt 1 0.75
vt 0 0.875
vt 0.1 0.875
vt 0.2 0.875
vt 0.3 0.875
vt 0.4 0.875
vt 0.5 0.875
vt 0.6 0.875
vt 0.7 0.875
vt 0.8 0.875
vt 0.9 0.875
vt 1 0.875
vt 0 1
vt 0.1 1
vt 0.2 1
vt 0.3 1
vt 0.4 1
vt 0.5 1
vt 0.6 1
vt 0.7 1
vt 0.8 1
vt 0.9 1
vt 1 1
vt 0 0
vt 0.1 0
vt 0.2 0
vt 0.3 0
vt 0.4 0
vt 0.5 0
vt 0.6 0
vt 0.7 0
vt 0.8 0
vt 0.9 0
vt 1 0
vt 0 0.125
vt 0.1 0.125
vt 0.2 0.125
vt 0.3 0.125
vt 0.4 0.125
vt 0.5 0.125
vt 0.6 0.125
vt 0.7 0.125
vt 0.8 0.125
vt 0.9 0.125
vt 1 0.125
vt 0 0.25
vt 0.1 0.25
vt 0.2 0.25
vt 0.3 0.25
vt 0.4 0.25
vt 0.5 0.25
vt 0.6 0.25
vt 0.7 0.25
vt 0.8 0.25
vt 0.9 0.25
vt 1 0.25
vt 0 0.375
vt 0.1 0.375
vt 0.2 0.375
vt 0.3 0.375
vt 0.4 0.375
vt 0.5 0.375
vt 0.6 0.375
vt 0.7 0.375
vt 0.8 0.375
vt 0.9 0.375
vt 1 0.375
vt 0 0.5
vt 0.1 0.5
vt 0.2 0.5
vt 0.3 0.5
vt 0.4 0.5
vt 0.5 0.5
vt 0.6 0.5
vt 0.7 0.5
vt 0.8 0.5
vt 0.9 0.5
vt 1 0.5
vt 0 0.625
vt 0.1 0.625
vt 0.2 0.625
vt 0.3 0.625
vt 0.4 0.625
vt 0.5 0.625
vt 0.6 0.625
vt 0.7 0.625
vt 0.8 0.625
vt 0.9 0.625
vt 1 0.625
vt 0 0.75
vt 0.1 0.75
vt 0.2 0.75
vt 0.3 0.75
vt 0.4 0.75
vt 0.5 0.75
vt 0.6 0.75
vt 0.7 0.75
vt 0.8 0.75
vt 0.9 0.75
vt 1 0.75
vt 0 0.875
vt 0.1 0.875
vt 0.2 0.875
vt 0.3 0.875
vt 0.4 0.875
vt 0.5 0.875
vt 0.6 0.875
vt 0.7 0.875
vt 0.8 0.875
vt 0.9 0.875
vt 1 0.875
vt 0 1
vt 0.1 1
vt 0.2 1
vt 0.3 1
vt 0.4 1
vt 0.5 1
vt 0.6 1
vt 0.7 1
vt 0.8 1
vt 0.9 1
vt 1 1
vt 0 0
vt 0.1 0
vt 0.2 0
vt 0.3 0
vt 0.4 0
vt 0.5 0
vt 0.6 0
vt 0.7 0
vt 0.8 0
vt 0.9 0
vt 1 0
vt 0 0.125
vt 0.1 0.125
vt 0.2 0.125
vt 0.3 0.125
vt 0.4 0.125
vt 0.5 0.125
vt 0.6 0.125
vt 0.7 0.125
vt 0.8 0.125
vt 0.9 0.125
vt 1 0.125
vt 0 0.25
vt 0.1 0.25
vt 0.2 0.25
vt 0.3 0.25
vt 0.4 0.25
vt 0.5 0.25
vt 0.6 0.25
vt 0.7 0.25
vt 0.8 0.25
vt 0.9 0.25
vt 1 0.25
vt 0 0.375
vt 0.1 0.375
vt 0.2 0.375
vt 0.3 0.375
vt 0.4 0.375
vt 0.5 0.375
vt 0.6 0.375
vt 0.7 0.375
vt 0.8 0.375
vt 0.9 0.375
vt 1 0.375
vt 0 0.5
vt 0.1 0.5
vt 0.2 0.5
vt 0.3 0.5
vt 0.4 0.5
vt 0.5 0.5
vt 0.6 0.5
vt 0.7 0.5
vt 0.8 0.5
vt 0.9 0.5
vt 1 0.5
vt 0 0.625
vt 0.1 0.625
vt 0.2 0.625
vt 0.3 0.625
vt 0.4 0.625
vt 0.5 0.625
vt 0.6 0.625
vt 0.7 0.625
vt 0.8 0.625
vt 0.9 0.625
vt 1 0.625
vt 0 0.75
vt 0.1 0.75
vt 0.2 0.75
vt 0.3 0.75
vt 0.4 0.75
vt 0.5 0.75
vt 0.6 0.75
vt 0.7 0.75
vt 0.8 0.75
vt 0.9 0.75
vt 1 0.75
vt 0 0.875
vt 0.1 0.875
vt 0.2 0.875
vt 0.3 0.875
vt 0.4 0.875
vt 0.5 0.875
vt 0.6 0.875
vt 0.7 0.875
vt 0.8 0.875
vt 0.9 0.875
vt 1 0.875
vt 0 1
vt 0.1 1
vt 0.2 1
vt 0.3 1
vt 0.4 1
vt 0.5 1
vt 0.6 1
vt 0.7 1
vt 0.8 1
vt 0.9 1
vt 1 1
vt 0 0
vt 0.1 0
vt 0.2 0
vt 0.3 0
vt 0.4 0
vt 0.5 0
vt 0.6 0
vt 0.7 0
vt 0.8 0
vt 0.9 0
vt 1 0
vt 0 0.125
vt 0.1 0.125
vt 0.2 0.125
vt 0.3 0.125
vt 0.4 0.125
vt 0.5 0.125
vt 0.6 0.125
vt 0.7 0.125
vt 0.8 0.125
vt 0.9 0.125
vt 1 0.125
vt 0 0.25
vt 0.1 0.25
vt 0.2 0.25
vt 0.3 0.25
vt 0.4 0.25
vt 0.5 0.25
vt 0.6 0.25
vt 0.7 0.25
vt 0.8 0.25
vt 0.9 0.25
vt 1 0.25
vt 0 0.375
vt 0.1 0.375
vt 0.2 0.375
vt 0.3 0.375
vt 0.4 0.375
vt 0.5 0.375
vt 0.6 0.375
vt 0.7 0.375
vt 0.8 0.375
vt 0.9 0.375
vt 1 0.375
vt 0 0.5
vt 0.1 0.5
vt 0.2 0.5
vt 0.3 0.5
vt 0.4 0.5
vt 0.5 0.5
vt 0.6 0.5
vt 0.7 0.5
vt 0.8 0.5
vt 0.9 0.5
vt 1 0.5
vt 0 0.625
vt 0.1 0.625
vt 0.2 0.625
vt 0.3 0.625
vt 0.4 0.625
vt 0.5 0.625
vt 0.6 0.625
vt 0.7 0.625
vt 0.8 0.625
vt 0.9 0.625
vt 1 0.625
vt 0 0.75
vt 0.1 0.75
vt 0.2 0.75
vt 0.3 0.75
vt 0.4 0.75
vt 0.5 0.75
vt 0.6 0.75
vt 0.7 0.75
vt 0.8 0.75
vt 0.9 0.75
vt 1 0.75
vt 0 0.875
vt 0.1 0.875
vt 0.2 0.875
vt 0.3 0.875
vt 0.4 0.875
vt 0.5 0.875
vt 0.6 0.875
vt 0.7 0.875
vt 0.8 0.875
vt 0.9 0.875
vt 1 0.875
vt 0 1
vt 0.1 1
vt 0.2 1
vt 0.3 1
vt 0.4 1
vt 0.5 1
vt 0.6 1
vt 0.7 1
vt 0.8 1
vt 0.9 1
vt 1 1
vt 0 0
vt 0.125 0
vt 0.25 0
vt 0.375 0
vt 0.5 0
vt 0.625 0
vt 0.75 0
vt 0.875 0
vt 0 1
vt 0.125 1
vt 0.25 1
vt 0.375 1
vt 0.5 1
vt 0.625 1
vt 0.75 1
vt 0.875 1
vt 0.5 0.5
vt 0.5 0.5
vt 0 0
vt 0.14285714285714285 0
vt 0.2857142857142857 0
vt 0.42857142857142855 0
vt 0.5714285714285714 0
vt 0.7142857142857143 0
vt 0.8571428571428571 0
vt 0 1
vt 0.14285714285714285 1
vt 0.2857142857142857 1
vt 0.42857142857142855 1
vt 0.5714285714285714 1
vt 0.7142857142857143 1
vt 0.8571428571428571 1
vt 0.5 0.5
vt 0.5 0.5
vt 0.5 0.5
vt 0.5 0.5
vt 0.5 0.5
vt 0.5 0.5
vt 0.5 0.5
vt 0.5 0.5
vt 0.5 0.5
vt 0.5 0.5
vt 0.5 0.5
vt 0.5 0.5
vt 0.5 0.5
vt 0.5 0.5
vt 0.5 0.5
vt 0.5 0.5
vt 0.5 0.5
vt 0.5 0.5
vt 0.5 0.5
vt 0.5 0.5
vt 0.5 0.5
vt 0.5 0.5
vt 0 0
vt 0.1 0
vt 0.2 0
vt 0.3 0
vt 0.4 0
vt 0.5 0
vt 0.6 0
vt 0.7 0
vt 0.8 0
vt 0.9 0
vt 1 0
vt 0 0.125
vt 0.1 0.125
vt 0.2 0.125
vt 0.3 0.125
vt 0.4 0.125
vt 0.5 0.125
vt 0.6 0.125
vt 0.7 0.125
vt 0.8 0.125
vt 0.9 0.125
vt 1 0.125
vt 0 0.25
vt 0.1 0.25
vt 0.2 0.25
vt 0.3 0.25
vt 0.4 0.25
vt 0.5 0.25
vt 0.6 0.25
vt 0.7 0.25
vt 0.8 0.25
vt 0.9 0.25
vt 1 0.25
vt 0 0.375
vt 0.1 0.375
vt 0.2 0.375
vt 0.3 0.375
vt 0.4 0.375
vt 0.5 0.375
vt 0.6 0.375
vt 0.7 0.375
vt 0.8 0.375
vt 0.9 0.375
vt 1 0.375
vt 0 0.5
vt 0.1 0.5
vt 0.2 0.5
vt 0.3 0.5
vt 0.4 0.5
vt 0.5 0.5
vt 0.6 0.5
vt 0.7 0.5
vt 0.8 0.5
vt 0.9 0.5
vt 1 0.5
vt 0 0.625
vt 0.1 0.625
vt 0.2 0.625
vt 0.3 0.625
vt 0.4 0.625
vt 0.5 0.625
vt 0.6 0.625
vt 0.7 0.625
vt 0.8 0.625
vt 0.9 0.625
vt 1 0.625
vt 0 0.75
vt 0.1 0.75
vt 0.2 0.75
vt 0.3 0.75
vt 0.4 0.75
vt 0.5 0.75
vt 0.6 0.75
vt 0.7 0.75
vt 0.8 0.75
vt 0.9 0.75
vt 1 0.75
vt 0 0.875
vt 0.1 0.875
vt 0.2 0.875
vt 0.3 0.875
vt 0.4 0.875
vt 0.5 0.875
vt 0.6 0.875
vt 0.7 0.875
vt 0.8 0.875
vt 0.9 0.875
vt 1 0.875
vt 0 1
vt 0.1 1
vt 0.2 1
vt 0.3 1
vt 0.4 1
vt 0.5 1
vt 0.6 1
vt 0.7 1
vt 0.8 1
vt 0.9 1
vt 1 1
vt 0 0
vt 0.1 0
vt 0.2 0
vt 0.3 0
vt 0.4 0
vt 0.5 0
vt 0.6 0
vt 0.7 0
vt 0.8 0
vt 0.9 0
vt 1 0
vt 0 0.125
vt 0.1 0.125
vt 0.2 0.125
vt 0.3 0.125
vt 0.4 0.125
vt 0.5 0.125
vt 0.6 0.125
vt 0.7 0.125
vt 0.8 0.125
vt 0.9 0.125
vt 1 0.125
vt 0 0.25
vt 0.1 0.25
vt 0.2 0.25
vt 0.3 0.25
vt 0.4 0.25
vt 0.5 0.25
vt 0.6 0.25
vt 0.7 0.25
vt 0.8 0.25
vt 0.9 0.25
vt 1 0.25
vt 0 0.375
vt 0.1 0.375
vt 0.2 0.375
vt 0.3 0.375
vt 0.4 0.375
vt 0.5 0.375
vt 0.6 0.375
vt 0.7 0.375
vt 0.8 0.375
vt 0.9 0.375
vt 1 0.375
vt 0 0.5
vt 0.1 0.5
vt 0.2 0.5
vt 0.3 0.5
vt 0.4 0.5
vt 0.5 0.5
vt 0.6 0.5
vt 0.7 0.5
vt 0.8 0.5
vt 0.9 0.5
vt 1 0.5
vt 0 0.625
vt 0.1 0.625
vt 0.2 0.625
vt 0.3 0.625
vt 0.4 0.625
vt 0.5 0.625
vt 0.6 0.625
vt 0.7 0.625
vt 0.8 0.625
vt 0.9 0.625
vt 1 0.625
vt 0 0.75
vt 0.1 0.75
vt 0.2 0.75
vt 0.3 0.75
vt 0.4 0.75
vt 0.5 0.75
vt 0.6 0.75
vt 0.7 0.75
vt 0.8 0.75
vt 0.9 0.75
vt 1 0.75
vt 0 0.875
vt 0.1 0.875
vt 0.2 0.875
vt 0.3 0.875
vt 0.4 0.875
vt 0.5 0.875
vt 0.6 0.875
vt 0.7 0.875
vt 0.8 0.875
vt 0.9 0.875
vt 1 0.875
vt 0 1
vt 0.1 1
vt 0.2 1
vt 0.3 1
vt 0.4 1
vt 0.5 1
vt 0.6 1
vt 0.7 1
vt 0.8 1
vt 0.9 1
vt 1 1
vt 0 0
vt 0.1 0
vt 0.2 0
vt 0.3 0
vt 0.4 0
vt 0.5 0
vt 0.6 0
vt 0.7 0
vt 0.8 0
vt 0.9 0
vt 1 0
vt 0 0.125
vt 0.1 0.125
vt 0.2 0.125
vt 0.3 0.125
vt 0.4 0.125
vt 0.5 0.125
vt 0.6 0.125
vt 0.7 0.125
vt 0.8 0.125
vt 0.9 0.125
vt 1 0.125
vt 0 0.25
vt 0.1 0.25
vt 0.2 0.25
vt 0.3 0.25
vt 0.4 0.25
vt 0.5 0.25
vt 0.6 0.25
vt 0.7 0.25
vt 0.8 0.25
vt 0.9 0.25
vt 1 0.25
vt 0 0.375
vt 0.1 0.375
vt 0.2 0.375
vt 0.3 0.375
vt 0.4 0.375
vt 0.5 0.375
vt 0.6 0.375
vt 0.7 0.375
vt 0.8 0.375
vt 0.9 0.375
vt 1 0.375
vt 0 0.5
vt 0.1 0.5
vt 0.2 0.5
vt 0.3 0.5
vt 0.4 0.5
vt 0.5 0.5
vt 0.6 0.5
vt 0.7 0.5
vt 0.8 0.5
vt 0.9 0.5
vt 1 0.5
vt 0 0.625
vt 0.1 0.625
vt 0.2 0.625
vt 0.3 0.625
vt 0.4 0.625
vt 0.5 0.625
vt 0.6 0.625
vt 0.7 0.625
vt 0.8 0.625
vt 0.9 0.625
vt 1 0.625
vt 0 0.75
vt 0.1 0.75
vt 0.2 0.75
vt 0.3 0.75
vt 0.4 0.75
vt 0.5 0.75
vt 0.6 0.75
vt 0.7 0.75
vt 0.8 0.75
vt 0.9 0.75
vt 1 0.75
vt 0 0.875
vt 0.1 0.875
vt 0.2 0.875
vt 0.3 0.875
vt 0.4 0.875
vt 0.5 0.875
vt 0.6 0.875
vt 0.7 0.875
vt 0.8 0.875
vt 0.9 0.875
vt 1 0.875
vt 0 1
vt 0.1 1
vt 0.2 1
vt 0.3 1
vt 0.4 1
vt 0.5 1
vt 0.6 1
vt 0.7 1
vt 0.8 1
vt 0.9 1
vt 1 1
vt 0 0
vt 0.1 0
vt 0.2 0
vt 0.3 0
vt 0.4 0
vt 0.5 0
vt 0.6 0
vt 0.7 0
vt 0.8 0
vt 0.9 0
vt 1 0
vt 0 0.125
vt 0.1 0.125
vt 0.2 0.125
vt 0.3 0.125
vt 0.4 0.125
vt 0.5 0.125
vt 0.6 0.125
vt 0.7 0.125
vt 0.8 0.125
vt 0.9 0.125
vt 1 0.125
vt 0 0.25
vt 0.1 0.25
vt 0.2 0.25
vt 0.3 0.25
vt 0.4 0.25
vt 0.5 0.25
vt 0.6 0.25
vt 0.7 0.25
vt 0.8 0.25
vt 0.9 0.25
vt 1 0.25
vt 0 0.375
vt 0.1 0.375
vt 0.2 0.375
vt 0.3 0.375
vt 0.4 0.375
vt 0.5 0.375
vt 0.6 0.375
vt 0.7 0.375
vt 0.8 0.375
vt 0.9 0.375
vt 1 0.375
vt 0 0.5
vt 0.1 0.5
vt 0.2 0.5
vt 0.3 0.5
vt 0.4 0.5
vt 0.5 0.5
vt 0.6 0.5
vt 0.7 0.5
vt 0.8 0.5
vt 0.9 0.5
vt 1 0.5
vt 0 0.625
vt 0.1 0.625
vt 0.2 0.625
vt 0.3 0.625
vt 0.4 0.625
vt 0.5 0.625
vt 0.6 0.625
vt 0.7 0.625
vt 0.8 0.625
vt 0.9 0.625
vt 1 0.625
vt 0 0.75
vt 0.1 0.75
vt 0.2 0.75
vt 0.3 0.75
vt 0.4 0.75
vt 0.5 0.75
vt 0.6 0.75
vt 0.7 0.75
vt 0.8 0.75
vt 0.9 0.75
vt 1 0.75
vt 0 0.875
vt 0.1 0.875
vt 0.2 0.875
vt 0.3 0.875
vt 0.4 0.875
vt 0.5 0.875
vt 0.6 0.875
vt 0.7 0.875
vt 0.8 0.875
vt 0.9 0.875
vt 1 0.875
vt 0 1
vt 0.1 1
vt 0.2 1
vt 0.3 1
vt 0.4 1
vt 0.5 1
vt 0.6 1
vt 0.7 1
vt 0.8 1
vt 0.9 1
vt 1 1
vt 0 0
vt 0.125 0
vt 0.25 0
vt 0.375 0
vt 0.5 0
vt 0.625 0
vt 0.75 0
vt 0.875 0
vt 0 1
vt 0.125 1
vt 0.25 1
vt 0.375 1
vt 0.5 1
vt 0.625 1
vt 0.75 1
vt 0.875 1
vt 0.5 0.5
vt 0.5 0.5
vt 0 0
vt 0.14285714285714285 0
vt 0.2857142857142857 0
vt 0.42857142857142855 0
vt 0.5714285714285714 0
vt 0.7142857142857143 0
vt 0.8571428571428571 0
vt 0 1
vt 0.14285714285714285 1
vt 0.2857142857142857 1
vt 0.42857142857142855 1
vt 0.5714285714285714 1
vt 0.7142857142857143 1
vt 0.8571428571428571 1
vt 0.5 0.5
vt 0.5 0.5
vt 0.5 0.5
vt 0.5 0.5
vt 0.5 0.5
vt 0.5 0.5
vt 0.5 0.5
vt 0.5 0.5
vt 0.5 0.5
vt 0.5 0.5
vt 0.5 0.5
vt 0.5 0.5
vt 0.5 0.5
vt 0.5 0.5
vt 0.5 0.5
vt 0.5 0.5
vt 0.5 0.5
vt 0.5 0.5
vt 0.5 0.5
vt 0.5 0.5
vt 0.5 0.5
vt 0.5 0.5
vt 0 0
vt 0.1 0
vt 0.2 0
vt 0.3 0
vt 0.4 0
vt 0.5 0
vt 0.6 0
vt 0.7 0
vt 0.8 0
vt 0.9 0
vt 1 0
vt 0 0.125
vt 0.1 0.125
vt 0.2 0.125
vt 0.3 0.125
vt 0.4 0.125
vt 0.5 0.125
vt 0.6 0.125
vt 0.7 0.125
vt 0.8 0.125
vt 0.9 0.125
vt 1 0.125
vt 0 0.25
vt 0.1 0.25
vt 0.2 0.25
vt 0.3 0.25
vt 0.4 0.25
vt 0.5 0.25
vt 0.6 0.25
vt 0.7 0.25
vt 0.8 0.25
vt 0.9 0.25
vt 1 0.25
vt 0 0.375
vt 0.1 0.375
vt 0.2 0.375
vt 0.3 0.375
vt 0.4 0.375
vt 0.5 0.375
vt 0.6 0.375
vt 0.7 0.375
vt 0.8 0.375
vt 0.9 0.375
vt 1 0.375
vt 0 0.5
vt 0.1 0.5
vt 0.2 0.5
vt 0.3 0.5
vt 0.4 0.5
vt 0.5 0.5
vt 0.6 0.5
vt 0.7 0.5
vt 0.8 0.5
vt 0.9 0.5
vt 1 0.5
vt 0 0.625
vt 0.1 0.625
vt 0.2 0.625
vt 0.3 0.625
vt 0.4 0.625
vt 0.5 0.625
vt 0.6 0.625
vt 0.7 0.625
vt 0.8 0.625
vt 0.9 0.625
vt 1 0.625
vt 0 0.75
vt 0.1 0.75
vt 0.2 0.75
vt 0.3 0.75
vt 0.4 0.75
vt 0.5 0.75
vt 0.6 0.75
vt 0.7 0.75
vt 0.8 0.75
vt 0.9 0.75
vt 1 0.75
vt 0 0.875
vt 0.1 0.875
vt 0.2 0.875
vt 0.3 0.875
vt 0.4 0.875
vt 0.5 0.875
vt 0.6 0.875
vt 0.7 0.875
vt 0.8 0.875
vt 0.9 0.875
vt 1 0.875
vt 0 1
vt 0.1 1
vt 0.2 1
vt 0.3 1
vt 0.4 1
vt 0.5 1
vt 0.6 1
vt 0.7 1
vt 0.8 1
vt 0.9 1
vt 1 1
vt 0 0
vt 0.1 0
vt 0.2 0
vt 0.3 0
vt 0.4 0
vt 0.5 0
vt 0.6 0
vt 0.7 0
vt 0.8 0
vt 0.9 0
vt 1 0
vt 0 0.125
vt 0.1 0.125
vt 0.2 0.125
vt 0.3 0.125
vt 0.4 0.125
vt 0.5 0.125
vt 0.6 0.125
vt 0.7 0.125
vt 0.8 0.125
vt 0.9 0.125
vt 1 0.125
vt 0 0.25
vt 0.1 0.25
vt 0.2 0.25
vt 0.3 0.25
vt 0.4 0.25
vt 0.5 0.25
vt 0.6 0.25
vt 0.7 0.25
vt 0.8 0.25
vt 0.9 0.25
vt 1 0.25
vt 0 0.375
vt 0.1 0.375
vt 0.2 0.375
vt 0.3 0.375
vt 0.4 0.375
vt 0.5 0.375
vt 0.6 0.375
vt 0.7 0.375
vt 0.8 0.375
vt 0.9 0.375
vt 1 0.375
vt 0 0.5
vt 0.1 0.5
vt 0.2 0.5
vt 0.3 0.5
vt 0.4 0.5
vt 0.5 0.5
vt 0.6 0.5
vt 0.7 0.5
vt 0.8 0.5
vt 0.9 0.5
vt 1 0.5
vt 0 0.625
vt 0.1 0.625
vt 0.2 0.625
vt 0.3 0.625
vt 0.4 0.625
vt 0.5 0.625
vt 0.6 0.625
vt 0.7 0.625
vt 0.8 0.625
vt 0.9 0.625
vt 1 0.625
vt 0 0.75
vt 0.1 0.75
vt 0.2 0.75
vt 0.3 0.75
vt 0.4 0.75
vt 0.5 0.75
vt 0.6 0.75
vt 0.7 0.75
vt 0.8 0.75
vt 0.9 0.75
vt 1 0.75
vt 0 0.875
vt 0.1 0.875
vt 0.2 0.875
vt 0.3 0.875
vt 0.4 0.875
vt 0.5 0.875
vt 0.6 0.875
vt 0.7 0.875
vt 0.8 0.875
vt 0.9 0.875
vt 1 0.875
vt 0 1
vt 0.1 1
vt 0.2 1
vt 0.3 1
vt 0.4 1
vt 0.5 1
vt 0.6 1
vt 0.7 1
vt 0.8 1
vt 0.9 1
vt 1 1
vt 0 0
vt 0.1 0
vt 0.2 0
vt 0.3 0
vt 0.4 0
vt 0.5 0
vt 0.6 0
vt 0.7 0
vt 0.8 0
vt 0.9 0
vt 1 0
vt 0 0.125
vt 0.1 0.125
vt 0.2 0.125
vt 0.3 0.125
vt 0.4 0.125
vt 0.5 0.125
vt 0.6 0.125
vt 0.7 0.125
vt 0.8 0.125
vt 0.9 0.125
vt 1 0.125
vt 0 0.25
vt 0.1 0.25
vt 0.2 0.25
vt 0.3 0.25
vt 0.4 0.25
vt 0.5 0.25
vt 0.6 0.25
vt 0.7 0.25
vt 0.8 0.25
vt 0.9 0.25
vt 1 0.25
vt 0 0.375
vt 0.1 0.375
vt 0.2 0.375
vt 0.3 0.375
vt 0.4 0.375
vt 0.5 0.375
vt 0.6 0.375
vt 0.7 0.375
vt 0.8 0.375
vt 0.9 0.375
vt 1 0.375
vt 0 0.5
vt 0.1 0.5
vt 0.2 0.5
vt 0.3 0.5
vt 0.4 0.5
vt 0.5 0.5
vt 0.6 0.5
vt 0.7 0.5
vt 0.8 0.5
vt 0.9 0.5
vt 1 0.5
vt 0 0.625
vt 0.1 0.625
vt 0.2 0.625
vt 0.3 0.625
vt 0.4 0.625
vt 0.5 0.625
vt 0.6 0.625
vt 0.7 0.625
vt 0.8 0.625
vt 0.9 0.625
vt 1 0.625
vt 0 0.75
vt 0.1 0.75
vt 0.2 0.75
vt 0.3 0.75
vt 0.4 0.75
vt 0.5 0.75
vt 0.6 0.75
vt 0.7 0.75
vt 0.8 0.75
vt 0.9 0.75
vt 1 0.75
vt 0 0.875
vt 0.1 0.875
vt 0.2 0.875
vt 0.3 0.875
vt 0.4 0.875
vt 0.5 0.875
vt 0.6 0.875
vt 0.7 0.875
vt 0.8 0.875
vt 0.9 0.875
vt 1 0.875
vt 0 1
vt 0.1 1
vt 0.2 1
vt 0.3 1
vt 0.4 1
vt 0.5 1
vt 0.6 1
vt 0.7 1
vt 0.8 1
vt 0.9 1
vt 1 1
vt 0 0
vt 0.1 0
vt 0.2 0
vt 0.3 0
vt 0.4 0
vt 0.5 0
vt 0.6 0
vt 0.7 0
vt 0.8 0
vt 0.9 0
vt 1 0
vt 0 0.125
vt 0.1 0.125
vt 0.2 0.125
vt 0.3 0.125
vt 0.4 0.125
vt 0.5 0.125
vt 0.6 0.125
vt 0.7 0.125
vt 0.8 0.125
vt 0.9 0.125
vt 1 0.125
vt 0 0.25
vt 0.1 0.25
vt 0.2 0.25
vt 0.3 0.25
vt 0.4 0.25
vt 0.5 0.25
vt 0.6 0.25
vt 0.7 0.25
vt 0.8 0.25
vt 0.9 0.25
vt 1 0.25
vt 0 0.375
vt 0.1 0.375
vt 0.2 0.375
vt 0.3 0.375
vt 0.4 0.375
vt 0.5 0.375
vt 0.6 0.375
vt 0.7 0.375
vt 0.8 0.375
vt 0.9 0.375
vt 1 0.375
vt 0 0.5
vt 0.1 0.5
vt 0.2 0.5
vt 0.3 0.5
vt 0.4 0.5
vt 0.5 0.5
vt 0.6 0.5
vt 0.7 0.5
vt 0.8 0.5
vt 0.9 0.5
vt 1 0.5
vt 0 0.625
vt 0.1 0.625
vt 0.2 0.625
vt 0.3 0.625
vt 0.4 0.625
vt 0.5 0.625
vt 0.6 0.625
vt 0.7 0.625
vt 0.8 0.625
vt 0.9 0.625
vt 1 0.625
vt 0 0.75
vt 0.1 0.75
vt 0.2 0.75
vt 0.3 0.75
vt 0.4 0.75
vt 0.5 0.75
vt 0.6 0.75
vt 0.7 0.75
vt 0.8 0.75
vt 0.9 0.75
vt 1 0.75
vt 0 0.875
vt 0.1 0.875
vt 0.2 0.875
vt 0.3 0.875
vt 0.4 0.875
vt 0.5 0.875
vt 0.6 0.875
vt 0.7 0.875
vt 0.8 0.875
vt 0.9 0.875
vt 1 0.875
vt 0 1
vt 0.1 1
vt 0.2 1
vt 0.3 1
vt 0.4 1
vt 0.5 1
vt 0.6 1
vt 0.7 1
vt 0.8 1
vt 0.9 1
vt 1 1
vt 0 0
vt 0.125 0
vt 0.25 0
vt 0.375 0
vt 0.5 0
vt 0.625 0
vt 0.75 0
vt 0.875 0
vt 0 1
vt 0.125 1
vt 0.25 1
vt 0.375 1
vt 0.5 1
vt 0.625 1
vt 0.75 1
vt 0.875 1
vt 0.5 0.5
vt 0.5 0.5
vt 0 0
vt 0.14285714285714285 0
vt 0.2857142857142857 0
vt 0.42857142857142855 0
vt 0.5714285714285714 0
vt 0.7142857142857143 0
vt 0.8571428571428571 0
vt 0 1
vt 0.14285714285714285 1
vt 0.2857142857142857 1
vt 0.42857142857142855 1
vt 0.5714285714285714 1
vt 0.7142857142857143 1
vt 0.8571428571428571 1
vt 0.5 0.5
vt 0.5 0.5
vt 0.5 0.5
vt 0.5 0.5
vt 0.5 0.5
vt 0.5 0.5
vt 0.5 0.5
vt 0.5 0.5
vt 0.5 0.5
vt 0.5 0.5
vt 0.5 0.5
vt 0.5 0.5
vt 0.5 0.5
vt 0.5 0.5
vt 0.5 0.5
vt 0.5 0.5
vt 0.5 0.5
vt 0.5 0.5
vt 0.5 0.5
vt 0.5 0.5
vt 0.5 0.5
vt 0.5 0.5
vt 0 0
vt 0.1 0
vt 0.2 0
vt 0.3 0
vt 0.4 0
vt 0.5 0
vt 0.6 0
vt 0.7 0
vt 0.8 0
vt 0.9 0
vt 1 0
vt 0 0.125
vt 0.1 0.125
vt 0.2 0.125
vt 0.3 0.125
vt 0.4 0.125
vt 0.5 0.125
vt 0.6 0.125
vt 0.7 0.125
vt 0.8 0.125
vt 0.9 0.125
vt 1 0.125
vt 0 0.25
vt 0.1 0.25
vt 0.2 0.25
vt 0.3 0.25
vt 0.4 0.25
vt 0.5 0.25
vt 0.6 0.25
vt 0.7 0.25
vt 0.8 0.25
vt 0.9 0.25
vt 1 0.25
vt 0 0.375
vt 0.1 0.375
vt 0.2 0.375
vt 0.3 0.375
vt 0.4 0.375
vt 0.5 0.375
vt 0.6 0.375
vt 0.7 0.375
vt 0.8 0.375
vt 0.9 0.375
vt 1 0.375
vt 0 0.5
vt 0.1 0.5
vt 0.2 0.5
vt 0.3 0.5
vt 0.4 0.5
vt 0.5 0.5
vt 0.6 0.5
vt 0.7 0.5
vt 0.8 0.5
vt 0.9 0.5
vt 1 0.5
vt 0 0.625
vt 0.1 0.625
vt 0.2 0.625
vt 0.3 0.625
vt 0.4 0.625
vt 0.5 0.625
vt 0.6 0.625
vt 0.7 0.625
vt 0.8 0.625
vt 0.9 0.625
vt 1 0.625
vt 0 0.75
vt 0.1 0.75
vt 0.2 0.75
vt 0.3 0.75
vt 0.4 0.75
vt 0.5 0.75
vt 0.6 0.75
vt 0.7 0.75
vt 0.8 0.75
vt 0.9 0.75
vt 1 0.75
vt 0 0.875
vt 0.1 0.875
vt 0.2 0.875
vt 0.3 0.875
vt 0.4 0.875
vt 0.5 0.875
vt 0.6 0.875
vt 0.7 0.875
vt 0.8 0.875
vt 0.9 0.875
vt 1 0.875
vt 0 1
vt 0.1 1
vt 0.2 1
vt 0.3 1
vt 0.4 1
vt 0.5 1
vt 0.6 1
vt 0.7 1
vt 0.8 1
vt 0.9 1
vt 1 1
vt 0 0
vt 0.1 0
vt 0.2 0
vt 0.3 0
vt 0.4 0
vt 0.5 0
vt 0.6 0
vt 0.7 0
vt 0.8 0
vt 0.9 0
vt 1 0
vt 0 0.125
vt 0.1 0.125
vt 0.2 0.125
vt 0.3 0.125
vt 0.4 0.125
vt 0.5 0.125
vt 0.6 0.125
vt 0.7 0.125
vt 0.8 0.125
vt 0.9 0.125
vt 1 0.125
vt 0 0.25
vt 0.1 0.25
vt 0.2 0.25
vt 0.3 0.25
vt 0.4 0.25
vt 0.5 0.25
vt 0.6 0.25
vt 0.7 0.25
vt 0.8 0.25
vt 0.9 0.25
vt 1 0.25
vt 0 0.375
vt 0.1 0.375
vt 0.2 0.375
vt 0.3 0.375
vt 0.4 0.375
vt 0.5 0.375
vt 0.6 0.375
vt 0.7 0.375
vt 0.8 0.375
vt 0.9 0.375
vt 1 0.375
vt 0 0.5
vt 0.1 0.5
vt 0.2 0.5
vt 0.3 0.5
vt 0.4 0.5
vt 0.5 0.5
vt 0.6 0.5
vt 0.7 0.5
vt 0.8 0.5
vt 0.9 0.5
vt 1 0.5
vt 0 0.625
vt 0.1 0.625
vt 0.2 0.625
vt 0.3 0.625
vt 0.4 0.625
vt 0.5 0.625
vt 0.6 0.625
vt 0.7 0.625
vt 0.8 0.625
vt 0.9 0.625
vt 1 0.625
vt 0 0.75
vt 0.1 0.75
vt 0.2 0.75
vt 0.3 0.75
vt 0.4 0.75
vt 0.5 0.75
vt 0.6 0.75
vt 0.7 0.75
vt 0.8 0.75
vt 0.9 0.75
vt 1 0.75
vt 0 0.875
vt 0.1 0.875
vt 0.2 0.875
vt 0.3 0.875
vt 0.4 0.875
vt 0.5 0.875
vt 0.6 0.875
vt 0.7 0.875
vt 0.8 0.875
vt 0.9 0.875
vt 1 0.875
vt 0 1
vt 0.1 1
vt 0.2 1
vt 0.3 1
vt 0.4 1
vt 0.5 1
vt 0.6 1
vt 0.7 1
vt 0.8 1
vt 0.9 1
vt 1 1
vt 0 0
vt 0.1 0
vt 0.2 0
vt 0.3 0
vt 0.4 0
vt 0.5 0
vt 0.6 0
vt 0.7 0
vt 0.8 0
vt 0.9 0
vt 1 0
vt 0 0.125
vt 0.1 0.125
vt 0.2 0.125
vt 0.3 0.125
vt 0.4 0.125
vt 0.5 0.125
vt 0.6 0.125
vt 0.7 0.125
vt 0.8 0.125
vt 0.9 0.125
vt 1 0.125
vt 0 0.25
vt 0.1 0.25
vt 0.2 0.25
vt 0.3 0.25
vt 0.4 0.25
vt 0.5 0.25
vt 0.6 0.25
vt 0.7 0.25
vt 0.8 0.25
vt 0.9 0.25
vt 1 0.25
vt 0 0.375
vt 0.1 0.375
vt 0.2 0.375
vt 0.3 0.375
vt 0.4 0.375
vt 0.5 0.375
vt 0.6 0.375
vt 0.7 0.375
vt 0.8 0.375
vt 0.9 0.375
vt 1 0.375
vt 0 0.5
vt 0.1 0.5
vt 0.2 0.5
vt 0.3 0.5
vt 0.4 0.5
vt 0.5 0.5
vt 0.6 0.5
vt 0.7 0.5
vt 0.8 0.5
vt 0.9 0.5
vt 1 0.5
vt 0 0.625
vt 0.1 0.625
vt 0.2 0.625
vt 0.3 0.625
vt 0.4 0.625
vt 0.5 0.625
vt 0.6 0.625
vt 0.7 0.625
vt 0.8 0.625
vt 0.9 0.625
vt 1 0.625
vt 0 0.75
vt 0.1 0.75
vt 0.2 0.75
vt 0.3 0.75
vt 0.4 0.75
vt 0.5 0.75
vt 0.6 0.75
vt 0.7 0.75
vt 0.8 0.75
vt 0.9 0.75
vt 1 0.75
vt 0 0.875
vt 0.1 0.875
vt 0.2 0.875
vt 0.3 0.875
vt 0.4 0.875
vt 0.5 0.875
vt 0.6 0.875
vt 0.7 0.875
vt 0.8 0.875
vt 0.9 0.875
vt 1 0.875
vt 0 1
vt 0.1 1
vt 0.2 1
vt 0.3 1
vt 0.4 1
vt 0.5 1
vt 0.6 1
vt 0.7 1
vt 0.8 1
vt 0.9 1
vt 1 1
vt 0 0
vt 0.1 0
vt 0.2 0
vt 0.3 0
vt 0.4 0
vt 0.5 0
vt 0.6 0
vt 0.7 0
vt 0.8 0
vt 0.9 0
vt 1 0
vt 0 0.125
vt 0.1 0.125
vt 0.2 0.125
vt 0.3 0.125
vt 0.4 0.125
vt 0.5 0.125
vt 0.6 0.125
vt 0.7 0.125
vt 0.8 0.125
vt 0.9 0.125
vt 1 0.125
vt 0 0.25
vt 0.1 0.25
vt 0.2 0.25
vt 0.3 0.25
vt 0.4 0.25
vt 0.5 0.25
vt 0.6 0.25
vt 0.7 0.25
vt 0.8 0.25
vt 0.9 0.25
vt 1 0.25
vt 0 0.375
vt 0.1 0.375
vt 0.2 0.375
vt 0.3 0.375
vt 0.4 0.375
vt 0.5 0.375
vt 0.6 0.375
vt 0.7 0.375
vt 0.8 0.375
vt 0.9 0.375
vt 1 0.375
vt 0 0.5
vt 0.1 0.5
vt 0.2 0.5
vt 0.3 0.5
vt 0.4 0.5
vt 0.5 0.5
vt 0.6 0.5
vt 0.7 0.5
vt 0.8 0.5
vt 0.9 0.5
vt 1 0.5
vt 0 0.625
vt 0.1 0.625
vt 0.2 0.625
vt 0.3 0.625
vt 0.4 0.625
vt 0.5 0.625
vt 0.6 0.625
vt 0.7 0.625
vt 0.8 0.625
vt 0.9 0.625
vt 1 0.625
vt 0 0.75
vt 0.1 0.75
vt 0.2 0.75
vt 0.3 0.75
vt 0.4 0.75
vt 0.5 0.75
vt 0.6 0.75
vt 0.7 0.75
vt 0.8 0.75
vt 0.9 0.75
vt 1 0.75
vt 0 0.875
vt 0.1 0.875
vt 0.2 0.875
vt 0.3 0.875
vt 0.4 0.875
vt 0.5 0.875
vt 0.6 0.875
vt 0.7 0.875
vt 0.8 0.875
vt 0.9 0.875
vt 1 0.875
vt 0 1
vt 0.1 1
vt 0.2 1
vt 0.3 1
vt 0.4 1
vt 0.5 1
vt 0.6 1
vt 0.7 1
vt 0.8 1
vt 0.9 1
vt 1 1
vt 0.5 0.5
vt 0.5 0.5
vt 0.5 0.5
vt 0.5 0.5
vt 0.5 0.5
vt 0.5 0.5
vt 0.5 0.5
vt 0.5 0.5
vt 0.5 0.5
vt 0.5 0.5
vt 0.5 0.5
vt 0.5 0.5
vt 0.5 0.5
vt 0.5 0.5
vt 0.5 0.5
vt 0.5 0.5
vt 0.5 0.5
vt 0.5 0.5
vt 0.5 0.5
vt 0.5 0.5
vt 0 0
vt 0.1 0
vt 0.2 0
vt 0.3 0
vt 0.4 0
vt 0.5 0
vt 0.6 0
vt 0.7 0
vt 0.8 0
vt 0.9 0
vt 1 0
vt 0 0.125
vt 0.1 0.125
vt 0.2 0.125
vt 0.3 0.125
vt 0.4 0.125
vt 0.5 0.125
vt 0.6 0.125
vt 0.7 0.125
vt 0.8 0.125
vt 0.9 0.125
vt 1 0.125
vt 0 0.25
vt 0.1 0.25
vt 0.2 0.25
vt 0.3 0.25
vt 0.4 0.25
vt 0.5 0.25
vt 0.6 0.25
vt 0.7 0.25
vt 0.8 0.25
vt 0.9 0.25
vt 1 0.25
vt 0 0.375
vt 0.1 0.375
vt 0.2 0.375
vt 0.3 0.375
vt 0.4 0.375
vt 0.5 0.375
vt 0.6 0.375
vt 0.7 0.375
vt 0.8 0.375
vt 0.9 0.375
vt 1 0.375
vt 0 0.5
vt 0.1 0.5
vt 0.2 0.5
vt 0.3 0.5
vt 0.4 0.5
vt 0.5 0.5
vt 0.6 0.5
vt 0.7 0.5
vt 0.8 0.5
vt 0.9 0.5
vt 1 0.5
vt 0 0.625
vt 0.1 0.625
vt 0.2 0.625
vt 0.3 0.625
vt 0.4 0.625
vt 0.5 0.625
vt 0.6 0.625
vt 0.7 0.625
vt 0.8 0.625
vt 0.9 0.625
vt 1 0.625
vt 0 0.75
vt 0.1 0.75
vt 0.2 0.75
vt 0.3 0.75
vt 0.4 0.75
vt 0.5 0.75
vt 0.6 0.75
vt 0.7 0.75
vt 0.8 0.75
vt 0.9 0.75
vt 1 0.75
vt 0 0.875
vt 0.1 0.875
vt 0.2 0.875
vt 0.3 0.875
vt 0.4 0.875
vt 0.5 0.875
vt 0.6 0.875
vt 0.7 0.875
vt 0.8 0.875
vt 0.9 0.875
vt 1 0.875
vt 0 1
vt 0.1 1
vt 0.2 1
vt 0.3 1
vt 0.4 1
vt 0.5 1
vt 0.6 1
vt 0.7 1
vt 0.8 1
vt 0.9 1
vt 1 1
vt 0 0
vt 0.1 0
vt 0.2 0
vt 0.3 0
vt 0.4 0
vt 0.5 0
vt 0.6 0
vt 0.7 0
vt 0.8 0
vt 0.9 0
vt 1 0
vt 0 0.125
vt 0.1 0.125
vt 0.2 0.125
vt 0.3 0.125
vt 0.4 0.125
vt 0.5 0.125
vt 0.6 0.125
vt 0.7 0.125
vt 0.8 0.125
vt 0.9 0.125
vt 1 0.125
vt 0 0.25
vt 0.1 0.25
vt 0.2 0.25
vt 0.3 0.25
vt 0.4 0.25
vt 0.5 0.25
vt 0.6 0.25
vt 0.7 0.25
vt 0.8 0.25
vt 0.9 0.25
vt 1 0.25
vt 0 0.375
vt 0.1 0.375
vt 0.2 0.375
vt 0.3 0.375
vt 0.4 0.375
vt 0.5 0.375
vt 0.6 0.375
vt 0.7 0.375
vt 0.8 0.375
vt 0.9 0.375
vt 1 0.375
vt 0 0.5
vt 0.1 0.5
vt 0.2 0.5
vt 0.3 0.5
vt 0.4 0.5
vt 0.5 0.5
vt 0.6 0.5
vt 0.7 0.5
vt 0.8 0.5
vt 0.9 0.5
vt 1 0.5
vt 0 0.625
vt 0.1 0.625
vt 0.2 0.625
vt 0.3 0.625
vt 0.4 0.625
vt 0.5 0.625
vt 0.6 0.625
vt 0.7 0.625
vt 0.8 0.625
vt 0.9 0.625
vt 1 0.625
vt 0 0.75
vt 0.1 0.75
vt 0.2 0.75
vt 0.3 0.75
vt 0.4 0.75
vt 0.5 0.75
vt 0.6 0.75
vt 0.7 0.75
vt 0.8 0.75
vt 0.9 0.75
vt 1 0.75
vt 0 0.875
vt 0.1 0.875
vt 0.2 0.875
vt 0.3 0.875
vt 0.4 0.875
vt 0.5 0.875
vt 0.6 0.875
vt 0.7 0.875
vt 0.8 0.875
vt 0.9 0.875
vt 1 0.875
vt 0 1
vt 0.1 1
vt 0.2 1
vt 0.3 1
vt 0.4 1
vt 0.5 1
vt 0.6 1
vt 0.7 1
vt 0.8 1
vt 0.9 1
vt 1 1
vt 0 0
vt 0.1 0
vt 0.2 0
vt 0.3 0
vt 0.4 0
vt 0.5 0
vt 0.6 0
vt 0.7 0
vt 0.8 0
vt 0.9 0
vt 1 0
vt 0 0.125
vt 0.1 0.125
vt 0.2 0.125
vt 0.3 0.125
vt 0.4 0.125
vt 0.5 0.125
vt 0.6 0.125
vt 0.7 0.125
vt 0.8 0.125
vt 0.9 0.125
vt 1 0.125
vt 0 0.25
vt 0.1 0.25
vt 0.2 0.25
vt 0.3 0.25
vt 0.4 0.25
vt 0.5 0.25
vt 0.6 0.25
vt 0.7 0.25
vt 0.8 0.25
vt 0.9 0.25
vt 1 0.25
vt 0 0.375
vt 0.1 0.375
vt 0.2 0.375
vt 0.3 0.375
vt 0.4 0.375
vt 0.5 0.375
vt 0.6 0.375
vt 0.7 0.375
vt 0.8 0.375
vt 0.9 0.375
vt 1 0.375
vt 0 0.5
vt 0.1 0.5
vt 0.2 0.5
vt 0.3 0.5
vt 0.4 0.5
vt 0.5 0.5
vt 0.6 0.5
vt 0.7 0.5
vt 0.8 0.5
vt 0.9 0.5
vt 1 0.5
vt 0 0.625
vt 0.1 0.625
vt 0.2 0.625
vt 0.3 0.625
vt 0.4 0.625
vt 0.5 0.625
vt 0.6 0.625
vt 0.7 0.625
vt 0.8 0.625
vt 0.9 0.625
vt 1 0.625
vt 0 0.75
vt 0.1 0.75
vt 0.2 0.75
vt 0.3 0.75
vt 0.4 0.75
vt 0.5 0.75
vt 0.6 0.75
vt 0.7 0.75
vt 0.8 0.75
vt 0.9 0.75
vt 1 0.75
vt 0 0.875
vt 0.1 0.875
vt 0.2 0.875
vt 0.3 0.875
vt 0.4 0.875
vt 0.5 0.875
vt 0.6 0.875
vt 0.7 0.875
vt 0.8 0.875
vt 0.9 0.875
vt 1 0.875
vt 0 1
vt 0.1 1
vt 0.2 1
vt 0.3 1
vt 0.4 1
vt 0.5 1
vt 0.6 1
vt 0.7 1
vt 0.8 1
vt 0.9 1
vt 1 1
vt 0 0
vt 0.1 0
vt 0.2 0
vt 0.3 0
vt 0.4 0
vt 0.5 0
vt 0.6 0
vt 0.7 0
vt 0.8 0
vt 0.9 0
vt 1 0
vt 0 0.125
vt 0.1 0.125
vt 0.2 0.125
vt 0.3 0.125
vt 0.4 0.125
vt 0.5 0.125
vt 0.6 0.125
vt 0.7 0.125
vt 0.8 0.125
vt 0.9 0.125
vt 1 0.125
vt 0 0.25
vt 0.1 0.25
vt 0.2 0.25
vt 0.3 0.25
vt 0.4 0.25
vt 0.5 0.25
vt 0.6 0.25
vt 0.7 0.25
vt 0.8 0.25
vt 0.9 0.25
vt 1 0.25
vt 0 0.375
vt 0.1 0.375
vt 0.2 0.375
vt 0.3 0.375
vt 0.4 0.375
vt 0.5 0.375
vt 0.6 0.375
vt 0.7 0.375
vt 0.8 0.375
vt 0.9 0.375
vt 1 0.375
vt 0 0.5
vt 0.1 0.5
vt 0.2 0.5
vt 0.3 0.5
vt 0.4 0.5
vt 0.5 0.5
vt 0.6 0.5
vt 0.7 0.5
vt 0.8 0.5
vt 0.9 0.5
vt 1 0.5
vt 0 0.625
vt 0.1 0.625
vt 0.2 0.625
vt 0.3 0.625
vt 0.4 0.625
vt 0.5 0.625
vt 0.6 0.625
vt 0.7 0.625
vt 0.8 0.625
vt 0.9 0.625
vt 1 0.625
vt 0 0.75
vt 0.1 0.75
vt 0.2 0.75
vt 0.3 0.75
vt 0.4 0.75
vt 0.5 0.75
vt 0.6 0.75
vt 0.7 0.75
vt 0.8 0.75
vt 0.9 0.75
vt 1 0.75
vt 0 0.875
vt 0.1 0.875
vt 0.2 0.875
vt 0.3 0.875
vt 0.4 0.875
vt 0.5 0.875
vt 0.6 0.875
vt 0.7 0.875
vt 0.8 0.875
vt 0.9 0.875
vt 1 0.875
vt 0 1
vt 0.1 1
vt 0.2 1
vt 0.3 1
vt 0.4 1
vt 0.5 1
vt 0.6 1
vt 0.7 1
vt 0.8 1
vt 0.9 1
vt 1 1
vn 0 -1 0
vn 0 -1 0
vn 0 -1 0
vn 0 -1 0
vn 0 -1 0
vn 0 -1 0
vn 0 -1 0
vn 0 -1 0
vn 0 -1 0
vn 0 -1 0
vn 0 1 0
vn 0 1 0
vn 0 1 0
vn 0 1 0
vn 0 1 0
vn 0 1 0
vn 0 1 0
vn 0 1 0
vn 0 1 0
vn 0 1 0
vn 0 -1 0
vn 0 1 0
vn 0 -1 0
vn 0 -1 0
vn 0 -1 0
vn 0 -1 0
vn 0 -1 0
vn 0 -1 0
vn 0 -1 0
vn 0 -1 0
vn 0 -1 0
vn 0 -1 0
vn 0 1 0
vn 0 1 0
vn 0 1 0
vn 0 1 0
vn 0 1 0
vn 0 1 0
vn 0 1 0
vn 0 1 0
vn 0 1 0
vn 0 1 0
vn 0 -1 0
vn 0 1 0
vn 0 -1 0
vn 0 -1 0
vn 0 -1 0
vn 0 -1 0
vn 0 -1 0
vn 0 -1 0
vn 0 -1 0
vn 0 -1 0
vn 0 1 0
vn 0 1 0
vn 0 1 0
vn 0 1 0
vn 0 1 0
vn 0 1 0
vn 0 1 0
vn 0 1 0
vn 0 -1 0
vn 0 1 0
vn 0 -1 0
vn 0 -1 0
vn 0 -1 0
vn 0 -1 0
vn 0 -1 0
vn 0 -1 0
vn 0 -1 0
vn 0 1 0
vn 0 1 0
vn 0 1 0
vn 0 1 0
vn 0 1 0
vn 0 1 0
vn 0 1 0
vn 0 -1 0
vn 0 1 0
vn -0.5773502691896258 -0.5773502691896258 -0.5773502691896258
vn -0.5773502691896258 -0.5773502691896258 0.5773502691896258
vn -0.5773502691896258 0.5773502691896258 -0.5773502691896258
vn -0.5773502691896258 0.5773502691896258 0.5773502691896258
vn 0.5773502691896258 -0.5773502691896258 -0.5773502691896258
vn 0.5773502691896258 -0.5773502691896258 0.5773502691896258
vn 0.5773502691896258 0.5773502691896258 -0.5773502691896258
vn 0.5773502691896258 0.5773502691896258 0.5773502691896258
vn 0 -0.35682208977308993 -0.9341723589627159
vn 0 -0.35682208977308993 0.9341723589627159
vn 0 0.35682208977308993 -0.9341723589627159
vn 0 0.35682208977308993 0.9341723589627159
vn -0.35682208977308993 -0.9341723589627159 0
vn -0.35682208977308993 0.9341723589627159 0
vn 0.35682208977308993 -0.9341723589627159 0
vn 0.35682208977308993 0.9341723589627159 0
vn -0.9341723589627159 0 -0.35682208977308993
vn -0.9341723589627159 0 0.35682208977308993
vn 0.9341723589627159 0 -0.35682208977308993
vn 0.9341723589627159 0 0.35682208977308993
vn 0 1 0
vn 0 1 0
vn 0 1 0
vn 0 1 0
vn 0 1 0
vn 0 1 0
vn 0 1 0
vn 0 1 0
vn 0 1 0
vn 0 1 0
vn 0 1 0
vn 0.3826834323650898 0.9238795325112867 0
vn 0.30959740024909344 0.9238795325112867 0.22493567784086388
vn 0.11825568406654853 0.9238795325112867 0.3639535720290143
vn -0.11825568406654849 0.9238795325112867 0.36395357202901435
vn -0.30959740024909344 0.9238795325112867 0.22493567784086388
vn -0.3826834323650898 0.9238795325112867 4.686520405326298e-17
vn -0.30959740024909344 0.9238795325112867 -0.2249356778408638
vn -0.11825568406654857 0.9238795325112867 -0.3639535720290143
vn 0.11825568406654845 0.9238795325112867 -0.36395357202901435
vn 0.30959740024909344 0.9238795325112867 -0.224935677840864
vn 0.3826834323650898 0.9238795325112867 -9.373040810652596e-17
vn 0.7071067811865475 0.7071067811865476 0
vn 0.5720614028176843 0.7071067811865476 0.4156269377774534
vn 0.21850801222441055 0.7071067811865476 0.6724985119639573
vn -0.21850801222441046 0.7071067811865476 0.6724985119639573
vn -0.5720614028176841 0.7071067811865476 0.41562693777745346
vn -0.7071067811865475 0.7071067811865476 8.659560562354932e-17
vn -0.5720614028176843 0.7071067811865476 -0.4156269377774533
vn -0.21850801222441063 0.7071067811865476 -0.6724985119639573
vn 0.21850801222441038 0.7071067811865476 -0.6724985119639573
vn 0.5720614028176841 0.7071067811865476 -0.4156269377774536
vn 0.7071067811865475 0.7071067811865476 -1.7319121124709863e-16
vn 0.9238795325112867 0.38268343236508984 0
vn 0.7474342425568128 0.38268343236508984 0.5430427641049989
vn 0.28549447630116936 0.38268343236508984 0.8786616496665794
vn -0.28549447630116925 0.38268343236508984 0.8786616496665796
vn -0.7474342425568127 0.38268343236508984 0.543042764104999
vn -0.9238795325112867 0.38268343236508984 1.1314261122877003e-16
vn -0.7474342425568128 0.38268343236508984 -0.5430427641049987
vn -0.2854944763011695 0.38268343236508984 -0.8786616496665794
vn 0.28549447630116914 0.38268343236508984 -0.8786616496665796
vn 0.7474342425568127 0.38268343236508984 -0.543042764104999
vn 0.9238795325112867 0.38268343236508984 -2.2628522245754005e-16
vn 1 6.123233995736766e-17 0
vn 0.8090169943749475 6.123233995736766e-17 0.5877852522924731
vn 0.30901699437494745 6.123233995736766e-17 0.9510565162951534
vn -0.30901699437494734 6.123233995736766e-17 0.9510565162951536
vn -0.8090169943749473 6.123233995736766e-17 0.5877852522924732
vn -1 6.123233995736766e-17 1.2246467991473532e-16
vn -0.8090169943749475 6.123233995736766e-17 -0.587785252292473
vn -0.30901699437494756 6.123233995736766e-17 -0.9510565162951534
vn 0.3090169943749473 6.123233995736766e-17 -0.9510565162951536
vn 0.8090169943749473 6.123233995736766e-17 -0.5877852522924734
vn 1 6.123233995736766e-17 -2.4492935982947064e-16
vn 0.9238795325112867 -0.3826834323650897 0
vn 0.7474342425568128 -0.3826834323650897 0.5430427641049989
vn 0.28549447630116936 -0.3826834323650897 0.8786616496665794
vn -0.28549447630116925 -0.3826834323650897 0.8786616496665796
vn -0.7474342425568127 -0.3826834323650897 0.543042764104999
vn -0.9238795325112867 -0.3826834323650897 1.1314261122877003e-16
vn -0.7474342425568128 -0.3826834323650897 -0.5430427641049987
vn -0.2854944763011695 -0.3826834323650897 -0.8786616496665794
vn 0.28549447630116914 -0.3826834323650897 -0.8786616496665796
vn 0.7474342425568127 -0.3826834323650897 -0.543042764104999
vn 0.9238795325112867 -0.3826834323650897 -2.2628522245754005e-16
vn 0.7071067811865476 -0.7071067811865474 0
vn 0.5720614028176844 -0.7071067811865474 0.41562693777745346
vn 0.21850801222441057 -0.7071067811865474 0.6724985119639574
vn -0.2185080122244105 -0.7071067811865474 0.6724985119639574
vn -0.5720614028176843 -0.7071067811865474 0.41562693777745346
vn -0.7071067811865476 -0.7071067811865474 8.659560562354934e-17
vn -0.5720614028176844 -0.7071067811865474 -0.4156269377774534
vn -0.21850801222441066 -0.7071067811865474 -0.6724985119639574
vn 0.2185080122244104 -0.7071067811865474 -0.6724985119639574
vn 0.5720614028176843 -0.7071067811865474 -0.41562693777745363
vn 0.7071067811865476 -0.7071067811865474 -1.7319121124709868e-16
vn 0.3826834323650899 -0.9238795325112867 0
vn 0.3095974002490935 -0.9238795325112867 0.22493567784086393
vn 0.11825568406654857 -0.9238795325112867 0.3639535720290144
vn -0.11825568406654853 -0.9238795325112867 0.36395357202901446
vn -0.3095974002490935 -0.9238795325112867 0.224935677840864
vn -0.3826834323650899 -0.9238795325112867 4.6865204053263e-17
vn -0.3095974002490935 -0.9238795325112867 -0.22493567784086388
vn -0.11825568406654861 -0.9238795325112867 -0.3639535720290144
vn 0.11825568406654849 -0.9238795325112867 -0.36395357202901446
vn 0.3095974002490935 -0.9238795325112867 -0.22493567784086402
vn 0.3826834323650899 -0.9238795325112867 -9.3730408106526e-17
vn 1.2246467991473532e-16 -1 0
vn 9.907600726170916e-17 -1 7.198293278059966e-17
vn 3.78436673043415e-17 -1 1.1647083184890923e-16
vn -3.7843667304341493e-17 -1 1.1647083184890926e-16
vn -9.907600726170915e-17 -1 7.198293278059968e-17
vn -1.2246467991473532e-16 -1 1.4997597826618576e-32
vn -9.907600726170916e-17 -1 -7.198293278059965e-17
vn -3.784366730434152e-17 -1 -1.1647083184890923e-16
vn 3.7843667304341475e-17 -1 -1.1647083184890926e-16
vn 9.907600726170915e-17 -1 -7.19829327805997e-17
vn 1.2246467991473532e-16 -1 -2.999519565323715e-32
vn 0 1 0
vn 0 1 0
vn 0 1 0
vn 0 1 0
vn 0 1 0
vn 0 1 0
vn 0 1 0
vn 0 1 0
vn 0 1 0
vn 0 1 0
vn 0 1 0
vn 0.3826834323650898 0.9238795325112867 0
vn 0.30959740024909344 0.9238795325112867 0.22493567784086388
vn 0.11825568406654853 0.9238795325112867 0.3639535720290143
vn -0.11825568406654849 0.9238795325112867 0.36395357202901435
vn -0.30959740024909344 0.9238795325112867 0.22493567784086388
vn -0.3826834323650898 0.9238795325112867 4.686520405326298e-17
vn -0.30959740024909344 0.9238795325112867 -0.2249356778408638
vn -0.11825568406654857 0.9238795325112867 -0.3639535720290143
vn 0.11825568406654845 0.9238795325112867 -0.36395357202901435
vn 0.30959740024909344 0.9238795325112867 -0.224935677840864
vn 0.3826834323650898 0.9238795325112867 -9.373040810652596e-17
vn 0.7071067811865475 0.7071067811865476 0
vn 0.5720614028176843 0.7071067811865476 0.4156269377774534
vn 0.21850801222441055 0.7071067811865476 0.6724985119639573
vn -0.21850801222441046 0.7071067811865476 0.6724985119639573
vn -0.5720614028176841 0.7071067811865476 0.41562693777745346
vn -0.7071067811865475 0.7071067811865476 8.659560562354932e-17
vn -0.5720614028176843 0.7071067811865476 -0.4156269377774533
vn -0.21850801222441063 0.7071067811865476 -0.6724985119639573
vn 0.21850801222441038 0.7071067811865476 -0.6724985119639573
vn 0.5720614028176841 0.7071067811865476 -0.4156269377774536
vn 0.7071067811865475 0.7071067811865476 -1.7319121124709863e-16
vn 0.9238795325112867 0.38268343236508984 0
vn 0.7474342425568128 0.38268343236508984 0.5430427641049989
vn 0.28549447630116936 0.38268343236508984 0.8786616496665794
vn -0.28549447630116925 0.38268343236508984 0.8786616496665796
vn -0.7474342425568127 0.38268343236508984 0.543042764104999
vn -0.9238795325112867 0.38268343236508984 1.1314261122877003e-16
vn -0.7474342425568128 0.38268343236508984 -0.5430427641049987
vn -0.2854944763011695 0.38268343236508984 -0.8786616496665794
vn 0.28549447630116914 0.38268343236508984 -0.8786616496665796
vn 0.7474342425568127 0.38268343236508984 -0.543042764104999
vn 0.9238795325112867 0.38268343236508984 -2.2628522245754005e-16
vn 1 6.123233995736766e-17 0
vn 0.8090169943749475 6.123233995736766e-17 0.5877852522924731
vn 0.30901699437494745 6.123233995736766e-17 0.9510565162951534
vn -0.30901699437494734 6.123233995736766e-17 0.9510565162951536
vn -0.8090169943749473 6.123233995736766e-17 0.5877852522924732
vn -1 6.123233995736766e-17 1.2246467991473532e-16
vn -0.8090169943749475 6.123233995736766e-17 -0.587785252292473
vn -0.30901699437494756 6.123233995736766e-17 -0.9510565162951534
vn 0.3090169943749473 6.123233995736766e-17 -0.9510565162951536
vn 0.8090169943749473 6.123233995736766e-17 -0.5877852522924734
vn 1 6.123233995736766e-17 -2.4492935982947064e-16
vn 0.9238795325112867 -0.3826834323650897 0
vn 0.7474342425568128 -0.3826834323650897 0.5430427641049989
vn 0.28549447630116936 -0.3826834323650897 0.8786616496665794
vn -0.28549447630116925 -0.3826834323650897 0.8786616496665796
vn -0.7474342425568127 -0.3826834323650897 0.543042764104999
vn -0.9238795325112867 -0.3826834323650897 1.1314261122877003e-16
vn -0.7474342425568128 -0.3826834323650897 -0.5430427641049987
vn -0.2854944763011695 -0.3826834323650897 -0.8786616496665794
vn 0.28549447630116914 -0.3826834323650897 -0.8786616496665796
vn 0.7474342425568127 -0.3826834323650897 -0.543042764104999
vn 0.9238795325112867 -0.3826834323650897 -2.2628522245754005e-16
vn 0.7071067811865476 -0.7071067811865474 0
vn 0.5720614028176844 -0.7071067811865474 0.41562693777745346
vn 0.21850801222441057 -0.7071067811865474 0.6724985119639574
vn -0.2185080122244105 -0.7071067811865474 0.6724985119639574
vn -0.5720614028176843 -0.7071067811865474 0.41562693777745346
vn -0.7071067811865476 -0.7071067811865474 8.659560562354934e-17
vn -0.5720614028176844 -0.7071067811865474 -0.4156269377774534
vn -0.21850801222441066 -0.7071067811865474 -0.6724985119639574
vn 0.2185080122244104 -0.7071067811865474 -0.6724985119639574
vn 0.5720614028176843 -0.7071067811865474 -0.41562693777745363
vn 0.7071067811865476 -0.7071067811865474 -1.7319121124709868e-16
vn 0.3826834323650899 -0.9238795325112867 0
vn 0.3095974002490935 -0.9238795325112867 0.22493567784086393
vn 0.11825568406654857 -0.9238795325112867 0.3639535720290144
vn -0.11825568406654853 -0.9238795325112867 0.36395357202901446
vn -0.3095974002490935 -0.9238795325112867 0.224935677840864
vn -0.3826834323650899 -0.9238795325112867 4.6865204053263e-17
vn -0.3095974002490935 -0.9238795325112867 -0.22493567784086388
vn -0.11825568406654861 -0.9238795325112867 -0.3639535720290144
vn 0.11825568406654849 -0.9238795325112867 -0.36395357202901446
vn 0.3095974002490935 -0.9238795325112867 -0.22493567784086402
vn 0.3826834323650899 -0.9238795325112867 -9.3730408106526e-17
vn 1.2246467991473532e-16 -1 0
vn 9.907600726170916e-17 -1 7.198293278059966e-17
vn 3.78436673043415e-17 -1 1.1647083184890923e-16
vn -3.7843667304341493e-17 -1 1.1647083184890926e-16
vn -9.907600726170915e-17 -1 7.198293278059968e-17
vn -1.2246467991473532e-16 -1 1.4997597826618576e-32
vn -9.907600726170916e-17 -1 -7.198293278059965e-17
vn -3.784366730434152e-17 -1 -1.1647083184890923e-16
vn 3.7843667304341475e-17 -1 -1.1647083184890926e-16
vn 9.907600726170915e-17 -1 -7.19829327805997e-17
vn 1.2246467991473532e-16 -1 -2.999519565323715e-32
vn 0 1 0
vn 0 1 0
vn 0 1 0
vn 0 1 0
vn 0 1 0
vn 0 1 0
vn 0 1 0
vn 0 1 0
vn 0 1 0
vn 0 1 0
vn 0 1 0
vn 0.3826834323650898 0.9238795325112867 0
vn 0.30959740024909344 0.9238795325112867 0.22493567784086388
vn 0.11825568406654853 0.9238795325112867 0.3639535720290143
vn -0.11825568406654849 0.9238795325112867 0.36395357202901435
vn -0.30959740024909344 0.9238795325112867 0.22493567784086388
vn -0.3826834323650898 0.9238795325112867 4.686520405326298e-17
vn -0.30959740024909344 0.9238795325112867 -0.2249356778408638
vn -0.11825568406654857 0.9238795325112867 -0.3639535720290143
vn 0.11825568406654845 0.9238795325112867 -0.36395357202901435
vn 0.30959740024909344 0.9238795325112867 -0.224935677840864
vn 0.3826834323650898 0.9238795325112867 -9.373040810652596e-17
vn 0.7071067811865475 0.7071067811865476 0
vn 0.5720614028176843 0.7071067811865476 0.4156269377774534
vn 0.21850801222441055 0.7071067811865476 0.6724985119639573
vn -0.21850801222441046 0.7071067811865476 0.6724985119639573
vn -0.5720614028176841 0.7071067811865476 0.41562693777745346
vn -0.7071067811865475 0.7071067811865476 8.659560562354932e-17
vn -0.5720614028176843 0.7071067811865476 -0.4156269377774533
vn -0.21850801222441063 0.7071067811865476 -0.6724985119639573
vn 0.21850801222441038 0.7071067811865476 -0.6724985119639573
vn 0.5720614028176841 0.7071067811865476 -0.4156269377774536
vn 0.7071067811865475 0.7071067811865476 -1.7319121124709863e-16
vn 0.9238795325112867 0.38268343236508984 0
vn 0.7474342425568128 0.38268343236508984 0.5430427641049989
vn 0.28549447630116936 0.38268343236508984 0.8786616496665794
vn -0.28549447630116925 0.38268343236508984 0.8786616496665796
vn -0.7474342425568127 0.38268343236508984 0.543042764104999
vn -0.9238795325112867 0.38268343236508984 1.1314261122877003e-16
vn -0.7474342425568128 0.38268343236508984 -0.5430427641049987
vn -0.2854944763011695 0.38268343236508984 -0.8786616496665794
vn 0.28549447630116914 0.38268343236508984 -0.8786616496665796
vn 0.7474342425568127 0.38268343236508984 -0.543042764104999
vn 0.9238795325112867 0.38268343236508984 -2.2628522245754005e-16
vn 1 6.123233995736766e-17 0
vn 0.8090169943749475 6.123233995736766e-17 0.5877852522924731
vn 0.30901699437494745 6.123233995736766e-17 0.9510565162951534
vn -0.30901699437494734 6.123233995736766e-17 0.9510565162951536
vn -0.8090169943749473 6.123233995736766e-17 0.5877852522924732
vn -1 6.123233995736766e-17 1.2246467991473532e-16
vn -0.8090169943749475 6.123233995736766e-17 -0.587785252292473
vn -0.30901699437494756 6.123233995736766e-17 -0.9510565162951534
vn 0.3090169943749473 6.123233995736766e-17 -0.9510565162951536
vn 0.8090169943749473 6.123233995736766e-17 -0.5877852522924734
vn 1 6.123233995736766e-17 -2.4492935982947064e-16
vn 0.9238795325112867 -0.3826834323650897 0
vn 0.7474342425568128 -0.3826834323650897 0.5430427641049989
vn 0.28549447630116936 -0.3826834323650897 0.8786616496665794
vn -0.28549447630116925 -0.3826834323650897 0.8786616496665796
vn -0.7474342425568127 -0.3826834323650897 0.543042764104999
vn -0.9238795325112867 -0.3826834323650897 1.1314261122877003e-16
vn -0.7474342425568128 -0.3826834323650897 -0.5430427641049987
vn -0.2854944763011695 -0.3826834323650897 -0.8786616496665794
vn 0.28549447630116914 -0.3826834323650897 -0.8786616496665796
vn 0.7474342425568127 -0.3826834323650897 -0.543042764104999
vn 0.9238795325112867 -0.3826834323650897 -2.2628522245754005e-16
vn 0.7071067811865476 -0.7071067811865474 0
vn 0.5720614028176844 -0.7071067811865474 0.41562693777745346
vn 0.21850801222441057 -0.7071067811865474 0.6724985119639574
vn -0.2185080122244105 -0.7071067811865474 0.6724985119639574
vn -0.5720614028176843 -0.7071067811865474 0.41562693777745346
vn -0.7071067811865476 -0.7071067811865474 8.659560562354934e-17
vn -0.5720614028176844 -0.7071067811865474 -0.4156269377774534
vn -0.21850801222441066 -0.7071067811865474 -0.6724985119639574
vn 0.2185080122244104 -0.7071067811865474 -0.6724985119639574
vn 0.5720614028176843 -0.7071067811865474 -0.41562693777745363
vn 0.7071067811865476 -0.7071067811865474 -1.7319121124709868e-16
vn 0.3826834323650899 -0.9238795325112867 0
vn 0.3095974002490935 -0.9238795325112867 0.22493567784086393
vn 0.11825568406654857 -0.9238795325112867 0.3639535720290144
vn -0.11825568406654853 -0.9238795325112867 0.36395357202901446
vn -0.3095974002490935 -0.9238795325112867 0.224935677840864
vn -0.3826834323650899 -0.9238795325112867 4.6865204053263e-17
vn -0.3095974002490935 -0.9238795325112867 -0.22493567784086388
vn -0.11825568406654861 -0.9238795325112867 -0.3639535720290144
vn 0.11825568406654849 -0.9238795325112867 -0.36395357202901446
vn 0.3095974002490935 -0.9238795325112867 -0.22493567784086402
vn 0.3826834323650899 -0.9238795325112867 -9.3730408106526e-17
vn 1.2246467991473532e-16 -1 0
vn 9.907600726170916e-17 -1 7.198293278059966e-17
vn 3.78436673043415e-17 -1 1.1647083184890923e-16
vn -3.7843667304341493e-17 -1 1.1647083184890926e-16
vn -9.907600726170915e-17 -1 7.198293278059968e-17
vn -1.2246467991473532e-16 -1 1.4997597826618576e-32
vn -9.907600726170916e-17 -1 -7.198293278059965e-17
vn -3.784366730434152e-17 -1 -1.1647083184890923e-16
vn 3.7843667304341475e-17 -1 -1.1647083184890926e-16
vn 9.907600726170915e-17 -1 -7.19829327805997e-17
vn 1.2246467991473532e-16 -1 -2.999519565323715e-32
vn 0 1 0
vn 0 1 0
vn 0 1 0
vn 0 1 0
vn 0 1 0
vn 0 1 0
vn 0 1 0
vn 0 1 0
vn 0 1 0
vn 0 1 0
vn 0 1 0
vn 0.3826834323650898 0.9238795325112867 0
vn 0.30959740024909344 0.9238795325112867 0.22493567784086388
vn 0.11825568406654853 0.9238795325112867 0.3639535720290143
vn -0.11825568406654849 0.9238795325112867 0.36395357202901435
vn -0.30959740024909344 0.9238795325112867 0.22493567784086388
vn -0.3826834323650898 0.9238795325112867 4.686520405326298e-17
vn -0.30959740024909344 0.9238795325112867 -0.2249356778408638
vn -0.11825568406654857 0.9238795325112867 -0.3639535720290143
vn 0.11825568406654845 0.9238795325112867 -0.36395357202901435
vn 0.30959740024909344 0.9238795325112867 -0.224935677840864
vn 0.3826834323650898 0.9238795325112867 -9.373040810652596e-17
vn 0.7071067811865475 0.7071067811865476 0
vn 0.5720614028176843 0.7071067811865476 0.4156269377774534
vn 0.21850801222441055 0.7071067811865476 0.6724985119639573
vn -0.21850801222441046 0.7071067811865476 0.6724985119639573
vn -0.5720614028176841 0.7071067811865476 0.41562693777745346
vn -0.7071067811865475 0.7071067811865476 8.659560562354932e-17
vn -0.5720614028176843 0.7071067811865476 -0.4156269377774533
vn -0.21850801222441063 0.7071067811865476 -0.6724985119639573
vn 0.21850801222441038 0.7071067811865476 -0.6724985119639573
vn 0.5720614028176841 0.7071067811865476 -0.4156269377774536
vn 0.7071067811865475 0.7071067811865476 -1.7319121124709863e-16
vn 0.9238795325112867 0.38268343236508984 0
vn 0.7474342425568128 0.38268343236508984 0.5430427641049989
vn 0.28549447630116936 0.38268343236508984 0.8786616496665794
vn -0.28549447630116925 0.38268343236508984 0.8786616496665796
vn -0.7474342425568127 0.38268343236508984 0.543042764104999
vn -0.9238795325112867 0.38268343236508984 1.1314261122877003e-16
vn -0.7474342425568128 0.38268343236508984 -0.5430427641049987
vn -0.2854944763011695 0.38268343236508984 -0.8786616496665794
vn 0.28549447630116914 0.38268343236508984 -0.8786616496665796
vn 0.7474342425568127 0.38268343236508984 -0.543042764104999
vn 0.9238795325112867 0.38268343236508984 -2.2628522245754005e-16
vn 1 6.123233995736766e-17 0
vn 0.8090169943749475 6.123233995736766e-17 0.5877852522924731
vn 0.30901699437494745 6.123233995736766e-17 0.9510565162951534
vn -0.30901699437494734 6.123233995736766e-17 0.9510565162951536
vn -0.8090169943749473 6.123233995736766e-17 0.5877852522924732
vn -1 6.123233995736766e-17 1.2246467991473532e-16
vn -0.8090169943749475 6.123233995736766e-17 -0.587785252292473
vn -0.30901699437494756 6.123233995736766e-17 -0.9510565162951534
vn 0.3090169943749473 6.123233995736766e-17 -0.9510565162951536
vn 0.8090169943749473 6.123233995736766e-17 -0.5877852522924734
vn 1 6.123233995736766e-17 -2.4492935982947064e-16
vn 0.9238795325112867 -0.3826834323650897 0
vn 0.7474342425568128 -0.3826834323650897 0.5430427641049989
vn 0.28549447630116936 -0.3826834323650897 0.8786616496665794
vn -0.28549447630116925 -0.3826834323650897 0.8786616496665796
vn -0.7474342425568127 -0.3826834323650897 0.543042764104999
vn -0.9238795325112867 -0.3826834323650897 1.1314261122877003e-16
vn -0.7474342425568128 -0.3826834323650897 -0.5430427641049987
vn -0.2854944763011695 -0.3826834323650897 -0.8786616496665794
vn 0.28549447630116914 -0.3826834323650897 -0.8786616496665796
vn 0.7474342425568127 -0.3826834323650897 -0.543042764104999
vn 0.9238795325112867 -0.3826834323650897 -2.2628522245754005e-16
vn 0.7071067811865476 -0.7071067811865474 0
vn 0.5720614028176844 -0.7071067811865474 0.41562693777745346
vn 0.21850801222441057 -0.7071067811865474 0.6724985119639574
vn -0.2185080122244105 -0.7071067811865474 0.6724985119639574
vn -0.5720614028176843 -0.7071067811865474 0.41562693777745346
vn -0.7071067811865476 -0.7071067811865474 8.659560562354934e-17
vn -0.5720614028176844 -0.7071067811865474 -0.4156269377774534
vn -0.21850801222441066 -0.7071067811865474 -0.6724985119639574
vn 0.2185080122244104 -0.7071067811865474 -0.6724985119639574
vn 0.5720614028176843 -0.7071067811865474 -0.41562693777745363
vn 0.7071067811865476 -0.7071067811865474 -1.7319121124709868e-16
vn 0.3826834323650899 -0.9238795325112867 0
vn 0.3095974002490935 -0.9238795325112867 0.22493567784086393
vn 0.11825568406654857 -0.9238795325112867 0.3639535720290144
vn -0.11825568406654853 -0.9238795325112867 0.36395357202901446
vn -0.3095974002490935 -0.9238795325112867 0.224935677840864
vn -0.3826834323650899 -0.9238795325112867 4.6865204053263e-17
vn -0.3095974002490935 -0.9238795325112867 -0.22493567784086388
vn -0.11825568406654861 -0.9238795325112867 -0.3639535720290144
vn 0.11825568406654849 -0.9238795325112867 -0.36395357202901446
vn 0.3095974002490935 -0.9238795325112867 -0.22493567784086402
vn 0.3826834323650899 -0.9238795325112867 -9.3730408106526e-17
vn 1.2246467991473532e-16 -1 0
vn 9.907600726170916e-17 -1 7.198293278059966e-17
vn 3.78436673043415e-17 -1 1.1647083184890923e-16
vn -3.7843667304341493e-17 -1 1.1647083184890926e-16
vn -9.907600726170915e-17 -1 7.198293278059968e-17
vn -1.2246467991473532e-16 -1 1.4997597826618576e-32
vn -9.907600726170916e-17 -1 -7.198293278059965e-17
vn -3.784366730434152e-17 -1 -1.1647083184890923e-16
vn 3.7843667304341475e-17 -1 -1.1647083184890926e-16
vn 9.907600726170915e-17 -1 -7.19829327805997e-17
vn 1.2246467991473532e-16 -1 -2.999519565323715e-32
vn 0 -1 0
vn 0 -1 0
vn 0 -1 0
vn 0 -1 0
vn 0 -1 0
vn 0 -1 0
vn 0 -1 0
vn 0 -1 0
vn 0 1 0
vn 0 1 0
vn 0 1 0
vn 0 1 0
vn 0 1 0
vn 0 1 0
vn 0 1 0
vn 0 1 0
vn 0 -1 0
vn 0 1 0
vn 0 -1 0
vn 0 -1 0
vn 0 -1 0
vn 0 -1 0
vn 0 -1 0
vn 0 -1 0
vn 0 -1 0
vn 0 1 0
vn 0 1 0
vn 0 1 0
vn 0 1 0
vn 0 1 0
vn 0 1 0
vn 0 1 0
vn 0 -1 0
vn 0 1 0
vn -0.5773502691896258 -0.5773502691896258 -0.5773502691896258
vn -0.5773502691896258 -0.5773502691896258 0.5773502691896258
vn -0.5773502691896258 0.5773502691896258 -0.5773502691896258
vn -0.5773502691896258 0.5773502691896258 0.5773502691896258
vn 0.5773502691896258 -0.5773502691896258 -0.5773502691896258
vn 0.5773502691896258 -0.5773502691896258 0.5773502691896258
vn 0.5773502691896258 0.5773502691896258 -0.5773502691896258
vn 0.5773502691896258 0.5773502691896258 0.5773502691896258
vn 0 -0.35682208977308993 -0.9341723589627159
vn 0 -0.35682208977308993 0.9341723589627159
vn 0 0.35682208977308993 -0.9341723589627159
vn 0 0.35682208977308993 0.9341723589627159
vn -0.35682208977308993 -0.9341723589627159 0
vn -0.35682208977308993 0.9341723589627159 0
vn 0.35682208977308993 -0.9341723589627159 0
vn 0.35682208977308993 0.9341723589627159 0
vn -0.9341723589627159 0 -0.35682208977308993
vn -0.9341723589627159 0 0.35682208977308993
vn 0.9341723589627159 0 -0.35682208977308993
vn 0.9341723589627159 0 0.35682208977308993
vn 0 1 0
vn 0 1 0
vn 0 1 0
vn 0 1 0
vn 0 1 0
vn 0 1 0
vn 0 1 0
vn 0 1 0
vn 0 1 0
vn 0 1 0
vn 0 1 0
vn 0.3826834323650898 0.9238795325112867 0
vn 0.30959740024909344 0.9238795325112867 0.22493567784086388
vn 0.11825568406654853 0.9238795325112867 0.3639535720290143
vn -0.11825568406654849 0.9238795325112867 0.36395357202901435
vn -0.3095974002490934 0.9238795325112867 0.22493567784086393
vn -0.3826834323650898 0.9238795325112867 4.6865204053262986e-17
vn -0.30959740024909344 0.9238795325112867 -0.22493567784086382
vn -0.11825568406654856 0.9238795325112867 -0.3639535720290143
vn 0.11825568406654846 0.9238795325112867 -0.36395357202901435
vn 0.3095974002490934 0.9238795325112867 -0.22493567784086396
vn 0.3826834323650898 0.9238795325112867 -9.373040810652597e-17
vn 0.7071067811865475 0.7071067811865476 0
vn 0.5720614028176843 0.7071067811865476 0.41562693777745335
vn 0.21850801222441055 0.7071067811865476 0.6724985119639573
vn -0.21850801222441046 0.7071067811865476 0.6724985119639573
vn -0.5720614028176841 0.7071067811865476 0.41562693777745346
vn -0.7071067811865475 0.7071067811865476 8.659560562354932e-17
vn -0.5720614028176843 0.7071067811865476 -0.4156269377774533
vn -0.2185080122244106 0.7071067811865476 -0.6724985119639573
vn 0.21850801222441038 0.7071067811865476 -0.6724985119639573
vn 0.5720614028176841 0.7071067811865476 -0.4156269377774536
vn 0.7071067811865475 0.7071067811865476 -1.7319121124709863e-16
vn 0.9238795325112867 0.38268343236508984 0
vn 0.7474342425568128 0.38268343236508984 0.5430427641049989
vn 0.28549447630116936 0.38268343236508984 0.8786616496665794
vn -0.28549447630116925 0.38268343236508984 0.8786616496665794
vn -0.7474342425568127 0.38268343236508984 0.543042764104999
vn -0.9238795325112867 0.38268343236508984 1.1314261122877003e-16
vn -0.7474342425568128 0.38268343236508984 -0.5430427641049987
vn -0.2854944763011695 0.38268343236508984 -0.8786616496665794
vn 0.28549447630116914 0.38268343236508984 -0.8786616496665794
vn 0.7474342425568127 0.38268343236508984 -0.543042764104999
vn 0.9238795325112867 0.38268343236508984 -2.2628522245754005e-16
vn 1 6.123233995736766e-17 0
vn 0.8090169943749475 6.123233995736766e-17 0.5877852522924731
vn 0.30901699437494745 6.123233995736766e-17 0.9510565162951535
vn -0.30901699437494734 6.123233995736766e-17 0.9510565162951535
vn -0.8090169943749473 6.123233995736766e-17 0.5877852522924732
vn -1 6.123233995736766e-17 1.2246467991473532e-16
vn -0.8090169943749475 6.123233995736766e-17 -0.587785252292473
vn -0.30901699437494756 6.123233995736766e-17 -0.9510565162951535
vn 0.30901699437494723 6.123233995736766e-17 -0.9510565162951535
vn 0.8090169943749473 6.123233995736766e-17 -0.5877852522924734
vn 1 6.123233995736766e-17 -2.4492935982947064e-16
vn 0.9238795325112867 -0.3826834323650897 0
vn 0.7474342425568128 -0.3826834323650897 0.5430427641049989
vn 0.28549447630116936 -0.3826834323650897 0.8786616496665794
vn -0.28549447630116925 -0.3826834323650897 0.8786616496665794
vn -0.7474342425568127 -0.3826834323650897 0.543042764104999
vn -0.9238795325112867 -0.3826834323650897 1.1314261122877003e-16
vn -0.7474342425568128 -0.3826834323650897 -0.5430427641049987
vn -0.2854944763011695 -0.3826834323650897 -0.8786616496665794
vn 0.28549447630116914 -0.3826834323650897 -0.8786616496665794
vn 0.7474342425568127 -0.3826834323650897 -0.543042764104999
vn 0.9238795325112867 -0.3826834323650897 -2.2628522245754005e-16
vn 0.7071067811865476 -0.7071067811865475 0
vn 0.5720614028176844 -0.7071067811865475 0.41562693777745346
vn 0.21850801222441057 -0.7071067811865475 0.6724985119639574
vn -0.2185080122244105 -0.7071067811865475 0.6724985119639574
vn -0.5720614028176843 -0.7071067811865475 0.4156269377774536
vn -0.7071067811865476 -0.7071067811865475 8.659560562354934e-17
vn -0.5720614028176844 -0.7071067811865475 -0.41562693777745335
vn -0.21850801222441066 -0.7071067811865475 -0.6724985119639574
vn 0.2185080122244104 -0.7071067811865475 -0.6724985119639574
vn 0.5720614028176843 -0.7071067811865475 -0.41562693777745363
vn 0.7071067811865476 -0.7071067811865475 -1.7319121124709868e-16
vn 0.3826834323650899 -0.9238795325112867 0
vn 0.3095974002490935 -0.9238795325112867 0.22493567784086393
vn 0.11825568406654856 -0.9238795325112867 0.3639535720290144
vn -0.11825568406654853 -0.9238795325112867 0.36395357202901446
vn -0.3095974002490935 -0.9238795325112867 0.22493567784086402
vn -0.3826834323650899 -0.9238795325112867 4.6865204053263e-17
vn -0.3095974002490935 -0.9238795325112867 -0.22493567784086393
vn -0.11825568406654861 -0.9238795325112867 -0.3639535720290144
vn 0.11825568406654849 -0.9238795325112867 -0.36395357202901446
vn 0.3095974002490935 -0.9238795325112867 -0.22493567784086402
vn 0.3826834323650899 -0.9238795325112867 -9.3730408106526e-17
vn 1.2246467991473532e-16 -1 0
vn 9.907600726170916e-17 -1 7.198293278059966e-17
vn 3.7843667304341506e-17 -1 1.1647083184890923e-16
vn -3.7843667304341493e-17 -1 1.1647083184890926e-16
vn -9.907600726170915e-17 -1 7.198293278059968e-17
vn -1.2246467991473532e-16 -1 1.4997597826618576e-32
vn -9.907600726170916e-17 -1 -7.198293278059965e-17
vn -3.784366730434152e-17 -1 -1.1647083184890923e-16
vn 3.7843667304341475e-17 -1 -1.1647083184890926e-16
vn 9.907600726170915e-17 -1 -7.19829327805997e-17
vn 1.2246467991473532e-16 -1 -2.999519565323715e-32
vn 0 1 0
vn 0 1 0
vn 0 1 0
vn 0 1 0
vn 0 1 0
vn 0 1 0
vn 0 1 0
vn 0 1 0
vn 0 1 0
vn 0 1 0
vn 0 1 0
vn 0.3826834323650898 0.9238795325112867 0
vn 0.30959740024909344 0.9238795325112867 0.22493567784086388
vn 0.11825568406654853 0.9238795325112867 0.3639535720290143
vn -0.11825568406654849 0.9238795325112867 0.36395357202901435
vn -0.3095974002490934 0.9238795325112867 0.22493567784086393
vn -0.3826834323650898 0.9238795325112867 4.6865204053262986e-17
vn -0.30959740024909344 0.9238795325112867 -0.22493567784086382
vn -0.11825568406654856 0.9238795325112867 -0.3639535720290143
vn 0.11825568406654846 0.9238795325112867 -0.36395357202901435
vn 0.3095974002490934 0.9238795325112867 -0.22493567784086396
vn 0.3826834323650898 0.9238795325112867 -9.373040810652597e-17
vn 0.7071067811865475 0.7071067811865476 0
vn 0.5720614028176843 0.7071067811865476 0.41562693777745335
vn 0.21850801222441055 0.7071067811865476 0.6724985119639573
vn -0.21850801222441046 0.7071067811865476 0.6724985119639573
vn -0.5720614028176841 0.7071067811865476 0.41562693777745346
vn -0.7071067811865475 0.7071067811865476 8.659560562354932e-17
vn -0.5720614028176843 0.7071067811865476 -0.4156269377774533
vn -0.2185080122244106 0.7071067811865476 -0.6724985119639573
vn 0.21850801222441038 0.7071067811865476 -0.6724985119639573
vn 0.5720614028176841 0.7071067811865476 -0.4156269377774536
vn 0.7071067811865475 0.7071067811865476 -1.7319121124709863e-16
vn 0.9238795325112867 0.38268343236508984 0
vn 0.7474342425568128 0.38268343236508984 0.5430427641049989
vn 0.28549447630116936 0.38268343236508984 0.8786616496665794
vn -0.28549447630116925 0.38268343236508984 0.8786616496665794
vn -0.7474342425568127 0.38268343236508984 0.543042764104999
vn -0.9238795325112867 0.38268343236508984 1.1314261122877003e-16
vn -0.7474342425568128 0.38268343236508984 -0.5430427641049987
vn -0.2854944763011695 0.38268343236508984 -0.8786616496665794
vn 0.28549447630116914 0.38268343236508984 -0.8786616496665794
vn 0.7474342425568127 0.38268343236508984 -0.543042764104999
vn 0.9238795325112867 0.38268343236508984 -2.2628522245754005e-16
vn 1 6.123233995736766e-17 0
vn 0.8090169943749475 6.123233995736766e-17 0.5877852522924731
vn 0.30901699437494745 6.123233995736766e-17 0.9510565162951535
vn -0.30901699437494734 6.123233995736766e-17 0.9510565162951535
vn -0.8090169943749473 6.123233995736766e-17 0.5877852522924732
vn -1 6.123233995736766e-17 1.2246467991473532e-16
vn -0.8090169943749475 6.123233995736766e-17 -0.587785252292473
vn -0.30901699437494756 6.123233995736766e-17 -0.9510565162951535
vn 0.30901699437494723 6.123233995736766e-17 -0.9510565162951535
vn 0.8090169943749473 6.123233995736766e-17 -0.5877852522924734
vn 1 6.123233995736766e-17 -2.4492935982947064e-16
vn 0.9238795325112867 -0.3826834323650897 0
vn 0.7474342425568128 -0.3826834323650897 0.5430427641049989
vn 0.28549447630116936 -0.3826834323650897 0.8786616496665794
vn -0.28549447630116925 -0.3826834323650897 0.8786616496665794
vn -0.7474342425568127 -0.3826834323650897 0.543042764104999
vn -0.9238795325112867 -0.3826834323650897 1.1314261122877003e-16
vn -0.7474342425568128 -0.3826834323650897 -0.5430427641049987
vn -0.2854944763011695 -0.3826834323650897 -0.8786616496665794
vn 0.28549447630116914 -0.3826834323650897 -0.8786616496665794
vn 0.7474342425568127 -0.3826834323650897 -0.543042764104999
vn 0.9238795325112867 -0.3826834323650897 -2.2628522245754005e-16
vn 0.7071067811865476 -0.7071067811865475 0
vn 0.5720614028176844 -0.7071067811865475 0.41562693777745346
vn 0.21850801222441057 -0.7071067811865475 0.6724985119639574
vn -0.2185080122244105 -0.7071067811865475 0.6724985119639574
vn -0.5720614028176843 -0.7071067811865475 0.4156269377774536
vn -0.7071067811865476 -0.7071067811865475 8.659560562354934e-17
vn -0.5720614028176844 -0.7071067811865475 -0.41562693777745335
vn -0.21850801222441066 -0.7071067811865475 -0.6724985119639574
vn 0.2185080122244104 -0.7071067811865475 -0.6724985119639574
vn 0.5720614028176843 -0.7071067811865475 -0.41562693777745363
vn 0.7071067811865476 -0.7071067811865475 -1.7319121124709868e-16
vn 0.3826834323650899 -0.9238795325112867 0
vn 0.3095974002490935 -0.9238795325112867 0.22493567784086393
vn 0.11825568406654856 -0.9238795325112867 0.3639535720290144
vn -0.11825568406654853 -0.9238795325112867 0.36395357202901446
vn -0.3095974002490935 -0.9238795325112867 0.22493567784086402
vn -0.3826834323650899 -0.9238795325112867 4.6865204053263e-17
vn -0.3095974002490935 -0.9238795325112867 -0.22493567784086393
vn -0.11825568406654861 -0.9238795325112867 -0.3639535720290144
vn 0.11825568406654849 -0.9238795325112867 -0.36395357202901446
vn 0.3095974002490935 -0.9238795325112867 -0.22493567784086402
vn 0.3826834323650899 -0.9238795325112867 -9.3730408106526e-17
vn 1.2246467991473532e-16 -1 0
vn 9.907600726170916e-17 -1 7.198293278059966e-17
vn 3.7843667304341506e-17 -1 1.1647083184890923e-16
vn -3.7843667304341493e-17 -1 1.1647083184890926e-16
vn -9.907600726170915e-17 -1 7.198293278059968e-17
vn -1.2246467991473532e-16 -1 1.4997597826618576e-32
vn -9.907600726170916e-17 -1 -7.198293278059965e-17
vn -3.784366730434152e-17 -1 -1.1647083184890923e-16
vn 3.7843667304341475e-17 -1 -1.1647083184890926e-16
vn 9.907600726170915e-17 -1 -7.19829327805997e-17
vn 1.2246467991473532e-16 -1 -2.999519565323715e-32
vn 0 1 0
vn 0 1 0
vn 0 1 0
vn 0 1 0
vn 0 1 0
vn 0 1 0
vn 0 1 0
vn 0 1 0
vn 0 1 0
vn 0 1 0
vn 0 1 0
vn 0.3826834323650898 0.9238795325112867 0
vn 0.30959740024909344 0.9238795325112867 0.22493567784086388
vn 0.11825568406654853 0.9238795325112867 0.3639535720290143
vn -0.11825568406654849 0.9238795325112867 0.36395357202901435
vn -0.3095974002490934 0.9238795325112867 0.22493567784086393
vn -0.3826834323650898 0.9238795325112867 4.6865204053262986e-17
vn -0.30959740024909344 0.9238795325112867 -0.22493567784086382
vn -0.11825568406654856 0.9238795325112867 -0.3639535720290143
vn 0.11825568406654846 0.9238795325112867 -0.36395357202901435
vn 0.3095974002490934 0.9238795325112867 -0.22493567784086396
vn 0.3826834323650898 0.9238795325112867 -9.373040810652597e-17
vn 0.7071067811865475 0.7071067811865476 0
vn 0.5720614028176843 0.7071067811865476 0.41562693777745335
vn 0.21850801222441055 0.7071067811865476 0.6724985119639573
vn -0.21850801222441046 0.7071067811865476 0.6724985119639573
vn -0.5720614028176841 0.7071067811865476 0.41562693777745346
vn -0.7071067811865475 0.7071067811865476 8.659560562354932e-17
vn -0.5720614028176843 0.7071067811865476 -0.4156269377774533
vn -0.2185080122244106 0.7071067811865476 -0.6724985119639573
vn 0.21850801222441038 0.7071067811865476 -0.6724985119639573
vn 0.5720614028176841 0.7071067811865476 -0.4156269377774536
vn 0.7071067811865475 0.7071067811865476 -1.7319121124709863e-16
vn 0.9238795325112867 0.38268343236508984 0
vn 0.7474342425568128 0.38268343236508984 0.5430427641049989
vn 0.28549447630116936 0.38268343236508984 0.8786616496665794
vn -0.28549447630116925 0.38268343236508984 0.8786616496665794
vn -0.7474342425568127 0.38268343236508984 0.543042764104999
vn -0.9238795325112867 0.38268343236508984 1.1314261122877003e-16
vn -0.7474342425568128 0.38268343236508984 -0.5430427641049987
vn -0.2854944763011695 0.38268343236508984 -0.8786616496665794
vn 0.28549447630116914 0.38268343236508984 -0.8786616496665794
vn 0.7474342425568127 0.38268343236508984 -0.543042764104999
vn 0.9238795325112867 0.38268343236508984 -2.2628522245754005e-16
vn 1 6.123233995736766e-17 0
vn 0.8090169943749475 6.123233995736766e-17 0.5877852522924731
vn 0.30901699437494745 6.123233995736766e-17 0.9510565162951535
vn -0.30901699437494734 6.123233995736766e-17 0.9510565162951535
vn -0.8090169943749473 6.123233995736766e-17 0.5877852522924732
vn -1 6.123233995736766e-17 1.2246467991473532e-16
vn -0.8090169943749475 6.123233995736766e-17 -0.587785252292473
vn -0.30901699437494756 6.123233995736766e-17 -0.9510565162951535
vn 0.30901699437494723 6.123233995736766e-17 -0.9510565162951535
vn 0.8090169943749473 6.123233995736766e-17 -0.5877852522924734
vn 1 6.123233995736766e-17 -2.4492935982947064e-16
vn 0.9238795325112867 -0.3826834323650897 0
vn 0.7474342425568128 -0.3826834323650897 0.5430427641049989
vn 0.28549447630116936 -0.3826834323650897 0.8786616496665794
vn -0.28549447630116925 -0.3826834323650897 0.8786616496665794
vn -0.7474342425568127 -0.3826834323650897 0.543042764104999
vn -0.9238795325112867 -0.3826834323650897 1.1314261122877003e-16
vn -0.7474342425568128 -0.3826834323650897 -0.5430427641049987
vn -0.2854944763011695 -0.3826834323650897 -0.8786616496665794
vn 0.28549447630116914 -0.3826834323650897 -0.8786616496665794
vn 0.7474342425568127 -0.3826834323650897 -0.543042764104999
vn 0.9238795325112867 -0.3826834323650897 -2.2628522245754005e-16
vn 0.7071067811865476 -0.7071067811865475 0
vn 0.5720614028176844 -0.7071067811865475 0.41562693777745346
vn 0.21850801222441057 -0.7071067811865475 0.6724985119639574
vn -0.2185080122244105 -0.7071067811865475 0.6724985119639574
vn -0.5720614028176843 -0.7071067811865475 0.4156269377774536
vn -0.7071067811865476 -0.7071067811865475 8.659560562354934e-17
vn -0.5720614028176844 -0.7071067811865475 -0.41562693777745335
vn -0.21850801222441066 -0.7071067811865475 -0.6724985119639574
vn 0.2185080122244104 -0.7071067811865475 -0.6724985119639574
vn 0.5720614028176843 -0.7071067811865475 -0.41562693777745363
vn 0.7071067811865476 -0.7071067811865475 -1.7319121124709868e-16
vn 0.3826834323650899 -0.9238795325112867 0
vn 0.3095974002490935 -0.9238795325112867 0.22493567784086393
vn 0.11825568406654856 -0.9238795325112867 0.3639535720290144
vn -0.11825568406654853 -0.9238795325112867 0.36395357202901446
vn -0.3095974002490935 -0.9238795325112867 0.22493567784086402
vn -0.3826834323650899 -0.9238795325112867 4.6865204053263e-17
vn -0.3095974002490935 -0.9238795325112867 -0.22493567784086393
vn -0.11825568406654861 -0.9238795325112867 -0.3639535720290144
vn 0.11825568406654849 -0.9238795325112867 -0.36395357202901446
vn 0.3095974002490935 -0.9238795325112867 -0.22493567784086402
vn 0.3826834323650899 -0.9238795325112867 -9.3730408106526e-17
vn 1.2246467991473532e-16 -1 0
vn 9.907600726170916e-17 -1 7.198293278059966e-17
vn 3.7843667304341506e-17 -1 1.1647083184890923e-16
vn -3.7843667304341493e-17 -1 1.1647083184890926e-16
vn -9.907600726170915e-17 -1 7.198293278059968e-17
vn -1.2246467991473532e-16 -1 1.4997597826618576e-32
vn -9.907600726170916e-17 -1 -7.198293278059965e-17
vn -3.784366730434152e-17 -1 -1.1647083184890923e-16
vn 3.7843667304341475e-17 -1 -1.1647083184890926e-16
vn 9.907600726170915e-17 -1 -7.19829327805997e-17
vn 1.2246467991473532e-16 -1 -2.999519565323715e-32
vn 0 1 0
vn 0 1 0
vn 0 1 0
vn 0 1 0
vn 0 1 0
vn 0 1 0
vn 0 1 0
vn 0 1 0
vn 0 1 0
vn 0 1 0
vn 0 1 0
vn 0.3826834323650898 0.9238795325112867 0
vn 0.30959740024909344 0.9238795325112867 0.22493567784086388
vn 0.11825568406654853 0.9238795325112867 0.3639535720290143
vn -0.11825568406654849 0.9238795325112867 0.36395357202901435
vn -0.3095974002490934 0.9238795325112867 0.22493567784086393
vn -0.3826834323650898 0.9238795325112867 4.6865204053262986e-17
vn -0.30959740024909344 0.9238795325112867 -0.22493567784086382
vn -0.11825568406654856 0.9238795325112867 -0.3639535720290143
vn 0.11825568406654846 0.9238795325112867 -0.36395357202901435
vn 0.3095974002490934 0.9238795325112867 -0.22493567784086396
vn 0.3826834323650898 0.9238795325112867 -9.373040810652597e-17
vn 0.7071067811865475 0.7071067811865476 0
vn 0.5720614028176843 0.7071067811865476 0.41562693777745335
vn 0.21850801222441055 0.7071067811865476 0.6724985119639573
vn -0.21850801222441046 0.7071067811865476 0.6724985119639573
vn -0.5720614028176841 0.7071067811865476 0.41562693777745346
vn -0.7071067811865475 0.7071067811865476 8.659560562354932e-17
vn -0.5720614028176843 0.7071067811865476 -0.4156269377774533
vn -0.2185080122244106 0.7071067811865476 -0.6724985119639573
vn 0.21850801222441038 0.7071067811865476 -0.6724985119639573
vn 0.5720614028176841 0.7071067811865476 -0.4156269377774536
vn 0.7071067811865475 0.7071067811865476 -1.7319121124709863e-16
vn 0.9238795325112867 0.38268343236508984 0
vn 0.7474342425568128 0.38268343236508984 0.5430427641049989
vn 0.28549447630116936 0.38268343236508984 0.8786616496665794
vn -0.28549447630116925 0.38268343236508984 0.8786616496665794
vn -0.7474342425568127 0.38268343236508984 0.543042764104999
vn -0.9238795325112867 0.38268343236508984 1.1314261122877003e-16
vn -0.7474342425568128 0.38268343236508984 -0.5430427641049987
vn -0.2854944763011695 0.38268343236508984 -0.8786616496665794
vn 0.28549447630116914 0.38268343236508984 -0.8786616496665794
vn 0.7474342425568127 0.38268343236508984 -0.543042764104999
vn 0.9238795325112867 0.38268343236508984 -2.2628522245754005e-16
vn 1 6.123233995736766e-17 0
vn 0.8090169943749475 6.123233995736766e-17 0.5877852522924731
vn 0.30901699437494745 6.123233995736766e-17 0.9510565162951535
vn -0.30901699437494734 6.123233995736766e-17 0.9510565162951535
vn -0.8090169943749473 6.123233995736766e-17 0.5877852522924732
vn -1 6.123233995736766e-17 1.2246467991473532e-16
vn -0.8090169943749475 6.123233995736766e-17 -0.587785252292473
vn -0.30901699437494756 6.123233995736766e-17 -0.9510565162951535
vn 0.30901699437494723 6.123233995736766e-17 -0.9510565162951535
vn 0.8090169943749473 6.123233995736766e-17 -0.5877852522924734
vn 1 6.123233995736766e-17 -2.4492935982947064e-16
vn 0.9238795325112867 -0.3826834323650897 0
vn 0.7474342425568128 -0.3826834323650897 0.5430427641049989
vn 0.28549447630116936 -0.3826834323650897 0.8786616496665794
vn -0.28549447630116925 -0.3826834323650897 0.8786616496665794
vn -0.7474342425568127 -0.3826834323650897 0.543042764104999
vn -0.9238795325112867 -0.3826834323650897 1.1314261122877003e-16
vn -0.7474342425568128 -0.3826834323650897 -0.5430427641049987
vn -0.2854944763011695 -0.3826834323650897 -0.8786616496665794
vn 0.28549447630116914 -0.3826834323650897 -0.8786616496665794
vn 0.7474342425568127 -0.3826834323650897 -0.543042764104999
vn 0.9238795325112867 -0.3826834323650897 -2.2628522245754005e-16
vn 0.7071067811865476 -0.7071067811865475 0
vn 0.5720614028176844 -0.7071067811865475 0.41562693777745346
vn 0.21850801222441057 -0.7071067811865475 0.6724985119639574
vn -0.2185080122244105 -0.7071067811865475 0.6724985119639574
vn -0.5720614028176843 -0.7071067811865475 0.4156269377774536
vn -0.7071067811865476 -0.7071067811865475 8.659560562354934e-17
vn -0.5720614028176844 -0.7071067811865475 -0.41562693777745335
vn -0.21850801222441066 -0.7071067811865475 -0.6724985119639574
vn 0.2185080122244104 -0.7071067811865475 -0.6724985119639574
vn 0.5720614028176843 -0.7071067811865475 -0.41562693777745363
vn 0.7071067811865476 -0.7071067811865475 -1.7319121124709868e-16
vn 0.3826834323650899 -0.9238795325112867 0
vn 0.3095974002490935 -0.9238795325112867 0.22493567784086393
vn 0.11825568406654856 -0.9238795325112867 0.3639535720290144
vn -0.11825568406654853 -0.9238795325112867 0.36395357202901446
vn -0.3095974002490935 -0.9238795325112867 0.22493567784086402
vn -0.3826834323650899 -0.9238795325112867 4.6865204053263e-17
vn -0.3095974002490935 -0.9238795325112867 -0.22493567784086393
vn -0.11825568406654861 -0.9238795325112867 -0.3639535720290144
vn 0.11825568406654849 -0.9238795325112867 -0.36395357202901446
vn 0.3095974002490935 -0.9238795325112867 -0.22493567784086402
vn 0.3826834323650899 -0.9238795325112867 -9.3730408106526e-17
vn 1.2246467991473532e-16 -1 0
vn 9.907600726170916e-17 -1 7.198293278059966e-17
vn 3.7843667304341506e-17 -1 1.1647083184890923e-16
vn -3.7843667304341493e-17 -1 1.1647083184890926e-16
vn -9.907600726170915e-17 -1 7.198293278059968e-17
vn -1.2246467991473532e-16 -1 1.4997597826618576e-32
vn -9.907600726170916e-17 -1 -7.198293278059965e-17
vn -3.784366730434152e-17 -1 -1.1647083184890923e-16
vn 3.7843667304341475e-17 -1 -1.1647083184890926e-16
vn 9.907600726170915e-17 -1 -7.19829327805997e-17
vn 1.2246467991473532e-16 -1 -2.999519565323715e-32
vn 0 -1 0
vn 0 -1 0
vn 0 -1 0
vn 0 -1 0
vn 0 -1 0
vn 0 -1 0
vn 0 -1 0
vn 0 -1 0
vn 0 1 0
vn 0 1 0
vn 0 1 0
vn 0 1 0
vn 0 1 0
vn 0 1 0
vn 0 1 0
vn 0 1 0
vn 0 -1 0
vn 0 1 0
vn 0 -1 0
vn 0 -1 0
vn 0 -1 0
vn 0 -1 0
vn 0 -1 0
vn 0 -1 0
vn 0 -1 0
vn 0 1 0
vn 0 1 0
vn 0 1 0
vn 0 1 0
vn 0 1 0
vn 0 1 0
vn 0 1 0
vn 0 -1 0
vn 0 1 0
vn -0.5773502691896257 -0.5773502691896257 -0.5773502691896257
vn -0.5773502691896257 -0.5773502691896257 0.5773502691896257
vn -0.5773502691896257 0.5773502691896257 -0.5773502691896257
vn -0.5773502691896257 0.5773502691896257 0.5773502691896257
vn 0.5773502691896257 -0.5773502691896257 -0.5773502691896257
vn 0.5773502691896257 -0.5773502691896257 0.5773502691896257
vn 0.5773502691896257 0.5773502691896257 -0.5773502691896257
vn 0.5773502691896257 0.5773502691896257 0.5773502691896257
vn 0 -0.35682208977308993 -0.9341723589627157
vn 0 -0.35682208977308993 0.9341723589627157
vn 0 0.35682208977308993 -0.9341723589627157
vn 0 0.35682208977308993 0.9341723589627157
vn -0.35682208977308993 -0.9341723589627157 0
vn -0.35682208977308993 0.9341723589627157 0
vn 0.35682208977308993 -0.9341723589627157 0
vn 0.35682208977308993 0.9341723589627157 0
vn -0.9341723589627157 0 -0.35682208977308993
vn -0.9341723589627157 0 0.35682208977308993
vn 0.9341723589627157 0 -0.35682208977308993
vn 0.9341723589627157 0 0.35682208977308993
vn 0 1 0
vn 0 1 0
vn 0 1 0
vn 0 1 0
vn 0 1 0
vn 0 1 0
vn 0 1 0
vn 0 1 0
vn 0 1 0
vn 0 1 0
vn 0 1 0
vn 0.3826834323650898 0.9238795325112867 0
vn 0.30959740024909344 0.9238795325112867 0.22493567784086385
vn 0.11825568406654853 0.9238795325112867 0.3639535720290143
vn -0.11825568406654849 0.9238795325112867 0.36395357202901435
vn -0.3095974002490934 0.9238795325112867 0.2249356778408639
vn -0.3826834323650898 0.9238795325112867 4.6865204053262986e-17
vn -0.30959740024909344 0.9238795325112867 -0.2249356778408638
vn -0.11825568406654857 0.9238795325112867 -0.3639535720290143
vn 0.11825568406654845 0.9238795325112867 -0.36395357202901435
vn 0.3095974002490934 0.9238795325112867 -0.22493567784086396
vn 0.3826834323650898 0.9238795325112867 -9.373040810652597e-17
vn 0.7071067811865475 0.7071067811865476 0
vn 0.5720614028176843 0.7071067811865476 0.4156269377774534
vn 0.21850801222441055 0.7071067811865476 0.6724985119639573
vn -0.21850801222441046 0.7071067811865476 0.6724985119639573
vn -0.5720614028176841 0.7071067811865476 0.41562693777745346
vn -0.7071067811865475 0.7071067811865476 8.659560562354932e-17
vn -0.5720614028176843 0.7071067811865476 -0.4156269377774533
vn -0.2185080122244106 0.7071067811865476 -0.6724985119639573
vn 0.21850801222441038 0.7071067811865476 -0.6724985119639573
vn 0.5720614028176841 0.7071067811865476 -0.4156269377774536
vn 0.7071067811865475 0.7071067811865476 -1.7319121124709863e-16
vn 0.9238795325112867 0.38268343236508984 0
vn 0.7474342425568128 0.38268343236508984 0.5430427641049989
vn 0.28549447630116936 0.38268343236508984 0.8786616496665796
vn -0.28549447630116925 0.38268343236508984 0.8786616496665796
vn -0.7474342425568127 0.38268343236508984 0.543042764104999
vn -0.9238795325112867 0.38268343236508984 1.1314261122877003e-16
vn -0.7474342425568128 0.38268343236508984 -0.5430427641049987
vn -0.2854944763011695 0.38268343236508984 -0.8786616496665796
vn 0.28549447630116914 0.38268343236508984 -0.8786616496665796
vn 0.7474342425568127 0.38268343236508984 -0.543042764104999
vn 0.9238795325112867 0.38268343236508984 -2.2628522245754005e-16
vn 1 6.123233995736766e-17 0
vn 0.8090169943749475 6.123233995736766e-17 0.5877852522924731
vn 0.30901699437494745 6.123233995736766e-17 0.9510565162951534
vn -0.30901699437494734 6.123233995736766e-17 0.9510565162951536
vn -0.8090169943749473 6.123233995736766e-17 0.5877852522924732
vn -1 6.123233995736766e-17 1.2246467991473532e-16
vn -0.8090169943749475 6.123233995736766e-17 -0.587785252292473
vn -0.30901699437494756 6.123233995736766e-17 -0.9510565162951534
vn 0.30901699437494723 6.123233995736766e-17 -0.9510565162951536
vn 0.8090169943749473 6.123233995736766e-17 -0.5877852522924734
vn 1 6.123233995736766e-17 -2.4492935982947064e-16
vn 0.9238795325112867 -0.38268343236508967 0
vn 0.7474342425568128 -0.38268343236508967 0.5430427641049989
vn 0.28549447630116936 -0.38268343236508967 0.8786616496665796
vn -0.28549447630116925 -0.38268343236508967 0.8786616496665796
vn -0.7474342425568127 -0.38268343236508967 0.543042764104999
vn -0.9238795325112867 -0.38268343236508967 1.1314261122877003e-16
vn -0.7474342425568128 -0.38268343236508967 -0.5430427641049987
vn -0.2854944763011695 -0.38268343236508967 -0.8786616496665796
vn 0.28549447630116914 -0.38268343236508967 -0.8786616496665796
vn 0.7474342425568127 -0.38268343236508967 -0.543042764104999
vn 0.9238795325112867 -0.38268343236508967 -2.2628522245754005e-16
vn 0.7071067811865476 -0.7071067811865475 0
vn 0.5720614028176844 -0.7071067811865475 0.41562693777745346
vn 0.21850801222441057 -0.7071067811865475 0.6724985119639574
vn -0.2185080122244105 -0.7071067811865475 0.6724985119639574
vn -0.5720614028176843 -0.7071067811865475 0.4156269377774535
vn -0.7071067811865476 -0.7071067811865475 8.659560562354934e-17
vn -0.5720614028176844 -0.7071067811865475 -0.4156269377774534
vn -0.21850801222441066 -0.7071067811865475 -0.6724985119639574
vn 0.2185080122244104 -0.7071067811865475 -0.6724985119639574
vn 0.5720614028176843 -0.7071067811865475 -0.41562693777745363
vn 0.7071067811865476 -0.7071067811865475 -1.7319121124709868e-16
vn 0.3826834323650899 -0.9238795325112867 0
vn 0.3095974002490935 -0.9238795325112867 0.22493567784086396
vn 0.11825568406654857 -0.9238795325112867 0.3639535720290144
vn -0.11825568406654853 -0.9238795325112867 0.36395357202901446
vn -0.3095974002490935 -0.9238795325112867 0.224935677840864
vn -0.3826834323650899 -0.9238795325112867 4.6865204053263e-17
vn -0.3095974002490935 -0.9238795325112867 -0.2249356778408639
vn -0.11825568406654861 -0.9238795325112867 -0.3639535720290144
vn 0.11825568406654849 -0.9238795325112867 -0.36395357202901446
vn 0.3095974002490935 -0.9238795325112867 -0.224935677840864
vn 0.3826834323650899 -0.9238795325112867 -9.3730408106526e-17
vn 1.2246467991473532e-16 -1 0
vn 9.907600726170916e-17 -1 7.198293278059966e-17
vn 3.7843667304341506e-17 -1 1.1647083184890923e-16
vn -3.7843667304341493e-17 -1 1.1647083184890926e-16
vn -9.907600726170915e-17 -1 7.198293278059968e-17
vn -1.2246467991473532e-16 -1 1.4997597826618576e-32
vn -9.907600726170916e-17 -1 -7.198293278059965e-17
vn -3.784366730434152e-17 -1 -1.1647083184890923e-16
vn 3.7843667304341475e-17 -1 -1.1647083184890926e-16
vn 9.907600726170915e-17 -1 -7.19829327805997e-17
vn 1.2246467991473532e-16 -1 -2.999519565323715e-32
vn 0 1 0
vn 0 1 0
vn 0 1 0
vn 0 1 0
vn 0 1 0
vn 0 1 0
vn 0 1 0
vn 0 1 0
vn 0 1 0
vn 0 1 0
vn 0 1 0
vn 0.3826834323650898 0.9238795325112867 0
vn 0.30959740024909344 0.9238795325112867 0.22493567784086385
vn 0.11825568406654853 0.9238795325112867 0.3639535720290143
vn -0.11825568406654849 0.9238795325112867 0.36395357202901435
vn -0.3095974002490934 0.9238795325112867 0.2249356778408639
vn -0.3826834323650898 0.9238795325112867 4.6865204053262986e-17
vn -0.30959740024909344 0.9238795325112867 -0.2249356778408638
vn -0.11825568406654857 0.9238795325112867 -0.3639535720290143
vn 0.11825568406654845 0.9238795325112867 -0.36395357202901435
vn 0.3095974002490934 0.9238795325112867 -0.22493567784086396
vn 0.3826834323650898 0.9238795325112867 -9.373040810652597e-17
vn 0.7071067811865475 0.7071067811865476 0
vn 0.5720614028176843 0.7071067811865476 0.4156269377774534
vn 0.21850801222441055 0.7071067811865476 0.6724985119639573
vn -0.21850801222441046 0.7071067811865476 0.6724985119639573
vn -0.5720614028176841 0.7071067811865476 0.41562693777745346
vn -0.7071067811865475 0.7071067811865476 8.659560562354932e-17
vn -0.5720614028176843 0.7071067811865476 -0.4156269377774533
vn -0.2185080122244106 0.7071067811865476 -0.6724985119639573
vn 0.21850801222441038 0.7071067811865476 -0.6724985119639573
vn 0.5720614028176841 0.7071067811865476 -0.4156269377774536
vn 0.7071067811865475 0.7071067811865476 -1.7319121124709863e-16
vn 0.9238795325112867 0.38268343236508984 0
vn 0.7474342425568128 0.38268343236508984 0.5430427641049989
vn 0.28549447630116936 0.38268343236508984 0.8786616496665796
vn -0.28549447630116925 0.38268343236508984 0.8786616496665796
vn -0.7474342425568127 0.38268343236508984 0.543042764104999
vn -0.9238795325112867 0.38268343236508984 1.1314261122877003e-16
vn -0.7474342425568128 0.38268343236508984 -0.5430427641049987
vn -0.2854944763011695 0.38268343236508984 -0.8786616496665796
vn 0.28549447630116914 0.38268343236508984 -0.8786616496665796
vn 0.7474342425568127 0.38268343236508984 -0.543042764104999
vn 0.9238795325112867 0.38268343236508984 -2.2628522245754005e-16
vn 1 6.123233995736766e-17 0
vn 0.8090169943749475 6.123233995736766e-17 0.5877852522924731
vn 0.30901699437494745 6.123233995736766e-17 0.9510565162951534
vn -0.30901699437494734 6.123233995736766e-17 0.9510565162951536
vn -0.8090169943749473 6.123233995736766e-17 0.5877852522924732
vn -1 6.123233995736766e-17 1.2246467991473532e-16
vn -0.8090169943749475 6.123233995736766e-17 -0.587785252292473
vn -0.30901699437494756 6.123233995736766e-17 -0.9510565162951534
vn 0.30901699437494723 6.123233995736766e-17 -0.9510565162951536
vn 0.8090169943749473 6.123233995736766e-17 -0.5877852522924734
vn 1 6.123233995736766e-17 -2.4492935982947064e-16
vn 0.9238795325112867 -0.38268343236508967 0
vn 0.7474342425568128 -0.38268343236508967 0.5430427641049989
vn 0.28549447630116936 -0.38268343236508967 0.8786616496665796
vn -0.28549447630116925 -0.38268343236508967 0.8786616496665796
vn -0.7474342425568127 -0.38268343236508967 0.543042764104999
vn -0.9238795325112867 -0.38268343236508967 1.1314261122877003e-16
vn -0.7474342425568128 -0.38268343236508967 -0.5430427641049987
vn -0.2854944763011695 -0.38268343236508967 -0.8786616496665796
vn 0.28549447630116914 -0.38268343236508967 -0.8786616496665796
vn 0.7474342425568127 -0.38268343236508967 -0.543042764104999
vn 0.9238795325112867 -0.38268343236508967 -2.2628522245754005e-16
vn 0.7071067811865476 -0.7071067811865475 0
vn 0.5720614028176844 -0.7071067811865475 0.41562693777745346
vn 0.21850801222441057 -0.7071067811865475 0.6724985119639574
vn -0.2185080122244105 -0.7071067811865475 0.6724985119639574
vn -0.5720614028176843 -0.7071067811865475 0.4156269377774535
vn -0.7071067811865476 -0.7071067811865475 8.659560562354934e-17
vn -0.5720614028176844 -0.7071067811865475 -0.4156269377774534
vn -0.21850801222441066 -0.7071067811865475 -0.6724985119639574
vn 0.2185080122244104 -0.7071067811865475 -0.6724985119639574
vn 0.5720614028176843 -0.7071067811865475 -0.41562693777745363
vn 0.7071067811865476 -0.7071067811865475 -1.7319121124709868e-16
vn 0.3826834323650899 -0.9238795325112867 0
vn 0.3095974002490935 -0.9238795325112867 0.22493567784086396
vn 0.11825568406654857 -0.9238795325112867 0.3639535720290144
vn -0.11825568406654853 -0.9238795325112867 0.36395357202901446
vn -0.3095974002490935 -0.9238795325112867 0.224935677840864
vn -0.3826834323650899 -0.9238795325112867 4.6865204053263e-17
vn -0.3095974002490935 -0.9238795325112867 -0.2249356778408639
vn -0.11825568406654861 -0.9238795325112867 -0.3639535720290144
vn 0.11825568406654849 -0.9238795325112867 -0.36395357202901446
vn 0.3095974002490935 -0.9238795325112867 -0.224935677840864
vn 0.3826834323650899 -0.9238795325112867 -9.3730408106526e-17
vn 1.2246467991473532e-16 -1 0
vn 9.907600726170916e-17 -1 7.198293278059966e-17
vn 3.7843667304341506e-17 -1 1.1647083184890923e-16
vn -3.7843667304341493e-17 -1 1.1647083184890926e-16
vn -9.907600726170915e-17 -1 7.198293278059968e-17
vn -1.2246467991473532e-16 -1 1.4997597826618576e-32
vn -9.907600726170916e-17 -1 -7.198293278059965e-17
vn -3.784366730434152e-17 -1 -1.1647083184890923e-16
vn 3.7843667304341475e-17 -1 -1.1647083184890926e-16
vn 9.907600726170915e-17 -1 -7.19829327805997e-17
vn 1.2246467991473532e-16 -1 -2.999519565323715e-32
vn 0 1 0
vn 0 1 0
vn 0 1 0
vn 0 1 0
vn 0 1 0
vn 0 1 0
vn 0 1 0
vn 0 1 0
vn 0 1 0
vn 0 1 0
vn 0 1 0
vn 0.3826834323650898 0.9238795325112867 0
vn 0.30959740024909344 0.9238795325112867 0.22493567784086385
vn 0.11825568406654853 0.9238795325112867 0.3639535720290143
vn -0.11825568406654849 0.9238795325112867 0.36395357202901435
vn -0.3095974002490934 0.9238795325112867 0.2249356778408639
vn -0.3826834323650898 0.9238795325112867 4.6865204053262986e-17
vn -0.30959740024909344 0.9238795325112867 -0.2249356778408638
vn -0.11825568406654857 0.9238795325112867 -0.3639535720290143
vn 0.11825568406654845 0.9238795325112867 -0.36395357202901435
vn 0.3095974002490934 0.9238795325112867 -0.22493567784086396
vn 0.3826834323650898 0.9238795325112867 -9.373040810652597e-17
vn 0.7071067811865475 0.7071067811865476 0
vn 0.5720614028176843 0.7071067811865476 0.4156269377774534
vn 0.21850801222441055 0.7071067811865476 0.6724985119639573
vn -0.21850801222441046 0.7071067811865476 0.6724985119639573
vn -0.5720614028176841 0.7071067811865476 0.41562693777745346
vn -0.7071067811865475 0.7071067811865476 8.659560562354932e-17
vn -0.5720614028176843 0.7071067811865476 -0.4156269377774533
vn -0.2185080122244106 0.7071067811865476 -0.6724985119639573
vn 0.21850801222441038 0.7071067811865476 -0.6724985119639573
vn 0.5720614028176841 0.7071067811865476 -0.4156269377774536
vn 0.7071067811865475 0.7071067811865476 -1.7319121124709863e-16
vn 0.9238795325112867 0.38268343236508984 0
vn 0.7474342425568128 0.38268343236508984 0.5430427641049989
vn 0.28549447630116936 0.38268343236508984 0.8786616496665796
vn -0.28549447630116925 0.38268343236508984 0.8786616496665796
vn -0.7474342425568127 0.38268343236508984 0.543042764104999
vn -0.9238795325112867 0.38268343236508984 1.1314261122877003e-16
vn -0.7474342425568128 0.38268343236508984 -0.5430427641049987
vn -0.2854944763011695 0.38268343236508984 -0.8786616496665796
vn 0.28549447630116914 0.38268343236508984 -0.8786616496665796
vn 0.7474342425568127 0.38268343236508984 -0.543042764104999
vn 0.9238795325112867 0.38268343236508984 -2.2628522245754005e-16
vn 1 6.123233995736766e-17 0
vn 0.8090169943749475 6.123233995736766e-17 0.5877852522924731
vn 0.30901699437494745 6.123233995736766e-17 0.9510565162951534
vn -0.30901699437494734 6.123233995736766e-17 0.9510565162951536
vn -0.8090169943749473 6.123233995736766e-17 0.5877852522924732
vn -1 6.123233995736766e-17 1.2246467991473532e-16
vn -0.8090169943749475 6.123233995736766e-17 -0.587785252292473
vn -0.30901699437494756 6.123233995736766e-17 -0.9510565162951534
vn 0.30901699437494723 6.123233995736766e-17 -0.9510565162951536
vn 0.8090169943749473 6.123233995736766e-17 -0.5877852522924734
vn 1 6.123233995736766e-17 -2.4492935982947064e-16
vn 0.9238795325112867 -0.38268343236508967 0
vn 0.7474342425568128 -0.38268343236508967 0.5430427641049989
vn 0.28549447630116936 -0.38268343236508967 0.8786616496665796
vn -0.28549447630116925 -0.38268343236508967 0.8786616496665796
vn -0.7474342425568127 -0.38268343236508967 0.543042764104999
vn -0.9238795325112867 -0.38268343236508967 1.1314261122877003e-16
vn -0.7474342425568128 -0.38268343236508967 -0.5430427641049987
vn -0.2854944763011695 -0.38268343236508967 -0.8786616496665796
vn 0.28549447630116914 -0.38268343236508967 -0.8786616496665796
vn 0.7474342425568127 -0.38268343236508967 -0.543042764104999
vn 0.9238795325112867 -0.38268343236508967 -2.2628522245754005e-16
vn 0.7071067811865476 -0.7071067811865475 0
vn 0.5720614028176844 -0.7071067811865475 0.41562693777745346
vn 0.21850801222441057 -0.7071067811865475 0.6724985119639574
vn -0.2185080122244105 -0.7071067811865475 0.6724985119639574
vn -0.5720614028176843 -0.7071067811865475 0.4156269377774535
vn -0.7071067811865476 -0.7071067811865475 8.659560562354934e-17
vn -0.5720614028176844 -0.7071067811865475 -0.4156269377774534
vn -0.21850801222441066 -0.7071067811865475 -0.6724985119639574
vn 0.2185080122244104 -0.7071067811865475 -0.6724985119639574
vn 0.5720614028176843 -0.7071067811865475 -0.41562693777745363
vn 0.7071067811865476 -0.7071067811865475 -1.7319121124709868e-16
vn 0.3826834323650899 -0.9238795325112867 0
vn 0.3095974002490935 -0.9238795325112867 0.22493567784086396
vn 0.11825568406654857 -0.9238795325112867 0.3639535720290144
vn -0.11825568406654853 -0.9238795325112867 0.36395357202901446
vn -0.3095974002490935 -0.9238795325112867 0.224935677840864
vn -0.3826834323650899 -0.9238795325112867 4.6865204053263e-17
vn -0.3095974002490935 -0.9238795325112867 -0.2249356778408639
vn -0.11825568406654861 -0.9238795325112867 -0.3639535720290144
vn 0.11825568406654849 -0.9238795325112867 -0.36395357202901446
vn 0.3095974002490935 -0.9238795325112867 -0.224935677840864
vn 0.3826834323650899 -0.9238795325112867 -9.3730408106526e-17
vn 1.2246467991473532e-16 -1 0
vn 9.907600726170916e-17 -1 7.198293278059966e-17
vn 3.7843667304341506e-17 -1 1.1647083184890923e-16
vn -3.7843667304341493e-17 -1 1.1647083184890926e-16
vn -9.907600726170915e-17 -1 7.198293278059968e-17
vn -1.2246467991473532e-16 -1 1.4997597826618576e-32
vn -9.907600726170916e-17 -1 -7.198293278059965e-17
vn -3.784366730434152e-17 -1 -1.1647083184890923e-16
vn 3.7843667304341475e-17 -1 -1.1647083184890926e-16
vn 9.907600726170915e-17 -1 -7.19829327805997e-17
vn 1.2246467991473532e-16 -1 -2.999519565323715e-32
vn 0 1 0
vn 0 1 0
vn 0 1 0
vn 0 1 0
vn 0 1 0
vn 0 1 0
vn 0 1 0
vn 0 1 0
vn 0 1 0
vn 0 1 0
vn 0 1 0
vn 0.3826834323650898 0.9238795325112867 0
vn 0.30959740024909344 0.9238795325112867 0.22493567784086385
vn 0.11825568406654853 0.9238795325112867 0.3639535720290143
vn -0.11825568406654849 0.9238795325112867 0.36395357202901435
vn -0.3095974002490934 0.9238795325112867 0.2249356778408639
vn -0.3826834323650898 0.9238795325112867 4.6865204053262986e-17
vn -0.30959740024909344 0.9238795325112867 -0.2249356778408638
vn -0.11825568406654857 0.9238795325112867 -0.3639535720290143
vn 0.11825568406654845 0.9238795325112867 -0.36395357202901435
vn 0.3095974002490934 0.9238795325112867 -0.22493567784086396
vn 0.3826834323650898 0.9238795325112867 -9.373040810652597e-17
vn 0.7071067811865475 0.7071067811865476 0
vn 0.5720614028176843 0.7071067811865476 0.4156269377774534
vn 0.21850801222441055 0.7071067811865476 0.6724985119639573
vn -0.21850801222441046 0.7071067811865476 0.6724985119639573
vn -0.5720614028176841 0.7071067811865476 0.41562693777745346
vn -0.7071067811865475 0.7071067811865476 8.659560562354932e-17
vn -0.5720614028176843 0.7071067811865476 -0.4156269377774533
vn -0.2185080122244106 0.7071067811865476 -0.6724985119639573
vn 0.21850801222441038 0.7071067811865476 -0.6724985119639573
vn 0.5720614028176841 0.7071067811865476 -0.4156269377774536
vn 0.7071067811865475 0.7071067811865476 -1.7319121124709863e-16
vn 0.9238795325112867 0.38268343236508984 0
vn 0.7474342425568128 0.38268343236508984 0.5430427641049989
vn 0.28549447630116936 0.38268343236508984 0.8786616496665796
vn -0.28549447630116925 0.38268343236508984 0.8786616496665796
vn -0.7474342425568127 0.38268343236508984 0.543042764104999
vn -0.9238795325112867 0.38268343236508984 1.1314261122877003e-16
vn -0.7474342425568128 0.38268343236508984 -0.5430427641049987
vn -0.2854944763011695 0.38268343236508984 -0.8786616496665796
vn 0.28549447630116914 0.38268343236508984 -0.8786616496665796
vn 0.7474342425568127 0.38268343236508984 -0.543042764104999
vn 0.9238795325112867 0.38268343236508984 -2.2628522245754005e-16
vn 1 6.123233995736766e-17 0
vn 0.8090169943749475 6.123233995736766e-17 0.5877852522924731
vn 0.30901699437494745 6.123233995736766e-17 0.9510565162951534
vn -0.30901699437494734 6.123233995736766e-17 0.9510565162951536
vn -0.8090169943749473 6.123233995736766e-17 0.5877852522924732
vn -1 6.123233995736766e-17 1.2246467991473532e-16
vn -0.8090169943749475 6.123233995736766e-17 -0.587785252292473
vn -0.30901699437494756 6.123233995736766e-17 -0.9510565162951534
vn 0.30901699437494723 6.123233995736766e-17 -0.9510565162951536
vn 0.8090169943749473 6.123233995736766e-17 -0.5877852522924734
vn 1 6.123233995736766e-17 -2.4492935982947064e-16
vn 0.9238795325112867 -0.38268343236508967 0
vn 0.7474342425568128 -0.38268343236508967 0.5430427641049989
vn 0.28549447630116936 -0.38268343236508967 0.8786616496665796
vn -0.28549447630116925 -0.38268343236508967 0.8786616496665796
vn -0.7474342425568127 -0.38268343236508967 0.543042764104999
vn -0.9238795325112867 -0.38268343236508967 1.1314261122877003e-16
vn -0.7474342425568128 -0.38268343236508967 -0.5430427641049987
vn -0.2854944763011695 -0.38268343236508967 -0.8786616496665796
vn 0.28549447630116914 -0.38268343236508967 -0.8786616496665796
vn 0.7474342425568127 -0.38268343236508967 -0.543042764104999
vn 0.9238795325112867 -0.38268343236508967 -2.2628522245754005e-16
vn 0.7071067811865476 -0.7071067811865475 0
vn 0.5720614028176844 -0.7071067811865475 0.41562693777745346
vn 0.21850801222441057 -0.7071067811865475 0.6724985119639574
vn -0.2185080122244105 -0.7071067811865475 0.6724985119639574
vn -0.5720614028176843 -0.7071067811865475 0.4156269377774535
vn -0.7071067811865476 -0.7071067811865475 8.659560562354934e-17
vn -0.5720614028176844 -0.7071067811865475 -0.4156269377774534
vn -0.21850801222441066 -0.7071067811865475 -0.6724985119639574
vn 0.2185080122244104 -0.7071067811865475 -0.6724985119639574
vn 0.5720614028176843 -0.7071067811865475 -0.41562693777745363
vn 0.7071067811865476 -0.7071067811865475 -1.7319121124709868e-16
vn 0.3826834323650899 -0.9238795325112867 0
vn 0.3095974002490935 -0.9238795325112867 0.22493567784086396
vn 0.11825568406654857 -0.9238795325112867 0.3639535720290144
vn -0.11825568406654853 -0.9238795325112867 0.36395357202901446
vn -0.3095974002490935 -0.9238795325112867 0.224935677840864
vn -0.3826834323650899 -0.9238795325112867 4.6865204053263e-17
vn -0.3095974002490935 -0.9238795325112867 -0.2249356778408639
vn -0.11825568406654861 -0.9238795325112867 -0.3639535720290144
vn 0.11825568406654849 -0.9238795325112867 -0.36395357202901446
vn 0.3095974002490935 -0.9238795325112867 -0.224935677840864
vn 0.3826834323650899 -0.9238795325112867 -9.3730408106526e-17
vn 1.2246467991473532e-16 -1 0
vn 9.907600726170916e-17 -1 7.198293278059966e-17
vn 3.7843667304341506e-17 -1 1.1647083184890923e-16
vn -3.7843667304341493e-17 -1 1.1647083184890926e-16
vn -9.907600726170915e-17 -1 7.198293278059968e-17
vn -1.2246467991473532e-16 -1 1.4997597826618576e-32
vn -9.907600726170916e-17 -1 -7.198293278059965e-17
vn -3.784366730434152e-17 -1 -1.1647083184890923e-16
vn 3.7843667304341475e-17 -1 -1.1647083184890926e-16
vn 9.907600726170915e-17 -1 -7.19829327805997e-17
vn 1.2246467991473532e-16 -1 -2.999519565323715e-32
vn 0 -1 0
vn 0 -1 0
vn 0 -1 0
vn 0 -1 0
vn 0 -1 0
vn 0 -1 0
vn 0 -1 0
vn 0 -1 0
vn 0 1 0
vn 0 1 0
vn 0 1 0
vn 0 1 0
vn 0 1 0
vn 0 1 0
vn 0 1 0
vn 0 1 0
vn 0 -1 0
vn 0 1 0
vn 0 -1 0
vn 0 -1 0
vn 0 -1 0
vn 0 -1 0
vn 0 -1 0
vn 0 -1 0
vn 0 -1 0
vn 0 1 0
vn 0 1 0
vn 0 1 0
vn 0 1 0
vn 0 1 0
vn 0 1 0
vn 0 1 0
vn 0 -1 0
vn 0 1 0
vn -0.5773502691896258 -0.5773502691896258 -0.5773502691896258
vn -0.5773502691896258 -0.5773502691896258 0.5773502691896258
vn -0.5773502691896258 0.5773502691896258 -0.5773502691896258
vn -0.5773502691896258 0.5773502691896258 0.5773502691896258
vn 0.5773502691896258 -0.5773502691896258 -0.5773502691896258
vn 0.5773502691896258 -0.5773502691896258 0.5773502691896258
vn 0.5773502691896258 0.5773502691896258 -0.5773502691896258
vn 0.5773502691896258 0.5773502691896258 0.5773502691896258
vn 0 -0.35682208977308993 -0.9341723589627158
vn 0 -0.35682208977308993 0.9341723589627158
vn 0 0.35682208977308993 -0.9341723589627158
vn 0 0.35682208977308993 0.9341723589627158
vn -0.35682208977308993 -0.9341723589627158 0
vn -0.35682208977308993 0.9341723589627158 0
vn 0.35682208977308993 -0.9341723589627158 0
vn 0.35682208977308993 0.9341723589627158 0
vn -0.9341723589627158 0 -0.35682208977308993
vn -0.9341723589627158 0 0.35682208977308993
vn 0.9341723589627158 0 -0.35682208977308993
vn 0.9341723589627158 0 0.35682208977308993
vn 0 1 0
vn 0 1 0
vn 0 1 0
vn 0 1 0
vn 0 1 0
vn 0 1 0
vn 0 1 0
vn 0 1 0
vn 0 1 0
vn 0 1 0
vn 0 1 0
vn 0.3826834323650898 0.9238795325112867 0
vn 0.30959740024909344 0.9238795325112867 0.22493567784086388
vn 0.11825568406654853 0.9238795325112867 0.3639535720290143
vn -0.11825568406654849 0.9238795325112867 0.36395357202901435
vn -0.3095974002490934 0.9238795325112867 0.2249356778408639
vn -0.3826834323650898 0.9238795325112867 4.6865204053262986e-17
vn -0.30959740024909344 0.9238795325112867 -0.22493567784086382
vn -0.11825568406654857 0.9238795325112867 -0.3639535720290143
vn 0.11825568406654845 0.9238795325112867 -0.36395357202901435
vn 0.3095974002490934 0.9238795325112867 -0.22493567784086393
vn 0.3826834323650898 0.9238795325112867 -9.373040810652597e-17
vn 0.7071067811865475 0.7071067811865476 0
vn 0.5720614028176843 0.7071067811865476 0.4156269377774534
vn 0.21850801222441052 0.7071067811865476 0.6724985119639573
vn -0.21850801222441046 0.7071067811865476 0.6724985119639573
vn -0.5720614028176841 0.7071067811865476 0.41562693777745346
vn -0.7071067811865475 0.7071067811865476 8.659560562354933e-17
vn -0.5720614028176843 0.7071067811865476 -0.41562693777745324
vn -0.2185080122244106 0.7071067811865476 -0.6724985119639573
vn 0.21850801222441038 0.7071067811865476 -0.6724985119639573
vn 0.5720614028176841 0.7071067811865476 -0.41562693777745363
vn 0.7071067811865475 0.7071067811865476 -1.7319121124709866e-16
vn 0.9238795325112868 0.38268343236508984 0
vn 0.7474342425568128 0.38268343236508984 0.5430427641049989
vn 0.28549447630116936 0.38268343236508984 0.8786616496665794
vn -0.28549447630116925 0.38268343236508984 0.8786616496665796
vn -0.7474342425568127 0.38268343236508984 0.543042764104999
vn -0.9238795325112868 0.38268343236508984 1.1314261122877003e-16
vn -0.7474342425568128 0.38268343236508984 -0.5430427641049987
vn -0.2854944763011695 0.38268343236508984 -0.8786616496665794
vn 0.28549447630116914 0.38268343236508984 -0.8786616496665796
vn 0.7474342425568127 0.38268343236508984 -0.543042764104999
vn 0.9238795325112868 0.38268343236508984 -2.2628522245754005e-16
vn 1 6.123233995736766e-17 0
vn 0.8090169943749475 6.123233995736766e-17 0.5877852522924731
vn 0.30901699437494745 6.123233995736766e-17 0.9510565162951535
vn -0.3090169943749473 6.123233995736766e-17 0.9510565162951536
vn -0.8090169943749473 6.123233995736766e-17 0.5877852522924732
vn -1 6.123233995736766e-17 1.2246467991473532e-16
vn -0.8090169943749475 6.123233995736766e-17 -0.587785252292473
vn -0.30901699437494756 6.123233995736766e-17 -0.9510565162951535
vn 0.30901699437494723 6.123233995736766e-17 -0.9510565162951536
vn 0.8090169943749473 6.123233995736766e-17 -0.5877852522924734
vn 1 6.123233995736766e-17 -2.4492935982947064e-16
vn 0.9238795325112868 -0.38268343236508967 0
vn 0.7474342425568128 -0.38268343236508967 0.5430427641049989
vn 0.28549447630116936 -0.38268343236508967 0.8786616496665794
vn -0.28549447630116925 -0.38268343236508967 0.8786616496665796
vn -0.7474342425568127 -0.38268343236508967 0.543042764104999
vn -0.9238795325112868 -0.38268343236508967 1.1314261122877003e-16
vn -0.7474342425568128 -0.38268343236508967 -0.5430427641049987
vn -0.2854944763011695 -0.38268343236508967 -0.8786616496665794
vn 0.28549447630116914 -0.38268343236508967 -0.8786616496665796
vn 0.7474342425568127 -0.38268343236508967 -0.543042764104999
vn 0.9238795325112868 -0.38268343236508967 -2.2628522245754005e-16
vn 0.7071067811865476 -0.7071067811865475 0
vn 0.5720614028176844 -0.7071067811865475 0.41562693777745346
vn 0.21850801222441057 -0.7071067811865475 0.6724985119639574
vn -0.2185080122244105 -0.7071067811865475 0.6724985119639574
vn -0.5720614028176843 -0.7071067811865475 0.4156269377774535
vn -0.7071067811865476 -0.7071067811865475 8.659560562354934e-17
vn -0.5720614028176844 -0.7071067811865475 -0.4156269377774534
vn -0.21850801222441066 -0.7071067811865475 -0.6724985119639574
vn 0.2185080122244104 -0.7071067811865475 -0.6724985119639574
vn 0.5720614028176843 -0.7071067811865475 -0.41562693777745363
vn 0.7071067811865476 -0.7071067811865475 -1.7319121124709868e-16
vn 0.3826834323650899 -0.9238795325112867 0
vn 0.3095974002490935 -0.9238795325112867 0.22493567784086393
vn 0.11825568406654857 -0.9238795325112867 0.3639535720290144
vn -0.11825568406654853 -0.9238795325112867 0.36395357202901446
vn -0.3095974002490935 -0.9238795325112867 0.224935677840864
vn -0.3826834323650899 -0.9238795325112867 4.6865204053263e-17
vn -0.3095974002490935 -0.9238795325112867 -0.2249356778408639
vn -0.11825568406654861 -0.9238795325112867 -0.3639535720290144
vn 0.11825568406654849 -0.9238795325112867 -0.36395357202901446
vn 0.3095974002490935 -0.9238795325112867 -0.22493567784086402
vn 0.3826834323650899 -0.9238795325112867 -9.3730408106526e-17
vn 1.2246467991473532e-16 -1 0
vn 9.907600726170916e-17 -1 7.198293278059966e-17
vn 3.7843667304341506e-17 -1 1.1647083184890923e-16
vn -3.7843667304341493e-17 -1 1.1647083184890926e-16
vn -9.907600726170915e-17 -1 7.198293278059968e-17
vn -1.2246467991473532e-16 -1 1.4997597826618576e-32
vn -9.907600726170916e-17 -1 -7.198293278059965e-17
vn -3.784366730434152e-17 -1 -1.1647083184890923e-16
vn 3.784366730434148e-17 -1 -1.1647083184890926e-16
vn 9.907600726170915e-17 -1 -7.19829327805997e-17
vn 1.2246467991473532e-16 -1 -2.999519565323715e-32
vn 0 1 0
vn 0 1 0
vn 0 1 0
vn 0 1 0
vn 0 1 0
vn 0 1 0
vn 0 1 0
vn 0 1 0
vn 0 1 0
vn 0 1 0
vn 0 1 0
vn 0.3826834323650898 0.9238795325112867 0
vn 0.30959740024909344 0.9238795325112867 0.22493567784086388
vn 0.11825568406654853 0.9238795325112867 0.3639535720290143
vn -0.11825568406654849 0.9238795325112867 0.36395357202901435
vn -0.3095974002490934 0.9238795325112867 0.2249356778408639
vn -0.3826834323650898 0.9238795325112867 4.6865204053262986e-17
vn -0.30959740024909344 0.9238795325112867 -0.22493567784086382
vn -0.11825568406654857 0.9238795325112867 -0.3639535720290143
vn 0.11825568406654845 0.9238795325112867 -0.36395357202901435
vn 0.3095974002490934 0.9238795325112867 -0.22493567784086393
vn 0.3826834323650898 0.9238795325112867 -9.373040810652597e-17
vn 0.7071067811865475 0.7071067811865476 0
vn 0.5720614028176843 0.7071067811865476 0.4156269377774534
vn 0.21850801222441052 0.7071067811865476 0.6724985119639573
vn -0.21850801222441046 0.7071067811865476 0.6724985119639573
vn -0.5720614028176841 0.7071067811865476 0.41562693777745346
vn -0.7071067811865475 0.7071067811865476 8.659560562354933e-17
vn -0.5720614028176843 0.7071067811865476 -0.41562693777745324
vn -0.2185080122244106 0.7071067811865476 -0.6724985119639573
vn 0.21850801222441038 0.7071067811865476 -0.6724985119639573
vn 0.5720614028176841 0.7071067811865476 -0.41562693777745363
vn 0.7071067811865475 0.7071067811865476 -1.7319121124709866e-16
vn 0.9238795325112868 0.38268343236508984 0
vn 0.7474342425568128 0.38268343236508984 0.5430427641049989
vn 0.28549447630116936 0.38268343236508984 0.8786616496665794
vn -0.28549447630116925 0.38268343236508984 0.8786616496665796
vn -0.7474342425568127 0.38268343236508984 0.543042764104999
vn -0.9238795325112868 0.38268343236508984 1.1314261122877003e-16
vn -0.7474342425568128 0.38268343236508984 -0.5430427641049987
vn -0.2854944763011695 0.38268343236508984 -0.8786616496665794
vn 0.28549447630116914 0.38268343236508984 -0.8786616496665796
vn 0.7474342425568127 0.38268343236508984 -0.543042764104999
vn 0.9238795325112868 0.38268343236508984 -2.2628522245754005e-16
vn 1 6.123233995736766e-17 0
vn 0.8090169943749475 6.123233995736766e-17 0.5877852522924731
vn 0.30901699437494745 6.123233995736766e-17 0.9510565162951535
vn -0.3090169943749473 6.123233995736766e-17 0.9510565162951536
vn -0.8090169943749473 6.123233995736766e-17 0.5877852522924732
vn -1 6.123233995736766e-17 1.2246467991473532e-16
vn -0.8090169943749475 6.123233995736766e-17 -0.587785252292473
vn -0.30901699437494756 6.123233995736766e-17 -0.9510565162951535
vn 0.30901699437494723 6.123233995736766e-17 -0.9510565162951536
vn 0.8090169943749473 6.123233995736766e-17 -0.5877852522924734
vn 1 6.123233995736766e-17 -2.4492935982947064e-16
vn 0.9238795325112868 -0.38268343236508967 0
vn 0.7474342425568128 -0.38268343236508967 0.5430427641049989
vn 0.28549447630116936 -0.38268343236508967 0.8786616496665794
vn -0.28549447630116925 -0.38268343236508967 0.8786616496665796
vn -0.7474342425568127 -0.38268343236508967 0.543042764104999
vn -0.9238795325112868 -0.38268343236508967 1.1314261122877003e-16
vn -0.7474342425568128 -0.38268343236508967 -0.5430427641049987
vn -0.2854944763011695 -0.38268343236508967 -0.8786616496665794
vn 0.28549447630116914 -0.38268343236508967 -0.8786616496665796
vn 0.7474342425568127 -0.38268343236508967 -0.543042764104999
vn 0.9238795325112868 -0.38268343236508967 -2.2628522245754005e-16
vn 0.7071067811865476 -0.7071067811865475 0
vn 0.5720614028176844 -0.7071067811865475 0.41562693777745346
vn 0.21850801222441057 -0.7071067811865475 0.6724985119639574
vn -0.2185080122244105 -0.7071067811865475 0.6724985119639574
vn -0.5720614028176843 -0.7071067811865475 0.4156269377774535
vn -0.7071067811865476 -0.7071067811865475 8.659560562354934e-17
vn -0.5720614028176844 -0.7071067811865475 -0.4156269377774534
vn -0.21850801222441066 -0.7071067811865475 -0.6724985119639574
vn 0.2185080122244104 -0.7071067811865475 -0.6724985119639574
vn 0.5720614028176843 -0.7071067811865475 -0.41562693777745363
vn 0.7071067811865476 -0.7071067811865475 -1.7319121124709868e-16
vn 0.3826834323650899 -0.9238795325112867 0
vn 0.3095974002490935 -0.9238795325112867 0.22493567784086393
vn 0.11825568406654857 -0.9238795325112867 0.3639535720290144
vn -0.11825568406654853 -0.9238795325112867 0.36395357202901446
vn -0.3095974002490935 -0.9238795325112867 0.224935677840864
vn -0.3826834323650899 -0.9238795325112867 4.6865204053263e-17
vn -0.3095974002490935 -0.9238795325112867 -0.2249356778408639
vn -0.11825568406654861 -0.9238795325112867 -0.3639535720290144
vn 0.11825568406654849 -0.9238795325112867 -0.36395357202901446
vn 0.3095974002490935 -0.9238795325112867 -0.22493567784086402
vn 0.3826834323650899 -0.9238795325112867 -9.3730408106526e-17
vn 1.2246467991473532e-16 -1 0
vn 9.907600726170916e-17 -1 7.198293278059966e-17
vn 3.7843667304341506e-17 -1 1.1647083184890923e-16
vn -3.7843667304341493e-17 -1 1.1647083184890926e-16
vn -9.907600726170915e-17 -1 7.198293278059968e-17
vn -1.2246467991473532e-16 -1 1.4997597826618576e-32
vn -9.907600726170916e-17 -1 -7.198293278059965e-17
vn -3.784366730434152e-17 -1 -1.1647083184890923e-16
vn 3.784366730434148e-17 -1 -1.1647083184890926e-16
vn 9.907600726170915e-17 -1 -7.19829327805997e-17
vn 1.2246467991473532e-16 -1 -2.999519565323715e-32
vn 0 1 0
vn 0 1 0
vn 0 1 0
vn 0 1 0
vn 0 1 0
vn 0 1 0
vn 0 1 0
vn 0 1 0
vn 0 1 0
vn 0 1 0
vn 0 1 0
vn 0.3826834323650898 0.9238795325112867 0
vn 0.30959740024909344 0.9238795325112867 0.22493567784086388
vn 0.11825568406654853 0.9238795325112867 0.3639535720290143
vn -0.11825568406654849 0.9238795325112867 0.36395357202901435
vn -0.3095974002490934 0.9238795325112867 0.2249356778408639
vn -0.3826834323650898 0.9238795325112867 4.6865204053262986e-17
vn -0.30959740024909344 0.9238795325112867 -0.22493567784086382
vn -0.11825568406654857 0.9238795325112867 -0.3639535720290143
vn 0.11825568406654845 0.9238795325112867 -0.36395357202901435
vn 0.3095974002490934 0.9238795325112867 -0.22493567784086393
vn 0.3826834323650898 0.9238795325112867 -9.373040810652597e-17
vn 0.7071067811865475 0.7071067811865476 0
vn 0.5720614028176843 0.7071067811865476 0.4156269377774534
vn 0.21850801222441052 0.7071067811865476 0.6724985119639573
vn -0.21850801222441046 0.7071067811865476 0.6724985119639573
vn -0.5720614028176841 0.7071067811865476 0.41562693777745346
vn -0.7071067811865475 0.7071067811865476 8.659560562354933e-17
vn -0.5720614028176843 0.7071067811865476 -0.41562693777745324
vn -0.2185080122244106 0.7071067811865476 -0.6724985119639573
vn 0.21850801222441038 0.7071067811865476 -0.6724985119639573
vn 0.5720614028176841 0.7071067811865476 -0.41562693777745363
vn 0.7071067811865475 0.7071067811865476 -1.7319121124709866e-16
vn 0.9238795325112868 0.38268343236508984 0
vn 0.7474342425568128 0.38268343236508984 0.5430427641049989
vn 0.28549447630116936 0.38268343236508984 0.8786616496665794
vn -0.28549447630116925 0.38268343236508984 0.8786616496665796
vn -0.7474342425568127 0.38268343236508984 0.543042764104999
vn -0.9238795325112868 0.38268343236508984 1.1314261122877003e-16
vn -0.7474342425568128 0.38268343236508984 -0.5430427641049987
vn -0.2854944763011695 0.38268343236508984 -0.8786616496665794
vn 0.28549447630116914 0.38268343236508984 -0.8786616496665796
vn 0.7474342425568127 0.38268343236508984 -0.543042764104999
vn 0.9238795325112868 0.38268343236508984 -2.2628522245754005e-16
vn 1 6.123233995736766e-17 0
vn 0.8090169943749475 6.123233995736766e-17 0.5877852522924731
vn 0.30901699437494745 6.123233995736766e-17 0.9510565162951535
vn -0.3090169943749473 6.123233995736766e-17 0.9510565162951536
vn -0.8090169943749473 6.123233995736766e-17 0.5877852522924732
vn -1 6.123233995736766e-17 1.2246467991473532e-16
vn -0.8090169943749475 6.123233995736766e-17 -0.587785252292473
vn -0.30901699437494756 6.123233995736766e-17 -0.9510565162951535
vn 0.30901699437494723 6.123233995736766e-17 -0.9510565162951536
vn 0.8090169943749473 6.123233995736766e-17 -0.5877852522924734
vn 1 6.123233995736766e-17 -2.4492935982947064e-16
vn 0.9238795325112868 -0.38268343236508967 0
vn 0.7474342425568128 -0.38268343236508967 0.5430427641049989
vn 0.28549447630116936 -0.38268343236508967 0.8786616496665794
vn -0.28549447630116925 -0.38268343236508967 0.8786616496665796
vn -0.7474342425568127 -0.38268343236508967 0.543042764104999
vn -0.9238795325112868 -0.38268343236508967 1.1314261122877003e-16
vn -0.7474342425568128 -0.38268343236508967 -0.5430427641049987
vn -0.2854944763011695 -0.38268343236508967 -0.8786616496665794
vn 0.28549447630116914 -0.38268343236508967 -0.8786616496665796
vn 0.7474342425568127 -0.38268343236508967 -0.543042764104999
vn 0.9238795325112868 -0.38268343236508967 -2.2628522245754005e-16
vn 0.7071067811865476 -0.7071067811865475 0
vn 0.5720614028176844 -0.7071067811865475 0.41562693777745346
vn 0.21850801222441057 -0.7071067811865475 0.6724985119639574
vn -0.2185080122244105 -0.7071067811865475 0.6724985119639574
vn -0.5720614028176843 -0.7071067811865475 0.4156269377774535
vn -0.7071067811865476 -0.7071067811865475 8.659560562354934e-17
vn -0.5720614028176844 -0.7071067811865475 -0.4156269377774534
vn -0.21850801222441066 -0.7071067811865475 -0.6724985119639574
vn 0.2185080122244104 -0.7071067811865475 -0.6724985119639574
vn 0.5720614028176843 -0.7071067811865475 -0.41562693777745363
vn 0.7071067811865476 -0.7071067811865475 -1.7319121124709868e-16
vn 0.3826834323650899 -0.9238795325112867 0
vn 0.3095974002490935 -0.9238795325112867 0.22493567784086393
vn 0.11825568406654857 -0.9238795325112867 0.3639535720290144
vn -0.11825568406654853 -0.9238795325112867 0.36395357202901446
vn -0.3095974002490935 -0.9238795325112867 0.224935677840864
vn -0.3826834323650899 -0.9238795325112867 4.6865204053263e-17
vn -0.3095974002490935 -0.9238795325112867 -0.2249356778408639
vn -0.11825568406654861 -0.9238795325112867 -0.3639535720290144
vn 0.11825568406654849 -0.9238795325112867 -0.36395357202901446
vn 0.3095974002490935 -0.9238795325112867 -0.22493567784086402
vn 0.3826834323650899 -0.9238795325112867 -9.3730408106526e-17
vn 1.2246467991473532e-16 -1 0
vn 9.907600726170916e-17 -1 7.198293278059966e-17
vn 3.7843667304341506e-17 -1 1.1647083184890923e-16
vn -3.7843667304341493e-17 -1 1.1647083184890926e-16
vn -9.907600726170915e-17 -1 7.198293278059968e-17
vn -1.2246467991473532e-16 -1 1.4997597826618576e-32
vn -9.907600726170916e-17 -1 -7.198293278059965e-17
vn -3.784366730434152e-17 -1 -1.1647083184890923e-16
vn 3.784366730434148e-17 -1 -1.1647083184890926e-16
vn 9.907600726170915e-17 -1 -7.19829327805997e-17
vn 1.2246467991473532e-16 -1 -2.999519565323715e-32
vn 0 1 0
vn 0 1 0
vn 0 1 0
vn 0 1 0
vn 0 1 0
vn 0 1 0
vn 0 1 0
vn 0 1 0
vn 0 1 0
vn 0 1 0
vn 0 1 0
vn 0.3826834323650898 0.9238795325112867 0
vn 0.30959740024909344 0.9238795325112867 0.22493567784086388
vn 0.11825568406654853 0.9238795325112867 0.3639535720290143
vn -0.11825568406654849 0.9238795325112867 0.36395357202901435
vn -0.3095974002490934 0.9238795325112867 0.2249356778408639
vn -0.3826834323650898 0.9238795325112867 4.6865204053262986e-17
vn -0.30959740024909344 0.9238795325112867 -0.22493567784086382
vn -0.11825568406654857 0.9238795325112867 -0.3639535720290143
vn 0.11825568406654845 0.9238795325112867 -0.36395357202901435
vn 0.3095974002490934 0.9238795325112867 -0.22493567784086393
vn 0.3826834323650898 0.9238795325112867 -9.373040810652597e-17
vn 0.7071067811865475 0.7071067811865476 0
vn 0.5720614028176843 0.7071067811865476 0.4156269377774534
vn 0.21850801222441052 0.7071067811865476 0.6724985119639573
vn -0.21850801222441046 0.7071067811865476 0.6724985119639573
vn -0.5720614028176841 0.7071067811865476 0.41562693777745346
vn -0.7071067811865475 0.7071067811865476 8.659560562354933e-17
vn -0.5720614028176843 0.7071067811865476 -0.41562693777745324
vn -0.2185080122244106 0.7071067811865476 -0.6724985119639573
vn 0.21850801222441038 0.7071067811865476 -0.6724985119639573
vn 0.5720614028176841 0.7071067811865476 -0.41562693777745363
vn 0.7071067811865475 0.7071067811865476 -1.7319121124709866e-16
vn 0.9238795325112868 0.38268343236508984 0
vn 0.7474342425568128 0.38268343236508984 0.5430427641049989
vn 0.28549447630116936 0.38268343236508984 0.8786616496665794
vn -0.28549447630116925 0.38268343236508984 0.8786616496665796
vn -0.7474342425568127 0.38268343236508984 0.543042764104999
vn -0.9238795325112868 0.38268343236508984 1.1314261122877003e-16
vn -0.7474342425568128 0.38268343236508984 -0.5430427641049987
vn -0.2854944763011695 0.38268343236508984 -0.8786616496665794
vn 0.28549447630116914 0.38268343236508984 -0.8786616496665796
vn 0.7474342425568127 0.38268343236508984 -0.543042764104999
vn 0.9238795325112868 0.38268343236508984 -2.2628522245754005e-16
vn 1 6.123233995736766e-17 0
vn 0.8090169943749475 6.123233995736766e-17 0.5877852522924731
vn 0.30901699437494745 6.123233995736766e-17 0.9510565162951535
vn -0.3090169943749473 6.123233995736766e-17 0.9510565162951536
vn -0.8090169943749473 6.123233995736766e-17 0.5877852522924732
vn -1 6.123233995736766e-17 1.2246467991473532e-16
vn -0.8090169943749475 6.123233995736766e-17 -0.587785252292473
vn -0.30901699437494756 6.123233995736766e-17 -0.9510565162951535
vn 0.30901699437494723 6.123233995736766e-17 -0.9510565162951536
vn 0.8090169943749473 6.123233995736766e-17 -0.5877852522924734
vn 1 6.123233995736766e-17 -2.4492935982947064e-16
vn 0.9238795325112868 -0.38268343236508967 0
vn 0.7474342425568128 -0.38268343236508967 0.5430427641049989
vn 0.28549447630116936 -0.38268343236508967 0.8786616496665794
vn -0.28549447630116925 -0.38268343236508967 0.8786616496665796
vn -0.7474342425568127 -0.38268343236508967 0.543042764104999
vn -0.9238795325112868 -0.38268343236508967 1.1314261122877003e-16
vn -0.7474342425568128 -0.38268343236508967 -0.5430427641049987
vn -0.2854944763011695 -0.38268343236508967 -0.8786616496665794
vn 0.28549447630116914 -0.38268343236508967 -0.8786616496665796
vn 0.7474342425568127 -0.38268343236508967 -0.543042764104999
vn 0.9238795325112868 -0.38268343236508967 -2.2628522245754005e-16
vn 0.7071067811865476 -0.7071067811865475 0
vn 0.5720614028176844 -0.7071067811865475 0.41562693777745346
vn 0.21850801222441057 -0.7071067811865475 0.6724985119639574
vn -0.2185080122244105 -0.7071067811865475 0.6724985119639574
vn -0.5720614028176843 -0.7071067811865475 0.4156269377774535
vn -0.7071067811865476 -0.7071067811865475 8.659560562354934e-17
vn -0.5720614028176844 -0.7071067811865475 -0.4156269377774534
vn -0.21850801222441066 -0.7071067811865475 -0.6724985119639574
vn 0.2185080122244104 -0.7071067811865475 -0.6724985119639574
vn 0.5720614028176843 -0.7071067811865475 -0.41562693777745363
vn 0.7071067811865476 -0.7071067811865475 -1.7319121124709868e-16
vn 0.3826834323650899 -0.9238795325112867 0
vn 0.3095974002490935 -0.9238795325112867 0.22493567784086393
vn 0.11825568406654857 -0.9238795325112867 0.3639535720290144
vn -0.11825568406654853 -0.9238795325112867 0.36395357202901446
vn -0.3095974002490935 -0.9238795325112867 0.224935677840864
vn -0.3826834323650899 -0.9238795325112867 4.6865204053263e-17
vn -0.3095974002490935 -0.9238795325112867 -0.2249356778408639
vn -0.11825568406654861 -0.9238795325112867 -0.3639535720290144
vn 0.11825568406654849 -0.9238795325112867 -0.36395357202901446
vn 0.3095974002490935 -0.9238795325112867 -0.22493567784086402
vn 0.3826834323650899 -0.9238795325112867 -9.3730408106526e-17
vn 1.2246467991473532e-16 -1 0
vn 9.907600726170916e-17 -1 7.198293278059966e-17
vn 3.7843667304341506e-17 -1 1.1647083184890923e-16
vn -3.7843667304341493e-17 -1 1.1647083184890926e-16
vn -9.907600726170915e-17 -1 7.198293278059968e-17
vn -1.2246467991473532e-16 -1 1.4997597826618576e-32
vn -9.907600726170916e-17 -1 -7.198293278059965e-17
vn -3.784366730434152e-17 -1 -1.1647083184890923e-16
vn 3.784366730434148e-17 -1 -1.1647083184890926e-16
vn 9.907600726170915e-17 -1 -7.19829327805997e-17
vn 1.2246467991473532e-16 -1 -2.999519565323715e-32
vn 0 -1 0
vn 0 -1 0
vn 0 -1 0
vn 0 -1 0
vn 0 -1 0
vn 0 -1 0
vn 0 -1 0
vn 0 -1 0
vn 0 1 0
vn 0 1 0
vn 0 1 0
vn 0 1 0
vn 0 1 0
vn 0 1 0
vn 0 1 0
vn 0 1 0
vn 0 -1 0
vn 0 1 0
vn 0 -1 0
vn 0 -1 0
vn 0 -1 0
vn 0 -1 0
vn 0 -1 0
vn 0 -1 0
vn 0 -1 0
vn 0 1 0
vn 0 1 0
vn 0 1 0
vn 0 1 0
vn 0 1 0
vn 0 1 0
vn 0 1 0
vn 0 -1 0
vn 0 1 0
vn -0.5773502691896258 -0.5773502691896258 -0.5773502691896258
vn -0.5773502691896258 -0.5773502691896258 0.5773502691896258
vn -0.5773502691896258 0.5773502691896258 -0.5773502691896258
vn -0.5773502691896258 0.5773502691896258 0.5773502691896258
vn 0.5773502691896258 -0.5773502691896258 -0.5773502691896258
vn 0.5773502691896258 -0.5773502691896258 0.5773502691896258
vn 0.5773502691896258 0.5773502691896258 -0.5773502691896258
vn 0.5773502691896258 0.5773502691896258 0.5773502691896258
vn 0 -0.35682208977308993 -0.9341723589627158
vn 0 -0.35682208977308993 0.9341723589627158
vn 0 0.35682208977308993 -0.9341723589627158
vn 0 0.35682208977308993 0.9341723589627158
vn -0.35682208977308993 -0.9341723589627158 0
vn -0.35682208977308993 0.9341723589627158 0
vn 0.35682208977308993 -0.9341723589627158 0
vn 0.35682208977308993 0.9341723589627158 0
vn -0.9341723589627158 0 -0.35682208977308993
vn -0.9341723589627158 0 0.35682208977308993
vn 0.9341723589627158 0 -0.35682208977308993
vn 0.9341723589627158 0 0.35682208977308993
vn 0 1 0
vn 0 1 0
vn 0 1 0
vn 0 1 0
vn 0 1 0
vn 0 1 0
vn 0 1 0
vn 0 1 0
vn 0 1 0
vn 0 1 0
vn 0 1 0
vn 0.3826834323650898 0.9238795325112867 0
vn 0.30959740024909344 0.9238795325112867 0.22493567784086388
vn 0.11825568406654853 0.9238795325112867 0.3639535720290143
vn -0.11825568406654849 0.9238795325112867 0.36395357202901435
vn -0.3095974002490934 0.9238795325112867 0.22493567784086393
vn -0.3826834323650898 0.9238795325112867 4.6865204053262986e-17
vn -0.30959740024909344 0.9238795325112867 -0.22493567784086382
vn -0.11825568406654857 0.9238795325112867 -0.3639535720290143
vn 0.11825568406654845 0.9238795325112867 -0.36395357202901435
vn 0.3095974002490934 0.9238795325112867 -0.22493567784086396
vn 0.3826834323650898 0.9238795325112867 -9.373040810652597e-17
vn 0.7071067811865475 0.7071067811865476 0
vn 0.5720614028176843 0.7071067811865476 0.4156269377774534
vn 0.21850801222441055 0.7071067811865476 0.6724985119639573
vn -0.21850801222441046 0.7071067811865476 0.6724985119639573
vn -0.5720614028176841 0.7071067811865476 0.41562693777745346
vn -0.7071067811865475 0.7071067811865476 8.659560562354932e-17
vn -0.5720614028176843 0.7071067811865476 -0.4156269377774533
vn -0.2185080122244106 0.7071067811865476 -0.6724985119639573
vn 0.21850801222441038 0.7071067811865476 -0.6724985119639573
vn 0.5720614028176841 0.7071067811865476 -0.4156269377774536
vn 0.7071067811865475 0.7071067811865476 -1.7319121124709863e-16
vn 0.9238795325112867 0.38268343236508984 0
vn 0.7474342425568128 0.38268343236508984 0.5430427641049989
vn 0.28549447630116936 0.38268343236508984 0.8786616496665794
vn -0.2854944763011692 0.38268343236508984 0.8786616496665797
vn -0.7474342425568127 0.38268343236508984 0.543042764104999
vn -0.9238795325112867 0.38268343236508984 1.1314261122877003e-16
vn -0.7474342425568128 0.38268343236508984 -0.5430427641049987
vn -0.2854944763011695 0.38268343236508984 -0.8786616496665794
vn 0.28549447630116914 0.38268343236508984 -0.8786616496665797
vn 0.7474342425568127 0.38268343236508984 -0.543042764104999
vn 0.9238795325112867 0.38268343236508984 -2.2628522245754005e-16
vn 1 6.123233995736766e-17 0
vn 0.8090169943749475 6.123233995736766e-17 0.5877852522924731
vn 0.30901699437494745 6.123233995736766e-17 0.9510565162951535
vn -0.30901699437494734 6.123233995736766e-17 0.9510565162951535
vn -0.8090169943749473 6.123233995736766e-17 0.5877852522924732
vn -1 6.123233995736766e-17 1.2246467991473532e-16
vn -0.8090169943749475 6.123233995736766e-17 -0.587785252292473
vn -0.30901699437494756 6.123233995736766e-17 -0.9510565162951535
vn 0.30901699437494723 6.123233995736766e-17 -0.9510565162951535
vn 0.8090169943749473 6.123233995736766e-17 -0.5877852522924734
vn 1 6.123233995736766e-17 -2.4492935982947064e-16
vn 0.9238795325112867 -0.3826834323650898 0
vn 0.7474342425568128 -0.3826834323650898 0.5430427641049989
vn 0.28549447630116936 -0.3826834323650898 0.8786616496665794
vn -0.2854944763011692 -0.3826834323650898 0.8786616496665797
vn -0.7474342425568127 -0.3826834323650898 0.543042764104999
vn -0.9238795325112867 -0.3826834323650898 1.1314261122877003e-16
vn -0.7474342425568128 -0.3826834323650898 -0.5430427641049987
vn -0.2854944763011695 -0.3826834323650898 -0.8786616496665794
vn 0.28549447630116914 -0.3826834323650898 -0.8786616496665797
vn 0.7474342425568127 -0.3826834323650898 -0.543042764104999
vn 0.9238795325112867 -0.3826834323650898 -2.2628522245754005e-16
vn 0.7071067811865476 -0.7071067811865474 0
vn 0.5720614028176844 -0.7071067811865474 0.41562693777745346
vn 0.21850801222441057 -0.7071067811865474 0.6724985119639574
vn -0.2185080122244105 -0.7071067811865474 0.6724985119639574
vn -0.5720614028176843 -0.7071067811865474 0.4156269377774536
vn -0.7071067811865476 -0.7071067811865474 8.659560562354934e-17
vn -0.5720614028176844 -0.7071067811865474 -0.4156269377774534
vn -0.21850801222441066 -0.7071067811865474 -0.6724985119639574
vn 0.2185080122244104 -0.7071067811865474 -0.6724985119639574
vn 0.5720614028176843 -0.7071067811865474 -0.41562693777745363
vn 0.7071067811865476 -0.7071067811865474 -1.7319121124709868e-16
vn 0.3826834323650899 -0.9238795325112867 0
vn 0.3095974002490935 -0.9238795325112867 0.22493567784086393
vn 0.11825568406654857 -0.9238795325112867 0.3639535720290144
vn -0.11825568406654853 -0.9238795325112867 0.36395357202901446
vn -0.3095974002490935 -0.9238795325112867 0.22493567784086402
vn -0.3826834323650899 -0.9238795325112867 4.6865204053263e-17
vn -0.3095974002490935 -0.9238795325112867 -0.22493567784086393
vn -0.11825568406654861 -0.9238795325112867 -0.3639535720290144
vn 0.11825568406654849 -0.9238795325112867 -0.36395357202901446
vn 0.3095974002490935 -0.9238795325112867 -0.22493567784086402
vn 0.3826834323650899 -0.9238795325112867 -9.3730408106526e-17
vn 1.2246467991473532e-16 -1 0
vn 9.907600726170916e-17 -1 7.198293278059966e-17
vn 3.7843667304341506e-17 -1 1.1647083184890923e-16
vn -3.7843667304341493e-17 -1 1.1647083184890926e-16
vn -9.907600726170915e-17 -1 7.198293278059968e-17
vn -1.2246467991473532e-16 -1 1.4997597826618576e-32
vn -9.907600726170916e-17 -1 -7.198293278059965e-17
vn -3.784366730434152e-17 -1 -1.1647083184890923e-16
vn 3.7843667304341475e-17 -1 -1.1647083184890926e-16
vn 9.907600726170915e-17 -1 -7.19829327805997e-17
vn 1.2246467991473532e-16 -1 -2.999519565323715e-32
vn 0 1 0
vn 0 1 0
vn 0 1 0
vn 0 1 0
vn 0 1 0
vn 0 1 0
vn 0 1 0
vn 0 1 0
vn 0 1 0
vn 0 1 0
vn 0 1 0
vn 0.3826834323650898 0.9238795325112867 0
vn 0.30959740024909344 0.9238795325112867 0.22493567784086388
vn 0.11825568406654853 0.9238795325112867 0.3639535720290143
vn -0.11825568406654849 0.9238795325112867 0.36395357202901435
vn -0.3095974002490934 0.9238795325112867 0.22493567784086393
vn -0.3826834323650898 0.9238795325112867 4.6865204053262986e-17
vn -0.30959740024909344 0.9238795325112867 -0.22493567784086382
vn -0.11825568406654857 0.9238795325112867 -0.3639535720290143
vn 0.11825568406654845 0.9238795325112867 -0.36395357202901435
vn 0.3095974002490934 0.9238795325112867 -0.22493567784086396
vn 0.3826834323650898 0.9238795325112867 -9.373040810652597e-17
vn 0.7071067811865475 0.7071067811865476 0
vn 0.5720614028176843 0.7071067811865476 0.4156269377774534
vn 0.21850801222441055 0.7071067811865476 0.6724985119639573
vn -0.21850801222441046 0.7071067811865476 0.6724985119639573
vn -0.5720614028176841 0.7071067811865476 0.41562693777745346
vn -0.7071067811865475 0.7071067811865476 8.659560562354932e-17
vn -0.5720614028176843 0.7071067811865476 -0.4156269377774533
vn -0.2185080122244106 0.7071067811865476 -0.6724985119639573
vn 0.21850801222441038 0.7071067811865476 -0.6724985119639573
vn 0.5720614028176841 0.7071067811865476 -0.4156269377774536
vn 0.7071067811865475 0.7071067811865476 -1.7319121124709863e-16
vn 0.9238795325112867 0.38268343236508984 0
vn 0.7474342425568128 0.38268343236508984 0.5430427641049989
vn 0.28549447630116936 0.38268343236508984 0.8786616496665794
vn -0.2854944763011692 0.38268343236508984 0.8786616496665797
vn -0.7474342425568127 0.38268343236508984 0.543042764104999
vn -0.9238795325112867 0.38268343236508984 1.1314261122877003e-16
vn -0.7474342425568128 0.38268343236508984 -0.5430427641049987
vn -0.2854944763011695 0.38268343236508984 -0.8786616496665794
vn 0.28549447630116914 0.38268343236508984 -0.8786616496665797
vn 0.7474342425568127 0.38268343236508984 -0.543042764104999
vn 0.9238795325112867 0.38268343236508984 -2.2628522245754005e-16
vn 1 6.123233995736766e-17 0
vn 0.8090169943749475 6.123233995736766e-17 0.5877852522924731
vn 0.30901699437494745 6.123233995736766e-17 0.9510565162951535
vn -0.30901699437494734 6.123233995736766e-17 0.9510565162951535
vn -0.8090169943749473 6.123233995736766e-17 0.5877852522924732
vn -1 6.123233995736766e-17 1.2246467991473532e-16
vn -0.8090169943749475 6.123233995736766e-17 -0.587785252292473
vn -0.30901699437494756 6.123233995736766e-17 -0.9510565162951535
vn 0.30901699437494723 6.123233995736766e-17 -0.9510565162951535
vn 0.8090169943749473 6.123233995736766e-17 -0.5877852522924734
vn 1 6.123233995736766e-17 -2.4492935982947064e-16
vn 0.9238795325112867 -0.3826834323650898 0
vn 0.7474342425568128 -0.3826834323650898 0.5430427641049989
vn 0.28549447630116936 -0.3826834323650898 0.8786616496665794
vn -0.2854944763011692 -0.3826834323650898 0.8786616496665797
vn -0.7474342425568127 -0.3826834323650898 0.543042764104999
vn -0.9238795325112867 -0.3826834323650898 1.1314261122877003e-16
vn -0.7474342425568128 -0.3826834323650898 -0.5430427641049987
vn -0.2854944763011695 -0.3826834323650898 -0.8786616496665794
vn 0.28549447630116914 -0.3826834323650898 -0.8786616496665797
vn 0.7474342425568127 -0.3826834323650898 -0.543042764104999
vn 0.9238795325112867 -0.3826834323650898 -2.2628522245754005e-16
vn 0.7071067811865476 -0.7071067811865474 0
vn 0.5720614028176844 -0.7071067811865474 0.41562693777745346
vn 0.21850801222441057 -0.7071067811865474 0.6724985119639574
vn -0.2185080122244105 -0.7071067811865474 0.6724985119639574
vn -0.5720614028176843 -0.7071067811865474 0.4156269377774536
vn -0.7071067811865476 -0.7071067811865474 8.659560562354934e-17
vn -0.5720614028176844 -0.7071067811865474 -0.4156269377774534
vn -0.21850801222441066 -0.7071067811865474 -0.6724985119639574
vn 0.2185080122244104 -0.7071067811865474 -0.6724985119639574
vn 0.5720614028176843 -0.7071067811865474 -0.41562693777745363
vn 0.7071067811865476 -0.7071067811865474 -1.7319121124709868e-16
vn 0.3826834323650899 -0.9238795325112867 0
vn 0.3095974002490935 -0.9238795325112867 0.22493567784086393
vn 0.11825568406654857 -0.9238795325112867 0.3639535720290144
vn -0.11825568406654853 -0.9238795325112867 0.36395357202901446
vn -0.3095974002490935 -0.9238795325112867 0.22493567784086402
vn -0.3826834323650899 -0.9238795325112867 4.6865204053263e-17
vn -0.3095974002490935 -0.9238795325112867 -0.22493567784086393
vn -0.11825568406654861 -0.9238795325112867 -0.3639535720290144
vn 0.11825568406654849 -0.9238795325112867 -0.36395357202901446
vn 0.3095974002490935 -0.9238795325112867 -0.22493567784086402
vn 0.3826834323650899 -0.9238795325112867 -9.3730408106526e-17
vn 1.2246467991473532e-16 -1 0
vn 9.907600726170916e-17 -1 7.198293278059966e-17
vn 3.7843667304341506e-17 -1 1.1647083184890923e-16
vn -3.7843667304341493e-17 -1 1.1647083184890926e-16
vn -9.907600726170915e-17 -1 7.198293278059968e-17
vn -1.2246467991473532e-16 -1 1.4997597826618576e-32
vn -9.907600726170916e-17 -1 -7.198293278059965e-17
vn -3.784366730434152e-17 -1 -1.1647083184890923e-16
vn 3.7843667304341475e-17 -1 -1.1647083184890926e-16
vn 9.907600726170915e-17 -1 -7.19829327805997e-17
vn 1.2246467991473532e-16 -1 -2.999519565323715e-32
vn 0 1 0
vn 0 1 0
vn 0 1 0
vn 0 1 0
vn 0 1 0
vn 0 1 0
vn 0 1 0
vn 0 1 0
vn 0 1 0
vn 0 1 0
vn 0 1 0
vn 0.3826834323650898 0.9238795325112867 0
vn 0.30959740024909344 0.9238795325112867 0.22493567784086388
vn 0.11825568406654853 0.9238795325112867 0.3639535720290143
vn -0.11825568406654849 0.9238795325112867 0.36395357202901435
vn -0.3095974002490934 0.9238795325112867 0.22493567784086393
vn -0.3826834323650898 0.9238795325112867 4.6865204053262986e-17
vn -0.30959740024909344 0.9238795325112867 -0.22493567784086382
vn -0.11825568406654857 0.9238795325112867 -0.3639535720290143
vn 0.11825568406654845 0.9238795325112867 -0.36395357202901435
vn 0.3095974002490934 0.9238795325112867 -0.22493567784086396
vn 0.3826834323650898 0.9238795325112867 -9.373040810652597e-17
vn 0.7071067811865475 0.7071067811865476 0
vn 0.5720614028176843 0.7071067811865476 0.4156269377774534
vn 0.21850801222441055 0.7071067811865476 0.6724985119639573
vn -0.21850801222441046 0.7071067811865476 0.6724985119639573
vn -0.5720614028176841 0.7071067811865476 0.41562693777745346
vn -0.7071067811865475 0.7071067811865476 8.659560562354932e-17
vn -0.5720614028176843 0.7071067811865476 -0.4156269377774533
vn -0.2185080122244106 0.7071067811865476 -0.6724985119639573
vn 0.21850801222441038 0.7071067811865476 -0.6724985119639573
vn 0.5720614028176841 0.7071067811865476 -0.4156269377774536
vn 0.7071067811865475 0.7071067811865476 -1.7319121124709863e-16
vn 0.9238795325112867 0.38268343236508984 0
vn 0.7474342425568128 0.38268343236508984 0.5430427641049989
vn 0.28549447630116936 0.38268343236508984 0.8786616496665794
vn -0.2854944763011692 0.38268343236508984 0.8786616496665797
vn -0.7474342425568127 0.38268343236508984 0.543042764104999
vn -0.9238795325112867 0.38268343236508984 1.1314261122877003e-16
vn -0.7474342425568128 0.38268343236508984 -0.5430427641049987
vn -0.2854944763011695 0.38268343236508984 -0.8786616496665794
vn 0.28549447630116914 0.38268343236508984 -0.8786616496665797
vn 0.7474342425568127 0.38268343236508984 -0.543042764104999
vn 0.9238795325112867 0.38268343236508984 -2.2628522245754005e-16
vn 1 6.123233995736766e-17 0
vn 0.8090169943749475 6.123233995736766e-17 0.5877852522924731
vn 0.30901699437494745 6.123233995736766e-17 0.9510565162951535
vn -0.30901699437494734 6.123233995736766e-17 0.9510565162951535
vn -0.8090169943749473 6.123233995736766e-17 0.5877852522924732
vn -1 6.123233995736766e-17 1.2246467991473532e-16
vn -0.8090169943749475 6.123233995736766e-17 -0.587785252292473
vn -0.30901699437494756 6.123233995736766e-17 -0.9510565162951535
vn 0.30901699437494723 6.123233995736766e-17 -0.9510565162951535
vn 0.8090169943749473 6.123233995736766e-17 -0.5877852522924734
vn 1 6.123233995736766e-17 -2.4492935982947064e-16
vn 0.9238795325112867 -0.3826834323650898 0
vn 0.7474342425568128 -0.3826834323650898 0.5430427641049989
vn 0.28549447630116936 -0.3826834323650898 0.8786616496665794
vn -0.2854944763011692 -0.3826834323650898 0.8786616496665797
vn -0.7474342425568127 -0.3826834323650898 0.543042764104999
vn -0.9238795325112867 -0.3826834323650898 1.1314261122877003e-16
vn -0.7474342425568128 -0.3826834323650898 -0.5430427641049987
vn -0.2854944763011695 -0.3826834323650898 -0.8786616496665794
vn 0.28549447630116914 -0.3826834323650898 -0.8786616496665797
vn 0.7474342425568127 -0.3826834323650898 -0.543042764104999
vn 0.9238795325112867 -0.3826834323650898 -2.2628522245754005e-16
vn 0.7071067811865476 -0.7071067811865474 0
vn 0.5720614028176844 -0.7071067811865474 0.41562693777745346
vn 0.21850801222441057 -0.7071067811865474 0.6724985119639574
vn -0.2185080122244105 -0.7071067811865474 0.6724985119639574
vn -0.5720614028176843 -0.7071067811865474 0.4156269377774536
vn -0.7071067811865476 -0.7071067811865474 8.659560562354934e-17
vn -0.5720614028176844 -0.7071067811865474 -0.4156269377774534
vn -0.21850801222441066 -0.7071067811865474 -0.6724985119639574
vn 0.2185080122244104 -0.7071067811865474 -0.6724985119639574
vn 0.5720614028176843 -0.7071067811865474 -0.41562693777745363
vn 0.7071067811865476 -0.7071067811865474 -1.7319121124709868e-16
vn 0.3826834323650899 -0.9238795325112867 0
vn 0.3095974002490935 -0.9238795325112867 0.22493567784086393
vn 0.11825568406654857 -0.9238795325112867 0.3639535720290144
vn -0.11825568406654853 -0.9238795325112867 0.36395357202901446
vn -0.3095974002490935 -0.9238795325112867 0.22493567784086402
vn -0.3826834323650899 -0.9238795325112867 4.6865204053263e-17
vn -0.3095974002490935 -0.9238795325112867 -0.22493567784086393
vn -0.11825568406654861 -0.9238795325112867 -0.3639535720290144
vn 0.11825568406654849 -0.9238795325112867 -0.36395357202901446
vn 0.3095974002490935 -0.9238795325112867 -0.22493567784086402
vn 0.3826834323650899 -0.9238795325112867 -9.3730408106526e-17
vn 1.2246467991473532e-16 -1 0
vn 9.907600726170916e-17 -1 7.198293278059966e-17
vn 3.7843667304341506e-17 -1 1.1647083184890923e-16
vn -3.7843667304341493e-17 -1 1.1647083184890926e-16
vn -9.907600726170915e-17 -1 7.198293278059968e-17
vn -1.2246467991473532e-16 -1 1.4997597826618576e-32
vn -9.907600726170916e-17 -1 -7.198293278059965e-17
vn -3.784366730434152e-17 -1 -1.1647083184890923e-16
vn 3.7843667304341475e-17 -1 -1.1647083184890926e-16
vn 9.907600726170915e-17 -1 -7.19829327805997e-17
vn 1.2246467991473532e-16 -1 -2.999519565323715e-32
vn 0 1 0
vn 0 1 0
vn 0 1 0
vn 0 1 0
vn 0 1 0
vn 0 1 0
vn 0 1 0
vn 0 1 0
vn 0 1 0
vn 0 1 0
vn 0 1 0
vn 0.3826834323650898 0.9238795325112867 0
vn 0.30959740024909344 0.9238795325112867 0.22493567784086388
vn 0.11825568406654853 0.9238795325112867 0.3639535720290143
vn -0.11825568406654849 0.9238795325112867 0.36395357202901435
vn -0.3095974002490934 0.9238795325112867 0.22493567784086393
vn -0.3826834323650898 0.9238795325112867 4.6865204053262986e-17
vn -0.30959740024909344 0.9238795325112867 -0.22493567784086382
vn -0.11825568406654857 0.9238795325112867 -0.3639535720290143
vn 0.11825568406654845 0.9238795325112867 -0.36395357202901435
vn 0.3095974002490934 0.9238795325112867 -0.22493567784086396
vn 0.3826834323650898 0.9238795325112867 -9.373040810652597e-17
vn 0.7071067811865475 0.7071067811865476 0
vn 0.5720614028176843 0.7071067811865476 0.4156269377774534
vn 0.21850801222441055 0.7071067811865476 0.6724985119639573
vn -0.21850801222441046 0.7071067811865476 0.6724985119639573
vn -0.5720614028176841 0.7071067811865476 0.41562693777745346
vn -0.7071067811865475 0.7071067811865476 8.659560562354932e-17
vn -0.5720614028176843 0.7071067811865476 -0.4156269377774533
vn -0.2185080122244106 0.7071067811865476 -0.6724985119639573
vn 0.21850801222441038 0.7071067811865476 -0.6724985119639573
vn 0.5720614028176841 0.7071067811865476 -0.4156269377774536
vn 0.7071067811865475 0.7071067811865476 -1.7319121124709863e-16
vn 0.9238795325112867 0.38268343236508984 0
vn 0.7474342425568128 0.38268343236508984 0.5430427641049989
vn 0.28549447630116936 0.38268343236508984 0.8786616496665794
vn -0.2854944763011692 0.38268343236508984 0.8786616496665797
vn -0.7474342425568127 0.38268343236508984 0.543042764104999
vn -0.9238795325112867 0.38268343236508984 1.1314261122877003e-16
vn -0.7474342425568128 0.38268343236508984 -0.5430427641049987
vn -0.2854944763011695 0.38268343236508984 -0.8786616496665794
vn 0.28549447630116914 0.38268343236508984 -0.8786616496665797
vn 0.7474342425568127 0.38268343236508984 -0.543042764104999
vn 0.9238795325112867 0.38268343236508984 -2.2628522245754005e-16
vn 1 6.123233995736766e-17 0
vn 0.8090169943749475 6.123233995736766e-17 0.5877852522924731
vn 0.30901699437494745 6.123233995736766e-17 0.9510565162951535
vn -0.30901699437494734 6.123233995736766e-17 0.9510565162951535
vn -0.8090169943749473 6.123233995736766e-17 0.5877852522924732
vn -1 6.123233995736766e-17 1.2246467991473532e-16
vn -0.8090169943749475 6.123233995736766e-17 -0.587785252292473
vn -0.30901699437494756 6.123233995736766e-17 -0.9510565162951535
vn 0.30901699437494723 6.123233995736766e-17 -0.9510565162951535
vn 0.8090169943749473 6.123233995736766e-17 -0.5877852522924734
vn 1 6.123233995736766e-17 -2.4492935982947064e-16
vn 0.9238795325112867 -0.3826834323650898 0
vn 0.7474342425568128 -0.3826834323650898 0.5430427641049989
vn 0.28549447630116936 -0.3826834323650898 0.8786616496665794
vn -0.2854944763011692 -0.3826834323650898 0.8786616496665797
vn -0.7474342425568127 -0.3826834323650898 0.543042764104999
vn -0.9238795325112867 -0.3826834323650898 1.1314261122877003e-16
vn -0.7474342425568128 -0.3826834323650898 -0.5430427641049987
vn -0.2854944763011695 -0.3826834323650898 -0.8786616496665794
vn 0.28549447630116914 -0.3826834323650898 -0.8786616496665797
vn 0.7474342425568127 -0.3826834323650898 -0.543042764104999
vn 0.9238795325112867 -0.3826834323650898 -2.2628522245754005e-16
vn 0.7071067811865476 -0.7071067811865474 0
vn 0.5720614028176844 -0.7071067811865474 0.41562693777745346
vn 0.21850801222441057 -0.7071067811865474 0.6724985119639574
vn -0.2185080122244105 -0.7071067811865474 0.6724985119639574
vn -0.5720614028176843 -0.7071067811865474 0.4156269377774536
vn -0.7071067811865476 -0.7071067811865474 8.659560562354934e-17
vn -0.5720614028176844 -0.7071067811865474 -0.4156269377774534
vn -0.21850801222441066 -0.7071067811865474 -0.6724985119639574
vn 0.2185080122244104 -0.7071067811865474 -0.6724985119639574
vn 0.5720614028176843 -0.7071067811865474 -0.41562693777745363
vn 0.7071067811865476 -0.7071067811865474 -1.7319121124709868e-16
vn 0.3826834323650899 -0.9238795325112867 0
vn 0.3095974002490935 -0.9238795325112867 0.22493567784086393
vn 0.11825568406654857 -0.9238795325112867 0.3639535720290144
vn -0.11825568406654853 -0.9238795325112867 0.36395357202901446
vn -0.3095974002490935 -0.9238795325112867 0.22493567784086402
vn -0.3826834323650899 -0.9238795325112867 4.6865204053263e-17
vn -0.3095974002490935 -0.9238795325112867 -0.22493567784086393
vn -0.11825568406654861 -0.9238795325112867 -0.3639535720290144
vn 0.11825568406654849 -0.9238795325112867 -0.36395357202901446
vn 0.3095974002490935 -0.9238795325112867 -0.22493567784086402
vn 0.3826834323650899 -0.9238795325112867 -9.3730408106526e-17
vn 1.2246467991473532e-16 -1 0
vn 9.907600726170916e-17 -1 7.198293278059966e-17
vn 3.7843667304341506e-17 -1 1.1647083184890923e-16
vn -3.7843667304341493e-17 -1 1.1647083184890926e-16
vn -9.907600726170915e-17 -1 7.198293278059968e-17
vn -1.2246467991473532e-16 -1 1.4997597826618576e-32
vn -9.907600726170916e-17 -1 -7.198293278059965e-17
vn -3.784366730434152e-17 -1 -1.1647083184890923e-16
vn 3.7843667304341475e-17 -1 -1.1647083184890926e-16
vn 9.907600726170915e-17 -1 -7.19829327805997e-17
vn 1.2246467991473532e-16 -1 -2.999519565323715e-32
vn -0.5773502691896257 -0.5773502691896257 -0.5773502691896257
vn -0.5773502691896257 -0.5773502691896257 0.5773502691896257
vn -0.5773502691896257 0.5773502691896257 -0.5773502691896257
vn -0.5773502691896257 0.5773502691896257 0.5773502691896257
vn 0.5773502691896257 -0.5773502691896257 -0.5773502691896257
vn 0.5773502691896257 -0.5773502691896257 0.5773502691896257
vn 0.5773502691896257 0.5773502691896257 -0.5773502691896257
vn 0.5773502691896257 0.5773502691896257 0.5773502691896257
vn 0 -0.3568220897730899 -0.9341723589627157
vn 0 -0.3568220897730899 0.9341723589627157
vn 0 0.3568220897730899 -0.9341723589627157
vn 0 0.3568220897730899 0.9341723589627157
vn -0.3568220897730899 -0.9341723589627157 0
vn -0.3568220897730899 0.9341723589627157 0
vn 0.3568220897730899 -0.9341723589627157 0
vn 0.3568220897730899 0.9341723589627157 0
vn -0.9341723589627157 0 -0.3568220897730899
vn -0.9341723589627157 0 0.3568220897730899
vn 0.9341723589627157 0 -0.3568220897730899
vn 0.9341723589627157 0 0.3568220897730899
vn 0 1 0
vn 0 1 0
vn 0 1 0
vn 0 1 0
vn 0 1 0
vn 0 1 0
vn 0 1 0
vn 0 1 0
vn 0 1 0
vn 0 1 0
vn 0 1 0
vn 0.3826834323650898 0.9238795325112867 0
vn 0.30959740024909344 0.9238795325112867 0.22493567784086385
vn 0.11825568406654853 0.9238795325112867 0.36395357202901435
vn -0.11825568406654849 0.9238795325112867 0.36395357202901435
vn -0.3095974002490934 0.9238795325112867 0.2249356778408639
vn -0.3826834323650898 0.9238795325112867 4.6865204053262986e-17
vn -0.30959740024909344 0.9238795325112867 -0.22493567784086382
vn -0.11825568406654859 0.9238795325112867 -0.36395357202901435
vn 0.11825568406654845 0.9238795325112867 -0.36395357202901435
vn 0.3095974002490934 0.9238795325112867 -0.22493567784086396
vn 0.3826834323650898 0.9238795325112867 -9.373040810652597e-17
vn 0.7071067811865475 0.7071067811865475 0
vn 0.5720614028176843 0.7071067811865475 0.4156269377774534
vn 0.21850801222441055 0.7071067811865475 0.6724985119639574
vn -0.21850801222441046 0.7071067811865475 0.6724985119639574
vn -0.5720614028176841 0.7071067811865475 0.41562693777745346
vn -0.7071067811865475 0.7071067811865475 8.659560562354932e-17
vn -0.5720614028176843 0.7071067811865475 -0.4156269377774533
vn -0.2185080122244106 0.7071067811865475 -0.6724985119639574
vn 0.21850801222441038 0.7071067811865475 -0.6724985119639574
vn 0.5720614028176841 0.7071067811865475 -0.4156269377774535
vn 0.7071067811865475 0.7071067811865475 -1.7319121124709863e-16
vn 0.9238795325112867 0.38268343236508984 0
vn 0.7474342425568128 0.38268343236508984 0.5430427641049989
vn 0.28549447630116936 0.38268343236508984 0.8786616496665793
vn -0.28549447630116925 0.38268343236508984 0.8786616496665796
vn -0.7474342425568127 0.38268343236508984 0.543042764104999
vn -0.9238795325112867 0.38268343236508984 1.1314261122877003e-16
vn -0.7474342425568128 0.38268343236508984 -0.5430427641049987
vn -0.2854944763011695 0.38268343236508984 -0.8786616496665793
vn 0.28549447630116914 0.38268343236508984 -0.8786616496665796
vn 0.7474342425568127 0.38268343236508984 -0.543042764104999
vn 0.9238795325112867 0.38268343236508984 -2.2628522245754005e-16
vn 1 6.123233995736766e-17 0
vn 0.8090169943749475 6.123233995736766e-17 0.5877852522924731
vn 0.30901699437494745 6.123233995736766e-17 0.9510565162951535
vn -0.30901699437494734 6.123233995736766e-17 0.9510565162951536
vn -0.8090169943749473 6.123233995736766e-17 0.5877852522924732
vn -1 6.123233995736766e-17 1.2246467991473532e-16
vn -0.8090169943749475 6.123233995736766e-17 -0.587785252292473
vn -0.30901699437494756 6.123233995736766e-17 -0.9510565162951535
vn 0.30901699437494723 6.123233995736766e-17 -0.9510565162951536
vn 0.8090169943749473 6.123233995736766e-17 -0.5877852522924734
vn 1 6.123233995736766e-17 -2.4492935982947064e-16
vn 0.9238795325112867 -0.3826834323650897 0
vn 0.7474342425568128 -0.3826834323650897 0.5430427641049989
vn 0.28549447630116936 -0.3826834323650897 0.8786616496665793
vn -0.28549447630116925 -0.3826834323650897 0.8786616496665796
vn -0.7474342425568127 -0.3826834323650897 0.543042764104999
vn -0.9238795325112867 -0.3826834323650897 1.1314261122877003e-16
vn -0.7474342425568128 -0.3826834323650897 -0.5430427641049987
vn -0.2854944763011695 -0.3826834323650897 -0.8786616496665793
vn 0.28549447630116914 -0.3826834323650897 -0.8786616496665796
vn 0.7474342425568127 -0.3826834323650897 -0.543042764104999
vn 0.9238795325112867 -0.3826834323650897 -2.2628522245754005e-16
vn 0.7071067811865476 -0.7071067811865475 0
vn 0.5720614028176844 -0.7071067811865475 0.41562693777745346
vn 0.21850801222441055 -0.7071067811865475 0.6724985119639574
vn -0.21850801222441052 -0.7071067811865475 0.6724985119639574
vn -0.5720614028176843 -0.7071067811865475 0.4156269377774535
vn -0.7071067811865476 -0.7071067811865475 8.659560562354933e-17
vn -0.5720614028176844 -0.7071067811865475 -0.4156269377774534
vn -0.21850801222441066 -0.7071067811865475 -0.6724985119639574
vn 0.2185080122244104 -0.7071067811865475 -0.6724985119639574
vn 0.5720614028176843 -0.7071067811865475 -0.41562693777745363
vn 0.7071067811865476 -0.7071067811865475 -1.7319121124709866e-16
vn 0.3826834323650899 -0.9238795325112867 0
vn 0.3095974002490935 -0.9238795325112867 0.22493567784086393
vn 0.11825568406654859 -0.9238795325112867 0.3639535720290144
vn -0.11825568406654853 -0.9238795325112867 0.36395357202901446
vn -0.3095974002490935 -0.9238795325112867 0.224935677840864
vn -0.3826834323650899 -0.9238795325112867 4.6865204053263e-17
vn -0.3095974002490935 -0.9238795325112867 -0.2249356778408639
vn -0.11825568406654863 -0.9238795325112867 -0.3639535720290144
vn 0.11825568406654849 -0.9238795325112867 -0.36395357202901446
vn 0.3095974002490935 -0.9238795325112867 -0.22493567784086402
vn 0.3826834323650899 -0.9238795325112867 -9.3730408106526e-17
vn 1.2246467991473532e-16 -1 0
vn 9.907600726170916e-17 -1 7.198293278059966e-17
vn 3.7843667304341506e-17 -1 1.1647083184890923e-16
vn -3.7843667304341493e-17 -1 1.1647083184890926e-16
vn -9.907600726170915e-17 -1 7.198293278059968e-17
vn -1.2246467991473532e-16 -1 1.499759782661858e-32
vn -9.907600726170916e-17 -1 -7.198293278059965e-17
vn -3.784366730434152e-17 -1 -1.1647083184890923e-16
vn 3.7843667304341475e-17 -1 -1.1647083184890926e-16
vn 9.907600726170915e-17 -1 -7.19829327805997e-17
vn 1.2246467991473532e-16 -1 -2.999519565323716e-32
vn 0 1 0
vn 0 1 0
vn 0 1 0
vn 0 1 0
vn 0 1 0
vn 0 1 0
vn 0 1 0
vn 0 1 0
vn 0 1 0
vn 0 1 0
vn 0 1 0
vn 0.3826834323650898 0.9238795325112867 0
vn 0.30959740024909344 0.9238795325112867 0.22493567784086385
vn 0.11825568406654853 0.9238795325112867 0.36395357202901435
vn -0.11825568406654849 0.9238795325112867 0.36395357202901435
vn -0.3095974002490934 0.9238795325112867 0.2249356778408639
vn -0.3826834323650898 0.9238795325112867 4.6865204053262986e-17
vn -0.30959740024909344 0.9238795325112867 -0.22493567784086382
vn -0.11825568406654859 0.9238795325112867 -0.36395357202901435
vn 0.11825568406654845 0.9238795325112867 -0.36395357202901435
vn 0.3095974002490934 0.9238795325112867 -0.22493567784086396
vn 0.3826834323650898 0.9238795325112867 -9.373040810652597e-17
vn 0.7071067811865475 0.7071067811865475 0
vn 0.5720614028176843 0.7071067811865475 0.4156269377774534
vn 0.21850801222441055 0.7071067811865475 0.6724985119639574
vn -0.21850801222441046 0.7071067811865475 0.6724985119639574
vn -0.5720614028176841 0.7071067811865475 0.41562693777745346
vn -0.7071067811865475 0.7071067811865475 8.659560562354932e-17
vn -0.5720614028176843 0.7071067811865475 -0.4156269377774533
vn -0.2185080122244106 0.7071067811865475 -0.6724985119639574
vn 0.21850801222441038 0.7071067811865475 -0.6724985119639574
vn 0.5720614028176841 0.7071067811865475 -0.4156269377774535
vn 0.7071067811865475 0.7071067811865475 -1.7319121124709863e-16
vn 0.9238795325112867 0.38268343236508984 0
vn 0.7474342425568128 0.38268343236508984 0.5430427641049989
vn 0.28549447630116936 0.38268343236508984 0.8786616496665793
vn -0.28549447630116925 0.38268343236508984 0.8786616496665796
vn -0.7474342425568127 0.38268343236508984 0.543042764104999
vn -0.9238795325112867 0.38268343236508984 1.1314261122877003e-16
vn -0.7474342425568128 0.38268343236508984 -0.5430427641049987
vn -0.2854944763011695 0.38268343236508984 -0.8786616496665793
vn 0.28549447630116914 0.38268343236508984 -0.8786616496665796
vn 0.7474342425568127 0.38268343236508984 -0.543042764104999
vn 0.9238795325112867 0.38268343236508984 -2.2628522245754005e-16
vn 1 6.123233995736766e-17 0
vn 0.8090169943749475 6.123233995736766e-17 0.5877852522924731
vn 0.30901699437494745 6.123233995736766e-17 0.9510565162951535
vn -0.30901699437494734 6.123233995736766e-17 0.9510565162951536
vn -0.8090169943749473 6.123233995736766e-17 0.5877852522924732
vn -1 6.123233995736766e-17 1.2246467991473532e-16
vn -0.8090169943749475 6.123233995736766e-17 -0.587785252292473
vn -0.30901699437494756 6.123233995736766e-17 -0.9510565162951535
vn 0.30901699437494723 6.123233995736766e-17 -0.9510565162951536
vn 0.8090169943749473 6.123233995736766e-17 -0.5877852522924734
vn 1 6.123233995736766e-17 -2.4492935982947064e-16
vn 0.9238795325112867 -0.3826834323650897 0
vn 0.7474342425568128 -0.3826834323650897 0.5430427641049989
vn 0.28549447630116936 -0.3826834323650897 0.8786616496665793
vn -0.28549447630116925 -0.3826834323650897 0.8786616496665796
vn -0.7474342425568127 -0.3826834323650897 0.543042764104999
vn -0.9238795325112867 -0.3826834323650897 1.1314261122877003e-16
vn -0.7474342425568128 -0.3826834323650897 -0.5430427641049987
vn -0.2854944763011695 -0.3826834323650897 -0.8786616496665793
vn 0.28549447630116914 -0.3826834323650897 -0.8786616496665796
vn 0.7474342425568127 -0.3826834323650897 -0.543042764104999
vn 0.9238795325112867 -0.3826834323650897 -2.2628522245754005e-16
vn 0.7071067811865476 -0.7071067811865475 0
vn 0.5720614028176844 -0.7071067811865475 0.41562693777745346
vn 0.21850801222441055 -0.7071067811865475 0.6724985119639574
vn -0.21850801222441052 -0.7071067811865475 0.6724985119639574
vn -0.5720614028176843 -0.7071067811865475 0.4156269377774535
vn -0.7071067811865476 -0.7071067811865475 8.659560562354933e-17
vn -0.5720614028176844 -0.7071067811865475 -0.4156269377774534
vn -0.21850801222441066 -0.7071067811865475 -0.6724985119639574
vn 0.2185080122244104 -0.7071067811865475 -0.6724985119639574
vn 0.5720614028176843 -0.7071067811865475 -0.41562693777745363
vn 0.7071067811865476 -0.7071067811865475 -1.7319121124709866e-16
vn 0.3826834323650899 -0.9238795325112867 0
vn 0.3095974002490935 -0.9238795325112867 0.22493567784086393
vn 0.11825568406654859 -0.9238795325112867 0.3639535720290144
vn -0.11825568406654853 -0.9238795325112867 0.36395357202901446
vn -0.3095974002490935 -0.9238795325112867 0.224935677840864
vn -0.3826834323650899 -0.9238795325112867 4.6865204053263e-17
vn -0.3095974002490935 -0.9238795325112867 -0.2249356778408639
vn -0.11825568406654863 -0.9238795325112867 -0.3639535720290144
vn 0.11825568406654849 -0.9238795325112867 -0.36395357202901446
vn 0.3095974002490935 -0.9238795325112867 -0.22493567784086402
vn 0.3826834323650899 -0.9238795325112867 -9.3730408106526e-17
vn 1.2246467991473532e-16 -1 0
vn 9.907600726170916e-17 -1 7.198293278059966e-17
vn 3.7843667304341506e-17 -1 1.1647083184890923e-16
vn -3.7843667304341493e-17 -1 1.1647083184890926e-16
vn -9.907600726170915e-17 -1 7.198293278059968e-17
vn -1.2246467991473532e-16 -1 1.499759782661858e-32
vn -9.907600726170916e-17 -1 -7.198293278059965e-17
vn -3.784366730434152e-17 -1 -1.1647083184890923e-16
vn 3.7843667304341475e-17 -1 -1.1647083184890926e-16
vn 9.907600726170915e-17 -1 -7.19829327805997e-17
vn 1.2246467991473532e-16 -1 -2.999519565323716e-32
vn 0 1 0
vn 0 1 0
vn 0 1 0
vn 0 1 0
vn 0 1 0
vn 0 1 0
vn 0 1 0
vn 0 1 0
vn 0 1 0
vn 0 1 0
vn 0 1 0
vn 0.3826834323650898 0.9238795325112867 0
vn 0.30959740024909344 0.9238795325112867 0.22493567784086385
vn 0.11825568406654853 0.9238795325112867 0.36395357202901435
vn -0.11825568406654849 0.9238795325112867 0.36395357202901435
vn -0.3095974002490934 0.9238795325112867 0.2249356778408639
vn -0.3826834323650898 0.9238795325112867 4.6865204053262986e-17
vn -0.30959740024909344 0.9238795325112867 -0.22493567784086382
vn -0.11825568406654859 0.9238795325112867 -0.36395357202901435
vn 0.11825568406654845 0.9238795325112867 -0.36395357202901435
vn 0.3095974002490934 0.9238795325112867 -0.22493567784086396
vn 0.3826834323650898 0.9238795325112867 -9.373040810652597e-17
vn 0.7071067811865475 0.7071067811865475 0
vn 0.5720614028176843 0.7071067811865475 0.4156269377774534
vn 0.21850801222441055 0.7071067811865475 0.6724985119639574
vn -0.21850801222441046 0.7071067811865475 0.6724985119639574
vn -0.5720614028176841 0.7071067811865475 0.41562693777745346
vn -0.7071067811865475 0.7071067811865475 8.659560562354932e-17
vn -0.5720614028176843 0.7071067811865475 -0.4156269377774533
vn -0.2185080122244106 0.7071067811865475 -0.6724985119639574
vn 0.21850801222441038 0.7071067811865475 -0.6724985119639574
vn 0.5720614028176841 0.7071067811865475 -0.4156269377774535
vn 0.7071067811865475 0.7071067811865475 -1.7319121124709863e-16
vn 0.9238795325112867 0.38268343236508984 0
vn 0.7474342425568128 0.38268343236508984 0.5430427641049989
vn 0.28549447630116936 0.38268343236508984 0.8786616496665793
vn -0.28549447630116925 0.38268343236508984 0.8786616496665796
vn -0.7474342425568127 0.38268343236508984 0.543042764104999
vn -0.9238795325112867 0.38268343236508984 1.1314261122877003e-16
vn -0.7474342425568128 0.38268343236508984 -0.5430427641049987
vn -0.2854944763011695 0.38268343236508984 -0.8786616496665793
vn 0.28549447630116914 0.38268343236508984 -0.8786616496665796
vn 0.7474342425568127 0.38268343236508984 -0.543042764104999
vn 0.9238795325112867 0.38268343236508984 -2.2628522245754005e-16
vn 1 6.123233995736766e-17 0
vn 0.8090169943749475 6.123233995736766e-17 0.5877852522924731
vn 0.30901699437494745 6.123233995736766e-17 0.9510565162951535
vn -0.30901699437494734 6.123233995736766e-17 0.9510565162951536
vn -0.8090169943749473 6.123233995736766e-17 0.5877852522924732
vn -1 6.123233995736766e-17 1.2246467991473532e-16
vn -0.8090169943749475 6.123233995736766e-17 -0.587785252292473
vn -0.30901699437494756 6.123233995736766e-17 -0.9510565162951535
vn 0.30901699437494723 6.123233995736766e-17 -0.9510565162951536
vn 0.8090169943749473 6.123233995736766e-17 -0.5877852522924734
vn 1 6.123233995736766e-17 -2.4492935982947064e-16
vn 0.9238795325112867 -0.3826834323650897 0
vn 0.7474342425568128 -0.3826834323650897 0.5430427641049989
vn 0.28549447630116936 -0.3826834323650897 0.8786616496665793
vn -0.28549447630116925 -0.3826834323650897 0.8786616496665796
vn -0.7474342425568127 -0.3826834323650897 0.543042764104999
vn -0.9238795325112867 -0.3826834323650897 1.1314261122877003e-16
vn -0.7474342425568128 -0.3826834323650897 -0.5430427641049987
vn -0.2854944763011695 -0.3826834323650897 -0.8786616496665793
vn 0.28549447630116914 -0.3826834323650897 -0.8786616496665796
vn 0.7474342425568127 -0.3826834323650897 -0.543042764104999
vn 0.9238795325112867 -0.3826834323650897 -2.2628522245754005e-16
vn 0.7071067811865476 -0.7071067811865475 0
vn 0.5720614028176844 -0.7071067811865475 0.41562693777745346
vn 0.21850801222441055 -0.7071067811865475 0.6724985119639574
vn -0.21850801222441052 -0.7071067811865475 0.6724985119639574
vn -0.5720614028176843 -0.7071067811865475 0.4156269377774535
vn -0.7071067811865476 -0.7071067811865475 8.659560562354933e-17
vn -0.5720614028176844 -0.7071067811865475 -0.4156269377774534
vn -0.21850801222441066 -0.7071067811865475 -0.6724985119639574
vn 0.2185080122244104 -0.7071067811865475 -0.6724985119639574
vn 0.5720614028176843 -0.7071067811865475 -0.41562693777745363
vn 0.7071067811865476 -0.7071067811865475 -1.7319121124709866e-16
vn 0.3826834323650899 -0.9238795325112867 0
vn 0.3095974002490935 -0.9238795325112867 0.22493567784086393
vn 0.11825568406654859 -0.9238795325112867 0.3639535720290144
vn -0.11825568406654853 -0.9238795325112867 0.36395357202901446
vn -0.3095974002490935 -0.9238795325112867 0.224935677840864
vn -0.3826834323650899 -0.9238795325112867 4.6865204053263e-17
vn -0.3095974002490935 -0.9238795325112867 -0.2249356778408639
vn -0.11825568406654863 -0.9238795325112867 -0.3639535720290144
vn 0.11825568406654849 -0.9238795325112867 -0.36395357202901446
vn 0.3095974002490935 -0.9238795325112867 -0.22493567784086402
vn 0.3826834323650899 -0.9238795325112867 -9.3730408106526e-17
vn 1.2246467991473532e-16 -1 0
vn 9.907600726170916e-17 -1 7.198293278059966e-17
vn 3.7843667304341506e-17 -1 1.1647083184890923e-16
vn -3.7843667304341493e-17 -1 1.1647083184890926e-16
vn -9.907600726170915e-17 -1 7.198293278059968e-17
vn -1.2246467991473532e-16 -1 1.499759782661858e-32
vn -9.907600726170916e-17 -1 -7.198293278059965e-17
vn -3.784366730434152e-17 -1 -1.1647083184890923e-16
vn 3.7843667304341475e-17 -1 -1.1647083184890926e-16
vn 9.907600726170915e-17 -1 -7.19829327805997e-17
vn 1.2246467991473532e-16 -1 -2.999519565323716e-32
vn 0 1 0
vn 0 1 0
vn 0 1 0
vn 0 1 0
vn 0 1 0
vn 0 1 0
vn 0 1 0
vn 0 1 0
vn 0 1 0
vn 0 1 0
vn 0 1 0
vn 0.3826834323650898 0.9238795325112867 0
vn 0.30959740024909344 0.9238795325112867 0.22493567784086385
vn 0.11825568406654853 0.9238795325112867 0.36395357202901435
vn -0.11825568406654849 0.9238795325112867 0.36395357202901435
vn -0.3095974002490934 0.9238795325112867 0.2249356778408639
vn -0.3826834323650898 0.9238795325112867 4.6865204053262986e-17
vn -0.30959740024909344 0.9238795325112867 -0.22493567784086382
vn -0.11825568406654859 0.9238795325112867 -0.36395357202901435
vn 0.11825568406654845 0.9238795325112867 -0.36395357202901435
vn 0.3095974002490934 0.9238795325112867 -0.22493567784086396
vn 0.3826834323650898 0.9238795325112867 -9.373040810652597e-17
vn 0.7071067811865475 0.7071067811865475 0
vn 0.5720614028176843 0.7071067811865475 0.4156269377774534
vn 0.21850801222441055 0.7071067811865475 0.6724985119639574
vn -0.21850801222441046 0.7071067811865475 0.6724985119639574
vn -0.5720614028176841 0.7071067811865475 0.41562693777745346
vn -0.7071067811865475 0.7071067811865475 8.659560562354932e-17
vn -0.5720614028176843 0.7071067811865475 -0.4156269377774533
vn -0.2185080122244106 0.7071067811865475 -0.6724985119639574
vn 0.21850801222441038 0.7071067811865475 -0.6724985119639574
vn 0.5720614028176841 0.7071067811865475 -0.4156269377774535
vn 0.7071067811865475 0.7071067811865475 -1.7319121124709863e-16
vn 0.9238795325112867 0.38268343236508984 0
vn 0.7474342425568128 0.38268343236508984 0.5430427641049989
vn 0.28549447630116936 0.38268343236508984 0.8786616496665793
vn -0.28549447630116925 0.38268343236508984 0.8786616496665796
vn -0.7474342425568127 0.38268343236508984 0.543042764104999
vn -0.9238795325112867 0.38268343236508984 1.1314261122877003e-16
vn -0.7474342425568128 0.38268343236508984 -0.5430427641049987
vn -0.2854944763011695 0.38268343236508984 -0.8786616496665793
vn 0.28549447630116914 0.38268343236508984 -0.8786616496665796
vn 0.7474342425568127 0.38268343236508984 -0.543042764104999
vn 0.9238795325112867 0.38268343236508984 -2.2628522245754005e-16
vn 1 6.123233995736766e-17 0
vn 0.8090169943749475 6.123233995736766e-17 0.5877852522924731
vn 0.30901699437494745 6.123233995736766e-17 0.9510565162951535
vn -0.30901699437494734 6.123233995736766e-17 0.9510565162951536
vn -0.8090169943749473 6.123233995736766e-17 0.5877852522924732
vn -1 6.123233995736766e-17 1.2246467991473532e-16
vn -0.8090169943749475 6.123233995736766e-17 -0.587785252292473
vn -0.30901699437494756 6.123233995736766e-17 -0.9510565162951535
vn 0.30901699437494723 6.123233995736766e-17 -0.9510565162951536
vn 0.8090169943749473 6.123233995736766e-17 -0.5877852522924734
vn 1 6.123233995736766e-17 -2.4492935982947064e-16
vn 0.9238795325112867 -0.3826834323650897 0
vn 0.7474342425568128 -0.3826834323650897 0.5430427641049989
vn 0.28549447630116936 -0.3826834323650897 0.8786616496665793
vn -0.28549447630116925 -0.3826834323650897 0.8786616496665796
vn -0.7474342425568127 -0.3826834323650897 0.543042764104999
vn -0.9238795325112867 -0.3826834323650897 1.1314261122877003e-16
vn -0.7474342425568128 -0.3826834323650897 -0.5430427641049987
vn -0.2854944763011695 -0.3826834323650897 -0.8786616496665793
vn 0.28549447630116914 -0.3826834323650897 -0.8786616496665796
vn 0.7474342425568127 -0.3826834323650897 -0.543042764104999
vn 0.9238795325112867 -0.3826834323650897 -2.2628522245754005e-16
vn 0.7071067811865476 -0.7071067811865475 0
vn 0.5720614028176844 -0.7071067811865475 0.41562693777745346
vn 0.21850801222441055 -0.7071067811865475 0.6724985119639574
vn -0.21850801222441052 -0.7071067811865475 0.6724985119639574
vn -0.5720614028176843 -0.7071067811865475 0.4156269377774535
vn -0.7071067811865476 -0.7071067811865475 8.659560562354933e-17
vn -0.5720614028176844 -0.7071067811865475 -0.4156269377774534
vn -0.21850801222441066 -0.7071067811865475 -0.6724985119639574
vn 0.2185080122244104 -0.7071067811865475 -0.6724985119639574
vn 0.5720614028176843 -0.7071067811865475 -0.41562693777745363
vn 0.7071067811865476 -0.7071067811865475 -1.7319121124709866e-16
vn 0.3826834323650899 -0.9238795325112867 0
vn 0.3095974002490935 -0.9238795325112867 0.22493567784086393
vn 0.11825568406654859 -0.9238795325112867 0.3639535720290144
vn -0.11825568406654853 -0.9238795325112867 0.36395357202901446
vn -0.3095974002490935 -0.9238795325112867 0.224935677840864
vn -0.3826834323650899 -0.9238795325112867 4.6865204053263e-17
vn -0.3095974002490935 -0.9238795325112867 -0.2249356778408639
vn -0.11825568406654863 -0.9238795325112867 -0.3639535720290144
vn 0.11825568406654849 -0.9238795325112867 -0.36395357202901446
vn 0.3095974002490935 -0.9238795325112867 -0.22493567784086402
vn 0.3826834323650899 -0.9238795325112867 -9.3730408106526e-17
vn 1.2246467991473532e-16 -1 0
vn 9.907600726170916e-17 -1 7.198293278059966e-17
vn 3.7843667304341506e-17 -1 1.1647083184890923e-16
vn -3.7843667304341493e-17 -1 1.1647083184890926e-16
vn -9.907600726170915e-17 -1 7.198293278059968e-17
vn -1.2246467991473532e-16 -1 1.499759782661858e-32
vn -9.907600726170916e-17 -1 -7.198293278059965e-17
vn -3.784366730434152e-17 -1 -1.1647083184890923e-16
vn 3.7843667304341475e-17 -1 -1.1647083184890926e-16
vn 9.907600726170915e-17 -1 -7.19829327805997e-17
vn 1.2246467991473532e-16 -1 -2.999519565323716e-32
f 1/1/1 12/12/12 2/2/2
f 1/1/1 11/11/11 12/12/12
f 21/21/21 1/1/1 2/2/2
f 22/22/22 12/12/12 11/11/11
f 2/2/2 13/13/13 3/3/3
f 2/2/2 12/12/12 13/13/13
f 21/21/21 2/2/2 3/3/3
f 22/22/22 13/13/13 12/12/12
f 3/3/3 14/14/14 4/4/4
f 3/3/3 13/13/13 14/14/14
f 21/21/21 3/3/3 4/4/4
f 22/22/22 14/14/14 13/13/13
f 4/4/4 15/15/15 5/5/5
f 4/4/4 14/14/14 15/15/15
f 21/21/21 4/4/4 5/5/5
f 22/22/22 15/15/15 14/14/14
f 5/5/5 16/16/16 6/6/6
f 5/5/5 15/15/15 16/16/16
f 21/21/21 5/5/5 6/6/6
f 22/22/22 16/16/16 15/15/15
f 6/6/6 17/17/17 7/7/7
f 6/6/6 16/16/16 17/17/17
f 21/21/21 6/6/6 7/7/7
f 22/22/22 17/17/17 16/16/16
f 7/7/7 18/18/18 8/8/8
f 7/7/7 17/17/17 18/18/18
f 21/21/21 7/7/7 8/8/8
f 22/22/22 18/18/18 17/17/17
f 8/8/8 19/19/19 9/9/9
f 8/8/8 18/18/18 19/19/19
f 21/21/21 8/8/8 9/9/9
f 22/22/22 19/19/19 18/18/18
f 9/9/9 20/20/20 10/10/10
f 9/9/9 19/19/19 20/20/20
f 21/21/21 9/9/9 10/10/10
f 22/22/22 20/20/20 19/19/19
f 10/10/10 11/11/11 1/1/1
f 10/10/10 20/20/20 11/11/11
f 21/21/21 10/10/10 1/1/1
f 22/22/22 11/11/11 20/20/20
f 23/23/23 34/34/34 24/24/24
f 23/23/23 33/33/33 34/34/34
f 43/43/43 23/23/23 24/24/24
f 44/44/44 34/34/34 33/33/33
f 24/24/24 35/35/35 25/25/25
f 24/24/24 34/34/34 35/35/35
f 43/43/43 24/24/24 25/25/25
f 44/44/44 35/35/35 34/34/34
f 25/25/25 36/36/36 26/26/26
f 25/25/25 35/35/35 36/36/36
f 43/43/43 25/25/25 26/26/26
f 44/44/44 36/36/36 35/35/35
f 26/26/26 37/37/37 27/27/27
f 26/26/26 36/36/36 37/37/37
f 43/43/43 26/26/26 27/27/27
f 44/44/44 37/37/37 36/36/36
f 27/27/27 38/38/38 28/28/28
f 27/27/27 37/37/37 38/38/38
f 43/43/43 27/27/27 28/28/28
f 44/44/44 38/38/38 37/37/37
f 28/28/28 39/39/39 29/29/29
f 28/28/28 38/38/38 39/39/39
f 43/43/43 28/28/28 29/29/29
f 44/44/44 39/39/39 38/38/38
f 29/29/29 40/40/40 30/30/30
f 29/29/29 39/39/39 40/40/40
f 43/43/43 29/29/29 30/30/30
f 44/44/44 40/40/40 39/39/39
f 30/30/30 41/41/41 31/31/31
f 30/30/30 40/40/40 41/41/41
f 43/43/43 30/30/30 31/31/31
f 44/44/44 41/41/41 40/40/40
f 31/31/31 42/42/42 32/32/32
f 31/31/31 41/41/41 42/42/42
f 43/43/43 31/31/31 32/32/32
f 44/44/44 42/42/42 41/41/41
f 32/32/32 33/33/33 23/23/23
f 32/32/32 42/42/42 33/33/33
f 43/43/43 32/32/32 23/23/23
f 44/44/44 33/33/33 42/42/42
f 45/45/45 54/54/54 46/46/46
f 45/45/45 53/53/53 54/54/54
f 61/61/61 45/45/45 46/46/46
f 62/62/62 54/54/54 53/53/53
f 46/46/46 55/55/55 47/47/47
f 46/46/46 54/54/54 55/55/55
f 61/61/61 46/46/46 47/47/47
f 62/62/62 55/55/55 54/54/54
f 47/47/47 56/56/56 48/48/48
f 47/47/47 55/55/55 56/56/56
f 61/61/61 47/47/47 48/48/48
f 62/62/62 56/56/56 55/55/55
f 48/48/48 57/57/57 49/49/49
f 48/48/48 56/56/56 57/57/57
f 61/61/61 48/48/48 49/49/49
f 62/62/62 57/57/57 56/56/56
f 49/49/49 58/58/58 50/50/50
f 49/49/49 57/57/57 58/58/58
f 61/61/61 49/49/49 50/50/50
f 62/62/62 58/58/58 57/57/57
f 50/50/50 59/59/59 51/51/51
f 50/50/50 58/58/58 59/59/59
f 61/61/61 50/50/50 51/51/51
f 62/62/62 59/59/59 58/58/58
f 51/51/51 60/60/60 52/52/52
f 51/51/51 59/59/59 60/60/60
f 61/61/61 51/51/51 52/52/52
f 62/62/62 60/60/60 59/59/59
f 52/52/52 53/53/53 45/45/45
f 52/52/52 60/60/60 53/53/53
f 61/61/61 52/52/52 45/45/45
f 62/62/62 53/53/53 60/60/60
f 63/63/63 71/71/71 64/64/64
f 63/63/63 70/70/70 71/71/71
f 77/77/77 63/63/63 64/64/64
f 78/78/78 71/71/71 70/70/70
f 64/64/64 72/72/72 65/65/65
f 64/64/64 71/71/71 72/72/72
f 77/77/77 64/64/64 65/65/65
f 78/78/78 72/72/72 71/71/71
f 65/65/65 73/73/73 66/66/66
f 65/65/65 72/72/72 73/73/73
f 77/77/77 65/65/65 66/66/66
f 78/78/78 73/73/73 72/72/72
f 66/66/66 74/74/74 67/67/67
f 66/66/66 73/73/73 74/74/74
f 77/77/77 66/66/66 67/67/67
f 78/78/78 74/74/74 73/73/73
f 67/67/67 75/75/75 68/68/68
f 67/67/67 74/74/74 75/75/75
f 77/77/77 67/67/67 68/68/68
f 78/78/78 75/75/75 74/74/74
f 68/68/68 76/76/76 69/69/69
f 68/68/68 75/75/75 76/76/76
f 77/77/77 68/68/68 69/69/69
f 78/78/78 76/76/76 75/75/75
f 69/69/69 70/70/70 63/63/63
f 69/69/69 76/76/76 70/70/70
f 77/77/77 69/69/69 63/63/63
f 78/78/78 70/70/70 76/76/76
f 79/79/79 87/87/87 83/83/83
f 79/79/79 83/83/83 93/93/93
f 79/79/79 93/93/93 91/91/91
f 79/79/79 95/95/95 81/81/81
f 79/79/79 81/81/81 89/89/89
f 79/79/79 89/89/89 87/87/87
f 79/79/79 91/91/91 80/80/80
f 79/79/79 80/80/80 96/96/96
f 79/79/79 96/96/96 95/95/95
f 87/87/87 89/89/89 85/85/85
f 87/87/87 85/85/85 97/97/97
f 87/87/87 97/97/97 83/83/83
f 81/81/81 92/92/92 82/82/82
f 81/81/81 82/82/82 90/90/90
f 81/81/81 90/90/90 89/89/89
f 81/81/81 95/95/95 96/96/96
f 81/81/81 96/96/96 82/82/82
f 81/81/81 82/82/82 92/92/92
f 83/83/83 97/97/97 98/98/98
f 83/83/83 98/98/98 84/84/84
f 83/83/83 84/84/84 93/93/93
f 85/85/85 94/94/94 86/86/86
f 85/85/85 86/86/86 98/98/98
f 85/85/85 98/98/98 97/97/97
f 85/85/85 89/89/89 90/90/90
f 85/85/85 90/90/90 86/86/86
f 85/85/85 86/86/86 94/94/94
f 80/80/80 88/88/88 84/84/84
f 80/80/80 84/84/84 93/93/93
f 80/80/80 93/93/93 91/91/91
f 80/80/80 96/96/96 82/82/82
f 80/80/80 82/82/82 90/90/90
f 80/80/80 90/90/90 88/88/88
f 84/84/84 98/98/98 86/86/86
f 84/84/84 86/86/86 94/94/94
f 84/84/84 94/94/94 88/88/88
f 99/99/99 111/111/111 110/110/110
f 99/99/99 100/100/100 111/111/111
f 100/100/100 112/112/112 111/111/111
f 100/100/100 101/101/101 112/112/112
f 101/101/101 113/113/113 112/112/112
f 101/101/101 102/102/102 113/113/113
f 102/102/102 114/114/114 113/113/113
f 102/102/102 103/103/103 114/114/114
f 103/103/103 115/115/115 114/114/114
f 103/103/103 104/104/104 115/115/115
f 104/104/104 116/116/116 115/115/115
f 104/104/104 105/105/105 116/116/116
f 105/105/105 117/117/117 116/116/116
f 105/105/105 106/106/106 117/117/117
f 106/106/106 118/118/118 117/117/117
f 106/106/106 107/107/107 118/118/118
f 107/107/107 119/119/119 118/118/118
f 107/107/107 108/108/108 119/119/119
f 108/108/108 120/120/120 119/119/119
f 108/108/108 109/109/109 120/120/120
f 110/110/110 122/122/122 121/121/121
f 110/110/110 111/111/111 122/122/122
f 111/111/111 123/123/123 122/122/122
f 111/111/111 112/112/112 123/123/123
f 112/112/112 124/124/124 123/123/123
f 112/112/112 113/113/113 124/124/124
f 113/113/113 125/125/125 124/124/124
f 113/113/113 114/114/114 125/125/125
f 114/114/114 126/126/126 125/125/125
f 114/114/114 115/115/115 126/126/126
f 115/115/115 127/127/127 126/126/126
f 115/115/115 116/116/116 127/127/127
f 116/116/116 128/128/128 127/127/127
f 116/116/116 117/117/117 128/128/128
f 117/117/117 129/129/129 128/128/128
f 117/117/117 118/118/118 129/129/129
f 118/118/118 130/130/130 129/129/129
f 118/118/118 119/119/119 130/130/130
f 119/119/119 131/131/131 130/130/130
f 119/119/119 120/120/120 131/131/131
f 121/121/121 133/133/133 132/132/132
f 121/121/121 122/122/122 133/133/133
f 122/122/122 134/134/134 133/133/133
f 122/122/122 123/123/123 134/134/134
f 123/123/123 135/135/135 134/134/134
f 123/123/123 124/124/124 135/135/135
f 124/124/124 136/136/136 135/135/135
f 124/124/124 125/125/125 136/136/136
f 125/125/125 137/137/137 136/136/136
f 125/125/125 126/126/126 137/137/137
f 126/126/126 138/138/138 137/137/137
f 126/126/126 127/127/127 138/138/138
f 127/127/127 139/139/139 138/138/138
f 127/127/127 128/128/128 139/139/139
f 128/128/128 140/140/140 139/139/139
f 128/128/128 129/129/129 140/140/140
f 129/129/129 141/141/141 140/140/140
f 129/129/129 130/130/130 141/141/141
f 130/130/130 142/142/142 141/141/141
f 130/130/130 131/131/131 142/142/142
f 132/132/132 144/144/144 143/143/143
f 132/132/132 133/133/133 144/144/144
f 133/133/133 145/145/145 144/144/144
f 133/133/133 134/134/134 145/145/145
f 134/134/134 146/146/146 145/145/145
f 134/134/134 135/135/135 146/146/146
f 135/135/135 147/147/147 146/146/146
f 135/135/135 136/136/136 147/147/147
f 136/136/136 148/148/148 147/147/147
f 136/136/136 137/137/137 148/148/148
f 137/137/137 149/149/149 148/148/148
f 137/137/137 138/138/138 149/149/149
f 138/138/138 150/150/150 149/149/149
f 138/138/138 139/139/139 150/150/150
f 139/139/139 151/151/151 150/150/150
f 139/139/139 140/140/140 151/151/151
f 140/140/140 152/152/152 151/151/151
f 140/140/140 141/141/141 152/152/152
f 141/141/141 153/153/153 152/152/152
f 141/141/141 142/142/142 153/153/153
f 143/143/143 155/155/155 154/154/154
f 143/143/143 144/144/144 155/155/155
f 144/144/144 156/156/156 155/155/155
f 144/144/144 145/145/145 156/156/156
f 145/145/145 157/157/157 156/156/156
f 145/145/145 146/146/146 157/157/157
f 146/146/146 158/158/158 157/157/157
f 146/146/146 147/147/147 158/158/158
f 147/147/147 159/159/159 158/158/158
f 147/147/147 148/148/148 159/159/159
f 148/148/148 160/160/160 159/159/159
f 148/148/148 149/149/149 160/160/160
f 149/149/149 161/161/161 160/160/160
f 149/149/149 150/150/150 161/161/161
f 150/150/150 162/162/162 161/161/161
f 150/150/150 151/151/151 162/162/162
f 151/151/151 163/163/163 162/162/162
f 151/151/151 152/152/152 163/163/163
f 152/152/152 164/164/164 163/163/163
f 152/152/152 153/153/153 164/164/164
f 154/154/154 166/166/166 165/165/165
f 154/154/154 155/155/155 166/166/166
f 155/155/155 167/167/167 166/166/166
f 155/155/155 156/156/156 167/167/167
f 156/156/156 168/168/168 167/167/167
f 156/156/156 157/157/157 168/168/168
f 157/157/157 169/169/169 168/168/168
f 157/157/157 158/158/158 169/169/169
f 158/158/158 170/170/170 169/169/169
f 158/158/158 159/159/159 170/170/170
f 159/159/159 171/171/171 170/170/170
f 159/159/159 160/160/160 171/171/171
f 160/160/160 172/172/172 171/171/171
f 160/160/160 161/161/161 172/172/172
f 161/161/161 173/173/173 172/172/172
f 161/161/161 162/162/162 173/173/173
f 162/162/162 174/174/174 173/173/173
f 162/162/162 163/163/163 174/174/174
f 163/163/163 175/175/175 174/174/174
f 163/163/163 164/164/164 175/175/175
f 165/165/165 177/177/177 176/176/176
f 165/165/165 166/166/166 177/177/177
f 166/166/166 178/178/178 177/177/177
f 166/166/166 167/167/167 178/178/178
f 167/167/167 179/179/179 178/178/178
f 167/167/167 168/168/168 179/179/179
f 168/168/168 180/180/180 179/179/179
f 168/168/168 169/169/169 180/180/180
f 169/169/169 181/181/181 180/180/180
f 169/169/169 170/170/170 181/181/181
f 170/170/170 182/182/182 181/181/181
f 170/170/170 171/171/171 182/182/182
f 171/171/171 183/183/183 182/182/182
f 171/171/171 172/172/172 183/183/183
f 172/172/172 184/184/184 183/183/183
f 172/172/172 173/173/173 184/184/184
f 173/173/173 185/185/185 184/184/184
f 173/173/173 174/174/174 185/185/185
f 174/174/174 186/186/186 185/185/185
f 174/174/174 175/175/175 186/186/186
f 176/176/176 188/188/188 187/187/187
f 176/176/176 177/177/177 188/188/188
f 177/177/177 189/189/189 188/188/188
f 177/177/177 178/178/178 189/189/189
f 178/178/178 190/190/190 189/189/189
f 178/178/178 179/179/179 190/190/190
f 179/179/179 191/191/191 190/190/190
f 179/179/179 180/180/180 191/191/191
f 180/180/180 192/192/192 191/191/191
f 180/180/180 181/181/181 192/192/192
f 181/181/181 193/193/193 192/192/192
f 181/181/181 182/182/182 193/193/193
f 182/182/182 194/194/194 193/193/193
f 182/182/182 183/183/183 194/194/194
f 183/183/183 195/195/195 194/194/194
f 183/183/183 184/184/184 195/195/195
f 184/184/184 196/196/196 195/195/195
f 184/184/184 185/185/185 196/196/196
f 185/185/185 197/197/197 196/196/196
f 185/185/185 186/186/186 197/197/197
f 198/198/198 210/210/210 209/209/209
f 198/198/198 199/199/199 210/210/210
f 199/199/199 211/211/211 210/210/210
f 199/199/199 200/200/200 211/211/211
f 200/200/200 212/212/212 211/211/211
f 200/200/200 201/201/201 212/212/212
f 201/201/201 213/213/213 212/212/212
f 201/201/201 202/202/202 213/213/213
f 202/202/202 214/214/214 213/213/213
f 202/202/202 203/203/203 214/214/214
f 203/203/203 215/215/215 214/214/214
f 203/203/203 204/204/204 215/215/215
f 204/204/204 216/216/216 215/215/215
f 204/204/204 205/205/205 216/216/216
f 205/205/205 217/217/217 216/216/216
f 205/205/205 206/206/206 217/217/217
f 206/206/206 218/218/218 217/217/217
f 206/206/206 207/207/207 218/218/218
f 207/207/207 219/219/219 218/218/218
f 207/207/207 208/208/208 219/219/219
f 209/209/209 221/221/221 220/220/220
f 209/209/209 210/210/210 221/221/221
f 210/210/210 222/222/222 221/221/221
f 210/210/210 211/211/211 222/222/222
f 211/211/211 223/223/223 222/222/222
f 211/211/211 212/212/212 223/223/223
f 212/212/212 224/224/224 223/223/223
f 212/212/212 213/213/213 224/224/224
f 213/213/213 225/225/225 224/224/224
f 213/213/213 214/214/214 225/225/225
f 214/214/214 226/226/226 225/225/225
f 214/214/214 215/215/215 226/226/226
f 215/215/215 227/227/227 226/226/226
f 215/215/215 216/216/216 227/227/227
f 216/216/216 228/228/228 227/227/227
f 216/216/216 217/217/217 228/228/228
f 217/217/217 229/229/229 228/228/228
f 217/217/217 218/218/218 229/229/229
f 218/218/218 230/230/230 229/229/229
f 218/218/218 219/219/219 230/230/230
f 220/220/220 232/232/232 231/231/231
f 220/220/220 221/221/221 232/232/232
f 221/221/221 233/233/233 232/232/232
f 221/221/221 222/222/222 233/233/233
f 222/222/222 234/234/234 233/233/233
f 222/222/222 223/223/223 234/234/234
f 223/223/223 235/235/235 234/234/234
f 223/223/223 224/224/224 235/235/235
f 224/224/224 236/236/236 235/235/235
f 224/224/224 225/225/225 236/236/236
f 225/225/225 237/237/237 236/236/236
f 225/225/225 226/226/226 237/237/237
f 226/226/226 238/238/238 237/237/237
f 226/226/226 227/227/227 238/238/238
f 227/227/227 239/239/239 238/238/238
f 227/227/227 228/228/228 239/239/239
f 228/228/228 240/240/240 239/239/239
f 228/228/228 229/229/229 240/240/240
f 229/229/229 241/241/241 240/240/240
f 229/229/229 230/230/230 241/241/241
f 231/231/231 243/243/243 242/242/242
f 231/231/231 232/232/232 243/243/243
f 232/232/232 244/244/244 243/243/243
f 232/232/232 233/233/233 244/244/244
f 233/233/233 245/245/245 244/244/244
f 233/233/233 234/234/234 245/245/245
f 234/234/234 246/246/246 245/245/245
f 234/234/234 235/235/235 246/246/246
f 235/235/235 247/247/247 246/246/246
f 235/235/235 236/236/236 247/247/247
f 236/236/236 248/248/248 247/247/247
f 236/236/236 237/237/237 248/248/248
f 237/237/237 249/249/249 248/248/248
f 237/237/237 238/238/238 249/249/249
f 238/238/238 250/250/250 249/249/249
f 238/238/238 239/239/239 250/250/250
f 239/239/239 251/251/251 250/250/250
f 239/239/239 240/240/240 251/251/251
f 240/240/240 252/252/252 251/251/251
f 240/240/240 241/241/241 252/252/252
f 242/242/242 254/254/254 253/253/253
f 242/242/242 243/243/243 254/254/254
f 243/243/243 255/255/255 254/254/254
f 243/243/243 244/244/244 255/255/255
f 244/244/244 256/256/256 255/255/255
f 244/244/244 245/245/245 256/256/256
f 245/245/245 257/257/257 256/256/256
f 245/245/245 246/246/246 257/257/257
f 246/246/246 258/258/258 257/257/257
f 246/246/246 247/247/247 258/258/258
f 247/247/247 259/259/259 258/258/258
f 247/247/247 248/248/248 259/259/259
f 248/248/248 260/260/260 259/259/259
f 248/248/248 249/249/249 260/260/260
f 249/249/249 261/261/261 260/260/260
f 249/249/249 250/250/250 261/261/261
f 250/250/250 262/262/262 261/261/261
f 250/250/250 251/251/251 262/262/262
f 251/251/251 263/263/263 262/262/262
f 251/251/251 252/252/252 263/263/263
f 253/253/253 265/265/265 264/264/264
f 253/253/253 254/254/254 265/265/265
f 254/254/254 266/266/266 265/265/265
f 254/254/254 255/255/255 266/266/266
f 255/255/255 267/267/267 266/266/266
f 255/255/255 256/256/256 267/267/267
f 256/256/256 268/268/268 267/267/267
f 256/256/256 257/257/257 268/268/268
f 257/257/257 269/269/269 268/268/268
f 257/257/257 258/258/258 269/269/269
f 258/258/258 270/270/270 269/269/269
f 258/258/258 259/259/259 270/270/270
f 259/259/259 271/271/271 270/270/270
f 259/259/259 260/260/260 271/271/271
f 260/260/260 272/272/272 271/271/271
f 260/260/260 261/261/261 272/272/272
f 261/261/261 273/273/273 272/272/272
f 261/261/261 262/262/262 273/273/273
f 262/262/262 274/274/274 273/273/273
f 262/262/262 263/263/263 274/274/274
f 264/264/264 276/276/276 275/275/275
f 264/264/264 265/265/265 276/276/276
f 265/265/265 277/277/277 276/276/276
f 265/265/265 266/266/266 277/277/277
f 266/266/266 278/278/278 277/277/277
f 266/266/266 267/267/267 278/278/278
f 267/267/267 279/279/279 278/278/278
f 267/267/267 268/268/268 279/279/279
f 268/268/268 280/280/280 279/279/279
f 268/268/268 269/269/269 280/280/280
f 269/269/269 281/281/281 280/280/280
f 269/269/269 270/270/270 281/281/281
f 270/270/270 282/282/282 281/281/281
f 270/270/270 271/271/271 282/282/282
f 271/271/271 283/283/283 282/282/282
f 271/271/271 272/272/272 283/283/283
f 272/272/272 284/284/284 283/283/283
f 272/272/272 273/273/273 284/284/284
f 273/273/273 285/285/285 284/284/284
f 273/273/273 274/274/274 285/285/285
f 275/275/275 287/287/287 286/286/286
f 275/275/275 276/276/276 287/287/287
f 276/276/276 288/288/288 287/287/287
f 276/276/276 277/277/277 288/288/288
f 277/277/277 289/289/289 288/288/288
f 277/277/277 278/278/278 289/289/289
f 278/278/278 290/290/290 289/289/289
f 278/278/278 279/279/279 290/290/290
f 279/279/279 291/291/291 290/290/290
f 279/279/279 280/280/280 291/291/291
f 280/280/280 292/292/292 291/291/291
f 280/280/280 281/281/281 292/292/292
f 281/281/281 293/293/293 292/292/292
f 281/281/281 282/282/282 293/293/293
f 282/282/282 294/294/294 293/293/293
f 282/282/282 283/283/283 294/294/294
f 283/283/283 295/295/295 294/294/294
f 283/283/283 284/284/284 295/295/295
f 284/284/284 296/296/296 295/295/295
f 284/284/284 285/285/285 296/296/296
f 297/297/297 309/309/309 308/308/308
f 297/297/297 298/298/298 309/309/309
f 298/298/298 310/310/310 309/309/309
f 298/298/298 299/299/299 310/310/310
f 299/299/299 311/311/311 310/310/310
f 299/299/299 300/300/300 311/311/311
f 300/300/300 312/312/312 311/311/311
f 300/300/300 301/301/301 312/312/312
f 301/301/301 313/313/313 312/312/312
f 301/301/301 302/302/302 313/313/313
f 302/302/302 314/314/314 313/313/313
f 302/302/302 303/303/303 314/314/314
f 303/303/303 315/315/315 314/314/314
f 303/303/303 304/304/304 315/315/315
f 304/304/304 316/316/316 315/315/315
f 304/304/304 305/305/305 316/316/316
f 305/305/305 317/317/317 316/316/316
f 305/305/305 306/306/306 317/317/317
f 306/306/306 318/318/318 317/317/317
f 306/306/306 307/307/307 318/318/318
f 308/308/308 320/320/320 319/319/319
f 308/308/308 309/309/309 320/320/320
f 309/309/309 321/321/321 320/320/320
f 309/309/309 310/310/310 321/321/321
f 310/310/310 322/322/322 321/321/321
f 310/310/310 311/311/311 322/322/322
f 311/311/311 323/323/323 322/322/322
f 311/311/311 312/312/312 323/323/323
f 312/312/312 324/324/324 323/323/323
f 312/312/312 313/313/313 324/324/324
f 313/313/313 325/325/325 324/324/324
f 313/313/313 314/314/314 325/325/325
f 314/314/314 326/326/326 325/325/325
f 314/314/314 315/315/315 326/326/326
f 315/315/315 327/327/327 326/326/326
f 315/315/315 316/316/316 327/327/327
f 316/316/316 328/328/328 327/327/327
f 316/316/316 317/317/317 328/328/328
f 317/317/317 329/329/329 328/328/328
f 317/317/317 318/318/318 329/329/329
f 319/319/319 331/331/331 330/330/330
f 319/319/319 320/320/320 331/331/331
f 320/320/320 332/332/332 331/331/331
f 320/320/320 321/321/321 332/332/332
f 321/321/321 333/333/333 332/332/332
f 321/321/321 322/322/322 333/333/333
f 322/322/322 334/334/334 333/333/333
f 322/322/322 323/323/323 334/334/334
f 323/323/323 335/335/335 334/334/334
f 323/323/323 324/324/324 335/335/335
f 324/324/324 336/336/336 335/335/335
f 324/324/324 325/325/325 336/336/336
f 325/325/325 337/337/337 336/336/336
f 325/325/325 326/326/326 337/337/337
f 326/326/326 338/338/338 337/337/337
f 326/326/326 327/327/327 338/338/338
f 327/327/327 339/339/339 338/338/338
f 327/327/327 328/328/328 339/339/339
f 328/328/328 340/340/340 339/339/339
f 328/328/328 329/329/329 340/340/340
f 330/330/330 342/342/342 341/341/341
f 330/330/330 331/331/331 342/342/342
f 331/331/331 343/343/343 342/342/342
f 331/331/331 332/332/332 343/343/343
f 332/332/332 344/344/344 343/343/343
f 332/332/332 333/333/333 344/344/344
f 333/333/333 345/345/345 344/344/344
f 333/333/333 334/334/334 345/345/345
f 334/334/334 346/346/346 345/345/345
f 334/334/334 335/335/335 346/346/346
f 335/335/335 347/347/347 346/346/346
f 335/335/335 336/336/336 347/347/347
f 336/336/336 348/348/348 347/347/347
f 336/336/336 337/337/337 348/348/348
f 337/337/337 349/349/349 348/348/348
f 337/337/337 338/338/338 349/349/349
f 338/338/338 350/350/350 349/349/349
f 338/338/338 339/339/339 350/350/350
f 339/339/339 351/351/351 350/350/350
f 339/339/339 340/340/340 351/351/351
f 341/341/341 353/353/353 352/352/352
f 341/341/341 342/342/342 353/353/353
f 342/342/342 354/354/354 353/353/353
f 342/342/342 343/343/343 354/354/354
f 343/343/343 355/355/355 354/354/354
f 343/343/343 344/344/344 355/355/355
f 344/344/344 356/356/356 355/355/355
f 344/344/344 345/345/345 356/356/356
f 345/345/345 357/357/357 356/356/356
f 345/345/345 346/346/346 357/357/357
f 346/346/346 358/358/358 357/357/357
f 346/346/346 347/347/347 358/358/358
f 347/347/347 359/359/359 358/358/358
f 347/347/347 348/348/348 359/359/359
f 348/348/348 360/360/360 359/359/359
f 348/348/348 349/349/349 360/360/360
f 349/349/349 361/361/361 360/360/360
f 349/349/349 350/350/350 361/361/361
f 350/350/350 362/362/362 361/361/361
f 350/350/350 351/351/351 362/362/362
f 352/352/352 364/364/364 363/363/363
f 352/352/352 353/353/353 364/364/364
f 353/353/353 365/365/365 364/364/364
f 353/353/353 354/354/354 365/365/365
f 354/354/354 366/366/366 365/365/365
f 354/354/354 355/355/355 366/366/366
f 355/355/355 367/367/367 366/366/366
f 355/355/355 356/356/356 367/367/367
f 356/356/356 368/368/368 367/367/367
f 356/356/356 357/357/357 368/368/368
f 357/357/357 369/369/369 368/368/368
f 357/357/357 358/358/358 369/369/369
f 358/358/358 370/370/370 369/369/369
f 358/358/358 359/359/359 370/370/370
f 359/359/359 371/371/371 370/370/370
f 359/359/359 360/360/360 371/371/371
f 360/360/360 372/372/372 371/371/371
f 360/360/360 361/361/361 372/372/372
f 361/361/361 373/373/373 372/372/372
f 361/361/361 362/362/362 373/373/373
f 363/363/363 375/375/375 374/374/374
f 363/363/363 364/364/364 375/375/375
f 364/364/364 376/376/376 375/375/375
f 364/364/364 365/365/365 376/376/376
f 365/365/365 377/377/377 376/376/376
f 365/365/365 366/366/366 377/377/377
f 366/366/366 378/378/378 377/377/377
f 366/366/366 367/367/367 378/378/378
f 367/367/367 379/379/379 378/378/378
f 367/367/367 368/368/368 379/379/379
f 368/368/368 380/380/380 379/379/379
f 368/368/368 369/369/369 380/380/380
f 369/369/369 381/381/381 380/380/380
f 369/369/369 370/370/370 381/381/381
f 370/370/370 382/382/382 381/381/381
f 370/370/370 371/371/371 382/382/382
f 371/371/371 383/383/383 382/382/382
f 371/371/371 372/372/372 383/383/383
f 372/372/372 384/384/384 383/383/383
f 372/372/372 373/373/373 384/384/384
f 374/374/374 386/386/386 385/385/385
f 374/374/374 375/375/375 386/386/386
f 375/375/375 387/387/387 386/386/386
f 375/375/375 376/376/376 387/387/387
f 376/376/376 388/388/388 387/387/387
f 376/376/376 377/377/377 388/388/388
f 377/377/377 389/389/389 388/388/388
f 377/377/377 378/378/378 389/389/389
f 378/378/378 390/390/390 389/389/389
f 378/378/378 379/379/379 390/390/390
f 379/379/379 391/391/391 390/390/390
f 379/379/379 380/380/380 391/391/391
f 380/380/380 392/392/392 391/391/391
f 380/380/380 381/381/381 392/392/392
f 381/381/381 393/393/393 392/392/392
f 381/381/381 382/382/382 393/393/393
f 382/382/382 394/394/394 393/393/393
f 382/382/382 383/383/383 394/394/394
f 383/383/383 395/395/395 394/394/394
f 383/383/383 384/384/384 395/395/395
f 396/396/396 408/408/408 407/407/407
f 396/396/396 397/397/397 408/408/408
f 397/397/397 409/409/409 408/408/408
f 397/397/397 398/398/398 409/409/409
f 398/398/398 410/410/410 409/409/409
f 398/398/398 399/399/399 410/410/410
f 399/399/399 411/411/411 410/410/410
f 399/399/399 400/400/400 411/411/411
f 400/400/400 412/412/412 411/411/411
f 400/400/400 401/401/401 412/412/412
f 401/401/401 413/413/413 412/412/412
f 401/401/401 402/402/402 413/413/413
f 402/402/402 414/414/414 413/413/413
f 402/402/402 403/403/403 414/414/414
f 403/403/403 415/415/415 414/414/414
f 403/403/403 404/404/404 415/415/415
f 404/404/404 416/416/416 415/415/415
f 404/404/404 405/405/405 416/416/416
f 405/405/405 417/417/417 416/416/416
f 405/405/405 406/406/406 417/417/417
f 407/407/407 419/419/419 418/418/418
f 407/407/407 408/408/408 419/419/419
f 408/408/408 420/420/420 419/419/419
f 408/408/408 409/409/409 420/420/420
f 409/409/409 421/421/421 420/420/420
f 409/409/409 410/410/410 421/421/421
f 410/410/410 422/422/422 421/421/421
f 410/410/410 411/411/411 422/422/422
f 411/411/411 423/423/423 422/422/422
f 411/411/411 412/412/412 423/423/423
f 412/412/412 424/424/424 423/423/423
f 412/412/412 413/413/413 424/424/424
f 413/413/413 425/425/425 424/424/424
f 413/413/413 414/414/414 425/425/425
f 414/414/414 426/426/426 425/425/425
f 414/414/414 415/415/415 426/426/426
f 415/415/415 427/427/427 426/426/426
f 415/415/415 416/416/416 427/427/427
f 416/416/416 428/428/428 427/427/427
f 416/416/416 417/417/417 428/428/428
f 418/418/418 430/430/430 429/429/429
f 418/418/418 419/419/419 430/430/430
f 419/419/419 431/431/431 430/430/430
f 419/419/419 420/420/420 431/431/431
f 420/420/420 432/432/432 431/431/431
f 420/420/420 421/421/421 432/432/432
f 421/421/421 433/433/433 432/432/432
f 421/421/421 422/422/422 433/433/433
f 422/422/422 434/434/434 433/433/433
f 422/422/422 423/423/423 434/434/434
f 423/423/423 435/435/435 434/434/434
f 423/423/423 424/424/424 435/435/435
f 424/424/424 436/436/436 435/435/435
f 424/424/424 425/425/425 436/436/436
f 425/425/425 437/437/437 436/436/436
f 425/425/425 426/426/426 437/437/437
f 426/426/426 438/438/438 437/437/437
f 426/426/426 427/427/427 438/438/438
f 427/427/427 439/439/439 438/438/438
f 427/427/427 428/428/428 439/439/439
f 429/429/429 441/441/441 440/440/440
f 429/429/429 430/430/430 441/441/441
f 430/430/430 442/442/442 441/441/441
f 430/430/430 431/431/431 442/442/442
f 431/431/431 443/443/443 442/442/442
f 431/431/431 432/432/432 443/443/443
f 432/432/432 444/444/444 443/443/443
f 432/432/432 433/433/433 444/444/444
f 433/433/433 445/445/445 444/444/444
f 433/433/433 434/434/434 445/445/445
f 434/434/434 446/446/446 445/445/445
f 434/434/434 435/435/435 446/446/446
f 435/435/435 447/447/447 446/446/446
f 435/435/435 436/436/436 447/447/447
f 436/436/436 448/448/448 447/447/447
f 436/436/436 437/437/437 448/448/448
f 437/437/437 449/449/449 448/448/448
f 437/437/437 438/438/438 449/449/449
f 438/438/438 450/450/450 449/449/449
f 438/438/438 439/439/439 450/450/450
f 440/440/440 452/452/452 451/451/451
f 440/440/440 441/441/441 452/452/452
f 441/441/441 453/453/453 452/452/452
f 441/441/441 442/442/442 453/453/453
f 442/442/442 454/454/454 453/453/453
f 442/442/442 443/443/443 454/454/454
f 443/443/443 455/455/455 454/454/454
f 443/443/443 444/444/444 455/455/455
f 444/444/444 456/456/456 455/455/455
f 444/444/444 445/445/445 456/456/456
f 445/445/445 457/457/457 456/456/456
f 445/445/445 446/446/446 457/457/457
f 446/446/446 458/458/458 457/457/457
f 446/446/446 447/447/447 458/458/458
f 447/447/447 459/459/459 458/458/458
f 447/447/447 448/448/448 459/459/459
f 448/448/448 460/460/460 459/459/459
f 448/448/448 449/449/449 460/460/460
f 449/449/449 461/461/461 460/460/460
f 449/449/449 450/450/450 461/461/461
f 451/451/451 463/463/463 462/462/462
f 451/451/451 452/452/452 463/463/463
f 452/452/452 464/464/464 463/463/463
f 452/452/452 453/453/453 464/464/464
f 453/453/453 465/465/465 464/464/464
f 453/453/453 454/454/454 465/465/465
f 454/454/454 466/466/466 465/465/465
f 454/454/454 455/455/455 466/466/466
f 455/455/455 467/467/467 466/466/466
f 455/455/455 456/456/456 467/467/467
f 456/456/456 468/468/468 467/467/467
f 456/456/456 457/457/457 468/468/468
f 457/457/457 469/469/469 468/468/468
f 457/457/457 458/458/458 469/469/469
f 458/458/458 470/470/470 469/469/469
f 458/458/458 459/459/459 470/470/470
f 459/459/459 471/471/471 470/470/470
f 459/459/459 460/460/460 471/471/471
f 460/460/460 472/472/472 471/471/471
f 460/460/460 461/461/461 472/472/472
f 462/462/462 474/474/474 473/473/473
f 462/462/462 463/463/463 474/474/474
f 463/463/463 475/475/475 474/474/474
f 463/463/463 464/464/464 475/475/475
f 464/464/464 476/476/476 475/475/475
f 464/464/464 465/465/465 476/476/476
f 465/465/465 477/477/477 476/476/476
f 465/465/465 466/466/466 477/477/477
f 466/466/466 478/478/478 477/477/477
f 466/466/466 467/467/467 478/478/478
f 467/467/467 479/479/479 478/478/478
f 467/467/467 468/468/468 479/479/479
f 468/468/468 480/480/480 479/479/479
f 468/468/468 469/469/469 480/480/480
f 469/469/469 481/481/481 480/480/480
f 469/469/469 470/470/470 481/481/481
f 470/470/470 482/482/482 481/481/481
f 470/470/470 471/471/471 482/482/482
f 471/471/471 483/483/483 482/482/482
f 471/471/471 472/472/472 483/483/483
f 473/473/473 485/485/485 484/484/484
f 473/473/473 474/474/474 485/485/485
f 474/474/474 486/486/486 485/485/485
f 474/474/474 475/475/475 486/486/486
f 475/475/475 487/487/487 486/486/486
f 475/475/475 476/476/476 487/487/487
f 476/476/476 488/488/488 487/487/487
f 476/476/476 477/477/477 488/488/488
f 477/477/477 489/489/489 488/488/488
f 477/477/477 478/478/478 489/489/489
f 478/478/478 490/490/490 489/489/489
f 478/478/478 479/479/479 490/490/490
f 479/479/479 491/491/491 490/490/490
f 479/479/479 480/480/480 491/491/491
f 480/480/480 492/492/492 491/491/491
f 480/480/480 481/481/481 492/492/492
f 481/481/481 493/493/493 492/492/492
f 481/481/481 482/482/482 493/493/493
f 482/482/482 494/494/494 493/493/493
f 482/482/482 483/483/483 494/494/494
f 495/495/495 504/504/504 496/496/496
f 495/495/495 503/503/503 504/504/504
f 511/511/511 495/495/495 496/496/496
f 512/512/512 504/504/504 503/503/503
f 496/496/496 505/505/505 497/497/497
f 496/496/496 504/504/504 505/505/505
f 511/511/511 496/496/496 497/497/497
f 512/512/512 505/505/505 504/504/504
f 497/497/497 506/506/506 498/498/498
f 497/497/497 505/505/505 506/506/506
f 511/511/511 497/497/497 498/498/498
f 512/512/512 506/506/506 505/505/505
f 498/498/498 507/507/507 499/499/499
f 498/498/498 506/506/506 507/507/507
f 511/511/511 498/498/498 499/499/499
f 512/512/512 507/507/507 506/506/506
f 499/499/499 508/508/508 500/500/500
f 499/499/499 507/507/507 508/508/508
f 511/511/511 499/499/499 500/500/500
f 512/512/512 508/508/508 507/507/507
f 500/500/500 509/509/509 501/501/501
f 500/500/500 508/508/508 509/509/509
f 511/511/511 500/500/500 501/501/501
f 512/512/512 509/509/509 508/508/508
f 501/501/501 510/510/510 502/502/502
f 501/501/501 509/509/509 510/510/510
f 511/511/511 501/501/501 502/502/502
f 512/512/512 510/510/510 509/509/509
f 502/502/502 503/503/503 495/495/495
f 502/502/502 510/510/510 503/503/503
f 511/511/511 502/502/502 495/495/495
f 512/512/512 503/503/503 510/510/510
f 513/513/513 521/521/521 514/514/514
f 513/513/513 520/520/520 521/521/521
f 527/527/527 513/513/513 514/514/514
f 528/528/528 521/521/521 520/520/520
f 514/514/514 522/522/522 515/515/515
f 514/514/514 521/521/521 522/522/522
f 527/527/527 514/514/514 515/515/515
f 528/528/528 522/522/522 521/521/521
f 515/515/515 523/523/523 516/516/516
f 515/515/515 522/522/522 523/523/523
f 527/527/527 515/515/515 516/516/516
f 528/528/528 523/523/523 522/522/522
f 516/516/516 524/524/524 517/517/517
f 516/516/516 523/523/523 524/524/524
f 527/527/527 516/516/516 517/517/517
f 528/528/528 524/524/524 523/523/523
f 517/517/517 525/525/525 518/518/518
f 517/517/517 524/524/524 525/525/525
f 527/527/527 517/517/517 518/518/518
f 528/528/528 525/525/525 524/524/524
f 518/518/518 526/526/526 519/519/519
f 518/518/518 525/525/525 526/526/526
f 527/527/527 518/518/518 519/519/519
f 528/528/528 526/526/526 525/525/525
f 519/519/519 520/520/520 513/513/513
f 519/519/519 526/526/526 520/520/520
f 527/527/527 519/519/519 513/513/513
f 528/528/528 520/520/520 526/526/526
f 529/529/529 537/537/537 533/533/533
f 529/529/529 533/533/533 543/543/543
f 529/529/529 543/543/543 541/541/541
f 529/529/529 545/545/545 531/531/531
f 529/529/529 531/531/531 539/539/539
f 529/529/529 539/539/539 537/537/537
f 529/529/529 541/541/541 530/530/530
f 529/529/529 530/530/530 546/546/546
f 529/529/529 546/546/546 545/545/545
f 537/537/537 539/539/539 535/535/535
f 537/537/537 535/535/535 547/547/547
f 537/537/537 547/547/547 533/533/533
f 531/531/531 542/542/542 532/532/532
f 531/531/531 532/532/532 540/540/540
f 531/531/531 540/540/540 539/539/539
f 531/531/531 545/545/545 546/546/546
f 531/531/531 546/546/546 532/532/532
f 531/531/531 532/532/532 542/542/542
f 533/533/533 547/547/547 548/548/548
f 533/533/533 548/548/548 534/534/534
f 533/533/533 534/534/534 543/543/543
f 535/535/535 544/544/544 536/536/536
f 535/535/535 536/536/536 548/548/548
f 535/535/535 548/548/548 547/547/547
f 535/535/535 539/539/539 540/540/540
f 535/535/535 540/540/540 536/536/536
f 535/535/535 536/536/536 544/544/544
f 530/530/530 538/538/538 534/534/534
f 530/530/530 534/534/534 543/543/543
f 530/530/530 543/543/543 541/541/541
f 530/530/530 546/546/546 532/532/532
f 530/530/530 532/532/532 540/540/540
f 530/530/530 540/540/540 538/538/538
f 534/534/534 548/548/548 536/536/536
f 534/534/534 536/536/536 544/544/544
f 534/534/534 544/544/544 538/538/538
f 549/549/549 561/561/561 560/560/560
f 549/549/549 550/550/550 561/561/561
f 550/550/550 562/562/562 561/561/561
f 550/550/550 551/551/551 562/562/562
f 551/551/551 563/563/563 562/562/562
f 551/551/551 552/552/552 563/563/563
f 552/552/552 564/564/564 563/563/563
f 552/552/552 553/553/553 564/564/564
f 553/553/553 565/565/565 564/564/564
f 553/553/553 554/554/554 565/565/565
f 554/554/554 566/566/566 565/565/565
f 554/554/554 555/555/555 566/566/566
f 555/555/555 567/567/567 566/566/566
f 555/555/555 556/556/556 567/567/567
f 556/556/556 568/568/568 567/567/567
f 556/556/556 557/557/557 568/568/568
f 557/557/557 569/569/569 568/568/568
f 557/557/557 558/558/558 569/569/569
f 558/558/558 570/570/570 569/569/569
f 558/558/558 559/559/559 570/570/570
f 560/560/560 572/572/572 571/571/571
f 560/560/560 561/561/561 572/572/572
f 561/561/561 573/573/573 572/572/572
f 561/561/561 562/562/562 573/573/573
f 562/562/562 574/574/574 573/573/573
f 562/562/562 563/563/563 574/574/574
f 563/563/563 575/575/575 574/574/574
f 563/563/563 564/564/564 575/575/575
f 564/564/564 576/576/576 575/575/575
f 564/564/564 565/565/565 576/576/576
f 565/565/565 577/577/577 576/576/576
f 565/565/565 566/566/566 577/577/577
f 566/566/566 578/578/578 577/577/577
f 566/566/566 567/567/567 578/578/578
f 567/567/567 579/579/579 578/578/578
f 567/567/567 568/568/568 579/579/579
f 568/568/568 580/580/580 579/579/579
f 568/568/568 569/569/569 580/580/580
f 569/569/569 581/581/581 580/580/580
f 569/569/569 570/570/570 581/581/581
f 571/571/571 583/583/583 582/582/582
f 571/571/571 572/572/572 583/583/583
f 572/572/572 584/584/584 583/583/583
f 572/572/572 573/573/573 584/584/584
f 573/573/573 585/585/585 584/584/584
f 573/573/573 574/574/574 585/585/585
f 574/574/574 586/586/586 585/585/585
f 574/574/574 575/575/575 586/586/586
f 575/575/575 587/587/587 586/586/586
f 575/575/575 576/576/576 587/587/587
f 576/576/576 588/588/588 587/587/587
f 576/576/576 577/577/577 588/588/588
f 577/577/577 589/589/589 588/588/588
f 577/577/577 578/578/578 589/589/589
f 578/578/578 590/590/590 589/589/589
f 578/578/578 579/579/579 590/590/590
f 579/579/579 591/591/591 590/590/590
f 579/579/579 580/580/580 591/591/591
f 580/580/580 592/592/592 591/591/591
f 580/580/580 581/581/581 592/592/592
f 582/582/582 594/594/594 593/593/593
f 582/582/582 583/583/583 594/594/594
f 583/583/583 595/595/595 594/594/594
f 583/583/583 584/584/584 595/595/595
f 584/584/584 596/596/596 595/595/595
f 584/584/584 585/585/585 596/596/596
f 585/585/585 597/597/597 596/596/596
f 585/585/585 586/586/586 597/597/597
f 586/586/586 598/598/598 597/597/597
f 586/586/586 587/587/587 598/598/598
f 587/587/587 599/599/599 598/598/598
f 587/587/587 588/588/588 599/599/599
f 588/588/588 600/600/600 599/599/599
f 588/588/588 589/589/589 600/600/600
f 589/589/589 601/601/601 600/600/600
f 589/589/589 590/590/590 601/601/601
f 590/590/590 602/602/602 601/601/601
f 590/590/590 591/591/591 602/602/602
f 591/591/591 603/603/603 602/602/602
f 591/591/591 592/592/592 603/603/603
f 593/593/593 605/605/605 604/604/604
f 593/593/593 594/594/594 605/605/605
f 594/594/594 606/606/606 605/605/605
f 594/594/594 595/595/595 606/606/606
f 595/595/595 607/607/607 606/606/606
f 595/595/595 596/596/596 607/607/607
f 596/596/596 608/608/608 607/607/607
f 596/596/596 597/597/597 608/608/608
f 597/597/597 609/609/609 608/608/608
f 597/597/597 598/598/598 609/609/609
f 598/598/598 610/610/610 609/609/609
f 598/598/598 599/599/599 610/610/610
f 599/599/599 611/611/611 610/610/610
f 599/599/599 600/600/600 611/611/611
f 600/600/600 612/612/612 611/611/611
f 600/600/600 601/601/601 612/612/612
f 601/601/601 613/613/613 612/612/612
f 601/601/601 602/602/602 613/613/613
f 602/602/602 614/614/614 613/613/613
f 602/602/602 603/603/603 614/614/614
f 604/604/604 616/616/616 615/615/615
f 604/604/604 605/605/605 616/616/616
f 605/605/605 617/617/617 616/616/616
f 605/605/605 606/606/606 617/617/617
f 606/606/606 618/618/618 617/617/617
f 606/606/606 607/607/607 618/618/618
f 607/607/607 619/619/619 618/618/618
f 607/607/607 608/608/608 619/619/619
f 608/608/608 620/620/620 619/619/619
f 608/608/608 609/609/609 620/620/620
f 609/609/609 621/621/621 620/620/620
f 609/609/609 610/610/610 621/621/621
f 610/610/610 622/622/622 621/621/621
f 610/610/610 611/611/611 622/622/622
f 611/611/611 623/623/623 622/622/622
f 611/611/611 612/612/612 623/623/623
f 612/612/612 624/624/624 623/623/623
f 612/612/612 613/613/613 624/624/624
f 613/613/613 625/625/625 624/624/624
f 613/613/613 614/614/614 625/625/625
f 615/615/615 627/627/627 626/626/626
f 615/615/615 616/616/616 627/627/627
f 616/616/616 628/628/628 627/627/627
f 616/616/616 617/617/617 628/628/628
f 617/617/617 629/629/629 628/628/628
f 617/617/617 618/618/618 629/629/629
f 618/618/618 630/630/630 629/629/629
f 618/618/618 619/619/619 630/630/630
f 619/619/619 631/631/631 630/630/630
f 619/619/619 620/620/620 631/631/631
f 620/620/620 632/632/632 631/631/631
f 620/620/620 621/621/621 632/632/632
f 621/621/621 633/633/633 632/632/632
f 621/621/621 622/622/622 633/633/633
f 622/622/622 634/634/634 633/633/633
f 622/622/622 623/623/623 634/634/634
f 623/623/623 635/635/635 634/634/634
f 623/623/623 624/624/624 635/635/635
f 624/624/624 636/636/636 635/635/635
f 624/624/624 625/625/625 636/636/636
f 626/626/626 638/638/638 637/637/637
f 626/626/626 627/627/627 638/638/638
f 627/627/627 639/639/639 638/638/638
f 627/627/627 628/628/628 639/639/639
f 628/628/628 640/640/640 639/639/639
f 628/628/628 629/629/629 640/640/640
f 629/629/629 641/641/641 640/640/640
f 629/629/629 630/630/630 641/641/641
f 630/630/630 642/642/642 641/641/641
f 630/630/630 631/631/631 642/642/642
f 631/631/631 643/643/643 642/642/642
f 631/631/631 632/632/632 643/643/643
f 632/632/632 644/644/644 643/643/643
f 632/632/632 633/633/633 644/644/644
f 633/633/633 645/645/645 644/644/644
f 633/633/633 634/634/634 645/645/645
f 634/634/634 646/646/646 645/645/645
f 634/634/634 635/635/635 646/646/646
f 635/635/635 647/647/647 646/646/646
f 635/635/635 636/636/636 647/647/647
f 648/648/648 660/660/660 659/659/659
f 648/648/648 649/649/649 660/660/660
f 649/649/649 661/661/661 660/660/660
f 649/649/649 650/650/650 661/661/661
f 650/650/650 662/662/662 661/661/661
f 650/650/650 651/651/651 662/662/662
f 651/651/651 663/663/663 662/662/662
f 651/651/651 652/652/652 663/663/663
f 652/652/652 664/664/664 663/663/663
f 652/652/652 653/653/653 664/664/664
f 653/653/653 665/665/665 664/664/664
f 653/653/653 654/654/654 665/665/665
f 654/654/654 666/666/666 665/665/665
f 654/654/654 655/655/655 666/666/666
f 655/655/655 667/667/667 666/666/666
f 655/655/655 656/656/656 667/667/667
f 656/656/656 668/668/668 667/667/667
f 656/656/656 657/657/657 668/668/668
f 657/657/657 669/669/669 668/668/668
f 657/657/657 658/658/658 669/669/669
f 659/659/659 671/671/671 670/670/670
f 659/659/659 660/660/660 671/671/671
f 660/660/660 672/672/672 671/671/671
f 660/660/660 661/661/661 672/672/672
f 661/661/661 673/673/673 672/672/672
f 661/661/661 662/662/662 673/673/673
f 662/662/662 674/674/674 673/673/673
f 662/662/662 663/663/663 674/674/674
f 663/663/663 675/675/675 674/674/674
f 663/663/663 664/664/664 675/675/675
f 664/664/664 676/676/676 675/675/675
f 664/664/664 665/665/665 676/676/676
f 665/665/665 677/677/677 676/676/676
f 665/665/665 666/666/666 677/677/677
f 666/666/666 678/678/678 677/677/677
f 666/666/666 667/667/667 678/678/678
f 667/667/667 679/679/679 678/678/678
f 667/667/667 668/668/668 679/679/679
f 668/668/668 680/680/680 679/679/679
f 668/668/668 669/669/669 680/680/680
f 670/670/670 682/682/682 681/681/681
f 670/670/670 671/671/671 682/682/682
f 671/671/671 683/683/683 682/682/682
f 671/671/671 672/672/672 683/683/683
f 672/672/672 684/684/684 683/683/683
f 672/672/672 673/673/673 684/684/684
f 673/673/673 685/685/685 684/684/684
f 673/673/673 674/674/674 685/685/685
f 674/674/674 686/686/686 685/685/685
f 674/674/674 675/675/675 686/686/686
f 675/675/675 687/687/687 686/686/686
f 675/675/675 676/676/676 687/687/687
f 676/676/676 688/688/688 687/687/687
f 676/676/676 677/677/677 688/688/688
f 677/677/677 689/689/689 688/688/688
f 677/677/677 678/678/678 689/689/689
f 678/678/678 690/690/690 689/689/689
f 678/678/678 679/679/679 690/690/690
f 679/679/679 691/691/691 690/690/690
f 679/679/679 680/680/680 691/691/691
f 681/681/681 693/693/693 692/692/692
f 681/681/681 682/682/682 693/693/693
f 682/682/682 694/694/694 693/693/693
f 682/682/682 683/683/683 694/694/694
f 683/683/683 695/695/695 694/694/694
f 683/683/683 684/684/684 695/695/695
f 684/684/684 696/696/696 695/695/695
f 684/684/684 685/685/685 696/696/696
f 685/685/685 697/697/697 696/696/696
f 685/685/685 686/686/686 697/697/697
f 686/686/686 698/698/698 697/697/697
f 686/686/686 687/687/687 698/698/698
f 687/687/687 699/699/699 698/698/698
f 687/687/687 688/688/688 699/699/699
f 688/688/688 700/700/700 699/699/699
f 688/688/688 689/689/689 700/700/700
f 689/689/689 701/701/701 700/700/700
f 689/689/689 690/690/690 701/701/701
f 690/690/690 702/702/702 701/701/701
f 690/690/690 691/691/691 702/702/702
f 692/692/692 704/704/704 703/703/703
f 692/692/692 693/693/693 704/704/704
f 693/693/693 705/705/705 704/704/704
f 693/693/693 694/694/694 705/705/705
f 694/694/694 706/706/706 705/705/705
f 694/694/694 695/695/695 706/706/706
f 695/695/695 707/707/707 706/706/706
f 695/695/695 696/696/696 707/707/707
f 696/696/696 708/708/708 707/707/707
f 696/696/696 697/697/697 708/708/708
f 697/697/697 709/709/709 708/708/708
f 697/697/697 698/698/698 709/709/709
f 698/698/698 710/710/710 709/709/709
f 698/698/698 699/699/699 710/710/710
f 699/699/699 711/711/711 710/710/710
f 699/699/699 700/700/700 711/711/711
f 700/700/700 712/712/712 711/711/711
f 700/700/700 701/701/701 712/712/712
f 701/701/701 713/713/713 712/712/712
f 701/701/701 702/702/702 713/713/713
f 703/703/703 715/715/715 714/714/714
f 703/703/703 704/704/704 715/715/715
f 704/704/704 716/716/716 715/715/715
f 704/704/704 705/705/705 716/716/716
f 705/705/705 717/717/717 716/716/716
f 705/705/705 706/706/706 717/717/717
f 706/706/706 718/718/718 717/717/717
f 706/706/706 707/707/707 718/718/718
f 707/707/707 719/719/719 718/718/718
f 707/707/707 708/708/708 719/719/719
f 708/708/708 720/720/720 719/719/719
f 708/708/708 709/709/709 720/720/720
f 709/709/709 721/721/721 720/720/720
f 709/709/709 710/710/710 721/721/721
f 710/710/710 722/722/722 721/721/721
f 710/710/710 711/711/711 722/722/722
f 711/711/711 723/723/723 722/722/722
f 711/711/711 712/712/712 723/723/723
f 712/712/712 724/724/724 723/723/723
f 712/712/712 713/713/713 724/724/724
f 714/714/714 726/726/726 725/725/725
f 714/714/714 715/715/715 726/726/726
f 715/715/715 727/727/727 726/726/726
f 715/715/715 716/716/716 727/727/727
f 716/716/716 728/728/728 727/727/727
f 716/716/716 717/717/717 728/728/728
f 717/717/717 729/729/729 728/728/728
f 717/717/717 718/718/718 729/729/729
f 718/718/718 730/730/730 729/729/729
f 718/718/718 719/719/719 730/730/730
f 719/719/719 731/731/731 730/730/730
f 719/719/719 720/720/720 731/731/731
f 720/720/720 732/732/732 731/731/731
f 720/720/720 721/721/721 732/732/732
f 721/721/721 733/733/733 732/732/732
f 721/721/721 722/722/722 733/733/733
f 722/722/722 734/734/734 733/733/733
f 722/722/722 723/723/723 734/734/734
f 723/723/723 735/735/735 734/734/734
f 723/723/723 724/724/724 735/735/735
f 725/725/725 737/737/737 736/736/736
f 725/725/725 726/726/726 737/737/737
f 726/726/726 738/738/738 737/737/737
f 726/726/726 727/727/727 738/738/738
f 727/727/727 739/739/739 738/738/738
f 727/727/727 728/728/728 739/739/739
f 728/728/728 740/740/740 739/739/739
f 728/728/728 729/729/729 740/740/740
f 729/729/729 741/741/741 740/740/740
f 729/729/729 730/730/730 741/741/741
f 730/730/730 742/742/742 741/741/741
f 730/730/730 731/731/731 742/742/742
f 731/731/731 743/743/743 742/742/742
f 731/731/731 732/732/732 743/743/743
f 732/732/732 744/744/744 743/743/743
f 732/732/732 733/733/733 744/744/744
f 733/733/733 745/745/745 744/744/744
f 733/733/733 734/734/734 745/745/745
f 734/734/734 746/746/746 745/745/745
f 734/734/734 735/735/735 746/746/746
f 747/747/747 759/759/759 758/758/758
f 747/747/747 748/748/748 759/759/759
f 748/748/748 760/760/760 759/759/759
f 748/748/748 749/749/749 760/760/760
f 749/749/749 761/761/761 760/760/760
f 749/749/749 750/750/750 761/761/761
f 750/750/750 762/762/762 761/761/761
f 750/750/750 751/751/751 762/762/762
f 751/751/751 763/763/763 762/762/762
f 751/751/751 752/752/752 763/763/763
f 752/752/752 764/764/764 763/763/763
f 752/752/752 753/753/753 764/764/764
f 753/753/753 765/765/765 764/764/764
f 753/753/753 754/754/754 765/765/765
f 754/754/754 766/766/766 765/765/765
f 754/754/754 755/755/755 766/766/766
f 755/755/755 767/767/767 766/766/766
f 755/755/755 756/756/756 767/767/767
f 756/756/756 768/768/768 767/767/767
f 756/756/756 757/757/757 768/768/768
f 758/758/758 770/770/770 769/769/769
f 758/758/758 759/759/759 770/770/770
f 759/759/759 771/771/771 770/770/770
f 759/759/759 760/760/760 771/771/771
f 760/760/760 772/772/772 771/771/771
f 760/760/760 761/761/761 772/772/772
f 761/761/761 773/773/773 772/772/772
f 761/761/761 762/762/762 773/773/773
f 762/762/762 774/774/774 773/773/773
f 762/762/762 763/763/763 774/774/774
f 763/763/763 775/775/775 774/774/774
f 763/763/763 764/764/764 775/775/775
f 764/764/764 776/776/776 775/775/775
f 764/764/764 765/765/765 776/776/776
f 765/765/765 777/777/777 776/776/776
f 765/765/765 766/766/766 777/777/777
f 766/766/766 778/778/778 777/777/777
f 766/766/766 767/767/767 778/778/778
f 767/767/767 779/779/779 778/778/778
f 767/767/767 768/768/768 779/779/779
f 769/769/769 781/781/781 780/780/780
f 769/769/769 770/770/770 781/781/781
f 770/770/770 782/782/782 781/781/781
f 770/770/770 771/771/771 782/782/782
f 771/771/771 783/783/783 782/782/782
f 771/771/771 772/772/772 783/783/783
f 772/772/772 784/784/784 783/783/783
f 772/772/772 773/773/773 784/784/784
f 773/773/773 785/785/785 784/784/784
f 773/773/773 774/774/774 785/785/785
f 774/774/774 786/786/786 785/785/785
f 774/774/774 775/775/775 786/786/786
f 775/775/775 787/787/787 786/786/786
f 775/775/775 776/776/776 787/787/787
f 776/776/776 788/788/788 787/787/787
f 776/776/776 777/777/777 788/788/788
f 777/777/777 789/789/789 788/788/788
f 777/777/777 778/778/778 789/789/789
f 778/778/778 790/790/790 789/789/789
f 778/778/778 779/779/779 790/790/790
f 780/780/780 792/792/792 791/791/791
f 780/780/780 781/781/781 792/792/792
f 781/781/781 793/793/793 792/792/792
f 781/781/781 782/782/782 793/793/793
f 782/782/782 794/794/794 793/793/793
f 782/782/782 783/783/783 794/794/794
f 783/783/783 795/795/795 794/794/794
f 783/783/783 784/784/784 795/795/795
f 784/784/784 796/796/796 795/795/795
f 784/784/784 785/785/785 796/796/796
f 785/785/785 797/797/797 796/796/796
f 785/785/785 786/786/786 797/797/797
f 786/786/786 798/798/798 797/797/797
f 786/786/786 787/787/787 798/798/798
f 787/787/787 799/799/799 798/798/798
f 787/787/787 788/788/788 799/799/799
f 788/788/788 800/800/800 799/799/799
f 788/788/788 789/789/789 800/800/800
f 789/789/789 801/801/801 800/800/800
f 789/789/789 790/790/790 801/801/801
f 791/791/791 803/803/803 802/802/802
f 791/791/791 792/792/792 803/803/803
f 792/792/792 804/804/804 803/803/803
f 792/792/792 793/793/793 804/804/804
f 793/793/793 805/805/805 804/804/804
f 793/793/793 794/794/794 805/805/805
f 794/794/794 806/806/806 805/805/805
f 794/794/794 795/795/795 806/806/806
f 795/795/795 807/807/807 806/806/806
f 795/795/795 796/796/796 807/807/807
f 796/796/796 808/808/808 807/807/807
f 796/796/796 797/797/797 808/808/808
f 797/797/797 809/809/809 808/808/808
f 797/797/797 798/798/798 809/809/809
f 798/798/798 810/810/810 809/809/809
f 798/798/798 799/799/799 810/810/810
f 799/799/799 811/811/811 810/810/810
f 799/799/799 800/800/800 811/811/811
f 800/800/800 812/812/812 811/811/811
f 800/800/800 801/801/801 812/812/812
f 802/802/802 814/814/814 813/813/813
f 802/802/802 803/803/803 814/814/814
f 803/803/803 815/815/815 814/814/814
f 803/803/803 804/804/804 815/815/815
f 804/804/804 816/816/816 815/815/815
f 804/804/804 805/805/805 816/816/816
f 805/805/805 817/817/817 816/816/816
f 805/805/805 806/806/806 817/817/817
f 806/806/806 818/818/818 817/817/817
f 806/806/806 807/807/807 818/818/818
f 807/807/807 819/819/819 818/818/818
f 807/807/807 808/808/808 819/819/819
f 808/808/808 820/820/820 819/819/819
f 808/808/808 809/809/809 820/820/820
f 809/809/809 821/821/821 820/820/820
f 809/809/809 810/810/810 821/821/821
f 810/810/810 822/822/822 821/821/821
f 810/810/810 811/811/811 822/822/822
f 811/811/811 823/823/823 822/822/822
f 811/811/811 812/812/812 823/823/823
f 813/813/813 825/825/825 824/824/824
f 813/813/813 814/814/814 825/825/825
f 814/814/814 826/826/826 825/825/825
f 814/814/814 815/815/815 826/826/826
f 815/815/815 827/827/827 826/826/826
f 815/815/815 816/816/816 827/827/827
f 816/816/816 828/828/828 827/827/827
f 816/816/816 817/817/817 828/828/828
f 817/817/817 829/829/829 828/828/828
f 817/817/817 818/818/818 829/829/829
f 818/818/818 830/830/830 829/829/829
f 818/818/818 819/819/819 830/830/830
f 819/819/819 831/831/831 830/830/830
f 819/819/819 820/820/820 831/831/831
f 820/820/820 832/832/832 831/831/831
f 820/820/820 821/821/821 832/832/832
f 821/821/821 833/833/833 832/832/832
f 821/821/821 822/822/822 833/833/833
f 822/822/822 834/834/834 833/833/833
f 822/822/822 823/823/823 834/834/834
f 824/824/824 836/836/836 835/835/835
f 824/824/824 825/825/825 836/836/836
f 825/825/825 837/837/837 836/836/836
f 825/825/825 826/826/826 837/837/837
f 826/826/826 838/838/838 837/837/837
f 826/826/826 827/827/827 838/838/838
f 827/827/827 839/839/839 838/838/838
f 827/827/827 828/828/828 839/839/839
f 828/828/828 840/840/840 839/839/839
f 828/828/828 829/829/829 840/840/840
f 829/829/829 841/841/841 840/840/840
f 829/829/829 830/830/830 841/841/841
f 830/830/830 842/842/842 841/841/841
f 830/830/830 831/831/831 842/842/842
f 831/831/831 843/843/843 842/842/842
f 831/831/831 832/832/832 843/843/843
f 832/832/832 844/844/844 843/843/843
f 832/832/832 833/833/833 844/844/844
f 833/833/833 845/845/845 844/844/844
f 833/833/833 834/834/834 845/845/845
f 846/846/846 858/858/858 857/857/857
f 846/846/846 847/847/847 858/858/858
f 847/847/847 859/859/859 858/858/858
f 847/847/847 848/848/848 859/859/859
f 848/848/848 860/860/860 859/859/859
f 848/848/848 849/849/849 860/860/860
f 849/849/849 861/861/861 860/860/860
f 849/849/849 850/850/850 861/861/861
f 850/850/850 862/862/862 861/861/861
f 850/850/850 851/851/851 862/862/862
f 851/851/851 863/863/863 862/862/862
f 851/851/851 852/852/852 863/863/863
f 852/852/852 864/864/864 863/863/863
f 852/852/852 853/853/853 864/864/864
f 853/853/853 865/865/865 864/864/864
f 853/853/853 854/854/854 865/865/865
f 854/854/854 866/866/866 865/865/865
f 854/854/854 855/855/855 866/866/866
f 855/855/855 867/867/867 866/866/866
f 855/855/855 856/856/856 867/867/867
f 857/857/857 869/869/869 868/868/868
f 857/857/857 858/858/858 869/869/869
f 858/858/858 870/870/870 869/869/869
f 858/858/858 859/859/859 870/870/870
f 859/859/859 871/871/871 870/870/870
f 859/859/859 860/860/860 871/871/871
f 860/860/860 872/872/872 871/871/871
f 860/860/860 861/861/861 872/872/872
f 861/861/861 873/873/873 872/872/872
f 861/861/861 862/862/862 873/873/873
f 862/862/862 874/874/874 873/873/873
f 862/862/862 863/863/863 874/874/874
f 863/863/863 875/875/875 874/874/874
f 863/863/863 864/864/864 875/875/875
f 864/864/864 876/876/876 875/875/875
f 864/864/864 865/865/865 876/876/876
f 865/865/865 877/877/877 876/876/876
f 865/865/865 866/866/866 877/877/877
f 866/866/866 878/878/878 877/877/877
f 866/866/866 867/867/867 878/878/878
f 868/868/868 880/880/880 879/879/879
f 868/868/868 869/869/869 880/880/880
f 869/869/869 881/881/881 880/880/880
f 869/869/869 870/870/870 881/881/881
f 870/870/870 882/882/882 881/881/881
f 870/870/870 871/871/871 882/882/882
f 871/871/871 883/883/883 882/882/882
f 871/871/871 872/872/872 883/883/883
f 872/872/872 884/884/884 883/883/883
f 872/872/872 873/873/873 884/884/884
f 873/873/873 885/885/885 884/884/884
f 873/873/873 874/874/874 885/885/885
f 874/874/874 886/886/886 885/885/885
f 874/874/874 875/875/875 886/886/886
f 875/875/875 887/887/887 886/886/886
f 875/875/875 876/876/876 887/887/887
f 876/876/876 888/888/888 887/887/887
f 876/876/876 877/877/877 888/888/888
f 877/877/877 889/889/889 888/888/888
f 877/877/877 878/878/878 889/889/889
f 879/879/879 891/891/891 890/890/890
f 879/879/879 880/880/880 891/891/891
f 880/880/880 892/892/892 891/891/891
f 880/880/880 881/881/881 892/892/892
f 881/881/881 893/893/893 892/892/892
f 881/881/881 882/882/882 893/893/893
f 882/882/882 894/894/894 893/893/893
f 882/882/882 883/883/883 894/894/894
f 883/883/883 895/895/895 894/894/894
f 883/883/883 884/884/884 895/895/895
f 884/884/884 896/896/896 895/895/895
f 884/884/884 885/885/885 896/896/896
f 885/885/885 897/897/897 896/896/896
f 885/885/885 886/886/886 897/897/897
f 886/886/886 898/898/898 897/897/897
f 886/886/886 887/887/887 898/898/898
f 887/887/887 899/899/899 898/898/898
f 887/887/887 888/888/888 899/899/899
f 888/888/888 900/900/900 899/899/899
f 888/888/888 889/889/889 900/900/900
f 890/890/890 902/902/902 901/901/901
f 890/890/890 891/891/891 902/902/902
f 891/891/891 903/903/903 902/902/902
f 891/891/891 892/892/892 903/903/903
f 892/892/892 904/904/904 903/903/903
f 892/892/892 893/893/893 904/904/904
f 893/893/893 905/905/905 904/904/904
f 893/893/893 894/894/894 905/905/905
f 894/894/894 906/906/906 905/905/905
f 894/894/894 895/895/895 906/906/906
f 895/895/895 907/907/907 906/906/906
f 895/895/895 896/896/896 907/907/907
f 896/896/896 908/908/908 907/907/907
f 896/896/896 897/897/897 908/908/908
f 897/897/897 909/909/909 908/908/908
f 897/897/897 898/898/898 909/909/909
f 898/898/898 910/910/910 909/909/909
f 898/898/898 899/899/899 910/910/910
f 899/899/899 911/911/911 910/910/910
f 899/899/899 900/900/900 911/911/911
f 901/901/901 913/913/913 912/912/912
f 901/901/901 902/902/902 913/913/913
f 902/902/902 914/914/914 913/913/913
f 902/902/902 903/903/903 914/914/914
f 903/903/903 915/915/915 914/914/914
f 903/903/903 904/904/904 915/915/915
f 904/904/904 916/916/916 915/915/915
f 904/904/904 905/905/905 916/916/916
f 905/905/905 917/917/917 916/916/916
f 905/905/905 906/906/906 917/917/917
f 906/906/906 918/918/918 917/917/917
f 906/906/906 907/907/907 918/918/918
f 907/907/907 919/919/919 918/918/918
f 907/907/907 908/908/908 919/919/919
f 908/908/908 920/920/920 919/919/919
f 908/908/908 909/909/909 920/920/920
f 909/909/909 921/921/921 920/920/920
f 909/909/909 910/910/910 921/921/921
f 910/910/910 922/922/922 921/921/921
f 910/910/910 911/911/911 922/922/922
f 912/912/912 924/924/924 923/923/923
f 912/912/912 913/913/913 924/924/924
f 913/913/913 925/925/925 924/924/924
f 913/913/913 914/914/914 925/925/925
f 914/914/914 926/926/926 925/925/925
f 914/914/914 915/915/915 926/926/926
f 915/915/915 927/927/927 926/926/926
f 915/915/915 916/916/916 927/927/927
f 916/916/916 928/928/928 927/927/927
f 916/916/916 917/917/917 928/928/928
f 917/917/917 929/929/929 928/928/928
f 917/917/917 918/918/918 929/929/929
f 918/918/918 930/930/930 929/929/929
f 918/918/918 919/919/919 930/930/930
f 919/919/919 931/931/931 930/930/930
f 919/919/919 920/920/920 931/931/931
f 920/920/920 932/932/932 931/931/931
f 920/920/920 921/921/921 932/932/932
f 921/921/921 933/933/933 932/932/932
f 921/921/921 922/922/922 933/933/933
f 923/923/923 935/935/935 934/934/934
f 923/923/923 924/924/924 935/935/935
f 924/924/924 936/936/936 935/935/935
f 924/924/924 925/925/925 936/936/936
f 925/925/925 937/937/937 936/936/936
f 925/925/925 926/926/926 937/937/937
f 926/926/926 938/938/938 937/937/937
f 926/926/926 927/927/927 938/938/938
f 927/927/927 939/939/939 938/938/938
f 927/927/927 928/928/928 939/939/939
f 928/928/928 940/940/940 939/939/939
f 928/928/928 929/929/929 940/940/940
f 929/929/929 941/941/941 940/940/940
f 929/929/929 930/930/930 941/941/941
f 930/930/930 942/942/942 941/941/941
f 930/930/930 931/931/931 942/942/942
f 931/931/931 943/943/943 942/942/942
f 931/931/931 932/932/932 943/943/943
f 932/932/932 944/944/944 943/943/943
f 932/932/932 933/933/933 944/944/944
f 945/945/945 954/954/954 946/946/946
f 945/945/945 953/953/953 954/954/954
f 961/961/961 945/945/945 946/946/946
f 962/962/962 954/954/954 953/953/953
f 946/946/946 955/955/955 947/947/947
f 946/946/946 954/954/954 955/955/955
f 961/961/961 946/946/946 947/947/947
f 962/962/962 955/955/955 954/954/954
f 947/947/947 956/956/956 948/948/948
f 947/947/947 955/955/955 956/956/956
f 961/961/961 947/947/947 948/948/948
f 962/962/962 956/956/956 955/955/955
f 948/948/948 957/957/957 949/949/949
f 948/948/948 956/956/956 957/957/957
f 961/961/961 948/948/948 949/949/949
f 962/962/962 957/957/957 956/956/956
f 949/949/949 958/958/958 950/950/950
f 949/949/949 957/957/957 958/958/958
f 961/961/961 949/949/949 950/950/950
f 962/962/962 958/958/958 957/957/957
f 950/950/950 959/959/959 951/951/951
f 950/950/950 958/958/958 959/959/959
f 961/961/961 950/950/950 951/951/951
f 962/962/962 959/959/959 958/958/958
f 951/951/951 960/960/960 952/952/952
f 951/951/951 959/959/959 960/960/960
f 961/961/961 951/951/951 952/952/952
f 962/962/962 960/960/960 959/959/959
f 952/952/952 953/953/953 945/945/945
f 952/952/952 960/960/960 953/953/953
f 961/961/961 952/952/952 945/945/945
f 962/962/962 953/953/953 960/960/960
f 963/963/963 971/971/971 964/964/964
f 963/963/963 970/970/970 971/971/971
f 977/977/977 963/963/963 964/964/964
f 978/978/978 971/971/971 970/970/970
f 964/964/964 972/972/972 965/965/965
f 964/964/964 971/971/971 972/972/972
f 977/977/977 964/964/964 965/965/965
f 978/978/978 972/972/972 971/971/971
f 965/965/965 973/973/973 966/966/966
f 965/965/965 972/972/972 973/973/973
f 977/977/977 965/965/965 966/966/966
f 978/978/978 973/973/973 972/972/972
f 966/966/966 974/974/974 967/967/967
f 966/966/966 973/973/973 974/974/974
f 977/977/977 966/966/966 967/967/967
f 978/978/978 974/974/974 973/973/973
f 967/967/967 975/975/975 968/968/968
f 967/967/967 974/974/974 975/975/975
f 977/977/977 967/967/967 968/968/968
f 978/978/978 975/975/975 974/974/974
f 968/968/968 976/976/976 969/969/969
f 968/968/968 975/975/975 976/976/976
f 977/977/977 968/968/968 969/969/969
f 978/978/978 976/976/976 975/975/975
f 969/969/969 970/970/970 963/963/963
f 969/969/969 976/976/976 970/970/970
f 977/977/977 969/969/969 963/963/963
f 978/978/978 970/970/970 976/976/976
f 979/979/979 987/987/987 983/983/983
f 979/979/979 983/983/983 993/993/993
f 979/979/979 993/993/993 991/991/991
f 979/979/979 995/995/995 981/981/981
f 979/979/979 981/981/981 989/989/989
f 979/979/979 989/989/989 987/987/987
f 979/979/979 991/991/991 980/980/980
f 979/979/979 980/980/980 996/996/996
f 979/979/979 996/996/996 995/995/995
f 987/987/987 989/989/989 985/985/985
f 987/987/987 985/985/985 997/997/997
f 987/987/987 997/997/997 983/983/983
f 981/981/981 992/992/992 982/982/982
f 981/981/981 982/982/982 990/990/990
f 981/981/981 990/990/990 989/989/989
f 981/981/981 995/995/995 996/996/996
f 981/981/981 996/996/996 982/982/982
f 981/981/981 982/982/982 992/992/992
f 983/983/983 997/997/997 998/998/998
f 983/983/983 998/998/998 984/984/984
f 983/983/983 984/984/984 993/993/993
f 985/985/985 994/994/994 986/986/986
f 985/985/985 986/986/986 998/998/998
f 985/985/985 998/998/998 997/997/997
f 985/985/985 989/989/989 990/990/990
f 985/985/985 990/990/990 986/986/986
f 985/985/985 986/986/986 994/994/994
f 980/980/980 988/988/988 984/984/984
f 980/980/980 984/984/984 993/993/993
f 980/980/980 993/993/993 991/991/991
f 980/980/980 996/996/996 982/982/982
f 980/980/980 982/982/982 990/990/990
f 980/980/980 990/990/990 988/988/988
f 984/984/984 998/998/998 986/986/986
f 984/984/984 986/986/986 994/994/994
f 984/984/984 994/994/994 988/988/988
f 999/999/999 1011/1011/1011 1010/1010/1010
f 999/999/999 1000/1000/1000 1011/1011/1011
f 1000/1000/1000 1012/1012/1012 1011/1011/1011
f 1000/1000/1000 1001/1001/1001 1012/1012/1012
f 1001/1001/1001 1013/1013/1013 1012/1012/1012
f 1001/1001/1001 1002/1002/1002 1013/1013/1013
f 1002/1002/1002 1014/1014/1014 1013/1013/1013
f 1002/1002/1002 1003/1003/1003 1014/1014/1014
f 1003/1003/1003 1015/1015/1015 1014/1014/1014
f 1003/1003/1003 1004/1004/1004 1015/1015/1015
f 1004/1004/1004 1016/1016/1016 1015/1015/1015
f 1004/1004/1004 1005/1005/1005 1016/1016/1016
f 1005/1005/1005 1017/1017/1017 1016/1016/1016
f 1005/1005/1005 1006/1006/1006 1017/1017/1017
f 1006/1006/1006 1018/1018/1018 1017/1017/1017
f 1006/1006/1006 1007/1007/1007 1018/1018/1018
f 1007/1007/1007 1019/1019/1019 1018/1018/1018
f 1007/1007/1007 1008/1008/1008 1019/1019/1019
f 1008/1008/1008 1020/1020/1020 1019/1019/1019
f 1008/1008/1008 1009/1009/1009 1020/1020/1020
f 1010/1010/1010 1022/1022/1022 1021/1021/1021
f 1010/1010/1010 1011/1011/1011 1022/1022/1022
f 1011/1011/1011 1023/1023/1023 1022/1022/1022
f 1011/1011/1011 1012/1012/1012 1023/1023/1023
f 1012/1012/1012 1024/1024/1024 1023/1023/1023
f 1012/1012/1012 1013/1013/1013 1024/1024/1024
f 1013/1013/1013 1025/1025/1025 1024/1024/1024
f 1013/1013/1013 1014/1014/1014 1025/1025/1025
f 1014/1014/1014 1026/1026/1026 1025/1025/1025
f 1014/1014/1014 1015/1015/1015 1026/1026/1026
f 1015/1015/1015 1027/1027/1027 1026/1026/1026
f 1015/1015/1015 1016/1016/1016 1027/1027/1027
f 1016/1016/1016 1028/1028/1028 1027/1027/1027
f 1016/1016/1016 1017/1017/1017 1028/1028/1028
f 1017/1017/1017 1029/1029/1029 1028/1028/1028
f 1017/1017/1017 1018/1018/1018 1029/1029/1029
f 1018/1018/1018 1030/1030/1030 1029/1029/1029
f 1018/1018/1018 1019/1019/1019 1030/1030/1030
f 1019/1019/1019 1031/1031/1031 1030/1030/1030
f 1019/1019/1019 1020/1020/1020 1031/1031/1031
f 1021/1021/1021 1033/1033/1033 1032/1032/1032
f 1021/1021/1021 1022/1022/1022 1033/1033/1033
f 1022/1022/1022 1034/1034/1034 1033/1033/1033
f 1022/1022/1022 1023/1023/1023 1034/1034/1034
f 1023/1023/1023 1035/1035/1035 1034/1034/1034
f 1023/1023/1023 1024/1024/1024 1035/1035/1035
f 1024/1024/1024 1036/1036/1036 1035/1035/1035
f 1024/1024/1024 1025/1025/1025 1036/1036/1036
f 1025/1025/1025 1037/1037/1037 1036/1036/1036
f 1025/1025/1025 1026/1026/1026 1037/1037/1037
f 1026/1026/1026 1038/1038/1038 1037/1037/1037
f 1026/1026/1026 1027/1027/1027 1038/1038/1038
f 1027/1027/1027 1039/1039/1039 1038/1038/1038
f 1027/1027/1027 1028/1028/1028 1039/1039/1039
f 1028/1028/1028 1040/1040/1040 1039/1039/1039
f 1028/1028/1028 1029/1029/1029 1040/1040/1040
f 1029/1029/1029 1041/1041/1041 1040/1040/1040
f 1029/1029/1029 1030/1030/1030 1041/1041/1041
f 1030/1030/1030 1042/1042/1042 1041/1041/1041
f 1030/1030/1030 1031/1031/1031 1042/1042/1042
f 1032/1032/1032 1044/1044/1044 1043/1043/1043
f 1032/1032/1032 1033/1033/1033 1044/1044/1044
f 1033/1033/1033 1045/1045/1045 1044/1044/1044
f 1033/1033/1033 1034/1034/1034 1045/1045/1045
f 1034/1034/1034 1046/1046/1046 1045/1045/1045
f 1034/1034/1034 1035/1035/1035 1046/1046/1046
f 1035/1035/1035 1047/1047/1047 1046/1046/1046
f 1035/1035/1035 1036/1036/1036 1047/1047/1047
f 1036/1036/1036 1048/1048/1048 1047/1047/1047
f 1036/1036/1036 1037/1037/1037 1048/1048/1048
f 1037/1037/1037 1049/1049/1049 1048/1048/1048
f 1037/1037/1037 1038/1038/1038 1049/1049/1049
f 1038/1038/1038 1050/1050/1050 1049/1049/1049
f 1038/1038/1038 1039/1039/1039 1050/1050/1050
f 1039/1039/1039 1051/1051/1051 1050/1050/1050
f 1039/1039/1039 1040/1040/1040 1051/1051/1051
f 1040/1040/1040 1052/1052/1052 1051/1051/1051
f 1040/1040/1040 1041/1041/1041 1052/1052/1052
f 1041/1041/1041 1053/1053/1053 1052/1052/1052
f 1041/1041/1041 1042/1042/1042 1053/1053/1053
f 1043/1043/1043 1055/1055/1055 1054/1054/1054
f 1043/1043/1043 1044/1044/1044 1055/1055/1055
f 1044/1044/1044 1056/1056/1056 1055/1055/1055
f 1044/1044/1044 1045/1045/1045 1056/1056/1056
f 1045/1045/1045 1057/1057/1057 1056/1056/1056
f 1045/1045/1045 1046/1046/1046 1057/1057/1057
f 1046/1046/1046 1058/1058/1058 1057/1057/1057
f 1046/1046/1046 1047/1047/1047 1058/1058/1058
f 1047/1047/1047 1059/1059/1059 1058/1058/1058
f 1047/1047/1047 1048/1048/1048 1059/1059/1059
f 1048/1048/1048 1060/1060/1060 1059/1059/1059
f 1048/1048/1048 1049/1049/1049 1060/1060/1060
f 1049/1049/1049 1061/1061/1061 1060/1060/1060
f 1049/1049/1049 1050/1050/1050 1061/1061/1061
f 1050/1050/1050 1062/1062/1062 1061/1061/1061
f 1050/1050/1050 1051/1051/1051 1062/1062/1062
f 1051/1051/1051 1063/1063/1063 1062/1062/1062
f 1051/1051/1051 1052/1052/1052 1063/1063/1063
f 1052/1052/1052 1064/1064/1064 1063/1063/1063
f 1052/1052/1052 1053/1053/1053 1064/1064/1064
f 1054/1054/1054 1066/1066/1066 1065/1065/1065
f 1054/1054/1054 1055/1055/1055 1066/1066/1066
f 1055/1055/1055 1067/1067/1067 1066/1066/1066
f 1055/1055/1055 1056/1056/1056 1067/1067/1067
f 1056/1056/1056 1068/1068/1068 1067/1067/1067
f 1056/1056/1056 1057/1057/1057 1068/1068/1068
f 1057/1057/1057 1069/1069/1069 1068/1068/1068
f 1057/1057/1057 1058/1058/1058 1069/1069/1069
f 1058/1058/1058 1070/1070/1070 1069/1069/1069
f 1058/1058/1058 1059/1059/1059 1070/1070/1070
f 1059/1059/1059 1071/1071/1071 1070/1070/1070
f 1059/1059/1059 1060/1060/1060 1071/1071/1071
f 1060/1060/1060 1072/1072/1072 1071/1071/1071
f 1060/1060/1060 1061/1061/1061 1072/1072/1072
f 1061/1061/1061 1073/1073/1073 1072/1072/1072
f 1061/1061/1061 1062/1062/1062 1073/1073/1073
f 1062/1062/1062 1074/1074/1074 1073/1073/1073
f 1062/1062/1062 1063/1063/1063 1074/1074/1074
f 1063/1063/1063 1075/1075/1075 1074/1074/1074
f 1063/1063/1063 1064/1064/1064 1075/1075/1075
f 1065/1065/1065 1077/1077/1077 1076/1076/1076
f 1065/1065/1065 1066/1066/1066 1077/1077/1077
f 1066/1066/1066 1078/1078/1078 1077/1077/1077
f 1066/1066/1066 1067/1067/1067 1078/1078/1078
f 1067/1067/1067 1079/1079/1079 1078/1078/1078
f 1067/1067/1067 1068/1068/1068 1079/1079/1079
f 1068/1068/1068 1080/1080/1080 1079/1079/1079
f 1068/1068/1068 1069/1069/1069 1080/1080/1080
f 1069/1069/1069 1081/1081/1081 1080/1080/1080
f 1069/1069/1069 1070/1070/1070 1081/1081/1081
f 1070/1070/1070 1082/1082/1082 1081/1081/1081
f 1070/1070/1070 1071/1071/1071 1082/1082/1082
f 1071/1071/1071 1083/1083/1083 1082/1082/1082
f 1071/1071/1071 1072/1072/1072 1083/1083/1083
f 1072/1072/1072 1084/1084/1084 1083/1083/1083
f 1072/1072/1072 1073/1073/1073 1084/1084/1084
f 1073/1073/1073 1085/1085/1085 1084/1084/1084
f 1073/1073/1073 1074/1074/1074 1085/1085/1085
f 1074/1074/1074 1086/1086/1086 1085/1085/1085
f 1074/1074/1074 1075/1075/1075 1086/1086/1086
f 1076/1076/1076 1088/1088/1088 1087/1087/1087
f 1076/1076/1076 1077/1077/1077 1088/1088/1088
f 1077/1077/1077 1089/1089/1089 1088/1088/1088
f 1077/1077/1077 1078/1078/1078 1089/1089/1089
f 1078/1078/1078 1090/1090/1090 1089/1089/1089
f 1078/1078/1078 1079/1079/1079 1090/1090/1090
f 1079/1079/1079 1091/1091/1091 1090/1090/1090
f 1079/1079/1079 1080/1080/1080 1091/1091/1091
f 1080/1080/1080 1092/1092/1092 1091/1091/1091
f 1080/1080/1080 1081/1081/1081 1092/1092/1092
f 1081/1081/1081 1093/1093/1093 1092/1092/1092
f 1081/1081/1081 1082/1082/1082 1093/1093/1093
f 1082/1082/1082 1094/1094/1094 1093/1093/1093
f 1082/1082/1082 1083/1083/1083 1094/1094/1094
f 1083/1083/1083 1095/1095/1095 1094/1094/1094
f 1083/1083/1083 1084/1084/1084 1095/1095/1095
f 1084/1084/1084 1096/1096/1096 1095/1095/1095
f 1084/1084/1084 1085/1085/1085 1096/1096/1096
f 1085/1085/1085 1097/1097/1097 1096/1096/1096
f 1085/1085/1085 1086/1086/1086 1097/1097/1097
f 1098/1098/1098 1110/1110/1110 1109/1109/1109
f 1098/1098/1098 1099/1099/1099 1110/1110/1110
f 1099/1099/1099 1111/1111/1111 1110/1110/1110
f 1099/1099/1099 1100/1100/1100 1111/1111/1111
f 1100/1100/1100 1112/1112/1112 1111/1111/1111
f 1100/1100/1100 1101/1101/1101 1112/1112/1112
f 1101/1101/1101 1113/1113/1113 1112/1112/1112
f 1101/1101/1101 1102/1102/1102 1113/1113/1113
f 1102/1102/1102 1114/1114/1114 1113/1113/1113
f 1102/1102/1102 1103/1103/1103 1114/1114/1114
f 1103/1103/1103 1115/1115/1115 1114/1114/1114
f 1103/1103/1103 1104/1104/1104 1115/1115/1115
f 1104/1104/1104 1116/1116/1116 1115/1115/1115
f 1104/1104/1104 1105/1105/1105 1116/1116/1116
f 1105/1105/1105 1117/1117/1117 1116/1116/1116
f 1105/1105/1105 1106/1106/1106 1117/1117/1117
f 1106/1106/1106 1118/1118/1118 1117/1117/1117
f 1106/1106/1106 1107/1107/1107 1118/1118/1118
f 1107/1107/1107 1119/1119/1119 1118/1118/1118
f 1107/1107/1107 1108/1108/1108 1119/1119/1119
f 1109/1109/1109 1121/1121/1121 1120/1120/1120
f 1109/1109/1109 1110/1110/1110 1121/1121/1121
f 1110/1110/1110 1122/1122/1122 1121/1121/1121
f 1110/1110/1110 1111/1111/1111 1122/1122/1122
f 1111/1111/1111 1123/1123/1123 1122/1122/1122
f 1111/1111/1111 1112/1112/1112 1123/1123/1123
f 1112/1112/1112 1124/1124/1124 1123/1123/1123
f 1112/1112/1112 1113/1113/1113 1124/1124/1124
f 1113/1113/1113 1125/1125/1125 1124/1124/1124
f 1113/1113/1113 1114/1114/1114 1125/1125/1125
f 1114/1114/1114 1126/1126/1126 1125/1125/1125
f 1114/1114/1114 1115/1115/1115 1126/1126/1126
f 1115/1115/1115 1127/1127/1127 1126/1126/1126
f 1115/1115/1115 1116/1116/1116 1127/1127/1127
f 1116/1116/1116 1128/1128/1128 1127/1127/1127
f 1116/1116/1116 1117/1117/1117 1128/1128/1128
f 1117/1117/1117 1129/1129/1129 1128/1128/1128
f 1117/1117/1117 1118/1118/1118 1129/1129/1129
f 1118/1118/1118 1130/1130/1130 1129/1129/1129
f 1118/1118/1118 1119/1119/1119 1130/1130/1130
f 1120/1120/1120 1132/1132/1132 1131/1131/1131
f 1120/1120/1120 1121/1121/1121 1132/1132/1132
f 1121/1121/1121 1133/1133/1133 1132/1132/1132
f 1121/1121/1121 1122/1122/1122 1133/1133/1133
f 1122/1122/1122 1134/1134/1134 1133/1133/1133
f 1122/1122/1122 1123/1123/1123 1134/1134/1134
f 1123/1123/1123 1135/1135/1135 1134/1134/1134
f 1123/1123/1123 1124/1124/1124 1135/1135/1135
f 1124/1124/1124 1136/1136/1136 1135/1135/1135
f 1124/1124/1124 1125/1125/1125 1136/1136/1136
f 1125/1125/1125 1137/1137/1137 1136/1136/1136
f 1125/1125/1125 1126/1126/1126 1137/1137/1137
f 1126/1126/1126 1138/1138/1138 1137/1137/1137
f 1126/1126/1126 1127/1127/1127 1138/1138/1138
f 1127/1127/1127 1139/1139/1139 1138/1138/1138
f 1127/1127/1127 1128/1128/1128 1139/1139/1139
f 1128/1128/1128 1140/1140/1140 1139/1139/1139
f 1128/1128/1128 1129/1129/1129 1140/1140/1140
f 1129/1129/1129 1141/1141/1141 1140/1140/1140
f 1129/1129/1129 1130/1130/1130 1141/1141/1141
f 1131/1131/1131 1143/1143/1143 1142/1142/1142
f 1131/1131/1131 1132/1132/1132 1143/1143/1143
f 1132/1132/1132 1144/1144/1144 1143/1143/1143
f 1132/1132/1132 1133/1133/1133 1144/1144/1144
f 1133/1133/1133 1145/1145/1145 1144/1144/1144
f 1133/1133/1133 1134/1134/1134 1145/1145/1145
f 1134/1134/1134 1146/1146/1146 1145/1145/1145
f 1134/1134/1134 1135/1135/1135 1146/1146/1146
f 1135/1135/1135 1147/1147/1147 1146/1146/1146
f 1135/1135/1135 1136/1136/1136 1147/1147/1147
f 1136/1136/1136 1148/1148/1148 1147/1147/1147
f 1136/1136/1136 1137/1137/1137 1148/1148/1148
f 1137/1137/1137 1149/1149/1149 1148/1148/1148
f 1137/1137/1137 1138/1138/1138 1149/1149/1149
f 1138/1138/1138 1150/1150/1150 1149/1149/1149
f 1138/1138/1138 1139/1139/1139 1150/1150/1150
f 1139/1139/1139 1151/1151/1151 1150/1150/1150
f 1139/1139/1139 1140/1140/1140 1151/1151/1151
f 1140/1140/1140 1152/1152/1152 1151/1151/1151
f 1140/1140/1140 1141/1141/1141 1152/1152/1152
f 1142/1142/1142 1154/1154/1154 1153/1153/1153
f 1142/1142/1142 1143/1143/1143 1154/1154/1154
f 1143/1143/1143 1155/1155/1155 1154/1154/1154
f 1143/1143/1143 1144/1144/1144 1155/1155/1155
f 1144/1144/1144 1156/1156/1156 1155/1155/1155
f 1144/1144/1144 1145/1145/1145 1156/1156/1156
f 1145/1145/1145 1157/1157/1157 1156/1156/1156
f 1145/1145/1145 1146/1146/1146 1157/1157/1157
f 1146/1146/1146 1158/1158/1158 1157/1157/1157
f 1146/1146/1146 1147/1147/1147 1158/1158/1158
f 1147/1147/1147 1159/1159/1159 1158/1158/1158
f 1147/1147/1147 1148/1148/1148 1159/1159/1159
f 1148/1148/1148 1160/1160/1160 1159/1159/1159
f 1148/1148/1148 1149/1149/1149 1160/1160/1160
f 1149/1149/1149 1161/1161/1161 1160/1160/1160
f 1149/1149/1149 1150/1150/1150 1161/1161/1161
f 1150/1150/1150 1162/1162/1162 1161/1161/1161
f 1150/1150/1150 1151/1151/1151 1162/1162/1162
f 1151/1151/1151 1163/1163/1163 1162/1162/1162
f 1151/1151/1151 1152/1152/1152 1163/1163/1163
f 1153/1153/1153 1165/1165/1165 1164/1164/1164
f 1153/1153/1153 1154/1154/1154 1165/1165/1165
f 1154/1154/1154 1166/1166/1166 1165/1165/1165
f 1154/1154/1154 1155/1155/1155 1166/1166/1166
f 1155/1155/1155 1167/1167/1167 1166/1166/1166
f 1155/1155/1155 1156/1156/1156 1167/1167/1167
f 1156/1156/1156 1168/1168/1168 1167/1167/1167
f 1156/1156/1156 1157/1157/1157 1168/1168/1168
f 1157/1157/1157 1169/1169/1169 1168/1168/1168
f 1157/1157/1157 1158/1158/1158 1169/1169/1169
f 1158/1158/1158 1170/1170/1170 1169/1169/1169
f 1158/1158/1158 1159/1159/1159 1170/1170/1170
f 1159/1159/1159 1171/1171/1171 1170/1170/1170
f 1159/1159/1159 1160/1160/1160 1171/1171/1171
f 1160/1160/1160 1172/1172/1172 1171/1171/1171
f 1160/1160/1160 1161/1161/1161 1172/1172/1172
f 1161/1161/1161 1173/1173/1173 1172/1172/1172
f 1161/1161/1161 1162/1162/1162 1173/1173/1173
f 1162/1162/1162 1174/1174/1174 1173/1173/1173
f 1162/1162/1162 1163/1163/1163 1174/1174/1174
f 1164/1164/1164 1176/1176/1176 1175/1175/1175
f 1164/1164/1164 1165/1165/1165 1176/1176/1176
f 1165/1165/1165 1177/1177/1177 1176/1176/1176
f 1165/1165/1165 1166/1166/1166 1177/1177/1177
f 1166/1166/1166 1178/1178/1178 1177/1177/1177
f 1166/1166/1166 1167/1167/1167 1178/1178/1178
f 1167/1167/1167 1179/1179/1179 1178/1178/1178
f 1167/1167/1167 1168/1168/1168 1179/1179/1179
f 1168/1168/1168 1180/1180/1180 1179/1179/1179
f 1168/1168/1168 1169/1169/1169 1180/1180/1180
f 1169/1169/1169 1181/1181/1181 1180/1180/1180
f 1169/1169/1169 1170/1170/1170 1181/1181/1181
f 1170/1170/1170 1182/1182/1182 1181/1181/1181
f 1170/1170/1170 1171/1171/1171 1182/1182/1182
f 1171/1171/1171 1183/1183/1183 1182/1182/1182
f 1171/1171/1171 1172/1172/1172 1183/1183/1183
f 1172/1172/1172 1184/1184/1184 1183/1183/1183
f 1172/1172/1172 1173/1173/1173 1184/1184/1184
f 1173/1173/1173 1185/1185/1185 1184/1184/1184
f 1173/1173/1173 1174/1174/1174 1185/1185/1185
f 1175/1175/1175 1187/1187/1187 1186/1186/1186
f 1175/1175/1175 1176/1176/1176 1187/1187/1187
f 1176/1176/1176 1188/1188/1188 1187/1187/1187
f 1176/1176/1176 1177/1177/1177 1188/1188/1188
f 1177/1177/1177 1189/1189/1189 1188/1188/1188
f 1177/1177/1177 1178/1178/1178 1189/1189/1189
f 1178/1178/1178 1190/1190/1190 1189/1189/1189
f 1178/1178/1178 1179/1179/1179 1190/1190/1190
f 1179/1179/1179 1191/1191/1191 1190/1190/1190
f 1179/1179/1179 1180/1180/1180 1191/1191/1191
f 1180/1180/1180 1192/1192/1192 1191/1191/1191
f 1180/1180/1180 1181/1181/1181 1192/1192/1192
f 1181/1181/1181 1193/1193/1193 1192/1192/1192
f 1181/1181/1181 1182/1182/1182 1193/1193/1193
f 1182/1182/1182 1194/1194/1194 1193/1193/1193
f 1182/1182/1182 1183/1183/1183 1194/1194/1194
f 1183/1183/1183 1195/1195/1195 1194/1194/1194
f 1183/1183/1183 1184/1184/1184 1195/1195/1195
f 1184/1184/1184 1196/1196/1196 1195/1195/1195
f 1184/1184/1184 1185/1185/1185 1196/1196/1196
f 1197/1197/1197 1209/1209/1209 1208/1208/1208
f 1197/1197/1197 1198/1198/1198 1209/1209/1209
f 1198/1198/1198 1210/1210/1210 1209/1209/1209
f 1198/1198/1198 1199/1199/1199 1210/1210/1210
f 1199/1199/1199 1211/1211/1211 1210/1210/1210
f 1199/1199/1199 1200/1200/1200 1211/1211/1211
f 1200/1200/1200 1212/1212/1212 1211/1211/1211
f 1200/1200/1200 1201/1201/1201 1212/1212/1212
f 1201/1201/1201 1213/1213/1213 1212/1212/1212
f 1201/1201/1201 1202/1202/1202 1213/1213/1213
f 1202/1202/1202 1214/1214/1214 1213/1213/1213
f 1202/1202/1202 1203/1203/1203 1214/1214/1214
f 1203/1203/1203 1215/1215/1215 1214/1214/1214
f 1203/1203/1203 1204/1204/1204 1215/1215/1215
f 1204/1204/1204 1216/1216/1216 1215/1215/1215
f 1204/1204/1204 1205/1205/1205 1216/1216/1216
f 1205/1205/1205 1217/1217/1217 1216/1216/1216
f 1205/1205/1205 1206/1206/1206 1217/1217/1217
f 1206/1206/1206 1218/1218/1218 1217/1217/1217
f 1206/1206/1206 1207/1207/1207 1218/1218/1218
f 1208/1208/1208 1220/1220/1220 1219/1219/1219
f 1208/1208/1208 1209/1209/1209 1220/1220/1220
f 1209/1209/1209 1221/1221/1221 1220/1220/1220
f 1209/1209/1209 1210/1210/1210 1221/1221/1221
f 1210/1210/1210 1222/1222/1222 1221/1221/1221
f 1210/1210/1210 1211/1211/1211 1222/1222/1222
f 1211/1211/1211 1223/1223/1223 1222/1222/1222
f 1211/1211/1211 1212/1212/1212 1223/1223/1223
f 1212/1212/1212 1224/1224/1224 1223/1223/1223
f 1212/1212/1212 1213/1213/1213 1224/1224/1224
f 1213/1213/1213 1225/1225/1225 1224/1224/1224
f 1213/1213/1213 1214/1214/1214 1225/1225/1225
f 1214/1214/1214 1226/1226/1226 1225/1225/1225
f 1214/1214/1214 1215/1215/1215 1226/1226/1226
f 1215/1215/1215 1227/1227/1227 1226/1226/1226
f 1215/1215/1215 1216/1216/1216 1227/1227/1227
f 1216/1216/1216 1228/1228/1228 1227/1227/1227
f 1216/1216/1216 1217/1217/1217 1228/1228/1228
f 1217/1217/1217 1229/1229/1229 1228/1228/1228
f 1217/1217/1217 1218/1218/1218 1229/1229/1229
f 1219/1219/1219 1231/1231/1231 1230/1230/1230
f 1219/1219/1219 1220/1220/1220 1231/1231/1231
f 1220/1220/1220 1232/1232/1232 1231/1231/1231
f 1220/1220/1220 1221/1221/1221 1232/1232/1232
f 1221/1221/1221 1233/1233/1233 1232/1232/1232
f 1221/1221/1221 1222/1222/1222 1233/1233/1233
f 1222/1222/1222 1234/1234/1234 1233/1233/1233
f 1222/1222/1222 1223/1223/1223 1234/1234/1234
f 1223/1223/1223 1235/1235/1235 1234/1234/1234
f 1223/1223/1223 1224/1224/1224 1235/1235/1235
f 1224/1224/1224 1236/1236/1236 1235/1235/1235
f 1224/1224/1224 1225/1225/1225 1236/1236/1236
f 1225/1225/1225 1237/1237/1237 1236/1236/1236
f 1225/1225/1225 1226/1226/1226 1237/1237/1237
f 1226/1226/1226 1238/1238/1238 1237/1237/1237
f 1226/1226/1226 1227/1227/1227 1238/1238/1238
f 1227/1227/1227 1239/1239/1239 1238/1238/1238
f 1227/1227/1227 1228/1228/1228 1239/1239/1239
f 1228/1228/1228 1240/1240/1240 1239/1239/1239
f 1228/1228/1228 1229/1229/1229 1240/1240/1240
f 1230/1230/1230 1242/1242/1242 1241/1241/1241
f 1230/1230/1230 1231/1231/1231 1242/1242/1242
f 1231/1231/1231 1243/1243/1243 1242/1242/1242
f 1231/1231/1231 1232/1232/1232 1243/1243/1243
f 1232/1232/1232 1244/1244/1244 1243/1243/1243
f 1232/1232/1232 1233/1233/1233 1244/1244/1244
f 1233/1233/1233 1245/1245/1245 1244/1244/1244
f 1233/1233/1233 1234/1234/1234 1245/1245/1245
f 1234/1234/1234 1246/1246/1246 1245/1245/1245
f 1234/1234/1234 1235/1235/1235 1246/1246/1246
f 1235/1235/1235 1247/1247/1247 1246/1246/1246
f 1235/1235/1235 1236/1236/1236 1247/1247/1247
f 1236/1236/1236 1248/1248/1248 1247/1247/1247
f 1236/1236/1236 1237/1237/1237 1248/1248/1248
f 1237/1237/1237 1249/1249/1249 1248/1248/1248
f 1237/1237/1237 1238/1238/1238 1249/1249/1249
f 1238/1238/1238 1250/1250/1250 1249/1249/1249
f 1238/1238/1238 1239/1239/1239 1250/1250/1250
f 1239/1239/1239 1251/1251/1251 1250/1250/1250
f 1239/1239/1239 1240/1240/1240 1251/1251/1251
f 1241/1241/1241 1253/1253/1253 1252/1252/1252
f 1241/1241/1241 1242/1242/1242 1253/1253/1253
f 1242/1242/1242 1254/1254/1254 1253/1253/1253
f 1242/1242/1242 1243/1243/1243 1254/1254/1254
f 1243/1243/1243 1255/1255/1255 1254/1254/1254
f 1243/1243/1243 1244/1244/1244 1255/1255/1255
f 1244/1244/1244 1256/1256/1256 1255/1255/1255
f 1244/1244/1244 1245/1245/1245 1256/1256/1256
f 1245/1245/1245 1257/1257/1257 1256/1256/1256
f 1245/1245/1245 1246/1246/1246 1257/1257/1257
f 1246/1246/1246 1258/1258/1258 1257/1257/1257
f 1246/1246/1246 1247/1247/1247 1258/1258/1258
f 1247/1247/1247 1259/1259/1259 1258/1258/1258
f 1247/1247/1247 1248/1248/1248 1259/1259/1259
f 1248/1248/1248 1260/1260/1260 1259/1259/1259
f 1248/1248/1248 1249/1249/1249 1260/1260/1260
f 1249/1249/1249 1261/1261/1261 1260/1260/1260
f 1249/1249/1249 1250/1250/1250 1261/1261/1261
f 1250/1250/1250 1262/1262/1262 1261/1261/1261
f 1250/1250/1250 1251/1251/1251 1262/1262/1262
f 1252/1252/1252 1264/1264/1264 1263/1263/1263
f 1252/1252/1252 1253/1253/1253 1264/1264/1264
f 1253/1253/1253 1265/1265/1265 1264/1264/1264
f 1253/1253/1253 1254/1254/1254 1265/1265/1265
f 1254/1254/1254 1266/1266/1266 1265/1265/1265
f 1254/1254/1254 1255/1255/1255 1266/1266/1266
f 1255/1255/1255 1267/1267/1267 1266/1266/1266
f 1255/1255/1255 1256/1256/1256 1267/1267/1267
f 1256/1256/1256 1268/1268/1268 1267/1267/1267
f 1256/1256/1256 1257/1257/1257 1268/1268/1268
f 1257/1257/1257 1269/1269/1269 1268/1268/1268
f 1257/1257/1257 1258/1258/1258 1269/1269/1269
f 1258/1258/1258 1270/1270/1270 1269/1269/1269
f 1258/1258/1258 1259/1259/1259 1270/1270/1270
f 1259/1259/1259 1271/1271/1271 1270/1270/1270
f 1259/1259/1259 1260/1260/1260 1271/1271/1271
f 1260/1260/1260 1272/1272/1272 1271/1271/1271
f 1260/1260/1260 1261/1261/1261 1272/1272/1272
f 1261/1261/1261 1273/1273/1273 1272/1272/1272
f 1261/1261/1261 1262/1262/1262 1273/1273/1273
f 1263/1263/1263 1275/1275/1275 1274/1274/1274
f 1263/1263/1263 1264/1264/1264 1275/1275/1275
f 1264/1264/1264 1276/1276/1276 1275/1275/1275
f 1264/1264/1264 1265/1265/1265 1276/1276/1276
f 1265/1265/1265 1277/1277/1277 1276/1276/1276
f 1265/1265/1265 1266/1266/1266 1277/1277/1277
f 1266/1266/1266 1278/1278/1278 1277/1277/1277
f 1266/1266/1266 1267/1267/1267 1278/1278/1278
f 1267/1267/1267 1279/1279/1279 1278/1278/1278
f 1267/1267/1267 1268/1268/1268 1279/1279/1279
f 1268/1268/1268 1280/1280/1280 1279/1279/1279
f 1268/1268/1268 1269/1269/1269 1280/1280/1280
f 1269/1269/1269 1281/1281/1281 1280/1280/1280
f 1269/1269/1269 1270/1270/1270 1281/1281/1281
f 1270/1270/1270 1282/1282/1282 1281/1281/1281
f 1270/1270/1270 1271/1271/1271 1282/1282/1282
f 1271/1271/1271 1283/1283/1283 1282/1282/1282
f 1271/1271/1271 1272/1272/1272 1283/1283/1283
f 1272/1272/1272 1284/1284/1284 1283/1283/1283
f 1272/1272/1272 1273/1273/1273 1284/1284/1284
f 1274/1274/1274 1286/1286/1286 1285/1285/1285
f 1274/1274/1274 1275/1275/1275 1286/1286/1286
f 1275/1275/1275 1287/1287/1287 1286/1286/1286
f 1275/1275/1275 1276/1276/1276 1287/1287/1287
f 1276/1276/1276 1288/1288/1288 1287/1287/1287
f 1276/1276/1276 1277/1277/1277 1288/1288/1288
f 1277/1277/1277 1289/1289/1289 1288/1288/1288
f 1277/1277/1277 1278/1278/1278 1289/1289/1289
f 1278/1278/1278 1290/1290/1290 1289/1289/1289
f 1278/1278/1278 1279/1279/1279 1290/1290/1290
f 1279/1279/1279 1291/1291/1291 1290/1290/1290
f 1279/1279/1279 1280/1280/1280 1291/1291/1291
f 1280/1280/1280 1292/1292/1292 1291/1291/1291
f 1280/1280/1280 1281/1281/1281 1292/1292/1292
f 1281/1281/1281 1293/1293/1293 1292/1292/1292
f 1281/1281/1281 1282/1282/1282 1293/1293/1293
f 1282/1282/1282 1294/1294/1294 1293/1293/1293
f 1282/1282/1282 1283/1283/1283 1294/1294/1294
f 1283/1283/1283 1295/1295/1295 1294/1294/1294
f 1283/1283/1283 1284/1284/1284 1295/1295/1295
f 1296/1296/1296 1308/1308/1308 1307/1307/1307
f 1296/1296/1296 1297/1297/1297 1308/1308/1308
f 1297/1297/1297 1309/1309/1309 1308/1308/1308
f 1297/1297/1297 1298/1298/1298 1309/1309/1309
f 1298/1298/1298 1310/1310/1310 1309/1309/1309
f 1298/1298/1298 1299/1299/1299 1310/1310/1310
f 1299/1299/1299 1311/1311/1311 1310/1310/1310
f 1299/1299/1299 1300/1300/1300 1311/1311/1311
f 1300/1300/1300 1312/1312/1312 1311/1311/1311
f 1300/1300/1300 1301/1301/1301 1312/1312/1312
f 1301/1301/1301 1313/1313/1313 1312/1312/1312
f 1301/1301/1301 1302/1302/1302 1313/1313/1313
f 1302/1302/1302 1314/1314/1314 1313/1313/1313
f 1302/1302/1302 1303/1303/1303 1314/1314/1314
f 1303/1303/1303 1315/1315/1315 1314/1314/1314
f 1303/1303/1303 1304/1304/1304 1315/1315/1315
f 1304/1304/1304 1316/1316/1316 1315/1315/1315
f 1304/1304/1304 1305/1305/1305 1316/1316/1316
f 1305/1305/1305 1317/1317/1317 1316/1316/1316
f 1305/1305/1305 1306/1306/1306 1317/1317/1317
f 1307/1307/1307 1319/1319/1319 1318/1318/1318
f 1307/1307/1307 1308/1308/1308 1319/1319/1319
f 1308/1308/1308 1320/1320/1320 1319/1319/1319
f 1308/1308/1308 1309/1309/1309 1320/1320/1320
f 1309/1309/1309 1321/1321/1321 1320/1320/1320
f 1309/1309/1309 1310/1310/1310 1321/1321/1321
f 1310/1310/1310 1322/1322/1322 1321/1321/1321
f 1310/1310/1310 1311/1311/1311 1322/1322/1322
f 1311/1311/1311 1323/1323/1323 1322/1322/1322
f 1311/1311/1311 1312/1312/1312 1323/1323/1323
f 1312/1312/1312 1324/1324/1324 1323/1323/1323
f 1312/1312/1312 1313/1313/1313 1324/1324/1324
f 1313/1313/1313 1325/1325/1325 1324/1324/1324
f 1313/1313/1313 1314/1314/1314 1325/1325/1325
f 1314/1314/1314 1326/1326/1326 1325/1325/1325
f 1314/1314/1314 1315/1315/1315 1326/1326/1326
f 1315/1315/1315 1327/1327/1327 1326/1326/1326
f 1315/1315/1315 1316/1316/1316 1327/1327/1327
f 1316/1316/1316 1328/1328/1328 1327/1327/1327
f 1316/1316/1316 1317/1317/1317 1328/1328/1328
f 1318/1318/1318 1330/1330/1330 1329/1329/1329
f 1318/1318/1318 1319/1319/1319 1330/1330/1330
f 1319/1319/1319 1331/1331/1331 1330/1330/1330
f 1319/1319/1319 1320/1320/1320 1331/1331/1331
f 1320/1320/1320 1332/1332/1332 1331/1331/1331
f 1320/1320/1320 1321/1321/1321 1332/1332/1332
f 1321/1321/1321 1333/1333/1333 1332/1332/1332
f 1321/1321/1321 1322/1322/1322 1333/1333/1333
f 1322/1322/1322 1334/1334/1334 1333/1333/1333
f 1322/1322/1322 1323/1323/1323 1334/1334/1334
f 1323/1323/1323 1335/1335/1335 1334/1334/1334
f 1323/1323/1323 1324/1324/1324 1335/1335/1335
f 1324/1324/1324 1336/1336/1336 1335/1335/1335
f 1324/1324/1324 1325/1325/1325 1336/1336/1336
f 1325/1325/1325 1337/1337/1337 1336/1336/1336
f 1325/1325/1325 1326/1326/1326 1337/1337/1337
f 1326/1326/1326 1338/1338/1338 1337/1337/1337
f 1326/1326/1326 1327/1327/1327 1338/1338/1338
f 1327/1327/1327 1339/1339/1339 1338/1338/1338
f 1327/1327/1327 1328/1328/1328 1339/1339/1339
f 1329/1329/1329 1341/1341/1341 1340/1340/1340
f 1329/1329/1329 1330/1330/1330 1341/1341/1341
f 1330/1330/1330 1342/1342/1342 1341/1341/1341
f 1330/1330/1330 1331/1331/1331 1342/1342/1342
f 1331/1331/1331 1343/1343/1343 1342/1342/1342
f 1331/1331/1331 1332/1332/1332 1343/1343/1343
f 1332/1332/1332 1344/1344/1344 1343/1343/1343
f 1332/1332/1332 1333/1333/1333 1344/1344/1344
f 1333/1333/1333 1345/1345/1345 1344/1344/1344
f 1333/1333/1333 1334/1334/1334 1345/1345/1345
f 1334/1334/1334 1346/1346/1346 1345/1345/1345
f 1334/1334/1334 1335/1335/1335 1346/1346/1346
f 1335/1335/1335 1347/1347/1347 1346/1346/1346
f 1335/1335/1335 1336/1336/1336 1347/1347/1347
f 1336/1336/1336 1348/1348/1348 1347/1347/1347
f 1336/1336/1336 1337/1337/1337 1348/1348/1348
f 1337/1337/1337 1349/1349/1349 1348/1348/1348
f 1337/1337/1337 1338/1338/1338 1349/1349/1349
f 1338/1338/1338 1350/1350/1350 1349/1349/1349
f 1338/1338/1338 1339/1339/1339 1350/1350/1350
f 1340/1340/1340 1352/1352/1352 1351/1351/1351
f 1340/1340/1340 1341/1341/1341 1352/1352/1352
f 1341/1341/1341 1353/1353/1353 1352/1352/1352
f 1341/1341/1341 1342/1342/1342 1353/1353/1353
f 1342/1342/1342 1354/1354/1354 1353/1353/1353
f 1342/1342/1342 1343/1343/1343 1354/1354/1354
f 1343/1343/1343 1355/1355/1355 1354/1354/1354
f 1343/1343/1343 1344/1344/1344 1355/1355/1355
f 1344/1344/1344 1356/1356/1356 1355/1355/1355
f 1344/1344/1344 1345/1345/1345 1356/1356/1356
f 1345/1345/1345 1357/1357/1357 1356/1356/1356
f 1345/1345/1345 1346/1346/1346 1357/1357/1357
f 1346/1346/1346 1358/1358/1358 1357/1357/1357
f 1346/1346/1346 1347/1347/1347 1358/1358/1358
f 1347/1347/1347 1359/1359/1359 1358/1358/1358
f 1347/1347/1347 1348/1348/1348 1359/1359/1359
f 1348/1348/1348 1360/1360/1360 1359/1359/1359
f 1348/1348/1348 1349/1349/1349 1360/1360/1360
f 1349/1349/1349 1361/1361/1361 1360/1360/1360
f 1349/1349/1349 1350/1350/1350 1361/1361/1361
f 1351/1351/1351 1363/1363/1363 1362/1362/1362
f 1351/1351/1351 1352/1352/1352 1363/1363/1363
f 1352/1352/1352 1364/1364/1364 1363/1363/1363
f 1352/1352/1352 1353/1353/1353 1364/1364/1364
f 1353/1353/1353 1365/1365/1365 1364/1364/1364
f 1353/1353/1353 1354/1354/1354 1365/1365/1365
f 1354/1354/1354 1366/1366/1366 1365/1365/1365
f 1354/1354/1354 1355/1355/1355 1366/1366/1366
f 1355/1355/1355 1367/1367/1367 1366/1366/1366
f 1355/1355/1355 1356/1356/1356 1367/1367/1367
f 1356/1356/1356 1368/1368/1368 1367/1367/1367
f 1356/1356/1356 1357/1357/1357 1368/1368/1368
f 1357/1357/1357 1369/1369/1369 1368/1368/1368
f 1357/1357/1357 1358/1358/1358 1369/1369/1369
f 1358/1358/1358 1370/1370/1370 1369/1369/1369
f 1358/1358/1358 1359/1359/1359 1370/1370/1370
f 1359/1359/1359 1371/1371/1371 1370/1370/1370
f 1359/1359/1359 1360/1360/1360 1371/1371/1371
f 1360/1360/1360 1372/1372/1372 1371/1371/1371
f 1360/1360/1360 1361/1361/1361 1372/1372/1372
f 1362/1362/1362 1374/1374/1374 1373/1373/1373
f 1362/1362/1362 1363/1363/1363 1374/1374/1374
f 1363/1363/1363 1375/1375/1375 1374/1374/1374
f 1363/1363/1363 1364/1364/1364 1375/1375/1375
f 1364/1364/1364 1376/1376/1376 1375/1375/1375
f 1364/1364/1364 1365/1365/1365 1376/1376/1376
f 1365/1365/1365 1377/1377/1377 1376/1376/1376
f 1365/1365/1365 1366/1366/1366 1377/1377/1377
f 1366/1366/1366 1378/1378/1378 1377/1377/1377
f 1366/1366/1366 1367/1367/1367 1378/1378/1378
f 1367/1367/1367 1379/1379/1379 1378/1378/1378
f 1367/1367/1367 1368/1368/1368 1379/1379/1379
f 1368/1368/1368 1380/1380/1380 1379/1379/1379
f 1368/1368/1368 1369/1369/1369 1380/1380/1380
f 1369/1369/1369 1381/1381/1381 1380/1380/1380
f 1369/1369/1369 1370/1370/1370 1381/1381/1381
f 1370/1370/1370 1382/1382/1382 1381/1381/1381
f 1370/1370/1370 1371/1371/1371 1382/1382/1382
f 1371/1371/1371 1383/1383/1383 1382/1382/1382
f 1371/1371/1371 1372/1372/1372 1383/1383/1383
f 1373/1373/1373 1385/1385/1385 1384/1384/1384
f 1373/1373/1373 1374/1374/1374 1385/1385/1385
f 1374/1374/1374 1386/1386/1386 1385/1385/1385
f 1374/1374/1374 1375/1375/1375 1386/1386/1386
f 1375/1375/1375 1387/1387/1387 1386/1386/1386
f 1375/1375/1375 1376/1376/1376 1387/1387/1387
f 1376/1376/1376 1388/1388/1388 1387/1387/1387
f 1376/1376/1376 1377/1377/1377 1388/1388/1388
f 1377/1377/1377 1389/1389/1389 1388/1388/1388
f 1377/1377/1377 1378/1378/1378 1389/1389/1389
f 1378/1378/1378 1390/1390/1390 1389/1389/1389
f 1378/1378/1378 1379/1379/1379 1390/1390/1390
f 1379/1379/1379 1391/1391/1391 1390/1390/1390
f 1379/1379/1379 1380/1380/1380 1391/1391/1391
f 1380/1380/1380 1392/1392/1392 1391/1391/1391
f 1380/1380/1380 1381/1381/1381 1392/1392/1392
f 1381/1381/1381 1393/1393/1393 1392/1392/1392
f 1381/1381/1381 1382/1382/1382 1393/1393/1393
f 1382/1382/1382 1394/1394/1394 1393/1393/1393
f 1382/1382/1382 1383/1383/1383 1394/1394/1394
f 1395/1395/1395 1404/1404/1404 1396/1396/1396
f 1395/1395/1395 1403/1403/1403 1404/1404/1404
f 1411/1411/1411 1395/1395/1395 1396/1396/1396
f 1412/1412/1412 1404/1404/1404 1403/1403/1403
f 1396/1396/1396 1405/1405/1405 1397/1397/1397
f 1396/1396/1396 1404/1404/1404 1405/1405/1405
f 1411/1411/1411 1396/1396/1396 1397/1397/1397
f 1412/1412/1412 1405/1405/1405 1404/1404/1404
f 1397/1397/1397 1406/1406/1406 1398/1398/1398
f 1397/1397/1397 1405/1405/1405 1406/1406/1406
f 1411/1411/1411 1397/1397/1397 1398/1398/1398
f 1412/1412/1412 1406/1406/1406 1405/1405/1405
f 1398/1398/1398 1407/1407/1407 1399/1399/1399
f 1398/1398/1398 1406/1406/1406 1407/1407/1407
f 1411/1411/1411 1398/1398/1398 1399/1399/1399
f 1412/1412/1412 1407/1407/1407 1406/1406/1406
f 1399/1399/1399 1408/1408/1408 1400/1400/1400
f 1399/1399/1399 1407/1407/1407 1408/1408/1408
f 1411/1411/1411 1399/1399/1399 1400/1400/1400
f 1412/1412/1412 1408/1408/1408 1407/1407/1407
f 1400/1400/1400 1409/1409/1409 1401/1401/1401
f 1400/1400/1400 1408/1408/1408 1409/1409/1409
f 1411/1411/1411 1400/1400/1400 1401/1401/1401
f 1412/1412/1412 1409/1409/1409 1408/1408/1408
f 1401/1401/1401 1410/1410/1410 1402/1402/1402
f 1401/1401/1401 1409/1409/1409 1410/1410/1410
f 1411/1411/1411 1401/1401/1401 1402/1402/1402
f 1412/1412/1412 1410/1410/1410 1409/1409/1409
f 1402/1402/1402 1403/1403/1403 1395/1395/1395
f 1402/1402/1402 1410/1410/1410 1403/1403/1403
f 1411/1411/1411 1402/1402/1402 1395/1395/1395
f 1412/1412/1412 1403/1403/1403 1410/1410/1410
f 1413/1413/1413 1421/1421/1421 1414/1414/1414
f 1413/1413/1413 1420/1420/1420 1421/1421/1421
f 1427/1427/1427 1413/1413/1413 1414/1414/1414
f 1428/1428/1428 1421/1421/1421 1420/1420/1420
f 1414/1414/1414 1422/1422/1422 1415/1415/1415
f 1414/1414/1414 1421/1421/1421 1422/1422/1422
f 1427/1427/1427 1414/1414/1414 1415/1415/1415
f 1428/1428/1428 1422/1422/1422 1421/1421/1421
f 1415/1415/1415 1423/1423/1423 1416/1416/1416
f 1415/1415/1415 1422/1422/1422 1423/1423/1423
f 1427/1427/1427 1415/1415/1415 1416/1416/1416
f 1428/1428/1428 1423/1423/1423 1422/1422/1422
f 1416/1416/1416 1424/1424/1424 1417/1417/1417
f 1416/1416/1416 1423/1423/1423 1424/1424/1424
f 1427/1427/1427 1416/1416/1416 1417/1417/1417
f 1428/1428/1428 1424/1424/1424 1423/1423/1423
f 1417/1417/1417 1425/1425/1425 1418/1418/1418
f 1417/1417/1417 1424/1424/1424 1425/1425/1425
f 1427/1427/1427 1417/1417/1417 1418/1418/1418
f 1428/1428/1428 1425/1425/1425 1424/1424/1424
f 1418/1418/1418 1426/1426/1426 1419/1419/1419
f 1418/1418/1418 1425/1425/1425 1426/1426/1426
f 1427/1427/1427 1418/1418/1418 1419/1419/1419
f 1428/1428/1428 1426/1426/1426 1425/1425/1425
f 1419/1419/1419 1420/1420/1420 1413/1413/1413
f 1419/1419/1419 1426/1426/1426 1420/1420/1420
f 1427/1427/1427 1419/1419/1419 1413/1413/1413
f 1428/1428/1428 1420/1420/1420 1426/1426/1426
f 1429/1429/1429 1437/1437/1437 1433/1433/1433
f 1429/1429/1429 1433/1433/1433 1443/1443/1443
f 1429/1429/1429 1443/1443/1443 1441/1441/1441
f 1429/1429/1429 1445/1445/1445 1431/1431/1431
f 1429/1429/1429 1431/1431/1431 1439/1439/1439
f 1429/1429/1429 1439/1439/1439 1437/1437/1437
f 1429/1429/1429 1441/1441/1441 1430/1430/1430
f 1429/1429/1429 1430/1430/1430 1446/1446/1446
f 1429/1429/1429 1446/1446/1446 1445/1445/1445
f 1437/1437/1437 1439/1439/1439 1435/1435/1435
f 1437/1437/1437 1435/1435/1435 1447/1447/1447
f 1437/1437/1437 1447/1447/1447 1433/1433/1433
f 1431/1431/1431 1442/1442/1442 1432/1432/1432
f 1431/1431/1431 1432/1432/1432 1440/1440/1440
f 1431/1431/1431 1440/1440/1440 1439/1439/1439
f 1431/1431/1431 1445/1445/1445 1446/1446/1446
f 1431/1431/1431 1446/1446/1446 1432/1432/1432
f 1431/1431/1431 1432/1432/1432 1442/1442/1442
f 1433/1433/1433 1447/1447/1447 1448/1448/1448
f 1433/1433/1433 1448/1448/1448 1434/1434/1434
f 1433/1433/1433 1434/1434/1434 1443/1443/1443
f 1435/1435/1435 1444/1444/1444 1436/1436/1436
f 1435/1435/1435 1436/1436/1436 1448/1448/1448
f 1435/1435/1435 1448/1448/1448 1447/1447/1447
f 1435/1435/1435 1439/1439/1439 1440/1440/1440
f 1435/1435/1435 1440/1440/1440 1436/1436/1436
f 1435/1435/1435 1436/1436/1436 1444/1444/1444
f 1430/1430/1430 1438/1438/1438 1434/1434/1434
f 1430/1430/1430 1434/1434/1434 1443/1443/1443
f 1430/1430/1430 1443/1443/1443 1441/1441/1441
f 1430/1430/1430 1446/1446/1446 1432/1432/1432
f 1430/1430/1430 1432/1432/1432 1440/1440/1440
f 1430/1430/1430 1440/1440/1440 1438/1438/1438
f 1434/1434/1434 1448/1448/1448 1436/1436/1436
f 1434/1434/1434 1436/1436/1436 1444/1444/1444
f 1434/1434/1434 1444/1444/1444 1438/1438/1438
f 1449/1449/1449 1461/1461/1461 1460/1460/1460
f 1449/1449/1449 1450/1450/1450 1461/1461/1461
f 1450/1450/1450 1462/1462/1462 1461/1461/1461
f 1450/1450/1450 1451/1451/1451 1462/1462/1462
f 1451/1451/1451 1463/1463/1463 1462/1462/1462
f 1451/1451/1451 1452/1452/1452 1463/1463/1463
f 1452/1452/1452 1464/1464/1464 1463/1463/1463
f 1452/1452/1452 1453/1453/1453 1464/1464/1464
f 1453/1453/1453 1465/1465/1465 1464/1464/1464
f 1453/1453/1453 1454/1454/1454 1465/1465/1465
f 1454/1454/1454 1466/1466/1466 1465/1465/1465
f 1454/1454/1454 1455/1455/1455 1466/1466/1466
f 1455/1455/1455 1467/1467/1467 1466/1466/1466
f 1455/1455/1455 1456/1456/1456 1467/1467/1467
f 1456/1456/1456 1468/1468/1468 1467/1467/1467
f 1456/1456/1456 1457/1457/1457 1468/1468/1468
f 1457/1457/1457 1469/1469/1469 1468/1468/1468
f 1457/1457/1457 1458/1458/1458 1469/1469/1469
f 1458/1458/1458 1470/1470/1470 1469/1469/1469
f 1458/1458/1458 1459/1459/1459 1470/1470/1470
f 1460/1460/1460 1472/1472/1472 1471/1471/1471
f 1460/1460/1460 1461/1461/1461 1472/1472/1472
f 1461/1461/1461 1473/1473/1473 1472/1472/1472
f 1461/1461/1461 1462/1462/1462 1473/1473/1473
f 1462/1462/1462 1474/1474/1474 1473/1473/1473
f 1462/1462/1462 1463/1463/1463 1474/1474/1474
f 1463/1463/1463 1475/1475/1475 1474/1474/1474
f 1463/1463/1463 1464/1464/1464 1475/1475/1475
f 1464/1464/1464 1476/1476/1476 1475/1475/1475
f 1464/1464/1464 1465/1465/1465 1476/1476/1476
f 1465/1465/1465 1477/1477/1477 1476/1476/1476
f 1465/1465/1465 1466/1466/1466 1477/1477/1477
f 1466/1466/1466 1478/1478/1478 1477/1477/1477
f 1466/1466/1466 1467/1467/1467 1478/1478/1478
f 1467/1467/1467 1479/1479/1479 1478/1478/1478
f 1467/1467/1467 1468/1468/1468 1479/1479/1479
f 1468/1468/1468 1480/1480/1480 1479/1479/1479
f 1468/1468/1468 1469/1469/1469 1480/1480/1480
f 1469/1469/1469 1481/1481/1481 1480/1480/1480
f 1469/1469/1469 1470/1470/1470 1481/1481/1481
f 1471/1471/1471 1483/1483/1483 1482/1482/1482
f 1471/1471/1471 1472/1472/1472 1483/1483/1483
f 1472/1472/1472 1484/1484/1484 1483/1483/1483
f 1472/1472/1472 1473/1473/1473 1484/1484/1484
f 1473/1473/1473 1485/1485/1485 1484/1484/1484
f 1473/1473/1473 1474/1474/1474 1485/1485/1485
f 1474/1474/1474 1486/1486/1486 1485/1485/1485
f 1474/1474/1474 1475/1475/1475 1486/1486/1486
f 1475/1475/1475 1487/1487/1487 1486/1486/1486
f 1475/1475/1475 1476/1476/1476 1487/1487/1487
f 1476/1476/1476 1488/1488/1488 1487/1487/1487
f 1476/1476/1476 1477/1477/1477 1488/1488/1488
f 1477/1477/1477 1489/1489/1489 1488/1488/1488
f 1477/1477/1477 1478/1478/1478 1489/1489/1489
f 1478/1478/1478 1490/1490/1490 1489/1489/1489
f 1478/1478/1478 1479/1479/1479 1490/1490/1490
f 1479/1479/1479 1491/1491/1491 1490/1490/1490
f 1479/1479/1479 1480/1480/1480 1491/1491/1491
f 1480/1480/1480 1492/1492/1492 1491/1491/1491
f 1480/1480/1480 1481/1481/1481 1492/1492/1492
f 1482/1482/1482 1494/1494/1494 1493/1493/1493
f 1482/1482/1482 1483/1483/1483 1494/1494/1494
f 1483/1483/1483 1495/1495/1495 1494/1494/1494
f 1483/1483/1483 1484/1484/1484 1495/1495/1495
f 1484/1484/1484 1496/1496/1496 1495/1495/1495
f 1484/1484/1484 1485/1485/1485 1496/1496/1496
f 1485/1485/1485 1497/1497/1497 1496/1496/1496
f 1485/1485/1485 1486/1486/1486 1497/1497/1497
f 1486/1486/1486 1498/1498/1498 1497/1497/1497
f 1486/1486/1486 1487/1487/1487 1498/1498/1498
f 1487/1487/1487 1499/1499/1499 1498/1498/1498
f 1487/1487/1487 1488/1488/1488 1499/1499/1499
f 1488/1488/1488 1500/1500/1500 1499/1499/1499
f 1488/1488/1488 1489/1489/1489 1500/1500/1500
f 1489/1489/1489 1501/1501/1501 1500/1500/1500
f 1489/1489/1489 1490/1490/1490 1501/1501/1501
f 1490/1490/1490 1502/1502/1502 1501/1501/1501
f 1490/1490/1490 1491/1491/1491 1502/1502/1502
f 1491/1491/1491 1503/1503/1503 1502/1502/1502
f 1491/1491/1491 1492/1492/1492 1503/1503/1503
f 1493/1493/1493 1505/1505/1505 1504/1504/1504
f 1493/1493/1493 1494/1494/1494 1505/1505/1505
f 1494/1494/1494 1506/1506/1506 1505/1505/1505
f 1494/1494/1494 1495/1495/1495 1506/1506/1506
f 1495/1495/1495 1507/1507/1507 1506/1506/1506
f 1495/1495/1495 1496/1496/1496 1507/1507/1507
f 1496/1496/1496 1508/1508/1508 1507/1507/1507
f 1496/1496/1496 1497/1497/1497 1508/1508/1508
f 1497/1497/1497 1509/1509/1509 1508/1508/1508
f 1497/1497/1497 1498/1498/1498 1509/1509/1509
f 1498/1498/1498 1510/1510/1510 1509/1509/1509
f 1498/1498/1498 1499/1499/1499 1510/1510/1510
f 1499/1499/1499 1511/1511/1511 1510/1510/1510
f 1499/1499/1499 1500/1500/1500 1511/1511/1511
f 1500/1500/1500 1512/1512/1512 1511/1511/1511
f 1500/1500/1500 1501/1501/1501 1512/1512/1512
f 1501/1501/1501 1513/1513/1513 1512/1512/1512
f 1501/1501/1501 1502/1502/1502 1513/1513/1513
f 1502/1502/1502 1514/1514/1514 1513/1513/1513
f 1502/1502/1502 1503/1503/1503 1514/1514/1514
f 1504/1504/1504 1516/1516/1516 1515/1515/1515
f 1504/1504/1504 1505/1505/1505 1516/1516/1516
f 1505/1505/1505 1517/1517/1517 1516/1516/1516
f 1505/1505/1505 1506/1506/1506 1517/1517/1517
f 1506/1506/1506 1518/1518/1518 1517/1517/1517
f 1506/1506/1506 1507/1507/1507 1518/1518/1518
f 1507/1507/1507 1519/1519/1519 1518/1518/1518
f 1507/1507/1507 1508/1508/1508 1519/1519/1519
f 1508/1508/1508 1520/1520/1520 1519/1519/1519
f 1508/1508/1508 1509/1509/1509 1520/1520/1520
f 1509/1509/1509 1521/1521/1521 1520/1520/1520
f 1509/1509/1509 1510/1510/1510 1521/1521/1521
f 1510/1510/1510 1522/1522/1522 1521/1521/1521
f 1510/1510/1510 1511/1511/1511 1522/1522/1522
f 1511/1511/1511 1523/1523/1523 1522/1522/1522
f 1511/1511/1511 1512/1512/1512 1523/1523/1523
f 1512/1512/1512 1524/1524/1524 1523/1523/1523
f 1512/1512/1512 1513/1513/1513 1524/1524/1524
f 1513/1513/1513 1525/1525/1525 1524/1524/1524
f 1513/1513/1513 1514/1514/1514 1525/1525/1525
f 1515/1515/1515 1527/1527/1527 1526/1526/1526
f 1515/1515/1515 1516/1516/1516 1527/1527/1527
f 1516/1516/1516 1528/1528/1528 1527/1527/1527
f 1516/1516/1516 1517/1517/1517 1528/1528/1528
f 1517/1517/1517 1529/1529/1529 1528/1528/1528
f 1517/1517/1517 1518/1518/1518 1529/1529/1529
f 1518/1518/1518 1530/1530/1530 1529/1529/1529
f 1518/1518/1518 1519/1519/1519 1530/1530/1530
f 1519/1519/1519 1531/1531/1531 1530/1530/1530
f 1519/1519/1519 1520/1520/1520 1531/1531/1531
f 1520/1520/1520 1532/1532/1532 1531/1531/1531
f 1520/1520/1520 1521/1521/1521 1532/1532/1532
f 1521/1521/1521 1533/1533/1533 1532/1532/1532
f 1521/1521/1521 1522/1522/1522 1533/1533/1533
f 1522/1522/1522 1534/1534/1534 1533/1533/1533
f 1522/1522/1522 1523/1523/1523 1534/1534/1534
f 1523/1523/1523 1535/1535/1535 1534/1534/1534
f 1523/1523/1523 1524/1524/1524 1535/1535/1535
f 1524/1524/1524 1536/1536/1536 1535/1535/1535
f 1524/1524/1524 1525/1525/1525 1536/1536/1536
f 1526/1526/1526 1538/1538/1538 1537/1537/1537
f 1526/1526/1526 1527/1527/1527 1538/1538/1538
f 1527/1527/1527 1539/1539/1539 1538/1538/1538
f 1527/1527/1527 1528/1528/1528 1539/1539/1539
f 1528/1528/1528 1540/1540/1540 1539/1539/1539
f 1528/1528/1528 1529/1529/1529 1540/1540/1540
f 1529/1529/1529 1541/1541/1541 1540/1540/1540
f 1529/1529/1529 1530/1530/1530 1541/1541/1541
f 1530/1530/1530 1542/1542/1542 1541/1541/1541
f 1530/1530/1530 1531/1531/1531 1542/1542/1542
f 1531/1531/1531 1543/1543/1543 1542/1542/1542
f 1531/1531/1531 1532/1532/1532 1543/1543/1543
f 1532/1532/1532 1544/1544/1544 1543/1543/1543
f 1532/1532/1532 1533/1533/1533 1544/1544/1544
f 1533/1533/1533 1545/1545/1545 1544/1544/1544
f 1533/1533/1533 1534/1534/1534 1545/1545/1545
f 1534/1534/1534 1546/1546/1546 1545/1545/1545
f 1534/1534/1534 1535/1535/1535 1546/1546/1546
f 1535/1535/1535 1547/1547/1547 1546/1546/1546
f 1535/1535/1535 1536/1536/1536 1547/1547/1547
f 1548/1548/1548 1560/1560/1560 1559/1559/1559
f 1548/1548/1548 1549/1549/1549 1560/1560/1560
f 1549/1549/1549 1561/1561/1561 1560/1560/1560
f 1549/1549/1549 1550/1550/1550 1561/1561/1561
f 1550/1550/1550 1562/1562/1562 1561/1561/1561
f 1550/1550/1550 1551/1551/1551 1562/1562/1562
f 1551/1551/1551 1563/1563/1563 1562/1562/1562
f 1551/1551/1551 1552/1552/1552 1563/1563/1563
f 1552/1552/1552 1564/1564/1564 1563/1563/1563
f 1552/1552/1552 1553/1553/1553 1564/1564/1564
f 1553/1553/1553 1565/1565/1565 1564/1564/1564
f 1553/1553/1553 1554/1554/1554 1565/1565/1565
f 1554/1554/1554 1566/1566/1566 1565/1565/1565
f 1554/1554/1554 1555/1555/1555 1566/1566/1566
f 1555/1555/1555 1567/1567/1567 1566/1566/1566
f 1555/1555/1555 1556/1556/1556 1567/1567/1567
f 1556/1556/1556 1568/1568/1568 1567/1567/1567
f 1556/1556/1556 1557/1557/1557 1568/1568/1568
f 1557/1557/1557 1569/1569/1569 1568/1568/1568
f 1557/1557/1557 1558/1558/1558 1569/1569/1569
f 1559/1559/1559 1571/1571/1571 1570/1570/1570
f 1559/1559/1559 1560/1560/1560 1571/1571/1571
f 1560/1560/1560 1572/1572/1572 1571/1571/1571
f 1560/1560/1560 1561/1561/1561 1572/1572/1572
f 1561/1561/1561 1573/1573/1573 1572/1572/1572
f 1561/1561/1561 1562/1562/1562 1573/1573/1573
f 1562/1562/1562 1574/1574/1574 1573/1573/1573
f 1562/1562/1562 1563/1563/1563 1574/1574/1574
f 1563/1563/1563 1575/1575/1575 1574/1574/1574
f 1563/1563/1563 1564/1564/1564 1575/1575/1575
f 1564/1564/1564 1576/1576/1576 1575/1575/1575
f 1564/1564/1564 1565/1565/1565 1576/1576/1576
f 1565/1565/1565 1577/1577/1577 1576/1576/1576
f 1565/1565/1565 1566/1566/1566 1577/1577/1577
f 1566/1566/1566 1578/1578/1578 1577/1577/1577
f 1566/1566/1566 1567/1567/1567 1578/1578/1578
f 1567/1567/1567 1579/1579/1579 1578/1578/1578
f 1567/1567/1567 1568/1568/1568 1579/1579/1579
f 1568/1568/1568 1580/1580/1580 1579/1579/1579
f 1568/1568/1568 1569/1569/1569 1580/1580/1580
f 1570/1570/1570 1582/1582/1582 1581/1581/1581
f 1570/1570/1570 1571/1571/1571 1582/1582/1582
f 1571/1571/1571 1583/1583/1583 1582/1582/1582
f 1571/1571/1571 1572/1572/1572 1583/1583/1583
f 1572/1572/1572 1584/1584/1584 1583/1583/1583
f 1572/1572/1572 1573/1573/1573 1584/1584/1584
f 1573/1573/1573 1585/1585/1585 1584/1584/1584
f 1573/1573/1573 1574/1574/1574 1585/1585/1585
f 1574/1574/1574 1586/1586/1586 1585/1585/1585
f 1574/1574/1574 1575/1575/1575 1586/1586/1586
f 1575/1575/1575 1587/1587/1587 1586/1586/1586
f 1575/1575/1575 1576/1576/1576 1587/1587/1587
f 1576/1576/1576 1588/1588/1588 1587/1587/1587
f 1576/1576/1576 1577/1577/1577 1588/1588/1588
f 1577/1577/1577 1589/1589/1589 1588/1588/1588
f 1577/1577/1577 1578/1578/1578 1589/1589/1589
f 1578/1578/1578 1590/1590/1590 1589/1589/1589
f 1578/1578/1578 1579/1579/1579 1590/1590/1590
f 1579/1579/1579 1591/1591/1591 1590/1590/1590
f 1579/1579/1579 1580/1580/1580 1591/1591/1591
f 1581/1581/1581 1593/1593/1593 1592/1592/1592
f 1581/1581/1581 1582/1582/1582 1593/1593/1593
f 1582/1582/1582 1594/1594/1594 1593/1593/1593
f 1582/1582/1582 1583/1583/1583 1594/1594/1594
f 1583/1583/1583 1595/1595/1595 1594/1594/1594
f 1583/1583/1583 1584/1584/1584 1595/1595/1595
f 1584/1584/1584 1596/1596/1596 1595/1595/1595
f 1584/1584/1584 1585/1585/1585 1596/1596/1596
f 1585/1585/1585 1597/1597/1597 1596/1596/1596
f 1585/1585/1585 1586/1586/1586 1597/1597/1597
f 1586/1586/1586 1598/1598/1598 1597/1597/1597
f 1586/1586/1586 1587/1587/1587 1598/1598/1598
f 1587/1587/1587 1599/1599/1599 1598/1598/1598
f 1587/1587/1587 1588/1588/1588 1599/1599/1599
f 1588/1588/1588 1600/1600/1600 1599/1599/1599
f 1588/1588/1588 1589/1589/1589 1600/1600/1600
f 1589/1589/1589 1601/1601/1601 1600/1600/1600
f 1589/1589/1589 1590/1590/1590 1601/1601/1601
f 1590/1590/1590 1602/1602/1602 1601/1601/1601
f 1590/1590/1590 1591/1591/1591 1602/1602/1602
f 1592/1592/1592 1604/1604/1604 1603/1603/1603
f 1592/1592/1592 1593/1593/1593 1604/1604/1604
f 1593/1593/1593 1605/1605/1605 1604/1604/1604
f 1593/1593/1593 1594/1594/1594 1605/1605/1605
f 1594/1594/1594 1606/1606/1606 1605/1605/1605
f 1594/1594/1594 1595/1595/1595 1606/1606/1606
f 1595/1595/1595 1607/1607/1607 1606/1606/1606
f 1595/1595/1595 1596/1596/1596 1607/1607/1607
f 1596/1596/1596 1608/1608/1608 1607/1607/1607
f 1596/1596/1596 1597/1597/1597 1608/1608/1608
f 1597/1597/1597 1609/1609/1609 1608/1608/1608
f 1597/1597/1597 1598/1598/1598 1609/1609/1609
f 1598/1598/1598 1610/1610/1610 1609/1609/1609
f 1598/1598/1598 1599/1599/1599 1610/1610/1610
f 1599/1599/1599 1611/1611/1611 1610/1610/1610
f 1599/1599/1599 1600/1600/1600 1611/1611/1611
f 1600/1600/1600 1612/1612/1612 1611/1611/1611
f 1600/1600/1600 1601/1601/1601 1612/1612/1612
f 1601/1601/1601 1613/1613/1613 1612/1612/1612
f 1601/1601/1601 1602/1602/1602 1613/1613/1613
f 1603/1603/1603 1615/1615/1615 1614/1614/1614
f 1603/1603/1603 1604/1604/1604 1615/1615/1615
f 1604/1604/1604 1616/1616/1616 1615/1615/1615
f 1604/1604/1604 1605/1605/1605 1616/1616/1616
f 1605/1605/1605 1617/1617/1617 1616/1616/1616
f 1605/1605/1605 1606/1606/1606 1617/1617/1617
f 1606/1606/1606 1618/1618/1618 1617/1617/1617
f 1606/1606/1606 1607/1607/1607 1618/1618/1618
f 1607/1607/1607 1619/1619/1619 1618/1618/1618
f 1607/1607/1607 1608/1608/1608 1619/1619/1619
f 1608/1608/1608 1620/1620/1620 1619/1619/1619
f 1608/1608/1608 1609/1609/1609 1620/1620/1620
f 1609/1609/1609 1621/1621/1621 1620/1620/1620
f 1609/1609/1609 1610/1610/1610 1621/1621/1621
f 1610/1610/1610 1622/1622/1622 1621/1621/1621
f 1610/1610/1610 1611/1611/1611 1622/1622/1622
f 1611/1611/1611 1623/1623/1623 1622/1622/1622
f 1611/1611/1611 1612/1612/1612 1623/1623/1623
f 1612/1612/1612 1624/1624/1624 1623/1623/1623
f 1612/1612/1612 1613/1613/1613 1624/1624/1624
f 1614/1614/1614 1626/1626/1626 1625/1625/1625
f 1614/1614/1614 1615/1615/1615 1626/1626/1626
f 1615/1615/1615 1627/1627/1627 1626/1626/1626
f 1615/1615/1615 1616/1616/1616 1627/1627/1627
f 1616/1616/1616 1628/1628/1628 1627/1627/1627
f 1616/1616/1616 1617/1617/1617 1628/1628/1628
f 1617/1617/1617 1629/1629/1629 1628/1628/1628
f 1617/1617/1617 1618/1618/1618 1629/1629/1629
f 1618/1618/1618 1630/1630/1630 1629/1629/1629
f 1618/1618/1618 1619/1619/1619 1630/1630/1630
f 1619/1619/1619 1631/1631/1631 1630/1630/1630
f 1619/1619/1619 1620/1620/1620 1631/1631/1631
f 1620/1620/1620 1632/1632/1632 1631/1631/1631
f 1620/1620/1620 1621/1621/1621 1632/1632/1632
f 1621/1621/1621 1633/1633/1633 1632/1632/1632
f 1621/1621/1621 1622/1622/1622 1633/1633/1633
f 1622/1622/1622 1634/1634/1634 1633/1633/1633
f 1622/1622/1622 1623/1623/1623 1634/1634/1634
f 1623/1623/1623 1635/1635/1635 1634/1634/1634
f 1623/1623/1623 1624/1624/1624 1635/1635/1635
f 1625/1625/1625 1637/1637/1637 1636/1636/1636
f 1625/1625/1625 1626/1626/1626 1637/1637/1637
f 1626/1626/1626 1638/1638/1638 1637/1637/1637
f 1626/1626/1626 1627/1627/1627 1638/1638/1638
f 1627/1627/1627 1639/1639/1639 1638/1638/1638
f 1627/1627/1627 1628/1628/1628 1639/1639/1639
f 1628/1628/1628 1640/1640/1640 1639/1639/1639
f 1628/1628/1628 1629/1629/1629 1640/1640/1640
f 1629/1629/1629 1641/1641/1641 1640/1640/1640
f 1629/1629/1629 1630/1630/1630 1641/1641/1641
f 1630/1630/1630 1642/1642/1642 1641/1641/1641
f 1630/1630/1630 1631/1631/1631 1642/1642/1642
f 1631/1631/1631 1643/1643/1643 1642/1642/1642
f 1631/1631/1631 1632/1632/1632 1643/1643/1643
f 1632/1632/1632 1644/1644/1644 1643/1643/1643
f 1632/1632/1632 1633/1633/1633 1644/1644/1644
f 1633/1633/1633 1645/1645/1645 1644/1644/1644
f 1633/1633/1633 1634/1634/1634 1645/1645/1645
f 1634/1634/1634 1646/1646/1646 1645/1645/1645
f 1634/1634/1634 1635/1635/1635 1646/1646/1646
f 1647/1647/1647 1659/1659/1659 1658/1658/1658
f 1647/1647/1647 1648/1648/1648 1659/1659/1659
f 1648/1648/1648 1660/1660/1660 1659/1659/1659
f 1648/1648/1648 1649/1649/1649 1660/1660/1660
f 1649/1649/1649 1661/1661/1661 1660/1660/1660
f 1649/1649/1649 1650/1650/1650 1661/1661/1661
f 1650/1650/1650 1662/1662/1662 1661/1661/1661
f 1650/1650/1650 1651/1651/1651 1662/1662/1662
f 1651/1651/1651 1663/1663/1663 1662/1662/1662
f 1651/1651/1651 1652/1652/1652 1663/1663/1663
f 1652/1652/1652 1664/1664/1664 1663/1663/1663
f 1652/1652/1652 1653/1653/1653 1664/1664/1664
f 1653/1653/1653 1665/1665/1665 1664/1664/1664
f 1653/1653/1653 1654/1654/1654 1665/1665/1665
f 1654/1654/1654 1666/1666/1666 1665/1665/1665
f 1654/1654/1654 1655/1655/1655 1666/1666/1666
f 1655/1655/1655 1667/1667/1667 1666/1666/1666
f 1655/1655/1655 1656/1656/1656 1667/1667/1667
f 1656/1656/1656 1668/1668/1668 1667/1667/1667
f 1656/1656/1656 1657/1657/1657 1668/1668/1668
f 1658/1658/1658 1670/1670/1670 1669/1669/1669
f 1658/1658/1658 1659/1659/1659 1670/1670/1670
f 1659/1659/1659 1671/1671/1671 1670/1670/1670
f 1659/1659/1659 1660/1660/1660 1671/1671/1671
f 1660/1660/1660 1672/1672/1672 1671/1671/1671
f 1660/1660/1660 1661/1661/1661 1672/1672/1672
f 1661/1661/1661 1673/1673/1673 1672/1672/1672
f 1661/1661/1661 1662/1662/1662 1673/1673/1673
f 1662/1662/1662 1674/1674/1674 1673/1673/1673
f 1662/1662/1662 1663/1663/1663 1674/1674/1674
f 1663/1663/1663 1675/1675/1675 1674/1674/1674
f 1663/1663/1663 1664/1664/1664 1675/1675/1675
f 1664/1664/1664 1676/1676/1676 1675/1675/1675
f 1664/1664/1664 1665/1665/1665 1676/1676/1676
f 1665/1665/1665 1677/1677/1677 1676/1676/1676
f 1665/1665/1665 1666/1666/1666 1677/1677/1677
f 1666/1666/1666 1678/1678/1678 1677/1677/1677
f 1666/1666/1666 1667/1667/1667 1678/1678/1678
f 1667/1667/1667 1679/1679/1679 1678/1678/1678
f 1667/1667/1667 1668/1668/1668 1679/1679/1679
f 1669/1669/1669 1681/1681/1681 1680/1680/1680
f 1669/1669/1669 1670/1670/1670 1681/1681/1681
f 1670/1670/1670 1682/1682/1682 1681/1681/1681
f 1670/1670/1670 1671/1671/1671 1682/1682/1682
f 1671/1671/1671 1683/1683/1683 1682/1682/1682
f 1671/1671/1671 1672/1672/1672 1683/1683/1683
f 1672/1672/1672 1684/1684/1684 1683/1683/1683
f 1672/1672/1672 1673/1673/1673 1684/1684/1684
f 1673/1673/1673 1685/1685/1685 1684/1684/1684
f 1673/1673/1673 1674/1674/1674 1685/1685/1685
f 1674/1674/1674 1686/1686/1686 1685/1685/1685
f 1674/1674/1674 1675/1675/1675 1686/1686/1686
f 1675/1675/1675 1687/1687/1687 1686/1686/1686
f 1675/1675/1675 1676/1676/1676 1687/1687/1687
f 1676/1676/1676 1688/1688/1688 1687/1687/1687
f 1676/1676/1676 1677/1677/1677 1688/1688/1688
f 1677/1677/1677 1689/1689/1689 1688/1688/1688
f 1677/1677/1677 1678/1678/1678 1689/1689/1689
f 1678/1678/1678 1690/1690/1690 1689/1689/1689
f 1678/1678/1678 1679/1679/1679 1690/1690/1690
f 1680/1680/1680 1692/1692/1692 1691/1691/1691
f 1680/1680/1680 1681/1681/1681 1692/1692/1692
f 1681/1681/1681 1693/1693/1693 1692/1692/1692
f 1681/1681/1681 1682/1682/1682 1693/1693/1693
f 1682/1682/1682 1694/1694/1694 1693/1693/1693
f 1682/1682/1682 1683/1683/1683 1694/1694/1694
f 1683/1683/1683 1695/1695/1695 1694/1694/1694
f 1683/1683/1683 1684/1684/1684 1695/1695/1695
f 1684/1684/1684 1696/1696/1696 1695/1695/1695
f 1684/1684/1684 1685/1685/1685 1696/1696/1696
f 1685/1685/1685 1697/1697/1697 1696/1696/1696
f 1685/1685/1685 1686/1686/1686 1697/1697/1697
f 1686/1686/1686 1698/1698/1698 1697/1697/1697
f 1686/1686/1686 1687/1687/1687 1698/1698/1698
f 1687/1687/1687 1699/1699/1699 1698/1698/1698
f 1687/1687/1687 1688/1688/1688 1699/1699/1699
f 1688/1688/1688 1700/1700/1700 1699/1699/1699
f 1688/1688/1688 1689/1689/1689 1700/1700/1700
f 1689/1689/1689 1701/1701/1701 1700/1700/1700
f 1689/1689/1689 1690/1690/1690 1701/1701/1701
f 1691/1691/1691 1703/1703/1703 1702/1702/1702
f 1691/1691/1691 1692/1692/1692 1703/1703/1703
f 1692/1692/1692 1704/1704/1704 1703/1703/1703
f 1692/1692/1692 1693/1693/1693 1704/1704/1704
f 1693/1693/1693 1705/1705/1705 1704/1704/1704
f 1693/1693/1693 1694/1694/1694 1705/1705/1705
f 1694/1694/1694 1706/1706/1706 1705/1705/1705
f 1694/1694/1694 1695/1695/1695 1706/1706/1706
f 1695/1695/1695 1707/1707/1707 1706/1706/1706
f 1695/1695/1695 1696/1696/1696 1707/1707/1707
f 1696/1696/1696 1708/1708/1708 1707/1707/1707
f 1696/1696/1696 1697/1697/1697 1708/1708/1708
f 1697/1697/1697 1709/1709/1709 1708/1708/1708
f 1697/1697/1697 1698/1698/1698 1709/1709/1709
f 1698/1698/1698 1710/1710/1710 1709/1709/1709
f 1698/1698/1698 1699/1699/1699 1710/1710/1710
f 1699/1699/1699 1711/1711/1711 1710/1710/1710
f 1699/1699/1699 1700/1700/1700 1711/1711/1711
f 1700/1700/1700 1712/1712/1712 1711/1711/1711
f 1700/1700/1700 1701/1701/1701 1712/1712/1712
f 1702/1702/1702 1714/1714/1714 1713/1713/1713
f 1702/1702/1702 1703/1703/1703 1714/1714/1714
f 1703/1703/1703 1715/1715/1715 1714/1714/1714
f 1703/1703/1703 1704/1704/1704 1715/1715/1715
f 1704/1704/1704 1716/1716/1716 1715/1715/1715
f 1704/1704/1704 1705/1705/1705 1716/1716/1716
f 1705/1705/1705 1717/1717/1717 1716/1716/1716
f 1705/1705/1705 1706/1706/1706 1717/1717/1717
f 1706/1706/1706 1718/1718/1718 1717/1717/1717
f 1706/1706/1706 1707/1707/1707 1718/1718/1718
f 1707/1707/1707 1719/1719/1719 1718/1718/1718
f 1707/1707/1707 1708/1708/1708 1719/1719/1719
f 1708/1708/1708 1720/1720/1720 1719/1719/1719
f 1708/1708/1708 1709/1709/1709 1720/1720/1720
f 1709/1709/1709 1721/1721/1721 1720/1720/1720
f 1709/1709/1709 1710/1710/1710 1721/1721/1721
f 1710/1710/1710 1722/1722/1722 1721/1721/1721
f 1710/1710/1710 1711/1711/1711 1722/1722/1722
f 1711/1711/1711 1723/1723/1723 1722/1722/1722
f 1711/1711/1711 1712/1712/1712 1723/1723/1723
f 1713/1713/1713 1725/1725/1725 1724/1724/1724
f 1713/1713/1713 1714/1714/1714 1725/1725/1725
f 1714/1714/1714 1726/1726/1726 1725/1725/1725
f 1714/1714/1714 1715/1715/1715 1726/1726/1726
f 1715/1715/1715 1727/1727/1727 1726/1726/1726
f 1715/1715/1715 1716/1716/1716 1727/1727/1727
f 1716/1716/1716 1728/1728/1728 1727/1727/1727
f 1716/1716/1716 1717/1717/1717 1728/1728/1728
f 1717/1717/1717 1729/1729/1729 1728/1728/1728
f 1717/1717/1717 1718/1718/1718 1729/1729/1729
f 1718/1718/1718 1730/1730/1730 1729/1729/1729
f 1718/1718/1718 1719/1719/1719 1730/1730/1730
f 1719/1719/1719 1731/1731/1731 1730/1730/1730
f 1719/1719/1719 1720/1720/1720 1731/1731/1731
f 1720/1720/1720 1732/1732/1732 1731/1731/1731
f 1720/1720/1720 1721/1721/1721 1732/1732/1732
f 1721/1721/1721 1733/1733/1733 1732/1732/1732
f 1721/1721/1721 1722/1722/1722 1733/1733/1733
f 1722/1722/1722 1734/1734/1734 1733/1733/1733
f 1722/1722/1722 1723/1723/1723 1734/1734/1734
f 1724/1724/1724 1736/1736/1736 1735/1735/1735
f 1724/1724/1724 1725/1725/1725 1736/1736/1736
f 1725/1725/1725 1737/1737/1737 1736/1736/1736
f 1725/1725/1725 1726/1726/1726 1737/1737/1737
f 1726/1726/1726 1738/1738/1738 1737/1737/1737
f 1726/1726/1726 1727/1727/1727 1738/1738/1738
f 1727/1727/1727 1739/1739/1739 1738/1738/1738
f 1727/1727/1727 1728/1728/1728 1739/1739/1739
f 1728/1728/1728 1740/1740/1740 1739/1739/1739
f 1728/1728/1728 1729/1729/1729 1740/1740/1740
f 1729/1729/1729 1741/1741/1741 1740/1740/1740
f 1729/1729/1729 1730/1730/1730 1741/1741/1741
f 1730/1730/1730 1742/1742/1742 1741/1741/1741
f 1730/1730/1730 1731/1731/1731 1742/1742/1742
f 1731/1731/1731 1743/1743/1743 1742/1742/1742
f 1731/1731/1731 1732/1732/1732 1743/1743/1743
f 1732/1732/1732 1744/1744/1744 1743/1743/1743
f 1732/1732/1732 1733/1733/1733 1744/1744/1744
f 1733/1733/1733 1745/1745/1745 1744/1744/1744
f 1733/1733/1733 1734/1734/1734 1745/1745/1745
f 1746/1746/1746 1758/1758/1758 1757/1757/1757
f 1746/1746/1746 1747/1747/1747 1758/1758/1758
f 1747/1747/1747 1759/1759/1759 1758/1758/1758
f 1747/1747/1747 1748/1748/1748 1759/1759/1759
f 1748/1748/1748 1760/1760/1760 1759/1759/1759
f 1748/1748/1748 1749/1749/1749 1760/1760/1760
f 1749/1749/1749 1761/1761/1761 1760/1760/1760
f 1749/1749/1749 1750/1750/1750 1761/1761/1761
f 1750/1750/1750 1762/1762/1762 1761/1761/1761
f 1750/1750/1750 1751/1751/1751 1762/1762/1762
f 1751/1751/1751 1763/1763/1763 1762/1762/1762
f 1751/1751/1751 1752/1752/1752 1763/1763/1763
f 1752/1752/1752 1764/1764/1764 1763/1763/1763
f 1752/1752/1752 1753/1753/1753 1764/1764/1764
f 1753/1753/1753 1765/1765/1765 1764/1764/1764
f 1753/1753/1753 1754/1754/1754 1765/1765/1765
f 1754/1754/1754 1766/1766/1766 1765/1765/1765
f 1754/1754/1754 1755/1755/1755 1766/1766/1766
f 1755/1755/1755 1767/1767/1767 1766/1766/1766
f 1755/1755/1755 1756/1756/1756 1767/1767/1767
f 1757/1757/1757 1769/1769/1769 1768/1768/1768
f 1757/1757/1757 1758/1758/1758 1769/1769/1769
f 1758/1758/1758 1770/1770/1770 1769/1769/1769
f 1758/1758/1758 1759/1759/1759 1770/1770/1770
f 1759/1759/1759 1771/1771/1771 1770/1770/1770
f 1759/1759/1759 1760/1760/1760 1771/1771/1771
f 1760/1760/1760 1772/1772/1772 1771/1771/1771
f 1760/1760/1760 1761/1761/1761 1772/1772/1772
f 1761/1761/1761 1773/1773/1773 1772/1772/1772
f 1761/1761/1761 1762/1762/1762 1773/1773/1773
f 1762/1762/1762 1774/1774/1774 1773/1773/1773
f 1762/1762/1762 1763/1763/1763 1774/1774/1774
f 1763/1763/1763 1775/1775/1775 1774/1774/1774
f 1763/1763/1763 1764/1764/1764 1775/1775/1775
f 1764/1764/1764 1776/1776/1776 1775/1775/1775
f 1764/1764/1764 1765/1765/1765 1776/1776/1776
f 1765/1765/1765 1777/1777/1777 1776/1776/1776
f 1765/1765/1765 1766/1766/1766 1777/1777/1777
f 1766/1766/1766 1778/1778/1778 1777/1777/1777
f 1766/1766/1766 1767/1767/1767 1778/1778/1778
f 1768/1768/1768 1780/1780/1780 1779/1779/1779
f 1768/1768/1768 1769/1769/1769 1780/1780/1780
f 1769/1769/1769 1781/1781/1781 1780/1780/1780
f 1769/1769/1769 1770/1770/1770 1781/1781/1781
f 1770/1770/1770 1782/1782/1782 1781/1781/1781
f 1770/1770/1770 1771/1771/1771 1782/1782/1782
f 1771/1771/1771 1783/1783/1783 1782/1782/1782
f 1771/1771/1771 1772/1772/1772 1783/1783/1783
f 1772/1772/1772 1784/1784/1784 1783/1783/1783
f 1772/1772/1772 1773/1773/1773 1784/1784/1784
f 1773/1773/1773 1785/1785/1785 1784/1784/1784
f 1773/1773/1773 1774/1774/1774 1785/1785/1785
f 1774/1774/1774 1786/1786/1786 1785/1785/1785
f 1774/1774/1774 1775/1775/1775 1786/1786/1786
f 1775/1775/1775 1787/1787/1787 1786/1786/1786
f 1775/1775/1775 1776/1776/1776 1787/1787/1787
f 1776/1776/1776 1788/1788/1788 1787/1787/1787
f 1776/1776/1776 1777/1777/1777 1788/1788/1788
f 1777/1777/1777 1789/1789/1789 1788/1788/1788
f 1777/1777/1777 1778/1778/1778 1789/1789/1789
f 1779/1779/1779 1791/1791/1791 1790/1790/1790
f 1779/1779/1779 1780/1780/1780 1791/1791/1791
f 1780/1780/1780 1792/1792/1792 1791/1791/1791
f 1780/1780/1780 1781/1781/1781 1792/1792/1792
f 1781/1781/1781 1793/1793/1793 1792/1792/1792
f 1781/1781/1781 1782/1782/1782 1793/1793/1793
f 1782/1782/1782 1794/1794/1794 1793/1793/1793
f 1782/1782/1782 1783/1783/1783 1794/1794/1794
f 1783/1783/1783 1795/1795/1795 1794/1794/1794
f 1783/1783/1783 1784/1784/1784 1795/1795/1795
f 1784/1784/1784 1796/1796/1796 1795/1795/1795
f 1784/1784/1784 1785/1785/1785 1796/1796/1796
f 1785/1785/1785 1797/1797/1797 1796/1796/1796
f 1785/1785/1785 1786/1786/1786 1797/1797/1797
f 1786/1786/1786 1798/1798/1798 1797/1797/1797
f 1786/1786/1786 1787/1787/1787 1798/1798/1798
f 1787/1787/1787 1799/1799/1799 1798/1798/1798
f 1787/1787/1787 1788/1788/1788 1799/1799/1799
f 1788/1788/1788 1800/1800/1800 1799/1799/1799
f 1788/1788/1788 1789/1789/1789 1800/1800/1800
f 1790/1790/1790 1802/1802/1802 1801/1801/1801
f 1790/1790/1790 1791/1791/1791 1802/1802/1802
f 1791/1791/1791 1803/1803/1803 1802/1802/1802
f 1791/1791/1791 1792/1792/1792 1803/1803/1803
f 1792/1792/1792 1804/1804/1804 1803/1803/1803
f 1792/1792/1792 1793/1793/1793 1804/1804/1804
f 1793/1793/1793 1805/1805/1805 1804/1804/1804
f 1793/1793/1793 1794/1794/1794 1805/1805/1805
f 1794/1794/1794 1806/1806/1806 1805/1805/1805
f 1794/1794/1794 1795/1795/1795 1806/1806/1806
f 1795/1795/1795 1807/1807/1807 1806/1806/1806
f 1795/1795/1795 1796/1796/1796 1807/1807/1807
f 1796/1796/1796 1808/1808/1808 1807/1807/1807
f 1796/1796/1796 1797/1797/1797 1808/1808/1808
f 1797/1797/1797 1809/1809/1809 1808/1808/1808
f 1797/1797/1797 1798/1798/1798 1809/1809/1809
f 1798/1798/1798 1810/1810/1810 1809/1809/1809
f 1798/1798/1798 1799/1799/1799 1810/1810/1810
f 1799/1799/1799 1811/1811/1811 1810/1810/1810
f 1799/1799/1799 1800/1800/1800 1811/1811/1811
f 1801/1801/1801 1813/1813/1813 1812/1812/1812
f 1801/1801/1801 1802/1802/1802 1813/1813/1813
f 1802/1802/1802 1814/1814/1814 1813/1813/1813
f 1802/1802/1802 1803/1803/1803 1814/1814/1814
f 1803/1803/1803 1815/1815/1815 1814/1814/1814
f 1803/1803/1803 1804/1804/1804 1815/1815/1815
f 1804/1804/1804 1816/1816/1816 1815/1815/1815
f 1804/1804/1804 1805/1805/1805 1816/1816/1816
f 1805/1805/1805 1817/1817/1817 1816/1816/1816
f 1805/1805/1805 1806/1806/1806 1817/1817/1817
f 1806/1806/1806 1818/1818/1818 1817/1817/1817
f 1806/1806/1806 1807/1807/1807 1818/1818/1818
f 1807/1807/1807 1819/1819/1819 1818/1818/1818
f 1807/1807/1807 1808/1808/1808 1819/1819/1819
f 1808/1808/1808 1820/1820/1820 1819/1819/1819
f 1808/1808/1808 1809/1809/1809 1820/1820/1820
f 1809/1809/1809 1821/1821/1821 1820/1820/1820
f 1809/1809/1809 1810/1810/1810 1821/1821/1821
f 1810/1810/1810 1822/1822/1822 1821/1821/1821
f 1810/1810/1810 1811/1811/1811 1822/1822/1822
f 1812/1812/1812 1824/1824/1824 1823/1823/1823
f 1812/1812/1812 1813/1813/1813 1824/1824/1824
f 1813/1813/1813 1825/1825/1825 1824/1824/1824
f 1813/1813/1813 1814/1814/1814 1825/1825/1825
f 1814/1814/1814 1826/1826/1826 1825/1825/1825
f 1814/1814/1814 1815/1815/1815 1826/1826/1826
f 1815/1815/1815 1827/1827/1827 1826/1826/1826
f 1815/1815/1815 1816/1816/1816 1827/1827/1827
f 1816/1816/1816 1828/1828/1828 1827/1827/1827
f 1816/1816/1816 1817/1817/1817 1828/1828/1828
f 1817/1817/1817 1829/1829/1829 1828/1828/1828
f 1817/1817/1817 1818/1818/1818 1829/1829/1829
f 1818/1818/1818 1830/1830/1830 1829/1829/1829
f 1818/1818/1818 1819/1819/1819 1830/1830/1830
f 1819/1819/1819 1831/1831/1831 1830/1830/1830
f 1819/1819/1819 1820/1820/1820 1831/1831/1831
f 1820/1820/1820 1832/1832/1832 1831/1831/1831
f 1820/1820/1820 1821/1821/1821 1832/1832/1832
f 1821/1821/1821 1833/1833/1833 1832/1832/1832
f 1821/1821/1821 1822/1822/1822 1833/1833/1833
f 1823/1823/1823 1835/1835/1835 1834/1834/1834
f 1823/1823/1823 1824/1824/1824 1835/1835/1835
f 1824/1824/1824 1836/1836/1836 1835/1835/1835
f 1824/1824/1824 1825/1825/1825 1836/1836/1836
f 1825/1825/1825 1837/1837/1837 1836/1836/1836
f 1825/1825/1825 1826/1826/1826 1837/1837/1837
f 1826/1826/1826 1838/1838/1838 1837/1837/1837
f 1826/1826/1826 1827/1827/1827 1838/1838/1838
f 1827/1827/1827 1839/1839/1839 1838/1838/1838
f 1827/1827/1827 1828/1828/1828 1839/1839/1839
f 1828/1828/1828 1840/1840/1840 1839/1839/1839
f 1828/1828/1828 1829/1829/1829 1840/1840/1840
f 1829/1829/1829 1841/1841/1841 1840/1840/1840
f 1829/1829/1829 1830/1830/1830 1841/1841/1841
f 1830/1830/1830 1842/1842/1842 1841/1841/1841
f 1830/1830/1830 1831/1831/1831 1842/1842/1842
f 1831/1831/1831 1843/1843/1843 1842/1842/1842
f 1831/1831/1831 1832/1832/1832 1843/1843/1843
f 1832/1832/1832 1844/1844/1844 1843/1843/1843
f 1832/1832/1832 1833/1833/1833 1844/1844/1844
f 1845/1845/1845 1854/1854/1854 1846/1846/1846
f 1845/1845/1845 1853/1853/1853 1854/1854/1854
f 1861/1861/1861 1845/1845/1845 1846/1846/1846
f 1862/1862/1862 1854/1854/1854 1853/1853/1853
f 1846/1846/1846 1855/1855/1855 1847/1847/1847
f 1846/1846/1846 1854/1854/1854 1855/1855/1855
f 1861/1861/1861 1846/1846/1846 1847/1847/1847
f 1862/1862/1862 1855/1855/1855 1854/1854/1854
f 1847/1847/1847 1856/1856/1856 1848/1848/1848
f 1847/1847/1847 1855/1855/1855 1856/1856/1856
f 1861/1861/1861 1847/1847/1847 1848/1848/1848
f 1862/1862/1862 1856/1856/1856 1855/1855/1855
f 1848/1848/1848 1857/1857/1857 1849/1849/1849
f 1848/1848/1848 1856/1856/1856 1857/1857/1857
f 1861/1861/1861 1848/1848/1848 1849/1849/1849
f 1862/1862/1862 1857/1857/1857 1856/1856/1856
f 1849/1849/1849 1858/1858/1858 1850/1850/1850
f 1849/1849/1849 1857/1857/1857 1858/1858/1858
f 1861/1861/1861 1849/1849/1849 1850/1850/1850
f 1862/1862/1862 1858/1858/1858 1857/1857/1857
f 1850/1850/1850 1859/1859/1859 1851/1851/1851
f 1850/1850/1850 1858/1858/1858 1859/1859/1859
f 1861/1861/1861 1850/1850/1850 1851/1851/1851
f 1862/1862/1862 1859/1859/1859 1858/1858/1858
f 1851/1851/1851 1860/1860/1860 1852/1852/1852
f 1851/1851/1851 1859/1859/1859 1860/1860/1860
f 1861/1861/1861 1851/1851/1851 1852/1852/1852
f 1862/1862/1862 1860/1860/1860 1859/1859/1859
f 1852/1852/1852 1853/1853/1853 1845/1845/1845
f 1852/1852/1852 1860/1860/1860 1853/1853/1853
f 1861/1861/1861 1852/1852/1852 1845/1845/1845
f 1862/1862/1862 1853/1853/1853 1860/1860/1860
f 1863/1863/1863 1871/1871/1871 1864/1864/1864
f 1863/1863/1863 1870/1870/1870 1871/1871/1871
f 1877/1877/1877 1863/1863/1863 1864/1864/1864
f 1878/1878/1878 1871/1871/1871 1870/1870/1870
f 1864/1864/1864 1872/1872/1872 1865/1865/1865
f 1864/1864/1864 1871/1871/1871 1872/1872/1872
f 1877/1877/1877 1864/1864/1864 1865/1865/1865
f 1878/1878/1878 1872/1872/1872 1871/1871/1871
f 1865/1865/1865 1873/1873/1873 1866/1866/1866
f 1865/1865/1865 1872/1872/1872 1873/1873/1873
f 1877/1877/1877 1865/1865/1865 1866/1866/1866
f 1878/1878/1878 1873/1873/1873 1872/1872/1872
f 1866/1866/1866 1874/1874/1874 1867/1867/1867
f 1866/1866/1866 1873/1873/1873 1874/1874/1874
f 1877/1877/1877 1866/1866/1866 1867/1867/1867
f 1878/1878/1878 1874/1874/1874 1873/1873/1873
f 1867/1867/1867 1875/1875/1875 1868/1868/1868
f 1867/1867/1867 1874/1874/1874 1875/1875/1875
f 1877/1877/1877 1867/1867/1867 1868/1868/1868
f 1878/1878/1878 1875/1875/1875 1874/1874/1874
f 1868/1868/1868 1876/1876/1876 1869/1869/1869
f 1868/1868/1868 1875/1875/1875 1876/1876/1876
f 1877/1877/1877 1868/1868/1868 1869/1869/1869
f 1878/1878/1878 1876/1876/1876 1875/1875/1875
f 1869/1869/1869 1870/1870/1870 1863/1863/1863
f 1869/1869/1869 1876/1876/1876 1870/1870/1870
f 1877/1877/1877 1869/1869/1869 1863/1863/1863
f 1878/1878/1878 1870/1870/1870 1876/1876/1876
f 1879/1879/1879 1887/1887/1887 1883/1883/1883
f 1879/1879/1879 1883/1883/1883 1893/1893/1893
f 1879/1879/1879 1893/1893/1893 1891/1891/1891
f 1879/1879/1879 1895/1895/1895 1881/1881/1881
f 1879/1879/1879 1881/1881/1881 1889/1889/1889
f 1879/1879/1879 1889/1889/1889 1887/1887/1887
f 1879/1879/1879 1891/1891/1891 1880/1880/1880
f 1879/1879/1879 1880/1880/1880 1896/1896/1896
f 1879/1879/1879 1896/1896/1896 1895/1895/1895
f 1887/1887/1887 1889/1889/1889 1885/1885/1885
f 1887/1887/1887 1885/1885/1885 1897/1897/1897
f 1887/1887/1887 1897/1897/1897 1883/1883/1883
f 1881/1881/1881 1892/1892/1892 1882/1882/1882
f 1881/1881/1881 1882/1882/1882 1890/1890/1890
f 1881/1881/1881 1890/1890/1890 1889/1889/1889
f 1881/1881/1881 1895/1895/1895 1896/1896/1896
f 1881/1881/1881 1896/1896/1896 1882/1882/1882
f 1881/1881/1881 1882/1882/1882 1892/1892/1892
f 1883/1883/1883 1897/1897/1897 1898/1898/1898
f 1883/1883/1883 1898/1898/1898 1884/1884/1884
f 1883/1883/1883 1884/1884/1884 1893/1893/1893
f 1885/1885/1885 1894/1894/1894 1886/1886/1886
f 1885/1885/1885 1886/1886/1886 1898/1898/1898
f 1885/1885/1885 1898/1898/1898 1897/1897/1897
f 1885/1885/1885 1889/1889/1889 1890/1890/1890
f 1885/1885/1885 1890/1890/1890 1886/1886/1886
f 1885/1885/1885 1886/1886/1886 1894/1894/1894
f 1880/1880/1880 1888/1888/1888 1884/1884/1884
f 1880/1880/1880 1884/1884/1884 1893/1893/1893
f 1880/1880/1880 1893/1893/1893 1891/1891/1891
f 1880/1880/1880 1896/1896/1896 1882/1882/1882
f 1880/1880/1880 1882/1882/1882 1890/1890/1890
f 1880/1880/1880 1890/1890/1890 1888/1888/1888
f 1884/1884/1884 1898/1898/1898 1886/1886/1886
f 1884/1884/1884 1886/1886/1886 1894/1894/1894
f 1884/1884/1884 1894/1894/1894 1888/1888/1888
f 1899/1899/1899 1911/1911/1911 1910/1910/1910
f 1899/1899/1899 1900/1900/1900 1911/1911/1911
f 1900/1900/1900 1912/1912/1912 1911/1911/1911
f 1900/1900/1900 1901/1901/1901 1912/1912/1912
f 1901/1901/1901 1913/1913/1913 1912/1912/1912
f 1901/1901/1901 1902/1902/1902 1913/1913/1913
f 1902/1902/1902 1914/1914/1914 1913/1913/1913
f 1902/1902/1902 1903/1903/1903 1914/1914/1914
f 1903/1903/1903 1915/1915/1915 1914/1914/1914
f 1903/1903/1903 1904/1904/1904 1915/1915/1915
f 1904/1904/1904 1916/1916/1916 1915/1915/1915
f 1904/1904/1904 1905/1905/1905 1916/1916/1916
f 1905/1905/1905 1917/1917/1917 1916/1916/1916
f 1905/1905/1905 1906/1906/1906 1917/1917/1917
f 1906/1906/1906 1918/1918/1918 1917/1917/1917
f 1906/1906/1906 1907/1907/1907 1918/1918/1918
f 1907/1907/1907 1919/1919/1919 1918/1918/1918
f 1907/1907/1907 1908/1908/1908 1919/1919/1919
f 1908/1908/1908 1920/1920/1920 1919/1919/1919
f 1908/1908/1908 1909/1909/1909 1920/1920/1920
f 1910/1910/1910 1922/1922/1922 1921/1921/1921
f 1910/1910/1910 1911/1911/1911 1922/1922/1922
f 1911/1911/1911 1923/1923/1923 1922/1922/1922
f 1911/1911/1911 1912/1912/1912 1923/1923/1923
f 1912/1912/1912 1924/1924/1924 1923/1923/1923
f 1912/1912/1912 1913/1913/1913 1924/1924/1924
f 1913/1913/1913 1925/1925/1925 1924/1924/1924
f 1913/1913/1913 1914/1914/1914 1925/1925/1925
f 1914/1914/1914 1926/1926/1926 1925/1925/1925
f 1914/1914/1914 1915/1915/1915 1926/1926/1926
f 1915/1915/1915 1927/1927/1927 1926/1926/1926
f 1915/1915/1915 1916/1916/1916 1927/1927/1927
f 1916/1916/1916 1928/1928/1928 1927/1927/1927
f 1916/1916/1916 1917/1917/1917 1928/1928/1928
f 1917/1917/1917 1929/1929/1929 1928/1928/1928
f 1917/1917/1917 1918/1918/1918 1929/1929/1929
f 1918/1918/1918 1930/1930/1930 1929/1929/1929
f 1918/1918/1918 1919/1919/1919 1930/1930/1930
f 1919/1919/1919 1931/1931/1931 1930/1930/1930
f 1919/1919/1919 1920/1920/1920 1931/1931/1931
f 1921/1921/1921 1933/1933/1933 1932/1932/1932
f 1921/1921/1921 1922/1922/1922 1933/1933/1933
f 1922/1922/1922 1934/1934/1934 1933/1933/1933
f 1922/1922/1922 1923/1923/1923 1934/1934/1934
f 1923/1923/1923 1935/1935/1935 1934/1934/1934
f 1923/1923/1923 1924/1924/1924 1935/1935/1935
f 1924/1924/1924 1936/1936/1936 1935/1935/1935
f 1924/1924/1924 1925/1925/1925 1936/1936/1936
f 1925/1925/1925 1937/1937/1937 1936/1936/1936
f 1925/1925/1925 1926/1926/1926 1937/1937/1937
f 1926/1926/1926 1938/1938/1938 1937/1937/1937
f 1926/1926/1926 1927/1927/1927 1938/1938/1938
f 1927/1927/1927 1939/1939/1939 1938/1938/1938
f 1927/1927/1927 1928/1928/1928 1939/1939/1939
f 1928/1928/1928 1940/1940/1940 1939/1939/1939
f 1928/1928/1928 1929/1929/1929 1940/1940/1940
f 1929/1929/1929 1941/1941/1941 1940/1940/1940
f 1929/1929/1929 1930/1930/1930 1941/1941/1941
f 1930/1930/1930 1942/1942/1942 1941/1941/1941
f 1930/1930/1930 1931/1931/1931 1942/1942/1942
f 1932/1932/1932 1944/1944/1944 1943/1943/1943
f 1932/1932/1932 1933/1933/1933 1944/1944/1944
f 1933/1933/1933 1945/1945/1945 1944/1944/1944
f 1933/1933/1933 1934/1934/1934 1945/1945/1945
f 1934/1934/1934 1946/1946/1946 1945/1945/1945
f 1934/1934/1934 1935/1935/1935 1946/1946/1946
f 1935/1935/1935 1947/1947/1947 1946/1946/1946
f 1935/1935/1935 1936/1936/1936 1947/1947/1947
f 1936/1936/1936 1948/1948/1948 1947/1947/1947
f 1936/1936/1936 1937/1937/1937 1948/1948/1948
f 1937/1937/1937 1949/1949/1949 1948/1948/1948
f 1937/1937/1937 1938/1938/1938 1949/1949/1949
f 1938/1938/1938 1950/1950/1950 1949/1949/1949
f 1938/1938/1938 1939/1939/1939 1950/1950/1950
f 1939/1939/1939 1951/1951/1951 1950/1950/1950
f 1939/1939/1939 1940/1940/1940 1951/1951/1951
f 1940/1940/1940 1952/1952/1952 1951/1951/1951
f 1940/1940/1940 1941/1941/1941 1952/1952/1952
f 1941/1941/1941 1953/1953/1953 1952/1952/1952
f 1941/1941/1941 1942/1942/1942 1953/1953/1953
f 1943/1943/1943 1955/1955/1955 1954/1954/1954
f 1943/1943/1943 1944/1944/1944 1955/1955/1955
f 1944/1944/1944 1956/1956/1956 1955/1955/1955
f 1944/1944/1944 1945/1945/1945 1956/1956/1956
f 1945/1945/1945 1957/1957/1957 1956/1956/1956
f 1945/1945/1945 1946/1946/1946 1957/1957/1957
f 1946/1946/1946 1958/1958/1958 1957/1957/1957
f 1946/1946/1946 1947/1947/1947 1958/1958/1958
f 1947/1947/1947 1959/1959/1959 1958/1958/1958
f 1947/1947/1947 1948/1948/1948 1959/1959/1959
f 1948/1948/1948 1960/1960/1960 1959/1959/1959
f 1948/1948/1948 1949/1949/1949 1960/1960/1960
f 1949/1949/1949 1961/1961/1961 1960/1960/1960
f 1949/1949/1949 1950/1950/1950 1961/1961/1961
f 1950/1950/1950 1962/1962/1962 1961/1961/1961
f 1950/1950/1950 1951/1951/1951 1962/1962/1962
f 1951/1951/1951 1963/1963/1963 1962/1962/1962
f 1951/1951/1951 1952/1952/1952 1963/1963/1963
f 1952/1952/1952 1964/1964/1964 1963/1963/1963
f 1952/1952/1952 1953/1953/1953 1964/1964/1964
f 1954/1954/1954 1966/1966/1966 1965/1965/1965
f 1954/1954/1954 1955/1955/1955 1966/1966/1966
f 1955/1955/1955 1967/1967/1967 1966/1966/1966
f 1955/1955/1955 1956/1956/1956 1967/1967/1967
f 1956/1956/1956 1968/1968/1968 1967/1967/1967
f 1956/1956/1956 1957/1957/1957 1968/1968/1968
f 1957/1957/1957 1969/1969/1969 1968/1968/1968
f 1957/1957/1957 1958/1958/1958 1969/1969/1969
f 1958/1958/1958 1970/1970/1970 1969/1969/1969
f 1958/1958/1958 1959/1959/1959 1970/1970/1970
f 1959/1959/1959 1971/1971/1971 1970/1970/1970
f 1959/1959/1959 1960/1960/1960 1971/1971/1971
f 1960/1960/1960 1972/1972/1972 1971/1971/1971
f 1960/1960/1960 1961/1961/1961 1972/1972/1972
f 1961/1961/1961 1973/1973/1973 1972/1972/1972
f 1961/1961/1961 1962/1962/1962 1973/1973/1973
f 1962/1962/1962 1974/1974/1974 1973/1973/1973
f 1962/1962/1962 1963/1963/1963 1974/1974/1974
f 1963/1963/1963 1975/1975/1975 1974/1974/1974
f 1963/1963/1963 1964/1964/1964 1975/1975/1975
f 1965/1965/1965 1977/1977/1977 1976/1976/1976
f 1965/1965/1965 1966/1966/1966 1977/1977/1977
f 1966/1966/1966 1978/1978/1978 1977/1977/1977
f 1966/1966/1966 1967/1967/1967 1978/1978/1978
f 1967/1967/1967 1979/1979/1979 1978/1978/1978
f 1967/1967/1967 1968/1968/1968 1979/1979/1979
f 1968/1968/1968 1980/1980/1980 1979/1979/1979
f 1968/1968/1968 1969/1969/1969 1980/1980/1980
f 1969/1969/1969 1981/1981/1981 1980/1980/1980
f 1969/1969/1969 1970/1970/1970 1981/1981/1981
f 1970/1970/1970 1982/1982/1982 1981/1981/1981
f 1970/1970/1970 1971/1971/1971 1982/1982/1982
f 1971/1971/1971 1983/1983/1983 1982/1982/1982
f 1971/1971/1971 1972/1972/1972 1983/1983/1983
f 1972/1972/1972 1984/1984/1984 1983/1983/1983
f 1972/1972/1972 1973/1973/1973 1984/1984/1984
f 1973/1973/1973 1985/1985/1985 1984/1984/1984
f 1973/1973/1973 1974/1974/1974 1985/1985/1985
f 1974/1974/1974 1986/1986/1986 1985/1985/1985
f 1974/1974/1974 1975/1975/1975 1986/1986/1986
f 1976/1976/1976 1988/1988/1988 1987/1987/1987
f 1976/1976/1976 1977/1977/1977 1988/1988/1988
f 1977/1977/1977 1989/1989/1989 1988/1988/1988
f 1977/1977/1977 1978/1978/1978 1989/1989/1989
f 1978/1978/1978 1990/1990/1990 1989/1989/1989
f 1978/1978/1978 1979/1979/1979 1990/1990/1990
f 1979/1979/1979 1991/1991/1991 1990/1990/1990
f 1979/1979/1979 1980/1980/1980 1991/1991/1991
f 1980/1980/1980 1992/1992/1992 1991/1991/1991
f 1980/1980/1980 1981/1981/1981 1992/1992/1992
f 1981/1981/1981 1993/1993/1993 1992/1992/1992
f 1981/1981/1981 1982/1982/1982 1993/1993/1993
f 1982/1982/1982 1994/1994/1994 1993/1993/1993
f 1982/1982/1982 1983/1983/1983 1994/1994/1994
f 1983/1983/1983 1995/1995/1995 1994/1994/1994
f 1983/1983/1983 1984/1984/1984 1995/1995/1995
f 1984/1984/1984 1996/1996/1996 1995/1995/1995
f 1984/1984/1984 1985/1985/1985 1996/1996/1996
f 1985/1985/1985 1997/1997/1997 1996/1996/1996
f 1985/1985/1985 1986/1986/1986 1997/1997/1997
f 1998/1998/1998 2010/2010/2010 2009/2009/2009
f 1998/1998/1998 1999/1999/1999 2010/2010/2010
f 1999/1999/1999 2011/2011/2011 2010/2010/2010
f 1999/1999/1999 2000/2000/2000 2011/2011/2011
f 2000/2000/2000 2012/2012/2012 2011/2011/2011
f 2000/2000/2000 2001/2001/2001 2012/2012/2012
f 2001/2001/2001 2013/2013/2013 2012/2012/2012
f 2001/2001/2001 2002/2002/2002 2013/2013/2013
f 2002/2002/2002 2014/2014/2014 2013/2013/2013
f 2002/2002/2002 2003/2003/2003 2014/2014/2014
f 2003/2003/2003 2015/2015/2015 2014/2014/2014
f 2003/2003/2003 2004/2004/2004 2015/2015/2015
f 2004/2004/2004 2016/2016/2016 2015/2015/2015
f 2004/2004/2004 2005/2005/2005 2016/2016/2016
f 2005/2005/2005 2017/2017/2017 2016/2016/2016
f 2005/2005/2005 2006/2006/2006 2017/2017/2017
f 2006/2006/2006 2018/2018/2018 2017/2017/2017
f 2006/2006/2006 2007/2007/2007 2018/2018/2018
f 2007/2007/2007 2019/2019/2019 2018/2018/2018
f 2007/2007/2007 2008/2008/2008 2019/2019/2019
f 2009/2009/2009 2021/2021/2021 2020/2020/2020
f 2009/2009/2009 2010/2010/2010 2021/2021/2021
f 2010/2010/2010 2022/2022/2022 2021/2021/2021
f 2010/2010/2010 2011/2011/2011 2022/2022/2022
f 2011/2011/2011 2023/2023/2023 2022/2022/2022
f 2011/2011/2011 2012/2012/2012 2023/2023/2023
f 2012/2012/2012 2024/2024/2024 2023/2023/2023
f 2012/2012/2012 2013/2013/2013 2024/2024/2024
f 2013/2013/2013 2025/2025/2025 2024/2024/2024
f 2013/2013/2013 2014/2014/2014 2025/2025/2025
f 2014/2014/2014 2026/2026/2026 2025/2025/2025
f 2014/2014/2014 2015/2015/2015 2026/2026/2026
f 2015/2015/2015 2027/2027/2027 2026/2026/2026
f 2015/2015/2015 2016/2016/2016 2027/2027/2027
f 2016/2016/2016 2028/2028/2028 2027/2027/2027
f 2016/2016/2016 2017/2017/2017 2028/2028/2028
f 2017/2017/2017 2029/2029/2029 2028/2028/2028
f 2017/2017/2017 2018/2018/2018 2029/2029/2029
f 2018/2018/2018 2030/2030/2030 2029/2029/2029
f 2018/2018/2018 2019/2019/2019 2030/2030/2030
f 2020/2020/2020 2032/2032/2032 2031/2031/2031
f 2020/2020/2020 2021/2021/2021 2032/2032/2032
f 2021/2021/2021 2033/2033/2033 2032/2032/2032
f 2021/2021/2021 2022/2022/2022 2033/2033/2033
f 2022/2022/2022 2034/2034/2034 2033/2033/2033
f 2022/2022/2022 2023/2023/2023 2034/2034/2034
f 2023/2023/2023 2035/2035/2035 2034/2034/2034
f 2023/2023/2023 2024/2024/2024 2035/2035/2035
f 2024/2024/2024 2036/2036/2036 2035/2035/2035
f 2024/2024/2024 2025/2025/2025 2036/2036/2036
f 2025/2025/2025 2037/2037/2037 2036/2036/2036
f 2025/2025/2025 2026/2026/2026 2037/2037/2037
f 2026/2026/2026 2038/2038/2038 2037/2037/2037
f 2026/2026/2026 2027/2027/2027 2038/2038/2038
f 2027/2027/2027 2039/2039/2039 2038/2038/2038
f 2027/2027/2027 2028/2028/2028 2039/2039/2039
f 2028/2028/2028 2040/2040/2040 2039/2039/2039
f 2028/2028/2028 2029/2029/2029 2040/2040/2040
f 2029/2029/2029 2041/2041/2041 2040/2040/2040
f 2029/2029/2029 2030/2030/2030 2041/2041/2041
f 2031/2031/2031 2043/2043/2043 2042/2042/2042
f 2031/2031/2031 2032/2032/2032 2043/2043/2043
f 2032/2032/2032 2044/2044/2044 2043/2043/2043
f 2032/2032/2032 2033/2033/2033 2044/2044/2044
f 2033/2033/2033 2045/2045/2045 2044/2044/2044
f 2033/2033/2033 2034/2034/2034 2045/2045/2045
f 2034/2034/2034 2046/2046/2046 2045/2045/2045
f 2034/2034/2034 2035/2035/2035 2046/2046/2046
f 2035/2035/2035 2047/2047/2047 2046/2046/2046
f 2035/2035/2035 2036/2036/2036 2047/2047/2047
f 2036/2036/2036 2048/2048/2048 2047/2047/2047
f 2036/2036/2036 2037/2037/2037 2048/2048/2048
f 2037/2037/2037 2049/2049/2049 2048/2048/2048
f 2037/2037/2037 2038/2038/2038 2049/2049/2049
f 2038/2038/2038 2050/2050/2050 2049/2049/2049
f 2038/2038/2038 2039/2039/2039 2050/2050/2050
f 2039/2039/2039 2051/2051/2051 2050/2050/2050
f 2039/2039/2039 2040/2040/2040 2051/2051/2051
f 2040/2040/2040 2052/2052/2052 2051/2051/2051
f 2040/2040/2040 2041/2041/2041 2052/2052/2052
f 2042/2042/2042 2054/2054/2054 2053/2053/2053
f 2042/2042/2042 2043/2043/2043 2054/2054/2054
f 2043/2043/2043 2055/2055/2055 2054/2054/2054
f 2043/2043/2043 2044/2044/2044 2055/2055/2055
f 2044/2044/2044 2056/2056/2056 2055/2055/2055
f 2044/2044/2044 2045/2045/2045 2056/2056/2056
f 2045/2045/2045 2057/2057/2057 2056/2056/2056
f 2045/2045/2045 2046/2046/2046 2057/2057/2057
f 2046/2046/2046 2058/2058/2058 2057/2057/2057
f 2046/2046/2046 2047/2047/2047 2058/2058/2058
f 2047/2047/2047 2059/2059/2059 2058/2058/2058
f 2047/2047/2047 2048/2048/2048 2059/2059/2059
f 2048/2048/2048 2060/2060/2060 2059/2059/2059
f 2048/2048/2048 2049/2049/2049 2060/2060/2060
f 2049/2049/2049 2061/2061/2061 2060/2060/2060
f 2049/2049/2049 2050/2050/2050 2061/2061/2061
f 2050/2050/2050 2062/2062/2062 2061/2061/2061
f 2050/2050/2050 2051/2051/2051 2062/2062/2062
f 2051/2051/2051 2063/2063/2063 2062/2062/2062
f 2051/2051/2051 2052/2052/2052 2063/2063/2063
f 2053/2053/2053 2065/2065/2065 2064/2064/2064
f 2053/2053/2053 2054/2054/2054 2065/2065/2065
f 2054/2054/2054 2066/2066/2066 2065/2065/2065
f 2054/2054/2054 2055/2055/2055 2066/2066/2066
f 2055/2055/2055 2067/2067/2067 2066/2066/2066
f 2055/2055/2055 2056/2056/2056 2067/2067/2067
f 2056/2056/2056 2068/2068/2068 2067/2067/2067
f 2056/2056/2056 2057/2057/2057 2068/2068/2068
f 2057/2057/2057 2069/2069/2069 2068/2068/2068
f 2057/2057/2057 2058/2058/2058 2069/2069/2069
f 2058/2058/2058 2070/2070/2070 2069/2069/2069
f 2058/2058/2058 2059/2059/2059 2070/2070/2070
f 2059/2059/2059 2071/2071/2071 2070/2070/2070
f 2059/2059/2059 2060/2060/2060 2071/2071/2071
f 2060/2060/2060 2072/2072/2072 2071/2071/2071
f 2060/2060/2060 2061/2061/2061 2072/2072/2072
f 2061/2061/2061 2073/2073/2073 2072/2072/2072
f 2061/2061/2061 2062/2062/2062 2073/2073/2073
f 2062/2062/2062 2074/2074/2074 2073/2073/2073
f 2062/2062/2062 2063/2063/2063 2074/2074/2074
f 2064/2064/2064 2076/2076/2076 2075/2075/2075
f 2064/2064/2064 2065/2065/2065 2076/2076/2076
f 2065/2065/2065 2077/2077/2077 2076/2076/2076
f 2065/2065/2065 2066/2066/2066 2077/2077/2077
f 2066/2066/2066 2078/2078/2078 2077/2077/2077
f 2066/2066/2066 2067/2067/2067 2078/2078/2078
f 2067/2067/2067 2079/2079/2079 2078/2078/2078
f 2067/2067/2067 2068/2068/2068 2079/2079/2079
f 2068/2068/2068 2080/2080/2080 2079/2079/2079
f 2068/2068/2068 2069/2069/2069 2080/2080/2080
f 2069/2069/2069 2081/2081/2081 2080/2080/2080
f 2069/2069/2069 2070/2070/2070 2081/2081/2081
f 2070/2070/2070 2082/2082/2082 2081/2081/2081
f 2070/2070/2070 2071/2071/2071 2082/2082/2082
f 2071/2071/2071 2083/2083/2083 2082/2082/2082
f 2071/2071/2071 2072/2072/2072 2083/2083/2083
f 2072/2072/2072 2084/2084/2084 2083/2083/2083
f 2072/2072/2072 2073/2073/2073 2084/2084/2084
f 2073/2073/2073 2085/2085/2085 2084/2084/2084
f 2073/2073/2073 2074/2074/2074 2085/2085/2085
f 2075/2075/2075 2087/2087/2087 2086/2086/2086
f 2075/2075/2075 2076/2076/2076 2087/2087/2087
f 2076/2076/2076 2088/2088/2088 2087/2087/2087
f 2076/2076/2076 2077/2077/2077 2088/2088/2088
f 2077/2077/2077 2089/2089/2089 2088/2088/2088
f 2077/2077/2077 2078/2078/2078 2089/2089/2089
f 2078/2078/2078 2090/2090/2090 2089/2089/2089
f 2078/2078/2078 2079/2079/2079 2090/2090/2090
f 2079/2079/2079 2091/2091/2091 2090/2090/2090
f 2079/2079/2079 2080/2080/2080 2091/2091/2091
f 2080/2080/2080 2092/2092/2092 2091/2091/2091
f 2080/2080/2080 2081/2081/2081 2092/2092/2092
f 2081/2081/2081 2093/2093/2093 2092/2092/2092
f 2081/2081/2081 2082/2082/2082 2093/2093/2093
f 2082/2082/2082 2094/2094/2094 2093/2093/2093
f 2082/2082/2082 2083/2083/2083 2094/2094/2094
f 2083/2083/2083 2095/2095/2095 2094/2094/2094
f 2083/2083/2083 2084/2084/2084 2095/2095/2095
f 2084/2084/2084 2096/2096/2096 2095/2095/2095
f 2084/2084/2084 2085/2085/2085 2096/2096/2096
f 2097/2097/2097 2109/2109/2109 2108/2108/2108
f 2097/2097/2097 2098/2098/2098 2109/2109/2109
f 2098/2098/2098 2110/2110/2110 2109/2109/2109
f 2098/2098/2098 2099/2099/2099 2110/2110/2110
f 2099/2099/2099 2111/2111/2111 2110/2110/2110
f 2099/2099/2099 2100/2100/2100 2111/2111/2111
f 2100/2100/2100 2112/2112/2112 2111/2111/2111
f 2100/2100/2100 2101/2101/2101 2112/2112/2112
f 2101/2101/2101 2113/2113/2113 2112/2112/2112
f 2101/2101/2101 2102/2102/2102 2113/2113/2113
f 2102/2102/2102 2114/2114/2114 2113/2113/2113
f 2102/2102/2102 2103/2103/2103 2114/2114/2114
f 2103/2103/2103 2115/2115/2115 2114/2114/2114
f 2103/2103/2103 2104/2104/2104 2115/2115/2115
f 2104/2104/2104 2116/2116/2116 2115/2115/2115
f 2104/2104/2104 2105/2105/2105 2116/2116/2116
f 2105/2105/2105 2117/2117/2117 2116/2116/2116
f 2105/2105/2105 2106/2106/2106 2117/2117/2117
f 2106/2106/2106 2118/2118/2118 2117/2117/2117
f 2106/2106/2106 2107/2107/2107 2118/2118/2118
f 2108/2108/2108 2120/2120/2120 2119/2119/2119
f 2108/2108/2108 2109/2109/2109 2120/2120/2120
f 2109/2109/2109 2121/2121/2121 2120/2120/2120
f 2109/2109/2109 2110/2110/2110 2121/2121/2121
f 2110/2110/2110 2122/2122/2122 2121/2121/2121
f 2110/2110/2110 2111/2111/2111 2122/2122/2122
f 2111/2111/2111 2123/2123/2123 2122/2122/2122
f 2111/2111/2111 2112/2112/2112 2123/2123/2123
f 2112/2112/2112 2124/2124/2124 2123/2123/2123
f 2112/2112/2112 2113/2113/2113 2124/2124/2124
f 2113/2113/2113 2125/2125/2125 2124/2124/2124
f 2113/2113/2113 2114/2114/2114 2125/2125/2125
f 2114/2114/2114 2126/2126/2126 2125/2125/2125
f 2114/2114/2114 2115/2115/2115 2126/2126/2126
f 2115/2115/2115 2127/2127/2127 2126/2126/2126
f 2115/2115/2115 2116/2116/2116 2127/2127/2127
f 2116/2116/2116 2128/2128/2128 2127/2127/2127
f 2116/2116/2116 2117/2117/2117 2128/2128/2128
f 2117/2117/2117 2129/2129/2129 2128/2128/2128
f 2117/2117/2117 2118/2118/2118 2129/2129/2129
f 2119/2119/2119 2131/2131/2131 2130/2130/2130
f 2119/2119/2119 2120/2120/2120 2131/2131/2131
f 2120/2120/2120 2132/2132/2132 2131/2131/2131
f 2120/2120/2120 2121/2121/2121 2132/2132/2132
f 2121/2121/2121 2133/2133/2133 2132/2132/2132
f 2121/2121/2121 2122/2122/2122 2133/2133/2133
f 2122/2122/2122 2134/2134/2134 2133/2133/2133
f 2122/2122/2122 2123/2123/2123 2134/2134/2134
f 2123/2123/2123 2135/2135/2135 2134/2134/2134
f 2123/2123/2123 2124/2124/2124 2135/2135/2135
f 2124/2124/2124 2136/2136/2136 2135/2135/2135
f 2124/2124/2124 2125/2125/2125 2136/2136/2136
f 2125/2125/2125 2137/2137/2137 2136/2136/2136
f 2125/2125/2125 2126/2126/2126 2137/2137/2137
f 2126/2126/2126 2138/2138/2138 2137/2137/2137
f 2126/2126/2126 2127/2127/2127 2138/2138/2138
f 2127/2127/2127 2139/2139/2139 2138/2138/2138
f 2127/2127/2127 2128/2128/2128 2139/2139/2139
f 2128/2128/2128 2140/2140/2140 2139/2139/2139
f 2128/2128/2128 2129/2129/2129 2140/2140/2140
f 2130/2130/2130 2142/2142/2142 2141/2141/2141
f 2130/2130/2130 2131/2131/2131 2142/2142/2142
f 2131/2131/2131 2143/2143/2143 2142/2142/2142
f 2131/2131/2131 2132/2132/2132 2143/2143/2143
f 2132/2132/2132 2144/2144/2144 2143/2143/2143
f 2132/2132/2132 2133/2133/2133 2144/2144/2144
f 2133/2133/2133 2145/2145/2145 2144/2144/2144
f 2133/2133/2133 2134/2134/2134 2145/2145/2145
f 2134/2134/2134 2146/2146/2146 2145/2145/2145
f 2134/2134/2134 2135/2135/2135 2146/2146/2146
f 2135/2135/2135 2147/2147/2147 2146/2146/2146
f 2135/2135/2135 2136/2136/2136 2147/2147/2147
f 2136/2136/2136 2148/2148/2148 2147/2147/2147
f 2136/2136/2136 2137/2137/2137 2148/2148/2148
f 2137/2137/2137 2149/2149/2149 2148/2148/2148
f 2137/2137/2137 2138/2138/2138 2149/2149/2149
f 2138/2138/2138 2150/2150/2150 2149/2149/2149
f 2138/2138/2138 2139/2139/2139 2150/2150/2150
f 2139/2139/2139 2151/2151/2151 2150/2150/2150
f 2139/2139/2139 2140/2140/2140 2151/2151/2151
f 2141/2141/2141 2153/2153/2153 2152/2152/2152
f 2141/2141/2141 2142/2142/2142 2153/2153/2153
f 2142/2142/2142 2154/2154/2154 2153/2153/2153
f 2142/2142/2142 2143/2143/2143 2154/2154/2154
f 2143/2143/2143 2155/2155/2155 2154/2154/2154
f 2143/2143/2143 2144/2144/2144 2155/2155/2155
f 2144/2144/2144 2156/2156/2156 2155/2155/2155
f 2144/2144/2144 2145/2145/2145 2156/2156/2156
f 2145/2145/2145 2157/2157/2157 2156/2156/2156
f 2145/2145/2145 2146/2146/2146 2157/2157/2157
f 2146/2146/2146 2158/2158/2158 2157/2157/2157
f 2146/2146/2146 2147/2147/2147 2158/2158/2158
f 2147/2147/2147 2159/2159/2159 2158/2158/2158
f 2147/2147/2147 2148/2148/2148 2159/2159/2159
f 2148/2148/2148 2160/2160/2160 2159/2159/2159
f 2148/2148/2148 2149/2149/2149 2160/2160/2160
f 2149/2149/2149 2161/2161/2161 2160/2160/2160
f 2149/2149/2149 2150/2150/2150 2161/2161/2161
f 2150/2150/2150 2162/2162/2162 2161/2161/2161
f 2150/2150/2150 2151/2151/2151 2162/2162/2162
f 2152/2152/2152 2164/2164/2164 2163/2163/2163
f 2152/2152/2152 2153/2153/2153 2164/2164/2164
f 2153/2153/2153 2165/2165/2165 2164/2164/2164
f 2153/2153/2153 2154/2154/2154 2165/2165/2165
f 2154/2154/2154 2166/2166/2166 2165/2165/2165
f 2154/2154/2154 2155/2155/2155 2166/2166/2166
f 2155/2155/2155 2167/2167/2167 2166/2166/2166
f 2155/2155/2155 2156/2156/2156 2167/2167/2167
f 2156/2156/2156 2168/2168/2168 2167/2167/2167
f 2156/2156/2156 2157/2157/2157 2168/2168/2168
f 2157/2157/2157 2169/2169/2169 2168/2168/2168
f 2157/2157/2157 2158/2158/2158 2169/2169/2169
f 2158/2158/2158 2170/2170/2170 2169/2169/2169
f 2158/2158/2158 2159/2159/2159 2170/2170/2170
f 2159/2159/2159 2171/2171/2171 2170/2170/2170
f 2159/2159/2159 2160/2160/2160 2171/2171/2171
f 2160/2160/2160 2172/2172/2172 2171/2171/2171
f 2160/2160/2160 2161/2161/2161 2172/2172/2172
f 2161/2161/2161 2173/2173/2173 2172/2172/2172
f 2161/2161/2161 2162/2162/2162 2173/2173/2173
f 2163/2163/2163 2175/2175/2175 2174/2174/2174
f 2163/2163/2163 2164/2164/2164 2175/2175/2175
f 2164/2164/2164 2176/2176/2176 2175/2175/2175
f 2164/2164/2164 2165/2165/2165 2176/2176/2176
f 2165/2165/2165 2177/2177/2177 2176/2176/2176
f 2165/2165/2165 2166/2166/2166 2177/2177/2177
f 2166/2166/2166 2178/2178/2178 2177/2177/2177
f 2166/2166/2166 2167/2167/2167 2178/2178/2178
f 2167/2167/2167 2179/2179/2179 2178/2178/2178
f 2167/2167/2167 2168/2168/2168 2179/2179/2179
f 2168/2168/2168 2180/2180/2180 2179/2179/2179
f 2168/2168/2168 2169/2169/2169 2180/2180/2180
f 2169/2169/2169 2181/2181/2181 2180/2180/2180
f 2169/2169/2169 2170/2170/2170 2181/2181/2181
f 2170/2170/2170 2182/2182/2182 2181/2181/2181
f 2170/2170/2170 2171/2171/2171 2182/2182/2182
f 2171/2171/2171 2183/2183/2183 2182/2182/2182
f 2171/2171/2171 2172/2172/2172 2183/2183/2183
f 2172/2172/2172 2184/2184/2184 2183/2183/2183
f 2172/2172/2172 2173/2173/2173 2184/2184/2184
f 2174/2174/2174 2186/2186/2186 2185/2185/2185
f 2174/2174/2174 2175/2175/2175 2186/2186/2186
f 2175/2175/2175 2187/2187/2187 2186/2186/2186
f 2175/2175/2175 2176/2176/2176 2187/2187/2187
f 2176/2176/2176 2188/2188/2188 2187/2187/2187
f 2176/2176/2176 2177/2177/2177 2188/2188/2188
f 2177/2177/2177 2189/2189/2189 2188/2188/2188
f 2177/2177/2177 2178/2178/2178 2189/2189/2189
f 2178/2178/2178 2190/2190/2190 2189/2189/2189
f 2178/2178/2178 2179/2179/2179 2190/2190/2190
f 2179/2179/2179 2191/2191/2191 2190/2190/2190
f 2179/2179/2179 2180/2180/2180 2191/2191/2191
f 2180/2180/2180 2192/2192/2192 2191/2191/2191
f 2180/2180/2180 2181/2181/2181 2192/2192/2192
f 2181/2181/2181 2193/2193/2193 2192/2192/2192
f 2181/2181/2181 2182/2182/2182 2193/2193/2193
f 2182/2182/2182 2194/2194/2194 2193/2193/2193
f 2182/2182/2182 2183/2183/2183 2194/2194/2194
f 2183/2183/2183 2195/2195/2195 2194/2194/2194
f 2183/2183/2183 2184/2184/2184 2195/2195/2195
f 2196/2196/2196 2208/2208/2208 2207/2207/2207
f 2196/2196/2196 2197/2197/2197 2208/2208/2208
f 2197/2197/2197 2209/2209/2209 2208/2208/2208
f 2197/2197/2197 2198/2198/2198 2209/2209/2209
f 2198/2198/2198 2210/2210/2210 2209/2209/2209
f 2198/2198/2198 2199/2199/2199 2210/2210/2210
f 2199/2199/2199 2211/2211/2211 2210/2210/2210
f 2199/2199/2199 2200/2200/2200 2211/2211/2211
f 2200/2200/2200 2212/2212/2212 2211/2211/2211
f 2200/2200/2200 2201/2201/2201 2212/2212/2212
f 2201/2201/2201 2213/2213/2213 2212/2212/2212
f 2201/2201/2201 2202/2202/2202 2213/2213/2213
f 2202/2202/2202 2214/2214/2214 2213/2213/2213
f 2202/2202/2202 2203/2203/2203 2214/2214/2214
f 2203/2203/2203 2215/2215/2215 2214/2214/2214
f 2203/2203/2203 2204/2204/2204 2215/2215/2215
f 2204/2204/2204 2216/2216/2216 2215/2215/2215
f 2204/2204/2204 2205/2205/2205 2216/2216/2216
f 2205/2205/2205 2217/2217/2217 2216/2216/2216
f 2205/2205/2205 2206/2206/2206 2217/2217/2217
f 2207/2207/2207 2219/2219/2219 2218/2218/2218
f 2207/2207/2207 2208/2208/2208 2219/2219/2219
f 2208/2208/2208 2220/2220/2220 2219/2219/2219
f 2208/2208/2208 2209/2209/2209 2220/2220/2220
f 2209/2209/2209 2221/2221/2221 2220/2220/2220
f 2209/2209/2209 2210/2210/2210 2221/2221/2221
f 2210/2210/2210 2222/2222/2222 2221/2221/2221
f 2210/2210/2210 2211/2211/2211 2222/2222/2222
f 2211/2211/2211 2223/2223/2223 2222/2222/2222
f 2211/2211/2211 2212/2212/2212 2223/2223/2223
f 2212/2212/2212 2224/2224/2224 2223/2223/2223
f 2212/2212/2212 2213/2213/2213 2224/2224/2224
f 2213/2213/2213 2225/2225/2225 2224/2224/2224
f 2213/2213/2213 2214/2214/2214 2225/2225/2225
f 2214/2214/2214 2226/2226/2226 2225/2225/2225
f 2214/2214/2214 2215/2215/2215 2226/2226/2226
f 2215/2215/2215 2227/2227/2227 2226/2226/2226
f 2215/2215/2215 2216/2216/2216 2227/2227/2227
f 2216/2216/2216 2228/2228/2228 2227/2227/2227
f 2216/2216/2216 2217/2217/2217 2228/2228/2228
f 2218/2218/2218 2230/2230/2230 2229/2229/2229
f 2218/2218/2218 2219/2219/2219 2230/2230/2230
f 2219/2219/2219 2231/2231/2231 2230/2230/2230
f 2219/2219/2219 2220/2220/2220 2231/2231/2231
f 2220/2220/2220 2232/2232/2232 2231/2231/2231
f 2220/2220/2220 2221/2221/2221 2232/2232/2232
f 2221/2221/2221 2233/2233/2233 2232/2232/2232
f 2221/2221/2221 2222/2222/2222 2233/2233/2233
f 2222/2222/2222 2234/2234/2234 2233/2233/2233
f 2222/2222/2222 2223/2223/2223 2234/2234/2234
f 2223/2223/2223 2235/2235/2235 2234/2234/2234
f 2223/2223/2223 2224/2224/2224 2235/2235/2235
f 2224/2224/2224 2236/2236/2236 2235/2235/2235
f 2224/2224/2224 2225/2225/2225 2236/2236/2236
f 2225/2225/2225 2237/2237/2237 2236/2236/2236
f 2225/2225/2225 2226/2226/2226 2237/2237/2237
f 2226/2226/2226 2238/2238/2238 2237/2237/2237
f 2226/2226/2226 2227/2227/2227 2238/2238/2238
f 2227/2227/2227 2239/2239/2239 2238/2238/2238
f 2227/2227/2227 2228/2228/2228 2239/2239/2239
f 2229/2229/2229 2241/2241/2241 2240/2240/2240
f 2229/2229/2229 2230/2230/2230 2241/2241/2241
f 2230/2230/2230 2242/2242/2242 2241/2241/2241
f 2230/2230/2230 2231/2231/2231 2242/2242/2242
f 2231/2231/2231 2243/2243/2243 2242/2242/2242
f 2231/2231/2231 2232/2232/2232 2243/2243/2243
f 2232/2232/2232 2244/2244/2244 2243/2243/2243
f 2232/2232/2232 2233/2233/2233 2244/2244/2244
f 2233/2233/2233 2245/2245/2245 2244/2244/2244
f 2233/2233/2233 2234/2234/2234 2245/2245/2245
f 2234/2234/2234 2246/2246/2246 2245/2245/2245
f 2234/2234/2234 2235/2235/2235 2246/2246/2246
f 2235/2235/2235 2247/2247/2247 2246/2246/2246
f 2235/2235/2235 2236/2236/2236 2247/2247/2247
f 2236/2236/2236 2248/2248/2248 2247/2247/2247
f 2236/2236/2236 2237/2237/2237 2248/2248/2248
f 2237/2237/2237 2249/2249/2249 2248/2248/2248
f 2237/2237/2237 2238/2238/2238 2249/2249/2249
f 2238/2238/2238 2250/2250/2250 2249/2249/2249
f 2238/2238/2238 2239/2239/2239 2250/2250/2250
f 2240/2240/2240 2252/2252/2252 2251/2251/2251
f 2240/2240/2240 2241/2241/2241 2252/2252/2252
f 2241/2241/2241 2253/2253/2253 2252/2252/2252
f 2241/2241/2241 2242/2242/2242 2253/2253/2253
f 2242/2242/2242 2254/2254/2254 2253/2253/2253
f 2242/2242/2242 2243/2243/2243 2254/2254/2254
f 2243/2243/2243 2255/2255/2255 2254/2254/2254
f 2243/2243/2243 2244/2244/2244 2255/2255/2255
f 2244/2244/2244 2256/2256/2256 2255/2255/2255
f 2244/2244/2244 2245/2245/2245 2256/2256/2256
f 2245/2245/2245 2257/2257/2257 2256/2256/2256
f 2245/2245/2245 2246/2246/2246 2257/2257/2257
f 2246/2246/2246 2258/2258/2258 2257/2257/2257
f 2246/2246/2246 2247/2247/2247 2258/2258/2258
f 2247/2247/2247 2259/2259/2259 2258/2258/2258
f 2247/2247/2247 2248/2248/2248 2259/2259/2259
f 2248/2248/2248 2260/2260/2260 2259/2259/2259
f 2248/2248/2248 2249/2249/2249 2260/2260/2260
f 2249/2249/2249 2261/2261/2261 2260/2260/2260
f 2249/2249/2249 2250/2250/2250 2261/2261/2261
f 2251/2251/2251 2263/2263/2263 2262/2262/2262
f 2251/2251/2251 2252/2252/2252 2263/2263/2263
f 2252/2252/2252 2264/2264/2264 2263/2263/2263
f 2252/2252/2252 2253/2253/2253 2264/2264/2264
f 2253/2253/2253 2265/2265/2265 2264/2264/2264
f 2253/2253/2253 2254/2254/2254 2265/2265/2265
f 2254/2254/2254 2266/2266/2266 2265/2265/2265
f 2254/2254/2254 2255/2255/2255 2266/2266/2266
f 2255/2255/2255 2267/2267/2267 2266/2266/2266
f 2255/2255/2255 2256/2256/2256 2267/2267/2267
f 2256/2256/2256 2268/2268/2268 2267/2267/2267
f 2256/2256/2256 2257/2257/2257 2268/2268/2268
f 2257/2257/2257 2269/2269/2269 2268/2268/2268
f 2257/2257/2257 2258/2258/2258 2269/2269/2269
f 2258/2258/2258 2270/2270/2270 2269/2269/2269
f 2258/2258/2258 2259/2259/2259 2270/2270/2270
f 2259/2259/2259 2271/2271/2271 2270/2270/2270
f 2259/2259/2259 2260/2260/2260 2271/2271/2271
f 2260/2260/2260 2272/2272/2272 2271/2271/2271
f 2260/2260/2260 2261/2261/2261 2272/2272/2272
f 2262/2262/2262 2274/2274/2274 2273/2273/2273
f 2262/2262/2262 2263/2263/2263 2274/2274/2274
f 2263/2263/2263 2275/2275/2275 2274/2274/2274
f 2263/2263/2263 2264/2264/2264 2275/2275/2275
f 2264/2264/2264 2276/2276/2276 2275/2275/2275
f 2264/2264/2264 2265/2265/2265 2276/2276/2276
f 2265/2265/2265 2277/2277/2277 2276/2276/2276
f 2265/2265/2265 2266/2266/2266 2277/2277/2277
f 2266/2266/2266 2278/2278/2278 2277/2277/2277
f 2266/2266/2266 2267/2267/2267 2278/2278/2278
f 2267/2267/2267 2279/2279/2279 2278/2278/2278
f 2267/2267/2267 2268/2268/2268 2279/2279/2279
f 2268/2268/2268 2280/2280/2280 2279/2279/2279
f 2268/2268/2268 2269/2269/2269 2280/2280/2280
f 2269/2269/2269 2281/2281/2281 2280/2280/2280
f 2269/2269/2269 2270/2270/2270 2281/2281/2281
f 2270/2270/2270 2282/2282/2282 2281/2281/2281
f 2270/2270/2270 2271/2271/2271 2282/2282/2282
f 2271/2271/2271 2283/2283/2283 2282/2282/2282
f 2271/2271/2271 2272/2272/2272 2283/2283/2283
f 2273/2273/2273 2285/2285/2285 2284/2284/2284
f 2273/2273/2273 2274/2274/2274 2285/2285/2285
f 2274/2274/2274 2286/2286/2286 2285/2285/2285
f 2274/2274/2274 2275/2275/2275 2286/2286/2286
f 2275/2275/2275 2287/2287/2287 2286/2286/2286
f 2275/2275/2275 2276/2276/2276 2287/2287/2287
f 2276/2276/2276 2288/2288/2288 2287/2287/2287
f 2276/2276/2276 2277/2277/2277 2288/2288/2288
f 2277/2277/2277 2289/2289/2289 2288/2288/2288
f 2277/2277/2277 2278/2278/2278 2289/2289/2289
f 2278/2278/2278 2290/2290/2290 2289/2289/2289
f 2278/2278/2278 2279/2279/2279 2290/2290/2290
f 2279/2279/2279 2291/2291/2291 2290/2290/2290
f 2279/2279/2279 2280/2280/2280 2291/2291/2291
f 2280/2280/2280 2292/2292/2292 2291/2291/2291
f 2280/2280/2280 2281/2281/2281 2292/2292/2292
f 2281/2281/2281 2293/2293/2293 2292/2292/2292
f 2281/2281/2281 2282/2282/2282 2293/2293/2293
f 2282/2282/2282 2294/2294/2294 2293/2293/2293
f 2282/2282/2282 2283/2283/2283 2294/2294/2294
f 2295/2295/2295 2303/2303/2303 2299/2299/2299
f 2295/2295/2295 2299/2299/2299 2309/2309/2309
f 2295/2295/2295 2309/2309/2309 2307/2307/2307
f 2295/2295/2295 2311/2311/2311 2297/2297/2297
f 2295/2295/2295 2297/2297/2297 2305/2305/2305
f 2295/2295/2295 2305/2305/2305 2303/2303/2303
f 2295/2295/2295 2307/2307/2307 2296/2296/2296
f 2295/2295/2295 2296/2296/2296 2312/2312/2312
f 2295/2295/2295 2312/2312/2312 2311/2311/2311
f 2303/2303/2303 2305/2305/2305 2301/2301/2301
f 2303/2303/2303 2301/2301/2301 2313/2313/2313
f 2303/2303/2303 2313/2313/2313 2299/2299/2299
f 2297/2297/2297 2308/2308/2308 2298/2298/2298
f 2297/2297/2297 2298/2298/2298 2306/2306/2306
f 2297/2297/2297 2306/2306/2306 2305/2305/2305
f 2297/2297/2297 2311/2311/2311 2312/2312/2312
f 2297/2297/2297 2312/2312/2312 2298/2298/2298
f 2297/2297/2297 2298/2298/2298 2308/2308/2308
f 2299/2299/2299 2313/2313/2313 2314/2314/2314
f 2299/2299/2299 2314/2314/2314 2300/2300/2300
f 2299/2299/2299 2300/2300/2300 2309/2309/2309
f 2301/2301/2301 2310/2310/2310 2302/2302/2302
f 2301/2301/2301 2302/2302/2302 2314/2314/2314
f 2301/2301/2301 2314/2314/2314 2313/2313/2313
f 2301/2301/2301 2305/2305/2305 2306/2306/2306
f 2301/2301/2301 2306/2306/2306 2302/2302/2302
f 2301/2301/2301 2302/2302/2302 2310/2310/2310
f 2296/2296/2296 2304/2304/2304 2300/2300/2300
f 2296/2296/2296 2300/2300/2300 2309/2309/2309
f 2296/2296/2296 2309/2309/2309 2307/2307/2307
f 2296/2296/2296 2312/2312/2312 2298/2298/2298
f 2296/2296/2296 2298/2298/2298 2306/2306/2306
f 2296/2296/2296 2306/2306/2306 2304/2304/2304
f 2300/2300/2300 2314/2314/2314 2302/2302/2302
f 2300/2300/2300 2302/2302/2302 2310/2310/2310
f 2300/2300/2300 2310/2310/2310 2304/2304/2304
f 2315/2315/2315 2327/2327/2327 2326/2326/2326
f 2315/2315/2315 2316/2316/2316 2327/2327/2327
f 2316/2316/2316 2328/2328/2328 2327/2327/2327
f 2316/2316/2316 2317/2317/2317 2328/2328/2328
f 2317/2317/2317 2329/2329/2329 2328/2328/2328
f 2317/2317/2317 2318/2318/2318 2329/2329/2329
f 2318/2318/2318 2330/2330/2330 2329/2329/2329
f 2318/2318/2318 2319/2319/2319 2330/2330/2330
f 2319/2319/2319 2331/2331/2331 2330/2330/2330
f 2319/2319/2319 2320/2320/2320 2331/2331/2331
f 2320/2320/2320 2332/2332/2332 2331/2331/2331
f 2320/2320/2320 2321/2321/2321 2332/2332/2332
f 2321/2321/2321 2333/2333/2333 2332/2332/2332
f 2321/2321/2321 2322/2322/2322 2333/2333/2333
f 2322/2322/2322 2334/2334/2334 2333/2333/2333
f 2322/2322/2322 2323/2323/2323 2334/2334/2334
f 2323/2323/2323 2335/2335/2335 2334/2334/2334
f 2323/2323/2323 2324/2324/2324 2335/2335/2335
f 2324/2324/2324 2336/2336/2336 2335/2335/2335
f 2324/2324/2324 2325/2325/2325 2336/2336/2336
f 2326/2326/2326 2338/2338/2338 2337/2337/2337
f 2326/2326/2326 2327/2327/2327 2338/2338/2338
f 2327/2327/2327 2339/2339/2339 2338/2338/2338
f 2327/2327/2327 2328/2328/2328 2339/2339/2339
f 2328/2328/2328 2340/2340/2340 2339/2339/2339
f 2328/2328/2328 2329/2329/2329 2340/2340/2340
f 2329/2329/2329 2341/2341/2341 2340/2340/2340
f 2329/2329/2329 2330/2330/2330 2341/2341/2341
f 2330/2330/2330 2342/2342/2342 2341/2341/2341
f 2330/2330/2330 2331/2331/2331 2342/2342/2342
f 2331/2331/2331 2343/2343/2343 2342/2342/2342
f 2331/2331/2331 2332/2332/2332 2343/2343/2343
f 2332/2332/2332 2344/2344/2344 2343/2343/2343
f 2332/2332/2332 2333/2333/2333 2344/2344/2344
f 2333/2333/2333 2345/2345/2345 2344/2344/2344
f 2333/2333/2333 2334/2334/2334 2345/2345/2345
f 2334/2334/2334 2346/2346/2346 2345/2345/2345
f 2334/2334/2334 2335/2335/2335 2346/2346/2346
f 2335/2335/2335 2347/2347/2347 2346/2346/2346
f 2335/2335/2335 2336/2336/2336 2347/2347/2347
f 2337/2337/2337 2349/2349/2349 2348/2348/2348
f 2337/2337/2337 2338/2338/2338 2349/2349/2349
f 2338/2338/2338 2350/2350/2350 2349/2349/2349
f 2338/2338/2338 2339/2339/2339 2350/2350/2350
f 2339/2339/2339 2351/2351/2351 2350/2350/2350
f 2339/2339/2339 2340/2340/2340 2351/2351/2351
f 2340/2340/2340 2352/2352/2352 2351/2351/2351
f 2340/2340/2340 2341/2341/2341 2352/2352/2352
f 2341/2341/2341 2353/2353/2353 2352/2352/2352
f 2341/2341/2341 2342/2342/2342 2353/2353/2353
f 2342/2342/2342 2354/2354/2354 2353/2353/2353
f 2342/2342/2342 2343/2343/2343 2354/2354/2354
f 2343/2343/2343 2355/2355/2355 2354/2354/2354
f 2343/2343/2343 2344/2344/2344 2355/2355/2355
f 2344/2344/2344 2356/2356/2356 2355/2355/2355
f 2344/2344/2344 2345/2345/2345 2356/2356/2356
f 2345/2345/2345 2357/2357/2357 2356/2356/2356
f 2345/2345/2345 2346/2346/2346 2357/2357/2357
f 2346/2346/2346 2358/2358/2358 2357/2357/2357
f 2346/2346/2346 2347/2347/2347 2358/2358/2358
f 2348/2348/2348 2360/2360/2360 2359/2359/2359
f 2348/2348/2348 2349/2349/2349 2360/2360/2360
f 2349/2349/2349 2361/2361/2361 2360/2360/2360
f 2349/2349/2349 2350/2350/2350 2361/2361/2361
f 2350/2350/2350 2362/2362/2362 2361/2361/2361
f 2350/2350/2350 2351/2351/2351 2362/2362/2362
f 2351/2351/2351 2363/2363/2363 2362/2362/2362
f 2351/2351/2351 2352/2352/2352 2363/2363/2363
f 2352/2352/2352 2364/2364/2364 2363/2363/2363
f 2352/2352/2352 2353/2353/2353 2364/2364/2364
f 2353/2353/2353 2365/2365/2365 2364/2364/2364
f 2353/2353/2353 2354/2354/2354 2365/2365/2365
f 2354/2354/2354 2366/2366/2366 2365/2365/2365
f 2354/2354/2354 2355/2355/2355 2366/2366/2366
f 2355/2355/2355 2367/2367/2367 2366/2366/2366
f 2355/2355/2355 2356/2356/2356 2367/2367/2367
f 2356/2356/2356 2368/2368/2368 2367/2367/2367
f 2356/2356/2356 2357/2357/2357 2368/2368/2368
f 2357/2357/2357 2369/2369/2369 2368/2368/2368
f 2357/2357/2357 2358/2358/2358 2369/2369/2369
f 2359/2359/2359 2371/2371/2371 2370/2370/2370
f 2359/2359/2359 2360/2360/2360 2371/2371/2371
f 2360/2360/2360 2372/2372/2372 2371/2371/2371
f 2360/2360/2360 2361/2361/2361 2372/2372/2372
f 2361/2361/2361 2373/2373/2373 2372/2372/2372
f 2361/2361/2361 2362/2362/2362 2373/2373/2373
f 2362/2362/2362 2374/2374/2374 2373/2373/2373
f 2362/2362/2362 2363/2363/2363 2374/2374/2374
f 2363/2363/2363 2375/2375/2375 2374/2374/2374
f 2363/2363/2363 2364/2364/2364 2375/2375/2375
f 2364/2364/2364 2376/2376/2376 2375/2375/2375
f 2364/2364/2364 2365/2365/2365 2376/2376/2376
f 2365/2365/2365 2377/2377/2377 2376/2376/2376
f 2365/2365/2365 2366/2366/2366 2377/2377/2377
f 2366/2366/2366 2378/2378/2378 2377/2377/2377
f 2366/2366/2366 2367/2367/2367 2378/2378/2378
f 2367/2367/2367 2379/2379/2379 2378/2378/2378
f 2367/2367/2367 2368/2368/2368 2379/2379/2379
f 2368/2368/2368 2380/2380/2380 2379/2379/2379
f 2368/2368/2368 2369/2369/2369 2380/2380/2380
f 2370/2370/2370 2382/2382/2382 2381/2381/2381
f 2370/2370/2370 2371/2371/2371 2382/2382/2382
f 2371/2371/2371 2383/2383/2383 2382/2382/2382
f 2371/2371/2371 2372/2372/2372 2383/2383/2383
f 2372/2372/2372 2384/2384/2384 2383/2383/2383
f 2372/2372/2372 2373/2373/2373 2384/2384/2384
f 2373/2373/2373 2385/2385/2385 2384/2384/2384
f 2373/2373/2373 2374/2374/2374 2385/2385/2385
f 2374/2374/2374 2386/2386/2386 2385/2385/2385
f 2374/2374/2374 2375/2375/2375 2386/2386/2386
f 2375/2375/2375 2387/2387/2387 2386/2386/2386
f 2375/2375/2375 2376/2376/2376 2387/2387/2387
f 2376/2376/2376 2388/2388/2388 2387/2387/2387
f 2376/2376/2376 2377/2377/2377 2388/2388/2388
f 2377/2377/2377 2389/2389/2389 2388/2388/2388
f 2377/2377/2377 2378/2378/2378 2389/2389/2389
f 2378/2378/2378 2390/2390/2390 2389/2389/2389
f 2378/2378/2378 2379/2379/2379 2390/2390/2390
f 2379/2379/2379 2391/2391/2391 2390/2390/2390
f 2379/2379/2379 2380/2380/2380 2391/2391/2391
f 2381/2381/2381 2393/2393/2393 2392/2392/2392
f 2381/2381/2381 2382/2382/2382 2393/2393/2393
f 2382/2382/2382 2394/2394/2394 2393/2393/2393
f 2382/2382/2382 2383/2383/2383 2394/2394/2394
f 2383/2383/2383 2395/2395/2395 2394/2394/2394
f 2383/2383/2383 2384/2384/2384 2395/2395/2395
f 2384/2384/2384 2396/2396/2396 2395/2395/2395
f 2384/2384/2384 2385/2385/2385 2396/2396/2396
f 2385/2385/2385 2397/2397/2397 2396/2396/2396
f 2385/2385/2385 2386/2386/2386 2397/2397/2397
f 2386/2386/2386 2398/2398/2398 2397/2397/2397
f 2386/2386/2386 2387/2387/2387 2398/2398/2398
f 2387/2387/2387 2399/2399/2399 2398/2398/2398
f 2387/2387/2387 2388/2388/2388 2399/2399/2399
f 2388/2388/2388 2400/2400/2400 2399/2399/2399
f 2388/2388/2388 2389/2389/2389 2400/2400/2400
f 2389/2389/2389 2401/2401/2401 2400/2400/2400
f 2389/2389/2389 2390/2390/2390 2401/2401/2401
f 2390/2390/2390 2402/2402/2402 2401/2401/2401
f 2390/2390/2390 2391/2391/2391 2402/2402/2402
f 2392/2392/2392 2404/2404/2404 2403/2403/2403
f 2392/2392/2392 2393/2393/2393 2404/2404/2404
f 2393/2393/2393 2405/2405/2405 2404/2404/2404
f 2393/2393/2393 2394/2394/2394 2405/2405/2405
f 2394/2394/2394 2406/2406/2406 2405/2405/2405
f 2394/2394/2394 2395/2395/2395 2406/2406/2406
f 2395/2395/2395 2407/2407/2407 2406/2406/2406
f 2395/2395/2395 2396/2396/2396 2407/2407/2407
f 2396/2396/2396 2408/2408/2408 2407/2407/2407
f 2396/2396/2396 2397/2397/2397 2408/2408/2408
f 2397/2397/2397 2409/2409/2409 2408/2408/2408
f 2397/2397/2397 2398/2398/2398 2409/2409/2409
f 2398/2398/2398 2410/2410/2410 2409/2409/2409
f 2398/2398/2398 2399/2399/2399 2410/2410/2410
f 2399/2399/2399 2411/2411/2411 2410/2410/2410
f 2399/2399/2399 2400/2400/2400 2411/2411/2411
f 2400/2400/2400 2412/2412/2412 2411/2411/2411
f 2400/2400/2400 2401/2401/2401 2412/2412/2412
f 2401/2401/2401 2413/2413/2413 2412/2412/2412
f 2401/2401/2401 2402/2402/2402 2413/2413/2413
f 2414/2414/2414 2426/2426/2426 2425/2425/2425
f 2414/2414/2414 2415/2415/2415 2426/2426/2426
f 2415/2415/2415 2427/2427/2427 2426/2426/2426
f 2415/2415/2415 2416/2416/2416 2427/2427/2427
f 2416/2416/2416 2428/2428/2428 2427/2427/2427
f 2416/2416/2416 2417/2417/2417 2428/2428/2428
f 2417/2417/2417 2429/2429/2429 2428/2428/2428
f 2417/2417/2417 2418/2418/2418 2429/2429/2429
f 2418/2418/2418 2430/2430/2430 2429/2429/2429
f 2418/2418/2418 2419/2419/2419 2430/2430/2430
f 2419/2419/2419 2431/2431/2431 2430/2430/2430
f 2419/2419/2419 2420/2420/2420 2431/2431/2431
f 2420/2420/2420 2432/2432/2432 2431/2431/2431
f 2420/2420/2420 2421/2421/2421 2432/2432/2432
f 2421/2421/2421 2433/2433/2433 2432/2432/2432
f 2421/2421/2421 2422/2422/2422 2433/2433/2433
f 2422/2422/2422 2434/2434/2434 2433/2433/2433
f 2422/2422/2422 2423/2423/2423 2434/2434/2434
f 2423/2423/2423 2435/2435/2435 2434/2434/2434
f 2423/2423/2423 2424/2424/2424 2435/2435/2435
f 2425/2425/2425 2437/2437/2437 2436/2436/2436
f 2425/2425/2425 2426/2426/2426 2437/2437/2437
f 2426/2426/2426 2438/2438/2438 2437/2437/2437
f 2426/2426/2426 2427/2427/2427 2438/2438/2438
f 2427/2427/2427 2439/2439/2439 2438/2438/2438
f 2427/2427/2427 2428/2428/2428 2439/2439/2439
f 2428/2428/2428 2440/2440/2440 2439/2439/2439
f 2428/2428/2428 2429/2429/2429 2440/2440/2440
f 2429/2429/2429 2441/2441/2441 2440/2440/2440
f 2429/2429/2429 2430/2430/2430 2441/2441/2441
f 2430/2430/2430 2442/2442/2442 2441/2441/2441
f 2430/2430/2430 2431/2431/2431 2442/2442/2442
f 2431/2431/2431 2443/2443/2443 2442/2442/2442
f 2431/2431/2431 2432/2432/2432 2443/2443/2443
f 2432/2432/2432 2444/2444/2444 2443/2443/2443
f 2432/2432/2432 2433/2433/2433 2444/2444/2444
f 2433/2433/2433 2445/2445/2445 2444/2444/2444
f 2433/2433/2433 2434/2434/2434 2445/2445/2445
f 2434/2434/2434 2446/2446/2446 2445/2445/2445
f 2434/2434/2434 2435/2435/2435 2446/2446/2446
f 2436/2436/2436 2448/2448/2448 2447/2447/2447
f 2436/2436/2436 2437/2437/2437 2448/2448/2448
f 2437/2437/2437 2449/2449/2449 2448/2448/2448
f 2437/2437/2437 2438/2438/2438 2449/2449/2449
f 2438/2438/2438 2450/2450/2450 2449/2449/2449
f 2438/2438/2438 2439/2439/2439 2450/2450/2450
f 2439/2439/2439 2451/2451/2451 2450/2450/2450
f 2439/2439/2439 2440/2440/2440 2451/2451/2451
f 2440/2440/2440 2452/2452/2452 2451/2451/2451
f 2440/2440/2440 2441/2441/2441 2452/2452/2452
f 2441/2441/2441 2453/2453/2453 2452/2452/2452
f 2441/2441/2441 2442/2442/2442 2453/2453/2453
f 2442/2442/2442 2454/2454/2454 2453/2453/2453
f 2442/2442/2442 2443/2443/2443 2454/2454/2454
f 2443/2443/2443 2455/2455/2455 2454/2454/2454
f 2443/2443/2443 2444/2444/2444 2455/2455/2455
f 2444/2444/2444 2456/2456/2456 2455/2455/2455
f 2444/2444/2444 2445/2445/2445 2456/2456/2456
f 2445/2445/2445 2457/2457/2457 2456/2456/2456
f 2445/2445/2445 2446/2446/2446 2457/2457/2457
f 2447/2447/2447 2459/2459/2459 2458/2458/2458
f 2447/2447/2447 2448/2448/2448 2459/2459/2459
f 2448/2448/2448 2460/2460/2460 2459/2459/2459
f 2448/2448/2448 2449/2449/2449 2460/2460/2460
f 2449/2449/2449 2461/2461/2461 2460/2460/2460
f 2449/2449/2449 2450/2450/2450 2461/2461/2461
f 2450/2450/2450 2462/2462/2462 2461/2461/2461
f 2450/2450/2450 2451/2451/2451 2462/2462/2462
f 2451/2451/2451 2463/2463/2463 2462/2462/2462
f 2451/2451/2451 2452/2452/2452 2463/2463/2463
f 2452/2452/2452 2464/2464/2464 2463/2463/2463
f 2452/2452/2452 2453/2453/2453 2464/2464/2464
f 2453/2453/2453 2465/2465/2465 2464/2464/2464
f 2453/2453/2453 2454/2454/2454 2465/2465/2465
f 2454/2454/2454 2466/2466/2466 2465/2465/2465
f 2454/2454/2454 2455/2455/2455 2466/2466/2466
f 2455/2455/2455 2467/2467/2467 2466/2466/2466
f 2455/2455/2455 2456/2456/2456 2467/2467/2467
f 2456/2456/2456 2468/2468/2468 2467/2467/2467
f 2456/2456/2456 2457/2457/2457 2468/2468/2468
f 2458/2458/2458 2470/2470/2470 2469/2469/2469
f 2458/2458/2458 2459/2459/2459 2470/2470/2470
f 2459/2459/2459 2471/2471/2471 2470/2470/2470
f 2459/2459/2459 2460/2460/2460 2471/2471/2471
f 2460/2460/2460 2472/2472/2472 2471/2471/2471
f 2460/2460/2460 2461/2461/2461 2472/2472/2472
f 2461/2461/2461 2473/2473/2473 2472/2472/2472
f 2461/2461/2461 2462/2462/2462 2473/2473/2473
f 2462/2462/2462 2474/2474/2474 2473/2473/2473
f 2462/2462/2462 2463/2463/2463 2474/2474/2474
f 2463/2463/2463 2475/2475/2475 2474/2474/2474
f 2463/2463/2463 2464/2464/2464 2475/2475/2475
f 2464/2464/2464 2476/2476/2476 2475/2475/2475
f 2464/2464/2464 2465/2465/2465 2476/2476/2476
f 2465/2465/2465 2477/2477/2477 2476/2476/2476
f 2465/2465/2465 2466/2466/2466 2477/2477/2477
f 2466/2466/2466 2478/2478/2478 2477/2477/2477
f 2466/2466/2466 2467/2467/2467 2478/2478/2478
f 2467/2467/2467 2479/2479/2479 2478/2478/2478
f 2467/2467/2467 2468/2468/2468 2479/2479/2479
f 2469/2469/2469 2481/2481/2481 2480/2480/2480
f 2469/2469/2469 2470/2470/2470 2481/2481/2481
f 2470/2470/2470 2482/2482/2482 2481/2481/2481
f 2470/2470/2470 2471/2471/2471 2482/2482/2482
f 2471/2471/2471 2483/2483/2483 2482/2482/2482
f 2471/2471/2471 2472/2472/2472 2483/2483/2483
f 2472/2472/2472 2484/2484/2484 2483/2483/2483
f 2472/2472/2472 2473/2473/2473 2484/2484/2484
f 2473/2473/2473 2485/2485/2485 2484/2484/2484
f 2473/2473/2473 2474/2474/2474 2485/2485/2485
f 2474/2474/2474 2486/2486/2486 2485/2485/2485
f 2474/2474/2474 2475/2475/2475 2486/2486/2486
f 2475/2475/2475 2487/2487/2487 2486/2486/2486
f 2475/2475/2475 2476/2476/2476 2487/2487/2487
f 2476/2476/2476 2488/2488/2488 2487/2487/2487
f 2476/2476/2476 2477/2477/2477 2488/2488/2488
f 2477/2477/2477 2489/2489/2489 2488/2488/2488
f 2477/2477/2477 2478/2478/2478 2489/2489/2489
f 2478/2478/2478 2490/2490/2490 2489/2489/2489
f 2478/2478/2478 2479/2479/2479 2490/2490/2490
f 2480/2480/2480 2492/2492/2492 2491/2491/2491
f 2480/2480/2480 2481/2481/2481 2492/2492/2492
f 2481/2481/2481 2493/2493/2493 2492/2492/2492
f 2481/2481/2481 2482/2482/2482 2493/2493/2493
f 2482/2482/2482 2494/2494/2494 2493/2493/2493
f 2482/2482/2482 2483/2483/2483 2494/2494/2494
f 2483/2483/2483 2495/2495/2495 2494/2494/2494
f 2483/2483/2483 2484/2484/2484 2495/2495/2495
f 2484/2484/2484 2496/2496/2496 2495/2495/2495
f 2484/2484/2484 2485/2485/2485 2496/2496/2496
f 2485/2485/2485 2497/2497/2497 2496/2496/2496
f 2485/2485/2485 2486/2486/2486 2497/2497/2497
f 2486/2486/2486 2498/2498/2498 2497/2497/2497
f 2486/2486/2486 2487/2487/2487 2498/2498/2498
f 2487/2487/2487 2499/2499/2499 2498/2498/2498
f 2487/2487/2487 2488/2488/2488 2499/2499/2499
f 2488/2488/2488 2500/2500/2500 2499/2499/2499
f 2488/2488/2488 2489/2489/2489 2500/2500/2500
f 2489/2489/2489 2501/2501/2501 2500/2500/2500
f 2489/2489/2489 2490/2490/2490 2501/2501/2501
f 2491/2491/2491 2503/2503/2503 2502/2502/2502
f 2491/2491/2491 2492/2492/2492 2503/2503/2503
f 2492/2492/2492 2504/2504/2504 2503/2503/2503
f 2492/2492/2492 2493/2493/2493 2504/2504/2504
f 2493/2493/2493 2505/2505/2505 2504/2504/2504
f 2493/2493/2493 2494/2494/2494 2505/2505/2505
f 2494/2494/2494 2506/2506/2506 2505/2505/2505
f 2494/2494/2494 2495/2495/2495 2506/2506/2506
f 2495/2495/2495 2507/2507/2507 2506/2506/2506
f 2495/2495/2495 2496/2496/2496 2507/2507/2507
f 2496/2496/2496 2508/2508/2508 2507/2507/2507
f 2496/2496/2496 2497/2497/2497 2508/2508/2508
f 2497/2497/2497 2509/2509/2509 2508/2508/2508
f 2497/2497/2497 2498/2498/2498 2509/2509/2509
f 2498/2498/2498 2510/2510/2510 2509/2509/2509
f 2498/2498/2498 2499/2499/2499 2510/2510/2510
f 2499/2499/2499 2511/2511/2511 2510/2510/2510
f 2499/2499/2499 2500/2500/2500 2511/2511/2511
f 2500/2500/2500 2512/2512/2512 2511/2511/2511
f 2500/2500/2500 2501/2501/2501 2512/2512/2512
f 2513/2513/2513 2525/2525/2525 2524/2524/2524
f 2513/2513/2513 2514/2514/2514 2525/2525/2525
f 2514/2514/2514 2526/2526/2526 2525/2525/2525
f 2514/2514/2514 2515/2515/2515 2526/2526/2526
f 2515/2515/2515 2527/2527/2527 2526/2526/2526
f 2515/2515/2515 2516/2516/2516 2527/2527/2527
f 2516/2516/2516 2528/2528/2528 2527/2527/2527
f 2516/2516/2516 2517/2517/2517 2528/2528/2528
f 2517/2517/2517 2529/2529/2529 2528/2528/2528
f 2517/2517/2517 2518/2518/2518 2529/2529/2529
f 2518/2518/2518 2530/2530/2530 2529/2529/2529
f 2518/2518/2518 2519/2519/2519 2530/2530/2530
f 2519/2519/2519 2531/2531/2531 2530/2530/2530
f 2519/2519/2519 2520/2520/2520 2531/2531/2531
f 2520/2520/2520 2532/2532/2532 2531/2531/2531
f 2520/2520/2520 2521/2521/2521 2532/2532/2532
f 2521/2521/2521 2533/2533/2533 2532/2532/2532
f 2521/2521/2521 2522/2522/2522 2533/2533/2533
f 2522/2522/2522 2534/2534/2534 2533/2533/2533
f 2522/2522/2522 2523/2523/2523 2534/2534/2534
f 2524/2524/2524 2536/2536/2536 2535/2535/2535
f 2524/2524/2524 2525/2525/2525 2536/2536/2536
f 2525/2525/2525 2537/2537/2537 2536/2536/2536
f 2525/2525/2525 2526/2526/2526 2537/2537/2537
f 2526/2526/2526 2538/2538/2538 2537/2537/2537
f 2526/2526/2526 2527/2527/2527 2538/2538/2538
f 2527/2527/2527 2539/2539/2539 2538/2538/2538
f 2527/2527/2527 2528/2528/2528 2539/2539/2539
f 2528/2528/2528 2540/2540/2540 2539/2539/2539
f 2528/2528/2528 2529/2529/2529 2540/2540/2540
f 2529/2529/2529 2541/2541/2541 2540/2540/2540
f 2529/2529/2529 2530/2530/2530 2541/2541/2541
f 2530/2530/2530 2542/2542/2542 2541/2541/2541
f 2530/2530/2530 2531/2531/2531 2542/2542/2542
f 2531/2531/2531 2543/2543/2543 2542/2542/2542
f 2531/2531/2531 2532/2532/2532 2543/2543/2543
f 2532/2532/2532 2544/2544/2544 2543/2543/2543
f 2532/2532/2532 2533/2533/2533 2544/2544/2544
f 2533/2533/2533 2545/2545/2545 2544/2544/2544
f 2533/2533/2533 2534/2534/2534 2545/2545/2545
f 2535/2535/2535 2547/2547/2547 2546/2546/2546
f 2535/2535/2535 2536/2536/2536 2547/2547/2547
f 2536/2536/2536 2548/2548/2548 2547/2547/2547
f 2536/2536/2536 2537/2537/2537 2548/2548/2548
f 2537/2537/2537 2549/2549/2549 2548/2548/2548
f 2537/2537/2537 2538/2538/2538 2549/2549/2549
f 2538/2538/2538 2550/2550/2550 2549/2549/2549
f 2538/2538/2538 2539/2539/2539 2550/2550/2550
f 2539/2539/2539 2551/2551/2551 2550/2550/2550
f 2539/2539/2539 2540/2540/2540 2551/2551/2551
f 2540/2540/2540 2552/2552/2552 2551/2551/2551
f 2540/2540/2540 2541/2541/2541 2552/2552/2552
f 2541/2541/2541 2553/2553/2553 2552/2552/2552
f 2541/2541/2541 2542/2542/2542 2553/2553/2553
f 2542/2542/2542 2554/2554/2554 2553/2553/2553
f 2542/2542/2542 2543/2543/2543 2554/2554/2554
f 2543/2543/2543 2555/2555/2555 2554/2554/2554
f 2543/2543/2543 2544/2544/2544 2555/2555/2555
f 2544/2544/2544 2556/2556/2556 2555/2555/2555
f 2544/2544/2544 2545/2545/2545 2556/2556/2556
f 2546/2546/2546 2558/2558/2558 2557/2557/2557
f 2546/2546/2546 2547/2547/2547 2558/2558/2558
f 2547/2547/2547 2559/2559/2559 2558/2558/2558
f 2547/2547/2547 2548/2548/2548 2559/2559/2559
f 2548/2548/2548 2560/2560/2560 2559/2559/2559
f 2548/2548/2548 2549/2549/2549 2560/2560/2560
f 2549/2549/2549 2561/2561/2561 2560/2560/2560
f 2549/2549/2549 2550/2550/2550 2561/2561/2561
f 2550/2550/2550 2562/2562/2562 2561/2561/2561
f 2550/2550/2550 2551/2551/2551 2562/2562/2562
f 2551/2551/2551 2563/2563/2563 2562/2562/2562
f 2551/2551/2551 2552/2552/2552 2563/2563/2563
f 2552/2552/2552 2564/2564/2564 2563/2563/2563
f 2552/2552/2552 2553/2553/2553 2564/2564/2564
f 2553/2553/2553 2565/2565/2565 2564/2564/2564
f 2553/2553/2553 2554/2554/2554 2565/2565/2565
f 2554/2554/2554 2566/2566/2566 2565/2565/2565
f 2554/2554/2554 2555/2555/2555 2566/2566/2566
f 2555/2555/2555 2567/2567/2567 2566/2566/2566
f 2555/2555/2555 2556/2556/2556 2567/2567/2567
f 2557/2557/2557 2569/2569/2569 2568/2568/2568
f 2557/2557/2557 2558/2558/2558 2569/2569/2569
f 2558/2558/2558 2570/2570/2570 2569/2569/2569
f 2558/2558/2558 2559/2559/2559 2570/2570/2570
f 2559/2559/2559 2571/2571/2571 2570/2570/2570
f 2559/2559/2559 2560/2560/2560 2571/2571/2571
f 2560/2560/2560 2572/2572/2572 2571/2571/2571
f 2560/2560/2560 2561/2561/2561 2572/2572/2572
f 2561/2561/2561 2573/2573/2573 2572/2572/2572
f 2561/2561/2561 2562/2562/2562 2573/2573/2573
f 2562/2562/2562 2574/2574/2574 2573/2573/2573
f 2562/2562/2562 2563/2563/2563 2574/2574/2574
f 2563/2563/2563 2575/2575/2575 2574/2574/2574
f 2563/2563/2563 2564/2564/2564 2575/2575/2575
f 2564/2564/2564 2576/2576/2576 2575/2575/2575
f 2564/2564/2564 2565/2565/2565 2576/2576/2576
f 2565/2565/2565 2577/2577/2577 2576/2576/2576
f 2565/2565/2565 2566/2566/2566 2577/2577/2577
f 2566/2566/2566 2578/2578/2578 2577/2577/2577
f 2566/2566/2566 2567/2567/2567 2578/2578/2578
f 2568/2568/2568 2580/2580/2580 2579/2579/2579
f 2568/2568/2568 2569/2569/2569 2580/2580/2580
f 2569/2569/2569 2581/2581/2581 2580/2580/2580
f 2569/2569/2569 2570/2570/2570 2581/2581/2581
f 2570/2570/2570 2582/2582/2582 2581/2581/2581
f 2570/2570/2570 2571/2571/2571 2582/2582/2582
f 2571/2571/2571 2583/2583/2583 2582/2582/2582
f 2571/2571/2571 2572/2572/2572 2583/2583/2583
f 2572/2572/2572 2584/2584/2584 2583/2583/2583
f 2572/2572/2572 2573/2573/2573 2584/2584/2584
f 2573/2573/2573 2585/2585/2585 2584/2584/2584
f 2573/2573/2573 2574/2574/2574 2585/2585/2585
f 2574/2574/2574 2586/2586/2586 2585/2585/2585
f 2574/2574/2574 2575/2575/2575 2586/2586/2586
f 2575/2575/2575 2587/2587/2587 2586/2586/2586
f 2575/2575/2575 2576/2576/2576 2587/2587/2587
f 2576/2576/2576 2588/2588/2588 2587/2587/2587
f 2576/2576/2576 2577/2577/2577 2588/2588/2588
f 2577/2577/2577 2589/2589/2589 2588/2588/2588
f 2577/2577/2577 2578/2578/2578 2589/2589/2589
f 2579/2579/2579 2591/2591/2591 2590/2590/2590
f 2579/2579/2579 2580/2580/2580 2591/2591/2591
f 2580/2580/2580 2592/2592/2592 2591/2591/2591
f 2580/2580/2580 2581/2581/2581 2592/2592/2592
f 2581/2581/2581 2593/2593/2593 2592/2592/2592
f 2581/2581/2581 2582/2582/2582 2593/2593/2593
f 2582/2582/2582 2594/2594/2594 2593/2593/2593
f 2582/2582/2582 2583/2583/2583 2594/2594/2594
f 2583/2583/2583 2595/2595/2595 2594/2594/2594
f 2583/2583/2583 2584/2584/2584 2595/2595/2595
f 2584/2584/2584 2596/2596/2596 2595/2595/2595
f 2584/2584/2584 2585/2585/2585 2596/2596/2596
f 2585/2585/2585 2597/2597/2597 2596/2596/2596
f 2585/2585/2585 2586/2586/2586 2597/2597/2597
f 2586/2586/2586 2598/2598/2598 2597/2597/2597
f 2586/2586/2586 2587/2587/2587 2598/2598/2598
f 2587/2587/2587 2599/2599/2599 2598/2598/2598
f 2587/2587/2587 2588/2588/2588 2599/2599/2599
f 2588/2588/2588 2600/2600/2600 2599/2599/2599
f 2588/2588/2588 2589/2589/2589 2600/2600/2600
f 2590/2590/2590 2602/2602/2602 2601/2601/2601
f 2590/2590/2590 2591/2591/2591 2602/2602/2602
f 2591/2591/2591 2603/2603/2603 2602/2602/2602
f 2591/2591/2591 2592/2592/2592 2603/2603/2603
f 2592/2592/2592 2604/2604/2604 2603/2603/2603
f 2592/2592/2592 2593/2593/2593 2604/2604/2604
f 2593/2593/2593 2605/2605/2605 2604/2604/2604
f 2593/2593/2593 2594/2594/2594 2605/2605/2605
f 2594/2594/2594 2606/2606/2606 2605/2605/2605
f 2594/2594/2594 2595/2595/2595 2606/2606/2606
f 2595/2595/2595 2607/2607/2607 2606/2606/2606
f 2595/2595/2595 2596/2596/2596 2607/2607/2607
f 2596/2596/2596 2608/2608/2608 2607/2607/2607
f 2596/2596/2596 2597/2597/2597 2608/2608/2608
f 2597/2597/2597 2609/2609/2609 2608/2608/2608
f 2597/2597/2597 2598/2598/2598 2609/2609/2609
f 2598/2598/2598 2610/2610/2610 2609/2609/2609
f 2598/2598/2598 2599/2599/2599 2610/2610/2610
f 2599/2599/2599 2611/2611/2611 2610/2610/2610
f 2599/2599/2599 2600/2600/2600 2611/2611/2611
f 2612/2612/2612 2624/2624/2624 2623/2623/2623
f 2612/2612/2612 2613/2613/2613 2624/2624/2624
f 2613/2613/2613 2625/2625/2625 2624/2624/2624
f 2613/2613/2613 2614/2614/2614 2625/2625/2625
f 2614/2614/2614 2626/2626/2626 2625/2625/2625
f 2614/2614/2614 2615/2615/2615 2626/2626/2626
f 2615/2615/2615 2627/2627/2627 2626/2626/2626
f 2615/2615/2615 2616/2616/2616 2627/2627/2627
f 2616/2616/2616 2628/2628/2628 2627/2627/2627
f 2616/2616/2616 2617/2617/2617 2628/2628/2628
f 2617/2617/2617 2629/2629/2629 2628/2628/2628
f 2617/2617/2617 2618/2618/2618 2629/2629/2629
f 2618/2618/2618 2630/2630/2630 2629/2629/2629
f 2618/2618/2618 2619/2619/2619 2630/2630/2630
f 2619/2619/2619 2631/2631/2631 2630/2630/2630
f 2619/2619/2619 2620/2620/2620 2631/2631/2631
f 2620/2620/2620 2632/2632/2632 2631/2631/2631
f 2620/2620/2620 2621/2621/2621 2632/2632/2632
f 2621/2621/2621 2633/2633/2633 2632/2632/2632
f 2621/2621/2621 2622/2622/2622 2633/2633/2633
f 2623/2623/2623 2635/2635/2635 2634/2634/2634
f 2623/2623/2623 2624/2624/2624 2635/2635/2635
f 2624/2624/2624 2636/2636/2636 2635/2635/2635
f 2624/2624/2624 2625/2625/2625 2636/2636/2636
f 2625/2625/2625 2637/2637/2637 2636/2636/2636
f 2625/2625/2625 2626/2626/2626 2637/2637/2637
f 2626/2626/2626 2638/2638/2638 2637/2637/2637
f 2626/2626/2626 2627/2627/2627 2638/2638/2638
f 2627/2627/2627 2639/2639/2639 2638/2638/2638
f 2627/2627/2627 2628/2628/2628 2639/2639/2639
f 2628/2628/2628 2640/2640/2640 2639/2639/2639
f 2628/2628/2628 2629/2629/2629 2640/2640/2640
f 2629/2629/2629 2641/2641/2641 2640/2640/2640
f 2629/2629/2629 2630/2630/2630 2641/2641/2641
f 2630/2630/2630 2642/2642/2642 2641/2641/2641
f 2630/2630/2630 2631/2631/2631 2642/2642/2642
f 2631/2631/2631 2643/2643/2643 2642/2642/2642
f 2631/2631/2631 2632/2632/2632 2643/2643/2643
f 2632/2632/2632 2644/2644/2644 2643/2643/2643
f 2632/2632/2632 2633/2633/2633 2644/2644/2644
f 2634/2634/2634 2646/2646/2646 2645/2645/2645
f 2634/2634/2634 2635/2635/2635 2646/2646/2646
f 2635/2635/2635 2647/2647/2647 2646/2646/2646
f 2635/2635/2635 2636/2636/2636 2647/2647/2647
f 2636/2636/2636 2648/2648/2648 2647/2647/2647
f 2636/2636/2636 2637/2637/2637 2648/2648/2648
f 2637/2637/2637 2649/2649/2649 2648/2648/2648
f 2637/2637/2637 2638/2638/2638 2649/2649/2649
f 2638/2638/2638 2650/2650/2650 2649/2649/2649
f 2638/2638/2638 2639/2639/2639 2650/2650/2650
f 2639/2639/2639 2651/2651/2651 2650/2650/2650
f 2639/2639/2639 2640/2640/2640 2651/2651/2651
f 2640/2640/2640 2652/2652/2652 2651/2651/2651
f 2640/2640/2640 2641/2641/2641 2652/2652/2652
f 2641/2641/2641 2653/2653/2653 2652/2652/2652
f 2641/2641/2641 2642/2642/2642 2653/2653/2653
f 2642/2642/2642 2654/2654/2654 2653/2653/2653
f 2642/2642/2642 2643/2643/2643 2654/2654/2654
f 2643/2643/2643 2655/2655/2655 2654/2654/2654
f 2643/2643/2643 2644/2644/2644 2655/2655/2655
f 2645/2645/2645 2657/2657/2657 2656/2656/2656
f 2645/2645/2645 2646/2646/2646 2657/2657/2657
f 2646/2646/2646 2658/2658/2658 2657/2657/2657
f 2646/2646/2646 2647/2647/2647 2658/2658/2658
f 2647/2647/2647 2659/2659/2659 2658/2658/2658
f 2647/2647/2647 2648/2648/2648 2659/2659/2659
f 2648/2648/2648 2660/2660/2660 2659/2659/2659
f 2648/2648/2648 2649/2649/2649 2660/2660/2660
f 2649/2649/2649 2661/2661/2661 2660/2660/2660
f 2649/2649/2649 2650/2650/2650 2661/2661/2661
f 2650/2650/2650 2662/2662/2662 2661/2661/2661
f 2650/2650/2650 2651/2651/2651 2662/2662/2662
f 2651/2651/2651 2663/2663/2663 2662/2662/2662
f 2651/2651/2651 2652/2652/2652 2663/2663/2663
f 2652/2652/2652 2664/2664/2664 2663/2663/2663
f 2652/2652/2652 2653/2653/2653 2664/2664/2664
f 2653/2653/2653 2665/2665/2665 2664/2664/2664
f 2653/2653/2653 2654/2654/2654 2665/2665/2665
f 2654/2654/2654 2666/2666/2666 2665/2665/2665
f 2654/2654/2654 2655/2655/2655 2666/2666/2666
f 2656/2656/2656 2668/2668/2668 2667/2667/2667
f 2656/2656/2656 2657/2657/2657 2668/2668/2668
f 2657/2657/2657 2669/2669/2669 2668/2668/2668
f 2657/2657/2657 2658/2658/2658 2669/2669/2669
f 2658/2658/2658 2670/2670/2670 2669/2669/2669
f 2658/2658/2658 2659/2659/2659 2670/2670/2670
f 2659/2659/2659 2671/2671/2671 2670/2670/2670
f 2659/2659/2659 2660/2660/2660 2671/2671/2671
f 2660/2660/2660 2672/2672/2672 2671/2671/2671
f 2660/2660/2660 2661/2661/2661 2672/2672/2672
f 2661/2661/2661 2673/2673/2673 2672/2672/2672
f 2661/2661/2661 2662/2662/2662 2673/2673/2673
f 2662/2662/2662 2674/2674/2674 2673/2673/2673
f 2662/2662/2662 2663/2663/2663 2674/2674/2674
f 2663/2663/2663 2675/2675/2675 2674/2674/2674
f 2663/2663/2663 2664/2664/2664 2675/2675/2675
f 2664/2664/2664 2676/2676/2676 2675/2675/2675
f 2664/2664/2664 2665/2665/2665 2676/2676/2676
f 2665/2665/2665 2677/2677/2677 2676/2676/2676
f 2665/2665/2665 2666/2666/2666 2677/2677/2677
f 2667/2667/2667 2679/2679/2679 2678/2678/2678
f 2667/2667/2667 2668/2668/2668 2679/2679/2679
f 2668/2668/2668 2680/2680/2680 2679/2679/2679
f 2668/2668/2668 2669/2669/2669 2680/2680/2680
f 2669/2669/2669 2681/2681/2681 2680/2680/2680
f 2669/2669/2669 2670/2670/2670 2681/2681/2681
f 2670/2670/2670 2682/2682/2682 2681/2681/2681
f 2670/2670/2670 2671/2671/2671 2682/2682/2682
f 2671/2671/2671 2683/2683/2683 2682/2682/2682
f 2671/2671/2671 2672/2672/2672 2683/2683/2683
f 2672/2672/2672 2684/2684/2684 2683/2683/2683
f 2672/2672/2672 2673/2673/2673 2684/2684/2684
f 2673/2673/2673 2685/2685/2685 2684/2684/2684
f 2673/2673/2673 2674/2674/2674 2685/2685/2685
f 2674/2674/2674 2686/2686/2686 2685/2685/2685
f 2674/2674/2674 2675/2675/2675 2686/2686/2686
f 2675/2675/2675 2687/2687/2687 2686/2686/2686
f 2675/2675/2675 2676/2676/2676 2687/2687/2687
f 2676/2676/2676 2688/2688/2688 2687/2687/2687
f 2676/2676/2676 2677/2677/2677 2688/2688/2688
f 2678/2678/2678 2690/2690/2690 2689/2689/2689
f 2678/2678/2678 2679/2679/2679 2690/2690/2690
f 2679/2679/2679 2691/2691/2691 2690/2690/2690
f 2679/2679/2679 2680/2680/2680 2691/2691/2691
f 2680/2680/2680 2692/2692/2692 2691/2691/2691
f 2680/2680/2680 2681/2681/2681 2692/2692/2692
f 2681/2681/2681 2693/2693/2693 2692/2692/2692
f 2681/2681/2681 2682/2682/2682 2693/2693/2693
f 2682/2682/2682 2694/2694/2694 2693/2693/2693
f 2682/2682/2682 2683/2683/2683 2694/2694/2694
f 2683/2683/2683 2695/2695/2695 2694/2694/2694
f 2683/2683/2683 2684/2684/2684 2695/2695/2695
f 2684/2684/2684 2696/2696/2696 2695/2695/2695
f 2684/2684/2684 2685/2685/2685 2696/2696/2696
f 2685/2685/2685 2697/2697/2697 2696/2696/2696
f 2685/2685/2685 2686/2686/2686 2697/2697/2697
f 2686/2686/2686 2698/2698/2698 2697/2697/2697
f 2686/2686/2686 2687/2687/2687 2698/2698/2698
f 2687/2687/2687 2699/2699/2699 2698/2698/2698
f 2687/2687/2687 2688/2688/2688 2699/2699/2699
f 2689/2689/2689 2701/2701/2701 2700/2700/2700
f 2689/2689/2689 2690/2690/2690 2701/2701/2701
f 2690/2690/2690 2702/2702/2702 2701/2701/2701
f 2690/2690/2690 2691/2691/2691 2702/2702/2702
f 2691/2691/2691 2703/2703/2703 2702/2702/2702
f 2691/2691/2691 2692/2692/2692 2703/2703/2703
f 2692/2692/2692 2704/2704/2704 2703/2703/2703
f 2692/2692/2692 2693/2693/2693 2704/2704/2704
f 2693/2693/2693 2705/2705/2705 2704/2704/2704
f 2693/2693/2693 2694/2694/2694 2705/2705/2705
f 2694/2694/2694 2706/2706/2706 2705/2705/2705
f 2694/2694/2694 2695/2695/2695 2706/2706/2706
f 2695/2695/2695 2707/2707/2707 2706/2706/2706
f 2695/2695/2695 2696/2696/2696 2707/2707/2707
f 2696/2696/2696 2708/2708/2708 2707/2707/2707
f 2696/2696/2696 2697/2697/2697 2708/2708/2708
f 2697/2697/2697 2709/2709/2709 2708/2708/2708
f 2697/2697/2697 2698/2698/2698 2709/2709/2709
f 2698/2698/2698 2710/2710/2710 2709/2709/2709
f 2698/2698/2698 2699/2699/2699 2710/2710/2710